PathFileType	4	(X/Y/Z)	..\data\2015007\dynamic\2015007_C4_04.trc
DataRate	CameraRate	NumFrames	NumMarkers	Units	OrigDataRate	OrigDataStartFrame	OrigNumFrames
100.000000	100.000000	162	52	mm	100.000000	0	162
Frame#	Time	L_IAS			L_IPS			R_IPS			R_IAS			L_FTC			L_FLE			L_FME			L_FAX			L_TTC			L_FAL			L_TAM			L_FCC			L_FM1			L_FM2			L_FM5			R_FTC			R_FLE			R_FME			R_FAX			R_TTC			R_FAL			R_TAM			R_FCC			R_FM1			R_FM2			R_FM5			CV7			TV10			SXS			SJN			L_SIA			L_SRS			L_SAA			L_SAE			L_HLE			L_HME			L_UOA			L_RSP			L_UHE			L_HM2			L_HM5			R_SIA			R_SRS			R_SAA			R_SAE			R_HLE			R_HME			R_UOA			R_RSP			R_UHE			R_HM2			R_HM5			
		X1	Y1	Z1	X2	Y2	Z2	X3	Y3	Z3	X4	Y4	Z4	X5	Y5	Z5	X6	Y6	Z6	X7	Y7	Z7	X8	Y8	Z8	X9	Y9	Z9	X10	Y10	Z10	X11	Y11	Z11	X12	Y12	Z12	X13	Y13	Z13	X14	Y14	Z14	X15	Y15	Z15	X16	Y16	Z16	X17	Y17	Z17	X18	Y18	Z18	X19	Y19	Z19	X20	Y20	Z20	X21	Y21	Z21	X22	Y22	Z22	X23	Y23	Z23	X24	Y24	Z24	X25	Y25	Z25	X26	Y26	Z26	X27	Y27	Z27	X28	Y28	Z28	X29	Y29	Z29	X30	Y30	Z30	X31	Y31	Z31	X32	Y32	Z32	X33	Y33	Z33	X34	Y34	Z34	X35	Y35	Z35	X36	Y36	Z36	X37	Y37	Z37	X38	Y38	Z38	X39	Y39	Z39	X40	Y40	Z40	X41	Y41	Z41	X42	Y42	Z42	X43	Y43	Z43	X44	Y44	Z44	X45	Y45	Z45	X46	Y46	Z46	X47	Y47	Z47	X48	Y48	Z48	X49	Y49	Z49	X50	Y50	Z50	X51	Y51	Z51	X52	Y52	Z52	

1	0	-92.28806304931642	892.8635864257815	-386.5736694335939	-305.0119018554688	906.3406982421877	-295.9188232421876	-294.1684265136719	905.7463378906252	-194.1198272705079	-73.5430374145508	896.4870605468752	-135.4842224121094	-194.3315887451172	796.0432128906252	-438.2500305175782	-248.5639953613282	428.109832763672	-370.4045104980469	-256.5774841308594	418.4057006835939	-247.8201751708985	-278.3088073730469	375.6818847656251	-376.5815124511719	-233.2671661376954	354.6804809570313	-321.9581298828126	-391.1579589843751	72.30774688720705	-327.9803161621094	-374.4053344726563	74.97991943359376	-246.1085357666016	-445.6348571777345	31.50332832336426	-279.5879821777344	-269.3868408203126	17.8736572265625	-270.1798400878907	-266.3744506835938	28.8784294128418	-321.4683227539063	-323.7406005859376	15.13830280303955	-360.0211486816407	-156.3219604492188	793.729919433594	-67.17299652099611	-12.67489814758301	446.1763000488282	-109.8587188720703	-18.50149917602539	419.648406982422	-238.0732421875001	-6.839958667755129	394.2830505371095	-101.6355819702149	47.30282592773438	401.286590576172	-147.2821502685547	96.6856384277344	77.98713684082033	-115.9691543579102	126.3008804321289	102.6662673950196	-191.4609527587891	84.37937164306642	17.29035758972168	-174.0534210205078	246.0296325683594	84.14154052734376	-167.0805206298828	234.6499633789063	86.32851409912111	-126.8936767578125	195.1232147216797	46.62097167968751	-81.95002746582033	-187.398910522461	1397.5400390625	-237.1568298339844	-293.1316833496094	1163.272338867188	-263.1952209472657	-28.72172164916993	1059.060302734375	-261.5604553222657	-75.57115936279298	1311.881469726563	-247.2151794433594	-289.6170349121094	1214.12158203125	-345.7522277832032	-245.3965759277344	1341.114135742188	-347.8068542480469	-198.8359985351563	1347.469116210938	-408.9966430664064	-148.4767456054688	1353.6318359375	-419.3753967285157	-137.946517944336	1046.677490234375	-513.3977661132814	-167.2935943603516	1027.29833984375	-442.9092712402345	-160.7371673583985	1012.306884765625	-490.7434082031251	25.33617401123048	867.9916992187502	-483.5491638183595	-33.37029266357423	841.339050292969	-530.1771850585939	69.84937286376955	818.350769042969	-491.9803466796876	-11.17833614349365	784.5285644531252	-533.1424560546876	-296.0763549804688	1200.767333984375	-180.2822265625	-249.5165557861329	1322.315307617188	-166.9488372802735	-198.2854156494141	1319.128662109375	-93.58880615234376	-151.3498992919922	1321.53857421875	-74.3016815185547	-203.0305938720704	1009.370483398438	-11.09916687011719	-232.4949340820313	998.8506469726565	-77.06735992431642	-228.6912841796876	980.187927246094	-31.10455131530762	-130.1268463134766	787.039245605469	-10.23104476928711	-180.5447845458985	791.717224121094	26.68934059143067	-108.3439483642578	710.1232910156251	2.529002666473389	-181.9879302978516	724.3287353515626	40.43971252441407	
2	0.01	-80.83924865722658	891.6885375976565	-385.636444091797	-293.3901672363282	905.1220703125002	-294.4612121582032	-282.4804077148438	904.304138183594	-192.7992248535157	-61.95909118652345	894.932312011719	-134.1939697265625	-183.4246063232422	795.1795043945315	-437.0999755859376	-240.2674713134766	427.4828491210939	-369.7971801757813	-248.1892700195313	417.9011840820314	-247.2231597900391	-270.8793334960938	375.4766845703126	-375.9338684082032	-226.301498413086	353.5505981445313	-321.2807006835938	-390.014617919922	74.25514984130861	-328.4332580566407	-373.4695129394532	76.7612991333008	-246.5404052734376	-445.5472412109376	34.44195175170899	-280.1956787109376	-269.1111450195313	18.05345535278321	-270.3775329589844	-266.1705017089844	28.90379714965821	-321.6637573242188	-323.5610351562501	15.16721153259278	-360.0857238769532	-144.6849670410157	792.0546875000002	-66.17755126953126	-0.3268935382366181	445.1408996582032	-109.6589584350586	-5.596031665802003	419.0564575195314	-237.9910430908204	5.735284805297852	393.2351989746095	-101.6670684814453	59.68936920166017	400.3894653320314	-147.4579315185547	108.6856842041016	77.33139038085939	-116.7115325927735	137.9287567138672	101.9010772705078	-192.4020233154297	95.69754028320314	16.94125938415528	-174.572006225586	257.7787780761719	82.93155670166017	-168.8584289550782	246.644027709961	85.1360549926758	-128.5730438232422	207.2291717529297	45.62897491455079	-83.47635650634767	-176.1350860595703	1396.140625	-235.9969329833985	-281.6810302734376	1161.734130859375	-262.0057067871094	-17.7275619506836	1057.679443359375	-260.0191955566407	-64.24278259277345	1310.552368164063	-245.8230895996094	-278.0012207031251	1212.501708984375	-344.4948120117188	-233.9228820800782	1339.560302734375	-346.6708984375001	-187.2995147705078	1345.790649414063	-407.8225402832032	-136.93603515625	1351.97119140625	-418.1687011718751	-125.0286941528321	1045.185791015625	-512.2675781250001	-154.5370483398438	1025.531860351563	-441.9233398437501	-147.5718231201172	1010.517333984375	-489.6767578125001	40.14338684082032	868.4219970703127	-481.3121337890626	-18.02299690246582	840.9088134765627	-528.1036987304689	85.23585510253908	819.242126464844	-489.2787475585939	4.896274089813233	784.3739013671877	-530.8014526367189	-284.8298645019532	1199.361083984375	-179.1228485107422	-238.1995544433594	1320.857543945313	-165.777587890625	-187.1837158203125	1317.777709960938	-92.37683868408205	-140.2916564941407	1320.200805664063	-73.00167846679689	-192.6079711914063	1008.195495605469	-9.900967597961428	-221.9798126220704	997.5330200195315	-75.86019134521486	-218.3132019042969	979.1902465820315	-29.98593902587891	-121.6406860351563	785.128112792969	-8.524742126464846	-171.8269805908203	790.440612792969	28.44410705566407	-100.4374923706055	708.2868041992189	4.599362373352052	-174.0070190429688	723.1618041992189	42.31926727294923	
3	0.02	-69.19343566894533	890.565124511719	-384.6168212890626	-281.5709838867188	904.0889282226565	-292.9431152343751	-270.5762634277344	903.136657714844	-191.3548583984375	-50.16649246215822	893.5855102539065	-132.8694915771485	-172.2055206298828	794.3113403320315	-435.8441772460939	-231.2741394042969	426.8306579589845	-369.1570129394532	-239.227523803711	417.3587646484376	-246.6246337890626	-262.8092651367188	375.2836303710938	-375.2708435058594	-218.7300567626954	352.3735351562501	-320.5810241699219	-388.6640930175782	76.59387969970705	-329.0736389160157	-372.3453369140626	78.8631057739258	-247.1491699218751	-445.3288574218751	37.91007614135743	-280.9745178222657	-268.9080505371094	18.19088745117188	-270.5545959472657	-266.0382385253907	28.85229682922364	-321.8394470214844	-323.3875732421876	15.18167495727539	-360.1829833984376	-132.7911071777344	790.6741943359377	-65.06378173828126	12.28021907806397	444.3336486816407	-109.4977493286133	7.717805385589601	418.8299865722657	-237.9387664794922	18.33081817626953	392.3108825683595	-101.7749404907227	72.06075286865236	399.3257751464845	-147.654541015625	118.3448257446289	76.25373840332033	-117.5725555419922	147.3815307617188	100.4188995361328	-193.5252075195313	104.1518478393555	16.40290260314942	-175.1456909179688	267.0801391601563	80.1580276489258	-170.790756225586	256.2037353515626	82.53556060791017	-130.4207458496094	216.6271362304688	43.59506607055665	-85.15716552734376	-164.7793426513672	1394.92236328125	-234.7360076904297	-270.0706481933594	1160.343383789063	-260.7232360839844	-6.504133224487306	1056.52978515625	-258.3949279785157	-52.80493545532228	1309.43603515625	-244.3267517089844	-266.2559814453126	1211.047973632813	-343.1417541503907	-222.3434753417969	1338.178100585938	-345.4260559082032	-175.6700744628907	1344.295532226563	-406.5382690429689	-125.309684753418	1350.507934570313	-416.8687744140626	-112.3590316772461	1043.8466796875	-510.9922180175782	-141.9841461181641	1023.967712402344	-440.7644653320314	-134.6799468994141	1008.919982910156	-488.4430541992189	54.42892456054689	868.7940063476565	-479.0194702148439	-3.235301971435548	840.5183105468752	-525.9475097656251	100.0524978637696	820.0471801757815	-486.5816345214845	20.32895469665528	784.227233886719	-528.3776855468751	-273.4494934082032	1198.098022460938	-177.8794097900391	-226.7846221923829	1319.553100585938	-164.514404296875	-175.9916687011719	1316.591674804688	-91.06985473632814	-129.1527709960938	1319.043701171875	-71.60146331787111	-181.9595184326172	1007.143981933594	-8.665664672851564	-211.2701721191407	996.3687133789065	-74.61411285400392	-207.7346343994141	978.332214355469	-28.83438873291016	-112.8449630737305	783.4827880859377	-6.788042545318605	-162.8342437744141	789.349304199219	30.18632888793946	-92.21292114257814	706.6850585937501	6.669929504394533	-165.7203979492188	722.1684570312501	44.17793273925782	
4	0.03	-57.32686996459962	889.507507324219	-383.4924926757813	-269.5477600097657	903.238464355469	-291.4002990722657	-258.4655151367188	902.2644042968752	-189.818359375	-38.1678581237793	892.507507324219	-131.5064697265625	-160.652099609375	793.4353637695315	-434.4843750000001	-221.5220489501954	426.1548461914064	-368.5008544921876	-229.6362304687501	416.7649841308595	-246.0300292968751	-254.0472564697266	375.1141662597657	-374.6078796386719	-210.4821166992188	351.1463012695313	-319.8974609375001	-387.0322570800782	79.3715286254883	-329.8750610351563	-370.9240722656251	81.31066131591798	-247.9186401367188	-444.8634643554689	41.99297332763673	-281.8607482910157	-268.8223571777344	18.25401306152344	-270.6825256347657	-266.0170593261719	28.69859886169434	-321.9657287597657	-323.2392578125001	15.21559429168702	-360.2905578613282	-120.6563415527344	789.6358642578127	-63.83810424804689	25.07756233215333	443.7729797363282	-109.3462905883789	21.27452087402344	418.9434814453126	-237.8700866699219	30.92856025695801	391.5369567871095	-101.91064453125	84.38565063476564	398.1578674316407	-147.8603057861328	126.0141296386719	74.84067535400392	-118.4612808227539	154.953109741211	98.33950805664065	-194.7468872070313	110.1271286010742	15.74830436706543	-175.6866607666016	274.2744445800782	76.02157592773439	-172.8252258300782	263.6842041015626	78.70557403564455	-132.3775177001953	223.7005767822266	40.67273330688477	-86.91431427001955	-153.3270416259766	1393.9111328125	-233.3766174316407	-258.2941284179688	1159.1318359375	-259.3518981933594	5.000061035156251	1055.637084960938	-256.6855773925782	-41.25555038452149	1308.558349609375	-242.7309875488282	-254.3833770751954	1209.795288085938	-341.7077636718751	-210.6539459228516	1336.998046875	-344.0809020996094	-163.9373779296875	1343.01953125	-405.1507263183595	-113.5865020751953	1349.277099609375	-415.476776123047	-99.937614440918	1042.690185546875	-509.573944091797	-129.6399841308594	1022.641357421875	-439.4330139160157	-122.0680770874024	1007.547058105469	-487.0483703613282	68.16783905029298	869.097595214844	-476.6637268066407	10.96738910675049	840.1716308593752	-523.7136840820314	114.2801895141602	820.760437011719	-483.9044494628907	35.08920288085938	784.0892333984377	-525.8851928710939	-261.9248046875001	1197.001831054688	-176.5588989257813	-215.2725372314454	1318.4306640625	-163.1657257080078	-164.7007598876953	1315.594360351563	-89.67279052734376	-117.9248809814453	1318.091918945313	-70.10756683349611	-171.1017150878907	1006.247863769531	-7.397210121154787	-200.3640441894532	995.3900146484377	-73.34095001220705	-196.9626617431641	977.6384277343752	-27.65481567382813	-103.7240753173828	782.1260986328127	-5.024717330932618	-153.5650787353516	788.466003417969	31.90784645080567	-83.65574645996095	705.3392333984376	8.729831695556642	-157.1136016845703	721.3686523437501	46.00453567504884	
5	0.04	-45.22561645507813	888.5371093750002	-382.2404174804688	-257.3206176757813	902.5621337890627	-289.8676147460938	-246.1658477783204	901.700134277344	-188.2210998535157	-25.97656059265137	891.754577636719	-130.1012878417969	-148.7488555908203	792.5476684570315	-433.0250854492189	-210.9463500976563	425.4568786621095	-367.8503417968751	-219.3395385742188	416.098358154297	-245.4468231201172	-244.5345916748047	374.9799194335938	-373.9646606445313	-201.4803619384766	349.8681335449219	-319.2749938964844	-385.0256347656251	82.62994384765626	-330.8003234863282	-369.0732116699219	84.12239837646486	-248.8243255615235	-444.0052795410157	46.77296829223634	-282.7777099609376	-268.8919677734376	18.21687698364258	-270.7349548339844	-266.1353149414063	28.42573738098145	-322.0129394531251	-323.1229248046876	15.32067203521729	-360.3836669921876	-108.3043365478516	788.976501464844	-62.50720977783205	37.98783874511719	443.4686584472657	-109.1722717285157	34.89477539062501	419.3612365722657	-237.7374572753907	43.50159454345704	390.9396972656251	-102.0229034423828	96.62216949462893	396.9537048339845	-148.0596618652344	132.0696105957032	73.21280670166017	-119.2938842773438	160.9573974609375	95.82778167724611	-195.9842376708985	114.0573883056641	15.07141780853272	-176.1171264648438	279.7259826660157	70.80435180664064	-174.9066467285157	269.4645080566407	73.90450286865236	-134.3793029785157	228.8660430908204	37.08026885986329	-88.66484832763673	-141.7774658203125	1393.127807617188	-231.9249114990235	-246.351058959961	1158.126831054688	-257.8985900878907	16.82473945617676	1055.022338867188	-254.8920593261719	-29.5973129272461	1307.938232421875	-241.0449829101563	-242.3885803222657	1208.771606445313	-340.2097473144532	-198.854965209961	1336.045166015625	-342.6476135253907	-152.0962066650391	1341.992553710938	-403.6704101562501	-101.7604675292969	1348.308471679688	-413.9971008300782	-87.76071166992189	1041.742431640625	-508.017059326172	-117.505241394043	1021.583374023438	-437.9309997558595	-109.739128112793	1006.426574707031	-485.5006713867189	81.33998107910158	869.3203125000002	-474.238250732422	24.56536674499512	839.8707275390627	-521.4086303710939	127.9034042358399	821.3717041015627	-481.259490966797	49.15122222900392	783.9588623046877	-523.3378295898439	-250.2498321533204	1196.091674804688	-175.1698608398438	-203.666732788086	1317.5146484375	-161.7403564453125	-153.3052825927735	1314.805419921875	-88.19361877441408	-106.6014862060547	1317.365600585938	-68.53003692626955	-160.0524597167969	1005.536743164063	-6.09839963912964	-189.2618408203125	994.6247558593752	-72.04985809326173	-186.0040893554688	977.1298828125002	-26.45007896423341	-94.26565551757814	781.0728149414065	-3.240917921066285	-144.0149078369141	787.8086547851565	33.6030387878418	-74.75293731689455	704.2625122070314	10.76521682739258	-148.1719055175782	720.7776489257814	47.78961181640626	
6	0.05	-32.88877868652344	887.6805419921877	-380.8395080566407	-244.8979034423829	902.0477294921877	-288.3762817382813	-233.7026519775391	901.448669433594	-186.5914764404297	-13.61651134490967	891.3735961914065	-128.6515350341797	-136.4883575439453	791.643737792969	-431.4733276367189	-199.4823760986329	424.7373046875001	-367.2307434082032	-208.2394256591797	415.3288879394532	-244.8863983154297	-234.2056274414063	374.8910522460938	-373.3644714355469	-191.6442260742188	348.5411071777344	-318.7628479003907	-382.5324707031251	86.40149688720705	-331.8048400878907	-366.6418151855469	87.30780029296876	-249.8359680175782	-442.5835876464845	52.32098770141603	-283.6436462402344	-269.1370544433594	18.06590270996094	-270.6927490234376	-266.3998107910157	28.03064537048341	-321.9558715820313	-323.0244445800782	15.56694793701172	-360.4391174316407	-95.7659149169922	788.7202758789065	-61.07757568359376	50.93024063110353	443.4198303222657	-108.9438400268555	48.39904785156251	420.0405883789064	-237.4983978271485	56.01376724243165	390.5404052734376	-102.0634918212891	108.7196426391602	395.7792358398439	-148.234359741211	136.88037109375	71.50579071044923	-120.0017013549805	165.703598022461	93.07242584228517	-197.1628570556641	116.3923110961914	14.46778392791748	-176.3769989013672	283.7955627441407	64.84153747558595	-176.9786834716797	273.9179077148438	68.44461059570314	-136.3597717285157	232.540023803711	33.07617187500001	-90.32624816894533	-130.1342926025391	1392.586303710938	-230.3909301757813	-234.2480926513672	1157.350708007813	-256.3740234375001	28.99269485473634	1054.701049804688	-253.0186157226563	-17.83790016174317	1307.587646484375	-239.2822570800782	-230.2803497314454	1207.997924804688	-338.6669006347657	-186.9524078369141	1335.338134765625	-341.1419372558594	-140.146957397461	1341.237915039063	-402.111541748047	-89.83106994628908	1347.624755859375	-412.4375915527345	-75.82096099853517	1041.024169921875	-506.3285522460939	-105.5765380859375	1020.817932128906	-436.2630615234376	-97.69271087646487	1005.581665039063	-483.8102416992189	93.93177032470705	869.4487304687502	-471.7393493652345	37.54539489746094	839.6153564453127	-519.0402221679689	140.9107513427735	821.8670043945315	-478.6556701660157	62.4950408935547	783.8330688476565	-520.7494506835939	-238.4242858886719	1195.38232421875	-173.7234344482422	-191.9735260009766	1316.822875976563	-160.2498016357422	-141.8040161132813	1314.239501953125	-86.64368438720705	-95.17962646484376	1316.879272460938	-66.88245391845705	-148.8289947509766	1005.035949707031	-4.771027088165284	-177.966293334961	994.093933105469	-70.74694824218751	-174.8646850585938	976.8223876953127	-25.22103118896485	-84.46022033691408	780.329772949219	-1.444190621376038	-134.1756134033203	787.389831542969	35.26935958862305	-65.49227905273439	703.4605712890626	12.76128005981446	-138.88037109375	720.4060058593751	49.52671432495119	
7	0.06	-20.3304615020752	886.9661865234377	-379.2732543945313	-232.2969055175782	901.6807250976565	-286.9513549804688	-221.108383178711	901.5070800781252	-184.9529571533203	-1.120757937431336	891.3975219726565	-127.1562042236328	-123.8728942871094	790.7185668945315	-429.8375244140626	-187.0703735351563	423.9957275390626	-366.6685485839844	-196.2169494628907	414.4195251464845	-244.3649902343751	-222.9903259277344	374.8547973632813	-372.8329467773438	-180.8943481445313	347.1710510253907	-318.4107971191407	-379.4258422851563	90.70544433593751	-332.8400878906251	-363.4678039550782	90.86582183837892	-250.9201202392579	-440.4104309082032	58.68703079223634	-284.3791503906251	-269.5470886230469	17.80603981018067	-270.5492858886719	-266.7846984863282	27.52937126159669	-321.7789916992188	-322.9003295898438	16.04144859313965	-360.4390563964844	-83.07818603515626	788.8770751953127	-59.55543518066408	63.82350158691408	443.6129150390626	-108.6339111328125	61.6198196411133	420.9345703125001	-237.1211395263672	68.4184036254883	390.3506774902345	-101.9928665161133	120.6200637817383	394.6904907226564	-148.365463256836	140.7804718017578	69.85145568847658	-120.5376586914063	169.4745635986328	90.26390838623048	-198.2236022949219	117.5650711059571	14.01759147644043	-176.429672241211	286.8166809082032	58.48914718627931	-178.986557006836	277.3854064941407	62.66169357299806	-138.2539978027344	235.1092071533204	28.93166160583497	-91.82286834716798	-118.4059524536133	1392.293334960938	-228.7887115478516	-221.9996185302735	1156.819213867188	-254.793441772461	41.50595855712891	1054.6806640625	-251.0723114013672	-5.989794731140138	1307.509643554688	-237.4603576660157	-218.0714263916016	1207.486572265625	-337.1004028320313	-174.9572296142578	1334.888061523438	-339.5827026367188	-128.0959014892578	1340.770385742188	-400.4916381835939	-77.80346679687501	1347.239379882813	-410.8096313476564	-64.10778045654298	1040.549194335938	-504.518524169922	-93.84729003906251	1020.361267089844	-434.437225341797	-85.92565917968751	1005.028930664063	-481.9897766113282	105.9379653930664	869.470397949219	-469.1681213378907	49.90142822265626	839.4036254882815	-516.6187133789064	153.2955017089844	822.2294921875002	-476.0983886718751	75.10771942138673	783.7070922851565	-518.1337890625001	-226.4545593261719	1194.88232421875	-172.2338409423828	-180.2021179199219	1316.3662109375	-158.7083892822266	-130.2011108398438	1313.9052734375	-85.03772735595705	-83.66117095947267	1316.641357421875	-65.18164062500001	-137.4460601806641	1004.764099121094	-3.416079044342042	-166.4824981689453	993.810974121094	-69.43516540527345	-163.549057006836	976.725524902344	-23.96667289733887	-74.30078125000001	779.896667480469	0.3574545085430146	-124.0357208251953	787.2159423828127	36.9074935913086	-55.86177444458009	702.9319458007814	14.70437812805176	-129.2238922119141	720.2584838867189	51.21335983276369	
8	0.07000000000000001	-7.580249786376955	886.4199218750002	-377.5323181152344	-219.5443572998047	901.445495605469	-285.6095886230469	-208.4210510253907	901.8643188476565	-183.322998046875	11.47087860107422	891.8416748046877	-125.6159057617188	-110.9161376953125	789.7679443359377	-428.1269531250001	-173.6611785888672	423.2314758300782	-366.1885375976563	-183.1379089355469	413.3303527832032	-243.9034423828126	-210.8186340332032	374.8745422363282	-372.3952941894532	-169.1579895019532	345.7685241699219	-318.2645263671876	-375.5684509277344	95.54482269287111	-333.8569641113282	-359.3867797851563	94.7841033935547	-252.0422363281251	-437.2908630371095	65.89048767089845	-284.9143981933594	-270.0679626464844	17.46564865112305	-270.3149719238282	-267.2208862304688	26.96120834350587	-321.4812927246094	-322.6704101562501	16.84465026855469	-360.3744812011719	-70.28316497802736	789.4417724609377	-57.94717025756837	76.58700561523439	444.0201721191407	-108.2239761352539	74.41091156005861	421.9934387207032	-236.5886993408204	80.65666961669923	390.3680725097657	-101.7846908569336	132.259262084961	393.7269287109376	-148.4359741210938	144.0480346679688	68.36189270019533	-120.8798294067383	172.5111236572266	87.57460021972658	-199.1275329589844	117.9650344848633	13.77375602722168	-176.2648315429688	289.0774841308594	52.09212875366212	-180.8804016113282	280.1560668945313	56.884090423584	-140.0027160644532	236.9077148437501	24.90370750427247	-93.09258270263673	-106.6054763793946	1392.247314453125	-227.1359558105469	-209.6279907226563	1156.5400390625	-253.1764831542969	54.34377288818361	1054.960205078125	-249.0628967285157	5.930223941802979	1307.698486328125	-235.6004638671876	-205.7788391113282	1207.241088867188	-335.5324096679688	-162.885238647461	1334.69775390625	-337.9910888671876	-115.9554595947266	1340.596313476563	-398.8309936523439	-65.68852996826173	1347.156005859375	-409.1277770996095	-52.607967376709	1040.323364257813	-502.6004943847657	-82.3087615966797	1020.220336914063	-432.4656677246095	-74.43233489990236	1004.777282714844	-480.0545654296876	117.3629913330078	869.3746337890627	-466.5321044921876	61.63524246215822	839.2314453125002	-514.1572265625001	165.0559692382813	822.440124511719	-473.5892944335939	86.98453521728517	783.5745239257815	-515.5046386718751	-214.3540344238282	1194.594482421875	-170.7182159423828	-168.3644714355469	1316.146728515625	-157.1329803466797	-118.5064086914063	1313.804565429688	-83.39353179931642	-72.05329895019533	1316.652709960938	-63.44706344604494	-125.9148559570313	1004.731567382813	-2.03395700454712	-154.8178100585938	993.779968261719	-68.11441802978517	-152.0605773925782	976.841491699219	-22.68442916870118	-63.7823829650879	779.7664184570315	2.156307697296143	-113.5810623168946	787.2866821289065	38.5211410522461	-45.84913635253907	702.6694335937501	16.58390808105469	-119.187370300293	720.3341674804689	52.85145187377931	
9	0.08	5.318027019500733	886.0612792968752	-375.6165161132813	-206.6761932373047	901.3265380859377	-284.3579406738282	-195.6823425292969	902.5010986328127	-181.7125701904297	24.11484909057618	892.700622558594	-124.0328598022461	-97.64478302001956	788.7898559570315	-426.3509826660157	-159.2225341796875	422.4449768066407	-365.8102111816407	-168.8631591796875	412.0246887207032	-243.5253295898438	-197.6267089843751	374.9500427246094	-372.0730285644532	-156.374755859375	344.3500671386719	-318.3599243164063	-370.8190002441407	100.9043884277344	-334.8084411621094	-354.2414245605469	99.03880310058597	-253.1681060791016	-433.0350341796876	73.91160583496095	-285.1946105957032	-270.5900573730469	17.09903526306153	-270.0205078125001	-267.5881958007813	26.39080047607423	-321.0800781250001	-322.2133178710938	18.08459091186524	-360.2475280761719	-57.42578125000001	790.393493652344	-56.25988388061525	89.14028930664064	444.5997924804689	-107.7067184448242	86.65318298339845	423.165740966797	-235.9005889892579	92.65650939941408	390.5736694335939	-101.4286193847657	143.5682830810547	392.9073181152345	-148.4333953857422	146.8939666748047	67.11837005615236	-121.0317993164063	175.0040283203125	85.14356231689455	-199.8580780029297	117.9182357788086	13.75645542144776	-175.89794921875	290.8106994628907	45.95658493041993	-182.6187591552735	282.4562683105469	51.40480804443361	-141.5567932128907	238.2034606933594	21.21198654174805	-94.09262847900392	-94.75000000000001	1392.438354492188	-225.4532318115235	-197.1631011962891	1156.512329101563	-251.5461730957032	67.46264648437501	1055.5283203125	-247.0023956298829	17.90193176269532	1308.138916015625	-233.7266693115235	-193.4242248535157	1207.255859375	-333.9847106933594	-150.7566986083985	1334.761840820313	-336.3892822265626	-103.7442321777344	1340.7119140625	-397.1515502929689	-53.50288009643556	1347.3671875	-407.4093627929689	-41.30653762817384	1040.34375	-500.5914001464845	-70.95126342773439	1020.3916015625	-430.3654174804689	-63.20484542846681	1004.826232910156	-478.0225524902345	128.2217254638672	869.1539306640627	-463.8459472656251	72.75692749023439	839.0930175781252	-511.6719360351564	176.19580078125	822.478942871094	-471.126678466797	98.13007354736331	783.427185058594	-512.8762207031251	-202.1429595947266	1194.5146484375	-169.1956481933594	-156.4749298095703	1316.158569335938	-155.5420379638672	-106.7347564697266	1313.932006835938	-81.73104095458986	-60.36807250976564	1316.90673828125	-61.69997787475587	-114.2423782348633	1004.938903808594	-0.6247099041938783	-142.981918334961	993.9951782226565	-66.78185272216798	-140.4019470214844	977.1646728515627	-21.37046623229981	-52.90178680419923	779.925231933594	3.94548535346985	-102.7959289550782	787.5945434570315	40.11637878417969	-35.44148254394532	702.6606445312501	18.39365005493164	-108.7559509277344	720.6259765625001	54.44710922241212	
10	0.09	18.30903434753418	885.8999023437502	-373.5362854003907	-193.7366790771485	901.309509277344	-283.1925964355469	-182.9354095458985	903.3898925781252	-180.1263122558594	36.76715469360352	893.9470825195315	-122.4110641479492	-84.09966278076173	787.7871704101565	-424.5189819335939	-143.7449035644532	421.6398925781251	-365.5443725585938	-153.2628173828125	410.4771423339845	-243.2537689208985	-183.3641052246094	375.0786437988282	-371.8796997070313	-142.5021362304688	342.9392089843751	-318.7173156738282	-365.0396118164063	106.7497787475586	-335.6516113281251	-347.8906860351563	103.59521484375	-254.2645721435547	-427.4710083007814	82.6852264404297	-285.1832885742188	-270.9403991699219	16.78562927246094	-269.7178039550782	-267.7108154296876	25.9073829650879	-320.6132812500001	-321.3652954101563	19.86874961853028	-360.0725097656251	-44.55132675170899	791.696716308594	-54.50207138061525	101.4019317626953	445.2979125976564	-107.0869445800782	98.25643157958987	424.3988037109376	-235.0721282958985	104.3332748413086	390.9319763183595	-100.930778503418	154.4755554199219	392.2289428710939	-148.3517608642578	149.4607391357422	66.16603851318361	-121.0195083618164	177.0933837890625	83.06723022460939	-200.4202270507813	117.6769561767578	13.95406150817871	-175.366439819336	292.1911315917969	40.32890319824219	-184.1716766357422	284.4476623535157	46.45971679687501	-142.8808898925782	239.1943054199219	18.02215385437012	-94.80358886718751	-82.85971832275392	1392.848876953125	-223.762924194336	-184.641342163086	1156.726196289063	-249.9269714355469	80.79858398437501	1056.36328125	-244.9051361083985	29.90276336669923	1308.807495117188	-231.8650207519532	-181.0335998535157	1207.516479492188	-332.4769592285157	-138.5957946777344	1335.066528320313	-334.7987976074219	-91.48689270019533	1341.103271484375	-395.4757690429689	-41.26887130737305	1347.854614257813	-405.673797607422	-30.18779373168946	1040.59765625	-498.5112609863282	-59.76538085937501	1020.860473632813	-428.1584472656251	-52.23305511474611	1005.164978027344	-475.914031982422	138.5392761230469	868.8045654296877	-461.1315917968751	83.2850799560547	838.9805297851565	-509.182342529297	186.7241363525391	822.3264160156252	-468.7059326171876	108.5589065551758	783.2557373046877	-510.2638549804689	-189.8478088378907	1194.633056640625	-167.6853332519532	-144.5495910644532	1316.388061523438	-153.9544677734375	-94.90457153320314	1314.275024414063	-80.07122802734376	-48.621150970459	1317.38916015625	-59.9623374938965	-102.4314956665039	1005.376586914063	0.8117072582244875	-130.9866485595703	994.441101074219	-65.43221282958986	-128.5755920410157	977.6817626953127	-20.02011299133301	-41.6572380065918	780.353454589844	5.719169139862061	-91.66451263427736	788.124938964844	41.70073699951173	-24.62529754638673	702.8896484375001	20.13239860534668	-97.91539001464847	721.1206665039064	56.00989151000978	
11	0.1	31.32987022399903	885.9337158203127	-371.3133239746094	-180.776840209961	901.3825683593752	-282.0989379882813	-170.2223358154297	904.4959106445315	-178.5631561279297	49.38641357421876	895.5322875976565	-120.7564392089844	-70.33603668212892	786.7701416015627	-422.6404113769532	-127.2456588745117	420.8259887695314	-365.3906555175782	-136.2332763671875	408.681854248047	-243.1072540283204	-168.0011749267578	375.2577514648438	-371.8175048828126	-127.5199966430664	341.5669860839844	-319.3363647460938	-358.1033935546876	113.0280151367188	-336.3489379882813	-340.2177734375001	108.4087753295899	-255.2995758056641	-420.4565734863282	92.09802246093751	-284.8632507324219	-270.8802185058594	16.62522506713868	-269.4775695800782	-267.3586120605469	25.62048721313477	-320.1389770507813	-319.9234008789063	22.29406166076661	-359.8747863769532	-31.70269012451173	793.3026123046877	-52.68411254882814	113.2888946533203	446.0527954101564	-106.3804931640625	109.1582107543946	425.639862060547	-234.1313476562501	115.5927200317383	391.3936157226564	-100.3118972778321	164.9098510742188	391.6701660156251	-148.1925506591797	151.8294219970703	65.51416778564455	-120.8854675292969	178.8744506835938	81.39634704589845	-200.8368225097657	117.418212890625	14.32917404174805	-174.7233276367188	293.3399353027344	35.38343811035157	-185.5224761962891	286.2327880859376	42.21385192871094	-143.9561462402344	240.0123596191407	15.43687248229981	-95.23057556152345	-70.95650482177736	1393.454956054688	-222.0877838134766	-172.1038360595703	1157.16357421875	-248.3422546386719	94.27124786376955	1057.432739257813	-242.7879791259766	41.90909576416016	1309.673706054688	-230.0422821044922	-168.6370544433594	1208.000732421875	-331.0242614746094	-126.4298171997071	1335.590576171875	-333.2389221191407	-79.21362304687501	1341.746948242188	-393.8253784179689	-29.01419639587403	1348.589233398438	-403.941864013672	-19.23651695251465	1041.0634765625	-496.3823242187501	-48.74303054809572	1021.601379394531	-425.871307373047	-41.50462722778321	1005.772094726563	-473.7509155273439	148.3496398925782	868.3262329101565	-458.4168701171876	93.24649810791017	838.8845214843752	-506.7109680175782	196.6554870605469	821.9644165039065	-466.3204040527345	118.295768737793	783.0501098632815	-507.6844177246095	-177.500244140625	1194.93505859375	-166.2042846679688	-132.605453491211	1316.815185546875	-152.3880615234375	-83.03586578369142	1314.81494140625	-78.43456268310548	-36.82982635498048	1318.078491210938	-58.25557327270509	-90.48120117187501	1006.025146484375	2.275135517120362	-118.8456726074219	995.0927734375002	-64.05842590332033	-116.5841522216797	978.3721923828127	-18.62834167480469	-30.04846191406251	781.025817871094	7.47255325317383	-80.1724090576172	788.856140136719	43.28205490112305	-13.38670825958252	703.3378906250001	21.80380439758301	-86.65255737304689	721.7995605468751	57.55159759521486	
12	0.11	44.31470108032227	886.1489257812502	-368.9803161621094	-167.85205078125	901.5373535156252	-281.0523986816407	-157.5818786621094	905.778747558594	-177.0171966552735	61.93635940551759	897.3884887695315	-119.0770339965821	-56.42259216308595	785.7588500976565	-420.7253723144532	-109.7709426879883	420.0216674804689	-365.3362121582032	-117.7147521972657	406.6602478027345	-243.0956420898438	-151.5355529785157	375.4882812500001	-371.8745422363282	-111.4335250854492	340.2721862792969	-320.1934204101563	-349.9013671875001	119.6690216064453	-336.8688659667969	-331.1358642578126	113.4263229370117	-256.2420043945313	-411.8887939453126	101.9899291992188	-284.2351684570313	-270.1104125976563	16.72911453247071	-269.3840637207032	-266.2539062500001	25.65183448791505	-319.7320556640626	-317.6526794433594	25.43580627441407	-359.6883239746094	-18.91790580749512	795.151550292969	-50.81861114501955	124.7172775268555	446.8001403808595	-105.611572265625	119.3207778930664	426.8375854492189	-233.1144561767579	126.3365173339844	391.9004821777345	-99.60363769531253	174.8043365478516	391.1956481933595	-147.9642944335938	154.0325775146485	65.14089965820314	-120.681266784668	180.4071807861328	80.1384963989258	-201.1429443359376	117.2495880126953	14.82770156860352	-174.0293884277344	294.3332214355469	31.21907615661622	-186.6680297851563	287.8656616210938	38.75645446777344	-144.7808685302735	240.734359741211	13.49471855163575	-95.40121459960939	-59.06226730346681	1394.228759765625	-220.4495086669922	-159.5941619873047	1157.799194335938	-246.8113708496094	107.7898406982422	1058.695556640625	-240.6707611083985	53.89759826660158	1310.702270507813	-228.2846832275391	-156.2677764892578	1208.680541992188	-329.6355285644532	-114.2880249023438	1336.307006835938	-331.7250976562501	-66.95909881591798	1342.611206054688	-392.2198486328126	-16.77113342285157	1349.533569335938	-402.2349243164064	-8.439182281494142	1041.711547851563	-494.2280578613282	-37.87815093994141	1022.578918457031	-423.5339965820314	-31.00512504577637	1006.616149902344	-471.5556945800782	157.6931762695313	867.7221679687502	-455.7335205078126	102.6753158569336	838.794372558594	-504.2828674316407	206.0093688964844	821.3779296875002	-463.9628295898439	127.3749160766602	782.8002929687502	-505.1564331054689	-165.1358947753907	1195.403442382813	-164.7647705078125	-120.6593933105469	1317.416259765625	-150.8578338623047	-71.14809417724611	1315.528564453125	-76.83946990966798	-25.01077842712403	1318.947875976563	-56.59939575195314	-78.3872756958008	1006.8564453125	3.764870166778565	-106.573974609375	995.9175415039065	-62.65225219726564	-104.4308013916016	979.209899902344	-17.19037437438965	-18.07675170898438	781.9130859375002	9.201536178588869	-68.30808258056642	789.7611083984377	44.86724853515626	-1.712128639221192	703.9857788085939	23.41547584533692	-74.95599365234376	722.6396484375001	59.08472824096681	
13	0.12	57.19955062866212	886.5222167968752	-366.5795288085938	-155.0189971923828	901.7705078125002	-280.0203857421876	-145.0473937988282	907.1947021484377	-175.4787902832032	74.38746643066408	899.4333496093752	-117.3831939697266	-42.43896484375001	784.7847290039065	-418.7853393554689	-91.39451599121095	419.2564392089845	-365.3567504882813	-97.70694732666018	404.4658203125001	-243.2168579101563	-133.9963989257813	375.7781982421876	-372.0244140625001	-94.2738494873047	339.1004638671876	-321.2413940429688	-340.3481445312501	126.5877532958985	-337.1861877441407	-320.5909423828126	118.5872802734375	-257.0617675781251	-401.709686279297	112.1599960327149	-283.3148498535157	-268.2850036621094	17.20774078369141	-269.5261840820313	-264.0848999023438	26.12369537353516	-319.4774780273438	-314.2976989746094	29.33636093139649	-359.5512695312501	-6.228543758392336	797.1766357421877	-48.92041397094728	135.6050415039063	447.4794006347657	-104.8089141845703	128.7277221679688	427.9445800781251	-232.0606384277344	136.4696044921875	392.3923339843751	-98.84363555908206	184.1007995605469	390.7627258300782	-147.6806335449219	156.0694732666016	65.00107574462892	-120.4598617553711	181.72705078125	79.26498413085939	-201.3793029785157	117.2202453613282	15.38887023925782	-173.3452758789063	295.2125549316407	27.86368942260743	-187.6173248291016	289.3647460937501	36.10432434082032	-145.369384765625	241.3949279785157	12.17610740661621	-95.36071777343751	-47.1972885131836	1395.140625	-218.8673553466797	-147.1555786132813	1158.60400390625	-245.3470306396485	121.2598648071289	1060.103515625	-238.5767669677735	65.84651947021486	1311.856201171875	-226.6163482666016	-143.960678100586	1209.523803710938	-328.3121032714844	-102.2002105712891	1337.185424804688	-330.2679748535157	-54.76087570190431	1343.657958984375	-390.6755981445314	-4.575149536132813	1350.643920898438	-400.5740356445314	2.214948654174805	1042.506103515625	-492.0718688964845	-27.16711807250977	1023.750244140625	-421.1784057617189	-20.71834945678711	1007.657470703125	-469.3502197265626	166.6131439208985	866.9978027343752	-453.1141967773439	111.611328125	838.6992797851565	-501.9244079589845	214.8096313476563	820.5564575195315	-461.6269836425782	135.8387145996094	782.4973754882815	-502.7005310058595	-152.7926635742188	1196.020629882813	-163.3723754882813	-108.7272644042969	1318.166015625	-149.3748016357422	-59.25812149047853	1316.390625	-75.30096435546876	-13.17799663543702	1319.967163085938	-55.01076507568361	-66.14292907714845	1007.836608886719	5.279293060302735	-94.18701171875001	996.8775634765627	-61.20516967773439	-92.11922454833986	980.165466308594	-15.70237541198731	-5.745138168334962	782.9835205078127	10.90223217010498	-56.06404113769533	790.8088378906252	46.46122741699219	10.4107255935669	704.8139038085939	24.97747039794923	-62.81651687622072	723.6151733398439	60.62091064453126	
14	0.13	69.92660522460939	887.025085449219	-364.1606140136719	-142.3319854736328	902.083923339844	-278.9652404785157	-132.6452789306641	908.6998291015627	-173.9359893798828	86.71773529052736	901.5758056640627	-115.6875305175782	-28.47177314758301	783.890319824219	-416.8335571289064	-72.21343231201173	418.5717773437501	-365.4191284179688	-76.28009033203126	402.1853942871095	-243.4552612304688	-115.4459609985352	376.1457214355469	-372.2277832031251	-76.09649658203126	338.1026916503907	-322.4135437011719	-329.3849792480469	133.6863555908203	-337.2821044921876	-308.5612487792969	123.8245239257813	-257.7301635742188	-389.907196044922	122.3763275146485	-282.1292419433594	-265.0330200195313	18.15620231628418	-269.9864807128907	-260.5241699218751	27.14459800720216	-319.4608459472657	-309.5966796875001	33.99510574340821	-359.5006103515626	6.340587615966799	799.3070068359377	-47.00643920898438	145.8762969970703	448.0396118164064	-104.0016098022461	137.3812408447266	428.9204101562501	-231.0072021484376	145.9080200195313	392.813690185547	-98.0701599121094	192.7537689208985	390.328338623047	-147.3573303222657	157.921142578125	65.03566741943361	-120.2687759399414	182.8551635742188	78.72066497802736	-201.5859527587891	117.334831237793	15.95437717437744	-172.7246246337891	295.9960021972657	25.28477668762208	-188.3884582519532	290.7261047363282	34.2120590209961	-145.7490997314453	242.0004272460938	11.41458702087403	-95.16500091552736	-35.37886047363282	1396.162719726563	-217.3570709228516	-134.8280944824219	1159.547241210938	-243.9535522460938	134.5901947021485	1061.605102539063	-236.5329132080079	77.73678588867189	1313.099243164063	-225.0579528808594	-131.7505493164063	1210.497802734375	-327.0472717285157	-90.19498443603517	1338.19384765625	-328.8729553222657	-42.65719223022462	1344.845336914063	-389.2050781250001	7.537032604217531	1351.873779296875	-398.9792480468751	12.73297309875489	1043.408203125	-489.935760498047	-16.60870552062989	1025.067993164063	-418.8359985351564	-10.62698459625244	1008.851257324219	-467.1544494628907	175.1519927978516	866.1602172851565	-450.589324951172	120.097770690918	838.5891113281252	-499.6620178222657	223.0835723876954	819.4954833984377	-459.3093872070314	143.7354431152344	782.1350708007815	-500.3387451171876	-140.5089111328125	1196.770874023438	-162.0248565673828	-96.82302856445315	1319.041259765625	-147.945068359375	-47.37885665893555	1317.376098632813	-73.82967376708986	-1.341343522071839	1321.105712890625	-53.50310516357423	-53.73962402343751	1008.928588867188	6.815528869628908	-81.69969940185548	997.9331665039065	-59.70939254760744	-79.65348052978517	981.208923339844	-14.16217803955078	6.941429615020754	784.2053222656252	12.57039070129395	-43.43758392333985	791.967468261719	48.06602096557619	22.99153709411621	705.8046264648439	26.5004062652588	-50.22784805297853	724.7001342773439	62.16949844360353	
15	0.14	82.44753265380861	887.6292114257815	-361.7772827148438	-129.8392639160157	902.4849243164065	-277.8479614257813	-120.3940887451172	910.2526855468752	-172.3759002685547	98.91261291503909	903.7230224609377	-114.0045547485352	-14.60931301116944	783.1275634765627	-414.8857421875001	-52.34120559692384	418.0205078125001	-365.4859313964844	-53.57889556884767	399.935028076172	-243.7821655273438	-95.97751617431642	376.6210327148438	-372.4365844726563	-56.97783279418947	337.3325195312501	-323.6305236816407	-316.9808654785157	140.8558502197266	-337.1447143554688	-295.0539550781251	129.0647888183594	-258.2213134765626	-376.5115966796876	132.3890686035157	-280.7127380371094	-259.9864807128907	19.6395435333252	-270.8286743164063	-255.2510986328126	28.79399299621583	-319.7565612792969	-303.2973022460938	39.36079406738282	-359.5664672851563	18.77033996582032	801.471862792969	-45.09532546997071	155.4663848876953	448.4436035156251	-103.2152709960938	145.3005981445313	429.7349243164064	-229.9857940673829	154.586181640625	393.1196594238282	-97.3172302246094	200.7337646484376	389.854705810547	-147.0089569091797	159.5634002685547	65.18118286132814	-120.145133972168	183.8065490722657	78.43492889404298	-201.7972259521485	117.5681076049805	16.47547912597657	-172.2090606689453	296.6875305175782	23.40403366088868	-189.0050964355469	291.9353027343751	32.98698043823243	-145.9563903808594	242.5415649414063	11.11136245727539	-94.87314605712892	-23.62039947509766	1397.270141601563	-215.9302062988282	-122.6455230712891	1160.599975585938	-242.6260681152344	147.6995391845703	1063.149291992188	-234.5694122314454	89.55283355712892	1314.39892578125	-223.6253509521485	-119.6698684692383	1211.5712890625	-325.8272094726563	-78.29802703857423	1339.3017578125	-327.5404052734376	-30.6844654083252	1346.13134765625	-387.8164367675782	19.52976226806641	1353.17724609375	-397.4685058593751	23.11783027648926	1044.379028320313	-487.8390502929689	-6.203782558441164	1026.484619140625	-416.5357666015626	-0.7135432362556459	1010.151245117188	-464.9853515625001	183.3477325439453	865.2175292968752	-448.1846008300782	128.1785736083985	838.4560546875002	-497.5205993652345	230.8608093261719	818.1979980468752	-457.0112304687501	151.1164855957032	781.7107543945315	-498.0940246582032	-128.3213348388672	1197.64208984375	-160.7122650146485	-84.95835876464845	1320.022094726563	-146.5697326660157	-35.51856994628907	1318.463500976563	-72.43139648437501	10.49395561218262	1322.335327148438	-52.08593368530275	-41.16805267333985	1010.096130371094	8.369189262390138	-69.12535095214845	999.0462646484377	-58.15900039672853	-67.03768920898439	982.3125610351565	-12.56994724273682	19.97596168518067	785.548767089844	14.20085620880127	-30.43108367919923	793.2070922851565	49.68025970458986	36.03589248657227	706.9430541992189	27.99339294433594	-37.18711090087891	725.8704833984376	63.73644256591798	
16	0.15	94.72547912597658	888.3121337890627	-359.4835510253907	-117.5794372558594	902.9853515625002	-276.6322631835938	-108.3043060302735	911.817321777344	-170.786376953125	110.9643020629883	905.788024902344	-112.3500137329102	-0.9353735446929934	782.5537719726565	-412.9597778320314	-31.89939880371094	417.6639709472657	-365.5205993652344	-29.81784820556641	397.8512268066407	-244.1584472656251	-75.70993041992189	377.2456054687501	-372.5998535156251	-37.01010131835938	336.8429260253907	-324.8098449707032	-303.1309814453126	147.9772186279297	-336.7696838378907	-280.0997619628907	134.2286987304688	-258.5139465332032	-361.5882568359376	141.9449462890625	-279.1043701171876	-252.8109893798829	21.68027114868164	-272.0860290527344	-247.9753570556641	31.10797309875489	-320.4157104492188	-295.1723937988282	45.32772445678712	-359.7668457031251	31.04497909545899	803.603942871094	-43.20701980590821	164.3268737792969	448.6708984375001	-102.4691619873047	152.5210418701172	430.3706970214845	-229.0199127197266	162.4621124267578	393.279998779297	-96.6108322143555	208.029037475586	389.3137817382814	-146.6458587646485	160.9765167236328	65.37790679931642	-120.1128540039063	184.595703125	78.3324432373047	-202.038314819336	117.8785858154297	16.91741561889649	-171.825439453125	297.2849121093751	22.11347579956055	-189.4928436279297	292.9765014648438	32.30638122558594	-146.0318908691407	243.0034942626954	11.15084838867188	-94.54054260253908	-11.93115329742432	1398.443603515625	-214.5940246582032	-110.633056640625	1161.737548828125	-241.3512573242188	160.5215454101563	1064.689208984375	-232.7187652587891	101.2831039428711	1315.728393554688	-222.3287963867188	-107.7465209960938	1212.716796875	-324.6325988769532	-66.53050231933595	1340.48193359375	-326.2665100097657	-18.87471771240235	1347.476196289063	-386.5135498046876	31.37087440490723	1354.512329101563	-396.0569763183595	33.3681869506836	1045.3837890625	-485.7976989746095	4.045230388641358	1027.955932617188	-414.3020019531251	9.038403511047365	1011.513671875	-462.8562927246095	191.231430053711	864.1785888671877	-445.9191894531251	135.8956756591797	838.2954711914065	-495.5217285156251	238.1721649169922	816.6751708984377	-454.7394409179689	158.0333404541016	781.2263793945315	-495.9888610839845	-116.2625732421875	1198.626342773438	-159.4184722900391	-73.14235687255861	1321.093872070313	-145.2455291748047	-23.68108177185059	1319.635986328125	-71.10727691650392	22.32682228088379	1323.633178710938	-50.76481246948244	-28.41923713684083	1011.307189941406	9.934288978576662	-56.47469711303712	1000.184143066406	-56.55098342895509	-54.27574539184572	983.4534912109377	-10.92867088317871	33.3493995666504	786.9888305664065	15.78714656829834	-17.05180358886719	794.502380371094	51.29906845092775	49.54381561279298	708.2180786132814	29.4620704650879	-23.69527053833008	727.1064453125001	65.32363128662111	
17	0.16	106.7357711791992	889.061950683594	-357.3295898437501	-105.5788726806641	903.5994262695315	-275.2888183593751	-96.37878417968753	913.3652343750002	-169.1575775146485	122.8706283569336	907.6965332031252	-110.739860534668	12.47719287872315	782.226257324219	-411.075653076172	-11.00907516479492	417.5672302246095	-365.4926757812501	-5.267343044281007	396.0777282714845	-244.5391235351563	-54.77949523925783	378.0686340332032	-372.6705017089844	-16.29600143432618	336.6824951171876	-325.8757934570313	-287.8536376953126	154.9220275878907	-336.1611328125001	-263.7465515136719	139.2307434082032	-258.5936889648438	-345.2276000976563	150.8018035888672	-277.3457641601563	-243.2350158691407	24.25033187866212	-273.7522583007813	-238.4587707519532	34.06844329833985	-321.4551391601563	-285.0336914062501	51.73662185668947	-360.1037292480469	43.14945983886719	805.6430664062502	-41.36235427856446	172.4294738769532	448.7179565429689	-101.7745742797852	159.0924530029297	430.824188232422	-228.1240997314454	169.5205841064453	393.2808532714845	-95.96670532226564	214.6458892822266	388.689666748047	-146.2724609375	162.1513214111328	65.5760955810547	-120.1820678710938	185.2398376464844	78.34230804443361	-202.3238372802735	118.2199783325196	17.26111793518067	-171.5852355957032	297.7852172851563	21.29111099243164	-189.8763427734375	293.8390502929688	32.03470611572266	-146.0160369873047	243.3730468750001	11.41518211364746	-94.21364593505861	-0.3164945542812348	1399.669067382813	-213.3516845703126	-98.8056564331055	1162.940551757813	-240.1090545654297	173.0081024169922	1066.186401367188	-231.0138092041016	112.9201278686524	1317.06787109375	-221.1725006103516	-96.00177764892581	1213.911743164063	-323.4412536621094	-54.9078941345215	1341.711303710938	-325.0443725585938	-7.253324031829836	1348.8447265625	-385.2962036132814	43.03381347656251	1355.843872070313	-394.756317138672	43.47872161865235	1046.393310546875	-483.8235473632814	14.13497352600098	1029.4443359375	-412.1527099609376	18.64284896850586	1012.900939941406	-460.776824951172	198.8259429931641	863.053161621094	-443.805389404297	143.286361694336	838.1069946289065	-493.6821594238282	245.0485992431641	814.9468383789065	-452.5074768066407	164.5348205566407	780.6894531250002	-494.0440063476564	-104.3588943481446	1199.7197265625	-158.1234893798828	-61.38171386718751	1322.247436523438	-143.9659118652344	-11.86659812927246	1320.883056640625	-69.85457611083986	34.15898513793946	1324.983276367188	-49.54169082641603	-15.48592948913575	1012.536499023438	11.50337791442871	-43.75521850585938	1001.321899414063	-54.88607788085939	-41.37109375000001	984.615173339844	-9.244344711303713	47.05070495605469	788.5068969726565	17.32123374938965	-3.311318635940553	795.8348388671877	52.9143524169922	63.50855636596681	709.6223754882814	30.90697860717774	-9.757390022277834	728.3938598632814	66.92862701416017	
18	0.17	118.4655838012696	889.8801269531252	-355.3578186035157	-93.85019683837892	904.3414306640627	-273.7989807128907	-84.61386871337892	914.8763427734377	-167.4835205078125	134.6337432861328	909.392517089844	-109.1890411376953	25.57241439819337	782.1956176757815	-409.2544250488282	10.21654796600342	417.7926635742189	-365.3819885253907	19.76801681518555	394.7503051757814	-244.8790893554688	-33.33006286621094	379.1408386230469	-372.6115417480469	5.056514739990235	336.8919677734376	-326.7685546875001	-271.1863098144532	161.5533599853516	-335.3325195312501	-246.0538330078126	143.9797821044922	-258.4551696777344	-327.5348205566407	158.7413330078125	-275.4803771972657	-231.0727844238282	27.2692985534668	-275.7770690917969	-226.5324401855469	37.59794235229493	-322.8502807617188	-272.7429504394532	58.38079833984376	-360.5610961914063	55.06697845458986	807.5388793945315	-39.58253860473634	179.7682647705078	448.5967712402345	-101.1346893310547	165.0768737792969	431.1050109863282	-227.3042907714844	175.7736511230469	393.1244506835939	-95.3899612426758	220.6073455810547	387.9794006347657	-145.8872528076172	163.0917663574219	65.73955535888673	-120.3504791259766	185.7596282958985	78.40476226806642	-202.6581420898438	118.5496826171875	17.50252914428711	-171.4859313964844	298.1883239746094	20.81457710266114	-190.1773681640625	294.5211791992188	32.03877258300782	-145.9454956054688	243.6430358886719	11.79619407653809	-93.92688751220705	11.22136020660401	1400.937255859375	-212.2028503417969	-87.1674041748047	1164.1953125	-238.8754577636719	185.1304473876953	1067.61328125	-229.4853973388672	124.4602890014649	1318.404296875	-220.1548614501954	-84.4488983154297	1215.139038085938	-322.2308654785157	-43.4394760131836	1342.971557617188	-323.8653259277344	4.16260051727295	1350.20849609375	-384.1607971191407	54.49916458129884	1357.144897460938	-393.573944091797	53.44077682495119	1047.387329101563	-481.9243164062501	24.06174278259278	1030.921508789063	-410.0987243652345	28.10998916625977	1014.284240722656	-458.7530517578126	206.1459045410157	861.8524169921877	-441.8493041992189	150.3814697265625	837.8945922851565	-492.0127563476564	251.5204315185547	813.0408325195315	-450.3352966308595	170.6646728515625	780.1123046875002	-492.2768859863282	-92.62793731689455	1200.9208984375	-156.8065643310547	-49.68094635009767	1323.477905273438	-142.7226715087891	-0.07299391925334932	1322.199951171875	-68.66774749755861	45.99315643310548	1326.377197265625	-48.41549682617189	-2.364166259765625	1013.767456054688	13.06791210174561	-30.97095108032227	1002.444213867188	-53.16920471191408	-28.32677841186524	985.7879028320315	-7.525807380676271	61.06705474853517	790.091247558594	18.79358863830567	10.7753210067749	797.194030761719	54.51535797119142	77.91593170166017	711.1517944335939	32.32251358032227	4.617251873016358	729.7247924804689	68.54476928710939	
19	0.18	129.9130401611328	890.7817993164065	-353.5994567871094	-82.39217376708986	905.2225341796877	-272.1573486328126	-73.00096130371095	916.3393554687502	-165.7634887695313	146.2587280273438	910.8425903320315	-107.7102813720703	38.31588363647462	782.4993896484377	-407.5174560546876	31.67712402343751	418.3931274414064	-365.1809997558594	44.97631454467774	393.9816894531251	-245.139144897461	-11.50307369232178	380.5063171386719	-372.4009399414063	26.93857574462891	337.5009155273438	-327.4503479003907	-253.181625366211	167.7275695800782	-334.3067932128907	-227.0885314941407	148.3805084228516	-258.1031188964844	-308.6199340820313	165.5790405273438	-273.5529174804688	-216.236801147461	30.60926246643067	-278.0677490234376	-212.1068725585938	41.56157302856446	-324.5335693359376	-258.2187500000001	65.01726531982423	-361.1054382324219	66.77759552001955	809.2531738281252	-37.88855361938477	186.3600158691407	448.3316955566407	-100.5457000732422	170.5442962646485	431.2334899902345	-226.5593719482422	181.2588195800782	392.8269042968751	-94.87637329101564	225.9507141113282	387.1918945312501	-145.4842224121094	163.8146514892578	65.84677124023439	-120.6059799194336	186.1786499023438	78.47511291503908	-203.037094116211	118.8343353271485	17.65018272399903	-171.5138092041016	298.4985351562501	20.57172775268555	-190.413803100586	295.0310058593751	32.19964981079102	-145.8504791259766	243.8139801025391	12.20390796661377	-93.70173645019533	22.68242073059082	1402.242431640625	-211.1445007324219	-75.71205902099611	1165.492919921875	-237.6255035400391	196.8783264160157	1068.95458984375	-228.1594848632813	135.9032287597657	1319.730834960938	-219.2693023681641	-73.09255218505861	1216.386352539063	-320.9817199707032	-32.12842178344727	1344.248657226563	-322.7202453613282	15.36498165130616	1351.54541015625	-383.1008911132813	65.75534820556642	1358.397827148438	-392.5128784179689	63.24324798583986	1048.353881835938	-480.1037597656251	33.82198333740235	1032.369506835938	-408.143768310547	37.44510650634766	1015.644897460938	-456.7881774902345	213.1990661621094	860.5889892578127	-440.0523681640626	157.2042846679688	837.6661376953127	-490.5177001953126	257.6168823242188	810.991882324219	-448.2481689453126	176.460189819336	779.5114746093752	-490.6999816894532	-81.07701110839845	1202.228515625	-155.4491424560547	-38.04277420043946	1324.783325195313	-141.5074768066407	11.70276355743408	1323.586059570313	-67.53983306884767	57.83112716674806	1327.813598632813	-47.38288497924805	10.94513320922852	1014.992492675781	14.6188383102417	-18.12277412414551	1003.545349121094	-51.40939331054689	-15.14566040039063	986.9681396484377	-5.784205436706544	75.38408660888673	791.737487792969	20.19347000122071	25.19057655334473	798.5771484375002	56.08950424194337	92.74449157714845	712.8045043945314	33.69665908813477	19.41522407531739	731.0975952148439	70.16159820556642	
20	0.19	141.0862426757813	891.792663574219	-352.0718688964844	-71.19093322753908	906.2478027343752	-270.3735351562501	-61.52849578857423	917.750427246094	-164.0030059814453	157.7523498535157	912.037292480469	-106.313102722168	50.69754791259767	783.1566162109377	-405.8850097656251	53.2873001098633	419.4054260253907	-364.8951416015626	70.06639862060548	393.8494567871095	-245.2911376953126	10.57103157043457	382.1940612792969	-372.0339050292969	49.24364471435548	338.5253601074219	-327.9080200195313	-233.9037475585938	173.2976837158203	-333.1159667968751	-206.9222564697266	152.3361053466797	-257.5524902343751	-288.5899047851563	171.1701965332032	-271.6087951660157	-198.7386016845704	34.10570907592774	-280.4973449707032	-195.1738433837891	45.77626419067384	-326.3995361328126	-241.4391479492188	71.38198089599611	-361.6888732910157	78.25842285156251	810.7613525390627	-36.30034255981446	192.2424316406251	447.9552612304689	-99.99878692626956	175.567367553711	431.2367248535157	-225.8833007812501	186.0355224609375	392.4145812988282	-94.41487884521486	230.7242431640626	386.3456115722657	-145.0554504394532	164.3472747802735	65.88987731933595	-120.9301300048828	186.5216217041016	78.52494049072267	-203.4505462646485	119.0524291992188	17.72169303894043	-171.6475067138672	298.7248840332032	20.46775817871094	-190.5996704101563	295.3859252929688	32.42058181762696	-145.7534332275391	243.8937988281251	12.57131671905518	-93.54757690429689	34.06797027587891	1403.580322265625	-210.1717224121094	-64.42471313476564	1166.827026367188	-236.3363800048829	208.2575378417969	1070.207885742188	-227.0545043945313	147.2511291503907	1321.045288085938	-218.5055847167969	-61.92919540405275	1217.64453125	-319.6789245605469	-20.97259140014649	1345.53125	-321.6004638671876	26.35462951660157	1352.839965820313	-382.1080322265626	76.79852294921876	1359.5927734375	-391.5717163085939	72.87356567382814	1049.288452148438	-478.362274169922	43.41265487670899	1033.779296875	-406.2850952148439	46.64794158935548	1016.974304199219	-454.8834533691407	219.9883880615235	859.2774047851565	-438.4131164550782	163.7704467773438	837.4324951171877	-489.1946716308595	263.3660278320313	808.839294433594	-446.2752990722657	181.9515380859375	778.9060058593752	-489.3196716308595	-69.70207977294923	1203.638671875	-154.037353515625	-26.46850585937501	1326.161743164063	-140.3133392333985	23.46333694458008	1325.04296875	-66.46373748779298	69.67225646972658	1329.2958984375	-46.43906402587891	24.43480491638184	1016.2119140625	16.14730644226075	-5.209196567535401	1004.627685546875	-49.61920166015626	-1.830859303474427	988.1564941406252	-4.032143592834474	89.98619079589845	793.4465332031252	21.50942993164063	39.91540908813477	799.9875488281252	57.6232376098633	107.9665145874024	714.5794067382814	35.0116310119629	34.61918258666993	732.5149536132814	71.76545715332033	
21	0.2	152.0023345947266	892.944030761719	-350.7772521972657	-60.22213745117189	907.414001464844	-268.4720764160157	-50.18396377563478	919.1116943359377	-162.2144470214844	169.1220703125	912.9902954101565	-105.0031509399414	62.73216247558595	784.1645507812502	-404.3751831054689	74.97599029541017	420.8456115722657	-364.5408020019532	94.79281616210939	394.3889465332032	-245.3213958740235	32.77891540527344	384.2107849121095	-371.5226135253907	71.86974334716798	339.9666748046876	-328.1518249511719	-213.4252624511719	178.1184387207032	-331.7991638183594	-185.6295013427735	155.7518005371094	-256.8273620605469	-267.5424804687501	175.4117736816407	-269.6925964355469	-178.6779327392578	37.57244491577149	-282.9184875488282	-175.8002471923828	50.02619934082033	-328.3167419433594	-222.4397583007813	77.20774078369142	-362.2543334960938	89.48553466796876	812.0531005859377	-34.83570861816407	197.4708557128907	447.5036621093751	-99.48252105712893	180.2157440185547	431.144256591797	-225.2676391601563	190.1799011230469	391.9201660156251	-93.99063873291017	234.9834899902344	385.4653320312501	-144.5938873291016	164.7239837646485	65.87213134765626	-121.3016357421875	186.8125305175782	78.54101562500001	-203.885238647461	119.1947174072266	17.73987770080567	-171.8617401123047	298.8803710937501	20.42889404296875	-190.7454681396485	295.6103820800782	32.63085937500001	-145.6688385009766	243.8962860107422	12.85566997528077	-93.46388244628908	45.37982177734376	1404.945678710938	-209.2785186767579	-53.28424453735353	1168.191772460938	-234.9900054931641	219.2865753173829	1071.3818359375	-226.179183959961	158.5077819824219	1322.347412109375	-217.8513488769532	-50.94829559326173	1218.906372070313	-318.3137512207032	-9.965678215026857	1346.809448242188	-320.4986267089844	37.14024734497071	1354.081298828125	-381.1724853515626	87.63164520263673	1360.726440429688	-390.7449645996095	82.3186721801758	1050.192626953125	-476.6975708007814	52.8314666748047	1035.149780273438	-404.5149841308595	55.71277236938478	1018.27197265625	-453.0388793945314	226.5144500732422	857.9329833984377	-436.928924560547	170.0887908935547	837.2053833007815	-488.035369873047	268.7950439453126	806.6245117187502	-444.4475708007814	187.1622009277344	778.3149414062502	-488.1353454589845	-58.48788833618165	1205.142211914063	-152.5637817382813	-14.95827674865723	1327.608764648438	-139.1355285644532	35.21009063720704	1326.5712890625	-65.43331909179689	81.51265716552736	1330.82958984375	-45.57851028442384	38.09066390991212	1017.431701660156	17.6454086303711	7.772475242614748	1005.699279785156	-47.81367492675782	11.61370086669922	989.3549804687502	-2.282637834548951	104.8568267822266	795.223083496094	22.72996139526368	54.93018341064455	801.4324951171877	59.10290527343751	123.5498733520508	716.4747314453126	36.24528503417969	50.20827484130861	733.9822998046876	73.34017181396486	
22	0.21	162.6866607666016	894.2656250000002	-349.7027587890626	-49.45393753051759	908.7075195312502	-266.4911804199219	-38.95583724975587	920.4283447265627	-160.4170684814453	180.3753051757813	913.7344970703127	-103.7819747924805	74.4573440551758	785.497985839844	-403.0027770996095	96.68340301513675	422.7066345214845	-364.1420898437501	118.9737014770508	395.5925292968751	-245.2317047119141	55.02727127075197	386.5367736816407	-370.8934020996094	94.72090911865236	341.8111877441407	-328.2108154296876	-191.8240966796875	182.0524291992188	-330.4000854492188	-163.2858428955078	158.5385437011719	-255.9585723876954	-245.5619506835938	178.2405395507813	-267.8458557128907	-156.2236633300782	40.81819534301759	-285.1808776855469	-154.1155242919922	54.08213424682619	-330.1439208984376	-201.3075714111329	82.24276733398439	-362.7427673339844	100.4372177124024	813.1311035156252	-33.50908279418946	202.1135253906251	447.012420654297	-98.98521423339847	184.5511932373047	430.9839172363282	-224.7038269042969	193.7789001464844	391.3784179687501	-93.58812713623048	238.7876739501954	384.5785217285157	-144.0956115722657	164.9821014404297	65.80456542968751	-121.6994781494141	187.0726623535157	78.52262115478517	-204.3273925781251	119.2628479003907	17.7290267944336	-172.130844116211	298.9805908203126	20.40310096740723	-190.8589782714844	295.7331237792969	32.78610229492188	-145.6039428710938	243.8388977050782	13.03689193725586	-93.44301605224611	56.6198081970215	1406.330810546875	-208.4584045410157	-42.26618576049805	1169.578857421875	-233.5748443603516	229.9933166503907	1072.4931640625	-225.5312957763672	169.6779022216797	1323.63720703125	-217.2937011718751	-40.13418579101563	1220.164306640625	-316.8840637207032	0.9014169573783877	1348.072875976563	-319.4089355468751	47.73680496215821	1355.261108398438	-380.2840576171876	98.26319885253909	1361.799438476563	-390.0237426757814	91.56579589843751	1051.0703125	-475.1055297851564	62.07707595825197	1036.484375	-402.8225097656251	64.62934875488283	1019.542663574219	-451.2537536621095	232.7779998779297	856.5711669921877	-435.5973205566407	176.1629638671875	836.9956054687502	-487.0267028808595	273.9307250976563	804.3880004882815	-442.7952575683595	192.1100769042969	777.755310058594	-487.1392517089845	-47.40929031372071	1206.722900390625	-151.0279693603516	-3.51123857498169	1329.11572265625	-137.9720001220703	46.94260025024415	1328.167358398438	-64.44411468505861	93.34521484375001	1332.418334960938	-44.79555892944337	51.89162445068361	1018.660217285156	19.10679435729981	20.82478332519532	1006.770141601563	-46.00897979736329	25.18272209167481	990.5644531250002	-0.5480337142944337	119.9787063598633	797.0725708007815	23.84417724609375	70.21539306640626	802.9199218750002	60.51545715332033	139.4603881835938	718.4867553710939	37.37314987182618	66.1587371826172	735.5053100585939	74.86782836914064	
23	0.22	173.1719665527344	895.7781372070315	-348.8219299316407	-38.85010147094727	910.104675292969	-264.4798583984376	-27.83498191833497	921.7062988281252	-158.636215209961	191.519027709961	914.3165283203127	-102.647201538086	85.92947387695314	787.1108398437502	-401.7784729003907	118.3568878173828	424.9588012695314	-363.7265014648438	142.4992218017578	397.4144287109376	-245.0377807617188	77.24271392822267	389.1257324218751	-370.1823425292969	117.7080230712891	344.0313110351563	-328.1262817382813	-169.1803588867188	184.9768829345703	-328.9637756347657	-139.965805053711	160.6164855957032	-254.9812469482422	-222.7165222167969	179.6282043457032	-266.1045227050782	-131.5900421142578	43.66259765625001	-287.1494445800782	-130.2949523925782	57.72185516357423	-331.7485656738282	-178.1712341308594	86.26806640625001	-363.1008605957032	111.0980758666992	814.0097656250002	-32.33018112182618	206.2464599609376	446.5125732421876	-98.49674224853518	188.6245880126953	430.778778076172	-224.1849670410157	196.9239654541016	390.8225708007814	-93.19361114501955	242.1965942382813	383.7116088867188	-143.5610961914063	165.1582794189453	65.70252990722658	-122.1052551269532	187.3193511962891	78.4779739379883	-204.7648010253907	119.2670059204102	17.71177101135254	-172.4314270019532	299.0419311523438	20.35848999023438	-190.9460601806641	295.7842712402344	32.86571884155274	-145.5601501464844	243.7404022216797	13.11393547058106	-93.4731903076172	67.78968048095705	1407.723754882813	-207.7048492431641	-31.34556770324708	1170.9755859375	-232.0869140625001	240.4119567871094	1073.56298828125	-225.0976562500001	180.7664184570313	1324.912475585938	-216.8206634521485	-29.46819496154786	1221.408813476563	-315.3940734863282	11.63932037353516	1349.309692382813	-318.3274841308594	58.16352844238283	1356.37255859375	-379.4326782226563	108.7056045532227	1362.81396484375	-389.3966369628907	100.6032104492188	1051.925415039063	-473.5810546875001	71.1492385864258	1037.787841796875	-401.1954650878907	73.38452148437501	1020.792907714844	-449.527069091797	238.7821502685547	855.2059326171877	-434.4167785644532	181.9934387207032	836.8110351562502	-486.152313232422	278.8000488281251	802.1661376953127	-441.3457641601564	196.8089447021485	777.2393798828127	-486.3166503906251	-36.43376159667969	1208.357177734375	-149.4361267089844	7.874435424804689	1330.667602539063	-136.8234252929688	58.65866470336915	1329.822021484375	-63.49362945556642	105.1605072021485	1334.061401367188	-44.08478927612305	65.81092834472658	1019.904968261719	20.52709197998047	33.94878768920899	1007.848999023438	-44.22090148925782	38.86903381347657	991.7815551757815	1.160956501960755	135.333984375	798.9985961914065	24.84242057800294	85.75218200683595	804.4553833007815	61.84896087646486	155.6642761230469	720.6085815429689	38.37071609497071	82.44457244873048	737.0871582031251	76.32946014404298	
24	0.23	183.4972534179688	897.4869384765627	-348.0976867675782	-28.37307739257813	911.572204589844	-262.4942932128907	-16.81542396545411	922.949401855469	-156.9020385742188	202.5597839355469	914.7888183593752	-101.5930938720703	97.21788024902347	788.9402465820315	-400.7080993652345	139.9466094970703	427.5527648925782	-363.3208007812501	165.3297729492188	399.7803344726564	-244.7654724121094	99.36929321289065	391.9080810546876	-369.4297485351563	140.7492980957032	346.5874023437501	-327.9442749023438	-145.5728912353516	186.7899932861328	-327.5334472656251	-115.7399826049805	161.9175567626953	-253.9318542480469	-199.0567016601563	179.5751037597657	-264.4965209960938	-105.012680053711	45.94991683959962	-288.7201538085938	-104.5413131713867	60.74900817871095	-333.0236816406251	-153.1887359619141	89.11168670654298	-363.2881164550782	121.4630889892578	814.7119140625002	-31.30290412902833	209.9484100341797	446.0283508300782	-98.00980377197268	192.4748992919922	430.5455017089845	-223.7068023681641	199.7051391601563	390.2813415527345	-92.79681396484376	245.2679290771485	382.8869323730469	-142.9952545166016	165.2853546142578	65.58261108398439	-122.5044937133789	187.5651092529297	78.42041015625001	-205.1880035400391	119.2230377197266	17.70676612854004	-172.7442474365235	299.0800170898438	20.2801685333252	-191.0112609863282	295.7924194335938	32.86838912963868	-145.5346374511719	243.6188507080079	13.09994220733643	-93.5409622192383	78.89123535156251	1409.108154296875	-207.0115966796876	-20.49934959411621	1172.364501953125	-230.5297546386719	250.5811462402344	1074.612548828125	-224.8552398681641	191.7782135009766	1326.16748046875	-216.4220733642579	-18.9306640625	1222.627563476563	-313.8532714843751	22.25922203063965	1350.505615234375	-317.2519531250001	68.4418411254883	1357.407958984375	-378.6090087890626	118.9738464355469	1363.770629882813	-388.8506774902345	109.420883178711	1052.758544921875	-472.1187133789064	80.04905700683595	1039.063110351563	-399.6219177246095	81.96446990966798	1022.027221679688	-447.8575744628907	244.5340881347657	853.848083496094	-433.3868713378907	187.5797882080078	836.6545410156252	-485.3939514160157	283.4308471679688	799.9890136718752	-440.1218872070314	201.2704010009766	776.7733154296877	-485.6470031738282	-25.52489662170411	1210.014038085938	-147.7998352050782	19.20160484313965	1332.24267578125	-135.6925506591797	70.3546829223633	1331.518188476563	-62.58121490478517	116.9482727050782	1335.750854492188	-43.44123458862305	79.81833648681642	1021.169006347656	21.90402412414551	47.14297485351563	1008.940124511719	-42.46344757080079	52.66321182250978	992.9976196289065	2.835949182510376	150.9043731689453	801.0006103515627	25.71671676635743	101.5226135253907	806.039489746094	63.09290313720705	172.1302032470703	722.8297729492189	39.21562194824219	99.03836059570315	738.7266235351564	77.70582580566408	
25	0.24	193.706283569336	899.3771972656252	-347.4861145019532	-17.98660469055176	913.0696411132815	-260.5930786132813	-5.894219875335694	924.1575927734377	-155.2474517822266	213.5037841796876	915.2017822265627	-100.6113891601563	108.3981018066407	790.912048339844	-399.7927551269532	161.4021606445313	430.4240722656251	-362.9471740722657	187.4850463867188	402.5989074707032	-244.4456939697266	121.3645782470703	394.797576904297	-368.6751403808594	163.7704467773438	349.4302978515626	-327.7084350585938	-121.0756225585938	187.4162139892578	-326.1480407714844	-90.67192840576173	162.3875885009766	-252.8460845947266	-174.614990234375	178.1038513183594	-263.0409545898438	-76.7269973754883	47.55948638916016	-289.8309631347657	-77.06710815429689	63.00830078125001	-333.9002990722657	-126.5338745117188	90.65872955322267	-363.2824096679688	131.5407104492188	815.265075683594	-30.42470359802247	213.2964630126954	445.5758361816407	-97.5204772949219	196.1302795410157	430.2943115234376	-223.267807006836	202.2061614990235	389.7770996093751	-92.39169311523439	248.0555114746094	382.1202087402344	-142.4066314697266	165.3902587890625	65.46017456054689	-122.8870925903321	187.8174743652344	78.36488342285158	-205.5907440185547	119.1495590209961	17.72728729248047	-173.0550842285157	299.1081542968751	20.16623115539551	-191.0582733154297	295.7825927734376	32.80659484863282	-145.5221862792969	243.4899902343751	13.0170316696167	-93.63323974609376	89.92665100097658	1410.462890625	-206.3728179931641	-9.708062171936037	1173.72265625	-228.9136657714844	260.5428466796876	1075.658325195313	-224.773422241211	202.7179870605469	1327.392211914063	-216.0900268554688	-8.502612113952638	1223.804809570313	-312.2749023437501	32.77233886718751	1351.643798828125	-316.1816711425782	78.59349822998048	1358.357666015625	-377.8051147460938	129.0844116210938	1364.666870117188	-388.3724060058595	118.011215209961	1053.565795898438	-470.7133178710939	88.77927398681642	1040.308715820313	-398.0915527343751	90.35706329345705	1023.245727539063	-446.2437438964845	250.0462341308594	852.5042114257815	-432.5079650878907	192.9227600097657	836.5232543945315	-484.7330932617189	287.8518371582032	797.8780517578127	-439.1403808593751	205.5054168701172	776.3558349609377	-485.1054687500001	-14.64631748199463	1211.65673828125	-146.1343688964844	30.47427940368653	1333.813354492188	-134.5835571289063	82.02635955810548	1333.231689453125	-61.70764923095705	128.6991577148438	1337.47021484375	-42.86041641235352	93.88288879394533	1022.44873046875	23.23725509643555	60.40256500244142	1010.040893554688	-40.74765777587891	66.55335235595705	994.1973266601565	4.471232891082765	166.6712036132813	803.072448730469	26.46100616455079	117.5097427368164	807.6660766601565	64.23826599121095	188.830551147461	725.1357421875001	39.88941955566407	115.9120407104492	740.4165649414064	78.97806549072267	
26	0.25	203.8452758789063	901.412048339844	-346.9410095214844	-7.657700538635256	914.5525512695315	-258.8326416015626	4.929487228393556	925.325622558594	-153.7056579589844	224.3573913574219	915.5961914062502	-99.69227600097659	119.5448226928711	792.9471435546877	-399.0288696289064	182.6705017089844	433.4986877441407	-362.6207275390626	209.0264129638672	405.773162841797	-244.1087646484376	143.1953582763672	397.6990661621095	-367.9526977539063	186.7044372558594	352.5042114257813	-327.4543151855469	-95.75415802001955	186.81005859375	-324.8408508300782	-64.81528472900392	161.9879455566407	-251.7570953369141	-149.4063568115235	175.2540283203125	-261.7484436035157	-46.95159912109376	48.41259002685548	-290.4661254882813	-48.07890701293947	64.39577484130861	-334.3539428710938	-98.38258361816409	90.85626220703126	-363.0828247070313	141.354476928711	815.6975708007815	-29.68662452697755	216.3629760742188	445.1628723144532	-97.02821350097659	199.6104278564454	430.030242919922	-222.8686065673829	204.5009918212891	389.3247375488282	-91.97644805908205	250.6083221435547	381.4193725585938	-141.8061676025391	165.4928894042969	65.3478469848633	-123.2469177246094	188.0795288085938	78.32503509521486	-205.969711303711	119.0653762817383	17.78074645996094	-173.3546905517578	299.1365356445313	20.0235710144043	-191.0902709960938	295.7747497558594	32.70092391967774	-145.5166931152344	243.3664245605469	12.89139652252198	-93.73848724365236	100.8989944458008	1411.763671875	-205.7832183837891	1.043397068977356	1175.0224609375	-227.2541503906251	270.3421630859376	1076.708740234375	-224.8171081542969	213.5905761718751	1328.571899414063	-215.8188018798829	1.833207964897156	1224.921630859375	-310.6745910644532	43.18983459472657	1352.704833984375	-315.1173400878907	88.63914489746095	1359.210327148438	-377.0149230957032	139.0547027587891	1365.496215820313	-387.9488525390626	126.3698883056641	1054.33740234375	-469.3602600097657	97.34468078613284	1041.517211914063	-396.5964965820314	98.5539474487305	1024.442138671875	-444.6837463378907	255.3366241455079	851.1752929687502	-431.7806091308595	198.0260467529297	836.4077758789065	-484.1519165039064	292.0927734375001	795.8449707031252	-438.4113159179689	209.5258789062501	775.9783325195315	-484.6646728515626	-3.765334606170655	1213.245727539063	-144.4568023681641	41.69771575927735	1335.347045898438	-133.501205444336	93.66956329345705	1334.931640625	-60.8745574951172	140.4063720703125	1339.1943359375	-42.33831024169923	107.9757919311524	1023.732299804688	24.52797317504884	73.71932220458986	1011.141052246094	-39.08087921142579	80.52503204345705	995.3597412109377	6.063741207122805	182.615463256836	805.2012329101565	27.07116317749024	133.6974639892578	809.3217773437502	65.27745056152345	205.7418060302735	727.5083618164064	40.37873458862305	133.0376739501953	742.1429443359376	80.12838745117189	
27	0.26	213.9602661132813	903.5338134765627	-346.4182739257813	2.642090320587159	915.9757080078127	-257.2625427246094	15.65607643127442	926.4426269531252	-152.3074951171875	235.1273345947266	915.9971923828127	-98.8255310058594	130.7252502441407	794.967468261719	-398.4088134765626	203.6954650878907	436.6982727050782	-362.3480834960938	230.0358581542969	409.2095947265626	-243.7795410156251	164.8335723876953	400.5166931152345	-367.2880859375001	209.4909820556641	355.7496032714844	-327.2052917480469	-69.66284942626955	184.9581604003907	-323.6393432617188	-38.21167755126954	160.6971893310547	-250.6948547363282	-123.429672241211	171.0788116455078	-260.6234741210938	-15.87724304199219	48.47591018676759	-290.6539916992188	-17.7651424407959	64.86377716064455	-334.4040832519532	-68.90064239501955	89.71331024169923	-362.7094726562501	150.9425201416016	816.0347290039065	-29.07414627075196	219.2136993408204	444.7902221679689	-96.53549957275393	202.9292907714844	429.7551879882814	-222.5108642578126	206.652084350586	388.9315795898439	-91.5530471801758	252.9702148437501	380.7840576171876	-141.2061004638672	165.6062164306641	65.25477600097658	-123.5810317993164	188.3506622314453	78.31108856201173	-206.323959350586	118.9873123168946	17.8690357208252	-173.6381988525391	299.1716308593751	19.86390113830567	-191.1100311279297	295.7831115722657	32.57483673095704	-145.5124969482422	243.2572631835938	12.749174118042	-93.84742736816408	111.8126068115235	1412.98388671875	-205.2381134033204	11.76583480834961	1176.234130859375	-225.5702819824219	280.0270996093751	1077.761840820313	-224.9499053955079	224.4012145996094	1329.687744140625	-215.6044158935547	12.09189414978028	1225.956787109375	-309.0687866210938	53.52309417724611	1353.66845703125	-314.0608520507813	98.59748840332034	1359.952514648438	-376.2345581054688	148.902816772461	1366.24755859375	-387.5682678222657	134.4967498779297	1055.057861328125	-468.0556945800782	105.75244140625	1042.675048828125	-395.1315307617189	106.552230834961	1025.603637695313	-443.1752014160157	260.4288940429688	849.856872558594	-431.2048339843751	202.8974914550782	836.2927856445315	-483.6340332031251	296.1840820312501	793.8921508789065	-437.9381103515626	213.3455810546876	775.6255493164065	-484.2969360351564	7.144210338592531	1214.740844726563	-142.7844390869141	52.87846755981447	1336.808349609375	-132.4501495361328	105.2812423706055	1336.582397460938	-60.08380126953126	152.0668487548828	1340.890625	-41.8712501525879	122.0726470947266	1024.999877929688	25.77831649780274	87.08191680908205	1012.222229003906	-37.46655273437501	94.56145477294923	996.4595947265627	7.612691879272463	198.7178802490235	807.3681640625002	27.54482078552247	150.0702667236328	810.986022949219	66.20410919189455	222.8441162109376	729.9263916015626	40.67571640014649	150.3881225585938	743.8855590820314	81.14068603515626	
28	0.27	224.0940246582032	905.6680908203127	-345.8798828125001	12.93616104125977	917.2968750000002	-255.9214324951172	26.28737449645997	927.492858886719	-151.0788269042969	245.8209838867188	916.4104003906252	-98.00164794921878	141.9934997558594	796.9014892578127	-397.9216918945314	224.4186401367188	439.9447631835939	-362.1273193359376	250.5951232910157	412.8237915039064	-243.4737854003907	186.2530517578125	403.1608886718751	-366.6970520019532	232.0755920410157	359.1059265136719	-326.9709777832032	-42.84272766113282	181.8800811767578	-322.5657348632813	-10.88967800140381	158.512924194336	-249.6859436035157	-96.66986846923831	165.6438446044922	-259.6674804687501	16.33837699890137	47.76197814941407	-290.4590148925782	13.71207332611084	64.4210891723633	-334.1075134277344	-38.23368072509766	87.29664611816408	-362.2005310058594	160.35498046875	816.2957763671877	-28.56870079040528	221.907211303711	444.4529418945314	-96.04736328125003	206.0976104736329	429.4699707031251	-222.1961212158204	208.7104187011719	388.5980834960939	-91.12648773193361	255.1802978515626	380.2064208984376	-140.6191711425782	165.737060546875	65.18667602539064	-123.8887405395508	188.6278991699219	78.32861328125001	-206.6541900634766	118.9287261962891	17.98953247070313	-173.9041442871094	299.2162780761719	19.70036888122559	-191.1200561523438	295.8160400390626	32.45040512084962	-145.5053863525391	243.1682739257813	12.61336612701416	-93.95313262939455	122.6735000610352	1414.096313476563	-204.7334747314454	22.46652412414551	1177.3271484375	-223.8827667236329	289.6484985351563	1078.803466796875	-225.1374816894532	235.1561737060547	1330.718017578125	-215.4438934326172	22.28658866882325	1226.887817382813	-307.4737548828126	63.78422927856447	1354.51416015625	-313.0155029296876	108.4851913452149	1360.570068359375	-375.4626159667969	158.6477813720703	1366.905639648438	-387.2209777832032	142.3966369628907	1055.707885742188	-466.7965087890626	114.0124053955078	1043.763671875	-393.6940307617189	114.3554306030274	1026.712036132813	-441.715301513672	265.3515625000001	848.5393676757815	-430.779510498047	207.5496673583985	836.1582031250002	-483.1648254394532	300.1559143066407	792.0127563476565	-437.7176208496095	216.9808959960938	775.277526855469	-483.9762268066407	18.10028266906739	1216.104370117188	-141.1335601806641	64.02430725097658	1338.161743164063	-131.4345092773438	116.8601913452149	1338.146606445313	-59.33697509765626	163.6817779541016	1342.521362304688	-41.45591354370118	136.1549224853516	1026.22509765625	26.99067497253419	100.4766998291016	1013.259643554688	-35.90452194213868	108.6437911987305	997.4693603515627	9.118967056274416	214.9590911865235	809.549011230469	27.88108253479005	166.6127624511719	812.632751464844	67.01296234130861	240.1200866699219	732.3668212890626	40.77787399291993	167.9374084472657	745.6185913085939	82.00107574462892	
29	0.28	234.2831726074219	907.729675292969	-345.2971191406251	23.242919921875	918.4798583984377	-254.8343505859376	36.82845687866212	928.4564208984377	-150.0382537841797	256.4463195800782	916.8218383789065	-97.2129821777344	153.3862915039063	798.6882324218752	-397.554168701172	244.7808837890626	443.1639099121095	-361.9486389160157	270.7678833007813	416.5423889160157	-243.196517944336	207.4268341064454	405.5536193847657	-366.1851806640626	254.4081268310547	362.5138244628907	-326.7474975585938	-15.32051467895508	177.6277008056641	-321.6383972167969	17.13476181030274	155.4539031982422	-248.7539978027344	-69.10073852539064	159.0279388427735	-258.8825073242188	49.57082748413087	46.32724380493165	-289.9695739746094	46.22087478637696	63.12903976440431	-333.5473327636719	-6.500576019287111	83.72350311279298	-361.6069335937501	169.6495513916016	816.4920043945315	-28.14962577819825	224.4953155517579	444.1425170898439	-95.57082366943361	209.1248168945313	429.1762084960939	-221.9250030517579	210.7168273925782	388.319061279297	-90.70410156250001	257.2738342285157	379.6727905273438	-140.0583648681641	165.8874206542969	65.14639282226564	-124.1707763671875	188.9072265625	78.3780975341797	-206.9621124267579	118.8984909057617	18.1366195678711	-174.1532897949219	299.2703857421876	19.54491233825684	-191.1227111816407	295.8768310546876	32.34519195556641	-145.493148803711	243.1023406982422	12.50188446044922	-94.05099487304689	133.4894561767578	1415.075317382813	-204.2660675048829	33.15037536621094	1178.273193359375	-222.2124176025391	299.2588195800782	1079.808349609375	-225.3500366210938	245.8630371093751	1331.639282226563	-215.3344726562501	32.4291000366211	1227.692504882813	-305.9048156738282	73.98661041259767	1355.222412109375	-311.9857482910157	118.3174133300782	1361.049072265625	-374.7001647949219	168.3098602294922	1367.452758789063	-386.8995971679689	150.0799255371094	1056.265869140625	-465.5804748535157	122.1371612548828	1044.760864257813	-392.283660888672	121.9736480712891	1027.744750976563	-440.3008422851564	270.1370849609376	847.2092895507815	-430.5018920898439	211.999740600586	835.981140136719	-482.7316894531251	304.0374450683594	790.1929931640627	-437.7410888671876	220.4508209228516	774.9114990234377	-483.6798095703126	29.11226081848145	1217.3037109375	-139.5187530517578	75.14402008056642	1339.373657226563	-130.4576263427735	128.4076232910157	1339.587036132813	-58.635066986084	175.2564392089844	1344.046264648438	-41.08929443359376	150.2102966308594	1027.377197265625	28.16699409484864	113.8889236450196	1014.2236328125	-34.39184951782227	122.7517700195313	998.361755371094	10.58432960510254	231.319808959961	811.7160644531252	28.08016967773438	183.3093566894532	814.2324829101565	67.69956970214845	257.5534057617188	734.8057861328126	40.68736267089844	185.6610107421875	747.3130493164064	82.69833374023439	
30	0.29	244.5556793212891	909.6304321289065	-344.6526794433594	33.57625198364259	919.4960937500002	-254.0110321044922	47.28890991210938	929.3108520507815	-149.1956481933594	267.0117187500001	917.199157714844	-96.45465850830081	164.9205169677735	800.2798461914065	-397.291473388672	264.7241821289063	446.2873840332032	-361.7962036132813	290.5872802734376	420.301727294922	-242.9421386718751	228.3253784179688	407.632049560547	-365.7489929199219	276.4411315917969	365.9169921875001	-326.5199279785157	12.89104270935059	172.2841949462891	-320.8733825683594	45.85653686523438	151.5622863769532	-247.9201965332032	-40.68833923339844	151.3255462646485	-258.2738952636719	83.7250442504883	44.26836013793946	-289.2844238281251	79.65947723388673	61.09505081176759	-332.8193664550782	26.20940399169923	79.15258789062501	-360.9857788085938	178.8858795166016	816.6265258789065	-27.79626846313477	227.0239562988282	443.8485717773439	-95.11440277099611	212.0203857421876	428.8774414062501	-221.6968383789063	212.7040557861329	388.0852661132814	-90.29492187500001	259.2832336425782	379.1657714843751	-139.5368347167969	166.0561828613282	65.1348114013672	-124.4289016723633	189.1851196289063	78.45531463623048	-207.2501525878907	118.900634765625	18.30346870422364	-174.3877563476563	299.3315429687501	19.40643882751465	-191.1204223632813	295.9643249511719	32.27042770385743	-145.4758605957032	243.0599975585938	12.42663002014161	-94.1384963989258	144.270004272461	1415.89794921875	-203.8334350585938	43.82122421264649	1179.047973632813	-220.5789947509766	308.9104614257813	1080.741577148438	-225.5642547607422	256.5310974121094	1332.428100585938	-215.2731628417969	42.53074645996094	1228.3505859375	-304.3761291503907	84.14520263671876	1355.776611328125	-310.9773559570313	128.1087188720703	1361.377197265625	-373.9506225585938	177.9109191894532	1367.8701171875	-386.5993652343751	157.5628051757813	1056.710571289063	-464.4060363769532	130.1419372558594	1045.643310546875	-390.9018554687501	129.423095703125	1028.6787109375	-438.9284667968751	274.8206787109376	845.8510742187502	-430.3675537109376	216.2690582275391	835.738464355469	-482.3239746093751	307.8556213378907	788.4138183593752	-437.994842529297	223.7768096923829	774.5044555664065	-483.389617919922	40.18161773681641	1218.312866210938	-137.9527130126953	86.24704742431642	1340.415283203125	-129.5221557617188	139.9272155761719	1340.8701171875	-57.97836303710939	186.7994995117188	1345.426025390625	-40.76877593994141	164.2321014404297	1028.424072265625	29.30809402465821	127.3041000366211	1015.082153320313	-32.92403793334962	136.8644561767578	999.1116943359377	12.01055335998536	247.7810363769532	813.840270996094	28.14311027526856	200.1437377929688	815.7544555664065	68.2602005004883	275.1273193359376	737.2198486328126	40.40997314453126	203.5357360839844	748.9384765625001	83.22425079345705	
31	0.3	254.9294586181641	911.2871704101565	-343.9416198730469	43.94608688354493	920.3257446289065	-253.445785522461	57.68317794799806	930.0329589843752	-148.5512847900391	277.5256042480469	917.4969482421877	-95.72537231445314	176.5923919677735	801.642761230469	-397.1181945800782	284.1932373046876	449.2541809082032	-361.6499633789063	310.0491943359376	424.0443115234376	-242.6961822509766	248.9152832031251	409.3500976562501	-365.3779296875001	298.1280212402344	369.2635803222657	-326.2658081054688	41.79149627685548	165.962387084961	-320.2851867675782	75.27819061279298	146.90576171875	-247.2038574218751	-11.3948392868042	142.649658203125	-257.8520202636719	118.7285308837891	41.71717834472657	-288.4994812011719	113.9523315429688	58.46455001831056	-332.0187683105469	59.83539962768556	73.77462768554689	-360.3932800292969	188.1197967529297	816.6948852539065	-27.48994064331055	229.5341339111329	443.5608520507814	-94.68768310546876	214.7948303222657	428.5793762207032	-221.5100402832032	214.6990356445313	387.8852844238282	-89.90914916992189	261.2392272949219	378.6667175292969	-139.0677642822266	166.2404937744141	65.15180969238283	-124.6657943725586	189.4597320556641	78.5523147583008	-207.5214233398438	118.9345474243164	18.48386573791504	-174.6104583740235	299.3962402343751	19.28981971740723	-191.1159057617188	296.0741577148438	32.23043441772462	-145.4557800292969	243.0400085449219	12.39344310760498	-94.21500396728517	155.0261993408203	1416.544921875	-203.4340362548829	54.48291397094728	1179.63330078125	-219.0004425048829	318.6531372070313	1081.562133789063	-225.7641754150391	267.1712646484376	1333.062622070313	-215.2563018798829	52.60319137573244	1228.844482421875	-302.9007873535157	94.27667236328126	1356.1630859375	-309.9973144531251	137.874267578125	1361.544311523438	-373.2192077636719	187.4744720458985	1368.139526367188	-386.3180541992189	164.8669738769532	1057.023559570313	-463.2723693847657	138.0442504882813	1046.389404296875	-389.5513610839845	136.7251739501953	1029.491577148438	-437.5949096679689	279.4386596679688	844.4494628906252	-430.3705139160157	220.382064819336	835.4089965820315	-481.9329528808595	311.6342163085938	786.6533813476565	-438.4611206054689	226.9821166992188	774.035339355469	-483.0928649902345	51.30337524414064	1219.113525390625	-136.4464569091797	97.34293365478518	1341.26318359375	-128.6303100585938	151.4249725341797	1341.966918945313	-57.36653518676759	198.3218841552735	1346.624389648438	-40.49219131469727	178.2180328369141	1029.335205078125	30.4131202697754	140.7094268798828	1015.803283691406	-31.49642753601075	150.9612579345703	999.6984863281252	13.39856719970703	264.3241882324219	815.8929443359377	28.07149696350098	217.0984649658204	817.1694946289065	68.69178771972658	292.8235473632813	739.5871582031251	39.9539909362793	221.5394897460938	750.4657592773439	83.57380676269533	
32	0.31	265.4118652343751	912.628845214844	-343.1712341308594	54.35884475708009	920.9570922851565	-253.1187591552735	68.02986145019533	930.5999145507815	-148.0961303710938	287.9959106445313	917.6625976562502	-95.02770233154298	188.378646850586	802.7568969726565	-397.0189514160157	303.1364135742188	452.0109252929689	-361.4880065917969	329.1117858886719	427.7143859863282	-242.4380950927735	269.1586608886719	410.6787109375001	-365.0567932128907	319.4214477539063	372.5072937011719	-325.9597778320313	71.3895950317383	158.802963256836	-319.8873291015626	105.4054412841797	141.5791320800782	-246.6225738525391	18.8169002532959	133.1349487304688	-257.6320800781251	154.5227203369141	38.83477020263673	-287.6968688964844	149.0433044433594	55.41241455078126	-331.2283630371094	94.34001922607423	67.80339813232423	-359.8787231445313	197.3983764648438	816.6872558593752	-27.21546936035157	232.0625915527344	443.2703247070314	-94.30081939697267	217.4608764648438	428.2899475097657	-221.3628082275391	216.7247467041016	387.7071533203126	-89.55769348144533	263.1715087890626	378.1582946777344	-138.6639251708985	166.4370422363282	65.19714355468751	-124.8853302001953	189.731918334961	78.65892791748048	-207.7798156738282	118.9957733154297	18.67382240295411	-174.8249969482422	299.4607543945313	19.19563102722168	-191.1123504638672	296.1997680664063	32.22308731079102	-145.4370269775391	243.0396270751954	12.40268993377686	-94.28172302246095	165.7699890136719	1417.001953125	-203.0672149658204	65.13999938964845	1180.017333984375	-217.492660522461	328.5307006835938	1082.22607421875	-225.9412536621094	277.7958374023438	1333.523559570313	-215.2796478271485	62.65912246704103	1229.1611328125	-301.4910888671876	104.3990859985352	1356.372436523438	-309.0535583496094	147.6305694580078	1361.543579101563	-372.5125732421876	197.0255279541016	1368.244995117188	-386.0557556152345	172.0190582275391	1057.191040039063	-462.1793823242189	145.8633880615235	1046.98095703125	-388.2356262207032	143.9050598144532	1030.164672851563	-436.2973022460939	284.0271911621094	842.9912719726565	-430.5039367675782	224.3654327392579	834.9758911132815	-481.551971435547	315.3928833007813	784.8894653320315	-439.118865966797	230.0910644531251	773.4869384765627	-482.7822875976564	62.4679527282715	1219.695556640625	-135.0096740722657	108.440658569336	1341.901489257813	-127.7842178344727	162.9083862304688	1342.855346679688	-56.79891204833986	209.8355407714844	1347.611083984375	-40.25789642333985	192.1684875488282	1030.083984375	31.47915267944337	154.0950317382813	1016.357360839844	-30.10566711425782	165.0230255126953	1000.1064453125	14.74767971038819	280.9310913085938	817.8476562500002	27.8673496246338	234.1546478271485	818.4516601562502	68.99192047119142	310.6213684082032	741.8879394531251	39.32909774780274	239.6507110595704	751.8690185546876	83.7451858520508	
33	0.32	276.0004882812501	913.6023559570315	-342.3598327636719	64.81765747070314	921.3852539062502	-252.9985809326172	78.35010528564455	930.990905761719	-147.8128662109375	298.4298095703126	917.6433715820315	-94.36802673339845	200.2393798828126	803.6142578125002	-396.9792480468751	321.5064697265626	454.5119628906251	-361.2888793945313	347.6995849609376	431.2534179687501	-242.1444396972657	289.0130310058594	411.604949951172	-364.7684936523438	340.2719421386719	375.6081237792969	-325.5779724121094	101.6986999511719	150.9723052978516	-319.6918029785157	136.2416229248047	135.7048950195313	-246.1919097900391	49.97816085815431	122.9397964477539	-257.6323242187501	191.0532684326172	35.80473709106446	-286.9372558593751	184.8865661621094	52.13439559936525	-330.5101623535157	129.7011413574219	61.46761703491212	-359.4794311523438	206.7564544677735	816.5911254882815	-26.9621696472168	234.6422424316407	442.9704589843751	-93.96400451660158	220.0348205566407	428.0186157226564	-221.2539672851563	218.8016662597657	387.5401611328126	-89.25164794921876	265.1093750000001	377.6263732910157	-138.3368835449219	166.6427612304688	65.27114868164064	-125.0929489135742	190.0056304931641	78.76462554931642	-208.0302429199219	119.0773162841797	18.87283706665039	-175.0359954833985	299.5221252441407	19.12055015563965	-191.1135711669922	296.3332214355469	32.24109268188477	-145.4248962402344	243.0549774169922	12.45029640197754	-94.34159088134767	176.5137481689453	1417.259521484375	-202.7331542968751	75.79793548583986	1180.195434570313	-216.0694427490235	338.5779418945313	1082.69189453125	-226.0937194824219	288.4179992675782	1333.795654296875	-215.3385620117188	72.71256256103517	1229.291748046875	-300.1587829589844	114.5312881469727	1356.399536132813	-308.1548461914063	157.3960113525391	1361.371704101563	-371.8382568359376	206.5900268554688	1368.174072265625	-385.8146057128907	179.0493774414063	1057.204833984375	-461.1274719238282	153.6199035644532	1047.405517578125	-386.9585876464845	150.9903411865235	1030.684814453125	-435.0336303710939	288.6203918457032	841.4675903320315	-430.7605590820314	228.2468261718751	834.4283447265627	-481.1763916015626	319.1466674804688	783.1013183593752	-439.944305419922	233.1281433105469	772.847351074219	-482.4557189941407	73.66305541992189	1220.05615234375	-133.6511535644532	119.5478134155274	1342.321411132813	-126.9862289428711	174.3856201171875	1343.520141601563	-56.2748374938965	221.352035522461	1348.362670898438	-40.06481933593751	206.0847473144532	1030.650146484375	32.50102996826173	167.4549255371094	1016.71875	-28.7509937286377	179.0334167480469	1000.325500488281	16.05496788024903	297.5838317871094	819.6817016601565	27.53305053710938	251.2917175292969	819.5802001953127	69.15883636474611	328.4974975585938	744.1051025390626	38.54552459716798	257.8478088378907	753.1273193359376	83.73959350585939	
34	0.33	286.6849060058594	914.1767578125002	-341.5345153808594	75.32248687744142	921.610290527344	-253.0457763671876	88.66539764404298	931.188171386719	-147.6779022216797	308.8335876464844	917.3938598632815	-93.75588226318361	212.1224822998047	804.216247558594	-396.9857482910157	339.2606506347657	456.7188720703126	-361.0336303710938	365.7116699218751	434.5969238281251	-241.7921295166016	308.4320678710938	412.1305236816407	-364.4964904785157	360.6273803710938	378.5328369140626	-325.1018371582032	132.7306823730469	142.6595001220703	-319.7076721191407	167.7811431884766	129.4322967529297	-245.9246826171876	82.10841369628908	112.2467269897461	-257.8707580566407	228.2604522705079	32.82577514648438	-286.2562866210938	221.4360504150391	48.83876800537111	-329.9010314941407	165.9010467529297	55.00368881225587	-359.2180786132813	216.2152709960938	816.393981933594	-26.72413635253907	237.3023071289063	442.6576232910157	-93.68682098388673	222.5382843017579	427.7756958007814	-221.1837158203126	220.9484100341797	387.3761291503907	-89.00167846679689	267.0819702148438	377.0617980957032	-138.0956420898438	166.8553314208985	65.37532043457033	-125.2958908081055	190.2879943847657	78.86045074462892	-208.278549194336	119.1712951660157	19.08468818664551	-175.2496795654297	299.5784606933594	19.05830192565918	-191.1238403320313	296.4660644531251	32.2738151550293	-145.4250640869141	243.0810089111329	12.52901554107666	-94.39925384521486	187.2693786621094	1417.313110351563	-202.4328155517579	86.4628143310547	1180.169555664063	-214.742660522461	348.8177185058594	1082.923706054688	-226.2254486083985	299.0509338378907	1333.867553710938	-215.4284667968751	82.77884674072267	1229.23291015625	-298.9154357910157	124.6920166015625	1356.2431640625	-307.3101501464844	167.190658569336	1361.029174804688	-371.2041931152344	216.1939697265626	1367.918823242188	-385.5981445312501	185.9906005859375	1057.0634765625	-460.1176757812501	161.3348999023438	1047.65673828125	-385.7242126464845	158.0095977783203	1031.045043945313	-433.8027343750001	293.2485046386719	839.8748168945315	-431.1333923339845	232.0540618896485	833.762145996094	-480.8035278320314	322.9055786132813	781.2710571289065	-440.9115295410157	236.1172485351563	772.1108398437502	-482.1152954101564	84.87537384033205	1220.199340820313	-132.3791809082032	130.6698760986328	1342.521240234375	-126.2393112182617	185.8643341064453	1343.953125	-55.79405975341798	232.8814086914063	1348.86376953125	-39.91244125366212	219.9674987792969	1031.020263671875	33.47141265869141	180.7874603271485	1016.8671875	-27.4352207183838	192.9800415039063	1000.350646972656	17.31488800048828	314.2646179199219	821.376892089844	27.07134628295899	268.4872131347657	820.5402832031252	69.19139862060548	346.4263305664063	746.2241210937501	37.61341857910157	276.1085815429688	754.2255859375001	83.56082916259767	
35	0.34	297.4488525390626	914.3445434570315	-340.7285156250001	85.87035369873048	921.6345825195315	-253.2168731689454	98.99529266357425	931.1778564453127	-147.6639251708985	319.2126770019532	916.881774902344	-93.20288085937501	223.9693298339844	804.5706787109377	-397.0269165039064	356.3609924316407	458.6001892089845	-360.7075805664063	383.0321960449219	437.6730041503907	-241.3611907958985	327.3669433593751	412.2694396972657	-364.2270202636719	380.4336547851563	381.2550048828126	-324.5209045410157	164.4883422851563	134.0719604492188	-319.9391479492188	200.0023498535157	122.9343719482422	-245.8296813964844	115.2085876464844	101.260482788086	-258.3607788085938	266.0698242187501	30.1035270690918	-285.6648864746094	258.6343078613282	45.7380599975586	-329.4119873046876	202.9139709472657	48.64896774291994	-359.1016235351563	225.7827453613282	816.0863037109377	-26.49989318847657	240.068344116211	442.3316040039064	-93.47750091552736	224.9999237060547	427.5716552734376	-221.1539306640626	223.1822357177735	387.210418701172	-88.81723785400392	269.1181945800782	376.4609680175782	-137.9454040527344	167.0734252929688	65.51270294189455	-125.5032119750977	190.5885925292969	78.9409866333008	-208.5313873291016	119.2705841064453	19.31774520874024	-175.474349975586	299.6293029785157	19.00096511840821	-191.1476287841797	296.5899353027344	32.30929183959962	-145.4427795410157	243.1116790771485	12.62982177734375	-94.46092224121095	198.0476531982422	1417.162719726563	-202.1678924560547	97.14073181152347	1179.947143554688	-213.5225372314454	359.2590332031251	1082.895141601563	-226.3443450927735	309.7071228027344	1333.73291015625	-215.5453033447266	92.87414550781251	1228.986083984375	-297.7722167968751	134.8989562988282	1355.906127929688	-306.5284729003907	177.0354156494141	1360.519897460938	-370.6182861328126	225.8622589111329	1367.4765625	-385.4109497070314	192.8762969970704	1056.77099609375	-459.1513061523439	169.0297088623047	1047.734985351563	-384.5364990234376	164.9913940429688	1031.24462890625	-432.6048583984376	297.9360046386719	838.2152099609377	-431.6157836914064	235.8142700195313	832.9801025390627	-480.432830810547	326.6749877929688	779.3848876953127	-441.9931640625001	239.0810852050782	771.2776489257815	-481.766326904297	96.09187316894534	1220.134399414063	-131.2017211914063	141.8094024658203	1342.505859375	-125.5472030639649	197.3506317138672	1344.15234375	-55.35704421997072	244.4311828613282	1349.106567382813	-39.80074691772462	233.8159332275391	1031.187866210938	34.38104248046876	194.0952606201172	1016.788635253906	-26.16524314880372	206.8555145263672	1000.18115234375	18.51913642883301	330.9555053710938	822.919860839844	26.48535156250001	285.7167358398438	821.3233032226565	69.0890579223633	364.3805236816407	748.2329101562501	36.54252243041993	294.4093933105469	755.1550292968751	83.21468353271486	
36	0.35	308.2733764648438	914.1209716796877	-339.9779357910157	96.45594024658206	921.4614257812502	-253.4687957763672	109.3556518554688	930.9504394531252	-147.7429809570313	329.5722045898438	916.0923461914065	-92.72125244140626	235.7212982177735	804.6889648437502	-397.0931091308595	372.7751159667969	460.1311645507814	-360.3018188476563	399.5421752929689	440.4032592773439	-240.8369140625001	345.7686462402344	412.0454711914064	-363.9505920410157	399.6359863281251	383.7551574707032	-323.8336791992188	196.9564666748047	125.4292755126953	-320.3834838867188	232.8600616455079	116.402572631836	-245.9102478027344	149.2536010742188	90.20336151123048	-259.1068115234376	304.3840637207032	27.8414707183838	-285.1527709960938	296.4018249511719	43.04052352905274	-329.0314941406251	240.6927795410157	42.63479614257813	-359.1221313476563	235.4553985595704	815.6636352539065	-26.29153633117676	242.9624938964844	441.995330810547	-93.34207916259767	227.4566802978516	427.4160156250001	-221.1679992675782	225.5192260742188	387.0425109863282	-88.70571899414064	271.2465209960938	375.8261413574219	-137.8863372802735	167.2967834472657	65.68830871582033	-125.7252426147461	190.9187469482422	79.00586700439455	-208.7956848144532	119.3702926635742	19.58484268188477	-175.7204895019532	299.6753234863282	18.94052314758301	-191.1890563964844	296.6969909667969	32.33610534667969	-145.4820861816407	243.1399841308594	12.74331092834473	-94.53401184082033	208.8574981689454	1416.812255859375	-201.9406890869141	107.8370056152344	1179.539672851563	-212.4178924560547	369.8960876464844	1082.591552734375	-226.4608612060547	320.3973388671876	1333.3896484375	-215.6858215332032	103.0147094726563	1228.557006835938	-296.7398681640626	145.1678009033203	1355.394287109375	-305.8184509277344	186.9510040283203	1359.850830078125	-370.0882263183594	235.6176757812501	1366.849487304688	-385.2581176757814	199.7394714355469	1056.3369140625	-458.230194091797	176.7254180908203	1047.646606445313	-383.3992614746094	171.9633026123047	1031.2890625	-431.4414672851564	302.6995849609376	836.4958496093752	-432.2010192871095	239.5534057617188	832.0911254882815	-480.0656127929689	330.4559020996094	777.4331665039065	-443.1607360839845	242.0406799316407	770.3535766601565	-481.416229248047	107.3007049560547	1219.874389648438	-130.1265869140625	152.9656066894532	1342.285522460938	-124.9145126342774	208.8480987548829	1344.12109375	-54.9652442932129	256.0056457519532	1349.09033203125	-39.73015213012696	247.6273498535157	1031.153198242188	35.21923446655274	207.3845214843751	1016.475402832031	-24.9520606994629	220.6580657958985	999.8194580078127	19.65679931640625	347.6383972167969	824.301696777344	25.77852821350098	302.9539184570313	821.926452636719	68.85168457031251	382.3316040039063	750.1216430664064	35.34207153320313	312.7250671386719	755.9125976562501	82.70825195312501	
37	0.36	319.1394958496094	913.5413818359377	-339.3186340332032	107.0727005004883	921.0933837890627	-253.7627563476563	119.7575378417969	930.5017700195315	-147.8894958496094	339.9173583984376	915.0308837890627	-92.32225036621095	247.326156616211	804.5835571289065	-397.1767883300782	388.4772338867189	461.2935485839845	-359.8137817382813	415.1315917968751	442.7062988281251	-240.2110290527344	363.5906372070313	411.4895324707032	-363.6626892089844	418.181854248047	386.0201721191407	-323.0474243164063	230.0920715332032	116.9550399780274	-321.0287170410157	266.2784423828126	110.0389556884766	-246.1628112792969	184.1844329833985	79.30777740478517	-260.0999145507813	343.0762939453126	26.23080635070801	-284.6944885253907	334.6274719238282	40.94098663330079	-328.7309875488282	279.1561584472657	37.17889022827149	-359.2589111328126	245.2212524414063	815.1279296875002	-26.10360145568848	246.0039825439454	441.6548461914064	-93.2836380004883	229.9543151855469	427.3168945312501	-221.2300872802735	227.9747161865235	386.8760681152345	-88.67153167724611	273.4947509765626	375.1646728515626	-137.9129486083985	167.5264282226563	65.90940856933595	-125.9725418090821	191.2903594970703	79.06085205078126	-209.0780792236329	119.4686050415039	19.90274047851563	-176.0001068115235	299.7181701660157	18.87042045593262	-191.2511901855469	296.7805175781251	32.3449821472168	-145.545166015625	243.1583099365235	12.86100959777832	-94.62657928466798	219.7053833007813	1416.26953125	-201.7541503906251	118.5553817749024	1178.961669921875	-211.4363403320313	380.7090759277344	1082.010986328125	-226.5864410400391	331.1300659179688	1332.840454101563	-215.8479309082032	113.215934753418	1227.955322265625	-295.8282775878907	155.5115203857422	1354.71630859375	-305.1883239746094	196.9564361572266	1359.031127929688	-369.6212463378907	245.4796752929688	1366.044677734375	-385.1448974609376	206.6115722656251	1055.774291992188	-457.3564758300782	184.4426879882813	1047.403076171875	-382.3162536621094	178.9515380859375	1031.188720703125	-430.3155212402345	307.5464172363282	834.7272949218752	-432.8814392089845	243.2960510253907	831.1091308593752	-479.7049865722657	334.2462463378907	775.4104614257815	-444.3854064941407	245.0152435302735	769.3492431640627	-481.0733032226564	118.49169921875	1219.434448242188	-129.1613922119141	164.1340637207032	1341.874877929688	-124.3467102050782	220.3571472167969	1343.866943359375	-54.62120819091798	267.6054382324219	1348.820434570313	-39.7014274597168	261.3974304199219	1030.921508789063	35.97444915771485	220.6639251708985	1015.926330566406	-23.81026840209961	234.3915100097657	999.269958496094	20.71476936340332	364.2946777343751	825.5178833007815	24.95463371276856	320.1706542968751	822.3519287109377	68.47943115234376	400.2509765625001	751.8823242187501	34.02082061767579	331.0284729003907	756.5004272460939	82.04923248291017	
38	0.37	330.0310363769532	912.656921386719	-338.7833251953126	117.7144165039063	920.5320434570315	-254.0678710937501	130.207015991211	929.8330688476565	-148.0832061767578	350.2539672851563	913.7221679687502	-92.0146942138672	258.7438049316407	804.266296386719	-397.2727050781251	403.4502563476564	462.0758361816407	-359.2473144531251	429.7105407714845	444.5032958984376	-239.4821472167969	380.7922363281251	410.6370544433595	-363.3634643554688	436.0244750976564	388.042938232422	-322.1762084960938	263.8145751953126	108.8667449951172	-321.8521728515626	300.1448974609376	104.0459136962891	-246.5755462646485	219.8999633789063	68.80626678466798	-261.3147277832032	381.9851074218751	25.4393424987793	-284.2564697265626	373.1609497070313	39.61082077026368	-328.4719848632813	318.1772766113282	32.47659301757813	-359.4815368652344	255.0631561279297	814.4883422851565	-25.94193077087403	249.2098083496094	441.318572998047	-93.30165863037111	232.5466766357422	427.2799682617189	-221.3439941406251	230.5639190673829	386.7186584472657	-88.71540832519533	275.8897094726563	374.4880981445313	-138.0142059326172	167.7649078369141	66.18580627441408	-126.2544326782227	191.7149810791016	79.11800384521486	-209.3841552734376	119.5670547485352	20.29125213623047	-176.325439453125	299.7598571777344	18.78695869445801	-191.3354034423828	296.8352661132813	32.32984161376954	-145.6320037841797	243.1589508056641	12.97649765014649	-94.74648284912111	230.5950012207032	1415.54541015625	-201.6118316650391	129.2975311279297	1178.229370117188	-210.5845184326172	391.6658630371095	1081.164184570313	-226.7323913574219	341.9108886718751	1332.092163085938	-216.0308227539063	123.4913482666016	1227.193359375	-295.0459899902344	165.9397277832032	1353.883422851563	-304.6457214355469	207.0677337646485	1358.072265625	-369.2243041992188	255.4635620117188	1365.073486328125	-385.0764770507814	213.5217742919922	1055.098388671875	-456.5327148437501	192.2015991210938	1047.01953125	-381.2912902832032	185.9806823730469	1030.957763671875	-429.2314758300782	312.4731140136719	832.9213867187502	-433.6470031738282	247.0654449462891	830.0515747070315	-479.3558044433595	338.0419311523438	773.315124511719	-445.6386718750001	248.0223236083985	768.2786254882815	-480.7458496093751	129.6565704345703	1218.831176757813	-128.3135070800782	175.306869506836	1341.291259765625	-123.8500289916992	231.8746948242188	1343.400390625	-54.32862472534181	279.2273254394532	1348.307250976563	-39.71565628051759	275.1210021972657	1030.501831054688	36.63495635986329	233.9429016113282	1015.146362304688	-22.75712776184082	248.0643463134766	998.5383911132815	21.678373336792	380.9053955078126	826.567321777344	24.01761627197266	337.3375854492188	822.6060180664065	67.97265625000001	418.1102294921876	753.5086669921876	32.58713150024415	349.2907104492188	756.9246826171876	81.24534606933595	
39	0.38	340.9368591308594	911.5288696289065	-338.3990478515626	128.3770751953125	919.7783203125002	-254.3635711669922	140.7055206298828	928.9514770507815	-148.3112335205078	360.5890502929688	912.2083740234377	-91.80371093750001	269.9508361816407	803.7474365234377	-397.3781127929689	417.688201904297	462.4735412597657	-358.6121215820313	443.2190246582032	445.7250976562501	-238.6553955078126	397.3416442871095	409.5255432128907	-363.0568237304688	453.126922607422	389.8214721679689	-321.2382507324219	297.9969787597657	101.364372253418	-322.8197631835938	334.3055725097657	98.61403656005862	-247.1275634765626	256.2496948242188	58.91966629028322	-262.7077941894532	420.9119262695314	25.59971427917481	-283.8042602539063	411.8081054687501	39.18713760375977	-328.2133789062501	357.5752258300782	28.69093704223634	-359.7532653808594	264.9620971679688	813.760437011719	-25.81273269653321	252.5958099365235	440.9966735839845	-93.39168548583986	235.2942199707032	427.308074951172	-221.5119934082032	233.3028259277344	386.5808410644532	-88.83383941650392	278.4571228027344	373.8103332519532	-138.174301147461	168.0165252685547	66.52978515625001	-126.5773086547852	192.2027893066407	79.19515991210939	-209.7175598144532	119.6700286865235	20.77210426330567	-176.7069702148438	299.8025817871094	18.6903133392334	-191.4408264160157	296.8581237792969	32.28842926025391	-145.7401733398438	243.1347656250001	13.08617973327637	-94.90035247802736	241.527084350586	1414.653076171875	-201.5179595947266	140.0628814697266	1177.359130859375	-209.8682403564454	402.7255249023439	1080.072875976563	-226.9089508056641	352.7424621582032	1331.155395507813	-216.2350006103516	133.8518218994141	1226.285522460938	-294.4000244140626	176.458480834961	1352.908447265625	-304.1979064941407	217.296615600586	1356.987182617188	-368.9041442871094	265.5800170898438	1363.950561523438	-385.0579223632814	220.496810913086	1054.32568359375	-455.7621154785157	200.0216217041016	1046.513671875	-380.3284301757813	193.0737457275391	1030.612915039063	-428.1952514648439	317.4661254882813	831.0886230468752	-434.4839782714845	250.8838500976563	828.937927246094	-479.0242004394532	341.8383789062501	771.1486816406252	-446.893035888672	251.0780792236329	767.1580200195314	-480.4415893554689	140.7888946533203	1218.08056640625	-127.5900802612305	186.4731903076172	1340.553833007813	-123.4313735961914	243.3941802978516	1342.734008789063	-54.09229660034181	290.8644409179688	1347.56494140625	-39.77427291870118	288.7929077148438	1029.90576171875	37.18950653076173	247.2299804687501	1014.145874023438	-21.81132125854493	261.6882324218751	997.6313476562502	22.53219223022461	397.451141357422	827.4520263671877	22.97150230407715	354.4248046875001	822.697937011719	67.33190155029298	435.8817138671876	754.9957275390626	31.04902839660645	367.4814147949219	757.1947631835939	80.30393218994142	
40	0.39	351.8522033691407	910.2227172851565	-338.1852722167969	139.0607452392578	918.8335571289065	-254.6410827636719	151.2509002685547	927.8704223632815	-148.5693969726563	370.9309692382813	910.5444946289065	-91.69001770019533	280.9429931640626	803.0359497070315	-397.4931030273439	431.1990051269532	462.489715576172	-357.9226379394532	455.6345214843751	446.3203735351564	-237.741439819336	413.2189025878907	408.1926574707032	-362.7488708496094	469.4664306640626	391.3580017089845	-320.2528381347657	332.4595336914063	94.61856079101564	-323.8862915039063	368.5634155273438	93.90878295898439	-247.7885131835938	293.0278625488282	49.84427642822267	-264.2180175781251	459.620574951172	26.79756736755372	-283.3085021972657	450.3294982910157	39.76169967651368	-327.9179382324219	397.1104736328126	25.94204139709473	-360.0342102050782	274.9001770019532	812.965270996094	-25.72204780578614	256.1778259277344	440.7001037597657	-93.54537200927736	238.2613220214844	427.4007263183595	-221.7336120605469	236.2091827392579	386.475067138672	-89.01907348632814	281.2215881347657	373.1462402343751	-138.3740997314453	168.2872772216797	66.95574951171876	-126.9429931640625	192.7618255615235	79.3146438598633	-210.079330444336	119.7836685180664	21.36764144897461	-177.1510314941407	299.8487548828126	18.58500862121582	-191.5639343261719	296.8484497070313	32.22241973876954	-145.8648376464844	243.0802307128907	13.18959903717041	-95.09248352050783	252.4994659423829	1413.60791015625	-201.4774627685547	150.8489837646485	1176.366821289063	-209.2927551269532	413.8422851562501	1078.767578125	-227.1248321533204	363.6244812011719	1330.04443359375	-216.4622802734376	144.3048858642578	1225.247436523438	-293.8958435058594	187.0701599121094	1351.805786132813	-303.8516235351563	227.6498107910157	1355.78955078125	-368.6674804687501	275.8347778320313	1362.693481445313	-385.0941162109376	227.5611877441407	1053.472412109375	-455.0486145019532	207.9214172363282	1045.903930664063	-379.4323120117188	200.2523803710938	1030.17236328125	-427.2142639160157	322.5035095214844	829.2366943359377	-435.3741455078126	254.7730102539063	827.788269042969	-478.7177734375001	345.6321716308594	768.9152832031252	-448.1228332519532	254.1978912353516	766.0047607421876	-480.1675109863282	151.8840789794922	1217.198364257813	-126.9981079101563	197.6203002929688	1339.682373046875	-123.0981597900391	254.905990600586	1341.881713867188	-53.91807174682619	302.5065307617188	1346.6103515625	-39.8791618347168	302.4090270996094	1029.1455078125	37.62789154052735	260.5309448242188	1012.940307617188	-20.99155998229981	275.2759094238282	996.556335449219	23.26094055175782	413.912078857422	828.176452636719	21.82030105590821	371.4028930664063	822.6389770507815	66.5580291748047	453.5387573242189	756.3403930664064	29.41422653198243	385.5695190429689	757.3222656250001	79.23177337646486	
41	0.4	362.7795410156251	908.8025512695315	-338.1529235839844	149.7708129882813	917.7012329101565	-254.9035949707032	161.8387298583985	926.6096801757815	-148.8625030517578	381.2895812988282	908.7927856445315	-91.66978454589845	291.7362365722657	802.1397705078127	-397.6208801269532	444.007293701172	462.135711669922	-357.1963195800782	466.977020263672	446.2629699707032	-236.7551727294922	428.4183044433595	406.6747131347657	-362.4460144042969	485.037811279297	392.657928466797	-319.2376098632813	366.9668273925782	88.75945281982423	-324.9968872070313	402.6792907714845	90.05724334716798	-248.5190124511719	329.9708557128907	41.73937988281251	-265.7694396972657	497.8397827148439	29.06071853637696	-282.7490234375001	488.4429626464845	41.37042999267579	-327.5567321777344	436.4849243164064	24.29668998718262	-360.2842712402344	284.8631286621094	812.1274414062502	-25.67562484741212	259.9727172851563	440.4395141601564	-93.75093841552736	241.5133666992188	427.5538024902345	-222.0050048828126	239.3033599853516	386.4139404296876	-89.25943756103517	284.2070617675782	372.5096435546876	-138.5928344726563	168.584701538086	67.4794387817383	-127.3473892211914	193.3971710205079	79.50156402587892	-210.4669189453126	119.9144592285157	22.09952163696289	-177.6572570800782	299.9010314941407	18.47973060607911	-191.6985321044922	296.8085021972657	32.13713455200196	-145.9989471435547	242.9923553466797	13.28920459747315	-95.32376861572267	263.5075073242188	1412.427001953125	-201.4958953857422	161.6521606445313	1175.267456054688	-208.8629608154297	424.9701538085939	1077.284912109375	-227.3869781494141	374.5541687011719	1328.776977539063	-216.7156982421876	154.8545989990235	1224.094970703125	-293.5373535156251	197.7737731933594	1350.590576171875	-303.6132812500001	238.1285552978516	1354.494140625	-368.5211791992188	286.2290039062501	1361.321655273438	-385.1898193359376	234.7376251220704	1052.553833007813	-454.3972778320314	215.9187622070313	1045.209228515625	-378.6083068847657	207.5370788574219	1029.654174804688	-426.2972106933595	327.5588989257813	827.3693847656252	-436.294891357422	258.7546081542969	826.622253417969	-478.4451904296876	349.4223937988282	766.6212158203126	-449.3047180175782	257.3970031738282	764.8366088867189	-479.9299926757814	162.9393157958985	1216.198364257813	-126.5445098876953	208.7349090576172	1338.695922851563	-122.8582305908203	266.3981018066407	1340.858764648438	-53.81276321411134	314.1404418945313	1345.462646484375	-40.03279495239259	315.9667358398438	1028.233642578125	37.94144821166993	273.8474731445313	1011.54931640625	-20.31524276733399	288.8388977050782	995.3222656250002	23.85033416748047	430.2681884765626	828.7470703125002	20.56794357299805	388.2439575195314	822.4418945312502	65.6525115966797	471.055877685547	757.5411987304689	27.69009590148926	403.5236816406251	757.3205566406251	78.03504943847658	
42	0.41	373.7285461425782	907.3253173828127	-338.3038940429688	160.5186157226563	916.3885498046877	-255.1652984619141	172.4640045166016	925.1949462890627	-149.2035217285157	391.6763610839845	907.0166625976565	-91.73500061035158	302.3653869628907	801.0674438476565	-397.7676696777345	456.1563720703126	461.4317321777345	-356.4520568847657	477.3110656738282	445.5579223632814	-235.7141723632813	442.9497375488282	405.0058898925782	-362.1533203125001	499.8558959960939	393.7286376953126	-318.2065429687501	401.2300415039064	83.8675994873047	-326.0896911621094	436.3762512207032	87.1362991333008	-249.2718505859376	366.7579956054688	34.71636581420899	-267.2760314941407	535.2686767578126	32.35052108764649	-282.1166076660157	525.8298950195314	43.98472213745118	-327.1115417480469	475.3474426269532	23.75942993164063	-360.4654235839844	294.8421630859376	811.2725830078127	-25.67918586730958	263.9995117187501	440.2239685058595	-93.99405670166017	245.1133575439454	427.7593994140626	-222.3187103271485	242.6090240478516	386.408660888672	-89.54023742675783	287.4371337890626	371.9120178222657	-138.8098754882813	168.9173278808594	68.11678314208986	-127.7797088623047	194.1103820800782	79.78182983398439	-210.8735656738282	120.0675735473633	22.98754310607911	-178.2165985107422	299.9628601074219	18.38641357421875	-191.8359069824219	296.7435607910157	32.04085159301759	-146.1335754394532	242.8719024658204	13.38960266113282	-95.59087371826173	274.5445556640626	1411.128173828125	-201.5795288085938	172.4687042236328	1174.074096679688	-208.5837402343751	436.0675659179689	1075.664428710938	-227.7006225585938	385.5269470214845	1327.373779296875	-216.9994659423829	165.5014953613282	1222.843994140625	-293.3272094726563	208.5653533935547	1349.27880859375	-303.4889526367188	248.7288665771485	1353.1162109375	-368.4722900390626	296.7596130371094	1359.855712890625	-385.3500061035157	242.0476989746094	1051.584228515625	-453.8143920898439	224.0303039550782	1044.447265625	-377.8628845214844	214.9474487304688	1029.076171875	-425.4540405273439	332.6065979003907	825.4869384765627	-437.2207946777345	262.8509521484376	825.4578857421877	-478.2163085937501	353.2118225097657	764.2745971679689	-450.4184570312501	260.6912841796876	763.6706542968751	-479.7351074218751	173.9536743164063	1215.093017578125	-126.2362823486328	219.8049926757813	1337.611938476563	-122.7196884155274	277.8572082519532	1339.680786132813	-53.78403854370119	325.7509460449219	1344.14306640625	-40.23840713500977	329.4649353027344	1027.182373046875	38.12333297729493	287.1763000488282	1009.995971679688	-19.79727935791016	302.3854675292969	993.9398193359377	24.28787422180176	446.4992065429689	829.1726684570315	19.21830177307129	404.9227600097657	822.120544433594	64.61771392822267	488.4087524414064	758.5988159179689	25.88360977172852	421.3132934570314	757.2040405273439	76.71949005126955	
43	0.42	384.7149658203126	905.8375244140627	-338.6315307617188	171.3208160400391	914.9080810546877	-255.4493865966797	183.1228942871094	923.6572265625002	-149.6119384765625	402.1040954589845	905.2745361328127	-91.87454986572267	312.8813781738282	799.8294677734377	-397.9427490234376	467.7094116210939	460.4070739746095	-355.7086486816407	486.7449951171876	444.244842529297	-234.637435913086	456.8392944335939	403.2176513671876	-361.8731079101563	513.9562988281251	394.5784606933595	-317.1693115234376	434.9144897460939	79.96788024902345	-327.0992736816407	469.3473205566407	85.16394042968751	-249.9940185546876	403.017791748047	28.83101081848145	-268.6482849121094	571.5849609375001	36.55683135986329	-281.4122619628907	562.1458740234376	47.50606155395509	-326.5747985839844	513.3050537109376	24.26672554016114	-360.5429687500001	304.8350524902344	810.4252929687502	-25.73889923095704	268.2798767089844	440.060028076172	-94.25913238525392	249.1188507080079	428.006072998047	-222.6640319824219	246.1533203125001	386.4674377441407	-89.84500122070314	290.9355163574219	371.3611450195313	-139.0066375732422	169.2939453125	68.88264465332033	-128.222412109375	194.8991088867188	80.18020629882814	-211.2877655029297	120.2455368041992	24.04880714416505	-178.8100280761719	300.0388488769532	18.31868553161621	-191.9652404785157	296.6619567871094	31.94384765625001	-146.2584533691407	242.724105834961	13.49642562866211	-95.88572692871095	285.6029663085938	1409.72998046875	-201.7351074218751	183.2960052490235	1172.798583984375	-208.4600830078126	447.1015014648439	1073.946655273438	-228.0695343017579	396.5373535156251	1325.8583984375	-217.3188018798829	176.2430419921875	1221.510009765625	-293.2671203613282	219.438705444336	1347.88671875	-303.4842529296876	259.4420471191407	1351.671630859375	-368.5280151367188	307.4201354980469	1358.317138671875	-385.5796508789064	249.5122070312501	1050.576293945313	-453.3076477050782	232.2714080810547	1043.635131835938	-377.2036743164063	222.502426147461	1028.454956054688	-424.6956176757814	337.6272888183594	823.5870361328127	-438.1259155273439	267.0851745605469	824.3114013671877	-478.0420532226564	357.0078735351563	761.8850708007814	-451.4473571777345	264.0981445312501	762.5232543945314	-479.5894470214845	184.928207397461	1213.893310546875	-126.0805206298828	230.8216247558594	1336.445678710938	-122.6906661987305	289.2697448730469	1338.3642578125	-53.8402671813965	337.3216552734376	1342.674072265625	-40.50011444091798	342.9033203125001	1026.004272460938	38.1687126159668	300.5087890625001	1008.306030273438	-19.4492473602295	315.9190368652344	992.4221801757815	24.56347465515137	462.5849914550782	829.4639892578127	17.77528762817383	421.4173278808595	821.6895141601565	63.45724105834962	505.5743103027345	759.5161743164064	24.00132942199708	438.9090270996095	756.9876708984376	75.29056549072267	
44	0.43	395.7593994140626	904.3721923828127	-339.1215515136719	182.1980743408203	913.2789306640627	-255.785140991211	193.8143157958985	922.0312500000002	-150.1112213134766	412.5870666503907	903.6149902343752	-92.07561492919923	323.3468933105469	798.4395141601565	-398.157928466797	478.7488098144532	459.1000976562501	-354.9834594726563	495.426971435547	442.397674560547	-233.5442962646485	470.1289062500001	401.3390197753907	-361.6044616699219	527.3947143554689	395.2153625488282	-316.1318359375001	467.6530151367189	77.02772521972658	-327.9610595703126	501.2663879394532	84.09509277343751	-250.6297454833985	438.3388671875001	24.08022689819337	-269.8005676269532	606.4562988281251	41.49789428710938	-280.6444091796876	597.0346069335939	51.76527023315431	-325.9474792480469	549.9389648437501	25.68570137023926	-360.4864807128907	314.8465270996094	809.6067504882815	-25.86189651489259	272.8388061523438	439.9503784179689	-94.53079223632814	253.5793762207032	428.2791442871095	-223.0279083251954	249.9667968750001	386.5941467285157	-90.15696716308595	294.7265319824219	370.8600158691407	-139.1680145263672	169.7227935791016	69.78966522216798	-128.6519470214844	195.7574462890626	80.71856689453126	-211.6931152343751	120.4473342895508	25.29735374450684	-179.4084777832032	300.1347961425782	18.28986167907715	-192.0742645263672	296.5747680664063	31.85722732543946	-146.362533569336	242.559066772461	13.61499118804932	-96.19560241699222	296.6749572753907	1408.251831054688	-201.9697418212891	194.1338958740235	1171.451538085938	-208.497299194336	458.0508117675782	1072.17041015625	-228.4962921142579	407.5799255371095	1324.256713867188	-217.6799774169922	187.0742797851563	1220.10791015625	-293.3579711914063	230.386215209961	1346.4306640625	-303.6042175292969	270.2558288574219	1350.176635742188	-368.6953430175782	318.2015686035157	1356.727416992188	-385.8839416503907	257.1515197753907	1049.541870117188	-452.885955810547	240.655990600586	1042.788330078125	-376.6394042968751	230.2202453613282	1027.8056640625	-424.0334472656251	342.6133728027344	821.6671142578127	-438.9871215820314	271.4817810058594	823.1964111328127	-477.9344787597657	360.8232727050782	759.4639892578126	-452.3787231445314	267.6371154785157	761.4099731445314	-479.5004882812501	195.8663177490235	1212.609008789063	-126.0843811035157	241.7807769775391	1335.209838867188	-122.7790679931641	300.6234741210938	1336.9267578125	-53.99023056030275	348.8362121582032	1341.080444335938	-40.82291412353516	356.2812805175782	1024.712158203125	38.07472610473634	313.8311767578126	1006.507263183594	-19.27890396118164	329.4367675781251	990.7857055664065	24.66988372802735	478.5056762695314	829.6336059570315	16.24300384521485	437.7093200683595	821.1643676757815	62.17618560791017	522.5306396484376	760.2991943359376	22.04944610595703	456.2832336425782	756.6869506835939	73.75376892089845	
45	0.44	406.8850402832032	902.9485473632815	-339.7536010742188	193.1729125976563	911.527038574219	-256.2045898437501	204.5413970947266	920.3541259765627	-150.7258758544922	423.1410217285157	902.073181152344	-92.32545471191408	333.8310241699219	796.915710449219	-398.4265747070314	489.3741760253907	457.5574340820314	-354.2915039062501	503.5386352539064	440.1209716796876	-232.4538726806641	482.8749084472657	399.3966674804689	-361.3430480957032	540.2442626953126	395.646209716797	-315.0979614257813	499.0641479492189	74.96004486083986	-328.6160583496094	531.8018798828126	83.82324218750001	-251.1240997314454	472.2864379882814	20.40405082702637	-270.6589050292969	639.5538940429689	46.92616271972657	-279.8247375488282	630.1450195312501	56.52766036987306	-325.2355651855469	584.8250732421876	27.81871795654298	-360.2701416015626	324.8882141113282	808.8327636718752	-26.05663299560548	277.7045898437501	439.8934020996095	-94.79541015625001	258.5346984863282	428.5613098144532	-223.3962097167969	254.0829772949219	386.7874145507814	-90.46067047119142	298.8352050781251	370.4061889648438	-139.2837524414063	170.2110900878907	70.84742736816408	-129.0401153564453	196.6766967773438	81.41455078125001	-212.0685577392579	120.6683502197266	26.74442291259766	-179.9743041992188	300.2574462890626	18.3106918334961	-192.1500854492188	296.4954223632813	31.79165267944337	-146.434799194336	242.3913726806641	13.74897193908692	-96.5037536621094	307.7536010742188	1406.713134765625	-202.2905578613282	204.9856719970704	1170.042358398438	-208.7006988525391	468.9081420898439	1070.372314453125	-228.9827880859376	418.6501464843751	1322.596435546875	-218.0901031494141	197.9885864257813	1218.65185546875	-293.5997924804688	241.3996582031251	1344.927001953125	-303.8529052734376	281.1558532714844	1348.648193359375	-368.9806823730469	329.0932006835938	1355.108154296875	-386.2681274414064	264.9853515625001	1048.49169921875	-452.5593872070314	249.1963653564454	1041.921142578125	-376.1797790527344	238.1184692382813	1027.141967773438	-423.4791870117189	347.5724487304688	819.7266845703127	-439.7869567871095	276.0666198730469	822.124450683594	-477.906463623047	364.6765136718751	757.0247192382814	-453.2044067382814	271.3305358886719	760.3453369140626	-479.4772033691407	206.7741088867188	1211.249267578125	-126.2546691894532	252.6848144531251	1333.914428710938	-122.9921493530274	311.9090881347657	1335.387329101563	-54.24276733398439	360.2798767089844	1339.388061523438	-41.21256256103516	369.5964050292969	1023.3203125	37.84033966064454	327.1254577636719	1004.628723144531	-19.29010009765625	342.9290161132813	989.0501708984377	24.60287857055665	494.2416992187501	829.6961669921877	14.62596321105957	453.7834777832032	820.5614013671877	60.78114318847658	539.2569580078126	760.9562988281251	20.03392601013184	473.4101867675782	756.3173828125001	72.11480712890626	
46	0.45	418.1155700683595	901.5728149414065	-340.5033874511719	204.2672576904297	909.6853027343752	-256.7389221191407	215.3123321533204	918.6632080078127	-151.4782104492188	433.7830505371095	900.6690673828127	-92.61334228515626	344.4034729003907	795.2816162109377	-398.7627563476564	499.698455810547	455.8327026367189	-353.6450500488282	511.2861328125001	437.5426330566407	-231.3849639892579	495.1461486816407	397.4158325195314	-361.0820922851563	552.5921630859376	395.876190185547	-314.0719604492188	528.7739868164064	73.63124084472658	-329.0153198242188	560.6326904296876	84.18812561035158	-251.4272003173829	504.4231262207032	17.69310188293457	-271.1679687500001	670.5678100585939	52.54059219360353	-278.9634704589844	661.1495971679689	61.50473403930665	-324.4462585449219	617.5570068359376	30.41457176208497	-359.8729248046876	334.9778747558594	808.1130981445315	-26.33294677734376	282.9091186523438	439.8826599121095	-95.04254150390626	264.0141296386719	428.8331909179689	-223.7550506591797	258.5376586914063	387.0405883789064	-90.74340057373048	303.2874145507813	369.9914245605469	-139.3491363525391	170.7647552490235	72.06224060058595	-129.3562927246094	197.6470947265626	82.28067779541017	-212.3892517089844	120.9013748168946	28.3994312286377	-180.4640655517578	300.4133911132813	18.38717460632325	-192.1802520751954	296.4384765625001	31.75606918334962	-146.4651947021485	242.2388000488282	13.89927101135254	-96.7907409667969	318.8341979980469	1405.133911132813	-202.704330444336	215.8587036132813	1168.580444335938	-209.0752716064454	479.6809997558595	1068.585205078125	-229.530746459961	429.7452697753907	1320.90673828125	-218.5571289062501	208.978500366211	1217.156127929688	-293.9915466308594	252.4710845947266	1343.392211914063	-304.2331237792969	292.1271057128907	1347.103515625	-369.3891601562501	340.0836486816407	1353.480224609375	-386.7373046875001	273.0323791503907	1047.436279296875	-452.3383789062501	257.9034118652344	1041.046020507813	-375.8349304199219	246.2137908935547	1026.475708007813	-423.0440063476564	352.5288085937501	817.769226074219	-440.5159606933595	280.8668518066407	821.1046142578127	-477.9715576171876	368.5920104980469	754.5828247070314	-453.9214172363282	275.2039489746094	759.3434448242189	-479.5303039550782	217.6606445312501	1209.82373046875	-126.5972747802735	263.5432434082032	1332.567504882813	-123.3359832763672	323.1215515136719	1333.765869140625	-54.60627365112306	371.6411437988282	1337.624755859375	-41.67530059814454	382.8431396484376	1021.845092773438	37.4660758972168	340.3703918457032	1002.700317382813	-19.48307037353516	356.3793334960938	987.2388305664065	24.36119842529298	509.7741088867189	829.667907714844	12.92930221557618	469.6268005371095	819.8974609375002	59.28009033203126	555.7333984375001	761.4987792968751	17.96075630187989	490.2659912109376	755.8941040039064	70.37975311279298	
47	0.46	429.4728393554689	900.2409667968752	-341.3447570800782	215.5001068115235	907.7926025390627	-257.4149780273438	226.1408233642579	916.9942016601565	-152.3851013183594	444.5317687988282	899.4075927734377	-92.9323196411133	355.1288452148438	793.5665283203127	-399.1799621582032	509.8427734375001	453.984588623047	-353.0534362792969	518.8890380859376	434.8037719726564	-230.3561248779297	507.0215148925782	395.4212646484376	-360.8135681152344	564.5349731445314	395.908905029297	-313.0608520507813	556.4399414062501	72.87380218505861	-329.1244506835938	587.4649658203126	84.98928833007814	-251.4984283447266	534.3331298828126	15.80086517333985	-271.2966003417969	699.2227172851564	58.00511932373048	-278.0657653808594	689.7633056640626	66.37234497070314	-323.5845947265626	647.7698974609376	33.18619918823243	-359.2793884277344	345.1384277343751	807.4507446289065	-26.70172309875489	288.4875488281251	439.9070129394532	-95.26598358154298	270.0368957519532	429.0744934082032	-224.0921630859376	263.3680725097657	387.3421630859376	-90.99643707275392	308.1099853515626	369.6017150878907	-139.3652496337891	171.388916015625	73.43753051757814	-129.5699157714844	198.6603088378907	83.3241653442383	-212.6278686523438	121.1386260986328	30.27159118652344	-180.8326416015625	300.6075134277344	18.51869583129883	-192.1539764404297	296.4184265136719	31.75647163391114	-146.4455871582032	242.1203002929688	14.06331157684327	-97.0363693237305	329.9149475097657	1403.534912109375	-203.2169799804688	226.7647247314454	1167.075439453125	-209.6247100830079	490.3911132812501	1066.838623046875	-230.1421966552735	440.8650512695314	1319.217529296875	-219.0896453857422	220.036605834961	1215.635009765625	-294.5302734375001	263.5935363769532	1341.842895507813	-304.7458190917969	303.1555175781251	1345.560302734375	-369.9240112304688	351.1613464355469	1351.864135742188	-387.2961425781251	281.3096618652344	1046.385986328125	-452.2332763671876	266.7866516113282	1040.174682617188	-375.6148376464844	254.5216979980469	1025.817260742188	-422.7379760742189	357.5227661132813	815.803894042969	-441.1738586425782	285.9104919433594	820.1443481445315	-478.1432495117189	372.6004333496094	752.1563720703126	-454.5322875976564	279.2861938476563	758.4177856445314	-479.6720581054689	228.5383300781251	1208.34326171875	-127.1162338256836	274.3727416992188	1331.176635742188	-123.8148498535157	334.2615356445313	1332.084594726563	-55.0880699157715	382.9138183593751	1335.81982421875	-42.21741485595704	396.0119628906251	1020.3056640625	36.9536361694336	353.5429382324219	1000.752014160156	-19.85500526428223	369.7652282714844	985.3785400390627	23.94622230529786	525.0844116210939	829.5659179687502	11.1589584350586	485.2273864746095	819.1899414062502	57.68198394775392	571.9407958984376	761.9403686523439	15.83629322052002	506.8281250000001	755.4317016601564	68.55513000488283	
48	0.47	440.9747924804689	898.9428710937502	-342.2522277832032	226.8854064941407	905.892272949219	-258.2522583007813	237.0456848144532	915.3793945312502	-153.4552764892578	455.4067687988282	898.280700683594	-93.28082275390626	366.0620422363282	791.805358886719	-399.6898193359376	519.9304809570314	452.0749511718751	-352.5234069824219	526.5684204101564	432.0475463867189	-229.3860931396485	518.5873413085939	393.4383850097657	-360.5298156738282	576.1739501953126	395.7474670410157	-312.0758972167969	581.7738037109376	72.50239562988283	-328.9269104003907	612.0496215820314	86.00434875488283	-251.3101959228516	561.6475830078126	14.55947780609131	-271.0413818359376	725.2938842773439	62.97238159179689	-277.1291809082032	715.7609252929689	70.79439544677736	-322.6516418457032	675.1627807617189	35.83385467529298	-358.4808959960938	355.3969726562501	806.8424072265627	-27.17418479919434	294.4785461425782	439.9512634277345	-95.46441650390626	276.6142578125001	429.2644958496095	-224.3980407714844	268.6123046875001	387.6768188476564	-91.21585083007814	313.3308105468751	369.2179565429688	-139.3384704589844	172.0890197753907	74.97497558593751	-129.6531219482422	199.7124328613282	84.54722595214845	-212.7562866210938	121.3749313354492	32.37210083007813	-181.0379638671875	300.8410034179688	18.69679641723633	-192.0636901855469	296.4477539062501	31.7948398590088	-146.3710327148438	242.0533599853516	14.23488903045655	-97.22200012207034	340.9977722167969	1401.937866210938	-203.8330535888672	237.7193298339844	1165.538818359375	-210.350326538086	501.0728759765626	1065.158813476563	-230.8199005126954	452.0121154785157	1317.55859375	-219.6966857910157	231.1563568115235	1214.103271484375	-295.2106323242188	274.7615356445313	1340.296508789063	-305.3896484375001	314.2295532226563	1344.036743164063	-370.5858154296876	362.3152160644532	1350.279541015625	-387.9485168457032	289.8316955566407	1045.35107421875	-452.2535095214845	275.8545532226563	1039.3173828125	-375.5286865234376	263.0562438964844	1025.176147460938	-422.5693359375001	362.6078796386719	813.8460083007815	-441.7694702148439	291.2260742187501	819.249694824219	-478.4344177246095	376.7382507324219	749.7661132812501	-455.0454711914064	283.6091918945313	757.5816040039064	-479.9158935546876	239.4229431152344	1206.820922851563	-127.812614440918	285.1962585449219	1329.749877929688	-124.4305877685547	345.3365478515626	1330.367431640625	-55.69372940063478	394.0988159179689	1334.00341796875	-42.84473419189454	409.0889587402345	1018.72412109375	36.30550384521485	366.6198730468751	998.8137207031252	-20.40084457397461	383.0597534179688	983.4988403320315	23.36146545410157	540.1546020507814	829.4075927734377	9.321780204772951	500.5727539062501	818.4558715820315	55.9962501525879	587.8604125976564	762.2962646484376	13.66765499114991	523.0749511718751	754.9438476562501	66.64791870117189	
49	0.48	452.6338806152345	897.666687011719	-343.2032470703126	238.4307250976563	904.030700683594	-259.2604064941407	248.0500488281251	913.846374511719	-154.6872100830078	466.4282226562501	897.270202636719	-93.66370391845705	377.2444763183594	790.0386352539065	-400.3010864257814	530.0810546875001	450.1666564941407	-352.0594177246094	534.5332031250001	429.407928466797	-228.4939880371094	529.9349975585939	391.4949340820314	-360.2253723144532	587.6099853515626	395.3964843750001	-311.1326599121094	604.5620727539064	72.33193206787111	-328.4259033203126	634.1976318359376	87.00994873046876	-250.8507995605469	586.0693359375001	13.79705905914307	-270.4278259277344	748.6205444335939	67.11077117919923	-276.1437072753907	738.9916992187501	74.45003509521486	-321.6444396972657	699.5179443359376	38.07165908813477	-357.4775390625001	365.7834472656251	806.2796630859377	-27.76085472106934	300.9240112304688	439.997039794922	-95.64144134521486	283.7521667480469	429.3828125000001	-224.666732788086	274.3085021972657	388.0270080566407	-91.40276336669923	318.9793701171876	368.8166503906251	-139.2793426513672	172.872787475586	76.67630767822267	-129.5831909179688	200.807357788086	85.94805908203126	-212.7476959228516	121.6116409301758	34.71657180786134	-181.0459136962891	301.1090087890626	18.90481567382813	-191.906494140625	296.5349731445313	31.86828041076661	-146.2408294677735	242.0511016845704	14.40472984313965	-97.33295440673831	352.0887756347657	1400.365478515625	-204.5551757812501	248.7411346435547	1163.984130859375	-211.2496490478516	511.7706604003907	1063.569091796875	-231.5677642822266	463.1919860839845	1315.959350585938	-220.3873138427735	242.3326873779297	1212.5771484375	-296.0240783691407	285.9714660644532	1338.77099609375	-306.1604614257813	325.3410034179688	1342.551635742188	-371.3720703125001	373.5349426269532	1348.745849609375	-388.6971435546876	298.6098632812501	1044.342651367188	-452.4065246582032	285.1150207519532	1038.48388671875	-375.5838623046876	271.8296508789063	1024.560913085938	-422.5438232421876	367.8471374511719	811.9167480468752	-442.3198852539064	296.8417053222657	818.4262695312502	-478.8562622070314	381.0476074218751	747.4356079101564	-455.475555419922	288.2075805664063	756.8480224609376	-480.2755432128907	250.3335571289063	1205.2734375	-128.6833038330078	296.0413513183594	1328.298461914063	-125.1819458007813	356.3612976074219	1328.640747070313	-56.42636489868165	405.2056579589845	1332.206787109375	-43.56207275390626	422.0562133789064	1017.125671386719	35.52454376220704	379.5791625976563	996.9150390625002	-21.1141586303711	396.2335205078126	981.6313476562502	22.61192321777344	554.9670410156251	829.2097167968752	7.425533294677736	515.6487426757814	817.7114257812502	54.23220825195314	603.4738769531251	762.5826416015626	11.46311378479004	538.9848632812501	754.4424438476564	64.66543579101564	
50	0.49	464.4559326171876	896.404235839844	-344.1804809570313	250.1363983154297	902.255065917969	-260.4379882812501	259.1797180175782	912.4171142578127	-156.0680389404297	477.6158142089845	896.3521118164065	-94.09267425537111	388.7021484375001	788.3115234375002	-401.0189514160157	540.4046020507814	448.321746826172	-351.6642456054688	542.9678955078126	427.0006103515626	-227.6993865966797	541.1585693359376	389.6221008300782	-359.8983764648438	598.9389648437501	394.8644409179689	-310.2492980957032	624.6814575195314	72.19544982910158	-327.6448364257813	653.7928466796876	87.80324554443361	-250.125961303711	607.3941650390626	13.3543062210083	-269.5085144042969	769.116638183594	70.13237762451173	-275.0937500000001	759.3892211914064	77.06179809570314	-320.5580444335938	720.7147827148439	39.65456008911134	-356.2804260253907	376.3294067382813	805.7498168945315	-28.47035217285157	307.8692016601563	440.023895263672	-95.80503082275392	291.4552612304688	429.4096984863282	-224.8962097167969	280.4949340820313	388.3745117187501	-91.5630340576172	325.0872802734376	368.3713989257813	-139.2008666992188	173.7528228759766	78.5454788208008	-129.3444061279297	201.9600830078126	87.52214813232423	-212.5785064697266	121.8611679077149	37.32738494873048	-180.8346862792969	301.3988342285157	19.11865234375	-191.6855163574219	296.6824035644532	31.96857261657716	-146.0596160888672	242.1198730468751	14.56184673309327	-97.36078643798831	363.1980590820313	1398.842163085938	-205.383529663086	259.8502807617188	1162.428833007813	-212.3150177001954	522.5355834960939	1062.090454101563	-232.3909454345704	474.4129943847657	1314.448120117188	-221.1702270507813	253.5625610351563	1211.07470703125	-296.9581604003907	297.2216491699219	1337.285888671875	-307.0508728027344	336.4856262207032	1341.123779296875	-372.2767944335938	384.8111572265626	1347.281616210938	-389.5431213378907	307.6517944335938	1043.372314453125	-452.6971740722657	294.5755310058594	1037.68310546875	-375.7854309082032	280.8521423339844	1023.979614257813	-422.6642150878907	373.3080139160157	810.0422363281252	-442.8486633300782	302.7844848632813	817.6796875000002	-479.4176025390626	385.575408935547	745.1909179687501	-455.8431701660157	293.1177062988282	756.2297973632814	-480.7640991210939	261.2921447753907	1203.720947265625	-129.7198791503907	306.9382324218751	1326.837524414063	-126.0640029907227	367.3579101562501	1326.933349609375	-57.28597259521486	416.2534484863282	1330.4609375	-44.37276840209962	434.8930664062501	1015.537963867188	34.61361694335938	392.4016113281251	995.0850219726565	-21.98800086975098	409.2573547363282	979.8086547851565	21.70341110229493	569.5042724609376	828.9873657226565	5.47881317138672	530.4383544921876	816.9712524414065	52.39857482910158	618.7625732421876	762.8151855468751	9.232406616210939	554.5357055664064	753.9378051757814	62.6152687072754	
51	0.5	476.4397277832032	895.1555786132815	-345.1734924316407	261.9956970214844	900.6112060546877	-261.7718811035157	270.4613342285157	911.1079101562502	-157.5735778808594	488.987518310547	895.5007324218752	-94.58605194091798	400.4448852539064	786.6726684570315	-401.8443298339845	550.9974975585939	446.5997009277345	-351.3392944335938	552.0205688476564	424.9169311523439	-227.0219268798829	552.3524169921876	387.8555603027345	-359.5517883300782	610.2468872070314	394.1667785644532	-309.4433593750001	642.1068115234376	71.95952606201173	-326.6257629394532	670.7998046875001	88.2211380004883	-249.1587677001954	625.5267333984376	13.09813880920411	-268.3587951660157	786.777038574219	71.81876373291017	-273.9618530273438	776.9755859375002	78.42137145996095	-319.3888854980469	738.7372436523439	40.40227508544923	-354.9136657714844	387.0667114257814	805.2377929687502	-29.30821228027344	315.3627319335938	440.0106506347657	-95.96639251708986	299.7311706542969	429.3257446289064	-225.088363647461	287.2101135253907	388.702117919922	-91.70623779296876	331.6890869140626	367.8544311523438	-139.1163330078125	174.7497100830078	80.59090423583986	-128.9292144775391	203.1996307373047	89.26379394531251	-212.2301788330079	122.1514434814453	40.23553466796876	-180.3979187011719	301.6884460449219	19.30870246887207	-191.4110260009766	296.8848571777344	32.08221054077149	-145.8380432128907	242.2575073242188	14.69572448730469	-97.30482482910159	374.3392028808594	1397.393188476563	-206.3156127929688	271.0668334960938	1160.894287109375	-213.5324401855469	533.4214477539064	1060.741821289063	-233.2960662841797	485.6855773925782	1313.051513671875	-222.053207397461	264.8453369140626	1209.616088867188	-297.9965209960938	308.5121154785157	1335.861938476563	-308.0502624511719	347.6629638671876	1339.773071289063	-373.2903747558594	396.1354370117189	1345.905517578125	-390.4856262207032	316.9613037109376	1042.452880859375	-453.1271057128907	304.2436828613282	1036.924682617188	-376.1353454589844	290.1317138671876	1023.440734863281	-422.9298400878907	379.0577697753907	808.2519531250002	-443.3835754394532	309.0795593261719	817.0162353515627	-480.1236877441407	390.3721923828126	743.0598754882814	-456.1743774414064	298.3768920898438	755.7394409179689	-481.3927612304689	272.3228759765626	1202.188598632813	-130.9077301025391	317.9175415039063	1325.388305664063	-127.0677185058594	378.3550109863282	1325.276123046875	-58.26890945434572	427.2708129882814	1328.796752929688	-45.27828216552735	447.577606201172	1013.990783691406	33.57537078857423	405.0718994140626	993.3521728515627	-23.01565170288086	422.1046752929689	978.0630493164065	20.64196014404297	583.7490844726564	828.7534179687502	3.490856647491456	544.9215698242189	816.247985839844	50.50313186645509	633.7077026367189	763.0078735351564	6.986865520477297	569.7040405273439	753.4378051757814	60.50511550903322	
52	0.51	488.5769653320314	893.9324951171877	-346.1798095703126	273.9954223632813	899.1416625976565	-263.2382202148438	281.9200439453126	909.9291992187502	-159.1697082519532	500.5578002929689	894.6928710937502	-95.16775512695314	412.4670410156251	785.1728515625002	-402.774139404297	561.9380493164064	445.055633544922	-351.0848388671876	561.7933959960939	423.2216186523439	-226.4804382324219	563.6087646484376	386.2352294921876	-359.1937866210938	621.6055908203126	393.3276672363282	-308.7281799316407	656.9115600585939	71.53521728515626	-325.4259643554688	685.2662353515626	88.15496063232423	-247.9879150390626	640.4880981445314	12.93056869506836	-267.0697937011719	801.6785888671877	72.04162597656251	-272.7335205078126	791.8597412109377	78.40988922119142	-318.1384582519532	753.6739501953126	40.21699142456055	-353.4154663085938	398.0262451171876	804.7268676757815	-30.27590560913087	323.4564819335938	439.9362792968751	-96.138298034668	308.5947875976563	429.1114807128907	-225.2483367919922	294.4936523437501	388.9947814941407	-91.84416961669923	338.8231201171876	367.2383117675782	-139.0369110107422	175.8953247070313	82.82734680175783	-128.33837890625	204.5710754394532	91.16761016845705	-211.690414428711	122.5298843383789	43.48154449462891	-179.7463073730469	301.9463806152344	19.4430160522461	-191.1006469726563	297.1287231445313	32.19115447998048	-145.5929260253907	242.4529724121094	14.79929161071778	-97.172966003418	385.5283813476564	1396.045166015625	-207.3458862304688	282.4087524414063	1159.406616210938	-214.8808288574219	544.4810180664064	1059.5400390625	-234.2911224365235	497.0213623046876	1311.793823242188	-223.0424346923829	276.1827697753907	1208.2236328125	-299.1188354492188	319.8442993164063	1334.521728515625	-309.1446533203126	358.8756408691407	1338.519409179688	-374.3999328613282	407.5001831054689	1344.63623046875	-391.5215454101564	326.5382995605469	1041.598266601563	-453.6943664550782	314.1272277832032	1036.21826171875	-376.6320190429688	299.6739807128907	1022.953430175781	-423.3367309570314	385.1591796875001	806.5769042968752	-443.9543762207032	315.7497558593751	816.4437255859377	-480.9759521484376	395.490692138672	741.0712280273439	-456.4997863769532	304.0223083496094	755.3884887695314	-482.1698303222657	283.4512329101563	1200.705200195313	-132.2255859375	329.0080261230469	1323.9775390625	-128.1797332763672	389.3864135742189	1323.7021484375	-59.36759185791017	438.2947082519532	1327.24462890625	-46.27801513671876	460.0889587402345	1012.514953613281	32.41218185424805	417.5794372558595	991.7441406250002	-24.19114303588868	434.7540893554689	976.4257812500002	19.43337631225586	597.6843261718751	828.5175781250002	1.471280574798584	559.0751953125001	815.551452636719	48.55261230468751	648.2900390625001	763.1714477539064	4.739270210266114	584.4649658203126	752.9483032226564	58.34271621704103	
53	0.52	500.8525695800782	892.7606201171877	-347.2050476074219	286.1170959472657	897.8836669921877	-264.8041381835938	293.5772399902344	908.8864746093752	-160.8147583007813	512.3359985351564	893.910827636719	-95.86557006835939	424.7488708496095	783.8625488281252	-403.8016662597657	573.2841186523439	443.738250732422	-350.9002380371094	572.3361816406251	421.9535217285157	-226.0913085937501	575.0132446289064	384.8038024902345	-358.8373413085938	633.0684814453126	392.381072998047	-308.1093750000001	669.2592773437501	70.88296508789064	-324.1128845214844	697.3188476562501	87.55859375000001	-246.6643371582032	652.4150390625001	12.79176044464112	-265.7397155761719	813.974792480469	70.77559661865236	-271.4017028808594	804.228454589844	77.01000213623048	-316.8167419433594	765.7104492187501	39.09214782714844	-351.8376770019532	409.236297607422	804.1998291015627	-31.37024307250977	332.2052001953126	439.7808227539064	-96.33325195312503	318.0716552734376	428.7463378906251	-225.3837280273438	302.3871765136719	389.2402648925782	-91.98887634277345	346.5323486328126	366.4978942871094	-138.9693756103516	177.2356262207032	85.27717590332033	-127.5804672241211	206.1366729736329	93.22973632812501	-210.9537963867188	123.0662155151367	47.11511993408204	-178.9073486328125	302.1334533691407	19.49146270751953	-190.7787780761719	297.3927612304688	32.27437210083009	-145.3466186523438	242.6877593994141	14.87253475189209	-96.981315612793	396.782684326172	1394.824829101563	-208.4658966064454	293.8903198242188	1157.995849609375	-216.3319549560547	555.7616577148439	1058.500854492188	-235.3853607177735	508.4321289062501	1310.697021484375	-224.1418914794922	287.5787963867188	1206.921875	-300.3016357421876	331.2205810546876	1333.288818359375	-310.3171081542969	370.1280517578126	1337.38330078125	-375.5898437500001	418.8985290527345	1343.492919921875	-392.6453857421876	336.3792419433594	1040.823852539063	-454.3934020996095	324.2340087890626	1035.57470703125	-377.2703247070313	309.4820556640626	1022.527770996094	-423.8777160644532	391.6675415039064	805.0478515625002	-444.5906677246095	322.8150939941407	815.9714965820315	-481.9713745117189	400.9842224121095	739.2536621093751	-456.853240966797	310.0898132324219	755.1876220703126	-483.0997314453126	294.7026062011719	1199.303344726563	-133.6456909179688	340.2347412109376	1322.637573242188	-129.3824615478516	400.4891967773439	1322.24609375	-60.57046508789064	449.3683471679689	1325.833129882813	-47.36921310424805	472.4095764160157	1011.141235351563	31.12630462646485	429.9187011718751	990.2879028320315	-25.50951766967774	447.1912841796876	974.925720214844	18.08306694030762	611.2930297851564	828.2861938476565	-0.5702415704727174	572.8741455078126	814.8890380859377	46.55279541015626	662.4895629882814	763.3126220703126	2.503323793411255	598.7921752929689	752.4725952148439	56.13577270507814	
54	0.53	513.2451782226564	891.6789550781252	-348.2618713378907	298.3383483886719	896.8673095703127	-266.4305114746094	305.4483642578126	907.9807128906252	-162.4630126953125	524.3243408203126	893.1443481445315	-96.70891571044925	437.2588806152345	782.7893066406252	-404.9176330566407	585.0695190429689	442.6875305175782	-350.7836914062501	583.6428833007814	421.1286926269532	-225.866439819336	586.6392822265626	383.6036987304688	-358.4992980957032	644.6662597656251	391.3691406250001	-307.5832519531251	679.3873901367189	70.01091766357423	-322.7580566406251	707.1527099609376	86.44895172119142	-245.2465972900391	661.5491943359376	12.65727233886719	-264.4644775390626	823.8857421875002	68.10117340087892	-269.9700927734376	814.3317871093752	74.30799865722658	-315.4440307617188	775.1145019531252	37.11097717285157	-350.2432861328126	420.7207946777345	803.639343261719	-32.58325576782227	341.6658325195313	439.5255737304689	-96.56147003173831	328.2002563476563	428.2080688476564	-225.5032806396485	310.9356384277344	389.4291992187501	-92.15059661865236	354.8647155761719	365.6122131347657	-138.914291381836	178.8328094482422	87.9705047607422	-126.6705932617188	207.9754791259766	95.44878387451173	-210.0217895507813	123.8534927368164	51.19329833984376	-177.9232177734375	302.2061462402344	19.43069076538086	-190.4747619628907	297.6504516601563	32.31032943725587	-145.1255340576172	242.9391632080079	14.92646217346192	-96.75270843505862	408.1185913085939	1393.757690429688	-209.6643829345704	305.5204467773438	1156.695678710938	-217.8512573242188	567.3015747070314	1057.637817382813	-236.5889587402344	519.9282226562501	1309.779418945313	-225.3526458740235	299.0390014648438	1205.736694335938	-301.5195922851563	342.6435241699219	1332.187377929688	-311.5483703613282	381.4248352050782	1336.385131835938	-376.8423767089844	430.3240051269532	1342.494750976563	-393.8489990234376	346.4775390625001	1040.146118164063	-455.2154541015626	334.5716552734376	1035.006103515625	-378.0417175292969	319.5563354492188	1022.174926757813	-424.5429992675782	398.6287536621095	803.693786621094	-445.3199768066407	330.2927856445313	815.6107177734377	-483.1029357910157	406.9051818847657	737.6341552734376	-457.2701721191407	316.6132202148438	755.1455078125001	-484.1825561523439	306.1009216308594	1198.01708984375	-135.1345977783203	351.6170959472657	1321.404418945313	-130.6546325683594	411.7009887695314	1320.9423828125	-61.86227035522462	460.5379943847657	1324.589111328125	-48.54704666137697	484.5274963378907	1009.898742675781	29.72027778625489	442.0892639160157	989.008972167969	-26.96677017211915	459.4102172851564	973.588806152344	16.59613990783692	624.5589599609376	828.062194824219	-2.624319791793824	586.2920532226564	814.2654418945315	44.50881576538087	676.2859497070314	763.4326171875001	0.292724370956421	612.6586303710939	752.0118408203126	53.89195251464845	
55	0.54	525.7279663085939	890.7377929687502	-349.3684387207032	310.6346740722657	896.1138305664065	-268.0753479003907	317.5409240722657	907.2092895507815	-164.0687561035157	536.5166625976564	892.3916015625002	-97.72618103027347	449.9561462402345	781.994567871094	-406.111297607422	597.3009033203126	441.9314575195314	-350.7322387695313	595.6524047851564	420.744110107422	-225.811019897461	598.5407714843751	382.6720886230469	-358.1983337402344	656.4039916992189	390.3390197753907	-307.1366577148438	687.5851440429689	68.96704864501955	-321.4302673339844	715.0151367187501	84.89877319335939	-243.7953033447266	668.2175292968751	12.53046989440918	-263.3284912109376	831.681823730469	64.19724273681642	-268.4548034667969	822.4635009765627	70.48522949218751	-314.0509643554688	782.2152099609377	34.43464660644532	-348.7015686035157	432.4974670410157	803.0286254882815	-33.90266036987305	351.8959960937501	439.1534423828126	-96.82927703857425	339.0324401855469	427.4722290039064	-225.6156005859376	320.1881408691407	389.5545959472657	-92.33583068847658	363.8729858398438	364.5661926269532	-138.8649597167969	180.7659301757813	90.94416809082033	-125.6288223266602	210.1816711425782	97.82643127441409	-208.9023742675782	125.006950378418	55.77708053588869	-176.8470611572266	302.1229248046876	19.24935913085938	-190.2199401855469	297.8743591308594	32.28035736083985	-144.9576110839844	243.1855010986329	14.9870252609253	-96.51411437988284	419.5498352050782	1392.867065429688	-210.9277496337891	317.3016967773438	1155.540283203125	-219.3995666503907	579.1262817382814	1056.963012695313	-237.9125671386719	531.5175170898439	1309.055541992188	-226.6723785400391	310.5697021484376	1204.693603515625	-302.7468566894532	354.1152954101563	1331.240356445313	-312.8178405761719	392.7694702148439	1335.544311523438	-378.1387939453126	441.7703247070314	1341.66064453125	-395.1218566894532	356.8240661621094	1039.582397460938	-456.1494140625001	345.1467285156251	1034.525634765625	-378.9346923828126	329.8944702148438	1021.906921386719	-425.3209533691407	406.0789184570314	802.5404052734377	-446.1664428710939	338.1974487304688	815.373718261719	-484.3601684570314	413.303680419922	736.2370605468751	-457.785858154297	323.6232299804688	755.2681274414064	-485.4139099121095	317.6668090820313	1196.880126953125	-136.6547393798828	363.1674194335938	1320.315673828125	-131.9721221923828	423.0572509765626	1319.824096679688	-63.22459793090822	471.8489074707032	1323.536376953125	-49.8047561645508	496.4381713867189	1008.813537597656	28.19747543334962	454.0950012207032	987.931091308594	-28.55947303771973	471.4135742187501	972.4368896484377	14.97780132293702	637.4669799804689	827.845153808594	-4.682167053222657	599.3037719726564	813.6831665039065	42.42560577392579	689.6584472656251	763.5270385742189	-1.880084753036499	626.0375366210939	751.5651245117189	51.61898803710939	
56	0.55	538.2697143554689	889.9938964843752	-350.5455627441407	322.9808654785157	895.6343994140627	-269.6976623535157	329.8529663085938	906.5662841796877	-165.5906066894532	548.8972778320314	891.658142089844	-98.94187164306643	462.7927856445314	781.5105590820315	-407.3721923828126	609.9542846679689	441.4828491210939	-350.7418212890626	608.2525024414064	420.7807006835939	-225.9216613769532	610.7429199218751	382.0354614257813	-357.9529724121094	668.2589111328126	389.3372192382814	-306.7495727539063	694.1676635742189	67.82662963867189	-320.1894226074219	721.1855468750001	83.02304840087892	-242.3674316406251	672.8058471679689	12.4319658279419	-262.3970642089844	837.665466308594	59.32344818115236	-266.8835449218751	828.9388427734377	65.7996063232422	-312.6762390136719	787.3787841796877	31.2815341949463	-347.2820434570313	444.575408935547	802.3514404296877	-35.31278991699219	362.9518127441407	438.6490478515626	-97.13796234130862	350.6316528320313	426.5127258300782	-225.7280578613282	330.1981201171876	389.611053466797	-92.54599761962892	373.6137390136719	363.3524780273438	-138.8072967529297	183.1298828125	94.23939514160158	-124.4786071777344	212.8613433837891	100.3677291870117	-207.6094360351563	126.6604309082032	60.92664718627931	-175.7380981445313	301.8523254394532	18.95309829711914	-190.0434875488282	298.0426025390626	32.17278289794923	-144.8688507080078	243.4129333496094	15.09844207763672	-96.29325866699222	431.0858764648439	1392.171997070313	-212.2405853271485	329.2297058105469	1154.56298828125	-220.935531616211	591.2461547851564	1056.485473632813	-239.3665008544922	543.2037963867189	1308.53515625	-228.0948791503907	322.1769104003907	1203.816528320313	-303.9591369628907	365.6369934082032	1330.468383789063	-314.1044311523438	404.1630249023439	1334.878295898438	-379.4602966308594	453.2313842773439	1341.008422851563	-396.4512939453126	367.4076232910157	1039.150146484375	-457.1824951171876	355.9638671875001	1034.146850585938	-379.9355773925782	340.4908142089844	1021.735595703125	-426.1991577148439	414.0445861816407	801.6090087890627	-447.1496887207032	346.5416564941407	815.273132324219	-485.7302551269532	420.2264709472657	735.0828247070314	-458.4337158203126	331.1471862792969	755.5578002929689	-486.7851562500001	329.4158935546876	1195.923461914063	-138.1667022705078	374.8900146484376	1319.40673828125	-133.3094024658203	434.5880126953126	1318.920288085938	-64.63677215576173	483.3413391113282	1322.694580078125	-51.13384246826173	508.1454162597657	1007.906982421875	26.56272125244141	465.9431152343751	987.0750122070315	-30.2840805053711	483.2120056152345	971.4870605468752	13.23398494720459	650.0037231445314	827.631286621094	-6.735849857330324	611.8866577148439	813.1424560546877	40.30839157104493	702.5861816406251	763.5856323242189	-4.005273342132569	638.9042358398439	751.1295166015626	49.32477188110353	
57	0.5600000000000001	550.8364257812501	889.504577636719	-351.8140869140626	335.3526611328126	895.429138183594	-271.2612609863282	342.3719482421876	906.0432739257815	-166.9957580566407	561.4407958984376	890.9551391601565	-100.3736724853516	475.7163696289064	781.3569335937502	-408.6913452148439	622.9715576171876	441.3360290527345	-350.8075561523438	621.2872924804689	421.2051696777345	-226.1854705810547	623.2334594726564	381.7036132812501	-357.7793273925782	680.1795043945314	388.4036560058595	-306.3988952636719	699.4498901367189	66.67726898193361	-319.0811462402344	725.9543457031251	80.96107482910158	-241.0111846923829	675.7282104492189	12.38835811614991	-261.7110595703126	842.1501464843752	53.79457855224611	-265.2929687500001	834.0720214843752	60.55916213989259	-311.3627014160157	790.982116699219	27.90031814575196	-346.0467834472657	456.9532165527345	801.5930175781252	-36.79602813720704	374.8850402832032	437.9989318847657	-97.48345947265628	363.0692749023438	425.3033752441407	-225.8460388183594	341.0225830078126	389.5940551757814	-92.7768020629883	384.1452026367189	361.9726257324219	-138.7211151123047	186.0324096679688	97.89849853515628	-123.2455825805664	216.1280212402344	103.0811767578125	-206.162338256836	128.9604034423828	66.6954803466797	-174.6562194824219	301.3832397460938	18.56844902038575	-189.967514038086	298.1470642089844	31.98740768432618	-144.879150390625	243.6234436035157	15.32531356811524	-96.11473083496097	442.7301635742189	1391.685424804688	-213.5865020751954	341.2932739257813	1153.79248046875	-222.4188385009766	603.6541137695314	1056.211547851563	-240.9597625732422	554.9858398437501	1308.222534179688	-229.6098022460938	333.8648986816407	1203.125122070313	-305.1355590820313	377.2080688476563	1329.887451171875	-315.3881530761719	415.6035461425782	1334.400390625	-380.7890625000001	464.7011108398439	1340.553344726563	-397.8230590820314	378.2151794433594	1038.865234375	-458.3016967773439	367.0243225097657	1033.882934570313	-381.0296325683594	351.3364257812501	1021.671936035156	-427.1655578613282	422.5440063476564	800.9152832031252	-448.2841796875001	355.3364562988282	815.3203735351565	-487.1992797851564	427.7161865234376	734.1866455078126	-459.2435607910157	339.2084960937501	756.0118408203126	-488.2842407226564	341.3566589355469	1195.172119140625	-139.632080078125	386.7804565429689	1318.708374023438	-134.6411590576172	446.3151245117189	1318.254028320313	-66.07695770263673	495.0459289550782	1322.077514648438	-52.52428817749025	519.6611938476564	1007.194213867188	24.82283973693848	477.6428527832032	986.4569091796877	-32.1360206604004	494.8229370117189	970.7510375976565	11.37209415435791	662.1583251953126	827.4141235351565	-8.778425216674806	624.0232543945314	812.6416015625002	38.16321182250977	715.0493774414064	763.5928344726564	-6.076809883117678	651.2379150390626	750.7005004882814	47.01756668090821	
58	0.5700000000000001	563.3930053710939	889.3206176757815	-353.1917724609376	347.7278747558594	895.4868774414065	-272.7383728027344	355.0742492675782	905.6295166015627	-168.2633819580078	574.1126098632814	890.2966308593752	-102.0298004150391	488.672332763672	781.5385742187502	-410.0623779296876	636.2583007812501	441.465057373047	-350.9245605468751	634.5673828125001	421.970428466797	-226.5807342529297	635.9552612304689	381.6652526855469	-357.6892700195313	692.0872192382814	387.5656738281251	-306.0634460449219	703.7238159179689	65.60408020019533	-318.1335449218751	729.6025390625001	78.85723876953126	-239.7621765136719	677.3955078125001	12.42244338989258	-261.2847900390626	845.4412841796877	47.94994354248048	-263.7247009277344	838.1555786132815	55.09101486206056	-310.1524353027344	793.3887939453127	24.5406894683838	-345.0437622070313	469.6167907714845	800.740661621094	-38.33444976806641	387.7391662597657	437.1924743652345	-97.85700225830081	376.4189453125001	423.8208923339845	-225.9728088378907	352.7197265625001	389.4996032714845	-93.01879119873048	395.5244445800782	360.4384460449219	-138.5823822021485	189.5895080566407	101.9608383178711	-121.9568481445313	220.0973205566407	105.9785232543946	-204.5855560302735	132.0580291748047	73.12380218505861	-173.6567840576172	300.7362060546876	18.14500427246094	-190.001953125	298.2026977539063	31.73982620239259	-144.997787475586	243.8432769775391	15.75288581848145	-95.99612426757814	454.4791870117189	1391.4130859375	-214.9489440917969	353.4748229980469	1153.249755859375	-223.8136596679688	616.3252563476564	1056.142822265625	-242.6985931396485	566.8568725585939	1308.115844726563	-231.2027740478516	345.6352233886719	1202.633056640625	-306.2603454589844	388.8260498046876	1329.507202148438	-316.6514282226563	427.086151123047	1334.119384765625	-382.1094360351563	476.173797607422	1340.306640625	-399.2220458984376	389.2322387695314	1038.740966796875	-459.4947509765626	378.3248291015626	1033.745483398438	-382.2022094726563	362.4188232421876	1021.724487304688	-428.2095947265626	431.5883178710939	800.4687500000002	-449.5790100097657	364.5916442871094	815.5237426757815	-488.7536621093751	435.8106994628907	733.5581665039064	-460.2398986816407	347.8265991210938	756.6213989257814	-489.8965148925782	353.4888916015626	1194.64306640625	-141.0166473388672	398.8252868652345	1318.242431640625	-135.9443969726563	458.2493591308595	1317.83984375	-67.52346801757814	506.9801635742189	1321.692504882813	-53.96480560302736	531.0042114257814	1006.682861328125	22.98698806762696	489.2039794921876	986.0872802734377	-34.10864639282227	506.2682495117189	970.2338867187502	9.401709556579592	673.9235839843751	827.1846313476565	-10.80394744873047	635.7025146484376	812.1773071289065	35.99735260009766	727.0302124023439	763.5286865234376	-8.093189239501955	663.0235595703126	750.2717895507814	44.7061882019043	
59	0.58	575.9052124023439	889.479431152344	-354.6905517578126	360.0870971679688	895.7858886718752	-274.1125183105469	367.9250183105469	905.3129882812502	-169.3871307373047	586.8703613281251	889.6967773437502	-103.9067459106446	501.6063232421876	782.0444946289065	-411.4819946289064	649.6837158203126	441.8233642578126	-351.0888977050782	647.8814086914064	423.0155639648439	-227.079086303711	648.8028564453126	381.8858642578126	-357.6894836425782	703.8802490234376	386.8338623046876	-305.7288208007813	707.2409667968751	64.6774368286133	-317.3563842773438	732.3856811523439	76.84337615966798	-238.6416015625001	678.1881713867189	12.54652309417725	-261.1070861816407	847.8197021484377	42.12171173095704	-262.2206726074219	841.445007324219	49.7097511291504	-309.0820617675782	794.928161621094	21.42584037780762	-344.3011779785157	482.5378723144532	799.7857055664065	-39.91156768798829	401.5452270507814	436.2233276367189	-98.2466735839844	390.7492065429689	422.0489196777345	-226.1101379394532	365.3455200195313	389.3247985839845	-93.25881958007814	407.8031616210939	358.7724914550782	-138.3667144775391	193.9195251464844	106.4586486816407	-120.6410675048828	224.8812103271485	109.0741958618164	-202.9087829589844	136.1000518798828	80.23191070556642	-172.7864685058594	299.9745788574219	17.75505828857422	-190.1398162841797	298.2571411132813	31.46479797363282	-145.2191619873047	244.1307525634766	16.48485565185547	-95.94471740722658	466.3223571777345	1391.3525390625	-216.3123016357422	365.7513122558594	1152.946166992188	-225.0922393798829	629.2174072265626	1056.275756835938	-244.5848999023438	578.8043823242189	1308.20751953125	-232.8555755615235	357.4856872558594	1202.346069335938	-307.3244628906251	400.4864196777345	1329.329833984375	-317.8804321289063	438.6034545898439	1334.036987304688	-383.4088439941407	487.6446228027345	1340.27392578125	-400.6333007812501	400.4430541992189	1038.786010742188	-460.7511596679689	389.8562927246095	1033.742065429688	-383.4400939941407	373.7221374511719	1021.898010253906	-429.3231506347657	441.1830139160157	800.2722167968752	-451.0376892089845	374.3163146972657	815.886413574219	-490.3812866210939	444.542694091797	733.2001953125001	-461.4408264160157	357.0169067382813	757.3707275390626	-491.6060180664064	365.8019409179688	1194.34326171875	-142.2936553955078	411.0023193359376	1318.020141601563	-137.2003631591797	470.3884277343751	1317.68212890625	-68.95619201660158	519.1450805664064	1321.538696289063	-55.44312286376955	542.1973876953126	1006.37255859375	21.06670951843262	500.635223388672	985.9688720703127	-36.19223403930665	517.5717773437501	969.9342041015627	7.335079669952394	685.2965087890626	826.9314575195315	-12.80732822418213	646.9217529296876	811.744567871094	33.81961822509766	738.5144042968751	763.3703613281251	-10.05750942230225	674.2540893554689	749.8359375000001	42.40024185180665	
60	0.59	588.3419799804689	889.9990234375002	-356.3143005371094	372.4136657714844	896.295837402344	-275.3803710937501	380.8790893554688	905.0810546875002	-170.3760833740235	599.6659545898439	889.1672363281252	-105.9878082275391	514.4667358398439	782.8483886718752	-412.9495849609376	663.0842895507814	442.3464660644532	-351.2987976074219	661.0087890625001	424.266326904297	-227.6491699218751	661.6243286132814	382.3088684082032	-357.7812500000001	715.4394531250001	386.2009582519532	-305.3908691406251	710.2024536132814	63.94477462768556	-316.7425842285157	734.5228271484376	75.02523803710939	-237.6565246582032	678.4340820312501	12.75948333740235	-261.1451110839844	849.5300903320315	36.60617828369141	-260.8190612792969	844.1489868164065	44.68938827514649	-308.1785583496094	795.8811035156252	18.73064422607422	-343.8249816894532	495.6737060546876	798.725769042969	-41.51385498046876	416.3178710937501	435.0917053222657	-98.63959503173831	406.1157226562501	419.9832458496095	-226.2591857910157	378.9487304687501	389.0691223144532	-93.48262023925783	421.0235290527345	357.0080261230469	-138.053466796875	199.1367950439454	111.4131011962891	-119.3290634155274	230.5825805664063	112.3842163085938	-201.1671752929688	141.2195434570313	88.01384735107423	-172.080810546875	299.2139282226563	17.49020576477051	-190.3537139892578	298.3993530273438	31.21789550781251	-145.5195770263672	244.5826263427735	17.63826751708985	-95.95532989501955	478.2423095703126	1391.493530273438	-217.662826538086	378.0953674316407	1152.882080078125	-226.2378387451172	642.2728881835939	1056.600708007813	-246.6143493652344	590.8104248046876	1308.484130859375	-234.5468750000001	369.4098815917969	1202.261474609375	-308.3266906738282	412.1827392578126	1329.349731445313	-319.0663452148438	450.1467895507814	1334.148071289063	-384.6786499023439	499.1102294921876	1340.453979492188	-402.0428466796876	411.8311157226564	1039.002807617188	-462.0630187988282	401.6033020019532	1033.876098632813	-384.7329101562501	385.2276306152345	1022.192504882813	-430.5014038085939	451.3291015625001	800.3213500976565	-452.6584777832032	384.5184326171876	816.4047851562502	-492.0723571777345	453.9391174316407	733.1092529296876	-462.8571166992189	366.7908935546876	758.2368774414064	-493.3963928222657	378.2738342285157	1194.269409179688	-143.4468231201172	423.2814941406251	1318.040771484375	-138.3964233398438	482.7155761718751	1317.774047851563	-70.35790252685548	531.5239257812501	1321.606811523438	-56.94624328613283	553.2651977539064	1006.254821777344	19.07570457458496	511.9431762695314	986.0958251953127	-38.37321090698243	528.7567138671876	969.843200683594	5.187260150909425	696.2789306640626	826.642028808594	-14.78410339355469	657.6870117187501	811.3371582031252	31.64045333862305	749.4926147460939	763.0936279296876	-11.97680377960205	684.9316406250001	749.3845825195314	40.11027908325196	
61	0.6	600.6767578125001	890.8741455078127	-358.0572204589844	384.6934814453126	896.9805297851565	-276.5523986816407	393.8820800781251	904.9223632812502	-171.254135131836	612.4482421875001	888.7160644531252	-108.2424774169922	527.2070922851564	783.9107055664065	-414.4663696289064	676.2714843750001	442.9573974609376	-351.5555725097657	673.7324218750001	425.6372070312501	-228.2609405517579	674.2299804687501	382.8608398437501	-357.9614868164063	726.6369628906251	385.643768310547	-305.0575256347657	712.7562866210939	63.42722702026369	-316.2719116210938	736.1916503906251	73.47452545166017	-236.8022460937501	678.3956909179689	13.04741764068604	-261.3505249023438	850.773864746094	31.64141654968262	-259.5511779785157	846.4260253906252	40.24246215820313	-307.4570007324219	796.4717407226565	16.56823921203614	-343.5991821289063	508.9675598144532	797.5669555664065	-43.1318473815918	432.0516662597657	433.8070373535157	-99.02444458007815	422.5533142089845	417.6371154785157	-226.4217834472657	393.565155029297	388.7368164062501	-93.67774200439455	435.2134094238282	355.1885986328126	-137.6299438476563	205.3455047607422	116.8307876586914	-118.0549011230469	237.2908782958985	115.9244232177735	-199.4017639160157	147.5277252197266	96.43209075927737	-171.5639343261719	298.6284484863282	17.45465469360352	-190.5945129394532	298.7657470703126	31.0746078491211	-145.8556823730469	245.3377532958985	19.33530616760254	-96.00982666015628	490.2163391113282	1391.819213867188	-218.9895782470704	390.4765625000001	1153.046630859375	-227.247055053711	655.4218750000001	1057.101684570313	-248.7744903564454	602.8528442382814	1308.927612304688	-236.2530364990235	381.3972167968751	1202.368774414063	-309.2739562988282	423.9071350097657	1329.554077148438	-320.2061767578126	461.7074279785157	1334.44091796875	-385.914764404297	510.5696411132814	1340.838134765625	-403.4386596679689	423.3798217773439	1039.38720703125	-463.4254455566407	413.5440368652345	1034.144775390625	-386.0738220214845	396.9146118164064	1022.602478027344	-431.7432250976564	462.0238647460939	800.6054687500002	-454.434539794922	395.2047119140626	817.0674438476565	-493.819549560547	464.0207519531251	733.2753295898439	-464.4917297363282	377.1562500000001	759.1901855468751	-495.2521972656251	390.8709106445314	1194.408813476563	-144.4724578857422	435.6260681152345	1318.2919921875	-139.52734375	495.1995239257814	1318.097778320313	-71.71548461914064	544.0819091796876	1321.879516601563	-58.46071624755861	564.2302856445314	1006.313659667969	17.02933502197266	523.1310424804689	986.4533691406252	-40.63383483886719	539.8424072265626	969.9458618164065	2.975833654403687	706.8777465820314	826.302917480469	-16.73013496398926	668.0133056640626	810.9478149414065	29.47181129455567	759.9617919921876	762.6759033203126	-13.8606767654419	695.0679931640626	748.9093017578126	37.84792709350587	
62	0.61	612.8890380859376	892.0750122070315	-359.9031066894532	396.9141540527345	897.8021240234377	-277.6519775390626	406.872772216797	904.8281860351565	-172.0578918457032	625.1660156250001	888.3472900390627	-110.6271667480469	539.7885131835939	785.1822509765627	-416.0335388183595	689.0440673828126	443.5744934082032	-351.8638916015626	685.8512573242189	427.0365600585939	-228.8897857666016	686.4072875976564	383.4592285156251	-358.2238159179688	737.3453369140626	385.1277465820314	-304.7480163574219	715.0010986328126	63.12058639526369	-315.9160461425782	737.5278320312501	72.2267532348633	-236.0659790039063	678.2647705078126	13.38685989379883	-261.6667785644532	851.707458496094	27.39341354370118	-258.4395446777344	848.3864746093752	36.50820922851563	-306.9198303222657	796.865905761719	14.9860315322876	-343.5896301269532	522.3509521484376	796.3266601562502	-44.7605323791504	448.7189331054689	432.3909606933595	-99.39357757568362	440.0689392089845	415.0455932617189	-226.6012725830079	409.2119445800782	388.3398437500001	-93.83658599853517	450.3828125000001	353.3663635253907	-137.0948791503907	212.6347351074219	122.7007293701172	-116.8569793701172	245.0793151855469	119.7076950073242	-197.6595916748047	155.1080474853516	105.4135513305664	-171.2503204345703	298.4520568847657	17.75545120239258	-190.792724609375	299.5426330566407	31.12630271911622	-146.1653594970703	246.5770263671876	21.69215393066407	-96.07857513427737	502.2182617187501	1392.3076171875	-220.2849426269532	402.8625488281251	1153.420043945313	-228.1307678222657	668.5871582031251	1057.756713867188	-251.0432434082032	614.9066772460939	1309.516967773438	-237.9494018554688	393.4332580566407	1202.650756835938	-310.1810913085938	435.6507873535157	1329.925048828125	-321.3030395507813	473.2779235839845	1334.898315429688	-387.1178588867189	522.0247802734376	1341.410888671875	-404.8113403320314	435.0737609863282	1039.92822265625	-464.8365478515626	425.6512145996095	1034.53955078125	-387.4603881835939	408.761932373047	1023.1171875	-433.0510253906251	473.2615356445314	801.1079711914065	-456.3546447753907	406.3797912597657	817.8552246093752	-495.6180419921876	474.8015747070314	733.6833496093751	-466.3398742675782	388.1169738769532	760.1960449218751	-497.1595458984376	403.5486755371095	1194.7412109375	-145.3805084228516	447.9947204589845	1318.75146484375	-140.5957794189453	507.7955322265626	1318.626586914063	-73.0206756591797	556.7680053710939	1322.33251953125	-59.97293090820314	575.1108398437501	1006.527221679688	14.94393920898438	534.1982421875001	987.0185546875002	-42.95243453979493	550.8422241210939	970.2219238281252	0.7202255129814149	717.1044311523439	825.9013671875002	-18.64131927490235	677.9235839843751	810.5695800781252	27.32683944702149	769.9260864257815	762.0982666015626	-15.71940422058106	704.6842041015626	748.4025878906251	35.6258659362793	
63	0.62	624.9649658203126	893.5488281250002	-361.8257141113282	409.0642395019532	898.7250976562502	-278.7129211425782	419.7861633300782	904.7949829101565	-172.8329620361328	637.7704467773439	888.062683105469	-113.0870666503907	552.1809692382814	786.608825683594	-417.6505126953126	701.2038574218751	444.120086669922	-352.2312011718751	697.1917114257814	428.3736267089845	-229.5194702148438	697.9408569335939	384.0220031738282	-358.5603637695313	747.4473876953126	384.6135559082032	-304.4900817871094	716.9944458007814	62.99971389770509	-315.6438903808594	738.6294555664064	71.28424072265626	-235.4310760498047	678.1651611328126	13.7493896484375	-262.0364685058594	852.4439697265627	23.95141792297364	-257.4971923828126	850.0994262695315	33.55024719238282	-306.5576782226563	797.1751098632815	13.97042274475098	-343.7496643066407	535.7470703125001	795.0352783203127	-46.39901733398438	466.2691955566407	430.8795471191407	-99.74442291259768	458.6369934082032	412.2686767578126	-226.8026428222657	425.8821411132814	387.9006347656251	-93.95876312255861	466.5209350585939	351.5999145507813	-136.4605407714844	221.0749053955079	128.991683959961	-115.7786560058594	254.004379272461	123.7401733398438	-195.9934234619141	164.0132446289063	114.8474884033203	-171.1482696533203	298.9732971191407	18.49032783508301	-190.8630981445313	300.9637145996094	31.47285652160645	-146.3714599609375	248.5190734863282	24.80560493469239	-96.12384033203128	514.2207031250001	1392.935424804688	-221.5448608398438	415.2203674316407	1153.976196289063	-228.9137573242188	681.6890869140626	1058.539306640625	-253.3879699707032	626.9459838867189	1310.229370117188	-239.6116180419922	405.5003051757814	1203.086669921875	-311.0696411132813	447.404754638672	1330.4423828125	-322.3656921386719	484.8530883789064	1335.500122070313	-388.292938232422	533.4807128906251	1342.150756835938	-406.1543884277345	446.8999023437501	1040.608276367188	-466.2969970703126	437.8935546875001	1035.046264648438	-388.8941040039064	420.7496948242189	1023.721496582031	-434.430145263672	485.0336303710939	801.8081665039065	-458.4035644531251	418.045623779297	818.7424926757815	-497.4647521972657	486.2883605957032	734.3145141601564	-468.3897705078126	399.673553466797	761.2174072265626	-499.1069946289064	416.2535095214845	1195.241943359375	-146.1939697265625	460.344207763672	1319.39013671875	-141.6117553710938	520.4478149414064	1319.32763671875	-74.27039337158205	569.5183715820314	1322.93701171875	-61.46938705444337	585.9189453125001	1006.870056152344	12.83608531951905	545.1402587890626	987.7623291015627	-45.30426406860352	561.7612915039064	970.6479492187502	-1.559283971786499	726.9740600585939	825.4267578125002	-20.51336288452149	687.4467163085939	810.1965942382815	25.21936988830567	779.397155761719	761.3485107421876	-17.56178665161133	713.8093261718751	747.8594360351564	33.45767211914063	
64	0.63	636.8976440429689	895.2242431640627	-363.7901916503907	421.1326904296876	899.7202758789065	-279.7757568359376	432.5572204589845	904.8255004882815	-173.629623413086	650.2180786132814	887.864196777344	-115.5594329833985	564.3639526367189	788.135925292969	-419.3129882812501	712.5728759765626	444.5291748046876	-352.6661376953126	707.6179809570314	429.5671997070314	-230.1433105468751	708.6343994140626	384.477264404297	-358.9627075195313	756.8454589843751	384.0635375976564	-304.3154602050782	718.7630615234376	63.02503204345705	-315.4264526367188	739.5626220703126	70.62277221679689	-234.8809051513672	678.1613159179689	14.10642337799073	-262.4075927734376	853.0583496093752	21.33177185058594	-256.7280273437501	851.6013793945315	31.36272430419923	-306.3516540527344	797.4639282226565	13.45820045471192	-344.0270690917969	549.0758666992189	793.736999511719	-48.0493621826172	484.6306762695314	429.3244934082032	-100.0796279907227	478.1972045898439	409.391326904297	-227.0318603515626	443.5411987304689	387.4541625976564	-94.05233764648439	483.5952453613282	349.9511413574219	-135.7527618408203	230.7165679931641	135.6495819091797	-114.8679580688477	264.1072387695313	128.0163726806641	-194.4603729248047	174.2657775878907	124.5855178833008	-171.2640686035157	300.5233154296876	19.73449134826661	-190.7124176025391	303.3021240234376	32.21219635009766	-146.3885498046875	251.4117279052735	28.73864173889161	-96.10479736328128	526.1975097656251	1393.6796875	-222.7684631347657	427.5172729492189	1154.68701171875	-229.6327056884766	694.6516723632814	1059.420288085938	-255.7655639648438	638.9454956054689	1311.043334960938	-241.2171478271485	417.5780029296876	1203.655395507813	-311.9658813476563	459.1602478027345	1331.086181640625	-323.4074401855469	496.4306640625001	1336.226196289063	-389.4486083984376	544.9457397460939	1343.033203125	-407.4641418457032	458.8490600585939	1041.405883789063	-467.809539794922	450.2384033203126	1035.646728515625	-390.3797912597657	432.8611755371095	1024.397583007813	-435.8879699707032	497.3290100097657	802.683044433594	-460.5630187988282	430.2007751464845	819.6998291015627	-499.3576965332032	498.4799804687501	735.1480712890626	-470.6232910156251	411.8228759765626	762.2180786132814	-501.0859680175782	428.9261169433595	1195.8857421875	-146.9468383789063	472.6323852539064	1320.176025390625	-142.5911865234375	533.0931396484376	1320.164916992188	-75.46652221679689	582.2614135742189	1323.662719726563	-62.93701553344728	596.6588134765626	1007.316101074219	10.72183132171631	555.9491577148439	988.652282714844	-47.66294097900391	572.5953979492189	971.2001953125002	-3.842691183090211	736.5042114257814	824.872497558594	-22.34166717529297	696.6152954101564	809.8256835937502	23.16330909729004	788.393737792969	760.4234619140626	-19.3930892944336	722.4782104492189	747.2787475585939	31.35741806030274	
65	0.64	648.6867065429689	897.0183105468752	-365.7557373046876	433.1082458496095	900.7678833007815	-280.8829345703126	445.125213623047	904.9299316406252	-174.4977416992188	662.4722290039064	887.7572021484377	-117.9778747558594	576.3258666992189	789.7134399414065	-421.0119628906251	723.0094604492189	444.7557983398439	-353.1766357421876	717.0408325195314	430.5538024902345	-230.7637023925782	718.3314208984376	384.7707824707032	-359.4229736328126	765.4677734375001	383.4475708007813	-304.2548828125001	720.3143920898439	63.14974212646486	-315.2404174804688	740.3692626953126	70.20023345947267	-234.4018096923829	678.2705078125001	14.43328380584717	-262.7385864257813	853.5939941406252	19.48854446411133	-256.1279296875001	852.906921386719	29.88275337219239	-306.2765197753907	797.7603759765627	13.3519515991211	-344.3706665039063	562.2595825195314	792.4888305664065	-49.71489334106447	503.713348388672	427.792449951172	-100.4061126708985	498.6560363769532	406.5204467773439	-227.2941131591797	462.1252746582032	387.0484619140626	-94.13364410400392	501.5522460937501	348.4819335937501	-135.0087280273438	241.5910186767579	142.5952606201172	-114.1757125854492	275.4167175292969	132.5136413574219	-193.1194915771485	185.8613586425782	134.4440155029297	-171.6055145263672	303.4571228027344	21.52810668945313	-190.2499084472657	306.8571777343751	33.42767715454102	-146.1322784423828	255.5195312500001	33.50664138793946	-95.9834671020508	538.1254882812501	1394.52099609375	-223.9574584960938	439.7220153808595	1155.525756835938	-230.332748413086	707.4082641601564	1060.370849609375	-258.1238708496094	650.8825683593751	1311.939331054688	-242.7466125488282	429.6438598632814	1204.338989257813	-312.8981323242188	470.9089965820314	1331.840454101563	-324.4445190429688	508.0110473632814	1337.058715820313	-390.5955200195314	556.4301757812501	1344.032470703125	-408.7394104003907	470.9172363281251	1042.297119140625	-469.377899169922	462.6545410156251	1036.32080078125	-391.9241333007814	445.0844116210939	1025.126708984375	-437.4324340820314	510.1341857910157	803.7097167968752	-462.8123168945314	442.8401489257814	820.6967773437502	-501.2952575683595	511.3673400878907	736.1633911132814	-473.0172424316407	424.5586547851564	763.1666259765626	-503.0911560058595	441.5054931640626	1196.649291992188	-147.6804504394532	484.8211669921876	1321.077514648438	-143.5536041259766	545.6655883789064	1321.10400390625	-76.61511230468751	594.9235839843751	1324.480712890625	-64.36355590820314	607.3267211914064	1007.841430664063	8.616132736206056	566.6142578125001	989.6562500000002	-50.0022315979004	583.3306884765626	971.8569946289065	-6.111374378204347	745.7128906250001	824.2376098632815	-24.12133598327637	705.4623413085939	809.457702636719	21.17197418212891	796.9407958984377	759.3311767578126	-21.21343994140625	730.7285156250001	746.6647338867189	29.33907318115235	
66	0.65	660.3376464843751	898.8442993164065	-367.6789855957032	444.979461669922	901.8592529296877	-282.0736999511719	457.4379882812501	905.1254882812502	-175.4819641113282	674.5047607421876	887.753845214844	-120.2775268554688	588.0617065429689	791.2984008789065	-422.7329711914064	732.4202880859376	444.7767028808595	-353.7675781250001	725.4229736328126	431.2940979003907	-231.3900604248047	726.9306640625001	384.870819091797	-359.9338073730469	773.273376464844	382.7469482421876	-304.3334960937501	721.6464233398439	63.32664489746095	-315.0701293945313	741.0740356445314	69.96550750732423	-233.9848327636719	678.4771118164064	14.71197986602784	-263.0007934570313	854.070983886719	18.32869148254395	-255.6861572265626	854.0183715820315	29.00664710998536	-306.3038940429688	798.0661621093752	13.53672313690186	-344.7356872558594	575.2291870117189	791.3579711914065	-51.39812469482423	523.4137573242189	426.3621520996095	-100.7332763671875	519.8916015625001	403.7782287597657	-227.5917358398438	481.5424804687501	386.7425537109376	-94.22568511962892	520.3200683593751	347.2504882812501	-134.2728118896485	253.7126922607422	149.7225189208985	-113.7522125244141	287.9530639648438	137.186508178711	-192.0279693603516	198.7747955322266	144.2091064453125	-172.18359375	308.1295776367188	23.86651420593262	-189.3992919921875	311.9364624023438	35.1748390197754	-145.5305786132813	261.1088562011719	39.06621932983399	-95.73056030273439	549.9856567382814	1395.444946289063	-225.1150665283204	451.8056640625001	1156.470947265625	-231.0629272460938	719.9064331054689	1061.365234375	-260.4046630859376	662.7380371093751	1312.902099609375	-244.1850891113282	441.6740112304689	1205.12451171875	-313.8937988281251	482.6433105468751	1332.694458007813	-325.4937438964844	519.5968627929689	1337.985473632813	-391.7447814941407	567.9451904296876	1345.125	-409.9805603027345	483.1062622070314	1043.259155273438	-471.0059204101564	475.1152648925782	1037.04931640625	-393.5340270996095	457.413299560547	1025.891845703125	-439.0704956054689	523.4335937500001	804.8670654296877	-465.1292419433595	455.9549560546876	821.7058105468752	-503.2755126953126	524.9330444335939	737.3419799804689	-475.5445556640626	437.8712463378907	764.0397338867189	-505.1205139160157	453.9337768554689	1197.514282226563	-148.4390411376953	496.8792114257814	1322.06689453125	-144.5195922851563	558.1013183593751	1322.114501953125	-77.72531127929689	607.4353027343751	1325.366455078125	-65.73803710937501	617.9111938476564	1008.427429199219	6.532433032989504	577.1235961914064	990.7457275390627	-52.297908782959	593.9451904296876	972.6013183593752	-8.349013328552248	754.6172485351564	823.5281982421877	-25.84728813171387	714.0187988281251	809.0985107421877	19.25746154785157	805.0681152343752	758.0913696289064	-23.01694679260254	738.5977172851564	746.0278930664064	27.41571235656739	
67	0.66	671.8604736328126	900.620544433594	-369.5180053710938	456.7341918945314	902.9963989257815	-283.3790893554688	469.4562072753907	905.435241699219	-176.6174926757813	686.2968139648439	887.874450683594	-122.4004669189453	599.5707397460939	792.857604980469	-424.4569091796876	740.7662963867189	444.592010498047	-354.4393615722657	732.7810058593751	431.7758178710939	-232.0359497070313	734.3945312500001	384.7695617675782	-360.4884643554688	780.2526855468752	381.9562988281251	-304.5672912597657	722.7560424804689	63.51372528076173	-314.9080505371094	741.6909179687501	69.86631774902345	-233.6259460449219	678.7462158203126	14.93252754211426	-263.1793518066407	854.4935302734377	17.7292594909668	-255.3871459960938	854.934020996094	28.60736656188966	-306.4056396484376	798.3674926757815	13.89558792114258	-345.0876770019532	587.9296264648439	790.4166259765627	-53.09877014160158	543.6205444335939	425.1192626953126	-101.0708999633789	541.7617187500001	401.2931213378907	-227.922103881836	501.6769104003907	386.6023254394532	-94.3553924560547	539.8124389648439	346.3082580566407	-133.5912780761719	267.0825805664063	156.8974151611328	-113.6422882080078	301.7309875488282	141.962387084961	-191.236312866211	212.9665222167969	153.6442565917969	-173.0115661621094	314.8687744140626	26.69511413574219	-188.110824584961	318.8356323242188	37.46947860717774	-144.5350952148438	268.4316711425782	45.30868530273438	-95.33037567138673	561.7640380859376	1396.442993164063	-226.2451629638672	463.743133544922	1157.507202148438	-231.8710174560547	732.1123046875001	1062.383056640625	-262.5477294921876	674.4974975585939	1313.920776367188	-245.5227508544922	453.6438598632814	1206.006225585938	-314.9762573242188	494.3558654785157	1333.64404296875	-326.5706176757813	531.1918334960939	1339.000244140625	-392.9060668945314	579.5008544921876	1346.291748046875	-411.1887207031251	495.4236755371095	1044.271850585938	-472.6964111328126	487.6010131835939	1037.8154296875	-395.215057373047	469.8482055664064	1026.678833007813	-440.8068237304689	537.2097167968751	806.1379394531252	-467.4908447265626	469.5331115722657	822.7049560546877	-505.2958984375001	539.1516113281251	738.6685180664064	-478.1754150390626	451.748016357422	764.8249511718751	-507.1752319335939	466.1613159179689	1198.468017578125	-149.2648315429688	508.783905029297	1323.122192382813	-145.5080718994141	570.3435668945314	1323.173461914063	-78.80799102783205	619.7366333007814	1326.302124023438	-67.05130004882814	628.3939208984376	1009.062133789063	4.482475757598878	587.4653320312501	991.8986816406252	-54.52946853637697	604.4108886718751	973.422058105469	-10.54220008850098	763.2320556640626	822.758483886719	-27.51444625854493	722.3107299804689	808.7595214843752	17.43013000488282	812.8082275390627	756.7355957031251	-24.79172134399415	746.1209106445314	745.3849487304689	25.59861755371094	
68	0.67	683.2675781250001	902.2783813476565	-371.2363281250001	468.3599243164064	904.190124511719	-284.8178710937501	481.1561889648439	905.8853759765627	-177.9267730712891	697.8390502929689	888.148132324219	-124.3009033203125	610.8532104492189	794.3674926757815	-426.1610717773439	748.0625000000001	444.222381591797	-355.1871337890626	739.1829833984376	432.0127258300782	-232.7160339355469	740.7484741210939	384.4813842773439	-361.0805358886719	786.4260864257815	381.0832214355469	-304.9614562988282	723.6448364257814	63.6780128479004	-314.7536621093751	742.2282104492189	69.85511779785158	-233.3252563476563	679.0356445312501	15.09292316436768	-263.2719421386719	854.8572387695315	17.55435752868653	-255.2121887207032	855.654479980469	28.55099487304688	-306.5562438964844	798.6436157226565	14.32238006591797	-345.4039001464844	600.3251953125001	789.7364501953127	-54.81206512451173	564.2200317382814	424.1497802734376	-101.4273910522461	564.1138305664064	399.1887817382814	-228.2765197753907	522.3953857421876	386.6939392089845	-94.55023193359376	559.9336547851564	345.6976318359376	-133.0067443847657	281.6919555664063	163.9594268798828	-113.8795776367188	316.7611694335938	146.7396545410157	-190.7832641601563	228.3889617919922	162.5001220703125	-174.1009826660157	323.9503173828126	29.91022682189942	-186.3716735839844	327.8174133300782	40.27923202514649	-143.1314086914063	277.7103881835938	52.05972290039064	-94.78372192382814	573.4512329101564	1397.511596679688	-227.3512573242188	475.5141906738282	1158.626342773438	-232.7983856201172	744.0121459960939	1063.411499023438	-264.4961547851563	686.1512451171876	1314.989379882813	-246.7552337646485	465.5291442871095	1206.984497070313	-316.1623535156251	506.0393676757814	1334.690795898438	-327.6871643066407	542.7991943359376	1340.103637695313	-394.0860900878907	591.1046142578126	1347.519409179688	-412.3648681640626	507.8818359375001	1045.3203125	-474.4504394531251	500.1014709472657	1038.60791015625	-396.9700622558595	482.3953857421876	1027.477905273438	-442.6424560546876	551.4434814453126	807.5098876953127	-469.8742675781251	483.5595703125001	823.680603027344	-507.352996826172	553.9902954101564	740.1317138671876	-480.8782653808595	466.1735229492189	765.5219116210939	-509.2592773437501	478.1504821777345	1199.50341796875	-150.1935272216797	520.5220947265626	1324.228759765625	-146.5341491699219	582.3468627929689	1324.265869140625	-79.87446594238283	631.7811279296876	1327.27734375	-68.29653930664064	638.7512207031251	1009.741516113281	2.476305723190308	597.6290283203126	993.1011352539065	-56.68137359619142	614.6971435546876	974.314636230469	-12.68067169189453	771.5693359375002	821.9501953125002	-29.11791038513184	730.3579101562501	808.4570922851565	15.69821929931641	820.195007324219	755.3051757812501	-26.52080154418946	753.3283691406251	744.7585449218751	23.89639663696289	
69	0.68	694.5719604492189	903.7681274414065	-372.8065185546876	479.8434448242189	905.456970214844	-286.3938293457032	492.5316772460939	906.5017089843752	-179.41748046875	709.1315307617189	888.610534667969	-125.9495010375977	621.9083862304689	795.8139648437502	-427.8212890625001	754.3703613281251	443.7043762207032	-356.0010375976563	744.7407226562501	432.0400695800782	-233.4431304931641	746.0728149414064	384.0385131835939	-361.7038879394532	791.839050292969	380.1461486816407	-305.5103759765626	724.3218383789064	63.79758834838869	-314.6115722656251	742.6918334960939	69.89269256591798	-233.085433959961	679.3059082031251	15.19810581207276	-263.2864379882813	855.1548461914065	17.6700496673584	-255.141098022461	856.186218261719	28.710599899292	-306.7345581054688	798.8738403320315	14.73063755035401	-345.6732788085938	612.4020385742189	789.3814086914065	-56.52781295776369	585.1014404296876	423.5325012207032	-101.8087997436524	586.7962646484376	397.5736694335939	-228.6404876708985	543.5557250976564	387.0763244628907	-94.8347625732422	580.5839843750001	345.4505920410157	-132.5535430908203	297.5253601074219	170.7253875732422	-114.4808807373047	333.0498657226563	151.3894653320313	-190.6911926269532	244.9913024902344	170.5261993408203	-175.4556274414063	335.5763244628907	33.36629104614259	-184.2125549316407	339.0933837890626	43.52042770385743	-141.345703125	289.1246032714844	59.08607864379884	-94.10862731933595	585.0418701171876	1398.651245117188	-228.4360046386719	487.1050720214845	1159.826171875	-233.8756408691407	755.6128540039064	1064.446533203125	-266.2016601562501	697.6940307617189	1316.105712890625	-247.8833618164063	477.3075561523439	1208.064819335938	-317.4606933593751	517.6864624023439	1335.840698242188	-328.8505859375001	554.4204711914064	1341.30126953125	-395.2876892089845	602.7591552734376	1348.801513671875	-413.5090332031251	520.4962158203126	1046.394897460938	-476.2664794921876	512.6163940429689	1039.420288085938	-398.7981262207032	495.0657958984376	1028.283813476563	-444.5740661621095	566.1146850585939	808.9754638671877	-472.2573242187501	498.0171508789064	824.6279907226565	-509.4424743652345	569.4098510742189	741.7243041992189	-483.620819091797	481.1295166015626	766.1424560546876	-511.3785705566407	489.8785095214845	1200.618041992188	-151.250961303711	532.0897216796876	1325.378051757813	-147.6076965332032	594.0793457031251	1325.384521484375	-80.93535614013673	643.5386352539064	1328.288940429688	-69.46972656250001	648.9561767578126	1010.46826171875	0.5223938822746278	607.6071777343751	994.347595214844	-58.74374008178712	624.7742309570314	975.279968261719	-14.75716400146485	779.637878417969	821.1317138671877	-30.65306663513184	738.1729125976564	808.2109985351565	14.06765079498291	827.261901855469	753.8484497070314	-28.18383216857911	760.2449951171876	744.1751708984376	22.31428146362305	
70	0.6900000000000001	705.7847290039064	905.0633544921877	-374.2130737304688	491.1715087890626	906.8145751953127	-288.0949401855469	503.5940551757814	907.3060302734377	-181.0816955566407	720.1831054687501	889.2996826171877	-127.336296081543	632.7326660156251	797.1904296875002	-429.4141540527345	759.7864990234376	443.0841369628907	-356.8677673339844	749.5975341796876	431.9073181152345	-234.2261199951172	750.4879760742189	383.4851684570313	-362.3526611328126	796.5560302734377	379.1711120605469	-306.1993103027344	724.8043823242189	63.86190414428712	-314.4891662597657	743.0875244140626	69.94955444335939	-232.9096984863282	679.5264892578126	15.25831413269043	-263.2377319335938	855.3802490234377	17.95596694946289	-255.1534576416016	856.5430297851565	28.97649765014649	-306.9245910644532	799.0422363281252	15.05847454071045	-345.8945922851563	624.1697387695314	789.4009399414065	-58.23023605346681	606.1611328125001	423.3318176269532	-102.2187423706055	609.6679077148439	396.5319824218751	-228.9955444335938	565.0158691406251	387.7933654785157	-95.22774505615236	601.6646728515626	345.5883789062501	-132.254867553711	314.5627746582032	176.9963836669922	-115.4416427612305	350.5963134765626	155.7617645263672	-190.962890625	262.7226257324219	177.4832916259766	-177.0647125244141	349.8620605468751	36.88847732543946	-181.7093048095703	352.8104858398438	47.0614128112793	-139.2467041015625	302.8020019531251	66.10911560058595	-93.33855438232423	596.5335083007814	1399.864135742188	-229.5008850097657	498.5093688964845	1161.108032226563	-235.1195373535157	766.9396362304689	1065.491943359375	-267.6295776367188	709.1245117187501	1317.270263671875	-248.9123229980469	488.9604492187501	1209.25537109375	-318.8711242675782	529.2895507812501	1337.1005859375	-330.0625610351563	566.0539550781251	1342.601806640625	-396.5093078613282	614.4617309570314	1350.1376953125	-414.6202087402345	533.2829589843751	1047.492065429688	-478.1400756835939	525.1552734375001	1040.252075195313	-400.6943969726564	507.8734130859376	1029.095581054688	-446.5936889648439	581.2020263671876	810.5317993164065	-474.6191711425782	512.8870239257814	825.5513305664065	-511.5592041015626	585.3662719726564	743.4423828125001	-486.3706359863282	496.5953674316407	766.7087402343751	-513.5398559570314	501.338104248047	1201.811645507813	-152.4511260986328	543.4902954101564	1326.567260742188	-148.7327880859375	605.5242919921876	1326.528442382813	-81.99974060058595	654.9956665039064	1329.340087890625	-70.5698699951172	658.9802246093751	1011.250366210938	-1.372169971466065	617.3959350585939	995.6396484375002	-60.71237564086915	634.6160888671876	976.3233032226565	-16.76695632934571	787.4446411132815	820.335388183594	-32.11552047729493	745.7617797851564	808.0425415039065	12.54202461242676	834.0405273437502	752.4165039062501	-29.75918579101563	766.8901367187501	743.6627807617189	20.853759765625	
71	0.7000000000000001	716.9130249023439	906.1619873046877	-375.4538269042969	502.3312377929689	908.277526855469	-289.8939514160157	514.3706054687501	908.3120727539065	-182.8963470458985	731.0109863281251	890.250427246094	-128.4717559814453	643.3200683593751	798.4958496093752	-430.9192504882814	764.4282226562501	442.4109802246095	-357.7719726562501	753.9130249023439	431.6693420410157	-235.0682678222657	754.1371459960939	382.8711242675782	-363.0213623046876	800.6530761718752	378.1875610351563	-307.0071105957032	725.1171264648439	63.8706512451172	-314.3942565917969	743.4216308593751	70.0056610107422	-232.8000183105469	679.6793823242189	15.28722667694092	-263.1442260742188	855.5311279296877	18.31302452087403	-255.2297515869141	856.745788574219	29.26254463195801	-307.1154785156251	799.1399536132815	15.26965808868409	-346.0740051269532	635.6595458984376	789.824645996094	-59.89873123168947	627.3057250976564	423.5920715332032	-102.6592178344727	632.6065063476564	396.1180725097657	-229.3225860595704	586.6430664062501	388.8677673339845	-95.74024963378908	623.0823364257814	346.1215515136719	-132.122055053711	332.7808227539063	182.5674438476563	-116.733642578125	369.3894348144532	159.6948699951172	-191.5803833007813	281.5336914062501	183.1554718017578	-178.8974761962891	366.8327331542969	40.28882598876954	-178.9782104492188	369.0437622070313	50.7322235107422	-136.9413604736328	318.8135375976563	72.8238983154297	-92.51850891113283	607.9257812500001	1401.151733398438	-230.5462036132813	509.7286071777345	1162.473754882813	-236.5318450927735	778.0315551757815	1066.558349609375	-268.7626647949219	720.4441528320314	1318.484619140625	-249.8505554199219	500.4747009277345	1210.563110351563	-320.3851318359376	540.8410034179689	1338.47607421875	-331.3193969726563	577.6942749023439	1344.013793945313	-397.7454528808595	626.2036132812501	1351.531372070313	-415.6961059570314	546.2562255859376	1048.612182617188	-480.0636596679689	537.7359619140626	1041.106567382813	-402.6500854492189	520.8328857421876	1029.914794921875	-448.6891174316407	596.6835937500001	812.1787719726565	-476.9405517578126	528.1492919921876	826.4619750976565	-513.6972656250001	601.8121337890626	745.2836914062501	-489.0960388183595	512.5479736328126	767.2500610351564	-515.7492675781251	512.5364990234376	1203.084106445313	-153.7958984375	554.7329711914064	1327.796264648438	-149.9080963134766	616.6793823242189	1327.700439453125	-83.07464599609376	666.1538696289064	1330.436767578125	-71.59895324707033	668.7957153320314	1012.098266601563	-3.201481342315675	626.9956665039064	996.983581542969	-62.58822631835939	644.2029418945314	977.4512329101565	-18.70721817016602	794.9959716796877	819.5947875976565	-33.50085830688477	753.1252441406251	807.9713134765627	11.12280368804932	840.5599365234377	751.0587768554689	-31.22619056701661	773.2783813476565	743.2478027343751	19.51263999938965	
72	0.71	727.9585571289064	907.084655761719	-376.5400695800782	513.3114013671876	909.8533935546877	-291.7508239746094	524.9017333984376	909.5228271484377	-184.8247833251953	741.6394042968751	891.4879150390627	-129.3858795166016	653.6636962890626	799.7327270507815	-432.3209838867189	768.419860839844	441.7314453125001	-358.6982116699219	757.8456420898439	431.378387451172	-235.9664916992188	757.1682739257814	382.2457275390626	-363.7048645019532	804.2106933593752	377.2246398925782	-307.9089050292969	725.2896728515626	63.83166885375978	-314.3331604003907	743.7014160156251	70.04907226562501	-232.7557220458985	679.7603149414064	15.30013179779053	-263.0249023437501	855.6099853515627	18.66728210449219	-255.3521881103516	856.8209228515627	29.50861167907716	-307.3007507324219	799.1665039062502	15.35160160064698	-346.2219543457032	646.9213256835939	790.6585083007815	-61.50942611694337	648.4541625976564	424.3335571289064	-103.1318664550782	655.5124511718751	396.3541870117189	-229.6062164306641	608.3212280273439	390.2970581054689	-96.37504577636722	644.7520751953126	347.0503845214844	-132.1559753417969	352.1532592773438	187.2388153076172	-118.3054962158203	389.4050903320314	163.0271148681641	-192.5059051513672	301.3779602050782	187.3601989746094	-180.9006958007813	386.4293823242189	43.38332748413087	-176.1651153564453	387.7964172363282	54.33939361572267	-134.5646209716797	337.1729736328126	78.92174530029298	-91.69955444335939	619.2194213867189	1402.512573242188	-231.5714721679688	520.7722778320314	1163.922973632813	-238.0998992919922	788.9359130859377	1067.660766601563	-269.6026916503907	731.6564941406251	1319.749267578125	-250.7083282470704	511.8444213867189	1211.990600585938	-321.9872741699219	552.3334350585939	1339.96728515625	-332.6127319335938	589.3320922851564	1345.542114257813	-398.9876403808595	637.9707641601564	1352.98828125	-416.7335815429689	559.4258422851564	1049.757934570313	-482.0267639160157	550.3822021484376	1041.98876953125	-404.6531677246095	533.9572753906251	1030.743896484375	-450.844451904297	612.5364379882814	813.9176025390627	-479.2044372558595	543.7831420898439	827.3756103515627	-515.8500366210939	618.6989746093751	747.2465209960939	-491.7668762207032	528.9622802734376	767.7987670898439	-518.0105590820314	523.4927368164064	1204.4326171875	-155.2762298583985	565.8300170898439	1329.065673828125	-151.1279296875	627.5548095703126	1328.903564453125	-84.16477203369142	677.0274047851564	1331.58544921875	-72.5614700317383	678.3778076171876	1013.021728515625	-4.960651874542237	636.4109497070314	998.3872680664065	-64.37635803222658	653.5226440429689	978.6697998046877	-20.5762939453125	802.2996826171877	818.9410400390627	-34.80426406860352	760.2606201171876	808.012634277344	9.809670448303224	846.8457641601565	749.8182983398439	-32.56707000732423	779.421325683594	742.9520263671876	18.28562164306641	
73	0.72	738.9169921875001	907.8701782226565	-377.4951782226563	524.1036376953126	911.539733886719	-293.6161804199219	535.2368164062501	910.9280395507815	-186.8191375732422	752.0984497070314	893.021667480469	-130.1251831054688	663.7578735351564	800.9045410156252	-433.6099853515626	771.8806152343752	441.0847778320314	-359.6324157714844	761.5364379882814	431.0771484375001	-236.9111938476563	759.7191772460939	381.6527404785157	-364.3984680175782	807.3079223632815	376.3078918457032	-308.8791503906251	725.3540649414064	63.75830841064455	-314.3093566894532	743.9348144531251	70.07424926757814	-232.7727355957032	679.7769775390626	15.31230258941651	-262.8967895507813	855.6242675781252	18.97037124633789	-255.5052185058594	856.7980957031252	29.6798324584961	-307.4773864746094	799.1287841796877	15.31114959716797	-346.3505249023438	658.0180053710939	791.8833007812502	-63.03728103637697	669.5386352539064	425.5513000488282	-103.6393432617188	678.3092041015626	397.2317810058595	-229.8392181396485	629.9564208984376	392.0527954101564	-97.1272888183594	666.5994262695314	348.3652343750001	-132.3501586914063	372.6512451171876	190.8277893066407	-120.0861968994141	410.6048889160157	165.608627319336	-193.6849365234376	322.2130737304688	189.9559326171875	-183.0006408691407	408.5233459472657	46.00747299194337	-173.4296264648438	409.0056762695314	57.68372344970705	-132.2642669677735	357.8405456542969	84.1135940551758	-90.93251800537111	630.4158935546876	1403.93994140625	-232.5757904052735	531.6568603515626	1165.449829101563	-239.7991943359376	799.7014770507815	1068.814819335938	-270.1700134277344	742.7659912109376	1321.062255859375	-251.4964904785157	523.0717773437501	1213.533203125	-323.6574401855469	563.7604980468751	1341.567504882813	-333.9309997558594	600.9548339843751	1347.185180664063	-400.2256774902345	649.7452392578126	1354.5126953125	-417.7291564941407	572.7955932617189	1050.931762695313	-484.0166625976564	563.1202392578126	1042.903198242188	-406.689422607422	547.2563476562501	1031.584350585938	-453.0414428710939	628.7367553710939	815.748474121094	-481.3958740234376	559.7673950195314	828.309265136719	-518.0097656250001	635.9788818359376	749.3276977539064	-494.3553161621095	545.8110961914064	768.3859863281252	-520.3236694335939	534.2342529296876	1205.85009765625	-156.8744354248047	576.7949218750001	1330.37451171875	-152.3836975097657	638.1706542968751	1330.138916015625	-85.27247619628908	687.6393432617189	1332.790161132813	-73.46373748779298	687.7069091796876	1014.026794433594	-6.645671367645265	645.6499633789064	999.8568115234377	-66.0846633911133	662.5714721679689	979.9812011718752	-22.37304306030274	809.3662109375002	818.3992919921877	-36.02008438110352	767.1642456054689	808.1746215820315	8.601028442382814	852.9205322265627	748.7277221679689	-33.76833724975587	785.329284667969	742.7896728515626	17.16531944274903	
74	0.73	749.7777709960939	908.5689086914065	-378.3517761230469	534.7045898437501	913.3227539062502	-295.4356079101563	545.4298706054689	912.5041503906252	-188.8235473632813	762.4224243164064	894.841247558594	-130.748031616211	673.6015014648439	802.0147094726565	-434.7832641601564	774.9160766601565	440.5000610351564	-360.5626525878907	765.0950927734376	430.7945556640626	-237.8868408203126	761.9074707031251	381.1270141601563	-365.0978088378907	810.0176391601565	375.4570007324219	-309.8934326171876	725.3419189453126	63.66671371459962	-314.3230895996094	744.1302490234376	70.08042144775392	-232.8437042236329	679.7464599609376	15.337646484375	-262.7735595703126	855.585388183594	19.19725227355957	-255.6759185791016	856.7080078125002	29.76338768005372	-307.6447753906251	799.039489746094	15.16915035247803	-346.4710388183594	669.0194091796876	793.4561157226565	-64.4584197998047	690.5043945312501	427.216033935547	-104.1863250732422	700.9394531250001	398.7156677246095	-230.0266265869141	651.4793701171876	394.0824584960939	-97.9861755371094	688.5610351562501	350.0462646484376	-132.694808959961	394.2437438964845	193.1797027587891	-121.9911880493164	432.9379272460939	167.3116302490235	-195.0506134033204	344.0028381347657	190.8465270996094	-185.1090240478516	432.9350585937501	48.02842330932619	-170.9265747070313	432.5533142089845	60.57830810546876	-130.1832733154297	380.7296752929688	88.15169525146486	-90.26174926757814	641.5169677734376	1405.421630859375	-233.5583038330079	542.4041748046876	1167.042114257813	-241.5970306396485	810.372009277344	1070.033203125	-270.5008544921876	753.7777709960939	1322.417114257813	-252.2252197265626	534.1668701171876	1215.177368164063	-325.3731689453126	575.1172485351564	1343.2607421875	-335.2609863281251	612.5482177734376	1348.932861328125	-401.4492187500001	661.5070800781251	1356.104858398438	-418.6797485351564	586.3618164062501	1052.133544921875	-486.0190429687501	575.9759521484376	1043.85107421875	-408.7434387207032	560.7350463867189	1032.43408203125	-455.2607727050782	645.2592773437501	817.6687011718752	-483.5023803710939	576.0800781250001	829.277770996094	-520.1677856445314	653.6064453125001	751.5214233398439	-496.836883544922	563.0657348632814	769.0374755859377	-522.6831054687501	544.7931518554689	1207.323852539063	-158.5671691894532	587.6404418945314	1331.71728515625	-153.6655883789063	648.5537109375001	1331.402587890625	-86.39781188964845	698.0180053710939	1334.048950195313	-74.31296539306642	696.7705078125001	1015.113464355469	-8.253298759460451	654.7229614257814	1001.393676757813	-67.72240447998048	671.3539428710939	981.3823852539065	-24.0963249206543	816.210144042969	817.9858398437502	-37.1415138244629	773.834167480469	808.4567871093752	7.494580745697023	858.8032836914065	747.8059692382814	-34.82139968872071	791.0130004882815	742.7655639648439	16.14361190795899	
75	0.74	760.5258178710939	909.2348632812502	-379.1480407714844	545.1174316406251	915.1773681640627	-297.1542053222657	555.5349731445314	914.2149047851565	-190.7778778076172	772.6483154296877	896.9138793945315	-131.318603515625	683.2000732421876	803.064636230469	-435.8440246582032	777.6142578125002	439.9950256347657	-361.4793701171876	768.5913696289065	430.5445251464845	-238.8731231689454	763.8251953125001	380.6924133300782	-365.7986145019532	812.404235839844	374.6846923828126	-310.9298706054688	725.2824707031251	63.57337188720705	-314.3712463378907	744.2962646484376	70.07032775878908	-232.9585723876954	679.6909179687501	15.38769245147705	-262.6647033691407	855.5076293945315	19.34217643737793	-255.854232788086	856.5799560546877	29.76376342773438	-307.8035278320313	798.9154052734377	14.95468139648438	-346.5926513671876	679.9951782226564	795.3137207031252	-65.75237274169923	711.3094482421876	429.2771301269532	-104.7799682617188	723.3585205078126	400.7493286132814	-230.1880950927735	672.8453369140626	396.3138122558595	-98.93718719482425	710.5834350585939	352.0634460449219	-133.1806030273438	416.8983764648439	194.1767578125001	-123.9301376342774	456.3445739746095	168.0380401611328	-196.5291595458985	366.7198486328126	189.9828338623047	-187.1318969726563	459.4548950195314	49.35282135009767	-168.7878570556641	458.2786560058595	62.86445999145509	-128.4424743652344	405.7159423828126	90.84710693359376	-89.71990966796876	652.5250854492189	1406.9384765625	-234.5186157226563	553.0394287109376	1168.67919921875	-243.4569244384766	820.9813232421877	1071.322265625	-270.6428222656251	764.6970825195314	1323.802368164063	-252.9033508300782	545.1466674804689	1216.899291992188	-327.1120605468751	586.4008178710939	1345.022216796875	-336.5896301269532	624.0980224609376	1350.76513671875	-402.648895263672	673.2365722656251	1357.758911132813	-419.5831909179689	600.1138305664064	1053.35888671875	-488.0191040039064	588.9711914062501	1044.828125	-410.7998657226564	574.3924560546876	1033.286987304688	-457.4835510253907	662.0773315429689	819.671081542969	-485.5137023925782	592.6988525390626	830.2908935546877	-522.3139038085939	671.5404052734376	753.8182373046876	-499.1911926269532	580.6962280273439	769.770202636719	-525.0773925781251	555.2026977539064	1208.834838867188	-160.3284606933594	598.3780517578126	1333.08349609375	-154.9638977050782	658.7346191406251	1332.684326171875	-87.53865814208986	708.1935424804689	1335.35302734375	-75.11632537841798	705.5648803710939	1016.274291992188	-9.780956268310549	663.6408081054689	1002.992919921875	-69.29882049560548	679.8825073242189	982.863464355469	-25.74468803405762	822.849792480469	817.7061157226565	-38.16052246093751	780.2719726562502	808.8486938476565	6.487952232360842	864.5103759765627	747.0567626953126	-35.72241592407227	796.4853515625002	742.8740844726564	15.21311759948731	
76	0.75	771.143493652344	909.9169921875002	-379.9234924316407	555.3536987304689	917.0686035156252	-298.7209777832032	565.6026000976564	916.0139770507815	-192.6216583251954	782.8132324218752	899.184997558594	-131.9004669189453	692.5675659179689	804.0532836914065	-436.8004760742189	780.0444335937502	439.5765991210939	-362.3752441406251	772.0515747070315	430.3271789550782	-239.8468170166016	765.5393676757814	380.3616027832032	-366.4965515136719	814.5222778320315	373.9967346191407	-311.9698486328126	725.2007446289064	63.49311447143556	-314.4481201171876	744.4410400390626	70.0493850708008	-233.1057128906251	679.6337890625001	15.47093009948731	-262.5755310058594	855.406677246094	19.41370964050293	-256.0329284667969	856.4401855468752	29.69732666015626	-307.9549865722657	798.7746582031252	14.69967555999756	-346.7214355468751	691.0086059570314	797.3780517578127	-66.90390777587892	731.9219970703126	431.6671142578126	-105.4296417236328	745.5260009765626	403.2608032226564	-230.3582000732422	694.0308837890626	398.6609497070314	-99.9643249511719	732.6213378906251	354.3766174316407	-133.8016357421875	440.5829467773439	193.7444000244141	-125.8152313232422	480.7622070312501	167.7242431640625	-198.0456542968751	390.3482971191407	187.3617706298828	-188.9797668457032	487.862762451172	49.93020629882814	-167.1075286865235	485.9928283691407	64.42381286621095	-127.12646484375	432.647430419922	92.0817108154297	-89.32448577880861	663.4436035156251	1408.465454101563	-235.457015991211	563.5886840820314	1170.333862304688	-245.3430328369141	831.549987792969	1072.679321289063	-270.6493530273438	775.5295410156252	1325.200439453125	-253.5379638671876	556.0331420898439	1218.666137695313	-328.8538513183594	597.6110839843751	1346.819091796875	-337.9053649902344	635.5918579101564	1352.652465820313	-403.8174743652345	684.9166870117189	1359.460815429688	-420.4388732910157	614.0346679687501	1054.59716796875	-490.0027465820314	602.1215820312501	1045.823974609375	-412.8445129394532	588.2222290039064	1034.131469726563	-459.6926574707032	679.1624145507814	821.743347167969	-487.4217529296876	609.6008911132814	831.350769042969	-524.4364624023439	689.7444458007814	756.2049560546876	-501.4027709960939	598.6716918945314	770.590270996094	-527.4885864257814	565.4946899414064	1210.358764648438	-162.1324310302735	609.0172729492189	1334.456787109375	-156.2702331542969	668.7453002929689	1333.967651367188	-88.69089508056642	718.1957397460939	1336.685791015625	-75.88021850585939	714.0960693359376	1017.493835449219	-11.22664070129395	672.4125976562501	1004.642211914063	-70.82188415527345	688.1763305664064	984.407165527344	-27.31629943847657	829.3066406250002	817.5537719726565	-39.06809234619141	786.4846191406252	809.3308105468752	5.57924509048462	870.0557861328127	746.4685058593751	-36.47141265869141	801.7622680664065	743.0989379882814	14.36855220794678	
77	0.76	781.6137695312502	910.6516113281252	-380.7151794433594	565.4339599609376	918.954040527344	-300.0927124023438	575.6760864257814	917.8483886718752	-194.2983093261719	792.9526367187502	901.5812988281252	-132.5501403808594	701.7266235351564	804.9768676757815	-437.664276123047	782.2593994140627	439.2425231933595	-363.2444458007813	775.4622192382815	430.1323547363282	-240.7839813232422	767.0953369140626	380.1368713378907	-367.1871948242188	816.4173583984377	373.3927307128907	-312.9979248046876	725.1164550781251	63.43778228759767	-314.5462646484376	744.5726928710939	70.02516174316408	-233.2731933593751	679.5953979492189	15.59252738952637	-262.5076293945313	855.2981567382815	19.42953491210938	-256.2076721191407	856.3104248046877	29.58695602416993	-308.1004638671876	798.6347656250002	14.43444728851319	-346.8604125976563	702.1113281250001	799.5623168945315	-67.90421295166017	752.3182983398439	434.306854248047	-106.1460113525391	767.3981323242189	406.167938232422	-230.5839385986329	715.0286865234376	401.0308837890626	-101.0518875122071	754.6348266601564	356.9364929199219	-134.5567321777344	465.2669372558595	191.8546142578125	-127.5687866210938	506.1317443847657	166.3432769775391	-199.5294952392579	414.8860168457032	183.0240173339844	-190.5768585205078	517.9445190429689	49.75264358520509	-165.9327239990235	515.4921875000001	65.18576812744142	-126.2751693725586	461.3557434082032	91.81360626220705	-89.07666778564455	674.2771606445314	1409.97314453125	-236.3745727539063	574.0765380859376	1171.972534179688	-247.2236633300782	842.0852661132815	1074.090454101563	-270.5740356445313	786.281433105469	1326.588500976563	-254.1342926025391	566.8509521484376	1220.438110351563	-330.5817565917969	608.7508544921876	1348.6123046875	-339.1991577148438	647.0214233398439	1354.557373046875	-404.950408935547	696.5347900390626	1361.1884765625	-421.2478637695314	628.1028442382814	1055.8310546875	-491.9574279785157	615.4346313476564	1046.820922851563	-414.8654785156251	602.2129516601564	1034.95068359375	-461.8738708496095	696.4847412109376	823.8679809570315	-489.2203063964845	626.7633666992189	832.4511718750002	-526.5224609375001	708.1879882812501	758.6645507812501	-503.4615478515626	616.9610595703126	771.4922485351565	-529.8931884765626	575.6976928710939	1211.866088867188	-163.9553833007813	619.5663452148439	1335.815063476563	-157.5780944824219	678.6174316406251	1335.230346679688	-89.84864044189455	728.0521240234376	1338.023071289063	-76.6099090576172	722.3800659179689	1018.749450683594	-12.58883571624756	681.0444946289064	1006.322387695313	-72.29741668701173	696.2603149414064	985.9896240234377	-28.8091049194336	835.6035156250002	817.510681152344	-39.85473251342774	792.4854125976565	809.875427246094	4.767468452453614	875.4519042968752	746.0155029296876	-37.07089614868165	806.8632812500002	743.4148559570314	13.60773181915284	
78	0.77	791.923522949219	911.4564208984377	-381.5538330078126	575.3881225585939	920.787536621094	-301.2373046875001	585.7894287109376	919.6624145507815	-195.7591552734376	803.0982055664065	904.0164794921877	-133.3116302490235	710.7070922851564	805.8289794921877	-438.4490051269532	784.2991333007815	438.9837036132814	-364.0821533203126	778.7796630859377	429.9443969726564	-241.6624908447266	768.5222167968752	380.0120239257813	-367.8658752441407	818.1273193359377	372.8673095703126	-314.0020141601563	725.0438232421876	63.41550064086915	-314.6573181152344	744.6986083984376	70.0068817138672	-233.4499053955079	679.5905761718751	15.7544174194336	-262.4591979980469	855.1967773437502	19.41166114807129	-256.3766479492188	856.2071533203127	29.45728492736817	-308.2411804199219	798.5108032226565	14.18444156646729	-347.0097351074219	713.3393554687501	801.7779541015627	-68.75141906738283	772.4787597656252	437.1112670898439	-106.9396057128907	788.9219970703127	409.3822326660157	-230.9196014404297	735.8402099609376	403.3303833007814	-102.1857070922852	776.5859375000002	359.6865234375001	-135.448959350586	490.9236145019532	188.526611328125	-129.1291046142578	532.4031982421876	163.9052734375	-200.9192504882813	440.3456420898439	177.0507049560547	-191.8680877685547	549.5042114257814	48.85164260864259	-165.2615509033203	546.5710449218751	65.13010406494142	-125.8820724487305	491.6666564941407	90.07626342773439	-88.96256256103517	685.0323486328126	1411.428833007813	-237.2729644775391	584.5245361328126	1173.558227539063	-249.0738372802735	852.5826416015627	1075.530395507813	-270.4655151367188	796.9600219726565	1327.93896484375	-254.6961669921876	577.6250610351564	1222.171142578125	-332.2833251953126	619.8256835937501	1350.359375	-340.4651794433594	658.3836059570314	1356.4365234375	-406.0457458496095	708.0839843750001	1362.911987304688	-422.0129394531251	642.2948608398439	1057.03759765625	-493.8729553222657	628.9091796875001	1047.794921875	-416.8537597656251	616.3492431640626	1035.723266601563	-464.0163879394532	714.0131835937501	826.0227661132815	-490.904754638672	644.1640014648439	833.5771484375002	-528.5577392578126	726.8455810546876	761.1772460937501	-505.362762451172	635.5332641601564	772.4595336914065	-532.2629394531251	585.8359985351564	1213.324829101563	-165.7771301269532	630.0323486328126	1337.1318359375	-158.8830108642578	688.3807983398439	1336.445922851563	-91.00461578369142	737.7878417968751	1339.33447265625	-77.30941009521486	730.4424438476564	1020.012817382813	-13.86647987365723	689.5386352539064	1008.008483886719	-73.72854614257814	704.1635131835939	987.5810546875002	-30.22116279602051	841.762878417969	817.5487060546877	-40.51125717163087	798.2940673828127	810.4493408203127	4.052745819091798	880.7105102539065	745.6608886718751	-37.5243263244629	811.811462402344	743.7894287109376	12.93208122253418	
79	0.78	802.0666503906252	912.3272705078127	-382.4614868164063	585.2539672851564	922.5225219726565	-302.1357727050782	595.9660644531251	921.4019165039065	-196.9670410156251	813.2760009765627	906.3979492187502	-134.2124481201172	719.5443115234376	806.601501464844	-439.1683654785157	786.1946411132815	438.7868652343751	-364.8839721679688	781.9436645507815	429.7471008300782	-242.4644775390626	769.839050292969	379.9748229980469	-368.5278930664063	819.6838378906252	372.4116516113282	-314.9730834960938	724.9914550781251	63.43054199218751	-314.7725830078126	744.8257446289064	70.00492095947267	-233.626205444336	679.6263427734376	15.95569133758545	-262.4256591796876	855.114929199219	19.3823299407959	-256.5401611328126	856.1411132812502	29.33089065551759	-308.3782043457032	798.413757324219	13.96827507019043	-347.1672363281251	724.7109985351564	803.9404296875002	-69.45037841796876	792.3841552734377	439.9944458007814	-107.8192443847657	810.0318603515627	412.8119201660157	-231.4197998046876	756.4683837890626	405.4723510742189	-103.3536071777344	798.4353027343752	362.5657348632813	-136.4836578369141	517.5316772460939	183.8251495361328	-130.4541778564453	559.5401611328126	160.4564666748047	-202.166488647461	466.7538452148439	169.5597686767578	-192.8227233886719	582.3712158203126	47.29346084594727	-165.0482177734375	579.0319213867189	64.28552246093751	-125.8992462158203	523.4100341796876	86.97200775146486	-88.95661926269533	695.7176513671876	1412.799072265625	-238.154281616211	594.9498291015626	1175.052978515625	-250.8763122558594	863.0300292968752	1076.963012695313	-270.3635864257813	807.5740356445315	1329.220947265625	-255.226303100586	588.3787231445314	1223.820434570313	-333.9504394531251	630.8441162109376	1352.017211914063	-341.7006835937501	669.6815795898439	1358.243530273438	-407.103973388672	719.5637207031251	1364.594970703125	-422.7384643554689	656.5869140625001	1058.188842773438	-495.7420959472657	642.5358276367189	1048.716796875	-418.803680419922	630.6131591796876	1036.424438476563	-466.1132812500001	731.7166137695314	828.1823730468752	-492.4715576171876	661.7817993164064	834.7061767578127	-530.5277709960939	745.6968383789064	763.7213745117189	-507.1065673828126	654.3581542968751	773.4663085937502	-534.5672607421876	595.9295654296876	1214.701538085938	-167.5815734863282	640.4223022460939	1338.378051757813	-160.1821594238282	698.0632324218751	1337.585815429688	-92.15062713623048	747.4255371093751	1340.585693359375	-77.9817352294922	738.3166503906251	1021.251831054688	-15.05897998809815	697.8935546875001	1009.671325683594	-75.11559295654298	711.9179077148439	989.1477661132815	-31.5510540008545	847.8051757812502	817.631774902344	-41.02963256835938	803.9361572265627	811.0161743164065	3.436279058456422	885.8433837890627	745.3597412109376	-37.83459854125977	816.6325683593752	744.1858520507814	12.34654617309571	
80	0.79	812.0461425781252	913.237731933594	-383.4495849609376	595.0748901367189	924.1155395507815	-302.7834777832032	606.2186279296876	923.0176391601565	-197.8993225097657	823.5052490234377	908.634216308594	-135.2615051269532	728.2757568359376	807.2855224609377	-439.8348999023439	787.971862792969	438.6372070312501	-365.6457214355469	784.8934326171877	429.5281677246095	-243.1781921386719	771.059753417969	380.0094299316407	-369.1685180664063	821.1146240234377	372.0145568847657	-315.9049072265626	724.9630737304689	63.4836883544922	-314.8835449218751	744.9606323242189	70.03013610839845	-233.7942657470704	679.7020874023439	16.19324111938477	-262.3998107910157	855.0626220703127	19.36088943481446	-256.7000732421876	856.1177368164065	29.22562789916993	-308.5124511718751	798.3497314453127	13.79701137542725	-347.3291320800782	736.2261352539064	805.9742431640627	-70.01194000244142	812.0115356445315	442.8739318847657	-108.7904052734375	830.6495361328127	416.3633117675782	-232.1318511962891	776.9105224609377	407.381072998047	-104.5452957153321	820.1392822265627	365.5122375488282	-137.6656646728516	545.0766601562501	177.8572082519532	-131.5227661132813	587.5217285156251	156.0776062011719	-203.2382354736329	494.1492004394532	160.7024078369141	-193.4349517822266	616.4030151367189	45.17393493652344	-165.2140350341797	612.6937255859376	62.72491836547853	-126.2480010986328	556.4282836914064	82.6614227294922	-89.0266571044922	706.3436889648439	1414.051391601563	-239.0205993652344	605.3644409179689	1176.420288085938	-252.6213378906251	873.4125976562502	1078.344360351563	-270.2966918945313	818.133728027344	1330.401977539063	-255.7269134521485	599.1315917968751	1225.343505859375	-335.5786743164063	641.8168334960939	1353.545043945313	-342.9056701660157	680.9246826171876	1359.932373046875	-408.1271057128907	730.9794311523439	1366.197143554688	-423.4297790527345	670.9575805664064	1059.25390625	-497.5605468750001	656.2980957031251	1049.553955078125	-420.7128906250001	644.9859619140626	1037.027587890625	-468.1608886718751	749.5647583007814	830.3198852539065	-493.9181518554689	679.5973510742189	835.8103637695315	-532.4182128906251	764.7247314453126	766.2744750976564	-508.6971130371095	673.4063110351564	774.4801025390627	-536.7750854492189	605.9945678710939	1215.9638671875	-169.3565979003907	650.7439575195314	1339.523803710938	-161.4737701416016	707.6900024414064	1338.621459960938	-93.27819061279298	756.9864501953126	1341.740966796875	-78.62930297851564	746.0419311523439	1022.432739257813	-16.16630363464356	706.1063842773439	1011.279357910156	-76.45627593994142	719.5567626953126	990.653991699219	-32.79826354980469	853.7474365234377	817.7188110351565	-41.40385818481446	809.4418945312502	811.5393676757815	2.920082569122315	890.8630371093752	745.0637207031251	-38.00296020507813	821.3541259765627	744.5657348632814	11.85893535614014	
81	0.8	821.875427246094	914.1419067382815	-384.5183410644532	604.8959960937501	925.5288085937502	-303.1899719238282	616.5496826171876	924.4677734375002	-198.5495758056641	833.7979736328127	910.642028808594	-136.4488677978516	736.9384765625001	807.8723144531252	-440.4588012695314	789.6545410156252	438.5203552246095	-366.3632507324219	787.581970214844	429.2818908691407	-243.7990875244141	772.196960449219	380.0990295410157	-369.7830505371094	822.444519042969	371.6636352539063	-316.7935791015626	724.9584350585939	63.57290649414064	-314.9815063476563	745.1093750000001	70.0929412841797	-233.9476776123047	679.8103637695314	16.46255683898926	-262.3716430664063	855.0468750000002	19.36162948608399	-256.8591308593751	856.1372680664065	29.15308189392091	-308.6447753906251	798.3196411132815	13.67449188232422	-347.4903869628907	747.8674316406251	807.8162841796877	-70.45173645019533	831.330749511719	445.6741027832032	-109.8540191650391	850.686218261719	419.9419860839845	-233.0889282226563	797.1531372070315	408.9963378906251	-105.7517929077149	841.647888183594	368.4669189453126	-138.9961090087891	573.5510864257814	170.7676086425782	-132.3333587646485	616.3421020507814	150.8817596435547	-204.1182250976563	522.5787963867189	150.6598358154297	-193.7217407226563	651.4840087890626	42.61359786987305	-165.6621551513672	647.3969116210939	60.55873870849611	-126.8330230712891	590.5819702148439	77.35018157958986	-89.13973999023439	716.9230957031251	1415.155883789063	-239.8735961914063	615.7757568359376	1177.627807617188	-254.3053283691407	883.7181396484377	1079.624389648438	-270.2814331054688	828.6511230468752	1331.450073242188	-256.2000427246094	609.8989868164064	1226.703125	-337.1662902832032	652.7562866210939	1354.906860351563	-344.0820312500001	692.1279907226564	1361.459838867188	-409.1179809570314	742.3420410156251	1367.67626953125	-424.0927124023439	685.3887939453126	1060.200805664063	-499.3265686035157	670.1746826171876	1050.272338867188	-422.5816040039064	659.4490356445314	1037.506225585938	-470.1583557128907	767.5294799804689	832.4085693359377	-495.2424621582032	697.5938110351564	836.8583984375002	-534.2158203125001	783.9144287109377	768.8144531250002	-510.1412963867189	692.6498413085939	775.4652099609377	-538.8575439453126	616.0438842773439	1217.082153320313	-171.0934600830078	661.0064697265626	1340.540649414063	-162.7563171386719	717.2839965820314	1339.52587890625	-94.37930297851564	766.4908447265626	1342.764892578125	-79.25428771972658	753.6605224609376	1023.522583007813	-17.18912506103516	714.1751708984376	1012.800476074219	-77.7462844848633	727.1131591796876	992.0640869140627	-33.9634017944336	859.6030883789065	817.7667236328127	-41.63068389892579	814.844421386719	811.9846801757815	2.506572008132935	895.7836914062502	744.7244873046876	-38.02843093872071	826.004089355469	744.8920898437501	11.47880744934082	
82	0.8100000000000001	831.5780029296877	914.9795532226565	-385.6570434570314	614.7598266601564	926.7324218750002	-303.3777770996094	626.9530639648439	925.7192382812502	-198.9283294677735	844.1589355468752	912.3521118164065	-137.74755859375	745.5659790039064	808.354431152344	-441.0472106933595	791.2661743164065	438.4239196777345	-367.0324096679688	789.9863891601565	429.0100708007814	-244.3295288085938	773.2648925781252	380.2276916503907	-370.3666076660157	823.6975708007815	371.3457336425782	-317.6371459960938	724.9741210937501	63.69427490234376	-315.0574340820313	745.2781982421876	70.20230865478517	-234.080795288086	679.9395141601564	16.75861167907715	-262.3281555175782	855.071716308594	19.3925952911377	-257.0198974609376	856.1953735351565	29.1180763244629	-308.7759094238282	798.3192138671877	13.59844875335694	-347.6449584960938	759.6019897460939	809.4175415039065	-70.7887649536133	850.3023071289065	448.3281860351564	-111.005615234375	870.0466918945315	423.4535522460939	-234.3049926757813	817.1688232421877	410.2758178710939	-106.9645538330078	862.9034423828127	371.3769226074219	-140.4698638916016	602.9539794921876	162.7339477539063	-132.9015350341797	646.0073242187501	145.0115509033203	-204.8067321777344	552.0933227539064	139.6399688720703	-193.7188720703126	687.5208740234376	39.75349807739259	-166.2935333251953	683.0056152343751	57.92752838134767	-127.5577011108399	625.7539672851564	71.27525329589845	-89.26805877685548	727.4696655273439	1416.087158203125	-240.7142181396485	626.1871948242189	1178.648803710938	-255.9286804199219	893.941345214844	1080.751953125	-270.3231201171876	839.1395263671877	1332.3349609375	-256.6477966308594	620.6911621093751	1227.868896484375	-338.7128906250001	663.6754760742189	1356.072875976563	-345.2328186035157	703.3107910156251	1362.787963867188	-410.0794372558595	753.6658935546876	1368.991333007813	-424.7328491210939	699.8668212890626	1060.998901367188	-501.0404052734376	684.1416015625001	1050.838989257813	-424.4119567871095	673.9852905273439	1037.835083007813	-472.1065063476564	785.5857543945315	834.4236450195315	-496.4428100585939	715.7562255859376	837.818786621094	-535.9089965820314	803.2512207031252	771.3203125000002	-511.4471435546876	712.0622558593751	776.3858032226565	-540.7897338867189	626.0879516601564	1218.030883789063	-172.7858581542969	671.2207641601564	1341.402587890625	-164.0276641845703	726.8663330078126	1340.275268554688	-95.4470672607422	775.9594726562502	1343.625244140625	-79.8589553833008	761.2149658203126	1024.490478515625	-18.12898445129395	722.1029663085939	1014.203002929688	-78.97993469238283	734.6185913085939	993.3443603515627	-35.04823684692384	865.382263183594	817.7336425781252	-41.71015930175782	820.1778564453127	812.3223266601565	2.198090791702271	900.621276855469	744.2977905273439	-37.90795135498048	830.6091918945315	745.1314086914064	11.21607780456543	
83	0.8200000000000001	841.1860961914065	915.6832275390627	-386.8453979492189	624.7019653320314	927.7049560546877	-303.3799438476563	637.4159545898439	926.7481079101565	-199.0620880126954	854.5866699218752	913.713317871094	-139.1168975830078	754.1864624023439	808.726013183594	-441.603973388672	792.8315429687502	438.3383789062501	-367.6492004394532	792.112976074219	428.7210388183595	-244.7774505615235	774.2805175781252	380.3818359375001	-370.9140319824219	824.8980102539065	371.0477600097657	-318.4348754882813	725.0051269531251	63.84296035766603	-315.1010437011719	745.4735717773439	70.36470031738283	-234.1875915527344	680.0766601562501	17.07671546936036	-262.2532043457032	855.1380615234377	19.45523071289063	-257.1842956542969	856.2840576171877	29.11903190612794	-308.9065551757813	798.3397216796877	13.56212234497071	-347.7858581542969	771.384704589844	810.743347167969	-71.04386138916017	868.876647949219	450.7789916992189	-112.2351303100586	888.6348266601565	426.8047485351564	-235.7723236083985	836.916198730469	411.1956481933595	-108.1745681762696	883.8411254882815	374.1983947753907	-142.0738677978516	633.2882080078126	153.9613800048828	-133.2562866210938	676.5296020507814	138.6356811523438	-205.3193359375001	582.7419433593751	127.8740921020508	-193.4763946533204	724.4357299804689	36.75179290771485	-167.021484375	719.4075927734376	54.99464035034181	-128.3382568359375	661.8491821289064	64.69166564941408	-89.39402770996095	737.9980468750001	1416.824096679688	-241.5424041748047	636.5991821289064	1179.463623046875	-257.4934997558594	904.0867309570315	1081.677368164063	-270.4178466796876	849.6129150390627	1333.030395507813	-257.0725708007813	631.5134277343751	1228.818115234375	-340.2180786132813	674.5874023437501	1357.020751953125	-346.3610839843751	714.4947509765626	1363.885131835938	-411.0133666992189	764.9674682617189	1370.104736328125	-425.3551025390626	714.3823242187501	1061.620727539063	-502.7033081054689	698.1746215820314	1051.223266601563	-426.2066040039064	688.5796508789064	1037.992065429688	-474.0066528320314	803.7125244140627	836.3433837890627	-497.5178222656251	734.0712280273439	838.662048339844	-537.4881591796876	822.7194824218752	773.7729492187502	-512.6222534179689	731.6185302734376	777.209167480469	-542.5527343750001	636.1356811523439	1218.789672851563	-174.4288177490235	681.3999633789064	1342.088012695313	-165.2844848632813	736.4566650390626	1340.849975585938	-96.476188659668	785.4139404296877	1344.294921875	-80.4457473754883	768.7452392578127	1025.309448242188	-18.98840522766114	729.9003295898439	1015.45751953125	-80.15095520019533	742.1017456054689	994.465026855469	-36.05549240112305	871.0930786132815	817.5815429687502	-41.64582061767579	825.475769042969	812.528503417969	1.996466040611268	905.3937988281252	743.7460937500001	-37.63713836669923	835.1937255859377	745.2554931640626	11.07956409454346	
84	0.8300000000000001	850.7381591796877	916.1861572265627	-388.0554809570314	634.7471923828126	928.433532714844	-303.2369689941407	647.9216308593751	927.5383300781252	-198.9910278320313	865.0747680664065	914.6944580078127	-140.5069580078125	762.8215332031251	808.9832763671877	-442.1295776367189	794.377380371094	438.2569580078126	-368.2097167968751	793.9973144531252	428.4271545410157	-245.1540985107422	775.2650146484377	380.5508728027344	-371.4195556640626	826.0717773437502	370.7568359375001	-319.1864318847657	725.0457153320314	64.01412200927736	-315.1004943847657	745.7025756835939	70.58319091796876	-234.2607421875001	680.2112426757814	17.41329765319825	-262.1274414062501	855.2442626953127	19.54480361938477	-257.3525695800782	856.3927001953127	29.14900207519532	-309.0369262695313	798.3692626953127	13.55612277984619	-347.9052124023438	783.1623535156252	811.772155761719	-71.23827362060548	886.9948730468752	452.9790649414064	-113.5271530151367	906.3592529296877	429.9050292968751	-237.4619140625001	856.3426513671877	411.7494506835939	-109.3715515136719	904.3901977539065	376.8982543945313	-143.7869262695313	664.5564575195314	144.6768493652344	-133.4362487792969	707.9194946289064	131.9443817138672	-205.6848754882813	614.5657348632814	115.6129531860352	-193.0542144775391	762.1571655273439	33.78058242797852	-167.7826538085938	756.5101928710939	51.93943023681642	-129.1146087646485	698.7924804687501	57.86112213134767	-89.51388549804689	748.5225219726564	1417.3515625	-242.3570251464844	647.0107421875001	1180.059692382813	-259.0011596679688	914.1697387695315	1082.357055664063	-270.5550537109376	860.0855102539065	1333.514526367188	-257.4767456054688	642.3666381835939	1229.536376953125	-341.6802368164063	685.5038452148439	1357.735107421875	-347.4690856933594	725.7015380859376	1364.7275390625	-411.9205017089845	776.2632446289065	1370.98388671875	-425.963104248047	728.9295043945314	1062.043701171875	-504.3167724609376	712.2513427734376	1051.399291992188	-427.9677734375001	703.2192382812501	1037.958862304688	-475.8597412109376	821.8925781250002	838.1503906250002	-498.4665527343751	752.5256958007814	839.3630981445315	-538.9461059570314	842.3006591796877	776.1552734375002	-513.6723632812501	751.2949829101564	777.9080810546877	-544.1342773437501	646.1951904296876	1219.343872070313	-176.0175476074219	691.5587768554689	1342.580444335938	-166.5217590332032	746.0734252929689	1341.23486328125	-97.46314239501956	794.877136230469	1344.7529296875	-81.01718139648439	776.2867431640627	1025.957153320313	-19.77088928222657	737.5880126953126	1016.537414550781	-81.25315093994142	749.5875244140626	995.401550292969	-36.98847579956055	876.7432861328127	817.2783203125002	-41.44456481933594	830.7691040039065	812.5856933593752	1.90263843536377	910.1210937500002	743.0405883789064	-37.21159362792969	839.7784423828127	745.2426757812501	11.07568550109863	
85	0.84	860.275329589844	916.4294433593752	-389.2544250488282	644.9072265625001	928.9133300781252	-302.9929504394532	658.4517211914064	928.0808715820315	-198.7654724121094	875.6140136718752	915.2846679687502	-141.8637084960938	771.4856567382815	809.1241455078127	-442.6217041015626	795.933532714844	438.1754150390626	-368.7101745605469	795.7003173828127	428.1421203613282	-245.4714660644532	776.2440185546877	380.7270812988282	-371.8764343261719	827.247497558594	370.4607849121094	-319.8910827636719	725.0908813476564	64.20371246337892	-315.0419921875001	745.9731445312501	70.85672760009767	-234.2907714843751	680.3381347656251	17.76650428771973	-261.9288635253907	855.3859863281252	19.65147018432618	-257.5232238769532	856.5090942382815	29.19716262817384	-309.1668090820313	798.3936767578127	13.57027244567871	-347.9942932128907	794.878356933594	812.493835449219	-71.39251708984376	904.5919189453127	454.890106201172	-114.8618698120117	923.139587402344	432.6689453125001	-239.3260040283204	875.3880615234377	411.946258544922	-110.5436782836914	924.4773559570315	379.4546813964844	-145.5810241699219	696.7552490234376	135.1230621337891	-133.4862365722657	740.1765136718751	125.1436538696289	-205.9428100585938	647.5905761718751	103.1219635009766	-192.5182342529297	800.611267089844	31.02240753173829	-168.5433959960938	794.2347412109377	48.95101928710939	-129.8569030761719	736.5219726562501	51.0426597595215	-89.63941955566408	759.0562744140626	1417.659057617188	-243.1558532714844	657.4205322265626	1180.43115234375	-260.4505615234376	924.215515136719	1082.756103515625	-270.7203369140626	870.5706176757815	1333.771484375	-257.8626403808594	653.2480468750001	1230.016357421875	-343.0959167480469	696.4347534179689	1358.207763671875	-348.5575866699219	736.9505004882814	1365.298706054688	-412.8001403808595	787.5677490234377	1371.603271484375	-426.5589904785157	743.5048217773439	1062.2509765625	-505.8814392089845	726.3526000976564	1051.346435546875	-429.6960449218751	717.8933105468751	1037.721313476563	-477.665252685547	840.112243652344	839.8320312500002	-499.2885742187501	771.1048583984377	839.9028930664065	-540.2774047851564	861.9727172851565	778.452331542969	-514.6000976562501	771.0686645507815	778.4625244140627	-545.5288085937501	656.2742919921876	1219.68408203125	-177.5466461181641	701.7135620117189	1342.868408203125	-167.7327117919922	755.7342529296876	1341.420166015625	-98.40598297119143	804.3729248046877	1344.985229492188	-81.57559204101564	783.8684082031252	1026.416381835938	-20.48074340820313	745.1972656250001	1017.419921875	-82.28102111816408	757.0971679687501	996.1357421875002	-37.85057830810548	882.342956542969	816.7995605468752	-41.11608886718751	836.0853271484377	812.4832763671877	1.916385889053345	914.8242187500002	742.1622314453126	-36.62846374511719	844.3804321289065	745.0783081054689	11.20748615264893	
86	0.85	869.8383789062502	916.3687744140627	-390.407440185547	655.1807250976564	929.1455688476565	-302.6917114257813	668.9888916015626	928.371765136719	-198.4412841796876	886.1942138671877	915.4915771484377	-143.1342315673828	780.1865844726565	809.1479492187502	-443.0758361816407	797.533630371094	438.0910644531251	-369.1467895507813	797.302185058594	427.8780212402345	-245.7400360107422	777.248474121094	380.9051208496094	-372.2769470214844	828.4578247070315	370.1482849121094	-320.5470886230469	725.1373901367189	64.40899658203126	-314.9101257324219	746.2941894531251	71.1798782348633	-234.2657928466797	680.4591674804689	18.13657569885254	-261.6338806152344	855.5571289062502	19.76188087463379	-257.6926879882813	856.6204833984377	29.25054740905762	-309.2952575683594	798.3985595703127	13.59524822235108	-348.0436096191407	806.4787597656252	812.9071044921877	-71.52560424804689	921.6010742187502	456.4823303222657	-116.2163543701172	938.913024902344	435.0191345214845	-241.3029785156251	893.9907836914065	411.8075256347657	-111.6778182983399	944.0302734375002	381.8562927246094	-147.4237976074219	729.8670043945314	125.5515823364258	-133.45458984375	773.2785644531252	118.4479064941407	-206.1403961181641	681.8187866210939	90.67494201660158	-191.9373016357422	839.7117309570315	28.66558456420899	-169.301025390625	832.507751464844	46.22209930419923	-130.5671997070313	774.980407714844	44.48525619506837	-89.79763793945314	769.6108398437502	1417.741455078125	-243.9355926513672	667.8280639648439	1180.578247070313	-261.8370056152344	934.2561645507815	1082.850708007813	-270.8980712890626	881.0802001953127	1333.791137695313	-258.2322082519532	664.1522216796876	1230.256713867188	-344.4592895507813	707.3873291015626	1358.436279296875	-349.6254272460938	748.2562255859376	1365.589233398438	-413.6501464843751	798.8923950195315	1371.945190429688	-427.1432189941407	758.1060180664064	1062.232055664063	-507.396453857422	740.4627075195314	1051.05078125	-431.3896484375001	732.5925292968751	1037.269897460938	-479.4206848144532	858.3596801757815	841.3809204101565	-499.9840698242189	789.7907714843752	840.2693481445315	-541.4782714843751	881.7093505859377	780.6514892578127	-515.4041748046876	790.9170532226565	778.8606567382815	-546.7370605468751	666.3809204101564	1219.806518554688	-179.0093688964844	711.8811035156251	1342.945922851563	-168.9088592529297	765.4559326171876	1341.400512695313	-99.30391693115237	813.9255371093752	1344.9853515625	-82.12273406982423	791.512634277344	1026.675537109375	-21.12272644042969	752.7685546875001	1018.087158203125	-83.23018646240236	764.6478271484376	996.6562500000002	-38.64478302001954	887.9055786132815	816.129089355469	-40.67192459106446	841.4475708007815	812.216735839844	2.036131858825684	919.524841308594	741.1015625000001	-35.88797760009766	849.0130004882815	744.7543334960939	11.47408676147461	
87	0.86	879.4637451171877	915.9783935546877	-391.4809570312501	665.5547485351564	929.1365356445315	-302.3729553222657	679.5187988281251	928.410583496094	-198.074691772461	896.806091308594	915.3380126953127	-144.2715301513672	788.9262695312502	809.055114746094	-443.4862060546876	799.2158203125002	438.0016479492189	-369.5160217285157	798.8959960937502	427.6431274414064	-245.9670104980469	778.315368652344	381.0808715820313	-372.6124572753907	829.7396240234377	369.8089904785157	-321.1512145996094	725.1845092773439	64.62890625000001	-314.6886596679688	746.6748657226564	71.54306030273439	-234.1719970703126	680.5833740234376	18.5260009765625	-261.2192687988282	855.7501220703127	19.86118698120118	-257.8557434082032	856.7150878906252	29.29584693908692	-309.4205017089844	798.3706054687502	13.62385368347168	-348.0435485839844	817.9179687500002	813.0176391601565	-71.65464782714845	937.9595947265627	457.7339782714845	-117.5663604736328	953.6397705078127	436.889862060547	-243.3233032226563	912.0928955078127	411.3638610839845	-112.7605056762696	962.9824829101565	384.1007080078126	-149.2819976806641	763.8506469726564	116.2147369384766	-133.3912506103516	807.1716918945315	112.0713195800782	-206.3298339843751	717.2199096679689	78.5463333129883	-191.3808135986328	879.3506469726565	26.89771080017091	-170.080551147461	871.2503662109377	43.94230270385743	-131.2763824462891	814.1029052734377	38.42174530029298	-90.02848052978517	780.1956787109377	1417.597900390625	-244.6920928955079	678.2344970703126	1180.505615234375	-263.1517639160157	944.3264770507815	1082.62939453125	-271.0735168457032	891.6237792968752	1333.56982421875	-258.5867309570313	675.0722045898439	1230.26123046875	-345.7622680664063	718.3660278320314	1358.423095703125	-350.6692504882813	759.6268310546876	1365.597045898438	-414.467254638672	810.2440185546877	1371.999755859375	-427.7146606445314	772.7298583984377	1061.982666015625	-508.8590393066407	754.5698242187501	1050.505249023438	-433.043914794922	747.3084716796876	1036.599487304688	-481.1214294433595	876.6235351562502	842.794860839844	-500.5540771484376	808.5607910156252	840.4580078125002	-542.5459594726564	901.4800415039065	782.7423095703127	-516.0794067382814	810.8172607421877	779.0987548828127	-547.7644653320314	676.5234985351564	1219.711791992188	-180.3974304199219	722.0781250000001	1342.8115234375	-170.0404357910157	775.2539672851565	1341.175537109375	-100.1567077636719	823.5584716796877	1344.753173828125	-82.6593475341797	799.2349853515627	1026.728637695313	-21.7015495300293	760.3488769531251	1018.526733398438	-84.0977020263672	772.2532958984377	996.9587402343752	-39.37323760986329	893.4497070312502	815.2595825195315	-40.12430572509766	846.874450683594	811.7866821289065	2.258841753005982	924.2443847656252	739.8578491210939	-34.99465560913087	853.6866455078127	744.2691040039064	11.87061023712158	
88	0.87	889.1809692382815	915.2534790039065	-392.4454345703126	676.0084838867189	928.895690917969	-302.0692443847657	690.0319213867189	928.1998291015627	-197.7171020507813	907.4426879882815	914.8581542968752	-145.2385406494141	797.7024536132815	808.8469848632815	-443.8467712402345	801.0234985351565	437.9042968750001	-369.8144531250001	800.5811767578127	427.4403686523439	-246.1556549072266	779.4878540039065	381.2501831054688	-372.8737792968751	831.134948730469	369.4337768554688	-321.6984863281251	725.2345581054689	64.86408996582033	-314.3623962402344	747.1244506835939	71.93328094482423	-233.9948730468751	680.7255859375001	18.93943786621094	-260.6646118164063	855.9568481445315	19.93524169921875	-258.0063171386719	856.7832031250002	29.32108306884766	-309.5400390625001	798.2991943359377	13.65180206298828	-347.9851074218751	829.164733886719	812.8357543945315	-71.79468536376955	953.615417480469	458.6310119628907	-118.8883514404297	967.3085937500002	438.2308349609376	-245.3163146972657	929.6458740234377	410.6520385742189	-113.7794265747071	981.2783813476565	386.1921691894532	-151.1251373291016	798.6319580078127	107.3562927246094	-133.3465270996094	841.7605590820315	106.2179260253907	-206.5651855468751	753.7201538085939	67.00162506103517	-190.9166870117188	919.3907470703127	25.89692306518555	-170.927978515625	910.3666992187502	42.29049301147462	-132.0376892089844	853.8040771484377	33.06310653686524	-90.38095855712892	790.8176269531252	1417.232177734375	-245.4203796386719	688.6430664062501	1180.221557617188	-264.3825683593751	954.4593505859377	1082.093017578125	-271.2341613769532	902.208679199219	1333.109375	-258.9266967773438	686.0006103515626	1230.037475585938	-346.9949645996094	729.3720703125001	1358.174438476563	-351.6834411621094	771.0630493164065	1365.32568359375	-415.2474365234376	821.6247558593752	1371.765502929688	-428.2705993652345	787.3713378906252	1061.505004882813	-510.2642517089845	768.6646728515627	1049.709838867188	-434.6512145996095	762.0328979492189	1035.708984375	-482.760711669922	894.8908691406252	844.0764160156252	-501.0001220703126	827.3872070312502	840.471618652344	-543.4782104492189	921.2504882812502	784.7169189453127	-516.6170654296876	830.7456665039065	779.1807250976565	-548.6197509765626	686.7105102539064	1219.404663085938	-181.7011108398438	732.3204345703126	1342.46826171875	-171.1168365478516	785.1427001953127	1340.748413085938	-100.9640121459961	833.293395996094	1344.295043945313	-83.18479156494142	807.0455322265627	1026.575317382813	-22.221342086792	767.9874267578126	1018.732360839844	-84.88216400146486	779.9251098632815	997.0455322265627	-40.03701400756837	898.998718261719	814.1919555664065	-39.48500061035157	852.3803710937502	811.1983032226565	2.58002519607544	929.0035400390627	738.4373168945314	-33.95799636840821	858.4106445312502	743.6265258789064	12.38854598999024	
89	0.88	899.010437011719	914.2097778320315	-393.2780151367189	686.5168457031251	928.4349365234377	-301.8031311035157	700.5244750976564	927.7443847656252	-197.4102783203126	918.1009521484377	914.0931396484377	-146.0109558105469	806.5101318359377	808.525817871094	-444.1520385742189	803.005310058594	437.7945861816407	-370.0392456054688	802.4582519531252	427.2667236328126	-246.3053741455079	780.8154296875002	381.4078674316407	-373.0519714355469	832.6902465820315	369.0145874023438	-322.1824645996094	725.2933959960939	65.11681365966798	-313.9191284179688	747.6509399414064	72.33554077148439	-233.7212219238282	680.9032592773439	19.38346672058106	-259.9554138183594	856.1694335937502	19.97272872924805	-258.1383972167969	856.8181762695315	29.31706428527833	-309.6510314941407	798.177429199219	13.67796230316162	-347.8609924316407	840.205993652344	812.3752441406252	-71.95842742919923	968.533630371094	459.1672973632814	-120.1616439819336	979.9410400390627	439.010955810547	-247.2169952392579	946.6149902343752	409.7119140625001	-114.7252960205078	998.8773193359377	388.1389160156251	-152.9288787841797	834.0932617187502	99.20076751708987	-133.3700714111328	876.9009399414065	101.0710067749024	-206.899398803711	791.1926879882815	56.28622817993165	-190.609359741211	959.6590576171877	25.82089614868165	-171.9017944335938	949.7320556640627	41.42575454711915	-132.9175109863282	893.9639282226565	28.59222984313966	-90.90821838378908	801.4815063476565	1416.651000976563	-246.1148986816407	699.0593261718751	1179.736328125	-265.5148620605469	964.6815185546877	1081.254760742188	-271.3703613281251	912.8394775390627	1332.417724609375	-259.2515258789063	696.9303588867189	1229.595581054688	-348.1461486816407	740.4039916992189	1357.699584960938	-352.6602783203126	782.5576171875002	1364.7841796875	-415.9862060546876	833.0318603515627	1371.248168945313	-428.8069763183595	802.0220336914065	1060.806640625	-511.6050109863282	782.739440917969	1048.671875	-436.201385498047	776.7565917968752	1034.601318359375	-484.3298645019532	913.1458740234377	845.232116699219	-501.3241577148439	846.237487792969	840.319519042969	-544.2731323242189	940.9837036132815	786.5701904296877	-517.0059204101564	850.6768188476565	779.117126464844	-549.3128051757814	696.9507446289064	1218.892700195313	-182.9097137451172	742.6220703125001	1341.922973632813	-172.1271667480469	795.134216308594	1340.12646484375	-101.7248001098633	843.148864746094	1343.622314453125	-83.69673919677736	814.9505615234377	1026.22021484375	-22.68517303466797	775.7314453125002	1018.704406738281	-85.58365631103517	787.6732177734377	996.9248046875002	-40.63605499267579	904.580505371094	812.9345703125002	-38.76451492309571	857.9768066406252	810.4600219726565	2.993871450424195	933.8218383789065	736.8518676757814	-32.7924919128418	863.194274902344	742.8349609375001	13.01649379730225	
90	0.89	908.9620361328127	912.8812255859377	-393.9644165039064	697.0548706054689	927.7681884765627	-301.5857849121094	710.9990234375001	927.0521240234377	-197.1824493408204	928.7815551757815	913.086364746094	-146.5788116455078	815.343933105469	808.0947875976565	-444.3977661132814	805.2150878906252	437.6659545898439	-370.1884765625001	804.6235961914065	427.113250732422	-246.4127807617188	782.3536376953127	381.5468750000001	-373.1394653320313	834.4560546875002	368.5444335937501	-322.5955505371094	725.3699951171876	65.39071655273439	-313.3525085449219	748.2598876953126	72.73453521728517	-233.3415069580079	681.1328735351564	19.86625480651856	-259.0863342285157	856.3808593750002	19.96693229675293	-258.2471313476563	856.8175048828127	29.27845573425294	-309.7505187988282	798.0032958984377	13.70407390594483	-347.6667480468751	851.048767089844	811.6523437500002	-72.15577697753908	982.7022705078127	459.3450622558595	-121.3704452514649	991.5938720703127	439.2214660644532	-248.9720611572266	962.9824218750002	408.5840759277345	-115.59375	1015.757263183594	389.9505920410157	-154.6773529052735	870.0659179687502	91.94187927246095	-133.5099487304688	912.3956298828127	96.78242492675784	-207.3812103271485	829.4487304687502	46.61323928833009	-190.5177154541016	999.9424438476565	26.79408836364747	-173.0638427734375	989.1823730468752	41.47700500488282	-133.9855499267578	934.4158935546877	25.15657806396485	-91.66216278076173	812.1902465820315	1415.865356445313	-246.7695770263672	709.4910278320314	1179.06201171875	-266.5331420898438	975.0100708007815	1080.13818359375	-271.4757690429688	923.518737792969	1331.507202148438	-259.5596313476563	707.8557128906251	1228.947631835938	-349.2040405273438	751.4580078125001	1357.01025390625	-353.5902099609376	794.0965576171877	1363.98681640625	-416.6787109375001	844.4583129882815	1370.46044921875	-429.3186035156251	816.6697387695315	1059.899658203125	-512.8724975585939	796.7862548828127	1047.405151367188	-437.6819763183595	791.4685058593752	1033.283569335938	-485.8189086914064	931.3687133789065	846.271667480469	-501.5278625488282	865.075134277344	840.016784667969	-544.9289550781251	960.6411132812502	788.300476074219	-517.2338256835939	870.5831298828127	778.923767089844	-549.8530883789064	707.2529907226564	1218.186889648438	-184.0121307373047	752.9948730468751	1341.185791015625	-173.0608062744141	805.2386474609377	1339.319580078125	-102.4368438720703	853.1392822265627	1342.75048828125	-84.19101715087892	822.9541015625002	1025.672973632813	-23.09469985961914	783.6224365234377	1018.449829101563	-86.20347595214845	795.5073852539065	996.6099853515627	-41.16930389404298	910.2256469726565	811.5021972656252	-37.97174835205079	863.6731567382815	809.5831298828127	3.493521928787232	938.7176513671877	735.1166992187501	-31.51701545715333	868.0483398437502	741.9066772460939	13.7411699295044	
91	0.9	919.0352172851565	911.3156738281252	-394.500213623047	707.6012573242189	926.9112548828127	-301.4160766601563	721.4642944335939	926.134704589844	-197.0458374023438	939.4895019531252	911.8799438476565	-146.946517944336	824.1995239257815	807.5582275390627	-444.5812988281251	807.7104492187502	437.5093688964845	-370.2615356445313	807.1660766601565	426.966033935547	-246.4732818603516	784.1624755859377	381.6579284667969	-373.1312255859376	836.4851074218752	368.0173645019532	-322.9300537109376	725.4760742187501	65.69057464599611	-312.6643371582032	748.9528198242189	73.11672973632814	-232.8523559570313	681.4260864257814	20.397216796875	-258.0643310546876	856.5857543945315	19.9168930053711	-258.3299255371094	856.7830810546877	29.20446586608887	-309.8362121582032	797.7800292968752	13.73401927947998	-347.4020385742188	861.7196044921877	810.6856689453127	-72.39305877685548	996.136413574219	459.1754455566407	-122.5054626464844	1002.359680175781	438.8780212402345	-250.544906616211	978.7484130859377	407.3077087402345	-116.3870239257813	1031.916870117188	391.6354980468751	-156.3643341064453	906.3247070312502	85.73089599609376	-133.8113250732422	947.994323730469	93.46260833740236	-208.0521240234376	868.2319946289065	38.15100479125977	-190.6929168701172	1039.986328125	28.89414405822755	-174.4708709716797	1028.506713867188	42.5317611694336	-135.3053283691407	974.9376220703127	22.85966873168946	-92.68838500976564	822.9456176757815	1414.888793945313	-247.3779449462891	719.9476928710939	1178.211059570313	-267.4228210449219	985.4512329101565	1078.775634765625	-271.5467529296876	934.2471923828127	1330.394897460938	-259.8482971191407	718.7728271484376	1228.107543945313	-350.1568603515626	762.5289916992189	1356.120361328125	-354.4621582031251	805.6604614257815	1362.951904296875	-417.3197631835939	855.8941650390627	1369.421264648438	-429.799285888672	831.2979125976565	1058.800903320313	-514.0567626953126	810.795593261719	1045.929443359375	-439.0794372558595	806.1553955078127	1031.766967773438	-487.2169494628907	949.534606933594	847.206726074219	-501.6123962402345	883.8604736328127	839.5827636718752	-545.4441528320314	980.183776855469	789.9100341796877	-517.2895507812501	890.4343261718752	778.6204223632815	-550.2481689453126	717.6255493164064	1217.300170898438	-184.9976043701172	763.4482421875001	1340.269775390625	-173.9078826904297	815.4631958007815	1338.340942382813	-103.0963973999024	863.274353027344	1341.697875976563	-84.66159820556642	831.0603027343752	1024.947875976563	-23.45000648498536	791.6934814453127	1017.981689453125	-86.7437210083008	803.437927246094	996.1185302734377	-41.63496780395509	915.965515136719	809.9144287109377	-37.11413955688477	869.478698730469	808.5811767578127	4.071449279785157	943.7085571289065	733.2496337890626	-30.15358543395997	872.986511230469	740.8568115234376	14.54853057861328	
92	0.91	929.2200927734377	909.5700683593752	-394.8911132812501	718.1408691406251	925.8828125000002	-301.2811279296876	731.9350585937501	925.008483886719	-196.9956970214844	950.2335205078127	910.511901855469	-147.1318054199219	833.0755615234377	806.922058105469	-444.7017822265626	810.5511474609377	437.3138732910157	-370.2598876953126	810.1629028320315	426.8074035644532	-246.4829864501954	786.3045654296877	381.7297668457032	-373.0259704589844	838.8308715820315	367.4281311035157	-323.1790771484376	725.6254272460939	66.0220413208008	-311.8665771484376	749.7259521484376	73.47251892089845	-232.2587280273438	681.7863159179689	20.98678207397461	-256.9106140136719	856.7808227539065	19.82776260375977	-258.3869934082032	856.7214965820315	29.09904670715333	-309.9070434570313	797.5164184570315	13.77278804779053	-347.0715026855469	872.261413574219	809.495788574219	-72.67211914062501	1008.880432128906	458.6786193847657	-123.5649948120117	1012.365173339844	438.0213012695314	-251.9187622070313	993.9314575195315	405.919158935547	-117.114974975586	1047.37548828125	393.1985473632814	-157.9929656982422	942.586608886719	80.66606903076173	-134.3150634765625	983.398132324219	91.17198181152345	-208.9438629150391	907.2168579101565	31.01172637939454	-191.1760559082032	1079.49609375	32.13883972167969	-176.167953491211	1067.443481445313	44.62490463256837	-136.9265289306641	1015.247375488281	21.75191879272461	-94.02194976806642	833.748718261719	1413.738159179688	-247.9332275390626	730.4404296875001	1177.197387695313	-268.1717529296876	996.0001220703127	1077.205688476563	-271.5821533203126	945.024841308594	1329.101928710938	-260.1138305664063	729.6802368164064	1227.0908203125	-350.9934082031251	773.611511230469	1355.046264648438	-355.2639465332032	817.227233886719	1361.701782226563	-417.9038391113282	867.3276367187502	1368.154418945313	-430.2421264648439	845.885925292969	1057.5302734375	-515.1471557617189	824.755065917969	1044.27001953125	-440.3796386718751	820.8008422851565	1030.067260742188	-488.512908935547	967.6138916015627	848.0498657226565	-501.5777893066407	902.5520019531252	839.0399169921877	-545.8172607421876	999.5733642578127	791.4055175781252	-517.1646728515626	910.1970214843752	778.2293090820315	-550.5025634765626	728.0761718750001	1216.247924804688	-185.8563842773438	773.9891357421877	1339.190795898438	-174.6595001220703	825.812683105469	1337.205810546875	-103.6980895996094	873.559020996094	1340.485595703125	-85.10073852539064	839.2749023437502	1024.062622070313	-23.74965286254883	799.967956542969	1017.318603515625	-87.20675659179689	811.4766845703127	995.4710083007815	-42.03080749511719	921.8303222656252	808.1944580078127	-36.19821548461915	875.4036254882815	807.469665527344	4.719881057739259	948.8115234375002	731.2694702148439	-28.72577857971192	878.0253906250002	739.7030639648439	15.42487239837647	
93	0.92	939.4993896484377	907.7045898437502	-395.1525878906251	728.6666870117189	924.7042236328127	-301.1578063964844	742.4307861328126	923.695495605469	-197.0112304687501	961.025329589844	909.0142822265627	-147.163314819336	841.9748535156252	806.194030761719	-444.7596740722657	813.7962646484377	437.0670166015626	-370.1872558593751	813.6774902343752	426.6177368164064	-246.440414428711	788.842224121094	381.7498779296876	-372.8271179199219	841.5447998046877	366.7723083496094	-323.3376464843751	725.8323974609376	66.39177703857423	-310.9825134277344	750.5692749023439	73.79827880859376	-231.5752716064454	682.2070312500001	21.64640808105469	-255.6614074707032	856.9651489257815	19.71034240722657	-258.4219055175782	856.6436157226565	28.97058486938477	-309.9637451171876	797.226013183594	13.82530212402344	-346.6854858398438	882.7290039062502	808.1059570312502	-72.9895477294922	1021.00732421875	457.883758544922	-124.5551986694336	1021.766357421875	436.7153625488282	-253.0977935791016	1008.565795898438	404.450897216797	-117.7951965332032	1062.172729492188	394.6390686035157	-159.5741424560547	978.5152587890627	76.78447723388673	-135.0557708740235	1018.268737792969	89.91440582275392	-210.0766143798829	946.012634277344	25.24262809753419	-191.9960632324219	1118.142211914063	36.47517395019532	-178.1839447021485	1105.682250976563	47.72869873046876	-138.8799896240235	1055.005249023438	21.8220386505127	-95.68453216552736	844.6009521484377	1412.433349609375	-248.4283905029297	740.9810180664064	1176.03564453125	-268.7712097167969	1006.643005371094	1075.471069335938	-271.5824279785157	955.8516845703127	1327.652465820313	-260.3516235351563	740.5792846679689	1225.9150390625	-351.7035522460938	784.7009277343752	1353.806518554688	-355.9827880859376	828.7747192382815	1360.262573242188	-418.4247436523439	878.7471313476565	1366.688232421875	-430.6395874023439	860.409118652344	1056.110595703125	-516.1331787109376	838.6489868164065	1042.456176757813	-441.5691833496095	835.385192871094	1028.205200195313	-489.6961059570314	985.5720214843752	848.8140258789065	-501.4232788085939	921.1069946289065	838.4121704101565	-546.0468750000001	1018.773010253906	792.7980957031252	-516.8549804687501	929.834655761719	777.7737426757815	-550.6177368164064	738.6121215820314	1215.048095703125	-186.5803375244141	784.6223754882815	1337.967163085938	-175.3080291748047	836.2893676757815	1335.932373046875	-104.2350616455078	883.9937744140627	1339.136352539063	-85.49924468994142	847.6063232421877	1023.038208007813	-23.99088096618653	808.459655761719	1016.4833984375	-87.59478759765626	819.6372680664065	994.6903076171877	-42.35445404052735	927.8471679687502	806.3677978515627	-35.23027420043946	881.460144042969	806.266052246094	5.431200981140138	954.0435791015627	729.1960449218751	-27.2569751739502	883.1848754882815	738.4649658203126	16.35774612426758	
94	0.93	949.8511962890627	905.7774658203127	-395.3081054687501	739.1802368164064	923.4003906250002	-301.0149536132813	752.9753417968751	922.223571777344	-197.0581207275391	971.8789672851565	907.4126586914065	-147.0774688720703	850.9047851562502	805.383728027344	-444.7561340332032	817.5014648437502	436.756317138672	-370.0502319335938	817.7569580078127	426.377410888672	-246.3477325439454	791.8341064453127	381.7058410644532	-372.5433349609376	844.674011230469	366.0459899902344	-323.4039306640626	726.1107788085939	66.80783843994142	-310.0463256835938	751.4663696289064	74.09815216064455	-230.8266754150391	682.6710205078126	22.38887596130371	-254.3667907714844	857.1404418945315	19.57987022399903	-258.4413146972657	856.5638427734377	28.83110809326173	-310.0092163085938	796.9267578125002	13.89524745941162	-346.2597045898438	893.1836547851565	806.5419921875002	-73.33631134033205	1032.615112304688	456.8282470703126	-125.4894104003907	1030.741821289063	435.0443115234376	-254.1058197021485	1022.699035644531	402.9307250976564	-118.4522018432617	1076.364990234375	395.949676513672	-161.1239929199219	1013.730163574219	74.0576629638672	-136.0599670410157	1052.241333007813	89.6334686279297	-211.4586639404297	984.1729736328127	20.8214225769043	-193.1678314208985	1155.5693359375	41.7724723815918	-180.5296020507813	1142.871704101563	51.74557113647462	-141.1757202148438	1093.82177734375	22.99071311950684	-97.68313598632815	855.5045166015627	1410.996948242188	-248.8561706542969	751.5814819335939	1174.742309570313	-269.2166442871094	1017.360229492188	1073.61572265625	-271.5488891601563	966.728698730469	1326.073364257813	-260.5560302734376	751.4744262695314	1224.599487304688	-352.2783203125001	795.7946777343752	1352.422729492188	-356.6057128906251	840.2839355468752	1358.663452148438	-418.8754272460939	890.1426391601565	1365.054443359375	-430.9837036132814	874.8399658203127	1054.567504882813	-517.0051269531251	852.458435058594	1040.520141601563	-442.6360778808595	849.8854980468752	1026.2060546875	-490.7568664550782	1003.370483398438	849.5118408203127	-501.1477050781251	939.482116699219	837.7236328125002	-546.1315917968751	1037.746948242188	794.1031494140627	-516.3617553710939	949.307312011719	777.2769775390627	-550.5919189453126	749.2396850585939	1213.720703125	-187.1632080078125	795.3511352539065	1336.619873046875	-175.8470916748047	846.8935546875002	1334.540771484375	-104.69921875	894.5758056640627	1337.673828125	-85.8468704223633	856.0664062500002	1021.898254394531	-24.16998100280762	817.1738891601565	1015.502197265625	-87.90937805175783	827.9348144531252	993.800720214844	-42.6036491394043	934.0396118164065	804.4610595703127	-34.21700668334962	887.6629638671877	804.9893798828127	6.198265552520754	959.4219360351565	727.0499877929689	-25.76871871948243	888.4876098632815	737.1633911132814	17.33661270141602	
95	0.9400000000000001	960.252380371094	903.8406982421877	-395.3868713378907	749.6914062500001	921.999206542969	-300.8167114257813	763.5952148437501	920.6254882812502	-197.0924835205079	982.810241699219	905.726989746094	-146.9147033691407	859.8780517578127	804.5028076171877	-444.6924438476564	821.7161254882815	436.3704528808595	-369.8579711914063	822.4313964843752	426.068817138672	-246.211166381836	795.3320922851565	381.5866394042969	-372.1883239746094	848.258483886719	365.2460021972657	-323.3797607421876	726.4723510742189	67.28059387207033	-309.1015625000001	752.3956298828126	74.38533782958986	-230.0467224121094	683.1517944335939	23.22900390625	-253.0875396728516	857.3110351562502	19.45421028137207	-258.4546508789063	856.4987792968752	28.69495964050294	-310.0487670898438	796.6390380859377	13.9840669631958	-345.8146057128907	903.687927246094	804.8325805664065	-73.6980667114258	1043.821411132813	455.5562133789064	-126.3866577148438	1039.482788085938	433.1069335937501	-254.9827880859376	1036.388305664063	401.3817749023439	-119.1154098510742	1090.02294921875	397.1157531738282	-162.6607818603516	1047.822143554688	72.39221191406251	-137.3441925048828	1084.940185546875	90.21248626708986	-213.0873107910157	1021.212036132813	17.65730285644532	-194.6907501220704	1191.407958984375	47.82109832763673	-183.1979675292969	1178.6328125	56.50532913208009	-143.8037414550782	1131.273071289063	25.10838890075684	-100.0104446411133	866.4630126953127	1409.453979492188	-249.209213256836	762.2534790039064	1173.335815429688	-269.5075683593751	1028.130493164063	1071.682861328125	-271.4832153320313	977.6583251953127	1324.393798828125	-260.7206420898438	762.3730468750001	1223.166381835938	-352.7103576660157	806.8930664062502	1350.918701171875	-357.1201477050782	851.741394042969	1356.935913085938	-419.2478942871095	901.5076904296877	1363.287353515625	-431.2661437988282	889.1487426757815	1052.928466796875	-517.7546386718751	866.1616821289065	1038.496337890625	-443.570526123047	864.2758789062502	1024.099975585938	-491.686981201172	1020.967956542969	850.1556396484377	-500.7502441406251	957.6337890625002	836.9973754882815	-546.0698242187501	1056.460571289063	795.3389282226565	-515.6917724609376	968.5720825195315	776.7608642578127	-550.4210205078126	759.9643554687501	1212.288208007813	-187.6008758544922	806.1775512695315	1335.171997070313	-176.271484375	857.6243286132815	1333.0537109375	-105.0817413330078	905.300231933594	1336.12353515625	-86.13279724121095	864.6704101562502	1020.668212890625	-24.28270912170411	826.1096191406252	1014.402893066406	-88.15126800537111	836.3862304687502	992.8274536132815	-42.77644729614259	940.4268188476565	802.5012817382815	-33.16590881347657	894.0292968750002	803.660095214844	7.014612674713137	964.964050292969	724.8528442382814	-24.27940177917481	893.9581298828127	735.8204956054689	18.3531665802002	
96	0.9500000000000001	970.6821899414065	901.9368286132815	-395.420623779297	760.2177124023439	920.5307617187502	-300.5261840820313	774.3188476562502	918.9382324218752	-197.0659637451172	993.8359985351565	903.9730224609377	-146.7156066894532	868.9125976562502	803.5644531250002	-444.569061279297	826.480651855469	435.9006347656251	-369.6221923828126	827.713806152344	425.6779785156251	-246.0407409667969	799.377868652344	381.3843994140626	-371.7801208496094	852.3298339843752	364.3697509765626	-323.2713623046876	726.9256591796876	67.8240432739258	-308.1980285644532	753.3322143554689	74.68251037597658	-229.2761230468751	683.6162109375001	24.18474960327149	-251.8902435302735	857.483581542969	19.35158157348633	-258.4729309082032	856.465515136719	28.57706832885743	-310.0897827148438	796.3840942382815	14.09024047851563	-345.3735046386719	914.3010253906252	803.009704589844	-74.05613708496095	1054.755249023438	454.1164550781251	-127.2693099975586	1048.182983398438	431.0100097656251	-255.7793426513672	1049.697143554688	399.8226928710939	-119.8163986206055	1103.225952148438	398.1160278320314	-164.2020568847657	1080.373901367188	71.63587951660158	-138.9134063720703	1115.996459960938	91.47926330566408	-214.9508514404297	1056.625366210938	15.59822845458985	-196.5478210449219	1225.291381835938	54.33827209472658	-186.1668701171875	1212.578125	61.76836013793947	-146.7376098632813	1166.9208984375	27.95890426635743	-102.6464157104492	877.4815673828127	1407.831420898438	-249.4800262451172	773.0073242187502	1171.837524414063	-269.6471557617188	1038.935546875	1069.71337890625	-271.3866882324219	988.6451416015627	1322.644165039063	-260.8381652832032	773.285827636719	1221.640014648438	-352.9938964843751	818.0001220703127	1349.321411132813	-357.5143432617188	863.141296386719	1355.113647460938	-419.5333862304689	912.840270996094	1361.422973632813	-431.478485107422	903.3046875000002	1051.222412109375	-518.3749389648439	879.7358398437502	1036.419799804688	-444.3654174804689	878.5284423828127	1021.92041015625	-492.4802551269532	1038.321411132813	850.757019042969	-500.2315673828126	975.5188598632815	836.2537841796877	-545.8599853515626	1074.879638671875	796.5255126953127	-514.8576660156251	987.5834960937502	776.2449340820315	-550.0995483398439	770.7908325195315	1210.775512695313	-187.8912506103516	817.103454589844	1333.648681640625	-176.5769805908203	868.4801025390627	1331.495971679688	-105.373519897461	916.161560058594	1334.511108398438	-86.34606933593751	873.4360351562502	1019.374633789063	-24.32473945617676	835.261413574219	1013.214477539063	-88.32018280029298	845.0090332031252	991.795837402344	-42.87132263183594	947.0247192382815	800.5148925781252	-32.08534622192384	900.578796386719	802.2999267578127	7.874560832977297	970.6881103515627	722.6270751953126	-22.80344963073731	899.6223754882815	734.4585571289064	19.40133476257325	
97	0.96	981.1257324218752	900.097839355469	-395.4402465820314	770.7827758789065	919.0261840820315	-300.1091918945313	785.1748046875002	917.2005615234377	-196.9311981201172	1004.9736328125	902.1648559570315	-146.5172119140625	878.0312500000002	802.5831298828127	-444.3851623535157	831.825134277344	435.3419494628907	-369.3566589355469	833.601745605469	425.196014404297	-245.8491668701172	804.0013427734377	381.0958557128907	-371.3398132324219	856.9101562500002	363.4157104492188	-323.0891723632813	727.4750366210939	68.45738983154298	-307.3879394531251	754.2514648437501	75.0214080810547	-228.5592956542969	684.0289916992189	25.2787036895752	-250.8413085937501	857.6663818359377	19.28806877136231	-258.5074768066407	856.479187011719	28.49091529846192	-310.1408996582032	796.1812133789065	14.20895767211914	-344.9605102539063	925.0757446289065	801.108093261719	-74.38925933837892	1065.548583984375	452.560028076172	-128.1602325439453	1057.026000976563	428.8608703613282	-256.5500793457032	1062.691772460938	398.2682189941407	-120.5855484008789	1116.058349609375	398.9244384765626	-165.7621307373047	1110.98388671875	71.58943176269533	-140.7596282958985	1145.067260742188	93.2164993286133	-217.0308685302735	1089.915771484375	14.44433212280274	-198.7052764892579	1256.873779296875	60.98163223266603	-189.40283203125	1244.333740234375	67.23591613769533	-149.9390869140625	1200.33837890625	31.26998519897462	-105.5608444213867	888.5667724609377	1406.157958984375	-249.661117553711	783.8515625000002	1170.271362304688	-269.6414184570313	1049.763671875	1067.744140625	-271.2598571777344	999.695739746094	1320.85546875	-260.9004516601563	784.2261962890627	1220.047241210938	-353.1249694824219	829.1237792968752	1347.659545898438	-357.7780456542969	874.486267089844	1353.2314453125	-419.7225036621095	924.1436767578127	1359.498291015625	-431.6124572753907	917.2774658203127	1049.479370117188	-518.8613891601564	893.1582031250002	1034.32470703125	-445.0165100097657	892.613952636719	1019.703735351563	-493.1325988769532	1055.3876953125	851.3269042968752	-499.5945739746095	993.0946044921877	835.5101318359377	-545.5005493164064	1092.9697265625	797.6826782226565	-513.8768920898439	1006.293823242188	775.7456054687502	-549.6218872070314	781.723083496094	1209.208984375	-188.0341033935547	828.131042480469	1332.076293945313	-176.7601623535157	879.4595336914065	1329.893798828125	-105.5656814575196	927.1549072265627	1332.863159179688	-86.47609710693361	882.3828735351565	1018.044311523438	-24.29208755493165	844.6218261718752	1011.965637207031	-88.41488647460939	853.8212890625002	990.7307128906252	-42.88722610473634	953.8469848632815	798.5277099609377	-30.98430252075196	907.3328247070315	800.9310302734377	8.773228645324709	976.6127929687502	720.3961791992189	-21.35103797912598	905.506774902344	733.0999755859376	20.47699546813965	
98	0.97	991.5770263671877	898.3452758789065	-395.4723510742189	781.4144287109377	917.515808105469	-299.5382385253907	796.1903076171877	915.451110839844	-196.6473999023438	1016.240783691406	900.3174438476565	-146.3497467041016	887.261413574219	801.5737304687502	-444.1386718750001	837.7691650390627	434.6939697265626	-369.0765075683594	840.0800781250002	424.6197204589845	-245.6505126953126	809.2196044921877	380.7234497070313	-370.8901367187501	862.0125122070315	362.3834228515626	-322.8480529785157	728.1212158203126	69.20651245117189	-306.7212524414063	755.1328125000001	75.44154357910158	-227.9407043457032	684.3579101562501	26.53978729248048	-250.000473022461	857.8674926757815	19.27509689331055	-258.5681762695313	856.5505981445315	28.44643020629884	-310.2109375000001	796.045593261719	14.33231830596924	-344.5977783203126	936.0562133789065	799.1654052734377	-74.67569732666017	1076.327270507813	450.9378662109376	-129.0798797607422	1066.174682617188	426.7604370117189	-257.3462829589844	1075.438842773438	396.7302856445314	-121.4486465454102	1128.604370117188	399.5129699707032	-167.3505401611328	1139.29248046875	72.02339172363283	-142.8610992431641	1171.855102539063	95.17766571044923	-219.3040924072266	1120.622192382813	13.96634769439698	-201.113021850586	1285.850708007813	67.3704299926758	-192.8655090332032	1273.564819335938	72.56790924072267	-153.3636169433594	1231.13720703125	34.73075866699219	-108.7160873413086	899.7266235351565	1404.462890625	-249.7451477050782	794.7925415039065	1168.664428710938	-269.4981689453126	1060.613037109375	1065.807861328125	-271.1022644042969	1010.818664550781	1319.058837890625	-260.8988952636719	795.209899902344	1218.41650390625	-353.1017761230469	840.275573730469	1345.96337890625	-357.9029541015626	885.787536621094	1351.32421875	-419.805877685547	935.426940917969	1357.55029296875	-431.6600036621095	931.0383911132815	1047.729248046875	-519.2113037109376	906.408386230469	1032.243896484375	-445.5223388671876	906.5036621093752	1017.487487792969	-493.6421203613282	1072.125244140625	851.874694824219	-498.8452148437501	1010.319274902344	834.7796020507815	-544.9904785156251	1110.695922851563	798.8277587890627	-512.7711181640626	1024.654296875	775.2751464843752	-548.9834594726564	792.7641601562502	1207.616821289063	-188.0308227539063	839.2628173828127	1330.482055664063	-176.8181610107422	890.5617675781252	1328.274047851563	-105.6500244140625	938.277038574219	1331.205810546875	-86.51302337646486	891.5307617187502	1016.703247070313	-24.18144989013673	854.1837158203127	1010.68408203125	-88.43331146240236	862.840270996094	989.656188964844	-42.82356643676759	960.906433105469	796.5640258789065	-29.87182617187501	914.3135375976565	799.5756835937502	9.70650100708008	982.7576904296877	718.1841430664064	-19.92827796936036	911.6372680664065	731.7661743164064	21.57748985290528	
99	0.98	1002.041198730469	896.6912841796877	-395.5361938476564	792.1434326171877	916.0274658203127	-298.7955932617188	807.389831542969	913.726501464844	-196.1849975585938	1027.654418945313	898.4494628906252	-146.2342529296875	896.634704589844	800.5507812500002	-443.8263549804689	844.323181152344	433.9609375000001	-368.7979736328126	847.125183105469	423.9512634277345	-245.4588775634766	815.0380859375002	380.2759094238282	-370.4539794921876	867.6431884765627	361.2737121582032	-322.5670471191407	728.8620605468751	70.10493469238283	-306.2413940429688	755.9647827148439	75.98812103271486	-227.4611968994141	684.5798950195314	28.00500488281251	-249.4149475097657	858.0928955078127	19.31721115112305	-258.6614685058594	856.6836547851565	28.4480323791504	-310.3071289062501	795.9858398437502	14.45015335083008	-344.3029174804688	947.2772216796877	797.221618652344	-74.89544677734376	1087.203369140625	449.2989196777345	-130.0435028076172	1075.760498046875	424.7969970703126	-258.2091979980469	1088.003295898438	395.2196044921876	-122.4236679077149	1140.944091796875	399.8554992675782	-168.9715423583985	1165.006958007813	72.69829559326173	-145.1817626953125	1196.125854492188	97.10739898681643	-221.7433624267579	1148.349487304688	13.92717075347901	-203.7057037353516	1311.979248046875	73.11306762695314	-196.5118713378907	1299.99951171875	77.40733337402345	-156.9649047851563	1258.995483398438	38.01527404785157	-112.0695419311524	910.9696044921877	1402.775634765625	-249.7251434326172	805.8340454101565	1167.0458984375	-269.2263488769532	1071.493286132813	1063.932250976563	-270.9124450683594	1022.023620605469	1317.284301757813	-260.8244018554688	806.254333496094	1216.77734375	-352.9247436523438	851.4700927734377	1344.264038085938	-357.8832702636719	897.0639648437502	1349.426635742188	-419.7748413085939	946.7041015625002	1355.615478515625	-431.6137695312501	944.5618896484377	1046.001342773438	-519.4239501953126	919.4697875976565	1030.207275390625	-445.8838500976564	920.1705322265627	1015.309020996094	-494.0087890625001	1088.4951171875	852.4078369140627	-497.992645263672	1027.152221679688	834.0711059570315	-544.3301391601564	1128.023071289063	799.9739379882815	-511.5651245117189	1042.615112304688	774.8413085937502	-548.1820068359376	803.9166259765627	1206.026977539063	-187.8841705322266	850.502136230469	1328.892822265625	-176.7486267089844	901.787048339844	1326.663818359375	-105.619384765625	949.526794433594	1329.564819335938	-86.44815826416017	900.898620605469	1015.376098632813	-23.99047660827637	863.9412231445315	1009.395874023438	-88.37281036376955	872.082214355469	988.594421386719	-42.68016052246094	968.216247558594	794.6466064453127	-28.75635337829591	921.543640136719	798.2552490234377	10.67098712921143	989.143005371094	716.0151977539064	-18.53778839111328	918.0391845703127	730.4772949218751	22.70104026794434	
100	0.99	1012.534973144531	895.1413574218752	-395.6414794921876	803.001159667969	914.5847778320315	-297.8760681152344	818.7930908203127	912.059509277344	-195.5292663574219	1039.230224609375	896.5855102539065	-146.1810455322266	906.185729980469	799.5272216796877	-443.444549560547	851.4912719726565	433.1511230468751	-368.5379943847657	854.710388183594	423.196990966797	-245.2876281738282	821.453308105469	379.7679443359376	-370.0533447265626	873.8045654296877	360.0884399414063	-322.2695007324219	729.6955566406251	71.19396972656251	-305.9814147949219	756.7493286132814	76.70948791503908	-227.1549682617188	684.6868286132814	29.72092819213868	-249.1146545410157	858.3435058593752	19.41043853759766	-258.7883605957032	856.8728027343752	28.49315071105958	-310.4332275390626	796.0018310546877	14.5515718460083	-344.0867919921876	958.7641601562502	795.3188476562502	-75.03216552734376	1098.268920898438	447.6889038085939	-131.0591125488282	1085.876098632813	423.0419006347657	-259.1647033691407	1100.44580078125	393.7473754882814	-123.5182723999024	1153.149536132813	399.9322814941407	-170.6241455078125	1187.923583984375	73.38640594482423	-147.6716766357422	1217.724609375	98.76421356201175	-224.3175811767579	1172.796752929688	14.10407066345215	-206.4049835205079	1335.095825195313	77.83872985839845	-200.2994079589844	1323.451171875	81.40940856933595	-160.6983184814453	1283.682373046875	40.80999374389649	-115.5752410888672	922.304138183594	1401.124633789063	-249.5948333740235	816.9775390625002	1165.44677734375	-268.8350524902344	1082.425048828125	1062.140625	-270.6878356933594	1033.320922851563	1315.560791015625	-260.6679382324219	817.3776855468752	1215.15966796875	-352.5970153808594	862.7236938476565	1342.591918945313	-357.7160339355469	908.3402099609377	1347.571533203125	-419.6221618652345	957.9934692382815	1353.728271484375	-431.4673461914064	957.8270263671877	1044.323486328125	-519.5004272460939	932.330749511719	1028.242309570313	-446.1038513183595	933.5908203125002	1013.203979492188	-494.2339782714845	1104.462158203125	852.9307250976565	-497.0490112304689	1043.554443359375	833.3897705078127	-543.5220336914064	1144.915405273438	801.1282348632815	-510.2854614257814	1060.127075195313	774.4471435546877	-547.2186279296876	815.1821289062502	1204.467407226563	-187.5981597900391	861.8526611328127	1327.334350585938	-176.5498504638672	913.136657714844	1325.089111328125	-105.4680557250977	960.904968261719	1327.964477539063	-86.27442932128908	910.503356933594	1014.085021972656	-23.71795845031739	873.8914794921877	1008.124694824219	-88.23048400878908	881.5616455078127	987.5654907226565	-42.45722961425782	975.7908935546877	792.796081542969	-27.64498329162598	929.0451660156252	796.989685058594	11.66397190093994	995.789733886719	713.9127197265626	-17.1794662475586	924.736511230469	729.2512207031251	23.84619522094727	
101	1	1023.086486816406	893.696228027344	-395.7871398925782	814.0178833007815	913.2062988281252	-296.7882080078126	830.4138183593752	910.4785766601565	-194.6820220947266	1050.9814453125	894.7575683593752	-146.1893615722657	915.951843261719	798.5134277343752	-442.9901428222657	859.2752685546877	432.275604248047	-368.3143615722657	862.812438964844	422.3649902343751	-245.1492614746094	828.4573974609377	379.2192077636719	-369.7089233398438	880.499206542969	358.8302001953126	-321.9833374023438	730.6234741210939	72.52182769775392	-305.9614257812501	757.5067749023439	77.65426635742189	-227.0473632812501	684.6915893554689	31.74463462829591	-249.1093750000001	858.612487792969	19.54158020019532	-258.9430541992188	857.1015625000002	28.57143211364747	-310.5877380371094	796.0842285156252	14.62724781036377	-343.9518432617188	970.5332031250002	793.5003662109377	-75.07444763183595	1109.5927734375	446.149871826172	-132.1260986328125	1096.56982421875	421.5472412109376	-260.2197875976563	1112.822387695313	392.3272705078126	-124.7280502319336	1165.281616210938	399.7343750000001	-172.3027648925782	1207.943725585938	73.89229583740236	-150.2680969238282	1236.585571289063	99.94292449951175	-226.9909820556641	1193.7802734375	14.30880832672119	-209.1227569580079	1355.129638671875	81.22973632812501	-204.1876678466797	1343.833374023438	84.27243041992189	-164.5222778320313	1305.077026367188	42.84220123291016	-119.1844711303711	933.737487792969	1399.536865234375	-249.3490905761719	828.222351074219	1163.898315429688	-268.3333740234376	1093.438842773438	1060.452880859375	-270.4251098632813	1044.720092773438	1313.91552734375	-260.4211120605469	828.597595214844	1213.592651367188	-352.1246948242188	874.0532226562502	1340.976684570313	-357.4016418457032	919.6442871093752	1345.7900390625	-419.342987060547	969.3159179687502	1351.921264648438	-431.2158203125001	970.8182373046877	1042.721069335938	-519.4433593750001	944.9851074218752	1026.372924804688	-446.1862182617189	946.7454833984377	1011.205017089844	-494.3199768066407	1119.99560546875	853.4439697265627	-496.0289916992189	1059.488891601563	832.7374267578127	-542.5714721679689	1161.337768554688	802.2899169921877	-508.9594116210939	1077.142211914063	774.090759277344	-546.0983886718751	826.561706542969	1202.963623046875	-187.1780853271485	873.3178710937502	1325.830444335938	-176.2209777832032	924.6123046875002	1323.574096679688	-105.1921920776367	972.4133300781252	1326.427490234375	-85.98684692382814	920.3590087890627	1012.849426269531	-23.36393928527832	884.034606933594	1006.8916015625	-88.00355529785158	891.2907714843752	986.5867919921877	-42.15540313720704	983.6463623046877	791.0310668945315	-26.5428810119629	936.8392333984377	795.7967529296877	12.68337059020996	1002.719543457031	711.8987426757814	-15.85133743286133	931.7520141601565	728.1033325195314	25.01140785217286	
102	1.01	1033.732788085938	892.354675292969	-395.9611816406251	825.2210083007815	911.904479980469	-295.5548095703126	842.2583007812502	909.007751464844	-193.6616210937501	1062.917602539063	893.005798339844	-146.2479095458985	925.9717407226565	797.5157470703127	-442.4613342285157	867.6795043945315	431.3464355468751	-368.1457824707032	871.4182128906252	421.4620361328126	-245.0562133789063	836.0432739257815	378.6526184082032	-369.4402770996094	887.7342529296877	357.5018005371094	-321.7415161132813	731.6559448242189	74.1416702270508	-306.1873168945313	758.2794799804689	78.8684539794922	-227.1539611816407	684.6329345703126	34.14373779296876	-249.387924194336	858.8830566406252	19.68869018554688	-259.1118774414063	857.3424072265627	28.66489601135255	-310.7624206542969	796.214782714844	14.67238426208496	-343.8916015625001	982.5914306640627	791.8103027343752	-75.01622772216798	1121.217895507813	444.7206115722657	-133.2349090576172	1107.844970703125	420.345672607422	-261.3616027832032	1125.18212890625	390.9769592285157	-126.0358810424805	1177.38818359375	399.2672119140626	-173.9979553222657	1225.080932617188	74.06980895996095	-152.8979034423828	1252.737548828125	100.4937438964844	-229.7222442626954	1211.249877929688	14.40300750732422	-211.7655944824219	1372.110107421875	83.05096435546876	-208.1382904052735	1361.169677734375	85.76670837402345	-168.3978118896485	1323.179077148438	43.90582275390626	-122.8454895019532	945.275085449219	1398.03759765625	-248.9844207763672	839.5665283203127	1162.430786132813	-267.7301635742188	1104.5712890625	1058.885986328125	-270.1204833984376	1056.228759765625	1312.373413085938	-260.0767211914063	839.9302368164065	1212.103637695313	-351.5171508789063	885.4743652343752	1339.445556640625	-356.9440307617188	931.0048828125002	1344.110595703125	-418.9355468750001	980.693298339844	1350.224243164063	-430.8562316894532	983.526550292969	1041.216674804688	-519.2565917968751	957.432067871094	1024.620727539063	-446.1351318359376	959.6214599609377	1009.340759277344	-494.2694091796876	1135.069458007813	853.943542480469	-494.9489746093751	1074.921020507813	832.1130981445315	-541.4874267578126	1177.255981445313	803.4497680664065	-507.6135864257814	1093.614013671875	773.7659912109377	-544.8306884765626	838.055603027344	1201.5390625	-186.6306915283203	884.9003906250002	1324.402709960938	-175.7626953125	936.2158813476565	1322.140258789063	-104.790283203125	984.0535278320315	1324.974365234375	-85.58301544189455	930.4761962890627	1011.685363769531	-22.92981719970703	894.373962402344	1005.714782714844	-87.68981170654298	901.2796020507815	985.6727294921877	-41.77583312988282	991.7998657226565	789.3679199218752	-25.45287322998048	944.945739746094	794.6915283203127	13.72766494750977	1009.954833984375	709.9931640625001	-14.55033016204834	939.1069946289065	727.0464477539064	26.19479942321778	
103	1.02	1044.516357421875	891.1150512695315	-396.141326904297	836.6331787109377	910.6861572265627	-294.2116699218751	854.3239746093752	907.6676025390627	-192.5009765625001	1075.042724609375	891.3780517578127	-146.3365936279297	936.284606933594	796.535339355469	-441.8585510253907	876.7151489257815	430.3746643066407	-368.0524902343751	880.531433105469	420.4903259277345	-245.022201538086	844.210876464844	378.0918884277344	-369.2664184570313	895.5254516601565	356.1056518554688	-321.5821838378907	732.8167724609376	76.10859680175783	-306.6511535644532	759.1342163085939	80.39272308349611	-227.4807281494141	684.5794677734376	36.99517822265626	-249.9194488525391	859.1279296875002	19.82287979125977	-259.2736816406251	857.558044433594	28.7491855621338	-310.9414367675782	796.3684692382815	14.69017696380616	-343.8909912109376	994.9365844726565	790.292907714844	-74.85639953613283	1133.1630859375	443.4371032714845	-134.36767578125	1119.66162109375	419.4519653320314	-262.5588073730469	1137.566772460938	389.7191772460939	-127.41259765625	1189.502563476563	398.5529174804689	-175.6969757080078	1239.4599609375	73.83304595947267	-155.481201171875	1266.300537109375	100.3355331420899	-232.4642181396485	1225.294311523438	14.30668449401856	-214.2402954101563	1386.166381835938	83.17245483398439	-212.1135711669922	1375.591064453125	85.7577362060547	-172.2865753173828	1338.108520507813	43.88110351562501	-126.5026550292969	956.9194946289065	1396.649291992188	-248.4997100830079	851.0076904296877	1161.07275390625	-267.0343017578126	1115.861450195313	1057.45556640625	-269.7700500488282	1067.851806640625	1310.957641601563	-259.6295166015626	851.3887329101565	1210.717895507813	-350.7873535156251	897.0002441406252	1338.023559570313	-356.3510131835938	942.4487304687502	1342.558837890625	-418.4018859863282	992.1464843750002	1348.663940429688	-430.3881225585939	995.9497070312502	1039.830078125	-518.9451293945314	969.6751098632815	1023.005554199219	-445.9544067382814	972.2122802734377	1007.635559082031	-494.0845642089845	1149.662475585938	854.4211425781252	-493.826141357422	1089.820068359375	831.514343261719	-540.2827148437501	1192.63720703125	804.590026855469	-506.272918701172	1109.498779296875	773.4631347656252	-543.4293823242189	849.663024902344	1200.21337890625	-185.964584350586	896.6008300781252	1323.069458007813	-175.1778259277344	947.9483032226565	1320.80615234375	-104.2636260986328	995.8254394531252	1323.62353515625	-85.06369018554689	940.861999511719	1010.605895996094	-22.41841125488282	904.9155273437502	1004.609680175781	-87.28804016113283	911.5357055664065	984.8350830078127	-41.3203353881836	1000.26904296875	787.8204345703127	-24.3752841949463	953.383239746094	793.686462402344	14.79583072662354	1017.518249511719	708.2132568359376	-13.27289772033692	946.821716308594	726.0906982421876	27.39415168762208	
104	1.03	1055.481567382813	889.9765625000002	-396.2970275878907	848.2703857421877	909.5527343750002	-292.8055419921876	866.5994873046877	906.476013183594	-191.2440643310547	1087.353515625	889.927673339844	-146.4287719726563	946.9287109375002	795.567565917969	-441.1850585937501	886.4039306640627	429.368621826172	-368.0562744140626	890.1787109375002	419.4443969726564	-245.0639190673829	852.9719848632815	377.5589904785157	-369.2066040039063	903.8999633789065	354.6436462402344	-321.5484619140626	734.1479492187501	78.47609710693361	-307.3326416015626	760.1634521484376	82.2599563598633	-228.0251007080079	684.6312866210939	40.38246154785157	-250.6565704345704	859.310485839844	19.91148567199707	-259.4012756347657	857.7053833007815	28.796049118042	-311.1018371582032	796.5179443359377	14.69547367095948	-343.9280090332032	1007.556884765625	788.9910888671877	-74.5977020263672	1145.424926757813	442.3330078125001	-135.4996948242188	1131.942016601563	418.865936279297	-263.7655029296876	1150.00927734375	388.5814514160157	-128.8189697265625	1201.642944335938	397.6304016113282	-177.3842926025391	1251.303588867188	73.16004180908205	-157.9364318847657	1277.475708007813	99.46120452880862	-235.1646575927735	1236.13427734375	13.99878978729248	-216.4600982666016	1397.517944335938	81.58218383789064	-216.0742645263672	1387.326538085938	84.22048950195314	-176.1481475830078	1350.095703125	42.74530410766602	-130.0957183837891	968.6700439453127	1395.391967773438	-247.8967285156251	862.543884277344	1159.849487304688	-266.2552185058594	1127.346557617188	1056.1767578125	-269.3700256347657	1079.589965820313	1309.688720703125	-259.0770263671876	862.982360839844	1209.457885742188	-349.9519958496094	908.6400146484377	1336.73291015625	-355.6344299316407	953.998229980469	1341.157592773438	-417.7483215332032	1003.693786621094	1347.264038085938	-429.8139953613282	1008.09228515625	1038.577758789063	-518.5146484375001	981.721130371094	1021.5458984375	-445.6470336914064	984.518005371094	1006.109375	-493.7673645019532	1163.757568359375	854.8640136718752	-492.6775207519532	1104.1591796875	830.937927246094	-538.9736328125001	1207.451782226563	805.6849365234377	-504.959442138672	1124.755981445313	773.1699829101565	-541.9125366210939	861.3821411132815	1199.0029296875	-185.1907653808594	908.4171142578127	1321.846435546875	-174.4722595214844	959.8084106445315	1319.586791992188	-103.6167907714844	1007.725524902344	1322.39111328125	-84.43321228027345	951.5203857421877	1009.621459960938	-21.83402061462403	915.667175292969	1003.589050292969	-86.79846954345705	922.0643310546877	984.082702636719	-40.79158401489259	1009.071594238281	786.400817871094	-23.30802536010743	962.1691894531252	792.7915039062502	15.88723945617676	1025.43310546875	706.5733032226564	-12.01543807983399	954.9157714843752	725.2441406250001	28.60710525512696	
105	1.04	1066.669921875	888.9397583007815	-396.3917846679689	860.140563964844	908.5013427734377	-291.3904724121094	879.064147949219	905.4495849609377	-189.9413146972657	1099.8388671875	888.7109985351565	-146.4942016601563	957.939392089844	794.601501464844	-440.4470214843751	896.7797851562502	428.3325805664064	-368.1804199218751	900.413024902344	418.3093261718751	-245.2025299072266	862.3543701171877	377.0716552734376	-369.2810058593751	912.8981933593752	353.1172485351563	-321.6872558593751	735.7135620117189	81.29197692871095	-308.2020263671876	761.4842529296876	84.49326324462892	-228.7776184082032	684.9203491210939	44.39111709594727	-251.5397949218751	859.389099121094	19.92245674133301	-259.4642333984376	857.7415771484377	28.77701568603516	-311.2152099609376	796.6392822265627	14.71817207336426	-343.9761962890626	1020.430358886719	787.9456787109377	-74.24529266357423	1157.980712890625	441.4392700195314	-136.6019439697266	1144.5791015625	418.5761108398439	-264.9266967773438	1162.5322265625	387.5947265625001	-130.2091064453125	1213.812866210938	396.5533142089845	-179.0421905517578	1260.912475585938	72.08849334716798	-160.1863250732422	1286.52783203125	97.9344177246094	-237.7685546875001	1244.104858398438	13.50981616973877	-218.3510437011719	1406.458129882813	78.38696289062501	-219.9776000976563	1396.6826171875	81.24244689941408	-179.9376831054688	1359.459716796875	40.57270050048829	-133.559814453125	980.5219726562502	1394.282958984375	-247.1809082031251	874.1743164062502	1158.781860351563	-265.4036254882813	1139.0576171875	1055.064575195313	-268.9171447753907	1091.439819335938	1308.584838867188	-258.4202880859376	874.7153930664065	1208.3427734375	-349.0316162109376	920.3979492187502	1335.592895507813	-354.8102416992188	965.669372558594	1339.926879882813	-416.9857482910157	1015.349060058594	1346.044921875	-429.1398315429689	1019.965270996094	1037.473999023438	-517.9714965820314	993.5791015625002	1020.260009765625	-445.214813232422	996.5449829101565	1004.778076171875	-493.3193969726564	1177.341674804688	855.2561645507815	-491.519012451172	1117.91650390625	830.3807373046877	-537.5792846679689	1221.673095703125	806.7019042968752	-503.691375732422	1139.348999023438	772.8732910156252	-540.3016967773439	873.209411621094	1197.920166015625	-184.3233337402344	920.3433227539065	1320.74658203125	-173.6557006835938	971.7919921875002	1318.494384765625	-102.8580627441407	1019.7451171875	1321.291381835938	-83.69992828369142	962.452331542969	1008.740112304688	-21.18245124816895	926.6376953125002	1002.663391113281	-86.22316741943361	932.8687744140627	983.4226074218752	-40.19328689575196	1018.224304199219	785.1192626953127	-22.24697303771973	971.3199462890627	792.0144042968752	17.00154304504395	1033.723022460938	705.0851440429689	-10.77450275421143	963.408142089844	724.5131835937501	29.83148002624512	
106	1.05	1078.115600585938	888.006042480469	-396.3861694335939	872.2422485351565	907.5259399414065	-290.0238647460938	891.688659667969	904.6040039062502	-188.6445770263672	1112.478515625	887.7830200195315	-146.501937866211	969.3472900390627	793.6206665039065	-439.6534729003907	907.888610839844	427.2664489746095	-368.4490051269532	911.315368652344	417.0604553222657	-245.4644317626954	872.4028320312502	376.6415100097657	-369.5107727050782	922.5731201171877	351.5281677246094	-322.0469970703126	737.6019287109376	84.59451293945314	-309.2232360839844	763.2357177734376	87.10440826416017	-229.7237548828126	685.6079101562501	49.10237884521486	-252.5028991699219	859.3242187500002	19.82963562011719	-259.4331054687501	857.632507324219	28.6681079864502	-311.2508239746094	796.719909667969	14.80584526062012	-344.0080871582032	1033.52490234375	787.193054199219	-73.8053436279297	1170.792236328125	440.7827758789064	-137.6440887451172	1157.446044921875	418.5632324218751	-265.9853820800782	1175.146240234375	386.7904663085939	-131.5348358154297	1226.001708984375	395.3851318359376	-180.6513214111328	1268.63525390625	70.7045364379883	-162.1645660400391	1293.762573242188	95.87815093994142	-240.2218780517579	1249.625732421875	12.90790843963623	-219.8579864501954	1413.329956054688	73.80124664306642	-223.7760772705079	1404.016723632813	77.01482391357423	-183.6045532226563	1366.580200195313	37.52382278442384	-136.8268585205078	992.4667968750002	1393.336547851563	-246.3618164062501	885.8995361328127	1157.88623046875	-264.4921875000001	1151.015869140625	1054.13427734375	-268.4087219238282	1103.392456054688	1307.661376953125	-257.6643066406251	886.5864257812502	1207.389038085938	-348.0504760742188	932.2729492187502	1334.619750976563	-353.8983764648438	977.4705810546877	1338.883911132813	-416.1296386718751	1027.121215820313	1345.02392578125	-428.3751220703126	1031.584838867188	1036.530883789063	-517.3225097656251	1005.259033203125	1019.166015625	-444.6588439941407	1008.304748535156	1003.654479980469	-492.7423095703126	1190.405029296875	855.5793457031252	-490.3645935058595	1131.07568359375	829.8402099609377	-536.1207275390626	1235.27880859375	807.6038818359377	-502.4821166992189	1153.24560546875	772.5601196289065	-538.6211547851564	885.1395263671877	1196.973999023438	-183.379867553711	932.369323730469	1319.780395507813	-172.7423553466797	983.8907470703127	1317.538330078125	-101.9996948242188	1031.869384765625	1320.3369140625	-82.87630462646486	973.656188964844	1007.968627929688	-20.47097206115723	937.8355712890627	1001.841247558594	-85.56631469726564	943.9501953125002	982.8599243164065	-39.5302848815918	1027.743041992188	783.985046386719	-21.18659019470215	980.851257324219	791.361267089844	18.13853263854981	1042.411743164063	703.7579956054689	-9.546859741210939	972.3178710937502	723.9028930664064	31.06564712524415	
107	1.06	1089.841796875	887.1770019531252	-396.2410583496095	884.5637207031252	906.618835449219	-288.7616577148438	904.4362792968752	903.9539184570315	-187.4021759033203	1125.243530273438	887.1929321289065	-146.4231414794922	981.175231933594	792.6047363281252	-438.8154602050782	919.7847900390627	426.1663818359376	-368.8853454589844	922.9926757812502	415.6654052734376	-245.8809967041016	883.1782836914065	376.2727966308594	-369.9172058105469	932.987731933594	349.8794250488282	-322.6743469238282	739.9252319335939	88.40893554687501	-310.3572998046876	765.5737915039064	90.09291839599611	-230.8455352783204	686.8787841796876	54.58532714843751	-253.4785308837891	859.088806152344	19.61842918395996	-259.2848510742188	857.3632812500002	28.45522499084473	-311.1802978515626	796.766784667969	15.02496147155762	-343.9989318847657	1046.79833984375	786.7632446289065	-73.2838592529297	1183.808471679688	440.3835449218751	-138.5979766845703	1170.407104492188	418.8032226562501	-266.8899230957032	1187.84716796875	386.1964721679689	-132.7508850097657	1238.184692382813	394.1927490234376	-182.1918029785157	1274.838012695313	69.12621307373048	-163.8220520019532	1299.500732421875	93.45678710937501	-242.4762420654297	1253.165649414063	12.28097534179688	-220.9492645263672	1418.499633789063	68.12508392333986	-227.4179840087891	1409.706909179688	71.81296539306642	-187.093017578125	1371.864135742188	33.82541656494141	-139.82861328125	1004.491577148438	1392.563842773438	-245.4534759521485	897.7210693359377	1157.17333984375	-263.5363769531251	1163.229736328125	1053.400268554688	-267.8429565429688	1115.434692382813	1306.930053710938	-256.8186035156251	898.588073730469	1206.609130859375	-347.0360717773438	944.2581787109377	1333.826538085938	-352.9224548339844	989.4019775390627	1338.04296875	-415.1997375488282	1039.012939453125	1344.214599609375	-427.5330505371095	1042.971313476563	1035.758666992188	-516.5753173828126	1016.770935058594	1018.281555175781	-443.9799194335939	1019.812438964844	1002.748474121094	-492.0388183593751	1202.940795898438	855.814392089844	-489.2254333496095	1143.626342773438	829.3148193359377	-534.6196289062501	1248.251098632813	808.351257324219	-501.3395385742189	1166.419067382813	772.2193603515627	-536.8970947265626	897.164733886719	1196.170043945313	-182.3819274902344	944.4803466796877	1318.955810546875	-171.7511749267578	996.0913696289065	1316.72509765625	-101.0579986572266	1044.077026367188	1319.538452148438	-81.97886657714845	985.1282348632815	1007.312683105469	-19.70814323425293	949.2678222656252	1001.129272460938	-84.83432769775392	955.3076782226565	982.3986816406252	-38.80855941772462	1037.642211914063	783.006530761719	-20.1207389831543	990.778259277344	790.8370361328127	19.29796409606934	1051.523803710938	702.5994262695314	-8.32944965362549	981.6643066406252	723.4179687500001	32.30884170532227	
108	1.07	1101.857543945313	886.4533691406252	-395.9210815429689	897.0828857421877	905.7717895507815	-287.6535339355469	917.2647705078127	903.5120239257815	-186.2547607421875	1138.097412109375	886.9788818359377	-146.2333984375	993.435729980469	791.5323486328127	-437.9453430175782	932.526306152344	425.026336669922	-369.5099487304688	935.5716552734377	414.088104248047	-246.4867706298829	894.7530517578127	375.9624938964844	-370.5202636718751	944.2109985351565	348.1769104003907	-323.6094665527344	742.8173828125001	92.74475860595705	-311.5654907226563	768.664489746094	93.44580078125001	-232.1227264404297	688.9337158203126	60.88806533813478	-254.4035339355469	858.6806640625002	19.29121780395508	-259.0086669921876	856.9495239257815	28.13961601257325	-310.9831237792969	796.815612792969	15.46011066436768	-343.9309082031251	1060.200073242188	786.6770629882815	-72.68604278564455	1196.966918945313	440.2510986328126	-139.4410552978516	1183.326538085938	419.269012451172	-267.6008911132813	1200.612548828125	385.831756591797	-133.8198394775391	1250.323486328125	393.0387268066407	-183.6443786621094	1279.87158203125	67.48458099365236	-165.1321716308594	1304.052978515625	90.85447692871095	-244.4937896728516	1255.203002929688	11.7180814743042	-221.6197204589844	1422.328491210938	61.7140579223633	-230.8495483398438	1414.121826171875	65.96829986572267	-190.3448638916016	1375.713256835938	29.74395751953126	-142.5013275146485	1016.579711914063	1391.972290039063	-244.474349975586	909.640319824219	1156.648681640625	-262.5550231933594	1175.693603515625	1052.875244140625	-267.2185974121094	1127.548095703125	1306.39892578125	-255.8972778320313	910.706970214844	1206.012573242188	-346.0183105468751	956.3411254882815	1333.222900390625	-351.9090270996094	1001.455017089844	1337.415283203125	-414.2192993164064	1051.020874023438	1343.626953125	-426.6299133300782	1054.1474609375	1035.166137695313	-515.7382812500001	1028.124389648438	1017.622985839844	-443.1796264648439	1031.085083007813	1002.067993164063	-491.2136230468751	1214.944702148438	855.9423828125002	-488.1092529296876	1155.564453125	828.8041992187502	-533.0973510742189	1260.577392578125	808.9048461914065	-500.2654113769532	1178.848754882813	771.842224121094	-535.1561889648439	909.2742919921877	1195.511474609375	-181.354721069336	956.6571044921877	1318.278930664063	-170.7056274414063	1008.375427246094	1316.0595703125	-100.0531387329102	1056.340698242188	1318.904907226563	-81.02771759033205	996.8626708984377	1006.77734375	-18.90349388122559	960.9387207031252	1000.532531738281	-84.0357131958008	966.9381103515627	982.041687011719	-38.0350570678711	1047.935668945313	782.1915283203127	-19.04357337951661	1001.115783691406	790.445739746094	20.47933387756348	1061.083862304688	701.6157836914064	-7.119343280792238	991.466979980469	723.0622558593751	33.5613136291504	
109	1.08	1114.156372070313	885.8340454101565	-395.397674560547	909.7678833007815	904.9777832031252	-286.7383117675782	930.1284179687502	903.2874755859377	-185.2321472167969	1150.998168945313	887.1636962890627	-145.9143371582032	1006.127746582031	790.3847656250002	-437.0552978515626	946.1672973632815	423.8407287597657	-370.3376464843751	949.1897583007815	412.2951965332032	-247.3161773681641	907.2047119140627	375.7016601562501	-371.3358459472657	956.311218261719	346.4309082031251	-324.8811035156251	746.4286499023439	97.594108581543	-312.8117675781251	772.6753540039065	97.13802337646487	-233.5334014892579	691.9782714843751	68.02870178222658	-255.2236328125001	858.1361083984377	18.87165451049805	-258.6119079589844	856.448425292969	27.74268150329591	-310.6529541015626	796.9383544921877	16.21076202392578	-343.7967834472657	1073.67236328125	786.9437255859377	-72.01613616943361	1210.194213867188	440.3806457519532	-140.1589965820313	1196.07763671875	419.9311828613282	-268.0963745117188	1213.39794921875	385.7019042968751	-134.7163543701172	1262.365478515625	391.9734802246095	-184.9918212890625	1284.04541015625	65.90528106689455	-166.0936889648438	1307.697631835938	88.25294494628908	-246.2513885498047	1256.189331054688	11.29334831237793	-221.8912506103516	1425.149169921875	54.945125579834	-234.0189819335938	1417.594360351563	59.83559417724611	-193.3038177490235	1378.494873046875	25.55648231506348	-144.7916107177735	1028.710815429688	1391.5654296875	-243.4469604492188	921.656433105469	1156.311401367188	-261.5703735351563	1188.386840820313	1052.568603515625	-266.5353698730469	1139.710571289063	1306.071044921875	-254.9188079833985	922.9241333007815	1205.604370117188	-345.0281982421876	968.5040283203127	1332.814453125	-350.8865356445313	1013.612976074219	1337.0078125	-413.2141723632814	1063.135131835938	1343.266357421875	-425.684783935547	1065.13720703125	1034.759521484375	-514.8209838867189	1039.328369140625	1017.203552246094	-442.261688232422	1042.14013671875	1001.618774414063	-490.2744750976564	1226.414672851563	855.9456176757815	-487.0197143554689	1166.893310546875	828.3089599609377	-531.5739135742189	1272.250366210938	809.227722167969	-499.2550659179689	1190.521362304688	771.4233398437502	-533.4249267578126	921.4543457031252	1194.998413085938	-180.3265228271485	968.8763427734377	1317.75341796875	-169.6328277587891	1020.71923828125	1315.5439453125	-99.0085144042969	1068.628051757813	1318.442993164063	-80.04575347900392	1008.851135253906	1006.3671875	-18.06703758239746	972.8489990234377	1000.054138183594	-83.18071746826173	978.8357543945315	981.790710449219	-37.21740341186524	1058.63623046875	781.5472412109377	-17.95035362243653	1011.877807617188	790.1902465820315	21.68161582946778	1071.1171875	700.8123168945314	-5.913759708404542	1001.745788574219	722.8390502929689	34.82422637939454	
110	1.09	1126.7158203125	885.315124511719	-394.6520996093751	922.578063964844	904.2319335937502	-286.0400390625001	942.980895996094	903.2840576171877	-184.3513641357422	1163.901245117188	887.7510375976565	-145.4546051025391	1019.234252929688	789.150085449219	-436.1564025878907	960.750671386719	422.6075439453126	-371.3744812011719	963.9819946289065	410.2632446289064	-248.3989715576172	920.6074218750002	375.4778747558594	-372.3728637695313	969.3499755859377	344.6576538085938	-326.5014648437501	750.9186401367189	102.931137084961	-314.0644226074219	777.7658691406252	101.1339187622071	-235.0541992187501	696.2105102539064	75.98727416992189	-255.8971252441407	857.543151855469	18.40702819824219	-258.1250305175782	855.9683227539065	27.30917930603028	-310.2032470703126	797.2490234375002	17.38529586791993	-343.6030273437501	1087.153076171875	787.5581665039065	-71.27771759033205	1223.404663085938	440.7498474121095	-140.7474060058594	1208.546997070313	420.7576599121095	-268.3747253417969	1226.134155273438	385.7950134277345	-135.4296569824219	1274.24462890625	391.0296020507814	-186.22021484375	1287.609130859375	64.49337768554689	-166.7311401367188	1310.666259765625	85.81203460693361	-247.743148803711	1256.519897460938	11.05495357513428	-221.8106536865235	1427.247192382813	48.18255996704103	-236.881332397461	1420.402954101563	53.75965499877931	-195.9211578369141	1380.521850585938	21.52260780334473	-146.6624908447266	1040.861694335938	1391.342407226563	-242.3970184326172	933.764099121094	1156.15576171875	-260.6076354980469	1201.274658203125	1052.484375	-265.7938537597657	1151.897338867188	1305.944458007813	-253.9055786132813	935.215515136719	1205.3857421875	-344.0959777832032	980.724548339844	1332.602416992188	-349.8836669921876	1025.851684570313	1336.823364257813	-412.2113342285157	1075.339233398438	1343.1328125	-424.7185058593751	1075.963623046875	1034.542602539063	-513.8344726562501	1050.39013671875	1017.032043457031	-441.2332458496095	1052.994384765625	1001.403747558594	-489.2330322265626	1237.351440429688	855.8081054687502	-485.956268310547	1177.622924804688	827.8302001953127	-530.0679321289064	1283.2685546875	809.288024902344	-498.2973937988282	1201.432739257813	770.9606933593752	-531.7282714843751	933.6873779296877	1194.629150390625	-179.3270721435547	981.1119384765627	1317.38037109375	-168.5621337890625	1033.095092773438	1315.1787109375	-97.94979095458987	1080.904418945313	1318.156860351563	-79.05753326416017	1021.083129882813	1006.085815429688	-17.20865058898926	984.9946899414065	999.695007324219	-82.28060913085939	990.9919433593752	981.645935058594	-36.36346054077149	1069.75634765625	781.0798950195315	-16.83809852600098	1023.0771484375	790.071960449219	22.90291976928711	1081.649291992188	700.1938476562501	-4.710210323333741	1012.5205078125	722.7502441406251	36.09930801391602	
111	1.1	1139.497924804688	884.890075683594	-393.6776428222657	935.466003417969	903.5334472656252	-285.5650329589844	955.7779541015627	903.4982910156252	-183.6160278320313	1176.762329101563	888.723083496094	-144.8502807617188	1032.720458984375	787.827575683594	-435.2574157714845	976.3000488281252	421.3317871093751	-372.6152343750001	980.0657348632815	407.986785888672	-249.7550201416016	935.0225830078127	375.2791137695313	-373.6299133300782	983.3746337890627	342.8805847167969	-328.4617614746094	756.4472656250001	108.7124710083008	-315.2965698242188	784.078308105469	105.3891906738282	-236.6599884033204	701.8078613281251	84.69976806640626	-256.3972473144532	857.0517578125002	17.96782684326172	-257.6046142578126	855.674499511719	26.90794181823731	-309.6716308593751	797.9064941406252	19.0924129486084	-343.3716735839844	1100.580078125	788.5000000000002	-70.47429656982423	1236.499633789063	441.3178100585939	-141.2118072509766	1220.6376953125	421.7130737304689	-268.4541625976563	1238.725708007813	386.0804443359376	-135.9640350341797	1285.88232421875	390.2186279296876	-187.3199310302735	1290.744506835938	63.32328033447267	-167.0916900634766	1313.136474609375	83.65526580810548	-248.9806518554688	1256.513427734375	11.02047252655029	-221.4449615478516	1428.8515625	41.74821090698243	-239.4033966064454	1422.7626953125	48.04553222656251	-198.1611938476563	1382.041137695313	17.86116790771485	-148.098617553711	1053.007202148438	1391.298095703125	-241.3520965576172	945.9517211914065	1156.1708984375	-259.6934204101563	1214.30908203125	1052.619750976563	-264.9959411621094	1164.081787109375	1306.011962890625	-252.8830566406251	947.5526123046877	1205.35302734375	-343.2487487792969	992.9760742187502	1332.582885742188	-348.9277343750001	1038.14013671875	1336.859130859375	-411.2373657226564	1087.610595703125	1343.220458984375	-423.7528076171876	1086.647583007813	1034.514892578125	-512.7913818359376	1061.315795898438	1017.110473632813	-440.1058654785157	1063.662353515625	1001.422119140625	-488.104949951172	1247.7587890625	855.5166015625002	-484.914276123047	1187.770629882813	827.3695068359377	-528.5963134765626	1293.635620117188	809.0600585937502	-497.3754272460939	1211.587768554688	770.4552001953127	-530.0890502929689	945.9526367187502	1194.400268554688	-178.3854064941407	993.3363037109377	1317.159057617188	-167.5230865478516	1045.471923828125	1314.962280273438	-96.9035339355469	1093.135131835938	1318.046997070313	-78.08789062500001	1033.544921875	1005.935485839844	-16.33741760253907	997.366638183594	999.4532470703127	-81.34686279296876	1003.39453125	981.6057739257815	-35.48083877563477	1081.30810546875	780.7947387695315	-15.70604038238526	1034.724731445313	790.090270996094	24.14011383056641	1092.704956054688	699.7647094726564	-3.506808519363404	1023.81005859375	722.7959594726564	37.38818359375001	
112	1.11	1152.451904296875	884.5501708984377	-392.4812316894532	948.3795166015627	902.886169433594	-285.3003845214844	968.4797363281252	903.9188232421877	-183.0167999267578	1189.540893554688	890.0403442382815	-144.1046142578125	1046.532958984375	786.4313964843752	-434.3643188476564	992.8145141601565	420.0287475585939	-374.0412902832032	997.5251464843752	405.4853820800782	-251.3890686035157	950.490661621094	375.0980529785157	-375.0927734375001	998.4131469726565	341.1312866210938	-330.7297668457032	763.1651611328126	114.8785476684571	-316.4863281250001	791.7291259765627	109.8535919189453	-238.3238677978516	708.9143676757814	94.05517578125001	-256.7132873535157	856.8792114257815	17.64389801025391	-257.1333923339844	855.7897949218752	26.62935066223145	-309.1218566894532	799.1126708984377	21.4304428100586	-343.1404724121094	1113.89453125	789.733337402344	-69.61006927490236	1249.367553710938	442.026580810547	-141.5660095214844	1232.2685546875	422.7582092285157	-268.3692626953126	1251.053344726563	386.5101318359376	-136.3369903564453	1297.189208984375	389.5314025878907	-188.2860260009766	1293.5673828125	62.4343948364258	-167.2393646240235	1315.23388671875	81.86177825927736	-249.9908752441407	1256.403686523438	11.17831134796143	-220.8746032714844	1430.1328125	35.89907836914063	-241.5675811767579	1424.82373046875	42.9355812072754	-200.0057678222657	1383.232666015625	14.73385906219483	-149.1091918945313	1065.121459960938	1391.423706054688	-240.3400878906251	958.1997680664065	1156.3427734375	-258.8535766601563	1227.432006835938	1052.964721679688	-264.1455383300782	1176.236938476563	1306.261840820313	-251.8784942626954	959.903991699219	1205.498413085938	-342.5077819824219	1005.22900390625	1332.74755859375	-348.0424194335938	1050.442504882813	1337.106201171875	-410.3166809082032	1099.920532226563	1343.516357421875	-422.809295654297	1097.206909179688	1034.670776367188	-511.7060546875001	1072.109008789063	1017.433044433594	-438.8961486816407	1074.15673828125	1001.66845703125	-486.9095458984376	1257.643310546875	855.060729980469	-483.8858032226564	1197.36083984375	826.928405761719	-527.1744384765626	1303.36083984375	808.5262451171877	-496.4671020507814	1221.00244140625	769.9107666015627	-528.5274658203126	958.2261962890627	1194.307495117188	-177.5269165039063	1005.522033691406	1317.08642578125	-166.5430603027344	1057.818481445313	1314.8916015625	-95.89556884765626	1105.288940429688	1318.110717773438	-77.16042327880861	1046.22021484375	1005.916809082031	-15.46105003356934	1009.950561523438	999.3242797851565	-80.39015960693361	1016.028198242188	981.6665039062502	-34.57637786865235	1093.302856445313	780.6951293945315	-14.55592060089112	1046.828735351563	790.2419433593752	25.38840293884278	1104.308471679688	699.5289306640626	-2.30275559425354	1035.6318359375	722.9739990234376	38.69155502319337	
113	1.12	1165.5166015625	884.2861328125002	-391.0841369628907	961.2644042968752	902.3001708984377	-285.2143249511719	981.053161621094	904.526062011719	-182.532958984375	1202.202514648438	891.6433715820315	-143.2275848388672	1060.600830078125	784.9929199218752	-433.4801635742189	1010.264770507813	418.726531982422	-375.6203613281251	1016.396240234375	402.8086853027345	-253.2867279052735	967.023864746094	374.9367065429688	-376.7329406738282	1014.47021484375	339.4496765136719	-333.2495727539063	771.2042236328127	121.3555908203125	-317.6162109375001	800.803161621094	114.4736404418946	-240.0172424316407	717.6311035156251	103.8964385986328	-256.8504028320313	857.308532714844	17.53698921203614	-256.8166198730469	856.5896606445315	26.57916450500489	-308.6421813964844	801.106628417969	24.4754810333252	-342.9611816406251	1127.044799804688	791.2082519531252	-68.69065093994142	1261.88525390625	442.8057556152345	-141.8292541503907	1243.373168945313	423.8507080078126	-268.1649780273438	1262.97998046875	387.0231323242189	-136.5756530761719	1308.070556640625	388.9417724609376	-189.1179504394532	1296.137573242188	61.83212280273439	-167.2471466064453	1317.039428710938	80.46490478515626	-250.8119354248047	1256.342041015625	11.49379539489746	-220.185287475586	1431.20703125	30.81411933898926	-243.3738403320313	1426.6787109375	38.59533691406251	-201.4567260742188	1384.215698242188	12.23698711395264	-149.728012084961	1077.179809570313	1391.707885742188	-239.3872985839844	970.481140136719	1156.654663085938	-258.1101684570313	1240.57763671875	1053.50146484375	-263.2494201660157	1188.337036132813	1306.6787109375	-250.9195251464844	972.2359619140627	1205.81005859375	-341.8861999511719	1017.45166015625	1333.083862304688	-347.2460937500001	1062.71923828125	1337.550048828125	-409.4700012207032	1112.235473632813	1344.001953125	-421.9084472656251	1107.6552734375	1034.9990234375	-510.5939025878907	1082.771362304688	1017.985473632813	-437.6253051757814	1084.488037109375	1002.131958007813	-485.6688537597657	1267.015869140625	854.434020996094	-482.8607177734376	1206.423950195313	826.5084228515627	-525.8169555664064	1312.4580078125	807.6775512695315	-495.547088623047	1229.703369140625	769.3334960937502	-527.0607299804689	970.4821777343752	1194.347412109375	-176.7704010009766	1017.643981933594	1317.158813476563	-165.6448669433594	1070.104614257813	1314.963256835938	-94.94913482666017	1117.341552734375	1318.341552734375	-76.2960662841797	1059.08984375	1006.028442382813	-14.58549022674561	1022.727172851563	999.3010864257815	-79.41944122314455	1028.874389648438	981.8223876953127	-33.65577697753907	1105.750732421875	780.782897949219	-13.3921709060669	1059.3935546875	790.5213623046877	26.64091491699219	1116.481567382813	699.4902954101564	-1.098993182182312	1048.000366210938	723.2800903320314	40.00822830200196	
114	1.13	1178.625	884.0906372070315	-389.521453857422	974.0672607421877	901.791931152344	-285.2583618164063	993.4732666015627	905.2940063476565	-182.1346893310547	1214.720581054688	893.4571533203127	-142.2349853515625	1074.838623046875	783.561218261719	-432.6056213378907	1028.59326171875	417.467254638672	-377.3078308105469	1036.655883789063	400.038055419922	-255.4124450683594	984.6016235351565	374.8104553222657	-378.5077819824219	1031.52587890625	337.8835449218751	-335.9445495605469	780.6691894531252	128.0577392578125	-318.6728515625001	811.350280761719	119.1949005126953	-241.7107391357422	728.0096435546876	114.0254974365235	-256.8280944824219	858.6784667968752	17.74999427795411	-256.7743225097657	858.3898925781252	26.86879348754884	-308.3399658203126	804.1536865234377	28.2695655822754	-342.8957824707032	1139.989379882813	792.8638916015627	-67.72364807128908	1273.924194335938	443.5794372558595	-142.0225677490235	1253.897583007813	424.946746826172	-267.8895263671876	1274.360961914063	387.552215576172	-136.7120208740235	1318.431030273438	388.4125366210939	-189.8185729980469	1298.473266601563	61.49300384521486	-167.1882019042969	1318.60009765625	79.45641326904298	-251.4877166748047	1256.406372070313	11.91784954071045	-219.4598236083985	1432.145141601563	26.59058380126954	-244.8392181396485	1428.373168945313	35.10898590087891	-202.535873413086	1385.059692382813	10.4012680053711	-150.0101470947266	1089.159912109375	1392.138549804688	-238.5168609619141	982.7627563476565	1157.09033203125	-257.4783020019532	1253.676391601563	1054.205932617188	-262.3182067871094	1200.358642578125	1307.245239257813	-250.0324096679688	984.514099121094	1206.2734375	-341.3868713378907	1029.61181640625	1333.575927734375	-346.5502014160157	1074.929443359375	1338.17041015625	-408.7130126953126	1124.517456054688	1344.652587890625	-421.0688476562501	1118.001342773438	1035.483032226563	-509.4709472656251	1093.30126953125	1018.745788574219	-436.3182983398439	1094.664428710938	1002.796325683594	-484.4058837890626	1275.890747070313	853.6346435546877	-481.8280639648439	1214.995727539063	826.1115722656252	-524.5375976562501	1320.945190429688	806.514831542969	-494.5886535644532	1237.727172851563	768.7315063476565	-525.7031250000001	982.6937255859377	1194.517944335938	-176.1252746582032	1029.6806640625	1317.372436523438	-164.8446807861328	1082.304443359375	1315.173706054688	-94.08322906494142	1129.277465820313	1318.731201171875	-75.51184082031251	1072.13232421875	1006.267578125	-13.71476936340332	1035.673095703125	999.3748779296877	-78.44126892089845	1041.912231445313	982.0662841796877	-32.72341537475587	1118.659912109375	781.0585937500002	-12.2220687866211	1072.419189453125	790.920837402344	27.88838958740235	1129.24267578125	699.6530761718751	0.101023443043232	1060.926513671875	723.7079467773439	41.33423614501954	
115	1.14	1191.707397460938	883.961364746094	-387.8406372070314	986.7387695312502	901.384460449219	-285.3713989257813	1005.724182128906	906.1922607421877	-181.7861022949219	1227.077026367188	895.3967895507815	-141.1475830078125	1089.150146484375	782.200866699219	-431.7400817871095	1047.717529296875	416.3067626953126	-379.0501708984376	1058.215454101563	397.2845458984376	-257.7101135253907	1003.169677734375	374.7501525878907	-380.3627929687501	1049.536987304688	336.4873657226563	-338.7235412597657	791.632019042969	134.8891754150391	-319.6470336914063	823.386169433594	123.9630813598633	-243.3757629394532	740.0508422851564	124.2121963500977	-256.6781311035157	861.3647460937502	18.37395286560059	-257.1298828125001	861.5290527343752	27.6026840209961	-308.3321838378907	808.5310668945315	32.81031799316407	-343.0108947753907	1152.698486328125	794.632995605469	-66.71896362304689	1285.357177734375	444.2743225097657	-142.1652221679688	1263.79931640625	426.0040588378907	-267.5873413085938	1285.056518554688	388.0317687988282	-136.7779235839844	1328.182250976563	387.9023437500001	-190.3926391601563	1300.5673828125	61.37256622314455	-167.1279296875	1319.940795898438	78.79505157470705	-252.0622558593751	1256.616943359375	12.39623546600342	-218.7708282470704	1432.983520507813	23.24904823303223	-245.995101928711	1429.919311523438	32.48376846313477	-203.2824707031251	1385.7978515625	9.198631286621096	-150.0255737304688	1101.043823242188	1392.704345703125	-237.7471466064454	995.0081787109377	1157.635131835938	-256.9631958007813	1266.659301757813	1055.050170898438	-261.3670349121094	1212.281494140625	1307.943969726563	-249.2402496337891	996.7047119140627	1206.87255859375	-341.0014953613282	1041.678344726563	1334.20654296875	-345.9586791992188	1087.033935546875	1338.943359375	-408.0554504394532	1136.726196289063	1345.4404296875	-420.3062744140626	1128.2490234375	1036.101318359375	-508.352752685547	1103.69482421875	1019.685668945313	-435.0017395019532	1104.692016601563	1003.640747070313	-483.1430969238282	1284.286499023438	852.6665649414065	-480.777557373047	1223.114868164063	825.7409667968752	-523.3495483398439	1328.84423828125	805.0487060546877	-493.566375732422	1245.119995117188	768.1152343750002	-524.4660034179689	994.8347167968752	1194.81982421875	-175.5898132324219	1041.615966796875	1317.72509765625	-164.1505889892578	1094.398071289063	1315.521362304688	-93.31115722656251	1141.091796875	1319.269897460938	-74.81998443603517	1085.325561523438	1006.630249023438	-12.85117626190186	1048.762451171875	999.5366821289065	-77.4595413208008	1055.119506835938	982.3906860351565	-31.78239631652833	1132.0361328125	781.521911621094	-11.05586528778076	1085.900634765625	791.4320068359377	29.11902809143067	1142.604614257813	700.0223999023439	1.29051673412323	1074.416259765625	724.2509155273439	42.6621208190918	
116	1.15	1204.695922851563	883.9039306640627	-386.0986633300782	999.2364501953127	901.1059570312502	-285.4856567382813	1017.798706054688	907.1892089843752	-181.4486236572266	1239.26220703125	897.374938964844	-139.9898376464844	1103.435302734375	780.9878540039065	-430.8829956054689	1067.5361328125	415.311981201172	-380.7898254394532	1080.921875	394.6819152832032	-260.1067504882813	1022.642333984375	374.8021545410157	-382.2357788085938	1068.440795898438	335.3198852539063	-341.4895019531251	804.1289062500002	141.7455749511719	-320.5341491699219	836.8963012695315	128.7236480712891	-244.9868774414063	753.7091064453126	134.2062072753907	-256.4417114257813	865.7536621093752	19.47446823120118	-257.9955139160157	866.3455810546877	28.86413955688477	-308.7324523925782	814.5103149414065	38.04343032836915	-343.3708496093751	1165.153198242188	796.4465942382815	-65.68890380859376	1296.068481445313	444.8275756835939	-142.271728515625	1273.048706054688	426.9859313964845	-267.2931213378907	1294.944580078125	388.4051513671876	-136.8006439208985	1337.248779296875	387.3723754882814	-190.8449859619141	1302.402099609375	61.41431427001955	-167.1176147460938	1321.074829101563	78.41759490966798	-252.5747680664063	1256.953369140625	12.87772464752198	-218.175277709961	1433.734985351563	20.74527359008789	-246.8827819824219	1431.309448242188	30.66167640686036	-203.7485351562501	1386.439575195313	8.55428981781006	-149.8511962890625	1112.818481445313	1393.395751953125	-237.0908355712891	1007.181213378906	1158.277954101563	-256.5585937500001	1279.461791992188	1056.005126953125	-260.4159851074219	1224.090087890625	1308.759155273438	-248.5613555908204	1008.776489257813	1207.591430664063	-340.7109680175782	1053.622802734375	1334.958251953125	-345.4678039550782	1098.996826171875	1339.84228515625	-407.5009155273439	1148.821044921875	1346.335815429688	-419.6333312988282	1138.3974609375	1036.830322265625	-507.2534484863282	1113.945678710938	1020.7734375	-433.701873779297	1114.5751953125	1004.641357421875	-481.9005126953126	1292.225341796875	851.5401611328127	-479.7011718750001	1230.821533203125	825.4016723632815	-522.2651367187501	1336.179565429688	803.3003540039065	-492.4587707519532	1251.934448242188	767.4973754882814	-523.3579711914064	1006.881103515625	1195.2568359375	-175.1507720947266	1053.439331054688	1318.216674804688	-163.5621032714844	1106.373413085938	1316.007202148438	-92.63976287841798	1152.789794921875	1319.949340820313	-74.2275848388672	1098.64697265625	1007.11279296875	-11.99566650390625	1061.968017578125	999.7791748046877	-76.47573089599611	1068.473388671875	982.7891235351565	-30.83483886718751	1145.880615234375	782.1729736328127	-9.906888008117678	1099.82763671875	792.0471191406252	30.31861686706544	1156.573608398438	700.6046752929689	2.458653450012207	1088.469848632813	724.9030761718751	43.98058319091798	
117	1.16	1217.528198242188	883.9348754882815	-384.3580322265626	1011.527648925781	900.9875488281252	-285.5335998535157	1029.698120117188	908.255065917969	-181.0846099853516	1251.273803710938	899.309509277344	-138.7888946533203	1117.595947265625	780.0027465820315	-430.0354919433595	1087.936889648438	414.5564575195314	-382.4709777832032	1104.565673828125	392.3762207031251	-262.5187683105469	1042.908325195313	375.0251159667969	-384.0624084472657	1088.159912109375	334.4411621093751	-344.1494140625001	818.1609497070315	148.5148468017578	-321.3352661132813	851.8417968750002	133.4197387695313	-246.5244293212891	768.900085449219	143.7507934570313	-256.1667480468751	872.210876464844	21.0797119140625	-259.4570617675782	873.1531372070315	30.70138931274415	-309.6364440917969	822.340026855469	43.85922241210938	-344.0305786132813	1177.343383789063	798.238952636719	-64.64795684814455	1305.96240234375	445.1932678222657	-142.3500213623047	1281.63037109375	427.8646545410157	-267.0285949707032	1303.932006835938	388.6306762695314	-136.7995758056641	1345.574829101563	386.791717529297	-191.178939819336	1303.960327148438	61.55845260620119	-167.1908264160157	1322.01171875	78.25050354003908	-253.0558471679688	1257.371459960938	13.3202018737793	-217.7114562988282	1434.3984375	18.98641777038575	-247.5483551025391	1432.526733398438	29.53609466552735	-203.9930419921876	1386.982299804688	8.361911773681642	-149.5626068115235	1124.476318359375	1394.206665039063	-236.5544891357422	1019.249450683594	1159.012084960938	-256.2462768554688	1292.02783203125	1057.04345703125	-259.4895019531251	1235.773681640625	1309.677734375	-248.0078887939454	1020.702087402344	1208.415283203125	-340.4871826171876	1065.42138671875	1335.814575195313	-345.0671997070313	1110.789184570313	1340.840576171875	-407.046844482422	1160.764038085938	1347.310791015625	-419.058807373047	1148.44140625	1037.645751953125	-506.1848449707032	1124.045654296875	1021.977172851563	-432.4420166015626	1124.316040039063	1005.773742675781	-480.694549560547	1299.732666015625	850.2729492187502	-478.5943298339845	1238.15478515625	825.1013183593752	-521.2949218750001	1342.977661132813	801.3010864257815	-491.2510070800782	1258.227416992188	766.8931884765626	-522.3851928710939	1018.812866210938	1195.836059570313	-174.7847137451172	1065.146240234375	1318.849609375	-163.0708618164063	1118.226440429688	1316.6357421875	-92.0692596435547	1164.385864257813	1320.763427734375	-73.73666381835939	1112.075317382813	1007.712585449219	-11.14844131469727	1075.26318359375	1000.098510742188	-75.48951721191408	1081.952514648438	983.2576293945315	-29.88228416442872	1160.189697265625	783.013122558594	-8.791572570800783	1114.18505859375	792.7608642578127	31.47094535827637	1171.147216796875	701.4081420898439	3.590027570724488	1103.08154296875	725.6610717773439	45.27448272705079	
118	1.17	1230.150634765625	884.0823974609377	-382.6822204589844	1023.591186523438	901.0600585937502	-285.4549865722657	1041.430419921875	909.364929199219	-180.6609191894532	1263.115234375	901.1307373046877	-137.5730743408203	1131.544555664063	779.3226318359377	-429.2015686035157	1108.805297851563	414.1144104003907	-384.0454406738282	1128.894653320313	390.512176513672	-264.8601684570313	1063.8388671875	375.4840087890626	-385.7826538085939	1108.607421875	333.9086914062501	-346.6240844726563	833.6975097656252	155.077392578125	-322.0583801269532	868.1669921875002	137.9890747070313	-247.9772186279297	785.5126953125002	152.5969390869141	-255.9055328369141	881.0491333007815	23.17224502563477	-261.5599975585938	882.2165527343752	33.11609268188477	-311.1074829101563	832.2290649414065	50.09419250488283	-345.0286254882813	1189.264038085938	799.9524536132815	-63.61256408691408	1314.971801757813	445.3461303710939	-142.4005584716797	1289.546020507813	428.6239624023439	-266.8012084960938	1311.963623046875	388.6851501464845	-136.7846984863282	1353.127319335938	386.1409606933595	-191.3954010009766	1305.234497070313	61.74930953979494	-167.3624420166016	1322.762939453125	78.22061920166017	-253.5254516601563	1257.818115234375	13.69425582885743	-217.3983917236329	1434.967651367188	17.84897613525391	-248.0378570556641	1433.555419921875	28.97061347961426	-204.0759582519532	1387.419799804688	8.4996395111084	-149.2268676757813	1136.0146484375	1395.133056640625	-236.1386260986329	1031.187622070313	1159.835815429688	-255.9974517822266	1304.313354492188	1058.142944335938	-258.6151733398438	1247.326293945313	1310.689697265625	-247.5850372314454	1032.460083007813	1209.330932617188	-340.2959289550782	1077.055908203125	1336.761108398438	-344.7412109375001	1122.389892578125	1341.912719726563	-406.6854248046876	1172.521728515625	1348.34033203125	-418.5874023437501	1158.371948242188	1038.525756835938	-505.1557006835939	1133.98583984375	1023.267761230469	-431.2407226562501	1133.914306640625	1007.014587402344	-479.5369873046876	1306.836303710938	848.889831542969	-477.4566650390626	1245.150512695313	824.8506469726565	-520.4471435546876	1349.267456054688	799.0921020507815	-489.937225341797	1264.057373046875	766.3204345703126	-521.5509643554689	1030.614990234375	1196.565551757813	-174.4607391357422	1076.737182617188	1319.62841796875	-162.6619873046875	1129.960083007813	1317.414184570313	-91.59396362304689	1175.900024414063	1321.710083007813	-73.34468841552736	1125.591430664063	1008.428955078125	-10.3095645904541	1088.623657226563	1000.495422363281	-74.49967193603517	1095.536865234375	983.7952880859377	-28.92611312866212	1174.95361328125	784.0456542968752	-7.729339122772219	1128.953491210938	793.5717773437502	32.55852890014649	1186.3134765625	702.4426879882814	4.664494037628175	1118.2392578125	726.5249633789064	46.52525711059571	
119	1.18	1242.521118164063	884.385925292969	-381.1304321289063	1035.4189453125	901.3502197265627	-285.2038269042969	1053.009033203125	910.5006103515627	-180.1522369384766	1274.793579101563	902.7869873046877	-136.3706817626953	1145.209594726563	779.0129394531252	-428.3889160156251	1130.032348632813	414.0534057617189	-385.4772949218751	1153.634643554688	389.2189331054689	-267.0513916015626	1085.297973632813	376.2415771484376	-387.3468017578126	1129.691528320313	333.7734069824219	-348.8556518554688	850.6821289062502	161.3063201904297	-322.7195129394532	885.8062133789065	142.3607940673828	-249.3442535400391	803.4217529296877	160.5164642333985	-255.7123718261719	892.500427246094	25.686429977417	-264.2994995117188	893.731872558594	36.05645370483399	-313.1650085449219	844.3330078125002	56.53789520263673	-346.3823547363282	1200.912719726563	801.541198730469	-62.60072708129884	1323.061645507813	445.2827758789064	-142.416976928711	1296.814819335938	429.2595825195314	-266.6053161621094	1319.025024414063	388.5647277832032	-136.756576538086	1359.897827148438	385.413543701172	-191.492919921875	1306.230102539063	61.94075775146486	-167.6302795410157	1323.34423828125	78.26364135742189	-253.9923400878907	1258.242797851563	13.98435497283936	-217.2374420166016	1435.436401367188	17.19614410400391	-248.3934326171876	1434.386474609375	28.8175163269043	-204.0528717041016	1387.747924804688	8.844941139221193	-148.897445678711	1147.435424804688	1396.173217773438	-235.8383789062501	1042.979614257813	1160.7509765625	-255.7757873535157	1316.2880859375	1059.288696289063	-257.8217163085938	1258.747436523438	1311.788452148438	-247.2908630371094	1044.035766601563	1210.327392578125	-340.1005859375001	1088.515258789063	1337.785766601563	-344.4708557128907	1133.787109375	1343.03662109375	-406.404510498047	1184.0673828125	1349.404907226563	-418.2196350097657	1168.177490234375	1039.452880859375	-504.1715698242189	1143.757202148438	1024.62158203125	-430.1101684570314	1143.367431640625	1008.343811035156	-478.4348754882814	1313.56591796875	847.4222412109377	-476.2927246093751	1251.839965820313	824.6627197265627	-519.7266235351564	1355.079956054688	796.723083496094	-488.5220642089845	1269.481323242188	765.7988891601564	-520.8556518554689	1042.278686523438	1197.453125	-174.1443328857422	1088.217041015625	1320.557739257813	-162.3164825439453	1141.58349609375	1318.351684570313	-91.20360565185548	1187.354858398438	1322.791259765625	-73.0454559326172	1139.1787109375	1009.263122558594	-9.479488372802736	1102.028686523438	1000.975708007813	-73.50504302978517	1109.209106445313	984.404724121094	-27.96782302856446	1190.155029296875	785.275817871094	-6.742227554321291	1144.109985351563	794.4829101562502	33.56356811523438	1202.050537109375	703.7189941406251	5.657464027404786	1133.924682617188	727.4987792968751	47.71165847778321	
120	1.19	1254.611083984375	884.8928833007815	-379.7528686523438	1047.015014648438	901.8765869140627	-284.7535095214844	1064.4501953125	911.6514892578127	-179.5436553955078	1286.318481445313	904.2484130859377	-135.20849609375	1158.542114257813	779.1196289062502	-427.6092224121095	1151.520385742188	414.4277343750001	-386.7457580566407	1178.510864257813	388.5968627929689	-269.0273742675782	1107.151489257813	377.3488769531251	-388.7205810546876	1151.319213867188	334.0756530761719	-350.8116455078126	869.0386962890627	167.0687561035157	-323.3431701660157	904.6890258789065	146.4538269042969	-250.6352233886719	822.499694824219	167.3128967285157	-255.6416778564454	906.6970825195315	28.51222610473634	-267.6170043945313	907.813171386719	39.41665267944337	-315.7784729003907	858.7456054687502	62.94498443603517	-348.0851745605469	1212.28564453125	802.9732666015627	-61.63159179687501	1330.231811523438	445.0198059082032	-142.3876953125	1303.471923828125	429.7774658203126	-266.4253540039063	1325.143188476563	388.2832336425782	-136.7080078125	1365.90234375	384.615447998047	-191.4690093994141	1306.966918945313	62.09940338134767	-167.9785766601563	1323.776245117188	78.32967376708986	-254.4552612304688	1258.605346679688	14.18798732757569	-217.2156677246094	1435.802734375	16.89278411865235	-248.6507568359376	1435.021240234375	28.9338665008545	-203.971176147461	1387.968139648438	9.286783218383791	-148.6116790771485	1158.743408203125	1397.324829101563	-235.6444396972657	1054.619018554688	1161.760864257813	-255.5413360595704	1327.936767578125	1060.473388671875	-257.1362609863282	1270.040161132813	1312.96875	-247.1168975830079	1055.42236328125	1211.394653320313	-339.8660583496094	1099.795166015625	1338.8779296875	-344.2359924316407	1144.978149414063	1344.193359375	-406.1890869140626	1195.383178710938	1350.491088867188	-417.9520874023439	1177.8447265625	1040.414916992188	-503.2346496582032	1153.351318359375	1026.021484375	-429.0558166503907	1152.670776367188	1009.745239257813	-477.390594482422	1319.951904296875	845.906677246094	-475.1119384765626	1258.248413085938	824.5523681640627	-519.1335449218751	1360.449096679688	794.2506103515627	-487.021209716797	1274.552124023438	765.3492431640626	-520.2964477539064	1053.8017578125	1198.503662109375	-173.8014678955078	1099.593505859375	1321.640747070313	-162.0137481689453	1153.108642578125	1319.45703125	-90.88512420654298	1198.772216796875	1324.011474609375	-72.8301467895508	1152.823608398438	1010.217529296875	-8.65939235687256	1115.461181640625	1001.549377441406	-72.50516510009767	1122.954345703125	985.0910644531252	-27.00912094116212	1205.76904296875	786.7100219726565	-5.854222297668458	1159.629516601563	795.5014648437502	34.46901321411134	1218.326904296875	705.2476806640626	6.540719985961916	1150.114501953125	728.5897216796876	48.81074142456056	
121	1.2	1266.406616210938	885.653015136719	-378.5863647460938	1058.395263671875	902.646179199219	-284.0999755859376	1075.771484375	912.8140869140627	-178.8326110839844	1297.699340820313	905.507995605469	-134.1105041503907	1171.518920898438	779.664001464844	-426.8774414062501	1173.185302734375	415.2722473144532	-387.8457031250001	1203.270141601563	388.7074584960939	-270.7436218261719	1129.2763671875	378.8365173339844	-389.8880004882814	1173.3984375	334.8419189453126	-352.4855041503907	888.6774902343752	172.228759765625	-323.9615783691407	924.7430419921877	150.1775207519532	-251.8693847656251	842.6267700195315	172.829345703125	-255.7456970214844	923.6646118164065	31.50487327575684	-271.4043884277344	924.4877929687502	43.04326629638673	-318.8685302734376	875.4949951171877	69.05142974853517	-350.1069335937501	1223.37744140625	804.2322998046877	-60.7248992919922	1336.514526367188	444.5900878906251	-142.2983703613282	1309.56396484375	430.1903686523439	-266.2401123046876	1330.38037109375	387.8687744140626	-136.6268005371094	1371.177734375	383.7631530761719	-191.322006225586	1307.476684570313	62.20554733276369	-168.3829193115235	1324.083984375	78.38574218750001	-254.9051361083985	1258.8798828125	14.31335544586182	-217.3102264404297	1436.0703125	16.81690406799317	-248.8380279541016	1435.471923828125	29.19380950927735	-203.8675689697266	1388.08837890625	9.734247207641603	-148.3906707763672	1169.945190429688	1398.583740234375	-235.5442352294922	1066.109008789063	1162.867919921875	-255.255111694336	1339.2587890625	1061.697631835938	-256.5819396972657	1281.211547851563	1314.22607421875	-247.0493927001954	1066.620483398438	1212.5234375	-339.5621948242188	1110.89794921875	1340.02783203125	-344.0170288085938	1155.967895507813	1345.3681640625	-406.0226440429689	1206.460205078125	1351.5908203125	-417.7775878906251	1187.359252929688	1041.405151367188	-502.3442382812501	1162.761108398438	1027.457275390625	-428.0764160156251	1161.8173828125	1011.206848144531	-476.402801513672	1326.025146484375	844.3824462890627	-473.9282836914064	1264.395263671875	824.5337524414065	-518.6631469726564	1365.412109375	791.7353515625002	-485.461151123047	1279.31787109375	764.9914550781251	-519.8666381835939	1065.188842773438	1199.716186523438	-173.4025268554688	1110.876098632813	1322.876342773438	-161.7340087890625	1164.549072265625	1320.736328125	-90.62464141845705	1210.169799804688	1325.37646484375	-72.68846893310548	1166.514526367188	1011.294616699219	-7.851271629333498	1128.908447265625	1002.228271484375	-71.50063323974611	1136.76025390625	985.8605957031252	-26.05174064636231	1221.762451171875	788.3542480468752	-5.090216159820558	1175.485961914063	796.6372680664065	35.25962829589844	1235.10302734375	707.0372924804689	7.283729553222658	1166.780517578125	729.8066406250001	49.79898071289064	
122	1.21	1277.908935546875	886.7112426757815	-377.6515502929688	1069.584838867188	903.6523437500002	-283.2623291015626	1086.988891601563	913.9905395507815	-178.0296173095703	1308.945556640625	906.5799560546877	-133.0967559814453	1184.143432617188	780.639831542969	-426.210906982422	1194.95703125	416.598846435547	-388.7861633300782	1227.699584960938	389.5681762695314	-272.1792297363282	1151.56640625	380.7080383300782	-390.8516235351564	1195.83935546875	336.0824890136719	-353.8928527832032	909.501159667969	176.6524505615235	-324.6127319335938	945.8955078125002	153.4350891113282	-253.0730438232422	863.6981201171877	176.9524688720703	-256.0718994140626	943.3276367187502	34.49876403808594	-275.5157470703126	943.700866699219	46.74819564819337	-322.3157653808594	894.545593261719	74.5934524536133	-352.3975524902344	1234.182006835938	805.3166503906252	-59.900203704834	1341.9697265625	444.0374145507814	-142.1347961425782	1315.142211914063	430.5132141113282	-266.0277404785157	1334.827270507813	387.3587036132814	-136.4989013671875	1375.778442382813	382.8803710937501	-191.0532531738282	1307.7998046875	62.25237274169923	-168.8151550292969	1324.294067382813	78.41548919677736	-255.328109741211	1259.055908203125	14.37626266479493	-217.4929809570313	1436.248901367188	16.86713790893555	-248.9759368896485	1435.7607421875	29.49649238586426	-203.7675476074219	1388.1220703125	10.12128734588623	-148.2411041259766	1181.048583984375	1399.941650390625	-235.5231628417969	1077.459838867188	1164.071166992188	-254.8834991455079	1350.266479492188	1062.968017578125	-256.1753845214844	1292.270874023438	1315.553833007813	-247.0711059570313	1077.6376953125	1213.703002929688	-339.1663818359376	1121.831420898438	1341.224853515625	-343.7966918945313	1166.76708984375	1346.548828125	-405.8885803222657	1217.29833984375	1352.700439453125	-417.6860961914064	1196.70703125	1042.42138671875	-501.4972229003907	1171.9814453125	1028.923706054688	-427.1651306152345	1170.798706054688	1012.719421386719	-475.4669799804689	1331.816650390625	842.888854980469	-472.7596740722657	1270.293701171875	824.6184082031252	-518.3051757812501	1370.010620117188	789.2386474609377	-483.8773498535157	1283.820068359375	764.7424316406251	-519.5552978515626	1076.450439453125	1201.082153320313	-172.9252319335938	1122.07470703125	1324.25732421875	-161.4604187011719	1175.916748046875	1322.189819335938	-90.40923309326173	1221.5595703125	1326.88916015625	-72.60976409912111	1180.241943359375	1012.494750976563	-7.057762622833254	1142.361328125	1003.023376464844	-70.49294281005861	1150.616455078125	986.7182617187502	-25.09710693359376	1238.094604492188	790.2122192382815	-4.474642276763917	1191.653076171875	797.9009399414065	35.92289352416993	1252.3330078125	709.0922851562501	7.855373859405519	1183.890991210938	731.1577758789064	50.653377532959	
123	1.22	1289.13330078125	888.0996093750002	-376.9515380859376	1080.614624023438	904.8735351562502	-282.2809448242188	1098.11572265625	915.1858520507815	-177.1576690673828	1320.06494140625	907.4956665039065	-132.1824035644532	1196.44482421875	782.0137329101565	-425.6275329589845	1216.777221679688	418.3949584960939	-389.5866699218751	1251.639526367188	391.1526794433595	-273.3366088867188	1173.934814453125	382.9372558593751	-391.6305236816407	1218.55517578125	337.7902832031251	-355.0655517578126	931.409118652344	180.2145538330078	-325.3371887207032	968.0735473632815	156.129150390625	-254.2763214111329	885.6278076171877	179.6131286621094	-256.6597290039063	965.5267333984377	37.32316589355469	-279.7852478027344	965.326843261719	50.32614135742189	-325.9760131835938	915.8050537109377	79.32704925537111	-354.8935241699219	1244.694702148438	806.2380371093752	-59.175838470459	1346.678955078125	443.4104614257814	-141.8856048583985	1320.255737304688	430.7587280273439	-265.7706604003907	1338.591430664063	386.7947082519532	-136.3116302490235	1379.7705078125	381.9945068359376	-190.668685913086	1307.98046875	62.24374389648439	-169.2481536865235	1324.43359375	78.41677093505861	-255.7087402343751	1259.13671875	14.39674091339112	-217.7348327636719	1436.352905273438	16.96636772155762	-249.0787048339844	1435.916870117188	29.76959609985352	-203.6859130859376	1388.087280273438	10.40785026550293	-148.1584777832032	1192.060913085938	1401.384887695313	-235.5658111572266	1088.686889648438	1165.363037109375	-254.4019012451172	1360.983520507813	1064.2939453125	-255.9251708984376	1303.228637695313	1316.942626953125	-247.1633911132813	1088.487548828125	1214.920532226563	-338.6648864746094	1132.60791015625	1342.45654296875	-343.5610351562501	1177.389892578125	1347.724853515625	-405.7713623046876	1227.905639648438	1353.818481445313	-417.6654357910157	1205.874267578125	1043.463500976563	-500.6885681152345	1181.009155273438	1030.41845703125	-426.3110961914064	1179.606201171875	1014.275268554688	-474.5767211914064	1337.356689453125	841.4619140625002	-471.6268920898439	1275.952392578125	824.812438964844	-518.0440063476564	1374.2900390625	786.8184814453127	-482.3120117187501	1288.09423828125	764.6140136718751	-519.3469848632814	1087.602416992188	1202.583618164063	-172.3563690185547	1133.199096679688	1325.768432617188	-161.1803283691407	1187.221435546875	1323.81005859375	-90.22836303710939	1232.946899414063	1328.5478515625	-72.5839309692383	1193.997802734375	1013.814086914063	-6.281763076782228	1155.8134765625	1003.941345214844	-69.48397827148439	1164.513916015625	987.6652832031252	-24.1458911895752	1254.718505859375	792.2828369140627	-4.029882431030274	1208.105712890625	799.300720214844	36.44966506958009	1269.967529296875	711.4113769531251	8.225909233093263	1201.411499023438	732.6480712890626	51.35255432128908	
124	1.23	1300.107788085938	889.8298950195315	-376.4721679687501	1091.518920898438	906.274597167969	-281.2129211425782	1109.16064453125	916.405212402344	-176.2505950927735	1331.0634765625	908.2974243164065	-131.3770904541016	1208.4736328125	783.7285156250002	-425.144256591797	1238.595581054688	420.6251831054689	-390.2730712890626	1274.98828125	393.395965576172	-274.2379760742188	1196.31494140625	385.4696655273439	-392.2559814453126	1241.46240234375	339.9409790039063	-356.0441284179688	954.3025512695315	182.8057403564453	-326.1743469238282	991.205261230469	158.1682281494141	-255.5096282958985	908.3503417968752	180.7836151123047	-257.5376281738282	990.0418090820315	39.81734848022462	-284.0475158691407	989.1867675781252	53.57407379150392	-329.6991882324219	939.135437011719	83.04598236083986	-357.5259094238282	1254.916625976563	807.018005371094	-58.56756591796876	1350.736938476563	442.757293701172	-141.5445098876953	1324.9453125	430.934295654297	-265.4594726562501	1341.787231445313	386.2178344726564	-136.0561065673828	1383.227294921875	381.1328125000001	-190.1795196533203	1308.062744140625	62.19126510620119	-169.6593322753907	1324.52783203125	78.3978729248047	-256.0330200195313	1259.136474609375	14.39591598510743	-218.009262084961	1436.400146484375	17.06199264526368	-249.1553344726563	1435.973510742188	29.96907234191895	-203.6285858154297	1388.00390625	10.57795524597168	-148.130844116211	1202.989624023438	1402.893188476563	-235.6569519042969	1099.8076171875	1166.728271484375	-253.7970428466797	1371.441650390625	1065.684204101563	-255.8311462402344	1314.096313476563	1318.378051757813	-247.3081359863282	1099.1875	1216.15966796875	-338.0534667968751	1143.242431640625	1343.707641601563	-343.3000488281251	1187.851684570313	1348.886352539063	-405.6577148437501	1238.296997070313	1354.943237304688	-417.702362060547	1214.848754882813	1044.53125	-499.9120483398439	1189.843872070313	1031.93896484375	-425.5008544921876	1188.231079101563	1015.865783691406	-473.7242126464845	1342.675170898438	840.1309814453127	-470.5524902343751	1281.37646484375	825.114196777344	-517.8594360351564	1378.2998046875	784.525573730469	-480.8106079101564	1292.170288085938	764.6104125976564	-519.2218017578126	1098.664306640625	1204.193359375	-171.6923217773438	1144.258666992188	1327.385131835938	-160.8859405517578	1198.469970703125	1325.579223632813	-90.07464599609376	1244.331298828125	1330.342041015625	-72.60214996337892	1207.7744140625	1015.242736816406	-5.525910377502442	1169.260986328125	1004.981140136719	-68.47524261474611	1178.444702148438	988.6968994140627	-23.19762802124024	1271.583618164063	794.5586547851565	-3.774640083312989	1224.820068359375	800.840270996094	36.83447265625001	1287.956420898438	713.9859619140626	8.368965148925783	1219.306274414063	734.2770385742189	51.87767028808595	
125	1.24	1310.870971679688	891.8879394531252	-376.1841430664063	1102.330810546875	907.8084106445315	-280.1260681152344	1120.12744140625	917.6504516601565	-175.3500061035157	1341.946533203125	909.031188964844	-130.6845245361328	1220.29638671875	785.7088012695315	-424.7753906250001	1260.366333007813	423.2346496582032	-390.872772216797	1297.700439453125	396.2038879394532	-274.9195861816407	1218.656860351563	388.2274780273439	-392.7662353515626	1264.481811523438	342.4946289062501	-356.8704833984376	978.0886230468752	184.3392333984375	-327.1587829589844	1015.221069335938	159.4728546142578	-256.8008728027344	931.8203125000002	180.4727478027344	-258.7205200195313	1016.618530273438	41.84324645996094	-288.1573181152344	1015.067504882813	56.30976867675783	-333.3484802246094	964.3668212890627	85.59606170654298	-360.2294006347657	1264.85791015625	807.6843261718752	-58.08703994750978	1354.244262695313	442.1204528808595	-141.1114349365235	1329.239868164063	431.0402832031251	-265.0952148437501	1344.525390625	385.6645507812501	-135.7287750244141	1386.224487304688	380.3190307617188	-189.6018218994141	1308.086181640625	62.11105346679689	-170.0328369140625	1324.598754882813	78.37316894531251	-256.2905883789063	1259.076538085938	14.39341735839844	-218.2946472167969	1436.408935546875	17.12364387512207	-249.2111816406251	1435.964233398438	30.07593536376954	-203.5947723388672	1387.8916015625	10.63552570343018	-148.142578125	1213.841674804688	1404.43994140625	-235.7825622558594	1110.8388671875	1168.14306640625	-253.0678863525391	1381.67919921875	1067.143310546875	-255.8847351074219	1324.885009765625	1319.8408203125	-247.4895782470704	1109.757202148438	1217.400634765625	-337.3362731933594	1153.751342773438	1344.958984375	-343.0077209472657	1198.16796875	1350.021606445313	-405.5372009277345	1248.4921875	1356.069946289063	-417.7836303710939	1223.6201171875	1045.62158203125	-499.1605834960939	1198.487915039063	1033.479858398438	-424.7203369140626	1196.666748046875	1017.479675292969	-472.9011535644532	1347.80078125	838.9165649414065	-469.5591430664064	1286.570434570313	825.513122558594	-517.7272949218751	1382.091796875	782.3994750976565	-479.4186096191407	1296.073486328125	764.7271728515626	-519.1559448242189	1109.6572265625	1205.875122070313	-170.9381866455078	1155.262084960938	1329.074951171875	-160.5741119384766	1209.666625976563	1327.469360351563	-89.94397735595705	1255.7080078125	1332.251831054688	-72.65722656250001	1221.56494140625	1016.763488769531	-4.792020797729493	1182.700439453125	1006.132141113281	-67.46716308593751	1192.40185546875	989.8006591796877	-22.25050163269043	1288.638427734375	797.024597167969	-3.722510337829591	1241.774291992188	802.5161132812502	37.07548141479493	1306.2509765625	716.7994384765626	8.263336181640627	1237.53857421875	736.0369873046876	52.21315765380861	
126	1.25	1321.469116210938	894.2312011718752	-376.0465393066407	1113.080078125	909.4197998046877	-279.0918884277344	1131.014892578125	918.9180908203127	-174.5015869140625	1352.71875	909.7388916015627	-130.1025085449219	1231.988037109375	787.8677368164065	-424.531219482422	1282.04443359375	426.1540832519532	-391.4109802246095	1319.77783203125	399.4646606445314	-275.4245605468751	1240.923583984375	391.1174926757814	-393.2008666992189	1287.538330078125	345.3981933593751	-357.5818176269532	1002.68505859375	184.7559356689453	-328.3174133300782	1040.056030273438	159.980453491211	-258.1734313964844	956.0106201171877	178.7199859619141	-260.2088317871094	1044.99267578125	43.29458236694337	-292.0051269531251	1042.740600585938	58.38711166381837	-336.8161315917969	991.3121337890627	86.88431549072267	-362.9500122070313	1274.540283203125	808.266052246094	-57.74028778076173	1357.299560546875	441.5334472656251	-140.5929412841797	1333.15673828125	431.0708923339845	-264.6892089843751	1346.904907226563	385.1639709472657	-135.3319854736328	1388.835815429688	379.5707702636719	-188.9552307128907	1308.083618164063	62.02066802978517	-170.3602142333985	1324.664672851563	78.35890960693361	-256.4764099121094	1258.9814453125	14.40552616119385	-218.5753936767579	1436.396850585938	17.13921737670899	-249.2492370605469	1435.920043945313	30.09114456176759	-203.5793609619141	1387.7685546875	10.59891033172608	-148.1774597167969	1224.624267578125	1405.993408203125	-235.9304504394532	1121.795166015625	1169.576049804688	-252.2248687744141	1391.73876953125	1068.66796875	-256.0702514648438	1335.60546875	1321.306274414063	-247.6954193115235	1120.217163085938	1218.619873046875	-336.5247497558594	1164.15185546875	1346.18798828125	-342.6819152832032	1208.353393554688	1351.117065429688	-405.4027404785157	1258.514404296875	1357.189453125	-417.8968811035157	1232.18017578125	1046.726440429688	-498.4268493652345	1206.946533203125	1035.030517578125	-423.956024169922	1204.90869140625	1019.101379394531	-472.0988769531251	1352.761352539063	837.8280029296877	-468.6683349609376	1291.539428710938	825.9890747070315	-517.6212158203126	1385.71875	780.4656982421877	-478.1778564453126	1299.825927734375	764.9500122070314	-519.1222534179689	1120.603149414063	1207.5859375	-170.1062927246094	1166.217651367188	1330.797729492188	-160.2457733154297	1220.814819335938	1329.442138671875	-89.83506774902345	1267.069946289063	1334.245849609375	-72.74377441406251	1235.362670898438	1018.351623535156	-4.080597877502442	1196.129638671875	1007.372497558594	-66.45851898193361	1206.37890625	990.9560546875002	-21.3014087677002	1305.834106445313	799.6575317382815	-3.881002426147462	1258.948120117188	804.3166503906252	37.17406845092774	1324.805786132813	719.8269653320314	7.894374370574953	1256.071899414063	737.9122314453126	52.34727859497072	
127	1.26	1331.953002929688	896.7895507812502	-376.0113525390626	1123.790649414063	911.0493164062502	-278.1786193847657	1141.818237304688	920.1972656250002	-173.7508850097657	1363.38525390625	910.451354980469	-129.6233215332032	1243.624877929688	790.1145629882815	-424.4171142578126	1303.583984375	429.3055725097657	-391.9076232910157	1341.255859375	403.060760498047	-275.7959289550782	1263.086791992188	394.0400390625001	-393.5958862304689	1310.56201171875	348.5886535644532	-358.2061462402344	1028.023803710938	184.0274353027344	-329.6679077148438	1065.65283203125	159.648666381836	-259.6452331542969	980.9097290039065	175.5891876220703	-261.9894409179688	1074.910522460938	44.10215759277344	-295.5262451171876	1071.979248046875	59.70660781860353	-340.0336608886719	1019.781188964844	86.88217163085939	-365.6506958007813	1283.9970703125	808.789245605469	-57.52654266357423	1359.99462890625	441.0190429687501	-140.0016174316407	1336.704956054688	431.0169067382814	-264.2608642578126	1349.008544921875	384.7362365722657	-134.8736724853516	1391.131103515625	378.8980102539063	-188.2611541748047	1308.079345703125	61.93650054931642	-170.6399230957032	1324.739501953125	78.36968994140626	-256.5913391113282	1258.875	14.44409370422364	-218.8419952392579	1436.378051757813	17.11006164550782	-249.2712554931641	1435.867065429688	30.02959632873536	-203.5751495361329	1387.649536132813	10.49494552612305	-148.2210845947266	1235.344360351563	1407.517578125	-236.0907135009766	1132.687622070313	1170.98974609375	-251.2879028320313	1401.664916992188	1070.244750976563	-256.3670043945313	1346.268432617188	1322.74560546875	-247.9174804687501	1130.587524414063	1219.790893554688	-335.6354675292969	1174.460327148438	1347.368896484375	-342.3237609863282	1218.421508789063	1352.156127929688	-405.2508239746095	1268.389282226563	1358.286865234375	-418.0313415527345	1240.524047851563	1047.831665039063	-497.7036743164064	1215.227783203125	1036.574340820313	-423.1963195800782	1212.95654296875	1020.710571289063	-471.3088989257814	1357.583374023438	836.8629150390627	-467.8988342285157	1296.291748046875	826.513366699219	-517.5142211914064	1389.232666015625	778.7339477539065	-477.1239624023439	1303.447265625	765.2554931640626	-519.0918579101564	1131.522338867188	1209.278930664063	-169.214096069336	1177.133544921875	1332.508666992188	-159.9048614501953	1231.91748046875	1331.451049804688	-89.74844360351564	1278.410278320313	1336.283203125	-72.85799407958986	1249.162109375	1019.975341796875	-3.390489578247071	1209.546264648438	1008.669982910156	-65.44628143310548	1220.369750976563	992.1347656250002	-20.34634017944336	1323.127319335938	802.4270019531252	-4.251179695129395	1276.323120117188	806.2218017578127	37.13412475585938	1343.579223632813	723.0366210937501	7.254823207855226	1274.869750976563	739.8796386718751	52.27244186401369	
128	1.27	1342.3740234375	899.4697265625002	-376.0286560058594	1134.479248046875	912.6378173828127	-277.4448242187501	1152.530639648438	921.4692993164065	-173.1390075683594	1373.9521484375	911.1832275390627	-129.2344818115235	1255.276611328125	792.3611450195315	-424.4329833984376	1324.936645507813	432.607879638672	-392.3757934570314	1362.188110351563	406.8793945312501	-276.0708618164063	1285.121826171875	396.8974914550782	-393.9800720214845	1333.488159179688	351.9969177246094	-358.7600402832032	1054.053833007813	182.15673828125	-331.2186584472657	1091.962768554688	158.4570617675782	-261.2283325195313	1006.518798828125	171.1632385253907	-264.0386657714844	1106.143310546875	44.23562622070313	-298.7023315429688	1102.5712890625	60.22053909301759	-342.9747619628907	1049.593139648438	85.62282562255861	-368.3135375976563	1293.271362304688	809.273376464844	-57.43768310546876	1362.410888671875	440.5885620117189	-139.3549499511719	1339.890869140625	430.8696594238282	-263.8335266113282	1350.90087890625	384.3921508789064	-134.3664703369141	1393.173828125	378.3023986816407	-187.541259765625	1308.089111328125	61.87180709838869	-170.8758392333985	1324.833129882813	78.41588592529298	-256.6422119140626	1258.778198242188	14.51617431640625	-219.0901031494141	1436.363403320313	17.04607582092286	-249.2784271240235	1435.824951171875	29.91408157348634	-203.5747680664063	1387.545043945313	10.35335445404053	-148.2622375488282	1246.01025390625	1408.974853515625	-236.2560272216797	1143.52392578125	1172.343627929688	-250.2834930419922	1411.503784179688	1071.8486328125	-256.7516784667969	1356.883666992188	1324.127075195313	-248.1517333984376	1140.886840820313	1220.885864257813	-334.6884460449219	1184.692993164063	1348.474243164063	-341.9371032714844	1228.385620117188	1353.11962890625	-405.0813903808595	1278.143188476563	1359.3408203125	-418.1785888671876	1248.64990234375	1048.917114257813	-496.9844055175782	1223.343139648438	1038.08837890625	-422.4320068359376	1220.813842773438	1022.2822265625	-470.522918701172	1362.291625976563	836.0075683593752	-467.2652282714845	1300.839965820313	827.0508422851565	-517.3804931640626	1392.681884765625	777.1980590820315	-476.2840576171876	1306.956176757813	765.6122436523439	-519.0354003906251	1142.4326171875	1210.905883789063	-168.2819976806641	1188.01806640625	1334.160766601563	-159.5572509765625	1242.979736328125	1333.443481445313	-89.68531036376955	1289.724365234375	1338.314453125	-72.9973831176758	1262.958374023438	1021.597473144531	-2.718774557113648	1222.9482421875	1009.983520507813	-64.42594146728517	1234.369873046875	993.3027343750002	-19.38108825683594	1340.482543945313	805.2966308593752	-4.827989101409913	1293.880981445313	808.2039184570315	36.96112442016602	1362.53369140625	726.3909301757814	6.34504270553589	1293.896484375	741.9099731445314	51.98528289794923	
129	1.28	1352.781372070313	902.1624145507815	-376.0512695312501	1145.155395507813	914.1304931640627	-276.9346923828126	1163.144897460938	922.7084960937502	-172.6990051269532	1384.427124023438	911.9297485351565	-128.919906616211	1267.000122070313	794.5278320312502	-424.5730895996095	1346.052001953125	435.9812316894532	-392.8211364746095	1382.631713867188	410.8197631835939	-276.2765502929688	1307.004150390625	399.6014709472657	-394.3730468750001	1356.256713867188	355.5512084960938	-359.2483520507813	1080.742797851563	179.1768341064453	-332.9695129394532	1118.947998046875	156.4076843261719	-262.9292907714844	1032.848754882813	165.5395812988282	-266.3265380859376	1138.49560546875	43.70251083374024	-301.5560913085938	1134.327880859375	59.93301391601564	-345.6517028808594	1080.585693359375	83.19393157958986	-370.9387817382813	1302.411865234375	809.728454589844	-57.45854568481447	1364.61767578125	440.2429504394532	-138.6739654541016	1342.725952148438	430.625457763672	-263.4296875000001	1352.630493164063	384.1336975097657	-133.826416015625	1395.02099609375	377.7781372070313	-186.8161926269532	1308.120727539063	61.83547592163087	-171.0753936767578	1324.9521484375	78.50218963623048	-256.6411437988282	1258.706420898438	14.62423610687256	-219.3191833496094	1436.358764648438	16.96123123168946	-249.2719879150391	1435.806640625	29.76991844177247	-203.5719757080079	1387.4619140625	10.20204448699951	-148.2936096191407	1256.630615234375	1410.328125	-236.4215087890626	1154.308959960938	1173.5966796875	-249.2415008544922	1421.301147460938	1073.443725585938	-257.2008056640626	1367.46142578125	1325.417846679688	-248.3977203369141	1151.132446289063	1221.876708984375	-333.7053833007813	1194.865112304688	1349.476196289063	-341.5280151367188	1238.259521484375	1353.986328125	-404.8974914550782	1287.803344726563	1360.325073242188	-418.332489013672	1256.560180664063	1049.957153320313	-496.2633361816407	1231.306518554688	1039.545288085938	-421.6568298339845	1228.488525390625	1023.788452148438	-469.7331542968751	1366.908935546875	835.2386474609377	-466.777069091797	1305.202392578125	827.5632324218752	-517.1972656250001	1396.10986328125	775.8378906250002	-475.6757202148439	1310.370361328125	765.9838256835939	-518.9252929687501	1153.348388671875	1212.420532226563	-167.3314208984375	1198.8798828125	1335.708374023438	-159.209716796875	1254.009399414063	1335.364624023438	-89.64639282226564	1301.011352539063	1340.28515625	-73.16030120849611	1276.748657226563	1023.177734375	-2.060920000076294	1236.334228515625	1011.266052246094	-63.39233398437501	1248.375610351563	994.421813964844	-18.40221405029297	1357.873046875	808.2258911132815	-5.601206302642823	1311.603515625	810.2294921875002	36.66110610961915	1381.634521484375	729.8486938476564	5.172633171081544	1313.116577148438	743.9700317382814	51.48656845092775	
130	1.29	1363.218017578125	904.7510375976565	-376.0393981933594	1155.821899414063	915.4803466796877	-276.6750183105469	1173.656372070313	923.8834228515627	-172.4529876708985	1394.819458007813	912.666442871094	-128.6613922119141	1278.834228515625	796.547302246094	-424.8262634277345	1366.877685546875	439.3507385253907	-393.242645263672	1402.63427734375	414.7968139648439	-276.4287719726563	1328.706665039063	402.077850341797	-394.7846069335939	1378.811767578125	359.1806030273438	-359.6654663085938	1108.076782226563	175.1479644775391	-334.9139709472657	1146.579956054688	153.5249786376953	-264.7494812011719	1059.917602539063	158.826889038086	-268.8214416503907	1171.807983398438	42.54531478881837	-304.1403503417969	1167.088134765625	58.89582824707033	-348.1059265136719	1112.620971679688	79.72708892822267	-373.5408325195313	1311.46875	810.1540527343752	-57.56813812255861	1366.673461914063	439.9744262695314	-137.9817504882813	1345.231689453125	430.289031982422	-263.0668334960938	1354.23388671875	383.9551086425782	-133.271713256836	1396.723510742188	377.3131408691407	-186.1051025390625	1308.175659179688	61.8315887451172	-171.2477416992188	1325.100219726563	78.62717437744142	-256.6044616699219	1258.668701171875	14.76683807373047	-219.5310363769532	1436.366455078125	16.86992835998536	-249.2536010742188	1435.818481445313	29.62065505981446	-203.5626525878907	1387.40283203125	10.06370067596436	-148.3116912841797	1267.21533203125	1411.54248046875	-236.5845794677735	1165.046142578125	1174.710327148438	-248.1920471191407	1431.101318359375	1074.984375	-257.6929321289063	1378.01123046875	1326.586059570313	-248.6577758789063	1161.339721679688	1222.737182617188	-332.7081909179688	1204.991943359375	1350.3486328125	-341.1040039062501	1248.057861328125	1354.734375	-404.7047119140626	1297.396606445313	1361.2099609375	-418.4895019531251	1264.261840820313	1050.923217773438	-495.5360717773439	1239.134155273438	1040.914794921875	-420.867401123047	1235.9931640625	1025.199829101563	-468.9326782226564	1371.456298828125	834.5257568359377	-466.438201904297	1309.402954101563	828.0124511718752	-516.9465332031251	1399.552856445313	774.621520996094	-475.3067626953126	1313.70751953125	766.3314819335939	-518.7372436523439	1164.280029296875	1213.781860351563	-166.3831024169922	1209.72802734375	1337.109252929688	-158.8691711425782	1265.017578125	1337.160034179688	-89.63099670410158	1312.274536132813	1342.139038085938	-73.3455047607422	1290.53173828125	1024.6748046875	-1.411247491836548	1249.70361328125	1012.467956542969	-62.34084701538087	1262.384765625	995.4530029296877	-17.40817260742188	1375.280151367188	811.172546386719	-6.55681896209717	1329.471313476563	812.2615966796877	36.23966598510743	1400.848876953125	733.3675537109376	3.751546859741212	1332.495483398438	746.0250244140626	50.78085708618165	
131	1.3	1373.718383789063	907.1218261718752	-375.9636535644532	1166.476196289063	916.650329589844	-276.6742553710938	1184.06396484375	924.9595336914065	-172.4105377197266	1405.1396484375	913.3519287109377	-128.4402618408203	1290.79736328125	798.3669433593752	-425.1766357421876	1387.35986328125	442.6487731933595	-393.6337280273439	1422.225463867188	418.7413024902345	-276.5321960449219	1350.196533203125	404.2696228027345	-395.2158508300782	1401.10009765625	362.8178100585938	-359.9981384277344	1136.057983398438	170.1540985107422	-337.0409545898438	1174.839111328125	149.8552703857422	-266.6856384277344	1087.748413085938	151.1429595947266	-271.4946594238282	1205.954711914063	40.83761596679688	-306.5239868164063	1200.72021484375	57.20149993896486	-350.3956298828126	1145.58837890625	75.38606262207033	-376.1419372558594	1320.487548828125	810.5400390625002	-57.74165725708009	1368.627197265625	439.7687377929689	-137.3021240234375	1347.444091796875	429.8752441406251	-262.7550048828126	1355.740966796875	383.8447875976563	-132.7215118408203	1398.326782226563	376.8913879394532	-185.4255523681641	1308.2509765625	61.85971069335939	-171.4021911621094	1325.27880859375	78.78382110595705	-256.5514526367188	1258.667602539063	14.93963146209717	-219.7284698486329	1436.384887695313	16.78434371948243	-249.2255554199219	1435.860961914063	29.48511695861817	-203.5451354980469	1387.367309570313	9.953822135925295	-148.3165130615235	1277.775146484375	1412.587646484375	-236.7446441650391	1175.738647460938	1175.651733398438	-247.1630096435547	1440.945556640625	1076.418579101563	-258.2102966308594	1388.543212890625	1327.60302734375	-248.9359436035157	1171.52294921875	1223.444702148438	-331.7181701660157	1215.087890625	1351.067993164063	-340.6737365722657	1257.797241210938	1355.342651367188	-404.510467529297	1306.949096679688	1361.96435546875	-418.6482849121095	1271.766479492188	1051.786010742188	-494.7999572753907	1246.843994140625	1042.167114257813	-420.0631408691407	1243.343872070313	1026.488647460938	-468.1159057617189	1375.95263671875	833.8347778320315	-466.246551513672	1313.470825195313	828.3643188476565	-516.6160278320314	1403.039184570313	773.509460449219	-475.1753234863282	1316.984497070313	766.6176757812501	-518.4523925781251	1175.233520507813	1214.955932617188	-165.456039428711	1220.572021484375	1338.328125	-158.5419921875	1276.018920898438	1338.77978515625	-89.63648986816408	1323.522094726563	1343.822265625	-73.55178070068361	1304.308837890625	1026.048950195313	-0.7637081742286684	1263.057250976563	1013.540405273438	-61.26887893676759	1276.397094726563	996.3586425781252	-16.40044403076172	1392.692016601563	814.0946044921877	-7.678615570068361	1347.462280273438	814.2620239257815	35.70106887817384	1420.144775390625	736.9057617187501	2.100821733474732	1351.99853515625	748.0408935546876	49.87598419189455	
132	1.31	1384.306396484375	909.1724853515627	-375.8070678710938	1177.112548828125	917.6145019531252	-276.9235534667969	1194.37158203125	925.9016723632815	-172.5684509277344	1415.398559570313	913.9323730468752	-128.2391662597657	1302.885864257813	799.948913574219	-425.6045532226564	1407.444213867188	445.8158569335939	-393.9842224121095	1441.411376953125	422.5966186523439	-276.5827636718751	1371.434448242188	406.1374511718751	-395.6609497070314	1423.070068359375	366.4012756347657	-360.2292785644532	1164.700805664063	164.299560546875	-339.3364868164063	1203.712036132813	145.4665069580078	-268.7301330566407	1116.367065429688	142.6136779785157	-274.3229064941407	1240.838500976563	38.67978286743165	-308.7774963378907	1235.11865234375	54.9748001098633	-352.5821228027344	1179.403564453125	70.35536956787111	-378.7651977539063	1329.50537109375	810.8682861328127	-57.95300292968751	1370.521484375	439.6075744628907	-136.6584167480469	1349.41259765625	429.4081420898439	-262.4962158203126	1357.180053710938	383.7871093750001	-132.1947174072266	1399.871459960938	376.4947509765626	-184.7935638427735	1308.3408203125	61.91581344604494	-171.54736328125	1325.487548828125	78.96076965332033	-256.5027160644532	1258.699462890625	15.13656806945801	-219.9146118164063	1436.410522460938	16.71280860900879	-249.1909484863282	1435.930297851563	29.37577438354493	-203.5202178955079	1387.35205078125	9.880186080932619	-148.3108062744141	1288.321166992188	1413.43896484375	-236.9026641845704	1186.390625	1176.395263671875	-246.1782531738282	1450.870239257813	1077.69140625	-258.7398071289063	1399.067138671875	1328.443969726563	-249.2368774414063	1181.695556640625	1223.980712890625	-330.7552185058594	1225.16796875	1351.615356445313	-340.2464904785157	1267.49609375	1355.792358398438	-404.3233337402345	1316.486450195313	1362.55859375	-418.8094177246095	1279.090942382813	1052.518310546875	-494.054168701172	1254.45556640625	1043.275146484375	-419.2457885742189	1250.56005859375	1027.630615234375	-467.279022216797	1380.414794921875	833.1312255859377	-466.194793701172	1317.439208984375	828.5911254882815	-516.1998901367189	1406.588623046875	772.4585571289065	-475.2709350585939	1320.21826171875	766.8093261718751	-518.0585327148439	1186.211181640625	1215.917846679688	-164.5667114257813	1231.420776367188	1339.33740234375	-158.2337799072266	1287.0302734375	1340.180786132813	-89.65832519531251	1334.765258789063	1345.286254882813	-73.77773284912111	1318.082641601563	1027.263549804688	-0.1129317656159401	1276.397094726563	1014.438903808594	-60.17730712890626	1290.41357421875	997.1047973632815	-15.38451480865479	1410.10205078125	816.9525146484377	-8.949728965759279	1365.551147460938	816.193786621094	35.04769515991212	1439.489501953125	740.4239501953126	0.2430751770734788	1371.591064453125	749.9866943359376	48.7824058532715	
133	1.32	1394.99462890625	910.820251464844	-375.5657958984376	1187.723754882813	918.3580322265627	-277.3992614746094	1204.587890625	926.6768798828127	-172.911865234375	1425.606689453125	914.3484497070315	-128.0435638427735	1315.075927734375	801.2696533203127	-426.0879516601564	1427.076171875	448.8008117675782	-394.2823791503907	1460.17236328125	426.3141479492189	-276.5708923339844	1392.373413085938	407.658660888672	-396.1096191406251	1444.66943359375	369.8768005371094	-360.3417663574219	1194.02587890625	157.7061767578125	-341.7844848632813	1233.189086914063	140.4478454589844	-270.8715515136719	1145.800170898438	133.373046875	-277.2890319824219	1276.383422851563	36.19485473632813	-310.9601135253907	1270.199829101563	52.3640823364258	-354.7179870605469	1214.004516601563	64.83054351806642	-381.4275817871094	1338.547973632813	811.1157836914065	-58.17758560180665	1372.3955078125	439.470916748047	-136.0723571777344	1351.198608398438	428.9180297851564	-262.2863159179688	1358.58154296875	383.7643127441407	-131.7091827392578	1401.395141601563	376.1054382324219	-184.2236022949219	1308.438598632813	61.99366378784181	-171.6907958984375	1325.724243164063	79.14421844482423	-256.4782104492188	1258.755981445313	15.35120296478272	-220.0928192138672	1436.439086914063	16.65914916992188	-249.1538543701172	1436.019653320313	29.2983512878418	-203.4907531738282	1387.3525390625	9.843503952026369	-148.2994384765625	1298.864868164063	1414.078491210938	-237.0607299804688	1197.008178710938	1176.923828125	-245.2567291259766	1460.905151367188	1078.749633789063	-259.2733154296876	1409.592651367188	1329.089599609375	-249.5649108886719	1191.869995117188	1224.332397460938	-329.8377685546876	1235.246459960938	1351.976928710938	-339.8319091796876	1277.175048828125	1356.068359375	-404.1521911621095	1326.032470703125	1362.967041015625	-418.9751281738282	1286.256713867188	1053.097290039063	-493.2998352050782	1261.989013671875	1044.21728515625	-418.4189758300782	1257.66357421875	1028.607299804688	-466.4203491210939	1384.8583984375	832.383728027344	-466.270965576172	1321.343017578125	828.6739501953127	-515.6981811523439	1410.2119140625	771.4259033203127	-475.5753784179689	1323.424682617188	766.8805541992189	-517.5509643554689	1197.21142578125	1216.651611328125	-163.7287750244141	1242.283203125	1340.118530273438	-157.9492492675782	1298.0693359375	1341.3291015625	-89.69046020507814	1346.017456054688	1346.490966796875	-74.0216522216797	1331.857421875	1028.286254882813	0.5445387363433839	1289.727294921875	1015.12548828125	-59.07176971435548	1304.4365234375	997.6627197265627	-14.37048625946045	1427.505004882813	819.710388183594	-10.3539514541626	1383.70849609375	818.0227050781252	34.27978515625001	1458.848754882813	743.8862915039064	-1.797082781791687	1391.238037109375	751.8356323242189	47.51245880126954	
134	1.33	1405.7841796875	912.0073852539065	-375.2481689453126	1198.302856445313	918.8754882812502	-278.0665588378907	1214.7255859375	927.256774902344	-173.4165496826172	1435.772827148438	914.542175292969	-127.8429641723633	1327.326416015625	802.3173828125002	-426.6040954589845	1446.201171875	451.5600891113282	-394.5167846679689	1478.46435546875	429.8476562500001	-276.4854736328126	1412.959106445313	408.8251953125001	-396.5498657226564	1465.844970703125	373.1980590820313	-360.3224792480469	1224.052612304688	150.5112762451172	-344.3666992187501	1263.26171875	134.9093322753907	-273.0945739746094	1176.072387695313	123.5637969970703	-280.3805236816407	1312.525756835938	33.52458953857423	-313.1103210449219	1305.895629882813	49.53320693969728	-356.8378295898438	1249.34521484375	59.0106887817383	-384.1343383789064	1347.62890625	811.2581787109377	-58.39488601684572	1374.28662109375	439.3391418457032	-135.5631103515625	1352.870971679688	428.437225341797	-262.1178283691407	1359.980224609375	383.7585449218751	-131.28076171875	1402.9326171875	375.7073364257813	-183.7283020019532	1308.537841796875	62.08642578125001	-171.8391265869141	1325.984985351563	79.3201370239258	-256.4954528808594	1258.826416015625	15.57796955108643	-220.2672729492188	1436.466674804688	16.62283897399903	-249.1192321777344	1436.120483398438	29.25241470336915	-203.4610748291016	1387.362915039063	9.838974952697756	-148.2886962890625	1309.416870117188	1414.495239257813	-237.2217407226563	1207.598754882813	1177.229248046875	-244.4125518798829	1471.071533203125	1079.545776367188	-259.8071289062501	1420.129028320313	1329.5263671875	-249.9232482910157	1202.058349609375	1224.492431640625	-328.9822998046876	1245.337890625	1352.14453125	-339.4397583007813	1286.855712890625	1356.160034179688	-404.0056762695314	1335.609497070313	1363.170166015625	-419.1487426757814	1293.29052734375	1053.506225585938	-492.5398864746095	1269.465209960938	1044.978881835938	-417.5876464843751	1264.678100585938	1029.407104492188	-465.5409240722657	1389.29736328125	831.5666503906252	-466.4595947265626	1325.21630859375	828.6031494140627	-515.1165771484376	1413.912475585938	770.372253417969	-476.0639953613282	1326.619140625	766.8140258789064	-516.9328613281251	1208.2294921875	1217.151123046875	-162.9531555175782	1253.166748046875	1340.661987304688	-157.6924285888672	1309.15283203125	1342.201293945313	-89.72634124755861	1357.292358398438	1347.40625	-74.28160858154298	1345.637939453125	1029.090209960938	1.208961009979248	1303.053466796875	1015.570495605469	-57.96350479125978	1318.469360351563	998.0100708007815	-13.37322235107422	1444.89599609375	822.3370361328127	-11.87669944763184	1401.90087890625	819.7191162109377	33.39563369750977	1478.187255859375	747.2606811523439	-3.994565963745118	1410.90380859375	753.5659790039064	46.0796012878418	
135	1.34	1416.66650390625	912.704284667969	-374.8731384277344	1208.84521484375	919.1693115234377	-278.8840942382813	1224.80078125	927.6194458007815	-174.0519561767578	1445.90380859375	914.4642333984377	-127.6316299438477	1339.584228515625	803.089782714844	-427.1312866210939	1464.765258789063	454.0565795898439	-394.6781616210939	1496.2216796875	433.1485290527345	-276.3171386718751	1433.13037109375	409.6404418945314	-396.9703369140626	1486.541015625	376.3269958496094	-360.1653137207032	1254.791748046875	142.8662872314453	-347.0616760253907	1293.917846679688	128.9809722900391	-275.3799743652344	1207.202514648438	113.3383865356446	-283.5859069824219	1349.205932617188	30.8255786895752	-315.2408447265626	1342.145141601563	46.65449142456055	-358.9531555175782	1285.387329101563	53.09323883056642	-386.8753356933595	1356.750244140625	811.2734375000002	-58.59054565429689	1376.232177734375	439.1946105957032	-135.1463623046875	1354.502319335938	427.9956665039064	-261.9831542968751	1361.415893554688	383.7532653808594	-130.9227294921875	1404.517211914063	375.2872619628907	-183.3179473876953	1308.63330078125	62.18827056884767	-171.99853515625	1326.265014648438	79.47664642333986	-256.5677490234376	1258.899291992188	15.81336307525635	-220.4438171386719	1436.490966796875	16.5997543334961	-249.0926666259766	1436.224243164063	29.23270225524903	-203.4360656738282	1387.376953125	9.85833263397217	-148.2856140136719	1319.9873046875	1414.684814453125	-237.3890228271485	1218.171508789063	1177.311401367188	-243.6554565429688	1481.380249023438	1080.042236328125	-260.3414001464844	1430.684448242188	1329.745971679688	-250.313461303711	1212.272094726563	1224.459106445313	-328.2034912109376	1255.456298828125	1352.11572265625	-339.0796508789063	1296.560791015625	1356.062377929688	-403.8917236328126	1345.237548828125	1363.156127929688	-419.3344726562501	1300.222534179688	1053.736328125	-491.7787170410157	1276.905517578125	1045.553344726563	-416.7573547363282	1271.628662109375	1030.026489257813	-464.644256591797	1393.745239257813	830.6613769531252	-466.7426757812501	1329.090209960938	828.3781738281252	-514.4649658203126	1417.687133789063	769.264587402344	-476.7069702148439	1329.81591796875	766.6021728515626	-516.2145385742189	1219.257934570313	1217.418579101563	-162.2482452392578	1264.077270507813	1340.966796875	-157.4668121337891	1320.294189453125	1342.784545898438	-89.75997161865236	1368.60205078125	1348.013671875	-74.55562591552736	1359.428955078125	1029.653686523438	1.876228928565979	1316.38232421875	1015.753112792969	-56.8695640563965	1332.515625	998.1311035156252	-12.41193675994873	1462.266723632813	824.806091308594	-13.50554943084717	1420.091796875	821.2583618164065	32.39213180541993	1497.468017578125	750.5189208984376	-6.325115203857424	1430.551879882813	755.1611938476564	44.49774551391602	
136	1.35	1427.625244140625	912.9094848632815	-374.4674987792969	1219.348754882813	919.2471923828127	-279.8081970214844	1234.8310546875	927.7503051757815	-174.7850036621094	1456.003662109375	914.079772949219	-127.4087371826172	1351.789916992188	803.591247558594	-427.6507568359376	1482.715942382813	456.258514404297	-394.760711669922	1513.363037109375	436.1628417968751	-276.0610656738282	1452.822509765625	410.1160888671876	-397.3621520996095	1506.700927734375	379.2333679199219	-359.8731384277344	1286.237426757813	134.9351806640625	-349.8432922363282	1325.138427734375	122.8109436035157	-277.7042541503907	1239.19873046875	102.8596725463867	-286.8905029296876	1386.359741210938	28.26497840881348	-317.3381042480469	1378.887451171875	43.90269470214844	-361.0512695312501	1322.091430664063	47.27056121826173	-389.6237182617189	1365.905639648438	811.1447753906252	-58.75757980346681	1378.2705078125	439.0231323242189	-134.8334655761719	1356.165893554688	427.6174621582032	-261.8772583007813	1362.931640625	383.7349243164063	-130.6453399658203	1406.180419921875	374.8354797363282	-182.9997711181641	1308.72216796875	62.29578018188478	-172.1753082275391	1326.558471679688	79.60623168945314	-256.7027282714844	1258.96484375	16.05697250366211	-220.6309509277344	1436.511840820313	16.58339500427246	-249.0798950195313	1436.322387695313	29.23085021972657	-203.4203491210938	1387.388305664063	9.892046928405763	-148.2975463867188	1330.584594726563	1414.649169921875	-237.5661773681641	1228.736328125	1177.177978515625	-242.9919738769532	1491.832153320313	1080.214111328125	-260.8787536621094	1441.266845703125	1329.74560546875	-250.7353515625001	1222.521850585938	1224.235473632813	-327.5139160156251	1265.615234375	1351.893310546875	-338.7609863281251	1306.312866210938	1355.775390625	-403.817352294922	1354.933837890625	1362.921020507813	-419.5370483398439	1307.086547851563	1053.786254882813	-491.021942138672	1284.3330078125	1045.94140625	-415.9337463378907	1278.541015625	1030.46923828125	-463.7366027832032	1398.214965820313	829.6569824218752	-467.1008911132814	1332.990478515625	828.0064697265627	-513.7563476562501	1421.528198242188	768.0776367187502	-477.4707336425782	1333.02880859375	766.2465820312501	-515.4124755859376	1230.28759765625	1217.463745117188	-161.6203155517578	1275.018920898438	1341.039184570313	-157.2757263183594	1331.502075195313	1343.076416015625	-89.78716278076173	1379.955322265625	1348.305786132813	-74.84199523925783	1373.234130859375	1029.9609375	2.537019729614258	1329.722045898438	1015.661926269531	-55.81240081787111	1346.578369140625	998.017028808594	-11.5092363357544	1479.605224609375	827.0964965820315	-15.23035144805909	1438.241943359375	822.6214599609377	31.26560401916505	1516.6533203125	753.6361083984376	-8.766271591186525	1450.144897460938	756.6093750000001	42.7806739807129	
137	1.36	1438.638549804688	912.648132324219	-374.0628967285157	1229.8154296875	919.119812011719	-280.7973022460938	1244.833984375	927.642761230469	-175.5838012695313	1466.074462890625	913.372741699219	-127.1780776977539	1363.884399414063	803.830261230469	-428.1481018066407	1500.0029296875	458.1384582519532	-394.7628173828126	1529.797729492188	438.8306274414064	-275.7185974121094	1471.969116210938	410.2692260742189	-397.7202758789064	1526.267822265625	381.8943786621094	-359.4584350585938	1318.359741210938	126.892204284668	-352.6794128417969	1356.891479492188	116.5623397827149	-280.0391845703126	1272.052368164063	92.30057525634767	-290.2718200683594	1423.910888671875	26.01531410217286	-319.3654174804688	1416.052001953125	41.4495964050293	-363.0978088378907	1359.40673828125	41.72737121582032	-392.3370971679689	1375.082885742188	810.8634033203127	-58.8965530395508	1380.440185546875	438.8148803710939	-134.6308898925782	1357.93310546875	427.3187255859376	-261.7993469238282	1364.571533203125	383.6938171386719	-130.4554443359375	1407.952880859375	374.3460388183594	-182.77734375	1308.803588867188	62.40902328491212	-172.3760833740235	1326.859741210938	79.7074661254883	-256.9016723632813	1259.016967773438	16.31231689453125	-220.8402099609376	1436.531494140625	16.5662956237793	-249.086166381836	1436.408325195313	29.23725700378419	-203.4173736572266	1387.391235351563	9.931352615356447	-148.3316650390625	1341.215698242188	1414.3955078125	-237.756820678711	1239.302734375	1176.842163085938	-242.4264831542969	1502.416870117188	1080.05126953125	-261.4231567382813	1451.882568359375	1329.52685546875	-251.186996459961	1232.81689453125	1223.829467773438	-326.9240417480469	1275.826904296875	1351.485229492188	-338.4928283691407	1316.133056640625	1355.304565429688	-403.7885131835939	1364.712524414063	1362.469604492188	-419.7613525390626	1313.91845703125	1053.662475585938	-490.2759399414064	1291.772338867188	1046.150756835938	-415.1219482421876	1285.442016601563	1030.745483398438	-462.826385498047	1402.719970703125	828.549987792969	-467.5142822265626	1336.93701171875	827.5015869140627	-513.0057983398439	1425.426025390625	766.7946166992189	-478.3193664550782	1336.271240234375	765.7568969726564	-514.5476074218751	1241.307983398438	1217.302124023438	-161.0740814208985	1285.993286132813	1340.891479492188	-157.1226501464844	1342.779052734375	1343.083984375	-89.8065872192383	1391.3564453125	1348.286499023438	-75.1395950317383	1387.055541992188	1030.00244140625	3.176424741744996	1343.08056640625	1015.293762207031	-54.81879043579103	1360.659790039063	997.665466308594	-10.68973064422608	1496.894287109375	829.191589355469	-17.04296493530274	1456.311889648438	823.7951660156252	30.01269531250001	1535.705810546875	756.5903930664064	-11.29797267913819	1469.64501953125	757.9029541015626	40.94161987304688	
138	1.37	1449.68310546875	911.9675292968752	-373.6924743652344	1240.251342773438	918.7987060546877	-281.8153686523438	1254.82666015625	927.2977294921877	-176.4210052490235	1476.1171875	912.3482055664065	-126.9472427368164	1375.815307617188	803.8178710937502	-428.6145324707032	1516.581176757813	459.6727905273439	-394.6872863769532	1545.434936523438	441.0878295898439	-275.2975769042969	1490.507080078125	410.1196594238282	-398.0437011718751	1545.1875	384.2941894531251	-358.9421691894532	1351.099731445313	118.9183425903321	-355.5305480957032	1389.126708984375	110.4082183837891	-282.3517761230469	1305.730712890625	81.84214019775392	-293.6958618164063	1461.764526367188	24.24797630310059	-321.2693481445313	1453.551635742188	39.4587516784668	-365.0420532226563	1397.26123046875	36.63801574707032	-394.9606933593751	1384.26806640625	810.4294433593752	-59.01474380493165	1382.779052734375	438.564910888672	-134.5398101806641	1359.87255859375	427.1067810058595	-261.7532958984376	1366.378295898438	383.6250305175782	-130.3565521240235	1409.864624023438	373.8167114257813	-182.6500701904297	1308.8798828125	62.53219223022462	-172.6078796386719	1327.165405273438	79.78584289550783	-257.1597900390626	1259.054077148438	16.58743858337403	-221.0860290527344	1436.554321289063	16.5415096282959	-249.1153411865235	1436.47705078125	29.2428150177002	-203.4288330078126	1387.38037109375	9.969852447509767	-148.3944549560547	1351.8857421875	1413.935424804688	-237.9646453857422	1249.879150390625	1176.321655273438	-241.9623718261719	1513.114990234375	1079.55859375	-261.9787292480469	1462.536987304688	1329.095825195313	-251.665267944336	1243.165161132813	1223.252075195313	-326.4420776367188	1286.102661132813	1350.903076171875	-338.2837829589844	1326.04052734375	1354.65966796875	-403.8103027343751	1374.584716796875	1361.813110351563	-420.0122375488282	1320.755493164063	1053.377319335938	-489.5477600097657	1299.2509765625	1046.194213867188	-414.326141357422	1292.359985351563	1030.870361328125	-461.923797607422	1407.273803710938	827.3428344726565	-467.9633789062501	1340.944580078125	826.8816528320315	-512.2296752929689	1429.37060546875	765.4069213867189	-479.2161865234376	1339.556884765625	765.1494750976564	-513.6437988281251	1252.308349609375	1216.953857421875	-160.6131591796875	1297.000244140625	1340.540161132813	-157.0115051269532	1354.121337890625	1342.82177734375	-89.82049560546876	1402.80419921875	1347.968994140625	-75.44825744628908	1400.892578125	1029.775390625	3.774185419082642	1356.4658203125	1014.653381347656	-53.91820526123048	1374.760131835938	997.080261230469	-9.978384971618654	1514.112426757813	831.0793457031252	-18.93673706054688	1474.262939453125	824.771667480469	28.63124084472657	1554.58935546875	759.3623046875001	-13.90277576446534	1489.014404296875	759.0372924804689	38.99301910400391	
139	1.38	1460.736206054688	910.931579589844	-373.3878784179688	1250.66650390625	918.2949829101565	-282.8344116210938	1264.824584960938	926.7235107421877	-177.2764892578125	1486.132446289063	911.0322265625002	-126.7265625	1387.54248046875	803.5661621093752	-429.0474853515626	1532.412231445313	460.8416748046876	-394.5408020019532	1560.19287109375	442.8705444335939	-274.8114013671876	1508.380126953125	409.6880493164064	-398.3350219726564	1563.411376953125	386.4234313964845	-358.3513488769532	1384.365478515625	111.1958236694336	-358.3495178222657	1421.769775390625	104.5246887207032	-284.6043090820313	1340.169067382813	71.6694793701172	-297.1151733398438	1499.801391601563	23.12510108947754	-322.9875488281251	1491.275146484375	38.07967758178712	-366.8240051269532	1435.553955078125	32.16274642944337	-397.4320373535157	1393.4482421875	809.8526000976565	-59.12455368041994	1385.323364257813	438.2734680175782	-134.5561828613282	1362.048828125	426.9808349609376	-261.7471008300782	1368.39013671875	383.5288085937501	-130.3487701416016	1411.945434570313	373.2488403320313	-182.613037109375	1308.9560546875	62.67380523681642	-172.8776397705078	1327.474975585938	79.85361480712892	-257.4672851562501	1259.079956054688	16.89520835876465	-221.3845672607422	1436.586303710938	16.50391960144043	-249.1692199707032	1436.525756835938	29.24032592773438	-203.4543151855469	1387.35107421875	10.00453472137451	-148.4912567138672	1362.598388671875	1413.2841796875	-238.1933898925782	1260.472290039063	1175.636962890625	-241.6028594970704	1523.899658203125	1078.75537109375	-262.5489501953126	1473.234375	1328.46240234375	-252.1662597656251	1253.572998046875	1222.51708984375	-326.0740356445313	1296.4521484375	1350.161987304688	-338.1419677734376	1336.052001953125	1353.8544921875	-403.8870849609376	1384.55810546875	1360.968872070313	-420.2943115234376	1327.635009765625	1052.948120117188	-488.8449096679689	1306.799560546875	1046.087524414063	-413.5496215820314	1299.324096679688	1030.862182617188	-461.0402221679689	1411.89111328125	826.0423583984377	-468.4298095703126	1345.025024414063	826.1671142578127	-511.4448242187501	1433.35498046875	763.9133300781251	-480.1253356933595	1342.900512695313	764.4450683593751	-512.7260131835939	1263.278442382813	1216.44140625	-160.2406158447266	1308.037475585938	1340.0048828125	-156.94677734375	1365.519287109375	1342.310424804688	-89.83502197265626	1414.29248046875	1347.374877929688	-75.76905059814455	1414.742553710938	1029.28466796875	4.305572509765626	1369.884521484375	1013.752380371094	-53.14089584350587	1388.877807617188	996.2708129882815	-9.398859024047853	1531.234252929688	832.7517700195315	-20.9058895111084	1492.0595703125	825.5483398437502	27.12094879150391	1573.270263671875	761.9347534179689	-16.56580543518067	1508.21533203125	760.0106201171876	36.94639587402344	
140	1.39	1471.779907226563	909.6147460937502	-373.1765441894532	1261.074584960938	917.6188964843752	-283.8360595703126	1274.841552734375	925.934509277344	-178.1389617919922	1496.123168945313	909.4698486328127	-126.52783203125	1399.041748046875	803.088073730469	-429.4504699707032	1547.468505859375	461.629608154297	-394.3330078125001	1574.00830078125	444.1210327148439	-274.2770996093751	1525.54345703125	408.9947204589845	-398.5991210937501	1580.900512695313	388.278778076172	-357.7155456542969	1418.029418945313	103.9008331298828	-361.0819396972657	1454.717163085938	99.08222961425784	-286.7552185058594	1375.264038085938	61.96544647216798	-300.4684143066407	1537.874633789063	22.78991508483887	-324.4574279785157	1529.081787109375	37.44114685058594	-368.3820800781251	1474.14697265625	28.44241905212403	-399.6863403320314	1402.6142578125	809.1513671875002	-59.24145507812501	1388.106323242188	437.9456787109376	-134.6710968017578	1364.521606445313	426.9335021972657	-261.7912597656251	1370.639770507813	383.4104614257813	-130.4291229248047	1414.224975585938	372.6474609375001	-182.6571197509766	1309.040405273438	62.84646606445314	-173.1913757324219	1327.793334960938	79.92864227294923	-257.8110046386719	1259.10302734375	17.25325202941895	-221.7518157958985	1436.634155273438	16.45124816894532	-249.2469635009766	1436.554443359375	29.22542953491212	-203.4913330078126	1387.300170898438	10.03609371185303	-148.625717163086	1373.355712890625	1412.459838867188	-238.4469604492188	1271.08642578125	1174.809692382813	-241.3514862060547	1534.7392578125	1077.67333984375	-263.1359863281251	1483.977905273438	1327.639892578125	-252.6860809326172	1264.044799804688	1221.640258789063	-325.8238525390626	1306.88330078125	1349.278930664063	-338.0750732421876	1346.180786132813	1352.9052734375	-404.022674560547	1394.637817382813	1359.957885742188	-420.6119995117189	1334.59423828125	1052.394775390625	-488.175506591797	1314.452026367188	1045.848510742188	-412.7947998046876	1306.365844726563	1030.740356445313	-460.1877441406251	1416.5869140625	824.6585693359377	-468.8970947265626	1349.188842773438	825.3793945312502	-510.6686401367189	1437.375732421875	762.3189086914064	-481.0130920410157	1346.318115234375	763.6673583984376	-511.8189697265626	1274.209716796875	1215.7880859375	-159.9593811035157	1319.100952148438	1339.306762695313	-156.9337463378907	1376.9580078125	1341.574951171875	-89.85995483398439	1425.81005859375	1346.531860351563	-76.10448455810548	1428.60009765625	1028.543212890625	4.742870807647706	1383.341552734375	1012.608032226563	-52.51576614379884	1403.008666992188	995.2517700195315	-8.972061157226564	1548.233032226563	834.2046508789065	-22.94495964050293	1509.670654296875	826.127136230469	25.48387718200684	1591.717895507813	764.2929687500001	-19.27452850341797	1527.21142578125	760.8229980468751	34.8124008178711	
141	1.4	1482.802124023438	908.0952758789065	-373.0798339843751	1271.492797851563	916.7794189453127	-284.8117980957032	1284.8896484375	924.9508056640627	-179.0064086914063	1506.095703125	907.7208251953127	-126.3629760742188	1410.307983398438	802.3972778320315	-429.8324584960939	1561.73583984375	462.0265197753907	-394.0753173828126	1586.844360351563	444.7946777343751	-273.7127685546876	1541.9677734375	408.0591735839845	-398.8415527343751	1597.629150390625	389.8624877929689	-357.0628051757813	1451.927490234375	97.19467926025393	-363.6678161621094	1487.832153320313	94.23562622070314	-288.7605590820313	1410.867065429688	52.90211868286134	-303.6821594238282	1575.80615234375	23.35593032836914	-325.6239624023438	1566.796630859375	37.64330291748048	-369.6606140136719	1512.860473632813	25.59148597717286	-401.6620178222657	1411.762939453125	808.3513183593752	-59.38197708129884	1391.156860351563	437.5911560058595	-134.8715209960938	1367.345825195313	426.952850341797	-261.8966369628907	1373.152954101563	383.2799377441407	-130.5917358398438	1416.732421875	372.0206298828126	-182.7695465087891	1309.143310546875	63.06628036499025	-173.552978515625	1328.130737304688	80.03248596191408	-258.1763610839844	1259.135498046875	17.68348121643067	-222.2009887695313	1436.70458984375	16.38458061218262	-249.3448944091797	1436.565185546875	29.19697761535645	-203.5356903076172	1387.22607421875	10.06856536865235	-148.79931640625	1384.158325195313	1411.481811523438	-238.7295379638672	1281.7236328125	1173.861572265625	-241.2123565673829	1545.601684570313	1076.353515625	-263.7408752441407	1494.769653320313	1326.644775390625	-253.2213897705079	1274.583251953125	1220.638305664063	-325.6938171386719	1317.402465820313	1348.27294921875	-338.0901794433594	1356.43701171875	1351.83056640625	-404.2205200195314	1404.826293945313	1358.803833007813	-420.9693298339845	1341.669189453125	1051.738525390625	-487.5482482910157	1322.245239257813	1045.49462890625	-412.0638122558595	1313.517456054688	1030.524291992188	-459.3786621093751	1421.377563476563	823.2027587890627	-469.3511657714845	1353.44873046875	824.5393676757815	-509.9187622070314	1441.435180664063	760.6333007812501	-481.8494262695314	1349.828002929688	762.8410034179689	-510.946258544922	1285.096435546875	1215.016845703125	-159.7727203369141	1330.185668945313	1338.466918945313	-156.9783477783203	1388.419311523438	1340.642822265625	-89.90805053710939	1437.342407226563	1345.471801757813	-76.4585418701172	1442.458129882813	1027.571533203125	5.057353019714356	1396.839233398438	1011.242919921875	-52.06842041015626	1417.146606445313	994.0422363281252	-8.715092658996584	1565.081420898438	835.437683105469	-25.04841995239259	1527.070068359375	826.5144653320315	23.72472763061524	1609.9052734375	766.4250488281251	-22.0184497833252	1545.968505859375	761.4764404296876	32.60092544555665	
142	1.41	1493.799072265625	906.4490966796877	-373.1117248535157	1281.9404296875	915.7852783203127	-285.7625732421876	1294.97998046875	923.797058105469	-179.8855743408203	1516.061279296875	905.8545532226565	-126.2428207397461	1421.355102539063	801.5087890625002	-430.2066955566407	1575.217041015625	462.0291748046876	-393.7792053222657	1598.697021484375	444.8662414550782	-273.1348266601563	1557.640747070313	406.9001464843751	-399.0664978027345	1613.587646484375	391.1819152832032	-356.4155883789063	1485.859741210938	91.21397399902345	-366.0437927246094	1520.9423828125	90.11331939697267	-290.5757751464844	1446.780517578125	44.63086700439454	-306.6745300292969	1613.386962890625	24.89565658569337	-326.4460144042969	1604.209838867188	38.74893188476563	-370.6157226562501	1551.470458984375	23.68973922729493	-403.305633544922	1420.898315429688	807.4832763671877	-59.56199264526369	1394.499633789063	437.2229919433595	-135.1412811279297	1370.5703125	427.0246582031251	-262.0721435546876	1375.949829101563	383.1507873535157	-130.8280334472657	1419.496826171875	371.3789367675782	-182.934814453125	1309.27734375	63.35191345214845	-173.962890625	1328.503173828125	80.18821716308595	-258.5491333007813	1259.191772460938	18.21117782592774	-222.7396392822266	1436.803588867188	16.30834197998047	-249.4569244384766	1436.562866210938	29.15685462951661	-203.5820770263672	1387.129272460938	10.10835075378418	-149.0109100341797	1395.005859375	1410.37109375	-239.0457916259766	1292.38427734375	1172.813110351563	-241.1900939941407	1556.456909179688	1074.84326171875	-264.3635864257813	1505.611206054688	1325.496948242188	-253.7700653076172	1285.189697265625	1219.528686523438	-325.6848144531251	1328.014038085938	1347.163208007813	-338.1938476562501	1366.827270507813	1350.649658203125	-404.4837951660157	1415.124145507813	1357.531005859375	-421.3701477050782	1348.894897460938	1051.000122070313	-486.9726867675782	1330.216796875	1045.042724609375	-411.3594055175782	1320.812377929688	1030.231567382813	-458.6252746582032	1426.279663085938	821.6870117187502	-469.7808227539064	1357.82177734375	823.6665039062502	-509.2131347656251	1445.541748046875	758.8693237304689	-482.6090393066407	1353.451049804688	761.9904785156251	-510.1298217773439	1295.936279296875	1214.1484375	-159.6845245361328	1341.28564453125	1337.505859375	-157.087142944336	1399.883422851563	1339.542724609375	-89.99392700195314	1448.872802734375	1344.228881835938	-76.83657836914064	1456.307983398438	1026.397827148438	5.221561431884767	1410.376953125	1009.683837890625	-51.81946945190431	1431.28271484375	992.6648559570315	-8.640625953674318	1581.754028320313	836.4541625976565	-27.21047592163087	1544.238037109375	826.720153808594	21.85091781616211	1627.809448242188	768.322204589844	-24.78882789611817	1564.455078125	761.9744873046876	30.32128715515137	
143	1.42	1504.776123046875	904.7445068359377	-373.2785339355469	1292.4384765625	914.6455688476565	-286.6971740722657	1305.123291015625	922.5013427734377	-180.7903900146485	1526.036010742188	903.9431762695315	-126.1760864257813	1432.215087890625	800.4394531250002	-430.5889892578126	1587.934326171875	461.6423645019532	-393.4552001953126	1609.598510742188	444.3356018066407	-272.5556335449219	1572.569213867188	405.536102294922	-399.2749938964845	1628.785034179688	392.2483825683595	-355.7877807617188	1519.592163085938	86.06087493896486	-368.1465759277344	1553.839599609375	86.80712890625001	-292.1579589843751	1482.756713867188	37.27208709716798	-309.3604431152344	1650.378173828125	27.42990112304688	-326.9005126953126	1641.0771484375	40.77457427978516	-371.2196350097657	1589.709594726563	22.77365684509278	-404.5755310058595	1430.031860351563	806.5803222656252	-59.79552841186525	1398.15478515625	436.8566284179689	-135.4624481201172	1374.236694335938	427.1340637207032	-262.3229064941407	1379.045654296875	383.0388488769532	-131.1272277832032	1422.546020507813	370.7345275878907	-183.1358795166016	1309.456420898438	63.72344970703126	-174.4168090820313	1328.931518554688	80.41819000244142	-258.9163513183594	1259.286010742188	18.86370277404786	-223.3669433593751	1436.935302734375	16.22969245910645	-249.5751647949219	1436.553833007813	29.10930442810059	-203.6248168945313	1387.012573242188	10.16279697418213	-149.2564239501953	1405.896850585938	1409.14892578125	-239.4009704589844	1303.0673828125	1171.682739257813	-241.2895202636719	1567.281005859375	1073.192993164063	-265.0037841796876	1516.5029296875	1324.218505859375	-254.3315734863282	1295.864624023438	1218.328491210938	-325.7969970703126	1338.72021484375	1345.96875	-338.3919067382813	1377.355102539063	1349.382202148438	-404.8154602050782	1425.531127929688	1356.16357421875	-421.8182373046876	1356.304321289063	1050.198486328125	-486.4593200683595	1338.403198242188	1044.5078125	-410.6860656738282	1328.28369140625	1029.877319335938	-457.939910888672	1431.310791015625	820.123229980469	-470.1780700683595	1362.329833984375	822.7781982421877	-508.5700988769532	1449.70947265625	757.0416870117189	-483.2720642089845	1357.210815429688	761.1388549804689	-509.3897094726564	1306.731567382813	1213.200317382813	-159.6994781494141	1352.394897460938	1336.442138671875	-157.2671051025391	1411.330810546875	1338.302978515625	-90.13282012939455	1460.384155273438	1342.837768554688	-77.24510955810548	1470.139770507813	1025.055541992188	5.211647987365724	1423.950073242188	1007.961303710938	-51.78331375122072	1445.406372070313	991.145202636719	-8.756681442260744	1598.228149414063	837.2607421875002	-29.42505073547364	1561.159912109375	826.7576293945315	19.87247657775879	1645.411499023438	769.9797363281252	-27.57839965820313	1582.6435546875	762.3226928710939	27.98240852355958	
144	1.43	1515.746826171875	903.0378417968752	-373.5793457031251	1303.008056640625	913.3711547851565	-287.6304321289063	1315.330322265625	921.0941162109377	-181.7397766113282	1536.041137695313	902.0557250976565	-126.1688003540039	1442.934692382813	799.2081298828127	-430.9960937500001	1599.93115234375	460.8803100585939	-393.1116027832032	1619.61865234375	443.2307739257814	-271.9820251464844	1586.778686523438	403.985809326172	-399.4637756347657	1643.248657226563	393.0759277343751	-355.1829223632813	1552.859619140625	81.79448699951173	-369.9164733886719	1586.28173828125	84.36349487304689	-293.4680175781251	1518.498413085938	30.90600204467774	-311.6579284667969	1686.515625	30.91887092590333	-326.9839477539063	1677.124267578125	43.68262100219727	-371.4623718261719	1627.271240234375	22.82859802246094	-405.4442749023439	1439.1826171875	805.6750488281252	-60.0941848754883	1402.138793945313	436.5084838867189	-135.816635131836	1378.378662109375	427.2670898437501	-262.6487121582032	1382.4521484375	382.9605102539063	-131.4766693115235	1425.905883789063	370.0998229980469	-183.3555297851563	1309.694091796875	64.20101165771486	-174.904769897461	1329.438110351563	80.74226379394533	-259.2667541503907	1259.429565429688	19.66888809204102	-224.0715942382813	1437.101928710938	16.15746498107911	-249.6908874511719	1436.546020507813	29.05993652343751	-203.6586151123047	1386.881469726563	10.23855972290039	-149.5287170410157	1416.828735351563	1407.836059570313	-239.8009643554688	1313.772338867188	1170.486206054688	-241.5154113769532	1578.058837890625	1071.452758789063	-265.6616210937501	1527.444946289063	1322.833374023438	-254.9072570800782	1306.607299804688	1217.05419921875	-326.0301818847657	1349.521362304688	1344.70751953125	-338.6893005371094	1388.0205078125	1348.047607421875	-405.2181396484376	1436.046142578125	1354.724975585938	-422.3172607421876	1363.927856445313	1049.3505859375	-486.0196533203126	1346.836059570313	1043.9033203125	-410.0510559082032	1335.962646484375	1029.474365234375	-457.3348999023439	1436.48779296875	818.523132324219	-470.5381774902345	1367.000732421875	821.8894042968752	-508.0083618164064	1453.957885742188	755.1656494140626	-483.8247070312501	1361.13330078125	760.3073730468751	-508.744354248047	1317.489013671875	1212.185791015625	-159.823226928711	1363.507202148438	1335.292358398438	-157.525390625	1422.744262695313	1336.950561523438	-90.33938598632814	1471.860473632813	1341.331909179688	-77.69144439697267	1483.942626953125	1023.581909179688	5.009492874145509	1437.550048828125	1006.108703613281	-51.96748733520509	1459.504638671875	989.5105590820315	-9.066673278808596	1614.48388671875	837.867614746094	-31.68585014343262	1577.826049804688	826.6428833007815	17.8017692565918	1662.696166992188	771.397155761719	-30.38111686706544	1600.510131835938	762.5284423828126	25.59299850463868	
145	1.44	1526.732421875	901.3711547851565	-374.0071411132813	1313.669311523438	911.975036621094	-288.5809631347657	1325.613159179688	919.6067504882815	-182.7549896240235	1546.101806640625	900.2521972656252	-126.2242126464844	1453.5712890625	797.8358154296877	-431.4438476562501	1611.27197265625	459.7669372558595	-392.7543334960939	1628.862915039063	441.608856201172	-271.4145812988282	1600.311401367188	402.2687377929689	-399.6249084472657	1657.0244140625	393.6795349121095	-354.5944824218751	1585.372924804688	78.42488098144533	-371.3015441894532	1617.998413085938	82.77735137939455	-294.4726867675782	1553.6650390625	25.56593322753907	-313.4951171875001	1721.51611328125	35.25646591186524	-326.7112121582032	1712.055053710938	47.37583923339844	-371.3512268066407	1663.817626953125	23.78332901000977	-405.899383544922	1448.376220703125	804.796813964844	-60.4669876098633	1406.46484375	436.1940917968751	-136.1864318847657	1383.020385742188	427.4111633300782	-263.0436706542969	1386.178833007813	382.9307861328126	-131.8625030517578	1429.59912109375	369.4859313964844	-183.5779724121094	1310.002197265625	64.80336761474611	-175.4107666015625	1330.044677734375	81.17644500732423	-259.5905151367188	1259.629150390625	20.65329933166504	-224.830795288086	1437.302612304688	16.10081672668457	-249.7954711914063	1436.54736328125	29.01461410522462	-203.6791381835938	1386.743041992188	10.33998489379883	-149.8178405761719	1427.797973632813	1406.452392578125	-240.2523345947266	1324.499633789063	1169.236206054688	-241.8721466064454	1588.785278320313	1069.670166015625	-266.3384094238282	1538.436279296875	1321.367309570313	-255.5004272460938	1317.417114257813	1215.72119140625	-326.3840942382813	1360.4150390625	1343.395751953125	-339.0899047851563	1398.820190429688	1346.664184570313	-405.6942443847657	1446.667724609375	1353.237060546875	-422.8708801269532	1371.792236328125	1048.470581054688	-485.6658325195314	1355.5390625	1043.2412109375	-409.4653320312501	1343.876586914063	1029.032470703125	-456.8226928710939	1441.82763671875	816.8980102539065	-470.859832763672	1371.867309570313	821.012634277344	-507.5469665527345	1458.31005859375	753.2564086914064	-484.2592773437501	1365.246215820313	759.5146484375001	-508.2108154296876	1328.220336914063	1211.113159179688	-160.0621185302735	1374.616821289063	1334.070434570313	-157.8690185546875	1434.109375	1335.510620117188	-90.62677001953126	1483.287719726563	1339.742431640625	-78.18333435058595	1497.703735351563	1022.014709472656	4.604313373565675	1451.163330078125	1004.161193847656	-52.37255477905275	1473.562133789063	987.7891845703127	-9.569619178771974	1630.5048828125	838.2879638671877	-33.98644256591798	1594.230590820313	826.393981933594	15.65299797058106	1679.651123046875	772.5789184570315	-33.19184494018555	1618.035400390625	762.6013183593751	23.16168022155762	
146	1.45	1537.759155273438	899.7707519531252	-374.5502929687501	1324.439697265625	910.473571777344	-289.5688171386719	1335.985107421875	918.0704345703127	-183.8567962646485	1556.245361328125	898.579040527344	-126.3432922363282	1464.187866210938	796.3452758789065	-431.9459838867189	1622.041625976563	458.3360290527345	-392.3869018554689	1637.468872070313	439.5535888671876	-270.8486938476563	1613.22412109375	400.405731201172	-399.746307373047	1670.173217773438	394.0730590820314	-354.0077819824219	1616.826782226563	75.91080474853517	-372.2617492675782	1648.699096679688	81.98973083496095	-295.1464843750001	1587.880981445313	21.23531723022461	-314.8167419433594	1755.08642578125	40.26908874511719	-326.1120300292969	1745.561889648438	51.6957130432129	-370.9077758789063	1698.992431640625	25.50825691223145	-405.9425659179689	1457.64306640625	803.9693603515627	-60.92059707641603	1411.143798828125	435.9265747070314	-136.5568084716797	1388.17529296875	427.5553588867189	-263.4967041015626	1390.234130859375	382.9614868164063	-132.2705841064453	1433.64404296875	368.9012451171876	-183.7901611328125	1310.390014648438	65.54656982421876	-175.9131317138672	1330.768188476563	81.73231506347658	-259.8782958984376	1259.884887695313	21.84059524536133	-225.6107940673829	1437.532836914063	16.0677547454834	-249.881088256836	1436.564331054688	28.97842025756837	-203.6834564208985	1386.60498046875	10.46778011322022	-150.1115417480469	1438.799682617188	1405.016357421875	-240.7620697021485	1335.252075195313	1167.942138671875	-242.3632965087891	1599.465698242188	1067.88818359375	-267.0373535156251	1549.474365234375	1319.84619140625	-256.1162719726563	1328.292724609375	1214.343017578125	-326.8584289550782	1371.396484375	1342.047607421875	-339.5962219238282	1409.747192382813	1345.24853515625	-406.2457275390626	1457.393920898438	1351.719970703125	-423.4827880859376	1379.919799804688	1047.569580078125	-485.4102478027345	1364.524658203125	1042.53271484375	-408.9443359375001	1352.046875	1028.558837890625	-456.4155883789064	1447.345947265625	815.2588500976565	-471.1450500488282	1376.96484375	820.1582031250002	-507.2049560546876	1462.791381835938	751.3283081054689	-484.5740051269532	1369.577880859375	758.7761840820314	-507.8049621582032	1338.940673828125	1209.986572265625	-160.4229736328125	1385.718505859375	1332.787719726563	-158.3045654296875	1445.416015625	1334.005493164063	-91.00598144531251	1494.65478515625	1338.09765625	-78.72860717773439	1511.407958984375	1020.390075683594	3.993532180786134	1464.771606445313	1002.154418945313	-52.99256896972658	1487.560668945313	986.0089111328127	-10.26041316986084	1646.276733398438	838.5373535156252	-36.32029724121094	1610.36865234375	826.0300903320315	13.44155502319336	1696.2666015625	773.534362792969	-36.0059928894043	1635.20361328125	762.5526123046876	20.69705200195313	
147	1.46	1548.8564453125	898.247985839844	-375.1943969726563	1335.332885742188	908.8865966796877	-290.6134338378907	1346.460205078125	916.514831542969	-185.0628051757813	1566.5	897.0664062500002	-126.525634765625	1474.84765625	794.760192871094	-432.5130004882814	1632.341918945313	456.6302795410157	-392.0110168457032	1645.599365234375	437.1699523925782	-270.2762756347657	1625.584594726563	398.4189453125001	-399.813446044922	1682.768310546875	394.2673645019532	-353.4037475585938	1646.9111328125	74.16201019287111	-372.7725830078126	1678.084350585938	81.8899383544922	-295.4730224609376	1620.748901367188	17.84925651550293	-315.5896301269532	1786.934936523438	45.72010040283204	-325.2258605957032	1777.339599609375	56.42581939697267	-370.1636352539063	1732.435668945313	27.81860160827637	-405.588104248047	1467.016235351563	803.208923339844	-61.45960235595705	1416.184448242188	435.7147521972657	-136.9162139892578	1393.845336914063	427.6900939941407	-263.9928588867188	1394.625366210938	383.0594482421876	-132.6873779296875	1438.0537109375	368.3498840332032	-183.98291015625	1310.862060546875	66.44298553466798	-176.3857879638672	1331.617797851563	82.41706848144533	-260.1203918457032	1260.189208984375	23.25021743774414	-226.3688507080079	1437.783569335938	16.06371116638184	-249.9411773681641	1436.60107421875	28.95482635498048	-203.6700897216797	1386.473876953125	10.61815643310547	-150.3961334228516	1449.827392578125	1403.54443359375	-241.3373718261719	1346.034912109375	1166.610473632813	-242.9912567138672	1610.11572265625	1066.14404296875	-267.7638244628907	1560.555419921875	1318.2958984375	-256.7615661621094	1339.232421875	1212.931396484375	-327.4526977539063	1382.45751953125	1340.67431640625	-340.2091064453126	1420.790649414063	1343.815795898438	-406.8741149902345	1468.221923828125	1350.192504882813	-424.1564941406251	1388.326049804688	1046.656127929688	-485.2649536132814	1373.790649414063	1041.788696289063	-408.5077514648439	1360.487915039063	1028.058959960938	-456.1256103515626	1453.056762695313	813.6164550781252	-471.3992004394532	1382.32958984375	819.3341064453127	-507.0010375976564	1467.42724609375	749.3946533203126	-484.7727661132814	1374.15625	758.1043701171876	-507.5416870117189	1349.667724609375	1208.805908203125	-160.912353515625	1396.807373046875	1331.453491210938	-158.837875366211	1456.657592773438	1332.45458984375	-91.48561096191408	1505.953491210938	1336.422241210938	-79.33477783203126	1525.036376953125	1018.740356445313	3.182810544967652	1478.351318359375	1000.122924804688	-53.81592178344728	1501.478637695313	984.1965942382815	-11.13014602661133	1661.786743164063	838.6336059570315	-38.68071365356446	1626.235473632813	825.570495605469	11.18322658538819	1712.5341796875	774.277282714844	-38.81906509399415	1652.002319335938	762.3952026367189	18.20772933959961	
148	1.47	1560.052612304688	896.8012695312502	-375.9241027832032	1346.357788085938	907.2376098632815	-291.7316589355469	1357.053466796875	914.9668579101565	-186.3850402832032	1576.892700195313	895.726989746094	-126.7705841064453	1485.608642578125	793.1046142578127	-433.1516723632814	1642.286865234375	454.7000122070314	-391.6278076171876	1653.434448242188	434.576385498047	-269.6885681152344	1637.468383789063	396.3322753906251	-399.8114318847657	1694.89013671875	394.2690734863282	-352.7636108398438	1675.324829101563	73.04642486572267	-372.8281555175782	1705.860229492188	82.32254791259767	-295.4463195800782	1651.867797851563	15.30087947845459	-315.8067321777344	1816.784545898438	51.32057571411134	-324.0960083007813	1807.101440429688	61.30104827880861	-369.1555786132813	1763.802124023438	30.48317337036134	-404.8604431152345	1476.529418945313	802.5231933593752	-62.08678436279298	1421.59326171875	435.561981201172	-137.2574462890625	1400.021118164063	427.806610107422	-264.5151672363282	1399.359252929688	383.2254943847657	-133.1011047363282	1442.834594726563	367.8307189941407	-184.1516876220703	1311.418212890625	67.50075531005861	-176.800033569336	1332.59228515625	83.23408508300783	-260.3056640625001	1260.526733398438	24.89670181274415	-227.0569458007813	1438.04150390625	16.09029197692871	-249.9706268310547	1436.657470703125	28.94517326354981	-203.6390686035157	1386.35400390625	10.78262138366699	-150.6578521728516	1460.873413085938	1402.05126953125	-241.9851989746094	1356.8564453125	1165.244995117188	-243.7568969726563	1620.7587890625	1064.468505859375	-268.5253906250001	1571.673217773438	1316.741088867188	-257.4443359375001	1350.233764648438	1211.495971679688	-328.1658935546876	1393.587158203125	1339.284912109375	-340.9276123046876	1431.934936523438	1342.37841796875	-407.5802307128907	1479.147094726563	1348.671264648438	-424.8954467773439	1397.01904296875	1045.736694335938	-485.240692138672	1383.31982421875	1041.020141601563	-408.1788635253907	1369.205078125	1027.536499023438	-455.9637756347657	1458.972900390625	811.981384277344	-471.6308898925782	1387.9951171875	818.5465087890627	-506.952606201172	1472.241943359375	747.4675292968751	-484.8647460937501	1379.007080078125	757.5078735351564	-507.4345703125001	1360.419799804688	1207.568359375	-161.5359497070313	1407.879028320313	1330.075317382813	-159.4737091064453	1467.831176757813	1330.874877929688	-92.07175445556642	1517.178344726563	1334.7373046875	-80.00866699218751	1538.565795898438	1017.092407226563	2.185288667678833	1491.873779296875	998.098815917969	-54.82649230957033	1515.290893554688	982.3767089843752	-12.16650485992432	1677.021728515625	838.5954589843752	-41.06066131591798	1641.823364257813	825.033630371094	8.893400192260744	1728.446411132813	774.825622558594	-41.62608718872071	1668.420776367188	762.1426391601564	15.70233631134034	
149	1.48	1571.372436523438	895.418884277344	-376.7246093750001	1357.51708984375	905.5532836914065	-292.9362487792969	1367.778564453125	913.4499511718752	-187.8280792236328	1587.447021484375	894.5570068359377	-127.0783843994141	1496.519775390625	791.402526855469	-433.8650207519532	1651.997680664063	452.601531982422	-391.2389221191407	1661.16015625	431.8950805664064	-269.0791931152344	1648.955444335938	394.1717224121095	-399.7276916503907	1706.6220703125	394.0803527832032	-352.0734252929688	1701.790771484375	72.40171813964845	-372.4432067871094	1731.754150390625	83.09924316406251	-295.0716857910157	1680.853393554688	13.45210266113282	-315.4890136718751	1844.387084960938	56.74633407592775	-322.7645263671876	1834.595092773438	66.02272796630861	-367.9209899902344	1792.78076171875	33.23888397216798	-403.7919006347657	1486.213989257813	801.9114379882815	-62.80324172973634	1427.37548828125	435.4651184082032	-137.5781860351563	1406.682739257813	427.8962707519532	-265.0467224121094	1404.441040039063	383.4539184570313	-133.5027770996094	1447.9873046875	367.3367614746094	-184.296615600586	1312.05322265625	68.72399902343751	-177.1270751953125	1333.680419921875	84.18389129638673	-260.4213562011719	1260.87646484375	26.7898120880127	-227.6263580322266	1438.288452148438	16.14439392089844	-249.9657745361329	1436.728637695313	28.94844245910645	-203.5915527343751	1386.244995117188	10.948486328125	-150.8841705322266	1471.928100585938	1400.549560546875	-242.7117309570313	1367.727294921875	1163.847778320313	-244.659164428711	1631.42333984375	1062.88623046875	-269.3313293457032	1582.8193359375	1315.205078125	-258.1733093261719	1361.29345703125	1210.044311523438	-328.9960327148438	1404.77099609375	1337.886596679688	-341.7489624023438	1443.160278320313	1340.947021484375	-408.3644104003907	1490.161499023438	1347.171630859375	-425.7026977539064	1405.997924804688	1044.815185546875	-485.3461914062501	1393.079711914063	1040.238403320313	-407.9830932617189	1378.1953125	1026.993896484375	-455.9393615722657	1465.104858398438	810.3643188476565	-471.852020263672	1393.989501953125	817.7996215820315	-507.0750732421876	1477.2568359375	745.5582885742189	-484.8641357421876	1384.152099609375	756.9915771484376	-507.4954223632814	1371.213745117188	1206.2705078125	-162.297607421875	1418.929565429688	1328.660278320313	-160.2154388427735	1478.936645507813	1329.280151367188	-92.76805114746095	1528.326416015625	1333.061157226563	-80.75603485107423	1551.967651367188	1015.466857910156	1.020201921463013	1505.306030273438	996.1101074218752	-56.00489807128908	1528.968017578125	980.5710449218752	-13.35429191589356	1691.967651367188	838.442077636719	-43.45251083374024	1657.120361328125	824.435729980469	6.586388111114504	1743.995239257813	775.2000122070315	-44.42099761962891	1684.449096679688	761.8086547851564	13.18954467773438	
150	1.49	1582.833740234375	894.083435058594	-377.5829772949219	1368.807739257813	903.8631591796877	-294.2348022460938	1378.647583007813	911.983581542969	-189.3878784179688	1598.181640625	893.5383911132815	-127.4512023925782	1507.617553710938	789.677917480469	-434.6524658203126	1661.596069335938	450.3955383300782	-390.8477478027345	1668.95703125	429.242156982422	-268.4471435546876	1660.127075195313	391.965789794922	-399.5547485351564	1718.0458984375	393.7001037597657	-351.3279418945313	1726.07275390625	72.0503387451172	-371.6535949707032	1755.53125	84.01448822021486	-294.3664855957032	1707.360961914063	12.14771747589112	-314.6853027343751	1869.537231445313	61.66033935546876	-321.2687072753907	1859.618896484375	70.27902984619142	-366.4949340820313	1819.11328125	35.81026458740235	-402.4212341308595	1496.096557617188	801.364929199219	-63.60839843750001	1433.534423828125	435.414276123047	-137.8810729980469	1413.8017578125	427.9499816894532	-265.5728149414063	1409.875244140625	383.7326049804688	-133.8870849609375	1453.506469726563	366.8553161621094	-184.4220733642578	1312.758056640625	70.11379241943361	-177.3404541015625	1334.8623046875	85.26527404785158	-260.4533996582032	1261.214721679688	28.93562698364259	-228.0328979492188	1438.503051757813	16.21781349182129	-249.9244232177735	1436.804931640625	28.96135330200196	-203.5296478271485	1386.141235351563	11.10012817382813	-151.0652465820313	1482.980834960938	1399.05126953125	-243.5218353271485	1378.659057617188	1162.420654296875	-245.6946411132813	1642.140014648438	1061.41552734375	-270.1918029785157	1593.982543945313	1313.708862304688	-258.9575195312501	1372.406616210938	1208.582275390625	-329.9395141601563	1415.991455078125	1336.48486328125	-342.6683044433594	1454.442749023438	1339.530395507813	-409.2261657714845	1501.253295898438	1345.70703125	-426.5809020996095	1415.252563476563	1043.894653320313	-485.5874328613282	1403.025268554688	1039.455200195313	-407.9458312988282	1387.447143554688	1026.432861328125	-456.059051513672	1471.462036132813	808.7757568359377	-472.0774536132814	1400.333251953125	817.0961914062502	-507.3807067871095	1482.49072265625	743.6778564453126	-484.7899780273439	1389.60888671875	756.5566406250001	-507.7336730957032	1382.063354492188	1204.909790039063	-163.1985473632813	1429.955322265625	1327.215209960938	-161.0647125244141	1489.976318359375	1327.682983398438	-93.57581329345705	1539.396728515625	1331.408813476563	-81.58126068115236	1565.208740234375	1013.8779296875	-0.2889051139354706	1518.611450195313	994.1799926757815	-57.32983016967775	1542.477416992188	978.7980957031252	-14.67609214782715	1706.607788085938	838.1917724609377	-45.84770202636719	1672.109497070313	823.7905883789065	4.275007724761964	1759.17138671875	775.4228515625002	-47.19598388671876	1700.07666015625	761.4058227539064	10.67816352844238	
151	1.5	1594.445434570313	892.776062011719	-378.4888305664063	1380.22021484375	902.1987915039065	-295.6289978027344	1389.668701171875	910.582946777344	-191.0512847900391	1609.10888671875	892.6421508789065	-127.8937149047852	1518.923706054688	787.9554443359377	-435.5103454589845	1671.198120117188	448.1453857421876	-390.4604797363282	1676.987548828125	426.7191772460939	-267.7991638183594	1671.06396484375	389.7464904785157	-399.2923583984376	1729.23876953125	393.1266479492189	-350.5322265625001	1747.990356445313	71.81649017333986	-370.5153198242188	1777.0107421875	84.8638153076172	-293.3601379394532	1731.10888671875	11.23115539550781	-313.4697265625001	1892.086303710938	65.73880767822267	-319.6394958496094	1882.035034179688	73.76912689208986	-364.9091796875001	1842.610717773438	37.93241500854493	-400.7927551269532	1506.197509765625	800.868591308594	-64.49996948242189	1440.0732421875	435.3932495117189	-138.1732940673828	1421.346313476563	427.9574279785157	-266.0822753906251	1415.666137695313	384.0442199707032	-134.2529296875	1459.3837890625	366.3686218261719	-184.5353698730469	1313.523071289063	71.66993713378908	-177.418441772461	1336.114501953125	86.47629547119142	-260.3872070312501	1261.519653320313	31.33856964111329	-228.2417755126954	1438.660888671875	16.29757308959961	-249.8458404541016	1436.872192382813	28.97871780395509	-203.4559936523438	1386.032348632813	11.22096252441406	-151.1951904296875	1494.02001953125	1397.56787109375	-244.4185180664063	1389.662841796875	1160.965942382813	-246.8571929931641	1652.938354492188	1060.068969726563	-271.1168212890626	1605.149780273438	1312.271606445313	-259.8053894042969	1383.567138671875	1207.115112304688	-330.9906311035157	1427.22900390625	1335.0849609375	-343.6790466308594	1465.754760742188	1338.135986328125	-410.1643066406251	1512.406127929688	1344.289184570313	-427.5320739746095	1424.76416015625	1042.9775390625	-485.9671630859376	1413.103149414063	1038.682495117188	-408.0899353027345	1396.942016601563	1025.854858398438	-456.3264465332032	1478.052856445313	807.226501464844	-472.3250122070314	1407.038696289063	816.4376220703127	-507.8777770996095	1487.959594726563	741.8372802734376	-484.6660156250001	1395.390258789063	756.2003784179689	-508.155731201172	1392.9775390625	1203.4873046875	-164.236572265625	1440.953247070313	1325.748657226563	-162.0211029052735	1500.953857421875	1326.094604492188	-94.49404907226564	1550.390502929688	1329.793579101563	-82.48694610595705	1578.25146484375	1012.334228515625	-1.716143131256104	1531.751708984375	992.3264160156252	-58.77925872802736	1555.783813476563	977.0732421875002	-16.11308479309082	1720.922973632813	837.8610839843752	-48.23641586303712	1686.76806640625	823.1087036132815	1.97048032283783	1773.964111328125	775.516540527344	-49.94092941284181	1715.290283203125	760.9451293945314	8.177297592163088	
152	1.51	1606.205932617188	891.4813232421877	-379.4345092773438	1391.740234375	900.5930786132815	-297.1142883300782	1400.845581054688	909.2590942382815	-192.7964935302735	1620.234130859375	891.832702636719	-128.4133911132813	1530.445068359375	786.2615966796877	-436.4325256347657	1680.908569335938	445.9157714843751	-390.0865478515626	1685.3857421875	424.4071655273439	-267.1510314941407	1681.8447265625	387.5502014160157	-398.9491271972657	1740.27001953125	392.361541748047	-349.7016601562501	1767.432861328125	71.54306030273439	-369.1016235351563	1796.07861328125	85.46276092529298	-292.0939941406251	1751.899169921875	10.5598783493042	-311.9371643066407	1911.952758789063	68.69849395751955	-317.9024047851563	1901.78076171875	76.22888183593751	-363.1929626464844	1863.166748046875	39.37508392333985	-398.9564819335939	1516.530029296875	800.402526855469	-65.47399902343751	1446.997680664063	435.3804931640626	-138.4657135009766	1429.285766601563	427.9064941406251	-266.5685119628907	1421.819702148438	384.3677978515626	-134.6033782958985	1465.610961914063	365.8552856445313	-184.6450653076172	1314.341430664063	73.39337158203126	-177.3457794189453	1337.416748046875	87.81536102294923	-260.2090148925782	1261.778076171875	34.00419998168946	-228.2318420410157	1438.73828125	16.3670711517334	-249.7308654785157	1436.9140625	28.9940586090088	-203.3735656738282	1385.904174804688	11.29606723785401	-151.2728424072266	1505.035278320313	1396.111450195313	-245.4024505615235	1400.748168945313	1159.4892578125	-248.1376342773438	1663.84423828125	1058.854614257813	-272.1151123046876	1616.307006835938	1310.910400390625	-260.7244873046876	1394.767456054688	1205.648681640625	-332.1414489746094	1438.463134765625	1333.693115234375	-344.7728576660157	1477.067260742188	1336.77099609375	-411.1768493652345	1523.598999023438	1342.929077148438	-428.5574340820314	1434.506591796875	1042.066528320313	-486.484832763672	1423.258666992188	1037.931274414063	-408.4329528808595	1406.65673828125	1025.262329101563	-456.741424560547	1484.88623046875	805.7276000976565	-472.6149291992189	1414.109619140625	815.8245239257815	-508.5698547363282	1493.679321289063	740.0484619140626	-484.5208740234376	1401.50537109375	755.9174804687501	-508.7642517089845	1403.960327148438	1202.009399414063	-165.4055938720703	1451.921875	1324.271850585938	-163.0818328857422	1511.875	1324.526611328125	-95.51948547363283	1561.311157226563	1328.227783203125	-83.4737014770508	1591.056396484375	1010.840270996094	-3.235222339630128	1544.6884765625	990.5625000000002	-60.33158493041994	1568.85107421875	975.4089355468752	-17.64596557617188	1734.891235351563	837.4641113281252	-50.60734939575197	1701.068481445313	822.3972167968752	-0.3173829019069672	1788.35986328125	775.5018310546877	-52.64299392700197	1730.073608398438	760.4349975585939	5.696572303771974	
153	1.52	1618.103271484375	890.190856933594	-380.4151611328126	1403.349975585938	899.0792236328127	-298.6799621582032	1412.176635742188	908.019714355469	-194.5942382812501	1631.555297851563	891.072448730469	-129.0203399658203	1542.17431640625	784.625915527344	-437.4112548828126	1690.81689453125	443.7713012695314	-389.7388610839845	1694.247680664063	422.3641052246095	-266.5276794433594	1692.544189453125	385.4183654785157	-398.542938232422	1751.199584960938	391.4137573242189	-348.8594360351563	1784.36865234375	71.10650634765626	-367.4986877441407	1812.697387695313	85.66428375244142	-290.6201477050782	1769.633911132813	10.01822185516358	-310.1971130371094	1929.130004882813	70.32236480712892	-316.0798645019532	1918.872680664063	77.45531463623048	-361.3754577636719	1880.765258789063	39.96500396728516	-396.9688110351564	1527.099975585938	799.9443359375002	-66.52505493164064	1454.318969726563	435.350799560547	-138.7713928222657	1437.598754882813	427.7823791503907	-267.0293273925782	1428.34716796875	384.6806640625001	-134.9450225830078	1472.185302734375	365.2919006347657	-184.7586669921875	1315.21533203125	75.28890228271486	-177.11474609375	1338.759887695313	89.28212738037111	-259.9069824218751	1261.99267578125	36.94243621826173	-227.9982147216797	1438.713989257813	16.40813636779786	-249.5819702148438	1436.914428710938	29.00046730041505	-203.2854003906251	1385.741943359375	11.31532955169678	-151.3019561767578	1516.017822265625	1394.696533203125	-246.4717254638672	1411.921875	1158	-249.5234985351563	1674.877807617188	1057.776733398438	-273.1930541992188	1627.441040039063	1309.640869140625	-261.7207031250001	1405.99951171875	1204.190795898438	-333.3813171386719	1449.674438476563	1332.317993164063	-345.9400634765626	1488.351928710938	1335.443115234375	-412.2608337402345	1534.80859375	1341.636352539063	-429.657196044922	1444.449951171875	1041.165893554688	-487.1368103027345	1433.443359375	1037.211303710938	-408.9849243164064	1416.566284179688	1024.658447265625	-457.3002929687501	1491.973266601563	804.290710449219	-472.9696350097657	1421.544311523438	815.2572021484377	-509.4554748535157	1499.66748046875	738.3248291015626	-484.3879394531251	1407.961791992188	755.7001953125001	-509.5581665039064	1415.011596679688	1200.4892578125	-166.6952209472657	1462.861450195313	1322.799072265625	-164.2414245605469	1522.747680664063	1322.9921875	-96.64643859863284	1572.165893554688	1326.723876953125	-84.53995513916017	1603.585205078125	1009.398376464844	-4.82122564315796	1557.386108398438	988.8979492187502	-61.96664810180665	1581.644653320313	973.8162841796877	-19.25593376159668	1748.488403320313	837.0117187500002	-52.94763565063478	1714.978881835938	821.660339355469	-2.579774379730225	1802.342529296875	775.3963623046877	-55.28649139404298	1744.406127929688	759.8811645507814	3.246353387832642	
154	1.53	1630.116333007813	888.9074707031252	-381.4283447265626	1415.030395507813	897.689636230469	-300.3097839355469	1423.655883789063	906.869567871094	-196.4098052978516	1643.063842773438	890.3261718750002	-129.7267608642578	1554.092041015625	783.0823364257815	-438.437713623047	1700.993774414063	441.7749938964845	-389.4330444335939	1703.626953125	420.626190185547	-265.9617919921876	1703.233032226563	383.3973693847657	-398.1000366210939	1762.077026367188	390.303436279297	-348.0332336425782	1798.848388671875	70.42758941650392	-365.7996215820313	1826.90869140625	85.37236785888673	-288.9993896484376	1784.32470703125	9.525806427001955	-308.3659667968751	1943.6875	70.48056793212892	-314.1943969726563	1933.4072265625	77.32695770263673	-359.4884948730469	1895.481689453125	39.60354232788087	-394.8928527832032	1537.907592773438	799.4709472656252	-67.64660644531251	1462.059448242188	435.2770080566407	-139.1038360595703	1446.281127929688	427.5669860839845	-267.4663696289063	1435.26953125	384.9607238769532	-135.2866668701172	1479.115478515625	364.6551818847657	-184.8802032470703	1316.162109375	77.36785125732423	-176.7253723144532	1340.155639648438	90.87837982177736	-259.4723510742188	1262.190307617188	40.17073440551759	-227.5532531738282	1438.574096679688	16.40393829345703	-249.4033966064454	1436.862060546875	28.99166107177735	-203.1943054199219	1385.535034179688	11.27694702148438	-151.2908935546875	1526.963989257813	1393.339965820313	-247.6217498779297	1423.187133789063	1156.513549804688	-250.9988250732422	1686.054077148438	1056.836791992188	-274.3540649414063	1638.54150390625	1308.4775390625	-262.7980041503907	1417.255981445313	1202.7529296875	-334.6971435546876	1460.84716796875	1330.971923828125	-347.1697998046876	1499.584350585938	1334.162231445313	-413.4122009277345	1546.01123046875	1340.421020507813	-430.8301391601564	1454.564331054688	1040.282592773438	-487.9169311523439	1443.62255859375	1036.530395507813	-409.7468261718751	1426.647583007813	1024.048828125	-457.996307373047	1499.330444335938	802.9285888671877	-473.4132080078126	1429.338623046875	814.7363891601565	-510.5284423828126	1505.9482421875	736.6819458007814	-484.3053588867189	1414.769897460938	755.5402221679689	-510.5328369140626	1426.12841796875	1198.9482421875	-168.0906524658203	1473.7763671875	1321.349975585938	-165.4915008544922	1533.583984375	1321.507568359375	-97.86676025390628	1582.966796875	1325.295654296875	-85.68189239501955	1615.804809570313	1008.010925292969	-6.452091217041017	1569.814453125	987.3406982421877	-63.66652297973634	1594.134521484375	972.3059082031252	-20.92566108703614	1761.689697265625	836.5113525390627	-55.24304580688478	1728.4658203125	820.900085449219	-4.808391571044923	1815.89404296875	775.2130126953127	-57.85313796997072	1758.263305664063	759.2867431640626	0.8379070758819582	
155	1.54	1642.217895507813	887.6466064453127	-382.4736022949219	1426.764404296875	896.455261230469	-301.9828186035157	1435.274169921875	905.8115844726565	-198.2055664062501	1654.746215820313	889.5651855468752	-130.5463104248047	1566.170288085938	781.669128417969	-439.5032348632814	1711.490356445313	439.986297607422	-389.1864318847657	1713.534545898438	419.2115173339845	-265.4912109375001	1713.975830078125	381.5373535156251	-397.6531066894532	1772.940673828125	389.0638732910157	-347.2512512207032	1811.002319335938	69.47647094726564	-364.0977783203126	1838.830810546875	84.54991149902345	-287.2980346679688	1796.093994140625	9.040246009826662	-306.5587768554688	1955.76806640625	69.1440887451172	-312.2714233398438	1945.553833007813	75.81737518310548	-357.5691223144532	1907.47802734375	38.27706909179688	-392.7979431152345	1548.94970703125	798.9600830078127	-68.83154296875001	1470.25830078125	435.1320800781251	-139.4747772216797	1455.354125976563	427.2381896972657	-267.8834228515626	1442.623413085938	385.1883239746095	-135.6375427246094	1486.428344726563	363.9235839843751	-185.0079956054688	1317.220703125	79.65014648437501	-176.1848602294922	1341.644165039063	92.60894775390626	-258.8997497558594	1262.428588867188	43.71673965454102	-226.9256439208985	1438.31591796875	16.34251213073731	-249.2009277343751	1436.754638671875	28.96320533752442	-203.1027526855469	1385.282104492188	11.19101428985596	-151.2513427734375	1537.876708984375	1392.062133789063	-248.8453216552735	1434.545043945313	1155.05224609375	-252.5442810058594	1697.382568359375	1056.03515625	-275.5984191894532	1649.604614257813	1307.434448242188	-263.9580688476563	1428.531860351563	1201.351684570313	-336.0736389160157	1471.972412109375	1329.671875	-348.4505004882813	1510.747680664063	1332.941528320313	-414.6256408691407	1557.187133789063	1339.294189453125	-432.073455810547	1464.824829101563	1039.426513671875	-488.8174438476564	1453.782592773438	1035.894897460938	-410.7100524902345	1436.883666992188	1023.441650390625	-458.8203735351564	1506.982543945313	801.6553955078127	-473.9707946777345	1437.490966796875	814.2637329101565	-511.778289794922	1512.555908203125	735.1379394531251	-484.3153076171876	1421.946044921875	755.4296264648439	-511.6808166503907	1437.307739257813	1197.415893554688	-169.5727844238282	1484.6767578125	1319.948852539063	-166.8207702636719	1544.4013671875	1320.092895507813	-99.1697692871094	1593.73291015625	1323.958984375	-86.89361572265626	1627.69189453125	1006.682983398438	-8.109724044799806	1581.952514648438	985.8994140625002	-65.41617584228517	1606.298217773438	970.8897094726565	-22.64018058776856	1774.472290039063	835.9667968750002	-57.47841644287111	1741.496704101563	820.1167602539065	-6.994969844818117	1828.994506835938	774.9588012695315	-60.32274627685548	1771.618286132813	758.6522216796876	-1.516585469245911	
156	1.55	1654.378173828125	886.4378051757815	-383.5523681640626	1438.539672851563	895.4038085937502	-303.6746215820313	1447.021484375	904.847351074219	-199.9440612792969	1666.586669921875	888.770202636719	-131.4932556152344	1578.377075195313	780.4285888671877	-440.6000366210939	1722.337768554688	438.4584960937501	-389.0164489746095	1723.942260742188	418.1258850097657	-265.1547851562501	1724.829345703125	379.8894958496094	-397.2382812500001	1783.817749023438	387.7410888671876	-346.5386657714844	1821.029296875	68.2712860107422	-362.4794616699219	1848.648193359375	83.21971893310548	-285.5838317871094	1805.166381835938	8.553911209106447	-304.8808288574219	1965.578002929688	66.38884735107423	-310.3409118652344	1955.542114257813	72.99974060058595	-355.6603698730469	1916.990478515625	36.05824661254884	-390.7576293945314	1560.22314453125	798.3916015625002	-70.07276916503908	1478.97705078125	434.8905639648439	-139.8921813964844	1464.872314453125	426.7694091796876	-268.2845764160157	1450.466674804688	385.3476867675782	-136.0052185058594	1494.175659179688	363.0791625976563	-185.1329956054688	1318.45751953125	82.16552734375001	-175.5063781738282	1343.300415039063	94.4824905395508	-258.1873474121094	1262.80224609375	47.61987686157227	-226.1574707031251	1437.952270507813	16.22057151794434	-248.981430053711	1436.603759765625	28.91379928588868	-203.0126342773438	1384.996826171875	11.08281326293945	-151.1966400146485	1548.768432617188	1390.88671875	-250.1330261230469	1445.995849609375	1153.645385742188	-254.1373901367188	1708.870727539063	1055.371337890625	-276.9235229492188	1660.635131835938	1306.525024414063	-265.2001342773438	1439.827270507813	1200.010009765625	-337.4934692382813	1483.051025390625	1328.439453125	-349.7702026367188	1521.836669921875	1331.7978515625	-415.8943786621095	1568.324951171875	1338.268432617188	-433.3823242187501	1475.217041015625	1038.612060546875	-489.8299865722657	1463.936279296875	1035.3095703125	-411.8573608398439	1447.268188476563	1022.848510742188	-459.7623901367189	1514.966186523438	800.4871215820315	-474.6679687500001	1446.007690429688	813.842956542969	-513.1917114257814	1519.539428710938	733.7134399414064	-484.4633178710939	1429.518432617188	755.3622436523439	-512.9931030273439	1448.549926757813	1195.929931640625	-171.1185913085938	1495.580688476563	1318.625122070313	-168.2150115966797	1555.225463867188	1318.772705078125	-100.5423431396485	1604.493041992188	1322.733032226563	-88.16750335693361	1639.238159179688	1005.423889160156	-9.780673027038576	1593.79150390625	984.5856933593752	-67.20385742187501	1618.124389648438	969.5823364257815	-24.38760566711426	1786.8173828125	835.3787841796877	-59.63838195800783	1754.04296875	819.310729980469	-9.130953788757326	1841.62451171875	774.6342773437502	-62.67439651489259	1784.44287109375	757.9763183593751	-3.804201602935792	
157	1.56	1666.570068359375	885.323425292969	-384.667938232422	1450.352172851563	894.5589599609377	-305.3588867187501	1458.890869140625	903.977722167969	-201.5911407470704	1678.569946289063	887.9334716796877	-132.5816497802735	1590.679809570313	779.4048461914065	-441.7224731445314	1733.547729492188	437.2353820800782	-388.9385681152345	1734.791259765625	417.3681945800782	-264.9877929687501	1735.839965820313	378.5017700195313	-396.8913879394532	1794.7236328125	386.390594482422	-345.9151000976563	1829.18017578125	66.87056732177736	-361.0170898437501	1856.596313476563	81.45822906494142	-283.9211120605469	1811.851440429688	8.085598945617678	-303.4200439453126	1973.372192382813	62.38939285278322	-308.4371948242188	1963.644775390625	69.04128265380861	-353.8104553222657	1924.312744140625	33.09759140014649	-388.8460693359376	1571.727661132813	797.7481079101565	-71.36377716064455	1488.304321289063	434.5298767089845	-140.3582763671875	1474.92822265625	426.1295471191407	-268.6724243164063	1458.883178710938	385.4276428222657	-136.3935241699219	1502.438598632813	362.1082763671876	-185.2380523681641	1319.970703125	84.95345306396486	-174.7073822021485	1345.237670898438	96.51203918457034	-257.3363342285157	1263.445556640625	51.9314308166504	-225.2997589111329	1437.514892578125	16.04706382751465	-248.7521667480469	1436.438842773438	28.84652519226075	-202.9252014160157	1384.7138671875	10.99529647827149	-151.1395416259766	1559.662719726563	1389.839965820313	-251.4736328125001	1457.541259765625	1152.328979492188	-255.7529907226563	1720.525756835938	1054.845703125	-278.3247680664063	1671.650146484375	1305.762939453125	-266.5213012695313	1451.149047851563	1198.756469726563	-338.9380187988282	1494.096313476563	1327.3017578125	-351.1167907714844	1532.860961914063	1330.751831054688	-417.2099609375001	1579.42529296875	1337.359008789063	-434.7497558593751	1485.741821289063	1037.85693359375	-490.9465942382814	1474.124267578125	1034.778564453125	-413.1646423339845	1457.808837890625	1022.2841796875	-460.812469482422	1523.332763671875	799.4415283203127	-475.5301208496095	1454.908203125	813.4801025390627	-514.7540283203126	1526.965576171875	732.4314575195314	-484.7967224121095	1437.530029296875	755.3349609375001	-514.4605102539064	1459.862182617188	1194.533935546875	-172.7017364501953	1506.516479492188	1317.41259765625	-169.6573944091797	1566.09228515625	1317.576171875	-101.9692764282227	1615.287231445313	1321.639526367188	-89.49478912353517	1650.454345703125	1004.248901367188	-11.45633220672608	1605.337158203125	983.4161376953127	-69.02123260498048	1629.616088867188	968.4018554687502	-26.15960502624512	1798.713745117188	834.7454223632815	-61.70829391479494	1766.083740234375	818.4829101562502	-11.20738506317139	1853.766845703125	774.2332153320315	-64.88796234130861	1796.71142578125	757.2564697265626	-6.011678695678713	
158	1.57	1678.773803710938	884.3562011718752	-385.8255920410157	1462.208740234375	893.9388427734377	-307.0091247558594	1470.881225585938	903.2028808593752	-203.118881225586	1690.684204101563	887.0595703125002	-133.8245697021485	1603.050903320313	778.641052246094	-442.8681030273439	1745.1142578125	436.3472900390626	-388.9644775390626	1746.003295898438	416.9345092773439	-265.0170288085938	1747.040771484375	377.4137573242188	-396.6438293457032	1805.66259765625	385.0714721679689	-345.3929443359376	1835.735961914063	65.36070251464845	-359.7634582519532	1862.941162109375	79.3831024169922	-282.3655700683594	1816.5185546875	7.668992519378664	-302.2407836914063	1979.435302734375	57.40219116210939	-306.5969848632813	1970.15673828125	64.18772888183595	-352.0696716308594	1929.77392578125	29.60610580444337	-387.1327514648439	1583.469116210938	797.0152587890627	-72.6990203857422	1498.356811523438	434.0307617187501	-140.8684692382813	1485.65380859375	425.2835388183595	-269.0464782714844	1467.985229492188	385.4216613769532	-136.8009643554688	1511.330078125	361.0022277832032	-185.2983093261719	1321.889526367188	88.06163024902345	-173.8077850341797	1347.605834960938	98.71499633789065	-256.3504028320313	1264.530883789063	56.7128143310547	-224.4070587158204	1437.05712890625	15.84585475921631	-248.5197296142579	1436.310546875	28.76986122131348	-202.8410034179688	1384.491333007813	10.99014472961426	-151.0899047851563	1570.596069335938	1388.94921875	-252.8547668457032	1469.188110351563	1151.1435546875	-257.3639831542969	1732.358642578125	1054.459594726563	-279.7966613769532	1682.680419921875	1305.1611328125	-267.9165039062501	1462.513793945313	1197.624389648438	-340.3879699707032	1505.136352539063	1326.288452148438	-352.4785461425782	1543.846923828125	1329.828002929688	-418.562225341797	1590.504760742188	1336.583618164063	-436.1666564941407	1496.41845703125	1037.1826171875	-492.1607666015626	1484.414916992188	1034.306396484375	-414.6041564941407	1468.529907226563	1021.766357421875	-461.9621582031251	1532.150024414063	798.5382080078127	-476.5816345214845	1464.229248046875	813.1836547851565	-516.4509887695314	1534.920043945313	731.3164062500001	-485.3627014160157	1446.042114257813	755.3475952148439	-516.0753173828126	1471.261352539063	1193.275634765625	-174.2935791015625	1517.523803710938	1316.347534179688	-171.129135131836	1577.048706054688	1316.535400390625	-103.4338607788086	1626.16796875	1320.703125	-90.86627197265626	1661.373901367188	1003.179565429688	-13.13268852233887	1616.612182617188	982.413269042969	-70.86327362060548	1640.792724609375	967.3699340820315	-27.95158576965333	1810.160888671875	834.0630493164065	-63.67530441284181	1777.60986328125	817.635925292969	-13.21504306793213	1865.409301757813	773.7429809570315	-66.94594573974611	1808.403930664063	756.4899291992189	-8.126046180725099	
159	1.58	1690.9814453125	883.5950317382815	-387.0331115722657	1474.128051757813	893.5545043945315	-308.6006164550782	1483.00048828125	902.5222778320315	-204.5081481933594	1702.92431640625	886.1646118164065	-135.2332611083985	1615.470581054688	778.1755981445315	-444.0389709472657	1757.014526367188	435.8071594238282	-389.1002502441407	1757.492309570313	416.819793701172	-265.2565917968751	1758.447998046875	376.6507568359376	-396.5191650390626	1816.628051757813	383.8386840820313	-344.9769897460938	1840.985595703125	63.84054946899415	-358.7478332519532	1867.95849609375	77.13632202148439	-280.9598999023438	1819.567626953125	7.340394020080568	-301.3801574707032	1984.062133789063	51.74024581909181	-304.8557434082032	1975.374267578125	58.7391700744629	-350.4861145019532	1933.715209960938	25.83097839355469	-385.6763610839845	1595.461303710938	796.1817016601565	-74.07418823242189	1509.27734375	433.3773498535157	-141.4109802246094	1497.216918945313	424.1934204101564	-269.4022827148438	1477.911987304688	385.3270874023439	-137.219711303711	1520.991943359375	359.7567443847657	-185.2831115722657	1324.371948242188	91.54294586181642	-172.8280792236328	1350.5849609375	101.1124801635742	-255.2347259521485	1266.261840820313	62.0317840576172	-223.5315093994141	1436.653442382813	15.65691471099854	-248.2889251708985	1436.290771484375	28.6982822418213	-202.7597961425782	1384.41259765625	11.14675521850586	-151.0525054931641	1581.617309570313	1388.240600585938	-254.2635955810547	1480.950561523438	1150.132080078125	-258.9424743652344	1744.385986328125	1054.214965820313	-281.3340148925782	1693.771362304688	1304.731323242188	-269.3791503906251	1473.9482421875	1196.649536132813	-341.8239440917969	1516.213989257813	1325.431274414063	-353.8443603515626	1554.838989257813	1329.052490234375	-419.9395751953126	1601.597045898438	1335.961791992188	-437.6219177246095	1507.286499023438	1036.612426757813	-493.4679260253907	1494.89892578125	1033.899291992188	-416.1477661132814	1479.473388671875	1021.314819335938	-463.2054443359376	1541.5009765625	797.7974853515627	-477.8448486328126	1474.025756835938	812.9644165039065	-518.2702026367189	1543.506103515625	730.3929443359376	-486.2059936523439	1455.133422851563	755.4033813476564	-517.8322753906251	1482.775634765625	1192.20263671875	-175.864486694336	1528.653564453125	1315.466186523438	-172.6102752685547	1588.153564453125	1315.683959960938	-104.9187088012696	1637.199829101563	1319.948974609375	-92.27309417724611	1672.052856445313	1002.242614746094	-14.80963039398194	1627.65625	981.605163574219	-72.72779083251955	1651.691162109375	966.5109863281252	-29.76252746582032	1821.171875	833.3269653320315	-65.52937316894533	1788.62646484375	816.7745361328127	-15.14482784271241	1876.547485351563	773.1455078125002	-68.83529663085939	1819.510498046875	755.6741943359376	-10.13545894622803	
160	1.59	1703.199584960938	883.0994873046877	-388.3006896972657	1486.140991210938	893.4090576171877	-310.1123352050782	1495.266723632813	901.9343261718752	-205.7502899169922	1715.293334960938	885.2742309570315	-136.8164520263672	1627.9296875	778.0379638671877	-445.2422790527345	1769.211181640625	435.6071166992189	-389.345428466797	1769.176025390625	417.0169067382814	-265.7051391601563	1770.058715820313	376.2189331054688	-396.5300292968751	1827.604248046875	382.7351684570313	-344.6646728515626	1845.20361328125	62.40599822998048	-357.9747619628907	1871.913452148438	74.86566162109376	-279.7304077148438	1821.397216796875	7.128242969512941	-300.8466491699219	1987.538818359375	45.74201202392579	-303.2438659667969	1979.575561523438	53.02002334594728	-349.1003417968751	1936.468383789063	22.02770233154297	-384.5188598632814	1607.725219726563	795.2390136718752	-75.48621368408205	1521.226318359375	432.5570678710939	-141.9677124023438	1509.810913085938	422.8204345703126	-269.7315979003907	1488.82275390625	385.1438903808595	-137.6358032226563	1531.587768554688	358.3712768554688	-185.1589508056641	1327.594848632813	95.45098114013673	-171.787826538086	1354.373168945313	103.7277450561524	-253.9954986572266	1268.860961914063	67.95669555664064	-222.7174072265626	1436.396850585938	15.53542804718018	-248.0618438720704	1436.470581054688	28.65219116210938	-202.6806793212891	1384.582885742188	11.55863285064697	-151.0254821777344	1592.784912109375	1387.737060546875	-255.6875610351563	1492.85107421875	1149.335083007813	-260.4609069824219	1756.631713867188	1054.114379882813	-282.9328613281251	1704.980224609375	1304.482666015625	-270.9015197753907	1485.489501953125	1195.86669921875	-343.2275695800782	1527.38525390625	1324.760009765625	-355.2042541503907	1565.897338867188	1328.451293945313	-421.3291931152345	1612.751708984375	1335.51416015625	-439.1029663085939	1518.403564453125	1036.170166015625	-494.8656311035157	1505.681884765625	1033.56494140625	-417.7703552246095	1490.696533203125	1020.949829101563	-464.5390930175782	1551.48095703125	797.2395019531252	-479.3390197753907	1484.369506835938	812.8344726562502	-520.2026977539064	1552.839233398438	729.6842651367189	-487.3660583496095	1464.896850585938	755.5075683593751	-519.7293090820314	1494.44482421875	1191.35888671875	-177.3854675292969	1539.966186523438	1314.801879882813	-174.0809478759766	1599.474365234375	1315.05419921875	-106.4067840576172	1648.457153320313	1319.401245117188	-93.70741271972658	1682.569213867188	1001.468383789063	-16.48991584777832	1638.524658203125	981.023864746094	-74.61474609375001	1662.365234375	965.850524902344	-31.59444618225098	1831.774291992188	832.5325927734377	-67.26421356201173	1799.1552734375	815.9055786132815	-16.98832893371582	1887.1875	772.4191894531252	-70.54904174804689	1830.034545898438	754.8078002929689	-12.03015041351319	
161	1.6	1715.449462890625	882.9236450195315	-389.6406555175782	1498.287231445313	893.4968872070315	-311.5285644531251	1507.707763671875	901.4356079101565	-206.8477172851563	1727.801879882813	884.4202270507815	-138.5793609619141	1640.430053710938	778.2451782226565	-446.4904785156251	1781.652709960938	435.7170715332032	-389.6927795410157	1780.984130859375	417.5136108398439	-266.3454284667969	1781.8486328125	376.1021118164063	-396.6770935058595	1838.5673828125	381.7856445312501	-344.4472045898438	1848.634155273438	61.13680267333986	-357.4253540039063	1875.04541015625	72.7072219848633	-278.6855468750001	1822.3779296875	7.046297550201418	-300.6220397949219	1990.127319335938	39.73845291137696	-301.7829895019532	1983.006469726563	47.34707641601563	-347.9411926269532	1938.337280273438	18.43247413635254	-383.6809082031251	1620.287719726563	794.181335449219	-76.93308258056642	1534.368286132813	431.5604248046876	-142.5161285400391	1523.638427734375	421.1279602050782	-270.0231933593751	1500.884399414063	384.873260498047	-138.0303039550782	1543.288940429688	356.8480529785157	-184.8936309814453	1331.740112304688	99.83443450927737	-170.7044067382813	1359.169677734375	106.5837326049805	-252.639389038086	1272.551147460938	74.54902648925783	-221.9967956542969	1436.392822265625	15.54847526550293	-247.8371582031251	1436.953979492188	28.6569938659668	-202.6020202636719	1385.1220703125	12.32689571380616	-150.999755859375	1604.163208007813	1387.455078125	-257.1151428222657	1504.92041015625	1148.787719726563	-261.8939514160157	1769.12548828125	1054.159545898438	-284.5911865234376	1716.372802734375	1304.421020507813	-272.4750061035157	1497.1826171875	1195.305908203125	-344.5822753906251	1538.715087890625	1324.299682617188	-356.5496520996094	1577.0927734375	1328.047729492188	-422.7180175781251	1624.03076171875	1335.259765625	-440.5965576171876	1529.839965820313	1035.877319335938	-496.3533630371095	1516.873291015625	1033.3125	-419.4522399902345	1502.26708984375	1020.690185546875	-465.9627685546876	1562.189208984375	796.8818969726565	-481.0788879394532	1495.3427734375	812.8057250976565	-522.2427978515626	1563.037963867188	729.2097778320314	-488.8740539550782	1475.431884765625	755.6663208007814	-521.7673339843751	1506.317138671875	1190.780395507813	-178.8300476074219	1551.527221679688	1314.381103515625	-175.5226593017578	1611.0830078125	1314.67333984375	-107.8824615478516	1660.01806640625	1319.080322265625	-95.16287994384767	1693.016967773438	1000.887145996094	-18.17790794372559	1649.28466796875	980.7020263671877	-76.52522277832033	1672.8818359375	965.4118652343752	-33.45151901245118	1842.010986328125	831.6759033203127	-68.87786102294923	1809.235229492188	815.037536621094	-18.73851203918457	1897.347534179688	771.5410156250002	-72.08737945556642	1839.994995117188	753.8902587890626	-13.80337810516358	
162	1.61	1727.763793945313	883.109802246094	-391.0663146972657	1510.610229492188	893.8033447265627	-312.8400878906251	1520.356811523438	901.0208740234377	-207.8133697509766	1740.466186523438	883.6363525390627	-140.5227355957032	1652.982177734375	778.7991333007815	-447.7999877929689	1794.275146484375	436.0857238769532	-390.1293945312501	1792.862182617188	418.2889404296876	-267.1460876464844	1793.772583007813	376.2617492675782	-396.9493408203126	1849.487670898438	380.9933776855469	-344.3111877441407	1851.48046875	60.08771896362306	-357.0617675781251	1877.557861328125	70.7714309692383	-277.8168640136719	1822.829467773438	7.091263294219972	-300.6658630371094	1992.0556640625	34.02267837524415	-300.4837341308594	1985.8720703125	41.99972915649415	-347.0224609375001	1939.584228515625	15.23885154724121	-383.1598205566407	1633.175415039063	793.0059814453127	-78.41342163085939	1548.851318359375	430.3812866210939	-143.0321197509766	1538.8876953125	419.0855407714845	-270.2650146484376	1514.252075195313	384.5166931152345	-138.3816986083985	1556.254638671875	355.1913757324219	-184.4606170654297	1336.976196289063	104.7307357788086	-169.59228515625	1365.15283203125	109.6998138427735	-251.1734161376954	1277.534057617188	81.85459136962892	-221.3868560791016	1436.750366210938	15.76920509338379	-247.6100463867188	1437.849365234375	28.74114990234376	-202.5214996337891	1386.154174804688	13.55103492736817	-150.9596099853516	1615.81494140625	1387.402587890625	-258.5363464355469	1517.193237304688	1148.514282226563	-263.2199096679688	1781.899047851563	1054.350341796875	-286.3087768554688	1728.015869140625	1304.546997070313	-274.0906066894532	1509.07568359375	1194.988525390625	-345.8744812011719	1550.270629882813	1324.067260742188	-357.8737487792969	1588.499755859375	1327.859008789063	-424.0934143066407	1635.501098632813	1335.2138671875	-442.0895080566407	1541.66943359375	1035.750854492188	-497.9316711425782	1528.573974609375	1033.151611328125	-421.1804199218751	1514.254150390625	1020.551025390625	-467.4781494140626	1573.7177734375	796.738220214844	-483.0730285644532	1507.027709960938	812.8880004882815	-524.3881225585939	1574.209716796875	728.9829101562501	-490.7497863769532	1486.832153320313	755.8852539062501	-523.9487915039064	1518.443481445313	1190.4912109375	-180.1761932373047	1563.400146484375	1314.221313476563	-176.9197235107422	1623.047973632813	1314.560791015625	-109.3324737548828	1671.95654296875	1318.999877929688	-96.6347579956055	1703.498291015625	1000.525756835938	-19.87818908691407	1660.00927734375	980.6687011718752	-78.46029663085939	1683.316040039063	965.2134399414065	-35.33886337280274	1851.936889648438	830.7546386718752	-70.37287902832033	1818.919799804688	814.1798095703127	-20.39037704467774	1907.05810546875	770.4895019531252	-73.4580535888672	1849.427368164063	752.9226074218751	-15.45220851898194	
