PathFileType	4	(X/Y/Z)	..\data\2014014\dynamic\2014014_C4_04.trc
DataRate	CameraRate	NumFrames	NumMarkers	Units	OrigDataRate	OrigDataStartFrame	OrigNumFrames
100.000000	100.000000	178	48	mm	100.000000	0	178
Frame#	Time	L_IAS			L_IPS			R_IPS			R_IAS			L_FTC			L_FLE			L_FME			L_FAX			L_TTC			L_FAL			L_TAM			L_FCC			L_FM1			L_FM2			L_FM5			R_FTC			R_FLE			R_FME			R_FAX			R_TTC			R_FAL			R_TAM			R_FCC			R_FM1			R_FM2			R_FM5			CV7			TV10			SXS			SJN			L_SAA			L_SAE			L_HLE			L_HME			L_UOA			L_RSP			L_UHE			L_HM2			L_HM5			R_SAA			R_SAE			R_HLE			R_HME			R_UOA			R_RSP			R_UHE			R_HM2			R_HM5			
		X1	Y1	Z1	X2	Y2	Z2	X3	Y3	Z3	X4	Y4	Z4	X5	Y5	Z5	X6	Y6	Z6	X7	Y7	Z7	X8	Y8	Z8	X9	Y9	Z9	X10	Y10	Z10	X11	Y11	Z11	X12	Y12	Z12	X13	Y13	Z13	X14	Y14	Z14	X15	Y15	Z15	X16	Y16	Z16	X17	Y17	Z17	X18	Y18	Z18	X19	Y19	Z19	X20	Y20	Z20	X21	Y21	Z21	X22	Y22	Z22	X23	Y23	Z23	X24	Y24	Z24	X25	Y25	Z25	X26	Y26	Z26	X27	Y27	Z27	X28	Y28	Z28	X29	Y29	Z29	X30	Y30	Z30	X31	Y31	Z31	X32	Y32	Z32	X33	Y33	Z33	X34	Y34	Z34	X35	Y35	Z35	X36	Y36	Z36	X37	Y37	Z37	X38	Y38	Z38	X39	Y39	Z39	X40	Y40	Z40	X41	Y41	Z41	X42	Y42	Z42	X43	Y43	Z43	X44	Y44	Z44	X45	Y45	Z45	X46	Y46	Z46	X47	Y47	Z47	X48	Y48	Z48	

1	0	-60.99525070190431	979.818786621094	-119.7296566040048	-273.4064025878907	996.0740966796877	-28.94627714519412	-274.7042236328126	996.4309082031252	68.94627714519412	-75.98196411132814	976.2182617187502	159.7296566040048	-125.2886352539063	881.1781005859377	-168.8364664171059	-6.093544006347658	488.2123413085939	-132.8068082918402	-3.44633960723877	483.743621826172	4.73616952572034	-4.088702678680421	427.5477294921876	-127.5034208841393	69.18718719482423	440.8824462890626	-68.54266881243612	120.005355834961	71.66482543945314	-119.3286701318263	140.2412109375	113.4708633422852	-17.89666597850206	93.23164367675783	11.63738346099854	-63.35014095580774	282.6725769042969	77.17832946777345	-34.67283560363096	276.9315795898438	93.10317993164064	-75.85478284948589	239.3297576904297	54.05308151245119	-136.6788472364645	-165.4353790283203	877.6595458984377	201.77977018891	-269.3423156738282	482.5564880371095	168.1761551397474	-227.0466308593751	482.3538513183595	39.89448362637252	-305.0410156250001	434.9144897460939	167.9111784980278	-235.3838653564454	408.0279846191407	108.8162272066081	-418.6920471191407	73.60137176513673	159.7178475624646	-366.3431701660157	95.83242797851564	58.05492402872793	-450.8403625488282	38.42320251464844	103.5203760469626	-251.2748260498047	18.72437477111817	74.31989194537282	-249.4039916992188	33.73353958129884	116.2531535677032	-299.8034667968751	15.00624752044678	178.1868656505937	-204.9038543701172	1521.555419921875	22.33197663849248	-306.8487854003907	1280.801635742188	22.33197663849248	-37.52777481079102	1238.932861328125	22.33197663849248	-81.45603942871095	1422.926879882813	22.23227489079067	-244.9600982666016	1450.118896484375	-219.6455385149378	-200.1047515869141	1444.85205078125	-176.1371861577316	-259.3485717773438	1111.319946289063	-258.8717543254914	-286.4119567871094	1105.946411132813	-174.535390332801	-299.0031433105469	1099.144897460938	-210.2361499973812	-217.0373535156251	842.3384399414065	-239.5967179865834	-290.7434387207032	857.8809204101565	-265.4190523397495	-210.2659759521485	752.0491943359376	-244.7565623451693	-314.9712829589844	776.5660400390627	-246.8581665756566	-200.9007568359376	1423.066284179688	259.6455385149378	-156.8958740234375	1419.62060546875	216.1373355492392	-116.0267181396485	1088.3916015625	304.6079114146845	-146.8584899902344	1063.01318359375	207.9388096802291	-155.0462799072266	1055.743041992188	248.860189315611	46.91129684448243	876.1724243164065	279.4189228109762	-10.76162624359131	860.4185180664065	306.295032088454	112.932357788086	809.7282714843752	285.0291244398524	18.56393814086914	765.9212646484376	287.1250341336798	
2	0.01	-48.76596069335939	978.0665283203127	-119.7296566040048	-261.5197448730469	994.6121215820315	-28.94627714519412	-262.8506164550782	995.0576782226565	68.94627714519412	-64.47578430175783	974.9101562500002	159.7296566040048	-113.0008392333985	879.4592285156252	-168.8364664171059	3.797758102416993	486.395965576172	-132.8068082918402	4.87942934036255	481.9850158691407	4.73616952572034	6.964298248291017	426.1278381347657	-127.5034208841393	79.50088500976564	440.4456787109376	-68.54266881243612	136.6627807617188	72.2160110473633	-119.3286701318263	155.126708984375	113.7607498168946	-17.89666597850206	109.6919555664063	11.82617473602295	-63.35014095580774	298.2583312988282	79.38044738769533	-34.67283560363096	293.3366088867188	94.97438812255861	-75.85478284948589	256.8269653320313	55.54037094116212	-136.6788472364645	-154.5142669677735	876.6486816406252	201.77977018891	-261.1179809570313	482.3652648925782	168.1761551397474	-218.1255035400391	481.4552612304689	39.89448362637252	-297.4894104003907	435.203582763672	167.9111784980278	-228.1534271240235	407.2230834960939	108.8162272066081	-417.6886596679689	75.76673889160158	159.7178475624646	-365.3285522460938	97.53149414062503	58.05492402872793	-450.6678466796876	41.34588241577149	103.5203760469626	-251.1037902832032	18.68280601501465	74.31989194537282	-249.1517028808594	33.82021713256837	116.2531535677032	-299.7789611816407	15.17173194885254	178.1868656505937	-193.7088165283204	1520.093872070313	22.33197663849248	-295.3811645507813	1279.232177734375	22.33197663849248	-25.82705307006837	1237.784301757813	22.33197663849248	-70.15940856933595	1421.589477539063	22.23227489079067	-233.5001220703126	1448.180053710938	-219.6455385149378	-188.6851959228516	1442.864379882813	-176.1371861577316	-248.6968536376954	1109.317504882813	-258.8717543254914	-275.5166320800782	1104.1728515625	-174.535390332801	-288.2463684082032	1097.297729492188	-210.2361499973812	-207.461654663086	840.2811279296877	-239.5967179865834	-281.1457519531251	855.9930419921877	-265.4190523397495	-201.1839294433594	749.7568359375001	-244.7565623451693	-305.7776794433594	774.7391357421877	-246.8581665756566	-189.8875122070313	1421.921142578125	259.6455385149378	-145.8192749023438	1418.495727539063	216.1373355492392	-104.5420761108399	1087.706420898438	304.6079114146845	-135.089111328125	1061.945556640625	207.9388096802291	-143.4327850341797	1054.825805664063	248.860189315611	59.34615707397462	876.070251464844	279.4189228109762	1.705152988433838	860.1294555664065	306.295032088454	125.7092437744141	810.1929321289065	285.0291244398524	31.54981994628907	765.8432617187501	287.1250341336798	
3	0.02	-36.35239410400391	976.5407714843752	-119.7296566040048	-249.4261322021485	993.3206176757815	-28.94627714519412	-250.7920379638672	993.7930297851565	68.94627714519412	-52.73451995849611	973.712585449219	159.7296566040048	-100.4310836791992	878.089050292969	-168.8364664171059	14.09387111663819	484.877899169922	-132.8068082918402	13.61025905609131	480.4870605468751	4.73616952572034	17.9980640411377	424.8784484863282	-127.5034208841393	89.78682708740236	439.8169250488282	-68.54266881243612	150.7840270996094	72.3838577270508	-119.3286701318263	167.7291717529297	113.5387420654297	-17.89666597850206	122.98388671875	12.17612934112549	-63.35014095580774	311.2207641601563	80.02475738525392	-34.67283560363096	307.2035217285157	95.23705291748048	-75.85478284948589	271.4427185058594	55.68007278442384	-136.6788472364645	-143.3724517822266	875.7269287109377	201.77977018891	-252.4855499267579	482.2246398925782	168.1761551397474	-208.8192749023438	480.5597534179689	39.89448362637252	-289.5301818847657	435.5616455078126	167.9111784980278	-220.5625305175782	406.434539794922	108.8162272066081	-416.5509643554689	78.18006134033205	159.7178475624646	-364.2577819824219	99.453483581543	58.05492402872793	-450.5210571289064	44.68209075927735	103.5203760469626	-250.969711303711	18.60574531555176	74.31989194537282	-248.9039154052735	33.89336013793946	116.2531535677032	-299.7289428710938	15.22783660888672	178.1868656505937	-182.4617309570313	1518.755249023438	22.33197663849248	-283.8132629394532	1277.751953125	22.33197663849248	-14.01826667785645	1236.779174804688	22.33197663849248	-58.79052734375001	1420.3837890625	22.23227489079067	-221.9286041259766	1446.341064453125	-219.6455385149378	-177.1474609375	1440.958862304688	-176.1371861577316	-237.6636505126954	1107.337768554688	-258.8717543254914	-264.3683776855469	1102.418090820313	-174.535390332801	-277.1338500976563	1095.453491210938	-210.2361499973812	-197.4432067871094	838.2820434570315	-239.5967179865834	-271.0677795410157	854.1157836914065	-265.4190523397495	-191.5924530029297	747.5509643554689	-244.7565623451693	-296.0490417480469	772.9204711914065	-246.8581665756566	-178.9398193359375	1420.880737304688	259.6455385149378	-134.7403869628907	1417.455322265625	216.1373355492392	-93.21319580078126	1087.038208007813	304.6079114146845	-123.4151153564453	1060.941772460938	207.9388096802291	-131.9800872802735	1053.967651367188	248.860189315611	71.41492462158205	875.8892822265627	279.4189228109762	13.79329872131348	859.7519531250002	306.295032088454	138.02734375	810.4070434570315	285.0291244398524	43.98516845703126	765.6543579101564	287.1250341336798	
4	0.03	-23.76184463500977	975.3227539062502	-119.7296566040048	-237.1363220214844	992.2465820312502	-28.94627714519412	-238.527816772461	992.6646118164065	68.94627714519412	-40.74817657470704	972.6513671875002	159.7296566040048	-87.58164215087892	877.1455688476565	-168.8364664171059	24.77045249938966	483.6889953613282	-132.8068082918402	22.79209327697754	479.2864379882814	4.73616952572034	29.00134849548341	423.8127441406251	-127.5034208841393	100.0645065307617	439.022430419922	-68.54266881243612	162.5453186035157	72.1137161254883	-119.3286701318263	178.2402038574219	112.7953491210938	-17.89666597850206	133.3049774169922	12.63767337799073	-63.35014095580774	321.7682189941407	79.08412170410158	-34.67283560363096	318.7275695800782	93.86325073242189	-75.85478284948589	283.3501892089844	54.42958068847658	-136.6788472364645	-131.966064453125	874.900573730469	201.77977018891	-243.3552246093751	482.1216735839845	168.1761551397474	-199.0874023437501	479.6639709472657	39.89448362637252	-281.1098632812501	435.984344482422	167.9111784980278	-212.5542602539063	405.6587524414064	108.8162272066081	-415.2315368652345	80.86536407470705	159.7178475624646	-363.0450134277344	101.6076354980469	58.05492402872793	-450.3188781738282	48.47497558593751	103.5203760469626	-250.8855895996094	18.47181129455567	74.31989194537282	-248.6713867187501	33.92690658569337	116.2531535677032	-299.6684875488282	15.14642143249512	178.1868656505937	-171.1619110107422	1517.578002929688	22.33197663849248	-272.1491088867188	1276.400390625	22.33197663849248	-2.114525556564331	1235.95068359375	22.33197663849248	-47.35207748413087	1419.349975585938	22.23227489079067	-210.2628936767579	1444.640991210938	-219.6455385149378	-165.5074310302735	1439.175659179688	-176.1371861577316	-226.2353820800782	1105.415405273438	-258.8717543254914	-252.9489288330079	1100.712036132813	-174.535390332801	-265.6521606445313	1093.64501953125	-210.2361499973812	-186.9684295654297	836.3709106445315	-239.5967179865834	-260.4997558593751	852.2856445312502	-265.4190523397495	-181.4846343994141	745.4650268554689	-244.7565623451693	-285.7756652832032	771.149353027344	-246.8581665756566	-168.057846069336	1419.992553710938	259.6455385149378	-123.6426315307617	1416.542236328125	216.1373355492392	-82.04286193847658	1086.423583984375	304.6079114146845	-111.845573425293	1060.039428710938	207.9388096802291	-120.6948547363282	1053.2080078125	248.860189315611	83.11038208007814	875.6323852539065	279.4189228109762	25.47107696533204	859.3157348632815	306.295032088454	149.8682861328125	810.3935546875002	285.0291244398524	55.84720611572267	765.3756103515626	287.1250341336798	
5	0.04	-11.01074314117432	974.4855957031252	-119.7296566040048	-224.6694793701172	991.432800292969	-28.94627714519412	-226.0643920898438	991.6971435546877	68.94627714519412	-28.51343727111817	971.750915527344	159.7296566040048	-74.46821594238283	876.6926879882815	-168.8364664171059	35.78750610351563	482.858612060547	-132.8068082918402	32.44468307495118	478.4261474609376	4.73616952572034	39.96816635131837	422.957244873047	-127.5034208841393	110.3494186401367	438.1148376464845	-68.54266881243612	172.1761474609375	71.41567993164064	-119.3286701318263	186.8921966552735	111.5822448730469	-17.89666597850206	140.9472198486328	13.18221378326416	-63.35014095580774	330.1551513671876	76.65116119384767	-34.67283560363096	328.1535034179688	90.95278167724611	-75.85478284948589	292.7914733886719	51.87310791015626	-136.6788472364645	-120.2493209838867	874.170593261719	201.77977018891	-233.6243743896485	482.0356445312501	168.1761551397474	-188.8647613525391	478.755340576172	39.89448362637252	-272.1567077636719	436.460418701172	167.9111784980278	-204.0506134033204	404.887664794922	108.8162272066081	-413.6671447753907	83.85311126708986	159.7178475624646	-361.5856018066407	104.0029067993164	58.05492402872793	-449.9514465332032	52.77411270141603	103.5203760469626	-250.8676300048829	18.26390266418457	74.31989194537282	-248.4675750732422	33.89524459838868	116.2531535677032	-299.6155090332032	14.91416454315186	178.1868656505937	-159.8106384277344	1516.598876953125	22.33197663849248	-260.3957824707032	1275.216186523438	22.33197663849248	9.868583679199221	1235.331665039063	22.33197663849248	-35.84990692138673	1418.527221679688	22.23227489079067	-198.5230407714844	1443.119018554688	-219.6455385149378	-153.7830352783203	1437.556640625	-176.1371861577316	-214.4056854248047	1103.589721679688	-258.8717543254914	-241.2418975830079	1099.089599609375	-174.535390332801	-253.7935485839844	1091.909912109375	-210.2361499973812	-176.0243530273438	834.581237792969	-239.5967179865834	-249.4320373535157	850.5435180664065	-265.4190523397495	-170.8530426025391	743.5340576171876	-244.7565623451693	-274.9481811523438	769.4687500000002	-246.8581665756566	-157.2360076904297	1419.30517578125	259.6455385149378	-112.5091552734375	1415.801879882813	216.1373355492392	-71.03201293945314	1085.904174804688	304.6079114146845	-100.3880920410157	1059.282104492188	207.9388096802291	-109.5825653076172	1052.591796875	248.860189315611	94.42569732666017	875.3059082031252	279.4189228109762	36.70256423950196	858.8566894531252	306.295032088454	161.2124328613282	810.1805419921877	285.0291244398524	67.11460113525392	765.0324707031251	287.1250341336798	
6	0.05	1.874871730804444	974.0891723632815	-119.7296566040048	-212.0523834228516	990.915222167969	-28.94627714519412	-213.4166564941407	990.9112548828127	68.94627714519412	-16.03612327575684	971.032165527344	159.7296566040048	-61.12211227416994	876.7752075195315	-168.8364664171059	47.09226226806641	482.411834716797	-132.8068082918402	42.55703353881837	477.950408935547	4.73616952572034	50.89622116088869	422.347381591797	-127.5034208841393	120.6501617431641	437.1669006347657	-68.54266881243612	179.9413146972657	70.35473632812501	-119.3286701318263	193.9401092529297	110.0003280639649	-17.89666597850206	146.2761383056641	13.79374313354493	-63.35014095580774	336.6657714843751	72.92597961425783	-34.67283560363096	335.7586364746094	86.72222137451173	-75.85478284948589	300.0609130859376	48.21071624755861	-136.6788472364645	-108.1801376342774	873.532653808594	201.77977018891	-223.1813507080079	481.9378662109376	168.1761551397474	-178.0613250732422	477.810760498047	39.89448362637252	-262.5811462402344	436.9712829589845	167.9111784980278	-194.9546966552735	404.107879638672	108.8162272066081	-411.7777099609376	87.18074798583986	159.7178475624646	-359.7602844238282	106.6496200561524	58.05492402872793	-449.2828063964845	57.63556289672853	103.5203760469626	-250.9336395263672	17.97457695007325	74.31989194537282	-248.3067016601563	33.77744674682618	116.2531535677032	-299.5870971679688	14.53967761993409	178.1868656505937	-148.4115295410157	1515.8505859375	22.33197663849248	-248.5634460449219	1274.234252929688	22.33197663849248	21.9136028289795	1234.952758789063	22.33197663849248	-24.29272079467774	1417.95068359375	22.23227489079067	-186.7307891845703	1441.81201171875	-219.6455385149378	-141.9936065673828	1436.143432617188	-176.1371861577316	-202.1764831542969	1101.90283203125	-258.8717543254914	-229.2346954345704	1097.588745117188	-174.535390332801	-241.5570220947266	1090.287841796875	-210.2361499973812	-164.5986938476563	832.948913574219	-239.5967179865834	-237.8551483154297	848.9324951171877	-265.4190523397495	-159.6890411376953	741.7930297851564	-244.7565623451693	-263.5576171875001	767.9224853515626	-246.8581665756566	-146.4615478515625	1418.865112304688	259.6455385149378	-101.3239212036133	1415.279663085938	216.1373355492392	-60.17958450317384	1085.523803710938	304.6079114146845	-89.04864501953126	1058.717529296875	207.9388096802291	-98.6470642089844	1052.1669921875	248.860189315611	105.3533020019532	874.9209594726565	279.4189228109762	47.45087432861329	858.4146118164065	306.295032088454	172.0402984619141	809.7993164062502	285.0291244398524	77.76796722412111	764.6538696289064	287.1250341336798	
7	0.06	14.8598918914795	974.1745605468752	-119.7296566040048	-199.3181762695313	990.720153808594	-28.94627714519412	-200.6089324951172	990.3220825195315	68.94627714519412	-3.333358526229859	970.5108642578127	159.7296566040048	-47.59114074707032	877.4139404296877	-168.8364664171059	58.62114334106447	482.3649902343751	-132.8068082918402	53.0853958129883	477.8970336914064	4.73616952572034	61.78325653076173	422.0198364257814	-127.5034208841393	130.9651336669922	436.2610778808595	-68.54266881243612	186.1215209960938	69.03517150878908	-119.3286701318263	199.6428222656251	108.1825027465821	-17.89666597850206	149.7035064697266	14.46086502075196	-63.35014095580774	341.5960388183594	68.19249725341798	-34.67283560363096	341.8342895507813	81.4808807373047	-75.85478284948589	305.4848632812501	43.73362731933594	-136.6788472364645	-95.72620391845705	872.9777832031252	201.77977018891	-211.9106903076172	481.7926025390626	168.1761551397474	-166.5651397705078	476.7971496582032	39.89448362637252	-252.2783813476563	437.491424560547	167.9111784980278	-185.1552886962891	403.3004150390626	108.8162272066081	-409.466522216797	90.89231109619142	159.7178475624646	-357.4405517578126	109.5614395141602	58.05492402872793	-448.1569213867189	63.12057113647462	103.5203760469626	-251.1002349853516	17.61177825927735	74.31989194537282	-248.2007141113282	33.56218338012696	116.2531535677032	-299.5937500000001	14.06002426147461	178.1868656505937	-136.9710235595703	1515.358276367188	22.33197663849248	-236.6654205322266	1273.483520507813	22.33197663849248	34.00187301635743	1234.839477539063	22.33197663849248	-12.69160556793213	1417.649169921875	22.23227489079067	-174.9084930419922	1440.751098632813	-219.6455385149378	-130.1593017578125	1434.9736328125	-176.1371861577316	-189.558334350586	1100.396240234375	-258.8717543254914	-216.9204254150391	1096.247436523438	-174.535390332801	-228.9493255615235	1088.818603515625	-210.2361499973812	-152.6799468994141	831.5095214843752	-239.5967179865834	-225.7600555419922	847.4942626953127	-265.4190523397495	-147.9824829101563	740.2742919921876	-244.7565623451693	-251.5952758789063	766.5512695312501	-246.8581665756566	-135.7141571044922	1418.71240234375	259.6455385149378	-90.07286834716798	1415.017944335938	216.1373355492392	-49.48242187500001	1085.326293945313	304.6079114146845	-77.83174896240236	1058.394897460938	207.9388096802291	-87.89019012451173	1051.982177734375	248.860189315611	115.8844757080078	874.4931640625002	279.4189228109762	57.68221664428712	858.0302734375002	306.295032088454	182.3342590332032	809.2823486328127	285.0291244398524	87.79079437255861	764.2706909179689	287.1250341336798	
8	0.07000000000000001	27.90168190002442	974.760437011719	-119.7296566040048	-186.5048217773438	990.861267089844	-28.94627714519412	-187.6752624511719	989.9385375976565	68.94627714519412	9.564979553222658	970.196228027344	159.7296566040048	-33.93907165527344	878.6025390625002	-168.8364664171059	70.30078887939455	482.7202148437501	-132.8068082918402	63.95429611206056	478.2886352539064	4.73616952572034	72.62191772460939	422.0040893554689	-127.5034208841393	141.2793121337891	435.4766845703126	-68.54266881243612	190.9944915771485	67.58196258544923	-119.3286701318263	204.2463073730469	106.2741012573242	-17.89666597850206	151.6566009521485	15.1707992553711	-63.35014095580774	345.2363586425782	62.78622817993165	-34.67283560363096	346.6674804687501	75.59654998779298	-75.85478284948589	309.3999328613282	38.7890853881836	-136.6788472364645	-82.8710403442383	872.4934692382815	201.77977018891	-199.6994628906251	481.5587158203126	168.1761551397474	-154.2488555908203	475.6736450195314	39.89448362637252	-241.1332702636719	437.9898071289064	167.9111784980278	-174.5336303710938	402.441864013672	108.8162272066081	-406.6221618652345	95.03704833984376	159.7178475624646	-354.4950561523438	112.7572860717774	58.05492402872793	-446.4059143066407	69.2927703857422	103.5203760469626	-251.3782348632813	17.20408821105957	74.31989194537282	-248.1548461914063	33.25282287597657	116.2531535677032	-299.6325988769532	13.54567241668702	178.1868656505937	-125.4983901977539	1515.138305664063	22.33197663849248	-224.7178039550782	1272.984130859375	22.33197663849248	46.11421585083009	1235.010131835938	22.33197663849248	-1.059421300888062	1417.64208984375	22.23227489079067	-163.0780029296875	1439.95947265625	-219.6455385149378	-118.300407409668	1434.077880859375	-176.1371861577316	-176.5707092285157	1099.107788085938	-258.8717543254914	-204.2995147705079	1095.100830078125	-174.535390332801	-215.9856414794922	1087.537719726563	-210.2361499973812	-140.2576599121094	830.2954101562502	-239.5967179865834	-213.1387786865235	846.2656250000002	-265.4190523397495	-135.7213745117188	739.0059204101564	-244.7565623451693	-239.0528869628907	765.3895874023439	-246.8581665756566	-124.9667358398438	1418.877319335938	259.6455385149378	-78.74514770507814	1415.051879882813	216.1373355492392	-38.93532180786134	1085.351318359375	304.6079114146845	-66.74088287353517	1058.361206054688	207.9388096802291	-77.31137847900392	1052.082153320313	248.860189315611	126.0098419189453	874.041687011719	279.4189228109762	67.3703079223633	857.7422485351565	306.295032088454	192.0805206298829	808.6607055664065	285.0291244398524	97.17076110839847	763.9135131835939	287.1250341336798	
9	0.08	40.95244598388673	975.8399658203127	-119.7296566040048	-173.6532440185547	991.3376464843752	-28.94627714519412	-174.658920288086	989.7617187500002	68.94627714519412	22.61587142944336	970.0897216796877	159.7296566040048	-20.24336624145508	880.3052978515627	-168.8364664171059	82.04820251464845	483.4605407714845	-132.8068082918402	75.06050109863283	479.1245117187501	4.73616952572034	83.39407348632814	422.313934326172	-127.5034208841393	151.5616607666016	434.8774414062501	-68.54266881243612	194.8189392089844	66.12220764160158	-119.3286701318263	207.9705352783204	104.4140319824219	-17.89666597850206	152.547607421875	15.90618705749512	-63.35014095580774	347.8564453125001	57.05806350708009	-34.67283560363096	350.5250244140626	69.45565032958986	-75.85478284948589	312.1323852539063	33.7397689819336	-136.6788472364645	-69.61915588378908	872.0652465820315	201.77977018891	-186.4446105957032	481.1926574707032	168.1761551397474	-140.9796142578125	474.3961791992189	39.89448362637252	-229.0269012451172	438.4317626953126	167.9111784980278	-162.9720001220703	401.5059814453126	108.8162272066081	-403.1219482421876	99.66714477539065	159.7178475624646	-350.7965087890626	116.2626953125	58.05492402872793	-443.8601684570314	76.2138137817383	103.5203760469626	-251.7666778564454	16.80458068847657	74.31989194537282	-248.1618652343751	32.87215423583985	116.2531535677032	-299.6803283691407	13.10285377502442	178.1868656505937	-114.0056838989258	1515.195434570313	22.33197663849248	-212.7391204833985	1272.74560546875	22.33197663849248	58.23155975341798	1235.472778320313	22.33197663849248	10.58983993530274	1417.937255859375	22.23227489079067	-151.2595367431641	1439.449829101563	-219.6455385149378	-106.4366683959961	1433.476928710938	-176.1371861577316	-163.2414855957032	1098.068115234375	-258.8717543254914	-191.3809661865235	1094.177490234375	-174.535390332801	-202.6897125244141	1086.47412109375	-210.2361499973812	-127.3228149414063	829.3331298828127	-239.5967179865834	-199.9850311279297	845.2747802734377	-265.4190523397495	-122.8918914794922	738.0092773437501	-244.7565623451693	-225.9227447509766	764.4613647460939	-246.8581665756566	-114.1877517700196	1419.376953125	259.6455385149378	-67.33434295654298	1415.40673828125	216.1373355492392	-28.53117561340333	1085.630981445313	304.6079114146845	-55.77902221679689	1058.656860351563	207.9388096802291	-66.90743255615236	1052.503662109375	248.860189315611	135.7206420898438	873.5871582031252	279.4189228109762	76.50054931640626	857.5830078125002	306.295032088454	201.2711639404297	807.9614257812502	285.0291244398524	105.9015884399414	763.6106567382814	287.1250341336798	
10	0.09	53.96215057373048	977.380310058594	-119.7296566040048	-160.8052825927735	992.132019042969	-28.94627714519412	-161.6110534667969	989.7847900390627	68.94627714519412	35.76408386230469	970.1841430664065	159.7296566040048	-6.591352939605715	882.4572753906252	-168.8364664171059	93.77043914794923	484.5468139648439	-132.8068082918402	86.27920532226564	480.3750610351564	4.73616952572034	94.06560516357423	422.9413452148439	-127.5034208841393	161.7638092041016	434.5016479492189	-68.54266881243612	197.8228607177735	64.7690887451172	-119.3286701318263	211.0016784667969	102.7192001342774	-17.89666597850206	152.7471313476563	16.64469337463379	-63.35014095580774	349.6945190429688	51.33906173706056	-34.67283560363096	353.6413574218751	63.42369079589845	-75.85478284948589	313.9804992675782	28.92378425598145	-136.6788472364645	-55.9996681213379	871.6783447265627	201.77977018891	-172.0606842041016	480.6525878906251	168.1761551397474	-126.6316757202149	472.9233398437501	39.89448362637252	-215.8450927734376	438.7820434570314	167.9111784980278	-150.3632049560547	400.4668579101564	108.8162272066081	-398.8373107910157	104.8346176147461	159.7178475624646	-346.2290649414063	120.1103820800782	58.05492402872793	-440.3591613769532	83.9375686645508	103.5203760469626	-252.2452087402344	16.49234008789063	74.31989194537282	-248.1954803466797	32.46606445312501	116.2531535677032	-299.6858520507813	12.87235355377198	178.1868656505937	-102.5071411132813	1515.522094726563	22.33197663849248	-200.7497253417969	1272.76611328125	22.33197663849248	70.33546447753908	1236.2236328125	22.33197663849248	22.24169731140137	1418.530029296875	22.23227489079067	-139.4706115722657	1439.222290039063	-219.6455385149378	-94.58643341064455	1433.179077148438	-176.1371861577316	-149.6061706542969	1097.296630859375	-258.8717543254914	-178.1830291748047	1093.495971679688	-174.535390332801	-189.0934448242188	1085.646118164063	-210.2361499973812	-113.8682479858399	828.6407470703127	-239.5967179865834	-186.2950439453125	844.537780761719	-265.4190523397495	-109.4786682128907	737.2975463867189	-244.7565623451693	-212.1980133056641	763.7775268554689	-246.8581665756566	-103.3451843261719	1420.212768554688	259.6455385149378	-55.83963012695314	1416.093994140625	216.1373355492392	-18.26121711730957	1086.186401367188	304.6079114146845	-44.94926834106446	1059.311767578125	207.9388096802291	-56.6723976135254	1053.271362304688	248.860189315611	145.0106048583985	873.149108886719	279.4189228109762	85.07331848144533	857.575866699219	306.295032088454	209.905990600586	807.2050781250002	285.0291244398524	113.985107421875	763.3854370117189	287.1250341336798	
11	0.1	66.88169860839845	979.3233032226565	-119.7296566040048	-148.0017242431641	993.2113037109377	-28.94627714519412	-148.588363647461	989.9924316406252	68.94627714519412	48.94448089599611	970.463806152344	159.7296566040048	6.924895763397219	884.9678344726565	-168.8364664171059	105.364501953125	485.917449951172	-132.8068082918402	97.471549987793	481.9802246093751	4.73616952572034	104.5827789306641	423.8539428710939	-127.5034208841393	171.8202514648438	434.3569641113282	-68.54266881243612	200.1967773437501	63.61018753051759	-119.3286701318263	213.4897918701172	101.2740783691407	-17.89666597850206	152.564697265625	17.36076736450196	-63.35014095580774	350.9510498046876	45.91139221191407	-34.67283560363096	356.2111511230469	57.81149673461915	-75.85478284948589	315.2019653320313	24.62094497680665	-136.6788472364645	-42.06748962402344	871.3193359375002	201.77977018891	-156.4871978759766	479.9031982421876	168.1761551397474	-111.1002883911133	471.2241821289064	39.89448362637252	-201.4875030517579	439.0083007812501	167.9111784980278	-136.6200714111328	399.3026123046876	108.8162272066081	-393.6406250000001	110.5873794555664	159.7178475624646	-340.6944274902344	124.3394622802735	58.05492402872793	-435.7616577148439	92.50328826904298	103.5203760469626	-252.7659301757813	16.37083816528321	74.31989194537282	-248.2032318115235	32.10540771484376	116.2531535677032	-299.5649414062501	13.02393436431885	178.1868656505937	-91.01839447021486	1516.099365234375	22.33197663849248	-188.7711944580078	1273.0322265625	22.33197663849248	82.40847778320314	1237.245971679688	22.33197663849248	33.88175582885743	1419.401733398438	22.23227489079067	-127.7251815795899	1439.263916015625	-219.6455385149378	-82.76571655273439	1433.178100585938	-176.1371861577316	-135.7064361572266	1096.7998046875	-258.8717543254914	-164.7329864501953	1093.062133789063	-174.535390332801	-175.2356719970703	1085.058959960938	-210.2361499973812	-99.8893966674805	828.225769042969	-239.5967179865834	-172.0684356689453	844.056091308594	-265.4190523397495	-95.46545410156251	736.8742675781251	-244.7565623451693	-197.8731231689454	763.3334960937501	-246.8581665756566	-92.41136932373048	1421.36962890625	259.6455385149378	-44.26668930053712	1417.109741210938	216.1373355492392	-8.115372657775881	1087.024169921875	304.6079114146845	-34.2552604675293	1060.340576171875	207.9388096802291	-46.59753036499024	1054.394165039063	248.860189315611	153.8780975341797	872.742858886719	279.4189228109762	93.10596466064455	857.7322387695315	306.295032088454	217.9939575195313	806.4036254882815	285.0291244398524	121.4333114624024	763.2542114257814	287.1250341336798	
12	0.11	79.6659622192383	981.589050292969	-119.7296566040048	-135.2804412841797	994.5281982421877	-28.94627714519412	-135.6501007080078	990.3620605468752	68.94627714519412	62.08563232421876	970.9053344726565	159.7296566040048	20.21456336975098	887.7259521484377	-168.8364664171059	116.7182540893555	487.4914855957032	-132.8068082918402	108.4926910400391	483.8522033691407	4.73616952572034	114.8711471557617	424.9961853027345	-127.5034208841393	181.6505889892578	434.4205627441407	-68.54266881243612	202.0919647216797	62.70102310180665	-119.3286701318263	215.5509490966797	100.1261978149414	-17.89666597850206	152.2379760742188	18.0285930633545	-63.35014095580774	351.7871398925782	40.98892974853516	-34.67283560363096	358.3864135742188	52.85160064697267	-75.85478284948589	316.0068359375001	21.02968215942383	-136.6788472364645	-27.90176391601563	870.977233886719	201.77977018891	-139.6948394775391	478.9207763671876	168.1761551397474	-94.3152542114258	469.2856750488282	39.89448362637252	-185.876953125	439.0852966308595	167.9111784980278	-121.6838531494141	398.0001220703126	108.8162272066081	-387.4127502441407	116.9647598266602	159.7178475624646	-334.1167907714844	128.9931793212891	58.05492402872793	-429.9540405273439	101.9280776977539	103.5203760469626	-253.2451171875001	16.56266593933106	74.31989194537282	-248.0997619628907	31.88530731201173	116.2531535677032	-299.1965026855469	13.74601459503174	178.1868656505937	-79.55542755126955	1516.8974609375	22.33197663849248	-176.8255920410157	1273.521118164063	22.33197663849248	94.43432617187501	1238.510375976563	22.33197663849248	45.49617004394532	1420.521118164063	22.23227489079067	-116.0328063964844	1439.549194335938	-219.6455385149378	-70.98730468750001	1433.453857421875	-176.1371861577316	-121.5882949829102	1096.569213867188	-258.8717543254914	-151.0663604736328	1092.867065429688	-174.535390332801	-161.1603393554688	1084.702880859375	-210.2361499973812	-85.38501739501955	828.0845336914065	-239.5967179865834	-157.3088836669922	843.815612792969	-265.4190523397495	-80.83607482910158	736.7335815429689	-244.7565623451693	-182.9442443847657	763.1085815429689	-246.8581665756566	-81.36791992187501	1422.816528320313	259.6455385149378	-32.62823867797852	1418.433471679688	216.1373355492392	1.917301297187806	1088.134521484375	304.6079114146845	-23.70133781433106	1061.739501953125	207.9388096802291	-36.67144775390626	1055.862182617188	248.860189315611	162.3282012939453	872.3774414062502	279.4189228109762	100.6330795288086	858.0502929687502	306.295032088454	225.553939819336	805.5592041015627	285.0291244398524	128.2701416015625	763.2243041992189	287.1250341336798	
13	0.12	92.27647399902345	984.081237792969	-119.7296566040048	-122.6749954223633	996.0247802734377	-28.94627714519412	-122.8545455932617	990.8649902343752	68.94627714519412	75.11436462402345	971.4792480468752	159.7296566040048	33.19435119628907	890.6091918945315	-168.8364664171059	127.713134765625	489.1752014160157	-132.8068082918402	119.1999282836914	485.8831176757814	4.73616952572034	124.8376846313477	426.2946777343751	-127.5034208841393	191.1638488769532	434.644256591797	-68.54266881243612	203.6221618652344	62.06362533569337	-119.3286701318263	217.2724304199219	99.28704071044925	-17.89666597850206	151.9307403564453	18.62525367736817	-63.35014095580774	352.3266906738282	36.70898818969727	-34.67283560363096	360.2776794433594	48.68687057495119	-75.85478284948589	316.5555114746094	18.25664329528809	-136.6788472364645	-13.60128116607666	870.6447753906252	201.77977018891	-121.6895904541016	477.6983947753907	168.1761551397474	-76.2522659301758	467.119598388672	39.89448362637252	-168.9678344726563	438.9990539550782	167.9111784980278	-105.5305099487305	396.5591735839845	108.8162272066081	-380.0508422851563	123.9922485351563	159.7178475624646	-326.4449157714844	134.1149444580078	58.05492402872793	-422.8555908203126	112.1995925903321	103.5203760469626	-253.5562591552735	17.20057678222657	74.31989194537282	-247.7615203857422	31.92132377624512	116.2531535677032	-298.4222106933594	15.23081588745118	178.1868656505937	-68.13344573974611	1517.879028320313	22.33197663849248	-164.9346618652344	1274.20166015625	22.33197663849248	106.3979187011719	1239.975708007813	22.33197663849248	57.07200622558595	1421.846069335938	22.23227489079067	-104.3983001708985	1440.0419921875	-219.6455385149378	-59.25986480712892	1433.97265625	-176.1371861577316	-107.2997665405274	1096.581420898438	-258.8717543254914	-137.2250671386719	1092.88720703125	-174.535390332801	-146.9139862060547	1084.55322265625	-210.2361499973812	-70.3579788208008	828.2022705078127	-239.5967179865834	-142.0246124267578	843.787048339844	-265.4190523397495	-65.5757293701172	736.8609619140626	-244.7565623451693	-167.4098205566407	763.0673828125001	-246.8581665756566	-70.20962524414064	1424.508422851563	259.6455385149378	-20.94407463073731	1420.028442382813	216.1373355492392	11.84810829162598	1089.490600585938	304.6079114146845	-13.29233074188233	1063.484130859375	207.9388096802291	-26.88044929504395	1057.645751953125	248.860189315611	170.374252319336	872.053405761719	279.4189228109762	107.7051696777344	858.5148925781252	306.295032088454	232.6146240234376	804.6641235351565	285.0291244398524	134.5325164794922	763.2933349609376	287.1250341336798	
14	0.13	104.6834030151367	986.6940917968752	-119.7296566040048	-110.2137222290039	997.6378173828127	-28.94627714519412	-110.2551879882813	991.468933105469	68.94627714519412	87.96080017089845	972.1527099609377	159.7296566040048	45.79438400268555	893.4936523437502	-168.8364664171059	138.2289276123047	490.8706665039064	-132.8068082918402	129.4606475830078	487.955535888672	4.73616952572034	134.3760223388672	427.6661987304689	-127.5034208841393	200.264633178711	434.963104248047	-68.54266881243612	204.8681335449219	61.68951416015626	-119.3286701318263	218.7189483642579	98.73746490478518	-17.89666597850206	151.7381744384766	19.13334274291993	-63.35014095580774	352.6608276367188	33.13460922241212	-34.67283560363096	361.9581909179688	45.37127304077149	-75.85478284948589	316.9615478515626	16.31878852844239	-136.6788472364645	0.7227389216423036	870.318786621094	201.77977018891	-102.5143508911133	476.2497558593751	168.1761551397474	-56.94016647338869	464.7671813964845	39.89448362637252	-150.752685546875	438.7505798339845	167.9111784980278	-88.17414855957033	394.9963684082032	108.8162272066081	-371.4745178222657	131.6759643554688	159.7178475624646	-317.6516723632813	139.7427062988282	58.05492402872793	-414.4209289550782	123.269401550293	103.5203760469626	-253.5257720947266	18.41539955139161	74.31989194537282	-247.0237579345704	32.34219360351563	116.2531535677032	-297.0494384765626	17.65594482421875	178.1868656505937	-56.76582336425783	1519.00244140625	22.33197663849248	-153.1190490722657	1275.03857421875	22.33197663849248	118.2852401733399	1241.592407226563	22.33197663849248	68.59742736816408	1423.326782226563	22.23227489079067	-92.82169342041017	1440.698608398438	-219.6455385149378	-47.58733367919923	1434.690063476563	-176.1371861577316	-92.8883514404297	1096.800415039063	-258.8717543254914	-123.2551040649414	1093.085083007813	-174.535390332801	-132.5429992675782	1084.571899414063	-210.2361499973812	-54.81605529785158	828.5549316406252	-239.5967179865834	-126.2287216186524	843.9283447265627	-265.4190523397495	-49.6725540161133	737.2352905273439	-244.7565623451693	-151.271224975586	763.1623535156251	-246.8581665756566	-58.94643020629884	1426.389770507813	259.6455385149378	-9.240523338317873	1421.844360351563	216.1373355492392	21.68811988830567	1091.049560546875	304.6079114146845	-3.032945632934571	1065.529541015625	207.9388096802291	-17.20906829833985	1059.696166992188	248.860189315611	178.0386352539063	871.7625732421877	279.4189228109762	114.3856658935547	859.0989379882815	306.295032088454	239.2135162353516	803.7016601562502	285.0291244398524	140.2704162597657	763.4491577148439	287.1250341336798	
15	0.14	116.8667297363282	989.3204345703127	-119.7296566040048	-97.91945648193362	999.3043212890627	-28.94627714519412	-97.89720153808597	992.140808105469	68.94627714519412	100.5633773803711	972.8923950195315	159.7296566040048	57.96308517456056	896.2646484375002	-168.8364664171059	148.1504516601563	492.4855346679689	-132.8068082918402	139.1598815917969	489.9551696777345	4.73616952572034	143.3745574951172	429.0271911621095	-127.5034208841393	208.860336303711	435.3057556152345	-68.54266881243612	205.8833007812501	61.54589080810548	-119.3286701318263	219.938705444336	98.43605804443362	-17.89666597850206	151.6976013183594	19.54260635375977	-63.35014095580774	352.8538208007813	30.26510429382325	-34.67283560363096	363.4698181152344	42.88083267211915	-75.85478284948589	317.2975158691407	15.15590286254883	-136.6788472364645	14.95573520660401	870.000915527344	201.77977018891	-82.24771118164064	474.6117248535157	168.1761551397474	-36.46285247802735	462.3004455566407	39.89448362637252	-131.2661743164063	438.3586730957032	167.9111784980278	-69.66717529296876	393.3475341796876	108.8162272066081	-361.6303100585938	139.9969787597657	159.7178475624646	-307.7306213378907	145.9020080566407	58.05492402872793	-404.6384887695314	135.048080444336	103.5203760469626	-252.9326934814454	20.32199859619141	74.31989194537282	-245.681137084961	33.27941894531251	116.2531535677032	-294.8578186035157	21.16417694091797	178.1868656505937	-45.46331024169923	1520.224853515625	22.33197663849248	-141.3974761962891	1275.994995117188	22.33197663849248	130.0831604003907	1243.3056640625	22.33197663849248	80.0618362426758	1424.9091796875	22.23227489079067	-81.29868316650392	1441.471923828125	-219.6455385149378	-35.96868133544923	1435.5546875	-176.1371861577316	-78.3983840942383	1097.180419921875	-258.8717543254914	-109.2034759521485	1093.412841796875	-174.535390332801	-118.0907135009766	1084.710327148438	-210.2361499973812	-38.77256393432618	829.1118774414065	-239.5967179865834	-109.9392395019532	844.188903808594	-265.4190523397495	-33.11934661865235	737.8317871093751	-244.7565623451693	-134.5333709716797	763.3384399414064	-246.8581665756566	-47.60324478149415	1428.398315429688	259.6455385149378	2.450649738311768	1423.820068359375	216.1373355492392	31.44747543334962	1092.755249023438	304.6079114146845	7.0731258392334	1067.81201171875	207.9388096802291	-7.640914916992189	1061.94873046875	248.860189315611	185.3524169921875	871.4885253906252	279.4189228109762	120.7469482421875	859.766052246094	306.295032088454	245.3949890136719	802.6483154296877	285.0291244398524	145.5457305908203	763.6713867187501	287.1250341336798	
16	0.15	128.8164520263672	991.8598632812502	-119.7296566040048	-85.80971527099611	1000.967407226563	-28.94627714519412	-85.81431579589845	992.8496704101565	68.94627714519412	112.8732528686524	973.6683349609377	159.7296566040048	69.67046356201173	898.8262329101565	-168.8364664171059	157.3755645751953	493.9419250488282	-132.8068082918402	148.2073211669922	491.7828674316407	4.73616952572034	151.7262268066407	430.3027954101564	-127.5034208841393	216.8688049316407	435.6045532226564	-68.54266881243612	206.7001647949219	61.58362579345705	-119.3286701318263	220.9682159423829	98.32863616943362	-17.89666597850206	151.8023986816407	19.85043144226075	-63.35014095580774	352.9489440917969	28.05158615112305	-34.67283560363096	364.8303527832032	41.13146591186524	-75.85478284948589	317.6027526855469	14.65020370483399	-136.6788472364645	28.98961067199708	869.697692871094	201.77977018891	-61.00005340576173	472.8446655273439	168.1761551397474	-14.9551591873169	459.8192749023439	39.89448362637252	-110.5859909057617	437.8611450195314	167.9111784980278	-50.0971031188965	391.6680908203126	108.8162272066081	-350.4933471679688	148.9061584472657	159.7178475624646	-296.6907653808594	152.5982055664063	58.05492402872793	-393.5266418457032	147.402587890625	103.5203760469626	-251.5135192871094	23.005033493042	74.31989194537282	-243.4924774169922	34.85450744628907	116.2531535677032	-291.6088867187501	25.84387397766114	178.1868656505937	-34.23352432250977	1521.506225585938	22.33197663849248	-129.786117553711	1277.035888671875	22.33197663849248	141.7793731689453	1245.0595703125	22.33197663849248	91.45587158203126	1426.539794921875	22.23227489079067	-69.82162475585939	1442.31591796875	-219.6455385149378	-24.3982048034668	1436.5126953125	-176.1371861577316	-63.86864852905275	1097.67041015625	-258.8717543254914	-95.11505126953126	1093.816284179688	-174.535390332801	-103.5948791503907	1084.91455078125	-210.2361499973812	-22.24684715270996	829.8397216796877	-239.5967179865834	-93.17897033691408	844.5149536132815	-265.4190523397495	-15.91541290283203	738.6257324218751	-244.7565623451693	-117.2053527832032	763.5390014648439	-246.8581665756566	-36.21768951416016	1430.470703125	259.6455385149378	14.09381484985352	1425.889038085938	216.1373355492392	41.13458633422852	1094.543334960938	304.6079114146845	17.02420043945313	1070.25341796875	207.9388096802291	1.840215563774109	1064.327392578125	248.860189315611	192.3540649414063	871.208679199219	279.4189228109762	126.8656463623047	860.4744873046877	306.295032088454	251.2076263427735	801.4775390625002	285.0291244398524	150.4300689697266	763.9336547851564	287.1250341336798	
17	0.16	140.5319213867188	994.2263793945315	-119.7296566040048	-73.89708709716798	1002.581176757813	-28.94627714519412	-74.02659606933595	993.5698242187502	68.94627714519412	124.8576126098633	974.456970214844	159.7296566040048	80.90945434570314	901.1083984375002	-168.8364664171059	165.8231201171875	495.1832885742189	-132.8068082918402	156.5429382324219	493.3645935058595	4.73616952572034	159.3388977050782	431.4342651367189	-127.5034208841393	224.2254486083985	435.8038635253907	-68.54266881243612	207.3367156982422	61.7457962036133	-119.3286701318263	221.8358459472657	98.35742187500003	-17.89666597850206	152.0168151855469	20.06134033203125	-63.35014095580774	352.9741210937501	26.41421127319337	-34.67283560363096	366.0408630371094	40.00011444091798	-75.85478284948589	317.8921813964844	14.64926815032959	-136.6788472364645	42.73200225830079	869.4212036132815	201.77977018891	-38.90752029418946	471.0303649902345	168.1761551397474	7.406741619110109	457.4448852539064	39.89448362637252	-88.83043670654298	437.3142089843751	167.9111784980278	-29.58057022094727	390.0311889648439	108.8162272066081	-338.0665893554688	158.3202362060547	159.7178475624646	-284.5503540039063	159.8089904785157	58.05492402872793	-381.1276550292969	160.1570281982422	103.5203760469626	-248.972640991211	26.50652885437012	74.31989194537282	-240.1899566650391	37.16527938842774	116.2531535677032	-287.0586853027344	31.7128086090088	178.1868656505937	-23.08088302612305	1522.812377929688	22.33197663849248	-118.2979812622071	1278.130859375	22.33197663849248	153.3623199462891	1246.801147460938	22.33197663849248	102.7713775634766	1428.169067382813	22.23227489079067	-58.38084793090822	1443.190307617188	-219.6455385149378	-12.86642074584961	1437.512573242188	-176.1371861577316	-49.33034515380861	1098.22021484375	-258.8717543254914	-81.0293426513672	1094.240478515625	-174.535390332801	-89.08547210693361	1085.130615234375	-210.2361499973812	-5.26453447341919	830.7058105468752	-239.5967179865834	-75.97512054443361	844.8555908203127	-265.4190523397495	1.931713461875916	739.5961914062501	-244.7565623451693	-99.30107116699222	763.7121582031251	-246.8581665756566	-24.83630943298341	1432.546997070313	259.6455385149378	25.65138244628907	1427.984130859375	216.1373355492392	50.75525665283205	1096.346923828125	304.6079114146845	26.82147789001466	1072.767211914063	207.9388096802291	11.24900531768799	1066.751220703125	248.860189315611	199.0870056152344	870.8975830078127	279.4189228109762	132.8179626464844	861.1816406250002	306.295032088454	256.7013854980469	800.1633300781252	285.0291244398524	155.0014343261719	764.2070922851564	287.1250341336798	
18	0.17	152.0203857421875	996.3541259765627	-119.7296566040048	-62.1896438598633	1004.114074707031	-28.94627714519412	-62.53935623168947	994.2832641601565	68.94627714519412	136.5017395019532	975.2444458007815	159.7296566040048	91.69500732421876	903.0706176757815	-168.8364664171059	173.4400024414063	496.1781616210939	-132.8068082918402	164.1404876708985	494.657196044922	4.73616952572034	166.1448669433594	432.3836975097657	-127.5034208841393	230.8888092041016	435.8657836914064	-68.54266881243612	207.8022766113282	61.97555541992189	-119.3286701318263	222.5642700195313	98.46854400634768	-17.89666597850206	152.290023803711	20.18570518493653	-63.35014095580774	352.9467773437501	25.25825881958009	-34.67283560363096	367.0928649902344	39.34575271606446	-75.85478284948589	318.1645507812501	14.98873138427735	-136.6788472364645	56.11391830444337	869.1894531250002	201.77977018891	-16.12447166442871	469.2672424316407	168.1761551397474	30.4192008972168	455.3099670410157	39.89448362637252	-66.15294647216798	436.7893066406251	167.9111784980278	-8.255232810974123	388.5236206054689	108.8162272066081	-324.3775634765626	168.1198883056641	159.7178475624646	-271.3315734863282	167.4784545898438	58.05492402872793	-367.5010986328126	173.0967864990235	103.5203760469626	-244.9984283447266	30.81714630126954	74.31989194537282	-235.4930267333985	40.27300262451173	116.2531535677032	-280.9719238281251	38.70806884765626	178.1868656505937	-12.00688171386719	1524.116455078125	22.33197663849248	-106.9425506591797	1279.255249023438	22.33197663849248	164.8213958740235	1248.485107421875	22.33197663849248	114.0014038085938	1429.755493164063	22.23227489079067	-46.96626281738282	1444.063598632813	-219.6455385149378	-1.361494064331055	1438.510131835938	-176.1371861577316	-34.8056869506836	1098.785034179688	-258.8717543254914	-66.9777297973633	1094.635375976563	-174.535390332801	-74.58341217041017	1085.310546875	-210.2361499973812	12.14250373840332	831.6821899414065	-239.5967179865834	-58.3587989807129	845.168884277344	-265.4190523397495	20.40474319458008	740.7291870117189	-244.7565623451693	-80.83974456787111	763.8170166015626	-246.8581665756566	-13.5099573135376	1434.574584960938	259.6455385149378	37.08587646484376	1430.04345703125	216.1373355492392	60.3118019104004	1098.103393554688	304.6079114146845	36.46953201293946	1075.26611328125	207.9388096802291	20.59716796875	1069.141967773438	248.860189315611	205.5967559814454	870.5305786132815	279.4189228109762	138.6752014160157	861.8485107421877	306.295032088454	261.9246826171876	798.6848754882815	285.0291244398524	159.3403472900391	764.4641723632814	287.1250341336798	
19	0.18	163.2949523925782	998.2014770507815	-119.7296566040048	-50.69105148315431	1005.549743652344	-28.94627714519412	-51.34327316284181	994.9810791015627	68.94627714519412	147.8094177246094	976.0278320312502	159.7296566040048	102.0612182617188	904.7015380859377	-168.8364664171059	180.2061004638672	496.9204406738282	-132.8068082918402	171.0083312988282	495.6497497558595	4.73616952572034	172.1084594726563	433.1355285644532	-127.5034208841393	236.8442840576172	435.7725830078126	-68.54266881243612	208.1028442382813	62.22250747680665	-119.3286701318263	223.1720428466797	98.61727142333987	-17.89666597850206	152.5681915283203	20.23800659179688	-63.35014095580774	352.8775634765626	24.48718261718751	-34.67283560363096	367.9747314453126	39.02765274047852	-75.85478284948589	318.4101867675782	15.51192283630371	-136.6788472364645	69.09483337402345	869.026550292969	201.77977018891	7.184752464294435	467.6634521484376	168.1761551397474	53.86727905273439	453.546844482422	39.89448362637252	-42.7338981628418	436.3680725097657	167.9111784980278	13.72939205169678	387.239715576172	108.8162272066081	-309.4742126464844	178.1507263183594	159.7178475624646	-257.0566406250001	175.5136108398438	58.05492402872793	-352.7175903320313	185.9766845703125	103.5203760469626	-239.2836151123047	35.87254714965821	74.31989194537282	-229.1256408691407	44.19207763671876	116.2531535677032	-273.1369934082032	46.68399047851563	178.1868656505937	-1.010694026947022	1525.39990234375	22.33197663849248	-95.72563934326173	1280.3916015625	22.33197663849248	176.1472930908203	1250.075805664063	22.33197663849248	125.140121459961	1431.267822265625	22.23227489079067	-35.56898498535157	1444.915893554688	-219.6455385149378	10.12889862060547	1439.472045898438	-176.1371861577316	-20.30729484558106	1099.3310546875	-258.8717543254914	-52.98142623901369	1094.961303710938	-174.535390332801	-60.1000442504883	1085.417602539063	-210.2361499973812	29.93652725219727	832.7483520507815	-239.5967179865834	-40.36427307128907	845.4268188476565	-265.4190523397495	39.47554016113282	742.0202636718751	-244.7565623451693	-61.84632110595705	763.8289184570314	-246.8581665756566	-2.289005994796753	1436.511962890625	259.6455385149378	48.3619956970215	1432.014526367188	216.1373355492392	69.80225372314455	1099.76025390625	304.6079114146845	45.97624969482423	1077.669677734375	207.9388096802291	29.89204216003419	1071.430908203125	248.860189315611	211.9278106689454	870.0880126953127	279.4189228109762	144.5001068115235	862.4438476562502	306.295032088454	266.9221191406251	797.0301513671877	285.0291244398524	163.5257415771485	764.6826782226564	287.1250341336798	
20	0.19	174.3723449707032	999.7522583007815	-119.7296566040048	-39.40056610107423	1006.886108398438	-28.94627714519412	-40.4157943725586	995.6640625000002	68.94627714519412	158.801986694336	976.8162231445315	159.7296566040048	112.0566940307617	906.0153808593752	-168.8364664171059	186.1363067626953	497.426483154297	-132.8068082918402	177.1869049072266	496.3600463867189	4.73616952572034	177.2306671142578	433.6951293945314	-127.5034208841393	242.1053771972657	435.526092529297	-68.54266881243612	208.2451629638672	62.44708633422853	-119.3286701318263	223.6747589111329	98.77066040039065	-17.89666597850206	152.8035125732422	20.23487854003907	-63.35014095580774	352.7734680175782	24.01175498962403	-34.67283560363096	368.6767883300782	38.91925430297852	-75.85478284948589	318.6167297363282	16.08465003967286	-136.6788472364645	81.66487121582033	868.9624633789065	201.77977018891	30.85411834716798	466.328582763672	168.1761551397474	77.54126739501955	452.275848388672	39.89448362637252	-18.77056312561036	436.1355285644532	167.9111784980278	36.22110748291016	386.2739868164064	108.8162272066081	-293.4198303222657	188.2276000976563	159.7178475624646	-241.7467193603516	183.7847595214844	58.05492402872793	-336.8538208007813	198.5322723388672	103.5203760469626	-231.5482635498047	41.55528259277344	74.31989194537282	-220.8358154296876	48.88363265991212	116.2531535677032	-263.3800354003907	55.41896438598634	178.1868656505937	9.910024642944338	1526.652954101563	22.33197663849248	-84.64942169189455	1281.529541015625	22.33197663849248	187.3323974609375	1251.550659179688	22.33197663849248	136.1828918457032	1432.686645507813	22.23227489079067	-24.18282318115235	1445.739624023438	-219.6455385149378	21.61552810668946	1440.378295898438	-176.1371861577316	-5.838444709777833	1099.838134765625	-258.8717543254914	-39.05037689208985	1095.1923828125	-174.535390332801	-45.63755798339844	1085.429809570313	-210.2361499973812	48.07471847534181	833.8934326171877	-239.5967179865834	-22.0282211303711	845.6189575195315	-265.4190523397495	59.10461807250978	743.4753417968751	-244.7565623451693	-42.35165023803712	763.7432861328126	-246.8581665756566	8.780994415283205	1438.330810546875	259.6455385149378	59.44848632812501	1433.8583984375	216.1373355492392	79.21977996826173	1101.27978515625	304.6079114146845	55.35205841064455	1079.9111328125	207.9388096802291	39.13544464111329	1073.564819335938	248.860189315611	218.1207580566407	869.558288574219	279.4189228109762	150.3440399169922	862.9473266601565	306.295032088454	271.7331237792969	795.1990966796877	285.0291244398524	167.6311645507813	764.8485107421876	287.1250341336798	
21	0.2	185.2704772949219	1001.013977050781	-119.7296566040048	-28.31286430358887	1008.132446289063	-28.94627714519412	-29.72357368469239	996.3420410156252	68.94627714519412	169.5160369873047	977.6291503906252	159.7296566040048	121.7388610839844	907.0451660156252	-168.8364664171059	191.2795104980469	497.7299804687501	-132.8068082918402	182.7430572509766	496.8279113769532	4.73616952572034	181.550277709961	434.0850219726564	-127.5034208841393	246.7123718261719	435.1447753906251	-68.54266881243612	208.2396392822266	62.62279510498048	-119.3286701318263	224.0858001708985	98.90791320800784	-17.89666597850206	152.9602813720703	20.19321441650391	-63.35014095580774	352.6397094726563	23.7553768157959	-34.67283560363096	369.1950073242188	38.91707229614259	-75.85478284948589	318.7736511230469	16.60430335998536	-136.6788472364645	93.84393310546876	869.0322875976565	201.77977018891	54.72357177734376	465.3643798828126	168.1761551397474	101.2516098022461	451.5946655273439	39.89448362637252	5.534005165100099	436.1726074218751	167.9111784980278	59.07334136962892	385.713348388672	108.8162272066081	-276.2881164550782	198.1421356201172	159.7178475624646	-225.4227447509766	192.1296844482422	58.05492402872793	-319.9884338378907	210.4933471679688	103.5203760469626	-221.5625915527344	47.70184326171876	74.31989194537282	-210.4152069091797	54.25387191772462	116.2531535677032	-251.5767517089844	64.63048553466798	178.1868656505937	20.75827407836914	1527.872192382813	22.33197663849248	-73.7126922607422	1282.663940429688	22.33197663849248	198.3713073730469	1252.89990234375	22.33197663849248	147.1261901855469	1434.004272460938	22.23227489079067	-12.80544948577881	1446.53857421875	-219.6455385149378	33.10566711425782	1441.22314453125	-176.1371861577316	8.605874061584474	1100.302368164063	-258.8717543254914	-25.18332862854005	1095.31982421875	-174.535390332801	-31.19029998779298	1085.3427734375	-210.2361499973812	66.51040649414064	835.1170654296877	-239.5967179865834	-3.388838052749635	845.753845214844	-265.4190523397495	79.24136352539064	745.1101684570314	-244.7565623451693	-22.39243698120118	763.5765991210939	-246.8581665756566	19.66281127929688	1440.015869140625	259.6455385149378	70.31979370117189	1435.5517578125	216.1373355492392	88.55242156982423	1102.642211914063	304.6079114146845	64.6085662841797	1081.943481445313	207.9388096802291	48.32297515869142	1075.51025390625	248.860189315611	224.2101440429688	868.940612792969	279.4189228109762	156.2452850341797	863.351501464844	306.295032088454	276.3917541503907	793.2051391601565	285.0291244398524	171.7215881347657	764.9581909179689	287.1250341336798	
22	0.21	196.0065917968751	1002.0146484375	-119.7296566040048	-17.41798210144043	1009.305297851563	-28.94627714519412	-19.22565078735352	997.0317382812502	68.94627714519412	180.0000305175782	978.4942016601565	159.7296566040048	131.1679840087891	907.8345336914065	-168.8364664171059	195.7144775390626	497.8754272460939	-132.8068082918402	187.7620849609375	497.1062011718751	4.73616952572034	185.1412353515625	434.339813232422	-127.5034208841393	250.7286987304688	434.658905029297	-68.54266881243612	208.1017608642579	62.7365074157715	-119.3286701318263	224.4171905517579	99.01897430419925	-17.89666597850206	153.0178833007813	20.1285457611084	-63.35014095580774	352.4809570312501	23.65612602233887	-34.67283560363096	369.5330505371094	38.94472885131837	-75.85478284948589	318.8747253417969	17.00341224670411	-136.6788472364645	105.6780471801758	869.2739868164065	201.77977018891	78.64556121826173	464.8562927246095	168.1761551397474	124.8405151367188	451.5707092285157	39.89448362637252	29.98211860656739	436.5484313964845	167.9111784980278	82.15190887451173	385.6298828125001	108.8162272066081	-258.1583557128907	207.6729888916016	159.7178475624646	-208.1078491210938	200.3613433837891	58.05492402872793	-302.1995849609376	221.5982208251954	103.5203760469626	-209.1665344238282	54.11375808715822	74.31989194537282	-197.7164001464844	60.157527923584	116.2531535677032	-237.6604766845704	73.99647521972658	178.1868656505937	31.53692626953126	1529.060180664063	22.33197663849248	-62.91120529174806	1283.794311523438	22.33197663849248	209.2612609863282	1254.12646484375	22.33197663849248	157.9678039550782	1435.223388671875	22.23227489079067	-1.439103484153748	1447.325927734375	-219.6455385149378	44.60152435302735	1442.014404296875	-176.1371861577316	23.03713417053223	1100.734985351563	-258.8717543254914	-11.36899471282959	1095.351684570313	-174.535390332801	-16.74675559997559	1085.169067382813	-210.2361499973812	85.19469451904298	836.429382324219	-239.5967179865834	15.51508712768555	845.858337402344	-265.4190523397495	99.82511138916018	746.9484252929689	-244.7565623451693	-2.010905027389527	763.3654785156251	-246.8581665756566	30.32991981506348	1441.564575195313	259.6455385149378	80.95735168457033	1437.08642578125	216.1373355492392	97.78338623046878	1103.846069335938	304.6079114146845	73.75673675537111	1083.7421875	207.9388096802291	57.44398117065431	1077.254638671875	248.860189315611	230.2232971191407	868.2458496093752	279.4189228109762	162.2284851074219	863.661560058594	306.295032088454	280.9274902343751	791.0753173828127	285.0291244398524	175.851303100586	765.0189208984376	287.1250341336798	
23	0.22	206.5957489013672	1002.796569824219	-119.7296566040048	-6.701594829559328	1010.424011230469	-28.94627714519412	-8.877059936523439	997.7537841796877	68.94627714519412	190.310302734375	979.4429321289065	159.7296566040048	140.4017028808594	908.4295043945315	-168.8364664171059	199.5428771972657	497.9115600585939	-132.8068082918402	192.3385467529297	497.2518310546876	4.73616952572034	188.1065368652344	434.5004882812501	-127.5034208841393	254.2353820800782	434.1050109863282	-68.54266881243612	207.8523712158204	62.78714752197267	-119.3286701318263	224.6800994873047	99.10192871093753	-17.89666597850206	152.9712829589844	20.053861618042	-63.35014095580774	352.3022460937501	23.66644096374512	-34.67283560363096	369.7028503417969	38.95288848876954	-75.85478284948589	318.9191284179688	17.2484188079834	-136.6788472364645	117.2335739135742	869.725769042969	201.77977018891	102.4900054931641	464.8667602539064	168.1761551397474	148.18896484375	452.2371520996095	39.89448362637252	54.39158248901369	437.314178466797	167.9111784980278	105.3397979736328	386.0748901367189	108.8162272066081	-239.111557006836	216.5973205566407	159.7178475624646	-189.8302001953125	208.2781677246094	58.05492402872793	-283.5629272460938	231.6067352294922	103.5203760469626	-194.2833099365235	60.57124328613283	74.31989194537282	-182.6651611328125	66.40621948242189	116.2531535677032	-221.6254577636719	83.18003845214845	178.1868656505937	42.24816894531251	1530.221801757813	22.33197663849248	-52.23812484741212	1284.921875	22.33197663849248	220.0025177001954	1255.244384765625	22.33197663849248	168.7067108154297	1436.355346679688	22.23227489079067	9.909296035766603	1448.120849609375	-219.6455385149378	56.09932327270509	1442.771240234375	-176.1371861577316	37.47090911865235	1101.160522460938	-258.8717543254914	2.411731719970704	1095.311279296875	-174.535390332801	-2.291971921920777	1084.936889648438	-210.2361499973812	104.0784301757813	837.8499755859377	-239.5967179865834	34.64507675170899	845.9747314453127	-265.4190523397495	120.7870025634766	749.0186157226564	-244.7565623451693	18.74581909179688	763.1634521484376	-246.8581665756566	40.76771545410157	1442.984375	259.6455385149378	91.35057830810548	1438.468383789063	216.1373355492392	106.8919525146485	1104.905517578125	304.6079114146845	82.80509185791017	1085.305786132813	207.9388096802291	66.48223876953126	1078.804809570313	248.860189315611	236.1801757812501	867.4957275390627	279.4189228109762	168.3052825927735	863.8943481445315	306.295032088454	285.3666992187501	788.849060058594	285.0291244398524	180.0628204345703	765.0479125976564	287.1250341336798	
24	0.23	217.0502319335938	1003.410400390625	-119.7296566040048	3.85434913635254	1011.50634765625	-28.94627714519412	1.367542505264282	998.5295410156252	68.94627714519412	200.5065155029297	980.5064697265627	159.7296566040048	149.4906921386719	908.8715820312502	-168.8364664171059	202.8806762695313	497.8851928710939	-132.8068082918402	196.5672760009766	497.3179626464845	4.73616952572034	190.5690460205078	434.6089172363282	-127.5034208841393	257.3241577148438	433.5205383300782	-68.54266881243612	207.5166778564454	62.78332901000978	-119.3286701318263	224.8854980468751	99.15998077392581	-17.89666597850206	152.8295440673828	19.97904586791993	-63.35014095580774	352.1090393066407	23.75129699707032	-34.67283560363096	369.7237243652344	38.91613388061524	-75.85478284948589	318.9112243652344	17.33488464355469	-136.6788472364645	128.5898895263672	870.4221801757815	201.77977018891	126.1473541259766	465.4307556152345	168.1761551397474	171.2184448242188	453.5923767089845	39.89448362637252	78.60396575927736	438.4979248046876	167.9111784980278	128.539794921875	387.0750122070314	108.8162272066081	-219.227035522461	224.7024841308594	159.7178475624646	-170.6256256103516	215.6757202148438	58.05492402872793	-264.1502685546876	240.3109436035157	103.5203760469626	-176.9244537353516	66.84787750244142	74.31989194537282	-165.265869140625	72.78099822998048	116.2531535677032	-203.5250091552735	91.85438537597658	178.1868656505937	52.89321136474611	1531.363037109375	22.33197663849248	-41.68443298339844	1286.048461914063	22.33197663849248	230.598617553711	1256.275268554688	22.33197663849248	179.3433380126953	1437.416748046875	22.23227489079067	21.22864151000977	1448.945434570313	-219.6455385149378	67.5891799926758	1443.520263671875	-176.1371861577316	51.92419052124025	1101.613037109375	-258.8717543254914	16.18277931213379	1095.234252929688	-174.535390332801	12.189847946167	1084.685180664063	-210.2361499973812	123.114242553711	839.4060668945315	-239.5967179865834	53.96383285522462	846.1561279296877	-265.4190523397495	142.0525970458985	751.3497924804689	-244.7565623451693	39.82663345336915	763.0354003906251	-246.8581665756566	50.97356414794923	1444.2900390625	259.6455385149378	101.4975280761719	1439.714477539063	216.1373355492392	115.8550643920899	1105.846923828125	304.6079114146845	91.75827026367189	1086.6533203125	207.9388096802291	75.41741180419923	1080.183959960938	248.860189315611	242.0942535400391	866.7207031250002	279.4189228109762	174.4756774902344	864.0747680664065	306.295032088454	289.7347412109376	786.575378417969	285.0291244398524	184.386962890625	765.0693359375001	287.1250341336798	
25	0.24	227.3796997070313	1003.908020019531	-119.7296566040048	14.27060604095459	1012.565063476563	-28.94627714519412	11.55055141448975	999.377136230469	68.94627714519412	210.6473236083985	981.7100830078127	159.7296566040048	158.4759216308594	909.1928710937502	-168.8364664171059	205.8486785888672	497.8366699218751	-132.8068082918402	200.5361022949219	497.3484802246095	4.73616952572034	192.6607971191407	434.7034606933595	-127.5034208841393	260.0902404785157	432.939422607422	-68.54266881243612	207.1226196289063	62.74035263061525	-119.3286701318263	225.0445709228516	99.19849395751956	-17.89666597850206	152.6129913330078	19.91090965270996	-63.35014095580774	351.9075317382813	23.88560867309571	-34.67283560363096	369.6208190917969	38.82797241210938	-75.85478284948589	318.8596801757813	17.28048896789551	-136.6788472364645	139.8314666748047	871.3902587890627	201.77977018891	149.5296783447266	466.5541992187501	168.1761551397474	193.8872680664063	455.6031799316407	39.89448362637252	102.4903335571289	440.1021423339845	167.9111784980278	151.6750183105469	388.6303100585939	108.8162272066081	-198.5801544189454	231.7962493896485	159.7178475624646	-150.5389709472657	222.3581848144532	58.05492402872793	-244.0287780761719	247.5420684814454	103.5203760469626	-157.1856384277344	72.72476196289064	74.31989194537282	-145.5990600585938	79.04768371582033	116.2531535677032	-183.4646606445313	99.72502136230472	178.1868656505937	63.4723472595215	1532.488403320313	22.33197663849248	-31.23930931091309	1287.173706054688	22.33197663849248	241.0564117431641	1257.245483398438	22.33197663849248	189.8794860839844	1438.4267578125	22.23227489079067	32.50470352172852	1449.8203125	-219.6455385149378	79.05580902099611	1444.291870117188	-176.1371861577316	66.41267395019533	1102.130737304688	-258.8717543254914	29.96944427490235	1095.163330078125	-174.535390332801	26.7129020690918	1084.459594726563	-210.2361499973812	142.2586212158203	841.1295166015627	-239.5967179865834	73.43595123291017	846.4605102539065	-265.4190523397495	163.5449676513672	753.9677734375001	-244.7565623451693	61.17763519287111	763.0512695312501	-246.8581665756566	60.95584869384767	1445.499755859375	259.6455385149378	111.4051895141602	1440.848388671875	216.1373355492392	124.649528503418	1106.702270507813	304.6079114146845	100.6163177490235	1087.819580078125	207.9388096802291	84.22713470458986	1081.425048828125	248.860189315611	247.9742126464844	865.9562988281252	279.4189228109762	180.730224609375	864.2317504882815	306.295032088454	294.0576477050782	784.3090820312502	285.0291244398524	188.843734741211	765.1105957031251	287.1250341336798	
26	0.25	237.5918579101563	1004.336791992188	-119.7296566040048	24.56938362121583	1013.606018066406	-28.94627714519412	21.70867156982422	1000.30859375	68.94627714519412	220.7862701416016	983.069274902344	159.7296566040048	167.387435913086	909.414245605469	-168.8364664171059	208.5633544921876	497.7970581054689	-132.8068082918402	204.3209228515626	497.3750000000001	4.73616952572034	194.511703491211	434.8155822753907	-127.5034208841393	262.6254577636719	432.3885498046876	-68.54266881243612	206.6986083984376	62.67710113525392	-119.3286701318263	225.1690673828126	99.22270965576175	-17.89666597850206	152.3497009277344	19.85374832153321	-63.35014095580774	351.7043457031251	24.05147361755372	-34.67283560363096	369.4227905273438	38.69504547119141	-75.85478284948589	318.7757263183594	17.11718177795411	-136.6788472364645	151.0402221679688	872.6452636718752	201.77977018891	172.5698547363282	468.2153930664064	168.1761551397474	216.1829223632813	458.2102661132814	39.89448362637252	125.9540252685547	442.1032714843751	167.9111784980278	174.6876373291016	390.715057373047	108.8162272066081	-177.2408447265625	237.7149505615235	159.7178475624646	-129.6240539550782	228.1486053466797	58.05492402872793	-223.2598419189454	253.1735076904297	103.5203760469626	-135.2335815429688	78.00300598144533	74.31989194537282	-123.8112945556641	84.97312927246095	116.2531535677032	-161.5908813476563	106.5469360351563	178.1868656505937	73.98526763916017	1533.599609375	22.33197663849248	-20.89053726196289	1288.294189453125	22.33197663849248	251.3861083984376	1258.181396484375	22.33197663849248	200.3185119628907	1439.40380859375	22.23227489079067	43.72163009643555	1450.76123046875	-219.6455385149378	90.47997283935548	1445.115600585938	-176.1371861577316	80.94831848144533	1102.751342773438	-258.8717543254914	43.7949562072754	1095.143188476563	-174.535390332801	41.2877426147461	1084.306030273438	-210.2361499973812	161.4735565185547	843.0535888671877	-239.5967179865834	93.02842712402345	846.944763183594	-265.4190523397495	185.1880798339844	756.8912353515626	-244.7565623451693	82.74348449707033	763.2786865234376	-246.8581665756566	70.73213958740236	1446.631469726563	259.6455385149378	121.0894546508789	1441.8955078125	216.1373355492392	133.2545471191407	1107.503784179688	304.6079114146845	109.3748550415039	1088.848876953125	207.9388096802291	92.88945770263673	1082.565063476563	248.860189315611	253.8261108398438	865.2385864257815	279.4189228109762	187.0525207519532	864.3938598632815	306.295032088454	298.3636779785157	782.1068115234377	285.0291244398524	193.4438171386719	765.1976928710939	287.1250341336798	
27	0.26	247.6935272216797	1004.734558105469	-119.7296566040048	34.77299880981446	1014.627319335938	-28.94627714519412	31.87095832824708	1001.327575683594	68.94627714519412	230.9684600830079	984.5859375000002	159.7296566040048	176.244384765625	909.545104980469	-168.8364664171059	211.1293334960938	497.7866516113282	-132.8068082918402	207.9836883544922	497.4162597656251	4.73616952572034	196.2395782470704	434.9678955078126	-127.5034208841393	265.0125122070313	431.8860473632814	-68.54266881243612	206.271469116211	62.61313247680665	-119.3286701318263	225.2713012695313	99.23635864257815	-17.89666597850206	152.0716857910157	19.81024551391602	-63.35014095580774	351.5065307617188	24.23566055297852	-34.67283560363096	369.1594543457032	38.53146362304688	-75.85478284948589	318.6717529296876	16.88360214233399	-136.6788472364645	162.2886810302735	874.187927246094	201.77977018891	195.2192382812501	470.3683471679689	168.1761551397474	238.1115722656251	461.3353271484376	39.89448362637252	148.9306335449219	444.4531555175782	167.9111784980278	197.5360260009766	393.2801513671876	108.8162272066081	-155.2724609375	242.3284454345704	159.7178475624646	-107.9418258666992	232.8966522216797	58.05492402872793	-201.8980407714844	257.1201782226563	103.5203760469626	-111.2862014770508	82.51345062255861	74.31989194537282	-100.0989990234375	90.34046173095705	116.2531535677032	-138.0771789550782	112.1355133056641	178.1868656505937	84.43162536621095	1534.6943359375	22.33197663849248	-10.62486934661865	1289.402709960938	22.33197663849248	261.6009216308594	1259.106201171875	22.33197663849248	210.6653900146485	1440.362548828125	22.23227489079067	54.8637161254883	1451.77734375	-219.6455385149378	101.8405151367188	1446.015625	-176.1371861577316	95.53739166259767	1103.50634765625	-258.8717543254914	57.67748260498048	1095.21484375	-174.535390332801	55.91981887817384	1084.265014648438	-210.2361499973812	180.7277069091797	845.2092895507815	-239.5967179865834	112.7109298706055	847.658142089844	-265.4190523397495	206.9100036621094	760.1289062500001	-244.7565623451693	104.4689025878907	763.7764892578126	-246.8581665756566	80.3268280029297	1447.699829101563	259.6455385149378	130.5746612548828	1442.878784179688	216.1373355492392	141.6542205810547	1108.277587890625	304.6079114146845	118.0261383056641	1089.787353515625	207.9388096802291	101.385368347168	1083.63818359375	248.860189315611	259.6557922363282	864.599792480469	279.4189228109762	193.4219207763672	864.5841064453127	306.295032088454	302.6840209960938	780.0222778320315	285.0291244398524	198.1905364990235	765.3505249023439	287.1250341336798	
28	0.27	257.6917419433594	1005.126281738281	-119.7296566040048	44.9025993347168	1015.619934082031	-28.94627714519412	42.05773925781251	1002.428588867188	68.94627714519412	241.2281036376954	986.2467041015627	159.7296566040048	185.055892944336	909.5862426757815	-168.8364664171059	213.634017944336	497.8155212402345	-132.8068082918402	211.5730590820313	497.4794921875001	4.73616952572034	197.9425354003907	435.1735839843751	-127.5034208841393	267.3210144042969	431.440399169922	-68.54266881243612	205.8643951416016	62.56627655029298	-119.3286701318263	225.3640594482422	99.24126434326175	-17.89666597850206	151.8112182617188	19.78245353698731	-63.35014095580774	351.3210144042969	24.42760848999024	-34.67283560363096	368.8596496582032	38.35398101806641	-75.85478284948589	318.5597229003907	16.61859321594239	-136.6788472364645	173.6349182128907	876.002380371094	201.77977018891	217.4442138671876	472.9481811523439	168.1761551397474	259.6869812011719	464.8882446289064	39.89448362637252	171.38525390625	447.0828857421876	167.9111784980278	220.1909179687501	396.2575683593751	108.8162272066081	-132.7307891845703	245.542221069336	159.7178475624646	-85.55687713623048	236.4834594726563	58.05492402872793	-179.9895935058594	259.3347778320313	103.5203760469626	-85.58892822265626	86.12324523925783	74.31989194537282	-74.68875122070314	94.96164703369142	116.2531535677032	-113.1087417602539	116.3706436157227	178.1868656505937	94.81161499023439	1535.76611328125	22.33197663849248	-0.4284532368183137	1290.487670898438	22.33197663849248	271.7167053222657	1260.036865234375	22.33197663849248	220.9266967773438	1441.312377929688	22.23227489079067	65.91723632812501	1452.868530273438	-219.6455385149378	113.1167221069336	1447.007568359375	-176.1371861577316	110.1792144775391	1104.417358398438	-258.8717543254914	71.62795257568361	1095.410888671875	-174.535390332801	70.60874176025392	1084.367309570313	-210.2361499973812	199.9967498779297	847.6217041015627	-239.5967179865834	132.4557342529297	848.6377563476565	-265.4190523397495	228.6456756591797	763.6777343750001	-244.7565623451693	126.3001480102539	764.5890502929689	-246.8581665756566	89.76844787597658	1448.71337890625	259.6455385149378	139.8926391601563	1443.814575195313	216.1373355492392	149.8394927978516	1109.03955078125	304.6079114146845	126.5607528686524	1090.676147460938	207.9388096802291	109.7009887695313	1084.670166015625	248.860189315611	265.4708557128907	864.0639648437502	279.4189228109762	199.8161163330079	864.8166503906252	306.295032088454	307.0527038574219	778.1023559570315	285.0291244398524	203.0816345214844	765.5792846679689	287.1250341336798	
29	0.28	267.5946655273438	1005.522521972656	-119.7296566040048	54.97713470458986	1016.56982421875	-28.94627714519412	52.28045654296876	1003.596923828125	68.94627714519412	251.5872650146485	988.0225219726565	159.7296566040048	193.8223724365235	909.532409667969	-168.8364664171059	216.1448364257813	497.8846740722657	-132.8068082918402	215.126693725586	497.562713623047	4.73616952572034	199.6945800781251	435.4368591308595	-127.5034208841393	269.6052551269532	431.0511779785157	-68.54266881243612	205.4956054687501	62.55085372924806	-119.3286701318263	225.4601287841797	99.23768615722659	-17.89666597850206	151.597412109375	19.77260398864746	-63.35014095580774	351.1546020507813	24.61808013916016	-34.67283560363096	368.5493774414063	38.1783676147461	-75.85478284948589	318.4499816894532	16.35633850097657	-136.6788472364645	185.1194610595703	878.056335449219	201.77977018891	239.2221374511719	475.8768005371095	168.1761551397474	280.9203491210938	468.7742004394532	39.89448362637252	193.3079223632813	449.9073791503907	167.9111784980278	242.6312255859376	399.5655822753907	108.8162272066081	-109.6625671386719	247.2964172363282	159.7178475624646	-62.53256988525392	238.8231964111329	58.05492402872793	-157.5704803466797	259.8020324707032	103.5203760469626	-58.39059829711915	88.73900604248048	74.31989194537282	-47.81662368774415	98.68630218505862	116.2531535677032	-86.8679885864258	119.1946792602539	178.1868656505937	105.1266708374024	1536.804931640625	22.33197663849248	9.712723731994631	1291.534423828125	22.33197663849248	281.7513427734376	1260.981079101563	22.33197663849248	231.1107025146485	1442.255493164063	22.23227489079067	76.87216186523439	1454.025756835938	-219.6455385149378	124.2907638549805	1448.0966796875	-176.1371861577316	124.8658523559571	1105.492919921875	-258.8717543254914	85.64894104003908	1095.751708984375	-174.535390332801	85.34823608398439	1084.6298828125	-210.2361499973812	219.2627868652344	850.3073730468752	-239.5967179865834	152.2375030517578	849.9044189453127	-265.4190523397495	250.3388824462891	767.5230102539064	-244.7565623451693	148.1863403320313	765.7421264648439	-246.8581665756566	99.08704376220706	1449.673217773438	259.6455385149378	149.0814971923828	1444.709594726563	216.1373355492392	157.8092651367188	1109.792724609375	304.6079114146845	134.9697265625	1091.545532226563	207.9388096802291	117.8292007446289	1085.674926757813	248.860189315611	271.2824707031251	863.6437988281252	279.4189228109762	206.2135620117188	865.0938720703127	306.295032088454	311.5059204101563	776.383239746094	285.0291244398524	208.1111602783204	765.8812255859376	287.1250341336798	
30	0.29	277.4118041992188	1005.919799804688	-119.7296566040048	65.01256561279298	1017.459716796875	-28.94627714519412	62.54229736328126	1004.810363769531	68.94627714519412	262.0556640625001	989.8707275390627	159.7296566040048	202.5371093750001	909.3764648437502	-168.8364664171059	218.7091674804688	497.9884033203126	-132.8068082918402	218.6741943359376	497.657684326172	4.73616952572034	201.5448608398438	435.7542419433595	-127.5034208841393	271.9043273925782	430.7103881835939	-68.54266881243612	205.1775207519532	62.57661819458009	-119.3286701318263	225.5718078613282	99.2253112792969	-17.89666597850206	151.4534149169922	19.78358840942383	-63.35014095580774	351.0134887695313	24.79846191406251	-34.67283560363096	368.2507934570313	38.01717758178712	-75.85478284948589	318.3505554199219	16.12326812744141	-136.6788472364645	196.7642669677735	880.3023071289065	201.77977018891	260.5374145507813	479.0687866210939	168.1761551397474	301.8122253417969	472.8991088867189	39.89448362637252	214.7075195312501	452.8311462402345	167.9111784980278	264.8395996093751	403.114715576172	108.8162272066081	-86.10379791259767	247.5627441406251	159.7178475624646	-38.92535781860352	239.8619384765626	58.05492402872793	-134.6641387939453	258.5322570800782	103.5203760469626	-29.92184257507325	90.30687713623048	74.31989194537282	-19.70910263061524	101.4064407348633	116.2531535677032	-59.52200317382814	120.6055450439453	178.1868656505937	115.3799514770508	1537.797241210938	22.33197663849248	19.8123779296875	1292.525512695313	22.33197663849248	291.7238159179688	1261.936767578125	22.33197663849248	241.2272491455079	1443.187255859375	22.23227489079067	87.7235565185547	1455.231079101563	-219.6455385149378	135.3498077392578	1449.276123046875	-176.1371861577316	139.5826721191407	1106.727905273438	-258.8717543254914	99.7345886230469	1096.243408203125	-174.535390332801	100.1268005371094	1085.054443359375	-210.2361499973812	238.5132293701172	853.2717895507815	-239.5967179865834	172.0328216552735	851.461120605469	-265.4190523397495	271.9430847167969	771.6387939453127	-244.7565623451693	170.0806121826172	767.2411499023439	-246.8581665756566	108.3118133544922	1450.572387695313	259.6455385149378	158.1837310791016	1445.560180664063	216.1373355492392	165.5706634521485	1110.527221679688	304.6079114146845	143.2467498779297	1092.411376953125	207.9388096802291	125.7704849243164	1086.652587890625	248.860189315611	277.1061401367188	863.338806152344	279.4189228109762	212.5953979492188	865.4055175781252	306.295032088454	316.0806274414063	774.8874511718752	285.0291244398524	213.2708740234376	766.2401733398439	287.1250341336798	
31	0.3	287.1540832519532	1006.301574707031	-119.7296566040048	75.02144622802736	1018.272033691406	-28.94627714519412	72.83953094482423	1006.041015625	68.94627714519412	272.6315612792969	991.737731933594	159.7296566040048	211.1881713867188	909.1121826171877	-168.8364664171059	221.3563537597657	498.116668701172	-132.8068082918402	222.2395629882813	497.7528686523439	4.73616952572034	203.5198822021485	436.1164550781251	-127.5034208841393	274.2436523437501	430.4044799804689	-68.54266881243612	204.9165649414063	62.64841842651369	-119.3286701318263	225.7102355957032	99.20435333251956	-17.89666597850206	151.3941955566407	19.81901931762696	-63.35014095580774	350.9029541015626	24.96062660217286	-34.67283560363096	367.9814758300782	37.87873458862305	-75.85478284948589	318.2667541503907	15.93667984008789	-136.6788472364645	208.5737609863282	882.680847167969	201.77977018891	281.3775939941407	482.4365539550782	168.1761551397474	322.3473510742188	477.1737365722657	39.89448362637252	235.6050109863282	455.7538452148439	167.9111784980278	286.7984619140626	406.8135375976564	108.8162272066081	-62.07755279541017	246.3400115966797	159.7178475624646	-14.77890491485596	239.5743408203126	58.05492402872793	-111.2788314819336	255.5552368164063	103.5203760469626	-0.3784056305885316	90.81018829345705	74.31989194537282	9.432443618774416	103.0574951171875	116.2531535677032	-31.21331024169923	120.6466827392578	178.1868656505937	125.5766677856446	1538.728149414063	22.33197663849248	29.88350486755372	1293.443115234375	22.33197663849248	301.6535034179688	1262.891845703125	22.33197663849248	251.2875366210938	1444.09619140625	22.23227489079067	98.47256469726565	1456.459838867188	-219.6455385149378	146.2877349853516	1450.5283203125	-176.1371861577316	154.3097381591797	1108.103393554688	-258.8717543254914	113.8715744018555	1096.876831054688	-174.535390332801	114.9287490844727	1085.62744140625	-210.2361499973812	257.7388610839844	856.508728027344	-239.5967179865834	191.8197479248047	853.2932128906252	-265.4190523397495	293.4215393066407	775.9902954101565	-244.7565623451693	191.9409484863282	769.0712890625002	-246.8581665756566	117.4694366455078	1451.397216796875	259.6455385149378	167.2440948486328	1446.352294921875	216.1373355492392	173.1383514404297	1111.221313476563	304.6079114146845	151.3900756835938	1093.273315429688	207.9388096802291	133.5330200195313	1087.590087890625	248.860189315611	282.9617919921876	863.1347656250002	279.4189228109762	218.9469604492188	865.7294921875002	306.295032088454	320.8129882812501	773.6224365234377	285.0291244398524	218.5514373779297	766.6267700195314	287.1250341336798	
32	0.31	296.8328552246094	1006.641418457031	-119.7296566040048	85.01277160644533	1018.990661621094	-28.94627714519412	83.16329193115236	1007.2578125	68.94627714519412	283.3033447265626	993.5635375976565	159.7296566040048	219.7606048583985	908.7366333007815	-168.8364664171059	224.1013488769532	498.2574157714845	-132.8068082918402	225.8426666259766	497.835906982422	4.73616952572034	205.628158569336	436.5105285644532	-127.5034208841393	276.6376342773438	430.1167907714845	-68.54266881243612	204.7137451171876	62.76644897460939	-119.3286701318263	225.8846435546876	99.17644500732425	-17.89666597850206	151.4252319335938	19.88299560546875	-63.35014095580774	350.8271179199219	25.09719276428223	-34.67283560363096	367.7543334960938	37.7671127319336	-75.85478284948589	318.2010498046876	15.80477142333985	-136.6788472364645	220.5371856689454	885.1245727539065	201.77977018891	301.7301330566407	485.8941345214845	168.1761551397474	342.4924926757813	481.5154724121095	39.89448362637252	256.0267028808594	458.5756835937501	167.9111784980278	308.4867553710938	410.5734252929689	108.8162272066081	-37.59182357788087	243.6492919921876	159.7178475624646	9.881030082702638	237.9596252441407	58.05492402872793	-87.40510559082033	250.9153442382813	103.5203760469626	30.08930206298829	90.26557922363283	74.31989194537282	39.44269180297852	103.6164169311524	116.2531535677032	-2.054142236709595	119.3957443237305	178.1868656505937	135.7242431640625	1539.581665039063	22.33197663849248	39.93803405761719	1294.26953125	22.33197663849248	311.5591735839844	1263.8251953125	22.33197663849248	261.3039245605469	1444.965087890625	22.23227489079067	109.1267623901367	1457.682250976563	-219.6455385149378	157.1061401367188	1451.825927734375	-176.1371861577316	169.0240478515625	1109.588500976563	-258.8717543254914	128.040756225586	1097.629272460938	-174.535390332801	129.7356567382813	1086.321533203125	-210.2361499973812	276.9316711425782	860.0002441406252	-239.5967179865834	211.5772094726563	855.3702392578127	-265.4190523397495	314.7461242675782	780.5361938476565	-244.7565623451693	213.7305145263672	771.199890136719	-246.8581665756566	126.5831069946289	1452.128540039063	259.6455385149378	176.3070678710938	1447.063232421875	216.1373355492392	180.5334167480469	1111.84521484375	304.6079114146845	159.4040069580078	1094.115112304688	207.9388096802291	141.1321411132813	1088.463500976563	248.860189315611	288.8730163574219	863.0051269531252	279.4189228109762	225.2588195800782	866.0339355468752	306.295032088454	325.7364196777344	772.5798339843752	285.0291244398524	223.9433593750001	767.0014038085939	287.1250341336798	
33	0.32	306.4591064453126	1006.906005859375	-119.7296566040048	94.9921340942383	1019.602966308594	-28.94627714519412	93.50164031982423	1008.4287109375	68.94627714519412	294.0519104003907	995.2864990234377	159.7296566040048	228.2392578125001	908.2514648437502	-168.8364664171059	226.9489898681641	498.3985595703126	-132.8068082918402	229.4996490478516	497.8957824707032	4.73616952572034	207.8660430908204	436.9216613769532	-127.5034208841393	279.0933532714844	429.8299255371095	-68.54266881243612	204.5655670166016	62.9270477294922	-119.3286701318263	226.1019134521485	99.14512634277347	-17.89666597850206	151.5421600341797	19.97963523864746	-63.35014095580774	350.7888488769532	25.20200157165528	-34.67283560363096	367.5779418945313	37.68275451660157	-75.85478284948589	318.1534729003907	15.72774600982666	-136.6788472364645	232.631576538086	887.5627441406252	201.77977018891	321.5795593261719	489.3596496582032	168.1761551397474	362.1968688964844	485.848846435547	39.89448362637252	275.9975891113282	461.2023010253907	167.9111784980278	329.8773498535157	414.3126525878907	108.8162272066081	-12.63757610321045	239.5297088623047	159.7178475624646	35.05027389526368	235.0378417968751	58.05492402872793	-63.01350402832033	244.6688232421876	103.5203760469626	61.38002777099611	88.71853637695314	74.31989194537282	70.19826507568361	103.0981369018555	116.2531535677032	27.8756217956543	116.9537353515625	178.1868656505937	145.8321685791016	1540.342529296875	22.33197663849248	49.98661422729494	1294.989379882813	22.33197663849248	321.4580993652344	1264.709350585938	22.33197663849248	271.2894592285157	1445.773559570313	22.23227489079067	119.6998596191407	1458.866088867188	-219.6455385149378	167.8146057128907	1453.134643554688	-176.1371861577316	183.7018280029297	1111.143798828125	-258.8717543254914	142.21923828125	1098.466674804688	-174.535390332801	144.5278015136719	1087.099487304688	-210.2361499973812	296.0824890136719	863.7174072265627	-239.5967179865834	231.2845611572266	857.6494140625002	-265.4190523397495	335.8959960937501	785.2321777343752	-244.7565623451693	235.4178466796876	773.5802001953127	-246.8581665756566	135.672348022461	1452.744140625	259.6455385149378	185.4140014648438	1447.664672851563	216.1373355492392	187.7821655273438	1112.364868164063	304.6079114146845	167.2995300292969	1094.908569335938	207.9388096802291	148.5893859863282	1089.241577148438	248.860189315611	294.8657226562501	862.9133300781252	279.4189228109762	231.5271606445313	866.280944824219	306.295032088454	330.8798217773438	771.7363281250002	285.0291244398524	229.4375915527344	767.3179321289064	287.1250341336798	
34	0.33	316.0425109863282	1007.059326171875	-119.7296566040048	104.9621200561524	1020.100524902344	-28.94627714519412	103.8416900634766	1009.523193359375	68.94627714519412	304.8532104492188	996.848327636719	159.7296566040048	236.6117858886719	907.6633911132815	-168.8364664171059	229.8985443115235	498.5293884277345	-132.8068082918402	233.2226562500001	497.9242553710939	4.73616952572034	210.2238006591797	437.3352355957032	-127.5034208841393	281.6137390136719	429.5277404785157	-68.54266881243612	204.4654235839844	63.12382125854494	-119.3286701318263	226.3662261962891	99.11578369140628	-17.89666597850206	151.7314758300782	20.1125717163086	-63.35014095580774	350.7894897460938	25.27063369750977	-34.67283560363096	367.4570007324219	37.62337112426759	-75.85478284948589	318.1220397949219	15.69955062866211	-136.6788472364645	244.8248901367188	889.9255981445315	201.77977018891	340.9054565429688	492.756805419922	168.1761551397474	381.3951721191407	490.1040344238282	39.89448362637252	295.5356445312501	463.5485229492189	167.9111784980278	350.9357604980469	417.958953857422	108.8162272066081	12.81237888336182	234.0355682373047	159.7178475624646	60.74766921997072	230.8475494384766	58.05492402872793	-38.05316162109376	236.8831634521485	103.5203760469626	93.43934631347658	86.23921966552736	74.31989194537282	101.6187973022461	101.5513534545899	116.2531535677032	58.52727508544923	113.4359588623047	178.1868656505937	155.9117736816407	1540.996948242188	22.33197663849248	60.03852844238283	1295.590087890625	22.33197663849248	331.3655700683594	1265.512573242188	22.33197663849248	281.2575378417969	1446.498901367188	22.23227489079067	130.2108001708985	1459.979614257813	-219.6455385149378	178.43017578125	1454.416748046875	-176.1371861577316	198.3209381103516	1112.724609375	-258.8717543254914	156.3824920654297	1099.346923828125	-174.535390332801	159.2854766845703	1087.917114257813	-210.2361499973812	315.1786804199219	867.6221313476565	-239.5967179865834	250.9210510253907	860.0800781250002	-265.4190523397495	356.8555908203126	790.033386230469	-244.7565623451693	256.9763183593751	776.1562500000002	-246.8581665756566	144.7535705566407	1453.221313476563	259.6455385149378	194.6000671386719	1448.126098632813	216.1373355492392	194.9149475097657	1112.745971679688	304.6079114146845	175.0941162109375	1095.616943359375	207.9388096802291	155.9313507080078	1089.890502929688	248.860189315611	300.9660339355469	862.8164062500002	279.4189228109762	237.7538757324219	866.4302368164065	306.295032088454	336.2662658691407	771.0562133789065	285.0291244398524	235.0261688232422	767.5283813476564	287.1250341336798	
35	0.34	325.5910339355469	1007.066589355469	-119.7296566040048	114.9228973388672	1020.479736328125	-28.94627714519412	114.1714782714844	1010.513793945313	68.94627714519412	315.6809082031251	998.198669433594	159.7296566040048	244.8718414306641	906.9830322265627	-168.8364664171059	232.9476165771485	498.6415405273439	-132.8068082918402	237.0195465087891	497.9165954589845	4.73616952572034	212.6908111572266	437.7380981445314	-127.5034208841393	284.2006225585938	429.1968994140626	-68.54266881243612	204.4051361083985	63.34891510009767	-119.3286701318263	226.6790618896485	99.09497833251956	-17.89666597850206	151.972412109375	20.28450584411621	-63.35014095580774	350.8292541503907	25.30078506469727	-34.67283560363096	367.3931274414063	37.58488082885743	-75.85478284948589	318.1031494140626	15.70989131927491	-136.6788472364645	257.0787658691407	892.1486816406252	201.77977018891	359.6808166503907	496.0149230957032	168.1761551397474	400.0118713378907	494.2150878906251	39.89448362637252	314.6472167968751	465.5414123535157	167.9111784980278	371.6196289062501	421.4508666992189	108.8162272066081	38.8032569885254	227.2352447509766	159.7178475624646	87.01393890380861	225.4455871582032	58.05492402872793	-12.45159244537354	227.638656616211	103.5203760469626	126.2523498535157	82.91942596435548	74.31989194537282	133.6637420654297	99.0545349121094	116.2531535677032	89.87943267822267	108.965576171875	178.1868656505937	165.9757995605469	1541.533325195313	22.33197663849248	70.1017532348633	1296.06298828125	22.33197663849248	341.2944030761719	1266.202880859375	22.33197663849248	291.2214965820313	1447.119384765625	22.23227489079067	140.6822052001953	1460.994262695313	-219.6455385149378	188.9762420654297	1455.633911132813	-176.1371861577316	212.8626708984376	1114.285034179688	-258.8717543254914	170.5061950683594	1100.224853515625	-174.535390332801	173.9900665283203	1088.728881835938	-210.2361499973812	334.2024841308594	871.6691894531252	-239.5967179865834	270.4655456542969	862.6082763671877	-265.4190523397495	377.6127014160157	794.8977050781252	-244.7565623451693	278.3836669921876	778.8687133789065	-246.8581665756566	153.8412170410157	1453.539428710938	259.6455385149378	203.8914489746094	1448.419189453125	216.1373355492392	201.9649353027344	1112.958251953125	304.6079114146845	182.8108520507813	1096.20068359375	207.9388096802291	163.1882781982422	1090.377685546875	248.860189315611	307.1982421875001	862.668884277344	279.4189228109762	243.9462280273438	866.4439086914065	306.295032088454	341.9116516113282	770.4947509765627	285.0291244398524	240.7027282714844	767.5880737304689	287.1250341336798	
36	0.35	335.1112976074219	1006.897827148438	-119.7296566040048	124.8729553222657	1020.741394042969	-28.94627714519412	124.4816360473633	1011.377624511719	68.94627714519412	326.5089111328126	999.2984008789065	159.7296566040048	253.0219421386719	906.2243652343752	-168.8364664171059	236.0950164794922	498.7292785644532	-132.8068082918402	240.8938903808594	497.8719482421876	4.73616952572034	215.2593078613282	438.1199035644532	-127.5034208841393	286.8570556640626	428.8277587890626	-68.54266881243612	204.3763732910157	63.59426879882814	-119.3286701318263	227.0396270751954	99.08952331542972	-17.89666597850206	152.2397155761719	20.49691581726075	-63.35014095580774	350.9072875976563	25.29240417480469	-34.67283560363096	367.3854064941407	37.56224441528321	-75.85478284948589	318.0921936035157	15.74621963500977	-136.6788472364645	269.3507995605469	894.1759033203127	201.77977018891	377.8712768554688	499.0686340332032	168.1761551397474	417.9669494628907	498.1178588867189	39.89448362637252	333.3240966796876	467.1221618652345	167.9111784980278	391.8795471191407	424.7378540039064	108.8162272066081	65.39644622802736	219.2120666503907	159.7178475624646	113.9078598022461	218.9089355468751	58.05492402872793	13.88365745544434	217.0319824218751	103.5203760469626	159.8327331542969	78.87084197998048	74.31989194537282	166.3256225585938	95.71264648437501	116.2531535677032	121.9321746826172	103.670280456543	178.1868656505937	176.0378570556641	1541.942504882813	22.33197663849248	80.18311309814455	1296.40283203125	22.33197663849248	351.2547607421876	1266.750854492188	22.33197663849248	301.1940917968751	1447.61474609375	22.23227489079067	151.1385803222657	1461.8857421875	-219.6455385149378	199.4808959960938	1456.750366210938	-176.1371861577316	227.3128051757813	1115.781860351563	-258.8717543254914	184.5677947998047	1101.0556640625	-174.535390332801	188.6248321533203	1089.4912109375	-210.2361499973812	353.1300354003907	875.809020996094	-239.5967179865834	289.8962707519532	865.1813964843752	-265.4190523397495	398.1564941406251	799.7873535156252	-244.7565623451693	299.6208190917969	781.6594238281252	-246.8581665756566	162.9490509033203	1453.682006835938	259.6455385149378	213.3025817871094	1448.521484375	216.1373355492392	208.9671173095704	1112.978393554688	304.6079114146845	190.4768371582032	1096.622802734375	207.9388096802291	170.3927764892578	1090.676391601563	248.860189315611	313.5827026367188	862.4268798828127	279.4189228109762	250.1162261962891	866.2899169921877	306.295032088454	347.8244628906251	770.0023193359377	285.0291244398524	246.4629058837891	767.4597778320314	287.1250341336798	
37	0.36	344.6095886230469	1006.531555175781	-119.7296566040048	134.8100128173828	1020.889770507813	-28.94627714519412	134.7664642333985	1012.097045898438	68.94627714519412	337.3137512207032	1000.122497558594	159.7296566040048	261.0755004882813	905.403015136719	-168.8364664171059	239.3427734375001	498.7894897460939	-132.8068082918402	244.8456420898438	497.7927551269532	4.73616952572034	217.9265441894532	438.4734802246095	-127.5034208841393	289.5884704589844	428.4146728515626	-68.54266881243612	204.3719940185547	63.85266494750978	-119.3286701318263	227.4455871582032	99.10548400878909	-17.89666597850206	152.5072174072266	20.74996566772461	-63.35014095580774	351.0220642089844	25.24753379821778	-34.67283560363096	367.4312438964844	37.55001449584962	-75.85478284948589	318.0841369628907	15.79547882080078	-136.6788472364645	281.5968017578126	895.9616699218752	201.77977018891	395.4351501464845	501.8572387695314	168.1761551397474	435.1818237304689	501.748748779297	39.89448362637252	351.5428161621094	468.2469482421876	167.9111784980278	411.6604003906251	427.7797241210939	108.8162272066081	92.66556549072267	210.0667724609376	159.7178475624646	141.499984741211	211.338119506836	58.05492402872793	41.0611915588379	205.1807556152344	103.5203760469626	194.2099609375001	74.22476196289064	74.31989194537282	199.6207733154297	91.65463256835939	116.2531535677032	154.6999206542969	97.68184661865237	178.1868656505937	186.1118469238282	1542.218139648438	22.33197663849248	90.28854370117189	1296.60791015625	22.33197663849248	361.2544860839844	1267.132202148438	22.33197663849248	311.1872558593751	1447.96875	22.23227489079067	161.6041717529297	1462.636962890625	-219.6455385149378	209.9749603271485	1457.735595703125	-176.1371861577316	241.6619873046876	1117.177490234375	-258.8717543254914	198.5474090576172	1101.799194335938	-174.535390332801	203.1752166748047	1090.16650390625	-210.2361499973812	371.9315185546876	879.9902954101565	-239.5967179865834	309.1909484863282	867.7520751953127	-265.4190523397495	418.4760131835939	804.670349121094	-244.7565623451693	320.6710205078126	784.4763183593752	-246.8581665756566	172.0915069580078	1453.637939453125	259.6455385149378	222.8343963623047	1448.418701171875	216.1373355492392	215.9570465087891	1112.79248046875	304.6079114146845	198.1216430664063	1096.853271484375	207.9388096802291	177.5784606933594	1090.768188476563	248.860189315611	320.1341552734376	862.051940917969	279.4189228109762	256.2799377441407	865.945251464844	306.295032088454	354.0053710937501	769.528991699219	285.0291244398524	252.304916381836	767.1174926757814	287.1250341336798	
38	0.37	354.0933837890626	1005.956420898438	-119.7296566040048	144.7319488525391	1020.932006835938	-28.94627714519412	145.0245666503907	1012.659729003906	68.94627714519412	348.0765075683594	1000.660949707031	159.7296566040048	269.0574645996094	904.5346679687502	-168.8364664171059	242.696762084961	498.8213195800782	-132.8068082918402	248.8726196289063	497.6841430664064	4.73616952572034	220.6953582763672	438.795379638672	-127.5034208841393	292.4031982421876	427.9556274414064	-68.54266881243612	204.3869628906251	64.11843109130861	-119.3286701318263	227.8943023681641	99.14753723144534	-17.89666597850206	152.7516326904297	21.04261779785157	-63.35014095580774	351.1718444824219	25.16988945007325	-34.67283560363096	367.5268859863282	37.54269027709962	-75.85478284948589	318.0736999511719	15.84549331665039	-136.6788472364645	293.7727661132813	897.472106933594	201.77977018891	412.324432373047	504.3243713378907	168.1761551397474	451.585174560547	505.0441284179689	39.89448362637252	369.2661743164063	468.886688232422	167.9111784980278	430.903533935547	430.5454711914064	108.8162272066081	120.6903839111328	199.9211730957032	159.7178475624646	169.8645324707032	202.8611450195313	58.05492402872793	69.19935607910158	192.2284393310547	103.5203760469626	229.4160308837891	69.1326141357422	74.31989194537282	233.5779876708985	87.03151702880861	116.2531535677032	188.2035064697266	91.13809967041017	178.1868656505937	196.2112426757813	1542.356567382813	22.33197663849248	100.4232864379883	1296.679931640625	22.33197663849248	371.2991943359376	1267.330444335938	22.33197663849248	321.2118225097657	1448.169555664063	22.23227489079067	172.10107421875	1463.237060546875	-219.6455385149378	220.4898529052735	1458.565795898438	-176.1371861577316	255.9050903320313	1118.442749023438	-258.8717543254914	212.4284057617188	1102.4228515625	-174.535390332801	217.6289367675782	1090.7255859375	-210.2361499973812	390.5721435546876	884.1629028320315	-239.5967179865834	328.3266601562501	870.280944824219	-265.4190523397495	438.5587158203126	809.520690917969	-244.7565623451693	341.5185241699219	787.2763671875002	-246.8581665756566	181.2846832275391	1453.402221679688	259.6455385149378	232.4735565185547	1448.107421875	216.1373355492392	222.9697875976563	1112.396362304688	304.6079114146845	205.7756805419922	1096.872192382813	207.9388096802291	184.7786865234375	1090.644775390625	248.860189315611	326.8607177734376	861.514099121094	279.4189228109762	262.4565734863282	865.397399902344	306.295032088454	360.4475708007813	769.028259277344	285.0291244398524	258.2297668457032	766.5479736328126	287.1250341336798	
39	0.38	363.5729675292969	1005.172912597656	-119.7296566040048	154.6378021240235	1020.876281738281	-28.94627714519412	155.259017944336	1013.058532714844	68.94627714519412	358.7842712402344	1000.918395996094	159.7296566040048	277.0034484863282	903.6338500976565	-168.8364664171059	246.1667175292969	498.8257141113282	-132.8068082918402	252.9724578857422	497.5527343750001	4.73616952572034	223.573715209961	439.0853881835939	-127.5034208841393	295.3124694824219	427.4515380859376	-68.54266881243612	204.4187927246094	64.38784027099611	-119.3286701318263	228.3839721679688	99.21887207031253	-17.89666597850206	152.9560699462891	21.3729248046875	-63.35014095580774	351.3549194335938	25.06421089172364	-34.67283560363096	367.6677856445313	37.53486251831055	-75.85478284948589	318.0559387207032	15.88597106933594	-136.6788472364645	305.8370666503907	898.6850585937502	201.77977018891	428.4865722656251	506.4180297851564	168.1761551397474	467.1181030273439	507.9417724609376	39.89448362637252	386.4468688964845	469.0262451171876	167.9111784980278	449.5491943359376	433.0123901367189	108.8162272066081	149.548583984375	188.9219818115235	159.7178475624646	199.0697784423829	193.6368103027344	58.05492402872793	98.41719055175784	178.3487548828125	103.5203760469626	265.4726562500001	63.76670455932619	74.31989194537282	268.2265319824219	82.01476287841798	116.2531535677032	222.4619750976563	84.18636322021486	178.1868656505937	206.3484191894532	1542.3564453125	22.33197663849248	110.5921249389649	1296.622192382813	22.33197663849248	381.3929443359376	1267.337158203125	22.33197663849248	331.2773132324219	1448.21044921875	22.23227489079067	182.6474609375	1463.682861328125	-219.6455385149378	231.0556335449219	1459.224975585938	-176.1371861577316	270.0402526855469	1119.557250976563	-258.8717543254914	226.1975860595704	1102.903076171875	-174.535390332801	231.9757995605469	1091.148681640625	-210.2361499973812	409.0140075683595	888.280456542969	-239.5967179865834	347.2802734375001	872.7382812500002	-265.4190523397495	458.3897705078126	814.3181762695315	-244.7565623451693	362.1475830078126	790.0272216796877	-246.8581665756566	190.5467376708985	1452.9755859375	259.6455385149378	242.1933746337891	1447.595092773438	216.1373355492392	230.0386199951172	1111.7958984375	304.6079114146845	213.4689483642579	1096.67138671875	207.9388096802291	192.0254516601563	1090.308471679688	248.860189315611	333.7634582519532	860.7938232421877	279.4189228109762	268.6675415039063	864.645202636719	306.295032088454	367.1370239257813	768.4606933593752	285.0291244398524	264.2415466308594	765.7515869140626	287.1250341336798	
40	0.39	373.0625000000001	1004.192687988281	-119.7296566040048	164.5287170410157	1020.730712890625	-28.94627714519412	165.4769287109375	1013.290344238281	68.94627714519412	369.4311523437501	1000.912414550781	159.7296566040048	284.9571838378907	902.7127075195315	-168.8364664171059	249.7654876708985	498.8047790527345	-132.8068082918402	257.1450805664063	497.4057922363282	4.73616952572034	226.5736236572266	439.3462524414064	-127.5034208841393	298.3298339843751	426.905487060547	-68.54266881243612	204.4676666259766	64.65925598144533	-119.3286701318263	228.9149322509766	99.32153320312503	-17.89666597850206	153.1127319335938	21.73849487304688	-63.35014095580774	351.5697326660157	24.93552970886231	-34.67283560363096	367.8490600585938	37.52122116088868	-75.85478284948589	318.0265197753907	15.90917205810547	-136.6788472364645	317.7521972656251	899.5891723632815	201.77977018891	443.8672790527345	508.091278076172	168.1761551397474	481.7384643554689	510.383026123047	39.89448362637252	403.032684326172	468.6632080078126	167.9111784980278	467.5395507812501	435.1652832031251	108.8162272066081	179.3058013916016	177.244125366211	159.7178475624646	229.1679687500001	183.85595703125	58.05492402872793	128.8228149414063	163.7481842041016	103.5203760469626	302.3798828125001	58.32022857666017	74.31989194537282	303.5836791992188	76.79455566406251	116.2531535677032	257.4841308593751	76.98721313476564	178.1868656505937	216.5340881347657	1542.218505859375	22.33197663849248	120.7995834350586	1296.43994140625	22.33197663849248	391.5386352539064	1267.152954101563	22.33197663849248	341.3919067382813	1448.089599609375	22.23227489079067	193.2565460205079	1463.976928710938	-219.6455385149378	241.6990966796876	1459.70458984375	-176.1371861577316	284.0673217773438	1120.510498046875	-258.8717543254914	239.8450317382813	1103.2265625	-174.535390332801	246.2073669433594	1091.42626953125	-210.2361499973812	427.2183532714845	892.3020629882815	-239.5967179865834	366.0285339355469	875.103942871094	-265.4190523397495	477.9515686035157	819.0468750000002	-244.7565623451693	382.5415039062501	792.7073974609377	-246.8581665756566	199.8977661132813	1452.364379882813	259.6455385149378	251.9565582275391	1446.899047851563	216.1373355492392	237.1940307617188	1111.004760742188	304.6079114146845	221.2301635742188	1096.254760742188	207.9388096802291	199.3484802246094	1089.770874023438	248.860189315611	340.8368835449219	859.8831787109377	279.4189228109762	274.9356384277344	863.6977539062502	306.295032088454	374.0527038574219	767.7952880859376	285.0291244398524	270.3472595214844	764.7412109375001	287.1250341336798	
41	0.4	382.5801086425782	1003.037048339844	-119.7296566040048	174.4087677001953	1020.501892089844	-28.94627714519412	175.6888275146485	1013.355102539063	68.94627714519412	380.0184326171876	1000.670471191406	159.7296566040048	292.9669189453126	901.779968261719	-168.8364664171059	253.5082550048829	498.7612609863282	-132.8068082918402	261.3952636718751	497.250213623047	4.73616952572034	229.7099151611329	439.582733154297	-127.5034208841393	301.4703979492188	426.3216247558595	-68.54266881243612	204.536117553711	64.93303680419923	-119.3286701318263	229.4906311035157	99.45706176757815	-17.89666597850206	153.2243194580078	22.13708877563477	-63.35014095580774	351.8151245117188	24.78845405578614	-34.67283560363096	368.0655822753907	37.49655532836915	-75.85478284948589	317.9818725585938	15.91030311584473	-136.6788472364645	329.4867553710938	900.1821899414065	201.77977018891	458.4141235351564	509.3041381835939	168.1761551397474	495.4239196777345	512.3166503906251	39.89448362637252	418.9717712402345	467.8068847656251	167.9111784980278	484.8216247558595	436.9964294433595	108.8162272066081	210.0046691894532	165.0918579101563	159.7178475624646	260.1849670410157	173.739501953125	58.05492402872793	160.4998016357422	148.6659088134766	103.5203760469626	340.1061706542969	53.00553131103517	74.31989194537282	339.6431579589844	71.57730865478517	116.2531535677032	293.2601623535157	69.71730804443361	178.1868656505937	226.7768707275391	1541.945190429688	22.33197663849248	131.0499877929688	1296.138793945313	22.33197663849248	401.7385253906251	1266.78564453125	22.33197663849248	351.5623474121094	1447.809936523438	22.23227489079067	203.9359436035157	1464.127075195313	-219.6455385149378	252.4422149658204	1460.003540039063	-176.1371861577316	297.9863281250001	1121.300537109375	-258.8717543254914	253.3638153076172	1103.3896484375	-174.535390332801	260.3164978027344	1091.557495117188	-210.2361499973812	445.1480407714845	896.1937255859377	-239.5967179865834	384.5484924316407	877.3667602539065	-265.4190523397495	497.2239379882814	823.6936035156252	-244.7565623451693	402.6818847656251	795.3050537109377	-246.8581665756566	209.3587493896485	1451.578735351563	259.6455385149378	261.7198791503907	1446.044799804688	216.1373355492392	244.4628143310547	1110.043701171875	304.6079114146845	229.0860748291016	1095.636962890625	207.9388096802291	206.7744293212891	1089.051391601563	248.860189315611	348.0700683593751	858.7852172851565	279.4189228109762	281.2842712402344	862.5728149414065	306.295032088454	381.1671447753907	767.0107421875001	285.0291244398524	276.5567626953126	763.5400390625001	287.1250341336798	
42	0.41	392.1466369628907	1001.734252929688	-119.7296566040048	184.2855834960938	1020.193786621094	-28.94627714519412	185.9076080322266	1013.254516601563	68.94627714519412	390.5542907714845	1000.226257324219	159.7296566040048	301.0813598632813	900.8405761718752	-168.8364664171059	257.4116210937501	498.6980895996095	-132.8068082918402	265.7351379394532	497.0914306640626	4.73616952572034	232.9990844726563	439.8009033203126	-127.5034208841393	304.7503967285157	425.7041625976564	-68.54266881243612	204.6284179687501	65.21142578125001	-119.3286701318263	230.1179809570313	99.62707519531253	-17.89666597850206	153.3038024902344	22.56736564636231	-63.35014095580774	352.0900878906251	24.62667655944825	-34.67283560363096	368.3121948242188	37.45581436157227	-75.85478284948589	317.9195251464844	15.88775444030762	-136.6788472364645	341.0165710449219	900.4688110351565	201.77977018891	472.0809020996095	510.0254821777345	168.1761551397474	508.1739501953126	513.7031250000001	39.89448362637252	434.2181091308595	466.4776916503907	167.9111784980278	501.350311279297	438.5058593750001	108.8162272066081	241.6535644531251	152.6973266601563	159.7178475624646	292.1102600097657	163.5330200195313	58.05492402872793	193.4925384521485	133.3701324462891	103.5203760469626	378.5802001953126	48.04975891113283	74.31989194537282	376.3646545410157	66.58174133300783	116.2531535677032	329.7533264160157	62.56990814208986	178.1868656505937	237.0830841064454	1541.539794921875	22.33197663849248	141.3475494384766	1295.724487304688	22.33197663849248	411.9945678710939	1266.249145507813	22.33197663849248	361.7940673828126	1447.377563476563	22.23227489079067	214.6878662109376	1464.143798828125	-219.6455385149378	263.3009948730469	1460.126098632813	-176.1371861577316	311.7962646484376	1121.932739257813	-258.8717543254914	266.7496337890626	1103.396484375	-174.535390332801	274.2969665527344	1091.54931640625	-210.2361499973812	462.7696838378907	899.928649902344	-239.5967179865834	402.8177185058595	879.522644042969	-265.4190523397495	516.1845703125001	828.2463989257815	-244.7565623451693	422.5480957031251	797.8159790039065	-246.8581665756566	218.9499816894532	1450.631958007813	259.6455385149378	271.4403381347657	1445.061889648438	216.1373355492392	251.8676147460938	1108.936401367188	304.6079114146845	237.0610809326172	1094.840209960938	207.9388096802291	214.3264923095704	1088.174072265625	248.860189315611	355.4483337402344	857.5127563476565	279.4189228109762	287.7366333007813	861.294128417969	306.295032088454	388.4473876953126	766.0946044921876	285.0291244398524	282.8820190429688	762.1782836914064	287.1250341336798	
43	0.42	401.7837219238282	1000.316162109375	-119.7296566040048	194.1707458496094	1019.807067871094	-28.94627714519412	196.1475677490235	1012.990539550781	68.94627714519412	401.0527648925782	999.6149902343752	159.7296566040048	309.3457336425782	899.895446777344	-168.8364664171059	261.4929504394532	498.6177368164064	-132.8068082918402	270.1859436035157	496.9329528808595	4.73616952572034	236.4584503173829	440.0071411132814	-127.5034208841393	308.1865234375001	425.0567321777345	-68.54266881243612	204.7498626708985	65.49843597412111	-119.3286701318263	230.8072052001954	99.833610534668	-17.89666597850206	153.3726654052735	23.02971649169922	-63.35014095580774	352.3937072753907	24.45274925231934	-34.67283560363096	368.5837097167969	37.3943099975586	-75.85478284948589	317.8380737304688	15.84322261810303	-136.6788472364645	352.3258666992188	900.4583129882815	201.77977018891	484.8321228027345	510.2357788085939	168.1761551397474	520.0106811523439	514.5196533203126	39.89448362637252	448.7359313964845	464.7068786621095	167.9111784980278	517.0914306640626	439.7018432617189	108.8162272066081	274.2163085937501	140.3152618408203	159.7178475624646	324.8879699707032	153.4972534179688	58.05492402872793	227.7916870117188	118.1504135131836	103.5203760469626	417.6844787597657	43.68711471557618	74.31989194537282	413.665496826172	62.03267669677736	116.2531535677032	366.8921203613282	55.75221633911134	178.1868656505937	247.4568176269532	1541.006713867188	22.33197663849248	151.6963348388672	1295.202270507813	22.33197663849248	422.3087463378907	1265.561157226563	22.33197663849248	372.0912170410157	1446.8017578125	22.23227489079067	225.5098724365235	1464.039428710938	-219.6455385149378	274.2846984863282	1460.0810546875	-176.1371861577316	325.4939575195313	1122.417358398438	-258.8717543254914	280.0003051757813	1103.258056640625	-174.535390332801	288.1430358886719	1091.413452148438	-210.2361499973812	480.0552978515626	903.4868164062502	-239.5967179865834	420.814422607422	881.5718383789065	-265.4190523397495	534.8100585937501	832.692321777344	-244.7565623451693	442.1173706054689	800.240417480469	-246.8581665756566	228.6890411376954	1449.538818359375	259.6455385149378	281.0817565917969	1443.981323242188	216.1373355492392	259.4266662597657	1107.70849609375	304.6079114146845	245.1767272949219	1093.89208984375	207.9388096802291	222.0241394042969	1087.165283203125	248.860189315611	362.9554443359376	856.0857543945315	279.4189228109762	294.3152770996094	859.8884887695315	306.295032088454	395.856903076172	765.0418090820314	285.0291244398524	289.3365173339844	760.6900024414064	287.1250341336798	
44	0.43	411.5115356445314	998.8148193359377	-119.7296566040048	204.0796356201172	1019.338623046875	-28.94627714519412	206.4234161376954	1012.564880371094	68.94627714519412	411.5322570800782	998.8693847656252	159.7296566040048	317.7985534667969	898.9417114257815	-168.8364664171059	265.7700500488282	498.5219726562501	-132.8068082918402	274.7790832519532	496.775604248047	4.73616952572034	240.1056671142579	440.2072753906251	-127.5034208841393	311.7955322265626	424.3813476562501	-68.54266881243612	204.905990600586	65.79981231689455	-119.3286701318263	231.5708923339844	100.0791702270508	-17.89666597850206	153.4576110839844	23.52713584899903	-63.35014095580774	352.7248229980469	24.26826477050782	-34.67283560363096	368.8753662109376	37.30811309814454	-75.85478284948589	317.7371826171876	15.78171634674073	-136.6788472364645	363.4076538085938	900.1624755859377	201.77977018891	496.6478271484376	509.9295043945314	168.1761551397474	530.9778442382814	514.7638549804689	39.89448362637252	462.5031738281251	462.5364074707032	167.9111784980278	532.0242919921876	440.6012573242189	108.8162272066081	307.6038513183594	128.2139129638672	159.7178475624646	358.4096984863282	143.8953399658203	58.05492402872793	263.3214111328126	103.3059463500977	103.5203760469626	457.251190185547	40.14749908447266	74.31989194537282	451.4144287109376	58.15192794799806	116.2531535677032	404.5631713867189	49.47858047485353	178.1868656505937	257.9000854492188	1540.3505859375	22.33197663849248	162.1002960205078	1294.576416015625	22.33197663849248	432.6831970214845	1264.740600585938	22.33197663849248	382.4569091796876	1446.09326171875	22.23227489079067	236.3961791992188	1463.825317382813	-219.6455385149378	285.3952941894532	1459.880004882813	-176.1371861577316	339.0737609863282	1122.76806640625	-258.8717543254914	293.1153564453126	1102.988891601563	-174.535390332801	301.8493041992188	1091.164794921875	-210.2361499973812	496.9832763671876	906.853942871094	-239.5967179865834	438.5175781250001	883.516784667969	-265.4190523397495	553.0765991210939	837.0164184570315	-244.7565623451693	461.3646850585939	802.580261230469	-246.8581665756566	238.5885162353516	1448.31494140625	259.6455385149378	290.6213073730469	1442.831176757813	216.1373355492392	267.1540832519532	1106.3837890625	304.6079114146845	253.4514312744141	1092.8212890625	207.9388096802291	229.8832244873047	1086.050903320313	248.860189315611	370.5760498046876	854.5284423828127	279.4189228109762	301.0415649414063	858.3830566406252	306.295032088454	403.3586730957032	763.8527832031251	285.0291244398524	295.9344482421876	759.1094970703126	287.1250341336798	
45	0.44	421.3468322753907	997.2598266601565	-119.7296566040048	214.0310516357422	1018.781860351563	-28.94627714519412	216.749496459961	1011.978332519531	68.94627714519412	422.0137939453126	998.0161743164065	159.7296566040048	326.4693298339844	897.973571777344	-168.8364664171059	270.2609863281251	498.4114379882814	-132.8068082918402	279.5557556152344	496.6173095703126	4.73616952572034	243.9584503173829	440.4058227539064	-127.5034208841393	315.5940551757813	423.6781005859376	-68.54266881243612	205.1017761230469	66.12303924560548	-119.3286701318263	232.4224700927735	100.3665237426758	-17.89666597850206	153.5865478515625	24.06600189208985	-63.35014095580774	353.0817260742188	24.07436752319337	-34.67283560363096	369.1828002929688	37.1945915222168	-75.85478284948589	317.6174621582032	15.71138763427735	-136.6788472364645	374.2640380859376	899.5942382812502	201.77977018891	507.5281372070314	509.1170654296876	168.1761551397474	541.1391601562501	514.4569702148439	39.89448362637252	475.513885498047	460.0186767578126	167.9111784980278	546.1437377929689	441.2296752929689	108.8162272066081	341.6683349609376	116.6623916625977	159.7178475624646	392.5097656250001	134.9774322509766	58.05492402872793	299.9299316406251	89.1305618286133	103.5203760469626	497.0606689453126	37.64168548583985	74.31989194537282	489.428436279297	55.14607620239259	116.2531535677032	442.6056518554689	43.95962524414063	178.1868656505937	268.4132385253907	1539.576538085938	22.33197663849248	172.5631713867188	1293.85009765625	22.33197663849248	443.1203613281251	1263.806396484375	22.33197663849248	392.8931884765626	1445.263061523438	22.23227489079067	247.3391265869141	1463.511108398438	-219.6455385149378	296.6276855468751	1459.535522460938	-176.1371861577316	352.5275573730469	1122.9990234375	-258.8717543254914	306.0954284667969	1102.60546875	-174.535390332801	315.4104309082032	1090.818969726563	-210.2361499973812	513.5386962890626	910.019714355469	-239.5967179865834	455.9070739746095	885.359313964844	-265.4190523397495	570.9613037109376	841.2005004882815	-244.7565623451693	480.2634277343751	804.8360595703127	-246.8581665756566	248.6540832519532	1446.975463867188	259.6455385149378	300.0540466308594	1441.633666992188	216.1373355492392	275.0604248046876	1104.983276367188	304.6079114146845	261.9000854492188	1091.654907226563	207.9388096802291	237.916244506836	1084.853515625	248.860189315611	378.2980957031251	852.8662719726565	279.4189228109762	307.9354553222657	856.8027954101565	306.295032088454	410.9190673828126	762.5312500000001	285.0291244398524	302.6898193359376	757.4680175781251	287.1250341336798	
46	0.45	431.3019104003907	995.6763916015627	-119.7296566040048	224.0462036132813	1018.1279296875	-28.94627714519412	227.1392211914063	1011.2314453125	68.94627714519412	432.5192260742189	997.0739746093752	159.7296566040048	335.3773498535157	896.9831542968752	-168.8364664171059	274.9839477539063	498.2855529785157	-132.8068082918402	284.5651245117188	496.452850341797	4.73616952572034	248.0345001220704	440.6054687500001	-127.5034208841393	319.5982055664063	422.944793701172	-68.54266881243612	205.3410797119141	66.47742462158205	-119.3286701318263	233.3740692138672	100.6985015869141	-17.89666597850206	153.784408569336	24.656644821167	-63.35014095580774	353.4619140625001	23.87251281738282	-34.67283560363096	369.5023193359376	37.05301666259766	-75.85478284948589	317.4802246093751	15.64309883117676	-136.6788472364645	384.9060363769532	898.7668457031252	201.77977018891	517.4970092773439	507.8257751464845	168.1761551397474	550.5746459960939	513.6447753906251	39.89448362637252	487.7795715332032	457.2154541015626	167.9111784980278	559.4617309570314	441.620330810547	108.8162272066081	376.2011108398438	105.9152603149414	159.7178475624646	426.9641723632814	126.9641876220703	58.05492402872793	337.3843078613282	75.89580535888673	103.5203760469626	536.8426513671876	36.34397506713868	74.31989194537282	527.4730224609376	53.19147109985353	116.2531535677032	480.8079833984376	39.38775253295899	178.1868656505937	278.9952697753907	1538.689453125	22.33197663849248	183.0885314941407	1293.025512695313	22.33197663849248	453.623016357422	1262.775024414063	22.33197663849248	403.401336669922	1444.322387695313	22.23227489079067	258.3306884765626	1463.103149414063	-219.6455385149378	307.9700317382813	1459.060546875	-176.1371861577316	365.8454284667969	1123.123657226563	-258.8717543254914	318.9418945312501	1102.123901367188	-174.535390332801	328.8211975097657	1090.390502929688	-210.2361499973812	529.7130126953126	912.9766235351565	-239.5967179865834	472.9638061523439	887.098815917969	-265.4190523397495	588.4431762695314	845.2229003906252	-244.7565623451693	498.7858886718751	807.0052490234377	-246.8581665756566	258.8833007812501	1445.534423828125	259.6455385149378	309.3954162597657	1440.4033203125	216.1373355492392	283.1535339355469	1103.523315429688	304.6079114146845	270.5338134765626	1090.416259765625	207.9388096802291	246.1328582763672	1083.591674804688	248.860189315611	386.1147766113282	851.1228637695315	279.4189228109762	315.0151977539063	855.1685180664065	306.295032088454	418.512176513672	761.0823364257814	285.0291244398524	309.6157226562501	755.7914428710939	287.1250341336798	
47	0.46	441.3847045898439	994.0838623046877	-119.7296566040048	234.1473999023438	1017.367004394531	-28.94627714519412	237.6048431396485	1010.325012207031	68.94627714519412	443.0697326660157	996.0530395507815	159.7296566040048	344.5312500000001	895.9619140625002	-168.8364664171059	279.9572753906251	498.1423645019532	-132.8068082918402	289.8612365722657	496.2742919921876	4.73616952572034	252.3515319824219	440.8067932128907	-127.5034208841393	323.8234863281251	422.1771545410157	-68.54266881243612	205.6262664794922	66.87419891357423	-119.3286701318263	234.4341735839844	101.0778579711914	-17.89666597850206	154.069320678711	25.31358718872071	-63.35014095580774	353.8617553710938	23.66527938842774	-34.67283560363096	369.8308410644532	36.88514709472657	-75.85478284948589	317.3273010253907	15.58967208862305	-136.6788472364645	395.3538208007814	897.6940917968752	201.77977018891	526.6049194335939	506.0996704101564	168.1761551397474	559.3764038085939	512.3955688476564	39.89448362637252	499.3299560546876	454.196258544922	167.9111784980278	572.0076293945314	441.8121948242189	108.8162272066081	410.9345092773439	96.19580841064456	159.7178475624646	461.4934387207032	120.03076171875	58.05492402872793	375.3710327148438	63.83399581909181	103.5203760469626	576.2813110351564	36.37380981445313	74.31989194537282	565.2655639648439	52.4176368713379	116.2531535677032	518.9078369140626	35.92022323608399	178.1868656505937	289.6442565917969	1537.694702148438	22.33197663849248	193.6797485351563	1292.104614257813	22.33197663849248	464.1942443847657	1261.660766601563	22.33197663849248	413.9819946289064	1443.281494140625	22.23227489079067	269.3636169433594	1462.6044921875	-219.6455385149378	319.4047241210938	1458.466918945313	-176.1371861577316	379.0163879394532	1123.15283203125	-258.8717543254914	331.6561584472657	1101.558227539063	-174.535390332801	342.0762634277344	1089.890869140625	-210.2361499973812	545.5030517578126	915.717956542969	-239.5967179865834	489.6697082519532	888.7312011718752	-265.4190523397495	605.5039062500001	849.058288574219	-244.7565623451693	516.9041137695314	809.0801391601565	-246.8581665756566	269.2657165527344	1444.005004882813	259.6455385149378	318.6806945800782	1439.145751953125	216.1373355492392	291.4395141601563	1102.015380859375	304.6079114146845	279.3599853515626	1089.122680664063	207.9388096802291	254.5405883789063	1082.2783203125	248.860189315611	394.0257568359376	849.3181762695315	279.4189228109762	322.2971801757813	853.4956665039065	306.295032088454	426.1234741210939	759.5111083984376	285.0291244398524	316.7238464355469	754.0986938476564	287.1250341336798	
48	0.47	451.5994262695314	992.495788574219	-119.7296566040048	244.3564758300782	1016.490356445313	-28.94627714519412	248.157455444336	1009.261657714844	68.94627714519412	453.6843872070314	994.9559326171877	159.7296566040048	353.9297790527344	894.9023437500002	-168.8364664171059	285.1994018554688	497.978973388672	-132.8068082918402	295.4981384277344	496.0716857910157	4.73616952572034	256.9270629882813	441.008270263672	-127.5034208841393	328.2846374511719	421.3692016601564	-68.54266881243612	205.9580230712891	67.32653808593751	-119.3286701318263	235.6054077148438	101.5073471069336	-17.89666597850206	154.4497375488282	26.05537986755372	-63.35014095580774	354.2764892578126	23.45701980590821	-34.67283560363096	370.1660156250001	36.6955795288086	-75.85478284948589	317.1611328125001	15.56479263305664	-136.6788472364645	405.6363525390626	896.3911743164065	201.77977018891	534.9306640625001	503.9978027343751	168.1761551397474	567.6440429687501	510.7962646484376	39.89448362637252	510.212860107422	451.035369873047	167.9111784980278	583.8282470703126	441.8471679687501	108.8162272066081	445.5484619140626	87.67970275878908	159.7178475624646	495.7699584960939	114.2932586669922	58.05492402872793	413.5022277832032	53.12331771850587	103.5203760469626	615.0241088867189	37.7784538269043	74.31989194537282	602.4835815429689	52.8907814025879	116.2531535677032	556.5959472656251	33.66171646118165	178.1868656505937	300.3578186035157	1536.598266601563	22.33197663849248	204.3401031494141	1291.088500976563	22.33197663849248	474.837615966797	1260.47509765625	22.33197663849248	424.6352844238282	1442.14990234375	22.23227489079067	280.4323425292969	1462.015014648438	-219.6455385149378	330.9096374511719	1457.765502929688	-176.1371861577316	392.0292968750001	1123.094360351563	-258.8717543254914	344.2394104003907	1100.919799804688	-174.535390332801	355.1704101562501	1089.328979492188	-210.2361499973812	560.9098510742189	918.236999511719	-239.5967179865834	506.0078735351564	890.2481079101565	-265.4190523397495	622.1281738281251	852.678649902344	-244.7565623451693	534.5906982421876	811.0480957031252	-246.8581665756566	279.7840270996094	1442.398681640625	259.6455385149378	327.9618225097657	1437.8583984375	216.1373355492392	299.9237976074219	1100.46533203125	304.6079114146845	288.3822326660157	1087.785278320313	207.9388096802291	263.1455383300782	1080.9208984375	248.860189315611	402.0374145507814	847.4671630859377	279.4189228109762	329.7956848144532	851.7940673828127	306.295032088454	433.7521362304689	757.8219604492189	285.0291244398524	324.0240478515626	752.4011230468751	287.1250341336798	
49	0.48	461.948211669922	990.9199829101565	-119.7296566040048	254.6933135986329	1015.492248535156	-28.94627714519412	258.8070678710938	1008.047241210938	68.94627714519412	464.3797912597657	993.7802734375002	159.7296566040048	363.5631408691407	893.7993164062502	-168.8364664171059	290.7283325195313	497.7918701171876	-132.8068082918402	301.5246582031251	495.8342895507814	4.73616952572034	261.7782592773438	441.2066955566407	-127.5034208841393	332.9953308105469	420.5142517089845	-68.54266881243612	206.3353881835938	67.84951782226564	-119.3286701318263	236.8827667236329	101.9900817871094	-17.89666597850206	154.9230041503907	26.90401840209962	-63.35014095580774	354.7000732421876	23.2541618347168	-34.67283560363096	370.5057373046876	36.49173736572266	-75.85478284948589	316.9848632812501	15.58165073394776	-136.6788472364645	415.7912597656251	894.8762817382815	201.77977018891	542.5808715820314	501.591522216797	168.1761551397474	575.4804687500001	508.9452514648439	39.89448362637252	520.4935302734376	447.8084716796876	167.9111784980278	594.9864501953126	441.7660522460939	108.8162272066081	479.681854248047	80.4810028076172	159.7178475624646	529.4299316406251	109.7993927001953	58.05492402872793	451.327606201172	43.87675476074219	103.5203760469626	652.6937255859376	40.51912689208985	74.31989194537282	638.7755737304689	54.59975051879884	116.2531535677032	593.5248413085939	32.64863586425782	178.1868656505937	311.1331787109376	1535.40673828125	22.33197663849248	215.0727539062501	1289.97900390625	22.33197663849248	485.5569152832032	1259.227172851563	22.33197663849248	435.3610229492189	1440.936401367188	22.23227489079067	291.5327453613282	1461.332275390625	-219.6455385149378	342.4601440429688	1456.966186523438	-176.1371861577316	404.8737182617189	1122.952392578125	-258.8717543254914	356.6920166015626	1100.216430664063	-174.535390332801	368.0982055664063	1088.70947265625	-210.2361499973812	575.9372558593751	920.5258789062502	-239.5967179865834	521.9628295898439	891.6372070312502	-265.4190523397495	638.3042602539064	856.054138183594	-244.7565623451693	551.8195800781251	812.891052246094	-246.8581665756566	290.4169616699219	1440.725463867188	259.6455385149378	337.3012695312501	1436.531982421875	216.1373355492392	308.6119689941407	1098.875122070313	304.6079114146845	297.6010131835938	1086.409301757813	207.9388096802291	271.9530944824219	1079.522216796875	248.860189315611	410.1622924804689	845.5792236328127	279.4189228109762	337.5228271484376	850.0677490234377	306.295032088454	441.4113159179689	756.0181884765626	285.0291244398524	331.5243835449219	750.7026367187501	287.1250341336798	
50	0.49	472.4326171875001	989.3598632812502	-119.7296566040048	265.1748046875001	1014.372314453125	-28.94627714519412	269.5628662109376	1006.692321777344	68.94627714519412	475.1695861816407	992.5217285156252	159.7296566040048	373.4153137207032	892.6519775390627	-168.8364664171059	296.5615234375001	497.5777893066407	-132.8068082918402	307.9784240722657	495.5520324707032	4.73616952572034	266.9216613769532	441.3978881835939	-127.5034208841393	337.9682312011719	419.6060180664064	-68.54266881243612	206.7560577392579	68.46004486083986	-119.3286701318263	238.2528381347657	102.5303192138672	-17.89666597850206	155.4752197265625	27.88398361206055	-63.35014095580774	355.1254577636719	23.06501960754395	-34.67283560363096	370.8480224609376	36.28350067138673	-75.85478284948589	316.8027648925782	15.65137577056885	-136.6788472364645	425.8642883300782	893.1722412109377	201.77977018891	549.6882324218751	498.9606018066407	168.1761551397474	582.9885253906251	506.9442443847657	39.89448362637252	530.2535400390626	444.5885009765626	167.9111784980278	605.5595092773439	441.6044311523439	108.8162272066081	512.9481811523439	74.64245605468751	159.7178475624646	562.0891113281251	106.5247573852539	58.05492402872793	488.3523864746095	36.13643264770509	103.5203760469626	688.9038696289064	44.46307373046876	74.31989194537282	673.7765502929689	57.44684219360353	116.2531535677032	629.3216552734376	32.83755493164063	178.1868656505937	321.9675598144532	1534.128662109375	22.33197663849248	225.880844116211	1288.778930664063	22.33197663849248	496.3563842773439	1257.925048828125	22.33197663849248	446.1588439941407	1439.650024414063	22.23227489079067	302.6620178222657	1460.553588867188	-219.6455385149378	354.0307922363282	1456.077270507813	-176.1371861577316	417.5404052734376	1122.728271484375	-258.8717543254914	369.0131835937501	1099.453002929688	-174.535390332801	380.8540649414063	1088.034423828125	-210.2361499973812	590.5906372070314	922.5755615234377	-239.5967179865834	537.5203247070314	892.8833618164065	-265.4190523397495	654.0235595703126	859.1544189453127	-244.7565623451693	568.5667724609376	814.587341308594	-246.8581665756566	301.1427307128907	1438.994262695313	259.6455385149378	346.7646484375001	1435.153564453125	216.1373355492392	317.5105895996094	1097.2431640625	304.6079114146845	307.0142822265626	1084.994995117188	207.9388096802291	280.9686889648438	1078.0810546875	248.860189315611	418.4176025390626	843.6589965820315	279.4189228109762	345.4884948730469	848.3164672851565	306.295032088454	449.1265563964845	754.1022338867189	285.0291244398524	339.2312316894532	749.0009765625001	287.1250341336798	
51	0.5	483.0553588867189	987.816101074219	-119.7296566040048	275.8143615722657	1013.136352539063	-28.94627714519412	280.4333496093751	1005.213562011719	68.94627714519412	486.0649414062501	991.177673339844	159.7296566040048	383.4666442871094	891.4646606445315	-168.8364664171059	302.7153015136719	497.3343505859376	-132.8068082918402	314.8808288574219	495.2170715332032	4.73616952572034	272.3726806640626	441.5776977539064	-127.5034208841393	343.2147827148438	418.6398925781251	-68.54266881243612	207.2168731689454	69.17659759521486	-119.3286701318263	239.6943664550782	103.1343460083008	-17.89666597850206	156.0826568603516	29.02108573913575	-63.35014095580774	355.5449829101563	22.89904594421387	-34.67283560363096	371.1907653808594	36.08241271972657	-75.85478284948589	316.6204833984376	15.78139209747315	-136.6788472364645	435.908172607422	891.3084106445315	201.77977018891	556.4077758789064	496.1890869140626	168.1761551397474	590.2694091796876	504.8894653320314	39.89448362637252	539.5888671875001	441.4417419433595	167.9111784980278	615.6367187500001	441.388885498047	108.8162272066081	544.9543457031251	70.13177490234376	159.7178475624646	593.3623657226564	104.37548828125	58.05492402872793	524.0593261718751	29.87415885925294	103.5203760469626	723.2764282226564	49.38354110717775	74.31989194537282	707.1254882812501	61.24557495117189	116.2531535677032	663.6052246093751	34.10007858276368	178.1868656505937	332.8581542968751	1532.774536132813	22.33197663849248	236.7674713134766	1287.4931640625	22.33197663849248	507.240447998047	1256.57666015625	22.33197663849248	457.028289794922	1438.30029296875	22.23227489079067	313.8177185058594	1459.677368164063	-219.6455385149378	365.5976867675782	1455.107299804688	-176.1371861577316	430.0217285156251	1122.421020507813	-258.8717543254914	381.2007446289063	1098.631713867188	-174.535390332801	393.4320678710939	1087.303466796875	-210.2361499973812	604.8752441406251	924.3760986328127	-239.5967179865834	552.6674804687501	893.9695434570315	-265.4190523397495	669.2805175781251	861.950378417969	-244.7565623451693	584.8107299804689	816.112731933594	-246.8581665756566	311.9424133300782	1437.213012695313	259.6455385149378	356.4125976562501	1433.70947265625	216.1373355492392	326.6275329589844	1095.56591796875	304.6079114146845	316.6182556152344	1083.5390625	207.9388096802291	290.1981201171876	1076.59423828125	248.860189315611	426.823699951172	841.707214355469	279.4189228109762	353.7003173828126	846.536804199219	306.295032088454	456.9321594238282	752.0767822265626	285.0291244398524	347.1497192382813	747.2893066406251	287.1250341336798	
52	0.51	493.8214111328126	986.288757324219	-119.7296566040048	286.6221008300782	1011.797668457031	-28.94627714519412	291.4265441894532	1003.634216308594	68.94627714519412	497.0750427246095	989.7504882812502	159.7296566040048	393.6970520019532	890.247741699219	-168.8364664171059	309.2049560546876	497.0610656738282	-132.8068082918402	322.2337646484376	494.8252563476564	4.73616952572034	278.1455078125001	441.7429809570314	-127.5034208841393	348.7452697753907	417.6142578125001	-68.54266881243612	207.7145690917969	70.01900482177736	-119.3286701318263	241.1802368164063	103.8115005493164	-17.89666597850206	156.7145538330078	30.3413314819336	-63.35014095580774	355.9508666992188	22.76556205749512	-34.67283560363096	371.5316467285157	35.90057754516602	-75.85478284948589	316.4451293945313	15.97379493713379	-136.6788472364645	445.9812011718751	889.321960449219	201.77977018891	562.9113159179689	493.361053466797	168.1761551397474	597.4224853515626	502.8639221191407	39.89448362637252	548.6074829101564	438.4247436523439	167.9111784980278	625.3166503906251	441.1342773437501	108.8162272066081	575.3219604492189	66.84487915039064	159.7178475624646	622.8845214843751	103.1971664428711	58.05492402872793	557.9346923828126	24.99827384948731	103.5203760469626	755.4600219726564	54.96877670288087	74.31989194537282	738.4840698242189	65.72689056396486	116.2531535677032	696.0063476562501	36.22574996948243	178.1868656505937	343.8023681640626	1531.357666015625	22.33197663849248	247.7357482910157	1286.12939453125	22.33197663849248	518.2137451171876	1255.191528320313	22.33197663849248	467.9688415527345	1436.898193359375	22.23227489079067	324.9972534179688	1458.705688476563	-219.6455385149378	377.1401977539063	1454.065063476563	-176.1371861577316	442.3113708496095	1122.028198242188	-258.8717543254914	393.2510681152345	1097.75341796875	-174.535390332801	405.8258666992189	1086.515502929688	-210.2361499973812	618.7954711914064	925.9171142578127	-239.5967179865834	567.3925781250001	894.8785400390627	-265.4190523397495	684.0714721679689	864.4152832031252	-244.7565623451693	600.5326538085939	817.4423828125002	-246.8581665756566	322.8026123046876	1435.389526367188	259.6455385149378	366.2941894531251	1432.189208984375	216.1373355492392	335.9721069335938	1093.840209960938	304.6079114146845	326.4086608886719	1082.037353515625	207.9388096802291	299.6481018066407	1075.058349609375	248.860189315611	435.4019470214845	839.7224731445315	279.4189228109762	362.1638183593751	844.7239990234377	306.295032088454	464.8669433593751	749.9457397460939	285.0291244398524	355.2839965820313	745.5588378906251	287.1250341336798	
53	0.52	504.7387695312501	984.7792968750002	-119.7296566040048	297.6055908203126	1010.37646484375	-28.94627714519412	302.5498046875001	1001.984375	68.94627714519412	508.2078247070314	988.2507934570315	159.7296566040048	404.0889587402345	889.0174560546877	-168.8364664171059	316.0448608398438	496.7596435546876	-132.8068082918402	330.0187988281251	494.3768920898439	4.73616952572034	284.2530212402344	441.8925170898439	-127.5034208841393	354.5694885253907	416.5313415527345	-68.54266881243612	208.2468872070313	71.00808715820314	-119.3286701318263	242.6809844970704	104.5749282836914	-17.89666597850206	157.3370513916016	31.8701343536377	-63.35014095580774	356.3356018066407	22.6721420288086	-34.67283560363096	371.8681030273438	35.74925613403321	-75.85478284948589	316.2850952148438	16.22392082214356	-136.6788472364645	456.1448974609376	887.2583618164065	201.77977018891	569.3795776367189	490.5573120117189	168.1761551397474	604.5454711914064	500.9321289062501	39.89448362637252	557.4262695312501	435.5824584960939	167.9111784980278	634.7039184570314	440.8429565429689	108.8162272066081	603.7084350585939	64.61647033691408	159.7178475624646	650.3322753906251	102.7892608642578	58.05492402872793	589.4949951171876	21.36614227294922	103.5203760469626	785.1482543945315	60.84019470214845	74.31989194537282	767.5561523437501	70.55432128906251	116.2531535677032	726.1883544921876	38.93395233154298	178.1868656505937	354.7977905273438	1529.894653320313	22.33197663849248	258.7886047363282	1284.69921875	22.33197663849248	529.2807617187501	1253.7822265625	22.33197663849248	478.9800720214845	1435.45751953125	22.23227489079067	336.1973876953126	1457.64501953125	-219.6455385149378	388.6423950195314	1452.961059570313	-176.1371861577316	454.4044494628907	1121.548095703125	-258.8717543254914	405.1589660644532	1096.819213867188	-174.535390332801	418.028533935547	1085.669799804688	-210.2361499973812	632.3536376953126	927.1890258789065	-239.5967179865834	581.6846923828126	895.594665527344	-265.4190523397495	698.3944702148439	866.5267333984377	-244.7565623451693	615.7161254882814	818.5531005859377	-246.8581665756566	333.7160949707032	1433.532592773438	259.6455385149378	376.4418334960938	1430.587524414063	216.1373355492392	345.5548706054688	1092.064208984375	304.6079114146845	336.3817138671876	1080.486572265625	207.9388096802291	309.3261718750001	1073.471313476563	248.860189315611	444.173065185547	837.703063964844	279.4189228109762	370.8825683593751	842.8743286132815	306.295032088454	472.9696655273439	747.7152709960939	285.0291244398524	363.6378784179688	743.8011474609376	287.1250341336798	
54	0.53	515.8183593750001	983.292419433594	-119.7296566040048	308.7707214355469	1008.899353027344	-28.94627714519412	313.8096923828126	1000.300048828125	68.94627714519412	519.4705200195314	986.6989746093752	159.7296566040048	414.6303100585939	887.7954711914065	-168.8364664171059	323.2494201660157	496.4344787597657	-132.8068082918402	338.1997375488282	493.876678466797	4.73616952572034	290.7074890136719	442.0274963378907	-127.5034208841393	360.6974182128907	415.3975830078126	-68.54266881243612	208.8139953613282	72.16524505615236	-119.3286701318263	244.1693725585938	105.4418640136719	-17.89666597850206	157.9179992675782	33.6320915222168	-63.35014095580774	356.6925659179688	22.62294006347657	-34.67283560363096	372.1973266601563	35.6373405456543	-75.85478284948589	316.1490173339844	16.51931381225586	-136.6788472364645	466.4614562988282	885.1716918945315	201.77977018891	575.9942016601564	487.8526306152345	168.1761551397474	611.7352905273439	499.1382446289064	39.89448362637252	566.1668090820314	432.9481201171876	167.9111784980278	643.9060058593751	440.5065307617189	108.8162272066081	629.8269653320314	63.23701095581056	159.7178475624646	675.4434204101564	102.9236526489258	58.05492402872793	618.3145141601564	18.80080795288086	103.5203760469626	812.096374511719	66.57859802246095	74.31989194537282	794.1049804687502	75.34749603271486	116.2531535677032	753.8676147460939	41.89451217651368	178.1868656505937	365.8423156738282	1528.406127929688	22.33197663849248	269.9287414550782	1283.218872070313	22.33197663849248	540.4456176757814	1252.364990234375	22.33197663849248	490.0613708496095	1433.995483398438	22.23227489079067	347.4143371582032	1456.508666992188	-219.6455385149378	400.0941162109376	1451.808227539063	-176.1371861577316	466.296844482422	1120.980346679688	-258.8717543254914	416.918182373047	1095.831665039063	-174.535390332801	430.032440185547	1084.767822265625	-210.2361499973812	645.5495605468751	928.1839599609377	-239.5967179865834	595.5330810546876	896.105163574219	-265.4190523397495	712.2476806640626	868.2673950195315	-244.7565623451693	630.3469238281251	819.4251098632815	-246.8581665756566	344.6813354492188	1431.653930664063	259.6455385149378	386.8695678710939	1428.906982421875	216.1373355492392	355.3872375488282	1090.239990234375	304.6079114146845	346.5351867675782	1078.886352539063	207.9388096802291	319.2406005859376	1071.83447265625	248.860189315611	453.155731201172	835.6489868164065	279.4189228109762	379.8587341308594	840.9866943359377	306.295032088454	481.2752685546876	745.3955078125001	285.0291244398524	372.2151184082032	742.0108032226564	287.1250341336798	
55	0.54	527.0735473632814	981.8372802734377	-119.7296566040048	320.1224670410157	1007.397705078125	-28.94627714519412	325.2114562988282	998.622253417969	68.94627714519412	530.8698120117189	985.1262817382815	159.7296566040048	425.316864013672	886.6068115234377	-168.8364664171059	330.8346252441407	496.0920410156251	-132.8068082918402	346.7288208007813	493.3328857421876	4.73616952572034	297.5214538574219	442.1517028808595	-127.5034208841393	367.1406250000001	414.2232360839845	-68.54266881243612	209.4203643798829	73.51200103759767	-119.3286701318263	245.625961303711	106.4333724975586	-17.89666597850206	158.4322204589844	35.65151596069337	-63.35014095580774	357.0158691406251	22.61729621887207	-34.67283560363096	372.5158691406251	35.56987762451173	-75.85478284948589	316.0446777343751	16.83935737609864	-136.6788472364645	476.9906311035157	883.122985839844	201.77977018891	582.9276733398439	485.3143920898439	168.1761551397474	619.0873413085939	497.5079345703126	39.89448362637252	574.9507446289064	430.544891357422	167.9111784980278	653.0295410156251	440.1098632812501	108.8162272066081	653.4632568359376	62.47452545166017	159.7178475624646	698.0325317382814	103.3652954101563	58.05492402872793	644.0496826171876	17.10970497131348	103.5203760469626	836.134704589844	71.75632476806642	74.31989194537282	817.9680175781252	79.71225738525392	116.2531535677032	778.830749511719	44.75569915771485	178.1868656505937	376.9342346191407	1526.917114257813	22.33197663849248	281.1582336425782	1281.709716796875	22.33197663849248	551.7116699218751	1250.9609375	22.33197663849248	501.2120056152345	1432.533325195313	22.23227489079067	358.6442871093751	1455.31640625	-219.6455385149378	411.4911499023439	1450.623779296875	-176.1371861577316	477.985076904297	1120.327880859375	-258.8717543254914	428.5214233398439	1094.797119140625	-174.535390332801	441.8293762207032	1083.814697265625	-210.2361499973812	658.3800048828126	928.8970336914065	-239.5967179865834	608.9267578125001	896.401550292969	-265.4190523397495	725.6287841796876	869.6259765625002	-244.7565623451693	644.4119873046876	820.0435180664065	-246.8581665756566	355.7003784179688	1429.769287109375	259.6455385149378	397.573211669922	1427.1591796875	216.1373355492392	365.4805908203126	1088.3740234375	304.6079114146845	356.8694152832032	1077.241088867188	207.9388096802291	329.4001464843751	1070.153564453125	248.860189315611	462.3654785156251	833.5638427734377	279.4189228109762	389.0932617187501	839.0649414062502	306.295032088454	489.8122863769532	743.0011596679689	285.0291244398524	381.0197448730469	740.1877441406251	287.1250341336798	
56	0.55	538.5184936523439	980.4277954101565	-119.7296566040048	331.6653442382813	1005.905883789063	-28.94627714519412	336.7585144042969	996.995056152344	68.94627714519412	542.4118041992189	983.574401855469	159.7296566040048	436.153533935547	885.4782714843752	-168.8364664171059	338.8200378417969	495.7401733398439	-132.8068082918402	355.5559387207032	492.7553710937501	4.73616952572034	304.7095642089844	442.2709960937501	-127.5034208841393	373.9143676757813	413.021453857422	-68.54266881243612	210.0769042968751	75.06960296630861	-119.3286701318263	247.0447082519532	107.5734786987305	-17.89666597850206	158.8670501708985	37.9537467956543	-63.35014095580774	357.3004150390626	22.64901161193848	-34.67283560363096	372.8193359375001	35.54679107666016	-75.85478284948589	315.9773864746094	17.15587425231934	-136.6788472364645	487.7864379882814	881.178405761719	201.77977018891	590.3342895507814	483.0022277832032	168.1761551397474	626.6932983398439	496.0534667968751	39.89448362637252	583.8945312500001	428.3889160156251	167.9111784980278	662.1757812500001	439.636932373047	108.8162272066081	674.4877319335939	62.09848022460939	159.7178475624646	718.0003051757814	103.8929138183594	58.05492402872793	666.4603881835939	16.10301017761231	103.5203760469626	857.1787109375002	75.97245025634767	74.31989194537282	839.0667724609377	83.27485656738283	116.2531535677032	800.9475708007815	47.17696380615235	178.1868656505937	388.0722961425782	1525.456420898438	22.33197663849248	292.4783020019532	1280.198608398438	22.33197663849248	563.0810546875001	1249.596435546875	22.33197663849248	512.4308471679689	1431.0966796875	22.23227489079067	369.8839416503907	1454.095581054688	-219.6455385149378	422.835174560547	1449.429321289063	-176.1371861577316	489.465789794922	1119.597900390625	-258.8717543254914	439.9610290527345	1093.726440429688	-174.535390332801	453.4104919433595	1082.820434570313	-210.2361499973812	670.8387451171876	929.327331542969	-239.5967179865834	621.8534545898439	896.4805297851565	-265.4190523397495	738.5339965820314	870.5981445312502	-244.7565623451693	657.8985595703126	820.399841308594	-246.8581665756566	366.7764587402344	1427.900512695313	259.6455385149378	408.5330200195314	1425.36474609375	216.1373355492392	375.8456726074219	1086.479248046875	304.6079114146845	367.3877868652344	1075.560913085938	207.9388096802291	339.8134155273438	1068.44091796875	248.860189315611	471.8145751953126	831.4564208984377	279.4189228109762	398.586639404297	837.1192626953127	306.295032088454	498.6017150878907	740.5531005859376	285.0291244398524	390.0564270019532	738.3394165039064	287.1250341336798	
57	0.5600000000000001	550.1665039062501	979.082214355469	-119.7296566040048	343.4028625488282	1004.458923339844	-28.94627714519412	348.4517822265626	995.4636230468752	68.94627714519412	554.1007690429689	982.0936279296877	159.7296566040048	447.1547851562501	884.435485839844	-168.8364664171059	347.2311401367188	495.3868408203126	-132.8068082918402	364.6398620605469	492.152801513672	4.73616952572034	312.2907409667969	442.3925170898439	-127.5034208841393	381.0395202636719	411.8062744140626	-68.54266881243612	210.8032836914063	76.85867309570314	-119.3286701318263	248.4382781982422	108.8879547119141	-17.89666597850206	159.2273864746094	40.56707000732423	-63.35014095580774	357.5412292480469	22.70660400390625	-34.67283560363096	373.1016845703126	35.56202697753907	-75.85478284948589	315.9486083984376	17.43491172790528	-136.6788472364645	498.8936157226564	879.4067993164065	201.77977018891	598.3406982421876	480.9680480957032	168.1761551397474	634.6365356445314	494.780487060547	39.89448362637252	593.1033325195314	426.4929809570314	167.9111784980278	671.4363403320314	439.0774230957032	108.8162272066081	692.8617553710939	61.90272903442384	159.7178475624646	735.3368530273439	104.3173217773438	58.05492402872793	685.4256591796876	15.60917377471924	103.5203760469626	875.2336425781252	78.88759613037111	74.31989194537282	857.4118652343752	85.71653747558595	116.2531535677032	820.1782836914065	48.86279678344728	178.1868656505937	399.255828857422	1524.057006835938	22.33197663849248	303.8889160156251	1278.717529296875	22.33197663849248	574.5540161132814	1248.302368164063	22.33197663849248	523.7161254882814	1429.715698242188	22.23227489079067	381.1315002441407	1452.880249023438	-219.6455385149378	434.133270263672	1448.252319335938	-176.1371861577316	500.7356872558595	1118.803344726563	-258.8717543254914	451.2292785644532	1092.637084960938	-174.535390332801	464.7665100097657	1081.801513671875	-210.2361499973812	682.9162597656251	929.4788818359377	-239.5967179865834	634.2992553710939	896.344909667969	-265.4190523397495	750.9572143554689	871.1862792968752	-244.7565623451693	670.7928466796876	820.4925537109377	-246.8581665756566	377.9114990234376	1426.076293945313	259.6455385149378	419.7174377441407	1423.553466796875	216.1373355492392	386.491668701172	1084.5751953125	304.6079114146845	378.0972290039063	1073.862915039063	207.9388096802291	350.4884338378907	1066.71533203125	248.860189315611	481.5117492675782	829.3420410156252	279.4189228109762	408.3392944335939	835.1672363281252	306.295032088454	507.6570129394532	738.0784912109376	285.0291244398524	399.3303833007814	736.4819335937501	287.1250341336798	
58	0.5700000000000001	562.0273437500001	977.8220214843752	-119.7296566040048	355.3367309570313	1003.0908203125	-28.94627714519412	360.2886657714844	994.0723266601565	68.94627714519412	565.9382934570314	980.7406005859377	159.7296566040048	458.343475341797	883.500671386719	-168.8364664171059	356.1018066406251	495.0383911132814	-132.8068082918402	373.9604797363282	491.529510498047	4.73616952572034	320.2908020019532	442.5235290527345	-127.5034208841393	388.5451660156251	410.5903930664064	-68.54266881243612	211.6304473876954	78.89924621582033	-119.3286701318263	249.8422393798829	110.4029693603516	-17.89666597850206	159.5402221679688	43.5250358581543	-63.35014095580774	357.7328796386719	22.77473068237305	-34.67283560363096	373.3546447753907	35.60339736938477	-75.85478284948589	315.9548339843751	17.63993644714356	-136.6788472364645	510.3441162109376	877.8759765625002	201.77977018891	607.0386352539064	479.2562561035157	168.1761551397474	642.9855346679689	493.6949157714845	39.89448362637252	602.6654052734376	424.8697204589845	167.9111784980278	680.8881835937501	438.4323120117189	108.8162272066081	708.6370239257814	61.72426605224611	159.7178475624646	750.1174316406251	104.4953842163086	58.05492402872793	700.9525146484376	15.48567867279053	103.5203760469626	890.3941650390627	80.25473022460939	74.31989194537282	873.1008300781252	86.8048782348633	116.2531535677032	836.5738525390627	49.59339141845705	178.1868656505937	410.4846191406251	1522.754516601563	22.33197663849248	315.3883361816407	1277.303100585938	22.33197663849248	586.1286010742189	1247.113403320313	22.33197663849248	535.0653686523439	1428.42431640625	22.23227489079067	392.3873291015626	1451.710815429688	-219.6455385149378	445.3969726562501	1447.125366210938	-176.1371861577316	511.7912902832032	1117.96337890625	-258.8717543254914	462.3188781738282	1091.553833007813	-174.535390332801	475.8880004882814	1080.781372070313	-210.2361499973812	694.6001586914064	929.3609008789065	-239.5967179865834	646.2479858398439	896.0040283203127	-265.4190523397495	762.8894042968751	871.399353027344	-244.7565623451693	683.0792236328126	820.3277587890627	-246.8581665756566	389.1043701171876	1424.331909179688	259.6455385149378	431.0874023437501	1421.762451171875	216.1373355492392	397.4252319335939	1082.688232421875	304.6079114146845	389.008026123047	1072.1708984375	207.9388096802291	361.4317321777344	1065.002563476563	248.860189315611	491.4630126953126	827.2432250976565	279.4189228109762	418.3522033691407	833.2346801757815	306.295032088454	516.9852905273439	735.6110839843751	285.0291244398524	408.8477478027345	734.6409301757814	287.1250341336798	
59	0.58	574.1046142578126	976.6707153320315	-119.7296566040048	367.4650878906251	1001.832702636719	-28.94627714519412	372.2624816894532	992.8624267578127	68.94627714519412	577.9215698242189	979.5749511718752	159.7296566040048	469.7485656738282	882.6901855468752	-168.8364664171059	365.4760742187501	494.697967529297	-132.8068082918402	383.5292968750001	490.8822021484376	4.73616952572034	328.7449951171876	442.6699218750001	-127.5034208841393	396.4706420898439	409.3830871582032	-68.54266881243612	212.6025848388672	81.21106719970705	-119.3286701318263	251.3174743652344	112.1438217163086	-17.89666597850206	159.8578491210938	46.86871337890626	-63.35014095580774	357.8688659667969	22.83684158325196	-34.67283560363096	373.5672912597657	35.65322875976563	-75.85478284948589	315.9877014160157	17.73639297485352	-136.6788472364645	522.1539916992189	876.6497802734377	201.77977018891	616.4790039062501	477.9034118652345	168.1761551397474	651.7869873046876	492.8077697753907	39.89448362637252	612.6458129882814	423.5336914062501	167.9111784980278	690.5886840820314	437.717498779297	108.8162272066081	721.9481201171876	61.45515441894533	159.7178475624646	762.4920043945314	104.3379592895508	58.05492402872793	713.1763916015626	15.62386703491211	103.5203760469626	902.8374633789065	79.94244384765626	74.31989194537282	886.3098754882815	86.41767883300783	116.2531535677032	850.2700805664065	49.24776458740236	178.1868656505937	421.7589111328126	1521.586669921875	22.33197663849248	326.9728698730469	1275.995239257813	22.33197663849248	597.8000488281251	1246.066772460938	22.33197663849248	546.4752197265626	1427.259155273438	22.23227489079067	403.6543579101564	1450.631958007813	-219.6455385149378	456.6412048339845	1446.08642578125	-176.1371861577316	522.6291503906251	1117.103881835938	-258.8717543254914	473.2232360839845	1090.509155273438	-174.535390332801	486.765594482422	1079.790649414063	-210.2361499973812	705.8753662109376	928.9878540039065	-239.5967179865834	657.6807250976564	895.4736328125002	-265.4190523397495	774.3184204101565	871.2525024414065	-244.7565623451693	694.7390136718751	819.9188232421877	-246.8581665756566	400.3496704101564	1422.708618164063	259.6455385149378	442.6007385253907	1420.034912109375	216.1373355492392	408.6499938964845	1080.851928710938	304.6079114146845	400.1333618164064	1070.515258789063	207.9388096802291	372.6477355957032	1063.335205078125	248.860189315611	501.6721801757814	825.1899414062502	279.4189228109762	428.6272888183595	831.3552246093752	306.295032088454	526.5892333984376	733.1912231445314	285.0291244398524	418.6152954101564	732.8511352539064	287.1250341336798	
60	0.59	586.3932495117189	975.652038574219	-119.7296566040048	379.7803649902344	1000.711181640625	-28.94627714519412	384.3617248535157	991.8707275390627	68.94627714519412	590.0418701171876	978.655456542969	159.7296566040048	481.401092529297	882.0130004882815	-168.8364664171059	375.4090270996094	494.363983154297	-132.8068082918402	393.3972167968751	490.1973571777345	4.73616952572034	337.7001647949219	442.8351440429689	-127.5034208841393	404.8675231933595	408.1882934570314	-68.54266881243612	213.7787628173829	83.81453704833986	-119.3286701318263	252.9504089355469	114.1340255737305	-17.89666597850206	160.2593994140625	50.64842987060548	-63.35014095580774	357.9414367675782	22.87893676757813	-34.67283560363096	373.7265014648438	35.69010162353516	-75.85478284948589	316.0349121093751	17.6975212097168	-136.6788472364645	534.3207397460939	875.7844238281252	201.77977018891	626.6687622070314	476.9370422363282	168.1761551397474	661.0586547851564	492.1367797851564	39.89448362637252	623.0817260742189	422.5013122558595	167.9111784980278	700.5713500976564	436.964080810547	108.8162272066081	732.9979858398439	61.04602432250978	159.7178475624646	772.6685180664065	103.8110656738282	58.05492402872793	722.3526000976564	15.94778823852539	103.5203760469626	912.8104248046877	77.94775390625001	74.31989194537282	897.2783203125002	84.55596160888673	116.2531535677032	861.474304199219	47.81563186645509	178.1868656505937	433.0792541503907	1520.590576171875	22.33197663849248	338.6364440917969	1274.835083007813	22.33197663849248	609.5605468750001	1245.19970703125	22.33197663849248	557.9412841796876	1426.25830078125	22.23227489079067	414.9381713867189	1449.691284179688	-219.6455385149378	467.8831481933595	1445.177124023438	-176.1371861577316	533.2457885742189	1116.257202148438	-258.8717543254914	483.9367980957032	1089.543579101563	-174.535390332801	497.3904113769532	1078.8671875	-210.2361499973812	716.7247924804689	928.379333496094	-239.5967179865834	668.5759887695314	894.7758789062502	-265.4190523397495	785.228698730469	870.7656860351565	-244.7565623451693	705.7504272460939	819.2859497070315	-246.8581665756566	411.6378784179689	1421.251708984375	259.6455385149378	454.2158508300782	1418.418212890625	216.1373355492392	420.1655883789064	1079.10546875	304.6079114146845	411.4881591796876	1068.931518554688	207.9388096802291	384.137908935547	1061.751708984375	248.860189315611	512.1417846679689	823.219421386719	279.4189228109762	439.1679077148439	829.5695800781252	306.295032088454	536.4689941406251	730.8647460937501	285.0291244398524	428.640838623047	731.1553344726564	287.1250341336798	
61	0.6	598.8771362304689	974.7884521484377	-119.7296566040048	392.267303466797	999.747253417969	-28.94627714519412	396.5695800781251	991.1275634765627	68.94627714519412	602.2836303710939	978.036071777344	159.7296566040048	493.3295288085939	881.4700317382815	-168.8364664171059	385.9665527343751	494.0290832519532	-132.8068082918402	403.6577148437501	489.4495544433595	4.73616952572034	347.2158813476563	443.018768310547	-127.5034208841393	413.8002014160157	407.0037231445314	-68.54266881243612	215.2335662841797	86.73190307617189	-119.3286701318263	254.8506317138672	116.3948669433594	-17.89666597850206	160.8505096435547	54.92444229125978	-63.35014095580774	357.9421691894532	22.89412307739258	-34.67283560363096	373.8182678222657	35.69166946411134	-75.85478284948589	316.0829467773438	17.51101875305176	-136.6788472364645	546.8220214843751	875.3251953125002	201.77977018891	637.5700683593751	476.3733825683595	168.1761551397474	670.7850341796876	491.7044982910157	39.89448362637252	633.9778442382814	421.7887268066407	167.9111784980278	710.8419189453126	436.2149963378907	108.8162272066081	742.0384521484376	60.50104141235353	159.7178475624646	780.8933105468752	102.9305038452149	58.05492402872793	728.8369140625001	16.40815734863282	103.5203760469626	920.6112060546877	74.39614868164064	74.31989194537282	906.2884521484377	81.34378814697267	116.2531535677032	870.4478149414065	45.39590072631837	178.1868656505937	444.4460754394532	1519.80126953125	22.33197663849248	350.3706359863282	1273.863037109375	22.33197663849248	621.3991088867189	1244.547241210938	22.33197663849248	569.4582519531251	1425.458618164063	22.23227489079067	426.246795654297	1448.936401367188	-219.6455385149378	479.1406860351564	1444.44140625	-176.1371861577316	543.6381225585939	1115.461181640625	-258.8717543254914	494.4551696777345	1088.70361328125	-174.535390332801	507.7545776367189	1078.0546875	-210.2361499973812	727.1298217773439	927.5589599609377	-239.5967179865834	678.9104003906251	893.9382934570315	-265.4190523397495	795.6018066406252	869.9626464843752	-244.7565623451693	716.0882568359376	818.4551391601565	-246.8581665756566	422.956268310547	1420.006469726563	259.6455385149378	465.8946838378907	1416.960571289063	216.1373355492392	431.9673156738282	1077.492919921875	304.6079114146845	423.0876464843751	1067.45947265625	207.9388096802291	395.8999633789064	1060.294921875	248.860189315611	522.8740844726564	821.3746337890627	279.4189228109762	449.978973388672	827.9239501953127	306.295032088454	546.6246337890626	728.6814575195314	285.0291244398524	438.9331970214845	729.6024169921876	287.1250341336798	
62	0.61	611.5274047851564	974.099548339844	-119.7296566040048	404.9010314941407	998.9556884765627	-28.94627714519412	408.863983154297	990.655700683594	68.94627714519412	614.6237182617189	977.7620849609377	159.7296566040048	505.5542907714845	881.054138183594	-168.8364664171059	397.2232360839845	493.6797485351564	-132.8068082918402	414.4443664550782	488.6015930175782	4.73616952572034	357.3642883300782	443.216033935547	-127.5034208841393	423.3456115722657	405.8209533691407	-68.54266881243612	217.0564880371094	89.98876190185548	-119.3286701318263	257.1459960937501	118.9455184936524	-17.89666597850206	161.7604522705078	59.76607513427736	-63.35014095580774	357.8637390136719	22.88743972778321	-34.67283560363096	373.8302307128907	35.63848876953126	-75.85478284948589	316.1210021972657	17.1859245300293	-136.6788472364645	559.6154174804689	875.303161621094	201.77977018891	649.1023559570314	476.2149353027345	168.1761551397474	680.9158935546876	491.5328063964845	39.89448362637252	645.3038940429689	421.4081420898439	167.9111784980278	721.3765258789064	435.518768310547	108.8162272066081	749.3472290039064	59.86579513549806	159.7178475624646	787.4288330078127	101.7511138916016	58.05492402872793	733.0579223632814	16.97345733642578	103.5203760469626	926.5671997070315	69.52830505371095	74.31989194537282	913.6419067382815	77.0140838623047	116.2531535677032	877.4844970703127	42.1815299987793	178.1868656505937	455.8592224121095	1519.24853515625	22.33197663849248	362.1645202636719	1273.115478515625	22.33197663849248	633.3019409179689	1244.13916015625	22.33197663849248	581.0202026367189	1424.893310546875	22.23227489079067	437.5896911621095	1448.412353515625	-219.6455385149378	490.4312744140626	1443.922607421875	-176.1371861577316	553.8035278320314	1114.757690429688	-258.8717543254914	504.7752685546876	1088.040771484375	-174.535390332801	517.8516235351564	1077.40087890625	-210.2361499973812	737.0715942382814	926.5532836914065	-239.5967179865834	688.6599121093751	892.992858886719	-265.4190523397495	805.4172363281252	868.8690185546877	-244.7565623451693	725.7250976562501	817.4568481445315	-246.8581665756566	434.2905578613282	1419.01513671875	259.6455385149378	477.6048889160157	1415.708740234375	216.1373355492392	444.0454711914064	1076.059814453125	304.6079114146845	434.945281982422	1066.140625	207.9388096802291	407.9271850585939	1059.009155273438	248.860189315611	533.8715820312501	819.7027587890627	279.4189228109762	461.0670166015626	826.4673461914065	306.295032088454	557.0575561523439	726.6932983398439	285.0291244398524	449.5024414062501	728.2441406250001	287.1250341336798	
63	0.62	624.3024902343751	973.6011352539065	-119.7296566040048	417.646209716797	998.344421386719	-28.94627714519412	421.2180175781251	990.4687500000002	68.94627714519412	627.0320434570314	977.8662719726565	159.7296566040048	518.0825195312501	880.7512817382815	-168.8364664171059	409.258758544922	493.2967224121095	-132.8068082918402	425.9229125976564	487.6064758300782	4.73616952572034	368.2281494140626	443.417449951172	-127.5034208841393	433.590545654297	404.6264648437501	-68.54266881243612	219.3499145507813	93.61529541015626	-119.3286701318263	259.9756164550782	121.8036041259766	-17.89666597850206	163.1372222900391	65.24893951416017	-63.35014095580774	357.7031555175782	22.88030433654786	-34.67283560363096	373.7559814453126	35.51865386962891	-75.85478284948589	316.1462707519532	16.75890541076661	-136.6788472364645	572.6397094726564	875.7322998046877	201.77977018891	661.1466674804689	476.447723388672	168.1761551397474	691.3688964843751	491.6363220214845	39.89448362637252	656.9932250976564	421.3627929687501	167.9111784980278	732.1211547851564	434.921356201172	108.8162272066081	755.2048339843751	59.21072387695314	159.7178475624646	792.5340576171877	100.3530426025391	58.05492402872793	735.4816894531251	17.62059974670411	103.5203760469626	931.0111083984377	63.67442703247072	74.31989194537282	919.6353759765627	71.88197326660158	116.2531535677032	882.8890380859377	38.43285369873048	178.1868656505937	467.3176574707032	1518.954833984375	22.33197663849248	374.0048828125001	1272.621826171875	22.33197663849248	645.2525634765626	1243.9970703125	22.33197663849248	592.6206665039064	1424.588989257813	22.23227489079067	448.9765625000001	1448.15771484375	-219.6455385149378	501.7702636718751	1443.66015625	-176.1371861577316	563.7402343750001	1114.189819335938	-258.8717543254914	514.8953247070314	1087.608032226563	-174.535390332801	527.6773071289064	1076.954711914063	-210.2361499973812	746.5321655273439	925.3901367187502	-239.5967179865834	697.8014526367189	891.974060058594	-265.4190523397495	814.6534423828127	867.5107421875002	-244.7565623451693	734.6327514648439	816.3242187500002	-246.8581665756566	445.6271972656251	1418.31201171875	259.6455385149378	489.3208923339845	1414.704467773438	216.1373355492392	456.3850402832032	1074.851684570313	304.6079114146845	447.0703430175782	1065.015747070313	207.9388096802291	420.2077026367189	1057.937866210938	248.860189315611	545.1378173828126	818.252624511719	279.4189228109762	472.4398803710939	825.2482910156252	306.295032088454	567.7723999023439	724.9511718750001	285.0291244398524	460.3602600097657	727.1317138671876	287.1250341336798	
64	0.63	637.1485595703126	973.3040771484377	-119.7296566040048	430.4571838378907	997.914733886719	-28.94627714519412	433.6005859375001	990.5704345703127	68.94627714519412	639.4729003906251	978.3657836914065	159.7296566040048	530.9033813476564	880.5421142578127	-168.8364664171059	422.1528320312501	492.8562316894532	-132.8068082918402	438.2775878906251	486.4115295410157	4.73616952572034	379.8970642089844	443.6092834472657	-127.5034208841393	444.6273498535157	403.4035644531251	-68.54266881243612	222.2256164550782	97.64682769775393	-119.3286701318263	263.4811706542969	124.9860534667969	-17.89666597850206	165.1403503417969	71.4501190185547	-63.35014095580774	357.4668579101563	22.91374969482422	-34.67283560363096	373.6004638671876	35.33261108398438	-75.85478284948589	316.1699218750001	16.29893302917481	-136.6788472364645	585.8180541992189	876.606628417969	201.77977018891	673.5516357421876	477.039520263672	168.1761551397474	702.0350952148439	492.0152282714845	39.89448362637252	668.9434204101564	421.6426391601564	167.9111784980278	742.9932861328126	434.4580688476564	108.8162272066081	759.8747558593751	58.61336517333986	159.7178475624646	796.4487304687502	98.8276062011719	58.05492402872793	736.5751953125001	18.32736587524414	103.5203760469626	934.2592773437502	57.21931457519533	74.31989194537282	924.540222167969	66.30904388427736	116.2531535677032	886.957214355469	34.44341659545899	178.1868656505937	478.818817138672	1518.932495117188	22.33197663849248	385.876678466797	1272.40234375	22.33197663849248	657.2324829101564	1244.13232421875	22.33197663849248	604.2528686523439	1424.562866210938	22.23227489079067	460.4159240722657	1448.202270507813	-219.6455385149378	513.1695556640626	1443.6865234375	-176.1371861577316	573.4474487304689	1113.799560546875	-258.8717543254914	524.8149414062501	1087.455932617188	-174.535390332801	537.2298583984376	1076.762939453125	-210.2361499973812	755.4957275390626	924.0966796875002	-239.5967179865834	706.3153076171876	890.916931152344	-265.4190523397495	823.2894287109377	865.9119873046877	-244.7565623451693	742.7848510742189	815.0908813476565	-246.8581665756566	456.9556274414064	1417.919677734375	259.6455385149378	501.0246582031251	1413.982055664063	216.1373355492392	468.9655151367189	1073.909301757813	304.6079114146845	459.4654541015626	1064.1220703125	207.9388096802291	432.7240600585939	1057.120239257813	248.860189315611	556.6770629882814	817.071472167969	279.4189228109762	484.1063537597657	824.311218261719	306.295032088454	578.7774047851564	723.5023193359376	285.0291244398524	471.519989013672	726.3112792968751	287.1250341336798	
65	0.64	650.0019531250001	973.2131958007815	-119.7296566040048	443.2793273925782	997.6616821289065	-28.94627714519412	445.977752685547	990.9538574218752	68.94627714519412	651.9066772460939	979.2591552734377	159.7296566040048	543.9854125976564	880.4042968750002	-168.8364664171059	435.9790039062501	492.3325500488282	-132.8068082918402	451.6939392089845	484.9646606445314	4.73616952572034	392.461883544922	443.7749633789064	-127.5034208841393	456.5473632812501	402.1352539062501	-68.54266881243612	225.7999572753907	102.123405456543	-119.3286701318263	267.7978210449219	128.5098876953125	-17.89666597850206	167.9324493408203	78.44140625000001	-63.35014095580774	357.1771850585938	23.04964828491211	-34.67283560363096	373.3867797851563	35.09766387939454	-75.85478284948589	316.2233276367188	15.90932178497315	-136.6788472364645	599.0622558593751	877.898864746094	201.77977018891	686.1411132812501	477.9397277832032	168.1761551397474	712.7872314453126	492.6507873535157	39.89448362637252	681.0189208984376	422.2208251953126	167.9111784980278	753.8855590820314	434.1471252441407	108.8162272066081	763.5887451171876	58.14260101318361	159.7178475624646	799.3840332031252	97.26522064208987	58.05492402872793	736.7720336914064	19.06804084777832	103.5203760469626	936.5938110351565	50.56287765502931	74.31989194537282	928.5874633789065	60.66375732421876	116.2531535677032	889.960876464844	30.50379371643067	178.1868656505937	490.3585510253907	1519.182739257813	22.33197663849248	397.7632446289064	1272.465698242188	22.33197663849248	669.2224121093751	1244.543212890625	22.33197663849248	615.9100341796876	1424.820556640625	22.23227489079067	471.9133605957032	1448.563232421875	-219.6455385149378	524.6364746093751	1444.0234375	-176.1371861577316	582.9255981445314	1113.623046875	-258.8717543254914	534.5353393554689	1087.628173828125	-174.535390332801	546.5110473632814	1076.865478515625	-210.2361499973812	763.9505615234376	922.6975097656252	-239.5967179865834	714.1876831054689	889.854675292969	-265.4190523397495	831.3067016601565	864.0933837890627	-244.7565623451693	750.1597290039064	813.7891845703127	-246.8581665756566	468.2702941894532	1417.845947265625	259.6455385149378	512.7055664062501	1413.564208984375	216.1373355492392	481.7607421875001	1073.265869140625	304.6079114146845	472.1243591308595	1063.490356445313	207.9388096802291	445.453094482422	1056.586669921875	248.860189315611	568.4945068359376	816.2014770507815	279.4189228109762	496.0753479003907	823.692077636719	306.295032088454	590.0850219726564	722.3865356445314	285.0291244398524	482.9970703125001	725.8195800781251	287.1250341336798	
66	0.65	662.7926025390626	973.3266601562502	-119.7296566040048	456.0520019531251	997.5750732421877	-28.94627714519412	458.3142395019532	991.6016845703127	68.94627714519412	664.2927246093751	980.524841308594	159.7296566040048	557.2751464843751	880.314880371094	-168.8364664171059	450.7979125976564	491.7011108398439	-132.8068082918402	466.3391113281251	483.2221984863282	4.73616952572034	406.0077514648439	443.8972167968751	-127.5034208841393	469.4337158203126	400.8074340820314	-68.54266881243612	230.1880645751954	107.0880661010742	-119.3286701318263	273.0457458496094	132.3926239013672	-17.89666597850206	171.6698150634766	86.28102111816408	-63.35014095580774	356.8805236816407	23.36920738220215	-34.67283560363096	373.1632995605469	34.85128021240235	-75.85478284948589	316.3636779785157	15.7262134552002	-136.6788472364645	612.2782592773439	879.559753417969	201.77977018891	698.7221069335939	479.0813293457032	168.1761551397474	723.4891967773439	493.5035705566407	39.89448362637252	693.0558471679689	423.0527648925782	167.9111784980278	764.6714477539064	433.9864807128907	108.8162272066081	766.5394287109376	57.84726715087892	159.7178475624646	801.5201416015627	95.74684143066408	58.05492402872793	736.4453125000001	19.81253242492676	103.5203760469626	938.251892089844	44.08151626586915	74.31989194537282	931.9598388671877	55.28380203247072	116.2531535677032	892.138122558594	26.86904525756837	178.1868656505937	501.9309692382814	1519.694458007813	22.33197663849248	409.6470031738282	1272.808471679688	22.33197663849248	681.2025756835939	1245.215209960938	22.33197663849248	627.5854492187501	1425.354248046875	22.23227489079067	483.4700622558595	1449.243041992188	-219.6455385149378	536.1724243164064	1444.679077148438	-176.1371861577316	592.1770629882814	1113.687377929688	-258.8717543254914	544.0595092773439	1088.15625	-174.535390332801	555.5267333984376	1077.291625976563	-210.2361499973812	771.8901367187502	921.2126464843752	-239.5967179865834	721.4136352539064	888.815856933594	-265.4190523397495	838.6912841796877	862.0710449218752	-244.7565623451693	756.7437744140626	812.4476318359377	-246.8581665756566	479.5722045898439	1418.082275390625	259.6455385149378	524.3601684570314	1413.461181640625	216.1373355492392	494.7395324707032	1072.942993164063	304.6079114146845	485.0297851562501	1063.141357421875	207.9388096802291	458.3660278320314	1056.355834960938	248.860189315611	580.5957031250001	815.676208496094	279.4189228109762	508.3551635742189	823.414489746094	306.295032088454	601.7119140625001	721.6335449218751	285.0291244398524	494.8088989257814	725.6798706054689	287.1250341336798	
67	0.66	675.4476928710939	973.6352539062502	-119.7296566040048	468.7121582031251	997.6408691406252	-28.94627714519412	470.5750427246095	992.4871215820315	68.94627714519412	676.5920410156251	982.120544433594	159.7296566040048	570.6992187500001	880.2527465820315	-168.8364664171059	466.6511230468751	490.9426879882814	-132.8068082918402	482.342498779297	481.1578674316407	4.73616952572034	420.6064758300782	443.960906982422	-127.5034208841393	483.3534545898439	399.4129333496095	-68.54266881243612	235.4978179931641	112.5836563110352	-119.3286701318263	279.3232421875001	136.6519012451172	-17.89666597850206	176.4935302734375	95.00447082519533	-63.35014095580774	356.6557922363282	23.96830558776856	-34.67283560363096	373.0105590820313	34.65252685546876	-75.85478284948589	316.6783142089844	15.9127893447876	-136.6788472364645	625.3726806640626	881.519958496094	201.77977018891	711.0942993164064	480.3849182128907	168.1761551397474	734.0052490234376	494.5155639648439	39.89448362637252	704.8697509765626	424.078094482422	167.9111784980278	775.2126464843752	433.9541015625001	108.8162272066081	768.879333496094	57.7501907348633	159.7178475624646	803.009216308594	94.33892059326173	58.05492402872793	735.8910522460939	20.52828979492188	103.5203760469626	939.4216918945315	38.09557342529298	74.31989194537282	934.792175292969	50.44546508789064	116.2531535677032	893.688903808594	23.73441886901856	178.1868656505937	513.5289306640626	1520.445068359375	22.33197663849248	421.5098876953126	1273.4150390625	22.33197663849248	693.1538696289064	1246.120483398438	22.33197663849248	639.2723388671876	1426.14306640625	22.23227489079067	495.0815429687501	1450.228759765625	-219.6455385149378	547.7720947265626	1445.645874023438	-176.1371861577316	601.2067871093751	1114.006713867188	-258.8717543254914	553.3923339843751	1089.055419921875	-174.535390332801	564.2875366210939	1078.0556640625	-210.2361499973812	779.3150634765627	919.6560668945315	-239.5967179865834	727.9990844726564	887.8225097656252	-265.4190523397495	845.4354248046877	859.8553466796877	-244.7565623451693	762.5347290039064	811.0893554687502	-246.8581665756566	490.8692932128907	1418.604614257813	259.6455385149378	535.9917602539064	1413.668334960938	216.1373355492392	507.8663940429689	1072.947631835938	304.6079114146845	498.1527099609376	1063.084228515625	207.9388096802291	471.4293823242189	1056.431518554688	248.860189315611	592.9854736328126	815.5171508789065	279.4189228109762	520.9523925781251	823.486267089844	306.295032088454	613.6778564453126	721.2603149414064	285.0291244398524	506.9744873046876	725.8980712890626	287.1250341336798	
68	0.67	687.8965454101564	974.1220703125002	-119.7296566040048	481.1990661621095	997.8428955078127	-28.94627714519412	482.7271118164064	993.575622558594	68.94627714519412	688.7700805664064	983.985046386719	159.7296566040048	584.1682128906251	880.2007446289065	-168.8364664171059	483.5556640625001	490.0478515625001	-132.8068082918402	499.7789001464845	478.7713012695314	4.73616952572034	436.3090209960939	443.9568481445314	-127.5034208841393	498.3508911132814	397.9551696777345	-68.54266881243612	241.8243713378907	118.6484069824219	-119.3286701318263	286.7029113769532	141.3041381835938	-17.89666597850206	182.5218200683594	104.615463256836	-63.35014095580774	356.6221618652344	24.94964790344239	-34.67283560363096	373.0468444824219	34.58090972900391	-75.85478284948589	317.2870483398438	16.64901161193848	-136.6788472364645	638.2586669921876	883.6940917968752	201.77977018891	723.0593872070314	481.7649841308595	168.1761551397474	744.2081909179689	495.6156616210939	39.89448362637252	716.2662963867189	425.2251281738282	167.9111784980278	785.3679199218752	434.011932373047	108.8162272066081	770.724792480469	57.84762573242189	159.7178475624646	803.9807739257815	93.09116363525392	58.05492402872793	735.3219604492189	21.18379592895508	103.5203760469626	940.2442016601565	32.84657669067384	74.31989194537282	937.176940917969	46.34365463256837	116.2531535677032	894.7752685546877	21.22179603576661	178.1868656505937	525.1443481445314	1521.402587890625	22.33197663849248	433.3339233398439	1274.259399414063	22.33197663849248	705.0582885742189	1247.220336914063	22.33197663849248	650.9636230468751	1427.153442382813	22.23227489079067	506.7369384765626	1451.492065429688	-219.6455385149378	559.4234619140626	1446.899780273438	-176.1371861577316	610.0228271484376	1114.579833984375	-258.8717543254914	562.5414428710939	1090.321044921875	-174.535390332801	572.8095092773439	1079.154174804688	-210.2361499973812	786.233337402344	918.034851074219	-239.5967179865834	733.9629516601564	886.8883056640627	-265.4190523397495	851.5395507812502	857.4512329101565	-244.7565623451693	767.5443725585939	809.7308349609377	-246.8581665756566	502.1762084960939	1419.375610351563	259.6455385149378	547.6095581054689	1414.166015625	216.1373355492392	521.1030273437501	1073.270263671875	304.6079114146845	511.4522399902345	1063.313598632813	207.9388096802291	484.6062622070314	1056.800659179688	248.860189315611	605.6671142578126	815.731384277344	279.4189228109762	533.8710327148439	823.8975219726565	306.295032088454	626.0053100585939	721.2700805664064	285.0291244398524	519.5140380859376	726.4607543945314	287.1250341336798	
69	0.68	700.0750732421876	974.7630615234377	-119.7296566040048	493.4585571289064	998.1643066406252	-28.94627714519412	494.7409057617189	994.8276977539065	68.94627714519412	700.7986450195314	986.0411376953127	159.7296566040048	597.5833740234376	880.1475219726565	-168.8364664171059	501.5005493164064	489.0211791992189	-132.8068082918402	518.6561889648439	476.0953369140626	4.73616952572034	453.1388549804689	443.8852844238282	-127.5034208841393	514.4425659179689	396.4514160156251	-68.54266881243612	249.2457122802735	125.3101348876953	-119.3286701318263	295.2309875488282	146.3617095947266	-17.89666597850206	189.8446044921875	115.0779037475586	-63.35014095580774	356.9449768066407	26.41222190856934	-34.67283560363096	373.4314270019532	34.73224258422852	-75.85478284948589	318.3420410156251	18.11719131469727	-136.6788472364645	650.8616333007814	885.9869384765627	201.77977018891	734.4318237304689	483.137176513672	168.1761551397474	753.9863281250001	496.7273254394532	39.89448362637252	727.0543823242189	426.4177246093751	167.9111784980278	795.0021972656252	434.1120605468751	108.8162272066081	772.1631469726565	58.11302947998048	159.7178475624646	804.546813964844	92.0359573364258	58.05492402872793	734.8708496093751	21.75233840942383	103.5203760469626	940.8197021484377	28.48597145080567	74.31989194537282	939.1738281250002	43.08381271362305	116.2531535677032	895.5242919921877	19.37730407714844	178.1868656505937	536.7689819335939	1522.528076171875	22.33197663849248	445.1017456054689	1275.30810546875	22.33197663849248	716.8993530273439	1248.467651367188	22.33197663849248	662.6518554687501	1428.342163085938	22.23227489079067	518.4190063476564	1452.990844726563	-219.6455385149378	571.1076049804689	1448.40185546875	-176.1371861577316	618.6371459960939	1115.389038085938	-258.8717543254914	571.5169677734376	1091.926513671875	-174.535390332801	581.1143188476564	1080.564819335938	-210.2361499973812	792.6614379882815	916.3491210937502	-239.5967179865834	739.3372192382814	886.0176391601565	-265.4190523397495	857.0131835937502	854.8592529296877	-244.7565623451693	771.7999267578127	808.3814697265627	-246.8581665756566	513.5128784179689	1420.3486328125	259.6455385149378	559.2277832031251	1414.921508789063	216.1373355492392	534.4102783203126	1073.884643554688	304.6079114146845	524.8772583007814	1063.8095703125	207.9388096802291	497.8584289550782	1057.432983398438	248.860189315611	618.6411132812501	816.3099365234377	279.4189228109762	547.1115112304689	824.6201782226565	306.295032088454	638.7174682617189	721.6518554687501	285.0291244398524	532.4475097656251	727.3347778320314	287.1250341336798	
70	0.6900000000000001	711.9304199218751	975.5286865234377	-119.7296566040048	505.4471130371095	998.5896606445315	-28.94627714519412	506.5915832519532	996.2020263671877	68.94627714519412	712.6574707031251	988.2009887695315	159.7296566040048	610.8446655273439	880.0888671875002	-168.8364664171059	520.4454956054689	487.8848876953126	-132.8068082918402	538.9090576171876	473.200164794922	4.73616952572034	471.0873107910157	443.7595825195314	-127.5034208841393	531.6143798828126	394.9350585937501	-68.54266881243612	257.8202209472657	132.5796661376953	-119.3286701318263	304.9300231933594	151.8291625976563	-17.89666597850206	198.5207672119141	126.3098449707032	-63.35014095580774	357.8377380371094	28.43904113769532	-34.67283560363096	374.3641967773438	35.21141433715821	-75.85478284948589	320.0249633789063	20.48442840576172	-136.6788472364645	663.1232910156251	888.3015136718752	201.77977018891	745.0496826171876	484.4254455566407	168.1761551397474	763.2482299804689	497.7772827148439	39.89448362637252	737.0606079101564	427.5829162597657	167.9111784980278	803.9964599609377	434.203826904297	108.8162272066081	773.2593994140627	58.50373458862306	159.7178475624646	804.8057861328127	91.18899536132814	58.05492402872793	734.6011352539064	22.21503639221192	103.5203760469626	941.2158813476565	25.07497024536134	74.31989194537282	940.8206176757815	40.68518066406251	116.2531535677032	896.0322265625002	18.17860412597657	178.1868656505937	548.3948974609376	1523.77978515625	22.33197663849248	456.797088623047	1276.523071289063	22.33197663849248	728.6622924804689	1249.810913085938	22.33197663849248	674.3284912109376	1429.660034179688	22.23227489079067	530.1047973632814	1454.672973632813	-219.6455385149378	582.7998657226564	1450.099731445313	-176.1371861577316	627.0660400390626	1116.40087890625	-258.8717543254914	580.3318481445314	1093.82421875	-174.535390332801	589.2290649414064	1082.246948242188	-210.2361499973812	798.6233520507815	914.5933837890627	-239.5967179865834	744.1666870117189	885.2064208984377	-265.4190523397495	861.8753051757815	852.0773925781252	-244.7565623451693	775.3447265625002	807.044128417969	-246.8581665756566	524.9027099609376	1421.4736328125	259.6455385149378	570.8645019531251	1415.890991210938	216.1373355492392	547.7510375976564	1074.748901367188	304.6079114146845	538.3693847656251	1064.538208007813	207.9388096802291	511.1484985351564	1058.283325195313	248.860189315611	631.9044189453126	817.2280883789065	279.4189228109762	560.6699829101564	825.6094360351565	306.295032088454	651.8366699218751	722.3819580078126	285.0291244398524	545.7935180664064	728.4686889648439	287.1250341336798	
71	0.7000000000000001	723.4252929687501	976.3862304687502	-119.7296566040048	517.1348266601564	999.1059570312502	-28.94627714519412	518.2598266601564	997.658874511719	68.94627714519412	724.3344726562501	990.3731079101565	159.7296566040048	623.8596191406251	880.0288696289065	-168.8364664171059	540.3214721679689	486.6807861328126	-132.8068082918402	560.4004516601564	470.1932678222657	4.73616952572034	490.111297607422	443.6083068847657	-127.5034208841393	549.8217163085939	393.4559326171876	-68.54266881243612	267.5861511230469	140.4437103271485	-119.3286701318263	315.8042297363282	157.6981353759766	-17.89666597850206	208.5782928466797	138.1803283691407	-63.35014095580774	359.5589599609376	31.08469772338868	-34.67283560363096	376.0815124511719	36.12263107299805	-75.85478284948589	322.5414123535157	23.88365554809571	-136.6788472364645	675.0042114257814	890.5469970703127	201.77977018891	754.7846069335939	485.5684204101564	168.1761551397474	771.9253540039065	498.7035522460939	39.89448362637252	746.1438598632814	428.6580810546876	167.9111784980278	812.2561645507815	434.241180419922	108.8162272066081	774.063171386719	58.9689407348633	159.7178475624646	804.8440551757815	90.55093383789064	58.05492402872793	734.5215454101564	22.56256675720215	103.5203760469626	941.4769287109377	22.5936508178711	74.31989194537282	942.143493652344	39.09320068359376	116.2531535677032	896.3701171875002	17.54924201965332	178.1868656505937	560.0148925781251	1525.116333007813	22.33197663849248	468.4053039550782	1277.865966796875	22.33197663849248	740.3341064453126	1251.198852539063	22.33197663849248	685.9838867187501	1431.055419921875	22.23227489079067	541.7667236328126	1456.480590820313	-219.6455385149378	594.4708251953126	1451.932983398438	-176.1371861577316	635.3302001953126	1117.569091796875	-258.8717543254914	589.0015869140626	1095.948486328125	-174.535390332801	597.1855468750001	1084.144653320313	-210.2361499973812	804.1496582031252	912.7580566406252	-239.5967179865834	748.5068359375001	884.4431152343752	-265.4190523397495	866.1540527343752	849.1038208007815	-244.7565623451693	778.2368774414065	805.7166137695315	-246.8581665756566	536.3703613281251	1422.701293945313	259.6455385149378	582.5401000976564	1417.0234375	216.1373355492392	561.0926513671876	1075.809204101563	304.6079114146845	551.8670043945314	1065.453857421875	207.9388096802291	524.4428710937501	1059.294555664063	248.860189315611	645.4500122070314	818.4470214843752	279.4189228109762	574.5379638671876	826.8074340820315	306.295032088454	665.3823852539064	723.4264526367189	285.0291244398524	559.5670166015626	729.7964477539064	287.1250341336798	
72	0.71	734.5413208007814	977.3037719726565	-119.7296566040048	528.5071411132814	999.7037353515627	-28.94627714519412	529.7326049804689	999.162536621094	68.94627714519412	735.8251342773439	992.4692993164065	159.7296566040048	636.5522460937501	879.9798583984377	-168.8364664171059	561.0336303710939	485.4703674316407	-132.8068082918402	582.9299926757814	467.2147521972657	4.73616952572034	510.1335754394532	443.4760131835939	-127.5034208841393	568.9914550781251	392.0790100097657	-68.54266881243612	278.5628051757813	148.858139038086	-119.3286701318263	327.8460693359376	163.9418640136719	-17.89666597850206	220.0165710449219	150.5095977783203	-63.35014095580774	362.4027404785157	34.36457824707032	-34.67283560363096	378.8471374511719	37.55817031860352	-75.85478284948589	326.1129150390626	28.39555168151856	-136.6788472364645	686.4844970703126	892.646423339844	201.77977018891	763.5499877929689	486.5233764648439	168.1761551397474	779.9736938476565	499.4619445800782	39.89448362637252	754.2071533203126	429.5964965820314	167.9111784980278	819.717712402344	434.188201904297	108.8162272066081	774.6146240234377	59.45749282836915	159.7178475624646	804.7359008789065	90.10997009277345	58.05492402872793	734.6030883789064	22.79539108276368	103.5203760469626	941.6308593750002	20.9566822052002	74.31989194537282	943.1649169921877	38.19798660278321	116.2531535677032	896.5887451171877	17.37686920166016	178.1868656505937	571.6224365234376	1526.500122070313	22.33197663849248	479.9139099121095	1279.30029296875	22.33197663849248	751.9033203125001	1252.583618164063	22.33197663849248	697.6074218750001	1432.478881835938	22.23227489079067	553.3746337890626	1458.354614257813	-219.6455385149378	606.0882568359376	1453.837280273438	-176.1371861577316	643.4541625976564	1118.83935546875	-258.8717543254914	597.5430908203126	1098.221313476563	-174.535390332801	605.0190429687501	1086.191528320313	-210.2361499973812	809.2756347656252	910.8328247070315	-239.5967179865834	752.4208984375001	883.711853027344	-265.4190523397495	869.885925292969	845.939880371094	-244.7565623451693	780.546569824219	804.3942871093752	-246.8581665756566	547.9394531250001	1423.988525390625	259.6455385149378	594.2753906250001	1418.265380859375	216.1373355492392	574.4098510742189	1077.004516601563	304.6079114146845	565.3106079101564	1066.502685546875	207.9388096802291	537.7140502929689	1060.403076171875	248.860189315611	659.2669067382814	819.9172363281252	279.4189228109762	588.7023315429689	828.1484985351565	306.295032088454	679.3688964843751	724.7448120117189	285.0291244398524	573.7776489257814	731.2431030273439	287.1250341336798	
73	0.72	745.2810058593751	978.2537841796877	-119.7296566040048	539.5653686523439	1000.377502441406	-28.94627714519412	541.0030517578126	1000.683532714844	68.94627714519412	747.1308593750001	994.4122314453127	159.7296566040048	648.8699340820314	879.962829589844	-168.8364664171059	582.4653320312501	484.3323974609376	-132.8068082918402	606.2495727539064	464.4274291992189	4.73616952572034	531.0457763671876	443.421600341797	-127.5034208841393	589.0263061523439	390.8807678222657	-68.54266881243612	290.7530822753907	157.742431640625	-119.3286701318263	341.0424499511719	170.5101013183594	-17.89666597850206	232.8102569580079	163.0733337402344	-63.35014095580774	366.6830139160157	38.24763870239259	-34.67283560363096	382.9396362304688	39.58710861206055	-75.85478284948589	330.9668273925782	34.0338249206543	-136.6788472364645	697.5623779296876	894.5416259765627	201.77977018891	771.3062133789065	487.268035888672	168.1761551397474	787.3733520507815	500.0293884277345	39.89448362637252	761.2059326171876	430.3705444335939	167.9111784980278	826.3527832031252	434.022918701172	108.8162272066081	774.9484863281252	59.92434310913087	159.7178475624646	804.5433349609377	89.84510040283205	58.05492402872793	734.7949829101564	22.92263984680176	103.5203760469626	941.6963500976565	20.03283119201661	74.31989194537282	943.9097900390627	37.85552215576173	116.2531535677032	896.7233886718752	17.5322265625	178.1868656505937	583.2119750976564	1527.899291992188	22.33197663849248	491.312957763672	1280.794311523438	22.33197663849248	763.3603515625001	1253.924926757813	22.33197663849248	709.1875000000001	1433.886352539063	22.23227489079067	564.8974609375001	1460.239624023438	-219.6455385149378	617.6188964843751	1455.749877929688	-176.1371861577316	651.4651489257814	1120.15478515625	-258.8717543254914	605.9736328125001	1100.559692382813	-174.535390332801	612.7655639648439	1088.317260742188	-210.2361499973812	814.0391235351565	908.8096923828127	-239.5967179865834	755.9758300781251	882.9957275390627	-265.4190523397495	873.1135864257815	842.5933227539065	-244.7565623451693	782.3523559570315	803.0725708007815	-246.8581665756566	559.6295166015626	1425.301391601563	259.6455385149378	606.0892944335939	1419.565307617188	216.1373355492392	587.6869506835939	1078.272583007813	304.6079114146845	578.6479492187501	1067.626831054688	207.9388096802291	550.9428710937501	1061.545043945313	248.860189315611	673.3408813476564	821.582702636719	279.4189228109762	603.1457519531251	829.565612792969	306.295032088454	693.8034667968751	726.2938842773439	285.0291244398524	588.4277954101564	732.7318115234376	287.1250341336798	
74	0.73	755.6681518554689	979.2172851562502	-119.7296566040048	550.3254394531251	1001.125366210938	-28.94627714519412	552.0703735351564	1002.19921875	68.94627714519412	758.2570800781251	996.1411132812502	159.7296566040048	660.7890014648439	880.0061645507815	-168.8364664171059	604.4833374023439	483.3580932617189	-132.8068082918402	630.0842895507814	462.0030822753907	4.73616952572034	552.7135009765626	443.5142211914064	-127.5034208841393	609.8106689453126	389.9437866210939	-68.54266881243612	304.1464843750001	166.976547241211	-119.3286701318263	355.3790893554688	177.3252868652344	-17.89666597850206	246.9135131835938	175.6106262207032	-63.35014095580774	372.7123718261719	42.65436172485352	-34.67283560363096	388.6360168457032	42.2456283569336	-75.85478284948589	337.3248901367188	40.73612594604493	-136.6788472364645	708.2513427734376	896.1959228515627	201.77977018891	778.061706542969	487.7994689941407	168.1761551397474	794.1269531250002	500.4041442871095	39.89448362637252	767.1507568359376	430.9720764160157	167.9111784980278	832.1691894531252	433.7384643554689	108.8162272066081	775.097351074219	60.3350067138672	159.7178475624646	804.3153076171877	89.72954559326173	58.05492402872793	735.0390625000001	22.96003913879395	103.5203760469626	941.687438964844	19.6655387878418	74.31989194537282	944.408142089844	37.90846633911134	116.2531535677032	896.798278808594	17.88629531860352	178.1868656505937	594.7778930664064	1529.289916992188	22.33197663849248	502.5955200195314	1282.321899414063	22.33197663849248	774.6973266601565	1255.192138671875	22.33197663849248	720.7120971679689	1435.2421875	22.23227489079067	576.3054199218751	1462.087890625	-219.6455385149378	629.0305175781251	1457.615234375	-176.1371861577316	659.3912353515626	1121.462280273438	-258.8717543254914	614.3086547851564	1102.88330078125	-174.535390332801	620.4597778320314	1090.454223632813	-210.2361499973812	818.477966308594	906.685974121094	-239.5967179865834	759.2382812500001	882.2803344726565	-265.4190523397495	875.8845214843752	839.0808105468752	-244.7565623451693	783.7369384765627	801.7501220703127	-246.8581665756566	571.4538574218751	1426.6171875	259.6455385149378	617.9964599609376	1420.878051757813	216.1373355492392	600.9194946289064	1079.556030273438	304.6079114146845	591.8385620117189	1068.770385742188	207.9388096802291	564.1201171875001	1062.662475585938	248.860189315611	687.6554565429689	823.3861083984377	279.4189228109762	617.8473510742189	830.9966430664065	306.295032088454	708.6846313476564	728.0319213867189	285.0291244398524	603.5109252929689	734.1909790039064	287.1250341336798	
75	0.74	765.7461547851564	980.186462402344	-119.7296566040048	560.8159179687501	1001.948486328125	-28.94627714519412	562.9393920898439	1003.693237304688	68.94627714519412	769.210876464844	997.6163330078127	159.7296566040048	672.3162231445314	880.1445922851565	-168.8364664171059	626.9431762695314	482.6440734863282	-132.8068082918402	654.1558837890626	460.1060180664064	4.73616952572034	574.9832763671876	443.8270874023439	-127.5034208841393	631.2167968750001	389.3499145507814	-68.54266881243612	318.7218627929688	176.4012908935547	-119.3286701318263	370.8421630859376	184.2812194824219	-17.89666597850206	262.2642517089844	187.835922241211	-63.35014095580774	380.7774353027344	47.46056365966798	-34.67283560363096	396.1937866210939	45.53022766113282	-75.85478284948589	345.3911437988282	48.36219406127931	-136.6788472364645	718.5764770507814	897.5935668945315	201.77977018891	783.869323730469	488.1313781738282	168.1761551397474	800.2572021484377	500.6028442382814	39.89448362637252	772.104431152344	431.4104003906251	167.9111784980278	837.208679199219	433.3421020507814	108.8162272066081	775.0935058593752	60.66776275634767	159.7178475624646	804.0878906250002	89.73392486572267	58.05492402872793	735.2807006835939	22.92728805541993	103.5203760469626	941.6168212890627	19.69224739074707	74.31989194537282	944.6958618164065	38.20430374145509	116.2531535677032	896.829772949219	18.3238582611084	178.1868656505937	606.3146362304689	1530.6552734375	22.33197663849248	513.7579345703126	1283.862915039063	22.33197663849248	785.9084472656252	1256.365234375	22.33197663849248	732.1694946289064	1436.520385742188	22.23227489079067	587.5717773437501	1463.8623046875	-219.6455385149378	640.2939453125001	1459.388427734375	-176.1371861577316	667.2589111328126	1122.717163085938	-258.8717543254914	622.5607299804689	1105.122924804688	-174.535390332801	628.1315307617189	1092.54345703125	-210.2361499973812	822.6279296875002	904.4668579101565	-239.5967179865834	762.2710571289064	881.5570068359377	-265.4190523397495	878.2486572265627	835.429138183594	-244.7565623451693	784.7827148437502	800.4314575195315	-246.8581665756566	583.4171752929689	1427.924560546875	259.6455385149378	630.0050659179689	1422.168334960938	216.1373355492392	614.1140747070314	1080.8076171875	304.6079114146845	604.8568725585939	1069.883422851563	207.9388096802291	577.2465209960939	1063.708984375	248.860189315611	702.1933593750001	825.2737426757815	279.4189228109762	632.7843017578126	832.3906250000002	306.295032088454	724.0007934570314	729.9223632812501	285.0291244398524	619.0108032226564	735.5615234375001	287.1250341336798	
76	0.75	775.5742187500002	981.1657714843752	-119.7296566040048	571.0751342773439	1002.849792480469	-28.94627714519412	573.6199340820314	1005.154663085938	68.94627714519412	779.9987792968752	998.820739746094	159.7296566040048	683.4879150390626	880.4167480468752	-168.8364664171059	649.6953125000001	482.2838745117189	-132.8068082918402	678.2067871093751	458.8768005371095	4.73616952572034	597.6907958984376	444.4297485351564	-127.5034208841393	653.1123046875001	389.1731872558595	-68.54266881243612	334.4495544433594	185.8224334716797	-119.3286701318263	387.4166259765626	191.2449798583985	-17.89666597850206	278.7879333496094	199.4537048339844	-63.35014095580774	391.1140136718751	52.50674057006837	-34.67283560363096	405.8331604003907	49.39462661743165	-75.85478284948589	355.3400573730469	56.699764251709	-136.6788472364645	728.5698852539064	898.7363891601565	201.77977018891	788.8192138671877	488.289764404297	168.1761551397474	805.803649902344	500.6551818847657	39.89448362637252	776.1738891601565	431.7085571289064	167.9111784980278	841.541442871094	432.8524780273439	108.8162272066081	774.9692382812502	60.91383361816408	159.7178475624646	803.8854980468752	89.82884979248048	58.05492402872793	735.4761962890626	22.84542274475098	103.5203760469626	941.497497558594	19.96060371398926	74.31989194537282	944.8132934570315	38.60921096801759	116.2531535677032	896.8292236328127	18.7525806427002	178.1868656505937	617.8156127929689	1531.985595703125	22.33197663849248	524.7998046875001	1285.402465820313	22.33197663849248	796.990417480469	1257.435424804688	22.33197663849248	743.5490722656251	1437.705322265625	22.23227489079067	598.6746826171876	1465.537109375	-219.6455385149378	651.3847045898439	1461.037963867188	-176.1371861577316	675.0905151367189	1123.88720703125	-258.8717543254914	630.7379150390626	1107.22509765625	-174.535390332801	635.8028564453126	1094.539916992188	-210.2361499973812	826.5210571289065	902.1668090820315	-239.5967179865834	765.1296386718751	880.8250122070315	-265.4190523397495	880.2565917968752	831.6757812500002	-244.7565623451693	785.5676879882815	799.1280517578127	-246.8581665756566	595.5134277343751	1429.221923828125	259.6455385149378	642.1146240234376	1423.412475585938	216.1373355492392	627.2878417968751	1081.994262695313	304.6079114146845	617.6942749023439	1070.927490234375	207.9388096802291	590.3326416015626	1064.6533203125	248.860189315611	716.9374389648439	827.1995239257815	279.4189228109762	647.9324340820314	833.7120361328127	306.295032088454	739.7300415039064	731.9360961914064	285.0291244398524	634.9009399414064	736.8026733398439	287.1250341336798	
77	0.76	785.222351074219	982.1711425781252	-119.7296566040048	581.1473999023439	1003.832336425781	-28.94627714519412	584.1255493164064	1006.576232910156	68.94627714519412	790.6256103515627	999.7593994140627	159.7296566040048	694.3657226562501	880.8625488281252	-168.8364664171059	672.5910644531251	482.3588867187501	-132.8068082918402	702.0200805664064	458.4176330566407	4.73616952572034	620.6691894531251	445.3799133300782	-127.5034208841393	675.3660278320314	389.4727783203126	-68.54266881243612	351.2929382324219	195.0189514160157	-119.3286701318263	405.0826721191407	198.0621795654297	-17.89666597850206	296.4009704589844	210.1747436523438	-63.35014095580774	403.8856506347657	57.6114959716797	-34.67283560363096	417.720916748047	53.75064849853517	-75.85478284948589	367.3064575195313	65.47764587402345	-136.6788472364645	738.2664794921876	899.639343261719	201.77977018891	793.0284423828127	488.308319091797	168.1761551397474	810.8184814453127	500.5975646972657	39.89448362637252	779.4981079101565	431.8982849121095	167.9111784980278	845.258972167969	432.2955627441407	108.8162272066081	774.7561035156252	61.07595062255861	159.7178475624646	803.722106933594	89.98684692382814	58.05492402872793	735.5968017578126	22.73447608947754	103.5203760469626	941.3438110351565	20.34037780761719	74.31989194537282	944.8027343750002	39.0169792175293	116.2531535677032	896.804626464844	19.10746002197266	178.1868656505937	629.2732543945314	1533.276733398438	22.33197663849248	535.7240600585939	1286.929931640625	22.33197663849248	807.9425048828127	1258.403686523438	22.33197663849248	754.8417358398439	1438.791381835938	22.23227489079067	609.5983276367189	1467.0986328125	-219.6455385149378	662.2847900390626	1462.546508789063	-176.1371861577316	682.9014282226564	1124.954345703125	-258.8717543254914	638.8436279296876	1109.156372070313	-174.535390332801	643.4855957031251	1096.41455078125	-210.2361499973812	830.184509277344	899.8090820312502	-239.5967179865834	767.8601684570314	880.0922851562502	-265.4190523397495	881.9580078125002	827.867370605469	-244.7565623451693	786.1627197265627	797.859313964844	-246.8581665756566	607.7249755859376	1430.515747070313	259.6455385149378	654.3150634765626	1424.598999023438	216.1373355492392	640.4656982421876	1083.099609375	304.6079114146845	630.3585205078126	1071.877807617188	207.9388096802291	603.3969116210939	1065.482177734375	248.860189315611	731.8712158203126	829.1281738281252	279.4189228109762	663.2682495117189	834.9434204101565	306.295032088454	755.8400268554689	734.0527954101564	285.0291244398524	651.1456298828126	737.8953857421876	287.1250341336798	
78	0.77	794.765075683594	983.2270507812502	-119.7296566040048	591.0792846679689	1004.897827148438	-28.94627714519412	594.4727172851564	1007.952453613281	68.94627714519412	801.0936279296877	1000.456481933594	159.7296566040048	705.0295410156251	881.5194091796877	-168.8364664171059	695.4884643554689	482.9302673339845	-132.8068082918402	725.4339599609376	458.7827453613282	4.73616952572034	643.7577514648439	446.7162475585939	-127.5034208841393	697.8545532226564	390.2876281738282	-68.54266881243612	369.2091674804688	203.7542419433594	-119.3286701318263	423.811004638672	204.5651245117188	-17.89666597850206	315.0144042968751	219.7321472167969	-63.35014095580774	419.1692810058595	62.58695602416994	-34.67283560363096	431.9587402343751	58.47285079956056	-75.85478284948589	381.3773193359376	74.38424682617189	-136.6788472364645	747.7006225585939	900.3248291015627	201.77977018891	796.628845214844	488.2239685058595	168.1761551397474	815.3626098632815	500.4666442871095	39.89448362637252	782.233581542969	432.0150146484376	167.9111784980278	848.4654541015627	431.7004394531251	108.8162272066081	774.4844360351565	61.16589736938478	159.7178475624646	803.6042480468752	90.18354797363283	58.05492402872793	735.6293945312501	22.61174201965332	103.5203760469626	941.1707153320315	20.73057746887207	74.31989194537282	944.705505371094	39.35307312011719	116.2531535677032	896.7618408203127	19.35117149353028	178.1868656505937	640.6784057617189	1534.528198242188	22.33197663849248	546.5366821289064	1288.43701171875	22.33197663849248	818.7670898437502	1259.27880859375	22.33197663849248	766.0407104492189	1439.781127929688	22.23227489079067	620.3339233398439	1468.543334960938	-219.6455385149378	672.9838256835939	1463.909545898438	-176.1371861577316	690.6980590820314	1125.913696289063	-258.8717543254914	646.8770751953126	1110.9033203125	-174.535390332801	651.1798706054689	1098.1552734375	-210.2361499973812	833.6405029296877	897.424499511719	-239.5967179865834	770.4984130859377	879.3750000000002	-265.4190523397495	883.4006347656252	824.0572509765627	-244.7565623451693	786.629333496094	796.6510009765627	-246.8581665756566	620.0227050781251	1431.815795898438	259.6455385149378	666.5862426757814	1425.727783203125	216.1373355492392	653.6774291992189	1084.12353515625	304.6079114146845	642.8722534179689	1072.72509765625	207.9388096802291	616.4631958007814	1066.199340820313	248.860189315611	746.9791870117189	831.0371093750002	279.4189228109762	678.7691650390626	836.085388183594	306.295032088454	772.2891845703127	736.2608032226564	285.0291244398524	667.7009887695314	738.8437500000001	287.1250341336798	
79	0.78	804.2749633789065	984.3618774414065	-119.7296566040048	600.9163818359376	1006.045227050781	-28.94627714519412	604.6795654296876	1009.278503417969	68.94627714519412	811.402770996094	1000.950378417969	159.7296566040048	715.5693969726564	882.4185180664065	-168.8364664171059	718.2578125000001	484.0326232910157	-132.8068082918402	748.3476562500001	459.9745178222657	4.73616952572034	666.8091430664064	448.453338623047	-127.5034208841393	720.4663085937501	391.6328125000001	-68.54266881243612	388.1500244140626	211.7893676757813	-119.3286701318263	443.5588989257814	210.5827636718751	-17.89666597850206	334.5377197265626	227.8951263427735	-63.35014095580774	436.9503173828126	67.25394439697267	-34.67283560363096	448.5769042968751	63.40638732910158	-75.85478284948589	397.5874023437501	83.08933258056642	-136.6788472364645	756.9035034179689	900.817810058594	201.77977018891	799.7551879882815	488.0729980468751	168.1761551397474	819.5017089843752	500.2943115234376	39.89448362637252	784.5393066406252	432.093231201172	167.9111784980278	851.2687988281252	431.095184326172	108.8162272066081	774.1815185546877	61.20148849487306	159.7178475624646	803.5329589843752	90.39831542968751	58.05492402872793	735.5753173828126	22.49078559875489	103.5203760469626	940.993347167969	21.06194686889649	74.31989194537282	944.559020996094	39.57438278198243	116.2531535677032	896.7056274414065	19.47118949890137	178.1868656505937	652.0211791992189	1535.741577148438	22.33197663849248	557.2463378906251	1289.916137695313	22.33197663849248	829.4697875976565	1260.075317382813	22.33197663849248	777.141784667969	1440.68408203125	22.23227489079067	630.8801879882814	1469.875610351563	-219.6455385149378	683.4797973632814	1465.1337890625	-176.1371861577316	698.4764404296876	1126.771850585938	-258.8717543254914	654.8341674804689	1112.470703125	-174.535390332801	658.8738403320314	1099.765014648438	-210.2361499973812	836.9068603515627	895.0484619140627	-239.5967179865834	773.070007324219	878.6948242187502	-265.4190523397495	884.6296386718752	820.3016357421877	-244.7565623451693	787.019226074219	795.5332031250002	-246.8581665756566	632.3670654296876	1433.1328125	259.6455385149378	678.8989868164064	1426.807861328125	216.1373355492392	666.9535522460939	1085.080078125	304.6079114146845	655.2700195312501	1073.474609375	207.9388096802291	629.5578002929689	1066.823120117188	248.860189315611	762.2459106445314	832.916442871094	279.4189228109762	694.4149780273439	837.1547851562502	306.295032088454	789.028259277344	738.5558471679689	285.0291244398524	684.5173339843751	739.6732788085939	287.1250341336798	
80	0.79	813.8168945312502	985.6029052734377	-119.7296566040048	610.6997070312501	1007.269348144531	-28.94627714519412	614.7647094726564	1010.548828125	68.94627714519412	821.5518188476565	1001.287780761719	159.7296566040048	726.0764770507814	883.5811157226565	-168.8364664171059	740.7864379882814	485.6706848144532	-132.8068082918402	770.7185668945315	461.946258544922	4.73616952572034	689.6958007812501	450.5788879394532	-127.5034208841393	743.1049804687501	393.4983520507814	-68.54266881243612	408.0625305175782	218.8966827392579	-119.3286701318263	464.2681884765626	215.9511260986329	-17.89666597850206	354.8832092285157	234.4789733886719	-63.35014095580774	457.1285400390626	71.45479583740236	-34.67283560363096	467.5347900390626	68.37715911865236	-75.85478284948589	415.9184875488282	91.26645660400392	-136.6788472364645	765.9017944335939	901.1420898437502	201.77977018891	802.5354003906252	487.888153076172	168.1761551397474	823.3027343750002	500.1040344238282	39.89448362637252	786.5639648437502	432.1626586914064	167.9111784980278	853.7730712890627	430.5037536621095	108.8162272066081	773.8712158203127	61.20355224609376	159.7178475624646	803.5061035156252	90.61431121826173	58.05492402872793	735.4474487304689	22.38114929199219	103.5203760469626	940.8257446289065	21.29547309875489	74.31989194537282	944.394714355469	39.66564941406251	116.2531535677032	896.6396484375002	19.47477340698243	178.1868656505937	663.2908325195314	1536.918212890625	22.33197663849248	567.8637695312501	1291.35986328125	22.33197663849248	840.0590820312502	1260.810180664063	22.33197663849248	788.1435546875002	1441.513793945313	22.23227489079067	641.2434082031251	1471.104858398438	-219.6455385149378	693.7793579101564	1466.232666015625	-176.1371861577316	706.2227783203126	1127.542602539063	-258.8717543254914	662.7094726562501	1113.876586914063	-174.535390332801	666.5451660156251	1101.257202148438	-210.2361499973812	839.998718261719	892.7176513671877	-239.5967179865834	775.591003417969	878.0758056640627	-265.4190523397495	885.6870727539065	816.655456542969	-244.7565623451693	787.373962402344	794.536560058594	-246.8581665756566	644.7111816406251	1434.474853515625	259.6455385149378	691.2171630859376	1427.853759765625	216.1373355492392	680.3212280273439	1085.994018554688	304.6079114146845	667.5942382812501	1074.143798828125	207.9388096802291	642.7061157226564	1067.383178710938	248.860189315611	777.6552734375002	834.767761230469	279.4189228109762	710.1876831054689	838.1806640625002	306.295032088454	806.0028076171877	740.9389648437501	285.0291244398524	701.5418701171876	740.4268798828126	287.1250341336798	
81	0.8	823.443298339844	986.9708251953127	-119.7296566040048	620.4636840820314	1008.560546875	-28.94627714519412	624.7457275390626	1011.756530761719	68.94627714519412	831.5396118164065	1001.517333984375	159.7296566040048	736.6351928710939	885.0154418945315	-168.8364664171059	762.9822387695314	487.8190917968751	-132.8068082918402	792.5517578125002	464.6104736328126	4.73616952572034	712.3142089843751	453.0544738769532	-127.5034208841393	765.6913452148439	395.8504638671876	-68.54266881243612	428.8904113769532	224.8721923828126	-119.3286701318263	485.865692138672	220.5225982666016	-17.89666597850206	375.9708862304688	239.3502349853516	-63.35014095580774	479.5330200195314	75.06248474121095	-34.67283560363096	488.727508544922	73.2031936645508	-75.85478284948589	436.3029174804689	98.61385345458987	-136.6788472364645	774.717468261719	901.3176879882815	201.77977018891	805.0825195312502	487.696502685547	168.1761551397474	826.8311767578127	499.9095153808595	39.89448362637252	788.4353637695315	432.2460021972657	167.9111784980278	856.0723266601565	429.9434204101564	108.8162272066081	773.5729980468752	61.1931838989258	159.7178475624646	803.520202636719	90.8184051513672	58.05492402872793	735.2663574218751	22.28870582580567	103.5203760469626	940.679626464844	21.4179859161377	74.31989194537282	944.2363891601565	39.63375473022462	116.2531535677032	896.5669555664065	19.3829345703125	178.1868656505937	674.4770507812501	1538.05810546875	22.33197663849248	578.4011230468751	1292.759033203125	22.33197663849248	850.5463867187502	1261.50048828125	22.33197663849248	799.047302246094	1442.285278320313	22.23227489079067	651.4367675781251	1472.241821289063	-219.6455385149378	703.8972167968751	1467.222900390625	-176.1371861577316	713.9148559570314	1128.242431640625	-258.8717543254914	670.4979858398439	1115.147338867188	-174.535390332801	674.1637573242189	1102.652099609375	-210.2361499973812	842.930358886719	890.4667968750002	-239.5967179865834	778.0698242187502	877.5407714843752	-265.4190523397495	886.6121215820315	813.1677856445315	-244.7565623451693	787.7261962890627	793.6887817382815	-246.8581665756566	657.0040893554689	1435.844482421875	259.6455385149378	703.5003662109376	1428.882690429688	216.1373355492392	693.8005371093751	1086.896240234375	304.6079114146845	679.8911132812501	1074.758422851563	207.9388096802291	655.9296875000001	1067.914306640625	248.860189315611	793.1895141601565	836.6022949218752	279.4189228109762	726.0714111328126	839.1995849609377	306.295032088454	823.1558227539065	743.4135742187501	285.0291244398524	718.7214965820314	741.1589355468751	287.1250341336798	
82	0.8100000000000001	833.1914062500002	988.4751586914065	-119.7296566040048	630.2345581054689	1009.904174804688	-28.94627714519412	634.6381225585939	1012.8935546875	68.94627714519412	841.3669433593752	1001.683715820313	159.7296566040048	747.3167724609376	886.7148437500002	-168.8364664171059	784.7752075195315	490.4253845214845	-132.8068082918402	813.883728027344	467.8514404296876	4.73616952572034	734.5870971679689	455.8181152343751	-127.5034208841393	788.163024902344	398.6347045898439	-68.54266881243612	450.5756225585939	229.5458068847657	-119.3286701318263	508.266815185547	224.1730041503907	-17.89666597850206	397.7332458496095	242.4270172119141	-63.35014095580774	503.9434204101564	77.98532867431642	-34.67283560363096	511.9980468750001	77.70600891113283	-75.85478284948589	458.630828857422	104.8719482421875	-136.6788472364645	783.368835449219	901.3603515625002	201.77977018891	807.4912109375002	487.5184326171876	168.1761551397474	830.1485595703127	499.7146301269532	39.89448362637252	790.2545166015627	432.3576049804689	167.9111784980278	858.2463378906252	429.4239501953126	108.8162272066081	773.301696777344	61.18958663940431	159.7178475624646	803.5715332031252	91.00103759765626	58.05492402872793	735.0568847656251	22.21641540527344	103.5203760469626	940.563659667969	21.43597602844239	74.31989194537282	944.1002197265627	39.50095748901368	116.2531535677032	896.4899902343752	19.22431945800782	178.1868656505937	685.5709838867189	1539.158813476563	22.33197663849248	588.8713378906251	1294.103149414063	22.33197663849248	860.9451904296877	1262.16015625	22.33197663849248	809.8570556640627	1443.01318359375	22.23227489079067	661.4793701171876	1473.296142578125	-219.6455385149378	713.8551635742189	1468.12060546875	-176.1371861577316	721.5250854492189	1128.886840820313	-258.8717543254914	678.1965942382814	1116.311645507813	-174.535390332801	681.6959838867189	1103.971069335938	-210.2361499973812	845.717712402344	888.3253173828127	-239.5967179865834	780.5093994140627	877.1069335937502	-265.4190523397495	887.4411621093752	809.8782348632815	-244.7565623451693	788.100524902344	793.0101318359377	-246.8581665756566	669.1956787109376	1437.238403320313	259.6455385149378	715.7075805664064	1429.910888671875	216.1373355492392	707.4015502929689	1087.8173828125	304.6079114146845	692.2059936523439	1075.3486328125	207.9388096802291	669.2436523437501	1068.45166015625	248.860189315611	808.8288574218752	838.4373779296877	279.4189228109762	742.0520629882814	840.2497558593752	306.295032088454	840.4307250976565	745.9829101562501	285.0291244398524	736.0063476562501	741.9284057617189	287.1250341336798	
83	0.8200000000000001	843.0815429687502	990.1113281250002	-119.7296566040048	640.0294189453126	1011.281433105469	-28.94627714519412	644.4544067382814	1013.950866699219	68.94627714519412	851.0377197265627	1001.822265625	159.7296566040048	758.1748657226564	888.6573486328127	-168.8364664171059	806.1177978515627	493.4152221679689	-132.8068082918402	834.7641601562502	471.539031982422	4.73616952572034	756.4635620117189	458.7891540527345	-127.5034208841393	810.4733886718752	401.780487060547	-68.54266881243612	473.0607910156251	232.7881622314454	-119.3286701318263	531.3811645507814	226.8056793212891	-17.89666597850206	420.1197509765626	243.6750183105469	-63.35014095580774	530.1140136718751	80.16725158691408	-34.67283560363096	537.1525878906251	81.72086334228517	-75.85478284948589	482.7601623535157	109.8363037109375	-136.6788472364645	791.8713989257815	901.2815551757815	201.77977018891	809.8367309570315	487.3673095703126	168.1761551397474	833.3114013671877	499.5153198242189	39.89448362637252	792.0939941406252	432.5036926269532	167.9111784980278	860.359069824219	428.9472656250001	108.8162272066081	773.067810058594	61.20851898193361	159.7178475624646	803.656433105469	91.15608978271486	58.05492402872793	734.8442993164064	22.16527366638184	103.5203760469626	940.4827880859377	21.36884307861328	74.31989194537282	943.9947509765627	39.29809570312501	116.2531535677032	896.4105224609377	19.02977752685547	178.1868656505937	696.5664062500001	1540.214477539063	22.33197663849248	599.2870483398439	1295.380249023438	22.33197663849248	871.2706298828127	1262.798706054688	22.33197663849248	820.5794067382815	1443.70849609375	22.23227489079067	671.3945922851564	1474.2734375	-219.6455385149378	723.6801147460939	1468.937622070313	-176.1371861577316	729.0240478515626	1129.486328125	-258.8717543254914	685.8054199218751	1117.394775390625	-174.535390332801	689.1088256835939	1105.23193359375	-210.2361499973812	848.3804931640627	886.3149414062502	-239.5967179865834	782.9095458984377	876.7832031250002	-265.4190523397495	888.2080078125002	806.8134765625002	-244.7565623451693	788.5153808593752	792.510437011719	-246.8581665756566	681.2410278320314	1438.646240234375	259.6455385149378	727.8004760742189	1430.950439453125	216.1373355492392	721.1226806640626	1088.784423828125	304.6079114146845	704.5798339843751	1075.943603515625	207.9388096802291	682.6549072265626	1069.025390625	248.860189315611	824.5513916015627	840.293395996094	279.4189228109762	758.1164550781251	841.3658447265627	306.295032088454	857.7745361328127	748.6477050781251	285.0291244398524	753.3519287109376	742.7913818359376	287.1250341336798	
84	0.8300000000000001	853.1177978515627	991.8596801757815	-119.7296566040048	649.8567504882814	1012.669555664063	-28.94627714519412	654.2038574218751	1014.918884277344	68.94627714519412	860.5606079101565	1001.955932617188	159.7296566040048	769.2434692382815	890.806823730469	-168.8364664171059	826.983093261719	496.6988220214845	-132.8068082918402	855.2388305664065	475.5419311523439	4.73616952572034	777.9166259765627	461.8738708496095	-127.5034208841393	832.5891113281252	405.2064514160157	-68.54266881243612	496.2918090820314	234.5139465332032	-119.3286701318263	555.1201171875001	228.3525390625001	-17.89666597850206	443.1000976562501	243.1005554199219	-63.35014095580774	557.7971191406251	81.58448028564455	-34.67283560363096	563.9774169921876	85.1051483154297	-75.85478284948589	508.5285949707032	113.3652572631836	-136.6788472364645	800.2396240234377	901.089782714844	201.77977018891	812.1765136718752	487.2497558593751	168.1761551397474	836.369812011719	499.3019104003907	39.89448362637252	793.9998779296877	432.6830139160157	167.9111784980278	862.4590454101565	428.5083007812501	108.8162272066081	772.8779296875002	61.2614097595215	159.7178475624646	803.7722167968752	91.28085327148439	58.05492402872793	734.6519165039064	22.13525581359864	103.5203760469626	940.4381103515627	21.24249839782715	74.31989194537282	943.9223632812502	39.05852890014649	116.2531535677032	896.3298950195315	18.82804489135743	178.1868656505937	707.4608154296876	1541.21630859375	22.33197663849248	609.6601562500001	1296.577514648438	22.33197663849248	881.5386352539065	1263.418701171875	22.33197663849248	831.222839355469	1444.377563476563	22.23227489079067	681.2088012695314	1475.173583984375	-219.6455385149378	733.4020385742189	1469.67919921875	-176.1371861577316	736.3845214843751	1130.044555664063	-258.8717543254914	693.3281860351564	1118.415405273438	-174.535390332801	696.3745727539064	1106.446044921875	-210.2361499973812	850.943298339844	884.4484863281252	-239.5967179865834	785.2694091796877	876.568054199219	-265.4190523397495	888.944519042969	803.986022949219	-244.7565623451693	788.984069824219	792.1871337890627	-246.8581665756566	693.1045532226564	1440.05224609375	259.6455385149378	739.7472534179689	1432.007934570313	216.1373355492392	734.9501953125001	1089.815551757813	304.6079114146845	717.0454101562501	1076.567626953125	207.9388096802291	696.1616821289064	1069.656494140625	248.860189315611	840.333923339844	842.1903076171877	279.4189228109762	774.2515869140627	842.5747070312502	306.295032088454	875.1401977539065	751.4039916992189	285.0291244398524	770.721862792969	743.7941894531251	287.1250341336798	
85	0.84	863.2898559570315	993.6857910156252	-119.7296566040048	659.7172241210939	1014.043273925781	-28.94627714519412	663.8922119140626	1015.78857421875	68.94627714519412	869.948913574219	1002.093139648438	159.7296566040048	780.5363769531252	893.1152954101565	-168.8364664171059	847.361267089844	500.1781005859376	-132.8068082918402	875.3359985351565	479.738006591797	4.73616952572034	798.939636230469	464.9714355468751	-127.5034208841393	854.486999511719	408.825897216797	-68.54266881243612	520.2208251953126	234.6818084716797	-119.3286701318263	579.4047851562501	228.772689819336	-17.89666597850206	466.6661376953126	240.7422943115235	-63.35014095580774	586.7622680664064	82.23955535888673	-34.67283560363096	592.2547607421876	87.74442291259767	-75.85478284948589	535.7651977539064	115.3824005126953	-136.6788472364645	808.4881591796877	900.7916259765627	201.77977018891	814.553649902344	487.1665649414064	168.1761551397474	839.3677368164065	499.061981201172	39.89448362637252	795.9968261718752	432.8885192871095	167.9111784980278	864.5808105468752	428.0965881347657	108.8162272066081	772.7351074218752	61.35509109497072	159.7178475624646	803.9168090820315	91.37600708007814	58.05492402872793	734.4985961914064	22.12608337402344	103.5203760469626	940.427429199219	21.08406829833985	74.31989194537282	943.8806152343752	38.81330490112305	116.2531535677032	896.248962402344	18.64281082153321	178.1868656505937	718.2563476562501	1542.152221679688	22.33197663849248	620.0010375976564	1297.681762695313	22.33197663849248	891.7651977539065	1264.016723632813	22.33197663849248	841.7976684570315	1445.020141601563	22.23227489079067	690.9492187500001	1475.990478515625	-219.6455385149378	743.0518188476564	1470.343139648438	-176.1371861577316	743.5853271484376	1130.55712890625	-258.8717543254914	700.7719726562501	1119.38232421875	-174.535390332801	703.4740600585939	1107.61572265625	-210.2361499973812	853.436462402344	882.7285156250002	-239.5967179865834	787.5894165039065	876.4490966796877	-265.4190523397495	889.6810302734377	801.393737792969	-244.7565623451693	789.5164794921877	792.024353027344	-246.8581665756566	704.7636108398439	1441.436157226563	259.6455385149378	751.5248413085939	1433.0830078125	216.1373355492392	748.8596191406251	1090.91796875	304.6079114146845	729.6253662109376	1077.237060546875	207.9388096802291	709.7536010742189	1070.354248046875	248.860189315611	856.153259277344	844.144470214844	279.4189228109762	790.4437255859377	843.8922119140627	306.295032088454	892.4887695312502	754.2422485351564	285.0291244398524	788.0889892578127	744.9686279296876	287.1250341336798	
86	0.85	873.575866699219	995.5434570312502	-119.7296566040048	669.6049804687501	1015.37548828125	-28.94627714519412	673.5230712890626	1016.551818847656	68.94627714519412	879.2210083007815	1002.227783203125	159.7296566040048	792.048034667969	895.5264892578127	-168.8364664171059	867.2550048828127	503.7526245117189	-132.8068082918402	895.0589599609377	484.0206909179689	4.73616952572034	819.540466308594	467.9793090820314	-127.5034208841393	876.1499633789065	412.5518188476564	-68.54266881243612	544.8088989257814	233.2911834716797	-119.3286701318263	604.1735839843751	228.0494537353516	-17.89666597850206	490.8318786621095	236.6629943847657	-63.35014095580774	616.8112182617189	82.15438842773439	-34.67283560363096	621.7771606445314	89.55615234375001	-75.85478284948589	564.3014526367189	115.8742599487305	-136.6788472364645	816.6324462890627	900.3930664062502	201.77977018891	817.0010986328127	487.113739013672	168.1761551397474	842.3426513671877	498.7830505371095	39.89448362637252	798.0946044921877	433.1090393066407	167.9111784980278	866.7482910156252	427.6978759765626	108.8162272066081	772.6399536132815	61.49200439453126	159.7178475624646	804.089538574219	91.4455032348633	58.05492402872793	734.3976440429689	22.13774108886719	103.5203760469626	940.4458618164065	20.91802978515625	74.31989194537282	943.863952636719	38.58777618408204	116.2531535677032	896.1682128906252	18.49109268188477	178.1868656505937	728.9599609375001	1543.008178710938	22.33197663849248	630.3184814453126	1298.681030273438	22.33197663849248	901.9654541015627	1264.582153320313	22.33197663849248	852.3154907226565	1445.630004882813	22.23227489079067	700.6424560546876	1476.711303710938	-219.6455385149378	752.6586914062501	1470.919799804688	-176.1371861577316	750.6141357421876	1131.012573242188	-258.8717543254914	708.1464843750001	1120.294311523438	-174.535390332801	710.3992919921876	1108.734619140625	-210.2361499973812	855.8950805664065	881.1477050781252	-239.5967179865834	789.873474121094	876.403747558594	-265.4190523397495	890.4466552734377	799.0208740234377	-244.7565623451693	790.120300292969	791.9939575195315	-246.8581665756566	716.2095336914064	1442.775512695313	259.6455385149378	763.1209106445314	1434.168334960938	216.1373355492392	762.8180541992189	1092.087158203125	304.6079114146845	742.3305053710939	1077.957641601563	207.9388096802291	723.4129028320314	1071.114868164063	248.860189315611	871.9876708984377	846.166198730469	279.4189228109762	806.6781005859377	845.3215332031252	306.295032088454	909.7906494140627	757.1472167968751	285.0291244398524	805.435729980469	746.3280639648439	287.1250341336798	
87	0.86	883.9461669921877	997.378356933594	-119.7296566040048	679.5098876953126	1016.638732910156	-28.94627714519412	683.0986938476564	1017.202514648438	68.94627714519412	888.3992919921877	1002.341369628906	159.7296566040048	803.7557373046877	897.9792480468752	-168.8364664171059	886.6738281250002	507.3248291015626	-132.8068082918402	914.3840942382815	488.3013000488282	4.73616952572034	839.7351074218752	470.798309326172	-127.5034208841393	897.5635375976565	416.3009033203126	-68.54266881243612	570.0281372070314	230.3773803710938	-119.3286701318263	629.3883666992189	226.1869506835938	-17.89666597850206	515.6314697265626	230.9431152343751	-63.35014095580774	647.7863159179689	81.36352539062501	-34.67283560363096	652.3579711914064	90.49126434326173	-75.85478284948589	593.9799804687501	114.884262084961	-136.6788472364645	824.6892700195315	899.899841308594	201.77977018891	819.5446777343752	487.0838623046876	168.1761551397474	845.3259277343752	498.4548339843751	39.89448362637252	800.294860839844	433.3313293457032	167.9111784980278	868.9779052734377	427.2960815429689	108.8162272066081	772.5908203125002	61.67079544067384	159.7178475624646	804.2911376953127	91.49614715576173	58.05492402872793	734.3562622070314	22.17074012756348	103.5203760469626	940.4869384765627	20.76390838623047	74.31989194537282	943.8655395507815	38.39974212646485	116.2531535677032	896.0880126953127	18.38282585144043	178.1868656505937	739.5834350585939	1543.768920898438	22.33197663849248	640.6192016601564	1299.564331054688	22.33197663849248	912.1538696289065	1265.099975585938	22.33197663849248	862.7883300781252	1446.194702148438	22.23227489079067	710.3134155273439	1477.318603515625	-219.6455385149378	762.2487182617189	1471.393188476563	-176.1371861577316	757.4692993164064	1131.39404296875	-258.8717543254914	715.4629516601564	1121.14111328125	-174.535390332801	717.1545410156251	1109.788208007813	-210.2361499973812	858.3575439453127	879.6895141601565	-239.5967179865834	792.1298828125002	876.4017333984377	-265.4190523397495	891.2697753906252	796.8406372070315	-244.7565623451693	790.8023681640627	792.0581054687502	-246.8581665756566	727.4485473632814	1444.046630859375	259.6455385149378	774.5342407226565	1435.250122070313	216.1373355492392	776.7871704101565	1093.306884765625	304.6079114146845	755.1599121093751	1078.724487304688	207.9388096802291	737.1163940429689	1071.922241210938	248.860189315611	887.8186035156252	848.2580566406252	279.4189228109762	822.938415527344	846.8533935546877	306.295032088454	927.0254516601565	760.0981445312501	285.0291244398524	822.7534179687502	747.8666381835939	287.1250341336798	
88	0.87	894.3668212890627	999.132751464844	-119.7296566040048	689.4196166992189	1017.806396484375	-28.94627714519412	692.6221313476564	1017.736450195313	68.94627714519412	897.5090332031252	1002.405578613281	159.7296566040048	815.6226806640627	900.4112548828127	-168.8364664171059	905.6284179687502	510.8035583496095	-132.8068082918402	933.264343261719	492.507537841797	4.73616952572034	859.5410766601565	473.3363342285157	-127.5034208841393	918.7112426757815	419.9967346191407	-68.54266881243612	595.8634643554689	226.0056762695313	-119.3286701318263	655.0385131835939	223.2072906494141	-17.89666597850206	541.1154785156251	223.6766052246094	-63.35014095580774	679.5736083984376	79.90890502929689	-34.67283560363096	683.8391113281251	90.53421020507814	-75.85478284948589	624.6614379882814	112.504020690918	-136.6788472364645	832.6763916015627	899.3178710937502	201.77977018891	822.2055664062502	487.0673828125001	168.1761551397474	848.3430175781252	498.0708923339845	39.89448362637252	802.5967407226565	433.5418701171876	167.9111784980278	871.2815551757815	426.8750610351564	108.8162272066081	772.5845336914065	61.88718414306642	159.7178475624646	804.5237426757815	91.53683471679689	58.05492402872793	734.3754882812501	22.22617530822754	103.5203760469626	940.5439453125002	20.63533210754395	74.31989194537282	943.8787841796877	38.25888061523438	116.2531535677032	896.0086669921877	18.32133483886719	178.1868656505937	750.1420288085939	1544.4189453125	22.33197663849248	650.9083251953126	1300.323120117188	22.33197663849248	922.3433227539065	1265.551391601563	22.33197663849248	873.2285766601565	1446.696899414063	22.23227489079067	719.9845581054689	1477.791137695313	-219.6455385149378	771.8435058593752	1471.743041992188	-176.1371861577316	764.1604003906251	1131.681396484375	-258.8717543254914	722.7331542968751	1121.905517578125	-174.535390332801	723.7559814453126	1110.756469726563	-210.2361499973812	860.8632812500002	878.3294067382815	-239.5967179865834	794.3728027343752	876.4082031250002	-265.4190523397495	892.1782226562502	794.8182373046877	-244.7565623451693	791.5700683593752	792.1726684570315	-246.8581665756566	738.4998779296876	1445.227294921875	259.6455385149378	785.7747192382815	1436.309814453125	216.1373355492392	790.7275390625002	1094.551391601563	304.6079114146845	768.101501464844	1079.52197265625	207.9388096802291	750.8375854492189	1072.750122070313	248.860189315611	903.6319580078127	850.4141845703127	279.4189228109762	839.2073364257815	848.4673461914065	306.295032088454	944.1816406250002	763.0704956054689	285.0291244398524	840.040710449219	749.5602416992189	287.1250341336798	
89	0.88	904.8032226562502	1000.750305175781	-119.7296566040048	699.3215332031251	1018.853515625	-28.94627714519412	702.0986328125001	1018.151672363281	68.94627714519412	906.5769042968752	1002.386657714844	159.7296566040048	827.601501464844	902.7622070312502	-168.8364664171059	924.1248168945315	514.1062622070314	-132.8068082918402	951.636901855469	496.5794372558595	4.73616952572034	878.9709472656252	475.511688232422	-127.5034208841393	939.5715332031252	423.5716857910157	-68.54266881243612	622.3134155273439	220.2655944824219	-119.3286701318263	681.1419677734376	219.1490325927735	-17.89666597850206	567.3459472656251	214.9696197509766	-63.35014095580774	712.1012573242189	77.83689880371095	-34.67283560363096	716.0947265625001	89.70180511474611	-75.85478284948589	656.2284545898439	108.8634033203125	-136.6788472364645	840.6124267578127	898.6533813476565	201.77977018891	825.0012207031252	487.0539855957032	168.1761551397474	851.414001464844	497.6292114257814	39.89448362637252	805.0008544921877	433.7286071777345	167.9111784980278	873.6689453125002	426.4201660156251	108.8162272066081	772.6166992187502	62.13496017456056	159.7178475624646	804.7907714843752	91.57717895507814	58.05492402872793	734.4508056640626	22.30562973022461	103.5203760469626	940.610778808594	20.54013633728028	74.31989194537282	943.898132324219	38.16728591918946	116.2531535677032	895.9304199218752	18.30443954467774	178.1868656505937	760.6535644531251	1544.94384765625	22.33197663849248	661.1896362304689	1300.950805664063	22.33197663849248	932.545593261719	1265.916259765625	22.33197663849248	883.6482543945315	1447.116455078125	22.23227489079067	729.6751098632814	1478.1064453125	-219.6455385149378	781.4593505859377	1471.947265625	-176.1371861577316	770.7077636718752	1131.854614257813	-258.8717543254914	729.9686279296876	1122.566528320313	-174.535390332801	730.2303466796876	1111.616088867188	-210.2361499973812	863.4501953125002	877.0371704101565	-239.5967179865834	796.6220703125002	876.3872070312502	-265.4190523397495	893.198913574219	792.9147949218752	-244.7565623451693	792.4324951171877	792.291442871094	-246.8581665756566	749.3933105468751	1446.296875	259.6455385149378	796.8615722656252	1437.325561523438	216.1373355492392	804.6018066406252	1095.7880859375	304.6079114146845	781.133483886719	1080.325927734375	207.9388096802291	764.5489501953126	1073.564697265625	248.860189315611	919.4182739257815	852.6203613281252	279.4189228109762	855.4665527343752	850.134460449219	306.295032088454	961.2546386718752	766.0375976562501	285.0291244398524	857.300476074219	751.3696289062501	287.1250341336798	
90	0.89	915.2237548828127	1002.180786132813	-119.7296566040048	709.2048950195314	1019.757873535156	-28.94627714519412	711.5371093750001	1018.4482421875	68.94627714519412	915.6294555664065	1002.249633789063	159.7296566040048	839.6381835937502	904.9760742187502	-168.8364664171059	942.1596679687502	517.1599731445314	-132.8068082918402	969.4320068359377	500.4640197753907	4.73616952572034	898.0271606445315	477.255096435547	-127.5034208841393	960.114685058594	426.9678955078126	-68.54266881243612	649.3901367187501	213.2663269042969	-119.3286701318263	707.7427368164064	214.0673828125001	-17.89666597850206	594.3900756835939	204.9417266845704	-63.35014095580774	745.3334960937501	75.19787597656251	-34.67283560363096	749.0314331054689	88.0415496826172	-75.85478284948589	688.5880126953126	104.1204528808594	-136.6788472364645	848.5169067382815	897.9125976562502	201.77977018891	827.9453125000002	487.0337524414064	168.1761551397474	854.5541992187502	497.1324157714845	39.89448362637252	807.5109863281252	433.8825073242189	167.9111784980278	876.1487426757815	425.9194641113282	108.8162272066081	772.6818847656252	62.40700912475587	159.7178475624646	805.096130371094	91.62584686279298	58.05492402872793	734.5734863281251	22.4110164642334	103.5203760469626	940.683288574219	20.4810848236084	74.31989194537282	943.9200439453127	38.12075424194337	116.2531535677032	895.8533935546877	18.32588958740235	178.1868656505937	771.1368408203127	1545.3310546875	22.33197663849248	671.4659423828126	1301.443115234375	22.33197663849248	942.7710571289065	1266.175170898438	22.33197663849248	894.0586547851565	1447.431762695313	22.23227489079067	739.4014892578126	1478.243041992188	-219.6455385149378	791.1074218750002	1471.984985351563	-176.1371861577316	777.140319824219	1131.895874023438	-258.8717543254914	737.1801757812501	1123.102294921875	-174.535390332801	736.6124877929689	1112.34423828125	-210.2361499973812	866.153015136719	875.779479980469	-239.5967179865834	798.9033203125002	876.3052978515627	-265.4190523397495	894.3579101562502	791.0906372070315	-244.7565623451693	793.4014892578127	792.3703613281252	-246.8581665756566	760.1660766601564	1447.237670898438	259.6455385149378	807.821716308594	1438.273681640625	216.1373355492392	818.3782958984377	1096.98046875	304.6079114146845	794.2270507812502	1081.105590820313	207.9388096802291	778.2241821289065	1074.32861328125	248.860189315611	935.1724243164065	854.855407714844	279.4189228109762	871.6978759765627	851.820007324219	306.295032088454	978.2449951171877	768.9729003906252	285.0291244398524	874.5372314453127	753.2451171875001	287.1250341336798	
91	0.9	925.6018066406252	1003.383239746094	-119.7296566040048	719.0621948242189	1020.500854492188	-28.94627714519412	720.9509277343751	1018.62744140625	68.94627714519412	924.6914062500002	1001.962951660156	159.7296566040048	851.6760864257815	907.0031738281252	-168.8364664171059	959.716735839844	519.9014282226564	-132.8068082918402	986.582214355469	504.1100463867189	4.73616952572034	916.697937011719	478.5113220214845	-127.5034208841393	980.3008422851565	430.1374511718751	-68.54266881243612	677.1188964843751	205.1337127685547	-119.3286701318263	734.9055175781251	208.0359649658204	-17.89666597850206	622.3148193359376	193.7288970947266	-63.35014095580774	779.2620239257815	72.04825592041017	-34.67283560363096	782.5859985351565	85.62969970703126	-75.85478284948589	721.6711425781251	98.45251464843753	-136.6788472364645	856.4106445312502	897.101989746094	201.77977018891	831.047546386719	486.998260498047	168.1761551397474	857.7749633789065	496.5872497558595	39.89448362637252	810.1342773437502	433.9984130859376	167.9111784980278	878.7290039062502	425.3648071289064	108.8162272066081	772.7740478515627	62.69624710083009	159.7178475624646	805.442810058594	91.68878173828126	58.05492402872793	734.7318725585939	22.54440307617188	103.5203760469626	940.759704589844	20.4568042755127	74.31989194537282	943.9429321289065	38.11052703857423	116.2531535677032	895.777770996094	18.37686538696289	178.1868656505937	781.6099243164065	1545.570434570313	22.33197663849248	681.7400512695314	1301.797973632813	22.33197663849248	953.0288085937502	1266.311279296875	22.33197663849248	904.470153808594	1447.621948242188	22.23227489079067	749.1770019531251	1478.182983398438	-219.6455385149378	800.794128417969	1471.838623046875	-176.1371861577316	783.493835449219	1131.791381835938	-258.8717543254914	744.3784179687501	1123.493286132813	-174.535390332801	742.9426269531251	1112.920043945313	-210.2361499973812	869.0012817382815	874.5230102539065	-239.5967179865834	801.247009277344	876.1345214843752	-265.4190523397495	895.6800537109377	789.3093261718752	-244.7565623451693	794.4926757812502	792.371520996094	-246.8581665756566	770.859069824219	1448.035278320313	259.6455385149378	818.687194824219	1439.13037109375	216.1373355492392	832.033142089844	1098.092041015625	304.6079114146845	807.3485107421877	1081.827026367188	207.9388096802291	791.839782714844	1075.00439453125	248.860189315611	950.8922119140627	857.0925292968752	279.4189228109762	887.883972167969	853.4871215820315	306.295032088454	995.156188964844	771.8515625000002	285.0291244398524	891.753601074219	755.1314697265626	287.1250341336798	
92	0.91	935.9185180664065	1004.328857421875	-119.7296566040048	728.8906250000001	1021.067993164063	-28.94627714519412	730.3577270507814	1018.691223144531	68.94627714519412	933.7844848632815	1001.501831054688	159.7296566040048	863.6596679687502	908.8007812500002	-168.8364664171059	976.7653808593752	522.2766723632814	-132.8068082918402	1003.029418945313	507.4640502929689	4.73616952572034	934.9560546875002	479.2401123046876	-127.5034208841393	1000.079650878906	433.0421142578126	-68.54266881243612	705.5357666015626	196.0091247558594	-119.3286701318263	762.7072753906251	201.1497192382813	-17.89666597850206	651.1806030273439	181.487289428711	-63.35014095580774	813.895202636719	68.45439910888673	-34.67283560363096	816.7202758789065	82.56936645507814	-75.85478284948589	755.4316406250001	92.04919433593751	-136.6788472364645	864.3162231445315	896.227722167969	201.77977018891	834.313171386719	486.9413146972657	168.1761551397474	861.0850219726565	496.003387451172	39.89448362637252	812.8796997070315	434.075408935547	167.9111784980278	881.4167480468752	424.7524414062501	108.8162272066081	772.8867187500002	62.99644470214845	159.7178475624646	805.8320312500002	91.76781463623048	58.05492402872793	734.9133911132814	22.70790672302246	103.5203760469626	940.8405761718752	20.46271705627442	74.31989194537282	943.966979980469	38.12516403198243	116.2531535677032	895.703308105469	18.44740676879883	178.1868656505937	792.0891113281252	1545.65478515625	22.33197663849248	692.0150756835939	1302.014526367188	22.33197663849248	963.3264770507815	1266.31103515625	22.33197663849248	914.8918457031252	1447.6689453125	22.23227489079067	759.0124511718751	1477.91357421875	-219.6455385149378	810.5219726562502	1471.495971679688	-176.1371861577316	789.807800292969	1131.533325195313	-258.8717543254914	751.5747680664064	1123.723999023438	-174.535390332801	749.2634887695314	1113.327758789063	-210.2361499973812	872.0192871093752	873.236999511719	-239.5967179865834	803.6873168945315	875.854431152344	-265.4190523397495	897.1890258789065	787.5400390625002	-244.7565623451693	795.726013183594	792.2657470703127	-246.8581665756566	781.5136718750002	1448.678344726563	259.6455385149378	829.4929199218752	1439.873413085938	216.1373355492392	845.5513916015627	1099.088623046875	304.6079114146845	820.4625244140627	1082.455078125	207.9388096802291	805.3763427734377	1075.557983398438	248.860189315611	966.5769042968752	859.3020019531252	279.4189228109762	904.0091552734377	855.0993652343752	306.295032088454	1011.992492675781	774.6524047851565	285.0291244398524	908.9480590820315	756.9739379882814	287.1250341336798	
93	0.92	946.1636352539065	1005.001708984375	-119.7296566040048	738.6921386718751	1021.449157714844	-28.94627714519412	739.7779541015626	1018.641662597656	68.94627714519412	942.926452636719	1000.85107421875	159.7296566040048	875.538269042969	910.3339843750002	-168.8364664171059	993.260681152344	524.2407836914064	-132.8068082918402	1018.729370117188	510.4682617187501	4.73616952572034	952.7595214843752	479.4166564941407	-127.5034208841393	1019.390869140625	435.6528930664064	-68.54266881243612	734.6845092773439	186.0498504638672	-119.3286701318263	791.2261962890627	193.5282287597657	-17.89666597850206	681.0368652343751	168.3965454101563	-63.35014095580774	849.2468261718752	64.49764251708986	-34.67283560363096	851.4146118164065	78.98877716064455	-75.85478284948589	789.8424072265627	85.1077117919922	-136.6788472364645	872.2585449218752	895.2960205078127	201.77977018891	837.7432250976565	486.8594360351564	168.1761551397474	864.492126464844	495.3921813964845	39.89448362637252	815.756042480469	434.1167297363282	167.9111784980278	884.2178955078127	424.0831604003907	108.8162272066081	773.0135498046877	63.30285263061525	159.7178475624646	806.2626953125002	91.86000061035158	58.05492402872793	735.1061401367189	22.9036979675293	103.5203760469626	940.9285278320315	20.49179840087891	74.31989194537282	943.9937744140627	38.15235137939454	116.2531535677032	895.6294555664065	18.52762031555176	178.1868656505937	802.5878906250002	1545.580322265625	22.33197663849248	702.2952880859376	1302.09326171875	22.33197663849248	973.670104980469	1266.1650390625	22.33197663849248	925.331481933594	1447.558349609375	22.23227489079067	768.915954589844	1477.428955078125	-219.6455385149378	820.2905273437502	1470.951538085938	-176.1371861577316	796.1231079101565	1131.11962890625	-258.8717543254914	758.7819824218751	1123.784423828125	-174.535390332801	755.6174316406251	1113.55712890625	-210.2361499973812	875.2255859375002	871.895935058594	-239.5967179865834	806.260437011719	875.453063964844	-265.4190523397495	898.9077148437502	785.7600097656252	-244.7565623451693	797.125671386719	792.0346679687502	-246.8581665756566	792.1685180664065	1449.158813476563	259.6455385149378	840.2739868164065	1440.482788085938	216.1373355492392	858.9273681640627	1099.94140625	304.6079114146845	833.5347290039065	1082.957153320313	207.9388096802291	818.8192138671877	1075.961547851563	248.860189315611	982.225036621094	861.4532470703127	279.4189228109762	920.059997558594	856.6234130859377	306.295032088454	1028.756958007813	777.3587646484377	285.0291244398524	926.1135253906252	758.7225341796876	287.1250341336798	
94	0.93	956.3360595703127	1005.3984375	-119.7296566040048	748.4736328125001	1021.638610839844	-28.94627714519412	749.2330322265626	1018.47998046875	68.94627714519412	952.1309814453127	1000.0068359375	159.7296566040048	887.2686157226565	911.575622558594	-168.8364664171059	1009.146667480469	525.7570800781251	-132.8068082918402	1033.652954101563	513.0610961914064	4.73616952572034	970.055114746094	479.0315856933595	-127.5034208841393	1038.167358398438	437.9496459960939	-68.54266881243612	764.6118164062501	175.4306335449219	-119.3286701318263	820.5301513671877	185.3184967041016	-17.89666597850206	711.9179077148439	154.6614227294922	-63.35014095580774	885.3245239257815	60.27951812744142	-34.67283560363096	886.6596679687502	75.03961181640626	-75.85478284948589	824.8909912109377	77.83055877685548	-136.6788472364645	880.2651977539065	894.3128662109377	201.77977018891	841.3349609375002	486.7518615722657	168.1761551397474	868.0044555664065	494.7651977539064	39.89448362637252	818.7701416015627	434.1290283203126	167.9111784980278	887.1364746093752	423.3619689941407	108.8162272066081	773.1484375000002	63.61265945434572	159.7178475624646	806.731140136719	91.95800781250001	58.05492402872793	735.3002929687501	23.13413810729981	103.5203760469626	941.027526855469	20.53529739379883	74.31989194537282	944.0251464843752	38.18043899536134	116.2531535677032	895.554870605469	18.6086483001709	178.1868656505937	813.1163330078127	1545.34619140625	22.33197663849248	712.5864868164064	1302.03515625	22.33197663849248	984.063171386719	1265.867797851563	22.33197663849248	935.795349121094	1447.28076171875	22.23227489079067	778.8931884765627	1476.731567382813	-219.6455385149378	830.0977783203127	1470.206665039063	-176.1371861577316	802.4794921875002	1130.553588867188	-258.8717543254914	766.0157470703126	1123.6708984375	-174.535390332801	762.0441894531251	1113.604736328125	-210.2361499973812	878.633972167969	870.481140136719	-239.5967179865834	809.0030517578127	874.9268188476565	-265.4190523397495	900.8582763671877	783.9552001953127	-244.7565623451693	798.7199707031252	791.670837402344	-246.8581665756566	802.8577270507815	1449.471313476563	259.6455385149378	851.0640258789065	1440.942016601563	216.1373355492392	872.1636962890627	1100.628051757813	304.6079114146845	846.5339965820315	1083.304931640625	207.9388096802291	832.158386230469	1076.194458007813	248.860189315611	997.832946777344	863.517272949219	279.4189228109762	936.0256958007815	858.0308837890627	306.295032088454	1045.449829101563	779.9588012695315	285.0291244398524	943.236755371094	760.3360595703126	287.1250341336798	
95	0.9400000000000001	966.443542480469	1005.52685546875	-119.7296566040048	758.2462158203126	1021.634521484375	-28.94627714519412	758.7429809570314	1018.20654296875	68.94627714519412	961.4075317382815	998.9763183593752	159.7296566040048	898.8171997070315	912.505554199219	-168.8364664171059	1024.360717773438	526.7976684570314	-132.8068082918402	1047.78564453125	515.1796875000001	4.73616952572034	986.7835693359377	478.0910034179689	-127.5034208841393	1056.3388671875	439.921112060547	-68.54266881243612	795.3607177734377	164.3454284667969	-119.3286701318263	850.664489746094	176.6957550048828	-17.89666597850206	743.8395996093751	140.5109252929688	-63.35014095580774	922.1192016601565	55.92602920532228	-34.67283560363096	922.4478759765627	70.89517974853517	-75.85478284948589	860.573425292969	70.42483520507814	-136.6788472364645	888.3659667968752	893.284362792969	201.77977018891	845.0828247070315	486.6201477050782	168.1761551397474	871.632995605469	494.1327514648439	39.89448362637252	821.9255981445315	434.1214599609376	167.9111784980278	890.175476074219	422.5970153808595	108.8162272066081	773.2864379882815	63.92531204223634	159.7178475624646	807.2325439453127	92.05163574218751	58.05492402872793	735.4894409179689	23.40206336975098	103.5203760469626	941.1417236328127	20.58344268798828	74.31989194537282	944.0625000000002	38.19955062866212	116.2531535677032	895.4776000976565	18.68337631225586	178.1868656505937	823.6811523437502	1544.954345703125	22.33197663849248	722.8961791992189	1301.841552734375	22.33197663849248	994.5063476562502	1265.416381835938	22.33197663849248	946.2883911132815	1446.832153320313	22.23227489079067	788.9472656250002	1475.831665039063	-219.6455385149378	839.940856933594	1469.27001953125	-176.1371861577316	808.9139404296877	1129.84375	-258.8717543254914	773.2947998046877	1123.385620117188	-174.535390332801	768.579284667969	1113.472900390625	-210.2361499973812	882.2545166015627	868.981628417969	-239.5967179865834	811.9507446289065	874.2796020507815	-265.4190523397495	903.0627441406252	782.1201782226565	-244.7565623451693	800.5400390625002	791.1768798828127	-246.8581665756566	813.6092529296877	1449.613159179688	259.6455385149378	861.8930664062502	1441.23828125	216.1373355492392	885.2693481445315	1101.133911132813	304.6079114146845	859.434509277344	1083.476318359375	207.9388096802291	845.3884277343752	1076.244995117188	248.860189315611	1013.393432617188	865.4680786132815	279.4189228109762	951.8975830078127	859.2993164062502	306.295032088454	1062.067749023438	782.445007324219	285.0291244398524	960.2996826171877	761.7843627929689	287.1250341336798	
96	0.9500000000000001	976.5012817382815	1005.403137207031	-119.7296566040048	768.0239868164065	1021.438293457031	-28.94627714519412	768.3238525390627	1017.820495605469	68.94627714519412	970.7623291015627	997.7772216796877	159.7296566040048	910.1616821289065	913.110290527344	-168.8364664171059	1038.840087890625	527.3436889648439	-132.8068082918402	1061.124389648438	516.7644042968751	4.73616952572034	1002.887573242188	476.6160583496095	-127.5034208841393	1073.837280273438	441.5649414062501	-68.54266881243612	826.9617919921877	153.0081329345703	-119.3286701318263	881.6406250000002	167.8619079589844	-17.89666597850206	776.7962036132815	126.1942672729492	-63.35014095580774	959.594909667969	51.59005737304689	-34.67283560363096	958.7639160156252	66.74803924560548	-75.85478284948589	896.8862304687502	63.10244750976564	-136.6788472364645	896.591491699219	892.2163696289065	201.77977018891	848.9798583984377	486.467742919922	168.1761551397474	875.3926391601565	493.5028076171876	39.89448362637252	825.2224731445315	434.1043395996095	167.9111784980278	893.3369750976565	421.7984924316407	108.8162272066081	773.4238281250002	64.24271392822267	159.7178475624646	807.7625732421877	92.13013458251955	58.05492402872793	735.6707763671876	23.71117973327637	103.5203760469626	941.2745361328127	20.62632179260254	74.31989194537282	944.1064453125002	38.20232772827149	116.2531535677032	895.394470214844	18.74694252014161	178.1868656505937	834.2859497070315	1544.409057617188	22.33197663849248	733.2332763671876	1301.513793945313	22.33197663849248	1004.996459960938	1264.809692382813	22.33197663849248	956.8143310546877	1446.213745117188	22.23227489079067	799.0787353515627	1474.746948242188	-219.6455385149378	849.8172607421877	1468.15576171875	-176.1371861577316	815.4592285156252	1129.001708984375	-258.8717543254914	780.641052246094	1122.936157226563	-174.535390332801	775.2527465820315	1113.169799804688	-210.2361499973812	886.0950317382815	867.3941040039065	-239.5967179865834	815.1365966796877	873.5213012695315	-265.4190523397495	905.5429687500002	780.2569580078127	-244.7565623451693	802.6189575195315	790.563659667969	-246.8581665756566	824.4443359375002	1449.584106445313	259.6455385149378	872.786315917969	1441.362670898438	216.1373355492392	898.2580566406252	1101.452026367188	304.6079114146845	872.2169189453127	1083.45654296875	207.9388096802291	858.5078735351565	1076.109252929688	248.860189315611	1028.895385742188	867.2839965820315	279.4189228109762	967.6687622070315	860.412780761719	306.295032088454	1078.602905273438	784.8137207031252	285.0291244398524	977.2812500000002	763.0487670898439	287.1250341336798	
97	0.96	986.5299072265627	1005.049011230469	-119.7296566040048	777.8228759765627	1021.053588867188	-28.94627714519412	777.9869384765627	1017.319885253906	68.94627714519412	980.1990966796877	996.4354248046877	159.7296566040048	921.2912597656252	913.382019042969	-168.8364664171059	1052.52978515625	527.3862915039064	-132.8068082918402	1073.6748046875	517.7646484375001	4.73616952572034	1018.3193359375	474.6429748535157	-127.5034208841393	1090.603149414063	442.8883056640626	-68.54266881243612	859.4234008789065	141.6513824462891	-119.3286701318263	913.4270019531252	159.0402984619141	-17.89666597850206	810.7556762695315	111.9738845825196	-63.35014095580774	997.6809692382815	47.45084762573243	-34.67283560363096	995.5747680664065	62.80628204345705	-75.85478284948589	933.8174438476565	56.07971954345705	-136.6788472364645	904.9717407226565	891.1148071289065	201.77977018891	853.019226074219	486.2991333007814	168.1761551397474	879.3039550781252	492.8802490234376	39.89448362637252	828.6580810546877	434.0881958007814	167.9111784980278	896.6236572265627	420.9772338867189	108.8162272066081	773.5587158203127	64.56935882568361	159.7178475624646	808.3191528320315	92.18515014648439	58.05492402872793	735.8457031250001	24.06651496887208	103.5203760469626	941.4277343750002	20.65486526489258	74.31989194537282	944.155944824219	38.18423080444337	116.2531535677032	895.3013916015627	18.79702949523926	178.1868656505937	844.9317016601565	1543.716796875	22.33197663849248	743.6080932617189	1301.053100585938	22.33197663849248	1015.525817871094	1264.046752929688	22.33197663849248	967.3755493164065	1445.431518554688	22.23227489079067	809.2854003906252	1473.501831054688	-219.6455385149378	859.7254028320315	1466.882934570313	-176.1371861577316	822.1431274414065	1128.04150390625	-258.8717543254914	788.0792236328127	1122.333862304688	-174.535390332801	782.089050292969	1112.707275390625	-210.2361499973812	890.1624145507815	865.7219848632815	-239.5967179865834	818.5900878906252	872.6655883789065	-265.4190523397495	908.3208007812502	778.3730468750002	-244.7565623451693	804.989929199219	789.8479003906252	-246.8581665756566	835.377868652344	1449.385620117188	259.6455385149378	883.763122558594	1441.310424804688	216.1373355492392	911.1455078125002	1101.582275390625	304.6079114146845	884.8687744140627	1083.238647460938	207.9388096802291	871.5181274414065	1075.790771484375	248.860189315611	1044.323120117188	868.948181152344	279.4189228109762	983.3328857421877	861.3615722656252	306.295032088454	1095.043212890625	787.0635375976565	285.0291244398524	994.1594238281252	764.1217651367189	287.1250341336798	
98	0.97	996.5534667968752	1004.488342285156	-119.7296566040048	787.6592407226565	1020.485290527344	-28.94627714519412	787.737976074219	1016.701782226563	68.94627714519412	989.7204589843752	994.9822387695315	159.7296566040048	932.2067871093752	913.317810058594	-168.8364664171059	1065.390502929688	526.9277343750001	-132.8068082918402	1085.449096679688	518.1446533203126	4.73616952572034	1033.04931640625	472.2224121093751	-127.5034208841393	1106.592041015625	443.9081420898439	-68.54266881243612	892.7204589843752	130.5222778320313	-119.3286701318263	945.9417114257815	150.4671173095703	-17.89666597850206	845.6538085937502	98.11576080322268	-63.35014095580774	1036.265014648438	43.70975494384766	-34.67283560363096	1032.820190429688	59.28790283203126	-75.85478284948589	971.335876464844	49.57536697387697	-136.6788472364645	913.5329589843752	889.9856567382815	201.77977018891	857.195983886719	486.1189880371095	168.1761551397474	883.3931884765627	492.2670288085939	39.89448362637252	832.2287597656252	434.0825805664064	167.9111784980278	900.0393676757815	420.143524169922	108.8162272066081	773.691101074219	64.91240692138673	159.7178475624646	808.9038085937502	92.21343994140626	58.05492402872793	736.0191040039064	24.47490692138673	103.5203760469626	941.600769042969	20.66190528869629	74.31989194537282	944.208190917969	38.14358139038087	116.2531535677032	895.1934204101565	18.83401679992676	178.1868656505937	855.6172485351565	1542.885498046875	22.33197663849248	754.0311889648439	1300.461181640625	22.33197663849248	1026.08251953125	1263.125610351563	22.33197663849248	977.9736938476565	1444.494995117188	22.23227489079067	819.562927246094	1472.124755859375	-219.6455385149378	869.665222167969	1465.473510742188	-176.1371861577316	828.9884033203127	1126.977905273438	-258.8717543254914	795.6356201171877	1121.593017578125	-174.535390332801	789.1071777343752	1112.100463867188	-210.2361499973812	894.4638671875002	863.9742431640627	-239.5967179865834	822.3366699218752	871.727966308594	-265.4190523397495	911.4172363281252	776.4787597656252	-244.7565623451693	807.6848144531252	789.049011230469	-246.8581665756566	846.4185180664065	1449.02099609375	259.6455385149378	894.8364868164065	1441.080810546875	216.1373355492392	923.947448730469	1101.530639648438	304.6079114146845	897.3845214843752	1082.82275390625	207.9388096802291	884.4231567382815	1075.298706054688	248.860189315611	1059.657348632813	870.4486083984377	279.4189228109762	998.8836059570315	862.141784667969	306.295032088454	1111.372314453125	789.1939697265627	285.0291244398524	1010.913269042969	765.0050048828126	287.1250341336798	
99	0.98	1006.596862792969	1003.744201660156	-119.7296566040048	797.548767089844	1019.739013671875	-28.94627714519412	797.5784912109377	1015.963012695313	68.94627714519412	999.329528808594	993.4516601562502	159.7296566040048	942.9194335937502	912.9192504882815	-168.8364664171059	1077.406005859375	525.9826049804689	-132.8068082918402	1096.465454101563	517.8892822265626	4.73616952572034	1047.072265625	469.4189453125001	-127.5034208841393	1121.780517578125	444.6513671875001	-68.54266881243612	926.7840576171877	119.8744049072266	-119.3286701318263	979.0486450195315	142.3793182373047	-17.89666597850206	881.3867187500002	84.87792968750001	-63.35014095580774	1075.188842773438	40.58158874511719	-34.67283560363096	1070.404052734375	56.41241455078126	-75.85478284948589	1009.3798828125	43.80558395385743	-136.6788472364645	922.2952270507815	888.8348388671877	201.77977018891	861.508972167969	485.9315795898439	168.1761551397474	887.6917724609377	491.6623840332032	39.89448362637252	835.9316406250002	434.095184326172	167.9111784980278	903.5904541015627	419.3063049316407	108.8162272066081	773.8230590820315	65.28176116943361	159.7178475624646	809.522888183594	92.21893310546876	58.05492402872793	736.1986694335939	24.94542121887208	103.5203760469626	941.7906494140627	20.64306449890137	74.31989194537282	944.2591552734377	38.08138656616212	116.2531535677032	895.0647583007815	18.86095046997071	178.1868656505937	866.3404541015627	1541.923950195313	22.33197663849248	764.5128173828126	1299.740234375	22.33197663849248	1036.650634765625	1262.043212890625	22.33197663849248	988.6096191406252	1443.416870117188	22.23227489079067	829.9051513671877	1470.646240234375	-219.6455385149378	879.6384887695315	1463.950561523438	-176.1371861577316	836.0130004882815	1125.8251953125	-258.8717543254914	803.3369140625002	1120.72900390625	-174.535390332801	796.3212890625002	1111.365356445313	-210.2361499973812	899.008239746094	862.1634521484377	-239.5967179865834	826.3972778320315	870.7239990234377	-265.4190523397495	914.851989746094	774.5847167968752	-244.7565623451693	810.7325439453127	788.1864013671877	-246.8581665756566	857.5699462890627	1448.494750976563	259.6455385149378	906.0126953125002	1440.676879882813	216.1373355492392	936.6779785156252	1101.307861328125	304.6079114146845	909.764831542969	1082.215942382813	207.9388096802291	897.2281494140627	1074.646606445313	248.860189315611	1074.87548828125	871.7776489257815	279.4189228109762	1014.313720703125	862.7539672851565	306.295032088454	1127.5703125	791.204040527344	285.0291244398524	1027.5244140625	765.7069091796876	287.1250341336798	
100	0.99	1016.683532714844	1002.836608886719	-119.7296566040048	807.5056152343752	1018.820556640625	-28.94627714519412	807.5071411132815	1015.1005859375	68.94627714519412	1009.030822753906	991.8774414062502	159.7296566040048	953.4494628906252	912.1918945312502	-168.8364664171059	1088.588500976563	524.5784301757814	-132.8068082918402	1106.748291015625	517.0076904296876	4.73616952572034	1060.412353515625	466.3098754882814	-127.5034208841393	1136.170043945313	445.1542968750001	-68.54266881243612	961.491394042969	109.9564437866211	-119.3286701318263	1012.556945800781	135.0000762939453	-17.89666597850206	917.8029785156252	72.49783325195314	-63.35014095580774	1114.247192382813	38.28144836425782	-34.67283560363096	1108.186401367188	54.38939666748048	-75.85478284948589	1047.84619140625	38.97572708129884	-136.6788472364645	931.2702636718752	887.6685180664065	201.77977018891	865.9619750976565	485.7403564453126	168.1761551397474	892.2339477539065	491.0636291503907	39.89448362637252	839.7669067382815	434.1315307617189	167.9111784980278	907.286315917969	418.4727172851564	108.8162272066081	773.9587402343752	65.69004058837892	159.7178475624646	810.1870117187502	92.2136917114258	58.05492402872793	736.3939208984376	25.48968315124512	103.5203760469626	941.9920043945315	20.59737396240235	74.31989194537282	944.3035888671877	38.00107574462891	116.2531535677032	894.9097900390627	18.88334083557129	178.1868656505937	877.0984497070315	1540.841918945313	22.33197663849248	775.0615234375002	1298.893188476563	22.33197663849248	1047.211303710938	1260.795043945313	22.33197663849248	999.283630371094	1442.21142578125	22.23227489079067	840.3050537109377	1469.095581054688	-219.6455385149378	889.6489257812502	1462.337036132813	-176.1371861577316	843.2308349609377	1124.596801757813	-258.8717543254914	811.2086181640627	1119.757202148438	-174.535390332801	803.7415771484377	1110.517944335938	-210.2361499973812	903.8065185546877	860.3041992187502	-239.5967179865834	830.7889404296877	869.667419433594	-265.4190523397495	918.6420898437502	772.6990966796877	-244.7565623451693	814.158386230469	787.2774047851565	-246.8581665756566	868.8314208984377	1447.812744140625	259.6455385149378	917.291442871094	1440.105102539063	216.1373355492392	949.348083496094	1100.927490234375	304.6079114146845	922.0156860351565	1081.430053710938	207.9388096802291	909.9392700195315	1073.850463867188	248.860189315611	1089.953491210938	872.9312133789065	279.4189228109762	1029.614501953125	863.2022705078127	306.295032088454	1143.61474609375	793.0913085937502	285.0291244398524	1043.977416992188	766.2400512695314	287.1250341336798	
101	1	1026.834228515625	1001.780883789063	-119.7296566040048	817.5418701171877	1017.73583984375	-28.94627714519412	817.5213623046877	1014.112731933594	68.94627714519412	1018.831176757813	990.2902832031252	159.7296566040048	963.824157714844	911.1456298828127	-168.8364664171059	1098.983276367188	522.7562255859376	-132.8068082918402	1116.331665039063	515.5355224609376	4.73616952572034	1073.123291015625	462.982879638672	-127.5034208841393	1149.788696289063	445.4612121582032	-68.54266881243612	996.6599121093752	100.9978485107422	-119.3286701318263	1046.224365234375	128.5229949951172	-17.89666597850206	954.6973266601565	61.17978668212892	-63.35014095580774	1153.188720703125	37.00734329223634	-34.67283560363096	1145.979370117188	53.40390396118165	-75.85478284948589	1086.579956054688	35.26844787597657	-136.6788472364645	940.4597167968752	886.4927368164065	201.77977018891	870.5647583007815	485.5476379394532	168.1761551397474	897.0540161132815	490.4673156738282	39.89448362637252	843.7395019531252	434.1945800781251	167.9111784980278	911.139587402344	417.6481018066407	108.8162272066081	774.1038818359377	66.15251922607423	159.7178475624646	810.9102783203127	92.21756744384767	58.05492402872793	736.6146850585939	26.12205886840821	103.5203760469626	942.197937011719	20.5274829864502	74.31989194537282	944.336120605469	37.9082145690918	116.2531535677032	894.723327636719	18.90874290466309	178.1868656505937	887.888366699219	1539.649291992188	22.33197663849248	785.6831665039065	1297.924926757813	22.33197663849248	1057.74560546875	1259.377197265625	22.33197663849248	1009.995727539063	1440.8935546875	22.23227489079067	850.7558593750002	1467.499389648438	-219.6455385149378	899.7022094726565	1460.654174804688	-176.1371861577316	850.652526855469	1123.303955078125	-258.8717543254914	819.2739868164065	1118.692138671875	-174.535390332801	811.3753662109377	1109.572998046875	-210.2361499973812	908.8723754882815	858.4111328125002	-239.5967179865834	835.5249633789065	868.5691528320315	-265.4190523397495	922.8007812500002	770.826110839844	-244.7565623451693	817.9827880859377	786.335144042969	-246.8581665756566	880.1984863281252	1446.982055664063	259.6455385149378	928.666442871094	1439.375122070313	216.1373355492392	961.9650878906252	1100.4052734375	304.6079114146845	934.1473388671877	1080.481567382813	207.9388096802291	922.5627441406252	1072.927490234375	248.860189315611	1104.866333007813	873.9077148437502	279.4189228109762	1044.775268554688	863.4930419921877	306.295032088454	1159.481323242188	794.8504638671877	285.0291244398524	1060.25830078125	766.6186523437501	287.1250341336798	
102	1.01	1037.065795898438	1000.587463378906	-119.7296566040048	827.6677246093752	1016.491638183594	-28.94627714519412	827.6193847656252	1012.999877929688	68.94627714519412	1028.740356445313	988.716247558594	159.7296566040048	974.0762329101565	909.7951660156252	-168.8364664171059	1108.667846679688	520.5695190429689	-132.8068082918402	1125.26171875	513.5338745117189	4.73616952572034	1085.285888671875	459.5327758789064	-127.5034208841393	1162.690551757813	445.6216430664064	-68.54266881243612	1032.04443359375	93.19292449951173	-119.3286701318263	1079.76416015625	123.0967636108399	-17.89666597850206	991.8074951171877	51.08349990844728	-63.35014095580774	1191.720825195313	36.91984558105469	-34.67283560363096	1183.5458984375	53.59956359863283	-75.85478284948589	1125.368408203125	32.82899856567384	-136.6788472364645	949.855651855469	885.3137817382815	201.77977018891	875.3328247070315	485.3545837402345	168.1761551397474	902.183044433594	489.8697509765626	39.89448362637252	847.8601684570315	434.2850036621095	167.9111784980278	915.1658935546877	416.8363342285157	108.8162272066081	774.2657470703127	66.68687438964845	159.7178475624646	811.7083129882815	92.25660705566408	58.05492402872793	736.8696289062501	26.85963439941407	103.5203760469626	942.4010009765627	20.43941688537598	74.31989194537282	944.3518066406252	37.81025314331055	116.2531535677032	894.5017700195315	18.94608497619629	178.1868656505937	898.7075805664065	1538.356811523438	22.33197663849248	796.379577636719	1296.842163085938	22.33197663849248	1068.2373046875	1257.788452148438	22.33197663849248	1020.745727539063	1439.47802734375	22.23227489079067	861.252136230469	1465.878662109375	-219.6455385149378	909.8055419921877	1458.920776367188	-176.1371861577316	858.2863769531252	1121.9560546875	-258.8717543254914	827.5523681640627	1117.546508789063	-174.535390332801	819.228210449219	1108.54296875	-210.2361499973812	914.221862792969	856.4980468750002	-239.5967179865834	840.6158447265627	867.4368286132815	-265.4190523397495	927.3367309570315	768.9649047851565	-244.7565623451693	822.2214355468752	785.3679809570315	-246.8581665756566	891.6636352539065	1446.011108398438	259.6455385149378	940.1259765625002	1438.499145507813	216.1373355492392	974.5325317382815	1099.757202148438	304.6079114146845	946.1727294921877	1079.389038085938	207.9388096802291	935.1042480468752	1071.89453125	248.860189315611	1119.590087890625	874.7075195312502	279.4189228109762	1059.78271484375	863.6339111328127	306.295032088454	1175.144775390625	796.4732666015627	285.0291244398524	1076.353515625	766.8566894531251	287.1250341336798	
103	1.02	1047.390991210938	999.262390136719	-119.7296566040048	837.8914794921877	1015.096374511719	-28.94627714519412	837.8012695312502	1011.765502929688	68.94627714519412	1038.770629882813	987.1754150390627	159.7296566040048	984.2419433593752	908.1605224609377	-168.8364664171059	1117.750244140625	518.0830078125001	-132.8068082918402	1133.599609375	511.0861816406251	4.73616952572034	1097.001098632813	456.056854248047	-127.5034208841393	1174.950927734375	445.686492919922	-68.54266881243612	1067.3408203125	86.68505859375001	-119.3286701318263	1112.856201171875	118.8120880126953	-17.89666597850206	1028.8154296875	42.31495666503907	-63.35014095580774	1229.518432617188	38.12068176269532	-34.67283560363096	1220.602905273438	55.06067657470705	-75.85478284948589	1163.937866210938	31.74898910522462	-136.6788472364645	959.4421386718752	884.137634277344	201.77977018891	880.286804199219	485.1615600585939	168.1761551397474	907.645690917969	489.2678833007814	39.89448362637252	852.145446777344	434.4015502929689	167.9111784980278	919.3831176757815	416.0403442382814	108.8162272066081	774.4527587890627	67.31274414062501	159.7178475624646	812.5957031250002	92.36055755615236	58.05492402872793	737.1648559570314	27.72199630737305	103.5203760469626	942.5939941406252	20.34198188781739	74.31989194537282	944.3469848632815	37.71622848510743	116.2531535677032	894.244079589844	19.00473976135254	178.1868656505937	909.5540161132815	1536.974975585938	22.33197663849248	807.1479492187502	1295.654296875	22.33197663849248	1078.676025390625	1256.033081054688	22.33197663849248	1031.533203125	1437.979614257813	22.23227489079067	871.790466308594	1464.24853515625	-219.6455385149378	919.967224121094	1457.152587890625	-176.1371861577316	866.1396484375002	1120.559936523438	-258.8717543254914	836.059020996094	1116.330810546875	-174.535390332801	827.3046875000002	1107.4384765625	-210.2361499973812	919.8733520507815	854.5764770507815	-239.5967179865834	846.0701293945315	866.274597167969	-265.4190523397495	932.2536621093752	767.1094970703126	-244.7565623451693	826.8854980468752	784.3792114257815	-246.8581665756566	903.2160644531252	1444.910278320313	259.6455385149378	951.6541748046877	1437.491088867188	216.1373355492392	987.0503540039065	1098.998779296875	304.6079114146845	958.1066894531252	1078.172485351563	207.9388096802291	947.5688476562502	1070.768310546875	248.860189315611	1134.102905273438	875.3316040039065	279.4189228109762	1074.621215820313	863.6329345703127	306.295032088454	1190.580200195313	797.9483642578127	285.0291244398524	1092.246948242188	766.9663696289064	287.1250341336798	
104	1.03	1057.819213867188	997.8091430664065	-119.7296566040048	848.2202758789065	1013.561340332031	-28.94627714519412	848.0704345703127	1010.4169921875	68.94627714519412	1048.936401367188	985.6813964843752	159.7296566040048	994.3596191406252	906.2681884765627	-168.8364664171059	1126.3623046875	515.3694458007814	-132.8068082918402	1141.42333984375	508.2926025390626	4.73616952572034	1108.380493164063	452.6489562988282	-127.5034208841393	1186.659912109375	445.7030639648439	-68.54266881243612	1102.19482421875	81.55309295654298	-119.3286701318263	1145.160766601563	115.6926879882813	-17.89666597850206	1065.354248046875	34.92085647583009	-63.35014095580774	1266.234985351563	40.63297653198243	-34.67283560363096	1256.8291015625	57.79551315307619	-75.85478284948589	1201.957763671875	32.05056762695313	-136.6788472364645	969.1978149414065	882.970397949219	201.77977018891	885.4507446289065	484.9684448242189	168.1761551397474	913.458435058594	488.659393310547	39.89448362637252	856.6170654296877	434.5416870117189	167.9111784980278	923.8100585937502	415.262908935547	108.8162272066081	774.6735839843752	68.05108642578126	159.7178475624646	813.583679199219	92.55992889404298	58.05492402872793	737.5028686523439	28.73081398010255	103.5203760469626	942.771179199219	20.24586486816407	74.31989194537282	944.320251464844	37.63640594482423	116.2531535677032	893.952575683594	19.09332466125489	178.1868656505937	920.4258422851565	1535.51513671875	22.33197663849248	817.9801025390627	1294.373168945313	22.33197663849248	1089.060302734375	1254.1240234375	22.33197663849248	1042.357788085938	1436.412231445313	22.23227489079067	882.3696899414065	1462.61767578125	-219.6455385149378	930.196228027344	1455.362060546875	-176.1371861577316	874.2191162109377	1119.12109375	-258.8717543254914	844.804382324219	1115.053833007813	-174.535390332801	835.6093750000002	1106.267456054688	-210.2361499973812	925.8466796875002	852.6556396484377	-239.5967179865834	851.895446777344	865.0834960937502	-265.4190523397495	937.550720214844	765.2497558593751	-244.7565623451693	831.9822387695315	783.3677978515627	-246.8581665756566	914.8416137695315	1443.691772460938	259.6455385149378	963.2322387695315	1436.36669921875	216.1373355492392	999.5154418945315	1098.144653320313	304.6079114146845	969.964294433594	1076.852416992188	207.9388096802291	959.9602050781252	1069.563842773438	248.860189315611	1148.385986328125	875.7810668945315	279.4189228109762	1089.271850585938	863.498229980469	306.295032088454	1205.763427734375	799.2615966796877	285.0291244398524	1107.9189453125	766.9574584960939	287.1250341336798	
105	1.04	1068.357788085938	996.2307128906252	-119.7296566040048	858.6609497070315	1011.901611328125	-28.94627714519412	858.4334716796877	1008.966369628906	68.94627714519412	1059.252563476563	984.2416992187502	159.7296566040048	1004.469116210938	904.1517333984377	-168.8364664171059	1134.651733398438	512.5061645507814	-132.8068082918402	1148.82861328125	505.2630004882814	4.73616952572034	1119.535400390625	449.3928527832032	-127.5034208841393	1197.914916992188	445.7095947265626	-68.54266881243612	1136.216796875	77.8018035888672	-119.3286701318263	1176.335205078125	113.6917190551758	-17.89666597850206	1101.0205078125	28.88741111755372	-63.35014095580774	1301.517578125	44.38627624511719	-34.67283560363096	1291.878173828125	61.72337722778322	-75.85478284948589	1239.050170898438	33.67338180541993	-136.6788472364645	979.0996093750002	881.8181152343752	201.77977018891	890.850524902344	484.7752380371095	168.1761551397474	919.6287841796877	488.042938232422	39.89448362637252	861.3002929687502	434.7025451660157	167.9111784980278	928.4649658203127	414.5069885253907	108.8162272066081	774.9373168945315	68.92332458496095	159.7178475624646	814.6774902343752	92.88335418701173	58.05492402872793	737.8814086914064	29.90925979614259	103.5203760469626	942.9290771484377	20.16260528564453	74.31989194537282	944.2730102539065	37.58165359497071	116.2531535677032	893.6339111328127	19.21832847595215	178.1868656505937	931.3218383789065	1533.9892578125	22.33197663849248	828.862487792969	1293.013427734375	22.33197663849248	1099.400024414063	1252.084106445313	22.33197663849248	1053.218994140625	1434.789916992188	22.23227489079067	892.9908447265627	1460.9892578125	-219.6455385149378	940.5009765625002	1453.558837890625	-176.1371861577316	882.532165527344	1117.64306640625	-258.8717543254914	853.7944335937502	1113.721923828125	-174.535390332801	844.1473388671877	1105.035766601563	-210.2361499973812	932.1624145507815	850.742126464844	-239.5967179865834	858.0993652343752	863.8625488281252	-265.4190523397495	943.2239379882815	763.3734130859376	-244.7565623451693	837.5161132812502	782.3294067382815	-246.8581665756566	926.5227050781252	1442.3701171875	259.6455385149378	974.8396606445315	1435.142211914063	216.1373355492392	1011.922302246094	1097.208618164063	304.6079114146845	981.759948730469	1075.448852539063	207.9388096802291	972.2805175781252	1068.295776367188	248.860189315611	1162.424682617188	876.0572509765627	279.4189228109762	1103.713500976563	863.2380371093752	306.295032088454	1220.671875	800.3972167968752	285.0291244398524	1123.3447265625	766.8371582031251	287.1250341336798	
106	1.05	1079.013427734375	994.5327758789065	-119.7296566040048	869.220397949219	1010.137023925781	-28.94627714519412	868.901062011719	1007.430419921875	68.94627714519412	1069.733764648438	982.858337402344	159.7296566040048	1014.611328125	901.8524169921877	-168.8364664171059	1142.77099609375	509.5706481933595	-132.8068082918402	1155.9267578125	502.109100341797	4.73616952572034	1130.564819335938	446.355926513672	-127.5034208841393	1208.81298828125	445.7298583984376	-68.54266881243612	1169.001220703125	75.35823059082033	-119.3286701318263	1206.051147460938	112.694450378418	-17.89666597850206	1135.390869140625	24.14397239685059	-63.35014095580774	1335.022583007813	49.20953369140626	-34.67283560363096	1325.39501953125	66.66827392578126	-75.85478284948589	1274.805786132813	36.46684646606446	-136.6788472364645	989.126159667969	880.6868896484377	201.77977018891	896.5113525390627	484.5827636718751	168.1761551397474	926.1551513671877	487.4179687500001	39.89448362637252	866.222351074219	434.8816223144532	167.9111784980278	933.3641357421877	413.7762145996095	108.8162272066081	775.2524414062502	69.95037078857423	159.7178475624646	815.8753662109377	93.35556030273439	58.05492402872793	738.2936401367189	31.28132820129395	103.5203760469626	943.0667724609377	20.10347175598145	74.31989194537282	944.2097778320315	37.56260299682618	116.2531535677032	893.2990722656252	19.38265419006348	178.1868656505937	942.2406005859377	1532.41015625	22.33197663849248	839.777038574219	1291.592651367188	22.33197663849248	1109.716796875	1249.946899414063	22.33197663849248	1064.1162109375	1433.126953125	22.23227489079067	903.656677246094	1459.362670898438	-219.6455385149378	950.8889160156252	1451.750122070313	-176.1371861577316	891.086853027344	1116.129028320313	-258.8717543254914	863.0310668945315	1112.340576171875	-174.535390332801	852.9243164062502	1103.748046875	-210.2361499973812	938.8411865234377	848.8403930664065	-239.5967179865834	864.6900024414065	862.6093750000002	-265.4190523397495	949.2685546875002	761.4678955078126	-244.7565623451693	843.489685058594	781.257995605469	-246.8581665756566	938.237976074219	1440.962524414063	259.6455385149378	986.455749511719	1433.834350585938	216.1373355492392	1024.263793945313	1096.203247070313	304.6079114146845	993.5066528320315	1073.981201171875	207.9388096802291	984.5303955078127	1066.977661132813	248.860189315611	1176.207763671875	876.161315917969	279.4189228109762	1117.922119140625	862.8605957031252	306.295032088454	1235.284301757813	801.3386230468752	285.0291244398524	1138.494873046875	766.6102905273439	287.1250341336798	
107	1.06	1089.793823242188	992.7260742187502	-119.7296566040048	879.9068603515627	1008.292785644531	-28.94627714519412	879.4871826171877	1005.830383300781	68.94627714519412	1080.392700195313	981.5295410156252	159.7296566040048	1024.828247070313	899.4195556640627	-168.8364664171059	1150.867553710938	506.636199951172	-132.8068082918402	1162.842895507813	498.936981201172	4.73616952572034	1141.546630859375	443.5835571289064	-127.5034208841393	1219.444213867188	445.7691955566407	-68.54266881243612	1200.149658203125	74.07496643066408	-119.3286701318263	1234.012939453125	112.5273361206055	-17.89666597850206	1168.0419921875	20.57126617431641	-63.35014095580774	1366.433471679688	54.83454895019533	-34.67283560363096	1357.035522460938	72.36147308349611	-75.85478284948589	1308.805786132813	40.19003295898438	-136.6788472364645	999.2610473632815	879.583190917969	201.77977018891	902.4564208984377	484.3932495117189	168.1761551397474	933.0283203125002	486.7847290039064	39.89448362637252	871.409851074219	435.0779113769532	167.9111784980278	938.5209960937502	413.0748291015626	108.8162272066081	775.6271972656252	71.1516571044922	159.7178475624646	817.1678466796877	93.9964065551758	58.05492402872793	738.7286987304689	32.87113952636719	103.5203760469626	943.185729980469	20.07822418212891	74.31989194537282	944.138366699219	37.58845138549805	116.2531535677032	892.9631958007815	19.58428001403809	178.1868656505937	953.1807250976565	1530.791870117188	22.33197663849248	850.7027587890627	1290.1298828125	22.33197663849248	1120.04248046875	1247.75537109375	22.33197663849248	1075.048950195313	1431.438354492188	22.23227489079067	914.370788574219	1457.734619140625	-219.6455385149378	961.3657836914065	1449.942016601563	-176.1371861577316	899.8926391601565	1114.58154296875	-258.8717543254914	872.5127563476565	1110.914184570313	-174.535390332801	861.9471435546877	1102.408203125	-210.2361499973812	945.902770996094	846.9534912109377	-239.5967179865834	871.6766357421877	861.3215332031252	-265.4190523397495	955.6816406250002	759.5233764648439	-244.7565623451693	849.9047851562502	780.1475219726565	-246.8581665756566	949.9624633789065	1439.48828125	259.6455385149378	998.0609130859377	1432.460205078125	216.1373355492392	1036.531616210938	1095.140991210938	304.6079114146845	1005.214904785156	1072.468505859375	207.9388096802291	996.7083129882815	1065.623046875	248.860189315611	1189.727905273438	876.0952148437502	279.4189228109762	1131.872314453125	862.3745727539065	306.295032088454	1249.58203125	802.0700683593752	285.0291244398524	1153.336547851563	766.2797851562501	287.1250341336798	
108	1.07	1100.708984375	990.8292236328127	-119.7296566040048	890.729919433594	1006.399169921875	-28.94627714519412	890.2090454101565	1004.191589355469	68.94627714519412	1091.239013671875	980.2507324218752	159.7296566040048	1035.1630859375	896.9101562500002	-168.8364664171059	1159.074096679688	503.7683410644532	-132.8068082918402	1169.7109375	495.8407592773439	4.73616952572034	1152.531372070313	441.0962524414064	-127.5034208841393	1229.887817382813	445.812713623047	-68.54266881243612	1229.293701171875	73.74069976806642	-119.3286701318263	1259.97314453125	112.9727478027344	-17.89666597850206	1198.573974609375	18.01352310180664	-63.35014095580774	1395.477783203125	60.91103744506837	-34.67283560363096	1386.487060546875	78.45435333251955	-75.85478284948589	1340.646606445313	44.52099990844727	-136.6788472364645	1009.495178222656	878.5134277343752	201.77977018891	908.7059326171877	484.2106323242189	168.1761551397474	940.233093261719	486.1440734863282	39.89448362637252	876.8875732421877	435.2924804687501	167.9111784980278	943.9458007812502	412.4074096679689	108.8162272066081	776.0693969726565	72.54427337646486	159.7178475624646	818.5390625000002	94.82079315185548	58.05492402872793	739.1731567382814	34.70227813720704	103.5203760469626	943.289978027344	20.0937671661377	74.31989194537282	944.0694580078127	37.6655502319336	116.2531535677032	892.6448364257815	19.81522178649903	178.1868656505937	964.1406860351565	1529.149780273438	22.33197663849248	861.617858886719	1288.645629882813	22.33197663849248	1130.415893554688	1245.55908203125	22.33197663849248	1086.0166015625	1429.741088867188	22.23227489079067	925.1365966796877	1456.1015625	-219.6455385149378	971.9348144531252	1448.140014648438	-176.1371861577316	908.9597167968752	1113.003784179688	-258.8717543254914	882.2358398437502	1109.447509765625	-174.535390332801	871.2232666015627	1101.020141601563	-210.2361499973812	953.3655395507815	845.0837402343752	-239.5967179865834	879.0698242187502	859.997253417969	-265.4190523397495	962.4650878906252	757.5349731445314	-244.7565623451693	856.7634887695315	778.9932861328127	-246.8581665756566	961.6687011718752	1437.968383789063	259.6455385149378	1009.637573242188	1431.036865234375	216.1373355492392	1048.716552734375	1094.0341796875	304.6079114146845	1016.892456054688	1070.929321289063	207.9388096802291	1008.81103515625	1064.246337890625	248.860189315611	1202.980590820313	875.861999511719	279.4189228109762	1145.538208007813	861.7896118164065	306.295032088454	1263.547729492188	802.5779418945315	285.0291244398524	1167.834838867188	765.8477783203126	287.1250341336798	
109	1.08	1111.771850585938	988.870056152344	-119.7296566040048	901.700866699219	1004.491149902344	-28.94627714519412	901.085876464844	1002.5419921875	68.94627714519412	1102.278930664063	979.016784667969	159.7296566040048	1045.660400390625	894.387878417969	-168.8364664171059	1167.5009765625	501.0223693847657	-132.8068082918402	1176.6689453125	492.8983764648439	4.73616952572034	1163.540649414063	438.8894958496095	-127.5034208841393	1240.209838867188	445.8270568847657	-68.54266881243612	1256.118286132813	74.09764862060548	-119.3286701318263	1283.745849609375	113.7880554199219	-17.89666597850206	1226.631713867188	16.29328727722168	-63.35014095580774	1421.941284179688	67.0325164794922	-34.67283560363096	1413.48876953125	84.54152679443361	-75.85478284948589	1369.96630859375	49.07630157470705	-136.6788472364645	1019.828674316406	877.4846191406252	201.77977018891	915.2769165039065	484.0409240722657	168.1761551397474	947.7512817382815	485.497528076172	39.89448362637252	882.6772460937502	435.5290832519532	167.9111784980278	949.6460571289065	411.7784118652345	108.8162272066081	776.5869140625002	74.14247894287111	159.7178475624646	819.9695434570315	95.83930969238283	58.05492402872793	739.6136474609376	36.79729461669923	103.5203760469626	943.3850097656252	20.15267181396485	74.31989194537282	944.0159912109377	37.79584884643555	116.2531535677032	892.3640136718752	20.0610466003418	178.1868656505937	975.1184692382815	1527.500854492188	22.33197663849248	872.5030517578127	1287.161010742188	22.33197663849248	1140.879028320313	1243.41015625	22.33197663849248	1097.018676757813	1428.05419921875	22.23227489079067	935.9566650390627	1454.46142578125	-219.6455385149378	982.5964965820315	1446.35009765625	-176.1371861577316	918.2988891601565	1111.399658203125	-258.8717543254914	892.1953735351565	1107.945556640625	-174.535390332801	880.7608032226565	1099.588500976563	-210.2361499973812	961.2459106445315	843.2337036132815	-239.5967179865834	886.8814086914065	858.6365356445315	-265.4190523397495	969.627868652344	755.5045166015626	-244.7565623451693	864.0686035156252	777.7932128906252	-246.8581665756566	973.3278808593752	1436.42578125	259.6455385149378	1021.171203613281	1429.581787109375	216.1373355492392	1060.80908203125	1092.896362304688	304.6079114146845	1028.5439453125	1069.382568359375	207.9388096802291	1020.833190917969	1062.862670898438	248.860189315611	1215.963256835938	875.4671020507815	279.4189228109762	1158.89453125	861.116149902344	306.295032088454	1277.165893554688	802.8526000976565	285.0291244398524	1181.95458984375	765.3167724609376	287.1250341336798	
110	1.09	1122.998168945313	986.8864746093752	-119.7296566040048	912.8322753906252	1002.607177734375	-28.94627714519412	912.1382446289065	1000.911193847656	68.94627714519412	1113.514892578125	977.8233032226565	159.7296566040048	1056.364624023438	891.9214477539065	-168.8364664171059	1176.232177734375	498.4428100585939	-132.8068082918402	1183.853515625	490.1697387695314	4.73616952572034	1174.571044921875	436.9378356933595	-127.5034208841393	1250.464233398438	445.7655639648439	-68.54266881243612	1280.3818359375	74.86434173583986	-119.3286701318263	1305.2158203125	114.7270889282227	-17.89666597850206	1251.9267578125	15.22731113433838	-63.35014095580774	1445.679565429688	72.7703323364258	-34.67283560363096	1437.848388671875	90.19239807128908	-75.85478284948589	1396.469848632813	53.43997955322267	-136.6788472364645	1030.271240234375	876.5039062500002	201.77977018891	922.1846313476565	483.8917236328126	168.1761551397474	955.565124511719	484.8470153808595	39.89448362637252	888.7976074218752	435.7943420410157	167.9111784980278	955.628601074219	411.1911926269532	108.8162272066081	777.188903808594	75.9575881958008	159.7178475624646	821.439880371094	97.05923461914065	58.05492402872793	740.0402832031251	39.17748641967774	103.5203760469626	943.4769287109377	20.25173950195313	74.31989194537282	943.991882324219	37.97550201416016	116.2531535677032	892.1404418945315	20.3011589050293	178.1868656505937	986.1116943359377	1525.863647460938	22.33197663849248	883.3442382812502	1285.696166992188	22.33197663849248	1151.471801757813	1241.359619140625	22.33197663849248	1108.0546875	1426.398803710938	22.23227489079067	946.8319091796877	1452.815307617188	-219.6455385149378	993.348571777344	1444.579711914063	-176.1371861577316	927.920837402344	1109.775024414063	-258.8717543254914	902.386169433594	1106.414672851563	-174.535390332801	890.567810058594	1098.119140625	-210.2361499973812	969.5581665039065	841.4068603515627	-239.5967179865834	895.1240844726565	857.2418212890627	-265.4190523397495	977.187438964844	753.4418945312501	-244.7565623451693	871.8247070312502	776.548278808594	-246.8581665756566	984.9116821289065	1434.884399414063	259.6455385149378	1032.65087890625	1428.113159179688	216.1373355492392	1072.79931640625	1091.742431640625	304.6079114146845	1040.1708984375	1067.847778320313	207.9388096802291	1032.767578125	1061.489013671875	248.860189315611	1228.674072265625	874.9185180664065	279.4189228109762	1171.919067382813	860.3656005859377	306.295032088454	1290.422607421875	802.8890380859377	285.0291244398524	1195.661743164063	764.6904296875001	287.1250341336798	
111	1.1	1134.4052734375	984.925964355469	-119.7296566040048	924.1370849609377	1000.788146972656	-28.94627714519412	923.3865356445315	999.3289794921877	68.94627714519412	1124.946166992188	976.6680297851565	159.7296566040048	1067.318603515625	889.5825195312502	-168.8364664171059	1185.32373046875	496.0643005371095	-132.8068082918402	1191.39404296875	487.6981811523439	4.73616952572034	1185.6005859375	435.2020263671876	-127.5034208841393	1260.693603515625	445.576629638672	-68.54266881243612	1301.93115234375	75.7615203857422	-119.3286701318263	1324.34130859375	115.561752319336	-17.89666597850206	1274.255004882813	14.64188003540039	-63.35014095580774	1466.625244140625	77.71166992187501	-34.67283560363096	1459.456420898438	94.98805236816408	-75.85478284948589	1419.950805664063	57.19971466064455	-136.6788472364645	1040.842529296875	875.5784301757815	201.77977018891	929.445007324219	483.7713928222657	168.1761551397474	963.6617431640627	484.1946411132814	39.89448362637252	895.2656250000002	436.0973205566407	167.9111784980278	961.9020996093752	410.6471252441407	108.8162272066081	777.8867797851565	77.99841308593751	159.7178475624646	822.935974121094	98.48557281494143	58.05492402872793	740.4501953125001	41.86303710937501	103.5203760469626	943.571472167969	20.38079071044922	74.31989194537282	944.0107421875002	38.19382095336915	116.2531535677032	891.9912109375002	20.51003074645996	178.1868656505937	997.1177368164065	1524.2587890625	22.33197663849248	894.135681152344	1284.270385742188	22.33197663849248	1162.228271484375	1239.4541015625	22.33197663849248	1119.123901367188	1424.798950195313	22.23227489079067	957.761169433594	1451.168212890625	-219.6455385149378	1004.18603515625	1442.8388671875	-176.1371861577316	937.835388183594	1108.137817382813	-258.8717543254914	912.8037719726565	1104.862548828125	-174.535390332801	900.652282714844	1096.619750976563	-210.2361499973812	978.3144531250002	839.6087036132815	-239.5967179865834	903.8110961914065	855.8183593750002	-265.4190523397495	985.1697998046877	751.3648681640626	-244.7565623451693	880.0381469726565	775.2634887695315	-246.8581665756566	996.3953857421877	1433.369262695313	259.6455385149378	1044.069213867188	1426.650634765625	216.1373355492392	1084.6767578125	1090.589477539063	304.6079114146845	1051.771606445313	1066.345947265625	207.9388096802291	1044.605224609375	1060.144287109375	248.860189315611	1241.110473632813	874.227722167969	279.4189228109762	1184.593139648438	859.5505371093752	306.295032088454	1303.305297851563	802.6885375976565	285.0291244398524	1208.924682617188	763.9750976562501	287.1250341336798	
112	1.11	1146.009887695313	983.0438232421877	-119.7296566040048	935.6274414062502	999.0757446289065	-28.94627714519412	934.8493652343752	997.8242187500002	68.94627714519412	1136.570190429688	975.5524902343752	159.7296566040048	1078.56103515625	887.443054199219	-168.8364664171059	1194.8056640625	493.9140930175782	-132.8068082918402	1199.405151367188	485.5138244628907	4.73616952572034	1196.598510742188	433.6386718750001	-127.5034208841393	1270.93212890625	445.214080810547	-68.54266881243612	1320.711303710938	76.53822326660158	-119.3286701318263	1341.153442382813	116.1014862060547	-17.89666597850206	1293.509887695313	14.38582515716553	-63.35014095580774	1484.7900390625	81.4967498779297	-34.67283560363096	1478.292724609375	98.55922698974612	-75.85478284948589	1440.306274414063	59.98612213134767	-136.6788472364645	1051.570678710938	874.7152099609377	201.77977018891	937.0779418945315	483.6876525878907	168.1761551397474	972.038024902344	483.5418701171876	39.89448362637252	902.0991821289065	436.4485168457032	167.9111784980278	968.480407714844	410.1446838378907	108.8162272066081	778.696472167969	80.2721633911133	159.7178475624646	824.4541015625002	100.121940612793	58.05492402872793	740.8522338867189	44.87356185913087	103.5203760469626	943.6724243164065	20.52206420898438	74.31989194537282	944.0837402343752	38.43297576904298	116.2531535677032	891.9282836914065	20.65951347351075	178.1868656505937	1008.133850097656	1522.70849609375	22.33197663849248	904.882263183594	1282.901123046875	22.33197663849248	1173.173706054688	1237.734130859375	22.33197663849248	1130.225830078125	1423.281127929688	22.23227489079067	968.7410278320315	1449.5302734375	-219.6455385149378	1015.101684570313	1441.14013671875	-176.1371861577316	948.050964355469	1106.49853515625	-258.8717543254914	923.4451904296877	1103.298828125	-174.535390332801	911.021423339844	1095.100219726563	-210.2361499973812	987.524597167969	837.8468017578127	-239.5967179865834	912.9554443359377	854.374450683594	-265.4190523397495	993.6080322265627	749.2985839843751	-244.7565623451693	888.7178344726565	773.947448730469	-246.8581665756566	1007.760192871094	1431.90625	259.6455385149378	1055.423095703125	1425.21630859375	216.1373355492392	1096.431274414063	1089.456665039063	304.6079114146845	1063.342163085938	1064.8994140625	207.9388096802291	1056.336303710938	1058.849609375	248.860189315611	1253.268920898438	873.4095458984377	279.4189228109762	1196.90283203125	858.6843872070315	306.295032088454	1315.802001953125	802.2589111328127	285.0291244398524	1221.714477539063	763.1803588867189	287.1250341336798	
113	1.12	1157.825805664063	981.3009033203127	-119.7296566040048	947.313171386719	997.5111083984377	-28.94627714519412	946.541931152344	996.4235839843752	68.94627714519412	1148.3828125	974.4822387695315	159.7296566040048	1090.12353515625	885.5727539062502	-168.8364664171059	1204.684814453125	492.0151672363282	-132.8068082918402	1207.979736328125	483.6385803222657	4.73616952572034	1207.535766601563	432.2105407714845	-127.5034208841393	1281.206665039063	444.6472778320314	-68.54266881243612	1336.767700195313	76.99460601806642	-119.3286701318263	1355.74951171875	116.2084732055664	-17.89666597850206	1309.689208984375	14.33973598480225	-63.35014095580774	1500.26220703125	83.85095977783205	-34.67283560363096	1494.42822265625	100.6209182739258	-75.85478284948589	1457.544799804688	61.51014709472658	-136.6788472364645	1062.490112304688	873.9205322265627	201.77977018891	945.111267089844	483.6457519531251	168.1761551397474	980.7058715820315	482.8885498046876	39.89448362637252	909.3204345703127	436.8580932617189	167.9111784980278	975.3867187500002	409.6784667968751	108.8162272066081	779.6406860351565	82.78579711914064	159.7178475624646	826.006286621094	101.971176147461	58.05492402872793	741.2704467773439	48.22906875610353	103.5203760469626	943.7801513671877	20.65057563781739	74.31989194537282	944.2178955078127	38.66861724853516	116.2531535677032	891.9570922851565	20.72224807739258	178.1868656505937	1019.157287597656	1521.236938476563	22.33197663849248	915.600280761719	1281.603759765625	22.33197663849248	1184.322509765625	1236.233154296875	22.33197663849248	1141.359985351563	1421.873901367188	22.23227489079067	979.7662353515627	1447.916870117188	-219.6455385149378	1026.086669921875	1439.49951171875	-176.1371861577316	958.5740966796877	1104.870361328125	-258.8717543254914	934.3090820312502	1101.735473632813	-174.535390332801	921.681579589844	1093.572509765625	-210.2361499973812	997.196716308594	836.1317138671877	-239.5967179865834	922.5694580078127	852.9219360351565	-265.4190523397495	1002.539672851563	747.2735595703126	-244.7565623451693	897.8756103515627	772.6126098632815	-246.8581665756566	1018.995971679688	1430.5224609375	259.6455385149378	1066.713012695313	1423.835205078125	216.1373355492392	1108.052368164063	1088.36572265625	304.6079114146845	1074.876342773438	1063.533081054688	207.9388096802291	1067.949584960938	1057.62841796875	248.860189315611	1265.143676757813	872.4826660156252	279.4189228109762	1208.838989257813	857.781677246094	306.295032088454	1327.901977539063	801.6148681640627	285.0291244398524	1234.005615234375	762.3195190429689	287.1250341336798	
114	1.13	1169.860473632813	979.7602539062502	-119.7296566040048	959.1999511718752	996.1338500976565	-28.94627714519412	958.4739379882815	995.1510009765627	68.94627714519412	1160.379150390625	973.4678955078127	159.7296566040048	1102.026733398438	884.036071777344	-168.8364664171059	1214.9501953125	490.3894348144532	-132.8068082918402	1217.1806640625	482.0908508300782	4.73616952572034	1218.392822265625	430.895233154297	-127.5034208841393	1291.537963867188	443.8694763183595	-68.54266881243612	1350.241088867188	76.99842071533205	-119.3286701318263	1368.282348632813	115.8071060180664	-17.89666597850206	1322.89599609375	14.42024040222168	-63.35014095580774	1513.19921875	84.60843658447267	-34.67283560363096	1508.018798828125	100.9996032714844	-75.85478284948589	1471.784790039063	61.59336090087892	-136.6788472364645	1073.638916015625	873.199645996094	201.77977018891	953.584411621094	483.6461486816407	168.1761551397474	989.6965942382815	482.2312011718751	39.89448362637252	916.959655761719	437.3336181640626	167.9111784980278	982.656677246094	409.2385253906251	108.8162272066081	780.7510375976565	85.54754638671876	159.7178475624646	827.623962402344	104.0358810424805	58.05492402872793	741.7478027343751	51.95127487182619	103.5203760469626	943.8901367187502	20.73579788208008	74.31989194537282	944.4146118164065	38.87152862548829	116.2531535677032	892.0758056640627	20.67609596252442	178.1868656505937	1030.185424804688	1519.869506835938	22.33197663849248	926.3172607421877	1280.392211914063	22.33197663849248	1195.677856445313	1234.977783203125	22.33197663849248	1152.525390625	1420.607543945313	22.23227489079067	990.829772949219	1446.348876953125	-219.6455385149378	1037.130737304688	1437.936279296875	-176.1371861577316	969.4090576171877	1103.270141601563	-258.8717543254914	945.3963623046877	1100.186279296875	-174.535390332801	932.6378173828127	1092.05126953125	-210.2361499973812	1007.337097167969	834.4769287109377	-239.5967179865834	932.6641845703127	851.476013183594	-265.4190523397495	1012.003112792969	745.3239135742189	-244.7565623451693	907.5262451171877	771.274841308594	-246.8581665756566	1030.103393554688	1429.246337890625	259.6455385149378	1077.943115234375	1422.536499023438	216.1373355492392	1119.529541015625	1087.340698242188	304.6079114146845	1086.366455078125	1062.27392578125	207.9388096802291	1079.433715820313	1056.50634765625	248.860189315611	1276.726806640625	871.4689941406252	279.4189228109762	1220.396484375	856.8582153320315	306.295032088454	1339.594848632813	800.7778930664065	285.0291244398524	1245.775756835938	761.4102783203126	287.1250341336798	
115	1.14	1182.112548828125	978.483825683594	-119.7296566040048	971.2880859375002	994.9802246093752	-28.94627714519412	970.647888183594	994.026794433594	68.94627714519412	1172.554321289063	972.5244140625002	159.7296566040048	1114.277221679688	882.889587402344	-168.8364664171059	1225.576782226563	489.059539794922	-132.8068082918402	1227.03271484375	480.8886108398439	4.73616952572034	1229.165893554688	429.690887451172	-127.5034208841393	1301.940185546875	442.902313232422	-68.54266881243612	1361.353881835938	76.49279022216798	-119.3286701318263	1378.94580078125	114.886459350586	-17.89666597850206	1333.3310546875	14.57895183563233	-63.35014095580774	1523.816040039063	83.72475433349611	-34.67283560363096	1519.292602539063	99.64954376220706	-75.85478284948589	1483.243408203125	60.18661117553712	-136.6788472364645	1085.055053710938	872.5560302734377	201.77977018891	962.5513916015627	483.6825256347657	168.1761551397474	999.0640258789065	481.5616149902345	39.89448362637252	925.0594482421877	437.8773498535157	167.9111784980278	990.3411254882815	408.8099670410157	108.8162272066081	782.0703735351565	88.5686721801758	159.7178475624646	829.3608398437502	106.3189239501953	58.05492402872793	742.3482666015626	56.06510162353517	103.5203760469626	943.9919433593752	20.7448959350586	74.31989194537282	944.667907714844	39.01039123535157	116.2531535677032	892.2752685546877	20.50938415527344	178.1868656505937	1041.216064453125	1518.632690429688	22.33197663849248	937.069519042969	1279.279052734375	22.33197663849248	1207.232543945313	1233.98828125	22.33197663849248	1163.721435546875	1419.512939453125	22.23227489079067	1001.923645019531	1444.85205078125	-219.6455385149378	1048.223510742188	1436.473022460938	-176.1371861577316	980.5577392578127	1101.71728515625	-258.8717543254914	956.709655761719	1098.667846679688	-174.535390332801	943.8938598632815	1090.554077148438	-210.2361499973812	1017.950988769531	832.8989868164065	-239.5967179865834	943.2486572265627	850.055114746094	-265.4190523397495	1022.034606933594	743.4853515625001	-244.7565623451693	917.687683105469	769.952819824219	-246.8581665756566	1041.094848632813	1428.107421875	259.6455385149378	1089.120849609375	1421.3525390625	216.1373355492392	1130.85302734375	1086.40771484375	304.6079114146845	1097.804443359375	1061.151000976563	207.9388096802291	1090.777709960938	1055.510986328125	248.860189315611	1288.00830078125	870.3934326171877	279.4189228109762	1231.57177734375	855.9314575195315	306.295032088454	1350.870727539063	799.7754516601565	285.0291244398524	1257.006225585938	760.4741821289064	287.1250341336798	
116	1.15	1194.570068359375	977.5285644531252	-119.7296566040048	983.5706787109377	994.0823974609377	-28.94627714519412	983.057556152344	993.0671997070315	68.94627714519412	1184.902099609375	971.6708984375002	159.7296566040048	1126.864624023438	882.1795654296877	-168.8364664171059	1236.5302734375	488.0495910644532	-132.8068082918402	1237.516845703125	480.0503234863282	4.73616952572034	1239.868530273438	428.6173095703126	-127.5034208841393	1312.420043945313	441.7954406738282	-68.54266881243612	1370.390747070313	75.49437713623048	-119.3286701318263	1387.959106445313	113.4956436157227	-17.89666597850206	1341.278076171875	14.79654216766358	-63.35014095580774	1532.369995117188	81.27743530273439	-34.67283560363096	1528.53076171875	96.65627288818362	-75.85478284948589	1492.218139648438	57.37422561645509	-136.6788472364645	1096.772338867188	871.9912719726565	201.77977018891	972.0819091796877	483.7399902343751	168.1761551397474	1008.885803222656	480.8649902343751	39.89448362637252	933.677673339844	438.4838867187501	167.9111784980278	998.5076293945315	408.3727416992189	108.8162272066081	783.6548461914065	91.8651809692383	159.7178475624646	831.2930297851565	108.8241119384766	58.05492402872793	743.1573486328126	60.60023498535158	103.5203760469626	944.0688476562502	20.64753341674805	74.31989194537282	944.9644775390627	39.0554428100586	116.2531535677032	892.5410156250002	20.22657585144043	178.1868656505937	1052.247436523438	1517.553100585938	22.33197663849248	947.8980102539065	1278.2763671875	22.33197663849248	1218.969482421875	1233.27978515625	22.33197663849248	1174.947265625	1418.620483398438	22.23227489079067	1013.039428710938	1443.455688476563	-219.6455385149378	1059.354248046875	1435.134887695313	-176.1371861577316	992.0201416015627	1100.23486328125	-258.8717543254914	968.2531738281252	1097.199462890625	-174.535390332801	955.4516601562502	1089.100830078125	-210.2361499973812	1029.042358398438	831.4177246093752	-239.5967179865834	954.3300781250002	848.6809692382815	-265.4190523397495	1032.664794921875	741.7931518554689	-244.7565623451693	928.3806152343752	768.6676025390627	-246.8581665756566	1051.993286132813	1427.13623046875	259.6455385149378	1100.256713867188	1420.319091796875	216.1373355492392	1142.013549804688	1085.594604492188	304.6079114146845	1109.181518554688	1060.195678710938	207.9388096802291	1101.971313476563	1054.671752929688	248.860189315611	1298.976318359375	869.283142089844	279.4189228109762	1242.362060546875	855.0213012695315	306.295032088454	1361.720092773438	798.640319824219	285.0291244398524	1267.681884765625	759.5362548828126	287.1250341336798	
117	1.16	1207.20849609375	976.9433593750002	-119.7296566040048	996.0327758789065	993.4666137695315	-28.94627714519412	995.686462402344	992.2839965820315	68.94627714519412	1197.4140625	970.929382324219	159.7296566040048	1139.760498046875	881.9387817382815	-168.8364664171059	1247.769775390625	487.3830566406251	-132.8068082918402	1248.56689453125	479.5927734375001	4.73616952572034	1250.529174804688	427.7124328613282	-127.5034208841393	1322.974731445313	440.6209106445314	-68.54266881243612	1377.673095703125	74.0825881958008	-119.3286701318263	1395.549072265625	111.7324600219727	-17.89666597850206	1347.08203125	15.07338047027588	-63.35014095580774	1539.142944335938	77.45427703857423	-34.67283560363096	1536.045776367188	92.22640228271486	-75.85478284948589	1499.060913085938	53.36282348632814	-136.6788472364645	1108.816040039063	871.5046386718752	201.77977018891	982.260681152344	483.7944641113282	168.1761551397474	1019.262145996094	480.1190795898439	39.89448362637252	942.8889770507815	439.1382141113282	167.9111784980278	1007.239807128906	407.9020996093751	108.8162272066081	785.5745849609377	95.45948028564455	159.7178475624646	833.5173339843752	111.5571594238282	58.05492402872793	744.2809448242189	65.59240722656251	103.5203760469626	944.0983886718752	20.4220027923584	74.31989194537282	945.2844848632815	38.98294067382813	116.2531535677032	892.8560791015627	19.85382843017578	178.1868656505937	1063.278076171875	1516.656494140625	22.33197663849248	958.8427734375002	1277.396850585938	22.33197663849248	1230.864379882813	1232.862182617188	22.33197663849248	1186.201538085938	1417.95849609375	22.23227489079067	1024.168823242188	1442.192138671875	-219.6455385149378	1070.512451171875	1433.94873046875	-176.1371861577316	1003.793823242188	1098.848022460938	-258.8717543254914	980.031921386719	1095.802978515625	-174.535390332801	967.3110351562502	1087.714599609375	-210.2361499973812	1040.614624023438	830.0559082031252	-239.5967179865834	965.9131469726565	847.378112792969	-265.4190523397495	1043.917236328125	740.2813110351564	-244.7565623451693	939.6275634765627	767.4419555664064	-246.8581665756566	1062.829956054688	1426.362915039063	259.6455385149378	1111.364135742188	1419.473388671875	216.1373355492392	1153.003051757813	1084.929809570313	304.6079114146845	1120.489624023438	1059.44091796875	207.9388096802291	1113.005493164063	1054.019165039063	248.860189315611	1309.6181640625	868.166931152344	279.4189228109762	1252.762573242188	854.150329589844	306.295032088454	1372.134033203125	797.408630371094	285.0291244398524	1277.792236328125	758.6242675781251	287.1250341336798	
118	1.17	1219.991943359375	976.7656860351565	-119.7296566040048	1008.650573730469	993.1514282226565	-28.94627714519412	1008.50732421875	991.6838378906252	68.94627714519412	1210.077392578125	970.322937011719	159.7296566040048	1152.9169921875	882.1838378906252	-168.8364664171059	1259.249267578125	487.0791931152345	-132.8068082918402	1260.071044921875	479.5268554687501	4.73616952572034	1261.185302734375	427.0248107910157	-127.5034208841393	1333.590942382813	439.463348388672	-68.54266881243612	1383.532104492188	72.38207244873048	-119.3286701318263	1401.933959960938	109.727165222168	-17.89666597850206	1351.1220703125	15.41884231567383	-63.35014095580774	1544.422607421875	72.53073120117189	-34.67283560363096	1542.156372070313	86.66470336914064	-75.85478284948589	1504.148803710938	48.45614624023439	-136.6788472364645	1121.199462890625	871.092956542969	201.77977018891	993.1838378906252	483.8128051757814	168.1761551397474	1030.311645507813	479.2942504882814	39.89448362637252	952.783874511719	439.8153686523439	167.9111784980278	1016.634704589844	407.3693847656251	108.8162272066081	787.9138793945315	99.38151550292972	159.7178475624646	836.1470947265627	114.5267715454102	58.05492402872793	745.8422241210939	71.08412933349611	103.5203760469626	944.0547485351565	20.06208229064942	74.31989194537282	945.6038818359377	38.78015136718751	116.2531535677032	893.2056274414065	19.44370269775391	178.1868656505937	1074.30712890625	1515.9658203125	22.33197663849248	969.9373168945315	1276.654052734375	22.33197663849248	1242.887084960938	1232.740844726563	22.33197663849248	1197.483032226563	1417.551391601563	22.23227489079067	1035.304321289063	1441.093872070313	-219.6455385149378	1081.687744140625	1432.941650390625	-176.1371861577316	1015.874755859375	1097.584350585938	-258.8717543254914	992.0506591796877	1094.502319335938	-174.535390332801	979.4694824218752	1086.420288085938	-210.2361499973812	1052.670654296875	828.838806152344	-239.5967179865834	978.000183105469	846.1728515625002	-265.4190523397495	1055.806640625	738.9810791015626	-244.7565623451693	951.4514770507815	766.2995605468751	-246.8581665756566	1073.64111328125	1425.816650390625	259.6455385149378	1122.458740234375	1418.852416992188	216.1373355492392	1163.815185546875	1084.442138671875	304.6079114146845	1131.721435546875	1058.919921875	207.9388096802291	1123.873168945313	1053.583618164063	248.860189315611	1319.921264648438	867.0739746093752	279.4189228109762	1262.765869140625	853.3438110351565	306.295032088454	1382.1044921875	796.118591308594	285.0291244398524	1287.331909179688	757.7675170898439	287.1250341336798	
119	1.18	1232.874145507813	977.0189208984377	-119.7296566040048	1021.391479492188	993.1461181640627	-28.94627714519412	1021.482238769531	991.2681884765627	68.94627714519412	1222.873413085938	969.8739013671877	159.7296566040048	1166.268676757813	882.912292480469	-168.8364664171059	1270.917236328125	487.1477050781251	-132.8068082918402	1271.878295898438	479.8526306152345	4.73616952572034	1271.874145507813	426.6033020019532	-127.5034208841393	1344.242065429688	438.4072265625001	-68.54266881243612	1388.282104492188	70.54151916503908	-119.3286701318263	1407.310302734375	107.6236419677735	-17.89666597850206	1353.78369140625	15.84154129028321	-63.35014095580774	1548.485717773438	66.83908081054689	-34.67283560363096	1547.164672851563	80.34127044677736	-75.85478284948589	1507.855224609375	43.01919174194337	-136.6788472364645	1133.920166015625	870.751159667969	201.77977018891	1004.953125	483.7545776367189	168.1761551397474	1042.16455078125	478.3547973632814	39.89448362637252	963.4658203125002	440.4810180664064	167.9111784980278	1026.79833984375	406.7434997558595	108.8162272066081	790.7696533203127	103.6691818237305	159.7178475624646	839.3061523437502	117.745834350586	58.05492402872793	747.9762573242189	77.12432098388673	103.5203760469626	943.913024902344	19.58375549316407	74.31989194537282	945.8989257812502	38.45043945312501	116.2531535677032	893.5821533203127	19.07815933227539	178.1868656505937	1085.333984375	1515.5	22.33197663849248	981.2038574218752	1276.062866210938	22.33197663849248	1255.003662109375	1232.91552734375	22.33197663849248	1208.7900390625	1417.41748046875	22.23227489079067	1046.439453125	1440.192016601563	-219.6455385149378	1092.870727539063	1432.139282226563	-176.1371861577316	1028.2568359375	1096.4716796875	-258.8717543254914	1004.313354492188	1093.323486328125	-174.535390332801	991.921325683594	1085.244262695313	-210.2361499973812	1065.21337890625	827.7935180664065	-239.5967179865834	990.5913696289065	845.0925292968752	-265.4190523397495	1068.339721679688	737.9205322265626	-244.7565623451693	963.8740234375002	765.2637939453126	-246.8581665756566	1084.464599609375	1425.522827148438	259.6455385149378	1133.557983398438	1418.489990234375	216.1373355492392	1174.445922851563	1084.158935546875	304.6079114146845	1142.8701171875	1058.665283203125	207.9388096802291	1134.569580078125	1053.39501953125	248.860189315611	1329.873901367188	866.0330200195315	279.4189228109762	1272.362060546875	852.6289062500002	306.295032088454	1391.624633789063	794.8081054687502	285.0291244398524	1296.301513671875	756.9952392578126	287.1250341336798	
120	1.19	1245.801147460938	977.7100830078127	-119.7296566040048	1034.21484375	993.448669433594	-28.94627714519412	1034.56298828125	991.0328369140627	68.94627714519412	1235.775268554688	969.601257324219	159.7296566040048	1179.735107421875	884.1002197265627	-168.8364664171059	1282.715209960938	487.5831298828126	-132.8068082918402	1283.809936523438	480.5538635253907	4.73616952572034	1282.621948242188	426.4863281250001	-127.5034208841393	1354.88720703125	437.5242614746095	-68.54266881243612	1392.199462890625	68.71230316162111	-119.3286701318263	1411.843505859375	105.5609207153321	-17.89666597850206	1355.431640625	16.34229850769043	-63.35014095580774	1551.583618164063	60.73348236083986	-34.67283560363096	1551.338012695313	73.65289306640626	-75.85478284948589	1510.524047851563	37.43668365478516	-136.6788472364645	1146.958374023438	870.4724731445315	201.77977018891	1017.668395996094	483.5751953125001	168.1761551397474	1054.953125	477.2619934082032	39.89448362637252	975.0449829101565	441.0942993164064	167.9111784980278	1037.8388671875	405.9932556152345	108.8162272066081	794.2485961914065	108.3675155639649	159.7178475624646	843.1214599609377	121.2323760986328	58.05492402872793	750.8234863281251	83.76657867431642	103.5203760469626	943.6552734375002	19.03071212768555	74.31989194537282	946.152282714844	38.01800918579102	116.2531535677032	893.991638183594	18.86895561218262	178.1868656505937	1096.358520507813	1515.27197265625	22.33197663849248	992.6497192382815	1275.637939453125	22.33197663849248	1267.1787109375	1233.379760742188	22.33197663849248	1220.120361328125	1417.5673828125	22.23227489079067	1057.569580078125	1439.513427734375	-219.6455385149378	1104.05224609375	1431.563598632813	-176.1371861577316	1040.93212890625	1095.537109375	-258.8717543254914	1016.821411132813	1092.292114257813	-174.535390332801	1004.657348632813	1084.212280273438	-210.2361499973812	1078.2451171875	826.9475097656252	-239.5967179865834	1003.6845703125	844.163513183594	-265.4190523397495	1081.51513671875	737.1232910156251	-244.7565623451693	976.913269042969	764.3566894531251	-246.8581665756566	1095.335571289063	1425.502075195313	259.6455385149378	1144.679931640625	1418.4140625	216.1373355492392	1184.89404296875	1084.104125976563	304.6079114146845	1153.929809570313	1058.706176757813	207.9388096802291	1145.0927734375	1053.479614257813	248.860189315611	1339.467407226563	865.0706787109377	279.4189228109762	1281.539672851563	852.0337524414065	306.295032088454	1400.689697265625	793.5124511718752	285.0291244398524	1304.70947265625	756.3348388671876	287.1250341336798	
121	1.2	1258.715209960938	978.828063964844	-119.7296566040048	1047.07275390625	994.0444946289065	-28.94627714519412	1047.692993164063	990.9683227539065	68.94627714519412	1248.746826171875	969.5185546875002	159.7296566040048	1193.2255859375	885.7012329101565	-168.8364664171059	1294.574462890625	488.360565185547	-132.8068082918402	1295.672729492188	481.5948486328126	4.73616952572034	1293.4326171875	426.6924133300782	-127.5034208841393	1365.470581054688	436.8625488281251	-68.54266881243612	1395.507446289063	67.02984619140626	-119.3286701318263	1415.666137695313	103.6577072143555	-17.89666597850206	1356.388061523438	16.91078186035157	-63.35014095580774	1553.933715820313	54.55569458007814	-34.67283560363096	1554.896240234375	66.9839553833008	-75.85478284948589	1512.45166015625	32.07170867919923	-136.6788472364645	1160.275512695313	870.249206542969	201.77977018891	1031.418212890625	483.2299804687501	168.1761551397474	1068.800415039063	475.9785766601564	39.89448362637252	987.6304931640627	441.6116333007814	167.9111784980278	1049.859008789063	405.0903320312501	108.8162272066081	798.4625244140627	113.5263748168946	159.7178475624646	847.7153320312502	125.0099868774414	58.05492402872793	754.5220336914064	91.06558227539064	103.5203760469626	943.2790527343752	18.47743606567383	74.31989194537282	946.3613281250002	37.53145980834962	116.2531535677032	894.4600219726565	18.95470237731934	178.1868656505937	1107.381225585938	1515.287353515625	22.33197663849248	1004.266845703125	1275.392822265625	22.33197663849248	1279.376831054688	1234.119873046875	22.33197663849248	1231.470947265625	1418.001708984375	22.23227489079067	1068.691650390625	1439.078247070313	-219.6455385149378	1115.224731445313	1431.23095703125	-176.1371861577316	1053.889404296875	1094.804565429688	-258.8717543254914	1029.572998046875	1091.4326171875	-174.535390332801	1017.663940429688	1083.347778320313	-210.2361499973812	1091.767944335938	826.3273925781252	-239.5967179865834	1017.275512695313	843.4094238281252	-265.4190523397495	1095.324951171875	736.6076660156251	-244.7565623451693	990.5815429687502	763.5973510742189	-246.8581665756566	1106.284057617188	1425.767211914063	259.6455385149378	1155.841918945313	1418.644409179688	216.1373355492392	1195.161499023438	1084.296875	304.6079114146845	1164.89501953125	1059.06689453125	207.9388096802291	1155.443603515625	1053.859008789063	248.860189315611	1348.697021484375	864.210388183594	279.4189228109762	1290.288818359375	851.584655761719	306.295032088454	1409.298583984375	792.2617187500002	285.0291244398524	1312.572875976563	755.8099975585939	287.1250341336798	
122	1.21	1271.558471679688	980.3430175781252	-119.7296566040048	1059.912963867188	994.906433105469	-28.94627714519412	1060.81005859375	991.0603637695315	68.94627714519412	1261.742431640625	969.6315917968752	159.7296566040048	1206.64453125	887.6467895507815	-168.8364664171059	1306.413818359375	489.4334716796876	-132.8068082918402	1307.274047851563	482.9192199707032	4.73616952572034	1304.279541015625	427.2140502929689	-127.5034208841393	1375.921875	436.440399169922	-68.54266881243612	1398.371459960938	65.59985351562501	-119.3286701318263	1418.879638671875	102.0017395019532	-17.89666597850206	1356.918334960938	17.5257797241211	-63.35014095580774	1555.71484375	48.60588836669923	-34.67283560363096	1558.006469726563	60.67209243774415	-75.85478284948589	1513.875610351563	27.2302417755127	-136.6788472364645	1173.815795898438	870.073425292969	201.77977018891	1046.27099609375	482.6795959472657	168.1761551397474	1083.80810546875	474.4744873046876	39.89448362637252	1001.320739746094	441.992156982422	167.9111784980278	1062.947021484375	404.012908935547	108.8162272066081	803.5235595703127	119.1965789794922	159.7178475624646	853.1975097656252	129.1073303222657	58.05492402872793	759.1998901367189	99.07141113281253	103.5203760469626	942.8067016601565	18.02881240844727	74.31989194537282	946.546813964844	37.0654640197754	116.2531535677032	895.0393066406252	19.4941463470459	178.1868656505937	1118.403198242188	1515.543334960938	22.33197663849248	1016.032775878906	1275.338012695313	22.33197663849248	1291.563720703125	1235.114135742188	22.33197663849248	1242.838012695313	1418.710693359375	22.23227489079067	1079.805053710938	1438.89794921875	-219.6455385149378	1126.381713867188	1431.14990234375	-176.1371861577316	1067.114501953125	1094.292724609375	-258.8717543254914	1042.561767578125	1090.76513671875	-174.535390332801	1030.9228515625	1082.669677734375	-210.2361499973812	1105.782958984375	825.956481933594	-239.5967179865834	1031.358154296875	842.8485107421877	-265.4190523397495	1109.755981445313	736.3855590820314	-244.7565623451693	1004.883728027344	763.0001831054689	-246.8581665756566	1117.331787109375	1426.321899414063	259.6455385149378	1167.05908203125	1419.189086914063	216.1373355492392	1205.253784179688	1084.748779296875	304.6079114146845	1175.760375976563	1059.762817382813	207.9388096802291	1165.625854492188	1054.546630859375	248.860189315611	1357.563232421875	863.4703369140627	279.4189228109762	1298.6044921875	851.3040771484377	306.295032088454	1417.454345703125	791.0784301757815	285.0291244398524	1319.917846679688	755.4384765625001	287.1250341336798	
123	1.22	1284.277954101563	982.2065429687502	-119.7296566040048	1072.680786132813	995.9956665039065	-28.94627714519412	1073.848510742188	991.2906494140627	68.94627714519412	1274.708740234375	969.9375000000002	159.7296566040048	1219.8984375	889.8497314453127	-168.8364664171059	1318.1376953125	490.7350158691407	-132.8068082918402	1318.43505859375	484.4522399902345	4.73616952572034	1315.100219726563	428.016082763672	-127.5034208841393	1386.158813476563	436.2449645996095	-68.54266881243612	1400.900268554688	64.49025726318361	-119.3286701318263	1421.561157226563	100.6447067260742	-17.89666597850206	1357.224365234375	18.15826034545899	-63.35014095580774	1557.068237304688	43.12196350097657	-34.67283560363096	1560.784423828125	54.98262786865236	-75.85478284948589	1514.973022460938	23.13598060607911	-136.6788472364645	1187.508056640625	869.937927246094	201.77977018891	1062.266967773438	481.8955078125001	168.1761551397474	1100.045532226563	472.7329711914064	39.89448362637252	1016.193420410156	442.2032470703126	167.9111784980278	1077.169311523438	402.7493896484376	108.8162272066081	809.5379028320315	125.4244613647461	159.7178475624646	859.6594238281252	133.5565948486328	58.05492402872793	764.9683227539064	107.822021484375	103.5203760469626	942.2955322265627	17.81550788879395	74.31989194537282	946.7622070312502	36.71974182128907	116.2531535677032	895.812438964844	20.65562248229981	178.1868656505937	1129.426025390625	1516.029418945313	22.33197663849248	1027.912963867188	1275.479370117188	22.33197663849248	1303.7080078125	1236.332397460938	22.33197663849248	1254.216552734375	1419.673217773438	22.23227489079067	1090.91162109375	1438.973876953125	-219.6455385149378	1137.519653320313	1431.319702148438	-176.1371861577316	1080.5888671875	1094.013305664063	-258.8717543254914	1055.776123046875	1090.303588867188	-174.535390332801	1044.411254882813	1082.189208984375	-210.2361499973812	1120.289306640625	825.8528442382815	-239.5967179865834	1045.924194335938	842.491882324219	-265.4190523397495	1124.791625976563	736.4616699218751	-244.7565623451693	1019.816589355469	762.5732421875001	-246.8581665756566	1128.4912109375	1427.15966796875	259.6455385149378	1178.342041015625	1420.04345703125	216.1373355492392	1215.180297851563	1085.461547851563	304.6079114146845	1186.519775390625	1060.798095703125	207.9388096802291	1175.646728515625	1055.545654296875	248.860189315611	1366.073486328125	862.8625488281252	279.4189228109762	1306.490600585938	851.2075805664065	306.295032088454	1425.166137695313	789.9756469726565	285.0291244398524	1326.7802734375	755.2304077148439	287.1250341336798	
124	1.23	1296.828491210938	984.3531494140627	-119.7296566040048	1085.322387695313	997.2644042968752	-28.94627714519412	1086.74365234375	991.6389770507815	68.94627714519412	1287.585815429688	970.4240722656252	159.7296566040048	1232.902587890625	892.2098388671877	-168.8364664171059	1329.63623046875	492.1826477050782	-132.8068082918402	1329.002685546875	486.1063842773439	4.73616952572034	1325.796997070313	429.0385742187501	-127.5034208841393	1396.0908203125	436.2363891601564	-68.54266881243612	1403.154907226563	63.72899627685548	-119.3286701318263	1423.771728515625	99.60252380371097	-17.89666597850206	1357.44580078125	18.77594184875489	-63.35014095580774	1558.100830078125	38.26874160766602	-34.67283560363096	1563.300170898438	50.09420013427736	-75.85478284948589	1515.864624023438	19.91780853271485	-136.6788472364645	1201.27001953125	869.8369750976565	201.77977018891	1079.411499023438	480.8653259277345	168.1761551397474	1117.540161132813	470.7566223144532	39.89448362637252	1032.296630859375	442.226287841797	167.9111784980278	1092.562744140625	401.302215576172	108.8162272066081	816.6004028320315	132.2452087402344	159.7178475624646	867.170349121094	138.3904266357422	58.05492402872793	771.9163208007815	117.3342208862305	103.5203760469626	941.8474121093752	17.98487281799317	74.31989194537282	947.101989746094	36.61477661132813	116.2531535677032	896.8972167968752	22.60317039489746	178.1868656505937	1140.452392578125	1516.726806640625	22.33197663849248	1039.865234375	1275.817016601563	22.33197663849248	1315.7822265625	1237.7373046875	22.33197663849248	1265.600219726563	1420.858276367188	22.23227489079067	1102.016357421875	1439.296142578125	-219.6455385149378	1148.637817382813	1431.729125976563	-176.1371861577316	1094.288818359375	1093.96875	-258.8717543254914	1069.198608398438	1090.053100585938	-174.535390332801	1058.101440429688	1081.9091796875	-210.2361499973812	1135.2841796875	826.0276489257815	-239.5967179865834	1060.963134765625	842.3416137695315	-265.4190523397495	1140.412841796875	736.8329467773439	-244.7565623451693	1035.368408203125	762.3169555664064	-246.8581665756566	1139.76318359375	1428.262573242188	259.6455385149378	1189.69580078125	1421.188354492188	216.1373355492392	1224.954223632813	1086.425415039063	304.6079114146845	1197.166137695313	1062.162963867188	207.9388096802291	1185.516235351563	1056.846313476563	248.860189315611	1374.242553710938	862.3912353515627	279.4189228109762	1313.962524414063	851.3015136718752	306.295032088454	1432.449584960938	788.9556884765627	285.0291244398524	1333.2041015625	755.1871337890626	287.1250341336798	
125	1.24	1309.176147460938	986.703796386719	-119.7296566040048	1097.787475585938	998.6596679687502	-28.94627714519412	1099.434936523438	992.084167480469	68.94627714519412	1300.311767578125	971.070983886719	159.7296566040048	1245.587036132813	894.6217041015627	-168.8364664171059	1340.78955078125	493.6854553222657	-132.8068082918402	1338.858520507813	487.7891540527345	4.73616952572034	1336.242553710938	430.2040405273439	-127.5034208841393	1405.624755859375	436.3553466796876	-68.54266881243612	1405.160766601563	63.30686569213869	-119.3286701318263	1425.563720703125	98.85996246337893	-17.89666597850206	1357.665893554688	19.34807395935059	-63.35014095580774	1558.891357421875	34.13695526123048	-34.67283560363096	1565.587646484375	46.0958595275879	-75.85478284948589	1516.62451171875	17.60991477966309	-136.6788472364645	1215.013061523438	869.7672119140627	201.77977018891	1097.672973632813	479.5969238281251	168.1761551397474	1136.272338867188	468.5720520019532	39.89448362637252	1049.641479492188	442.0610961914064	167.9111784980278	1109.131225585938	399.6907958984376	108.8162272066081	824.7899169921877	139.6754913330078	159.7178475624646	875.776062011719	143.6376037597657	58.05492402872793	780.1074829101565	127.5941543579102	103.5203760469626	941.6153564453127	18.68781852722168	74.31989194537282	947.7073364257815	36.88400268554688	116.2531535677032	898.4473876953127	25.48037719726563	178.1868656505937	1151.485595703125	1517.610717773438	22.33197663849248	1051.843017578125	1276.3447265625	22.33197663849248	1327.76318359375	1239.28515625	22.33197663849248	1276.981079101563	1422.22607421875	22.23227489079067	1113.127319335938	1439.844360351563	-219.6455385149378	1159.739868164063	1432.357543945313	-176.1371861577316	1108.186279296875	1094.152221679688	-258.8717543254914	1082.806274414063	1090.008911132813	-174.535390332801	1071.962158203125	1081.821533203125	-210.2361499973812	1150.760864257813	826.4836425781252	-239.5967179865834	1076.462768554688	842.3900146484377	-265.4190523397495	1156.600341796875	737.4891967773439	-244.7565623451693	1051.520141601563	762.2232666015626	-246.8581665756566	1151.1376953125	1429.602294921875	259.6455385149378	1201.117309570313	1422.590454101563	216.1373355492392	1234.591796875	1087.618041992188	304.6079114146845	1207.691040039063	1063.831665039063	207.9388096802291	1195.247192382813	1058.424560546875	248.860189315611	1382.0927734375	862.0527954101565	279.4189228109762	1321.050170898438	851.5813598632815	306.295032088454	1439.328002929688	788.0093994140627	285.0291244398524	1339.240356445313	755.3006591796876	287.1250341336798	
126	1.25	1321.299682617188	989.1699218750002	-119.7296566040048	1110.032836914063	1000.128295898438	-28.94627714519412	1111.869873046875	992.6067504882815	68.94627714519412	1312.826538085938	971.8519287109377	159.7296566040048	1257.901123046875	896.9835205078127	-168.8364664171059	1351.473999023438	495.1531982421876	-132.8068082918402	1347.924438476563	489.412567138672	4.73616952572034	1346.291015625	431.4266662597657	-127.5034208841393	1414.671752929688	436.5328979492189	-68.54266881243612	1406.91943359375	63.18427658081056	-119.3286701318263	1426.986938476563	98.37827301025393	-17.89666597850206	1357.922485351563	19.84943771362305	-63.35014095580774	1559.495727539063	30.75030326843262	-34.67283560363096	1567.6552734375	42.99430084228516	-75.85478284948589	1517.29052734375	16.16284561157227	-136.6788472364645	1228.648193359375	869.7287597656252	201.77977018891	1116.98291015625	478.1211242675782	168.1761551397474	1156.173828125	466.232391357422	39.89448362637252	1068.19775390625	441.7286376953126	167.9111784980278	1126.84326171875	397.9533691406251	108.8162272066081	834.166198730469	147.706039428711	159.7178475624646	885.500915527344	149.3174591064453	58.05492402872793	789.579040527344	138.5485382080078	103.5203760469626	941.8070068359377	20.06286048889161	74.31989194537282	948.7685546875002	37.66284561157227	116.2531535677032	900.651550292969	29.39346504211426	178.1868656505937	1162.528930664063	1518.651977539063	22.33197663849248	1063.800048828125	1277.050415039063	22.33197663849248	1339.633544921875	1240.928955078125	22.33197663849248	1288.349853515625	1423.731201171875	22.23227489079067	1124.25537109375	1440.58935546875	-219.6455385149378	1170.833984375	1433.175415039063	-176.1371861577316	1122.248657226563	1094.546630859375	-258.8717543254914	1096.5703125	1090.155639648438	-174.535390332801	1085.960083007813	1081.908325195313	-210.2361499973812	1166.708740234375	827.214782714844	-239.5967179865834	1092.407958984375	842.6199340820315	-265.4190523397495	1173.335083007813	738.4142456054689	-244.7565623451693	1068.2470703125	762.2761230468751	-246.8581665756566	1162.593627929688	1431.140625	259.6455385149378	1212.59521484375	1424.2041015625	216.1373355492392	1244.112182617188	1089.004516601563	304.6079114146845	1218.083862304688	1065.76220703125	207.9388096802291	1204.8544921875	1060.242065429688	248.860189315611	1389.653686523438	861.8354492187502	279.4189228109762	1327.79833984375	852.0313110351565	306.295032088454	1445.83203125	787.1176757812502	285.0291244398524	1344.944702148438	755.5540161132814	287.1250341336798	
127	1.26	1333.190673828125	991.6595458984377	-119.7296566040048	1122.023681640625	1001.621276855469	-28.94627714519412	1124.0068359375	993.190124511719	68.94627714519412	1325.075927734375	972.737487792969	159.7296566040048	1269.81640625	899.2061157226565	-168.8364664171059	1361.571166992188	496.5051574707032	-132.8068082918402	1356.166259765625	490.9023437500001	4.73616952572034	1355.792358398438	432.6228027343751	-127.5034208841393	1423.154174804688	436.7005920410157	-68.54266881243612	1408.42138671875	63.3005828857422	-119.3286701318263	1428.091674804688	98.1043395996094	-17.89666597850206	1358.218994140625	20.26294326782227	-63.35014095580774	1559.953247070313	28.07807350158692	-34.67283560363096	1569.49609375	40.7286605834961	-75.85478284948589	1517.87646484375	15.46235084533692	-136.6788472364645	1242.092041015625	869.7256469726565	201.77977018891	1137.239990234375	476.4919738769532	168.1761551397474	1177.132446289063	463.8171997070314	39.89448362637252	1087.893310546875	441.2715759277345	167.9111784980278	1145.633666992188	396.1470031738282	108.8162272066081	844.768493652344	156.2950439453125	159.7178475624646	896.3515625000002	155.4336547851563	58.05492402872793	800.3430175781252	150.0980834960938	103.5203760469626	942.6824340820315	22.2192440032959	74.31989194537282	950.5225830078127	39.07537460327149	116.2531535677032	903.728210449219	34.39559173583985	178.1868656505937	1173.585327148438	1519.818969726563	22.33197663849248	1075.693237304688	1277.917114257813	22.33197663849248	1351.380981445313	1242.620849609375	22.33197663849248	1299.696166992188	1425.325805664063	22.23227489079067	1135.414184570313	1441.495483398438	-219.6455385149378	1181.933349609375	1434.14697265625	-176.1371861577316	1136.440551757813	1095.126708984375	-258.8717543254914	1110.457885742188	1090.46875	-174.535390332801	1100.06103515625	1082.142333984375	-210.2361499973812	1183.112060546875	828.2070922851565	-239.5967179865834	1108.781616210938	843.0063476562502	-265.4190523397495	1190.598999023438	739.5882568359376	-244.7565623451693	1085.520751953125	762.4526367187501	-246.8581665756566	1174.099609375	1432.832641601563	259.6455385149378	1224.108642578125	1425.97412109375	216.1373355492392	1253.536254882813	1090.539306640625	304.6079114146845	1228.332763671875	1067.897827148438	207.9388096802291	1214.354248046875	1062.247192382813	248.860189315611	1396.960693359375	861.720642089844	279.4189228109762	1334.265258789063	852.624938964844	306.295032088454	1451.9990234375	786.253112792969	285.0291244398524	1350.374389648438	755.9230957031251	287.1250341336798	
128	1.27	1344.851928710938	994.0833129882815	-119.7296566040048	1133.736206054688	1003.098571777344	-28.94627714519412	1135.817993164063	993.8223266601565	68.94627714519412	1337.016235351563	973.6989746093752	159.7296566040048	1281.326171875	901.2197875976565	-168.8364664171059	1370.977172851563	497.6776123046876	-132.8068082918402	1363.594848632813	492.2047729492189	4.73616952572034	1364.60791015625	433.7200012207032	-127.5034208841393	1431.01123046875	436.7989501953126	-68.54266881243612	1409.65478515625	63.5843963623047	-119.3286701318263	1428.929077148438	97.97978973388675	-17.89666597850206	1358.537109375	20.58067321777344	-63.35014095580774	1560.291381835938	26.0504322052002	-34.67283560363096	1571.097045898438	39.18963241577149	-75.85478284948589	1518.381958007813	15.35239791870118	-136.6788472364645	1255.272216796875	869.7664184570315	201.77977018891	1158.317260742188	474.7845458984376	168.1761551397474	1199	461.4291076660157	39.89448362637252	1108.616943359375	440.7522888183595	167.9111784980278	1165.407958984375	394.3461303710939	108.8162272066081	856.615417480469	165.3634338378907	159.7178475624646	908.3225097656252	161.9678192138672	58.05492402872793	812.3887939453127	162.0944061279297	103.5203760469626	944.5456542968752	25.22150802612305	74.31989194537282	953.2454833984377	41.22014617919923	116.2531535677032	907.917907714844	40.47443389892579	178.1868656505937	1184.65625	1521.079956054688	22.33197663849248	1087.485595703125	1278.923950195313	22.33197663849248	1362.9990234375	1244.315795898438	22.33197663849248	1311.008422851563	1426.962524414063	22.23227489079067	1146.618896484375	1442.524169921875	-219.6455385149378	1193.055053710938	1435.233520507813	-176.1371861577316	1150.726196289063	1095.860717773438	-258.8717543254914	1124.432739257813	1090.916625976563	-174.535390332801	1114.232421875	1082.489624023438	-210.2361499973812	1199.949584960938	829.4400634765627	-239.5967179865834	1125.564208984375	843.5190429687502	-265.4190523397495	1208.375732421875	740.9906616210939	-244.7565623451693	1103.311279296875	762.7255859375001	-246.8581665756566	1185.616577148438	1434.62841796875	259.6455385149378	1235.6279296875	1427.839477539063	216.1373355492392	1262.88525390625	1092.168701171875	304.6079114146845	1238.424560546875	1070.169921875	207.9388096802291	1223.76318359375	1064.37841796875	248.860189315611	1404.053344726563	861.6845703125002	279.4189228109762	1340.520141601563	853.327575683594	306.295032088454	1457.872436523438	785.3836059570315	285.0291244398524	1355.587036132813	756.3783569335939	287.1250341336798	
129	1.28	1356.295776367188	996.3609619140627	-119.7296566040048	1145.158203125	1004.531677246094	-28.94627714519412	1147.290283203125	994.4966430664065	68.94627714519412	1348.617553710938	974.712097167969	159.7296566040048	1292.442749023438	902.979187011719	-168.8364664171059	1379.61279296875	498.6286621093751	-132.8068082918402	1370.263305664063	493.2907714843751	4.73616952572034	1372.624877929688	434.6636352539064	-127.5034208841393	1438.2041015625	436.7836303710939	-68.54266881243612	1410.613037109375	63.96337890625001	-119.3286701318263	1429.550048828125	97.94889068603518	-17.89666597850206	1358.847045898438	20.80352020263672	-63.35014095580774	1560.530151367188	24.57378005981446	-34.67283560363096	1572.446166992188	38.23971939086915	-75.85478284948589	1518.800903320313	15.65875625610352	-136.6788472364645	1268.131958007813	869.8648071289065	201.77977018891	1180.07080078125	473.0904846191407	168.1761551397474	1221.604858398438	459.187469482422	39.89448362637252	1130.22509765625	440.2484741210939	167.9111784980278	1186.048217773438	392.6385498046876	108.8162272066081	869.7066040039065	174.7930450439453	159.7178475624646	921.4007568359377	168.8744506835938	58.05492402872793	825.6865844726565	174.3415832519532	103.5203760469626	947.7303466796877	29.07790565490723	74.31989194537282	957.2392578125002	44.15697860717774	116.2531535677032	913.4710693359377	47.54503250122071	178.1868656505937	1195.740478515625	1522.405151367188	22.33197663849248	1099.147216796875	1280.04833984375	22.33197663849248	1374.486083984375	1245.974243164063	22.33197663849248	1322.27490234375	1428.598388671875	22.23227489079067	1157.884887695313	1443.637329101563	-219.6455385149378	1204.2197265625	1436.396728515625	-176.1371861577316	1165.07177734375	1096.713623046875	-258.8717543254914	1138.45654296875	1091.463623046875	-174.535390332801	1128.4453125	1082.9130859375	-210.2361499973812	1217.19482421875	830.888854980469	-239.5967179865834	1142.733642578125	844.1260986328127	-265.4190523397495	1226.649536132813	742.6030883789064	-244.7565623451693	1121.58837890625	763.0666503906251	-246.8581665756566	1197.098999023438	1436.477172851563	259.6455385149378	1247.115478515625	1429.738891601563	216.1373355492392	1272.179443359375	1093.835571289063	304.6079114146845	1248.345581054688	1072.503173828125	207.9388096802291	1233.096557617188	1066.568237304688	248.860189315611	1410.972412109375	861.700866699219	279.4189228109762	1346.638549804688	854.0994873046877	306.295032088454	1463.49951171875	784.4765625000002	285.0291244398524	1360.63916015625	756.8883666992189	287.1250341336798	
130	1.29	1367.539916992188	998.426696777344	-119.7296566040048	1156.289428710938	1005.90478515625	-28.94627714519412	1158.425903320313	995.2121582031252	68.94627714519412	1359.865600585938	975.7598876953127	159.7296566040048	1303.193481445313	904.4643554687502	-168.8364664171059	1387.430053710938	499.3399353027345	-132.8068082918402	1376.261596679688	494.1555175781251	4.73616952572034	1379.768432617188	435.4207458496095	-127.5034208841393	1444.718505859375	436.6285705566407	-68.54266881243612	1411.299194335938	64.37246704101564	-119.3286701318263	1430.003662109375	97.96438598632815	-17.89666597850206	1359.117309570313	20.93972778320313	-63.35014095580774	1560.684448242188	23.54426956176758	-34.67283560363096	1573.53857421875	37.73199844360352	-75.85478284948589	1519.127807617188	16.21018981933594	-136.6788472364645	1280.633178710938	870.039245605469	201.77977018891	1202.34912109375	471.5113525390626	168.1761551397474	1244.764526367188	457.219696044922	39.89448362637252	1152.55078125	439.8465881347657	167.9111784980278	1207.421752929688	391.1199951171876	108.8162272066081	884.0239868164065	184.42822265625	159.7178475624646	935.570007324219	176.0776824951172	58.05492402872793	840.1911621093752	186.6027984619141	103.5203760469626	952.5794677734377	33.73454666137696	74.31989194537282	962.8142089843752	47.89654541015626	116.2531535677032	920.6335449218752	55.44942092895509	178.1868656505937	1206.833740234375	1523.768188476563	22.33197663849248	1110.657104492188	1281.267456054688	22.33197663849248	1385.844604492188	1247.564575195313	22.33197663849248	1333.484008789063	1430.197143554688	22.23227489079067	1169.2255859375	1444.801025390625	-219.6455385149378	1215.448608398438	1437.602294921875	-176.1371861577316	1179.448364257813	1097.650024414063	-258.8717543254914	1152.491333007813	1092.074096679688	-174.535390332801	1142.676025390625	1083.376098632813	-210.2361499973812	1234.81591796875	832.527770996094	-239.5967179865834	1160.265869140625	844.7979125976565	-265.4190523397495	1245.403564453125	744.4121093750001	-244.7565623451693	1140.322631835938	763.4503173828126	-246.8581665756566	1208.498413085938	1438.329956054688	259.6455385149378	1258.527709960938	1431.614990234375	216.1373355492392	1281.435791015625	1095.4833984375	304.6079114146845	1258.083129882813	1074.820678710938	207.9388096802291	1242.3671875	1068.7490234375	248.860189315611	1417.757934570313	861.7432250976565	279.4189228109762	1352.696899414063	854.899841308594	306.295032088454	1468.929565429688	783.5034179687502	285.0291244398524	1365.585327148438	757.4226074218751	287.1250341336798	
131	1.3	1378.604858398438	1000.233459472656	-119.7296566040048	1167.141723632813	1007.214294433594	-28.94627714519412	1169.241943359375	995.9727783203127	68.94627714519412	1370.76318359375	976.8345947265627	159.7296566040048	1313.614135742188	905.6787109375002	-168.8364664171059	1394.416748046875	499.815155029297	-132.8068082918402	1381.706909179688	494.8149414062501	4.73616952572034	1386.008911132813	435.9802246093751	-127.5034208841393	1450.56591796875	436.3262939453126	-68.54266881243612	1411.728149414063	64.75963592529298	-119.3286701318263	1430.333984375	97.99082183837893	-17.89666597850206	1359.321166992188	21.00280189514161	-63.35014095580774	1560.76708984375	22.85855865478516	-34.67283560363096	1574.37890625	37.52564239501954	-75.85478284948589	1519.361083984375	16.85516548156739	-136.6788472364645	1292.758056640625	870.3123779296877	201.77977018891	1225.002685546875	470.1507873535157	168.1761551397474	1268.2998046875	455.6509704589845	39.89448362637252	1175.414672851563	439.6339111328126	167.9111784980278	1229.389526367188	389.887420654297	108.8162272066081	899.534362792969	194.0811767578126	159.7178475624646	950.8128051757815	183.4707489013672	58.05492402872793	855.845397949219	198.6116485595704	103.5203760469626	959.4218750000002	39.07627105712891	74.31989194537282	970.2673339843752	52.39429855346681	116.2531535677032	929.6298828125002	63.96358489990236	178.1868656505937	1217.928588867188	1525.147094726563	22.33197663849248	1122.002197265625	1282.559204101563	22.33197663849248	1397.080078125	1249.065063476563	22.33197663849248	1344.624633789063	1431.731567382813	22.23227489079067	1180.650756835938	1445.987548828125	-219.6455385149378	1226.761840820313	1438.822021484375	-176.1371861577316	1193.834228515625	1098.638061523438	-258.8717543254914	1166.500854492188	1092.716674804688	-174.535390332801	1156.908203125	1083.8466796875	-210.2361499973812	1252.776245117188	834.3325805664065	-239.5967179865834	1178.134765625	845.510925292969	-265.4190523397495	1264.618286132813	746.4106445312501	-244.7565623451693	1159.4853515625	763.8575439453126	-246.8581665756566	1219.766357421875	1440.14306640625	259.6455385149378	1269.818359375	1433.419189453125	216.1373355492392	1290.666381835938	1097.061645507813	304.6079114146845	1267.626953125	1077.051391601563	207.9388096802291	1251.583740234375	1070.858276367188	248.860189315611	1424.4462890625	861.7884521484377	279.4189228109762	1358.767700195313	855.6909179687502	306.295032088454	1474.21240234375	782.444030761719	285.0291244398524	1370.479125976563	757.9546508789064	287.1250341336798	
132	1.31	1389.509887695313	1001.755004882813	-119.7296566040048	1177.737182617188	1008.46630859375	-28.94627714519412	1179.767822265625	996.786315917969	68.94627714519412	1381.329833984375	977.938171386719	159.7296566040048	1323.744262695313	906.6443481445315	-168.8364664171059	1400.597900390625	500.0762939453126	-132.8068082918402	1386.732177734375	495.2990112304689	4.73616952572034	1391.365478515625	436.3504943847657	-127.5034208841393	1455.78173828125	435.8855590820314	-68.54266881243612	1411.92626953125	65.08900451660158	-119.3286701318263	1430.578857421875	98.00551605224612	-17.89666597850206	1359.440673828125	21.00914382934571	-63.35014095580774	1560.789428710938	22.42147254943848	-34.67283560363096	1574.982666015625	37.49715805053712	-75.85478284948589	1519.504760742188	17.47299385070801	-136.6788472364645	1304.508911132813	870.7100219726565	201.77977018891	1247.89111328125	469.1060791015626	168.1761551397474	1292.045776367188	454.5941162109376	39.89448362637252	1198.6376953125	439.6900024414064	167.9111784980278	1251.813842773438	389.0315551757814	108.8162272066081	916.1917724609377	203.5406799316407	159.7178475624646	967.110778808594	190.9186096191407	58.05492402872793	872.5835571289065	210.0872192382813	103.5203760469626	968.546569824219	44.93402099609376	74.31989194537282	979.8603515625002	57.54958724975587	116.2531535677032	940.6468505859377	72.8113250732422	178.1868656505937	1229.01416015625	1526.52490234375	22.33197663849248	1133.177490234375	1283.903442382813	22.33197663849248	1408.19921875	1250.464233398438	22.33197663849248	1355.687255859375	1433.183715820313	22.23227489079067	1192.164672851563	1447.178100585938	-219.6455385149378	1238.17529296875	1440.036743164063	-176.1371861577316	1208.216674804688	1099.652099609375	-258.8717543254914	1180.452270507813	1093.367065429688	-174.535390332801	1171.1328125	1084.300537109375	-210.2361499973812	1271.035278320313	836.283386230469	-239.5967179865834	1196.312377929688	846.2504882812502	-265.4190523397495	1284.269409179688	748.5986328125001	-244.7565623451693	1179.04833984375	764.2788696289064	-246.8581665756566	1230.857055664063	1441.880004882813	259.6455385149378	1280.9404296875	1435.115112304688	216.1373355492392	1299.876953125	1098.529907226563	304.6079114146845	1276.970336914063	1079.135375976563	207.9388096802291	1260.749633789063	1072.843627929688	248.860189315611	1431.068481445313	861.8186035156252	279.4189228109762	1364.913330078125	856.441833496094	306.295032088454	1479.396362304688	781.2899169921877	285.0291244398524	1375.371948242188	758.4649047851564	287.1250341336798	
133	1.32	1400.271484375	1002.986083984375	-119.7296566040048	1188.107788085938	1009.673278808594	-28.94627714519412	1190.043090820313	997.6626586914065	68.94627714519412	1391.600463867188	979.0810546875002	159.7296566040048	1333.62060546875	907.395690917969	-168.8364664171059	1406.032592773438	500.1582946777345	-132.8068082918402	1391.472290039063	495.644256591797	4.73616952572034	1395.903198242188	436.5552978515626	-127.5034208841393	1460.42236328125	435.3276367187501	-68.54266881243612	1411.929931640625	65.34133911132814	-119.3286701318263	1430.768432617188	97.99755859375003	-17.89666597850206	1359.469848632813	20.97582626342774	-63.35014095580774	1560.761962890625	22.15089416503907	-34.67283560363096	1575.375366210938	37.54725646972657	-75.85478284948589	1519.568969726563	17.97924995422364	-136.6788472364645	1315.908081054688	871.2592773437502	201.77977018891	1270.888671875	468.460662841797	168.1761551397474	1315.859619140625	454.140350341797	39.89448362637252	1222.051879882813	440.0786132812501	167.9111784980278	1274.565673828125	388.6298217773439	108.8162272066081	933.9400024414065	212.5827026367188	159.7178475624646	984.4439086914065	198.2630920410157	58.05492402872793	890.3345947265627	220.7505493164063	103.5203760469626	980.1797485351565	51.09761428833009	74.31989194537282	991.7987060546877	63.21016311645509	116.2531535677032	953.8188476562502	81.68344879150392	178.1868656505937	1240.077026367188	1527.889526367188	22.33197663849248	1144.1845703125	1285.282348632813	22.33197663849248	1419.208251953125	1251.760131835938	22.33197663849248	1366.663940429688	1434.54541015625	22.23227489079067	1203.764526367188	1448.362915039063	-219.6455385149378	1249.698120117188	1441.236083984375	-176.1371861577316	1222.592407226563	1100.674926757813	-258.8717543254914	1194.318237304688	1094.010620117188	-174.535390332801	1185.348266601563	1084.723876953125	-210.2361499973812	1289.549560546875	838.3663330078127	-239.5967179865834	1214.76953125	847.0126953125002	-265.4190523397495	1304.325317382813	750.9822998046876	-244.7565623451693	1198.982543945313	764.7165527343751	-246.8581665756566	1241.7314453125	1443.513427734375	259.6455385149378	1291.850952148438	1436.680297851563	216.1373355492392	1309.065185546875	1099.860595703125	304.6079114146845	1286.11181640625	1081.028564453125	207.9388096802291	1269.862060546875	1074.6669921875	248.860189315611	1437.648803710938	861.822448730469	279.4189228109762	1371.1826171875	857.131286621094	306.295032088454	1484.52685546875	780.046813964844	285.0291244398524	1380.312622070313	758.9418945312501	287.1250341336798	
134	1.33	1410.901489257813	1003.94091796875	-119.7296566040048	1198.29248046875	1010.849670410156	-28.94627714519412	1200.114135742188	998.6113891601565	68.94627714519412	1401.622192382813	980.2796020507815	159.7296566040048	1343.275024414063	907.9724731445315	-168.8364664171059	1410.80908203125	500.1032714843751	-132.8068082918402	1396.0517578125	495.8865661621095	4.73616952572034	1399.726806640625	436.6284790039064	-127.5034208841393	1464.560668945313	434.6814880371095	-68.54266881243612	1411.781494140625	65.51245880126955	-119.3286701318263	1430.925659179688	97.96543121337893	-17.89666597850206	1359.413696289063	20.91873931884766	-63.35014095580774	1560.694946289063	21.98027420043946	-34.67283560363096	1575.59033203125	37.60361099243165	-75.85478284948589	1519.568115234375	18.32602500915528	-136.6788472364645	1326.995239257813	871.9861450195315	201.77977018891	1293.887573242188	468.2780151367189	168.1761551397474	1339.624877929688	454.3523559570314	39.89448362637252	1245.510009765625	440.8411865234376	167.9111784980278	1297.529541015625	388.7406311035157	108.8162272066081	952.715759277344	220.9822235107422	159.7178475624646	1002.788818359375	205.3302917480469	58.05492402872793	909.0247802734377	230.3407287597657	103.5203760469626	994.4653930664065	57.33202743530275	74.31989194537282	1006.214782714844	69.18165588378908	116.2531535677032	969.217956542969	90.25988006591798	178.1868656505937	1251.1025390625	1529.233154296875	22.33197663849248	1155.031005859375	1286.68017578125	22.33197663849248	1430.112426757813	1252.958984375	22.33197663849248	1377.548706054688	1435.816528320313	22.23227489079067	1215.43994140625	1449.540893554688	-219.6455385149378	1261.33056640625	1442.418823242188	-176.1371861577316	1236.966186523438	1101.698974609375	-258.8717543254914	1208.078491210938	1094.643432617188	-174.535390332801	1199.56005859375	1085.113891601563	-210.2361499973812	1308.274536132813	840.5744628906252	-239.5967179865834	1233.4755859375	847.8047485351565	-265.4190523397495	1324.7470703125	753.5725097656251	-244.7565623451693	1219.2568359375	765.1849975585939	-246.8581665756566	1252.359497070313	1445.025512695313	259.6455385149378	1302.513549804688	1438.107299804688	216.1373355492392	1318.22021484375	1101.0400390625	304.6079114146845	1295.055541992188	1082.706420898438	207.9388096802291	1278.911987304688	1076.306518554688	248.860189315611	1444.204711914063	861.7965087890627	279.4189228109762	1377.607666015625	857.7487792968752	306.295032088454	1489.645385742188	778.7349243164065	285.0291244398524	1385.34716796875	759.3830566406251	287.1250341336798	
135	1.34	1421.407104492188	1004.649291992188	-119.7296566040048	1208.334838867188	1012.008483886719	-28.94627714519412	1210.030395507813	999.639587402344	68.94627714519412	1411.451538085938	981.5522460937502	159.7296566040048	1352.7314453125	908.4132080078127	-168.8364664171059	1415.03564453125	499.9547729492189	-132.8068082918402	1400.573852539063	496.0561523437501	4.73616952572034	1402.969604492188	436.6085815429689	-127.5034208841393	1468.279663085938	433.9791564941407	-68.54266881243612	1411.526489257813	65.61021423339845	-119.3286701318263	1431.066528320313	97.91404724121097	-17.89666597850206	1359.288208007813	20.85129356384278	-63.35014095580774	1560.598266601563	21.85929679870606	-34.67283560363096	1575.664794921875	37.62029647827149	-75.85478284948589	1519.519287109375	18.49814033508301	-136.6788472364645	1337.8251953125	872.912536621094	201.77977018891	1316.797973632813	468.5975952148439	168.1761551397474	1363.251098632813	455.2605590820314	39.89448362637252	1268.893188476563	441.9924926757814	167.9111784980278	1320.6064453125	389.3989257812501	108.8162272066081	972.4516601562502	228.5243835449219	159.7178475624646	1022.117065429688	211.9392089843751	58.05492402872793	928.5806274414065	238.6284942626954	103.5203760469626	1011.454467773438	63.39513397216798	74.31989194537282	1023.158142089844	75.24096679687501	116.2531535677032	986.8491210937502	98.23224639892581	178.1868656505937	1262.075561523438	1530.551147460938	22.33197663849248	1165.728149414063	1288.083251953125	22.33197663849248	1440.913696289063	1254.073486328125	22.33197663849248	1388.337890625	1437.003662109375	22.23227489079067	1227.172973632813	1450.7177734375	-219.6455385149378	1273.063110351563	1443.5908203125	-176.1371861577316	1251.349365234375	1102.72607421875	-258.8717543254914	1221.721313476563	1095.27099609375	-174.535390332801	1213.779174804688	1085.478271484375	-210.2361499973812	1327.164428710938	842.9075317382815	-239.5967179865834	1252.399169921875	848.6441040039065	-265.4190523397495	1345.487426757813	756.3822021484376	-244.7565623451693	1239.837158203125	765.7095336914064	-246.8581665756566	1262.722412109375	1446.407836914063	259.6455385149378	1312.901489257813	1439.401611328125	216.1373355492392	1327.322265625	1102.068725585938	304.6079114146845	1303.811645507813	1084.163330078125	207.9388096802291	1287.884033203125	1077.75634765625	248.860189315611	1450.747802734375	861.7440185546877	279.4189228109762	1384.203002929688	858.2944946289065	306.295032088454	1494.78955078125	777.3873291015627	285.0291244398524	1390.515747070313	759.7937011718751	287.1250341336798	
136	1.35	1431.790893554688	1005.152404785156	-119.7296566040048	1218.280151367188	1013.157592773438	-28.94627714519412	1219.841552734375	1000.749694824219	68.94627714519412	1421.1494140625	982.9157714843752	159.7296566040048	1362.0068359375	908.750427246094	-168.8364664171059	1418.831420898438	499.7535095214845	-132.8068082918402	1405.114379882813	496.1744384765626	4.73616952572034	1405.779907226563	436.5341796875001	-127.5034208841393	1471.666748046875	433.2517395019532	-68.54266881243612	1411.209106445313	65.65071105957033	-119.3286701318263	1431.201904296875	97.85164642333987	-17.89666597850206	1359.116943359375	20.78374862670899	-63.35014095580774	1560.481201171875	21.75313949584961	-34.67283560363096	1575.637939453125	37.57473754882813	-75.85478284948589	1519.440307617188	18.5066204071045	-136.6788472364645	1348.464233398438	874.053894042969	201.77977018891	1339.547119140625	469.4336853027345	168.1761551397474	1386.669677734375	456.8624572753907	39.89448362637252	1292.113159179688	443.5189819335939	167.9111784980278	1343.715209960938	390.6141967773439	108.8162272066081	993.078796386719	235.0144805908204	159.7178475624646	1042.393676757813	217.9109497070313	58.05492402872793	948.9312133789065	245.4257202148438	103.5203760469626	1031.102294921875	69.05480194091798	74.31989194537282	1042.593627929688	81.15209960937501	116.2531535677032	1006.652038574219	105.3242263793946	178.1868656505937	1272.9814453125	1531.8408203125	22.33197663849248	1176.290283203125	1289.47900390625	22.33197663849248	1451.610961914063	1255.119384765625	22.33197663849248	1399.030029296875	1438.117797851563	22.23227489079067	1238.93896484375	1451.903442382813	-219.6455385149378	1284.876342773438	1444.76318359375	-176.1371861577316	1265.75634765625	1103.766845703125	-258.8717543254914	1235.244750976563	1095.90673828125	-174.535390332801	1228.019897460938	1085.83349609375	-210.2361499973812	1346.175048828125	845.3703613281252	-239.5967179865834	1271.508422851563	849.5557861328127	-265.4190523397495	1366.492065429688	759.4234619140626	-244.7565623451693	1260.685913085938	766.3242187500001	-246.8581665756566	1272.814697265625	1447.660400390625	259.6455385149378	1323.00048828125	1440.5791015625	216.1373355492392	1336.34423828125	1102.9580078125	304.6079114146845	1312.39501953125	1085.411865234375	207.9388096802291	1296.758422851563	1079.025146484375	248.860189315611	1457.285034179688	861.674255371094	279.4189228109762	1390.965698242188	858.7776489257815	306.295032088454	1499.99267578125	776.0471801757815	285.0291244398524	1395.8515625	760.1848144531251	287.1250341336798	
137	1.36	1442.052856445313	1005.497619628906	-119.7296566040048	1228.171264648438	1014.298034667969	-28.94627714519412	1229.593505859375	1001.937805175781	68.94627714519412	1430.777587890625	984.3811645507815	159.7296566040048	1371.112670898438	909.0075683593752	-168.8364664171059	1422.31591796875	499.533905029297	-132.8068082918402	1409.719360351563	496.2541503906251	4.73616952572034	1408.306274414063	436.4400634765626	-127.5034208841393	1474.807495117188	432.526336669922	-68.54266881243612	1410.869140625	65.65442657470705	-119.3286701318263	1431.33935546875	97.78725433349612	-17.89666597850206	1358.9287109375	20.7231502532959	-63.35014095580774	1560.352905273438	21.64079475402832	-34.67283560363096	1575.546020507813	37.46312713623048	-75.85478284948589	1519.347290039063	18.38083267211914	-136.6788472364645	1358.985717773438	875.416198730469	201.77977018891	1362.075561523438	470.7759399414064	168.1761551397474	1409.828247070313	459.124725341797	39.89448362637252	1315.111694335938	445.3801879882814	167.9111784980278	1366.790405273438	392.3704528808595	108.8162272066081	1014.529052734375	240.2857971191407	159.7178475624646	1063.576782226563	223.0774078369141	58.05492402872793	970.0106201171877	250.5904083251954	103.5203760469626	1053.2763671875	74.10361480712892	74.31989194537282	1064.407958984375	86.68260192871095	116.2531535677032	1028.509399414063	111.3079147338867	178.1868656505937	1283.807495117188	1533.100341796875	22.33197663849248	1186.733520507813	1290.85595703125	22.33197663849248	1462.199951171875	1256.11328125	22.33197663849248	1409.625366210938	1439.17138671875	22.23227489079067	1250.709106445313	1453.109252929688	-219.6455385149378	1296.742797851563	1445.949462890625	-176.1371861577316	1280.201538085938	1104.837646484375	-258.8717543254914	1248.656982421875	1096.568359375	-174.535390332801	1242.2978515625	1086.20166015625	-210.2361499973812	1365.263427734375	847.971374511719	-239.5967179865834	1290.771728515625	850.5693969726565	-265.4190523397495	1387.701049804688	762.7044677734376	-244.7565623451693	1281.761596679688	767.0677490234376	-246.8581665756566	1282.643798828125	1448.789306640625	259.6455385149378	1332.809326171875	1441.662353515625	216.1373355492392	1345.253295898438	1103.727416992188	304.6079114146845	1320.82470703125	1086.478515625	207.9388096802291	1305.511962890625	1080.13232421875	248.860189315611	1463.82080078125	861.6000976562502	279.4189228109762	1397.877807617188	859.2131347656252	306.295032088454	1505.283813476563	774.763122558594	285.0291244398524	1401.378295898438	760.5704956054689	287.1250341336798	
138	1.37	1452.191772460938	1005.733093261719	-119.7296566040048	1238.046142578125	1015.423095703125	-28.94627714519412	1239.326171875	1003.19287109375	68.94627714519412	1440.393432617188	985.9506835937502	159.7296566040048	1380.057861328125	909.1980590820315	-168.8364664171059	1425.599365234375	499.3222656250001	-132.8068082918402	1414.406860351563	496.300750732422	4.73616952572034	1410.683837890625	436.3548583984376	-127.5034208841393	1477.780029296875	431.8241271972657	-68.54266881243612	1410.539794921875	65.64266967773439	-119.3286701318263	1431.48486328125	97.72880554199222	-17.89666597850206	1358.754150390625	20.67377090454102	-63.35014095580774	1560.221801757813	21.51276206970215	-34.67283560363096	1575.42138671875	37.29517364501954	-75.85478284948589	1519.25341796875	18.16047096252442	-136.6788472364645	1369.464233398438	876.9944458007815	201.77977018891	1384.33447265625	472.5922241210939	168.1761551397474	1432.682861328125	461.9878845214845	39.89448362637252	1337.855712890625	447.5126037597657	167.9111784980278	1389.78076171875	394.6283569335939	108.8162272066081	1036.736938476563	244.2050170898438	159.7178475624646	1085.617919921875	227.2887573242188	58.05492402872793	991.7600708007815	254.0269927978516	103.5203760469626	1077.7724609375	78.36986541748048	74.31989194537282	1088.423461914063	91.61885070800783	116.2531535677032	1052.259643554688	116.0146026611328	178.1868656505937	1294.543701171875	1534.327514648438	22.33197663849248	1197.074340820313	1292.202514648438	22.33197663849248	1472.673461914063	1257.069946289063	22.33197663849248	1420.12646484375	1440.177124023438	22.23227489079067	1262.451904296875	1454.3447265625	-219.6455385149378	1308.62890625	1447.162841796875	-176.1371861577316	1294.696655273438	1105.958251953125	-258.8717543254914	1261.976196289063	1097.273803710938	-174.535390332801	1256.628173828125	1086.606689453125	-210.2361499973812	1384.389770507813	850.7197265625002	-239.5967179865834	1310.157348632813	851.7151489257815	-265.4190523397495	1409.050537109375	766.2271728515626	-244.7565623451693	1303.01904296875	767.9792480468751	-246.8581665756566	1292.229248046875	1449.804809570313	259.6455385149378	1342.3408203125	1442.675537109375	216.1373355492392	1354.013916015625	1104.400024414063	304.6079114146845	1329.121948242188	1087.3984375	207.9388096802291	1314.121215820313	1081.103515625	248.860189315611	1470.3583984375	861.5359497070315	279.4189228109762	1404.909057617188	859.6182250976565	306.295032088454	1510.687744140625	773.5838623046877	285.0291244398524	1407.108520507813	760.9641113281251	287.1250341336798	
139	1.38	1462.206909179688	1005.903137207031	-119.7296566040048	1247.93505859375	1016.518920898438	-28.94627714519412	1249.071655273438	1004.497131347656	68.94627714519412	1450.046752929688	987.616149902344	159.7296566040048	1388.8515625	909.3259887695315	-168.8364664171059	1428.775512695313	499.1362304687501	-132.8068082918402	1419.171264648438	496.3152465820314	4.73616952572034	1413.023315429688	436.299774169922	-127.5034208841393	1480.6513671875	431.1593322753907	-68.54266881243612	1410.245727539063	65.63476562500001	-119.3286701318263	1431.64404296875	97.68215942382815	-17.89666597850206	1358.621948242188	20.63793563842774	-63.35014095580774	1560.09619140625	21.36845016479493	-34.67283560363096	1575.289672851563	37.0888786315918	-75.85478284948589	1519.168212890625	17.88835525512696	-136.6788472364645	1379.971069335938	878.771911621094	201.77977018891	1406.282348632813	474.8323669433595	168.1761551397474	1455.192260742188	465.3724975585939	39.89448362637252	1360.328491210938	449.8359375000001	167.9111784980278	1412.644897460938	397.3287048339845	108.8162272066081	1059.641967773438	246.6749725341797	159.7178475624646	1108.464965820313	230.4191894531251	58.05492402872793	1014.130310058594	255.6830749511719	103.5203760469626	1104.33642578125	81.72421264648439	74.31989194537282	1114.416015625	95.77853393554689	116.2531535677032	1077.7138671875	119.3394927978516	178.1868656505937	1305.183349609375	1535.518676757813	22.33197663849248	1207.328979492188	1293.506958007813	22.33197663849248	1483.02294921875	1257.999877929688	22.33197663849248	1430.537353515625	1441.144775390625	22.23227489079067	1274.136474609375	1455.614990234375	-219.6455385149378	1320.498168945313	1448.413208007813	-176.1371861577316	1309.247680664063	1107.148193359375	-258.8717543254914	1275.228637695313	1098.038330078125	-174.535390332801	1271.023071289063	1087.071166992188	-210.2361499973812	1403.517822265625	853.622741699219	-239.5967179865834	1329.634643554688	853.020202636719	-265.4190523397495	1430.475830078125	769.9851074218752	-244.7565623451693	1324.410278320313	769.093688964844	-246.8581665756566	1301.601196289063	1450.718627929688	259.6455385149378	1351.619873046875	1443.640380859375	216.1373355492392	1362.59130859375	1104.998291015625	304.6079114146845	1337.308837890625	1088.2099609375	207.9388096802291	1322.564208984375	1081.965942382813	248.860189315611	1476.90185546875	861.4951171875002	279.4189228109762	1412.020751953125	860.0085449218752	306.295032088454	1516.2255859375	772.5531005859377	285.0291244398524	1413.0419921875	761.3749389648439	287.1250341336798	
140	1.39	1472.100463867188	1006.044189453125	-119.7296566040048	1257.859008789063	1017.56591796875	-28.94627714519412	1258.852905273438	1005.82666015625	68.94627714519412	1459.77685546875	989.3583984375002	159.7296566040048	1397.505859375	909.3879394531252	-168.8364664171059	1431.916259765625	498.9851684570314	-132.8068082918402	1423.990356445313	496.2971801757814	4.73616952572034	1415.404052734375	436.2884826660157	-127.5034208841393	1483.474975585938	430.5390625000001	-68.54266881243612	1410.003540039063	65.64609527587892	-119.3286701318263	1431.822998046875	97.65089416503909	-17.89666597850206	1358.556396484375	20.61703681945801	-63.35014095580774	1559.984130859375	21.21352195739746	-34.67283560363096	1575.170043945313	36.86587524414063	-75.85478284948589	1519.096801757813	17.60460662841797	-136.6788472364645	1390.567626953125	880.720642089844	201.77977018891	1427.881958007813	477.4327087402345	168.1761551397474	1477.313232421875	469.1859741210939	39.89448362637252	1382.521118164063	452.2606506347657	167.9111784980278	1435.34765625	400.3974914550782	108.8162272066081	1083.1904296875	247.6347961425782	159.7178475624646	1132.064453125	232.3705139160157	58.05492402872793	1037.084106445313	255.5434265136719	103.5203760469626	1132.690551757813	84.0819549560547	74.31989194537282	1142.13671875	99.0195007324219	116.2531535677032	1104.672241210938	121.240478515625	178.1868656505937	1315.723388671875	1536.66796875	22.33197663849248	1217.512939453125	1294.756958007813	22.33197663849248	1493.240356445313	1258.908203125	22.33197663849248	1440.86328125	1442.080444335938	22.23227489079067	1285.734985351563	1456.919555664063	-219.6455385149378	1332.314697265625	1449.705444335938	-176.1371861577316	1323.85400390625	1108.422973632813	-258.8717543254914	1288.446533203125	1098.87060546875	-174.535390332801	1285.490478515625	1087.61279296875	-210.2361499973812	1422.615478515625	856.6838989257815	-239.5967179865834	1349.174072265625	854.505065917969	-265.4190523397495	1451.913208007813	773.9627685546877	-244.7565623451693	1345.886108398438	770.4378051757815	-246.8581665756566	1310.796875	1451.542114257813	259.6455385149378	1360.68212890625	1444.57177734375	216.1373355492392	1370.954956054688	1105.540161132813	304.6079114146845	1345.406982421875	1088.94873046875	207.9388096802291	1330.823364257813	1082.743896484375	248.860189315611	1483.456420898438	861.4876708984377	279.4189228109762	1419.170776367188	860.3945922851565	306.295032088454	1521.913696289063	771.7041625976565	285.0291244398524	1419.16650390625	761.8052978515626	287.1250341336798	
141	1.4	1481.878173828125	1006.181823730469	-119.7296566040048	1267.828857421875	1018.540893554688	-28.94627714519412	1268.68359375	1007.153747558594	68.94627714519412	1469.6103515625	991.148620605469	159.7296566040048	1406.037475585938	909.3756103515627	-168.8364664171059	1435.07080078125	498.8713684082032	-132.8068082918402	1428.831420898438	496.2467346191407	4.73616952572034	1417.8720703125	436.3276977539064	-127.5034208841393	1486.289916992188	429.963836669922	-68.54266881243612	1409.821411132813	65.68698120117189	-119.3286701318263	1432.028686523438	97.63674926757815	-17.89666597850206	1358.573852539063	20.6125717163086	-63.35014095580774	1559.892700195313	21.05731964111328	-34.67283560363096	1575.074462890625	36.64766693115235	-75.85478284948589	1519.040405273438	17.3425521850586	-136.6788472364645	1401.302490234375	882.8032226562502	201.77977018891	1449.099609375	480.320526123047	168.1761551397474	1498.998046875	473.3291625976564	39.89448362637252	1404.42236328125	454.6953430175782	167.9111784980278	1457.856689453125	403.751190185547	108.8162272066081	1107.338623046875	247.0579528808594	159.7178475624646	1156.365600585938	233.0738372802735	58.05492402872793	1060.59912109375	253.6230468750001	103.5203760469626	1162.558227539063	85.40151977539064	74.31989194537282	1171.332397460938	101.2446441650391	116.2531535677032	1132.940185546875	121.7318954467774	178.1868656505937	1326.165161132813	1537.767822265625	22.33197663849248	1227.64013671875	1295.939819335938	22.33197663849248	1503.320190429688	1259.793579101563	22.33197663849248	1451.111206054688	1442.9853515625	22.23227489079067	1297.22509765625	1458.251220703125	-219.6455385149378	1344.046020507813	1451.037841796875	-176.1371861577316	1338.507690429688	1109.791870117188	-258.8717543254914	1301.664306640625	1099.771240234375	-174.535390332801	1300.03271484375	1088.24169921875	-210.2361499973812	1441.654907226563	859.9005126953127	-239.5967179865834	1368.7470703125	856.1809692382815	-265.4190523397495	1473.302001953125	778.135681152344	-244.7565623451693	1367.397338867188	772.0269165039065	-246.8581665756566	1319.857421875	1452.283081054688	259.6455385149378	1369.5703125	1445.475219726563	216.1373355492392	1379.082153320313	1106.036499023438	304.6079114146845	1353.436279296875	1089.642822265625	207.9388096802291	1338.887817382813	1083.454956054688	248.860189315611	1490.030029296875	861.5184326171877	279.4189228109762	1426.31640625	860.7793579101565	306.295032088454	1527.76416015625	771.0566406250002	285.0291244398524	1425.458740234375	762.2485961914064	287.1250341336798	
142	1.41	1491.55029296875	1006.328796386719	-119.7296566040048	1277.846801757813	1019.419860839844	-28.94627714519412	1278.568725585938	1008.448608398438	68.94627714519412	1479.560668945313	992.950378417969	159.7296566040048	1414.467651367188	909.278503417969	-168.8364664171059	1438.26611328125	498.7917480468751	-132.8068082918402	1433.658081054688	496.1661376953126	4.73616952572034	1420.442626953125	436.4183044433595	-127.5034208841393	1489.121215820313	429.4284667968751	-68.54266881243612	1409.700805664063	65.76247406005861	-119.3286701318263	1432.267822265625	97.64036560058597	-17.89666597850206	1358.680908203125	20.62703895568848	-63.35014095580774	1559.82861328125	20.91053581237793	-34.67283560363096	1575.0087890625	36.45288085937501	-75.85478284948589	1518.997680664063	17.12630844116211	-136.6788472364645	1412.207397460938	884.9756469726565	201.77977018891	1469.902954101563	483.4177856445314	168.1761551397474	1520.193969726563	477.7020568847657	39.89448362637252	1426.012817382813	457.0536499023439	167.9111784980278	1480.139038085938	407.3020629882814	108.8162272066081	1132.054809570313	244.9489135742188	159.7178475624646	1181.325073242188	232.4897155761719	58.05492402872793	1084.670776367188	249.9603576660157	103.5203760469626	1193.686645507813	85.68028259277345	74.31989194537282	1201.764404296875	102.4031066894532	116.2531535677032	1162.342041015625	120.8747634887696	178.1868656505937	1336.513671875	1538.807861328125	22.33197663849248	1237.722900390625	1297.04248046875	22.33197663849248	1513.261596679688	1260.648315429688	22.33197663849248	1461.288330078125	1443.855346679688	22.23227489079067	1308.591186523438	1459.595825195313	-219.6455385149378	1355.666137695313	1452.401489257813	-176.1371861577316	1353.194702148438	1111.255126953125	-258.8717543254914	1314.915161132813	1100.731567382813	-174.535390332801	1314.645751953125	1088.959350585938	-210.2361499973812	1460.612548828125	863.2631835937502	-239.5967179865834	1388.326171875	858.0481567382815	-265.4190523397495	1494.586791992188	782.471618652344	-244.7565623451693	1388.896118164063	773.8627929687502	-246.8581665756566	1328.82373046875	1452.945434570313	259.6455385149378	1378.330932617188	1446.344970703125	216.1373355492392	1386.961303710938	1106.489501953125	304.6079114146845	1361.4140625	1090.309204101563	207.9388096802291	1346.754516601563	1084.108154296875	248.860189315611	1496.632934570313	861.5855712890627	279.4189228109762	1433.419067382813	861.1565551757815	306.295032088454	1533.7841796875	770.613464355469	285.0291244398524	1431.886962890625	762.6885375976564	287.1250341336798	
143	1.42	1501.1318359375	1006.48486328125	-119.7296566040048	1287.907348632813	1020.180419921875	-28.94627714519412	1288.505493164063	1009.681579589844	68.94627714519412	1489.62890625	994.7229003906252	159.7296566040048	1422.821655273438	909.086120605469	-168.8364664171059	1441.510864257813	498.7396240234376	-132.8068082918402	1438.4345703125	496.060028076172	4.73616952572034	1423.106811523438	436.5565185546876	-127.5034208841393	1491.982299804688	428.9235229492189	-68.54266881243612	1409.637817382813	65.8728485107422	-119.3286701318263	1432.546875	97.66214752197268	-17.89666597850206	1358.87353515625	20.66451072692871	-63.35014095580774	1559.796875	20.78318977355957	-34.67283560363096	1574.974365234375	36.29552459716798	-75.85478284948589	1518.96484375	16.96991729736328	-136.6788472364645	1423.29638671875	887.1900634765627	201.77977018891	1490.261840820313	486.6444091796876	168.1761551397474	1540.844116210938	482.2071228027345	39.89448362637252	1447.261352539063	459.2588806152345	167.9111784980278	1502.159301757813	410.9630432128907	108.8162272066081	1157.322021484375	241.3391418457032	159.7178475624646	1206.910400390625	230.6071472167969	58.05492402872793	1109.314453125	244.6118774414063	103.5203760469626	1225.86376953125	84.94889068603517	74.31989194537282	1233.223999023438	102.4884262084961	116.2531535677032	1192.7294921875	118.7652664184571	178.1868656505937	1346.777954101563	1539.77587890625	22.33197663849248	1247.772338867188	1298.051879882813	22.33197663849248	1523.070190429688	1261.459350585938	22.33197663849248	1471.403076171875	1444.681030273438	22.23227489079067	1319.826171875	1460.933959960938	-219.6455385149378	1367.157836914063	1453.780395507813	-176.1371861577316	1367.89599609375	1112.803466796875	-258.8717543254914	1328.226806640625	1101.734375	-174.535390332801	1329.319091796875	1089.758056640625	-210.2361499973812	1479.469116210938	866.7549438476565	-239.5967179865834	1407.884887695313	860.0954589843752	-265.4190523397495	1515.718505859375	786.932800292969	-244.7565623451693	1410.338134765625	775.933532714844	-246.8581665756566	1337.7333984375	1453.527709960938	259.6455385149378	1387.0107421875	1447.1650390625	216.1373355492392	1394.592895507813	1106.892333984375	304.6079114146845	1369.354614257813	1090.952514648438	207.9388096802291	1354.429321289063	1084.70263671875	248.860189315611	1503.277099609375	861.6802978515627	279.4189228109762	1440.447021484375	861.5108642578127	306.295032088454	1539.976196289063	770.3606567382815	285.0291244398524	1438.414794921875	763.0999145507814	287.1250341336798	
144	1.43	1510.64208984375	1006.63720703125	-119.7296566040048	1297.99951171875	1020.803771972656	-28.94627714519412	1298.485595703125	1010.825134277344	68.94627714519412	1499.80517578125	996.424255371094	159.7296566040048	1431.12744140625	908.7900390625002	-168.8364664171059	1444.800659179688	498.7063293457032	-132.8068082918402	1443.12939453125	495.934783935547	4.73616952572034	1425.839721679688	436.7351989746095	-127.5034208841393	1494.877075195313	428.4367065429689	-68.54266881243612	1409.625122070313	66.01454925537111	-119.3286701318263	1432.870483398438	97.70284271240237	-17.89666597850206	1359.137084960938	20.73079872131348	-63.35014095580774	1559.800903320313	20.68304824829102	-34.67283560363096	1574.968872070313	36.18415069580079	-75.85478284948589	1518.937622070313	16.87771606445313	-136.6788472364645	1434.56640625	889.3982543945315	201.77977018891	1510.1474609375	489.9205017089845	168.1761551397474	1560.888549804688	486.7514038085939	39.89448362637252	1468.12548828125	461.2467346191407	167.9111784980278	1523.877807617188	414.6514587402345	108.8162272066081	1183.140014648438	236.2833251953126	159.7178475624646	1233.103637695313	227.4423980712891	58.05492402872793	1134.567260742188	237.6490173339844	103.5203760469626	1258.927978515625	83.26562500000001	74.31989194537282	1265.54150390625	101.5344696044922	116.2531535677032	1223.986938476563	115.5233535766602	178.1868656505937	1356.969604492188	1540.658569335938	22.33197663849248	1257.7978515625	1298.955322265625	22.33197663849248	1532.759521484375	1262.209716796875	22.33197663849248	1481.46435546875	1445.448852539063	22.23227489079067	1330.931030273438	1462.242065429688	-219.6455385149378	1378.512817382813	1455.152954101563	-176.1371861577316	1382.590087890625	1114.417602539063	-258.8717543254914	1341.61865234375	1102.755615234375	-174.535390332801	1344.036254882813	1090.62109375	-210.2361499973812	1498.208862304688	870.3524169921877	-239.5967179865834	1427.397583007813	862.3006591796877	-265.4190523397495	1536.655029296875	791.4780883789065	-244.7565623451693	1431.68310546875	778.2139892578127	-246.8581665756566	1346.6181640625	1454.022827148438	259.6455385149378	1395.652587890625	1447.910400390625	216.1373355492392	1401.990966796875	1107.23046875	304.6079114146845	1377.269409179688	1091.564575195313	207.9388096802291	1361.927368164063	1085.228637695313	248.860189315611	1509.976440429688	861.7869873046877	279.4189228109762	1447.377197265625	861.818786621094	306.295032088454	1546.337890625	770.2683715820315	285.0291244398524	1445.005249023438	763.4503784179689	287.1250341336798	
145	1.44	1520.103759765625	1006.762756347656	-119.7296566040048	1308.109375	1021.2763671875	-28.94627714519412	1308.496826171875	1011.854797363281	68.94627714519412	1510.071655273438	998.0145263671877	159.7296566040048	1439.41357421875	908.3850708007815	-168.8364664171059	1448.123413085938	498.6827697753907	-132.8068082918402	1447.716918945313	495.7976989746095	4.73616952572034	1428.60986328125	436.9451599121095	-127.5034208841393	1497.802734375	427.9546813964845	-68.54266881243612	1409.653198242188	66.1814422607422	-119.3286701318263	1433.241088867188	97.763786315918	-17.89666597850206	1359.447631835938	20.83311843872071	-63.35014095580774	1559.84228515625	20.61454010009766	-34.67283560363096	1574.988159179688	36.12175750732423	-75.85478284948589	1518.912475585938	16.84565353393555	-136.6788472364645	1445.999633789063	891.5537719726565	201.77977018891	1529.532348632813	493.1676025390626	168.1761551397474	1580.266845703125	491.2461853027345	39.89448362637252	1488.553588867188	462.966033935547	167.9111784980278	1545.251098632813	418.2918395996095	108.8162272066081	1209.526000976563	229.8565368652344	159.7178475624646	1259.902709960938	223.0380249023438	58.05492402872793	1160.488037109375	229.1574401855469	103.5203760469626	1292.771118164063	80.71170806884767	74.31989194537282	1298.591430664063	99.61004638671878	116.2531535677032	1256.032470703125	111.2828063964844	178.1868656505937	1367.103149414063	1541.441162109375	22.33197663849248	1267.807739257813	1299.740600585938	22.33197663849248	1542.351318359375	1262.879760742188	22.33197663849248	1491.481567382813	1446.14111328125	22.23227489079067	1341.914916992188	1463.493774414063	-219.6455385149378	1389.73291015625	1456.4931640625	-176.1371861577316	1397.255615234375	1116.0703125	-258.8717543254914	1355.100463867188	1103.765991210938	-174.535390332801	1358.775268554688	1091.52490234375	-210.2361499973812	1516.819091796875	874.0264282226565	-239.5967179865834	1446.839111328125	864.6324462890627	-265.4190523397495	1557.3623046875	796.065856933594	-244.7565623451693	1452.89599609375	780.6683349609377	-246.8581665756566	1355.501342773438	1454.418701171875	259.6455385149378	1404.293823242188	1448.549438476563	216.1373355492392	1409.181884765625	1107.483276367188	304.6079114146845	1385.166870117188	1092.126098632813	207.9388096802291	1369.271606445313	1085.668823242188	248.860189315611	1516.7451171875	861.8842773437502	279.4189228109762	1454.19677734375	862.0511474609377	306.295032088454	1552.863403320313	770.293395996094	285.0291244398524	1451.6240234375	763.7034301757814	287.1250341336798	
146	1.45	1529.541870117188	1006.830871582031	-119.7296566040048	1318.22314453125	1021.590698242188	-28.94627714519412	1318.525756835938	1012.750122070313	68.94627714519412	1520.404296875	999.4585571289065	159.7296566040048	1447.707763671875	907.8701782226565	-168.8364664171059	1451.465209960938	498.6604614257814	-132.8068082918402	1452.178466796875	495.6558837890626	4.73616952572034	1431.387451171875	437.1763610839845	-127.5034208841393	1500.752197265625	427.4645080566407	-68.54266881243612	1409.712158203125	66.36614990234376	-119.3286701318263	1433.658081054688	97.84655761718753	-17.89666597850206	1359.77490234375	20.97926712036133	-63.35014095580774	1559.919799804688	20.57830047607422	-34.67283560363096	1575.027587890625	36.10617065429688	-75.85478284948589	1518.88671875	16.86322593688965	-136.6788472364645	1457.565795898438	893.6140747070315	201.77977018891	1548.3896484375	496.3095703125001	168.1761551397474	1598.92041015625	495.6063232421876	39.89448362637252	1508.489379882813	464.3777770996095	167.9111784980278	1566.231079101563	421.8175354003907	108.8162272066081	1236.514404296875	222.1526336669922	159.7178475624646	1287.322509765625	217.4625396728516	58.05492402872793	1187.156372070313	219.2385253906251	103.5203760469626	1327.334594726563	77.38848114013673	74.31989194537282	1332.291259765625	96.81324768066409	116.2531535677032	1288.81494140625	106.1840896606446	178.1868656505937	1377.193603515625	1542.108764648438	22.33197663849248	1277.809204101563	1300.396118164063	22.33197663849248	1551.8740234375	1263.448974609375	22.33197663849248	1501.464111328125	1446.738159179688	22.23227489079067	1352.793334960938	1464.661987304688	-219.6455385149378	1400.828491210938	1457.772216796875	-176.1371861577316	1411.873168945313	1117.727905273438	-258.8717543254914	1368.671264648438	1104.733764648438	-174.535390332801	1373.509765625	1092.440551757813	-210.2361499973812	1535.289306640625	877.7440185546877	-239.5967179865834	1466.18505859375	867.0526123046877	-265.4190523397495	1577.8134765625	800.6563110351565	-244.7565623451693	1473.947631835938	783.2528076171877	-246.8581665756566	1364.398315429688	1454.698608398438	259.6455385149378	1412.962890625	1449.0478515625	216.1373355492392	1416.202514648438	1107.626953125	304.6079114146845	1393.052978515625	1092.609741210938	207.9388096802291	1376.492309570313	1086.000854492188	248.860189315611	1523.596801757813	861.9465942382815	279.4189228109762	1460.903564453125	862.1753540039065	306.295032088454	1559.543579101563	770.383483886719	285.0291244398524	1458.242919921875	763.8220214843751	287.1250341336798	
147	1.46	1538.982543945313	1006.807312011719	-119.7296566040048	1328.32861328125	1021.7451171875	-28.94627714519412	1328.559326171875	1013.494873046875	68.94627714519412	1530.77734375	1000.727600097656	159.7296566040048	1456.035400390625	907.2483520507815	-168.8364664171059	1454.814086914063	498.6323242187501	-132.8068082918402	1456.502319335938	495.5152893066407	4.73616952572034	1434.150634765625	437.4190368652345	-127.5034208841393	1503.716186523438	426.9549560546876	-68.54266881243612	1409.792602539063	66.56121063232423	-119.3286701318263	1434.118408203125	97.95232391357425	-17.89666597850206	1360.086669921875	21.17640113830567	-63.35014095580774	1560.030395507813	20.57129096984864	-34.67283560363096	1575.082763671875	36.13085174560548	-75.85478284948589	1518.859375	16.91577529907227	-136.6788472364645	1469.227416992188	895.5413208007815	201.77977018891	1566.692749023438	499.2730407714845	168.1761551397474	1616.795166015625	499.7486877441407	39.89448362637252	1527.875122070313	465.4531250000001	167.9111784980278	1586.76708984375	425.171356201172	108.8162272066081	1264.154418945313	213.2841796875001	159.7178475624646	1315.392944335938	210.8106842041016	58.05492402872793	1214.669067382813	208.0128173828126	103.5203760469626	1362.599243164063	73.41637420654298	74.31989194537282	1366.59521484375	93.2664260864258	116.2531535677032	1322.307983398438	100.3704376220703	178.1868656505937	1387.256958007813	1542.64697265625	22.33197663849248	1287.809326171875	1300.911743164063	22.33197663849248	1561.361450195313	1263.89794921875	22.33197663849248	1511.422119140625	1447.219360351563	22.23227489079067	1363.58740234375	1465.720947265625	-219.6455385149378	1411.817504882813	1458.961059570313	-176.1371861577316	1426.4267578125	1119.353149414063	-258.8717543254914	1382.320678710938	1105.627319335938	-174.535390332801	1388.211059570313	1093.336547851563	-210.2361499973812	1553.611083984375	881.4700317382815	-239.5967179865834	1485.411499023438	869.5190429687502	-265.4190523397495	1597.989379882813	805.213073730469	-244.7565623451693	1494.814331054688	785.9193115234377	-246.8581665756566	1373.316040039063	1454.84326171875	259.6455385149378	1421.680053710938	1449.371948242188	216.1373355492392	1423.097412109375	1107.636840820313	304.6079114146845	1400.93212890625	1092.983642578125	207.9388096802291	1383.624267578125	1086.200317382813	248.860189315611	1530.543701171875	861.9461669921877	279.4189228109762	1467.50537109375	862.1589355468752	306.295032088454	1566.3671875	770.4816894531252	285.0291244398524	1464.8427734375	763.7716674804689	287.1250341336798	
148	1.47	1548.451538085938	1006.658081054688	-119.7296566040048	1338.417724609375	1021.7431640625	-28.94627714519412	1338.587768554688	1014.07666015625	68.94627714519412	1541.165405273438	1001.800170898438	159.7296566040048	1464.418579101563	906.5263671875002	-168.8364664171059	1458.162841796875	498.5929565429689	-132.8068082918402	1460.684204101563	495.3800659179689	4.73616952572034	1436.888305664063	437.6647338867189	-127.5034208841393	1506.684814453125	426.4174194335939	-68.54266881243612	1409.886474609375	66.7599334716797	-119.3286701318263	1434.616577148438	98.080924987793	-17.89666597850206	1360.353637695313	21.42961883544922	-63.35014095580774	1560.16943359375	20.58744621276856	-34.67283560363096	1575.150512695313	36.18587493896485	-75.85478284948589	1518.83056640625	16.98686408996582	-136.6788472364645	1480.943237304688	897.3027954101565	201.77977018891	1584.413452148438	501.9880981445314	168.1761551397474	1633.84423828125	503.5917053222657	39.89448362637252	1546.656494140625	466.171112060547	167.9111784980278	1606.80712890625	428.3056030273439	108.8162272066081	1292.506713867188	203.3834533691407	159.7178475624646	1344.15576171875	203.2043762207032	58.05492402872793	1243.133911132813	195.6243896484376	103.5203760469626	1398.572998046875	68.93537902832033	74.31989194537282	1401.486206054688	89.11231994628908	116.2531535677032	1356.50244140625	93.98719787597658	178.1868656505937	1397.307861328125	1543.0419921875	22.33197663849248	1297.814697265625	1301.278076171875	22.33197663849248	1570.848754882813	1264.209106445313	22.33197663849248	1521.365112304688	1447.564331054688	22.23227489079067	1374.3212890625	1466.646484375	-219.6455385149378	1422.723022460938	1460.031860351563	-176.1371861577316	1440.904663085938	1120.90771484375	-258.8717543254914	1396.030517578125	1106.41650390625	-174.535390332801	1402.849365234375	1094.1806640625	-210.2361499973812	1571.776977539063	885.1693115234377	-239.5967179865834	1504.495483398438	871.9884033203127	-265.4190523397495	1617.877075195313	809.7047119140627	-244.7565623451693	1515.477661132813	788.6190185546877	-246.8581665756566	1382.2548828125	1454.832275390625	259.6455385149378	1430.456665039063	1449.490966796875	216.1373355492392	1429.91552734375	1107.489868164063	304.6079114146845	1408.808227539063	1093.214477539063	207.9388096802291	1390.704956054688	1086.242797851563	248.860189315611	1537.595092773438	861.8547973632815	279.4189228109762	1474.019165039063	861.9722900390627	306.295032088454	1573.322021484375	770.5310058593752	285.0291244398524	1471.41455078125	763.5240478515626	287.1250341336798	
149	1.48	1557.973022460938	1006.353393554688	-119.7296566040048	1348.487670898438	1021.592407226563	-28.94627714519412	1348.605346679688	1014.486450195313	68.94627714519412	1551.54638671875	1002.661987304688	159.7296566040048	1472.875	905.7139282226565	-168.8364664171059	1461.510864257813	498.5387573242189	-132.8068082918402	1464.726928710938	495.252166748047	4.73616952572034	1439.6005859375	437.9068908691407	-127.5034208841393	1509.647827148438	425.8463745117189	-68.54266881243612	1409.987060546875	66.95698547363283	-119.3286701318263	1435.145751953125	98.23024749755862	-17.89666597850206	1360.553466796875	21.74066543579102	-63.35014095580774	1560.330810546875	20.61864471435547	-34.67283560363096	1575.22900390625	36.25906372070313	-75.85478284948589	1518.801513671875	17.06047439575196	-136.6788472364645	1492.671997070313	898.870300292969	201.77977018891	1601.521362304688	504.3891906738282	168.1761551397474	1650.031494140625	507.0559692382814	39.89448362637252	1564.785522460938	466.5165405273439	167.9111784980278	1626.29931640625	431.1817016601564	108.8162272066081	1321.637329101563	192.6041870117188	159.7178475624646	1373.658813476563	194.7935180664063	58.05492402872793	1272.661499023438	182.244857788086	103.5203760469626	1435.275268554688	64.10607910156251	74.31989194537282	1436.963500976563	84.51165771484376	116.2531535677032	1391.396850585938	87.18394470214845	178.1868656505937	1407.359985351563	1543.281616210938	22.33197663849248	1307.831787109375	1301.4873046875	22.33197663849248	1580.369873046875	1264.3671875	22.33197663849248	1531.30322265625	1447.754150390625	22.23227489079067	1385.020629882813	1467.417724609375	-219.6455385149378	1433.571655273438	1460.959228515625	-176.1371861577316	1455.298583984375	1122.355590820313	-258.8717543254914	1409.776733398438	1107.075317382813	-174.535390332801	1417.396362304688	1094.942260742188	-210.2361499973812	1589.779907226563	888.8078613281252	-239.5967179865834	1523.4150390625	874.4192504882815	-265.4190523397495	1637.4697265625	814.1047973632815	-244.7565623451693	1535.923828125	791.3055419921877	-246.8581665756566	1391.210205078125	1454.645874023438	259.6455385149378	1439.296508789063	1449.380249023438	216.1373355492392	1436.706420898438	1107.166625976563	304.6079114146845	1416.685668945313	1093.272216796875	207.9388096802291	1397.772338867188	1086.107421875	248.860189315611	1544.757568359375	861.6453857421877	279.4189228109762	1480.4697265625	861.5910644531252	306.295032088454	1580.3955078125	770.4782714843752	285.0291244398524	1477.960083007813	763.0586547851564	287.1250341336798	
150	1.49	1567.568359375	1005.870361328125	-119.7296566040048	1358.540893554688	1021.302978515625	-28.94627714519412	1358.611083984375	1014.718017578125	68.94627714519412	1561.903930664063	1003.304931640625	159.7296566040048	1481.418090820313	904.8223266601565	-168.8364664171059	1464.86328125	498.4678039550782	-132.8068082918402	1468.641235351563	495.1312561035157	4.73616952572034	1442.297607421875	438.1413879394532	-127.5034208841393	1512.596801757813	425.2394104003907	-68.54266881243612	1410.08935546875	67.14868927001955	-119.3286701318263	1435.698974609375	98.3959655761719	-17.89666597850206	1360.674682617188	22.10709571838379	-63.35014095580774	1560.508544921875	20.65583610534668	-34.67283560363096	1575.3173828125	36.33719635009766	-75.85478284948589	1518.7734375	17.12277603149414	-136.6788472364645	1504.376708984375	900.2193603515627	201.77977018891	1617.982543945313	506.4170227050782	168.1761551397474	1665.333740234375	510.0664367675782	39.89448362637252	1582.22412109375	466.4783935546876	167.9111784980278	1645.194458007813	433.769989013672	108.8162272066081	1351.6103515625	181.1232604980469	159.7178475624646	1403.94921875	185.7562408447266	58.05492402872793	1303.355102539063	168.0763549804688	103.5203760469626	1472.722290039063	59.11035156250001	74.31989194537282	1473.030517578125	79.64180755615236	116.2531535677032	1426.988403320313	80.11827850341798	178.1868656505937	1417.424682617188	1543.355224609375	22.33197663849248	1317.867065429688	1301.533081054688	22.33197663849248	1589.9541015625	1264.360717773438	22.33197663849248	1541.246215820313	1447.772827148438	22.23227489079067	1395.710815429688	1468.017456054688	-219.6455385149378	1444.391235351563	1461.721435546875	-176.1371861577316	1469.602905273438	1123.664672851563	-258.8717543254914	1423.5322265625	1107.582153320313	-174.535390332801	1431.82666015625	1095.593872070313	-210.2361499973812	1607.612670898438	892.354431152344	-239.5967179865834	1542.149658203125	876.7739257812502	-265.4190523397495	1656.764770507813	818.392028808594	-244.7565623451693	1556.141967773438	793.937438964844	-246.8581665756566	1400.175415039063	1454.266723632813	259.6455385149378	1448.19775390625	1449.022094726563	216.1373355492392	1443.51708984375	1106.652465820313	304.6079114146845	1424.57080078125	1093.131591796875	207.9388096802291	1404.86279296875	1085.777465820313	248.860189315611	1552.03369140625	861.2934570312502	279.4189228109762	1486.887573242188	860.9979248046877	306.295032088454	1587.5751953125	770.2774658203127	285.0291244398524	1484.491333007813	762.3646850585939	287.1250341336798	
151	1.5	1577.2548828125	1005.1953125	-119.7296566040048	1368.585205078125	1020.885864257813	-28.94627714519412	1368.609497070313	1014.766906738281	68.94627714519412	1572.228515625	1003.72607421875	159.7296566040048	1490.057006835938	903.8635253906252	-168.8364664171059	1468.230834960938	498.3795776367189	-132.8068082918402	1472.446044921875	495.0149230957032	4.73616952572034	1444.99609375	438.3665466308595	-127.5034208841393	1515.525268554688	424.5969543457032	-68.54266881243612	1410.189575195313	67.3330764770508	-119.3286701318263	1436.27001953125	98.57207489013675	-17.89666597850206	1360.718383789063	22.522216796875	-63.35014095580774	1560.696533203125	20.69011878967286	-34.67283560363096	1575.415893554688	36.40719223022462	-75.85478284948589	1518.747192382813	17.16337966918946	-136.6788472364645	1516.026000976563	901.3286743164065	201.77977018891	1633.759521484375	508.0205383300782	168.1761551397474	1679.743408203125	512.5562744140626	39.89448362637252	1598.945434570313	466.0494689941407	167.9111784980278	1663.447998046875	436.0497131347657	108.8162272066081	1382.47900390625	169.1412658691407	159.7178475624646	1435.064575195313	176.2976226806641	58.05492402872793	1335.297607421875	153.3518829345703	103.5203760469626	1510.913208007813	54.15060424804689	74.31989194537282	1509.68310546875	74.69580841064455	116.2531535677032	1463.262817382813	72.95997619628908	178.1868656505937	1427.511474609375	1543.254516601563	22.33197663849248	1327.92724609375	1301.410522460938	22.33197663849248	1599.624389648438	1264.18115234375	22.33197663849248	1551.203491210938	1447.607788085938	22.23227489079067	1406.415161132813	1468.432250976563	-219.6455385149378	1455.208374023438	1462.301147460938	-176.1371861577316	1483.812377929688	1124.80859375	-258.8717543254914	1437.26904296875	1107.9208984375	-174.535390332801	1446.119873046875	1096.111938476563	-210.2361499973812	1625.26708984375	895.7808837890627	-239.5967179865834	1560.681030273438	879.0203857421877	-265.4190523397495	1675.762817382813	822.549255371094	-244.7565623451693	1576.123291015625	796.4797973632815	-246.8581665756566	1409.143798828125	1453.682006835938	259.6455385149378	1457.155029296875	1448.407470703125	216.1373355492392	1450.38916015625	1105.9384765625	304.6079114146845	1432.47216796875	1092.774780273438	207.9388096802291	1412.009155273438	1085.24169921875	248.860189315611	1559.4228515625	860.7779541015627	279.4189228109762	1493.307495117188	860.1837158203127	306.295032088454	1594.849975585938	769.8916015625002	285.0291244398524	1491.028564453125	761.4407958984376	287.1250341336798	
152	1.51	1587.045532226563	1004.324523925781	-119.7296566040048	1378.632080078125	1020.351684570313	-28.94627714519412	1378.609252929688	1014.630249023438	68.94627714519412	1582.517944335938	1003.92578125	159.7296566040048	1498.797607421875	902.8486328125002	-168.8364664171059	1471.62841796875	498.2746582031251	-132.8068082918402	1476.168090820313	494.8989562988282	4.73616952572034	1447.716918945313	438.582977294922	-127.5034208841393	1518.430541992188	423.9219055175782	-68.54266881243612	1410.284912109375	67.50994873046876	-119.3286701318263	1436.854858398438	98.75180816650393	-17.89666597850206	1360.697265625	22.97589111328125	-63.35014095580774	1560.890014648438	20.71369743347168	-34.67283560363096	1575.52490234375	36.45723724365235	-75.85478284948589	1518.72216796875	17.17599105834961	-136.6788472364645	1527.595336914063	902.1789550781252	201.77977018891	1648.812622070313	509.1596984863282	168.1761551397474	1693.27099609375	514.4718627929689	39.89448362637252	1614.936279296875	465.2270812988282	167.9111784980278	1681.022705078125	438.009246826172	108.8162272066081	1414.2763671875	156.8814239501953	159.7178475624646	1467.023803710938	166.6463317871094	58.05492402872793	1368.53955078125	138.3323974609375	103.5203760469626	1549.81787109375	49.44663619995119	74.31989194537282	1546.897094726563	69.88076019287111	116.2531535677032	1500.186279296875	65.89407348632814	178.1868656505937	1437.627197265625	1542.974243164063	22.33197663849248	1338.0185546875	1301.116821289063	22.33197663849248	1609.395629882813	1263.82373046875	22.33197663849248	1561.184204101563	1447.25048828125	22.23227489079067	1417.154052734375	1468.652587890625	-219.6455385149378	1466.047729492188	1462.685668945313	-176.1371861577316	1497.920776367188	1125.76806640625	-258.8717543254914	1450.960571289063	1108.080322265625	-174.535390332801	1460.262084960938	1096.477661132813	-210.2361499973812	1642.73388671875	899.062683105469	-239.5967179865834	1578.991943359375	881.1329345703127	-265.4190523397495	1694.466064453125	826.5626220703127	-244.7565623451693	1595.859741210938	798.9050903320315	-246.8581665756566	1418.111328125	1452.883666992188	259.6455385149378	1466.161376953125	1447.535522460938	216.1373355492392	1457.357055664063	1105.021606445313	304.6079114146845	1440.401245117188	1092.192504882813	207.9388096802291	1419.239624023438	1084.49560546875	248.860189315611	1566.92138671875	860.0817871093752	279.4189228109762	1499.76611328125	859.1472167968752	306.295032088454	1602.209838867188	769.2937011718752	285.0291244398524	1497.598510742188	760.2943725585939	287.1250341336798	
153	1.52	1596.947265625	1003.263732910156	-119.7296566040048	1388.695922851563	1019.709289550781	-28.94627714519412	1388.622680664063	1014.305725097656	68.94627714519412	1592.77734375	1003.906433105469	159.7296566040048	1507.643310546875	901.7869873046877	-168.8364664171059	1475.07421875	498.1544189453126	-132.8068082918402	1479.843017578125	494.7778320312501	4.73616952572034	1450.48291015625	438.7930908203126	-127.5034208841393	1521.31591796875	423.2190246582032	-68.54266881243612	1410.373901367188	67.68092346191408	-119.3286701318263	1437.45263671875	98.92909240722659	-17.89666597850206	1360.633911132813	23.45615196228028	-63.35014095580774	1561.084716796875	20.72062873840332	-34.67283560363096	1575.644287109375	36.47769927978516	-75.85478284948589	1518.696533203125	17.15854454040528	-136.6788472364645	1539.067749023438	902.7526855468752	201.77977018891	1663.1025390625	509.8078918457032	168.1761551397474	1705.9453125	515.7781982421876	39.89448362637252	1630.197387695313	464.0146484375001	167.9111784980278	1697.890014648438	439.6469116210939	108.8162272066081	1447.004272460938	144.5860290527344	159.7178475624646	1499.816528320313	157.0482330322266	58.05492402872793	1403.086181640625	123.3003158569336	103.5203760469626	1589.366943359375	45.22945022583009	74.31989194537282	1584.61865234375	65.41426849365236	116.2531535677032	1537.697387695313	59.12129974365236	178.1868656505937	1447.777099609375	1542.51171875	22.33197663849248	1348.147338867188	1300.651245117188	22.33197663849248	1619.275756835938	1263.287353515625	22.33197663849248	1571.197021484375	1446.697265625	22.23227489079067	1427.944213867188	1468.67333984375	-219.6455385149378	1476.93017578125	1462.866333007813	-176.1371861577316	1511.919189453125	1126.530639648438	-258.8717543254914	1464.58251953125	1108.054565429688	-174.535390332801	1474.247314453125	1096.676391601563	-210.2361499973812	1660.001098632813	902.1787109375002	-239.5967179865834	1597.067626953125	883.092468261719	-265.4190523397495	1712.876586914063	830.420593261719	-244.7565623451693	1615.34228515625	801.1929321289065	-246.8581665756566	1427.078735351563	1451.869750976563	259.6455385149378	1475.210083007813	1446.413818359375	216.1373355492392	1464.44677734375	1103.903930664063	304.6079114146845	1448.37255859375	1091.383666992188	207.9388096802291	1426.577270507813	1083.539916992188	248.860189315611	1574.523559570313	859.1924438476565	279.4189228109762	1506.299682617188	857.8947753906252	306.295032088454	1609.647094726563	768.4670410156252	285.0291244398524	1504.231689453125	758.9401855468751	287.1250341336798	
154	1.53	1606.9619140625	1002.026794433594	-119.7296566040048	1398.791748046875	1018.965270996094	-28.94627714519412	1398.664184570313	1013.791870117188	68.94627714519412	1603.018310546875	1003.671020507813	159.7296566040048	1516.59619140625	900.6857910156252	-168.8364664171059	1478.5888671875	498.0208129882814	-132.8068082918402	1483.513427734375	494.6455688476564	4.73616952572034	1453.317504882813	439.0003967285157	-127.5034208841393	1524.1923828125	422.4942932128907	-68.54266881243612	1410.456420898438	67.84963989257814	-119.3286701318263	1438.0654296875	99.09989929199222	-17.89666597850206	1360.556762695313	23.95133018493653	-63.35014095580774	1561.27783203125	20.70732116699219	-34.67283560363096	1575.772705078125	36.46179199218751	-75.85478284948589	1518.667114257813	17.11291694641114	-136.6788472364645	1550.431762695313	903.0336914062502	201.77977018891	1676.594604492188	509.954315185547	168.1761551397474	1717.813842773438	516.4636840820314	39.89448362637252	1644.744140625	462.4242248535157	167.9111784980278	1714.032592773438	440.9715576171876	108.8162272066081	1480.623657226563	132.5097961425782	159.7178475624646	1533.39404296875	147.7572021484375	58.05492402872793	1438.886596679688	108.549301147461	103.5203760469626	1629.445068359375	41.73163604736329	74.31989194537282	1622.756958007813	61.51829147338869	116.2531535677032	1575.700805664063	52.85480117797853	178.1868656505937	1457.964721679688	1541.86767578125	22.33197663849248	1358.318969726563	1300.015380859375	22.33197663849248	1629.265502929688	1262.574340820313	22.33197663849248	1581.250122070313	1445.94873046875	22.23227489079067	1438.797973632813	1468.492797851563	-219.6455385149378	1487.8720703125	1462.839111328125	-176.1371861577316	1525.796142578125	1127.090698242188	-258.8717543254914	1478.114379882813	1107.841796875	-174.535390332801	1488.076904296875	1096.697998046875	-210.2361499973812	1677.054443359375	905.111022949219	-239.5967179865834	1614.893920898438	884.8858642578127	-265.4190523397495	1730.99462890625	834.1121826171877	-244.7565623451693	1634.560546875	803.329284667969	-246.8581665756566	1436.05224609375	1450.644653320313	259.6455385149378	1484.296875	1445.057250976563	216.1373355492392	1471.6767578125	1102.592407226563	304.6079114146845	1456.402954101563	1090.35498046875	207.9388096802291	1434.039794921875	1082.38134765625	248.860189315611	1582.222412109375	858.101989746094	279.4189228109762	1512.942993164063	856.4392089843752	306.295032088454	1617.156494140625	767.4047851562501	285.0291244398524	1510.958862304688	757.3981933593751	287.1250341336798	
155	1.54	1617.086303710938	1000.633850097656	-119.7296566040048	1408.933837890625	1018.123596191406	-28.94627714519412	1408.748901367188	1013.088134765625	68.94627714519412	1613.256713867188	1003.222717285156	159.7296566040048	1525.658325195313	899.5495605468752	-168.8364664171059	1482.195556640625	497.8760986328126	-132.8068082918402	1487.229248046875	494.4961547851564	4.73616952572034	1456.2451171875	439.2088317871095	-127.5034208841393	1527.07958984375	421.7542114257814	-68.54266881243612	1410.533935546875	68.02201080322267	-119.3286701318263	1438.699340820313	99.26348114013675	-17.89666597850206	1360.49560546875	24.45238494873048	-63.35014095580774	1561.466796875	20.67284011840821	-34.67283560363096	1575.907836914063	36.40593719482423	-75.85478284948589	1518.629516601563	17.04434585571289	-136.6788472364645	1561.6796875	903.0078735351565	201.77977018891	1689.26513671875	509.6052246093751	168.1761551397474	1728.940795898438	516.5438232421876	39.89448362637252	1658.605712890625	460.4786682128907	167.9111784980278	1729.445434570313	442.0029907226564	108.8162272066081	1515.045043945313	120.9105911254883	159.7178475624646	1567.660522460938	139.0229797363282	58.05492402872793	1475.8251953125	94.37129974365236	103.5203760469626	1669.886108398438	39.17441558837891	74.31989194537282	1661.177490234375	58.40947723388673	116.2531535677032	1614.06298828125	47.31241989135743	178.1868656505937	1468.192626953125	1541.046630859375	22.33197663849248	1368.5380859375	1299.21337890625	22.33197663849248	1639.361206054688	1261.690551757813	22.33197663849248	1591.3505859375	1445.010375976563	22.23227489079067	1449.723266601563	1468.113037109375	-219.6455385149378	1498.885009765625	1462.603759765625	-176.1371861577316	1539.538452148438	1127.448486328125	-258.8717543254914	1491.53955078125	1107.444091796875	-174.535390332801	1501.75927734375	1096.536743164063	-210.2361499973812	1693.876586914063	907.8442993164065	-239.5967179865834	1632.457763671875	886.5052490234377	-265.4190523397495	1748.81787109375	837.6265869140627	-244.7565623451693	1653.5009765625	805.3049926757815	-246.8581665756566	1445.044067382813	1449.217895507813	259.6455385149378	1493.420532226563	1443.48681640625	216.1373355492392	1479.057739257813	1101.097900390625	304.6079114146845	1464.510986328125	1089.119873046875	207.9388096802291	1441.640014648438	1081.03125	248.860189315611	1590.01123046875	856.8076782226565	279.4189228109762	1519.7265625	854.7980957031252	306.295032088454	1624.7353515625	766.1085205078126	285.0291244398524	1517.809448242188	755.6914672851564	287.1250341336798	
156	1.55	1627.313110351563	999.1086425781252	-119.7296566040048	1419.134521484375	1017.186157226563	-28.94627714519412	1418.89111328125	1012.195495605469	68.94627714519412	1623.510986328125	1002.564880371094	159.7296566040048	1534.831909179688	898.3809814453127	-168.8364664171059	1485.920532226563	497.7224731445314	-132.8068082918402	1491.04541015625	494.323944091797	4.73616952572034	1459.290893554688	439.4219055175782	-127.5034208841393	1530.007690429688	421.0050659179689	-68.54266881243612	1410.610107421875	68.2064666748047	-119.3286701318263	1439.36328125	99.4230651855469	-17.89666597850206	1360.478149414063	24.95502471923829	-63.35014095580774	1561.649658203125	20.61897659301758	-34.67283560363096	1576.045288085938	36.30979919433594	-75.85478284948589	1518.579223632813	16.96067237854004	-136.6788472364645	1572.805541992188	902.6638183593752	201.77977018891	1701.107177734375	508.7842712402345	168.1761551397474	1739.404418945313	516.0623168945314	39.89448362637252	1671.824340820313	458.2132873535157	167.9111784980278	1744.136840820313	442.7714233398439	108.8162272066081	1550.121337890625	110.0374069213867	159.7178475624646	1602.466186523438	131.0770263671875	58.05492402872793	1513.716064453125	81.04140472412111	103.5203760469626	1710.472045898438	37.75196075439454	74.31989194537282	1699.700805664063	56.28625488281251	116.2531535677032	1652.609619140625	42.70441818237305	178.1868656505937	1478.462646484375	1540.056274414063	22.33197663849248	1378.808349609375	1298.251831054688	22.33197663849248	1649.555297851563	1260.645141601563	22.33197663849248	1601.504760742188	1443.891845703125	22.23227489079067	1460.723876953125	1467.540161132813	-219.6455385149378	1509.975341796875	1462.164306640625	-176.1371861577316	1553.132446289063	1127.609008789063	-258.8717543254914	1504.84521484375	1106.8671875	-174.535390332801	1515.30810546875	1096.1904296875	-210.2361499973812	1710.447143554688	910.365661621094	-239.5967179865834	1649.745849609375	887.9468383789065	-265.4190523397495	1766.33984375	840.952087402344	-244.7565623451693	1672.146606445313	807.1147460937502	-246.8581665756566	1454.072387695313	1447.604248046875	259.6455385149378	1502.583740234375	1441.728271484375	216.1373355492392	1486.595092773438	1099.434448242188	304.6079114146845	1472.715454101563	1087.69677734375	207.9388096802291	1449.386474609375	1079.504638671875	248.860189315611	1597.884643554688	855.3121337890627	279.4189228109762	1526.676391601563	852.9924316406252	306.295032088454	1632.383666992188	764.5875854492189	285.0291244398524	1524.808471679688	753.8442993164064	287.1250341336798	
157	1.56	1637.632202148438	997.476501464844	-119.7296566040048	1429.4033203125	1016.1533203125	-28.94627714519412	1429.103515625	1011.117248535156	68.94627714519412	1633.80029296875	1001.701171875	159.7296566040048	1544.119506835938	897.1812744140627	-168.8364664171059	1489.79248046875	497.5619201660157	-132.8068082918402	1495.0205078125	494.1242675781251	4.73616952572034	1462.482299804688	439.6419372558595	-127.5034208841393	1533.015991210938	420.2520141601564	-68.54266881243612	1410.691162109375	68.41415405273439	-119.3286701318263	1440.06787109375	99.58604431152347	-17.89666597850206	1360.526733398438	25.46138191223145	-63.35014095580774	1561.823852539063	20.55013275146485	-34.67283560363096	1576.179809570313	36.17613220214844	-75.85478284948589	1518.511596679688	16.87154388427735	-136.6788472364645	1583.803466796875	901.9943847656252	201.77977018891	1712.136840820313	507.5317382812501	168.1761551397474	1749.293212890625	515.0900268554689	39.89448362637252	1684.4541015625	455.6761779785157	167.9111784980278	1758.128540039063	443.3161010742189	108.8162272066081	1585.644775390625	100.1167297363282	159.7178475624646	1637.60302734375	124.1173400878907	58.05492402872793	1552.301513671875	68.80214691162111	103.5203760469626	1750.934692382813	37.61409759521485	74.31989194537282	1738.102294921875	55.31310272216798	116.2531535677032	1691.124877929688	39.21732711791993	178.1868656505937	1488.776489257813	1538.907958984375	22.33197663849248	1389.132568359375	1297.140502929688	22.33197663849248	1659.839111328125	1259.4501953125	22.33197663849248	1611.7177734375	1442.607177734375	22.23227489079067	1471.799438476563	1466.78369140625	-219.6455385149378	1521.14453125	1461.528564453125	-176.1371861577316	1566.567260742188	1127.5810546875	-258.8717543254914	1518.021850585938	1106.119873046875	-174.535390332801	1528.739379882813	1095.661743164063	-210.2361499973812	1726.742797851563	912.6643066406252	-239.5967179865834	1666.743896484375	889.2094726562502	-265.4190523397495	1783.5498046875	844.0757446289065	-244.7565623451693	1690.476196289063	808.755065917969	-246.8581665756566	1463.1591796875	1445.82177734375	259.6455385149378	1511.793212890625	1439.810424804688	216.1373355492392	1494.290649414063	1097.61865234375	304.6079114146845	1481.035034179688	1086.108276367188	207.9388096802291	1457.28515625	1077.819946289063	248.860189315611	1605.83935546875	853.623718261719	279.4189228109762	1533.8125	851.0449218750002	306.295032088454	1640.103637695313	762.8572998046876	285.0291244398524	1531.975219726563	751.8806762695314	287.1250341336798	
158	1.57	1648.0322265625	995.7622680664065	-119.7296566040048	1439.746459960938	1015.025390625	-28.94627714519412	1439.396240234375	1009.860595703125	68.94627714519412	1644.142333984375	1000.63720703125	159.7296566040048	1553.523193359375	895.9514770507815	-168.8364664171059	1493.843627929688	497.3958435058595	-132.8068082918402	1499.214477539063	493.8931579589845	4.73616952572034	1465.849243164063	439.8697204589845	-127.5034208841393	1536.151489257813	419.4987182617189	-68.54266881243612	1410.785522460938	68.65895843505861	-119.3286701318263	1440.824584960938	99.76359558105472	-17.89666597850206	1360.65576171875	25.98105430603028	-63.35014095580774	1561.986450195313	20.47300338745118	-34.67283560363096	1576.3056640625	36.01044464111329	-75.85478284948589	1518.423828125	16.78761100769043	-136.6788472364645	1594.666625976563	900.998718261719	201.77977018891	1722.398071289063	505.902313232422	168.1761551397474	1758.701416015625	513.7201538085939	39.89448362637252	1696.558959960938	452.9269409179689	167.9111784980278	1771.455932617188	443.6822509765626	108.8162272066081	1621.34765625	91.33824920654298	159.7178475624646	1672.805541992188	118.2937850952149	58.05492402872793	1591.253540039063	57.84858322143556	103.5203760469626	1790.96142578125	38.84909820556641	74.31989194537282	1776.115966796875	55.60351562500001	116.2531535677032	1729.35400390625	36.99539184570313	178.1868656505937	1499.135864257813	1537.616455078125	22.33197663849248	1399.51220703125	1295.891235351563	22.33197663849248	1670.20361328125	1258.120849609375	22.33197663849248	1621.9931640625	1441.173828125	22.23227489079067	1482.946044921875	1465.856811523438	-219.6455385149378	1532.389282226563	1460.70849609375	-176.1371861577316	1579.835571289063	1127.375854492188	-258.8717543254914	1531.0625	1105.21484375	-174.535390332801	1542.068725585938	1094.95751953125	-210.2361499973812	1742.738403320313	914.7315063476565	-239.5967179865834	1683.43603515625	890.2939453125002	-265.4190523397495	1800.433227539063	846.9837036132815	-244.7565623451693	1708.46435546875	810.223571777344	-246.8581665756566	1472.328979492188	1443.89111328125	259.6455385149378	1521.059204101563	1437.763427734375	216.1373355492392	1502.144165039063	1095.669067382813	304.6079114146845	1489.486572265625	1084.378662109375	207.9388096802291	1465.340087890625	1075.997680664063	248.860189315611	1613.87548828125	851.7565917968752	279.4189228109762	1541.148559570313	848.9791259765627	306.295032088454	1647.899658203125	760.9376831054689	285.0291244398524	1539.322631835938	749.8232421875001	287.1250341336798	
159	1.58	1658.502319335938	993.989440917969	-119.7296566040048	1450.16796875	1013.803955078125	-28.94627714519412	1449.777099609375	1008.437255859375	68.94627714519412	1654.552368164063	999.3814697265627	159.7296566040048	1563.044555664063	894.693298339844	-168.8364664171059	1498.10888671875	497.2247314453126	-132.8068082918402	1503.685546875	493.6275024414064	4.73616952572034	1469.424682617188	440.1041564941407	-127.5034208841393	1539.466552734375	418.7469177246095	-68.54266881243612	1410.904174804688	68.95740509033205	-119.3286701318263	1441.643676757813	99.96989440917972	-17.89666597850206	1360.87109375	26.53142547607423	-63.35014095580774	1562.134155273438	20.39605712890625	-34.67283560363096	1576.417358398438	35.82059478759766	-75.85478284948589	1518.314575195313	16.7197322845459	-136.6788472364645	1605.38818359375	899.6843261718752	201.77977018891	1731.9638671875	503.9619140625001	168.1761551397474	1767.724609375	512.0615844726564	39.89448362637252	1708.2099609375	450.033905029297	167.9111784980278	1784.166137695313	443.9169311523439	108.8162272066081	1656.908447265625	83.84127807617189	159.7178475624646	1707.754760742188	113.6953659057617	58.05492402872793	1630.181274414063	48.31572341918947	103.5203760469626	1830.203491210938	41.46861267089844	74.31989194537282	1813.441650390625	57.20349121093751	116.2531535677032	1767.00830078125	36.12176895141602	178.1868656505937	1509.542724609375	1536.199584960938	22.33197663849248	1409.948486328125	1294.518920898438	22.33197663849248	1680.64111328125	1256.6748046875	22.33197663849248	1632.333618164063	1439.612060546875	22.23227489079067	1494.156616210938	1464.776245117188	-219.6455385149378	1543.702026367188	1459.720458984375	-176.1371861577316	1592.93603515625	1127.006958007813	-258.8717543254914	1543.96142578125	1104.167846679688	-174.535390332801	1555.307373046875	1094.089599609375	-210.2361499973812	1758.407958984375	916.5606689453127	-239.5967179865834	1699.803955078125	891.2017822265627	-265.4190523397495	1816.971435546875	849.6610107421877	-244.7565623451693	1726.081420898438	811.5181884765627	-246.8581665756566	1481.6064453125	1441.83447265625	259.6455385149378	1530.395141601563	1435.618041992188	216.1373355492392	1510.156372070313	1093.6064453125	304.6079114146845	1498.084594726563	1082.533813476563	207.9388096802291	1473.554321289063	1074.060424804688	248.860189315611	1621.996826171875	849.730651855469	279.4189228109762	1548.6923828125	846.8182373046877	306.295032088454	1655.777465820313	758.8521728515626	285.0291244398524	1546.8564453125	747.6929931640626	287.1250341336798	
160	1.59	1669.033203125	992.179138183594	-119.7296566040048	1460.669311523438	1012.493469238281	-28.94627714519412	1460.251831054688	1006.86474609375	68.94627714519412	1665.042724609375	997.947204589844	159.7296566040048	1572.68359375	893.4107055664065	-168.8364664171059	1502.625122070313	497.0481262207032	-132.8068082918402	1508.48779296875	493.3248291015626	4.73616952572034	1473.244262695313	440.3423767089845	-127.5034208841393	1543.014892578125	417.9965209960939	-68.54266881243612	1411.06005859375	69.32836151123048	-119.3286701318263	1442.532348632813	100.2211990356446	-17.89666597850206	1361.16943359375	27.13727760314942	-63.35014095580774	1562.26416015625	20.32887077331543	-34.67283560363096	1576.51123046875	35.61639022827149	-75.85478284948589	1518.185424804688	16.67815780639649	-136.6788472364645	1615.964599609375	898.0698852539065	201.77977018891	1740.936645507813	501.7836914062501	168.1761551397474	1776.45556640625	510.2289428710939	39.89448362637252	1719.48291015625	447.0700988769532	167.9111784980278	1796.316650390625	444.0640869140626	108.8162272066081	1691.962280273438	77.70326232910158	159.7178475624646	1742.088134765625	110.3412780761719	58.05492402872793	1668.6416015625	40.26997375488282	103.5203760469626	1868.2890625	45.39693832397462	74.31989194537282	1849.755615234375	60.07800292968751	116.2531535677032	1803.773071289063	36.60215759277344	178.1868656505937	1519.999267578125	1534.677856445313	22.33197663849248	1420.442626953125	1293.039916992188	22.33197663849248	1691.14599609375	1255.131958007813	22.33197663849248	1642.73974609375	1437.944458007813	22.23227489079067	1505.421020507813	1463.562255859375	-219.6455385149378	1555.07177734375	1458.584838867188	-176.1371861577316	1605.872192382813	1126.489135742188	-258.8717543254914	1556.71337890625	1102.998779296875	-174.535390332801	1568.460205078125	1093.074829101563	-210.2361499973812	1773.725708007813	918.1475219726565	-239.5967179865834	1715.827026367188	891.9351806640627	-265.4190523397495	1833.14306640625	852.0927734375002	-244.7565623451693	1743.294311523438	812.636413574219	-246.8581665756566	1491.014404296875	1439.674438476563	259.6455385149378	1539.816284179688	1433.403930664063	216.1373355492392	1518.328979492188	1091.45263671875	304.6079114146845	1506.841064453125	1080.60009765625	207.9388096802291	1481.931762695313	1072.031860351563	248.860189315611	1630.210205078125	847.5710449218752	279.4189228109762	1556.44580078125	844.5848388671877	306.295032088454	1663.743530273438	756.6263427734376	285.0291244398524	1554.576171875	745.5089111328126	287.1250341336798	
161	1.6	1679.618774414063	990.3504028320315	-119.7296566040048	1471.251831054688	1011.102172851563	-28.94627714519412	1470.824584960938	1005.166564941406	68.94627714519412	1675.622802734375	996.3535766601565	159.7296566040048	1582.4384765625	892.1104125976565	-168.8364664171059	1507.430419921875	496.8646850585939	-132.8068082918402	1513.668090820313	492.9832763671876	4.73616952572034	1477.345092773438	440.5801391601564	-127.5034208841393	1546.847900390625	417.2456665039064	-68.54266881243612	1411.2666015625	69.7926483154297	-119.3286701318263	1443.493408203125	100.5348434448242	-17.89666597850206	1361.539184570313	27.829740524292	-63.35014095580774	1562.373657226563	20.28135681152344	-34.67283560363096	1576.586303710938	35.40915298461915	-75.85478284948589	1518.041137695313	16.67166137695313	-136.6788472364645	1626.399536132813	896.1865234375002	201.77977018891	1749.443481445313	499.4434814453126	168.1761551397474	1784.98193359375	508.3325500488282	39.89448362637252	1730.454711914063	444.1084289550782	167.9111784980278	1807.973266601563	444.1590270996095	108.8162272066081	1726.116577148438	72.93208312988283	159.7178475624646	1775.413940429688	108.1771850585938	58.05492402872793	1706.15478515625	33.70559692382813	103.5203760469626	1904.837524414063	50.46664428710939	74.31989194537282	1884.722534179688	64.10274505615236	116.2531535677032	1839.31884765625	38.35352325439454	178.1868656505937	1530.5078125	1533.073608398438	22.33197663849248	1430.995971679688	1291.473022460938	22.33197663849248	1701.71533203125	1253.5146484375	22.33197663849248	1653.211181640625	1436.195190429688	22.23227489079067	1516.7275390625	1462.238037109375	-219.6455385149378	1566.484741210938	1457.32666015625	-176.1371861577316	1618.65185546875	1125.838989257813	-258.8717543254914	1569.312255859375	1101.730834960938	-174.535390332801	1581.523193359375	1091.935180664063	-210.2361499973812	1788.667114257813	919.4899902343752	-239.5967179865834	1731.482055664063	892.4965820312502	-265.4190523397495	1848.9248046875	854.2642822265627	-244.7565623451693	1760.067626953125	813.5756835937502	-246.8581665756566	1500.572631835938	1437.4345703125	259.6455385149378	1549.338745117188	1431.149780273438	216.1373355492392	1526.667114257813	1089.231323242188	304.6079114146845	1515.765014648438	1078.603393554688	207.9388096802291	1490.476806640625	1069.936401367188	248.860189315611	1638.52587890625	845.3068847656252	279.4189228109762	1564.406372070313	842.3004150390627	306.295032088454	1671.805053710938	754.2869262695314	285.0291244398524	1562.476318359375	743.2885131835939	287.1250341336798	
162	1.61	1690.256469726563	988.5203857421877	-119.7296566040048	1481.917236328125	1009.643005371094	-28.94627714519412	1481.499145507813	1003.372009277344	68.94627714519412	1686.299682617188	994.6267089843752	159.7296566040048	1592.3056640625	890.8023071289065	-168.8364664171059	1512.562622070313	496.6722412109376	-132.8068082918402	1519.26318359375	492.6016540527345	4.73616952572034	1481.764892578125	440.8125000000001	-127.5034208841393	1551.011474609375	416.4913940429689	-68.54266881243612	1411.537719726563	70.37249755859376	-119.3286701318263	1444.524536132813	100.9285888671875	-17.89666597850206	1361.96142578125	28.64469718933106	-63.35014095580774	1562.462036132813	20.26293563842774	-34.67283560363096	1576.64501953125	35.21123123168946	-75.85478284948589	1517.889770507813	16.70659255981446	-136.6788472364645	1636.70849609375	894.0792236328127	201.77977018891	1757.630615234375	497.015350341797	168.1761551397474	1793.384643554688	506.4678344726564	39.89448362637252	1741.199951171875	441.2166748046876	167.9111784980278	1819.207397460938	444.2239990234376	108.8162272066081	1758.968872070313	69.4633255004883	159.7178475624646	1807.330078125	107.0775756835938	58.05492402872793	1742.224975585938	28.54707145690919	103.5203760469626	1939.477416992188	56.42199707031251	74.31989194537282	1918.011962890625	69.06323242187501	116.2531535677032	1873.315185546875	41.20029067993165	178.1868656505937	1541.070434570313	1531.41064453125	22.33197663849248	1441.611206054688	1289.837768554688	22.33197663849248	1712.348754882813	1251.8466796875	22.33197663849248	1663.746459960938	1434.388671875	22.23227489079067	1528.062377929688	1460.829345703125	-219.6455385149378	1577.925537109375	1455.974365234375	-176.1371861577316	1631.284057617188	1125.074340820313	-258.8717543254914	1581.7509765625	1100.390747070313	-174.535390332801	1594.482788085938	1090.697021484375	-210.2361499973812	1803.210205078125	920.5883789062502	-239.5967179865834	1746.743896484375	892.8889770507815	-265.4190523397495	1864.29248046875	856.1622314453127	-244.7565623451693	1776.36474609375	814.3336181640627	-246.8581665756566	1510.295776367188	1435.138427734375	259.6455385149378	1558.978149414063	1428.882446289063	216.1373355492392	1535.178833007813	1086.966796875	304.6079114146845	1524.862426757813	1076.56884765625	207.9388096802291	1499.195434570313	1067.799072265625	248.860189315611	1646.956298828125	842.970153808594	279.4189228109762	1572.568115234375	839.985778808594	306.295032088454	1679.968994140625	751.8611450195314	285.0291244398524	1570.546875	741.0484008789064	287.1250341336798	
163	1.62	1700.948364257813	986.7053222656252	-119.7296566040048	1492.668823242188	1008.133544921875	-28.94627714519412	1492.280151367188	1001.515258789063	68.94627714519412	1697.080078125	992.7998046875002	159.7296566040048	1602.28076171875	889.4997558593752	-168.8364664171059	1518.057495117188	496.4683837890626	-132.8068082918402	1525.2978515625	492.1798095703126	4.73616952572034	1486.539672851563	441.0345458984376	-127.5034208841393	1555.54296875	415.7299804687501	-68.54266881243612	1411.8857421875	71.0908660888672	-119.3286701318263	1445.618286132813	101.4202575683594	-17.89666597850206	1362.41259765625	29.62081909179688	-63.35014095580774	1562.530395507813	20.28165245056153	-34.67283560363096	1576.693969726563	35.03536224365235	-75.85478284948589	1517.741943359375	16.785888671875	-136.6788472364645	1646.922241210938	891.8059082031252	201.77977018891	1765.654907226563	494.5674743652345	168.1761551397474	1801.738159179688	504.7073669433595	39.89448362637252	1751.788818359375	438.453094482422	167.9111784980278	1830.09375	444.2649536132814	108.8162272066081	1790.128173828125	67.16379547119142	159.7178475624646	1837.446655273438	106.8545913696289	58.05492402872793	1776.362670898438	24.6573715209961	103.5203760469626	1971.864013671875	62.93083572387697	74.31989194537282	1949.313354492188	74.66255187988283	116.2531535677032	1905.445434570313	44.87960433959962	178.1868656505937	1551.688842773438	1529.713500976563	22.33197663849248	1452.292846679688	1288.154907226563	22.33197663849248	1723.04931640625	1250.153564453125	22.33197663849248	1674.343139648438	1432.54931640625	22.23227489079067	1539.411010742188	1459.364135742188	-219.6455385149378	1589.377807617188	1454.5595703125	-176.1371861577316	1643.776611328125	1124.214477539063	-258.8717543254914	1594.02099609375	1099.007446289063	-174.535390332801	1607.31640625	1089.39013671875	-210.2361499973812	1817.336181640625	921.445007324219	-239.5967179865834	1761.586547851563	893.1160278320315	-265.4190523397495	1879.222290039063	857.775085449219	-244.7565623451693	1792.1494140625	814.9083251953127	-246.8581665756566	1520.193725585938	1432.81103515625	259.6455385149378	1568.749267578125	1426.627075195313	216.1373355492392	1543.875122070313	1084.684204101563	304.6079114146845	1534.13720703125	1074.521118164063	207.9388096802291	1508.09521484375	1065.644897460938	248.860189315611	1655.514770507813	840.5935668945315	279.4189228109762	1580.922973632813	837.6607055664065	306.295032088454	1688.241943359375	749.3757324218751	285.0291244398524	1578.776245117188	738.8045043945314	287.1250341336798	
164	1.63	1711.701293945313	984.9208984375002	-119.7296566040048	1503.513427734375	1006.595825195313	-28.94627714519412	1503.173461914063	999.6336669921877	68.94627714519412	1707.971313476563	990.912536621094	159.7296566040048	1612.359497070313	888.2190551757815	-168.8364664171059	1523.947875976563	496.2510070800782	-132.8068082918402	1531.783325195313	491.7191467285157	4.73616952572034	1491.70263671875	441.2423400878907	-127.5034208841393	1560.47021484375	414.9575500488282	-68.54266881243612	1412.320922851563	71.97071838378908	-119.3286701318263	1446.762817382813	102.0277481079102	-17.89666597850206	1362.866577148438	30.79749107360841	-63.35014095580774	1562.58251953125	20.34323120117188	-34.67283560363096	1576.7431640625	34.89378356933594	-75.85478284948589	1517.610595703125	16.90815544128418	-136.6788472364645	1657.088745117188	889.435485839844	201.77977018891	1773.6748046875	492.1590881347657	168.1761551397474	1810.111206054688	503.0958251953126	39.89448362637252	1762.2841796875	435.8629150390626	167.9111784980278	1840.707275390625	444.2711486816407	108.8162272066081	1819.236450195313	65.84149169921876	159.7178475624646	1865.409423828125	107.2728652954102	58.05492402872793	1808.11083984375	21.851806640625	103.5203760469626	2001.698120117188	69.60448455810548	74.31989194537282	1978.353759765625	80.53792572021486	116.2531535677032	1935.423950195313	49.0561981201172	178.1868656505937	1562.364379882813	1528.006713867188	22.33197663849248	1463.047119140625	1286.4453125	22.33197663849248	1733.822143554688	1248.4619140625	22.33197663849248	1684.998657226563	1430.701049804688	22.23227489079067	1550.7587890625	1457.87109375	-219.6455385149378	1600.825439453125	1453.115600585938	-176.1371861577316	1656.133178710938	1123.2802734375	-258.8717543254914	1606.112182617188	1097.611206054688	-174.535390332801	1619.994384765625	1088.046264648438	-210.2361499973812	1831.0302734375	922.064147949219	-239.5967179865834	1775.984130859375	893.1824340820315	-265.4190523397495	1893.691162109375	859.0937500000002	-244.7565623451693	1807.387084960938	815.2988891601565	-246.8581665756566	1530.27099609375	1430.478271484375	259.6455385149378	1578.66455078125	1424.405883789063	216.1373355492392	1552.769287109375	1082.40869140625	304.6079114146845	1543.591186523438	1072.483154296875	207.9388096802291	1517.184448242188	1063.49853515625	248.860189315611	1664.214965820313	838.2090454101565	279.4189228109762	1589.46240234375	835.344421386719	306.295032088454	1696.630004882813	746.8566284179689	285.0291244398524	1587.151733398438	736.5726318359376	287.1250341336798	
165	1.64	1722.527587890625	983.1828613281252	-119.7296566040048	1514.461303710938	1005.054809570313	-28.94627714519412	1514.187133789063	997.7659912109377	68.94627714519412	1718.982666015625	989.009460449219	159.7296566040048	1622.539794921875	886.9783935546877	-168.8364664171059	1530.262329101563	496.0188903808595	-132.8068082918402	1538.718139648438	491.2229309082032	4.73616952572034	1497.2822265625	441.4334106445314	-127.5034208841393	1565.810791015625	414.1705627441407	-68.54266881243612	1412.850708007813	73.03423309326173	-119.3286701318263	1447.9443359375	102.7692642211914	-17.89666597850206	1363.298095703125	32.21298217773438	-63.35014095580774	1562.624633789063	20.45010566711426	-34.67283560363096	1576.80517578125	34.79706192016602	-75.85478284948589	1517.5087890625	17.06694221496582	-136.6788472364645	1667.272216796875	887.043884277344	201.77977018891	1781.840576171875	489.8388061523439	168.1761551397474	1818.567749023438	501.6492309570314	39.89448362637252	1772.740844726563	433.4766845703126	167.9111784980278	1851.121704101563	444.2170410156251	108.8162272066081	1845.990356445313	65.26172637939455	159.7178475624646	1890.922729492188	108.0692749023438	58.05492402872793	1837.070434570313	19.91620063781739	103.5203760469626	2028.742431640625	76.02437591552736	74.31989194537282	2004.9130859375	86.28533172607423	116.2531535677032	1963.010620117188	53.34616851806642	178.1868656505937	1573.097778320313	1526.313842773438	22.33197663849248	1473.88232421875	1284.729736328125	22.33197663849248	1744.674926757813	1246.798950195313	22.33197663849248	1695.710693359375	1428.866821289063	22.23227489079067	1562.091186523438	1456.379150390625	-219.6455385149378	1612.253173828125	1451.67626953125	-176.1371861577316	1668.350708007813	1122.293212890625	-258.8717543254914	1618.01416015625	1096.232299804688	-174.535390332801	1632.482299804688	1086.697387695313	-210.2361499973812	1844.282470703125	922.4519042968752	-239.5967179865834	1789.91162109375	893.0942382812502	-265.4190523397495	1907.678344726563	860.111999511719	-244.7565623451693	1822.046752929688	815.5059204101565	-246.8581665756566	1540.527099609375	1428.167236328125	259.6455385149378	1588.734375	1422.23876953125	216.1373355492392	1561.87646484375	1080.164794921875	304.6079114146845	1553.224487304688	1070.476806640625	207.9388096802291	1526.47265625	1061.383666992188	248.860189315611	1673.069213867188	835.8455810546877	279.4189228109762	1598.178100585938	833.0556640625002	306.295032088454	1705.138305664063	744.3286743164064	285.0291244398524	1595.662353515625	734.3684692382814	287.1250341336798	
166	1.65	1733.444458007813	981.5073852539065	-119.7296566040048	1525.526245117188	1003.537292480469	-28.94627714519412	1525.331787109375	995.950378417969	68.94627714519412	1730.126831054688	987.137878417969	159.7296566040048	1632.823486328125	885.796813964844	-168.8364664171059	1537.025268554688	495.7720947265626	-132.8068082918402	1546.08984375	490.6965637207032	4.73616952572034	1503.301391601563	441.6074829101564	-127.5034208841393	1571.573852539063	413.3658142089845	-68.54266881243612	1413.479736328125	74.30212402343751	-119.3286701318263	1449.150512695313	103.6635208129883	-17.89666597850206	1363.686157226563	33.90324783325196	-63.35014095580774	1562.665161132813	20.60048294067383	-34.67283560363096	1576.89306640625	34.75266265869141	-75.85478284948589	1517.448364257813	17.25042343139649	-136.6788472364645	1677.549682617188	884.7094726562502	201.77977018891	1790.28515625	487.6446533203126	168.1761551397474	1827.167724609375	500.3586730957032	39.89448362637252	1783.205200195313	431.3103942871095	167.9111784980278	1861.406982421875	444.0674743652345	108.8162272066081	1870.160278320313	65.16809082031251	159.7178475624646	1913.771118164063	108.9756622314453	58.05492402872793	1862.92529296875	18.62764358520508	103.5203760469626	2052.835693359375	81.7730178833008	74.31989194537282	2028.837646484375	91.49018859863283	116.2531535677032	1988.025390625	57.34770584106447	178.1868656505937	1583.888916015625	1524.657958984375	22.33197663849248	1484.808349609375	1283.029052734375	22.33197663849248	1755.617065429688	1245.192749023438	22.33197663849248	1706.477661132813	1427.06884765625	22.23227489079067	1573.394775390625	1454.916625976563	-219.6455385149378	1623.647216796875	1450.274291992188	-176.1371861577316	1680.418334960938	1121.275390625	-258.8717543254914	1629.716430664063	1094.8994140625	-174.535390332801	1644.74462890625	1085.373657226563	-210.2361499973812	1857.087646484375	922.6160888671877	-239.5967179865834	1803.3466796875	892.8587036132815	-265.4190523397495	1921.16552734375	860.8267822265627	-244.7565623451693	1836.100952148438	815.5316162109377	-246.8581665756566	1550.9580078125	1425.905517578125	259.6455385149378	1598.967041015625	1420.142333984375	216.1373355492392	1571.21142578125	1077.975830078125	304.6079114146845	1563.036865234375	1068.5224609375	207.9388096802291	1535.969482421875	1059.322387695313	248.860189315611	1682.087524414063	833.5280761718752	279.4189228109762	1607.063598632813	830.8122558593752	306.295032088454	1713.771484375	741.8150634765626	285.0291244398524	1604.298950195313	732.2076416015626	287.1250341336798	
167	1.66	1744.473754882813	979.9111328125002	-119.7296566040048	1536.725463867188	1002.070434570313	-28.94627714519412	1536.619262695313	994.2224121093752	68.94627714519412	1741.419311523438	985.3447875976565	159.7296566040048	1643.218383789063	884.6926879882815	-168.8364664171059	1544.25732421875	495.5120239257814	-132.8068082918402	1553.878662109375	490.1470642089845	4.73616952572034	1509.77734375	441.7664794921876	-127.5034208841393	1577.76220703125	412.5404663085939	-68.54266881243612	1414.210693359375	75.79318237304689	-119.3286701318263	1450.373779296875	104.7297134399414	-17.89666597850206	1364.01806640625	35.90159225463868	-63.35014095580774	1562.713500976563	20.78754043579102	-34.67283560363096	1577.017822265625	34.76338577270509	-75.85478284948589	1517.437744140625	17.44162178039551	-136.6788472364645	1688.0048828125	882.5078735351565	201.77977018891	1799.116821289063	485.605438232422	168.1761551397474	1835.966064453125	499.1975708007814	39.89448362637252	1793.71533203125	429.3676147460939	167.9111784980278	1871.627685546875	443.7846679687501	108.8162272066081	1891.60498046875	65.30613708496095	159.7178475624646	1933.834350585938	109.742431640625	58.05492402872793	1885.462890625	17.77548217773438	103.5203760469626	2073.903076171875	86.46656799316408	74.31989194537282	2050.05078125	95.76110839843751	116.2531535677032	2010.359375	60.67578506469728	178.1868656505937	1594.736938476563	1523.060302734375	22.33197663849248	1495.835815429688	1281.363525390625	22.33197663849248	1766.658569335938	1243.671142578125	22.33197663849248	1717.299072265625	1425.329467773438	22.23227489079067	1584.658203125	1453.510009765625	-219.6455385149378	1634.99609375	1448.940063476563	-176.1371861577316	1692.316284179688	1120.248657226563	-258.8717543254914	1641.2099609375	1093.637939453125	-174.535390332801	1656.747436523438	1084.102172851563	-210.2361499973812	1869.4453125	922.5659179687502	-239.5967179865834	1816.270141601563	892.4844970703127	-265.4190523397495	1934.136962890625	861.2383422851565	-244.7565623451693	1849.527709960938	815.3798828125002	-246.8581665756566	1561.556884765625	1423.720947265625	259.6455385149378	1609.368530273438	1418.129638671875	216.1373355492392	1580.788330078125	1075.863037109375	304.6079114146845	1573.027465820313	1066.638427734375	207.9388096802291	1545.684448242188	1057.335327148438	248.860189315611	1691.277099609375	831.2763671875002	279.4189228109762	1616.1142578125	828.6313476562502	306.295032088454	1722.533569335938	739.3371582031251	285.0291244398524	1613.05615234375	730.1057128906251	287.1250341336798	
168	1.67	1755.640991210938	978.410827636719	-119.7296566040048	1548.077880859375	1000.679931640625	-28.94627714519412	1548.062622070313	992.6141357421877	68.94627714519412	1752.877319335938	983.674255371094	159.7296566040048	1653.739624023438	883.682312011719	-168.8364664171059	1551.976806640625	495.2411499023439	-132.8068082918402	1562.06396484375	489.582000732422	4.73616952572034	1516.722900390625	441.9143981933595	-127.5034208841393	1584.3759765625	411.6915588378907	-68.54266881243612	1415.0458984375	77.52407073974611	-119.3286701318263	1451.615966796875	105.9872360229492	-17.89666597850206	1364.292846679688	38.23938369750977	-63.35014095580774	1562.77783203125	20.99900054931641	-34.67283560363096	1577.186157226563	34.82602691650391	-75.85478284948589	1517.47998046875	17.61938858032227	-136.6788472364645	1698.7216796875	880.5071411132815	201.77977018891	1808.4130859375	483.7434082031251	168.1761551397474	1845.009765625	498.131317138672	39.89448362637252	1804.3017578125	427.6433105468751	167.9111784980278	1881.8408203125	443.3361206054689	108.8162272066081	1910.281494140625	65.44689941406251	159.7178475624646	1951.097412109375	110.1603164672852	58.05492402872793	1904.58984375	17.18003654479981	103.5203760469626	2091.963134765625	89.78560638427736	74.31989194537282	2068.5595703125	98.7634201049805	116.2531535677032	2029.981079101563	62.99703216552736	178.1868656505937	1605.640258789063	1521.541137695313	22.33197663849248	1506.975830078125	1279.753173828125	22.33197663849248	1777.809814453125	1242.26171875	22.33197663849248	1728.175537109375	1423.671752929688	22.23227489079067	1595.872680664063	1452.183715820313	-219.6455385149378	1646.291015625	1447.7001953125	-176.1371861577316	1704.017333984375	1119.23388671875	-258.8717543254914	1652.48828125	1092.469482421875	-174.535390332801	1668.46142578125	1082.905883789063	-210.2361499973812	1881.359008789063	922.3123168945315	-239.5967179865834	1828.66650390625	891.9816894531252	-265.4190523397495	1946.580322265625	861.3503417968752	-244.7565623451693	1862.309692382813	815.0567626953127	-246.8581665756566	1572.3154296875	1421.640258789063	259.6455385149378	1619.94287109375	1416.211303710938	216.1373355492392	1590.619506835938	1073.845336914063	304.6079114146845	1583.196166992188	1064.841674804688	207.9388096802291	1555.626342773438	1055.44091796875	248.860189315611	1700.641357421875	829.1051025390627	279.4189228109762	1625.328369140625	826.5291748046877	306.295032088454	1731.428466796875	736.9144897460939	285.0291244398524	1621.932250976563	728.0778808593751	287.1250341336798	
169	1.68	1766.973510742188	977.0230712890627	-119.7296566040048	1559.602416992188	999.388854980469	-28.94627714519412	1559.673706054688	991.1535644531252	68.94627714519412	1764.518798828125	982.1651000976565	159.7296566040048	1664.41064453125	882.7781372070315	-168.8364664171059	1560.202270507813	494.9622802734376	-132.8068082918402	1570.63134765625	489.0073852539064	4.73616952572034	1524.1484375	442.056854248047	-127.5034208841393	1591.417358398438	410.8153076171876	-68.54266881243612	1415.990356445313	79.50957489013673	-119.3286701318263	1452.892944335938	107.4550247192383	-17.89666597850206	1364.525390625	40.94756698608399	-63.35014095580774	1562.86376953125	21.21726036071778	-34.67283560363096	1577.397338867188	34.93050003051759	-75.85478284948589	1517.5712890625	17.76022529602051	-136.6788472364645	1709.775268554688	878.7645263671877	201.77977018891	1818.218383789063	482.0772399902345	168.1761551397474	1854.335327148438	497.1275024414064	39.89448362637252	1814.988403320313	426.1282043457032	167.9111784980278	1892.094970703125	442.7022399902345	108.8162272066081	1926.247802734375	65.40743255615236	159.7178475624646	1965.651489257813	110.0778121948242	58.05492402872793	1920.339599609375	16.70652389526368	103.5203760469626	2107.12646484375	91.50118255615236	74.31989194537282	2084.4560546875	100.2486877441407	116.2531535677032	2046.939086914063	64.06081390380861	178.1868656505937	1616.5966796875	1520.119262695313	22.33197663849248	1518.237915039063	1278.218139648438	22.33197663849248	1789.08056640625	1240.99169921875	22.33197663849248	1739.109497070313	1422.120361328125	22.23227489079067	1607.032592773438	1450.95947265625	-219.6455385149378	1657.5263671875	1446.577392578125	-176.1371861577316	1715.488159179688	1118.2509765625	-258.8717543254914	1663.548217773438	1091.410888671875	-174.535390332801	1679.863403320313	1081.803466796875	-210.2361499973812	1892.834838867188	921.8674316406252	-239.5967179865834	1840.524291992188	891.361511230469	-265.4190523397495	1958.48583984375	861.1696777343752	-244.7565623451693	1874.435424804688	814.5698852539065	-246.8581665756566	1583.224975585938	1419.687377929688	259.6455385149378	1630.692138671875	1414.395141601563	216.1373355492392	1600.714965820313	1071.939086914063	304.6079114146845	1593.543334960938	1063.147216796875	207.9388096802291	1565.803344726563	1053.65576171875	248.860189315611	1710.180541992188	827.0244140625002	279.4189228109762	1634.706787109375	824.5209960937502	306.295032088454	1740.459838867188	734.5648193359376	285.0291244398524	1630.929565429688	726.1390380859376	287.1250341336798	
170	1.69	1778.49853515625	975.763366699219	-119.7296566040048	1571.3154296875	998.216979980469	-28.94627714519412	1571.461547851563	989.8646240234377	68.94627714519412	1776.358764648438	980.849060058594	159.7296566040048	1675.261474609375	881.9879150390627	-168.8364664171059	1568.954711914063	494.6773376464845	-132.8068082918402	1579.580932617188	488.4250793457032	4.73616952572034	1532.064697265625	442.2001342773439	-127.5034208841393	1598.894165039063	409.9063415527345	-68.54266881243612	1417.055419921875	81.76321411132814	-119.3286701318263	1454.237670898438	109.1508331298828	-17.89666597850206	1364.749389648438	44.05875396728516	-63.35014095580774	1562.97119140625	21.42036437988282	-34.67283560363096	1577.641357421875	35.05979537963868	-75.85478284948589	1517.700561523438	17.84105110168457	-136.6788472364645	1721.22509765625	877.3242797851565	201.77977018891	1828.542724609375	480.6247558593751	168.1761551397474	1863.963256835938	496.1644287109376	39.89448362637252	1825.792602539063	424.8133239746095	167.9111784980278	1902.427612304688	441.8820190429689	108.8162272066081	1939.657348632813	65.06543731689455	159.7178475624646	1977.6865234375	109.4123077392578	58.05492402872793	1932.870727539063	16.27228355407715	103.5203760469626	2119.59130859375	91.49308013916017	74.31989194537282	2097.9111328125	100.077018737793	116.2531535677032	2061.3583984375	63.72274780273439	178.1868656505937	1627.603759765625	1518.81298828125	22.33197663849248	1529.629516601563	1276.778930664063	22.33197663849248	1800.478515625	1239.88671875	22.33197663849248	1750.104370117188	1420.70166015625	22.23227489079067	1618.136352539063	1449.856689453125	-219.6455385149378	1668.699584960938	1445.58984375	-176.1371861577316	1726.693237304688	1117.318359375	-258.8717543254914	1674.39013671875	1090.474975585938	-174.535390332801	1690.937377929688	1080.809448242188	-210.2361499973812	1903.879516601563	921.2446899414065	-239.5967179865834	1851.835693359375	890.6362304687502	-265.4190523397495	1969.8466796875	860.7065429687502	-244.7565623451693	1885.897705078125	813.9290771484377	-246.8581665756566	1594.277099609375	1417.88330078125	259.6455385149378	1641.615966796875	1412.68798828125	216.1373355492392	1611.081420898438	1070.158203125	304.6079114146845	1604.070922851563	1061.568725585938	207.9388096802291	1576.222412109375	1051.994750976563	248.860189315611	1719.891479492188	825.040954589844	279.4189228109762	1644.25341796875	822.621032714844	306.295032088454	1749.63232421875	732.3042602539064	285.0291244398524	1640.054321289063	724.3041381835939	287.1250341336798	
171	1.7	1790.239379882813	974.645935058594	-119.7296566040048	1583.227783203125	997.1796875000002	-28.94627714519412	1583.429931640625	988.768005371094	68.94627714519412	1788.40673828125	979.750427246094	159.7296566040048	1686.327392578125	881.313659667969	-168.8364664171059	1578.2607421875	494.3859252929689	-132.8068082918402	1588.9345703125	487.8297424316407	4.73616952572034	1540.487060546875	442.3499755859376	-127.5034208841393	1606.825073242188	408.957000732422	-68.54266881243612	1418.262451171875	84.29827880859376	-119.3286701318263	1455.70361328125	111.0905303955078	-17.89666597850206	1365.02001953125	47.60935592651368	-63.35014095580774	1563.0927734375	21.5839958190918	-34.67283560363096	1577.8984375	35.19105529785157	-75.85478284948589	1517.850341796875	17.84287834167481	-136.6788472364645	1733.107177734375	876.2174072265627	201.77977018891	1839.364501953125	479.4046325683595	168.1761551397474	1873.895874023438	495.2368469238282	39.89448362637252	1836.7255859375	423.6933593750001	167.9111784980278	1912.863891601563	440.8955383300782	108.8162272066081	1950.745727539063	64.36612701416017	159.7178475624646	1987.474975585938	108.1534500122071	58.05492402872793	1942.455688476563	15.84629726409912	103.5203760469626	2129.62890625	89.75844573974611	74.31989194537282	2109.164794921875	98.22937774658206	116.2531535677032	2073.430419921875	61.95783615112306	178.1868656505937	1638.658447265625	1517.639404296875	22.33197663849248	1541.154541015625	1275.456420898438	22.33197663849248	1812.008544921875	1238.971313476563	22.33197663849248	1761.164306640625	1419.443603515625	22.23227489079067	1629.186157226563	1448.892822265625	-219.6455385149378	1679.812133789063	1444.751953125	-176.1371861577316	1737.598754882813	1116.453125	-258.8717543254914	1685.017700195313	1089.671508789063	-174.535390332801	1701.674438476563	1079.935791015625	-210.2361499973812	1914.499145507813	920.4585571289065	-239.5967179865834	1862.59619140625	889.8193969726565	-265.4190523397495	1980.657470703125	859.974060058594	-244.7565623451693	1896.693359375	813.1463623046877	-246.8581665756566	1605.463256835938	1416.24462890625	259.6455385149378	1652.711791992188	1411.0966796875	216.1373355492392	1621.723510742188	1068.514282226563	304.6079114146845	1614.781982421875	1060.119018554688	207.9388096802291	1586.889404296875	1050.471557617188	248.860189315611	1729.7685546875	823.1597290039065	279.4189228109762	1653.974487304688	820.8433837890627	306.295032088454	1758.951049804688	730.1481323242189	285.0291244398524	1649.31591796875	722.5879516601564	287.1250341336798	
172	1.71	1802.212280273438	973.682800292969	-119.7296566040048	1595.3427734375	996.2881469726565	-28.94627714519412	1595.575561523438	987.8818359375002	68.94627714519412	1800.663452148438	978.8864746093752	159.7296566040048	1697.64501953125	880.751159667969	-168.8364664171059	1588.155029296875	494.0836791992189	-132.8068082918402	1598.741943359375	487.206024169922	4.73616952572034	1549.438842773438	442.5100708007814	-127.5034208841393	1615.242065429688	407.9569702148439	-68.54266881243612	1419.64794921875	87.12899017333986	-119.3286701318263	1457.365600585938	113.2875900268555	-17.89666597850206	1365.414794921875	51.64124298095705	-63.35014095580774	1563.2119140625	21.68457221984864	-34.67283560363096	1578.139282226563	35.2977638244629	-75.85478284948589	1517.999389648438	17.75529670715332	-136.6788472364645	1745.429321289063	875.4627685546877	201.77977018891	1850.634155273438	478.4367065429689	168.1761551397474	1884.114501953125	494.3576965332032	39.89448362637252	1847.792358398438	422.7687072753907	167.9111784980278	1923.415649414063	439.7832031250001	108.8162272066081	1959.809814453125	63.32048797607423	159.7178475624646	1995.346923828125	106.3584823608399	58.05492402872793	1949.459350585938	15.44120121002198	103.5203760469626	2137.565673828125	86.4094696044922	74.31989194537282	2118.505859375	94.80850982666017	116.2531535677032	2083.3994140625	58.86143493652345	178.1868656505937	1649.758178710938	1516.615478515625	22.33197663849248	1552.81201171875	1274.271850585938	22.33197663849248	1823.671752929688	1238.267333984375	22.33197663849248	1772.29345703125	1418.375	22.23227489079067	1640.188720703125	1448.083374023438	-219.6455385149378	1690.869140625	1444.075073242188	-176.1371861577316	1748.17578125	1115.671630859375	-258.8717543254914	1695.437744140625	1089.0087890625	-174.535390332801	1712.0732421875	1079.193359375	-210.2361499973812	1924.697021484375	919.524841308594	-239.5967179865834	1872.8037109375	888.9259033203127	-265.4190523397495	1990.914916992188	858.988220214844	-244.7565623451693	1906.822143554688	812.2359008789065	-246.8581665756566	1616.77490234375	1414.784301757813	259.6455385149378	1663.9736328125	1409.629150390625	216.1373355492392	1632.642822265625	1067.018188476563	304.6079114146845	1625.68115234375	1058.810424804688	207.9388096802291	1597.80908203125	1049.099365234375	248.860189315611	1739.804809570313	821.3858642578127	279.4189228109762	1663.878051757813	819.2019653320315	306.295032088454	1768.422607421875	728.1111450195314	285.0291244398524	1658.726440429688	721.0060424804689	287.1250341336798	
173	1.72	1814.422729492188	972.883239746094	-119.7296566040048	1607.652954101563	995.548767089844	-28.94627714519412	1607.886596679688	987.2220458984377	68.94627714519412	1813.118408203125	978.2686767578127	159.7296566040048	1709.247802734375	880.2905883789065	-168.8364664171059	1598.681396484375	493.7609863281251	-132.8068082918402	1609.083618164063	486.5266113281251	4.73616952572034	1558.95556640625	442.6806030273439	-127.5034208841393	1624.192260742188	406.8933105468751	-68.54266881243612	1421.266235351563	90.27162933349611	-119.3286701318263	1459.319091796875	115.7528762817383	-17.89666597850206	1366.034301757813	56.2024612426758	-63.35014095580774	1563.3037109375	21.70338249206543	-34.67283560363096	1578.328002929688	35.35310745239259	-75.85478284948589	1518.126586914063	17.58145523071289	-136.6788472364645	1758.168212890625	875.0689697265627	201.77977018891	1862.280395507813	477.740692138672	168.1761551397474	1894.579833984375	493.5561523437501	39.89448362637252	1858.990600585938	422.0455322265626	167.9111784980278	1934.079833984375	438.6013183593751	108.8162272066081	1967.181274414063	61.99558639526369	159.7178475624646	2001.659790039063	104.1401062011719	58.05492402872793	1954.308837890625	15.09933853149414	103.5203760469626	2143.7578125	81.6604690551758	74.31989194537282	2126.2509765625	90.02796936035158	116.2531535677032	2091.54150390625	54.63776779174806	178.1868656505937	1660.900024414063	1515.75732421875	22.33197663849248	1564.595458984375	1273.246459960938	22.33197663849248	1835.464233398438	1237.79296875	22.33197663849248	1783.494995117188	1417.523681640625	22.23227489079067	1651.154907226563	1447.443359375	-219.6455385149378	1701.879272460938	1443.568725585938	-176.1371861577316	1758.405029296875	1114.989868164063	-258.8717543254914	1705.658569335938	1088.495849609375	-174.535390332801	1722.138305664063	1078.593139648438	-210.2361499973812	1934.4736328125	918.4602050781252	-239.5967179865834	1882.457641601563	887.972351074219	-265.4190523397495	2000.615966796875	857.7673339843752	-244.7565623451693	1916.285278320313	811.214538574219	-246.8581665756566	1628.2021484375	1413.511474609375	259.6455385149378	1675.39208984375	1408.2958984375	216.1373355492392	1643.839111328125	1065.679931640625	304.6079114146845	1636.7744140625	1057.655029296875	207.9388096802291	1608.984741210938	1047.891845703125	248.860189315611	1749.993286132813	819.7261962890627	279.4189228109762	1673.97412109375	817.711608886719	306.295032088454	1778.055053710938	726.2084350585939	285.0291244398524	1668.300048828125	719.5747070312501	287.1250341336798	
174	1.73	1826.861328125	972.2534790039065	-119.7296566040048	1620.139404296875	994.963562011719	-28.94627714519412	1620.341186523438	986.8023071289065	68.94627714519412	1825.748168945313	977.904479980469	159.7296566040048	1721.1611328125	879.9165649414065	-168.8364664171059	1609.893432617188	493.4022216796876	-132.8068082918402	1620.070190429688	485.7519531250001	4.73616952572034	1569.086181640625	442.8567810058595	-127.5034208841393	1633.738037109375	405.7512512207032	-68.54266881243612	1423.192749023438	93.74536132812501	-119.3286701318263	1461.677490234375	118.4947967529297	-17.89666597850206	1366.999389648438	61.3465042114258	-63.35014095580774	1563.336303710938	21.63142585754395	-34.67283560363096	1578.427001953125	35.33420944213868	-75.85478284948589	1518.216430664063	17.34314346313477	-136.6788472364645	1771.269653320313	875.0360107421877	201.77977018891	1874.21630859375	477.3334350585939	168.1761551397474	1905.235595703125	492.8722229003907	39.89448362637252	1870.309936523438	421.5340270996095	167.9111784980278	1944.838500976563	437.4148864746095	108.8162272066081	1973.196533203125	60.4985694885254	159.7178475624646	2006.766967773438	101.6488189697266	58.05492402872793	1957.458862304688	14.87552928924561	103.5203760469626	2148.5634765625	75.80562591552736	74.31989194537282	2132.7177734375	84.19046783447267	116.2531535677032	2098.14453125	49.57719802856447	178.1868656505937	1672.081787109375	1515.079833984375	22.33197663849248	1576.492065429688	1272.400756835938	22.33197663849248	1847.376831054688	1237.561889648438	22.33197663849248	1794.770629882813	1416.913940429688	22.23227489079067	1662.098876953125	1446.98681640625	-219.6455385149378	1712.8544921875	1443.241333007813	-176.1371861577316	1768.278076171875	1114.424438476563	-258.8717543254914	1715.688720703125	1088.14404296875	-174.535390332801	1731.880004882813	1078.147583007813	-210.2361499973812	1943.825927734375	917.2827758789065	-239.5967179865834	1891.558471679688	886.9771728515627	-265.4190523397495	2009.75830078125	856.3318481445315	-244.7565623451693	1925.084594726563	810.1016235351565	-246.8581665756566	1639.733276367188	1412.432373046875	259.6455385149378	1686.954223632813	1407.110107421875	216.1373355492392	1655.309814453125	1064.51025390625	304.6079114146845	1648.068359375	1056.665649414063	207.9388096802291	1620.418212890625	1046.863159179688	248.860189315611	1760.328491210938	818.1911621093752	279.4189228109762	1684.273803710938	816.388122558594	306.295032088454	1787.8583984375	724.4560546875001	285.0291244398524	1678.051879882813	718.3112792968751	287.1250341336798	
175	1.74	1839.502075195313	971.7957763671877	-119.7296566040048	1632.770141601563	994.5302734375002	-28.94627714519412	1632.908081054688	986.6329345703127	68.94627714519412	1838.516235351563	977.798522949219	159.7296566040048	1733.397094726563	879.6099243164065	-168.8364664171059	1621.852783203125	492.9856262207032	-132.8068082918402	1631.836547851563	484.8316955566407	4.73616952572034	1579.894409179688	443.028045654297	-127.5034208841393	1643.954711914063	404.515594482422	-68.54266881243612	1425.523681640625	97.57248687744143	-119.3286701318263	1464.5673828125	121.5197296142578	-17.89666597850206	1368.447875976563	67.12988281250001	-63.35014095580774	1563.2763671875	21.47447013854981	-34.67283560363096	1578.403686523438	35.22694778442384	-75.85478284948589	1518.265991210938	17.0853385925293	-136.6788472364645	1784.651245117188	875.3564453125002	201.77977018891	1886.346801757813	477.2247314453126	168.1761551397474	1916.012573242188	492.3497924804689	39.89448362637252	1881.729858398438	421.2453002929689	167.9111784980278	1955.659057617188	436.2891235351564	108.8162272066081	1978.168823242188	58.95720672607423	159.7178475624646	2010.98681640625	99.05212402343753	58.05492402872793	1959.35546875	14.81992816925049	103.5203760469626	2152.317626953125	69.19034576416017	74.31989194537282	2138.199951171875	77.65779876708986	116.2531535677032	2103.4853515625	44.02464675903321	178.1868656505937	1683.301025390625	1514.595458984375	22.33197663849248	1588.482421875	1271.752807617188	22.33197663849248	1859.394287109375	1237.581420898438	22.33197663849248	1806.119262695313	1416.564575195313	22.23227489079067	1673.037109375	1446.72705078125	-219.6455385149378	1723.809814453125	1443.1015625	-176.1371861577316	1777.799072265625	1113.99267578125	-258.8717543254914	1725.536376953125	1087.968505859375	-174.535390332801	1741.313110351563	1077.871948242188	-210.2361499973812	1952.748291015625	916.0115356445315	-239.5967179865834	1900.106811523438	885.9605712890627	-265.4190523397495	2018.339599609375	854.7038574218752	-244.7565623451693	1933.221923828125	808.9189453125002	-246.8581665756566	1651.354248046875	1411.550415039063	259.6455385149378	1698.64306640625	1406.088134765625	216.1373355492392	1667.050537109375	1063.520874023438	304.6079114146845	1659.569580078125	1055.855224609375	207.9388096802291	1632.109008789063	1046.028076171875	248.860189315611	1770.80859375	816.7952270507815	279.4189228109762	1694.788940429688	815.2485351562502	306.295032088454	1797.843994140625	722.8709716796876	285.0291244398524	1687.998413085938	717.2343139648439	287.1250341336798	
176	1.75	1852.300048828125	971.5081176757815	-119.7296566040048	1645.500854492188	994.2427368164065	-28.94627714519412	1645.547119140625	986.7194824218752	68.94627714519412	1851.373779296875	977.9534301757815	159.7296566040048	1745.950561523438	879.3488769531252	-168.8364664171059	1634.625366210938	492.484344482422	-132.8068082918402	1644.5322265625	483.7087402343751	4.73616952572034	1591.456909179688	443.1777343750001	-127.5034208841393	1654.926635742188	403.1727294921876	-68.54266881243612	1428.374145507813	101.7780685424805	-119.3286701318263	1468.121826171875	124.8326950073242	-17.89666597850206	1370.52880859375	73.6079559326172	-63.35014095580774	1563.095581054688	21.25756645202637	-34.67283560363096	1578.239501953125	35.03092575073243	-75.85478284948589	1518.29150390625	16.87945365905762	-136.6788472364645	1798.207763671875	876.0153808593752	201.77977018891	1898.572509765625	477.413299560547	168.1761551397474	1926.835205078125	492.0287170410157	39.89448362637252	1893.216674804688	421.1871948242189	167.9111784980278	1966.494384765625	435.2805786132814	108.8162272066081	1982.3642578125	57.49998092651369	159.7178475624646	2014.580322265625	96.51392364501956	58.05492402872793	1960.403198242188	14.96428394317627	103.5203760469626	2155.309326171875	62.17955017089845	74.31989194537282	2142.947265625	70.81595611572267	116.2531535677032	2107.8125	38.34310531616212	178.1868656505937	1694.555419921875	1514.313232421875	22.33197663849248	1600.54052734375	1271.317016601563	22.33197663849248	1871.495727539063	1237.850952148438	22.33197663849248	1817.537353515625	1416.485595703125	22.23227489079067	1683.98779296875	1446.676391601563	-219.6455385149378	1734.76171875	1443.158081054688	-176.1371861577316	1786.983276367188	1113.712890625	-258.8717543254914	1735.208129882813	1087.98828125	-174.535390332801	1750.455810546875	1077.783935546875	-210.2361499973812	1961.2333984375	914.666442871094	-239.5967179865834	1908.104125976563	884.9443969726565	-265.4190523397495	2026.35791015625	852.9060058593752	-244.7565623451693	1940.69873046875	807.690124511719	-246.8581665756566	1663.048828125	1410.867309570313	259.6455385149378	1710.438720703125	1405.248046875	216.1373355492392	1679.054077148438	1062.723876953125	304.6079114146845	1671.2841796875	1055.236206054688	207.9388096802291	1644.053466796875	1045.401489257813	248.860189315611	1781.436889648438	815.5569458007815	279.4189228109762	1705.53125	814.3103637695315	306.295032088454	1808.025390625	721.4709472656251	285.0291244398524	1698.156494140625	716.3623657226564	287.1250341336798	
177	1.76	1865.192504882813	971.3836059570315	-119.7296566040048	1658.2763671875	994.0916748046877	-28.94627714519412	1658.211181640625	987.060974121094	68.94627714519412	1864.26220703125	978.3691406250002	159.7296566040048	1758.7958984375	879.1109008789065	-168.8364664171059	1648.276733398438	491.8688964843751	-132.8068082918402	1658.307739257813	482.3254699707032	4.73616952572034	1603.858154296875	443.2842407226564	-127.5034208841393	1666.740600585938	401.713104248047	-68.54266881243612	1431.873657226563	106.3888854980469	-119.3286701318263	1472.47265625	128.4380187988282	-17.89666597850206	1373.395751953125	80.8290252685547	-63.35014095580774	1562.781616210938	21.02818107604981	-34.67283560363096	1577.939453125	34.76393127441407	-75.85478284948589	1518.334716796875	16.82450485229493	-136.6788472364645	1811.819458007813	876.9892578125002	201.77977018891	1910.794067382813	477.8826599121095	168.1761551397474	1937.626708984375	491.9379272460939	39.89448362637252	1904.720947265625	421.3600158691407	167.9111784980278	1977.283935546875	434.4302368164064	108.8162272066081	1985.987060546875	56.23872756958009	159.7178475624646	2017.738403320313	94.17663574218751	58.05492402872793	1960.94140625	15.31400585174561	103.5203760469626	2157.768310546875	55.12688446044923	74.31989194537282	2147.15234375	64.03960418701173	116.2531535677032	2111.334716796875	32.87673568725587	178.1868656505937	1705.842529296875	1514.23779296875	22.33197663849248	1612.634521484375	1271.10302734375	22.33197663849248	1883.655517578125	1238.361450195313	22.33197663849248	1829.018432617188	1416.677490234375	22.23227489079067	1694.9677734375	1446.84521484375	-219.6455385149378	1745.726928710938	1443.41943359375	-176.1371861577316	1795.855712890625	1113.603393554688	-258.8717543254914	1744.708862304688	1088.224975585938	-174.535390332801	1759.329345703125	1077.902587890625	-210.2361499973812	1969.27392578125	913.267272949219	-239.5967179865834	1915.552612304688	883.9511718750002	-265.4190523397495	2033.81201171875	850.9612426757815	-244.7565623451693	1947.516845703125	806.4397583007815	-246.8581665756566	1674.798828125	1410.382202148438	259.6455385149378	1722.319458007813	1404.608154296875	216.1373355492392	1691.310302734375	1062.131591796875	304.6079114146845	1683.215576171875	1054.819458007813	207.9388096802291	1656.244384765625	1044.996337890625	248.860189315611	1792.223022460938	814.4981689453127	279.4189228109762	1716.512451171875	813.5906372070315	306.295032088454	1818.417358398438	720.2734375000001	285.0291244398524	1708.543579101563	715.7134399414064	287.1250341336798	
178	1.77	1878.100830078125	971.4102783203127	-119.7296566040048	1671.033081054688	994.0654296875002	-28.94627714519412	1670.849609375	987.648132324219	68.94627714519412	1877.11767578125	979.0416259765627	159.7296566040048	1771.885620117188	878.8751220703127	-168.8364664171059	1662.866088867188	491.1106262207032	-132.8068082918402	1673.297485351563	480.6316528320314	4.73616952572034	1617.184692382813	443.322967529297	-127.5034208841393	1679.479125976563	400.1340637207032	-68.54266881243612	1436.158935546875	111.4317703247071	-119.3286701318263	1477.7421875	132.3399505615235	-17.89666597850206	1377.198608398438	88.82736968994142	-63.35014095580774	1562.34912109375	20.85704803466797	-34.67283560363096	1577.5419921875	34.46531295776368	-75.85478284948589	1518.468505859375	17.04536819458008	-136.6788472364645	1825.361206054688	878.2444458007815	201.77977018891	1922.912109375	478.5992431640626	168.1761551397474	1948.313232421875	492.089569091797	39.89448362637252	1916.173461914063	421.7527465820314	167.9111784980278	1987.954956054688	433.7588500976564	108.8162272066081	1989.175170898438	55.25604248046876	159.7178475624646	2020.580322265625	92.14834594726564	58.05492402872793	1961.230712890625	15.84690666198731	103.5203760469626	2159.859375	48.34812545776369	74.31989194537282	2150.945556640625	57.66019439697267	116.2531535677032	2114.21435546875	27.91839790344239	178.1868656505937	1717.159423828125	1514.368041992188	22.33197663849248	1624.727905273438	1271.114013671875	22.33197663849248	1895.843505859375	1239.093872070313	22.33197663849248	1840.553833007813	1417.129516601563	22.23227489079067	1705.992065429688	1447.239990234375	-219.6455385149378	1756.720703125	1443.892456054688	-176.1371861577316	1804.447875976563	1113.680786132813	-258.8717543254914	1754.0419921875	1088.700805664063	-174.535390332801	1767.956665039063	1078.246215820313	-210.2361499973812	1976.864013671875	911.832702636719	-239.5967179865834	1922.457153320313	883.0028076171877	-265.4190523397495	2040.7021484375	848.8911743164065	-244.7565623451693	1953.679565429688	805.1921386718752	-246.8581665756566	1686.586059570313	1410.091796875	259.6455385149378	1734.262817382813	1404.1845703125	216.1373355492392	1703.804565429688	1061.754272460938	304.6079114146845	1695.364013671875	1054.612670898438	207.9388096802291	1668.669677734375	1044.821533203125	248.860189315611	1803.1845703125	813.6418457031252	279.4189228109762	1727.743530273438	813.1040039062502	306.295032088454	1829.036376953125	719.2941894531251	285.0291244398524	1719.178100585938	715.3027954101564	287.1250341336798	
