2014014_C4_04_grf
version=1
nRows=1781
nColumns=19
inDegrees=no
endheader
time	ground_force_1_vx	ground_force_1_vy	ground_force_1_vz	ground_force_1_px	ground_force_1_py	ground_force_1_pz	ground_force_1_mx	ground_force_1_my	ground_force_1_mz	ground_force_2_vx	ground_force_2_vy	ground_force_2_vz	ground_force_2_px	ground_force_2_py	ground_force_2_pz	ground_force_2_mx	ground_force_2_my	ground_force_2_mz
      0.00000000	      0.00000000	      0.00000000	      0.00000000	      0.00000000	      0.00000000	      0.00000000	      0.00000000	      0.00000000	      0.00000000	      0.00000000	      0.00000000	      0.00000000	      0.00000000	      0.00000000	      0.00000000	      0.00000000	      0.00000000	      0.00000000
      0.00100000	      0.00000000	      0.00000000	      0.00000000	      0.00000000	      0.00000000	      0.00000000	      0.00000000	      0.00000000	      0.00000000	      0.00000000	      0.00000000	      0.00000000	      0.00000000	      0.00000000	      0.00000000	      0.00000000	      0.00000000	      0.00000000
      0.00200000	      0.00000000	      0.00000000	      0.00000000	      0.00000000	      0.00000000	      0.00000000	      0.00000000	      0.00000000	      0.00000000	      0.00000000	      0.00000000	      0.00000000	      0.00000000	      0.00000000	      0.00000000	      0.00000000	      0.00000000	      0.00000000
      0.00300000	      0.00000000	      0.00000000	      0.00000000	      0.00000000	      0.00000000	      0.00000000	      0.00000000	      0.00000000	      0.00000000	      0.00000000	      0.00000000	      0.00000000	      0.00000000	      0.00000000	      0.00000000	      0.00000000	      0.00000000	      0.00000000
      0.00400000	      0.00000000	      0.00000000	      0.00000000	      0.00000000	      0.00000000	      0.00000000	      0.00000000	      0.00000000	      0.00000000	      0.00000000	      0.00000000	      0.00000000	      0.00000000	      0.00000000	      0.00000000	      0.00000000	      0.00000000	      0.00000000
      0.00500000	      0.00000000	      0.00000000	      0.00000000	      0.00000000	      0.00000000	      0.00000000	      0.00000000	      0.00000000	      0.00000000	      0.00000000	      0.00000000	      0.00000000	      0.00000000	      0.00000000	      0.00000000	      0.00000000	      0.00000000	      0.00000000
      0.00600000	      0.00000000	      0.00000000	      0.00000000	      0.00000000	      0.00000000	      0.00000000	      0.00000000	      0.00000000	      0.00000000	      0.00000000	      0.00000000	      0.00000000	      0.00000000	      0.00000000	      0.00000000	      0.00000000	      0.00000000	      0.00000000
      0.00700000	      0.00000000	      0.00000000	      0.00000000	      0.00000000	      0.00000000	      0.00000000	      0.00000000	      0.00000000	      0.00000000	      0.00000000	      0.00000000	      0.00000000	      0.00000000	      0.00000000	      0.00000000	      0.00000000	      0.00000000	      0.00000000
      0.00800000	      0.00000000	      0.00000000	      0.00000000	      0.00000000	      0.00000000	      0.00000000	      0.00000000	      0.00000000	      0.00000000	      0.00000000	      0.00000000	      0.00000000	      0.00000000	      0.00000000	      0.00000000	      0.00000000	      0.00000000	      0.00000000
      0.00900000	      0.00000000	      0.00000000	      0.00000000	      0.00000000	      0.00000000	      0.00000000	      0.00000000	      0.00000000	      0.00000000	      0.00000000	      0.00000000	      0.00000000	      0.00000000	      0.00000000	      0.00000000	      0.00000000	      0.00000000	      0.00000000
      0.01000000	      0.00000000	      0.00000000	      0.00000000	      0.00000000	      0.00000000	      0.00000000	      0.00000000	      0.00000000	      0.00000000	      0.00000000	      0.00000000	      0.00000000	      0.00000000	      0.00000000	      0.00000000	      0.00000000	      0.00000000	      0.00000000
      0.01100000	      0.00000000	      0.00000000	      0.00000000	      0.00000000	      0.00000000	      0.00000000	      0.00000000	      0.00000000	      0.00000000	      0.00000000	      0.00000000	      0.00000000	      0.00000000	      0.00000000	      0.00000000	      0.00000000	      0.00000000	      0.00000000
      0.01200000	      0.00000000	      0.00000000	      0.00000000	      0.00000000	      0.00000000	      0.00000000	      0.00000000	      0.00000000	      0.00000000	      0.00000000	      0.00000000	      0.00000000	      0.00000000	      0.00000000	      0.00000000	      0.00000000	      0.00000000	      0.00000000
      0.01300000	      0.00000000	      0.00000000	      0.00000000	      0.00000000	      0.00000000	      0.00000000	      0.00000000	      0.00000000	      0.00000000	      0.00000000	      0.00000000	      0.00000000	      0.00000000	      0.00000000	      0.00000000	      0.00000000	      0.00000000	      0.00000000
      0.01400000	      0.00000000	      0.00000000	      0.00000000	      0.00000000	      0.00000000	      0.00000000	      0.00000000	      0.00000000	      0.00000000	      0.00000000	      0.00000000	      0.00000000	      0.00000000	      0.00000000	      0.00000000	      0.00000000	      0.00000000	      0.00000000
      0.01500000	      0.00000000	      0.00000000	      0.00000000	      0.00000000	      0.00000000	      0.00000000	      0.00000000	      0.00000000	      0.00000000	      0.00000000	      0.00000000	      0.00000000	      0.00000000	      0.00000000	      0.00000000	      0.00000000	      0.00000000	      0.00000000
      0.01600000	      0.00000000	      0.00000000	      0.00000000	      0.00000000	      0.00000000	      0.00000000	      0.00000000	      0.00000000	      0.00000000	      0.00000000	      0.00000000	      0.00000000	      0.00000000	      0.00000000	      0.00000000	      0.00000000	      0.00000000	      0.00000000
      0.01700000	      0.00000000	      0.00000000	      0.00000000	      0.00000000	      0.00000000	      0.00000000	      0.00000000	      0.00000000	      0.00000000	      0.00000000	      0.00000000	      0.00000000	      0.00000000	      0.00000000	      0.00000000	      0.00000000	      0.00000000	      0.00000000
      0.01800000	      0.00000000	      0.00000000	      0.00000000	      0.00000000	      0.00000000	      0.00000000	      0.00000000	      0.00000000	      0.00000000	      0.00000000	      0.00000000	      0.00000000	      0.00000000	      0.00000000	      0.00000000	      0.00000000	      0.00000000	      0.00000000
      0.01900000	      0.00000000	      0.00000000	      0.00000000	      0.00000000	      0.00000000	      0.00000000	      0.00000000	      0.00000000	      0.00000000	      0.00000000	      0.00000000	      0.00000000	      0.00000000	      0.00000000	      0.00000000	      0.00000000	      0.00000000	      0.00000000
      0.02000000	      0.00000000	      0.00000000	      0.00000000	      0.00000000	      0.00000000	      0.00000000	      0.00000000	      0.00000000	      0.00000000	      0.00000000	      0.00000000	      0.00000000	      0.00000000	      0.00000000	      0.00000000	      0.00000000	      0.00000000	      0.00000000
      0.02100000	      0.00000000	      0.00000000	      0.00000000	      0.00000000	      0.00000000	      0.00000000	      0.00000000	      0.00000000	      0.00000000	      0.00000000	      0.00000000	      0.00000000	      0.00000000	      0.00000000	      0.00000000	      0.00000000	      0.00000000	      0.00000000
      0.02200000	      0.00000000	      0.00000000	      0.00000000	      0.00000000	      0.00000000	      0.00000000	      0.00000000	      0.00000000	      0.00000000	      0.00000000	      0.00000000	      0.00000000	      0.00000000	      0.00000000	      0.00000000	      0.00000000	      0.00000000	      0.00000000
      0.02300000	      0.00000000	      0.00000000	      0.00000000	      0.00000000	      0.00000000	      0.00000000	      0.00000000	      0.00000000	      0.00000000	      0.00000000	      0.00000000	      0.00000000	      0.00000000	      0.00000000	      0.00000000	      0.00000000	      0.00000000	      0.00000000
      0.02400000	      0.00000000	      0.00000000	      0.00000000	      0.00000000	      0.00000000	      0.00000000	      0.00000000	      0.00000000	      0.00000000	      0.00000000	      0.00000000	      0.00000000	      0.00000000	      0.00000000	      0.00000000	      0.00000000	      0.00000000	      0.00000000
      0.02500000	      0.00000000	      0.00000000	      0.00000000	      0.00000000	      0.00000000	      0.00000000	      0.00000000	      0.00000000	      0.00000000	      0.00000000	      0.00000000	      0.00000000	      0.00000000	      0.00000000	      0.00000000	      0.00000000	      0.00000000	      0.00000000
      0.02600000	      0.00000000	      0.00000000	      0.00000000	      0.00000000	      0.00000000	      0.00000000	      0.00000000	      0.00000000	      0.00000000	      0.00000000	      0.00000000	      0.00000000	      0.00000000	      0.00000000	      0.00000000	      0.00000000	      0.00000000	      0.00000000
      0.02700000	      0.00000000	      0.00000000	      0.00000000	      0.00000000	      0.00000000	      0.00000000	      0.00000000	      0.00000000	      0.00000000	      0.00000000	      0.00000000	      0.00000000	      0.00000000	      0.00000000	      0.00000000	      0.00000000	      0.00000000	      0.00000000
      0.02800000	      0.00000000	      0.00000000	      0.00000000	      0.00000000	      0.00000000	      0.00000000	      0.00000000	      0.00000000	      0.00000000	      0.00000000	      0.00000000	      0.00000000	      0.00000000	      0.00000000	      0.00000000	      0.00000000	      0.00000000	      0.00000000
      0.02900000	      0.00000000	      0.00000000	      0.00000000	      0.00000000	      0.00000000	      0.00000000	      0.00000000	      0.00000000	      0.00000000	      0.00000000	      0.00000000	      0.00000000	      0.00000000	      0.00000000	      0.00000000	      0.00000000	      0.00000000	      0.00000000
      0.03000000	      0.00000000	      0.00000000	      0.00000000	      0.00000000	      0.00000000	      0.00000000	      0.00000000	      0.00000000	      0.00000000	      0.00000000	      0.00000000	      0.00000000	      0.00000000	      0.00000000	      0.00000000	      0.00000000	      0.00000000	      0.00000000
      0.03100000	      0.00000000	      0.00000000	      0.00000000	      0.00000000	      0.00000000	      0.00000000	      0.00000000	      0.00000000	      0.00000000	      0.00000000	      0.00000000	      0.00000000	      0.00000000	      0.00000000	      0.00000000	      0.00000000	      0.00000000	      0.00000000
      0.03200000	      0.00000000	      0.00000000	      0.00000000	      0.00000000	      0.00000000	      0.00000000	      0.00000000	      0.00000000	      0.00000000	      0.00000000	      0.00000000	      0.00000000	      0.00000000	      0.00000000	      0.00000000	      0.00000000	      0.00000000	      0.00000000
      0.03300000	      0.00000000	      0.00000000	      0.00000000	      0.00000000	      0.00000000	      0.00000000	      0.00000000	      0.00000000	      0.00000000	      0.00000000	      0.00000000	      0.00000000	      0.00000000	      0.00000000	      0.00000000	      0.00000000	      0.00000000	      0.00000000
      0.03400000	      0.00000000	      0.00000000	      0.00000000	      0.00000000	      0.00000000	      0.00000000	      0.00000000	      0.00000000	      0.00000000	      0.00000000	      0.00000000	      0.00000000	      0.00000000	      0.00000000	      0.00000000	      0.00000000	      0.00000000	      0.00000000
      0.03500000	      0.00000000	      0.00000000	      0.00000000	      0.00000000	      0.00000000	      0.00000000	      0.00000000	      0.00000000	      0.00000000	      0.00000000	      0.00000000	      0.00000000	      0.00000000	      0.00000000	      0.00000000	      0.00000000	      0.00000000	      0.00000000
      0.03600000	      0.00000000	      0.00000000	      0.00000000	      0.00000000	      0.00000000	      0.00000000	      0.00000000	      0.00000000	      0.00000000	      0.00000000	      0.00000000	      0.00000000	      0.00000000	      0.00000000	      0.00000000	      0.00000000	      0.00000000	      0.00000000
      0.03700000	      0.00000000	      0.00000000	      0.00000000	      0.00000000	      0.00000000	      0.00000000	      0.00000000	      0.00000000	      0.00000000	      0.00000000	      0.00000000	      0.00000000	      0.00000000	      0.00000000	      0.00000000	      0.00000000	      0.00000000	      0.00000000
      0.03800000	      0.00000000	      0.00000000	      0.00000000	      0.00000000	      0.00000000	      0.00000000	      0.00000000	      0.00000000	      0.00000000	      0.00000000	      0.00000000	      0.00000000	      0.00000000	      0.00000000	      0.00000000	      0.00000000	      0.00000000	      0.00000000
      0.03900000	      0.00000000	      0.00000000	      0.00000000	      0.00000000	      0.00000000	      0.00000000	      0.00000000	      0.00000000	      0.00000000	      0.00000000	      0.00000000	      0.00000000	      0.00000000	      0.00000000	      0.00000000	      0.00000000	      0.00000000	      0.00000000
      0.04000000	      0.00000000	      0.00000000	      0.00000000	      0.00000000	      0.00000000	      0.00000000	      0.00000000	      0.00000000	      0.00000000	      0.00000000	      0.00000000	      0.00000000	      0.00000000	      0.00000000	      0.00000000	      0.00000000	      0.00000000	      0.00000000
      0.04100000	      0.00000000	      0.00000000	      0.00000000	      0.00000000	      0.00000000	      0.00000000	      0.00000000	      0.00000000	      0.00000000	      0.00000000	      0.00000000	      0.00000000	      0.00000000	      0.00000000	      0.00000000	      0.00000000	      0.00000000	      0.00000000
      0.04200000	      0.00000000	      0.00000000	      0.00000000	      0.00000000	      0.00000000	      0.00000000	      0.00000000	      0.00000000	      0.00000000	      0.00000000	      0.00000000	      0.00000000	      0.00000000	      0.00000000	      0.00000000	      0.00000000	      0.00000000	      0.00000000
      0.04300000	      0.00000000	      0.00000000	      0.00000000	      0.00000000	      0.00000000	      0.00000000	      0.00000000	      0.00000000	      0.00000000	      0.00000000	      0.00000000	      0.00000000	      0.00000000	      0.00000000	      0.00000000	      0.00000000	      0.00000000	      0.00000000
      0.04400000	      0.00000000	      0.00000000	      0.00000000	      0.00000000	      0.00000000	      0.00000000	      0.00000000	      0.00000000	      0.00000000	      0.00000000	      0.00000000	      0.00000000	      0.00000000	      0.00000000	      0.00000000	      0.00000000	      0.00000000	      0.00000000
      0.04500000	      0.00000000	      0.00000000	      0.00000000	      0.00000000	      0.00000000	      0.00000000	      0.00000000	      0.00000000	      0.00000000	      0.00000000	      0.00000000	      0.00000000	      0.00000000	      0.00000000	      0.00000000	      0.00000000	      0.00000000	      0.00000000
      0.04600000	      0.00000000	      0.00000000	      0.00000000	      0.00000000	      0.00000000	      0.00000000	      0.00000000	      0.00000000	      0.00000000	      0.00000000	      0.00000000	      0.00000000	      0.00000000	      0.00000000	      0.00000000	      0.00000000	      0.00000000	      0.00000000
      0.04700000	      0.00000000	      0.00000000	      0.00000000	      0.00000000	      0.00000000	      0.00000000	      0.00000000	      0.00000000	      0.00000000	      0.00000000	      0.00000000	      0.00000000	      0.00000000	      0.00000000	      0.00000000	      0.00000000	      0.00000000	      0.00000000
      0.04800000	      0.00000000	      0.00000000	      0.00000000	      0.00000000	      0.00000000	      0.00000000	      0.00000000	      0.00000000	      0.00000000	      0.00000000	      0.00000000	      0.00000000	      0.00000000	      0.00000000	      0.00000000	      0.00000000	      0.00000000	      0.00000000
      0.04900000	      0.00000000	      0.00000000	      0.00000000	      0.00000000	      0.00000000	      0.00000000	      0.00000000	      0.00000000	      0.00000000	      0.00000000	      0.00000000	      0.00000000	      0.00000000	      0.00000000	      0.00000000	      0.00000000	      0.00000000	      0.00000000
      0.05000000	      0.00000000	      0.00000000	      0.00000000	      0.00000000	      0.00000000	      0.00000000	      0.00000000	      0.00000000	      0.00000000	      0.00000000	      0.00000000	      0.00000000	      0.00000000	      0.00000000	      0.00000000	      0.00000000	      0.00000000	      0.00000000
      0.05100000	      0.00000000	      0.00000000	      0.00000000	      0.00000000	      0.00000000	      0.00000000	      0.00000000	      0.00000000	      0.00000000	      0.00000000	      0.00000000	      0.00000000	      0.00000000	      0.00000000	      0.00000000	      0.00000000	      0.00000000	      0.00000000
      0.05200000	      0.00000000	      0.00000000	      0.00000000	      0.00000000	      0.00000000	      0.00000000	      0.00000000	      0.00000000	      0.00000000	      0.00000000	      0.00000000	      0.00000000	      0.00000000	      0.00000000	      0.00000000	      0.00000000	      0.00000000	      0.00000000
      0.05300000	      0.00000000	      0.00000000	      0.00000000	      0.00000000	      0.00000000	      0.00000000	      0.00000000	      0.00000000	      0.00000000	      0.00000000	      0.00000000	      0.00000000	      0.00000000	      0.00000000	      0.00000000	      0.00000000	      0.00000000	      0.00000000
      0.05400000	      0.00000000	      0.00000000	      0.00000000	      0.00000000	      0.00000000	      0.00000000	      0.00000000	      0.00000000	      0.00000000	      0.00000000	      0.00000000	      0.00000000	      0.00000000	      0.00000000	      0.00000000	      0.00000000	      0.00000000	      0.00000000
      0.05500000	      0.00000000	      0.00000000	      0.00000000	      0.00000000	      0.00000000	      0.00000000	      0.00000000	      0.00000000	      0.00000000	      0.00000000	      0.00000000	      0.00000000	      0.00000000	      0.00000000	      0.00000000	      0.00000000	      0.00000000	      0.00000000
      0.05600000	     -4.08676034	     52.51031369	     -2.71033938	      0.17427129	     -0.00200000	     -0.24730905	      0.00000000	      0.05906665	      0.00000000	      0.00000000	      0.00000000	      0.00000000	      0.00000000	      0.00000000	      0.00000000	      0.00000000	      0.00000000	      0.00000000
      0.05700000	     -4.43895371	     57.87892733	     -3.13560257	      0.17449266	     -0.00200000	     -0.24718567	      0.00000000	      0.06604060	      0.00000000	      0.00000000	      0.00000000	      0.00000000	      0.00000000	      0.00000000	      0.00000000	      0.00000000	      0.00000000	      0.00000000
      0.05800000	     -4.80636256	     63.47237621	     -3.58830090	      0.17470028	     -0.00200000	     -0.24707056	      0.00000000	      0.07326569	      0.00000000	      0.00000000	      0.00000000	      0.00000000	      0.00000000	      0.00000000	      0.00000000	      0.00000000	      0.00000000	      0.00000000
      0.05900000	     -5.19325840	     69.34045581	     -4.07549390	      0.17489481	     -0.00200000	     -0.24696458	      0.00000000	      0.08080756	      0.00000000	      0.00000000	      0.00000000	      0.00000000	      0.00000000	      0.00000000	      0.00000000	      0.00000000	      0.00000000	      0.00000000
      0.06000000	     -5.59616042	     75.42229258	     -4.59027756	      0.17508159	     -0.00200000	     -0.24686517	      0.00000000	      0.08860178	      0.00000000	      0.00000000	      0.00000000	      0.00000000	      0.00000000	      0.00000000	      0.00000000	      0.00000000	      0.00000000	      0.00000000
      0.06100000	     -6.01966353	     81.76282048	     -5.13930060	      0.17526143	     -0.00200000	     -0.24677326	      0.00000000	      0.09670501	      0.00000000	      0.00000000	      0.00000000	      0.00000000	      0.00000000	      0.00000000	      0.00000000	      0.00000000	      0.00000000	      0.00000000
      0.06200000	     -6.46018283	     88.30283768	     -5.71533991	      0.17543757	     -0.00200000	     -0.24668689	      0.00000000	      0.10504635	      0.00000000	      0.00000000	      0.00000000	      0.00000000	      0.00000000	      0.00000000	      0.00000000	      0.00000000	      0.00000000	      0.00000000
      0.06300000	     -6.92274282	     95.08206043	     -6.32443302	      0.17561107	     -0.00200000	     -0.24660706	      0.00000000	      0.11366870	      0.00000000	      0.00000000	      0.00000000	      0.00000000	      0.00000000	      0.00000000	      0.00000000	      0.00000000	      0.00000000	      0.00000000
      0.06400000	     -7.40362471	    102.04401799	     -6.95922598	      0.17578387	     -0.00200000	     -0.24653218	      0.00000000	      0.12249974	      0.00000000	      0.00000000	      0.00000000	      0.00000000	      0.00000000	      0.00000000	      0.00000000	      0.00000000	      0.00000000	      0.00000000
      0.06500000	     -7.90837244	    109.22306683	     -7.62497354	      0.17595739	     -0.00200000	     -0.24646316	      0.00000000	      0.13156921	      0.00000000	      0.00000000	      0.00000000	      0.00000000	      0.00000000	      0.00000000	      0.00000000	      0.00000000	      0.00000000	      0.00000000
      0.06600000	     -8.43305420	    116.56636372	     -8.31438322	      0.17613264	     -0.00200000	     -0.24639860	      0.00000000	      0.14080885	      0.00000000	      0.00000000	      0.00000000	      0.00000000	      0.00000000	      0.00000000	      0.00000000	      0.00000000	      0.00000000	      0.00000000
      0.06700000	     -8.98381742	    124.10280760	     -9.03176609	      0.17631131	     -0.00200000	     -0.24633938	      0.00000000	      0.15022878	      0.00000000	      0.00000000	      0.00000000	      0.00000000	      0.00000000	      0.00000000	      0.00000000	      0.00000000	      0.00000000	      0.00000000
      0.06800000	     -9.55645368	    131.78376481	     -9.77009069	      0.17649362	     -0.00200000	     -0.24628432	      0.00000000	      0.15976251	      0.00000000	      0.00000000	      0.00000000	      0.00000000	      0.00000000	      0.00000000	      0.00000000	      0.00000000	      0.00000000	      0.00000000
      0.06900000	    -10.15779050	    139.63250909	    -10.53257752	      0.17668150	     -0.00200000	     -0.24623444	      0.00000000	      0.16939372	      0.00000000	      0.00000000	      0.00000000	      0.00000000	      0.00000000	      0.00000000	      0.00000000	      0.00000000	      0.00000000	      0.00000000
      0.07000000	    -10.78323647	    147.60504477	    -11.31263096	      0.17687455	     -0.00200000	     -0.24618874	      0.00000000	      0.17906332	      0.00000000	      0.00000000	      0.00000000	      0.00000000	      0.00000000	      0.00000000	      0.00000000	      0.00000000	      0.00000000	      0.00000000
      0.07100000	    -11.44033484	    155.71907628	    -12.11223658	      0.17707492	     -0.00200000	     -0.24614830	      0.00000000	      0.18872690	      0.00000000	      0.00000000	      0.00000000	      0.00000000	      0.00000000	      0.00000000	      0.00000000	      0.00000000	      0.00000000	      0.00000000
      0.07200000	    -12.12401409	    163.93560916	    -12.92542275	      0.17728179	     -0.00200000	     -0.24611207	      0.00000000	      0.19833750	      0.00000000	      0.00000000	      0.00000000	      0.00000000	      0.00000000	      0.00000000	      0.00000000	      0.00000000	      0.00000000	      0.00000000
      0.07300000	    -12.84253830	    172.26685770	    -13.75282276	      0.17749756	     -0.00200000	     -0.24608116	      0.00000000	      0.20781315	      0.00000000	      0.00000000	      0.00000000	      0.00000000	      0.00000000	      0.00000000	      0.00000000	      0.00000000	      0.00000000	      0.00000000
      0.07400000	    -13.59025575	    180.67909405	    -14.58925847	      0.17772105	     -0.00200000	     -0.24605462	      0.00000000	      0.21711982	      0.00000000	      0.00000000	      0.00000000	      0.00000000	      0.00000000	      0.00000000	      0.00000000	      0.00000000	      0.00000000	      0.00000000
      0.07500000	    -14.37611785	    189.17918205	    -15.43391310	      0.17795497	     -0.00200000	     -0.24603382	      0.00000000	      0.22613017	     -0.00000000	      0.00000000	      0.00000000	      0.00000000	      0.00000000	      0.00000000	      0.00000000	      0.00000000	      0.00000000	      0.00000000
      0.07600000	    -15.19381534	    197.73885608	    -16.28258266	      0.17819783	     -0.00200000	     -0.24601787	      0.00000000	      0.23482986	      0.00000000	      0.00000000	      0.00000000	      0.00000000	      0.00000000	      0.00000000	      0.00000000	      0.00000000	      0.00000000	      0.00000000
      0.07700000	    -16.05292223	    206.35985769	    -17.13294070	      0.17845254	     -0.00200000	     -0.24600833	      0.00000000	      0.24304225	      0.00000000	      0.00000000	      0.00000000	      0.00000000	      0.00000000	      0.00000000	      0.00000000	      0.00000000	      0.00000000	      0.00000000
      0.07800000	    -16.94641262	    215.01952782	    -17.98191294	      0.17871727	     -0.00200000	     -0.24600418	      0.00000000	      0.25078150	      0.00000000	      0.00000000	      0.00000000	      0.00000000	      0.00000000	      0.00000000	      0.00000000	      0.00000000	      0.00000000	      0.00000000
      0.07900000	    -17.88436994	    223.71483967	    -18.82565208	      0.17899511	     -0.00200000	     -0.24600709	      0.00000000	      0.25782143	      0.00000000	      0.00000000	      0.00000000	      0.00000000	      0.00000000	      0.00000000	      0.00000000	      0.00000000	      0.00000000	      0.00000000
      0.08000000	    -18.85901392	    232.42870346	    -19.66235600	      0.17928388	     -0.00200000	     -0.24601588	      0.00000000	      0.26421443	      0.00000000	      0.00000000	      0.00000000	      0.00000000	      0.00000000	      0.00000000	      0.00000000	      0.00000000	      0.00000000	      0.00000000
      0.08100000	    -19.88078561	    241.15365930	    -20.48665192	      0.17958681	     -0.00200000	     -0.24603230	      0.00000000	      0.26968771	      0.00000000	      0.00000000	      0.00000000	      0.00000000	      0.00000000	      0.00000000	      0.00000000	      0.00000000	      0.00000000	      0.00000000
      0.08200000	    -20.94116434	    249.87814948	    -21.29809558	      0.17990145	     -0.00200000	     -0.24605503	      0.00000000	      0.27433428	      0.00000000	      0.00000000	      0.00000000	      0.00000000	      0.00000000	      0.00000000	      0.00000000	      0.00000000	      0.00000000	      0.00000000
      0.08300000	    -22.05074485	    258.59079324	    -22.08978496	      0.18023116	     -0.00200000	     -0.24608600	      0.00000000	      0.27783098	      0.00000000	      0.00000000	      0.00000000	      0.00000000	      0.00000000	      0.00000000	      0.00000000	      0.00000000	      0.00000000	      0.00000000
      0.08400000	    -23.20029959	    267.28540659	    -22.86271378	      0.18057328	     -0.00200000	     -0.24612380	      0.00000000	      0.28031315	      0.00000000	      0.00000000	      0.00000000	      0.00000000	      0.00000000	      0.00000000	      0.00000000	      0.00000000	      0.00000000	      0.00000000
      0.08500000	    -24.40035809	    275.94722807	    -23.60849455	      0.18093134	     -0.00200000	     -0.24617051	      0.00000000	      0.28140690	      0.00000000	      0.00000000	      0.00000000	      0.00000000	      0.00000000	      0.00000000	      0.00000000	      0.00000000	      0.00000000	      0.00000000
      0.08600000	    -25.64107999	    284.57509354	    -24.32962134	      0.18130249	     -0.00200000	     -0.24622462	      0.00000000	      0.28129266	     -0.00000000	      0.00000000	      0.00000000	      0.00000000	      0.00000000	      0.00000000	      0.00000000	      0.00000000	      0.00000000	      0.00000000
      0.08700000	    -26.93269681	    293.15147549	    -25.01629665	      0.18169040	     -0.00200000	     -0.24628828	      0.00000000	      0.27954766	      0.00000000	      0.00000000	      0.00000000	      0.00000000	      0.00000000	      0.00000000	      0.00000000	      0.00000000	      0.00000000	      0.00000000
      0.08800000	    -28.26489881	    301.67995021	    -25.67255497	      0.18209203	     -0.00200000	     -0.24635983	      0.00000000	      0.27640447	     -0.00000000	      0.00000000	      0.00000000	      0.00000000	      0.00000000	      0.00000000	      0.00000000	      0.00000000	      0.00000000	      0.00000000
      0.08900000	    -29.64739408	    310.14078297	    -26.28731448	      0.18251116	     -0.00200000	     -0.24644149	      0.00000000	      0.27140160	      0.00000000	      0.00000000	      0.00000000	      0.00000000	      0.00000000	      0.00000000	      0.00000000	      0.00000000	      0.00000000	      0.00000000
      0.09000000	    -31.06958792	    318.54178756	    -26.86617710	      0.18294452	     -0.00200000	     -0.24653146	      0.00000000	      0.26482454	      0.00000000	      0.00000000	      0.00000000	      0.00000000	      0.00000000	      0.00000000	      0.00000000	      0.00000000	      0.00000000	      0.00000000
      0.09100000	    -32.54047595	    326.86153427	    -27.39693783	      0.18339594	     -0.00200000	     -0.24663205	      0.00000000	      0.25617666	      0.00000000	      0.00000000	      0.00000000	      0.00000000	      0.00000000	      0.00000000	      0.00000000	      0.00000000	      0.00000000	      0.00000000
      0.09200000	    -34.04939547	    335.11150628	    -27.88673900	      0.18386195	     -0.00200000	     -0.24674131	      0.00000000	      0.24579472	      0.00000000	      0.00000000	      0.00000000	      0.00000000	      0.00000000	      0.00000000	      0.00000000	      0.00000000	      0.00000000	      0.00000000
      0.09300000	    -35.60446016	    343.26899797	    -28.32242195	      0.18434636	     -0.00200000	     -0.24686162	      0.00000000	      0.23315684	     -0.00000000	      0.00000000	      0.00000000	      0.00000000	      0.00000000	      0.00000000	      0.00000000	      0.00000000	      0.00000000	      0.00000000
      0.09400000	    -37.19515353	    351.34866834	    -28.71260606	      0.18484555	     -0.00200000	     -0.24699091	      0.00000000	      0.21865151	      0.00000000	      0.00000000	      0.00000000	      0.00000000	      0.00000000	      0.00000000	      0.00000000	      0.00000000	      0.00000000	      0.00000000
      0.09500000	    -38.82853873	    359.32682455	    -29.04336620	      0.18536324	     -0.00200000	     -0.24713154	      0.00000000	      0.20174500	      0.00000000	      0.00000000	      0.00000000	      0.00000000	      0.00000000	      0.00000000	      0.00000000	      0.00000000	      0.00000000	      0.00000000
      0.09600000	    -40.49444944	    367.22086370	    -29.32471223	      0.18589569	     -0.00200000	     -0.24728132	      0.00000000	      0.18287379	      0.00000000	      0.00000000	      0.00000000	      0.00000000	      0.00000000	      0.00000000	      0.00000000	      0.00000000	      0.00000000	      0.00000000
      0.09700000	    -42.19878092	    375.00647828	    -29.54218071	      0.18644649	     -0.00200000	     -0.24744255	      0.00000000	      0.16150661	     -0.00000000	      0.00000000	      0.00000000	      0.00000000	      0.00000000	      0.00000000	      0.00000000	      0.00000000	      0.00000000	      0.00000000
      0.09800000	    -43.93193126	    382.70309567	    -29.70704064	      0.18701183	     -0.00200000	     -0.24761294	      0.00000000	      0.13812232	     -0.00000000	      0.00000000	      0.00000000	      0.00000000	      0.00000000	      0.00000000	      0.00000000	      0.00000000	      0.00000000	      0.00000000
      0.09900000	    -45.69852911	    390.28616622	    -29.80452217	      0.18759512	     -0.00200000	     -0.24779472	      0.00000000	      0.11221183	      0.00000000	      0.00000000	      0.00000000	      0.00000000	      0.00000000	      0.00000000	      0.00000000	      0.00000000	      0.00000000	      0.00000000
      0.10000000	    -47.48972878	    397.77666330	    -29.84700166	      0.18819256	     -0.00200000	     -0.24798552	      0.00000000	      0.08429334	     -0.00000000	      0.00000000	      0.00000000	      0.00000000	      0.00000000	      0.00000000	      0.00000000	      0.00000000	      0.00000000	      0.00000000
      0.10100000	    -49.30884764	    405.14968336	    -29.81965151	      0.18880730	     -0.00200000	     -0.24818743	     -0.00000000	      0.05390723	      0.00000000	      0.00000000	      0.00000000	      0.00000000	      0.00000000	      0.00000000	      0.00000000	      0.00000000	      0.00000000	      0.00000000
      0.10200000	    -51.14796013	    412.42741048	    -29.73579429	      0.18943553	     -0.00200000	     -0.24839802	      0.00000000	      0.02160023	      0.00000000	      0.00000000	      0.00000000	      0.00000000	      0.00000000	      0.00000000	      0.00000000	      0.00000000	      0.00000000	      0.00000000
      0.10300000	    -53.00906114	    419.58453134	    -29.58082221	      0.19008012	     -0.00200000	     -0.24861920	      0.00000000	     -0.01301549	      0.00000000	      0.00000000	      0.00000000	      0.00000000	      0.00000000	      0.00000000	      0.00000000	      0.00000000	      0.00000000	      0.00000000
      0.10400000	    -54.88530546	    426.64397508	    -29.36880291	      0.19073730	     -0.00200000	     -0.24884856	      0.00000000	     -0.04938563	     -0.00000000	      0.00000000	      0.00000000	      0.00000000	      0.00000000	      0.00000000	      0.00000000	      0.00000000	      0.00000000	      0.00000000
      0.10500000	    -56.77738413	    433.57990682	    -29.08560727	      0.19140956	     -0.00200000	     -0.24908778	      0.00000000	     -0.08780883	      0.00000000	      0.00000000	      0.00000000	      0.00000000	      0.00000000	      0.00000000	      0.00000000	      0.00000000	      0.00000000	      0.00000000
      0.10600000	    -58.67964029	    440.41581452	    -28.74581143	      0.19209328	     -0.00200000	     -0.24933453	      0.00000000	     -0.12774679	      0.00000000	      0.00000000	      0.00000000	      0.00000000	      0.00000000	      0.00000000	      0.00000000	      0.00000000	      0.00000000	      0.00000000
      0.10700000	    -60.59149466	    447.12502509	    -28.33602577	      0.19279051	     -0.00200000	     -0.24959027	      0.00000000	     -0.16939887	      0.00000000	      0.00000000	      0.00000000	      0.00000000	      0.00000000	      0.00000000	      0.00000000	      0.00000000	      0.00000000	      0.00000000
      0.10800000	    -62.50854582	    453.73164117	    -27.87108533	      0.19349786	     -0.00200000	     -0.24985279	      0.00000000	     -0.21226560	      0.00000000	      0.00000000	      0.00000000	      0.00000000	      0.00000000	      0.00000000	      0.00000000	      0.00000000	      0.00000000	      0.00000000
      0.10900000	    -64.42898884	    460.20822600	    -27.33857092	      0.19421696	     -0.00200000	     -0.25012332	      0.00000000	     -0.25643567	      0.00000000	      0.00000000	      0.00000000	      0.00000000	      0.00000000	      0.00000000	      0.00000000	      0.00000000	      0.00000000	      0.00000000
      0.11000000	    -66.34969264	    466.57953411	    -26.75331011	      0.19494472	     -0.00200000	     -0.25039982	      0.00000000	     -0.30146393	      0.00000000	      0.00000000	      0.00000000	      0.00000000	      0.00000000	      0.00000000	      0.00000000	      0.00000000	      0.00000000	      0.00000000
      0.11100000	    -68.26766953	    472.81758860	    -26.10404976	      0.19568231	     -0.00200000	     -0.25068321	      0.00000000	     -0.34731758	      0.00000000	      0.00000000	      0.00000000	      0.00000000	      0.00000000	      0.00000000	      0.00000000	      0.00000000	      0.00000000	      0.00000000
      0.11200000	    -70.18107176	    478.94790769	    -25.40533431	      0.19642700	     -0.00200000	     -0.25097165	      0.00000000	     -0.39362362	      0.00000000	      0.00000000	      0.00000000	      0.00000000	      0.00000000	      0.00000000	      0.00000000	      0.00000000	      0.00000000	      0.00000000
      0.11300000	    -72.08583131	    484.94223505	    -24.64724425	      0.19717956	     -0.00200000	     -0.25126579	      0.00000000	     -0.44022576	      0.00000000	      0.00000000	      0.00000000	      0.00000000	      0.00000000	      0.00000000	      0.00000000	      0.00000000	      0.00000000	      0.00000000
      0.11400000	    -73.98138940	    490.82685262	    -23.84377830	      0.19793761	     -0.00200000	     -0.25156402	      0.00000000	     -0.48684462	      0.00000000	      0.00000000	      0.00000000	      0.00000000	      0.00000000	      0.00000000	      0.00000000	      0.00000000	      0.00000000	      0.00000000
      0.11500000	    -75.86267218	    496.57342955	    -22.98645303	      0.19870155	     -0.00200000	     -0.25186676	      0.00000000	     -0.53320671	      0.00000000	      0.00000000	      0.00000000	      0.00000000	      0.00000000	      0.00000000	      0.00000000	      0.00000000	      0.00000000	      0.00000000
      0.11600000	    -77.73039490	    502.20899284	    -22.08846621	      0.19946939	     -0.00200000	     -0.25217259	      0.00000000	     -0.57913939	      0.00000000	      0.00000000	      0.00000000	      0.00000000	      0.00000000	      0.00000000	      0.00000000	      0.00000000	      0.00000000	      0.00000000
      0.11700000	    -79.57860455	    507.70550966	    -21.14284784	      0.20024113	     -0.00200000	     -0.25248167	      0.00000000	     -0.62425947	      0.00000000	      0.00000000	      0.00000000	      0.00000000	      0.00000000	      0.00000000	      0.00000000	      0.00000000	      0.00000000	      0.00000000
      0.11800000	    -81.40923083	    513.09086382	    -20.16177401	      0.20101523	     -0.00200000	     -0.25279286	      0.00000000	     -0.66851463	      0.00000000	      0.00000000	      0.00000000	      0.00000000	      0.00000000	      0.00000000	      0.00000000	      0.00000000	      0.00000000	      0.00000000
      0.11900000	    -83.21555704	    518.33773032	    -19.13981047	      0.20179134	     -0.00200000	     -0.25310607	      0.00000000	     -0.71143218	      0.00000000	      0.00000000	      0.00000000	      0.00000000	      0.00000000	      0.00000000	      0.00000000	      0.00000000	      0.00000000	      0.00000000
      0.12000000	    -85.00068635	    523.47458899	    -18.08794215	      0.20256836	     -0.00200000	     -0.25342045	      0.00000000	     -0.75308560	      0.00000000	      0.00000000	      0.00000000	      0.00000000	      0.00000000	      0.00000000	      0.00000000	      0.00000000	      0.00000000	      0.00000000
      0.12100000	    -86.75726876	    528.47536281	    -17.00227335	      0.20334561	     -0.00200000	     -0.25373575	      0.00000000	     -0.79293190	      0.00000000	      0.00000000	      0.00000000	      0.00000000	      0.00000000	      0.00000000	      0.00000000	      0.00000000	      0.00000000	      0.00000000
      0.12200000	    -88.48950267	    533.36888552	    -15.89246280	      0.20412236	     -0.00200000	     -0.25405135	      0.00000000	     -0.83116123	      0.00000000	      0.00000000	      0.00000000	      0.00000000	      0.00000000	      0.00000000	      0.00000000	      0.00000000	      0.00000000	      0.00000000
      0.12300000	    -90.18958732	    538.13083097	    -14.75612633	      0.20489766	     -0.00200000	     -0.25436683	      0.00000000	     -0.86717277	      0.00000000	      0.00000000	      0.00000000	      0.00000000	      0.00000000	      0.00000000	      0.00000000	      0.00000000	      0.00000000	      0.00000000
      0.12400000	    -91.86268598	    542.79010743	    -13.60148657	      0.20567115	     -0.00200000	     -0.25468181	      0.00000000	     -0.90126534	      0.00000000	      0.00000000	      0.00000000	      0.00000000	      0.00000000	      0.00000000	      0.00000000	      0.00000000	      0.00000000	      0.00000000
      0.12500000	    -93.50068495	    547.32477292	    -12.42759312	      0.20644156	     -0.00200000	     -0.25499566	      0.00000000	     -0.93279968	      0.00000000	      0.00000000	      0.00000000	      0.00000000	      0.00000000	      0.00000000	      0.00000000	      0.00000000	      0.00000000	      0.00000000
      0.12600000	    -95.10964155	    551.76328868	    -11.24116592	      0.20720889	     -0.00200000	     -0.25530821	      0.00000000	     -0.96217305	      0.00000000	      0.00000000	      0.00000000	      0.00000000	      0.00000000	      0.00000000	      0.00000000	      0.00000000	      0.00000000	      0.00000000
      0.12700000	    -96.68127820	    556.08656257	    -10.04258962	      0.20797159	     -0.00200000	     -0.25561867	      0.00000000	     -0.98872785	      0.00000000	      0.00000000	      0.00000000	      0.00000000	      0.00000000	      0.00000000	      0.00000000	      0.00000000	      0.00000000	      0.00000000
      0.12800000	    -98.22238237	    560.32199413	     -8.83705169	      0.20873000	     -0.00200000	     -0.25592707	      0.00000000	     -1.01295069	      0.00000000	      0.00000000	      0.00000000	      0.00000000	      0.00000000	      0.00000000	      0.00000000	      0.00000000	      0.00000000	      0.00000000
      0.12900000	    -99.72467273	    564.45362046	     -7.62616750	      0.20948232	     -0.00200000	     -0.25623246	      0.00000000	     -1.03418777	      0.00000000	      0.00000000	      0.00000000	      0.00000000	      0.00000000	      0.00000000	      0.00000000	      0.00000000	      0.00000000	      0.00000000
      0.13000000	   -101.19552910	    568.50727648	     -6.41361671	      0.21022921	     -0.00200000	     -0.25653510	      0.00000000	     -1.05299623	      0.00000000	      0.00000000	      0.00000000	      0.00000000	      0.00000000	      0.00000000	      0.00000000	      0.00000000	      0.00000000	      0.00000000
      0.13100000	   -102.62679309	    572.47033343	     -5.20213111	      0.21096865	     -0.00200000	     -0.25683387	      0.00000000	     -1.06874303	      0.00000000	      0.00000000	      0.00000000	      0.00000000	      0.00000000	      0.00000000	      0.00000000	      0.00000000	      0.00000000	      0.00000000
      0.13200000	   -104.02628034	    576.36667043	     -3.99393076	      0.21170158	     -0.00200000	     -0.25712923	      0.00000000	     -1.08203527	      0.00000000	      0.00000000	      0.00000000	      0.00000000	      0.00000000	      0.00000000	      0.00000000	      0.00000000	      0.00000000	      0.00000000
      0.13300000	   -105.38609698	    580.18710464	     -2.79275060	      0.21242576	     -0.00200000	     -0.25741992	      0.00000000	     -1.09227423	      0.00000000	      0.00000000	      0.00000000	      0.00000000	      0.00000000	      0.00000000	      0.00000000	      0.00000000	      0.00000000	      0.00000000
      0.13400000	   -106.71431571	    583.95311236	     -1.59942009	      0.21314242	     -0.00200000	     -0.25770657	      0.00000000	     -1.10009586	      0.00000000	      0.00000000	      0.00000000	      0.00000000	      0.00000000	      0.00000000	      0.00000000	      0.00000000	      0.00000000	      0.00000000
      0.13500000	   -108.00336674	    587.65910566	     -0.41855422	      0.21384909	     -0.00200000	     -0.25798779	      0.00000000	     -1.10494881	      0.00000000	      0.00000000	      0.00000000	      0.00000000	      0.00000000	      0.00000000	      0.00000000	      0.00000000	      0.00000000	      0.00000000
      0.13600000	   -109.26145315	    591.32359922	      0.75031439	      0.21454730	     -0.00200000	     -0.25826439	     -0.00000000	     -1.10748398	      0.00000000	      0.00000000	      0.00000000	      0.00000000	      0.00000000	      0.00000000	      0.00000000	      0.00000000	      0.00000000	      0.00000000
      0.13700000	   -110.48141867	    594.94443238	      1.90179120	      0.21523435	     -0.00200000	     -0.25853487	      0.00000000	     -1.10721013	      0.00000000	      0.00000000	      0.00000000	      0.00000000	      0.00000000	      0.00000000	      0.00000000	      0.00000000	      0.00000000	      0.00000000
      0.13800000	   -111.67142540	    598.53680432	      3.03753885	      0.21591205	     -0.00200000	     -0.25880020	      0.00000000	     -1.10477201	      0.00000000	      0.00000000	      0.00000000	      0.00000000	      0.00000000	      0.00000000	      0.00000000	      0.00000000	      0.00000000	      0.00000000
      0.13900000	   -112.82476410	    602.10160911	      4.15150996	      0.21657750	     -0.00200000	     -0.25905878	      0.00000000	     -1.09974878	      0.00000000	      0.00000000	      0.00000000	      0.00000000	      0.00000000	      0.00000000	      0.00000000	      0.00000000	      0.00000000	      0.00000000
      0.14000000	   -113.94945532	    605.65058142	      5.24647767	      0.21723274	     -0.00200000	     -0.25931172	      0.00000000	     -1.09276421	      0.00000000	      0.00000000	      0.00000000	      0.00000000	      0.00000000	      0.00000000	      0.00000000	      0.00000000	      0.00000000	      0.00000000
      0.14100000	   -115.03924057	    609.18727890	      6.31587161	      0.21787472	     -0.00200000	     -0.25955735	      0.00000000	     -1.08347494	      0.00000000	      0.00000000	      0.00000000	      0.00000000	      0.00000000	      0.00000000	      0.00000000	      0.00000000	      0.00000000	      0.00000000
      0.14200000	   -116.10184610	    612.71999031	      7.36346282	      0.21850574	     -0.00200000	     -0.25979694	      0.00000000	     -1.07246718	      0.00000000	      0.00000000	      0.00000000	      0.00000000	      0.00000000	      0.00000000	      0.00000000	      0.00000000	      0.00000000	      0.00000000
      0.14300000	   -117.13142693	    616.25473201	      8.38228129	      0.21912260	     -0.00200000	     -0.26002876	      0.00000000	     -1.05947539	      0.00000000	      0.00000000	      0.00000000	      0.00000000	      0.00000000	      0.00000000	      0.00000000	      0.00000000	      0.00000000	      0.00000000
      0.14400000	   -118.13533306	    619.79644001	      9.37697478	      0.21972781	     -0.00200000	     -0.26025423	      0.00000000	     -1.04503141	      0.00000000	      0.00000000	      0.00000000	      0.00000000	      0.00000000	      0.00000000	      0.00000000	      0.00000000	      0.00000000	      0.00000000
      0.14500000	   -119.10803616	    623.35325405	     10.34029014	      0.22031807	     -0.00200000	     -0.26047159	      0.00000000	     -1.02894226	      0.00000000	      0.00000000	      0.00000000	      0.00000000	      0.00000000	      0.00000000	      0.00000000	      0.00000000	      0.00000000	      0.00000000
      0.14600000	   -120.05644292	    626.92694366	     11.27763744	      0.22089606	     -0.00200000	     -0.26068234	      0.00000000	     -1.01167405	      0.00000000	      0.00000000	      0.00000000	      0.00000000	      0.00000000	      0.00000000	      0.00000000	      0.00000000	      0.00000000	      0.00000000
      0.14700000	   -120.97527087	    630.52739948	     12.18159404	      0.22145839	     -0.00200000	     -0.26088474	      0.00000000	     -0.99310044	      0.00000000	      0.00000000	      0.00000000	      0.00000000	      0.00000000	      0.00000000	      0.00000000	      0.00000000	      0.00000000	      0.00000000
      0.14800000	   -121.87101692	    634.15341079	     13.05819396	      0.22200795	     -0.00200000	     -0.26108039	      0.00000000	     -0.97361613	      0.00000000	      0.00000000	      0.00000000	      0.00000000	      0.00000000	      0.00000000	      0.00000000	      0.00000000	      0.00000000	      0.00000000
      0.14900000	   -122.73856625	    637.81581819	     13.89993308	      0.22254124	     -0.00200000	     -0.26126754	      0.00000000	     -0.95316018	      0.00000000	      0.00000000	      0.00000000	      0.00000000	      0.00000000	      0.00000000	      0.00000000	      0.00000000	      0.00000000	      0.00000000
      0.15000000	   -123.58403206	    641.51078463	     14.71335068	      0.22306135	     -0.00200000	     -0.26144786	      0.00000000	     -0.93205763	      0.00000000	      0.00000000	      0.00000000	      0.00000000	      0.00000000	      0.00000000	      0.00000000	      0.00000000	      0.00000000	      0.00000000
      0.15100000	   -124.40237775	    645.24993300	     15.49095614	      0.22356474	     -0.00200000	     -0.26161959	      0.00000000	     -0.91030481	      0.00000000	      0.00000000	      0.00000000	      0.00000000	      0.00000000	      0.00000000	      0.00000000	      0.00000000	      0.00000000	      0.00000000
      0.15200000	   -125.19936264	    649.02678132	     16.23966359	      0.22405462	     -0.00200000	     -0.26178443	      0.00000000	     -0.88815557	      0.00000000	      0.00000000	      0.00000000	      0.00000000	      0.00000000	      0.00000000	      0.00000000	      0.00000000	      0.00000000	      0.00000000
      0.15300000	   -125.96996874	    652.85328776	     16.95204992	      0.22452745	     -0.00200000	     -0.26194067	      0.00000000	     -0.86565701	      0.00000000	      0.00000000	      0.00000000	      0.00000000	      0.00000000	      0.00000000	      0.00000000	      0.00000000	      0.00000000	      0.00000000
      0.15400000	   -126.71963871	    656.72107041	     17.63529889	      0.22498657	     -0.00200000	     -0.26209003	      0.00000000	     -0.84299020	      0.00000000	      0.00000000	      0.00000000	      0.00000000	      0.00000000	      0.00000000	      0.00000000	      0.00000000	      0.00000000	      0.00000000
      0.15500000	   -127.44324654	    660.64167768	     18.28212105	      0.22542849	     -0.00200000	     -0.26223089	      0.00000000	     -0.82024799	      0.00000000	      0.00000000	      0.00000000	      0.00000000	      0.00000000	      0.00000000	      0.00000000	      0.00000000	      0.00000000	      0.00000000
      0.15600000	   -128.14605236	    664.60542381	     18.89987476	      0.22585662	     -0.00200000	     -0.26236499	      0.00000000	     -0.79754646	      0.00000000	      0.00000000	      0.00000000	      0.00000000	      0.00000000	      0.00000000	      0.00000000	      0.00000000	      0.00000000	      0.00000000
      0.15700000	   -128.82275879	    668.62344742	     19.48147733	      0.22626752	     -0.00200000	     -0.26249077	      0.00000000	     -0.77501254	      0.00000000	      0.00000000	      0.00000000	      0.00000000	      0.00000000	      0.00000000	      0.00000000	      0.00000000	      0.00000000	      0.00000000
      0.15800000	   -129.47845459	    672.68498242	     20.03437839	      0.22666468	     -0.00200000	     -0.26261000	      0.00000000	     -0.75269927	      0.00000000	      0.00000000	      0.00000000	      0.00000000	      0.00000000	      0.00000000	      0.00000000	      0.00000000	      0.00000000	      0.00000000
      0.15900000	   -130.10762632	    676.80060863	     20.55176534	      0.22704470	     -0.00200000	     -0.26272117	      0.00000000	     -0.73075851	      0.00000000	      0.00000000	      0.00000000	      0.00000000	      0.00000000	      0.00000000	      0.00000000	      0.00000000	      0.00000000	      0.00000000
      0.16000000	   -130.71531057	    680.95900118	     21.04109712	      0.22741110	     -0.00200000	     -0.26282602	      0.00000000	     -0.70918225	      0.00000000	      0.00000000	      0.00000000	      0.00000000	      0.00000000	      0.00000000	      0.00000000	      0.00000000	      0.00000000	      0.00000000
      0.16100000	   -131.29574805	    685.16958505	     21.49588987	      0.22776058	     -0.00200000	     -0.26292314	      0.00000000	     -0.68813314	      0.00000000	      0.00000000	      0.00000000	      0.00000000	      0.00000000	      0.00000000	      0.00000000	      0.00000000	      0.00000000	      0.00000000
      0.16200000	   -131.85402751	    689.42084908	     21.92352712	      0.22809666	     -0.00200000	     -0.26301418	      0.00000000	     -0.66755153	      0.00000000	      0.00000000	      0.00000000	      0.00000000	      0.00000000	      0.00000000	      0.00000000	      0.00000000	      0.00000000	      0.00000000
      0.16300000	   -132.38412887	    693.72087717	     22.31789101	      0.22841618	     -0.00200000	     -0.26309783	      0.00000000	     -0.64760396	      0.00000000	      0.00000000	      0.00000000	      0.00000000	      0.00000000	      0.00000000	      0.00000000	      0.00000000	      0.00000000	      0.00000000
      0.16400000	   -132.89129734	    698.05815816	     22.68622257	      0.22872263	     -0.00200000	     -0.26317571	      0.00000000	     -0.62819755	      0.00000000	      0.00000000	      0.00000000	      0.00000000	      0.00000000	      0.00000000	      0.00000000	      0.00000000	      0.00000000	      0.00000000
      0.16500000	   -133.36926699	    702.43924856	     23.02281745	      0.22901301	     -0.00200000	     -0.26324661	      0.00000000	     -0.60950045	      0.00000000	      0.00000000	      0.00000000	      0.00000000	      0.00000000	      0.00000000	      0.00000000	      0.00000000	      0.00000000	      0.00000000
      0.16600000	   -133.82345438	    706.85319602	     23.33470061	      0.22929077	     -0.00200000	     -0.26331212	      0.00000000	     -0.59138918	      0.00000000	      0.00000000	      0.00000000	      0.00000000	      0.00000000	      0.00000000	      0.00000000	      0.00000000	      0.00000000	      0.00000000
      0.16700000	   -134.24739987	    711.30488068	     23.61659799	      0.22955305	     -0.00200000	     -0.26337114	      0.00000000	     -0.57402701	      0.00000000	      0.00000000	      0.00000000	      0.00000000	      0.00000000	      0.00000000	      0.00000000	      0.00000000	      0.00000000	      0.00000000
      0.16800000	   -134.64671373	    715.78413248	     23.87524582	      0.22980323	     -0.00200000	     -0.26342517	      0.00000000	     -0.55727074	      0.00000000	      0.00000000	      0.00000000	      0.00000000	      0.00000000	      0.00000000	      0.00000000	      0.00000000	      0.00000000	      0.00000000
      0.16900000	   -135.01473516	    720.29419243	     24.10580311	      0.23003862	     -0.00200000	     -0.26347321	      0.00000000	     -0.54127675	      0.00000000	      0.00000000	      0.00000000	      0.00000000	      0.00000000	      0.00000000	      0.00000000	      0.00000000	      0.00000000	      0.00000000
      0.17000000	   -135.35732031	    724.82615709	     24.31467734	      0.23026247	     -0.00200000	     -0.26351667	      0.00000000	     -0.52589109	      0.00000000	      0.00000000	      0.00000000	      0.00000000	      0.00000000	      0.00000000	      0.00000000	      0.00000000	      0.00000000	      0.00000000
      0.17100000	   -135.66765189	    729.38151658	     24.49748013	      0.23047228	     -0.00200000	     -0.26355466	      0.00000000	     -0.51126289	      0.00000000	      0.00000000	      0.00000000	      0.00000000	      0.00000000	      0.00000000	      0.00000000	      0.00000000	      0.00000000	      0.00000000
      0.17200000	   -135.95183194	    733.95267129	     24.66026880	      0.23067116	     -0.00200000	     -0.26358850	      0.00000000	     -0.49723252	      0.00000000	      0.00000000	      0.00000000	      0.00000000	      0.00000000	      0.00000000	      0.00000000	      0.00000000	      0.00000000	      0.00000000
      0.17300000	   -136.20290905	    738.53939772	     24.79911502	      0.23085680	     -0.00200000	     -0.26361744	      0.00000000	     -0.48393783	      0.00000000	      0.00000000	      0.00000000	      0.00000000	      0.00000000	      0.00000000	      0.00000000	      0.00000000	      0.00000000	      0.00000000
      0.17400000	   -136.42723858	    743.13543737	     24.91969243	      0.23103218	     -0.00200000	     -0.26364271	      0.00000000	     -0.47121857	      0.00000000	      0.00000000	      0.00000000	      0.00000000	      0.00000000	      0.00000000	      0.00000000	      0.00000000	      0.00000000	      0.00000000
      0.17500000	   -136.61781698	    747.73900211	     25.01854952	      0.23119515	     -0.00200000	     -0.26366366	      0.00000000	     -0.45920001	      0.00000000	      0.00000000	      0.00000000	      0.00000000	      0.00000000	      0.00000000	      0.00000000	      0.00000000	      0.00000000	      0.00000000
      0.17600000	   -136.78117096	    752.34502554	     25.10093525	      0.23134856	     -0.00200000	     -0.26368142	      0.00000000	     -0.44772910	      0.00000000	      0.00000000	      0.00000000	      0.00000000	      0.00000000	      0.00000000	      0.00000000	      0.00000000	      0.00000000	      0.00000000
      0.17700000	   -136.91030443	    756.95011765	     25.16387403	      0.23149047	     -0.00200000	     -0.26369546	      0.00000000	     -0.43692783	      0.00000000	      0.00000000	      0.00000000	      0.00000000	      0.00000000	      0.00000000	      0.00000000	      0.00000000	      0.00000000	      0.00000000
      0.17800000	   -137.01190054	    761.55096292	     25.21217614	      0.23162355	     -0.00200000	     -0.26370679	      0.00000000	     -0.42665251	      0.00000000	      0.00000000	      0.00000000	      0.00000000	      0.00000000	      0.00000000	      0.00000000	      0.00000000	      0.00000000	      0.00000000
      0.17900000	   -137.07898557	    766.14223421	     25.24333727	      0.23174604	     -0.00200000	     -0.26371502	      0.00000000	     -0.41702605	      0.00000000	      0.00000000	      0.00000000	      0.00000000	      0.00000000	      0.00000000	      0.00000000	      0.00000000	      0.00000000	      0.00000000
      0.18000000	   -137.11839914	    770.72255313	     25.26170760	      0.23186042	     -0.00200000	     -0.26372099	      0.00000000	     -0.40790863	      0.00000000	      0.00000000	      0.00000000	      0.00000000	      0.00000000	      0.00000000	      0.00000000	      0.00000000	      0.00000000	      0.00000000
      0.18100000	   -137.12326437	    775.28502792	     25.26522242	      0.23196511	     -0.00200000	     -0.26372442	      0.00000000	     -0.39941834	      0.00000000	      0.00000000	      0.00000000	      0.00000000	      0.00000000	      0.00000000	      0.00000000	      0.00000000	      0.00000000	      0.00000000
      0.18200000	   -137.10053265	    779.82991934	     25.25774390	      0.23206240	     -0.00200000	     -0.26372604	      0.00000000	     -0.39142013	      0.00000000	      0.00000000	      0.00000000	      0.00000000	      0.00000000	      0.00000000	      0.00000000	      0.00000000	      0.00000000	      0.00000000
      0.18300000	   -137.04342395	    784.34899449	     25.23760963	      0.23215086	     -0.00200000	     -0.26372563	      0.00000000	     -0.38402532	      0.00000000	      0.00000000	      0.00000000	      0.00000000	      0.00000000	      0.00000000	      0.00000000	      0.00000000	      0.00000000	      0.00000000
      0.18400000	   -136.95897162	    788.84437680	     25.20819567	      0.23223258	     -0.00200000	     -0.26372379	      0.00000000	     -0.37710603	      0.00000000	      0.00000000	      0.00000000	      0.00000000	      0.00000000	      0.00000000	      0.00000000	      0.00000000	      0.00000000	      0.00000000
      0.18500000	   -136.84058934	    793.30645502	     25.16821492	      0.23230626	     -0.00200000	     -0.26372037	      0.00000000	     -0.37077408	      0.00000000	      0.00000000	      0.00000000	      0.00000000	      0.00000000	      0.00000000	      0.00000000	      0.00000000	      0.00000000	      0.00000000
      0.18600000	   -136.69528067	    797.73910344	     25.12058616	      0.23237382	     -0.00200000	     -0.26371584	      0.00000000	     -0.36490928	      0.00000000	      0.00000000	      0.00000000	      0.00000000	      0.00000000	      0.00000000	      0.00000000	      0.00000000	      0.00000000	      0.00000000
      0.18700000	   -136.51666790	    802.13151872	     25.06436873	      0.23243411	     -0.00200000	     -0.26371012	      0.00000000	     -0.35962883	      0.00000000	      0.00000000	      0.00000000	      0.00000000	      0.00000000	      0.00000000	      0.00000000	      0.00000000	      0.00000000	      0.00000000
      0.18800000	   -136.31169498	    806.48913980	     25.00203252	      0.23248889	     -0.00200000	     -0.26370360	      0.00000000	     -0.35481481	      0.00000000	      0.00000000	      0.00000000	      0.00000000	      0.00000000	      0.00000000	      0.00000000	      0.00000000	      0.00000000	      0.00000000
      0.18900000	   -136.07418537	    810.79997122	     24.93295353	      0.23253714	     -0.00200000	     -0.26369625	      0.00000000	     -0.35058559	      0.00000000	      0.00000000	      0.00000000	      0.00000000	      0.00000000	      0.00000000	      0.00000000	      0.00000000	      0.00000000	      0.00000000
      0.19000000	   -135.81098616	    815.07101655	     24.85917881	      0.23258047	     -0.00200000	     -0.26368838	      0.00000000	     -0.34682188	      0.00000000	      0.00000000	      0.00000000	      0.00000000	      0.00000000	      0.00000000	      0.00000000	      0.00000000	      0.00000000	      0.00000000
      0.19100000	   -135.51613688	    819.28949803	     24.78036284	      0.23261797	     -0.00200000	     -0.26367999	      0.00000000	     -0.34363647	      0.00000000	      0.00000000	      0.00000000	      0.00000000	      0.00000000	      0.00000000	      0.00000000	      0.00000000	      0.00000000	      0.00000000
      0.19200000	   -135.19635797	    823.46364856	     24.69814382	      0.23265110	     -0.00200000	     -0.26367132	      0.00000000	     -0.34091056	      0.00000000	      0.00000000	      0.00000000	      0.00000000	      0.00000000	      0.00000000	      0.00000000	      0.00000000	      0.00000000	      0.00000000
      0.19300000	   -134.84591991	    827.57987082	     24.61240720	      0.23267909	     -0.00200000	     -0.26366242	      0.00000000	     -0.33875506	      0.00000000	      0.00000000	      0.00000000	      0.00000000	      0.00000000	      0.00000000	      0.00000000	      0.00000000	      0.00000000	      0.00000000
      0.19400000	   -134.47140157	    831.64781332	     24.52441119	      0.23270323	     -0.00200000	     -0.26365347	      0.00000000	     -0.33705465	      0.00000000	      0.00000000	      0.00000000	      0.00000000	      0.00000000	      0.00000000	      0.00000000	      0.00000000	      0.00000000	      0.00000000
      0.19500000	   -134.06738639	    835.65309644	     24.43423960	      0.23272289	     -0.00200000	     -0.26364459	      0.00000000	     -0.33592402	      0.00000000	      0.00000000	      0.00000000	      0.00000000	      0.00000000	      0.00000000	      0.00000000	      0.00000000	      0.00000000	      0.00000000
      0.19600000	   -133.64027441	    839.60637450	     24.34281819	      0.23273920	     -0.00200000	     -0.26363589	      0.00000000	     -0.33525056	      0.00000000	      0.00000000	      0.00000000	      0.00000000	      0.00000000	      0.00000000	      0.00000000	      0.00000000	      0.00000000	      0.00000000
      0.19700000	   -133.18493962	    843.49259734	     24.25040491	      0.23275164	     -0.00200000	     -0.26362752	      0.00000000	     -0.33515017	      0.00000000	      0.00000000	      0.00000000	      0.00000000	      0.00000000	      0.00000000	      0.00000000	      0.00000000	      0.00000000	      0.00000000
      0.19800000	   -132.70756602	    847.32353687	     24.15762842	      0.23276121	     -0.00200000	     -0.26361952	      0.00000000	     -0.33551405	      0.00000000	      0.00000000	      0.00000000	      0.00000000	      0.00000000	      0.00000000	      0.00000000	      0.00000000	      0.00000000	      0.00000000
      0.19900000	   -132.20334798	    851.08343512	     24.06490687	      0.23276747	     -0.00200000	     -0.26361207	      0.00000000	     -0.33646640	      0.00000000	      0.00000000	      0.00000000	      0.00000000	      0.00000000	      0.00000000	      0.00000000	      0.00000000	      0.00000000	      0.00000000
      0.20000000	   -131.67820871	    854.78521883	     23.97260815	      0.23277130	     -0.00200000	     -0.26360515	      0.00000000	     -0.33789756	      0.00000000	      0.00000000	      0.00000000	      0.00000000	      0.00000000	      0.00000000	      0.00000000	      0.00000000	      0.00000000	      0.00000000
      0.20100000	   -131.12763315	    858.41257125	     23.88127800	      0.23277236	     -0.00200000	     -0.26359898	      0.00000000	     -0.33993509	      0.00000000	      0.00000000	      0.00000000	      0.00000000	      0.00000000	      0.00000000	      0.00000000	      0.00000000	      0.00000000	      0.00000000
      0.20200000	   -130.55728376	    861.97920144	     23.79105985	      0.23277140	     -0.00200000	     -0.26359348	      0.00000000	     -0.34246007	      0.00000000	      0.00000000	      0.00000000	      0.00000000	      0.00000000	      0.00000000	      0.00000000	      0.00000000	      0.00000000	      0.00000000
      0.20300000	   -129.96293604	    865.46856910	     23.70262798	      0.23276818	     -0.00200000	     -0.26358891	      0.00000000	     -0.34559551	      0.00000000	      0.00000000	      0.00000000	      0.00000000	      0.00000000	      0.00000000	      0.00000000	      0.00000000	      0.00000000	      0.00000000
      0.20400000	   -129.34994698	    868.89512837	     23.61592464	      0.23276333	     -0.00200000	     -0.26358515	      0.00000000	     -0.34921768	      0.00000000	      0.00000000	      0.00000000	      0.00000000	      0.00000000	      0.00000000	      0.00000000	      0.00000000	      0.00000000	      0.00000000
      0.20500000	   -128.71441245	    872.24204093	     23.53172656	      0.23275671	     -0.00200000	     -0.26358247	      0.00000000	     -0.35344828	      0.00000000	      0.00000000	      0.00000000	      0.00000000	      0.00000000	      0.00000000	      0.00000000	      0.00000000	      0.00000000	      0.00000000
      0.20600000	   -128.06141376	    875.52458048	     23.44977669	      0.23274885	     -0.00200000	     -0.26358073	      0.00000000	     -0.35816191	      0.00000000	      0.00000000	      0.00000000	      0.00000000	      0.00000000	      0.00000000	      0.00000000	      0.00000000	      0.00000000	      0.00000000
      0.20700000	   -127.38735974	    878.72572243	     23.37091509	      0.23273966	     -0.00200000	     -0.26358021	      0.00000000	     -0.36347722	      0.00000000	      0.00000000	      0.00000000	      0.00000000	      0.00000000	      0.00000000	      0.00000000	      0.00000000	      0.00000000	      0.00000000
      0.20800000	   -126.69707835	    881.86115026	     23.29472080	      0.23272958	     -0.00200000	     -0.26358073	      0.00000000	     -0.36927105	      0.00000000	      0.00000000	      0.00000000	      0.00000000	      0.00000000	      0.00000000	      0.00000000	      0.00000000	      0.00000000	      0.00000000
      0.20900000	   -125.98728389	    884.91357863	     23.22207950	      0.23271859	     -0.00200000	     -0.26358261	      0.00000000	     -0.37565877	      0.00000000	      0.00000000	      0.00000000	      0.00000000	      0.00000000	      0.00000000	      0.00000000	      0.00000000	      0.00000000	      0.00000000
      0.21000000	   -125.26254356	    887.89910078	     23.15243892	      0.23270704	     -0.00200000	     -0.26358560	      0.00000000	     -0.38252184	      0.00000000	      0.00000000	      0.00000000	      0.00000000	      0.00000000	      0.00000000	      0.00000000	      0.00000000	      0.00000000	      0.00000000
      0.21100000	   -124.51987714	    890.80039412	     23.08672760	      0.23269499	     -0.00200000	     -0.26359003	      0.00000000	     -0.38997477	      0.00000000	      0.00000000	      0.00000000	      0.00000000	      0.00000000	      0.00000000	      0.00000000	      0.00000000	      0.00000000	      0.00000000
      0.21200000	   -123.76353145	    893.63381267	     23.02428335	      0.23268268	     -0.00200000	     -0.26359564	      0.00000000	     -0.39789857	      0.00000000	      0.00000000	      0.00000000	      0.00000000	      0.00000000	      0.00000000	      0.00000000	      0.00000000	      0.00000000	      0.00000000
      0.21300000	   -122.99085408	    896.38207108	     22.96605334	      0.23267024	     -0.00200000	     -0.26360273	      0.00000000	     -0.40640635	      0.00000000	      0.00000000	      0.00000000	      0.00000000	      0.00000000	      0.00000000	      0.00000000	      0.00000000	      0.00000000	      0.00000000
      0.21400000	   -122.20574170	    899.06193316	     22.91128226	      0.23265786	     -0.00200000	     -0.26361103	      0.00000000	     -0.41537499	      0.00000000	      0.00000000	      0.00000000	      0.00000000	      0.00000000	      0.00000000	      0.00000000	      0.00000000	      0.00000000	      0.00000000
      0.21500000	   -121.40586972	    901.65626258	     22.86091913	      0.23264575	     -0.00200000	     -0.26362088	      0.00000000	     -0.42491223	      0.00000000	      0.00000000	      0.00000000	      0.00000000	      0.00000000	      0.00000000	      0.00000000	      0.00000000	      0.00000000	      0.00000000
      0.21600000	   -120.59479952	    904.18204665	     22.81413600	      0.23263400	     -0.00200000	     -0.26363199	      0.00000000	     -0.43489782	      0.00000000	      0.00000000	      0.00000000	      0.00000000	      0.00000000	      0.00000000	      0.00000000	      0.00000000	      0.00000000	      0.00000000
      0.21700000	   -119.77050826	    906.62226081	     22.77185209	      0.23262289	     -0.00200000	     -0.26364474	      0.00000000	     -0.44543225	      0.00000000	      0.00000000	      0.00000000	      0.00000000	      0.00000000	      0.00000000	      0.00000000	      0.00000000	      0.00000000	      0.00000000
      0.21800000	   -118.93626302	    908.99400413	     22.73317799	      0.23261244	     -0.00200000	     -0.26365881	      0.00000000	     -0.45639674	      0.00000000	      0.00000000	      0.00000000	      0.00000000	      0.00000000	      0.00000000	      0.00000000	      0.00000000	      0.00000000	      0.00000000
      0.21900000	   -118.09034646	    911.28040105	     22.69900125	      0.23260299	     -0.00200000	     -0.26367459	      0.00000000	     -0.46788367	      0.00000000	      0.00000000	      0.00000000	      0.00000000	      0.00000000	      0.00000000	      0.00000000	      0.00000000	      0.00000000	      0.00000000
      0.22000000	   -117.23572761	    913.49869967	     22.66841196	      0.23259448	     -0.00200000	     -0.26369174	      0.00000000	     -0.47977746	      0.00000000	      0.00000000	      0.00000000	      0.00000000	      0.00000000	      0.00000000	      0.00000000	      0.00000000	      0.00000000	      0.00000000
      0.22100000	   -116.37101695	    915.63217342	     22.64227811	      0.23258734	     -0.00200000	     -0.26371067	      0.00000000	     -0.49216739	      0.00000000	      0.00000000	      0.00000000	      0.00000000	      0.00000000	      0.00000000	      0.00000000	      0.00000000	      0.00000000	      0.00000000
      0.22200000	   -115.49888551	    917.69784689	     22.61967771	      0.23258144	     -0.00200000	     -0.26373104	      0.00000000	     -0.50494580	      0.00000000	      0.00000000	      0.00000000	      0.00000000	      0.00000000	      0.00000000	      0.00000000	      0.00000000	      0.00000000	      0.00000000
      0.22300000	   -114.61828277	    919.67899352	     22.60144055	      0.23257727	     -0.00200000	     -0.26375325	      0.00000000	     -0.51819591	      0.00000000	      0.00000000	      0.00000000	      0.00000000	      0.00000000	      0.00000000	      0.00000000	      0.00000000	      0.00000000	      0.00000000
      0.22400000	   -113.73154074	    921.59271240	     22.58664556	      0.23257462	     -0.00200000	     -0.26377695	      0.00000000	     -0.53181192	      0.00000000	      0.00000000	      0.00000000	      0.00000000	      0.00000000	      0.00000000	      0.00000000	      0.00000000	      0.00000000	      0.00000000
      0.22500000	   -112.83794791	    923.42227697	     22.57607225	      0.23257405	     -0.00200000	     -0.26380251	      0.00000000	     -0.54587476	      0.00000000	      0.00000000	      0.00000000	      0.00000000	      0.00000000	      0.00000000	      0.00000000	      0.00000000	      0.00000000	      0.00000000
      0.22600000	   -111.93950474	    925.18471181	     22.56881073	      0.23257529	     -0.00200000	     -0.26382958	      0.00000000	     -0.56028560	      0.00000000	      0.00000000	      0.00000000	      0.00000000	      0.00000000	      0.00000000	      0.00000000	      0.00000000	      0.00000000	      0.00000000
      0.22700000	   -111.03578657	    926.86366290	     22.56559394	      0.23257895	     -0.00200000	     -0.26385850	      0.00000000	     -0.57511969	      0.00000000	      0.00000000	      0.00000000	      0.00000000	      0.00000000	      0.00000000	      0.00000000	      0.00000000	      0.00000000	      0.00000000
      0.22800000	   -110.12845486	    928.47608030	     22.56554179	      0.23258467	     -0.00200000	     -0.26388892	      0.00000000	     -0.59028110	      0.00000000	      0.00000000	      0.00000000	      0.00000000	      0.00000000	      0.00000000	      0.00000000	      0.00000000	      0.00000000	      0.00000000
      0.22900000	   -109.21733826	    930.00579625	     22.56936301	      0.23259312	     -0.00200000	     -0.26392117	      0.00000000	     -0.60583894	      0.00000000	      0.00000000	      0.00000000	      0.00000000	      0.00000000	      0.00000000	      0.00000000	      0.00000000	      0.00000000	      0.00000000
      0.23000000	   -108.30374807	    931.46979809	     22.57622406	      0.23260386	     -0.00200000	     -0.26395490	      0.00000000	     -0.62170142	      0.00000000	      0.00000000	      0.00000000	      0.00000000	      0.00000000	      0.00000000	      0.00000000	      0.00000000	      0.00000000	      0.00000000
      0.23100000	   -107.38777369	    932.85210431	     22.58682344	      0.23261760	     -0.00200000	     -0.26399045	      0.00000000	     -0.63792834	      0.00000000	      0.00000000	      0.00000000	      0.00000000	      0.00000000	      0.00000000	      0.00000000	      0.00000000	      0.00000000	      0.00000000
      0.23200000	   -106.47041351	    934.16959047	     22.60037139	      0.23263384	     -0.00200000	     -0.26402745	     -0.00000000	     -0.65442843	      0.00000000	      0.00000000	      0.00000000	      0.00000000	      0.00000000	      0.00000000	      0.00000000	      0.00000000	      0.00000000	      0.00000000
      0.23300000	   -105.55196181	    935.40638685	     22.61754964	      0.23265335	     -0.00200000	     -0.26406625	     -0.00000000	     -0.67124891	      0.00000000	      0.00000000	      0.00000000	      0.00000000	      0.00000000	      0.00000000	      0.00000000	      0.00000000	      0.00000000	      0.00000000
      0.23400000	   -104.63315248	    936.57918274	     22.63759263	      0.23267557	     -0.00200000	     -0.26410647	      0.00000000	     -0.68830739	      0.00000000	      0.00000000	      0.00000000	      0.00000000	      0.00000000	      0.00000000	      0.00000000	      0.00000000	      0.00000000	      0.00000000
      0.23500000	   -103.71447727	    937.67225742	     22.66116813	      0.23270131	     -0.00200000	     -0.26414848	      0.00000000	     -0.70564358	      0.00000000	      0.00000000	      0.00000000	      0.00000000	      0.00000000	      0.00000000	      0.00000000	      0.00000000	      0.00000000	      0.00000000
      0.23600000	   -102.79636830	    938.70185316	     22.68752456	      0.23272995	     -0.00200000	     -0.26419192	     -0.00000000	     -0.72318410	      0.00000000	      0.00000000	      0.00000000	      0.00000000	      0.00000000	      0.00000000	      0.00000000	      0.00000000	      0.00000000	      0.00000000
      0.23700000	   -101.87950358	    939.65247273	     22.71730639	      0.23276234	     -0.00200000	     -0.26423714	      0.00000000	     -0.74095457	      0.00000000	      0.00000000	      0.00000000	      0.00000000	      0.00000000	      0.00000000	      0.00000000	      0.00000000	      0.00000000	      0.00000000
      0.23800000	   -100.96403211	    940.54013491	     22.74978347	      0.23279782	     -0.00200000	     -0.26428380	      0.00000000	     -0.75888738	      0.00000000	      0.00000000	      0.00000000	      0.00000000	      0.00000000	      0.00000000	      0.00000000	      0.00000000	      0.00000000	      0.00000000
      0.23900000	   -100.05076602	    941.34937972	     22.78557513	      0.23283728	     -0.00200000	     -0.26433227	      0.00000000	     -0.77699443	      0.00000000	      0.00000000	      0.00000000	      0.00000000	      0.00000000	      0.00000000	      0.00000000	      0.00000000	      0.00000000	      0.00000000
      0.24000000	    -99.13960099	    942.09611416	     22.82396890	      0.23288001	     -0.00200000	     -0.26438220	     -0.00000000	     -0.79521798	     -0.00000000	      0.00000000	      0.00000000	      0.00000000	      0.00000000	      0.00000000	      0.00000000	      0.00000000	      0.00000000	      0.00000000
      0.24100000	    -98.23144972	    942.76499003	     22.86555246	      0.23292691	     -0.00200000	     -0.26443395	      0.00000000	     -0.81355884	      0.00000000	      0.00000000	      0.00000000	      0.00000000	      0.00000000	      0.00000000	      0.00000000	      0.00000000	      0.00000000	      0.00000000
      0.24200000	    -97.32598066	    943.37180257	     22.90963754	      0.23297721	     -0.00200000	     -0.26448715	      0.00000000	     -0.83196900	      0.00000000	      0.00000000	      0.00000000	      0.00000000	      0.00000000	      0.00000000	      0.00000000	      0.00000000	      0.00000000	      0.00000000
      0.24300000	    -96.42418101	    943.90146434	     22.95679320	      0.23303182	     -0.00200000	     -0.26454213	     -0.00000000	     -0.85043602	      0.00000000	      0.00000000	      0.00000000	      0.00000000	      0.00000000	      0.00000000	      0.00000000	      0.00000000	      0.00000000	      0.00000000
      0.24400000	    -95.52553296	    944.36950982	     23.00636098	      0.23308992	     -0.00200000	     -0.26459854	      0.00000000	     -0.86892689	      0.00000000	      0.00000000	      0.00000000	      0.00000000	      0.00000000	      0.00000000	      0.00000000	      0.00000000	      0.00000000	      0.00000000
      0.24500000	    -94.63107958	    944.76085156	     23.05889688	      0.23315244	     -0.00200000	     -0.26465671	      0.00000000	     -0.88742180	      0.00000000	      0.00000000	      0.00000000	      0.00000000	      0.00000000	      0.00000000	      0.00000000	      0.00000000	      0.00000000	      0.00000000
      0.24600000	    -93.74015033	    945.09094954	     23.11377600	      0.23321853	     -0.00200000	     -0.26471626	      0.00000000	     -0.90589982	      0.00000000	      0.00000000	      0.00000000	      0.00000000	      0.00000000	      0.00000000	      0.00000000	      0.00000000	      0.00000000	      0.00000000
      0.24700000	    -92.85381809	    945.34467906	     23.17155804	      0.23328911	     -0.00200000	     -0.26477753	      0.00000000	     -0.92433328	      0.00000000	      0.00000000	      0.00000000	      0.00000000	      0.00000000	      0.00000000	      0.00000000	      0.00000000	      0.00000000	      0.00000000
      0.24800000	    -91.97130054	    945.53731382	     23.23164791	      0.23336332	     -0.00200000	     -0.26484017	      0.00000000	     -0.94271411	      0.00000000	      0.00000000	      0.00000000	      0.00000000	      0.00000000	      0.00000000	      0.00000000	      0.00000000	      0.00000000	      0.00000000
      0.24900000	    -91.09367058	    945.65380365	     23.29460718	      0.23344210	     -0.00200000	     -0.26490450	     -0.00000000	     -0.96101058	      0.00000000	      0.00000000	      0.00000000	      0.00000000	      0.00000000	      0.00000000	      0.00000000	      0.00000000	      0.00000000	      0.00000000
      0.25000000	    -90.22004157	    945.70934772	     23.35985191	      0.23352457	     -0.00200000	     -0.26497019	      0.00000000	     -0.97922628	      0.00000000	      0.00000000	      0.00000000	      0.00000000	      0.00000000	      0.00000000	      0.00000000	      0.00000000	      0.00000000	      0.00000000
      0.25100000	    -89.35149387	    945.68885863	     23.42793066	      0.23361170	     -0.00200000	     -0.26503758	      0.00000000	     -0.99732160	      0.00000000	      0.00000000	      0.00000000	      0.00000000	      0.00000000	      0.00000000	      0.00000000	      0.00000000	      0.00000000	      0.00000000
      0.25200000	    -88.48705888	    945.60742378	     23.49825203	      0.23370259	     -0.00200000	     -0.26510634	     -0.00000000	     -1.01530547	     -0.00000000	      0.00000000	      0.00000000	      0.00000000	      0.00000000	      0.00000000	      0.00000000	      0.00000000	      0.00000000	      0.00000000
      0.25300000	    -87.62779087	    945.44980675	     23.57132081	      0.23379819	     -0.00200000	     -0.26517682	     -0.00000000	     -1.03312885	      0.00000000	      0.00000000	      0.00000000	      0.00000000	      0.00000000	      0.00000000	      0.00000000	      0.00000000	      0.00000000	      0.00000000
      0.25400000	    -86.77267283	    945.23131847	     23.64652976	      0.23389761	     -0.00200000	     -0.26524868	     -0.00000000	     -1.05080760	     -0.00000000	      0.00000000	      0.00000000	      0.00000000	      0.00000000	      0.00000000	      0.00000000	      0.00000000	      0.00000000	      0.00000000
      0.25500000	    -85.92275530	    944.93661076	     23.72431755	      0.23400179	     -0.00200000	     -0.26532223	      0.00000000	     -1.06828649	      0.00000000	      0.00000000	      0.00000000	      0.00000000	      0.00000000	      0.00000000	      0.00000000	      0.00000000	      0.00000000	      0.00000000
      0.25600000	    -85.07699519	    944.58103180	     23.80408347	      0.23410980	     -0.00200000	     -0.26539712	      0.00000000	     -1.08559137	      0.00000000	      0.00000000	      0.00000000	      0.00000000	      0.00000000	      0.00000000	      0.00000000	      0.00000000	      0.00000000	      0.00000000
      0.25700000	    -84.23642814	    944.14941967	     23.88621122	      0.23422261	     -0.00200000	     -0.26547366	      0.00000000	     -1.10266232	      0.00000000	      0.00000000	      0.00000000	      0.00000000	      0.00000000	      0.00000000	      0.00000000	      0.00000000	      0.00000000	      0.00000000
      0.25800000	    -83.39998871	    943.65693629	     23.97014014	      0.23433925	     -0.00200000	     -0.26555150	      0.00000000	     -1.11953324	      0.00000000	      0.00000000	      0.00000000	      0.00000000	      0.00000000	      0.00000000	      0.00000000	      0.00000000	      0.00000000	      0.00000000
      0.25900000	    -82.56866038	    943.08845699	     24.05620739	      0.23446069	     -0.00200000	     -0.26563093	      0.00000000	     -1.13613791	      0.00000000	      0.00000000	      0.00000000	      0.00000000	      0.00000000	      0.00000000	      0.00000000	      0.00000000	      0.00000000	      0.00000000
      0.26000000	    -81.74137026	    942.45932996	     24.14388955	      0.23458595	     -0.00200000	     -0.26571163	      0.00000000	     -1.15251702	      0.00000000	      0.00000000	      0.00000000	      0.00000000	      0.00000000	      0.00000000	      0.00000000	      0.00000000	      0.00000000	      0.00000000
      0.26100000	    -80.91904223	    941.75446779	     24.23345577	      0.23471599	     -0.00200000	     -0.26579389	      0.00000000	     -1.16859986	      0.00000000	      0.00000000	      0.00000000	      0.00000000	      0.00000000	      0.00000000	      0.00000000	      0.00000000	      0.00000000	      0.00000000
      0.26200000	    -80.10059595	    940.98925591	     24.32441711	      0.23484987	     -0.00200000	     -0.26587739	      0.00000000	     -1.18443348	      0.00000000	      0.00000000	      0.00000000	      0.00000000	      0.00000000	      0.00000000	      0.00000000	      0.00000000	      0.00000000	      0.00000000
      0.26300000	    -79.28691059	    940.14890492	     24.41698313	      0.23498852	     -0.00200000	     -0.26596240	     -0.00000000	     -1.19994168	      0.00000000	      0.00000000	      0.00000000	      0.00000000	      0.00000000	      0.00000000	      0.00000000	      0.00000000	      0.00000000	      0.00000000
      0.26400000	    -78.47695798	    939.24865127	     24.51071329	      0.23513099	     -0.00200000	     -0.26604863	      0.00000000	     -1.21517884	      0.00000000	      0.00000000	      0.00000000	      0.00000000	      0.00000000	      0.00000000	      0.00000000	      0.00000000	      0.00000000	      0.00000000
      0.26500000	    -77.67158002	    938.27392906	     24.60574452	      0.23527825	     -0.00200000	     -0.26613637	     -0.00000000	     -1.23006757	      0.00000000	      0.00000000	      0.00000000	      0.00000000	      0.00000000	      0.00000000	      0.00000000	      0.00000000	      0.00000000	      0.00000000
      0.26600000	    -76.86979324	    937.24004924	     24.70167540	      0.23542931	     -0.00200000	     -0.26622531	      0.00000000	     -1.24467030	      0.00000000	      0.00000000	      0.00000000	      0.00000000	      0.00000000	      0.00000000	      0.00000000	      0.00000000	      0.00000000	      0.00000000
      0.26700000	    -76.07243955	    936.13266945	     24.79854878	      0.23558515	     -0.00200000	     -0.26631576	     -0.00000000	     -1.25890847	      0.00000000	      0.00000000	      0.00000000	      0.00000000	      0.00000000	      0.00000000	      0.00000000	      0.00000000	      0.00000000	      0.00000000
      0.26800000	    -75.27858019	    934.96695161	     24.89602007	      0.23574479	     -0.00200000	     -0.26640741	     -0.00000000	     -1.27284882	     -0.00000000	      0.00000000	      0.00000000	      0.00000000	      0.00000000	      0.00000000	      0.00000000	      0.00000000	      0.00000000	      0.00000000
      0.26900000	    -74.48904961	    933.72903764	     24.99403525	      0.23590918	     -0.00200000	     -0.26650057	      0.00000000	     -1.28641081	      0.00000000	      0.00000000	      0.00000000	      0.00000000	      0.00000000	      0.00000000	      0.00000000	      0.00000000	      0.00000000	      0.00000000
      0.27000000	    -73.70296866	    932.43390322	     25.09232052	      0.23607738	     -0.00200000	     -0.26659493	     -0.00000000	     -1.29966674	     -0.00000000	      0.00000000	      0.00000000	      0.00000000	      0.00000000	      0.00000000	      0.00000000	      0.00000000	      0.00000000	      0.00000000
      0.27100000	    -72.92119041	    931.06806278	     25.19074362	      0.23625031	     -0.00200000	     -0.26669080	      0.00000000	     -1.31253723	      0.00000000	      0.00000000	      0.00000000	      0.00000000	      0.00000000	      0.00000000	      0.00000000	      0.00000000	      0.00000000	      0.00000000
      0.27200000	    -72.14284688	    929.64634299	     25.28912574	      0.23642705	     -0.00200000	     -0.26678788	      0.00000000	     -1.32509810	      0.00000000	      0.00000000	      0.00000000	      0.00000000	      0.00000000	      0.00000000	      0.00000000	      0.00000000	      0.00000000	      0.00000000
      0.27300000	    -71.36879861	    928.15592885	     25.38726665	      0.23660856	     -0.00200000	     -0.26688648	     -0.00000000	     -1.33727122	      0.00000000	      0.00000000	      0.00000000	      0.00000000	      0.00000000	      0.00000000	      0.00000000	      0.00000000	      0.00000000	      0.00000000
      0.27400000	    -70.59821486	    926.61127448	     25.48506297	      0.23679387	     -0.00200000	     -0.26698628	      0.00000000	     -1.34913479	      0.00000000	      0.00000000	      0.00000000	      0.00000000	      0.00000000	      0.00000000	      0.00000000	      0.00000000	      0.00000000	      0.00000000
      0.27500000	    -69.83200088	    925.00030994	     25.58223438	      0.23698395	     -0.00200000	     -0.26708759	      0.00000000	     -1.36061030	      0.00000000	      0.00000000	      0.00000000	      0.00000000	      0.00000000	      0.00000000	      0.00000000	      0.00000000	      0.00000000	      0.00000000
      0.27600000	    -69.06934828	    923.33726585	     25.67875199	      0.23717786	     -0.00200000	     -0.26719008	      0.00000000	     -1.37177742	      0.00000000	      0.00000000	      0.00000000	      0.00000000	      0.00000000	      0.00000000	      0.00000000	      0.00000000	      0.00000000	      0.00000000
      0.27700000	    -68.31124052	    921.61063105	     25.77424794	      0.23737656	     -0.00200000	     -0.26729405	      0.00000000	     -1.38256208	      0.00000000	      0.00000000	      0.00000000	      0.00000000	      0.00000000	      0.00000000	      0.00000000	      0.00000000	      0.00000000	      0.00000000
      0.27800000	    -67.55687296	    919.83437538	     25.86876415	      0.23757909	     -0.00200000	     -0.26739917	      0.00000000	     -1.39304446	      0.00000000	      0.00000000	      0.00000000	      0.00000000	      0.00000000	      0.00000000	      0.00000000	      0.00000000	      0.00000000	      0.00000000
      0.27900000	    -66.80732220	    917.99758375	     25.96184611	      0.23778646	     -0.00200000	     -0.26750572	      0.00000000	     -1.40315518	      0.00000000	      0.00000000	      0.00000000	      0.00000000	      0.00000000	      0.00000000	      0.00000000	      0.00000000	      0.00000000	      0.00000000
      0.28000000	    -66.06177986	    916.11355543	     26.05361491	      0.23799770	     -0.00200000	     -0.26761341	     -0.00000000	     -1.41297567	      0.00000000	      0.00000000	      0.00000000	      0.00000000	      0.00000000	      0.00000000	      0.00000000	      0.00000000	      0.00000000	      0.00000000
      0.28100000	    -65.32143429	    914.17208314	     26.14353877	      0.23821383	     -0.00200000	     -0.26772249	     -0.00000000	     -1.42244416	      0.00000000	      0.00000000	      0.00000000	      0.00000000	      0.00000000	      0.00000000	      0.00000000	      0.00000000	      0.00000000	      0.00000000
      0.28200000	    -64.58541751	    912.18583286	     26.23182349	      0.23843391	     -0.00200000	     -0.26783269	      0.00000000	     -1.43164203	      0.00000000	      0.00000000	      0.00000000	      0.00000000	      0.00000000	      0.00000000	      0.00000000	      0.00000000	      0.00000000	      0.00000000
      0.28300000	    -63.85504827	    910.14534235	     26.31787024	      0.23865895	     -0.00200000	     -0.26794425	      0.00000000	     -1.44051521	     -0.00000000	      0.00000000	      0.00000000	      0.00000000	      0.00000000	      0.00000000	      0.00000000	      0.00000000	      0.00000000	      0.00000000
      0.28400000	    -63.12937289	    908.06275606	     26.40199102	      0.23888802	     -0.00200000	     -0.26805688	      0.00000000	     -1.44913762	     -0.00000000	      0.00000000	      0.00000000	      0.00000000	      0.00000000	      0.00000000	      0.00000000	      0.00000000	      0.00000000	      0.00000000
      0.28500000	    -62.40979396	    905.92954308	     26.48356184	      0.23912217	     -0.00200000	     -0.26817084	      0.00000000	     -1.45745421	      0.00000000	      0.00000000	      0.00000000	      0.00000000	      0.00000000	      0.00000000	      0.00000000	      0.00000000	      0.00000000	      0.00000000
      0.28600000	    -61.69528142	    903.75736356	     26.56299993	      0.23936043	     -0.00200000	     -0.26828584	      0.00000000	     -1.46553159	      0.00000000	      0.00000000	      0.00000000	      0.00000000	      0.00000000	      0.00000000	      0.00000000	      0.00000000	      0.00000000	      0.00000000
      0.28700000	    -60.98731607	    901.53869241	     26.63967852	      0.23960388	     -0.00200000	     -0.26840209	      0.00000000	     -1.47331584	      0.00000000	      0.00000000	      0.00000000	      0.00000000	      0.00000000	      0.00000000	      0.00000000	      0.00000000	      0.00000000	      0.00000000
      0.28800000	    -60.28477103	    899.28455651	     26.71408653	      0.23985151	     -0.00200000	     -0.26851932	      0.00000000	     -1.48087026	      0.00000000	      0.00000000	      0.00000000	      0.00000000	      0.00000000	      0.00000000	      0.00000000	      0.00000000	      0.00000000	      0.00000000
      0.28900000	    -59.58922766	    896.98839933	     26.78558603	      0.24010442	     -0.00200000	     -0.26863774	      0.00000000	     -1.48814433	      0.00000000	      0.00000000	      0.00000000	      0.00000000	      0.00000000	      0.00000000	      0.00000000	      0.00000000	      0.00000000	      0.00000000
      0.29000000	    -58.89947712	    894.66035366	     26.85470320	      0.24036158	     -0.00200000	     -0.26875709	      0.00000000	     -1.49520159	      0.00000000	      0.00000000	      0.00000000	      0.00000000	      0.00000000	      0.00000000	      0.00000000	      0.00000000	      0.00000000	      0.00000000
      0.29100000	    -58.21720511	    892.29494333	     26.92078147	      0.24062411	     -0.00200000	     -0.26887757	      0.00000000	     -1.50199768	      0.00000000	      0.00000000	      0.00000000	      0.00000000	      0.00000000	      0.00000000	      0.00000000	      0.00000000	      0.00000000	      0.00000000
      0.29200000	    -57.54111707	    889.90136981	     26.98439546	      0.24089098	     -0.00200000	     -0.26899896	      0.00000000	     -1.50859353	      0.00000000	      0.00000000	      0.00000000	      0.00000000	      0.00000000	      0.00000000	      0.00000000	      0.00000000	      0.00000000	      0.00000000
      0.29300000	    -56.87300488	    887.47497648	     27.04490628	      0.24116334	     -0.00200000	     -0.26912146	      0.00000000	     -1.51495009	      0.00000000	      0.00000000	      0.00000000	      0.00000000	      0.00000000	      0.00000000	      0.00000000	      0.00000000	      0.00000000	      0.00000000
      0.29400000	    -56.21147156	    885.02414525	     27.10291930	      0.24144016	     -0.00200000	     -0.26924484	      0.00000000	     -1.52112558	      0.00000000	      0.00000000	      0.00000000	      0.00000000	      0.00000000	      0.00000000	      0.00000000	      0.00000000	      0.00000000	      0.00000000
      0.29500000	    -55.55839650	    882.54503906	     27.15779468	      0.24172262	     -0.00200000	     -0.26936934	      0.00000000	     -1.52708938	      0.00000000	      0.00000000	      0.00000000	      0.00000000	      0.00000000	      0.00000000	      0.00000000	      0.00000000	      0.00000000	      0.00000000
      0.29600000	    -54.91228029	    880.04507124	     27.21014805	      0.24200964	     -0.00200000	     -0.26949473	      0.00000000	     -1.53289613	      0.00000000	      0.00000000	      0.00000000	      0.00000000	      0.00000000	      0.00000000	      0.00000000	      0.00000000	      0.00000000	      0.00000000
      0.29700000	    -54.27507870	    877.52133608	     27.25933585	      0.24230243	     -0.00200000	     -0.26962125	      0.00000000	     -1.53852099	      0.00000000	      0.00000000	      0.00000000	      0.00000000	      0.00000000	      0.00000000	      0.00000000	      0.00000000	      0.00000000	      0.00000000
      0.29800000	    -53.64517123	    874.98046458	     27.30597369	      0.24259989	     -0.00200000	     -0.26974866	      0.00000000	     -1.54401122	      0.00000000	      0.00000000	      0.00000000	      0.00000000	      0.00000000	      0.00000000	      0.00000000	      0.00000000	      0.00000000	      0.00000000
      0.29900000	    -53.02456580	    872.42037058	     27.34940685	      0.24290322	     -0.00200000	     -0.26987719	      0.00000000	     -1.54934790	      0.00000000	      0.00000000	      0.00000000	      0.00000000	      0.00000000	      0.00000000	      0.00000000	      0.00000000	      0.00000000	      0.00000000
      0.30000000	    -52.41154507	    869.84686553	     27.39025652	      0.24321129	     -0.00200000	     -0.27000659	      0.00000000	     -1.55457407	      0.00000000	      0.00000000	      0.00000000	      0.00000000	      0.00000000	      0.00000000	      0.00000000	      0.00000000	      0.00000000	      0.00000000
      0.30100000	    -51.80817656	    867.25886911	     27.42785215	      0.24352533	     -0.00200000	     -0.27013707	      0.00000000	     -1.55968058	      0.00000000	      0.00000000	      0.00000000	      0.00000000	      0.00000000	      0.00000000	      0.00000000	      0.00000000	      0.00000000	      0.00000000
      0.30200000	    -51.21265352	    864.66111243	     27.46282704	      0.24384418	     -0.00200000	     -0.27026838	      0.00000000	     -1.56470800	      0.00000000	      0.00000000	      0.00000000	      0.00000000	      0.00000000	      0.00000000	      0.00000000	      0.00000000	      0.00000000	      0.00000000
      0.30300000	    -50.62707700	    862.05355823	     27.49449853	      0.24416908	     -0.00200000	     -0.27040071	      0.00000000	     -1.56965826	      0.00000000	      0.00000000	      0.00000000	      0.00000000	      0.00000000	      0.00000000	      0.00000000	      0.00000000	      0.00000000	      0.00000000
      0.30400000	    -50.04956573	    859.43982005	     27.52351575	      0.24449886	     -0.00200000	     -0.27053384	      0.00000000	     -1.57456662	      0.00000000	      0.00000000	      0.00000000	      0.00000000	      0.00000000	      0.00000000	      0.00000000	      0.00000000	      0.00000000	      0.00000000
      0.30500000	    -49.48224872	    856.82056844	     27.54919883	      0.24483479	     -0.00200000	     -0.27066796	      0.00000000	     -1.57944853	      0.00000000	      0.00000000	      0.00000000	      0.00000000	      0.00000000	      0.00000000	      0.00000000	      0.00000000	      0.00000000	      0.00000000
      0.30600000	    -48.92317578	    854.19856012	     27.57219411	      0.24517568	     -0.00200000	     -0.27080287	      0.00000000	     -1.58433243	      0.00000000	      0.00000000	      0.00000000	      0.00000000	      0.00000000	      0.00000000	      0.00000000	      0.00000000	      0.00000000	      0.00000000
      0.30700000	    -48.37449640	    851.57521069	     27.59179473	      0.24552282	     -0.00200000	     -0.27093874	      0.00000000	     -1.58924910	      0.00000000	      0.00000000	      0.00000000	      0.00000000	      0.00000000	      0.00000000	      0.00000000	      0.00000000	      0.00000000	      0.00000000
      0.30800000	    -47.83420265	    848.95223379	     27.60863490	      0.24587500	     -0.00200000	     -0.27107540	      0.00000000	     -1.59421757	      0.00000000	      0.00000000	      0.00000000	      0.00000000	      0.00000000	      0.00000000	      0.00000000	      0.00000000	      0.00000000	      0.00000000
      0.30900000	    -47.30447009	    846.33190185	     27.62195189	      0.24623354	     -0.00200000	     -0.27121305	      0.00000000	     -1.59928023	      0.00000000	      0.00000000	      0.00000000	      0.00000000	      0.00000000	      0.00000000	      0.00000000	      0.00000000	      0.00000000	      0.00000000
      0.31000000	    -46.78324237	    843.71514618	     27.63238177	      0.24659720	     -0.00200000	     -0.27135149	      0.00000000	     -1.60444283	      0.00000000	      0.00000000	      0.00000000	      0.00000000	      0.00000000	      0.00000000	      0.00000000	      0.00000000	      0.00000000	      0.00000000
      0.31100000	    -46.27273045	    841.10476077	     27.63908450	      0.24696728	     -0.00200000	     -0.27149092	      0.00000000	     -1.60976055	      0.00000000	      0.00000000	      0.00000000	      0.00000000	      0.00000000	      0.00000000	      0.00000000	      0.00000000	      0.00000000	      0.00000000
      0.31200000	    -45.77084631	    838.50093186	     27.64269337	      0.24734250	     -0.00200000	     -0.27163112	      0.00000000	     -1.61522720	      0.00000000	      0.00000000	      0.00000000	      0.00000000	      0.00000000	      0.00000000	      0.00000000	      0.00000000	      0.00000000	      0.00000000
      0.31300000	    -45.27982138	    835.90701222	     27.64227614	      0.24772417	     -0.00200000	     -0.27177227	      0.00000000	     -1.62091281	      0.00000000	      0.00000000	      0.00000000	      0.00000000	      0.00000000	      0.00000000	      0.00000000	      0.00000000	      0.00000000	      0.00000000
      0.31400000	    -44.79752854	    833.32248032	     27.63849869	      0.24811099	     -0.00200000	     -0.27191416	      0.00000000	     -1.62680166	      0.00000000	      0.00000000	      0.00000000	      0.00000000	      0.00000000	      0.00000000	      0.00000000	      0.00000000	      0.00000000	      0.00000000
      0.31500000	    -44.32619363	    830.75143397	     27.63034217	      0.24850422	     -0.00200000	     -0.27205695	      0.00000000	     -1.63298222	      0.00000000	      0.00000000	      0.00000000	      0.00000000	      0.00000000	      0.00000000	      0.00000000	      0.00000000	      0.00000000	      0.00000000
      0.31600000	    -43.86362806	    828.19260657	     27.61854231	      0.24890256	     -0.00200000	     -0.27220042	      0.00000000	     -1.63942635	      0.00000000	      0.00000000	      0.00000000	      0.00000000	      0.00000000	      0.00000000	      0.00000000	      0.00000000	      0.00000000	      0.00000000
      0.31700000	    -43.41201298	    825.65072924	     27.60201413	      0.24930724	     -0.00200000	     -0.27234474	      0.00000000	     -1.64623766	      0.00000000	      0.00000000	      0.00000000	      0.00000000	      0.00000000	      0.00000000	      0.00000000	      0.00000000	      0.00000000	      0.00000000
      0.31800000	    -42.96910763	    823.12382758	     27.58156694	      0.24971693	     -0.00200000	     -0.27248970	      0.00000000	     -1.65337037	      0.00000000	      0.00000000	      0.00000000	      0.00000000	      0.00000000	      0.00000000	      0.00000000	      0.00000000	      0.00000000	      0.00000000
      0.31900000	    -42.53700562	    820.61726600	     27.55604591	      0.25013285	     -0.00200000	     -0.27263548	      0.00000000	     -1.66093786	      0.00000000	      0.00000000	      0.00000000	      0.00000000	      0.00000000	      0.00000000	      0.00000000	      0.00000000	      0.00000000	      0.00000000
      0.32000000	    -42.11346433	    818.12843680	     27.52633207	      0.25055368	     -0.00200000	     -0.27278189	      0.00000000	     -1.66887775	     -0.00000000	      0.00000000	      0.00000000	      0.00000000	      0.00000000	      0.00000000	      0.00000000	      0.00000000	      0.00000000	      0.00000000
      0.32100000	    -41.70047678	    815.66348672	     27.49120258	      0.25098054	     -0.00200000	     -0.27292905	      0.00000000	     -1.67731153	      0.00000000	      0.00000000	      0.00000000	      0.00000000	      0.00000000	      0.00000000	      0.00000000	      0.00000000	      0.00000000	      0.00000000
      0.32200000	    -41.29581153	    813.21895123	     27.45160088	      0.25141213	     -0.00200000	     -0.27307678	      0.00000000	     -1.68616321	      0.00000000	      0.00000000	      0.00000000	      0.00000000	      0.00000000	      0.00000000	      0.00000000	      0.00000000	      0.00000000	      0.00000000
      0.32300000	    -40.90137593	    810.80153584	     27.40623523	      0.25184951	     -0.00200000	     -0.27322518	      0.00000000	     -1.69556408	      0.00000000	      0.00000000	      0.00000000	      0.00000000	      0.00000000	      0.00000000	      0.00000000	      0.00000000	      0.00000000	      0.00000000
      0.32400000	    -40.51498324	    808.40706825	     27.35612541	      0.25229141	     -0.00200000	     -0.27337405	      0.00000000	     -1.70542476	      0.00000000	      0.00000000	      0.00000000	      0.00000000	      0.00000000	      0.00000000	      0.00000000	      0.00000000	      0.00000000	      0.00000000
      0.32500000	    -40.13846256	    806.04277551	     27.29992103	      0.25273880	     -0.00200000	     -0.27352348	      0.00000000	     -1.71588522	      0.00000000	      0.00000000	      0.00000000	      0.00000000	      0.00000000	      0.00000000	      0.00000000	      0.00000000	      0.00000000	      0.00000000
      0.32600000	    -39.76968676	    803.70381474	     27.23872289	      0.25319046	     -0.00200000	     -0.27367327	      0.00000000	     -1.72684478	      0.00000000	      0.00000000	      0.00000000	      0.00000000	      0.00000000	      0.00000000	      0.00000000	      0.00000000	      0.00000000	      0.00000000
      0.32700000	    -39.41040114	    801.39778554	     27.17115358	      0.25364727	     -0.00200000	     -0.27382346	      0.00000000	     -1.73845317	      0.00000000	      0.00000000	      0.00000000	      0.00000000	      0.00000000	      0.00000000	      0.00000000	      0.00000000	      0.00000000	      0.00000000
      0.32800000	    -39.05853257	    799.11924899	     27.09839307	      0.25410807	     -0.00200000	     -0.27397388	      0.00000000	     -1.75060006	      0.00000000	      0.00000000	      0.00000000	      0.00000000	      0.00000000	      0.00000000	      0.00000000	      0.00000000	      0.00000000	      0.00000000
      0.32900000	    -38.71571831	    796.87651247	     27.01904718	      0.25457363	     -0.00200000	     -0.27412447	      0.00000000	     -1.76344396	      0.00000000	      0.00000000	      0.00000000	      0.00000000	      0.00000000	      0.00000000	      0.00000000	      0.00000000	      0.00000000	      0.00000000
      0.33000000	    -38.37995976	    794.66335475	     26.93437971	      0.25504283	     -0.00200000	     -0.27427513	      0.00000000	     -1.77686332	      0.00000000	      0.00000000	      0.00000000	      0.00000000	      0.00000000	      0.00000000	      0.00000000	      0.00000000	      0.00000000	      0.00000000
      0.33100000	    -38.05276379	    792.48879105	     26.84301324	      0.25551635	     -0.00200000	     -0.27442576	      0.00000000	     -1.79102003	      0.00000000	      0.00000000	      0.00000000	      0.00000000	      0.00000000	      0.00000000	      0.00000000	      0.00000000	      0.00000000	      0.00000000
      0.33200000	    -37.73219883	    790.34611583	     26.74627677	      0.25599313	     -0.00200000	     -0.27457625	      0.00000000	     -1.80577913	      0.00000000	      0.00000000	      0.00000000	      0.00000000	      0.00000000	      0.00000000	      0.00000000	      0.00000000	      0.00000000	      0.00000000
      0.33300000	    -37.41963021	    788.24467957	     26.64283570	      0.25647375	     -0.00200000	     -0.27472648	      0.00000000	     -1.82130242	      0.00000000	      0.00000000	      0.00000000	      0.00000000	      0.00000000	      0.00000000	      0.00000000	      0.00000000	      0.00000000	      0.00000000
      0.33400000	    -37.11321205	    786.17736697	     26.53406560	      0.25695724	     -0.00200000	     -0.27487637	      0.00000000	     -1.83744169	      0.00000000	      0.00000000	      0.00000000	      0.00000000	      0.00000000	      0.00000000	      0.00000000	      0.00000000	      0.00000000	      0.00000000
      0.33500000	    -36.81415133	    784.15378928	     26.41871944	      0.25744405	     -0.00200000	     -0.27502576	      0.00000000	     -1.85435273	      0.00000000	      0.00000000	      0.00000000	      0.00000000	      0.00000000	      0.00000000	      0.00000000	      0.00000000	      0.00000000	      0.00000000
      0.33600000	    -36.52071953	    782.16619790	     26.29820257	      0.25793333	     -0.00200000	     -0.27517465	      0.00000000	     -1.87188053	      0.00000000	      0.00000000	      0.00000000	      0.00000000	      0.00000000	      0.00000000	      0.00000000	      0.00000000	      0.00000000	      0.00000000
      0.33700000	    -36.23400256	    780.22468835	     26.17137600	      0.25842543	     -0.00200000	     -0.27532282	      0.00000000	     -1.89017569	      0.00000000	      0.00000000	      0.00000000	      0.00000000	      0.00000000	      0.00000000	      0.00000000	      0.00000000	      0.00000000	      0.00000000
      0.33800000	    -35.95240414	    778.32080424	     26.03963763	      0.25891957	     -0.00200000	     -0.27547036	      0.00000000	     -1.90908175	      0.00000000	      0.00000000	      0.00000000	      0.00000000	      0.00000000	      0.00000000	      0.00000000	      0.00000000	      0.00000000	      0.00000000
      0.33900000	    -35.67688167	    776.46493912	     25.90195928	      0.25941603	     -0.00200000	     -0.27561702	      0.00000000	     -1.92874723	      0.00000000	      0.00000000	      0.00000000	      0.00000000	      0.00000000	      0.00000000	      0.00000000	      0.00000000	      0.00000000	      0.00000000
      0.34000000	    -35.40597111	    774.64818954	     25.75970441	      0.25991412	     -0.00200000	     -0.27576294	      0.00000000	     -1.94901617	     -0.00000000	      0.00000000	      0.00000000	      0.00000000	      0.00000000	      0.00000000	      0.00000000	      0.00000000	      0.00000000	      0.00000000
      0.34100000	    -35.14048830	    772.88109809	     25.61197802	      0.26041403	     -0.00200000	     -0.27590786	      0.00000000	     -1.97002971	     -0.00000000	      0.00000000	      0.00000000	      0.00000000	      0.00000000	      0.00000000	      0.00000000	      0.00000000	      0.00000000	      0.00000000
      0.34200000	    -34.87909213	    771.15431428	     25.46008304	      0.26091517	     -0.00200000	     -0.27605196	      0.00000000	     -1.99162880	      0.00000000	      0.00000000	      0.00000000	      0.00000000	      0.00000000	      0.00000000	      0.00000000	      0.00000000	      0.00000000	      0.00000000
      0.34300000	    -34.62248482	    769.47860420	     25.30325390	      0.26141760	     -0.00200000	     -0.27619499	      0.00000000	     -2.01394406	      0.00000000	      0.00000000	      0.00000000	      0.00000000	      0.00000000	      0.00000000	      0.00000000	      0.00000000	      0.00000000	      0.00000000
      0.34400000	    -34.36945751	    767.84417033	     25.14270879	      0.26192084	     -0.00200000	     -0.27633714	      0.00000000	     -2.03681824	      0.00000000	      0.00000000	      0.00000000	      0.00000000	      0.00000000	      0.00000000	      0.00000000	      0.00000000	      0.00000000	      0.00000000
      0.34500000	    -34.12060067	    766.26185328	     24.97781999	      0.26242485	     -0.00200000	     -0.27647817	      0.00000000	     -2.06037188	      0.00000000	      0.00000000	      0.00000000	      0.00000000	      0.00000000	      0.00000000	      0.00000000	      0.00000000	      0.00000000	      0.00000000
      0.34600000	    -33.87483582	    764.72155750	     24.80971254	      0.26292926	     -0.00200000	     -0.27661827	      0.00000000	     -2.08445311	      0.00000000	      0.00000000	      0.00000000	      0.00000000	      0.00000000	      0.00000000	      0.00000000	      0.00000000	      0.00000000	      0.00000000
      0.34700000	    -33.63262303	    763.23404908	     24.63792823	      0.26343389	     -0.00200000	     -0.27675722	      0.00000000	     -2.10917351	     -0.00000000	      0.00000000	      0.00000000	      0.00000000	      0.00000000	      0.00000000	      0.00000000	      0.00000000	      0.00000000	      0.00000000
      0.34800000	    -33.39299560	    761.78908348	     24.46349710	      0.26393851	     -0.00200000	     -0.27689522	      0.00000000	     -2.13438806	      0.00000000	      0.00000000	      0.00000000	      0.00000000	      0.00000000	      0.00000000	      0.00000000	      0.00000000	      0.00000000	      0.00000000
      0.34900000	    -33.15628506	    760.39742678	     24.28614348	      0.26444286	     -0.00200000	     -0.27703204	      0.00000000	     -2.16019895	      0.00000000	      0.00000000	      0.00000000	      0.00000000	      0.00000000	      0.00000000	      0.00000000	      0.00000000	      0.00000000	      0.00000000
      0.35000000	    -32.92164579	    759.04853642	     24.10677634	      0.26494681	     -0.00200000	     -0.27716792	      0.00000000	     -2.18646724	      0.00000000	      0.00000000	      0.00000000	      0.00000000	      0.00000000	      0.00000000	      0.00000000	      0.00000000	      0.00000000	      0.00000000
      0.35100000	    -32.68926591	    757.75310397	     23.92529882	      0.26545002	     -0.00200000	     -0.27730264	      0.00000000	     -2.21328217	      0.00000000	      0.00000000	      0.00000000	      0.00000000	      0.00000000	      0.00000000	      0.00000000	      0.00000000	      0.00000000	      0.00000000
      0.35200000	    -32.45842829	    756.50043786	     23.74246158	      0.26595249	     -0.00200000	     -0.27743644	      0.00000000	     -2.24051481	      0.00000000	      0.00000000	      0.00000000	      0.00000000	      0.00000000	      0.00000000	      0.00000000	      0.00000000	      0.00000000	      0.00000000
      0.35300000	    -32.22919255	    755.30115515	     23.55833445	      0.26645380	     -0.00200000	     -0.27756914	      0.00000000	     -2.26824628	      0.00000000	      0.00000000	      0.00000000	      0.00000000	      0.00000000	      0.00000000	      0.00000000	      0.00000000	      0.00000000	      0.00000000
      0.35400000	    -32.00097755	    754.14441526	     23.37350883	      0.26695404	     -0.00200000	     -0.27770097	      0.00000000	     -2.29635679	      0.00000000	      0.00000000	      0.00000000	      0.00000000	      0.00000000	      0.00000000	      0.00000000	      0.00000000	      0.00000000	      0.00000000
      0.35500000	    -31.77371994	    753.04061174	     23.18822127	      0.26745274	     -0.00200000	     -0.27783176	      0.00000000	     -2.32491476	      0.00000000	      0.00000000	      0.00000000	      0.00000000	      0.00000000	      0.00000000	      0.00000000	      0.00000000	      0.00000000	      0.00000000
      0.35600000	    -31.54698014	    751.97890401	     23.00289460	      0.26795007	     -0.00200000	     -0.27796173	      0.00000000	     -2.35380930	      0.00000000	      0.00000000	      0.00000000	      0.00000000	      0.00000000	      0.00000000	      0.00000000	      0.00000000	      0.00000000	      0.00000000
      0.35700000	    -31.32058959	    750.96949935	     22.81792555	      0.26844550	     -0.00200000	     -0.27809073	      0.00000000	     -2.38309765	      0.00000000	      0.00000000	      0.00000000	      0.00000000	      0.00000000	      0.00000000	      0.00000000	      0.00000000	      0.00000000	      0.00000000
      0.35800000	    -31.09423816	    750.00159442	     22.63356745	      0.26893927	     -0.00200000	     -0.27821895	      0.00000000	     -2.41267944	      0.00000000	      0.00000000	      0.00000000	      0.00000000	      0.00000000	      0.00000000	      0.00000000	      0.00000000	      0.00000000	      0.00000000
      0.35900000	    -30.86765110	    749.08509851	     22.45038003	      0.26943079	     -0.00200000	     -0.27834624	      0.00000000	     -2.44260322	      0.00000000	      0.00000000	      0.00000000	      0.00000000	      0.00000000	      0.00000000	      0.00000000	      0.00000000	      0.00000000	      0.00000000
      0.36000000	    -30.64064868	    748.20935726	     22.26845361	      0.26992038	     -0.00200000	     -0.27847281	      0.00000000	     -2.47278157	      0.00000000	      0.00000000	      0.00000000	      0.00000000	      0.00000000	      0.00000000	      0.00000000	      0.00000000	      0.00000000	      0.00000000
      0.36100000	    -30.41284718	    747.38405645	     22.08850347	      0.27040740	     -0.00200000	     -0.27859850	      0.00000000	     -2.50325547	      0.00000000	      0.00000000	      0.00000000	      0.00000000	      0.00000000	      0.00000000	      0.00000000	      0.00000000	      0.00000000	      0.00000000
      0.36200000	    -30.18418327	    746.59861624	     21.91045135	      0.27089224	     -0.00200000	     -0.27872352	      0.00000000	     -2.53394627	      0.00000000	      0.00000000	      0.00000000	      0.00000000	      0.00000000	      0.00000000	      0.00000000	      0.00000000	      0.00000000	      0.00000000
      0.36300000	    -29.95414566	    745.86238712	     21.73516061	      0.27137422	     -0.00200000	     -0.27884774	      0.00000000	     -2.56488065	      0.00000000	      0.00000000	      0.00000000	      0.00000000	      0.00000000	      0.00000000	      0.00000000	      0.00000000	      0.00000000	      0.00000000
      0.36400000	    -29.72277068	    745.16505003	     21.56238258	      0.27185380	     -0.00200000	     -0.27897134	      0.00000000	     -2.59598495	     -0.00000000	      0.00000000	      0.00000000	      0.00000000	      0.00000000	      0.00000000	      0.00000000	      0.00000000	      0.00000000	      0.00000000
      0.36500000	    -29.48942780	    744.51588094	     21.39311936	      0.27233026	     -0.00200000	     -0.27909420	      0.00000000	     -2.62726750	      0.00000000	      0.00000000	      0.00000000	      0.00000000	      0.00000000	      0.00000000	      0.00000000	      0.00000000	      0.00000000	      0.00000000
      0.36600000	    -29.25427817	    743.90470982	     21.22696117	      0.27280414	     -0.00200000	     -0.27921649	      0.00000000	     -2.65866516	      0.00000000	      0.00000000	      0.00000000	      0.00000000	      0.00000000	      0.00000000	      0.00000000	      0.00000000	      0.00000000	      0.00000000
      0.36700000	    -29.01659813	    743.34051460	     21.06504235	      0.27327468	     -0.00200000	     -0.27933812	      0.00000000	     -2.69017247	     -0.00000000	      0.00000000	      0.00000000	      0.00000000	      0.00000000	      0.00000000	      0.00000000	      0.00000000	      0.00000000	      0.00000000
      0.36800000	    -28.77668478	    742.81342328	     20.90679295	      0.27374247	     -0.00200000	     -0.27945923	      0.00000000	     -2.72174094	      0.00000000	      0.00000000	      0.00000000	      0.00000000	      0.00000000	      0.00000000	      0.00000000	      0.00000000	      0.00000000	      0.00000000
      0.36900000	    -28.53374183	    742.33196676	     20.75346652	      0.27420673	     -0.00200000	     -0.27957975	      0.00000000	     -2.75335465	      0.00000000	      0.00000000	      0.00000000	      0.00000000	      0.00000000	      0.00000000	      0.00000000	      0.00000000	      0.00000000	      0.00000000
      0.37000000	    -28.28819677	    741.88634753	     20.60433850	      0.27466811	     -0.00200000	     -0.27969981	      0.00000000	     -2.78498073	      0.00000000	      0.00000000	      0.00000000	      0.00000000	      0.00000000	      0.00000000	      0.00000000	      0.00000000	      0.00000000	      0.00000000
      0.37100000	    -28.03919744	    741.48487300	     20.46076953	      0.27512581	     -0.00200000	     -0.27981933	      0.00000000	     -2.81659354	      0.00000000	      0.00000000	      0.00000000	      0.00000000	      0.00000000	      0.00000000	      0.00000000	      0.00000000	      0.00000000	      0.00000000
      0.37200000	    -27.78728679	    741.11789465	     20.32187767	      0.27558053	     -0.00200000	     -0.27993845	      0.00000000	     -2.84817397	      0.00000000	      0.00000000	      0.00000000	      0.00000000	      0.00000000	      0.00000000	      0.00000000	      0.00000000	      0.00000000	      0.00000000
      0.37300000	    -27.53156610	    740.79334736	     20.18911485	      0.27603147	     -0.00200000	     -0.28005708	      0.00000000	     -2.87968551	      0.00000000	      0.00000000	      0.00000000	      0.00000000	      0.00000000	      0.00000000	      0.00000000	      0.00000000	      0.00000000	      0.00000000
      0.37400000	    -27.27266029	    740.50202966	     20.06146312	      0.27647937	     -0.00200000	     -0.28017535	      0.00000000	     -2.91111869	      0.00000000	      0.00000000	      0.00000000	      0.00000000	      0.00000000	      0.00000000	      0.00000000	      0.00000000	      0.00000000	      0.00000000
      0.37500000	    -27.00960543	    740.25146663	     19.94043682	      0.27692344	     -0.00200000	     -0.28029320	      0.00000000	     -2.94242392	      0.00000000	      0.00000000	      0.00000000	      0.00000000	      0.00000000	      0.00000000	      0.00000000	      0.00000000	      0.00000000	      0.00000000
      0.37600000	    -26.74309537	    740.03294110	     19.82488483	      0.27736443	     -0.00200000	     -0.28041072	      0.00000000	     -2.97360084	      0.00000000	      0.00000000	      0.00000000	      0.00000000	      0.00000000	      0.00000000	      0.00000000	      0.00000000	      0.00000000	      0.00000000
      0.37700000	    -26.47209447	    739.85371739	     19.71635967	      0.27780155	     -0.00200000	     -0.28052786	      0.00000000	     -3.00458259	      0.00000000	      0.00000000	      0.00000000	      0.00000000	      0.00000000	      0.00000000	      0.00000000	      0.00000000	      0.00000000	      0.00000000
      0.37800000	    -26.19737573	    739.70533907	     19.61358637	      0.27823559	     -0.00200000	     -0.28064472	      0.00000000	     -3.03537992	      0.00000000	      0.00000000	      0.00000000	      0.00000000	      0.00000000	      0.00000000	      0.00000000	      0.00000000	      0.00000000	      0.00000000
      0.37900000	    -25.91785789	    739.59480971	     19.51813698	      0.27866576	     -0.00200000	     -0.28076124	      0.00000000	     -3.06590891	      0.00000000	      0.00000000	      0.00000000	      0.00000000	      0.00000000	      0.00000000	      0.00000000	      0.00000000	      0.00000000	      0.00000000
      0.38000000	    -25.63439310	    739.51400816	     19.42864060	      0.27909285	     -0.00200000	     -0.28087752	      0.00000000	     -3.09619482	      0.00000000	      0.00000000	      0.00000000	      0.00000000	      0.00000000	      0.00000000	      0.00000000	      0.00000000	      0.00000000	      0.00000000
      0.38100000	    -25.34586936	    739.46975172	     19.34667584	      0.27951608	     -0.00200000	     -0.28099350	      0.00000000	     -3.12614531	      0.00000000	      0.00000000	      0.00000000	      0.00000000	      0.00000000	      0.00000000	      0.00000000	      0.00000000	      0.00000000	      0.00000000
      0.38200000	    -25.05321428	    739.45418000	     19.27079447	      0.27993624	     -0.00200000	     -0.28110927	      0.00000000	     -3.15580556	      0.00000000	      0.00000000	      0.00000000	      0.00000000	      0.00000000	      0.00000000	      0.00000000	      0.00000000	      0.00000000	      0.00000000
      0.38300000	    -24.75532144	    739.47388679	     19.20256391	      0.28035254	     -0.00200000	     -0.28122476	      0.00000000	     -3.18507958	      0.00000000	      0.00000000	      0.00000000	      0.00000000	      0.00000000	      0.00000000	      0.00000000	      0.00000000	      0.00000000	      0.00000000
      0.38400000	    -24.45319481	    739.52138424	     19.14047822	      0.28076578	     -0.00200000	     -0.28134004	      0.00000000	     -3.21402787	      0.00000000	      0.00000000	      0.00000000	      0.00000000	      0.00000000	      0.00000000	      0.00000000	      0.00000000	      0.00000000	      0.00000000
      0.38500000	    -24.14574008	    739.60293084	     19.08608247	      0.28117518	     -0.00200000	     -0.28145508	      0.00000000	     -3.24254913	      0.00000000	      0.00000000	      0.00000000	      0.00000000	      0.00000000	      0.00000000	      0.00000000	      0.00000000	      0.00000000	      0.00000000
      0.38600000	    -23.83400872	    739.71137404	     19.03783716	      0.28158154	     -0.00200000	     -0.28156991	      0.00000000	     -3.27071354	      0.00000000	      0.00000000	      0.00000000	      0.00000000	      0.00000000	      0.00000000	      0.00000000	      0.00000000	      0.00000000	      0.00000000
      0.38700000	    -23.51692133	    739.85293508	     18.99725106	      0.28198411	     -0.00200000	     -0.28168450	      0.00000000	     -3.29841451	      0.00000000	      0.00000000	      0.00000000	      0.00000000	      0.00000000	      0.00000000	      0.00000000	      0.00000000	      0.00000000	      0.00000000
      0.38800000	    -23.19556102	    740.02064764	     18.96275766	      0.28238367	     -0.00200000	     -0.28179887	      0.00000000	     -3.32573208	      0.00000000	      0.00000000	      0.00000000	      0.00000000	      0.00000000	      0.00000000	      0.00000000	      0.00000000	      0.00000000	      0.00000000
      0.38900000	    -22.86890149	    740.22073299	     18.93580705	      0.28277947	     -0.00200000	     -0.28191297	      0.00000000	     -3.35255765	      0.00000000	      0.00000000	      0.00000000	      0.00000000	      0.00000000	      0.00000000	      0.00000000	      0.00000000	      0.00000000	      0.00000000
      0.39000000	    -22.53804915	    740.44637382	     18.91482249	      0.28317230	     -0.00200000	     -0.28202681	      0.00000000	     -3.37898079	      0.00000000	      0.00000000	      0.00000000	      0.00000000	      0.00000000	      0.00000000	      0.00000000	      0.00000000	      0.00000000	      0.00000000
      0.39100000	    -22.20204286	    740.70379138	     18.90119817	      0.28356139	     -0.00200000	     -0.28214028	      0.00000000	     -3.40489195	      0.00000000	      0.00000000	      0.00000000	      0.00000000	      0.00000000	      0.00000000	      0.00000000	      0.00000000	      0.00000000	      0.00000000
      0.39200000	    -21.86199278	    740.98631740	     18.89337786	      0.28394750	     -0.00200000	     -0.28225342	      0.00000000	     -3.43038732	      0.00000000	      0.00000000	      0.00000000	      0.00000000	      0.00000000	      0.00000000	      0.00000000	      0.00000000	      0.00000000	      0.00000000
      0.39300000	    -21.51699737	    741.29987508	     18.89270637	      0.28432991	     -0.00200000	     -0.28236611	      0.00000000	     -3.45535478	      0.00000000	      0.00000000	      0.00000000	      0.00000000	      0.00000000	      0.00000000	      0.00000000	      0.00000000	      0.00000000	      0.00000000
      0.39400000	    -21.16813697	    741.63816869	     18.89766566	      0.28470936	     -0.00200000	     -0.28247839	      0.00000000	     -3.47989409	      0.00000000	      0.00000000	      0.00000000	      0.00000000	      0.00000000	      0.00000000	      0.00000000	      0.00000000	      0.00000000	      0.00000000
      0.39500000	    -20.81456780	    742.00689793	     18.90955213	      0.28508515	     -0.00200000	     -0.28259015	      0.00000000	     -3.50389238	      0.00000000	      0.00000000	      0.00000000	      0.00000000	      0.00000000	      0.00000000	      0.00000000	      0.00000000	      0.00000000	      0.00000000
      0.39600000	    -20.45733295	    742.39984155	     18.92688684	      0.28545803	     -0.00200000	     -0.28270146	      0.00000000	     -3.52745597	      0.00000000	      0.00000000	      0.00000000	      0.00000000	      0.00000000	      0.00000000	      0.00000000	      0.00000000	      0.00000000	      0.00000000
      0.39700000	    -20.09564638	    742.82277375	     18.95091031	      0.28582731	     -0.00200000	     -0.28281215	      0.00000000	     -3.55047643	      0.00000000	      0.00000000	      0.00000000	      0.00000000	      0.00000000	      0.00000000	      0.00000000	      0.00000000	      0.00000000	      0.00000000
      0.39800000	    -19.73050274	    743.26954782	     18.98019016	      0.28619375	     -0.00200000	     -0.28292233	      0.00000000	     -3.57306321	      0.00000000	      0.00000000	      0.00000000	      0.00000000	      0.00000000	      0.00000000	      0.00000000	      0.00000000	      0.00000000	      0.00000000
      0.39900000	    -19.36117467	    743.74593794	     19.01590731	      0.28655667	     -0.00200000	     -0.28303185	      0.00000000	     -3.59510877	      0.00000000	      0.00000000	      0.00000000	      0.00000000	      0.00000000	      0.00000000	      0.00000000	      0.00000000	      0.00000000	      0.00000000
      0.40000000	    -18.98861676	    744.24594641	     19.05666664	      0.28691682	     -0.00200000	     -0.28314081	      0.00000000	     -3.61672086	      0.00000000	      0.00000000	      0.00000000	      0.00000000	      0.00000000	      0.00000000	      0.00000000	      0.00000000	      0.00000000	      0.00000000
      0.40100000	    -18.61217432	    744.77542192	     19.10357364	      0.28727355	     -0.00200000	     -0.28324903	      0.00000000	     -3.63779184	      0.00000000	      0.00000000	      0.00000000	      0.00000000	      0.00000000	      0.00000000	      0.00000000	      0.00000000	      0.00000000	      0.00000000
      0.40200000	    -18.23274978	    745.32844126	     19.15526390	      0.28762757	     -0.00200000	     -0.28335664	      0.00000000	     -3.65843038	      0.00000000	      0.00000000	      0.00000000	      0.00000000	      0.00000000	      0.00000000	      0.00000000	      0.00000000	      0.00000000	      0.00000000
      0.40300000	    -17.84977224	    745.91089040	     19.21275817	      0.28797826	     -0.00200000	     -0.28346343	      0.00000000	     -3.67853090	      0.00000000	      0.00000000	      0.00000000	      0.00000000	      0.00000000	      0.00000000	      0.00000000	      0.00000000	      0.00000000	      0.00000000
      0.40400000	    -17.46409945	    746.51680887	     19.27475259	      0.28832630	     -0.00200000	     -0.28356955	      0.00000000	     -3.69820718	     -0.00000000	      0.00000000	      0.00000000	      0.00000000	      0.00000000	      0.00000000	      0.00000000	      0.00000000	      0.00000000	      0.00000000
      0.40500000	    -17.07525551	    747.15200812	     19.34218779	      0.28867108	     -0.00200000	     -0.28367478	      0.00000000	     -3.71736555	     -0.00000000	      0.00000000	      0.00000000	      0.00000000	      0.00000000	      0.00000000	      0.00000000	      0.00000000	      0.00000000	      0.00000000
      0.40600000	    -16.68402739	    747.81067669	     19.41382699	      0.28901328	     -0.00200000	     -0.28377926	      0.00000000	     -3.73611964	     -0.00000000	      0.00000000	      0.00000000	      0.00000000	      0.00000000	      0.00000000	      0.00000000	      0.00000000	      0.00000000	      0.00000000
      0.40700000	    -16.29000250	    748.49847704	     19.49053816	      0.28935231	     -0.00200000	     -0.28388278	      0.00000000	     -3.75438148	     -0.00000000	      0.00000000	      0.00000000	      0.00000000	      0.00000000	      0.00000000	      0.00000000	      0.00000000	      0.00000000	      0.00000000
      0.40800000	    -15.89387655	    749.20967221	     19.57116090	      0.28968884	     -0.00200000	     -0.28398546	      0.00000000	     -3.77225863	     -0.00000000	      0.00000000	      0.00000000	      0.00000000	      0.00000000	      0.00000000	      0.00000000	      0.00000000	      0.00000000	      0.00000000
      0.40900000	    -15.49527515	    749.94988739	     19.65649799	      0.29002231	     -0.00200000	     -0.28408710	      0.00000000	     -3.78966363	     -0.00000000	      0.00000000	      0.00000000	      0.00000000	      0.00000000	      0.00000000	      0.00000000	      0.00000000	      0.00000000	      0.00000000
      0.41000000	    -15.09480923	    750.71349740	     19.74547282	      0.29035337	     -0.00200000	     -0.28418786	      0.00000000	     -3.80669685	     -0.00000000	      0.00000000	      0.00000000	      0.00000000	      0.00000000	      0.00000000	      0.00000000	      0.00000000	      0.00000000	      0.00000000
      0.41100000	    -14.69215145	    751.50609016	     19.83882673	      0.29068148	     -0.00200000	     -0.28428751	      0.00000000	     -3.82327207	      0.00000000	      0.00000000	      0.00000000	      0.00000000	      0.00000000	      0.00000000	      0.00000000	      0.00000000	      0.00000000	      0.00000000
      0.41200000	    -14.28786013	    752.32192874	     19.93555017	      0.29100727	     -0.00200000	     -0.28438626	      0.00000000	     -3.83948568	      0.00000000	      0.00000000	      0.00000000	      0.00000000	      0.00000000	      0.00000000	      0.00000000	      0.00000000	      0.00000000	      0.00000000
      0.41300000	    -13.88168707	    753.16678733	     20.03631368	      0.29133023	     -0.00200000	     -0.28448386	      0.00000000	     -3.85525764	      0.00000000	      0.00000000	      0.00000000	      0.00000000	      0.00000000	      0.00000000	      0.00000000	      0.00000000	      0.00000000	      0.00000000
      0.41400000	    -13.47414218	    754.03466821	     20.14017291	      0.29165098	     -0.00200000	     -0.28458055	      0.00000000	     -3.87068582	      0.00000000	      0.00000000	      0.00000000	      0.00000000	      0.00000000	      0.00000000	      0.00000000	      0.00000000	      0.00000000	      0.00000000
      0.41500000	    -13.06505781	    754.93119657	     20.24773136	      0.29196904	     -0.00200000	     -0.28467610	      0.00000000	     -3.88569567	      0.00000000	      0.00000000	      0.00000000	      0.00000000	      0.00000000	      0.00000000	      0.00000000	      0.00000000	      0.00000000	      0.00000000
      0.41600000	    -12.65488565	    755.85044920	     20.35811543	      0.29228502	     -0.00200000	     -0.28477074	      0.00000000	     -3.90038091	      0.00000000	      0.00000000	      0.00000000	      0.00000000	      0.00000000	      0.00000000	      0.00000000	      0.00000000	      0.00000000	      0.00000000
      0.41700000	    -12.24353397	    756.79779053	     20.47186345	      0.29259848	     -0.00200000	     -0.28486427	      0.00000000	     -3.91467637	      0.00000000	      0.00000000	      0.00000000	      0.00000000	      0.00000000	      0.00000000	      0.00000000	      0.00000000	      0.00000000	      0.00000000
      0.41800000	    -11.83137950	    757.76733458	     20.58817446	      0.29291000	     -0.00200000	     -0.28495690	      0.00000000	     -3.92867457	      0.00000000	      0.00000000	      0.00000000	      0.00000000	      0.00000000	      0.00000000	      0.00000000	      0.00000000	      0.00000000	      0.00000000
      0.41900000	    -11.41838823	    758.76418501	     20.70752997	      0.29321921	     -0.00200000	     -0.28504845	      0.00000000	     -3.94232101	      0.00000000	      0.00000000	      0.00000000	      0.00000000	      0.00000000	      0.00000000	      0.00000000	      0.00000000	      0.00000000	      0.00000000
      0.42000000	    -11.00484561	    759.78264213	     20.82921006	      0.29352665	     -0.00200000	     -0.28513914	      0.00000000	     -3.95570036	     -0.00000000	      0.00000000	      0.00000000	      0.00000000	      0.00000000	      0.00000000	      0.00000000	      0.00000000	      0.00000000	      0.00000000
      0.42100000	    -10.59074514	    760.82769781	     20.95366921	      0.29383198	     -0.00200000	     -0.28522874	      0.00000000	     -3.96876137	      0.00000000	      0.00000000	      0.00000000	      0.00000000	      0.00000000	      0.00000000	      0.00000000	      0.00000000	      0.00000000	      0.00000000
      0.42200000	    -10.17628890	    761.89376414	     21.08026110	      0.29413568	     -0.00200000	     -0.28531750	      0.00000000	     -3.98157877	      0.00000000	      0.00000000	      0.00000000	      0.00000000	      0.00000000	      0.00000000	      0.00000000	      0.00000000	      0.00000000	      0.00000000
      0.42300000	     -9.76148341	    762.98564672	     21.20941691	      0.29443745	     -0.00200000	     -0.28540520	      0.00000000	     -3.99410205	      0.00000000	      0.00000000	      0.00000000	      0.00000000	      0.00000000	      0.00000000	      0.00000000	      0.00000000	      0.00000000	      0.00000000
      0.42400000	     -9.34646744	    764.09786940	     21.34054340	      0.29473772	     -0.00200000	     -0.28549206	      0.00000000	     -4.00639960	     -0.00000000	      0.00000000	      0.00000000	      0.00000000	      0.00000000	      0.00000000	      0.00000000	      0.00000000	      0.00000000	      0.00000000
      0.42500000	     -8.93127453	    765.23508877	     21.47403825	      0.29503620	     -0.00200000	     -0.28557785	      0.00000000	     -4.01842876	      0.00000000	      0.00000000	      0.00000000	      0.00000000	      0.00000000	      0.00000000	      0.00000000	      0.00000000	      0.00000000	      0.00000000
      0.42600000	     -8.51600803	    766.39182866	     21.60934173	      0.29533332	     -0.00200000	     -0.28566280	      0.00000000	     -4.03025474	      0.00000000	      0.00000000	      0.00000000	      0.00000000	      0.00000000	      0.00000000	      0.00000000	      0.00000000	      0.00000000	      0.00000000
      0.42700000	     -8.10074341	    767.57229865	     21.74679469	      0.29562881	     -0.00200000	     -0.28574670	      0.00000000	     -4.04184320	      0.00000000	      0.00000000	      0.00000000	      0.00000000	      0.00000000	      0.00000000	      0.00000000	      0.00000000	      0.00000000	      0.00000000
      0.42800000	     -7.68555328	    768.77117157	     21.88587561	      0.29592307	     -0.00200000	     -0.28582977	      0.00000000	     -4.05325609	      0.00000000	      0.00000000	      0.00000000	      0.00000000	      0.00000000	      0.00000000	      0.00000000	      0.00000000	      0.00000000	      0.00000000
      0.42900000	     -7.27053871	    769.99224722	     22.02687319	      0.29621592	     -0.00200000	     -0.28591182	      0.00000000	     -4.06446868	      0.00000000	      0.00000000	      0.00000000	      0.00000000	      0.00000000	      0.00000000	      0.00000000	      0.00000000	      0.00000000	      0.00000000
      0.43000000	     -6.85571879	    771.23023570	     22.16931619	      0.29650773	     -0.00200000	     -0.28599306	      0.00000000	     -4.07553396	      0.00000000	      0.00000000	      0.00000000	      0.00000000	      0.00000000	      0.00000000	      0.00000000	      0.00000000	      0.00000000	      0.00000000
      0.43100000	     -6.44118874	    772.48856425	     22.31346350	      0.29679835	     -0.00200000	     -0.28607330	      0.00000000	     -4.08642892	      0.00000000	      0.00000000	      0.00000000	      0.00000000	      0.00000000	      0.00000000	      0.00000000	      0.00000000	      0.00000000	      0.00000000
      0.43200000	     -6.02691481	    773.76239002	     22.45890163	      0.29708812	     -0.00200000	     -0.28615274	      0.00000000	     -4.09719695	      0.00000000	      0.00000000	      0.00000000	      0.00000000	      0.00000000	      0.00000000	      0.00000000	      0.00000000	      0.00000000	      0.00000000
      0.43300000	     -5.61297755	    775.05454421	     22.60587178	      0.29737693	     -0.00200000	     -0.28623119	      0.00000000	     -4.10781795	      0.00000000	      0.00000000	      0.00000000	      0.00000000	      0.00000000	      0.00000000	      0.00000000	      0.00000000	      0.00000000	      0.00000000
      0.43400000	     -5.19931782	    776.36063099	     22.75400050	      0.29766506	     -0.00200000	     -0.28630886	      0.00000000	     -4.11833239	      0.00000000	      0.00000000	      0.00000000	      0.00000000	      0.00000000	      0.00000000	      0.00000000	      0.00000000	      0.00000000	      0.00000000
      0.43500000	     -4.78600361	    777.68322080	     22.90350385	      0.29795242	     -0.00200000	     -0.28638556	      0.00000000	     -4.12872531	      0.00000000	      0.00000000	      0.00000000	      0.00000000	      0.00000000	      0.00000000	      0.00000000	      0.00000000	      0.00000000	      0.00000000
      0.43600000	     -4.37295577	    779.01832759	     23.05406146	      0.29823923	     -0.00200000	     -0.28646147	      0.00000000	     -4.13903067	      0.00000000	      0.00000000	      0.00000000	      0.00000000	      0.00000000	      0.00000000	      0.00000000	      0.00000000	      0.00000000	      0.00000000
      0.43700000	     -3.96021479	    780.36807477	     23.20590150	      0.29852544	     -0.00200000	     -0.28653641	      0.00000000	     -4.14923519	      0.00000000	      0.00000000	      0.00000000	      0.00000000	      0.00000000	      0.00000000	      0.00000000	      0.00000000	      0.00000000	      0.00000000
      0.43800000	     -3.54768895	    781.72884881	     23.35875109	      0.29881122	     -0.00200000	     -0.28661056	      0.00000000	     -4.15936787	      0.00000000	      0.00000000	      0.00000000	      0.00000000	      0.00000000	      0.00000000	      0.00000000	      0.00000000	      0.00000000	      0.00000000
      0.43900000	     -3.13538569	    783.10236335	     23.51286169	      0.29909654	     -0.00200000	     -0.28668372	      0.00000000	     -4.16942095	      0.00000000	      0.00000000	      0.00000000	      0.00000000	      0.00000000	      0.00000000	      0.00000000	      0.00000000	      0.00000000	      0.00000000
      0.44000000	     -2.72321538	    784.48541462	     23.66798557	      0.29938156	     -0.00200000	     -0.28675611	      0.00000000	     -4.17941807	      0.00000000	      0.00000000	      0.00000000	      0.00000000	      0.00000000	      0.00000000	      0.00000000	      0.00000000	      0.00000000	      0.00000000
      0.44100000	     -2.31113867	    785.87919474	     23.82441238	      0.29966629	     -0.00200000	     -0.28682754	      0.00000000	     -4.18935041	      0.00000000	      0.00000000	      0.00000000	      0.00000000	      0.00000000	      0.00000000	      0.00000000	      0.00000000	      0.00000000	      0.00000000
      0.44200000	     -1.89906720	    787.28079796	     23.98192137	      0.29995085	     -0.00200000	     -0.28689824	      0.00000000	     -4.19923305	      0.00000000	      0.00000000	      0.00000000	      0.00000000	      0.00000000	      0.00000000	      0.00000000	      0.00000000	      0.00000000	      0.00000000
      0.44300000	     -1.48690148	    788.69134188	     24.14084971	      0.30023526	     -0.00200000	     -0.28696805	      0.00000000	     -4.20905215	      0.00000000	      0.00000000	      0.00000000	      0.00000000	      0.00000000	      0.00000000	      0.00000000	      0.00000000	      0.00000000	      0.00000000
      0.44400000	     -1.07456895	    790.10821879	     24.30097014	      0.30051960	     -0.00200000	     -0.28703718	      0.00000000	     -4.21881468	      0.00000000	      0.00000000	      0.00000000	      0.00000000	      0.00000000	      0.00000000	      0.00000000	      0.00000000	      0.00000000	      0.00000000
      0.44500000	     -0.66189529	    791.53209925	     24.46267381	      0.30080390	     -0.00200000	     -0.28710547	      0.00000000	     -4.22849454	      0.00000000	      0.00000000	      0.00000000	      0.00000000	      0.00000000	      0.00000000	      0.00000000	      0.00000000	      0.00000000	      0.00000000
      0.44600000	     -0.24883525	    792.96097159	     24.62571859	      0.30108822	     -0.00200000	     -0.28717312	      0.00000000	     -4.23809469	      0.00000000	      0.00000000	      0.00000000	      0.00000000	      0.00000000	      0.00000000	      0.00000000	      0.00000000	      0.00000000	      0.00000000
      0.44700000	      0.16484767	    794.39502209	     24.79054220	      0.30137260	     -0.00200000	     -0.28724002	      0.00000000	     -4.24757311	      0.00000000	      0.00000000	      0.00000000	      0.00000000	      0.00000000	      0.00000000	      0.00000000	      0.00000000	      0.00000000	      0.00000000
      0.44800000	      0.57913992	    795.83264887	     24.95687641	      0.30165708	     -0.00200000	     -0.28730634	      0.00000000	     -4.25693478	      0.00000000	      0.00000000	      0.00000000	      0.00000000	      0.00000000	      0.00000000	      0.00000000	      0.00000000	      0.00000000	      0.00000000
      0.44900000	      0.99434151	    797.27377743	     25.12521762	      0.30194171	     -0.00200000	     -0.28737199	      0.00000000	     -4.26612556	      0.00000000	      0.00000000	      0.00000000	      0.00000000	      0.00000000	      0.00000000	      0.00000000	      0.00000000	      0.00000000	      0.00000000
      0.45000000	      1.41039561	    798.71714115	     25.29526874	      0.30222651	     -0.00200000	     -0.28743714	      0.00000000	     -4.27516015	      0.00000000	      0.00000000	      0.00000000	      0.00000000	      0.00000000	      0.00000000	      0.00000000	      0.00000000	      0.00000000	      0.00000000
      0.45100000	      1.82767247	    800.16247928	     25.46761371	      0.30251154	     -0.00200000	     -0.28750170	      0.00000000	     -4.28397299	      0.00000000	      0.00000000	      0.00000000	      0.00000000	      0.00000000	      0.00000000	      0.00000000	      0.00000000	      0.00000000	      0.00000000
      0.45200000	      2.24605296	    801.60878599	     25.64193867	      0.30279680	     -0.00200000	     -0.28756580	      0.00000000	     -4.29258632	      0.00000000	      0.00000000	      0.00000000	      0.00000000	      0.00000000	      0.00000000	      0.00000000	      0.00000000	      0.00000000	      0.00000000
      0.45300000	      2.66597793	    803.05580050	     25.81894677	      0.30308237	     -0.00200000	     -0.28762938	      0.00000000	     -4.30091999	      0.00000000	      0.00000000	      0.00000000	      0.00000000	      0.00000000	      0.00000000	      0.00000000	      0.00000000	      0.00000000	      0.00000000
      0.45400000	      3.08727939	    804.50281501	     25.99828690	      0.30336824	     -0.00200000	     -0.28769256	      0.00000000	     -4.30900160	      0.00000000	      0.00000000	      0.00000000	      0.00000000	      0.00000000	      0.00000000	      0.00000000	      0.00000000	      0.00000000	      0.00000000
      0.45500000	      3.51048855	    805.94934523	     26.18079819	      0.30365453	     -0.00200000	     -0.28775530	      0.00000000	     -4.31672773	      0.00000000	      0.00000000	      0.00000000	      0.00000000	      0.00000000	      0.00000000	      0.00000000	      0.00000000	      0.00000000	      0.00000000
      0.45600000	      3.93538224	    807.39513040	     26.36606060	      0.30394116	     -0.00200000	     -0.28781770	      0.00000000	     -4.32413452	      0.00000000	      0.00000000	      0.00000000	      0.00000000	      0.00000000	      0.00000000	      0.00000000	      0.00000000	      0.00000000	      0.00000000
      0.45700000	      4.36259084	    808.83953720	     26.55504923	      0.30422827	     -0.00200000	     -0.28787974	      0.00000000	     -4.33109345	      0.00000000	      0.00000000	      0.00000000	      0.00000000	      0.00000000	      0.00000000	      0.00000000	      0.00000000	      0.00000000	      0.00000000
      0.45800000	      4.79182042	    810.28260291	     26.74725652	      0.30451577	     -0.00200000	     -0.28794151	      0.00000000	     -4.33765229	      0.00000000	      0.00000000	      0.00000000	      0.00000000	      0.00000000	      0.00000000	      0.00000000	      0.00000000	      0.00000000	      0.00000000
      0.45900000	      5.22378925	    811.72373146	     26.94380376	      0.30480377	     -0.00200000	     -0.28800298	      0.00000000	     -4.34365600	      0.00000000	      0.00000000	      0.00000000	      0.00000000	      0.00000000	      0.00000000	      0.00000000	      0.00000000	      0.00000000	      0.00000000
      0.46000000	      5.65812225	    813.16299736	     27.14408189	      0.30509217	     -0.00200000	     -0.28806426	      0.00000000	     -4.34916937	      0.00000000	      0.00000000	      0.00000000	      0.00000000	      0.00000000	      0.00000000	      0.00000000	      0.00000000	      0.00000000	      0.00000000
      0.46100000	      6.09562709	    814.59976733	     27.34935656	      0.30538106	     -0.00200000	     -0.28812530	      0.00000000	     -4.35400996	      0.00000000	      0.00000000	      0.00000000	      0.00000000	      0.00000000	      0.00000000	      0.00000000	      0.00000000	      0.00000000	      0.00000000
      0.46200000	      6.53584022	    816.03430212	     27.55889669	      0.30567034	     -0.00200000	     -0.28818619	      0.00000000	     -4.35826360	      0.00000000	      0.00000000	      0.00000000	      0.00000000	      0.00000000	      0.00000000	      0.00000000	      0.00000000	      0.00000000	      0.00000000
      0.46300000	      6.97964756	    817.46589392	     27.77411230	      0.30596009	     -0.00200000	     -0.28824685	      0.00000000	     -4.36172201	      0.00000000	      0.00000000	      0.00000000	      0.00000000	      0.00000000	      0.00000000	      0.00000000	      0.00000000	      0.00000000	      0.00000000
      0.46400000	      7.42649380	    818.89502704	     27.99415216	      0.30625018	     -0.00200000	     -0.28830735	      0.00000000	     -4.36449265	      0.00000000	      0.00000000	      0.00000000	      0.00000000	      0.00000000	      0.00000000	      0.00000000	      0.00000000	      0.00000000	      0.00000000
      0.46500000	      7.87734543	    820.32091916	     28.22059579	      0.30654068	     -0.00200000	     -0.28836765	      0.00000000	     -4.36633430	      0.00000000	      0.00000000	      0.00000000	      0.00000000	      0.00000000	      0.00000000	      0.00000000	      0.00000000	      0.00000000	      0.00000000
      0.46600000	      8.33157171	    821.74427807	     28.45247462	      0.30683146	     -0.00200000	     -0.28842778	      0.00000000	     -4.36737218	      0.00000000	      0.00000000	      0.00000000	      0.00000000	      0.00000000	      0.00000000	      0.00000000	      0.00000000	      0.00000000	      0.00000000
      0.46700000	      8.79024481	    823.16447049	     28.69153675	      0.30712257	     -0.00200000	     -0.28848770	      0.00000000	     -4.36732408	      0.00000000	      0.00000000	      0.00000000	      0.00000000	      0.00000000	      0.00000000	      0.00000000	      0.00000000	      0.00000000	      0.00000000
      0.46800000	      9.25266556	    824.58235323	     28.93665619	      0.30741386	     -0.00200000	     -0.28854743	      0.00000000	     -4.36634008	      0.00000000	      0.00000000	      0.00000000	      0.00000000	      0.00000000	      0.00000000	      0.00000000	      0.00000000	      0.00000000	      0.00000000
      0.46900000	      9.72000929	    825.99736750	     29.18972727	      0.30770535	     -0.00200000	     -0.28860693	      0.00000000	     -4.36409795	      0.00000000	      0.00000000	      0.00000000	      0.00000000	      0.00000000	      0.00000000	      0.00000000	      0.00000000	      0.00000000	      0.00000000
      0.47000000	     10.19147504	    827.41037011	     29.44944799	      0.30799692	     -0.00200000	     -0.28866623	      0.00000000	     -4.36077666	      0.00000000	      0.00000000	      0.00000000	      0.00000000	      0.00000000	      0.00000000	      0.00000000	      0.00000000	      0.00000000	      0.00000000
      0.47100000	     10.66830941	    828.82098854	     29.71782908	      0.30828856	     -0.00200000	     -0.28872527	      0.00000000	     -4.35601527	      0.00000000	      0.00000000	      0.00000000	      0.00000000	      0.00000000	      0.00000000	      0.00000000	      0.00000000	      0.00000000	      0.00000000
      0.47200000	     11.14960108	    830.22989333	     29.99341115	      0.30858019	     -0.00200000	     -0.28878411	      0.00000000	     -4.35002821	      0.00000000	      0.00000000	      0.00000000	      0.00000000	      0.00000000	      0.00000000	      0.00000000	      0.00000000	      0.00000000	      0.00000000
      0.47300000	     11.63664926	    831.63667470	     30.27832694	      0.30887177	     -0.00200000	     -0.28884273	      0.00000000	     -4.34241489	      0.00000000	      0.00000000	      0.00000000	      0.00000000	      0.00000000	      0.00000000	      0.00000000	      0.00000000	      0.00000000	      0.00000000
      0.47400000	     12.12843694	    833.04189146	     30.57095408	      0.30916327	     -0.00200000	     -0.28890119	      0.00000000	     -4.33342655	      0.00000000	      0.00000000	      0.00000000	      0.00000000	      0.00000000	      0.00000000	      0.00000000	      0.00000000	      0.00000000	      0.00000000
      0.47500000	     12.62629637	    834.44528282	     30.87348863	      0.30945462	     -0.00200000	     -0.28895948	      0.00000000	     -4.32262427	      0.00000000	      0.00000000	      0.00000000	      0.00000000	      0.00000000	      0.00000000	      0.00000000	      0.00000000	      0.00000000	      0.00000000
      0.47600000	     13.12912069	    835.84725857	     31.18412383	      0.30974584	     -0.00200000	     -0.28901764	      0.00000000	     -4.31029958	      0.00000000	      0.00000000	      0.00000000	      0.00000000	      0.00000000	      0.00000000	      0.00000000	      0.00000000	      0.00000000	      0.00000000
      0.47700000	     13.63827242	    837.24752069	     31.50505573	      0.31003684	     -0.00200000	     -0.28907565	      0.00000000	     -4.29598818	      0.00000000	      0.00000000	      0.00000000	      0.00000000	      0.00000000	      0.00000000	      0.00000000	      0.00000000	      0.00000000	      0.00000000
      0.47800000	     14.15257342	    838.64666522	     31.83431923	      0.31032764	     -0.00200000	     -0.28913352	      0.00000000	     -4.28002348	      0.00000000	      0.00000000	      0.00000000	      0.00000000	      0.00000000	      0.00000000	      0.00000000	      0.00000000	      0.00000000	      0.00000000
      0.47900000	     14.67339043	    840.04469216	     32.17405267	      0.31061811	     -0.00200000	     -0.28919118	      0.00000000	     -4.26192151	      0.00000000	      0.00000000	      0.00000000	      0.00000000	      0.00000000	      0.00000000	      0.00000000	      0.00000000	      0.00000000	      0.00000000
      0.48000000	     15.19946754	    841.44204855	     32.52214566	      0.31090829	     -0.00200000	     -0.28924864	      0.00000000	     -4.24205735	      0.00000000	      0.00000000	      0.00000000	      0.00000000	      0.00000000	      0.00000000	      0.00000000	      0.00000000	      0.00000000	      0.00000000
      0.48100000	     15.73214401	    842.83892065	     32.88057074	      0.31119803	     -0.00200000	     -0.28930580	      0.00000000	     -4.21993906	      0.00000000	      0.00000000	      0.00000000	      0.00000000	      0.00000000	      0.00000000	      0.00000000	      0.00000000	      0.00000000	      0.00000000
      0.48200000	     16.27009548	    844.23571825	     33.24709833	      0.31148735	     -0.00200000	     -0.28936269	      0.00000000	     -4.19598547	      0.00000000	      0.00000000	      0.00000000	      0.00000000	      0.00000000	      0.00000000	      0.00000000	      0.00000000	      0.00000000	      0.00000000
      0.48300000	     16.81460254	    845.63281387	     33.62346999	      0.31177612	     -0.00200000	     -0.28941917	      0.00000000	     -4.16970608	      0.00000000	      0.00000000	      0.00000000	      0.00000000	      0.00000000	      0.00000000	      0.00000000	      0.00000000	      0.00000000	      0.00000000
      0.48400000	     17.36430079	    847.03035653	     34.00740772	      0.31206441	     -0.00200000	     -0.28947530	      0.00000000	     -4.14155294	      0.00000000	      0.00000000	      0.00000000	      0.00000000	      0.00000000	      0.00000000	      0.00000000	      0.00000000	      0.00000000	      0.00000000
      0.48500000	     17.92038511	    848.42901677	     34.40033831	      0.31235204	     -0.00200000	     -0.28953093	      0.00000000	     -4.11105280	      0.00000000	      0.00000000	      0.00000000	      0.00000000	      0.00000000	      0.00000000	      0.00000000	      0.00000000	      0.00000000	      0.00000000
      0.48600000	     18.48147251	    849.82879460	     34.80002657	      0.31263913	     -0.00200000	     -0.28958609	      0.00000000	     -4.07868121	      0.00000000	      0.00000000	      0.00000000	      0.00000000	      0.00000000	      0.00000000	      0.00000000	      0.00000000	      0.00000000	      0.00000000
      0.48700000	     19.04864702	    851.23054683	     35.20751931	      0.31292549	     -0.00200000	     -0.28964058	      0.00000000	     -4.04399701	      0.00000000	      0.00000000	      0.00000000	      0.00000000	      0.00000000	      0.00000000	      0.00000000	      0.00000000	      0.00000000	      0.00000000
      0.48800000	     19.62053217	    852.63416171	     35.62067449	      0.31321124	     -0.00200000	     -0.28969447	      0.00000000	     -4.00749438	      0.00000000	      0.00000000	      0.00000000	      0.00000000	      0.00000000	      0.00000000	      0.00000000	      0.00000000	      0.00000000	      0.00000000
      0.48900000	     20.19807417	    854.04057056	     36.04008257	      0.31349623	     -0.00200000	     -0.28974751	      0.00000000	     -3.96877559	      0.00000000	      0.00000000	      0.00000000	      0.00000000	      0.00000000	      0.00000000	      0.00000000	      0.00000000	      0.00000000	      0.00000000
      0.49000000	     20.77994309	    855.44958711	     36.46376356	      0.31378056	     -0.00200000	     -0.28979979	      0.00000000	     -3.92834482	      0.00000000	      0.00000000	      0.00000000	      0.00000000	      0.00000000	      0.00000000	      0.00000000	      0.00000000	      0.00000000	      0.00000000
      0.49100000	     21.36695106	    856.86225444	     36.89177893	      0.31406405	     -0.00200000	     -0.28985100	      0.00000000	     -3.88586558	      0.00000000	      0.00000000	      0.00000000	      0.00000000	      0.00000000	      0.00000000	      0.00000000	      0.00000000	      0.00000000	      0.00000000
      0.49200000	     21.95784263	    858.27820003	     37.32240200	      0.31434687	     -0.00200000	     -0.28990126	      0.00000000	     -3.84183403	      0.00000000	      0.00000000	      0.00000000	      0.00000000	      0.00000000	      0.00000000	      0.00000000	      0.00000000	      0.00000000	      0.00000000
      0.49300000	     22.55328093	    859.69887674	     37.75515407	      0.31462877	     -0.00200000	     -0.28995020	      0.00000000	     -3.79598810	      0.00000000	      0.00000000	      0.00000000	      0.00000000	      0.00000000	      0.00000000	      0.00000000	      0.00000000	      0.00000000	      0.00000000
      0.49400000	     23.15210365	    861.12365127	     38.18865865	      0.31490993	     -0.00200000	     -0.28999799	      0.00000000	     -3.74880056	      0.00000000	      0.00000000	      0.00000000	      0.00000000	      0.00000000	      0.00000000	      0.00000000	      0.00000000	      0.00000000	      0.00000000
      0.49500000	     23.75483327	    862.55405098	     38.62187825	      0.31519013	     -0.00200000	     -0.29004420	      0.00000000	     -3.70008885	      0.00000000	      0.00000000	      0.00000000	      0.00000000	      0.00000000	      0.00000000	      0.00000000	      0.00000000	      0.00000000	      0.00000000
      0.49600000	     24.36043508	    863.98936808	     39.05388340	      0.31546953	     -0.00200000	     -0.29008904	      0.00000000	     -3.65028311	      0.00000000	      0.00000000	      0.00000000	      0.00000000	      0.00000000	      0.00000000	      0.00000000	      0.00000000	      0.00000000	      0.00000000
      0.49700000	     24.96932726	    865.43135345	     39.48312998	      0.31574789	     -0.00200000	     -0.29013206	      0.00000000	     -3.59927441	      0.00000000	      0.00000000	      0.00000000	      0.00000000	      0.00000000	      0.00000000	      0.00000000	      0.00000000	      0.00000000	      0.00000000
      0.49800000	     25.58062971	    866.87915027	     39.90917653	      0.31602542	     -0.00200000	     -0.29017351	      0.00000000	     -3.54743726	      0.00000000	      0.00000000	      0.00000000	      0.00000000	      0.00000000	      0.00000000	      0.00000000	      0.00000000	      0.00000000	      0.00000000
      0.49900000	     26.19468048	    868.33469570	     40.32998718	      0.31630185	     -0.00200000	     -0.29021290	      0.00000000	     -3.49473668	      0.00000000	      0.00000000	      0.00000000	      0.00000000	      0.00000000	      0.00000000	      0.00000000	      0.00000000	      0.00000000	      0.00000000
      0.50000000	     26.81073733	    869.79702115	     40.74562341	      0.31657737	     -0.00200000	     -0.29025054	      0.00000000	     -3.44148651	      0.00000000	      0.00000000	      0.00000000	      0.00000000	      0.00000000	      0.00000000	      0.00000000	      0.00000000	      0.00000000	      0.00000000
      0.50100000	     27.42907498	    871.26839906	     41.15356691	      0.31685173	     -0.00200000	     -0.29028592	      0.00000000	     -3.38773056	      0.00000000	      0.00000000	      0.00000000	      0.00000000	      0.00000000	      0.00000000	      0.00000000	      0.00000000	      0.00000000	      0.00000000
      0.50200000	     28.04906294	    872.74752557	     41.55438766	      0.31712514	     -0.00200000	     -0.29031944	      0.00000000	     -3.33371484	      0.00000000	      0.00000000	      0.00000000	      0.00000000	      0.00000000	      0.00000000	      0.00000000	      0.00000000	      0.00000000	      0.00000000
      0.50300000	     28.67091820	    874.23678488	     41.94513708	      0.31739733	     -0.00200000	     -0.29035058	      0.00000000	     -3.27955439	      0.00000000	      0.00000000	      0.00000000	      0.00000000	      0.00000000	      0.00000000	      0.00000000	      0.00000000	      0.00000000	      0.00000000
      0.50400000	     29.29412760	    875.73461235	     42.32692346	      0.31766855	     -0.00200000	     -0.29037978	      0.00000000	     -3.22541872	      0.00000000	      0.00000000	      0.00000000	      0.00000000	      0.00000000	      0.00000000	      0.00000000	      0.00000000	      0.00000000	      0.00000000
      0.50500000	     29.91889417	    877.24354118	     42.69641824	      0.31793853	     -0.00200000	     -0.29040651	      0.00000000	     -3.17148504	      0.00000000	      0.00000000	      0.00000000	      0.00000000	      0.00000000	      0.00000000	      0.00000000	      0.00000000	      0.00000000	      0.00000000
      0.50600000	     30.54481745	    878.76178324	     43.05524379	      0.31820751	     -0.00200000	     -0.29043119	      0.00000000	     -3.11784686	      0.00000000	      0.00000000	      0.00000000	      0.00000000	      0.00000000	      0.00000000	      0.00000000	      0.00000000	      0.00000000	      0.00000000
      0.50700000	     31.17211442	    880.29205799	     43.39975119	      0.31847522	     -0.00200000	     -0.29045326	      0.00000000	     -3.06474240	      0.00000000	      0.00000000	      0.00000000	      0.00000000	      0.00000000	      0.00000000	      0.00000000	      0.00000000	      0.00000000	      0.00000000
      0.50800000	     31.80047497	    881.83216751	     43.73205826	      0.31874194	     -0.00200000	     -0.29047318	      0.00000000	     -3.01219476	      0.00000000	      0.00000000	      0.00000000	      0.00000000	      0.00000000	      0.00000000	      0.00000000	      0.00000000	      0.00000000	      0.00000000
      0.50900000	     32.43015148	    883.38509202	     44.04824972	      0.31900737	     -0.00200000	     -0.29049032	      0.00000000	     -2.96050294	      0.00000000	      0.00000000	      0.00000000	      0.00000000	      0.00000000	      0.00000000	      0.00000000	      0.00000000	      0.00000000	      0.00000000
      0.51000000	     33.06089342	    884.94844735	     44.35091093	      0.31927179	     -0.00200000	     -0.29050519	      0.00000000	     -2.90961753	     -0.00000000	      0.00000000	      0.00000000	      0.00000000	      0.00000000	      0.00000000	      0.00000000	      0.00000000	      0.00000000	      0.00000000
      0.51100000	     33.69300626	    886.52532548	     44.63592358	      0.31953491	     -0.00200000	     -0.29051714	      0.00000000	     -2.85988722	     -0.00000000	      0.00000000	      0.00000000	      0.00000000	      0.00000000	      0.00000000	      0.00000000	      0.00000000	      0.00000000	      0.00000000
      0.51200000	     34.32627022	    888.11337948	     44.90628466	      0.31979696	     -0.00200000	     -0.29052671	      0.00000000	     -2.81118876	     -0.00000000	      0.00000000	      0.00000000	      0.00000000	      0.00000000	      0.00000000	      0.00000000	      0.00000000	      0.00000000	      0.00000000
      0.51300000	     34.96104665	    889.71558958	     45.15773058	      0.32005769	     -0.00200000	     -0.29053325	      0.00000000	     -2.76390235	     -0.00000000	      0.00000000	      0.00000000	      0.00000000	      0.00000000	      0.00000000	      0.00000000	      0.00000000	      0.00000000	      0.00000000
      0.51400000	     35.59710830	    891.32942259	     45.39362714	      0.32031733	     -0.00200000	     -0.29053733	      0.00000000	     -2.71783293	      0.00000000	      0.00000000	      0.00000000	      0.00000000	      0.00000000	      0.00000000	      0.00000000	      0.00000000	      0.00000000	      0.00000000
      0.51500000	     36.23486869	    892.95800775	     45.60962878	      0.32057558	     -0.00200000	     -0.29053828	      0.00000000	     -2.67338214	     -0.00000000	      0.00000000	      0.00000000	      0.00000000	      0.00000000	      0.00000000	      0.00000000	      0.00000000	      0.00000000	      0.00000000
      0.51600000	     36.87405214	    894.59836483	     45.80942169	      0.32083272	     -0.00200000	     -0.29053672	      0.00000000	     -2.63029202	      0.00000000	      0.00000000	      0.00000000	      0.00000000	      0.00000000	      0.00000000	      0.00000000	      0.00000000	      0.00000000	      0.00000000
      0.51700000	     37.51511127	    896.25354856	     45.98865844	      0.32108845	     -0.00200000	     -0.29053199	      0.00000000	     -2.58897787	     -0.00000000	      0.00000000	      0.00000000	      0.00000000	      0.00000000	      0.00000000	      0.00000000	      0.00000000	      0.00000000	      0.00000000
      0.51800000	     38.15773875	    897.92035520	     46.15127668	      0.32134308	     -0.00200000	     -0.29052473	      0.00000000	     -2.54913319	      0.00000000	      0.00000000	      0.00000000	      0.00000000	      0.00000000	      0.00000000	      0.00000000	      0.00000000	      0.00000000	      0.00000000
      0.51900000	     38.80241886	    899.60154146	     46.29296996	      0.32159630	     -0.00200000	     -0.29051431	      0.00000000	     -2.51117789	      0.00000000	      0.00000000	      0.00000000	      0.00000000	      0.00000000	      0.00000000	      0.00000000	      0.00000000	      0.00000000	      0.00000000
      0.52000000	     39.44880515	    901.29382908	     46.41786218	      0.32184843	     -0.00200000	     -0.29050138	      0.00000000	     -2.47476479	      0.00000000	      0.00000000	      0.00000000	      0.00000000	      0.00000000	      0.00000000	      0.00000000	      0.00000000	      0.00000000	      0.00000000
      0.52100000	     40.09740055	    902.99975127	     46.52173631	      0.32209919	     -0.00200000	     -0.29048533	      0.00000000	     -2.44031439	      0.00000000	      0.00000000	      0.00000000	      0.00000000	      0.00000000	      0.00000000	      0.00000000	      0.00000000	      0.00000000	      0.00000000
      0.52200000	     40.74781761	    904.71610427	     46.60882056	      0.32234885	     -0.00200000	     -0.29046681	      0.00000000	     -2.40745507	      0.00000000	      0.00000000	      0.00000000	      0.00000000	      0.00000000	      0.00000000	      0.00000000	      0.00000000	      0.00000000	      0.00000000
      0.52300000	     41.40057229	    906.44486248	     46.67501338	      0.32259716	     -0.00200000	     -0.29044524	      0.00000000	     -2.37660305	      0.00000000	      0.00000000	      0.00000000	      0.00000000	      0.00000000	      0.00000000	      0.00000000	      0.00000000	      0.00000000	      0.00000000
      0.52400000	     42.05523059	    908.18308294	     46.72461003	      0.32284439	     -0.00200000	     -0.29042123	      0.00000000	     -2.34737055	     -0.00000000	      0.00000000	      0.00000000	      0.00000000	      0.00000000	      0.00000000	      0.00000000	      0.00000000	      0.00000000	      0.00000000
      0.52500000	     42.71229170	    909.93244201	     46.75363936	      0.32309025	     -0.00200000	     -0.29039420	      0.00000000	     -2.32017524	     -0.00000000	      0.00000000	      0.00000000	      0.00000000	      0.00000000	      0.00000000	      0.00000000	      0.00000000	      0.00000000	      0.00000000
      0.52600000	     43.37127507	    911.69014573	     46.76640034	      0.32333500	     -0.00200000	     -0.29036478	      0.00000000	     -2.29461447	      0.00000000	      0.00000000	      0.00000000	      0.00000000	      0.00000000	      0.00000000	      0.00000000	      0.00000000	      0.00000000	      0.00000000
      0.52700000	     44.03265193	    913.45760971	     46.75910436	      0.32357832	     -0.00200000	     -0.29033237	      0.00000000	     -2.27109484	      0.00000000	      0.00000000	      0.00000000	      0.00000000	      0.00000000	      0.00000000	      0.00000000	      0.00000000	      0.00000000	      0.00000000
      0.52800000	     44.69594359	    915.23207724	     46.73604295	      0.32382048	     -0.00200000	     -0.29029760	      0.00000000	     -2.24919759	      0.00000000	      0.00000000	      0.00000000	      0.00000000	      0.00000000	      0.00000000	      0.00000000	      0.00000000	      0.00000000	      0.00000000
      0.52900000	     45.36163621	    917.01447964	     46.69365846	      0.32406118	     -0.00200000	     -0.29025992	      0.00000000	     -2.22930673	      0.00000000	      0.00000000	      0.00000000	      0.00000000	      0.00000000	      0.00000000	      0.00000000	      0.00000000	      0.00000000	      0.00000000
      0.53000000	     46.02925852	    918.80224645	     46.63617536	      0.32430069	     -0.00200000	     -0.29021996	      0.00000000	     -2.21099429	      0.00000000	      0.00000000	      0.00000000	      0.00000000	      0.00000000	      0.00000000	      0.00000000	      0.00000000	      0.00000000	      0.00000000
      0.53100000	     46.69932462	    920.59582472	     46.56030424	      0.32453868	     -0.00200000	     -0.29017718	      0.00000000	     -2.19461543	      0.00000000	      0.00000000	      0.00000000	      0.00000000	      0.00000000	      0.00000000	      0.00000000	      0.00000000	      0.00000000	      0.00000000
      0.53200000	     47.37136886	    922.39305377	     46.47015035	      0.32477545	     -0.00200000	     -0.29013223	      0.00000000	     -2.17974426	      0.00000000	      0.00000000	      0.00000000	      0.00000000	      0.00000000	      0.00000000	      0.00000000	      0.00000000	      0.00000000	      0.00000000
      0.53300000	     48.04594070	    924.19359833	     46.36270739	      0.32501069	     -0.00200000	     -0.29008465	      0.00000000	     -2.16669944	      0.00000000	      0.00000000	      0.00000000	      0.00000000	      0.00000000	      0.00000000	      0.00000000	      0.00000000	      0.00000000	      0.00000000
      0.53400000	     48.72257262	    925.99563301	     46.24190181	      0.32524470	     -0.00200000	     -0.29003504	      0.00000000	     -2.15506424	      0.00000000	      0.00000000	      0.00000000	      0.00000000	      0.00000000	      0.00000000	      0.00000000	      0.00000000	      0.00000000	      0.00000000
      0.53500000	     49.40184578	    927.79815197	     46.10501416	      0.32547717	     -0.00200000	     -0.28998302	      0.00000000	     -2.14511880	      0.00000000	      0.00000000	      0.00000000	      0.00000000	      0.00000000	      0.00000000	      0.00000000	      0.00000000	      0.00000000	      0.00000000
      0.53600000	     50.08328706	    929.59977686	     45.95576227	      0.32570841	     -0.00200000	     -0.28992917	      0.00000000	     -2.13646440	      0.00000000	      0.00000000	      0.00000000	      0.00000000	      0.00000000	      0.00000000	      0.00000000	      0.00000000	      0.00000000	      0.00000000
      0.53700000	     50.76750927	    931.39890581	     45.79168931	      0.32593809	     -0.00200000	     -0.28987313	      0.00000000	     -2.12935096	      0.00000000	      0.00000000	      0.00000000	      0.00000000	      0.00000000	      0.00000000	      0.00000000	      0.00000000	      0.00000000	      0.00000000
      0.53800000	     51.45401135	    933.19460750	     45.61627284	      0.32616652	     -0.00200000	     -0.28981544	      0.00000000	     -2.12340961	      0.00000000	      0.00000000	      0.00000000	      0.00000000	      0.00000000	      0.00000000	      0.00000000	      0.00000000	      0.00000000	      0.00000000
      0.53900000	     52.14345455	    934.98449773	     45.42732053	      0.32639338	     -0.00200000	     -0.28975577	      0.00000000	     -2.11885851	      0.00000000	      0.00000000	      0.00000000	      0.00000000	      0.00000000	      0.00000000	      0.00000000	      0.00000000	      0.00000000	      0.00000000
      0.54000000	     52.83534154	    936.76835299	     45.22805661	      0.32661897	     -0.00200000	     -0.28969459	      0.00000000	     -2.11536009	      0.00000000	      0.00000000	      0.00000000	      0.00000000	      0.00000000	      0.00000000	      0.00000000	      0.00000000	      0.00000000	      0.00000000
      0.54100000	     53.53041366	    938.54282051	     45.01656629	      0.32684296	     -0.00200000	     -0.28963163	      0.00000000	     -2.11310044	      0.00000000	      0.00000000	      0.00000000	      0.00000000	      0.00000000	      0.00000000	      0.00000000	      0.00000000	      0.00000000	      0.00000000
      0.54200000	     54.22816426	    940.30834734	     44.79581863	      0.32706565	     -0.00200000	     -0.28956733	      0.00000000	     -2.11176825	      0.00000000	      0.00000000	      0.00000000	      0.00000000	      0.00000000	      0.00000000	      0.00000000	      0.00000000	      0.00000000	      0.00000000
      0.54300000	     54.92944457	    942.06102192	     44.56417263	      0.32728670	     -0.00200000	     -0.28950145	      0.00000000	     -2.11151505	      0.00000000	      0.00000000	      0.00000000	      0.00000000	      0.00000000	      0.00000000	      0.00000000	      0.00000000	      0.00000000	      0.00000000
      0.54400000	     55.63371629	    943.80185008	     44.32434216	      0.32750643	     -0.00200000	     -0.28943440	      0.00000000	     -2.11205381	      0.00000000	      0.00000000	      0.00000000	      0.00000000	      0.00000000	      0.00000000	      0.00000000	      0.00000000	      0.00000000	      0.00000000
      0.54500000	     56.34194240	    945.52628696	     44.07495260	      0.32772449	     -0.00200000	     -0.28936597	      0.00000000	     -2.11349579	      0.00000000	      0.00000000	      0.00000000	      0.00000000	      0.00000000	      0.00000000	      0.00000000	      0.00000000	      0.00000000	      0.00000000
      0.54600000	     57.05352500	    947.23597169	     43.81844401	      0.32794121	     -0.00200000	     -0.28929655	      0.00000000	     -2.11558636	      0.00000000	      0.00000000	      0.00000000	      0.00000000	      0.00000000	      0.00000000	      0.00000000	      0.00000000	      0.00000000	      0.00000000
      0.54700000	     57.76955374	    948.92565161	     43.55368949	      0.32815622	     -0.00200000	     -0.28922599	      0.00000000	     -2.11840121	      0.00000000	      0.00000000	      0.00000000	      0.00000000	      0.00000000	      0.00000000	      0.00000000	      0.00000000	      0.00000000	      0.00000000
      0.54800000	     58.48935619	    950.59782267	     43.28285530	      0.32836985	     -0.00200000	     -0.28915458	      0.00000000	     -2.12172255	      0.00000000	      0.00000000	      0.00000000	      0.00000000	      0.00000000	      0.00000000	      0.00000000	      0.00000000	      0.00000000	      0.00000000
      0.54900000	     59.21413377	    952.24641263	     43.00506413	      0.32858171	     -0.00200000	     -0.28908223	      0.00000000	     -2.12559112	      0.00000000	      0.00000000	      0.00000000	      0.00000000	      0.00000000	      0.00000000	      0.00000000	      0.00000000	      0.00000000	      0.00000000
      0.55000000	     59.94310975	    953.87458801	     42.72221029	      0.32879215	     -0.00200000	     -0.28900918	      0.00000000	     -2.12982789	      0.00000000	      0.00000000	      0.00000000	      0.00000000	      0.00000000	      0.00000000	      0.00000000	      0.00000000	      0.00000000	      0.00000000
      0.55100000	     60.67759357	    955.47553152	     42.43363068	      0.32900079	     -0.00200000	     -0.28893537	      0.00000000	     -2.13444460	      0.00000000	      0.00000000	      0.00000000	      0.00000000	      0.00000000	      0.00000000	      0.00000000	      0.00000000	      0.00000000	      0.00000000
      0.55200000	     61.41668931	    957.05315471	     42.14093834	      0.32920798	     -0.00200000	     -0.28886101	      0.00000000	     -2.13930282	      0.00000000	      0.00000000	      0.00000000	      0.00000000	      0.00000000	      0.00000000	      0.00000000	      0.00000000	      0.00000000	      0.00000000
      0.55300000	     62.16182187	    958.59974623	     41.84366949	      0.32941332	     -0.00200000	     -0.28878605	      0.00000000	     -2.14439119	      0.00000000	      0.00000000	      0.00000000	      0.00000000	      0.00000000	      0.00000000	      0.00000000	      0.00000000	      0.00000000	      0.00000000
      0.55400000	     62.91200221	    960.12018621	     41.54318571	      0.32961717	     -0.00200000	     -0.28871064	      0.00000000	     -2.14960961	      0.00000000	      0.00000000	      0.00000000	      0.00000000	      0.00000000	      0.00000000	      0.00000000	      0.00000000	      0.00000000	      0.00000000
      0.55500000	     63.66879120	    961.60631627	     41.23922996	      0.32981909	     -0.00200000	     -0.28863471	      0.00000000	     -2.15492717	      0.00000000	      0.00000000	      0.00000000	      0.00000000	      0.00000000	      0.00000000	      0.00000000	      0.00000000	      0.00000000	      0.00000000
      0.55600000	     64.43110108	    963.06368709	     40.93294218	      0.33001943	     -0.00200000	     -0.28855840	      0.00000000	     -2.16027004	      0.00000000	      0.00000000	      0.00000000	      0.00000000	      0.00000000	      0.00000000	      0.00000000	      0.00000000	      0.00000000	      0.00000000
      0.55700000	     65.20061195	    964.48373049	     40.62428884	      0.33021774	     -0.00200000	     -0.28848168	      0.00000000	     -2.16557564	      0.00000000	      0.00000000	      0.00000000	      0.00000000	      0.00000000	      0.00000000	      0.00000000	      0.00000000	      0.00000000	      0.00000000
      0.55800000	     65.97614288	    965.87270498	     40.31418636	      0.33041437	     -0.00200000	     -0.28840466	      0.00000000	     -2.17079296	      0.00000000	      0.00000000	      0.00000000	      0.00000000	      0.00000000	      0.00000000	      0.00000000	      0.00000000	      0.00000000	      0.00000000
      0.55900000	     66.75950065	    967.22166985	     40.00281729	      0.33060881	     -0.00200000	     -0.28832730	      0.00000000	     -2.17582568	      0.00000000	      0.00000000	      0.00000000	      0.00000000	      0.00000000	      0.00000000	      0.00000000	      0.00000000	      0.00000000	      0.00000000
      0.56000000	     67.54936278	    968.53755414	     39.69086707	      0.33080146	     -0.00200000	     -0.28824973	      0.00000000	     -2.18064893	      0.00000000	      0.00000000	      0.00000000	      0.00000000	      0.00000000	      0.00000000	      0.00000000	      0.00000000	      0.00000000	      0.00000000
      0.56100000	     68.34764034	    969.81085837	     39.37872313	      0.33099178	     -0.00200000	     -0.28817193	      0.00000000	     -2.18513498	      0.00000000	      0.00000000	      0.00000000	      0.00000000	      0.00000000	      0.00000000	      0.00000000	      0.00000000	      0.00000000	      0.00000000
      0.56200000	     69.15284693	    971.04907036	     39.06683996	      0.33118019	     -0.00200000	     -0.28809399	      0.00000000	     -2.18929256	      0.00000000	      0.00000000	      0.00000000	      0.00000000	      0.00000000	      0.00000000	      0.00000000	      0.00000000	      0.00000000	      0.00000000
      0.56300000	     69.96692717	    972.24216908	     38.75578381	      0.33136615	     -0.00200000	     -0.28801595	      0.00000000	     -2.19297368	      0.00000000	      0.00000000	      0.00000000	      0.00000000	      0.00000000	      0.00000000	      0.00000000	      0.00000000	      0.00000000	      0.00000000
      0.56400000	     70.78826427	    973.39816391	     38.44578192	      0.33155013	     -0.00200000	     -0.28793788	      0.00000000	     -2.19622254	      0.00000000	      0.00000000	      0.00000000	      0.00000000	      0.00000000	      0.00000000	      0.00000000	      0.00000000	      0.00000000	      0.00000000
      0.56500000	     71.61883637	    974.50640053	     38.13756444	      0.33173159	     -0.00200000	     -0.28785986	      0.00000000	     -2.19887293	      0.00000000	      0.00000000	      0.00000000	      0.00000000	      0.00000000	      0.00000000	      0.00000000	      0.00000000	      0.00000000	      0.00000000
      0.56600000	     72.45693356	    975.57552159	     37.83114254	      0.33191100	     -0.00200000	     -0.28778194	      0.00000000	     -2.20099858	      0.00000000	      0.00000000	      0.00000000	      0.00000000	      0.00000000	      0.00000000	      0.00000000	      0.00000000	      0.00000000	      0.00000000
      0.56700000	     73.30457494	    976.59450024	     37.52740845	      0.33208780	     -0.00200000	     -0.28770417	      0.00000000	     -2.20241565	      0.00000000	      0.00000000	      0.00000000	      0.00000000	      0.00000000	      0.00000000	      0.00000000	      0.00000000	      0.00000000	      0.00000000
      0.56800000	     74.15995747	    977.57242620	     37.22615913	      0.33226248	     -0.00200000	     -0.28762657	      0.00000000	     -2.20322789	      0.00000000	      0.00000000	      0.00000000	      0.00000000	      0.00000000	      0.00000000	      0.00000000	      0.00000000	      0.00000000	      0.00000000
      0.56900000	     75.02511516	    978.49801183	     36.92842461	      0.33243445	     -0.00200000	     -0.28754921	      0.00000000	     -2.20323713	      0.00000000	      0.00000000	      0.00000000	      0.00000000	      0.00000000	      0.00000000	      0.00000000	      0.00000000	      0.00000000	      0.00000000
      0.57000000	     75.89816302	    979.38075662	     36.63381189	      0.33260423	     -0.00200000	     -0.28747208	      0.00000000	     -2.20256798	      0.00000000	      0.00000000	      0.00000000	      0.00000000	      0.00000000	      0.00000000	      0.00000000	      0.00000000	      0.00000000	      0.00000000
      0.57100000	     76.78113505	    980.20900041	     36.34347580	      0.33277120	     -0.00200000	     -0.28739526	      0.00000000	     -2.20101257	      0.00000000	      0.00000000	      0.00000000	      0.00000000	      0.00000000	      0.00000000	      0.00000000	      0.00000000	      0.00000000	      0.00000000
      0.57200000	     77.67207921	    980.99276423	     36.05685011	      0.33293588	     -0.00200000	     -0.28731871	      0.00000000	     -2.19871526	      0.00000000	      0.00000000	      0.00000000	      0.00000000	      0.00000000	      0.00000000	      0.00000000	      0.00000000	      0.00000000	      0.00000000
      0.57300000	     78.57303694	    981.71982914	     35.77521816	      0.33309769	     -0.00200000	     -0.28724254	      0.00000000	     -2.19545329	      0.00000000	      0.00000000	      0.00000000	      0.00000000	      0.00000000	      0.00000000	      0.00000000	      0.00000000	      0.00000000	      0.00000000
      0.57400000	     79.48200405	    982.40077496	     35.49785167	      0.33325715	     -0.00200000	     -0.28716669	      0.00000000	     -2.19139110	      0.00000000	      0.00000000	      0.00000000	      0.00000000	      0.00000000	      0.00000000	      0.00000000	      0.00000000	      0.00000000	      0.00000000
      0.57500000	     80.40099218	    983.02286118	     35.22614576	      0.33341366	     -0.00200000	     -0.28709128	      0.00000000	     -2.18629487	      0.00000000	      0.00000000	      0.00000000	      0.00000000	      0.00000000	      0.00000000	      0.00000000	      0.00000000	      0.00000000	      0.00000000
      0.57600000	     81.32796735	    983.59696567	     34.95922312	      0.33356780	     -0.00200000	     -0.28701626	      0.00000000	     -2.18034562	      0.00000000	      0.00000000	      0.00000000	      0.00000000	      0.00000000	      0.00000000	      0.00000000	      0.00000000	      0.00000000	      0.00000000
      0.57700000	     82.26487786	    984.10997540	     34.69858505	      0.33371897	     -0.00200000	     -0.28694175	      0.00000000	     -2.17329757	      0.00000000	      0.00000000	      0.00000000	      0.00000000	      0.00000000	      0.00000000	      0.00000000	      0.00000000	      0.00000000	      0.00000000
      0.57800000	     83.20970088	    984.57328975	     34.44320709	      0.33386775	     -0.00200000	     -0.28686769	      0.00000000	     -2.16534362	      0.00000000	      0.00000000	      0.00000000	      0.00000000	      0.00000000	      0.00000000	      0.00000000	      0.00000000	      0.00000000	      0.00000000
      0.57900000	     84.16432887	    984.97319967	     34.19466689	      0.33401357	     -0.00200000	     -0.28679425	      0.00000000	     -2.15622594	      0.00000000	      0.00000000	      0.00000000	      0.00000000	      0.00000000	      0.00000000	      0.00000000	      0.00000000	      0.00000000	      0.00000000
      0.58000000	     85.12672782	    985.32162607	     33.95179659	      0.33415701	     -0.00200000	     -0.28672133	      0.00000000	     -2.14615611	      0.00000000	      0.00000000	      0.00000000	      0.00000000	      0.00000000	      0.00000000	      0.00000000	      0.00000000	      0.00000000	      0.00000000
      0.58100000	     86.09874174	    985.60456187	     33.71621482	      0.33429746	     -0.00200000	     -0.28664910	      0.00000000	     -2.13487719	      0.00000000	      0.00000000	      0.00000000	      0.00000000	      0.00000000	      0.00000000	      0.00000000	      0.00000000	      0.00000000	      0.00000000
      0.58200000	     87.07833290	    985.83422601	     33.48660469	      0.33443554	     -0.00200000	     -0.28657745	      0.00000000	     -2.12262381	      0.00000000	      0.00000000	      0.00000000	      0.00000000	      0.00000000	      0.00000000	      0.00000000	      0.00000000	      0.00000000	      0.00000000
      0.58300000	     88.06723356	    985.99623889	     33.26459974	      0.33457063	     -0.00200000	     -0.28650655	      0.00000000	     -2.10915303	      0.00000000	      0.00000000	      0.00000000	      0.00000000	      0.00000000	      0.00000000	      0.00000000	      0.00000000	      0.00000000	      0.00000000
      0.58400000	     89.06342089	    986.10326648	     33.04877877	      0.33470333	     -0.00200000	     -0.28643627	      0.00000000	     -2.09471242	      0.00000000	      0.00000000	      0.00000000	      0.00000000	      0.00000000	      0.00000000	      0.00000000	      0.00000000	      0.00000000	      0.00000000
      0.58500000	     90.06849304	    986.14033312	     32.84078650	      0.33483303	     -0.00200000	     -0.28636678	      0.00000000	     -2.07907351	      0.00000000	      0.00000000	      0.00000000	      0.00000000	      0.00000000	      0.00000000	      0.00000000	      0.00000000	      0.00000000	      0.00000000
      0.58600000	     91.08049423	    986.12055182	     32.63912722	      0.33496036	     -0.00200000	     -0.28629793	      0.00000000	     -2.06248740	      0.00000000	      0.00000000	      0.00000000	      0.00000000	      0.00000000	      0.00000000	      0.00000000	      0.00000000	      0.00000000	      0.00000000
      0.58700000	     92.10093692	    986.02849990	     32.44546801	      0.33508469	     -0.00200000	     -0.28622990	      0.00000000	     -2.04473085	      0.00000000	      0.00000000	      0.00000000	      0.00000000	      0.00000000	      0.00000000	      0.00000000	      0.00000000	      0.00000000	      0.00000000
      0.58800000	     93.12793612	    985.87773740	     32.25826845	      0.33520666	     -0.00200000	     -0.28616252	      0.00000000	     -2.02604857	      0.00000000	      0.00000000	      0.00000000	      0.00000000	      0.00000000	      0.00000000	      0.00000000	      0.00000000	      0.00000000	      0.00000000
      0.58900000	     94.16288882	    985.65243185	     32.07919002	      0.33532566	     -0.00200000	     -0.28609596	      0.00000000	     -2.00621957	      0.00000000	      0.00000000	      0.00000000	      0.00000000	      0.00000000	      0.00000000	      0.00000000	      0.00000000	      0.00000000	      0.00000000
      0.59000000	     95.20399570	    985.36655307	     31.90663084	      0.33544230	     -0.00200000	     -0.28603008	      0.00000000	     -1.98547656	      0.00000000	      0.00000000	      0.00000000	      0.00000000	      0.00000000	      0.00000000	      0.00000000	      0.00000000	      0.00000000	      0.00000000
      0.59100000	     96.25252336	    985.00397056	     31.74221888	      0.33555601	     -0.00200000	     -0.28596505	      0.00000000	     -1.96359515	      0.00000000	      0.00000000	      0.00000000	      0.00000000	      0.00000000	      0.00000000	      0.00000000	      0.00000000	      0.00000000	      0.00000000
      0.59200000	     97.30676562	    984.57917571	     31.58431128	      0.33566739	     -0.00200000	     -0.28590071	      0.00000000	     -1.94080433	      0.00000000	      0.00000000	      0.00000000	      0.00000000	      0.00000000	      0.00000000	      0.00000000	      0.00000000	      0.00000000	      0.00000000
      0.59300000	     98.36784750	    984.07544196	     31.43449314	      0.33577588	     -0.00200000	     -0.28583726	      0.00000000	     -1.91688362	      0.00000000	      0.00000000	      0.00000000	      0.00000000	      0.00000000	      0.00000000	      0.00000000	      0.00000000	      0.00000000	      0.00000000
      0.59400000	     99.43415970	    983.50763321	     31.29109740	      0.33588209	     -0.00200000	     -0.28577453	      0.00000000	     -1.89206558	      0.00000000	      0.00000000	      0.00000000	      0.00000000	      0.00000000	      0.00000000	      0.00000000	      0.00000000	      0.00000000	      0.00000000
      0.59500000	    100.50667450	    982.85831511	     31.15562908	      0.33598550	     -0.00200000	     -0.28571269	      0.00000000	     -1.86613706	      0.00000000	      0.00000000	      0.00000000	      0.00000000	      0.00000000	      0.00000000	      0.00000000	      0.00000000	      0.00000000	      0.00000000
      0.59600000	    101.58386081	    982.14276135	     31.02640249	      0.33608670	     -0.00200000	     -0.28565159	      0.00000000	     -1.83933248	      0.00000000	      0.00000000	      0.00000000	      0.00000000	      0.00000000	      0.00000000	      0.00000000	      0.00000000	      0.00000000	      0.00000000
      0.59700000	    102.66650096	    981.34294152	     30.90482298	      0.33618523	     -0.00200000	     -0.28559139	      0.00000000	     -1.81145182	      0.00000000	      0.00000000	      0.00000000	      0.00000000	      0.00000000	      0.00000000	      0.00000000	      0.00000000	      0.00000000	      0.00000000
      0.59800000	    103.75318676	    980.47450185	     30.78922071	      0.33628167	     -0.00200000	     -0.28553192	      0.00000000	     -1.78272619	      0.00000000	      0.00000000	      0.00000000	      0.00000000	      0.00000000	      0.00000000	      0.00000000	      0.00000000	      0.00000000	      0.00000000
      0.59900000	    104.84454036	    979.51885313	     30.68090044	      0.33637556	     -0.00200000	     -0.28547338	      0.00000000	     -1.75296589	      0.00000000	      0.00000000	      0.00000000	      0.00000000	      0.00000000	      0.00000000	      0.00000000	      0.00000000	      0.00000000	      0.00000000
      0.60000000	    105.93929142	    978.49220037	     30.57823889	      0.33646748	     -0.00200000	     -0.28541559	      0.00000000	     -1.72239656	      0.00000000	      0.00000000	      0.00000000	      0.00000000	      0.00000000	      0.00000000	      0.00000000	      0.00000000	      0.00000000	      0.00000000
      0.60100000	    107.03786463	    977.37547010	     30.48242349	      0.33655698	     -0.00200000	     -0.28535874	      0.00000000	     -1.69084218	      0.00000000	      0.00000000	      0.00000000	      0.00000000	      0.00000000	      0.00000000	      0.00000000	      0.00000000	      0.00000000	      0.00000000
      0.60200000	    108.13915730	    976.18550062	     30.39188497	      0.33664460	     -0.00200000	     -0.28530264	      0.00000000	     -1.65851881	      0.00000000	      0.00000000	      0.00000000	      0.00000000	      0.00000000	      0.00000000	      0.00000000	      0.00000000	      0.00000000	      0.00000000
      0.60300000	    109.24340785	    974.90262240	     30.30766919	      0.33672994	     -0.00200000	     -0.28524749	      0.00000000	     -1.62526070	      0.00000000	      0.00000000	      0.00000000	      0.00000000	      0.00000000	      0.00000000	      0.00000000	      0.00000000	      0.00000000	      0.00000000
      0.60400000	    110.34966260	    973.54434431	     30.22827767	      0.33681347	     -0.00200000	     -0.28519310	      0.00000000	     -1.59127491	      0.00000000	      0.00000000	      0.00000000	      0.00000000	      0.00000000	      0.00000000	      0.00000000	      0.00000000	      0.00000000	      0.00000000
      0.60500000	    111.45792902	    972.09036350	     30.15460260	      0.33689480	     -0.00200000	     -0.28513964	      0.00000000	     -1.55640558	      0.00000000	      0.00000000	      0.00000000	      0.00000000	      0.00000000	      0.00000000	      0.00000000	      0.00000000	      0.00000000	      0.00000000
      0.60600000	    112.56740242	    970.55882215	     30.08523211	      0.33697441	     -0.00200000	     -0.28508690	      0.00000000	     -1.52085142	      0.00000000	      0.00000000	      0.00000000	      0.00000000	      0.00000000	      0.00000000	      0.00000000	      0.00000000	      0.00000000	      0.00000000
      0.60700000	    113.67781460	    968.92870963	     30.02087306	      0.33705193	     -0.00200000	     -0.28503508	      0.00000000	     -1.48447074	      0.00000000	      0.00000000	      0.00000000	      0.00000000	      0.00000000	      0.00000000	      0.00000000	      0.00000000	      0.00000000	      0.00000000
      0.60800000	    114.78850991	    967.21850336	     29.96020392	      0.33712783	     -0.00200000	     -0.28498397	      0.00000000	     -1.44745463	      0.00000000	      0.00000000	      0.00000000	      0.00000000	      0.00000000	      0.00000000	      0.00000000	      0.00000000	      0.00000000	      0.00000000
      0.60900000	    115.89892581	    965.40667117	     29.90372200	      0.33720178	     -0.00200000	     -0.28493374	      0.00000000	     -1.40967834	      0.00000000	      0.00000000	      0.00000000	      0.00000000	      0.00000000	      0.00000000	      0.00000000	      0.00000000	      0.00000000	      0.00000000
      0.61000000	    117.00860411	    963.51221204	     29.85022962	      0.33727423	     -0.00200000	     -0.28488422	      0.00000000	     -1.37132057	      0.00000000	      0.00000000	      0.00000000	      0.00000000	      0.00000000	      0.00000000	      0.00000000	      0.00000000	      0.00000000	      0.00000000
      0.61100000	    118.11669171	    961.51266247	     29.79999594	      0.33734490	     -0.00200000	     -0.28483558	      0.00000000	     -1.33226828	      0.00000000	      0.00000000	      0.00000000	      0.00000000	      0.00000000	      0.00000000	      0.00000000	      0.00000000	      0.00000000	      0.00000000
      0.61200000	    119.22293901	    959.42772925	     29.75196950	      0.33741420	     -0.00200000	     -0.28478762	      0.00000000	     -1.29268835	      0.00000000	      3.07226344	     52.93908529	      4.60396423	      0.74863447	     -0.00200000	     -0.19129067	      0.00000000	     -0.14747352	      0.00000000
      0.61300000	    120.32615766	    957.23450184	     29.70616240	      0.33748188	     -0.00200000	     -0.28474049	      0.00000000	     -1.25248971	      0.00000000	      3.20084754	     58.45437758	      5.12078509	      0.74992735	     -0.00200000	     -0.19082970	      0.00000000	     -0.16037241	      0.00000000
      0.61400000	    121.42635882	    954.95335758	     29.66167219	      0.33754829	     -0.00200000	     -0.28469397	      0.00000000	     -1.21182930	      0.00000000	      3.31706298	     64.21635859	      5.66255646	      0.75112529	     -0.00200000	     -0.19040558	      0.00000000	     -0.17393873	      0.00000000
      0.61500000	    122.52197787	    952.56075263	     29.61820923	      0.33761317	     -0.00200000	     -0.28464815	      0.00000000	     -1.17064503	      0.00000000	      3.41453368	     70.28043037	      6.23466959	      0.75222674	     -0.00200000	     -0.19001929	      0.00000000	     -0.18834593	      0.00000000
      0.61600000	    123.61326814	    950.07762313	     29.57505547	      0.33767687	     -0.00200000	     -0.28460283	      0.00000000	     -1.12908338	      0.00000000	      3.49421310	     76.58016402	      6.83016339	      0.75326558	     -0.00200000	     -0.18965773	      0.00000000	     -0.20342365	     -0.00000000
      0.61700000	    124.69829991	    947.47982919	     29.53163069	      0.33773914	     -0.00200000	     -0.28455806	      0.00000000	     -1.08710697	      0.00000000	      3.54792643	     83.16571359	      7.45343966	      0.75424096	     -0.00200000	     -0.18932139	      0.00000000	     -0.21932630	      0.00000000
      0.61800000	    125.77763200	    944.78882849	     29.48745340	      0.33780032	     -0.00200000	     -0.28451366	      0.00000000	     -1.04484049	      0.00000000	      3.57773574	     89.97214027	      8.09756126	      0.75517552	     -0.00200000	     -0.18900132	      0.00000000	     -0.23587011	      0.00000000
      0.61900000	    126.84893608	    941.97958708	     29.44166213	      0.33786019	     -0.00200000	     -0.28446961	      0.00000000	     -1.00227068	      0.00000000	      3.57356097	     97.04406373	      8.76570046	      0.75606942	     -0.00200000	     -0.18869746	      0.00000000	     -0.25317732	      0.00000000
      0.62000000	    127.91308761	    939.07430768	     29.39404175	      0.33791910	     -0.00200000	     -0.28442577	      0.00000000	     -0.95950502	      0.00000000	      3.53880133	    104.31937873	      9.45121543	      0.75693782	     -0.00200000	     -0.18840369	      0.00000000	     -0.27105441	      0.00000000
      0.62100000	    128.96736711	    936.04717404	     29.34344485	      0.33797685	     -0.00200000	     -0.28438206	      0.00000000	     -0.91655642	      0.00000000	      3.46142869	    111.83712631	     10.15586671	      0.75778172	     -0.00200000	     -0.18811940	      0.00000000	     -0.28957928	      0.00000000
      0.62200000	    130.01297414	    932.92102218	     29.28990498	      0.33803375	     -0.00200000	     -0.28433837	      0.00000000	     -0.87351490	      0.00000000	      3.34638054	    119.53907087	     10.87356564	      0.75861110	     -0.00200000	     -0.18784045	      0.00000000	     -0.30856046	      0.00000000
      0.62300000	    131.04676455	    929.66940254	     29.23197672	      0.33808968	     -0.00200000	     -0.28429458	      0.00000000	     -0.83042492	      0.00000000	      3.17966787	    127.45880522	     11.60448529	      0.75942774	     -0.00200000	     -0.18756577	      0.00000000	     -0.32801825	      0.00000000
      0.62400000	    132.07030296	    926.31585896	     29.16995995	      0.33814489	     -0.00200000	     -0.28425063	      0.00000000	     -0.78735000	      0.00000000	      2.96792388	    135.54272242	     12.34333497	      0.76023797	     -0.00200000	     -0.18729281	      0.00000000	     -0.34777027	      0.00000000
      0.62500000	    133.08001310	    922.83308506	     29.10210285	      0.33819931	     -0.00200000	     -0.28420636	      0.00000000	     -0.74436045	      0.00000000	      2.69523612	    143.81930232	     13.08855917	      0.76104426	     -0.00200000	     -0.18702021	      0.00000000	     -0.36776324	      0.00000000
      0.62600000	    134.07781720	    919.24548149	     29.02896889	      0.33825316	     -0.00200000	     -0.28416174	      0.00000000	     -0.70149604	      0.00000000	      2.37007556	    152.24001370	     13.83590735	      0.76185021	     -0.00200000	     -0.18674665	      0.00000000	     -0.38783559	      0.00000000
      0.62700000	    135.05963236	    915.52481055	     28.94847188	      0.33830641	     -0.00200000	     -0.28411660	      0.00000000	     -0.65886070	      0.00000000	      1.97473005	    160.82855873	     14.58201297	      0.76265879	     -0.00200000	     -0.18647058	      0.00000000	     -0.40785266	      0.00000000
      0.62800000	    136.02779806	    911.69618070	     28.86146121	      0.33835925	     -0.00200000	     -0.28407092	      0.00000000	     -0.61647148	      0.00000000	      1.51962566	    169.54170540	     15.32390192	      0.76347158	     -0.00200000	     -0.18619160	      0.00000000	     -0.42769510	      0.00000000
      0.62900000	    136.97770238	    907.73060918	     28.76552474	      0.33841167	     -0.00200000	     -0.28402443	      0.00000000	     -0.57447598	      0.00000000	      0.98543940	    178.39892767	     16.05634578	      0.76429187	     -0.00200000	     -0.18590803	      0.00000000	     -0.44714477	     -0.00000000
      0.63000000	    137.91209459	    903.65402400	     28.66182849	      0.33846381	     -0.00200000	     -0.28397718	      0.00000000	     -0.53286310	      0.00000000	      0.38459699	    187.36232072	     16.77780338	      0.76511968	     -0.00200000	     -0.18562012	      0.00000000	     -0.46613155	      0.00000000
      0.63100000	    138.82586360	    899.43654835	     28.54767255	      0.33851572	     -0.00200000	     -0.28392883	      0.00000000	     -0.49181591	      0.00000000	     -0.30359731	    196.44753076	     17.48113614	      0.76595841	     -0.00200000	     -0.18532610	      0.00000000	     -0.48434074	     -0.00000000
      0.63200000	    139.72219825	    895.10492980	     28.42455916	      0.33856750	     -0.00200000	     -0.28387948	      0.00000000	     -0.45128779	      0.00000000	     -1.06471952	    205.62177524	     18.16639882	      0.76680685	     -0.00200000	     -0.18502676	      0.00000000	     -0.50176138	      0.00000000
      0.63300000	    140.59551805	    890.62865824	     28.28951832	      0.33861921	     -0.00200000	     -0.28382874	      0.00000000	     -0.41149447	      0.00000000	     -1.92050193	    214.89719860	     18.82458376	      0.76766830	     -0.00200000	     -0.18472036	      0.00000000	     -0.51798228	      0.00000000
      0.63400000	    141.44945145	    886.03518903	     28.14436145	      0.33867092	     -0.00200000	     -0.28377678	      0.00000000	     -0.37235728	      0.00000000	     -2.85456353	    224.24565628	     19.45751831	      0.76854067	     -0.00200000	     -0.18440808	      0.00000000	     -0.53306992	      0.00000000
      0.63500000	    142.27790385	    881.29330426	     27.98585407	      0.33872274	     -0.00200000	     -0.28372314	      0.00000000	     -0.33412669	      0.00000000	     -3.88926209	    233.67585614	     20.05444244	      0.76942698	     -0.00200000	     -0.18408824	      0.00000000	     -0.54652186	      0.00000000
      0.63600000	    143.08497310	    876.43116713	     27.81611122	      0.33877470	     -0.00200000	     -0.28366805	      0.00000000	     -0.29668679	      0.00000000	     -5.00638923	    243.16392839	     20.61905321	      0.77032450	     -0.00200000	     -0.18376228	      0.00000000	     -0.55848957	      0.00000000
      0.63700000	    143.86403561	    871.41692638	     27.63163485	      0.33882693	     -0.00200000	     -0.28361102	      0.00000000	     -0.26032384	      0.00000000	     -6.22845860	    252.71513499	     21.13899468	      0.77123585	     -0.00200000	     -0.18342863	      0.00000000	     -0.56838524	      0.00000000
      0.63800000	    144.61964369	    866.27945304	     27.43483707	      0.33887945	     -0.00200000	     -0.28355234	      0.00000000	     -0.22489371	      0.00000000	     -7.53563503	    262.30951771	     21.61987927	      0.77215795	     -0.00200000	     -0.18308886	      0.00000000	     -0.57645462	      0.00000000
      0.63900000	    145.34459263	    860.98607630	     27.22199727	      0.33893241	     -0.00200000	     -0.28349145	      0.00000000	     -0.19071581	      0.00000000	     -8.95007234	    271.94882743	     22.04798721	      0.77309288	     -0.00200000	     -0.18274158	      0.00000000	     -0.58204014	      0.00000000
      0.64000000	    146.04392648	    855.56648672	     26.99583396	      0.33898581	     -0.00200000	     -0.28342871	      0.00000000	     -0.15760976	      0.00000000	    -10.45060065	    281.61684051	     22.43086584	      0.77403747	     -0.00200000	     -0.18238845	      0.00000000	     -0.58548626	      0.00000000
      0.64100000	    146.70986682	    849.98723119	     26.75244212	      0.33903985	     -0.00200000	     -0.28336352	      0.00000000	     -0.12593058	      0.00000000	    -12.05847180	    291.31179675	     22.75372948	      0.77499320	     -0.00200000	     -0.18202830	      0.00000000	     -0.58608141	      0.00000000
      0.64200000	    147.34794199	    844.27870810	     26.49484016	      0.33909450	     -0.00200000	     -0.28329626	      0.00000000	     -0.09546423	      0.00000000	    -13.75154033	    301.02111399	     23.02600630	      0.77595700	     -0.00200000	     -0.18166286	      0.00000000	     -0.58426597	      0.00000000
      0.64300000	    147.94975519	    838.40671927	     26.21898614	      0.33915002	     -0.00200000	     -0.28322627	      0.00000000	     -0.06660014	      0.00000000	    -15.54957917	    310.73940918	     23.23218174	      0.77692970	     -0.00200000	     -0.18129128	     -0.00000000	     -0.57929365	      0.00000000
      0.64400000	    148.52137864	    832.40255713	     25.92818439	      0.33920635	     -0.00200000	     -0.28315400	      0.00000000	     -0.03908339	      0.00000000	    -17.42989197	    320.45762986	     23.38342331	      0.77790852	     -0.00200000	     -0.18091522	      0.00000000	     -0.57169332	      0.00000000
      0.64500000	    149.05376732	    826.23131573	     25.61832126	      0.33926383	     -0.00200000	     -0.28307875	      0.00000000	     -0.01332628	      0.00000000	    -19.41023208	    330.16664907	     23.46384227	      0.77889361	     -0.00200000	     -0.18053416	      0.00000000	     -0.56069907	      0.00000000
      0.64600000	    149.55352247	    819.92506981	     25.29295161	      0.33932235	     -0.00200000	     -0.28300100	      0.00000000	      0.01096601	      0.00000000	    -21.46786079	    339.86087888	     23.48616160	      0.77988258	     -0.00200000	     -0.18014961	      0.00000000	     -0.54691555	      0.00000000
      0.64700000	    150.01086891	    813.44842911	     24.94791895	      0.33938232	     -0.00200000	     -0.28292001	      0.00000000	      0.03336164	      0.00000000	    -23.61800987	    349.52726215	     23.43449257	      0.78087489	     -0.00200000	     -0.17976141	      0.00000000	     -0.52957399	      0.00000000
      0.64800000	    150.43298900	    806.83417618	     24.58696812	      0.33944359	     -0.00200000	     -0.28283633	      0.00000000	      0.05419373	      0.00000000	    -25.83844587	    359.16373134	     23.32285419	      0.78186865	     -0.00200000	     -0.17937086	      0.00000000	     -0.50934501	      0.00000000
      0.64900000	    150.80934763	    800.04643649	     24.20593705	      0.33950663	     -0.00200000	     -0.28274916	      0.00000000	      0.07301859	      0.00000000	    -28.14144362	    368.75315011	     23.13573975	      0.78286263	     -0.00200000	     -0.17897810	      0.00000000	     -0.48548164	      0.00000000
      0.65000000	    151.14769340	    793.11884940	     23.80873449	      0.33957122	     -0.00200000	     -0.28265909	      0.00000000	      0.09019786	      0.00000000	    -30.50583974	    378.29708308	     22.88816050	      0.78385550	     -0.00200000	     -0.17858416	      0.00000000	     -0.45870822	      0.00000000
      0.65100000	    151.43666416	    786.01516783	     23.39123748	      0.33963797	     -0.00200000	     -0.28256527	      0.00000000	      0.10527162	      0.00000000	    -32.94063173	    387.77424023	     22.56535813	      0.78484537	     -0.00200000	     -0.17818946	      0.00000000	     -0.42832070	      0.00000000
      0.65200000	    151.68461204	    778.76962721	     22.95748144	      0.33970659	     -0.00200000	     -0.28246833	      0.00000000	      0.11861980	      0.00000000	    -35.42630747	    397.18996733	     22.18299061	      0.78583157	     -0.00200000	     -0.17779472	      0.00000000	     -0.39508005	      0.00000000
      0.65300000	    151.87931806	    771.34568244	     22.50344492	      0.33977779	     -0.00200000	     -0.28236737	      0.00000000	      0.12976872	      0.00000000	    -37.96837106	    406.51882067	     21.72739292	      0.78681159	     -0.00200000	     -0.17740061	      0.00000000	     -0.35834649	      0.00000000
      0.65400000	    152.02975273	    763.77823949	     22.03326672	      0.33985122	     -0.00200000	     -0.28226307	      0.00000000	      0.13912237	      0.00000000	    -40.54950550	    415.77015072	     21.21450920	      0.78778545	     -0.00200000	     -0.17700756	      0.00000000	     -0.31889527	      0.00000000
      0.65500000	    152.12279558	    756.03082776	     21.54308651	      0.33992769	     -0.00200000	     -0.28215443	      0.00000000	      0.14619858	      0.00000000	    -43.17162558	    424.91452768	     20.63207477	      0.78875019	     -0.00200000	     -0.17661650	      0.00000000	     -0.27616741	      0.00000000
      0.65600000	    152.16819942	    748.13894928	     21.03709243	      0.34000679	     -0.00200000	     -0.28204220	      0.00000000	      0.15143246	      0.00000000	    -45.82009092	    433.96551162	     19.99593861	      0.78970654	     -0.00200000	     -0.17622760	      0.00000000	     -0.23093298	      0.00000000
      0.65700000	    152.15187520	    740.06620795	     20.51163651	      0.34008946	     -0.00200000	     -0.28192532	      0.00000000	      0.15434249	     -0.00000000	    -48.49326424	    442.89007783	     19.29548150	      0.79065113	     -0.00200000	     -0.17584209	      0.00000000	     -0.18273703	      0.00000000
      0.65800000	    152.08441019	    731.84877634	     19.97090504	      0.34017520	     -0.00200000	     -0.28180458	      0.00000000	      0.15538556	      0.00000000	    -51.17956921	    451.70605183	     18.54605824	      0.79158538	     -0.00200000	     -0.17545984	      0.00000000	     -0.13232881	      0.00000000
      0.65900000	    151.95080638	    723.45070541	     19.41151731	      0.34026509	     -0.00200000	     -0.28167888	      0.00000000	      0.15409657	      0.00000000	    -53.87399718	    460.37718654	     17.73885023	      0.79250560	     -0.00200000	     -0.17508235	      0.00000000	     -0.07937459	      0.00000000
      0.66000000	    151.76250041	    714.90854025	     18.83761212	      0.34035853	     -0.00200000	     -0.28154908	      0.00000000	      0.15094693	      0.00000000	    -56.56833202	    468.92546117	     16.88834522	      0.79341383	     -0.00200000	     -0.17470918	      0.00000000	     -0.02457542	      0.00000000
      0.66100000	    151.50357783	    706.18707687	     18.24613661	      0.34045672	     -0.00200000	     -0.28141399	      0.00000000	      0.14548864	     -0.00000000	    -59.25445445	    477.31192783	     15.98762562	      0.79430615	     -0.00200000	     -0.17434200	      0.00000000	      0.03227204	      0.00000000
      0.66200000	    151.18639171	    697.32315838	     17.64112525	      0.34055897	     -0.00200000	     -0.28127454	      0.00000000	      0.13820460	      0.00000000	    -61.92768738	    485.56257039	     15.04999921	      0.79518510	     -0.00200000	     -0.17398003	      0.00000000	      0.09054224	      0.00000000
      0.66300000	    150.79417825	    688.28262389	     17.01992936	      0.34066662	     -0.00200000	     -0.28112950	      0.00000000	      0.12867584	     -0.00000000	    -64.57715854	    493.63620579	     14.07048982	      0.79604659	     -0.00200000	     -0.17362510	      0.00000000	      0.15030465	      0.00000000
      0.66400000	    150.34021437	    679.10224199	     16.38643257	      0.34077887	     -0.00200000	     -0.28097986	      0.00000000	      0.11738562	      0.00000000	    -67.20174104	    501.56276673	     13.06096576	      0.79689360	     -0.00200000	     -0.17327614	      0.00000000	      0.21102359	      0.00000000
      0.66500000	    149.80695397	    669.74923015	     15.73845232	      0.34089723	     -0.00200000	     -0.28082430	      0.00000000	      0.10394344	     -0.00000000	    -69.78824362	    509.29952413	     12.01838776	      0.79772199	     -0.00200000	     -0.17293511	      0.00000000	      0.27262995	      0.00000000
      0.66600000	    149.20863509	    660.26024520	     15.07964730	      0.34102079	     -0.00200000	     -0.28066388	     -0.00000000	      0.08882437	      0.00000000	    -72.33899832	    516.88004285	     10.95297802	      0.79853513	     -0.00200000	     -0.17260068	      0.00000000	      0.33469521	      0.00000000
      0.66700000	    148.52705598	    650.60429275	     14.40832671	      0.34115127	     -0.00200000	     -0.28049720	     -0.00000000	      0.07167127	      0.00000000	    -74.83894005	    524.26064387	      9.86356437	      0.79932886	     -0.00200000	     -0.17227485	      0.00000000	      0.39701645	      0.00000000
      0.66800000	    147.77736366	    640.81743360	     13.72784935	      0.34128762	     -0.00200000	     -0.28032539	     -0.00000000	      0.05294289	      0.00000000	    -77.29367912	    531.47800267	      8.75856448	      0.80010686	     -0.00200000	     -0.17195611	      0.00000000	      0.45929055	      0.00000000
      0.66900000	    146.94084972	    630.87079674	     13.03705527	      0.34143178	     -0.00200000	     -0.28014700	     -0.00000000	      0.03232489	      0.00000000	    -79.68673855	    538.48819807	      7.63855921	      0.80086503	     -0.00200000	     -0.17164647	      0.00000000	      0.52119004	      0.00000000
      0.67000000	    146.03358507	    620.79969794	     12.33894844	      0.34158260	     -0.00200000	     -0.27996321	      0.00000000	      0.01025776	      0.00000000	    -82.02669770	    545.33060640	      6.51007760	      0.80160726	     -0.00200000	     -0.17134430	      0.00000000	      0.58253957	      0.00000000
      0.67100000	    145.03645897	    610.57778075	     11.63292024	      0.34174222	     -0.00200000	     -0.27977246	      0.00000000	     -0.01353858	      0.00000000	    -84.29613337	    551.96158588	      5.37530247	      0.80232957	     -0.00200000	     -0.17105162	      0.00000000	      0.64289247	      0.00000000
      0.67200000	    143.96643639	    600.23941100	     10.92155650	      0.34190930	     -0.00200000	     -0.27957598	      0.00000000	     -0.03865383	      0.00000000	    -86.50622517	    558.42272937	      4.23883428	      0.80303599	     -0.00200000	     -0.17076669	      0.00000000	      0.70220356	      0.00000000
      0.67300000	    142.80419797	    589.76113796	     10.20482834	      0.34208624	     -0.00200000	     -0.27937211	     -0.00000000	     -0.06532984	      0.00000000	    -88.63906190	    564.67151269	      3.10424331	      0.80372267	     -0.00200000	     -0.17049157	      0.00000000	      0.75991538	      0.00000000
      0.67400000	    141.56748354	    579.17587459	      9.48488433	      0.34227153	     -0.00200000	     -0.27916214	      0.00000000	     -0.09318171	      0.00000000	    -90.70804715	    570.75105608	      1.97419773	      0.80439370	     -0.00200000	     -0.17022438	      0.00000000	      0.81612190	      0.00000000
      0.67500000	    140.23701847	    568.46344844	      8.76231119	      0.34246787	     -0.00200000	     -0.27894430	      0.00000000	     -0.12240963	      0.00000000	    -92.69519523	    576.62069798	      0.85340052	      0.80504541	     -0.00200000	     -0.16996715	      0.00000000	      0.87018331	      0.00000000
      0.67600000	    138.83118331	    557.65502155	      8.03876668	      0.34267352	     -0.00200000	     -0.27871995	      0.00000000	     -0.15266445	      0.00000000	    -94.61567551	    582.32441545	     -0.25732249	      0.80568186	     -0.00200000	     -0.16971792	      0.00000000	      0.92233169	      0.00000000
      0.67700000	    137.33100146	    546.73414677	      7.31545221	      0.34289148	     -0.00200000	     -0.27848721	      0.00000000	     -0.18409998	      0.00000000	    -96.45184129	    587.82411739	     -1.35237827	      0.80629957	     -0.00200000	     -0.16947868	      0.00000000	      0.97186841	      0.00000000
      0.67800000	    135.75538993	    535.72982550	      6.59349607	      0.34311984	     -0.00200000	     -0.27824752	      0.00000000	     -0.21639898	      0.00000000	    -98.22014719	    593.16396713	     -2.43264125	      0.80690258	     -0.00200000	     -0.16924744	      0.00000000	      1.01915726	      0.00000000
      0.67900000	    134.08587128	    524.62976426	      5.87471994	      0.34336193	     -0.00200000	     -0.27799885	      0.00000000	     -0.24966603	      0.00000000	    -99.90361705	    598.30907732	     -3.49188377	      0.80748757	     -0.00200000	     -0.16902614	      0.00000000	      1.06346526	      0.00000000
      0.68000000	    132.34172761	    513.46041262	      5.15968120	      0.34361562	     -0.00200000	     -0.27774276	      0.00000000	     -0.28361401	      0.00000000	   -101.51952505	    603.30301523	     -4.53249589	      0.80805847	     -0.00200000	     -0.16881275	      0.00000000	      1.10527145	      0.00000000
      0.68100000	    130.50524890	    502.21402198	      4.45081363	      0.34388465	     -0.00200000	     -0.27747709	      0.00000000	     -0.31828935	      0.00000000	   -103.05181518	    608.11456293	     -5.54785777	      0.80861218	     -0.00200000	     -0.16860915	      0.00000000	      1.14382986	      0.00000000
      0.68200000	    128.59582901	    490.91402441	      3.74808116	      0.34416662	     -0.00200000	     -0.27720351	      0.00000000	     -0.35344792	      0.00000000	   -104.51814532	    612.78592795	     -6.54166276	      0.80915249	     -0.00200000	     -0.16841330	      0.00000000	      1.17971037	      0.00000000
      0.68300000	    126.59671903	    479.55745831	      3.05450405	      0.34446569	     -0.00200000	     -0.27691970	      0.00000000	     -0.38908715	      0.00000000	   -105.90354726	    617.28984118	     -7.50712347	      0.80967648	     -0.00200000	     -0.16822701	      0.00000000	      1.21216724	      0.00000000
      0.68400000	    124.52725321	    468.16430986	      2.36942433	      0.34477920	     -0.00200000	     -0.27662742	      0.00000000	     -0.42501170	      0.00000000	   -107.22566396	    621.66638672	     -8.44899295	      0.81018778	     -0.00200000	     -0.16804825	     -0.00000000	      1.24184257	      0.00000000
      0.68500000	    122.37188593	    456.73653483	      1.69639767	      0.34511184	     -0.00200000	     -0.27632418	      0.00000000	     -0.46117212	      0.00000000	   -108.47075284	    625.89256093	     -9.36051463	      0.81068365	     -0.00200000	     -0.16787874	     -0.00000000	      1.26800870	      0.00000000
      0.68600000	    120.14963478	    445.29024512	      1.03412790	      0.34546067	     -0.00200000	     -0.27601187	      0.00000000	     -0.49742767	      0.00000000	   -109.65607315	    630.00582159	    -10.24726182	      0.81116755	     -0.00200000	     -0.16771647	      0.00000000	      1.29136350	      0.00000000
      0.68700000	    117.84635857	    433.83263052	      0.38665176	      0.34583096	     -0.00200000	     -0.27568777	      0.00000000	     -0.53369382	      0.00000000	   -110.76919362	    633.98774713	    -11.10267877	      0.81163687	     -0.00200000	     -0.16756308	      0.00000000	      1.31121792	      0.00000000
      0.68800000	    115.48054963	    422.37561196	     -0.24794336	      0.34621944	     -0.00200000	     -0.27535388	      0.00000000	     -0.56988296	      0.00000000	   -111.82668805	    637.87259161	    -11.93291247	      0.81209486	     -0.00200000	     -0.16741663	      0.00000000	      1.32830451	     -0.00000000
      0.68900000	    113.03970963	    410.93178093	     -0.86517166	      0.34663199	     -0.00200000	     -0.27500726	      0.00000000	     -0.60587305	      0.00000000	   -112.81743646	    641.64645970	    -12.73173084	      0.81253907	     -0.00200000	     -0.16727862	     -0.00000000	      1.34198928	     -0.00000000
      0.69000000	    110.54156721	    399.50869977	     -1.46752514	      0.34706493	     -0.00200000	     -0.27465004	      0.00000000	     -0.64162256	      0.00000000	   -113.75707388	    645.34008503	    -13.50560784	      0.81297255	     -0.00200000	     -0.16714722	      0.00000000	      1.35301352	      0.00000000
      0.69100000	    107.97550157	    388.12452927	     -2.05011066	      0.34752476	     -0.00200000	     -0.27427902	      0.00000000	     -0.67696491	      0.00000000	   -114.63574320	    648.94404262	    -14.24872112	      0.81339298	     -0.00200000	     -0.16702385	      0.00000000	      1.36080915	      0.00000000
      0.69200000	    105.35822809	    376.78197026	     -2.61598476	      0.34800733	     -0.00200000	     -0.27389652	     -0.00000000	     -0.71189482	      0.00000000	   -115.46798050	    652.48489380	    -14.96766098	      0.81380324	     -0.00200000	     -0.16690673	     -0.00000000	      1.36610916	      0.00000000
      0.69300000	    102.68112272	    365.50456658	     -3.15991545	      0.34851993	     -0.00200000	     -0.27349906	     -0.00000000	     -0.74619930	      0.00000000	   -116.24512449	    655.95764667	    -15.65706013	      0.81420108	     -0.00200000	     -0.16679720	      0.00000000	      1.36841884	      0.00000000
      0.69400000	     99.95964170	    354.28989679	     -3.68550071	      0.34905789	     -0.00200000	     -0.27308912	      0.00000000	     -0.77991837	      0.00000000	   -116.98049307	    659.38428044	    -16.32343978	      0.81458923	     -0.00200000	     -0.16669356	      0.00000000	      1.36844585	      0.00000000
      0.69500000	     97.18728065	    343.16698089	     -4.18724632	      0.34962930	     -0.00200000	     -0.27266288	      0.00000000	     -0.81280579	      0.00000000	   -117.66645685	    662.76382655	    -16.96190462	      0.81496550	     -0.00200000	     -0.16659706	      0.00000000	      1.36576733	      0.00000000
      0.69600000	     94.37801689	    332.12803304	     -4.66924859	      0.35022895	     -0.00200000	     -0.27222297	      0.00000000	     -0.84495051	      0.00000000	   -118.31508577	    666.11379385	    -17.57877897	      0.81533243	     -0.00200000	     -0.16650610	     -0.00000000	      1.36104546	      0.00000000
      0.69700000	     91.52756259	    321.20712101	     -5.12580317	      0.35086584	     -0.00200000	     -0.27176516	      0.00000000	     -0.87607293	      0.00000000	   -118.91961843	    669.43656653	    -18.16965127	      0.81568785	     -0.00200000	     -0.16642183	      0.00000000	      1.35392217	      0.00000000
      0.69800000	     88.64820749	    310.39096415	     -5.56144025	      0.35153420	     -0.00200000	     -0.27129234	      0.00000000	     -0.90630331	     -0.00000000	   -119.49083954	    672.74518311	    -18.74053162	      0.81603420	     -0.00200000	     -0.16634273	      0.00000000	      1.34500169	      0.00000000
      0.69900000	     85.73795110	    299.71832410	     -5.97031647	      0.35224409	     -0.00200000	     -0.27079988	      0.00000000	     -0.93532380	     -0.00000000	   -120.02269551	    676.04504526	    -19.28744847	      0.81636933	     -0.00200000	     -0.16626985	      0.00000000	      1.33399393	      0.00000000
      0.70000000	     82.80721307	    289.17031363	     -6.35735504	      0.35298908	     -0.00200000	     -0.27029097	      0.00000000	     -0.96330222	      0.00000000	   -120.52472681	    679.34475839	    -19.81600318	      0.81669556	     -0.00200000	     -0.16620178	      0.00000000	      1.32144061	      0.00000000
      0.70100000	     79.85627279	    278.78992260	     -6.71665929	      0.35378042	     -0.00200000	     -0.26976059	      0.00000000	     -0.98988634	      0.00000000	   -120.99137902	    682.65210837	    -20.32258669	      0.81701078	     -0.00200000	     -0.16613949	      0.00000000	      1.30711526	      0.00000000
      0.70200000	     76.89354569	    268.55276898	     -7.05349911	      0.35461095	     -0.00200000	     -0.26921229	      0.00000000	     -1.01528396	      0.00000000	   -121.43106759	    685.97152829	    -20.81235051	      0.81731725	     -0.00200000	     -0.16608164	     -0.00000000	      1.29149445	      0.00000000
      0.70300000	     73.92161340	    258.50552134	     -7.36201252	      0.35549319	     -0.00200000	     -0.26864063	      0.00000000	     -1.03911358	      0.00000000	   -121.83854729	    689.31259215	    -21.28200242	      0.81761287	     -0.00200000	     -0.16602912	     -0.00000000	      1.27440902	      0.00000000
      0.70400000	     70.94674557	    248.61849844	     -7.64773460	      0.35641905	     -0.00200000	     -0.26804945	      0.00000000	     -1.06162474	      0.00000000	   -122.22128361	    692.67593324	    -21.73626889	      0.81789984	     -0.00200000	     -0.16598071	      0.00000000	      1.25626570	      0.00000000
      0.70500000	     67.97378138	    238.94157261	     -7.90488953	      0.35740228	     -0.00200000	     -0.26743280	      0.00000000	     -1.08240762	      0.00000000	   -122.57416919	    696.07242942	    -22.17214257	      0.81817609	     -0.00200000	     -0.16593724	      0.00000000	      1.23694040	      0.00000000
      0.70600000	     65.00680000	    229.44005206	     -8.13918933	      0.35843377	     -0.00200000	     -0.26679486	      0.00000000	     -1.10174531	      0.00000000	   -122.90392071	    699.49932396	    -22.59393856	      0.81844379	     -0.00200000	     -0.16589756	      0.00000000	      1.21677391	      0.00000000
      0.70700000	     62.05281243	    220.16633302	     -8.34500417	      0.35952850	     -0.00200000	     -0.26612909	     -0.00000000	     -1.11920302	      0.00000000	   -123.20544943	    702.96812803	    -22.99889792	      0.81870081	     -0.00200000	     -0.16586243	      0.00000000	      1.19568368	      0.00000000
      0.70800000	     59.11362544	    211.08109504	     -8.52815807	      0.36067626	     -0.00200000	     -0.26544007	      0.00000000	     -1.13509684	      0.00000000	   -123.48484248	    706.47314191	    -23.39096479	      0.81894929	     -0.00200000	     -0.16583076	      0.00000000	      1.17395317	      0.00000000
      0.70900000	     56.19836040	    202.23841071	     -8.68322281	      0.36189343	     -0.00200000	     -0.26472072	     -0.00000000	     -1.14895868	      0.00000000	   -123.73694032	    710.02602577	    -23.76759928	      0.81918711	     -0.00200000	     -0.16580322	      0.00000000	      1.15154498	      0.00000000
      0.71000000	     53.30650881	    193.59476864	     -8.81605595	      0.36316870	     -0.00200000	     -0.26397613	      0.00000000	     -1.16113018	      0.00000000	   -123.96737933	    713.61869574	    -24.13241044	      0.81941640	     -0.00200000	     -0.16577880	      0.00000000	      1.12869089	      0.00000000
      0.71100000	     50.44916086	    185.20530313	     -8.92147189	      0.36451990	     -0.00200000	     -0.26319877	      0.00000000	     -1.17110588	      0.00000000	   -124.17080998	    717.26229042	    -24.48306829	      0.81963505	     -0.00200000	     -0.16575803	      0.00000000	      1.10539622	      0.00000000
      0.71200000	     47.62350395	    177.02285200	     -9.00529698	      0.36593457	     -0.00200000	     -0.26239426	      0.00000000	     -1.17925633	      0.00000000	   -124.35259670	    720.94723582	    -24.82289374	      0.81984518	     -0.00200000	     -0.16574003	      0.00000000	      1.08183536	      0.00000000
      0.71300000	     44.84241083	    169.10283826	     -9.06263432	      0.36743211	     -0.00200000	     -0.26155475	      0.00000000	     -1.18503669	      0.00000000	   -124.50715154	    724.68355298	    -25.14976021	      0.82004472	     -0.00200000	     -0.16572521	      0.00000000	      1.05805151	      0.00000000
      0.71400000	     42.10079089	    161.39507294	     -9.09923483	      0.36899881	     -0.00200000	     -0.26068640	      0.00000000	     -1.18885078	      0.00000000	   -124.63968992	    728.46055031	    -25.46672001	      0.82023579	     -0.00200000	     -0.16571277	      0.00000000	      1.03416680	      0.00000000
      0.71500000	     39.41309080	    153.95459253	     -9.11056483	      0.37065559	     -0.00200000	     -0.25978104	      0.00000000	     -1.19012434	      0.00000000	   -124.74434078	    732.28701949	    -25.77184737	      0.82041634	     -0.00200000	     -0.16570304	      0.00000000	      1.01024675	      0.00000000
      0.71600000	     36.77202016	    146.72888443	     -9.10225231	      0.37238735	     -0.00200000	     -0.25884531	      0.00000000	     -1.18930397	      0.00000000	   -124.82634187	    736.15156114	    -26.06795207	      0.82058852	     -0.00200000	     -0.16569529	      0.00000000	      0.98636714	      0.00000000
      0.71700000	     34.19336118	    139.77201190	     -9.07015987	      0.37421640	     -0.00200000	     -0.25787066	      0.00000000	     -1.18579439	      0.00000000	   -124.87955019	    740.06140232	    -26.35332737	      0.82075035	     -0.00200000	     -0.16568981	     -0.00000000	      0.96261186	      0.00000000
      0.71800000	     31.66775033	    133.02993961	     -9.01969709	      0.37612605	     -0.00200000	     -0.25686405	      0.00000000	     -1.18008138	      0.00000000	   -124.90931898	    744.00521815	    -26.63055621	      0.82090397	     -0.00200000	     -0.16568594	     -0.00000000	      0.93901355	      0.00000000
      0.71900000	     29.21208274	    126.55524537	     -8.94713495	      0.37813982	     -0.00200000	     -0.25581652	      0.00000000	     -1.17155797	      0.00000000	   -124.90926310	    747.98833579	    -26.89814959	      0.82104747	     -0.00200000	     -0.16568387	      0.00000000	      0.91568097	      0.00000000
      0.72000000	     26.81508847	    120.29303238	     -8.85761529	      0.38023947	     -0.00200000	     -0.25473543	      0.00000000	     -1.16074794	      0.00000000	   -124.88493323	    752.00021267	    -27.15847790	      0.82118299	     -0.00200000	     -0.16568306	      0.00000000	      0.89261293	      0.00000000
      0.72100000	     24.49455298	    114.29397389	     -8.74783890	      0.38244955	     -0.00200000	     -0.25361145	      0.00000000	     -1.14703784	      0.00000000	   -124.82977286	    756.04431331	    -27.41029728	      0.82130871	     -0.00200000	     -0.16568362	      0.00000000	      0.86993817	      0.00000000
      0.72200000	     22.23747224	    108.50299150	     -8.62263422	      0.38475032	     -0.00200000	     -0.25245244	      0.00000000	     -1.13097771	     -0.00000000	   -124.74957854	    760.11106372	    -27.65576951	      0.82142673	     -0.00200000	     -0.16568511	      0.00000000	      0.84762733	      0.00000000
      0.72300000	     20.06227802	    102.96845809	     -8.47912813	      0.38716715	     -0.00200000	     -0.25124888	      0.00000000	     -1.11194458	     -0.00000000	   -124.63766336	    764.20202851	    -27.89389845	      0.82153534	     -0.00200000	     -0.16568758	      0.00000000	      0.82583060	      0.00000000
      0.72400000	     17.95443147	     97.63574228	     -8.32178071	      0.38967884	     -0.00200000	     -0.25000917	      0.00000000	     -1.09050887	      0.00000000	   -124.50008094	    768.30901206	    -28.12664248	      0.82163659	     -0.00200000	     -0.16569066	      0.00000000	      0.80449281	      0.00000000
      0.72500000	     15.93275880	     92.55066980	     -8.14814959	      0.39231129	     -0.00200000	     -0.24872382	      0.00000000	     -1.06604842	      0.00000000	   -124.33010712	    772.43153006	    -28.35327275	      0.82172889	     -0.00200000	     -0.16569434	      0.00000000	      0.78378915	      0.00000000
      0.72600000	     13.98138423	     87.65965700	     -7.96232279	      0.39504193	     -0.00200000	     -0.24740180	      0.00000000	     -1.03915861	      0.00000000	   -124.13401157	    776.56283975	    -28.57550904	      0.82181423	     -0.00200000	     -0.16569833	      0.00000000	      0.76363789	      0.00000000
      0.72700000	     12.11925317	     83.00572168	     -7.76230986	      0.39789701	     -0.00200000	     -0.24603408	      0.00000000	     -1.00923300	      0.00000000	   -123.90507758	    780.70059419	    -28.79287675	      0.82189112	     -0.00200000	     -0.16570254	      0.00000000	      0.74422474	      0.00000000
      0.72800000	     10.32937597	     78.53675634	     -7.55180512	      0.40085279	     -0.00200000	     -0.24463011	      0.00000000	     -0.97689113	      0.00000000	   -123.64978343	    784.83968973	    -29.00683619	      0.82196147	     -0.00200000	     -0.16570678	      0.00000000	      0.72543694	      0.00000000
      0.72900000	      8.63055838	     74.29275196	     -7.32926023	      0.40393556	     -0.00200000	     -0.24318134	      0.00000000	     -0.94156219	      0.00000000	   -123.36150557	    788.97565603	    -29.21714094	      0.82202395	     -0.00200000	     -0.16571089	      0.00000000	      0.70746667	      0.00000000
      0.73000000	      7.00495858	     70.22348233	     -7.09794648	      0.40712056	     -0.00200000	     -0.24169723	      0.00000000	     -0.90388307	      0.00000000	   -123.04688990	    793.10536385	    -29.42498662	      0.82208037	     -0.00200000	     -0.16571478	     -0.00000000	      0.69017456	      0.00000000
      0.73100000	      5.47103607	     66.36584643	     -6.85674953	      0.41043374	     -0.00200000	     -0.24016960	      0.00000000	     -0.86333538	      0.00000000	   -122.69950658	    797.22262919	    -29.63031717	      0.82212952	     -0.00200000	     -0.16571824	      0.00000000	      0.67375766	      0.00000000
      0.73200000	      4.01036954	     62.67193705	     -6.60850760	      0.41384952	     -0.00200000	     -0.23860771	      0.00000000	     -0.82056376	      0.00000000	   -122.32612073	    801.32611096	    -29.83405441	      0.82217313	     -0.00200000	     -0.16572127	     -0.00000000	      0.65805855	      0.00000000
      0.73300000	      2.64087156	     59.17556351	     -6.35252870	      0.41739326	     -0.00200000	     -0.23700374	      0.00000000	     -0.77512254	      0.00000000	   -121.92055956	    805.40798604	    -30.03628440	      0.82221013	     -0.00200000	     -0.16572363	     -0.00000000	      0.64326971	      0.00000000
      0.73400000	      1.34378800	     55.83144259	     -6.09120727	      0.42103895	     -0.00200000	     -0.23536679	      0.00000000	     -0.72764785	      0.00000000	   -121.48958445	    809.46907401	    -30.23765385	      0.82224213	     -0.00200000	     -0.16572539	     -0.00000000	      0.62921712	      0.00000000
      0.73500000	      0.13630871	     52.67039640	     -5.82425226	      0.42481102	     -0.00200000	     -0.23368945	     -0.00000000	     -0.67777498	      0.00000000	   -121.02734298	    813.49980086	    -30.43833617	      0.82226826	     -0.00200000	     -0.16572630	     -0.00000000	      0.61608966	      0.00000000
      0.73600000	      0.00000000	      0.00000000	      0.00000000	      0.00000000	      0.00000000	      0.00000000	      0.00000000	      0.00000000	      0.00000000	   -120.54052949	    817.50296056	    -30.63873686	      0.82228999	     -0.00200000	     -0.16572647	      0.00000000	      0.60370266	      0.00000000
      0.73700000	      0.00000000	      0.00000000	      0.00000000	      0.00000000	      0.00000000	      0.00000000	      0.00000000	      0.00000000	      0.00000000	   -120.02365664	    821.46771252	    -30.83906323	      0.82230659	     -0.00200000	     -0.16572565	     -0.00000000	      0.59224177	      0.00000000
      0.73800000	      0.00000000	      0.00000000	      0.00000000	      0.00000000	      0.00000000	      0.00000000	      0.00000000	      0.00000000	      0.00000000	   -119.48329955	    825.39848983	    -31.03951998	      0.82231940	     -0.00200000	     -0.16572398	      0.00000000	      0.58152123	      0.00000000
      0.73900000	      0.00000000	      0.00000000	      0.00000000	      0.00000000	      0.00000000	      0.00000000	      0.00000000	      0.00000000	      0.00000000	   -118.91438439	    829.28322256	    -31.24031834	      0.82232786	     -0.00200000	     -0.16572120	      0.00000000	      0.57172076	      0.00000000
      0.74000000	      0.00000000	      0.00000000	      0.00000000	      0.00000000	      0.00000000	      0.00000000	      0.00000000	      0.00000000	      0.00000000	   -118.32329631	    833.12816918	    -31.44149743	      0.82233314	     -0.00200000	     -0.16571749	      0.00000000	      0.56265232	      0.00000000
      0.74100000	      0.00000000	      0.00000000	      0.00000000	      0.00000000	      0.00000000	      0.00000000	      0.00000000	      0.00000000	      0.00000000	   -117.70543084	    836.91991866	    -31.64324369	      0.82233483	     -0.00200000	     -0.16571256	      0.00000000	      0.55449342	      0.00000000
      0.74200000	      0.00000000	      0.00000000	      0.00000000	      0.00000000	      0.00000000	      0.00000000	      0.00000000	      0.00000000	      0.00000000	   -117.06691980	    840.66644311	    -31.84547760	      0.82233394	     -0.00200000	     -0.16570659	      0.00000000	      0.54706128	      0.00000000
      0.74300000	      0.00000000	      0.00000000	      0.00000000	      0.00000000	      0.00000000	      0.00000000	      0.00000000	      0.00000000	      0.00000000	   -116.40365422	    844.35328841	    -32.04831649	      0.82233019	     -0.00200000	     -0.16569927	      0.00000000	      0.54053745	      0.00000000
      0.74400000	      0.00000000	      0.00000000	      0.00000000	      0.00000000	      0.00000000	      0.00000000	      0.00000000	      0.00000000	      0.00000000	   -115.72142690	    847.98991680	    -32.25159347	      0.82232445	     -0.00200000	     -0.16569079	      0.00000000	      0.53474200	      0.00000000
      0.74500000	      0.00000000	      0.00000000	      0.00000000	      0.00000000	      0.00000000	      0.00000000	      0.00000000	      0.00000000	      0.00000000	   -115.01661688	    851.56094283	    -32.45531507	      0.82231657	     -0.00200000	     -0.16568083	      0.00000000	      0.52985646	      0.00000000
      0.74600000	      0.00000000	      0.00000000	      0.00000000	      0.00000000	      0.00000000	      0.00000000	      0.00000000	      0.00000000	      0.00000000	   -114.29461837	    855.07728159	    -32.65927657	      0.82230727	     -0.00200000	     -0.16566962	      0.00000000	      0.52569419	      0.00000000
      0.74700000	      0.00000000	      0.00000000	      0.00000000	      0.00000000	      0.00000000	      0.00000000	      0.00000000	      0.00000000	      0.00000000	   -113.55229467	    858.52280259	    -32.86336586	      0.82229653	     -0.00200000	     -0.16565683	      0.00000000	      0.52242981	      0.00000000
      0.74800000	      0.00000000	      0.00000000	      0.00000000	      0.00000000	      0.00000000	      0.00000000	      0.00000000	      0.00000000	      0.00000000	   -112.79464513	    861.90961301	    -33.06740038	      0.82228494	     -0.00200000	     -0.16564276	      0.00000000	      0.51987555	      0.00000000
      0.74900000	      0.00000000	      0.00000000	      0.00000000	      0.00000000	      0.00000000	      0.00000000	      0.00000000	      0.00000000	      0.00000000	   -112.01900244	    865.22102356	    -33.27114675	      0.82227261	     -0.00200000	     -0.16562707	      0.00000000	      0.51819431	      0.00000000
      0.75000000	      0.00000000	      0.00000000	      0.00000000	      0.00000000	      0.00000000	      0.00000000	      0.00000000	      0.00000000	      0.00000000	   -111.22993380	    868.47037077	    -33.47447067	      0.82225998	     -0.00200000	     -0.16561010	      0.00000000	      0.51719924	      0.00000000
      0.75100000	      0.00000000	      0.00000000	      0.00000000	      0.00000000	      0.00000000	      0.00000000	      0.00000000	      0.00000000	      0.00000000	   -110.42526737	    871.64033204	    -33.67701489	      0.82224730	     -0.00200000	     -0.16559151	      0.00000000	      0.51704280	      0.00000000
      0.75200000	      0.00000000	      0.00000000	      0.00000000	      0.00000000	      0.00000000	      0.00000000	      0.00000000	      0.00000000	      0.00000000	   -109.60906744	    874.74517524	    -33.87874290	      0.82223484	     -0.00200000	     -0.16557164	     -0.00000000	      0.51754142	      0.00000000
      0.75300000	      0.00000000	      0.00000000	      0.00000000	      0.00000000	      0.00000000	      0.00000000	      0.00000000	      0.00000000	      0.00000000	   -108.77964273	    877.76698172	    -34.07920357	      0.82222298	     -0.00200000	     -0.16555016	      0.00000000	      0.51884175	      0.00000000
      0.75400000	      0.00000000	      0.00000000	      0.00000000	      0.00000000	      0.00000000	      0.00000000	      0.00000000	      0.00000000	      0.00000000	   -107.94058442	    880.72106242	    -34.27846469	      0.82221184	     -0.00200000	     -0.16552740	     -0.00000000	      0.52076838	      0.00000000
      0.75500000	      0.00000000	      0.00000000	      0.00000000	      0.00000000	      0.00000000	      0.00000000	      0.00000000	      0.00000000	      0.00000000	   -107.09065944	    883.58893991	    -34.47599821	      0.82220187	     -0.00200000	     -0.16550301	      0.00000000	      0.52346560	      0.00000000
      0.75600000	      0.00000000	      0.00000000	      0.00000000	      0.00000000	      0.00000000	      0.00000000	      0.00000000	      0.00000000	      0.00000000	   -106.23294115	    886.38693094	    -34.67196710	      0.82219306	     -0.00200000	     -0.16547733	     -0.00000000	      0.52676611	      0.00000000
      0.75700000	      0.00000000	      0.00000000	      0.00000000	      0.00000000	      0.00000000	      0.00000000	      0.00000000	      0.00000000	      0.00000000	   -105.36660254	    889.09614831	    -34.86574423	      0.82218598	     -0.00200000	     -0.16544999	      0.00000000	      0.53081184	      0.00000000
      0.75800000	      0.00000000	      0.00000000	      0.00000000	      0.00000000	      0.00000000	      0.00000000	      0.00000000	      0.00000000	      0.00000000	   -104.49419916	    891.73354208	    -35.05756818	      0.82218048	     -0.00200000	     -0.16542132	      0.00000000	      0.53544201	      0.00000000
      0.75900000	      0.00000000	      0.00000000	      0.00000000	      0.00000000	      0.00000000	      0.00000000	      0.00000000	      0.00000000	      0.00000000	   -103.61525044	    894.28015053	    -35.24669968	      0.82217721	     -0.00200000	     -0.16539096	      0.00000000	      0.54079105	      0.00000000
      0.76000000	      0.00000000	      0.00000000	      0.00000000	      0.00000000	      0.00000000	      0.00000000	      0.00000000	      0.00000000	      0.00000000	   -102.73182392	    896.75359428	    -35.43347903	      0.82217592	     -0.00200000	     -0.16535924	      0.00000000	      0.54669932	      0.00000000
      0.76100000	      0.00000000	      0.00000000	      0.00000000	      0.00000000	      0.00000000	      0.00000000	      0.00000000	      0.00000000	      0.00000000	   -101.84374079	    899.13479984	    -35.61707176	      0.82217734	     -0.00200000	     -0.16532582	     -0.00000000	      0.55329028	      0.00000000
      0.76200000	      0.00000000	      0.00000000	      0.00000000	      0.00000000	      0.00000000	      0.00000000	      0.00000000	      0.00000000	      0.00000000	   -100.95264763	    901.44194663	    -35.79793163	      0.82218111	     -0.00200000	     -0.16529106	      0.00000000	      0.56041009	      0.00000000
      0.76300000	      0.00000000	      0.00000000	      0.00000000	      0.00000000	      0.00000000	      0.00000000	      0.00000000	      0.00000000	      0.00000000	   -100.05865619	    903.65611017	    -35.97516548	      0.82218802	     -0.00200000	     -0.16525459	     -0.00000000	      0.56817384	      0.00000000
      0.76400000	      0.00000000	      0.00000000	      0.00000000	      0.00000000	      0.00000000	      0.00000000	      0.00000000	      0.00000000	      0.00000000	    -99.16299582	    905.79569340	    -36.14935353	      0.82219761	     -0.00200000	     -0.16521679	     -0.00000000	      0.57643481	      0.00000000
      0.76500000	      0.00000000	      0.00000000	      0.00000000	      0.00000000	      0.00000000	      0.00000000	      0.00000000	      0.00000000	      0.00000000	    -98.26602414	    907.84199536	    -36.31956223	      0.82221071	     -0.00200000	     -0.16517731	     -0.00000000	      0.58529649	      0.00000000
      0.76600000	      0.00000000	      0.00000000	      0.00000000	      0.00000000	      0.00000000	      0.00000000	      0.00000000	      0.00000000	      0.00000000	    -97.36859053	    909.81379151	    -36.48646697	      0.82222677	     -0.00200000	     -0.16513651	      0.00000000	      0.59462078	      0.00000000
      0.76700000	      0.00000000	      0.00000000	      0.00000000	      0.00000000	      0.00000000	      0.00000000	      0.00000000	      0.00000000	      0.00000000	    -96.47129476	    911.69260442	    -36.64910030	      0.82224668	     -0.00200000	     -0.16509407	      0.00000000	      0.60450313	      0.00000000
      0.76800000	      0.00000000	      0.00000000	      0.00000000	      0.00000000	      0.00000000	      0.00000000	      0.00000000	      0.00000000	      0.00000000	    -95.57463229	    913.49735856	    -36.80822104	      0.82226978	     -0.00200000	     -0.16505033	      0.00000000	      0.61481635	      0.00000000
      0.76900000	      0.00000000	      0.00000000	      0.00000000	      0.00000000	      0.00000000	      0.00000000	      0.00000000	      0.00000000	      0.00000000	    -94.67939287	    915.20994902	    -36.96284220	      0.82229702	     -0.00200000	     -0.16500495	      0.00000000	      0.62565076	      0.00000000
      0.77000000	      0.00000000	      0.00000000	      0.00000000	      0.00000000	      0.00000000	      0.00000000	      0.00000000	      0.00000000	      0.00000000	    -93.78574044	    916.84937477	    -37.11378649	      0.82232764	     -0.00200000	     -0.16495827	     -0.00000000	      0.63688567	      0.00000000
      0.77100000	      0.00000000	      0.00000000	      0.00000000	      0.00000000	      0.00000000	      0.00000000	      0.00000000	      0.00000000	      0.00000000	    -92.89458394	    918.39782894	    -37.26004343	      0.82236263	     -0.00200000	     -0.16490997	      0.00000000	      0.64859999	      0.00000000
      0.77200000	      0.00000000	      0.00000000	      0.00000000	      0.00000000	      0.00000000	      0.00000000	      0.00000000	      0.00000000	      0.00000000	    -92.00580418	    919.87416148	    -37.40248792	      0.82240117	     -0.00200000	     -0.16486037	      0.00000000	      0.66067713	      0.00000000
      0.77300000	      0.00000000	      0.00000000	      0.00000000	      0.00000000	      0.00000000	      0.00000000	      0.00000000	      0.00000000	      0.00000000	    -91.12038463	    921.26104981	    -37.54008990	      0.82244426	     -0.00200000	     -0.16480916	      0.00000000	      0.67317891	      0.00000000
      0.77400000	      0.00000000	      0.00000000	      0.00000000	      0.00000000	      0.00000000	      0.00000000	      0.00000000	      0.00000000	      0.00000000	    -90.23796022	    922.57700861	    -37.67375425	      0.82249104	     -0.00200000	     -0.16475668	      0.00000000	      0.68599596	      0.00000000
      0.77500000	      0.00000000	      0.00000000	      0.00000000	      0.00000000	      0.00000000	      0.00000000	      0.00000000	      0.00000000	      0.00000000	    -89.35956657	    923.80519956	    -37.80242223	      0.82254251	     -0.00200000	     -0.16470260	      0.00000000	      0.69917348	      0.00000000
      0.77600000	      0.00000000	      0.00000000	      0.00000000	      0.00000000	      0.00000000	      0.00000000	      0.00000000	      0.00000000	      0.00000000	    -88.48463744	    924.96380210	    -37.92704307	      0.82259775	     -0.00200000	     -0.16464727	      0.00000000	      0.71261274	      0.00000000
      0.77700000	      0.00000000	      0.00000000	      0.00000000	      0.00000000	      0.00000000	      0.00000000	      0.00000000	      0.00000000	      0.00000000	    -87.61428297	    926.03653669	    -38.04655410	      0.82265777	     -0.00200000	     -0.16459039	      0.00000000	      0.72634337	      0.00000000
      0.77800000	      0.00000000	      0.00000000	      0.00000000	      0.00000000	      0.00000000	      0.00000000	      0.00000000	      0.00000000	      0.00000000	    -86.74778789	    927.04139650	    -38.16194236	      0.82272161	     -0.00200000	     -0.16453229	      0.00000000	      0.74028127	      0.00000000
      0.77900000	      0.00000000	      0.00000000	      0.00000000	      0.00000000	      0.00000000	      0.00000000	      0.00000000	      0.00000000	      0.00000000	    -85.88631079	    927.96251178	    -38.27214390	      0.82279027	     -0.00200000	     -0.16447269	      0.00000000	      0.75444432	      0.00000000
      0.78000000	      0.00000000	      0.00000000	      0.00000000	      0.00000000	      0.00000000	      0.00000000	      0.00000000	      0.00000000	      0.00000000	    -85.02901345	    928.81761491	    -38.37817051	      0.82286282	     -0.00200000	     -0.16441192	      0.00000000	      0.76876263	      0.00000000
      0.78100000	      0.00000000	      0.00000000	      0.00000000	      0.00000000	      0.00000000	      0.00000000	      0.00000000	      0.00000000	      0.00000000	    -84.17709172	    929.59139496	    -38.47896215	      0.82294023	     -0.00200000	     -0.16434973	     -0.00000000	      0.78324709	      0.00000000
      0.78200000	      0.00000000	      0.00000000	      0.00000000	      0.00000000	      0.00000000	      0.00000000	      0.00000000	      0.00000000	      0.00000000	    -83.32958817	    930.30110002	    -38.57555278	      0.82302156	     -0.00200000	     -0.16428642	      0.00000000	      0.79784442	      0.00000000
      0.78300000	      0.00000000	      0.00000000	      0.00000000	      0.00000000	      0.00000000	      0.00000000	      0.00000000	      0.00000000	      0.00000000	    -82.48772472	    930.93175441	    -38.66687585	      0.82310780	     -0.00200000	     -0.16422173	      0.00000000	      0.81255915	      0.00000000
      0.78400000	      0.00000000	      0.00000000	      0.00000000	      0.00000000	      0.00000000	      0.00000000	      0.00000000	      0.00000000	      0.00000000	    -81.65045083	    931.50012195	    -38.75398487	      0.82319799	     -0.00200000	     -0.16415596	     -0.00000000	      0.82734894	      0.00000000
      0.78500000	      0.00000000	      0.00000000	      0.00000000	      0.00000000	      0.00000000	      0.00000000	      0.00000000	      0.00000000	      0.00000000	    -80.81901446	    931.99163675	    -38.83583676	      0.82329312	     -0.00200000	     -0.16408889	      0.00000000	      0.84221123	      0.00000000
      0.78600000	      0.00000000	      0.00000000	      0.00000000	      0.00000000	      0.00000000	      0.00000000	      0.00000000	      0.00000000	      0.00000000	    -79.99230176	    932.42250383	    -38.91349807	      0.82339222	     -0.00200000	     -0.16402077	     -0.00000000	      0.85711508	      0.00000000
      0.78700000	      0.00000000	      0.00000000	      0.00000000	      0.00000000	      0.00000000	      0.00000000	      0.00000000	      0.00000000	      0.00000000	    -79.17154580	    932.77841806	    -38.98594528	      0.82349626	     -0.00200000	     -0.16395138	      0.00000000	      0.87204717	      0.00000000
      0.78800000	      0.00000000	      0.00000000	      0.00000000	      0.00000000	      0.00000000	      0.00000000	      0.00000000	      0.00000000	      0.00000000	    -78.35558802	    933.07502568	    -39.05423842	      0.82360426	     -0.00200000	     -0.16388099	      0.00000000	      0.88698277	      0.00000000
      0.78900000	      0.00000000	      0.00000000	      0.00000000	      0.00000000	      0.00000000	      0.00000000	      0.00000000	      0.00000000	      0.00000000	    -77.54566148	    933.29828233	    -39.11734615	      0.82371721	     -0.00200000	     -0.16380937	      0.00000000	      0.90189668	      0.00000000
      0.79000000	      0.00000000	      0.00000000	      0.00000000	      0.00000000	      0.00000000	      0.00000000	      0.00000000	      0.00000000	      0.00000000	    -76.74057782	    933.46357346	    -39.17630240	      0.82383411	     -0.00200000	     -0.16373680	      0.00000000	      0.91677162	      0.00000000
      0.79100000	      0.00000000	      0.00000000	      0.00000000	      0.00000000	      0.00000000	      0.00000000	      0.00000000	      0.00000000	      0.00000000	    -75.94157010	    933.55719000	    -39.23006151	      0.82395593	     -0.00200000	     -0.16366307	     -0.00000000	      0.93157058	      0.00000000
      0.79200000	      0.00000000	      0.00000000	      0.00000000	      0.00000000	      0.00000000	      0.00000000	      0.00000000	      0.00000000	      0.00000000	    -75.14742762	    933.59403312	    -39.27965090	      0.82408170	     -0.00200000	     -0.16358843	      0.00000000	      0.94628702	      0.00000000
      0.79300000	      0.00000000	      0.00000000	      0.00000000	      0.00000000	      0.00000000	      0.00000000	      0.00000000	      0.00000000	      0.00000000	    -74.35937226	    933.56072903	    -39.32402488	      0.82421237	     -0.00200000	     -0.16351270	     -0.00000000	      0.96087546	      0.00000000
      0.79400000	      0.00000000	      0.00000000	      0.00000000	      0.00000000	      0.00000000	      0.00000000	      0.00000000	      0.00000000	      0.00000000	    -73.57619703	    933.47191811	    -39.36423436	      0.82434696	     -0.00200000	     -0.16343611	      0.00000000	      0.97534462	      0.00000000
      0.79500000	      0.00000000	      0.00000000	      0.00000000	      0.00000000	      0.00000000	      0.00000000	      0.00000000	      0.00000000	      0.00000000	    -72.79912755	    933.31456184	    -39.39925972	      0.82448644	     -0.00200000	     -0.16335852	      0.00000000	      0.98964524	      0.00000000
      0.79600000	      0.00000000	      0.00000000	      0.00000000	      0.00000000	      0.00000000	      0.00000000	      0.00000000	      0.00000000	      0.00000000	    -72.02693820	    933.10303986	    -39.43014666	      0.82462982	     -0.00200000	     -0.16328017	      0.00000000	      1.00379585	      0.00000000
      0.79700000	      0.00000000	      0.00000000	      0.00000000	      0.00000000	      0.00000000	      0.00000000	      0.00000000	      0.00000000	      0.00000000	    -71.26085833	    932.82446265	    -39.45587818	      0.82477805	     -0.00200000	     -0.16320092	      0.00000000	      1.01774411	      0.00000000
      0.79800000	      0.00000000	      0.00000000	      0.00000000	      0.00000000	      0.00000000	      0.00000000	      0.00000000	      0.00000000	      0.00000000	    -70.49967349	    932.49298632	    -39.47748952	      0.82493013	     -0.00200000	     -0.16312099	      0.00000000	      1.03151901	      0.00000000
      0.79900000	      0.00000000	      0.00000000	      0.00000000	      0.00000000	      0.00000000	      0.00000000	      0.00000000	      0.00000000	      0.00000000	    -69.74461302	    932.09601939	    -39.49396629	      0.82508698	     -0.00200000	     -0.16304025	      0.00000000	      1.04506623	      0.00000000
      0.80000000	      0.00000000	      0.00000000	      0.00000000	      0.00000000	      0.00000000	      0.00000000	      0.00000000	      0.00000000	      0.00000000	    -68.99444759	    931.64734542	    -39.50633854	      0.82524759	     -0.00200000	     -0.16295888	     -0.00000000	      1.05842466	      0.00000000
      0.80100000	      0.00000000	      0.00000000	      0.00000000	      0.00000000	      0.00000000	      0.00000000	      0.00000000	      0.00000000	      0.00000000	    -68.25039163	    931.13474548	    -39.51358926	      0.82541283	     -0.00200000	     -0.16287676	     -0.00000000	      1.07154145	      0.00000000
      0.80200000	      0.00000000	      0.00000000	      0.00000000	      0.00000000	      0.00000000	      0.00000000	      0.00000000	      0.00000000	      0.00000000	    -67.51120090	    930.57163060	    -39.51674066	      0.82558172	     -0.00200000	     -0.16279406	     -0.00000000	      1.08446223	      0.00000000
      0.80300000	      0.00000000	      0.00000000	      0.00000000	      0.00000000	      0.00000000	      0.00000000	      0.00000000	      0.00000000	      0.00000000	    -66.77805260	    929.94604260	    -39.51476011	      0.82575509	     -0.00200000	     -0.16271066	      0.00000000	      1.09713753	      0.00000000
      0.80400000	      0.00000000	      0.00000000	      0.00000000	      0.00000000	      0.00000000	      0.00000000	      0.00000000	      0.00000000	      0.00000000	    -66.04970992	    929.27105725	    -39.50865418	      0.82593199	     -0.00200000	     -0.16262672	     -0.00000000	      1.10961788	      0.00000000
      0.80500000	      0.00000000	      0.00000000	      0.00000000	      0.00000000	      0.00000000	      0.00000000	      0.00000000	      0.00000000	      0.00000000	    -65.32729790	    928.53512615	    -39.49736413	      0.82611326	     -0.00200000	     -0.16254213	     -0.00000000	      1.12185329	      0.00000000
      0.80600000	      0.00000000	      0.00000000	      0.00000000	      0.00000000	      0.00000000	      0.00000000	      0.00000000	      0.00000000	      0.00000000	    -64.60959464	    927.75098979	    -39.48190436	      0.82629797	     -0.00200000	     -0.16245707	      0.00000000	      1.13389196	      0.00000000
      0.80700000	      0.00000000	      0.00000000	      0.00000000	      0.00000000	      0.00000000	      0.00000000	      0.00000000	      0.00000000	      0.00000000	    -63.89769167	    926.90739781	    -39.46121614	      0.82648695	     -0.00200000	     -0.16237145	      0.00000000	      1.14567919	      0.00000000
      0.80800000	      0.00000000	      0.00000000	      0.00000000	      0.00000000	      0.00000000	      0.00000000	      0.00000000	      0.00000000	      0.00000000	    -63.19039315	    926.01686716	    -39.43634778	      0.82667931	     -0.00200000	     -0.16228541	     -0.00000000	      1.15726156	      0.00000000
      0.80900000	      0.00000000	      0.00000000	      0.00000000	      0.00000000	      0.00000000	      0.00000000	      0.00000000	      0.00000000	      0.00000000	    -62.48879060	    925.06848276	    -39.40627053	      0.82687587	     -0.00200000	     -0.16219890	      0.00000000	      1.16858223	      0.00000000
      0.81000000	      0.00000000	      0.00000000	      0.00000000	      0.00000000	      0.00000000	      0.00000000	      0.00000000	      0.00000000	      0.00000000	    -61.79172173	    924.07450080	    -39.37205747	      0.82707573	     -0.00200000	     -0.16211203	      0.00000000	      1.17969017	      0.00000000
      0.81100000	      0.00000000	      0.00000000	      0.00000000	      0.00000000	      0.00000000	      0.00000000	      0.00000000	      0.00000000	      0.00000000	    -61.10029109	    923.02434146	    -39.33275156	      0.82727972	     -0.00200000	     -0.16202472	      0.00000000	      1.19052901	      0.00000000
      0.81200000	      0.00000000	      0.00000000	      0.00000000	      0.00000000	      0.00000000	      0.00000000	      0.00000000	      0.00000000	      0.00000000	    -60.41337177	    921.92992568	    -39.28944804	      0.82748698	     -0.00200000	     -0.16193707	     -0.00000000	      1.20115302	      0.00000000
      0.81300000	      0.00000000	      0.00000000	      0.00000000	      0.00000000	      0.00000000	      0.00000000	      0.00000000	      0.00000000	      0.00000000	    -59.73206833	    920.78115791	    -39.24125507	      0.82769826	     -0.00200000	     -0.16184901	     -0.00000000	      1.21150842	      0.00000000
      0.81400000	      0.00000000	      0.00000000	      0.00000000	      0.00000000	      0.00000000	      0.00000000	      0.00000000	      0.00000000	      0.00000000	    -59.05524269	    919.58962381	    -39.18924965	      0.82791274	     -0.00200000	     -0.16176061	      0.00000000	      1.22165094	      0.00000000
      0.81500000	      0.00000000	      0.00000000	      0.00000000	      0.00000000	      0.00000000	      0.00000000	      0.00000000	      0.00000000	      0.00000000	    -58.38399194	    918.34571213	    -39.13260903	      0.82813116	     -0.00200000	     -0.16167179	     -0.00000000	      1.23153062	      0.00000000
      0.81600000	      0.00000000	      0.00000000	      0.00000000	      0.00000000	      0.00000000	      0.00000000	      0.00000000	      0.00000000	      0.00000000	    -57.71718174	    917.06074774	    -39.07237239	      0.82835270	     -0.00200000	     -0.16158262	      0.00000000	      1.24120494	      0.00000000
      0.81700000	      0.00000000	      0.00000000	      0.00000000	      0.00000000	      0.00000000	      0.00000000	      0.00000000	      0.00000000	      0.00000000	    -57.05590732	    915.72564095	    -39.00779653	      0.82857809	     -0.00200000	     -0.16149303	      0.00000000	      1.25063041	      0.00000000
      0.81800000	      0.00000000	      0.00000000	      0.00000000	      0.00000000	      0.00000000	      0.00000000	      0.00000000	      0.00000000	      0.00000000	    -56.39906228	    914.35134411	    -38.93988281	      0.82880652	     -0.00200000	     -0.16140310	      0.00000000	      1.25986601	      0.00000000
      0.81900000	      0.00000000	      0.00000000	      0.00000000	      0.00000000	      0.00000000	      0.00000000	      0.00000000	      0.00000000	      0.00000000	    -55.74775115	    912.92917728	    -38.86796497	      0.82903872	     -0.00200000	     -0.16131273	      0.00000000	      1.26887925	      0.00000000
      0.82000000	      0.00000000	      0.00000000	      0.00000000	      0.00000000	      0.00000000	      0.00000000	      0.00000000	      0.00000000	      0.00000000	    -55.10088056	    911.46960855	    -38.79298046	      0.82927390	     -0.00200000	     -0.16122200	      0.00000000	      1.27772816	     -0.00000000
      0.82100000	      0.00000000	      0.00000000	      0.00000000	      0.00000000	      0.00000000	      0.00000000	      0.00000000	      0.00000000	      0.00000000	    -54.45956998	    909.96455401	    -38.71435169	      0.82951277	     -0.00200000	     -0.16113085	      0.00000000	      1.28638561	      0.00000000
      0.82200000	      0.00000000	      0.00000000	      0.00000000	      0.00000000	      0.00000000	      0.00000000	      0.00000000	      0.00000000	      0.00000000	    -53.82271856	    908.42403471	    -38.63295615	      0.82975456	     -0.00200000	     -0.16103937	     -0.00000000	      1.29490162	     -0.00000000
      0.82300000	      0.00000000	      0.00000000	      0.00000000	      0.00000000	      0.00000000	      0.00000000	      0.00000000	      0.00000000	      0.00000000	    -53.19145508	    906.84045106	    -38.54831010	      0.82999998	     -0.00200000	     -0.16094748	     -0.00000000	      1.30325544	      0.00000000
      0.82400000	      0.00000000	      0.00000000	      0.00000000	      0.00000000	      0.00000000	      0.00000000	      0.00000000	      0.00000000	      0.00000000	    -52.56468430	    905.22348881	    -38.46124411	      0.83024828	     -0.00200000	     -0.16085527	     -0.00000000	      1.31149446	      0.00000000
      0.82500000	      0.00000000	      0.00000000	      0.00000000	      0.00000000	      0.00000000	      0.00000000	      0.00000000	      0.00000000	      0.00000000	    -51.94356665	    903.56606990	    -38.37139308	      0.83050018	     -0.00200000	     -0.16076264	      0.00000000	      1.31961246	      0.00000000
      0.82600000	      0.00000000	      0.00000000	      0.00000000	      0.00000000	      0.00000000	      0.00000000	      0.00000000	      0.00000000	      0.00000000	    -51.32701620	    901.87743306	    -38.27951849	      0.83075495	     -0.00200000	     -0.16066969	     -0.00000000	      1.32765358	     -0.00000000
      0.82700000	      0.00000000	      0.00000000	      0.00000000	      0.00000000	      0.00000000	      0.00000000	      0.00000000	      0.00000000	      0.00000000	    -50.71622320	    900.15109628	    -38.18537910	      0.83101332	     -0.00200000	     -0.16057632	      0.00000000	      1.33562459	     -0.00000000
      0.82800000	      0.00000000	      0.00000000	      0.00000000	      0.00000000	      0.00000000	      0.00000000	      0.00000000	      0.00000000	      0.00000000	    -50.11008307	    898.39570224	    -38.08963858	      0.83127458	     -0.00200000	     -0.16048263	      0.00000000	      1.34356061	      0.00000000
      0.82900000	      0.00000000	      0.00000000	      0.00000000	      0.00000000	      0.00000000	      0.00000000	      0.00000000	      0.00000000	      0.00000000	    -49.50979352	    896.60532773	    -37.99217045	      0.83153948	     -0.00200000	     -0.16038853	     -0.00000000	      1.35147884	      0.00000000
      0.83000000	      0.00000000	      0.00000000	      0.00000000	      0.00000000	      0.00000000	      0.00000000	      0.00000000	      0.00000000	      0.00000000	    -48.91422018	    894.78798211	    -37.89353929	      0.83180732	     -0.00200000	     -0.16029409	      0.00000000	      1.35940400	     -0.00000000
      0.83100000	      0.00000000	      0.00000000	      0.00000000	      0.00000000	      0.00000000	      0.00000000	      0.00000000	      0.00000000	      0.00000000	    -48.32457006	    892.93841273	    -37.79374380	      0.83207885	     -0.00200000	     -0.16019923	      0.00000000	      1.36736119	     -0.00000000
      0.83200000	      0.00000000	      0.00000000	      0.00000000	      0.00000000	      0.00000000	      0.00000000	      0.00000000	      0.00000000	      0.00000000	    -47.73968831	    891.06388390	    -37.69323900	      0.83235336	     -0.00200000	     -0.16010400	      0.00000000	      1.37536332	      0.00000000
      0.83300000	      0.00000000	      0.00000000	      0.00000000	      0.00000000	      0.00000000	      0.00000000	      0.00000000	      0.00000000	      0.00000000	    -47.16079682	    889.15962726	    -37.59211358	      0.83263160	     -0.00200000	     -0.16000831	      0.00000000	      1.38344560	      0.00000000
      0.83400000	      0.00000000	      0.00000000	      0.00000000	      0.00000000	      0.00000000	      0.00000000	      0.00000000	      0.00000000	      0.00000000	    -46.58672214	    887.23249733	    -37.49069087	      0.83291286	     -0.00200000	     -0.15991224	     -0.00000000	      1.39161177	      0.00000000
      0.83500000	      0.00000000	      0.00000000	      0.00000000	      0.00000000	      0.00000000	      0.00000000	      0.00000000	      0.00000000	      0.00000000	    -46.01868801	    885.27806103	    -37.38912605	      0.83319791	     -0.00200000	     -0.15981567	      0.00000000	      1.39990799	      0.00000000
      0.83600000	      0.00000000	      0.00000000	      0.00000000	      0.00000000	      0.00000000	      0.00000000	      0.00000000	      0.00000000	      0.00000000	    -45.45550793	    883.30283761	    -37.28762902	      0.83348603	     -0.00200000	     -0.15971869	      0.00000000	      1.40832605	      0.00000000
      0.83700000	      0.00000000	      0.00000000	      0.00000000	      0.00000000	      0.00000000	      0.00000000	      0.00000000	      0.00000000	      0.00000000	    -44.89842430	    881.30302727	    -37.18642406	      0.83377802	     -0.00200000	     -0.15962118	      0.00000000	      1.41691849	      0.00000000
      0.83800000	      0.00000000	      0.00000000	      0.00000000	      0.00000000	      0.00000000	      0.00000000	      0.00000000	      0.00000000	      0.00000000	    -44.34623569	    879.28481400	    -37.08562329	      0.83407314	     -0.00200000	     -0.15952326	      0.00000000	      1.42566458	      0.00000000
      0.83900000	      0.00000000	      0.00000000	      0.00000000	      0.00000000	      0.00000000	      0.00000000	      0.00000000	      0.00000000	      0.00000000	    -43.80019568	    877.24488229	    -36.98551878	      0.83437221	     -0.00200000	     -0.15942479	      0.00000000	      1.43462163	      0.00000000
      0.84000000	      0.00000000	      0.00000000	      0.00000000	      0.00000000	      0.00000000	      0.00000000	      0.00000000	      0.00000000	      0.00000000	    -43.25908795	    875.18878281	    -36.88612096	      0.83467449	     -0.00200000	     -0.15932590	     -0.00000000	      1.44376024	      0.00000000
      0.84100000	      0.00000000	      0.00000000	      0.00000000	      0.00000000	      0.00000000	      0.00000000	      0.00000000	      0.00000000	      0.00000000	    -42.72415489	    873.11398238	    -36.78777665	      0.83498080	     -0.00200000	     -0.15922647	      0.00000000	      1.45314368	     -0.00000000
      0.84200000	      0.00000000	      0.00000000	      0.00000000	      0.00000000	      0.00000000	      0.00000000	      0.00000000	      0.00000000	      0.00000000	    -42.19416156	    871.02524936	    -36.69040240	      0.83529038	     -0.00200000	     -0.15912660	     -0.00000000	      1.46273582	      0.00000000
      0.84300000	      0.00000000	      0.00000000	      0.00000000	      0.00000000	      0.00000000	      0.00000000	      0.00000000	      0.00000000	      0.00000000	    -41.67033173	    868.92049760	    -36.59438808	      0.83560410	     -0.00200000	     -0.15902619	      0.00000000	      1.47260321	     -0.00000000
      0.84400000	      0.00000000	      0.00000000	      0.00000000	      0.00000000	      0.00000000	      0.00000000	      0.00000000	      0.00000000	      0.00000000	    -41.15141556	    866.80397391	    -36.49957590	      0.83592117	     -0.00200000	     -0.15892533	      0.00000000	      1.48270053	      0.00000000
      0.84500000	      0.00000000	      0.00000000	      0.00000000	      0.00000000	      0.00000000	      0.00000000	      0.00000000	      0.00000000	      0.00000000	    -40.63861631	    864.67392743	    -36.40638441	      0.83624243	     -0.00200000	     -0.15882388	      0.00000000	      1.49309657	      0.00000000
      0.84600000	      0.00000000	      0.00000000	      0.00000000	      0.00000000	      0.00000000	      0.00000000	      0.00000000	      0.00000000	      0.00000000	    -40.13068229	    862.53412068	    -36.31457500	      0.83656708	     -0.00200000	     -0.15872194	      0.00000000	      1.50374030	     -0.00000000
      0.84700000	      0.00000000	      0.00000000	      0.00000000	      0.00000000	      0.00000000	      0.00000000	      0.00000000	      0.00000000	      0.00000000	    -39.62877765	    860.38343608	    -36.22457664	      0.83689597	     -0.00200000	     -0.15861937	      0.00000000	      1.51470556	     -0.00000000
      0.84800000	      0.00000000	      0.00000000	      0.00000000	      0.00000000	      0.00000000	      0.00000000	      0.00000000	      0.00000000	      0.00000000	    -39.13165629	    858.22507739	    -36.13607511	      0.83722826	     -0.00200000	     -0.15851628	      0.00000000	      1.52594067	      0.00000000
      0.84900000	      0.00000000	      0.00000000	      0.00000000	      0.00000000	      0.00000000	      0.00000000	      0.00000000	      0.00000000	      0.00000000	    -38.64045814	    856.05822504	    -36.04947589	      0.83756481	     -0.00200000	     -0.15841247	      0.00000000	      1.53752758	      0.00000000
      0.85000000	      0.00000000	      0.00000000	      0.00000000	      0.00000000	      0.00000000	      0.00000000	      0.00000000	      0.00000000	      0.00000000	    -38.15394640	    853.88563573	    -35.96440479	      0.83790482	     -0.00200000	     -0.15830810	      0.00000000	      1.54940490	     -0.00000000
      0.85100000	      0.00000000	      0.00000000	      0.00000000	      0.00000000	      0.00000000	      0.00000000	      0.00000000	      0.00000000	      0.00000000	    -37.67323308	    851.70723498	    -35.88123079	      0.83824913	     -0.00200000	     -0.15820303	      0.00000000	      1.56165563	      0.00000000
      0.85200000	      0.00000000	      0.00000000	      0.00000000	      0.00000000	      0.00000000	      0.00000000	      0.00000000	      0.00000000	      0.00000000	    -37.19710186	    849.52518344	    -35.79954840	      0.83859691	     -0.00200000	     -0.15809739	      0.00000000	      1.57421234	      0.00000000
      0.85300000	      0.00000000	      0.00000000	      0.00000000	      0.00000000	      0.00000000	      0.00000000	      0.00000000	      0.00000000	      0.00000000	    -36.72662936	    847.34015167	    -35.71968228	      0.83894905	     -0.00200000	     -0.15799112	      0.00000000	      1.58715940	      0.00000000
      0.85400000	      0.00000000	      0.00000000	      0.00000000	      0.00000000	      0.00000000	      0.00000000	      0.00000000	      0.00000000	      0.00000000	    -36.26063094	    845.15370429	    -35.64121909	      0.83930468	     -0.00200000	     -0.15788437	      0.00000000	      1.60042591	      0.00000000
      0.85500000	      0.00000000	      0.00000000	      0.00000000	      0.00000000	      0.00000000	      0.00000000	      0.00000000	      0.00000000	      0.00000000	    -35.80015339	    842.96699613	    -35.56444440	      0.83966468	     -0.00200000	     -0.15777707	      0.00000000	      1.61410048	      0.00000000
      0.85600000	      0.00000000	      0.00000000	      0.00000000	      0.00000000	      0.00000000	      0.00000000	      0.00000000	      0.00000000	      0.00000000	    -35.34404561	    840.78103304	    -35.48896573	      0.84002816	     -0.00200000	     -0.15766938	     -0.00000000	      1.62811036	      0.00000000
      0.85700000	      0.00000000	      0.00000000	      0.00000000	      0.00000000	      0.00000000	      0.00000000	      0.00000000	      0.00000000	      0.00000000	    -34.89333391	    838.59741688	    -35.41502431	      0.84039599	     -0.00200000	     -0.15756123	      0.00000000	      1.64254957	      0.00000000
      0.85800000	      0.00000000	      0.00000000	      0.00000000	      0.00000000	      0.00000000	      0.00000000	      0.00000000	      0.00000000	      0.00000000	    -34.44689512	    836.41670644	    -35.34224331	      0.84076728	     -0.00200000	     -0.15745275	      0.00000000	      1.65733946	     -0.00000000
      0.85900000	      0.00000000	      0.00000000	      0.00000000	      0.00000000	      0.00000000	      0.00000000	      0.00000000	      0.00000000	      0.00000000	    -34.00572203	    834.24095064	    -35.27081832	      0.84114283	     -0.00200000	     -0.15734390	      0.00000000	      1.67257366	     -0.00000000
      0.86000000	      0.00000000	      0.00000000	      0.00000000	      0.00000000	      0.00000000	      0.00000000	      0.00000000	      0.00000000	      0.00000000	    -33.56870636	    832.07018673	    -35.20039730	      0.84152178	     -0.00200000	     -0.15723479	      0.00000000	      1.68816774	     -0.00000000
      0.86100000	      0.00000000	      0.00000000	      0.00000000	      0.00000000	      0.00000000	      0.00000000	      0.00000000	      0.00000000	      0.00000000	    -33.13679434	    829.90676165	    -35.13111454	      0.84190493	     -0.00200000	     -0.15712537	      0.00000000	      1.70421686	      0.00000000
      0.86200000	      0.00000000	      0.00000000	      0.00000000	      0.00000000	      0.00000000	      0.00000000	      0.00000000	      0.00000000	      0.00000000	    -32.70889074	    827.75019109	    -35.06264277	      0.84229139	     -0.00200000	     -0.15701573	      0.00000000	      1.72063293	      0.00000000
      0.86300000	      0.00000000	      0.00000000	      0.00000000	      0.00000000	      0.00000000	      0.00000000	      0.00000000	      0.00000000	      0.00000000	    -32.28590265	    825.60315728	    -34.99505110	      0.84268195	     -0.00200000	     -0.15690584	     -0.00000000	      1.73751087	      0.00000000
      0.86400000	      0.00000000	      0.00000000	      0.00000000	      0.00000000	      0.00000000	      0.00000000	      0.00000000	      0.00000000	      0.00000000	    -31.86676279	    823.46461713	    -34.92805399	      0.84307574	     -0.00200000	     -0.15679575	     -0.00000000	      1.75475890	      0.00000000
      0.86500000	      0.00000000	      0.00000000	      0.00000000	      0.00000000	      0.00000000	      0.00000000	      0.00000000	      0.00000000	      0.00000000	    -31.45234659	    821.33788615	    -34.86166969	      0.84347349	     -0.00200000	     -0.15668550	      0.00000000	      1.77246788	      0.00000000
      0.86600000	      0.00000000	      0.00000000	      0.00000000	      0.00000000	      0.00000000	      0.00000000	      0.00000000	      0.00000000	      0.00000000	    -31.04164824	    819.22136247	    -34.79569219	      0.84387433	     -0.00200000	     -0.15657514	      0.00000000	      1.79054256	      0.00000000
      0.86700000	      0.00000000	      0.00000000	      0.00000000	      0.00000000	      0.00000000	      0.00000000	      0.00000000	      0.00000000	      0.00000000	    -30.63553013	    817.11877137	    -34.73013192	      0.84427899	     -0.00200000	     -0.15646470	      0.00000000	      1.80906739	      0.00000000
      0.86800000	      0.00000000	      0.00000000	      0.00000000	      0.00000000	      0.00000000	      0.00000000	      0.00000000	      0.00000000	      0.00000000	    -30.23303673	    815.02817571	    -34.66484025	      0.84468662	     -0.00200000	     -0.15635424	      0.00000000	      1.82794879	      0.00000000
      0.86900000	      0.00000000	      0.00000000	      0.00000000	      0.00000000	      0.00000000	      0.00000000	      0.00000000	      0.00000000	      0.00000000	    -29.83503230	    812.95367330	    -34.59981587	      0.84509792	     -0.00200000	     -0.15624383	      0.00000000	      1.84726936	      0.00000000
      0.87000000	      0.00000000	      0.00000000	      0.00000000	      0.00000000	      0.00000000	      0.00000000	      0.00000000	      0.00000000	      0.00000000	    -29.44059297	    810.89287996	    -34.53495577	      0.84551208	     -0.00200000	     -0.15613350	     -0.00000000	      1.86693940	      0.00000000
      0.87100000	      0.00000000	      0.00000000	      0.00000000	      0.00000000	      0.00000000	      0.00000000	      0.00000000	      0.00000000	      0.00000000	    -29.05058116	    808.85034055	    -34.47024822	      0.84592973	     -0.00200000	     -0.15602328	      0.00000000	      1.88704558	      0.00000000
      0.87200000	      0.00000000	      0.00000000	      0.00000000	      0.00000000	      0.00000000	      0.00000000	      0.00000000	      0.00000000	      0.00000000	    -28.66408601	    806.82337284	    -34.40563194	      0.84635008	     -0.00200000	     -0.15591320	      0.00000000	      1.90750128	      0.00000000
      0.87300000	      0.00000000	      0.00000000	      0.00000000	      0.00000000	      0.00000000	      0.00000000	      0.00000000	      0.00000000	      0.00000000	    -28.28194760	    804.81689423	    -34.34110172	      0.84677372	     -0.00200000	     -0.15580331	      0.00000000	      1.92839485	      0.00000000
      0.87400000	      0.00000000	      0.00000000	      0.00000000	      0.00000000	      0.00000000	      0.00000000	      0.00000000	      0.00000000	      0.00000000	    -27.90325135	    802.82777548	    -34.27662365	      0.84719989	     -0.00200000	     -0.15569362	      0.00000000	      1.94963883	      0.00000000
      0.87500000	      0.00000000	      0.00000000	      0.00000000	      0.00000000	      0.00000000	      0.00000000	      0.00000000	      0.00000000	      0.00000000	    -27.52879634	    800.86138099	    -34.21220556	      0.84762913	     -0.00200000	     -0.15558419	      0.00000000	      1.97131557	      0.00000000
      0.87600000	      0.00000000	      0.00000000	      0.00000000	      0.00000000	      0.00000000	      0.00000000	      0.00000000	      0.00000000	      0.00000000	    -27.15767547	    798.91391098	    -34.14783180	      0.84806073	     -0.00200000	     -0.15547501	     -0.00000000	      1.99333117	      0.00000000
      0.87700000	      0.00000000	      0.00000000	      0.00000000	      0.00000000	      0.00000000	      0.00000000	      0.00000000	      0.00000000	      0.00000000	    -26.79062821	    796.99113965	    -34.08351932	      0.84849518	     -0.00200000	     -0.15536621	      0.00000000	      2.01575143	      0.00000000
      0.87800000	      0.00000000	      0.00000000	      0.00000000	      0.00000000	      0.00000000	      0.00000000	      0.00000000	      0.00000000	      0.00000000	    -26.42675862	    795.08878291	    -34.01926942	      0.84893184	     -0.00200000	     -0.15525775	      0.00000000	      2.03847633	      0.00000000
      0.87900000	      0.00000000	      0.00000000	      0.00000000	      0.00000000	      0.00000000	      0.00000000	      0.00000000	      0.00000000	      0.00000000	    -26.06674749	    793.21283847	    -33.95512253	      0.84937116	     -0.00200000	     -0.15514979	     -0.00000000	      2.06155322	      0.00000000
      0.88000000	      0.00000000	      0.00000000	      0.00000000	      0.00000000	      0.00000000	      0.00000000	      0.00000000	      0.00000000	      0.00000000	    -25.70973523	    791.35864973	    -33.89108777	      0.84981252	     -0.00200000	     -0.15504225	      0.00000000	      2.08488873	      0.00000000
      0.88100000	      0.00000000	      0.00000000	      0.00000000	      0.00000000	      0.00000000	      0.00000000	      0.00000000	      0.00000000	      0.00000000	    -25.35635699	    789.53251243	    -33.82723425	      0.85025636	     -0.00200000	     -0.15493531	      0.00000000	      2.10851877	      0.00000000
      0.88200000	      0.00000000	      0.00000000	      0.00000000	      0.00000000	      0.00000000	      0.00000000	      0.00000000	      0.00000000	      0.00000000	    -25.00580251	    787.72932291	    -33.76356326	      0.85070210	     -0.00200000	     -0.15482889	      0.00000000	      2.13236220	      0.00000000
      0.88300000	      0.00000000	      0.00000000	      0.00000000	      0.00000000	      0.00000000	      0.00000000	      0.00000000	      0.00000000	      0.00000000	    -24.65867251	    785.95578671	    -33.70015956	      0.85115013	     -0.00200000	     -0.15472316	     -0.00000000	      2.15644421	      0.00000000
      0.88400000	      0.00000000	      0.00000000	      0.00000000	      0.00000000	      0.00000000	      0.00000000	      0.00000000	      0.00000000	      0.00000000	    -24.31420237	    784.20653939	    -33.63701403	      0.85159992	     -0.00200000	     -0.15461803	      0.00000000	      2.18069382	      0.00000000
      0.88500000	      0.00000000	      0.00000000	      0.00000000	      0.00000000	      0.00000000	      0.00000000	      0.00000000	      0.00000000	      0.00000000	    -23.97296298	    782.48824924	    -33.57426096	      0.85205186	     -0.00200000	     -0.15451364	      0.00000000	      2.20512466	      0.00000000
      0.88600000	      0.00000000	      0.00000000	      0.00000000	      0.00000000	      0.00000000	      0.00000000	      0.00000000	      0.00000000	      0.00000000	    -23.63423631	    780.79536557	    -33.51188600	      0.85250544	     -0.00200000	     -0.15440988	      0.00000000	      2.22968037	      0.00000000
      0.88700000	      0.00000000	      0.00000000	      0.00000000	      0.00000000	      0.00000000	      0.00000000	      0.00000000	      0.00000000	      0.00000000	    -23.29856995	    779.13492918	    -33.45007952	      0.85296098	     -0.00200000	     -0.15430695	      0.00000000	      2.25436311	      0.00000000
      0.88800000	      0.00000000	      0.00000000	      0.00000000	      0.00000000	      0.00000000	      0.00000000	      0.00000000	      0.00000000	      0.00000000	    -22.96528593	    777.50094235	    -33.38882066	      0.85341803	     -0.00200000	     -0.15420467	     -0.00000000	      2.27912232	      0.00000000
      0.88900000	      0.00000000	      0.00000000	      0.00000000	      0.00000000	      0.00000000	      0.00000000	      0.00000000	      0.00000000	      0.00000000	    -22.63489366	    775.90074390	    -33.32835976	      0.85387687	     -0.00200000	     -0.15410325	      0.00000000	      2.30394457	      0.00000000
      0.89000000	      0.00000000	      0.00000000	      0.00000000	      0.00000000	      0.00000000	      0.00000000	      0.00000000	      0.00000000	      0.00000000	    -22.30674587	    774.32788908	    -33.26863162	      0.85433708	     -0.00200000	     -0.15400250	     -0.00000000	      2.32878927	      0.00000000
      0.89100000	      0.00000000	      0.00000000	      0.00000000	      0.00000000	      0.00000000	      0.00000000	      0.00000000	      0.00000000	      0.00000000	    -21.98131848	    772.78979123	    -33.20993222	      0.85479891	     -0.00200000	     -0.15390259	     -0.00000000	      2.35362755	      0.00000000
      0.89200000	      0.00000000	      0.00000000	      0.00000000	      0.00000000	      0.00000000	      0.00000000	      0.00000000	      0.00000000	      0.00000000	    -21.65800519	    771.27978206	    -33.15214030	      0.85526199	     -0.00200000	     -0.15380336	     -0.00000000	      2.37843324	      0.00000000
      0.89300000	      0.00000000	      0.00000000	      0.00000000	      0.00000000	      0.00000000	      0.00000000	      0.00000000	      0.00000000	      0.00000000	    -21.33726515	    769.80538666	    -33.09558444	      0.85572654	     -0.00200000	     -0.15370496	     -0.00000000	      2.40316808	      0.00000000
      0.89400000	      0.00000000	      0.00000000	      0.00000000	      0.00000000	      0.00000000	      0.00000000	      0.00000000	      0.00000000	      0.00000000	    -21.01852559	    768.35989952	    -33.04009251	      0.85619218	     -0.00200000	     -0.15360723	      0.00000000	      2.42782412	      0.00000000
      0.89500000	      0.00000000	      0.00000000	      0.00000000	      0.00000000	      0.00000000	      0.00000000	      0.00000000	      0.00000000	      0.00000000	    -20.70221864	    766.95106924	    -32.98602439	      0.85665914	     -0.00200000	     -0.15351033	      0.00000000	      2.45235339	      0.00000000
      0.89600000	      0.00000000	      0.00000000	      0.00000000	      0.00000000	      0.00000000	      0.00000000	      0.00000000	      0.00000000	      0.00000000	    -20.38781345	    765.57204127	    -32.93317929	      0.85712707	     -0.00200000	     -0.15341408	      0.00000000	      2.47676187	      0.00000000
      0.89700000	      0.00000000	      0.00000000	      0.00000000	      0.00000000	      0.00000000	      0.00000000	      0.00000000	      0.00000000	      0.00000000	    -20.07573843	    764.23097402	    -32.88197573	      0.85759614	     -0.00200000	     -0.15331869	      0.00000000	      2.50099642	      0.00000000
      0.89800000	      0.00000000	      0.00000000	      0.00000000	      0.00000000	      0.00000000	      0.00000000	      0.00000000	      0.00000000	      0.00000000	    -19.76550184	    762.92075217	    -32.83217512	      0.85806609	     -0.00200000	     -0.15322399	     -0.00000000	      2.52507697	      0.00000000
      0.89900000	      0.00000000	      0.00000000	      0.00000000	      0.00000000	      0.00000000	      0.00000000	      0.00000000	      0.00000000	      0.00000000	    -19.45753582	    761.64960861	    -32.78425336	      0.85853707	     -0.00200000	     -0.15313016	      0.00000000	      2.54894355	      0.00000000
      0.90000000	      0.00000000	      0.00000000	      0.00000000	      0.00000000	      0.00000000	      0.00000000	      0.00000000	      0.00000000	      0.00000000	    -19.15136725	    760.41020453	    -32.73792751	      0.85900883	     -0.00200000	     -0.15303705	      0.00000000	      2.57262296	      0.00000000
      0.90100000	      0.00000000	      0.00000000	      0.00000000	      0.00000000	      0.00000000	      0.00000000	      0.00000000	      0.00000000	      0.00000000	    -18.84743199	    759.21099633	    -32.69371781	      0.85948152	     -0.00200000	     -0.15294485	      0.00000000	      2.59604937	      0.00000000
      0.90200000	      0.00000000	      0.00000000	      0.00000000	      0.00000000	      0.00000000	      0.00000000	      0.00000000	      0.00000000	      0.00000000	    -18.54527369	    758.04434717	    -32.65130743	      0.85995491	     -0.00200000	     -0.15285337	      0.00000000	      2.61925825	      0.00000000
      0.90300000	      0.00000000	      0.00000000	      0.00000000	      0.00000000	      0.00000000	      0.00000000	      0.00000000	      0.00000000	      0.00000000	    -18.24533008	    756.91882521	    -32.61126224	      0.86042909	     -0.00200000	     -0.15276279	      0.00000000	      2.64217879	      0.00000000
      0.90400000	      0.00000000	      0.00000000	      0.00000000	      0.00000000	      0.00000000	      0.00000000	      0.00000000	      0.00000000	      0.00000000	    -17.94715784	    755.82645833	    -32.57320412	      0.86090392	     -0.00200000	     -0.15267291	      0.00000000	      2.66485371	      0.00000000
      0.90500000	      0.00000000	      0.00000000	      0.00000000	      0.00000000	      0.00000000	      0.00000000	      0.00000000	      0.00000000	      0.00000000	    -17.65119191	    754.77603823	    -32.53771197	      0.86137948	     -0.00200000	     -0.15258391	     -0.00000000	      2.68720486	      0.00000000
      0.90600000	      0.00000000	      0.00000000	      0.00000000	      0.00000000	      0.00000000	      0.00000000	      0.00000000	      0.00000000	      0.00000000	    -17.35698991	    753.75936925	    -32.50433467	      0.86185560	     -0.00200000	     -0.15249560	     -0.00000000	      2.70928567	      0.00000000
      0.90700000	      0.00000000	      0.00000000	      0.00000000	      0.00000000	      0.00000000	      0.00000000	      0.00000000	      0.00000000	      0.00000000	    -17.06498489	    752.78524309	    -32.47366287	      0.86233239	     -0.00200000	     -0.15240815	      0.00000000	      2.73101757	      0.00000000
      0.90800000	      0.00000000	      0.00000000	      0.00000000	      0.00000000	      0.00000000	      0.00000000	      0.00000000	      0.00000000	      0.00000000	    -16.77473634	    751.84538960	    -32.44520240	      0.86280970	     -0.00200000	     -0.15232137	      0.00000000	      2.75246359	      0.00000000
      0.90900000	      0.00000000	      0.00000000	      0.00000000	      0.00000000	      0.00000000	      0.00000000	      0.00000000	      0.00000000	      0.00000000	    -16.48666803	    750.94878674	    -32.41955042	      0.86328762	     -0.00200000	     -0.15223545	      0.00000000	      2.77354410	      0.00000000
      0.91000000	      0.00000000	      0.00000000	      0.00000000	      0.00000000	      0.00000000	      0.00000000	      0.00000000	      0.00000000	      0.00000000	    -16.20033570	    750.08705258	    -32.39618018	      0.86376600	     -0.00200000	     -0.15215021	      0.00000000	      2.79432629	      0.00000000
      0.91100000	      0.00000000	      0.00000000	      0.00000000	      0.00000000	      0.00000000	      0.00000000	      0.00000000	      0.00000000	      0.00000000	    -15.91616124	    749.26912785	    -32.37569537	      0.86424492	     -0.00200000	     -0.15206580	      0.00000000	      2.81473138	      0.00000000
      0.91200000	      0.00000000	      0.00000000	      0.00000000	      0.00000000	      0.00000000	      0.00000000	      0.00000000	      0.00000000	      0.00000000	    -15.63370600	    748.48666787	    -32.35754967	      0.86472424	     -0.00200000	     -0.15198208	      0.00000000	      2.83483289	      0.00000000
      0.91300000	      0.00000000	      0.00000000	      0.00000000	      0.00000000	      0.00000000	      0.00000000	      0.00000000	      0.00000000	      0.00000000	    -15.35339514	    747.74868786	    -32.34236110	      0.86520401	     -0.00200000	     -0.15189920	      0.00000000	      2.85455596	      0.00000000
      0.91400000	      0.00000000	      0.00000000	      0.00000000	      0.00000000	      0.00000000	      0.00000000	      0.00000000	      0.00000000	      0.00000000	    -15.07480349	    747.04654515	    -32.32957684	      0.86568410	     -0.00200000	     -0.15181699	     -0.00000000	      2.87397904	      0.00000000
      0.91500000	      0.00000000	      0.00000000	      0.00000000	      0.00000000	      0.00000000	      0.00000000	      0.00000000	      0.00000000	      0.00000000	    -14.79836926	    746.38955295	    -32.31983446	      0.86616452	     -0.00200000	     -0.15173562	      0.00000000	      2.89303363	      0.00000000
      0.91600000	      0.00000000	      0.00000000	      0.00000000	      0.00000000	      0.00000000	      0.00000000	      0.00000000	      0.00000000	      0.00000000	    -14.52366542	    745.76899409	    -32.31255896	      0.86664516	     -0.00200000	     -0.15165493	     -0.00000000	      2.91179843	      0.00000000
      0.91700000	      0.00000000	      0.00000000	      0.00000000	      0.00000000	      0.00000000	      0.00000000	      0.00000000	      0.00000000	      0.00000000	    -14.25112411	    745.19433081	    -32.30838533	      0.86712596	     -0.00200000	     -0.15157509	      0.00000000	      2.93021027	      0.00000000
      0.91800000	      0.00000000	      0.00000000	      0.00000000	      0.00000000	      0.00000000	      0.00000000	      0.00000000	      0.00000000	      0.00000000	    -13.98030203	    744.65654790	    -32.30669424	      0.86760687	     -0.00200000	     -0.15149591	      0.00000000	      2.94834715	      0.00000000
      0.91900000	      0.00000000	      0.00000000	      0.00000000	      0.00000000	      0.00000000	      0.00000000	      0.00000000	      0.00000000	      0.00000000	    -13.71160103	    744.16521937	    -32.30809588	      0.86808780	     -0.00200000	     -0.15141757	      0.00000000	      2.96615111	      0.00000000
      0.92000000	      0.00000000	      0.00000000	      0.00000000	      0.00000000	      0.00000000	      0.00000000	      0.00000000	      0.00000000	      0.00000000	    -13.44456803	    743.71114373	    -32.31195398	      0.86856871	     -0.00200000	     -0.15133988	      0.00000000	      2.98369724	      0.00000000
      0.92100000	      0.00000000	      0.00000000	      0.00000000	      0.00000000	      0.00000000	      0.00000000	      0.00000000	      0.00000000	      0.00000000	    -13.17958347	    743.30396950	    -32.31885135	      0.86904951	     -0.00200000	     -0.15126300	     -0.00000000	      3.00093460	      0.00000000
      0.92200000	      0.00000000	      0.00000000	      0.00000000	      0.00000000	      0.00000000	      0.00000000	      0.00000000	      0.00000000	      0.00000000	    -12.91620918	    742.93434620	    -32.32815303	      0.86953018	     -0.00200000	     -0.15118676	      0.00000000	      3.01793684	      0.00000000
      0.92300000	      0.00000000	      0.00000000	      0.00000000	      0.00000000	      0.00000000	      0.00000000	      0.00000000	      0.00000000	      0.00000000	    -12.65480649	    742.61173606	    -32.34042488	      0.87001066	     -0.00200000	     -0.15111134	     -0.00000000	      3.03465774	      0.00000000
      0.92400000	      0.00000000	      0.00000000	      0.00000000	      0.00000000	      0.00000000	      0.00000000	      0.00000000	      0.00000000	      0.00000000	    -12.39494048	    742.32682586	    -32.35503584	      0.87049093	     -0.00200000	     -0.15103656	      0.00000000	      3.05116235	      0.00000000
      0.92500000	      0.00000000	      0.00000000	      0.00000000	      0.00000000	      0.00000000	      0.00000000	      0.00000000	      0.00000000	      0.00000000	    -12.13694783	    742.08900332	    -32.37252962	      0.87097090	     -0.00200000	     -0.15096260	      0.00000000	      3.06740906	      0.00000000
      0.92600000	      0.00000000	      0.00000000	      0.00000000	      0.00000000	      0.00000000	      0.00000000	      0.00000000	      0.00000000	      0.00000000	    -11.88041735	    741.88880622	    -32.39228949	      0.87145060	     -0.00200000	     -0.15088929	      0.00000000	      3.08345902	      0.00000000
      0.92700000	      0.00000000	      0.00000000	      0.00000000	      0.00000000	      0.00000000	      0.00000000	      0.00000000	      0.00000000	      0.00000000	    -11.62567968	    741.73558503	    -32.41482265	      0.87192991	     -0.00200000	     -0.15081683	     -0.00000000	      3.09928161	      0.00000000
      0.92800000	      0.00000000	      0.00000000	      0.00000000	      0.00000000	      0.00000000	      0.00000000	      0.00000000	      0.00000000	      0.00000000	    -11.37235295	    741.61991477	    -32.43952803	      0.87240886	     -0.00200000	     -0.15074502	      0.00000000	      3.11493741	      0.00000000
      0.92900000	      0.00000000	      0.00000000	      0.00000000	      0.00000000	      0.00000000	      0.00000000	      0.00000000	      0.00000000	      0.00000000	    -11.12077013	    741.55118316	    -32.46689066	      0.87288733	     -0.00200000	     -0.15067406	      0.00000000	      3.13040686	      0.00000000
      0.93000000	      0.00000000	      0.00000000	      0.00000000	      0.00000000	      0.00000000	      0.00000000	      0.00000000	      0.00000000	      0.00000000	    -10.87056752	    741.51992798	    -32.49633685	      0.87336536	     -0.00200000	     -0.15060380	      0.00000000	      3.14574421	      0.00000000
      0.93100000	      0.00000000	      0.00000000	      0.00000000	      0.00000000	      0.00000000	      0.00000000	      0.00000000	      0.00000000	      0.00000000	    -10.62206877	    741.53546244	    -32.52832424	      0.87384282	     -0.00200000	     -0.15053440	      0.00000000	      3.16093812	      0.00000000
      0.93200000	      0.00000000	      0.00000000	      0.00000000	      0.00000000	      0.00000000	      0.00000000	      0.00000000	      0.00000000	      0.00000000	    -10.37490554	    741.58839881	    -32.56229088	      0.87431978	     -0.00200000	     -0.15046571	      0.00000000	      3.17603209	      0.00000000
      0.93300000	      0.00000000	      0.00000000	      0.00000000	      0.00000000	      0.00000000	      0.00000000	      0.00000000	      0.00000000	      0.00000000	    -10.12936374	    741.68797582	    -32.59866443	      0.87479606	     -0.00200000	     -0.15039792	      0.00000000	      3.19101894	      0.00000000
      0.93400000	      0.00000000	      0.00000000	      0.00000000	      0.00000000	      0.00000000	      0.00000000	      0.00000000	      0.00000000	      0.00000000	     -9.88507085	    741.82465672	    -32.63691291	      0.87527179	     -0.00200000	     -0.15033085	      0.00000000	      3.20593085	      0.00000000
      0.93500000	      0.00000000	      0.00000000	      0.00000000	      0.00000000	      0.00000000	      0.00000000	      0.00000000	      0.00000000	      0.00000000	     -9.64228064	    742.00756848	    -32.67744835	      0.87574675	     -0.00200000	     -0.15026470	      0.00000000	      3.22076456	      0.00000000
      0.93600000	      0.00000000	      0.00000000	      0.00000000	      0.00000000	      0.00000000	      0.00000000	      0.00000000	      0.00000000	      0.00000000	     -9.40064155	    742.22728610	    -32.71976747	      0.87622108	     -0.00200000	     -0.15019935	      0.00000000	      3.23554392	      0.00000000
      0.93700000	      0.00000000	      0.00000000	      0.00000000	      0.00000000	      0.00000000	      0.00000000	      0.00000000	      0.00000000	      0.00000000	     -9.16037848	    742.49260128	    -32.76426662	      0.87669459	     -0.00200000	     -0.15013498	     -0.00000000	      3.25026524	      0.00000000
      0.93800000	      0.00000000	      0.00000000	      0.00000000	      0.00000000	      0.00000000	      0.00000000	      0.00000000	      0.00000000	      0.00000000	     -8.92116874	    742.79427528	    -32.81046599	      0.87716737	     -0.00200000	     -0.15007145	      0.00000000	      3.26494618	      0.00000000
      0.93900000	      0.00000000	      0.00000000	      0.00000000	      0.00000000	      0.00000000	      0.00000000	      0.00000000	      0.00000000	      0.00000000	     -8.68321816	    743.14109981	    -32.85873849	      0.87763919	     -0.00200000	     -0.15000901	      0.00000000	      3.27958341	      0.00000000
      0.94000000	      0.00000000	      0.00000000	      0.00000000	      0.00000000	      0.00000000	      0.00000000	      0.00000000	      0.00000000	      0.00000000	     -8.44623148	    743.52376163	    -32.90861994	      0.87811020	     -0.00200000	     -0.14994745	      0.00000000	      3.29419334	      0.00000000
      0.94100000	      0.00000000	      0.00000000	      0.00000000	      0.00000000	      0.00000000	      0.00000000	      0.00000000	      0.00000000	      0.00000000	     -8.21039267	    743.95094067	    -32.96045065	      0.87858011	     -0.00200000	     -0.14988704	      0.00000000	      3.30877568	      0.00000000
      0.94200000	      0.00000000	      0.00000000	      0.00000000	      0.00000000	      0.00000000	      0.00000000	      0.00000000	      0.00000000	      0.00000000	     -7.97542557	    744.41343546	    -33.01379383	      0.87904911	     -0.00200000	     -0.14982756	      0.00000000	      3.32334274	      0.00000000
      0.94300000	      0.00000000	      0.00000000	      0.00000000	      0.00000000	      0.00000000	      0.00000000	      0.00000000	      0.00000000	      0.00000000	     -7.74148875	    744.91970241	    -33.06897804	      0.87951694	     -0.00200000	     -0.14976925	      0.00000000	      3.33789768	      0.00000000
      0.94400000	      0.00000000	      0.00000000	      0.00000000	      0.00000000	      0.00000000	      0.00000000	      0.00000000	      0.00000000	      0.00000000	     -7.50833238	    745.46068907	    -33.12559389	      0.87998378	     -0.00200000	     -0.14971188	      0.00000000	      3.35245446	      0.00000000
      0.94500000	      0.00000000	      0.00000000	      0.00000000	      0.00000000	      0.00000000	      0.00000000	      0.00000000	      0.00000000	      0.00000000	     -7.27609359	    746.04451656	    -33.18396080	      0.88044935	     -0.00200000	     -0.14965569	      0.00000000	      3.36702383	      0.00000000
      0.94600000	      0.00000000	      0.00000000	      0.00000000	      0.00000000	      0.00000000	      0.00000000	      0.00000000	      0.00000000	      0.00000000	     -7.04453839	    746.66231871	    -33.24369676	      0.88091386	     -0.00200000	     -0.14960043	      0.00000000	      3.38161110	      0.00000000
      0.94700000	      0.00000000	      0.00000000	      0.00000000	      0.00000000	      0.00000000	      0.00000000	      0.00000000	      0.00000000	      0.00000000	     -6.81377342	    747.32184410	    -33.30510948	      0.88137701	     -0.00200000	     -0.14954634	      0.00000000	      3.39622527	      0.00000000
      0.94800000	      0.00000000	      0.00000000	      0.00000000	      0.00000000	      0.00000000	      0.00000000	      0.00000000	      0.00000000	      0.00000000	     -6.58359705	    748.01437557	    -33.36784430	      0.88183901	     -0.00200000	     -0.14949315	      0.00000000	      3.41086205	      0.00000000
      0.94900000	      0.00000000	      0.00000000	      0.00000000	      0.00000000	      0.00000000	      0.00000000	      0.00000000	      0.00000000	      0.00000000	     -6.35411008	    748.74725193	    -33.43219720	      0.88229956	     -0.00200000	     -0.14944109	      0.00000000	      3.42552892	      0.00000000
      0.95000000	      0.00000000	      0.00000000	      0.00000000	      0.00000000	      0.00000000	      0.00000000	      0.00000000	      0.00000000	      0.00000000	     -6.12514187	    749.51186776	    -33.49782526	      0.88275892	     -0.00200000	     -0.14938989	     -0.00000000	      3.44021980	      0.00000000
      0.95100000	      0.00000000	      0.00000000	      0.00000000	      0.00000000	      0.00000000	      0.00000000	      0.00000000	      0.00000000	      0.00000000	     -5.89678087	    750.31530112	    -33.56500231	      0.88321678	     -0.00200000	     -0.14933975	      0.00000000	      3.45494269	      0.00000000
      0.95200000	      0.00000000	      0.00000000	      0.00000000	      0.00000000	      0.00000000	      0.00000000	      0.00000000	      0.00000000	      0.00000000	     -5.66887343	    751.14898384	    -33.63338672	      0.88367343	     -0.00200000	     -0.14929042	      0.00000000	      3.46969113	      0.00000000
      0.95300000	      0.00000000	      0.00000000	      0.00000000	      0.00000000	      0.00000000	      0.00000000	      0.00000000	      0.00000000	      0.00000000	     -5.44149103	    752.01973319	    -33.70323014	      0.88412854	     -0.00200000	     -0.14924207	      0.00000000	      3.48447556	      0.00000000
      0.95400000	      0.00000000	      0.00000000	      0.00000000	      0.00000000	      0.00000000	      0.00000000	      0.00000000	      0.00000000	      0.00000000	     -5.21449232	    752.91939080	    -33.77419747	      0.88458242	     -0.00200000	     -0.14919450	      0.00000000	      3.49928985	      0.00000000
      0.95500000	      0.00000000	      0.00000000	      0.00000000	      0.00000000	      0.00000000	      0.00000000	      0.00000000	      0.00000000	      0.00000000	     -4.98792063	    753.85428965	    -33.84651169	      0.88503477	     -0.00200000	     -0.14914784	      0.00000000	      3.51414059	      0.00000000
      0.95600000	      0.00000000	      0.00000000	      0.00000000	      0.00000000	      0.00000000	      0.00000000	      0.00000000	      0.00000000	      0.00000000	     -4.76164836	    754.81668115	    -33.91986117	      0.88548590	     -0.00200000	     -0.14910191	     -0.00000000	      3.52901857	      0.00000000
      0.95700000	      0.00000000	      0.00000000	      0.00000000	      0.00000000	      0.00000000	      0.00000000	      0.00000000	      0.00000000	      0.00000000	     -4.53570439	    755.81252575	    -33.99445973	      0.88593551	     -0.00200000	     -0.14905691	     -0.00000000	      3.54392448	      0.00000000
      0.95800000	      0.00000000	      0.00000000	      0.00000000	      0.00000000	      0.00000000	      0.00000000	      0.00000000	      0.00000000	      0.00000000	     -4.30998998	    756.83437288	    -34.07002836	      0.88638389	     -0.00200000	     -0.14901262	      0.00000000	      3.55884683	      0.00000000
      0.95900000	      0.00000000	      0.00000000	      0.00000000	      0.00000000	      0.00000000	      0.00000000	      0.00000000	      0.00000000	      0.00000000	     -4.08452284	    757.88781047	    -34.14677959	      0.88683074	     -0.00200000	     -0.14896924	     -0.00000000	      3.57378087	      0.00000000
      0.96000000	      0.00000000	      0.00000000	      0.00000000	      0.00000000	      0.00000000	      0.00000000	      0.00000000	      0.00000000	      0.00000000	     -3.85921798	    758.96576047	    -34.22445916	      0.88727636	     -0.00200000	     -0.14892655	      0.00000000	      3.58871600	      0.00000000
      0.96100000	      0.00000000	      0.00000000	      0.00000000	      0.00000000	      0.00000000	      0.00000000	      0.00000000	      0.00000000	      0.00000000	     -3.63406306	    760.07325202	    -34.30327829	      0.88772045	     -0.00200000	     -0.14888471	      0.00000000	      3.60363989	      0.00000000
      0.96200000	      0.00000000	      0.00000000	      0.00000000	      0.00000000	      0.00000000	      0.00000000	      0.00000000	      0.00000000	      0.00000000	     -3.40898079	    761.20361686	    -34.38298665	      0.88816329	     -0.00200000	     -0.14884353	      0.00000000	      3.61854403	      0.00000000
      0.96300000	      0.00000000	      0.00000000	      0.00000000	      0.00000000	      0.00000000	      0.00000000	      0.00000000	      0.00000000	      0.00000000	     -3.18392832	    762.36147434	    -34.46378633	      0.88860460	     -0.00200000	     -0.14880311	      0.00000000	      3.63340868	      0.00000000
      0.96400000	      0.00000000	      0.00000000	      0.00000000	      0.00000000	      0.00000000	      0.00000000	      0.00000000	      0.00000000	      0.00000000	     -2.95884954	    763.54056597	    -34.54543613	      0.88904468	     -0.00200000	     -0.14876330	      0.00000000	      3.64823366	      0.00000000
      0.96500000	      0.00000000	      0.00000000	      0.00000000	      0.00000000	      0.00000000	      0.00000000	      0.00000000	      0.00000000	      0.00000000	     -2.73366843	    764.74510133	    -34.62811597	      0.88948322	     -0.00200000	     -0.14872419	      0.00000000	      3.66299826	      0.00000000
      0.96600000	      0.00000000	      0.00000000	      0.00000000	      0.00000000	      0.00000000	      0.00000000	      0.00000000	      0.00000000	      0.00000000	     -2.50833668	    765.96900821	    -34.71158855	      0.88992055	     -0.00200000	     -0.14868562	      0.00000000	      3.67770582	      0.00000000
      0.96700000	      0.00000000	      0.00000000	      0.00000000	      0.00000000	      0.00000000	      0.00000000	      0.00000000	      0.00000000	      0.00000000	     -2.28270679	    767.21590012	    -34.79600120	      0.89035636	     -0.00200000	     -0.14864763	      0.00000000	      3.69233383	      0.00000000
      0.96800000	      0.00000000	      0.00000000	      0.00000000	      0.00000000	      0.00000000	      0.00000000	      0.00000000	      0.00000000	      0.00000000	     -2.05673533	    768.48022640	    -34.88112316	      0.89079097	     -0.00200000	     -0.14861008	      0.00000000	      3.70688741	      0.00000000
      0.96900000	      0.00000000	      0.00000000	      0.00000000	      0.00000000	      0.00000000	      0.00000000	      0.00000000	      0.00000000	      0.00000000	     -1.83019729	    769.76522803	    -34.96707436	      0.89122408	     -0.00200000	     -0.14857305	      0.00000000	      3.72133717	      0.00000000
      0.97000000	      0.00000000	      0.00000000	      0.00000000	      0.00000000	      0.00000000	      0.00000000	      0.00000000	      0.00000000	      0.00000000	     -1.60309626	    771.06572688	    -35.05365141	      0.89165599	     -0.00200000	     -0.14853638	     -0.00000000	      3.73569089	      0.00000000
      0.97100000	      0.00000000	      0.00000000	      0.00000000	      0.00000000	      0.00000000	      0.00000000	      0.00000000	      0.00000000	      0.00000000	     -1.37516437	    772.38451689	    -35.14097817	      0.89208639	     -0.00200000	     -0.14850013	      0.00000000	      3.74990908	      0.00000000
      0.97200000	      0.00000000	      0.00000000	      0.00000000	      0.00000000	      0.00000000	      0.00000000	      0.00000000	      0.00000000	      0.00000000	     -1.14647415	    773.71701598	    -35.22889428	      0.89251559	     -0.00200000	     -0.14846418	     -0.00000000	      3.76400716	      0.00000000
      0.97300000	      0.00000000	      0.00000000	      0.00000000	      0.00000000	      0.00000000	      0.00000000	      0.00000000	      0.00000000	      0.00000000	     -0.91672802	    775.06553382	    -35.31755097	      0.89294325	     -0.00200000	     -0.14842858	      0.00000000	      3.77794384	      0.00000000
      0.97400000	      0.00000000	      0.00000000	      0.00000000	      0.00000000	      0.00000000	      0.00000000	      0.00000000	      0.00000000	      0.00000000	     -0.68605406	    776.42589808	    -35.40681265	      0.89336967	     -0.00200000	     -0.14839320	      0.00000000	      3.79174406	      0.00000000
      0.97500000	      0.00000000	      0.00000000	      0.00000000	      0.00000000	      0.00000000	      0.00000000	      0.00000000	      0.00000000	      0.00000000	     -0.45411545	    777.80012041	    -35.49685534	      0.89379449	     -0.00200000	     -0.14835805	      0.00000000	      3.80536528	      0.00000000
      0.97600000	      0.00000000	      0.00000000	      0.00000000	      0.00000000	      0.00000000	      0.00000000	      0.00000000	      0.00000000	      0.00000000	     -0.22107793	    779.18455005	    -35.58754995	      0.89421800	     -0.00200000	     -0.14832306	      0.00000000	      3.81883678	      0.00000000
      0.97700000	      0.00000000	      0.00000000	      0.00000000	      0.00000000	      0.00000000	      0.00000000	      0.00000000	      0.00000000	      0.00000000	      0.01345531	    780.58060259	    -35.67910120	      0.89463985	     -0.00200000	     -0.14828818	      0.00000000	      3.83211427	     -0.00000000
      0.97800000	      0.00000000	      0.00000000	      0.00000000	      0.00000000	      0.00000000	      0.00000000	      0.00000000	      0.00000000	      0.00000000	      0.24929518	    781.98514879	    -35.77136956	      0.89506035	     -0.00200000	     -0.14825334	      0.00000000	      3.84523323	      0.00000000
      0.97900000	      0.00000000	      0.00000000	      0.00000000	      0.00000000	      0.00000000	      0.00000000	      0.00000000	      0.00000000	      0.00000000	      0.48691878	    783.39919448	    -35.86457800	      0.89547912	     -0.00200000	     -0.14821848	      0.00000000	      3.85815057	      0.00000000
      0.98000000	      0.00000000	      0.00000000	      0.00000000	      0.00000000	      0.00000000	      0.00000000	      0.00000000	      0.00000000	      0.00000000	      0.72609435	    784.81994569	    -35.95857397	      0.89589648	     -0.00200000	     -0.14818355	      0.00000000	      3.87090371	      0.00000000
      0.98100000	      0.00000000	      0.00000000	      0.00000000	      0.00000000	      0.00000000	      0.00000000	      0.00000000	      0.00000000	      0.00000000	      0.96736965	    786.24784946	    -36.05359867	      0.89631212	     -0.00200000	     -0.14814847	      0.00000000	      3.88344521	      0.00000000
      0.98200000	      0.00000000	      0.00000000	      0.00000000	      0.00000000	      0.00000000	      0.00000000	      0.00000000	      0.00000000	      0.00000000	      1.21045392	    787.68059611	    -36.14948913	      0.89672636	     -0.00200000	     -0.14811322	      0.00000000	      3.89580924	      0.00000000
      0.98300000	      0.00000000	      0.00000000	      0.00000000	      0.00000000	      0.00000000	      0.00000000	      0.00000000	      0.00000000	      0.00000000	      1.45596307	    789.11840916	    -36.24651656	      0.89713884	     -0.00200000	     -0.14807772	      0.00000000	      3.90794104	      0.00000000
      0.98400000	      0.00000000	      0.00000000	      0.00000000	      0.00000000	      0.00000000	      0.00000000	      0.00000000	      0.00000000	      0.00000000	      1.70354312	    790.55935144	    -36.34451404	      0.89754994	     -0.00200000	     -0.14804196	      0.00000000	      3.91987732	      0.00000000
      0.98500000	      0.00000000	      0.00000000	      0.00000000	      0.00000000	      0.00000000	      0.00000000	      0.00000000	      0.00000000	      0.00000000	      1.95387093	    792.00327396	    -36.44380234	      0.89795928	     -0.00200000	     -0.14800584	      0.00000000	      3.93156146	      0.00000000
      0.98600000	      0.00000000	      0.00000000	      0.00000000	      0.00000000	      0.00000000	      0.00000000	      0.00000000	      0.00000000	      0.00000000	      2.20652018	    793.44891012	    -36.54419631	      0.89836720	     -0.00200000	     -0.14796941	      0.00000000	      3.94303972	      0.00000000
      0.98700000	      0.00000000	      0.00000000	      0.00000000	      0.00000000	      0.00000000	      0.00000000	      0.00000000	      0.00000000	      0.00000000	      2.46222119	    794.89581287	    -36.64607797	      0.89877334	     -0.00200000	     -0.14793254	      0.00000000	      3.95425587	      0.00000000
      0.98800000	      0.00000000	      0.00000000	      0.00000000	      0.00000000	      0.00000000	      0.00000000	      0.00000000	      0.00000000	      0.00000000	      2.72048102	    796.34331167	    -36.74923740	      0.89917801	     -0.00200000	     -0.14789532	      0.00000000	      3.96526313	      0.00000000
      0.98900000	      0.00000000	      0.00000000	      0.00000000	      0.00000000	      0.00000000	      0.00000000	      0.00000000	      0.00000000	      0.00000000	      2.98208871	    797.79084772	    -36.85411271	      0.89958081	     -0.00200000	     -0.14785763	      0.00000000	      3.97601087	      0.00000000
      0.99000000	      0.00000000	      0.00000000	      0.00000000	      0.00000000	      0.00000000	      0.00000000	      0.00000000	      0.00000000	      0.00000000	      3.24649480	    799.23793674	    -36.96045354	      0.89998208	     -0.00200000	     -0.14781955	      0.00000000	      3.98655299	      0.00000000
      0.99100000	      0.00000000	      0.00000000	      0.00000000	      0.00000000	      0.00000000	      0.00000000	      0.00000000	      0.00000000	      0.00000000	      3.51455144	    800.68390816	    -37.06875276	      0.90038139	     -0.00200000	     -0.14778098	      0.00000000	      3.99684104	     -0.00000000
      0.99200000	      0.00000000	      0.00000000	      0.00000000	      0.00000000	      0.00000000	      0.00000000	      0.00000000	      0.00000000	      0.00000000	      3.78565514	    802.12853849	    -37.17872612	      0.90077909	     -0.00200000	     -0.14774199	      0.00000000	      4.00692552	      0.00000000
      0.99300000	      0.00000000	      0.00000000	      0.00000000	      0.00000000	      0.00000000	      0.00000000	      0.00000000	      0.00000000	      0.00000000	      4.06073779	    803.57097089	    -37.29092646	      0.90117473	     -0.00200000	     -0.14770249	      0.00000000	      4.01675500	     -0.00000000
      0.99400000	      0.00000000	      0.00000000	      0.00000000	      0.00000000	      0.00000000	      0.00000000	      0.00000000	      0.00000000	      0.00000000	      4.33914782	    805.01124263	    -37.40501218	      0.90156869	     -0.00200000	     -0.14766255	      0.00000000	      4.02637716	      0.00000000
      0.99500000	      0.00000000	      0.00000000	      0.00000000	      0.00000000	      0.00000000	      0.00000000	      0.00000000	      0.00000000	      0.00000000	      4.62190830	    806.44842237	    -37.52159216	      0.90196050	     -0.00200000	     -0.14762209	      0.00000000	      4.03573572	      0.00000000
      0.99600000	      0.00000000	      0.00000000	      0.00000000	      0.00000000	      0.00000000	      0.00000000	      0.00000000	      0.00000000	      0.00000000	      4.90830140	    807.88277090	    -37.64028177	      0.90235054	     -0.00200000	     -0.14758120	      0.00000000	      4.04487789	     -0.00000000
      0.99700000	      0.00000000	      0.00000000	      0.00000000	      0.00000000	      0.00000000	      0.00000000	      0.00000000	      0.00000000	      0.00000000	      5.19941747	    809.31317061	    -37.76176032	      0.90273834	     -0.00200000	     -0.14753977	      0.00000000	      4.05374110	      0.00000000
      0.99800000	      0.00000000	      0.00000000	      0.00000000	      0.00000000	      0.00000000	      0.00000000	      0.00000000	      0.00000000	      0.00000000	      5.49445068	    810.74029207	    -37.88560145	      0.90312428	     -0.00200000	     -0.14749793	      0.00000000	      4.06237070	      0.00000000
      0.99900000	      0.00000000	      0.00000000	      0.00000000	      0.00000000	      0.00000000	      0.00000000	      0.00000000	      0.00000000	      0.00000000	      5.79454587	    812.16316670	    -38.01257182	      0.90350783	     -0.00200000	     -0.14745562	      0.00000000	      4.07069236	      0.00000000
      1.00000000	      0.00000000	      0.00000000	      0.00000000	      0.00000000	      0.00000000	      0.00000000	      0.00000000	      0.00000000	      0.00000000	      6.09881291	    813.58261406	    -38.14219162	      0.90388941	     -0.00200000	     -0.14741295	      0.00000000	      4.07875652	      0.00000000
      1.00100000	      0.00000000	      0.00000000	      0.00000000	      0.00000000	      0.00000000	      0.00000000	      0.00000000	      0.00000000	      0.00000000	      6.40843459	    814.99762833	    -38.27532399	      0.90426847	     -0.00200000	     -0.14736988	      0.00000000	      4.08648198	      0.00000000
      1.00200000	      0.00000000	      0.00000000	      0.00000000	      0.00000000	      0.00000000	      0.00000000	      0.00000000	      0.00000000	      0.00000000	      6.72244513	    816.40914083	    -38.41142394	      0.90464545	     -0.00200000	     -0.14732652	      0.00000000	      4.09392554	      0.00000000
      1.00300000	      0.00000000	      0.00000000	      0.00000000	      0.00000000	      0.00000000	      0.00000000	      0.00000000	      0.00000000	      0.00000000	      7.04207364	    817.81614572	    -38.55143543	      0.90501976	     -0.00200000	     -0.14728283	      0.00000000	      4.10100098	      0.00000000
      1.00400000	      0.00000000	      0.00000000	      0.00000000	      0.00000000	      0.00000000	      0.00000000	      0.00000000	      0.00000000	      0.00000000	      7.36630894	    819.21957433	    -38.69473524	      0.90539186	     -0.00200000	     -0.14723892	      0.00000000	      4.10776695	     -0.00000000
      1.00500000	      0.00000000	      0.00000000	      0.00000000	      0.00000000	      0.00000000	      0.00000000	      0.00000000	      0.00000000	      0.00000000	      7.69645674	    820.61838359	    -38.84235211	      0.90576114	     -0.00200000	     -0.14719473	      0.00000000	      4.11412174	      0.00000000
      1.00600000	      0.00000000	      0.00000000	      0.00000000	      0.00000000	      0.00000000	      0.00000000	      0.00000000	      0.00000000	      0.00000000	      8.03146604	    822.01354206	    -38.99357542	      0.90612808	     -0.00200000	     -0.14715036	      0.00000000	      4.12012634	      0.00000000
      1.00700000	      0.00000000	      0.00000000	      0.00000000	      0.00000000	      0.00000000	      0.00000000	      0.00000000	      0.00000000	      0.00000000	      8.37272638	    823.40423018	    -39.14949782	      0.90649200	     -0.00200000	     -0.14710579	      0.00000000	      4.12566588	      0.00000000
      1.00800000	      0.00000000	      0.00000000	      0.00000000	      0.00000000	      0.00000000	      0.00000000	      0.00000000	      0.00000000	      0.00000000	      8.71912669	    824.79119301	    -39.30931874	      0.90685346	     -0.00200000	     -0.14706106	      0.00000000	      4.13081271	      0.00000000
      1.00900000	      0.00000000	      0.00000000	      0.00000000	      0.00000000	      0.00000000	      0.00000000	      0.00000000	      0.00000000	      0.00000000	      9.07212356	    826.17372274	    -39.47418556	      0.90721173	     -0.00200000	     -0.14701613	      0.00000000	      4.13544749	      0.00000000
      1.01000000	      0.00000000	      0.00000000	      0.00000000	      0.00000000	      0.00000000	      0.00000000	      0.00000000	      0.00000000	      0.00000000	      9.43053514	    827.55267620	    -39.64321166	      0.90756740	     -0.00200000	     -0.14697104	      0.00000000	      4.13965251	     -0.00000000
      1.01100000	      0.00000000	      0.00000000	      0.00000000	      0.00000000	      0.00000000	      0.00000000	      0.00000000	      0.00000000	      0.00000000	      9.79589205	    828.92730832	    -39.81757965	      0.90791974	     -0.00200000	     -0.14692576	      0.00000000	      4.14329954	      0.00000000
      1.01200000	      0.00000000	      0.00000000	      0.00000000	      0.00000000	      0.00000000	      0.00000000	      0.00000000	      0.00000000	      0.00000000	     10.16694959	    830.29858768	    -39.99632597	      0.90826933	     -0.00200000	     -0.14688035	      0.00000000	      4.14648348	      0.00000000
      1.01300000	      0.00000000	      0.00000000	      0.00000000	      0.00000000	      0.00000000	      0.00000000	      0.00000000	      0.00000000	      0.00000000	     10.54530172	    831.66595548	    -40.18067885	      0.90861543	     -0.00200000	     -0.14683478	      0.00000000	      4.14906426	      0.00000000
      1.01400000	      0.00000000	      0.00000000	      0.00000000	      0.00000000	      0.00000000	      0.00000000	      0.00000000	      0.00000000	      0.00000000	     10.92962082	    833.03034306	    -40.36962651	      0.90895867	     -0.00200000	     -0.14678910	      0.00000000	      4.15114468	      0.00000000
      1.01500000	      0.00000000	      0.00000000	      0.00000000	      0.00000000	      0.00000000	      0.00000000	      0.00000000	      0.00000000	      0.00000000	     11.32155210	    834.39137787	    -40.56445975	      0.90929828	     -0.00200000	     -0.14674331	      0.00000000	      4.15257222	     -0.00000000
      1.01600000	      0.00000000	      0.00000000	      0.00000000	      0.00000000	      0.00000000	      0.00000000	      0.00000000	      0.00000000	      0.00000000	     11.71969343	    835.74995399	    -40.76411724	      0.90963493	     -0.00200000	     -0.14669745	      0.00000000	      4.15345687	      0.00000000
      1.01700000	      0.00000000	      0.00000000	      0.00000000	      0.00000000	      0.00000000	      0.00000000	      0.00000000	      0.00000000	      0.00000000	     12.12574588	    837.10603416	    -40.96994977	      0.90996773	     -0.00200000	     -0.14665151	      0.00000000	      4.15363793	      0.00000000
      1.01800000	      0.00000000	      0.00000000	      0.00000000	      0.00000000	      0.00000000	      0.00000000	      0.00000000	      0.00000000	      0.00000000	     12.53823657	    838.46047521	    -41.18083343	      0.91029741	     -0.00200000	     -0.14660552	      0.00000000	      4.15323908	      0.00000000
      1.01900000	      0.00000000	      0.00000000	      0.00000000	      0.00000000	      0.00000000	      0.00000000	      0.00000000	      0.00000000	      0.00000000	     12.95890100	    839.81327713	    -41.39817506	      0.91062305	     -0.00200000	     -0.14655943	      0.00000000	      4.15209681	      0.00000000
      1.02000000	      0.00000000	      0.00000000	      0.00000000	      0.00000000	      0.00000000	      0.00000000	      0.00000000	      0.00000000	      0.00000000	     13.38620298	    841.16525948	    -41.62079990	      0.91094540	     -0.00200000	     -0.14651326	      0.00000000	      4.15034479	      0.00000000
      1.02100000	      0.00000000	      0.00000000	      0.00000000	      0.00000000	      0.00000000	      0.00000000	      0.00000000	      0.00000000	      0.00000000	     13.82192224	    842.51675755	    -41.85017738	      0.91126351	     -0.00200000	     -0.14646700	      0.00000000	      4.14781407	      0.00000000
      1.02200000	      0.00000000	      0.00000000	      0.00000000	      0.00000000	      0.00000000	      0.00000000	      0.00000000	      0.00000000	      0.00000000	     14.26447742	    843.86833012	    -42.08507277	      0.91157815	     -0.00200000	     -0.14642062	      0.00000000	      4.14464731	      0.00000000
      1.02300000	      0.00000000	      0.00000000	      0.00000000	      0.00000000	      0.00000000	      0.00000000	      0.00000000	      0.00000000	      0.00000000	     14.71571531	    845.22061050	    -42.32700896	      0.91188839	     -0.00200000	     -0.14637410	      0.00000000	      4.14066995	      0.00000000
      1.02400000	      0.00000000	      0.00000000	      0.00000000	      0.00000000	      0.00000000	      0.00000000	      0.00000000	      0.00000000	      0.00000000	     15.17401636	    846.57385945	    -42.57468469	      0.91219506	     -0.00200000	     -0.14632745	      0.00000000	      4.13602863	      0.00000000
      1.02500000	      0.00000000	      0.00000000	      0.00000000	      0.00000000	      0.00000000	      0.00000000	      0.00000000	      0.00000000	      0.00000000	     15.64129675	    847.92904556	    -42.82967113	      0.91249715	     -0.00200000	     -0.14628064	      0.00000000	      4.13053944	     -0.00000000
      1.02600000	      0.00000000	      0.00000000	      0.00000000	      0.00000000	      0.00000000	      0.00000000	      0.00000000	      0.00000000	      0.00000000	     16.11587405	    849.28624332	    -43.09060834	      0.91279555	     -0.00200000	     -0.14623375	      0.00000000	      4.12435266	      0.00000000
      1.02700000	      0.00000000	      0.00000000	      0.00000000	      0.00000000	      0.00000000	      0.00000000	      0.00000000	      0.00000000	      0.00000000	     16.59971010	    850.64671934	    -43.35912224	      0.91308924	     -0.00200000	     -0.14618677	      0.00000000	      4.11726454	      0.00000000
      1.02800000	      0.00000000	      0.00000000	      0.00000000	      0.00000000	      0.00000000	      0.00000000	      0.00000000	      0.00000000	      0.00000000	     17.09105447	    852.01032460	    -43.63381378	      0.91337911	     -0.00200000	     -0.14613975	      0.00000000	      4.10942902	      0.00000000
      1.02900000	      0.00000000	      0.00000000	      0.00000000	      0.00000000	      0.00000000	      0.00000000	      0.00000000	      0.00000000	      0.00000000	     17.59190857	    853.37869823	    -43.91636886	      0.91366409	     -0.00200000	     -0.14609275	      0.00000000	      4.10062520	      0.00000000
      1.03000000	      0.00000000	      0.00000000	      0.00000000	      0.00000000	      0.00000000	      0.00000000	      0.00000000	      0.00000000	      0.00000000	     18.10046099	    854.75146770	    -44.20534149	      0.91394510	     -0.00200000	     -0.14604579	      0.00000000	      4.09101469	     -0.00000000
      1.03100000	      0.00000000	      0.00000000	      0.00000000	      0.00000000	      0.00000000	      0.00000000	      0.00000000	      0.00000000	      0.00000000	     18.61873642	    856.13060743	    -44.50248145	      0.91422109	     -0.00200000	     -0.14599894	      0.00000000	      4.08035503	      0.00000000
      1.03200000	      0.00000000	      0.00000000	      0.00000000	      0.00000000	      0.00000000	      0.00000000	      0.00000000	      0.00000000	      0.00000000	     19.14486848	    857.51555860	    -44.80627105	      0.91449295	     -0.00200000	     -0.14595220	      0.00000000	      4.06882345	      0.00000000
      1.03300000	      0.00000000	      0.00000000	      0.00000000	      0.00000000	      0.00000000	      0.00000000	      0.00000000	      0.00000000	      0.00000000	     19.68091447	    858.90870541	    -45.11850961	      0.91475960	     -0.00200000	     -0.14590567	      0.00000000	      4.05616024	     -0.00000000
      1.03400000	      0.00000000	      0.00000000	      0.00000000	      0.00000000	      0.00000000	      0.00000000	      0.00000000	      0.00000000	      0.00000000	     20.22496425	    860.30915380	    -45.43760642	      0.91502200	     -0.00200000	     -0.14585933	      0.00000000	      4.04256207	      0.00000000
      1.03500000	      0.00000000	      0.00000000	      0.00000000	      0.00000000	      0.00000000	      0.00000000	      0.00000000	      0.00000000	      0.00000000	     20.77911980	    861.71973497	    -45.76539211	      0.91527898	     -0.00200000	     -0.14581329	      0.00000000	      4.02775472	      0.00000000
      1.03600000	      0.00000000	      0.00000000	      0.00000000	      0.00000000	      0.00000000	      0.00000000	      0.00000000	      0.00000000	      0.00000000	     21.34145051	    863.13910782	    -46.10020295	      0.91553156	     -0.00200000	     -0.14576752	      0.00000000	      4.01194571	      0.00000000
      1.03700000	      0.00000000	      0.00000000	      0.00000000	      0.00000000	      0.00000000	      0.00000000	      0.00000000	      0.00000000	      0.00000000	     21.91411983	    864.57032710	    -46.44387998	      0.91577856	     -0.00200000	     -0.14572214	      0.00000000	      3.99484100	      0.00000000
      1.03800000	      0.00000000	      0.00000000	      0.00000000	      0.00000000	      0.00000000	      0.00000000	      0.00000000	      0.00000000	      0.00000000	     22.49515057	    866.01167917	    -46.79470733	      0.91602106	     -0.00200000	     -0.14567711	      0.00000000	      3.97666406	      0.00000000
      1.03900000	      0.00000000	      0.00000000	      0.00000000	      0.00000000	      0.00000000	      0.00000000	      0.00000000	      0.00000000	      0.00000000	     23.08674343	    867.46651679	    -47.15451561	      0.91625785	     -0.00200000	     -0.14563254	      0.00000000	      3.95710407	      0.00000000
      1.04000000	      0.00000000	      0.00000000	      0.00000000	      0.00000000	      0.00000000	      0.00000000	      0.00000000	      0.00000000	      0.00000000	     23.68685603	    868.93275380	    -47.52153158	      0.91649002	     -0.00200000	     -0.14558839	      0.00000000	      3.93640736	      0.00000000
      1.04100000	      0.00000000	      0.00000000	      0.00000000	      0.00000000	      0.00000000	      0.00000000	      0.00000000	      0.00000000	      0.00000000	     24.29769747	    870.41389197	    -47.89758064	      0.91671638	     -0.00200000	     -0.14554478	      0.00000000	      3.91424608	      0.00000000
      1.04200000	      0.00000000	      0.00000000	      0.00000000	      0.00000000	      0.00000000	      0.00000000	      0.00000000	      0.00000000	      0.00000000	     24.91716482	    871.90762162	    -48.28085303	      0.91693804	     -0.00200000	     -0.14550165	      0.00000000	      3.89088677	      0.00000000
      1.04300000	      0.00000000	      0.00000000	      0.00000000	      0.00000000	      0.00000000	      0.00000000	      0.00000000	      0.00000000	      0.00000000	     25.54746531	    873.41774255	    -48.67312461	      0.91715374	     -0.00200000	     -0.14545915	      0.00000000	      3.86599669	      0.00000000
      1.04400000	      0.00000000	      0.00000000	      0.00000000	      0.00000000	      0.00000000	      0.00000000	      0.00000000	      0.00000000	      0.00000000	     26.18646063	    874.94149804	    -49.07253608	      0.91736466	     -0.00200000	     -0.14541720	      0.00000000	      3.83985665	      0.00000000
      1.04500000	      0.00000000	      0.00000000	      0.00000000	      0.00000000	      0.00000000	      0.00000000	      0.00000000	      0.00000000	      0.00000000	     26.83635149	    876.48291141	    -49.48073812	      0.91756955	     -0.00200000	     -0.14537598	      0.00000000	      3.81213469	      0.00000000
      1.04600000	      0.00000000	      0.00000000	      0.00000000	      0.00000000	      0.00000000	      0.00000000	      0.00000000	      0.00000000	      0.00000000	     27.49497630	    878.03900242	    -49.89583492	      0.91776955	     -0.00200000	     -0.14533541	      0.00000000	      3.78313481	      0.00000000
      1.04700000	      0.00000000	      0.00000000	      0.00000000	      0.00000000	      0.00000000	      0.00000000	      0.00000000	      0.00000000	      0.00000000	     28.16452086	    879.61398065	    -50.31931028	      0.91796345	     -0.00200000	     -0.14529572	      0.00000000	      3.75252718	      0.00000000
      1.04800000	      0.00000000	      0.00000000	      0.00000000	      0.00000000	      0.00000000	      0.00000000	      0.00000000	      0.00000000	      0.00000000	     28.84279191	    881.20453060	    -50.74925274	      0.91815240	     -0.00200000	     -0.14525683	      0.00000000	      3.72063177	      0.00000000
      1.04900000	      0.00000000	      0.00000000	      0.00000000	      0.00000000	      0.00000000	      0.00000000	      0.00000000	      0.00000000	      0.00000000	     29.53194361	    882.81497359	    -51.18690096	      0.91833514	     -0.00200000	     -0.14521904	      0.00000000	      3.68713358	      0.00000000
      1.05000000	      0.00000000	      0.00000000	      0.00000000	      0.00000000	      0.00000000	      0.00000000	      0.00000000	      0.00000000	      0.00000000	     30.22976778	    884.44158435	    -51.63034871	      0.91851292	     -0.00200000	     -0.14518218	      0.00000000	      3.65236319	      0.00000000
      1.05100000	      0.00000000	      0.00000000	      0.00000000	      0.00000000	      0.00000000	      0.00000000	      0.00000000	      0.00000000	      0.00000000	     30.93837574	    886.08868420	    -52.08049305	      0.91868447	     -0.00200000	     -0.14514661	      0.00000000	      3.61602936	      0.00000000
      1.05200000	      0.00000000	      0.00000000	      0.00000000	      0.00000000	      0.00000000	      0.00000000	      0.00000000	      0.00000000	      0.00000000	     31.65554628	    887.75232434	    -52.53547207	      0.91885103	     -0.00200000	     -0.14511215	      0.00000000	      3.57847621	      0.00000000
      1.05300000	      0.00000000	      0.00000000	      0.00000000	      0.00000000	      0.00000000	      0.00000000	      0.00000000	      0.00000000	      0.00000000	     32.38331340	    889.43660259	    -52.99573168	      0.91901139	     -0.00200000	     -0.14507920	      0.00000000	      3.53945221	      0.00000000
      1.05400000	      0.00000000	      0.00000000	      0.00000000	      0.00000000	      0.00000000	      0.00000000	      0.00000000	      0.00000000	      0.00000000	     33.11944008	    891.13734663	    -53.45953777	      0.91916679	     -0.00200000	     -0.14504753	      0.00000000	      3.49930854	      0.00000000
      1.05500000	      0.00000000	      0.00000000	      0.00000000	      0.00000000	      0.00000000	      0.00000000	      0.00000000	      0.00000000	      0.00000000	     33.86583552	    892.85831898	    -53.92681472	      0.91931609	     -0.00200000	     -0.14501755	      0.00000000	      3.45784888	      0.00000000
      1.05600000	      0.00000000	      0.00000000	      0.00000000	      0.00000000	      0.00000000	      0.00000000	      0.00000000	      0.00000000	      0.00000000	     34.62028503	    894.59523559	    -54.39603701	      0.91946053	     -0.00200000	     -0.14498900	      0.00000000	      3.41541684	      0.00000000
      1.05700000	      0.00000000	      0.00000000	      0.00000000	      0.00000000	      0.00000000	      0.00000000	      0.00000000	      0.00000000	      0.00000000	     35.38456745	    896.35167271	    -54.86656055	      0.91959900	     -0.00200000	     -0.14496234	      0.00000000	      3.37188610	      0.00000000
      1.05800000	      0.00000000	      0.00000000	      0.00000000	      0.00000000	      0.00000000	      0.00000000	      0.00000000	      0.00000000	      0.00000000	     36.15650535	    898.12330902	    -55.33718318	      0.91973277	     -0.00200000	     -0.14493726	      0.00000000	      3.32757668	      0.00000000
      1.05900000	      0.00000000	      0.00000000	      0.00000000	      0.00000000	      0.00000000	      0.00000000	      0.00000000	      0.00000000	      0.00000000	     36.93769500	    899.91334826	    -55.80669232	      0.91986082	     -0.00200000	     -0.14491426	      0.00000000	      3.28243566	      0.00000000
      1.06000000	      0.00000000	      0.00000000	      0.00000000	      0.00000000	      0.00000000	      0.00000000	      0.00000000	      0.00000000	      0.00000000	     37.72600368	    901.71754360	    -56.27431870	      0.91998441	     -0.00200000	     -0.14489302	      0.00000000	      3.23674464	      0.00000000
      1.06100000	      0.00000000	      0.00000000	      0.00000000	      0.00000000	      0.00000000	      0.00000000	      0.00000000	      0.00000000	      0.00000000	     38.52281347	    903.53868902	    -56.73832558	      0.92010258	     -0.00200000	     -0.14487408	      0.00000000	      3.19052500	      0.00000000
      1.06200000	      0.00000000	      0.00000000	      0.00000000	      0.00000000	      0.00000000	      0.00000000	      0.00000000	      0.00000000	      0.00000000	     39.32606801	    905.37279844	    -57.19843134	      0.92021654	     -0.00200000	     -0.14485705	      0.00000000	      3.14401135	      0.00000000
      1.06300000	      0.00000000	      0.00000000	      0.00000000	      0.00000000	      0.00000000	      0.00000000	      0.00000000	      0.00000000	      0.00000000	     40.13690352	    907.22199529	    -57.65241161	      0.92032545	     -0.00200000	     -0.14484250	      0.00000000	      3.09729253	      0.00000000
      1.06400000	      0.00000000	      0.00000000	      0.00000000	      0.00000000	      0.00000000	      0.00000000	      0.00000000	      0.00000000	      0.00000000	     40.95340148	    909.08251703	    -58.10052976	      0.92043047	     -0.00200000	     -0.14482998	      0.00000000	      3.05053874	      0.00000000
      1.06500000	      0.00000000	      0.00000000	      0.00000000	      0.00000000	      0.00000000	      0.00000000	      0.00000000	      0.00000000	      0.00000000	     41.77645035	    910.95589101	    -58.54013115	      0.92053085	     -0.00200000	     -0.14482007	      0.00000000	      3.00390319	      0.00000000
      1.06600000	      0.00000000	      0.00000000	      0.00000000	      0.00000000	      0.00000000	      0.00000000	      0.00000000	      0.00000000	      0.00000000	     42.60430112	    912.83865273	    -58.97200853	      0.92062770	     -0.00200000	     -0.14481228	      0.00000000	      2.95748914	      0.00000000
      1.06700000	      0.00000000	      0.00000000	      0.00000000	      0.00000000	      0.00000000	      0.00000000	      0.00000000	      0.00000000	      0.00000000	     43.43759641	    914.73169625	    -59.39313173	      0.92072043	     -0.00200000	     -0.14480715	      0.00000000	      2.91150848	      0.00000000
      1.06800000	      0.00000000	      0.00000000	      0.00000000	      0.00000000	      0.00000000	      0.00000000	      0.00000000	      0.00000000	      0.00000000	     44.27481070	    916.63196683	    -59.80480984	      0.92081005	     -0.00200000	     -0.14480419	      0.00000000	      2.86599647	      0.00000000
      1.06900000	      0.00000000	      0.00000000	      0.00000000	      0.00000000	      0.00000000	      0.00000000	      0.00000000	      0.00000000	      0.00000000	     45.11637241	    918.53979975	    -60.20369716	      0.92089607	     -0.00200000	     -0.14480397	      0.00000000	      2.82121364	      0.00000000
      1.07000000	      0.00000000	      0.00000000	      0.00000000	      0.00000000	      0.00000000	      0.00000000	      0.00000000	      0.00000000	      0.00000000	     45.96097767	    920.45269907	    -60.59162170	      0.92097944	     -0.00200000	     -0.14480597	      0.00000000	      2.77712236	      0.00000000
      1.07100000	      0.00000000	      0.00000000	      0.00000000	      0.00000000	      0.00000000	      0.00000000	      0.00000000	      0.00000000	      0.00000000	     46.80886865	    922.37070203	    -60.96501350	      0.92105973	     -0.00200000	     -0.14481081	      0.00000000	      2.73402343	      0.00000000
      1.07200000	      0.00000000	      0.00000000	      0.00000000	      0.00000000	      0.00000000	      0.00000000	      0.00000000	      0.00000000	      0.00000000	     47.65897617	    924.29168522	    -61.32616997	      0.92113778	     -0.00200000	     -0.14481793	      0.00000000	      2.69181442	      0.00000000
      1.07300000	      0.00000000	      0.00000000	      0.00000000	      0.00000000	      0.00000000	      0.00000000	      0.00000000	      0.00000000	      0.00000000	     48.51136915	    926.21505260	    -61.67134121	      0.92121333	     -0.00200000	     -0.14482793	      0.00000000	      2.65083215	      0.00000000
      1.07400000	      0.00000000	      0.00000000	      0.00000000	      0.00000000	      0.00000000	      0.00000000	      0.00000000	      0.00000000	      0.00000000	     49.36522245	    928.13938856	    -62.00324446	      0.92128705	     -0.00200000	     -0.14484027	      0.00000000	      2.61091882	      0.00000000
      1.07500000	      0.00000000	      0.00000000	      0.00000000	      0.00000000	      0.00000000	      0.00000000	      0.00000000	      0.00000000	      0.00000000	     50.22048578	    930.06346375	    -62.31804639	      0.92135878	     -0.00200000	     -0.14485553	      0.00000000	      2.57243319	      0.00000000
      1.07600000	      0.00000000	      0.00000000	      0.00000000	      0.00000000	      0.00000000	      0.00000000	      0.00000000	      0.00000000	      0.00000000	     51.07655376	    931.98634684	    -62.61881366	      0.92142911	     -0.00200000	     -0.14487314	      0.00000000	      2.53516087	      0.00000000
      1.07700000	      0.00000000	      0.00000000	      0.00000000	      0.00000000	      0.00000000	      0.00000000	      0.00000000	      0.00000000	      0.00000000	     51.93326436	    933.90639871	    -62.90166341	      0.92149792	     -0.00200000	     -0.14489367	      0.00000000	      2.49948419	      0.00000000
      1.07800000	      0.00000000	      0.00000000	      0.00000000	      0.00000000	      0.00000000	      0.00000000	      0.00000000	      0.00000000	      0.00000000	     52.79022083	    935.82317233	    -63.16993609	      0.92156569	     -0.00200000	     -0.14491655	      0.00000000	      2.46513487	      0.00000000
      1.07900000	      0.00000000	      0.00000000	      0.00000000	      0.00000000	      0.00000000	      0.00000000	      0.00000000	      0.00000000	      0.00000000	     53.64719965	    937.73465604	    -63.41974884	      0.92163239	     -0.00200000	     -0.14494235	      0.00000000	      2.43249819	      0.00000000
      1.08000000	      0.00000000	      0.00000000	      0.00000000	      0.00000000	      0.00000000	      0.00000000	      0.00000000	      0.00000000	      0.00000000	     54.50399220	    939.64077532	    -63.65465075	      0.92169841	     -0.00200000	     -0.14497046	      0.00000000	      2.40126495	      0.00000000
      1.08100000	      0.00000000	      0.00000000	      0.00000000	      0.00000000	      0.00000000	      0.00000000	      0.00000000	      0.00000000	      0.00000000	     55.36033586	    941.53903425	    -63.87077980	      0.92176378	     -0.00200000	     -0.14500145	      0.00000000	      2.37182256	      0.00000000
      1.08200000	      0.00000000	      0.00000000	      0.00000000	      0.00000000	      0.00000000	      0.00000000	      0.00000000	      0.00000000	      0.00000000	     56.21617287	    943.42999160	    -64.07183632	      0.92182880	     -0.00200000	     -0.14503471	      0.00000000	      2.34383357	      0.00000000
      1.08300000	      0.00000000	      0.00000000	      0.00000000	      0.00000000	      0.00000000	      0.00000000	      0.00000000	      0.00000000	      0.00000000	     57.07121454	    945.31055540	    -64.25403655	      0.92189359	     -0.00200000	     -0.14507079	      0.00000000	      2.31767833	      0.00000000
      1.08400000	      0.00000000	      0.00000000	      0.00000000	      0.00000000	      0.00000000	      0.00000000	      0.00000000	      0.00000000	      0.00000000	     57.92549625	    947.18188047	    -64.42120075	      0.92195834	     -0.00200000	     -0.14510909	      0.00000000	      2.29299493	      0.00000000
      1.08500000	      0.00000000	      0.00000000	      0.00000000	      0.00000000	      0.00000000	      0.00000000	      0.00000000	      0.00000000	      0.00000000	     58.77870321	    949.04042780	    -64.56968077	      0.92202323	     -0.00200000	     -0.14515014	      0.00000000	      2.27014754	      0.00000000
      1.08600000	      0.00000000	      0.00000000	      0.00000000	      0.00000000	      0.00000000	      0.00000000	      0.00000000	      0.00000000	      0.00000000	     59.63095278	    950.88787377	    -64.70333859	      0.92208837	     -0.00200000	     -0.14519334	      0.00000000	      2.24875749	      0.00000000
      1.08700000	      0.00000000	      0.00000000	      0.00000000	      0.00000000	      0.00000000	      0.00000000	      0.00000000	      0.00000000	      0.00000000	     60.48188545	    952.72041857	    -64.81868774	      0.92215396	     -0.00200000	     -0.14523921	      0.00000000	      2.22916930	      0.00000000
      1.08800000	      0.00000000	      0.00000000	      0.00000000	      0.00000000	      0.00000000	      0.00000000	      0.00000000	      0.00000000	      0.00000000	     61.33167818	    954.54022288	    -64.91961107	      0.92222001	     -0.00200000	     -0.14528717	      0.00000000	      2.21099697	      0.00000000
      1.08900000	      0.00000000	      0.00000000	      0.00000000	      0.00000000	      0.00000000	      0.00000000	      0.00000000	      0.00000000	      0.00000000	     62.17992865	    956.34307712	    -65.00281245	      0.92228680	     -0.00200000	     -0.14533767	      0.00000000	      2.19456089	      0.00000000
      1.09000000	      0.00000000	      0.00000000	      0.00000000	      0.00000000	      0.00000000	      0.00000000	      0.00000000	      0.00000000	      0.00000000	     63.02685291	    958.13162625	    -65.07210433	      0.92235425	     -0.00200000	     -0.14539018	      0.00000000	      2.17948940	      0.00000000
      1.09100000	      0.00000000	      0.00000000	      0.00000000	      0.00000000	      0.00000000	      0.00000000	      0.00000000	      0.00000000	      0.00000000	     63.87200579	    959.90139991	    -65.12439661	      0.92242264	     -0.00200000	     -0.14544510	      0.00000000	      2.16608045	      0.00000000
      1.09200000	      0.00000000	      0.00000000	      0.00000000	      0.00000000	      0.00000000	      0.00000000	      0.00000000	      0.00000000	      0.00000000	     64.71564621	    961.65545285	    -65.16342089	      0.92249184	     -0.00200000	     -0.14550191	      0.00000000	      2.15397071	      0.00000000
      1.09300000	      0.00000000	      0.00000000	      0.00000000	      0.00000000	      0.00000000	      0.00000000	      0.00000000	      0.00000000	      0.00000000	     65.55730477	    963.38883042	    -65.18629827	      0.92256217	     -0.00200000	     -0.14556100	      0.00000000	      2.14343073	      0.00000000
      1.09400000	      0.00000000	      0.00000000	      0.00000000	      0.00000000	      0.00000000	      0.00000000	      0.00000000	      0.00000000	      0.00000000	     66.39730930	    965.10499716	    -65.19663781	      0.92263344	     -0.00200000	     -0.14562184	      0.00000000	      2.13410205	      0.00000000
      1.09500000	      0.00000000	      0.00000000	      0.00000000	      0.00000000	      0.00000000	      0.00000000	      0.00000000	      0.00000000	      0.00000000	     67.23517925	    966.79843962	    -65.19180052	      0.92270597	     -0.00200000	     -0.14568475	      0.00000000	      2.12622104	      0.00000000
      1.09600000	      0.00000000	      0.00000000	      0.00000000	      0.00000000	      0.00000000	      0.00000000	      0.00000000	      0.00000000	      0.00000000	     68.07131320	    968.47295761	    -65.17522857	      0.92277951	     -0.00200000	     -0.14574924	      0.00000000	      2.11944694	      0.00000000
      1.09700000	      0.00000000	      0.00000000	      0.00000000	      0.00000000	      0.00000000	      0.00000000	      0.00000000	      0.00000000	      0.00000000	     68.90523434	    970.12259066	    -65.14453068	      0.92285442	     -0.00200000	     -0.14581561	      0.00000000	      2.11398113	      0.00000000
      1.09800000	      0.00000000	      0.00000000	      0.00000000	      0.00000000	      0.00000000	      0.00000000	      0.00000000	      0.00000000	      0.00000000	     69.73737478	    971.75158560	    -65.10296911	      0.92293040	     -0.00200000	     -0.14588339	      0.00000000	      2.10950550	      0.00000000
      1.09900000	      0.00000000	      0.00000000	      0.00000000	      0.00000000	      0.00000000	      0.00000000	      0.00000000	      0.00000000	      0.00000000	     70.56729123	    973.35364670	    -65.04841074	      0.92300774	     -0.00200000	     -0.14595284	      0.00000000	      2.10618612	      0.00000000
      1.10000000	      0.00000000	      0.00000000	      0.00000000	      0.00000000	      0.00000000	      0.00000000	      0.00000000	      0.00000000	      0.00000000	     71.39544934	    974.93350506	    -64.98393267	      0.92308616	     -0.00200000	     -0.14602356	      0.00000000	      2.10372490	      0.00000000
      1.10100000	      0.00000000	      0.00000000	      0.00000000	      0.00000000	      0.00000000	      0.00000000	      0.00000000	      0.00000000	      0.00000000	     72.22145051	    976.48467869	    -64.90767822	      0.92316589	     -0.00200000	     -0.14609578	      0.00000000	      2.10224864	      0.00000000
      1.10200000	      0.00000000	      0.00000000	      0.00000000	      0.00000000	      0.00000000	      0.00000000	      0.00000000	      0.00000000	      0.00000000	     73.04578274	    978.01215947	    -64.82250541	      0.92324668	     -0.00200000	     -0.14616912	      0.00000000	      2.10149042	      0.00000000
      1.10300000	      0.00000000	      0.00000000	      0.00000000	      0.00000000	      0.00000000	      0.00000000	      0.00000000	      0.00000000	      0.00000000	     73.86811078	    979.50916737	    -64.72683139	      0.92332872	     -0.00200000	     -0.14624378	      0.00000000	      2.10154401	      0.00000000
      1.10400000	      0.00000000	      0.00000000	      0.00000000	      0.00000000	      0.00000000	      0.00000000	      0.00000000	      0.00000000	      0.00000000	     74.68893379	    980.98114133	    -64.62328210	      0.92341171	     -0.00200000	     -0.14631942	      0.00000000	      2.10217402	      0.00000000
      1.10500000	      0.00000000	      0.00000000	      0.00000000	      0.00000000	      0.00000000	      0.00000000	      0.00000000	      0.00000000	      0.00000000	     75.50803944	    982.42085427	    -64.51054066	      0.92349584	     -0.00200000	     -0.14639618	      0.00000000	      2.10344199	      0.00000000
      1.10600000	      0.00000000	      0.00000000	      0.00000000	      0.00000000	      0.00000000	      0.00000000	      0.00000000	      0.00000000	      0.00000000	     76.32592320	    983.83404315	    -64.39098269	      0.92358083	     -0.00200000	     -0.14647377	      0.00000000	      2.10514685	      0.00000000
      1.10700000	      0.00000000	      0.00000000	      0.00000000	      0.00000000	      0.00000000	      0.00000000	      0.00000000	      0.00000000	      0.00000000	     77.14251801	    985.21314561	    -64.26358856	      0.92366678	     -0.00200000	     -0.14655230	      0.00000000	      2.10731533	      0.00000000
      1.10800000	      0.00000000	      0.00000000	      0.00000000	      0.00000000	      0.00000000	      0.00000000	      0.00000000	      0.00000000	      0.00000000	     77.95829326	    986.56415939	    -64.13047314	      0.92375346	     -0.00200000	     -0.14663149	      0.00000000	      2.10977661	      0.00000000
      1.10900000	      0.00000000	      0.00000000	      0.00000000	      0.00000000	      0.00000000	      0.00000000	      0.00000000	      0.00000000	      0.00000000	     78.77333462	    987.87911236	    -63.99088800	      0.92384093	     -0.00200000	     -0.14671140	      0.00000000	      2.11251626	      0.00000000
      1.11000000	      0.00000000	      0.00000000	      0.00000000	      0.00000000	      0.00000000	      0.00000000	      0.00000000	      0.00000000	      0.00000000	     79.58804816	    989.16433752	    -63.84667158	      0.92392895	     -0.00200000	     -0.14679180	      0.00000000	      2.11540605	      0.00000000
      1.11100000	      0.00000000	      0.00000000	      0.00000000	      0.00000000	      0.00000000	      0.00000000	      0.00000000	      0.00000000	      0.00000000	     80.40269464	    990.41126668	    -63.69733103	      0.92401756	     -0.00200000	     -0.14687271	      0.00000000	      2.11838955	      0.00000000
      1.11200000	      0.00000000	      0.00000000	      0.00000000	      0.00000000	      0.00000000	      0.00000000	      0.00000000	      0.00000000	      0.00000000	     81.21758699	    991.62682891	    -63.54441270	      0.92410651	     -0.00200000	     -0.14695395	      0.00000000	      2.12138585	      0.00000000
      1.11300000	      0.00000000	      0.00000000	      0.00000000	      0.00000000	      0.00000000	      0.00000000	      0.00000000	      0.00000000	      0.00000000	     82.03315735	    992.80204624	    -63.38766366	      0.92419579	     -0.00200000	     -0.14703549	      0.00000000	      2.12431210	      0.00000000
      1.11400000	      0.00000000	      0.00000000	      0.00000000	      0.00000000	      0.00000000	      0.00000000	      0.00000000	      0.00000000	      0.00000000	     82.84958452	    993.94425750	    -63.22834864	      0.92428520	     -0.00200000	     -0.14711721	      0.00000000	      2.12712951	      0.00000000
      1.11500000	      0.00000000	      0.00000000	      0.00000000	      0.00000000	      0.00000000	      0.00000000	      0.00000000	      0.00000000	      0.00000000	     83.66749063	    995.04407495	    -63.06644417	      0.92437466	     -0.00200000	     -0.14719903	      0.00000000	      2.12972828	      0.00000000
      1.11600000	      0.00000000	      0.00000000	      0.00000000	      0.00000000	      0.00000000	      0.00000000	      0.00000000	      0.00000000	      0.00000000	     84.48690176	    996.10924721	    -62.90295422	      0.92446403	     -0.00200000	     -0.14728087	      0.00000000	      2.13210076	      0.00000000
      1.11700000	      0.00000000	      0.00000000	      0.00000000	      0.00000000	      0.00000000	      0.00000000	      0.00000000	      0.00000000	      0.00000000	     85.30857787	    997.13027477	    -62.73807697	      0.92455312	     -0.00200000	     -0.14736267	      0.00000000	      2.13412415	      0.00000000
      1.11800000	      0.00000000	      0.00000000	      0.00000000	      0.00000000	      0.00000000	      0.00000000	      0.00000000	      0.00000000	      0.00000000	     86.13238484	    998.11516702	    -62.57255822	      0.92464189	     -0.00200000	     -0.14744438	      0.00000000	      2.13581086	      0.00000000
      1.11900000	      0.00000000	      0.00000000	      0.00000000	      0.00000000	      0.00000000	      0.00000000	      0.00000000	      0.00000000	      0.00000000	     86.95920557	    999.05397743	    -62.40680218	      0.92473010	     -0.00200000	     -0.14752589	      0.00000000	      2.13701723	      0.00000000
      1.12000000	      0.00000000	      0.00000000	      0.00000000	      0.00000000	      0.00000000	      0.00000000	      0.00000000	      0.00000000	      0.00000000	     87.78872341	    999.95523691	    -62.24131212	      0.92481770	     -0.00200000	     -0.14760722	      0.00000000	      2.13778948	      0.00000000
      1.12100000	      0.00000000	      0.00000000	      0.00000000	      0.00000000	      0.00000000	      0.00000000	      0.00000000	      0.00000000	      0.00000000	     88.62193674	   1000.80851465	    -62.07668260	      0.92490444	     -0.00200000	     -0.14768822	      0.00000000	      2.13795661	      0.00000000
      1.12200000	      0.00000000	      0.00000000	      0.00000000	      0.00000000	      0.00000000	      0.00000000	      0.00000000	      0.00000000	      0.00000000	     89.45836127	   1001.62267685	    -61.91316396	      0.92499034	     -0.00200000	     -0.14776893	      0.00000000	      2.13759450	      0.00000000
      1.12300000	      0.00000000	      0.00000000	      0.00000000	      0.00000000	      0.00000000	      0.00000000	      0.00000000	      0.00000000	      0.00000000	     90.29910713	   1002.38692015	    -61.75151505	      0.92507503	     -0.00200000	     -0.14784917	      0.00000000	      2.13651033	      0.00000000
      1.12400000	      0.00000000	      0.00000000	      0.00000000	      0.00000000	      0.00000000	      0.00000000	      0.00000000	      0.00000000	      0.00000000	     91.14354104	   1003.11040878	    -61.59172803	      0.92515866	     -0.00200000	     -0.14792900	      0.00000000	      2.13480498	      0.00000000
      1.12500000	      0.00000000	      0.00000000	      0.00000000	      0.00000000	      0.00000000	      0.00000000	      0.00000000	      0.00000000	      0.00000000	     91.99287370	   1003.78185511	    -61.43467389	      0.92524079	     -0.00200000	     -0.14800823	      0.00000000	      2.13227464	      0.00000000
      1.12600000	      0.00000000	      0.00000000	      0.00000000	      0.00000000	      0.00000000	      0.00000000	      0.00000000	      0.00000000	      0.00000000	     92.84634143	   1004.41098213	    -61.28010750	      0.92532160	     -0.00200000	     -0.14808694	      0.00000000	      2.12904880	      0.00000000
      1.12700000	      0.00000000	      0.00000000	      0.00000000	      0.00000000	      0.00000000	      0.00000000	      0.00000000	      0.00000000	      0.00000000	     93.70524064	   1004.98598069	    -61.12897545	      0.92540063	     -0.00200000	     -0.14816493	      0.00000000	      2.12490767	      0.00000000
      1.12800000	      0.00000000	      0.00000000	      0.00000000	      0.00000000	      0.00000000	      0.00000000	      0.00000000	      0.00000000	      0.00000000	     94.56869960	   1005.51694632	    -60.98083183	      0.92547812	     -0.00200000	     -0.14824231	      0.00000000	      2.12000556	      0.00000000
      1.12900000	      0.00000000	      0.00000000	      0.00000000	      0.00000000	      0.00000000	      0.00000000	      0.00000000	      0.00000000	      0.00000000	     95.43810040	   1005.99184632	    -60.83668582	      0.92555349	     -0.00200000	     -0.14831888	      0.00000000	      2.11411684	      0.00000000
      1.13000000	      0.00000000	      0.00000000	      0.00000000	      0.00000000	      0.00000000	      0.00000000	      0.00000000	      0.00000000	      0.00000000	     96.31241858	   1006.42107427	    -60.69593504	      0.92562709	     -0.00200000	     -0.14839477	      0.00000000	      2.10740732	      0.00000000
      1.13100000	      0.00000000	      0.00000000	      0.00000000	      0.00000000	      0.00000000	      0.00000000	      0.00000000	      0.00000000	      0.00000000	     97.19308093	   1006.79241121	    -60.55965647	      0.92569827	     -0.00200000	     -0.14846978	      0.00000000	      2.09964178	      0.00000000
      1.13200000	      0.00000000	      0.00000000	      0.00000000	      0.00000000	      0.00000000	      0.00000000	      0.00000000	      0.00000000	      0.00000000	     98.07894379	   1007.11651146	    -60.42712256	      0.92576742	     -0.00200000	     -0.14854405	      0.00000000	      2.09100506	      0.00000000
      1.13300000	      0.00000000	      0.00000000	      0.00000000	      0.00000000	      0.00000000	      0.00000000	      0.00000000	      0.00000000	      0.00000000	     98.97145256	   1007.38078356	    -60.29946506	      0.92583385	     -0.00200000	     -0.14861734	      0.00000000	      2.08125538	      0.00000000
      1.13400000	      0.00000000	      0.00000000	      0.00000000	      0.00000000	      0.00000000	      0.00000000	      0.00000000	      0.00000000	      0.00000000	     99.86936301	   1007.59632885	    -60.17583385	      0.92589801	     -0.00200000	     -0.14868985	      0.00000000	      2.07059933	      0.00000000
      1.13500000	      0.00000000	      0.00000000	      0.00000000	      0.00000000	      0.00000000	      0.00000000	      0.00000000	      0.00000000	      0.00000000	    100.77411681	   1007.75010884	    -60.05739719	      0.92595918	     -0.00200000	     -0.14876131	      0.00000000	      2.05879148	      0.00000000
      1.13600000	      0.00000000	      0.00000000	      0.00000000	      0.00000000	      0.00000000	      0.00000000	      0.00000000	      0.00000000	      0.00000000	    101.68439895	   1007.85359740	    -59.94321108	      0.92601788	     -0.00200000	     -0.14883191	      0.00000000	      2.04605203	      0.00000000
      1.13700000	      0.00000000	      0.00000000	      0.00000000	      0.00000000	      0.00000000	      0.00000000	      0.00000000	      0.00000000	      0.00000000	    102.60163620	   1007.89338350	    -59.83444899	      0.92607334	     -0.00200000	     -0.14890139	      0.00000000	      2.03213890	      0.00000000
      1.13800000	      0.00000000	      0.00000000	      0.00000000	      0.00000000	      0.00000000	      0.00000000	      0.00000000	      0.00000000	      0.00000000	    103.52447629	   1007.88146257	    -59.73009393	      0.92612614	     -0.00200000	     -0.14896996	      0.00000000	      2.01727851	      0.00000000
      1.13900000	      0.00000000	      0.00000000	      0.00000000	      0.00000000	      0.00000000	      0.00000000	      0.00000000	      0.00000000	      0.00000000	    104.45432737	   1007.80393928	    -59.63129848	      0.92617550	     -0.00200000	     -0.14903735	      0.00000000	      2.00123474	      0.00000000
      1.14000000	      0.00000000	      0.00000000	      0.00000000	      0.00000000	      0.00000000	      0.00000000	      0.00000000	      0.00000000	      0.00000000	    105.38981110	   1007.67306983	    -59.53695700	      0.92622207	     -0.00200000	     -0.14910379	      0.00000000	      1.98424340	      0.00000000
      1.14100000	      0.00000000	      0.00000000	      0.00000000	      0.00000000	      0.00000000	      0.00000000	      0.00000000	      0.00000000	      0.00000000	    106.33234307	   1007.47443736	    -59.44817252	      0.92626509	     -0.00200000	     -0.14916904	      0.00000000	      1.96607097	      0.00000000
      1.14200000	      0.00000000	      0.00000000	      0.00000000	      0.00000000	      0.00000000	      0.00000000	      0.00000000	      0.00000000	      0.00000000	    107.28051513	   1007.22081959	    -59.36379507	      0.92630521	     -0.00200000	     -0.14923333	      0.00000000	      1.94695689	      0.00000000
      1.14300000	      0.00000000	      0.00000000	      0.00000000	      0.00000000	      0.00000000	      0.00000000	      0.00000000	      0.00000000	      0.00000000	    108.23573172	   1006.89742714	    -59.28484686	      0.92634169	     -0.00200000	     -0.14929646	      0.00000000	      1.92667668	      0.00000000
      1.14400000	      0.00000000	      0.00000000	      0.00000000	      0.00000000	      0.00000000	      0.00000000	      0.00000000	      0.00000000	      0.00000000	    109.19654369	   1006.51733577	    -59.21017006	      0.92637521	     -0.00200000	     -0.14935865	      0.00000000	      1.90546983	      0.00000000
      1.14500000	      0.00000000	      0.00000000	      0.00000000	      0.00000000	      0.00000000	      0.00000000	      0.00000000	      0.00000000	      0.00000000	    110.16430333	   1006.06542081	    -59.14072432	      0.92640503	     -0.00200000	     -0.14941968	      0.00000000	      1.88312435	      0.00000000
      1.14600000	      0.00000000	      0.00000000	      0.00000000	      0.00000000	      0.00000000	      0.00000000	      0.00000000	      0.00000000	      0.00000000	    111.13756150	   1005.55531681	    -59.07537788	      0.92643188	     -0.00200000	     -0.14947979	      0.00000000	      1.85987770	      0.00000000
      1.14700000	      0.00000000	      0.00000000	      0.00000000	      0.00000000	      0.00000000	      0.00000000	      0.00000000	      0.00000000	      0.00000000	    112.11757362	   1004.97141480	    -59.01501738	      0.92645499	     -0.00200000	     -0.14953875	      0.00000000	      1.83552996	      0.00000000
      1.14800000	      0.00000000	      0.00000000	      0.00000000	      0.00000000	      0.00000000	      0.00000000	      0.00000000	      0.00000000	      0.00000000	    113.10287565	   1004.32783365	    -58.95853192	      0.92647513	     -0.00200000	     -0.14959681	      0.00000000	      1.81031848	      0.00000000
      1.14900000	      0.00000000	      0.00000000	      0.00000000	      0.00000000	      0.00000000	      0.00000000	      0.00000000	      0.00000000	      0.00000000	    114.09462988	   1003.60870361	    -58.90672207	      0.92649157	     -0.00200000	     -0.14965378	      0.00000000	      1.78405792	      0.00000000
      1.15000000	      0.00000000	      0.00000000	      0.00000000	      0.00000000	      0.00000000	      0.00000000	      0.00000000	      0.00000000	      0.00000000	    115.09138346	   1002.82840431	    -58.85850564	      0.92650506	     -0.00200000	     -0.14970987	      0.00000000	      1.75697772	      0.00000000
      1.15100000	      0.00000000	      0.00000000	      0.00000000	      0.00000000	      0.00000000	      0.00000000	      0.00000000	      0.00000000	      0.00000000	    116.09417573	   1001.97080523	    -58.81458931	      0.92651493	     -0.00200000	     -0.14976490	      0.00000000	      1.72890406	      0.00000000
      1.15200000	      0.00000000	      0.00000000	      0.00000000	      0.00000000	      0.00000000	      0.00000000	      0.00000000	      0.00000000	      0.00000000	    117.10162461	   1001.05054677	    -58.77395347	      0.92652194	     -0.00200000	     -0.14981910	      0.00000000	      1.70005444	      0.00000000
      1.15300000	      0.00000000	      0.00000000	      0.00000000	      0.00000000	      0.00000000	      0.00000000	      0.00000000	      0.00000000	      0.00000000	    118.11463907	   1000.05105138	    -58.73718224	      0.92652549	     -0.00200000	     -0.14987227	      0.00000000	      1.67027169	      0.00000000
      1.15400000	      0.00000000	      0.00000000	      0.00000000	      0.00000000	      0.00000000	      0.00000000	      0.00000000	      0.00000000	      0.00000000	    119.13190782	    998.98733199	    -58.70331600	      0.92652633	     -0.00200000	     -0.14992463	      0.00000000	      1.63975838	      0.00000000
      1.15500000	      0.00000000	      0.00000000	      0.00000000	      0.00000000	      0.00000000	      0.00000000	      0.00000000	      0.00000000	      0.00000000	    120.15419081	    997.84251302	    -58.67282152	      0.92652388	     -0.00200000	     -0.14997601	      0.00000000	      1.60836347	      0.00000000
      1.15600000	      0.00000000	      0.00000000	      0.00000000	      0.00000000	      0.00000000	      0.00000000	      0.00000000	      0.00000000	      0.00000000	    121.18024379	    996.63197994	    -58.64480957	      0.92651889	     -0.00200000	     -0.15002662	      0.00000000	      1.57627932	      0.00000000
      1.15700000	      0.00000000	      0.00000000	      0.00000000	      0.00000000	      0.00000000	      0.00000000	      0.00000000	      0.00000000	      0.00000000	    122.21064419	    995.33852190	    -58.61960091	      0.92651081	     -0.00200000	     -0.15007631	      0.00000000	      1.54335857	      0.00000000
      1.15800000	      0.00000000	      0.00000000	      0.00000000	      0.00000000	      0.00000000	      0.00000000	      0.00000000	      0.00000000	      0.00000000	    123.24421853	    993.97793412	    -58.59638974	      0.92650037	     -0.00200000	     -0.15012529	      0.00000000	      1.50978947	      0.00000000
      1.15900000	      0.00000000	      0.00000000	      0.00000000	      0.00000000	      0.00000000	      0.00000000	      0.00000000	      0.00000000	      0.00000000	    124.28136915	    992.53270775	    -58.57533514	      0.92648708	     -0.00200000	     -0.15017343	      0.00000000	      1.47543283	      0.00000000
      1.16000000	      0.00000000	      0.00000000	      0.00000000	      0.00000000	      0.00000000	      0.00000000	      0.00000000	      0.00000000	      0.00000000	    125.32103062	    991.01893604	    -58.55569914	      0.92647165	     -0.00200000	     -0.15022093	      0.00000000	      1.44046947	      0.00000000
      1.16100000	      0.00000000	      0.00000000	      0.00000000	      0.00000000	      0.00000000	      0.00000000	      0.00000000	      0.00000000	      0.00000000	    126.36336684	    989.41862583	    -58.53745043	      0.92645367	     -0.00200000	     -0.15026768	      0.00000000	      1.40478391	      0.00000000
      1.16200000	      0.00000000	      0.00000000	      0.00000000	      0.00000000	      0.00000000	      0.00000000	      0.00000000	      0.00000000	      0.00000000	    127.40747631	    987.74820566	    -58.51997882	      0.92643380	     -0.00200000	     -0.15031387	      0.00000000	      1.36854504	      0.00000000
      1.16300000	      0.00000000	      0.00000000	      0.00000000	      0.00000000	      0.00000000	      0.00000000	      0.00000000	      0.00000000	      0.00000000	    128.45324725	    985.98912358	    -58.50304700	      0.92641173	     -0.00200000	     -0.15035941	      0.00000000	      1.33165616	      0.00000000
      1.16400000	      0.00000000	      0.00000000	      0.00000000	      0.00000000	      0.00000000	      0.00000000	      0.00000000	      0.00000000	      0.00000000	    129.49994206	    984.15814340	    -58.48618299	      0.92638806	     -0.00200000	     -0.15040448	      0.00000000	      1.29427884	      0.00000000
      1.16500000	      0.00000000	      0.00000000	      0.00000000	      0.00000000	      0.00000000	      0.00000000	      0.00000000	      0.00000000	      0.00000000	    130.54720312	    982.23626614	    -58.46893303	      0.92636253	     -0.00200000	     -0.15044902	      0.00000000	      1.25632880	      0.00000000
      1.16600000	      0.00000000	      0.00000000	      0.00000000	      0.00000000	      0.00000000	      0.00000000	      0.00000000	      0.00000000	      0.00000000	    131.59444928	    980.24062812	    -58.45098943	      0.92633569	     -0.00200000	     -0.15049318	      0.00000000	      1.21795065	      0.00000000
      1.16700000	      0.00000000	      0.00000000	      0.00000000	      0.00000000	      0.00000000	      0.00000000	      0.00000000	      0.00000000	      0.00000000	    132.64104724	    978.15170884	    -58.43168721	      0.92630735	     -0.00200000	     -0.15053692	      0.00000000	      1.17907666	      0.00000000
      1.16800000	      0.00000000	      0.00000000	      0.00000000	      0.00000000	      0.00000000	      0.00000000	      0.00000000	      0.00000000	      0.00000000	    133.68658721	    975.98716617	    -58.41088817	      0.92627798	     -0.00200000	     -0.15058039	      0.00000000	      1.13983668	      0.00000000
      1.16900000	      0.00000000	      0.00000000	      0.00000000	      0.00000000	      0.00000000	      0.00000000	      0.00000000	      0.00000000	      0.00000000	    134.73013788	    973.72677177	    -58.38770568	      0.92624751	     -0.00200000	     -0.15062353	      0.00000000	      1.10017584	      0.00000000
      1.17000000	      0.00000000	      0.00000000	      0.00000000	      0.00000000	      0.00000000	      0.00000000	      0.00000000	      0.00000000	      0.00000000	    135.77149808	    971.38874233	    -58.36217627	      0.92621633	     -0.00200000	     -0.15066647	      0.00000000	      1.06021780	      0.00000000
      1.17100000	      0.00000000	      0.00000000	      0.00000000	      0.00000000	      0.00000000	      0.00000000	      0.00000000	      0.00000000	      0.00000000	    136.80938631	    968.95232797	    -58.33315775	      0.92618446	     -0.00200000	     -0.15070921	      0.00000000	      1.01992439	      0.00000000
      1.17200000	      0.00000000	      0.00000000	      0.00000000	      0.00000000	      0.00000000	      0.00000000	      0.00000000	      0.00000000	      0.00000000	    137.84387708	    966.43626690	    -58.30087960	      0.92615219	     -0.00200000	     -0.15075188	      0.00000000	      0.97940051	      0.00000000
      1.17300000	      0.00000000	      0.00000000	      0.00000000	      0.00000000	      0.00000000	      0.00000000	      0.00000000	      0.00000000	      0.00000000	    138.87328655	    963.81943673	    -58.26393366	      0.92611959	     -0.00200000	     -0.15079452	      0.00000000	      0.93862831	      0.00000000
      1.17400000	      0.00000000	      0.00000000	      0.00000000	      0.00000000	      0.00000000	      0.00000000	      0.00000000	      0.00000000	      0.00000000	    139.89795744	    961.12094820	    -58.22276324	      0.92608690	     -0.00200000	     -0.15083723	      0.00000000	      0.89768123	      0.00000000
      1.17500000	      0.00000000	      0.00000000	      0.00000000	      0.00000000	      0.00000000	      0.00000000	      0.00000000	      0.00000000	      0.00000000	    140.91582596	    958.31912011	    -58.17567334	      0.92605429	     -0.00200000	     -0.15088012	      0.00000000	      0.85655105	      0.00000000
      1.17600000	      0.00000000	      0.00000000	      0.00000000	      0.00000000	      0.00000000	      0.00000000	      0.00000000	      0.00000000	      0.00000000	    141.92752540	    955.43347299	    -58.12333673	      0.92602190	     -0.00200000	     -0.15092325	      0.00000000	      0.81529378	      0.00000000
      1.17700000	      0.00000000	      0.00000000	      0.00000000	      0.00000000	      0.00000000	      0.00000000	      0.00000000	      0.00000000	      0.00000000	    142.93054491	    952.44172961	    -58.06379765	      0.92599000	     -0.00200000	     -0.15096677	      0.00000000	      0.77390981	      0.00000000
      1.17800000	      0.00000000	      0.00000000	      0.00000000	      0.00000000	      0.00000000	      0.00000000	      0.00000000	      0.00000000	      0.00000000	    143.92584562	    949.36393201	    -57.99797401	      0.92595864	     -0.00200000	     -0.15101069	      0.00000000	      0.73243989	      0.00000000
      1.17900000	      0.00000000	      0.00000000	      0.00000000	      0.00000000	      0.00000000	      0.00000000	      0.00000000	      0.00000000	      0.00000000	    144.91045475	    946.17713243	    -57.92365968	      0.92592814	     -0.00200000	     -0.15105521	      0.00000000	      0.69089395	      0.00000000
      1.18000000	      0.00000000	      0.00000000	      0.00000000	      0.00000000	      0.00000000	      0.00000000	      0.00000000	      0.00000000	      0.00000000	    145.88569105	    942.90189445	    -57.84202814	      0.92589849	     -0.00200000	     -0.15110028	      0.00000000	      0.64930353	      0.00000000
      1.18100000	      0.00000000	      0.00000000	      0.00000000	      0.00000000	      0.00000000	      0.00000000	      0.00000000	      0.00000000	      0.00000000	    146.84814960	    939.51463699	    -57.75059946	      0.92587007	     -0.00200000	     -0.15114614	      0.00000000	      0.60768906	      0.00000000
      1.18200000	      0.00000000	      0.00000000	      0.00000000	      0.00000000	      0.00000000	      0.00000000	      0.00000000	      0.00000000	      0.00000000	    147.79956639	    936.03648245	    -57.65078962	      0.92584280	     -0.00200000	     -0.15119272	      0.00000000	      0.56607767	      0.00000000
      1.18300000	      0.00000000	      0.00000000	      0.00000000	      0.00000000	      0.00000000	      0.00000000	      0.00000000	      0.00000000	      0.00000000	    148.73609692	    932.44321644	    -57.53983706	      0.92581709	     -0.00200000	     -0.15124030	      0.00000000	      0.52450955	      0.00000000
      1.18400000	      0.00000000	      0.00000000	      0.00000000	      0.00000000	      0.00000000	      0.00000000	      0.00000000	      0.00000000	      0.00000000	    149.65990186	    928.75652015	    -57.41942376	      0.92579278	     -0.00200000	     -0.15128875	      0.00000000	      0.48300461	      0.00000000
      1.18500000	      0.00000000	      0.00000000	      0.00000000	      0.00000000	      0.00000000	      0.00000000	      0.00000000	      0.00000000	      0.00000000	    150.56675673	    924.95150864	    -57.28649870	      0.92577035	     -0.00200000	     -0.15133842	      0.00000000	      0.44162449	      0.00000000
      1.18600000	      0.00000000	      0.00000000	      0.00000000	      0.00000000	      0.00000000	      0.00000000	      0.00000000	      0.00000000	      0.00000000	    151.45921707	    921.05060816	    -57.14302287	      0.92574953	     -0.00200000	     -0.15138915	      0.00000000	      0.40038944	      0.00000000
      1.18700000	      0.00000000	      0.00000000	      0.00000000	      0.00000000	      0.00000000	      0.00000000	      0.00000000	      0.00000000	      0.00000000	    152.33267844	    917.02818871	    -56.98568188	      0.92573087	     -0.00200000	     -0.15144134	      0.00000000	      0.35938176	      0.00000000
      1.18800000	      0.00000000	      0.00000000	      0.00000000	      0.00000000	      0.00000000	      0.00000000	      0.00000000	      0.00000000	      0.00000000	    153.19010615	    912.90734708	    -56.81673139	      0.92571405	     -0.00200000	     -0.15149481	      0.00000000	      0.31860727	      0.00000000
      1.18900000	      0.00000000	      0.00000000	      0.00000000	      0.00000000	      0.00000000	      0.00000000	      0.00000000	      0.00000000	      0.00000000	    154.02645618	    908.66196901	    -56.63263276	      0.92569963	     -0.00200000	     -0.15154998	      0.00000000	      0.27817665	      0.00000000
      1.19000000	      0.00000000	      0.00000000	      0.00000000	      0.00000000	      0.00000000	      0.00000000	      0.00000000	      0.00000000	      0.00000000	    154.84511852	    904.31563556	    -56.43593371	      0.92568721	     -0.00200000	     -0.15160663	      0.00000000	      0.23807333	      0.00000000
      1.19100000	      0.00000000	      0.00000000	      0.00000000	      0.00000000	      0.00000000	      0.00000000	      0.00000000	      0.00000000	      0.00000000	    155.64062446	    899.84178543	    -56.22291043	      0.92567743	     -0.00200000	     -0.15166524	      0.00000000	      0.19843784	      0.00000000
      1.19200000	      0.00000000	      0.00000000	      0.00000000	      0.00000000	      0.00000000	      0.00000000	      0.00000000	      0.00000000	      0.00000000	    156.41675889	    895.26481926	    -55.99638969	      0.92566982	     -0.00200000	     -0.15172552	      0.00000000	      0.15923325	      0.00000000
      1.19300000	      0.00000000	      0.00000000	      0.00000000	      0.00000000	      0.00000000	      0.00000000	      0.00000000	      0.00000000	      0.00000000	    157.16762841	    890.55757970	    -55.75245991	      0.92566500	     -0.00200000	     -0.15178800	      0.00000000	      0.12063349	      0.00000000
      1.19400000	      0.00000000	      0.00000000	      0.00000000	      0.00000000	      0.00000000	      0.00000000	      0.00000000	      0.00000000	      0.00000000	    157.89747238	    885.74513793	    -55.49420342	      0.92566248	     -0.00200000	     -0.15185235	      0.00000000	      0.08256947	      0.00000000
      1.19500000	      0.00000000	      0.00000000	      0.00000000	      0.00000000	      0.00000000	      0.00000000	      0.00000000	      0.00000000	      0.00000000	    158.59998763	    880.80000132	    -55.21757305	      0.92566288	     -0.00200000	     -0.15191915	      0.00000000	      0.04523552	      0.00000000
      1.19600000	      0.00000000	      0.00000000	      0.00000000	      0.00000000	      0.00000000	      0.00000000	      0.00000000	      0.00000000	      0.00000000	    159.27980840	    875.74772537	    -54.92588058	      0.92566569	     -0.00200000	     -0.15198799	      0.00000000	      0.00854119	      0.00000000
      1.19700000	      0.00000000	      0.00000000	      0.00000000	      0.00000000	      0.00000000	      0.00000000	      0.00000000	      0.00000000	      0.00000000	    159.93025899	    870.56033313	    -54.61496413	      0.92567159	     -0.00200000	     -0.15205951	      0.00000000	     -0.02729730	      0.00000000
      1.19800000	      0.00000000	      0.00000000	      0.00000000	      0.00000000	      0.00000000	      0.00000000	      0.00000000	      0.00000000	      0.00000000	    160.55637598	    865.26386440	    -54.28836495	      0.92567998	     -0.00200000	     -0.15213327	      0.00000000	     -0.06239617	      0.00000000
      1.19900000	      0.00000000	      0.00000000	      0.00000000	      0.00000000	      0.00000000	      0.00000000	      0.00000000	      0.00000000	      0.00000000	    161.15105897	    859.82982069	    -53.94182988	      0.92569161	     -0.00200000	     -0.15220993	      0.00000000	     -0.09651703	      0.00000000
      1.20000000	      0.00000000	      0.00000000	      0.00000000	      0.00000000	      0.00000000	      0.00000000	      0.00000000	      0.00000000	      0.00000000	    161.71978414	    854.28476334	    -53.57909575	      0.92570586	     -0.00200000	     -0.15228899	      0.00000000	     -0.12980917	      0.00000000
      1.20100000	      0.00000000	      0.00000000	      0.00000000	      0.00000000	      0.00000000	      0.00000000	      0.00000000	      0.00000000	      0.00000000	    162.25500405	    848.59974682	    -53.19583118	      0.92572350	     -0.00200000	     -0.15237116	      0.00000000	     -0.16200727	      0.00000000
      1.20200000	      0.00000000	      0.00000000	      0.00000000	      0.00000000	      0.00000000	      0.00000000	      0.00000000	      0.00000000	      0.00000000	    162.76259720	    842.80185401	    -52.79593989	      0.92574388	     -0.00200000	     -0.15245590	      0.00000000	     -0.19328955	      0.00000000
      1.20300000	      0.00000000	      0.00000000	      0.00000000	      0.00000000	      0.00000000	      0.00000000	      0.00000000	      0.00000000	      0.00000000	    163.23460639	    836.86180413	    -52.37503313	      0.92576781	     -0.00200000	     -0.15254396	      0.00000000	     -0.22336976	      0.00000000
      1.20400000	      0.00000000	      0.00000000	      0.00000000	      0.00000000	      0.00000000	      0.00000000	      0.00000000	      0.00000000	      0.00000000	    163.67729008	    830.80731332	    -51.93716064	      0.92579459	     -0.00200000	     -0.15263478	      0.00000000	     -0.25244555	      0.00000000
      1.20500000	      0.00000000	      0.00000000	      0.00000000	      0.00000000	      0.00000000	      0.00000000	      0.00000000	      0.00000000	      0.00000000	    164.08222169	    824.60891455	    -51.47791542	      0.92582501	     -0.00200000	     -0.15272913	      0.00000000	     -0.28021052	      0.00000000
      1.20600000	      0.00000000	      0.00000000	      0.00000000	      0.00000000	      0.00000000	      0.00000000	      0.00000000	      0.00000000	      0.00000000	    164.45608437	    818.29480827	    -51.00147501	      0.92585845	     -0.00200000	     -0.15282643	      0.00000000	     -0.30688778	      0.00000000
      1.20700000	      0.00000000	      0.00000000	      0.00000000	      0.00000000	      0.00000000	      0.00000000	      0.00000000	      0.00000000	      0.00000000	    164.78996724	    811.83552742	    -50.50345063	      0.92589568	     -0.00200000	     -0.15292751	     -0.00000000	     -0.33215006	      0.00000000
      1.20800000	      0.00000000	      0.00000000	      0.00000000	      0.00000000	      0.00000000	      0.00000000	      0.00000000	      0.00000000	      0.00000000	    165.09093344	    805.25971949	    -49.98812154	      0.92593604	     -0.00200000	     -0.15303174	     -0.00000000	     -0.35624465	     -0.00000000
      1.20900000	      0.00000000	      0.00000000	      0.00000000	      0.00000000	      0.00000000	      0.00000000	      0.00000000	      0.00000000	      0.00000000	    165.34956545	    798.53776842	    -49.45114851	      0.92598039	     -0.00200000	     -0.15314001	      0.00000000	     -0.37883941	      0.00000000
      1.21000000	      0.00000000	      0.00000000	      0.00000000	      0.00000000	      0.00000000	      0.00000000	      0.00000000	      0.00000000	      0.00000000	    165.57334363	    791.69869423	    -48.89688119	      0.92602799	     -0.00200000	     -0.15325159	      0.00000000	     -0.40019692	      0.00000000
      1.21100000	      0.00000000	      0.00000000	      0.00000000	      0.00000000	      0.00000000	      0.00000000	      0.00000000	      0.00000000	      0.00000000	    165.75229168	    784.71291810	    -48.32106642	      0.92607980	     -0.00200000	     -0.15336742	      0.00000000	     -0.41998197	      0.00000000
      1.21200000	      0.00000000	      0.00000000	      0.00000000	      0.00000000	      0.00000000	      0.00000000	      0.00000000	      0.00000000	      0.00000000	    165.89432955	    777.60972083	    -47.72809818	      0.92613504	     -0.00200000	     -0.15348672	      0.00000000	     -0.43847526	      0.00000000
      1.21300000	      0.00000000	      0.00000000	      0.00000000	      0.00000000	      0.00000000	      0.00000000	      0.00000000	      0.00000000	      0.00000000	    165.98889977	    770.35963535	    -47.11384587	      0.92619471	     -0.00200000	     -0.15361043	      0.00000000	     -0.45533832	     -0.00000000
      1.21400000	      0.00000000	      0.00000000	      0.00000000	      0.00000000	      0.00000000	      0.00000000	      0.00000000	      0.00000000	      0.00000000	    166.04439914	    762.99220324	    -46.48270085	      0.92625802	     -0.00200000	     -0.15373774	      0.00000000	     -0.47087601	      0.00000000
      1.21500000	      0.00000000	      0.00000000	      0.00000000	      0.00000000	      0.00000000	      0.00000000	      0.00000000	      0.00000000	      0.00000000	    166.04965180	    755.47821820	    -45.83064727	      0.92632603	     -0.00200000	     -0.15386960	      0.00000000	     -0.48473291	      0.00000000
      1.21600000	      0.00000000	      0.00000000	      0.00000000	      0.00000000	      0.00000000	      0.00000000	      0.00000000	      0.00000000	      0.00000000	    166.01356864	    747.84740806	    -45.16205043	      0.92639792	     -0.00200000	     -0.15400518	      0.00000000	     -0.49722947	     -0.00000000
      1.21700000	      0.00000000	      0.00000000	      0.00000000	      0.00000000	      0.00000000	      0.00000000	      0.00000000	      0.00000000	      0.00000000	    165.92434794	    740.07116258	    -44.47305091	      0.92647484	     -0.00200000	     -0.15414550	     -0.00000000	     -0.50800945	      0.00000000
      1.21800000	      0.00000000	      0.00000000	      0.00000000	      0.00000000	      0.00000000	      0.00000000	      0.00000000	      0.00000000	      0.00000000	    165.79142213	    732.17920959	    -43.76797229	      0.92655591	     -0.00200000	     -0.15428968	      0.00000000	     -0.51740219	      0.00000000
      1.21900000	      0.00000000	      0.00000000	      0.00000000	      0.00000000	      0.00000000	      0.00000000	      0.00000000	      0.00000000	      0.00000000	    165.60236365	    724.14375842	    -43.04314815	      0.92664238	     -0.00200000	     -0.15443882	      0.00000000	     -0.52504951	      0.00000000
      1.22000000	      0.00000000	      0.00000000	      0.00000000	      0.00000000	      0.00000000	      0.00000000	      0.00000000	      0.00000000	      0.00000000	    165.36717117	    715.99431336	    -42.30283163	      0.92673337	     -0.00200000	     -0.15459200	      0.00000000	     -0.53129643	      0.00000000
      1.22100000	      0.00000000	      0.00000000	      0.00000000	      0.00000000	      0.00000000	      0.00000000	      0.00000000	      0.00000000	      0.00000000	    165.07278383	    707.70386606	    -41.54357407	      0.92683024	     -0.00200000	     -0.15475038	      0.00000000	     -0.53578404	      0.00000000
      1.22200000	      0.00000000	      0.00000000	      0.00000000	      0.00000000	      0.00000000	      0.00000000	      0.00000000	      0.00000000	      0.00000000	    164.72975910	    699.30188358	    -40.76952823	      0.92693205	     -0.00200000	     -0.15491300	      0.00000000	     -0.53886241	      0.00000000
      1.22300000	      0.00000000	      0.00000000	      0.00000000	      0.00000000	      0.00000000	      0.00000000	      0.00000000	      0.00000000	      0.00000000	    164.32435811	    690.76232612	    -39.97749966	      0.92704034	     -0.00200000	     -0.15508108	      0.00000000	     -0.54017760	      0.00000000
      1.22400000	      0.00000000	      0.00000000	      0.00000000	      0.00000000	      0.00000000	      0.00000000	      0.00000000	      0.00000000	      0.00000000	    163.86778653	    682.11436272	    -39.17150684	      0.92715407	     -0.00200000	     -0.15525364	      0.00000000	     -0.54008161	      0.00000000
      1.22500000	      0.00000000	      0.00000000	      0.00000000	      0.00000000	      0.00000000	      0.00000000	      0.00000000	      0.00000000	      0.00000000	    163.34564984	    673.33322018	    -38.34862001	      0.92727490	     -0.00200000	     -0.15543193	      0.00000000	     -0.53822549	      0.00000000
      1.22600000	      0.00000000	      0.00000000	      0.00000000	      0.00000000	      0.00000000	      0.00000000	      0.00000000	      0.00000000	      0.00000000	    162.76979446	    664.44762051	    -37.51269467	      0.92740170	     -0.00200000	     -0.15561492	      0.00000000	     -0.53496586	      0.00000000
      1.22700000	      0.00000000	      0.00000000	      0.00000000	      0.00000000	      0.00000000	      0.00000000	      0.00000000	      0.00000000	      0.00000000	    162.12521493	    655.43428063	    -36.66108139	      0.92753633	     -0.00200000	     -0.15580390	      0.00000000	     -0.52995549	      0.00000000
      1.22800000	      0.00000000	      0.00000000	      0.00000000	      0.00000000	      0.00000000	      0.00000000	      0.00000000	      0.00000000	      0.00000000	    161.42442822	    646.32117748	    -35.79742834	      0.92767754	     -0.00200000	     -0.15599777	      0.00000000	     -0.52355097	      0.00000000
      1.22900000	      0.00000000	      0.00000000	      0.00000000	      0.00000000	      0.00000000	      0.00000000	      0.00000000	      0.00000000	      0.00000000	    160.65185517	    637.08670437	    -34.91938468	      0.92782741	     -0.00200000	     -0.15619787	      0.00000000	     -0.51540848	      0.00000000
      1.23000000	      0.00000000	      0.00000000	      0.00000000	      0.00000000	      0.00000000	      0.00000000	      0.00000000	      0.00000000	      0.00000000	    159.82069075	    627.75805593	    -34.03037041	      0.92798459	     -0.00200000	     -0.15640306	     -0.00000000	     -0.50588098	     -0.00000000
      1.23100000	      0.00000000	      0.00000000	      0.00000000	      0.00000000	      0.00000000	      0.00000000	      0.00000000	      0.00000000	      0.00000000	    158.91485661	    618.31563711	    -33.12835153	      0.92815141	     -0.00200000	     -0.15661479	     -0.00000000	     -0.49463200	     -0.00000000
      1.23200000	      0.00000000	      0.00000000	      0.00000000	      0.00000000	      0.00000000	      0.00000000	      0.00000000	      0.00000000	      0.00000000	    157.94822574	    608.78552496	    -32.21652508	      0.92832638	     -0.00200000	     -0.15683188	      0.00000000	     -0.48202003	      0.00000000
      1.23300000	      0.00000000	      0.00000000	      0.00000000	      0.00000000	      0.00000000	      0.00000000	      0.00000000	      0.00000000	      0.00000000	    156.90433234	    599.15035963	    -31.29321299	      0.92851213	     -0.00200000	     -0.15705586	      0.00000000	     -0.46772726	      0.00000000
      1.23400000	      0.00000000	      0.00000000	      0.00000000	      0.00000000	      0.00000000	      0.00000000	      0.00000000	      0.00000000	      0.00000000	    155.79766035	    589.43502605	    -30.36135808	      0.92870698	     -0.00200000	     -0.15728551	      0.00000000	     -0.45210929	      0.00000000
      1.23500000	      0.00000000	      0.00000000	      0.00000000	      0.00000000	      0.00000000	      0.00000000	      0.00000000	      0.00000000	      0.00000000	    154.61141616	    579.62471619	    -29.41967212	      0.92891385	     -0.00200000	     -0.15752245	      0.00000000	     -0.43486608	      0.00000000
      1.23600000	      0.00000000	      0.00000000	      0.00000000	      0.00000000	      0.00000000	      0.00000000	      0.00000000	      0.00000000	      0.00000000	    153.36067975	    569.74284351	    -28.47083583	      0.92913090	     -0.00200000	     -0.15776540	      0.00000000	     -0.41635421	      0.00000000
      1.23700000	      0.00000000	      0.00000000	      0.00000000	      0.00000000	      0.00000000	      0.00000000	      0.00000000	      0.00000000	      0.00000000	    152.02841163	    559.77756158	    -27.51398087	      0.92936133	     -0.00200000	     -0.15801608	      0.00000000	     -0.39629394	      0.00000000
      1.23800000	      0.00000000	      0.00000000	      0.00000000	      0.00000000	      0.00000000	      0.00000000	      0.00000000	      0.00000000	      0.00000000	    150.63026547	    549.75062609	    -26.55147240	      0.92960304	     -0.00200000	     -0.15827312	      0.00000000	     -0.37502776	      0.00000000
      1.23900000	      0.00000000	      0.00000000	      0.00000000	      0.00000000	      0.00000000	      0.00000000	      0.00000000	      0.00000000	      0.00000000	    149.14910495	    539.65331987	    -25.58286320	      0.92985961	     -0.00200000	     -0.15853834	      0.00000000	     -0.35229795	      0.00000000
      1.24000000	      0.00000000	      0.00000000	      0.00000000	      0.00000000	      0.00000000	      0.00000000	      0.00000000	      0.00000000	      0.00000000	    147.60112762	    529.50538695	    -24.61017296	      0.93012867	     -0.00200000	     -0.15881031	      0.00000000	     -0.32843577	      0.00000000
      1.24100000	      0.00000000	      0.00000000	      0.00000000	      0.00000000	      0.00000000	      0.00000000	      0.00000000	      0.00000000	      0.00000000	    145.96930146	    519.30157468	    -23.63340296	      0.93041416	     -0.00200000	     -0.15909096	      0.00000000	     -0.30320980	      0.00000000
      1.24200000	      0.00000000	      0.00000000	      0.00000000	      0.00000000	      0.00000000	      0.00000000	      0.00000000	      0.00000000	      0.00000000	    144.27025616	    509.05924290	    -22.65421823	      0.93071347	     -0.00200000	     -0.15937875	      0.00000000	     -0.27693536	      0.00000000
      1.24300000	      0.00000000	      0.00000000	      0.00000000	      0.00000000	      0.00000000	      0.00000000	      0.00000000	      0.00000000	      0.00000000	    142.48725772	    498.77673388	    -21.67310705	      0.93103088	     -0.00200000	     -0.15967572	      0.00000000	     -0.24941301	      0.00000000
      1.24400000	      0.00000000	      0.00000000	      0.00000000	      0.00000000	      0.00000000	      0.00000000	      0.00000000	      0.00000000	      0.00000000	    140.63730836	    488.46863210	    -20.69134917	      0.93136352	     -0.00200000	     -0.15998024	      0.00000000	     -0.22094670	      0.00000000
      1.24500000	      0.00000000	      0.00000000	      0.00000000	      0.00000000	      0.00000000	      0.00000000	      0.00000000	      0.00000000	      0.00000000	    138.70422542	    478.13702375	    -19.70993094	      0.93171614	     -0.00200000	     -0.16029443	      0.00000000	     -0.19137533	      0.00000000
      1.24600000	      0.00000000	      0.00000000	      0.00000000	      0.00000000	      0.00000000	      0.00000000	      0.00000000	      0.00000000	      0.00000000	    136.70524955	    467.79356897	    -18.72971617	      0.93208551	     -0.00200000	     -0.16061657	      0.00000000	     -0.16098212	      0.00000000
      1.24700000	      0.00000000	      0.00000000	      0.00000000	      0.00000000	      0.00000000	      0.00000000	      0.00000000	      0.00000000	      0.00000000	    134.62497294	    457.44428411	    -17.75219645	      0.93247678	     -0.00200000	     -0.16094889	      0.00000000	     -0.12964246	      0.00000000
      1.24800000	      0.00000000	      0.00000000	      0.00000000	      0.00000000	      0.00000000	      0.00000000	      0.00000000	      0.00000000	      0.00000000	    132.48072565	    447.09771872	    -16.77780468	      0.93288638	     -0.00200000	     -0.16128955	      0.00000000	     -0.09762022	      0.00000000
      1.24900000	      0.00000000	      0.00000000	      0.00000000	      0.00000000	      0.00000000	      0.00000000	      0.00000000	      0.00000000	      0.00000000	    130.25815785	    436.76404282	    -15.80856834	      0.93331986	     -0.00200000	     -0.16164093	      0.00000000	     -0.06483078	      0.00000000
      1.25000000	      0.00000000	      0.00000000	      0.00000000	      0.00000000	      0.00000000	      0.00000000	      0.00000000	      0.00000000	      0.00000000	    127.97446549	    426.44836009	    -14.84447569	      0.93377327	     -0.00200000	     -0.16200109	     -0.00000000	     -0.03150682	     -0.00000000
      1.25100000	      0.00000000	      0.00000000	      0.00000000	      0.00000000	      0.00000000	      0.00000000	      0.00000000	      0.00000000	      0.00000000	    125.61661378	    416.16495699	    -13.88812335	      0.93425259	     -0.00200000	     -0.16237249	      0.00000000	      0.00239560	      0.00000000
      1.25200000	      0.00000000	      0.00000000	      0.00000000	      0.00000000	      0.00000000	      0.00000000	      0.00000000	      0.00000000	      0.00000000	    123.20148200	    405.91530502	    -12.93903608	      0.93475343	     -0.00200000	     -0.16275312	      0.00000000	      0.03668150	      0.00000000
      1.25300000	      0.00000000	      0.00000000	      0.00000000	      0.00000000	      0.00000000	      0.00000000	      0.00000000	      0.00000000	      0.00000000	    120.71765959	    395.71765810	    -12.00038223	      0.93528211	     -0.00200000	     -0.16314552	      0.00000000	      0.07134849	      0.00000000
      1.25400000	      0.00000000	      0.00000000	      0.00000000	      0.00000000	      0.00000000	      0.00000000	      0.00000000	      0.00000000	      0.00000000	    118.18148196	    385.56940854	    -11.07117087	      0.93583382	     -0.00200000	     -0.16354754	      0.00000000	      0.10623682	      0.00000000
      1.25500000	      0.00000000	      0.00000000	      0.00000000	      0.00000000	      0.00000000	      0.00000000	      0.00000000	      0.00000000	      0.00000000	    115.58346823	    375.49249828	    -10.15514764	      0.93641526	     -0.00200000	     -0.16396180	      0.00000000	      0.14129203	      0.00000000
      1.25600000	      0.00000000	      0.00000000	      0.00000000	      0.00000000	      0.00000000	      0.00000000	      0.00000000	      0.00000000	      0.00000000	    112.93913424	    365.48011005	     -9.25078997	      0.93702121	     -0.00200000	     -0.16438597	     -0.00000000	      0.17638784	      0.00000000
      1.25700000	      0.00000000	      0.00000000	      0.00000000	      0.00000000	      0.00000000	      0.00000000	      0.00000000	      0.00000000	      0.00000000	    110.24118960	    355.55750132	     -8.36240873	      0.93765867	     -0.00200000	     -0.16482267	      0.00000000	      0.21141265	      0.00000000
      1.25800000	      0.00000000	      0.00000000	      0.00000000	      0.00000000	      0.00000000	      0.00000000	      0.00000000	      0.00000000	      0.00000000	    107.50404745	    345.71371973	     -7.48791937	      0.93832203	     -0.00200000	     -0.16526943	      0.00000000	      0.24628083	      0.00000000
      1.25900000	      0.00000000	      0.00000000	      0.00000000	      0.00000000	      0.00000000	      0.00000000	      0.00000000	      0.00000000	      0.00000000	    104.72284630	    335.97702160	     -6.63217548	      0.93901855	     -0.00200000	     -0.16572883	      0.00000000	      0.28082970	      0.00000000
      1.26000000	      0.00000000	      0.00000000	      0.00000000	      0.00000000	      0.00000000	      0.00000000	      0.00000000	      0.00000000	      0.00000000	    101.91057622	    326.33256167	     -5.79252178	      0.93974214	     -0.00200000	     -0.16619834	      0.00000000	      0.31502268	      0.00000000
      1.26100000	      0.00000000	      0.00000000	      0.00000000	      0.00000000	      0.00000000	      0.00000000	      0.00000000	      0.00000000	      0.00000000	     99.06499088	    316.81122258	     -4.97432752	      0.94050023	     -0.00200000	     -0.16668050	      0.00000000	      0.34864982	      0.00000000
      1.26200000	      0.00000000	      0.00000000	      0.00000000	      0.00000000	      0.00000000	      0.00000000	      0.00000000	      0.00000000	      0.00000000	     96.19733691	    307.39439651	     -4.17435882	      0.94128632	     -0.00200000	     -0.16717276	     -0.00000000	      0.38173207	      0.00000000
      1.26300000	      0.00000000	      0.00000000	      0.00000000	      0.00000000	      0.00000000	      0.00000000	      0.00000000	      0.00000000	      0.00000000	     93.30807626	    298.11515473	     -3.39846069	      0.94210793	     -0.00200000	     -0.16767759	     -0.00000000	      0.41402249	      0.00000000
      1.26400000	      0.00000000	      0.00000000	      0.00000000	      0.00000000	      0.00000000	      0.00000000	      0.00000000	      0.00000000	      0.00000000	     90.40643275	    288.95122930	     -2.64282408	      0.94295823	     -0.00200000	     -0.16819243	      0.00000000	      0.44559481	      0.00000000
      1.26500000	      0.00000000	      0.00000000	      0.00000000	      0.00000000	      0.00000000	      0.00000000	      0.00000000	      0.00000000	      0.00000000	     87.49558404	    279.93744239	     -1.91372664	      0.94384470	     -0.00200000	     -0.16871970	      0.00000000	      0.47616459	      0.00000000
      1.26600000	      0.00000000	      0.00000000	      0.00000000	      0.00000000	      0.00000000	      0.00000000	      0.00000000	      0.00000000	      0.00000000	     84.58243310	    271.04819193	     -1.20679745	      0.94476025	     -0.00200000	     -0.16925682	      0.00000000	      0.50585076	      0.00000000
      1.26700000	      0.00000000	      0.00000000	      0.00000000	      0.00000000	      0.00000000	      0.00000000	      0.00000000	      0.00000000	      0.00000000	     81.67277277	    262.31955737	     -0.52869643	      0.94571224	     -0.00200000	     -0.16980613	      0.00000000	      0.53433121	      0.00000000
      1.26800000	      0.00000000	      0.00000000	      0.00000000	      0.00000000	      0.00000000	      0.00000000	      0.00000000	      0.00000000	      0.00000000	     78.77095789	    253.72298434	      0.12548924	      0.94669336	     -0.00200000	     -0.17036503	      0.00000000	      0.56177185	      0.00000000
      1.26900000	      0.00000000	      0.00000000	      0.00000000	      0.00000000	      0.00000000	      0.00000000	      0.00000000	      0.00000000	      0.00000000	     75.88519156	    245.29534392	      0.74878107	      0.94771078	     -0.00200000	     -0.17093568	      0.00000000	      0.58782109	      0.00000000
      1.27000000	      0.00000000	      0.00000000	      0.00000000	      0.00000000	      0.00000000	      0.00000000	      0.00000000	      0.00000000	      0.00000000	     73.01717997	    237.00553924	      1.34661305	      0.94875707	     -0.00200000	     -0.17151543	      0.00000000	      0.61268733	      0.00000000
      1.27100000	      0.00000000	      0.00000000	      0.00000000	      0.00000000	      0.00000000	      0.00000000	      0.00000000	      0.00000000	      0.00000000	     70.17731294	    228.89084183	      1.91178309	      0.94983911	     -0.00200000	     -0.17210613	      0.00000000	      0.63599668	      0.00000000
      1.27200000	      0.00000000	      0.00000000	      0.00000000	      0.00000000	      0.00000000	      0.00000000	      0.00000000	      0.00000000	      0.00000000	     67.36460328	    220.91805935	      2.45022890	      0.95094951	     -0.00200000	     -0.17270516	      0.00000000	      0.65800364	      0.00000000
      1.27300000	      0.00000000	      0.00000000	      0.00000000	      0.00000000	      0.00000000	      0.00000000	      0.00000000	      0.00000000	      0.00000000	     64.59137052	    213.12456578	      2.95464345	      0.95209489	     -0.00200000	     -0.17331408	      0.00000000	      0.67832746	      0.00000000
      1.27400000	      0.00000000	      0.00000000	      0.00000000	      0.00000000	      0.00000000	      0.00000000	      0.00000000	      0.00000000	      0.00000000	     61.85394898	    205.47572523	      3.43141668	      0.95326781	     -0.00200000	     -0.17393047	      0.00000000	      0.69727171	      0.00000000
      1.27500000	      0.00000000	      0.00000000	      0.00000000	      0.00000000	      0.00000000	      0.00000000	      0.00000000	      0.00000000	      0.00000000	     59.16625820	    198.00879061	      3.87323576	      0.95447456	     -0.00200000	     -0.17455562	      0.00000000	      0.71446354	      0.00000000
      1.27600000	      0.00000000	      0.00000000	      0.00000000	      0.00000000	      0.00000000	      0.00000000	      0.00000000	      0.00000000	      0.00000000	     56.52210489	    190.68798050	      4.28685187	      0.95570788	     -0.00200000	     -0.17518731	      0.00000000	      0.73023822	      0.00000000
      1.27700000	      0.00000000	      0.00000000	      0.00000000	      0.00000000	      0.00000000	      0.00000000	      0.00000000	      0.00000000	      0.00000000	     53.93670686	    183.55021253	      4.66503990	      0.95697377	     -0.00200000	     -0.17582662	      0.00000000	      0.74423544	      0.00000000
      1.27800000	      0.00000000	      0.00000000	      0.00000000	      0.00000000	      0.00000000	      0.00000000	      0.00000000	      0.00000000	      0.00000000	     51.40151829	    176.55892298	      5.01483297	      0.95826516	     -0.00200000	     -0.17647157	      0.00000000	      0.75681291	      0.00000000
      1.27900000	      0.00000000	      0.00000000	      0.00000000	      0.00000000	      0.00000000	      0.00000000	      0.00000000	      0.00000000	      0.00000000	     48.93269390	    169.75051723	      5.32918898	      0.95958771	     -0.00200000	     -0.17712304	      0.00000000	      0.76762970	      0.00000000
      1.28000000	      0.00000000	      0.00000000	      0.00000000	      0.00000000	      0.00000000	      0.00000000	      0.00000000	      0.00000000	      0.00000000	     46.51956260	    163.08806837	      5.61532443	      0.96093455	     -0.00200000	     -0.17777931	      0.00000000	      0.77705444	      0.00000000
      1.28100000	      0.00000000	      0.00000000	      0.00000000	      0.00000000	      0.00000000	      0.00000000	      0.00000000	      0.00000000	      0.00000000	     44.17886399	    156.60732519	      5.86646451	      0.96231103	     -0.00200000	     -0.17844102	      0.00000000	      0.78476749	      0.00000000
      1.28200000	      0.00000000	      0.00000000	      0.00000000	      0.00000000	      0.00000000	      0.00000000	      0.00000000	      0.00000000	      0.00000000	     41.89807922	    150.27117915	      6.08991534	      0.96371055	     -0.00200000	     -0.17910658	      0.00000000	      0.79113762	      0.00000000
      1.28300000	      0.00000000	      0.00000000	      0.00000000	      0.00000000	      0.00000000	      0.00000000	      0.00000000	      0.00000000	      0.00000000	     39.69423473	    144.11456883	      6.27926686	      0.96513809	     -0.00200000	     -0.17977638	      0.00000000	      0.79586996	      0.00000000
      1.28400000	      0.00000000	      0.00000000	      0.00000000	      0.00000000	      0.00000000	      0.00000000	      0.00000000	      0.00000000	      0.00000000	     37.55330294	    138.10050674	      6.44183597	      0.96658741	     -0.00200000	     -0.18044909	      0.00000000	      0.79932924	      0.00000000
      1.28500000	      0.00000000	      0.00000000	      0.00000000	      0.00000000	      0.00000000	      0.00000000	      0.00000000	      0.00000000	      0.00000000	     35.49232706	    132.26308860	      6.57168068	      0.96806315	     -0.00200000	     -0.18112493	      0.00000000	      0.80125210	      0.00000000
      1.28600000	      0.00000000	      0.00000000	      0.00000000	      0.00000000	      0.00000000	      0.00000000	      0.00000000	      0.00000000	      0.00000000	     33.49610791	    126.56563893	      6.67603314	      0.96955947	     -0.00200000	     -0.18180290	      0.00000000	      0.80199606	      0.00000000
      1.28700000	      0.00000000	      0.00000000	      0.00000000	      0.00000000	      0.00000000	      0.00000000	      0.00000000	      0.00000000	      0.00000000	     31.58144932	    121.04128953	      6.74949083	      0.97108087	     -0.00200000	     -0.18248314	      0.00000000	      0.80133605	      0.00000000
      1.28800000	      0.00000000	      0.00000000	      0.00000000	      0.00000000	      0.00000000	      0.00000000	      0.00000000	      0.00000000	      0.00000000	     29.73229066	    115.65379798	      6.79908218	      0.97262198	     -0.00200000	     -0.18316487	      0.00000000	      0.79961310	      0.00000000
      1.28900000	      0.00000000	      0.00000000	      0.00000000	      0.00000000	      0.00000000	      0.00000000	      0.00000000	      0.00000000	      0.00000000	     27.96498127	    110.43522507	      6.81999889	      0.97418749	     -0.00200000	     -0.18384817	      0.00000000	      0.79664309	      0.00000000
      1.29000000	      0.00000000	      0.00000000	      0.00000000	      0.00000000	      0.00000000	      0.00000000	      0.00000000	      0.00000000	      0.00000000	     26.26290731	    105.34998961	      6.81896005	      0.97577241	     -0.00200000	     -0.18453251	      0.00000000	      0.79274219	      0.00000000
      1.29100000	      0.00000000	      0.00000000	      0.00000000	      0.00000000	      0.00000000	      0.00000000	      0.00000000	      0.00000000	      0.00000000	     24.64177739	    100.42909998	      6.79178517	      0.97738172	     -0.00200000	     -0.18521801	      0.00000000	      0.78776337	      0.00000000
      1.29200000	      0.00000000	      0.00000000	      0.00000000	      0.00000000	      0.00000000	      0.00000000	      0.00000000	      0.00000000	      0.00000000	     23.08473550	     95.63778527	      6.74479241	      0.97901073	     -0.00200000	     -0.18590439	      0.00000000	      0.78199170	      0.00000000
      1.29300000	      0.00000000	      0.00000000	      0.00000000	      0.00000000	      0.00000000	      0.00000000	      0.00000000	      0.00000000	      0.00000000	     21.60672005	     91.00603405	      6.67443820	      0.98066482	     -0.00200000	     -0.18659194	      0.00000000	      0.77531866	      0.00000000
      1.29400000	      0.00000000	      0.00000000	      0.00000000	      0.00000000	      0.00000000	      0.00000000	      0.00000000	      0.00000000	      0.00000000	     20.19089088	     86.49998344	      6.58655241	      0.98233952	     -0.00200000	     -0.18728053	     -0.00000000	      0.76799865	      0.00000000
      1.29500000	      0.00000000	      0.00000000	      0.00000000	      0.00000000	      0.00000000	      0.00000000	      0.00000000	      0.00000000	      0.00000000	     18.85128394	     82.14862086	      6.47823722	      0.98404100	     -0.00200000	     -0.18797065	     -0.00000000	      0.75996601	      0.00000000
      1.29600000	      0.00000000	      0.00000000	      0.00000000	      0.00000000	      0.00000000	      0.00000000	      0.00000000	      0.00000000	      0.00000000	     17.57131517	     77.91904733	      6.35478627	      0.98576491	     -0.00200000	     -0.18866226	     -0.00000000	      0.75144163	      0.00000000
      1.29700000	      0.00000000	      0.00000000	      0.00000000	      0.00000000	      0.00000000	      0.00000000	      0.00000000	      0.00000000	      0.00000000	     16.36405475	     73.83925607	      6.21395172	      0.98751859	     -0.00200000	     -0.18935620	      0.00000000	      0.74240231	      0.00000000
      1.29800000	      0.00000000	      0.00000000	      0.00000000	      0.00000000	      0.00000000	      0.00000000	      0.00000000	      0.00000000	      0.00000000	     15.21339826	     69.87732835	      6.06045416	      0.98929778	     -0.00200000	     -0.19005254	      0.00000000	      0.73303002	      0.00000000
      1.29900000	      0.00000000	      0.00000000	      0.00000000	      0.00000000	      0.00000000	      0.00000000	      0.00000000	      0.00000000	      0.00000000	     14.13142961	     66.06024690	      5.89269865	      0.99111152	     -0.00200000	     -0.19075262	      0.00000000	      0.72333786	      0.00000000
      1.30000000	      0.00000000	      0.00000000	      0.00000000	      0.00000000	      0.00000000	      0.00000000	      0.00000000	      0.00000000	      0.00000000	     13.10269535	     62.35702895	      5.71479527	      0.99295552	     -0.00200000	     -0.19145640	      0.00000000	      0.71346534	      0.00000000
      1.30100000	      0.00000000	      0.00000000	      0.00000000	      0.00000000	      0.00000000	      0.00000000	      0.00000000	      0.00000000	      0.00000000	     12.13828614	     58.79362812	      5.52576694	      0.99484135	     -0.00200000	     -0.19216585	      0.00000000	      0.70345923	      0.00000000
      1.30200000	      0.00000000	      0.00000000	      0.00000000	      0.00000000	      0.00000000	      0.00000000	      0.00000000	      0.00000000	      0.00000000	     11.22352295	     55.34006748	      5.32907001	      0.99676439	     -0.00200000	     -0.19288073	      0.00000000	      0.69341749	      0.00000000
      1.30300000	      0.00000000	      0.00000000	      0.00000000	      0.00000000	      0.00000000	      0.00000000	      0.00000000	      0.00000000	      0.00000000	     10.36851713	     52.02130182	      5.12430239	      0.99873950	     -0.00200000	     -0.19360372	      0.00000000	      0.68341675	      0.00000000
      1.30400000	      0.00000000	      0.00000000	      0.00000000	      0.00000000	      0.00000000	      0.00000000	      0.00000000	      0.00000000	      0.00000000	      0.00000000	      0.00000000	      0.00000000	      0.00000000	      0.00000000	      0.00000000	      0.00000000	      0.00000000	      0.00000000
      1.30500000	      0.00000000	      0.00000000	      0.00000000	      0.00000000	      0.00000000	      0.00000000	      0.00000000	      0.00000000	      0.00000000	      0.00000000	      0.00000000	      0.00000000	      0.00000000	      0.00000000	      0.00000000	      0.00000000	      0.00000000	      0.00000000
      1.30600000	      0.00000000	      0.00000000	      0.00000000	      0.00000000	      0.00000000	      0.00000000	      0.00000000	      0.00000000	      0.00000000	      0.00000000	      0.00000000	      0.00000000	      0.00000000	      0.00000000	      0.00000000	      0.00000000	      0.00000000	      0.00000000
      1.30700000	      0.00000000	      0.00000000	      0.00000000	      0.00000000	      0.00000000	      0.00000000	      0.00000000	      0.00000000	      0.00000000	      0.00000000	      0.00000000	      0.00000000	      0.00000000	      0.00000000	      0.00000000	      0.00000000	      0.00000000	      0.00000000
      1.30800000	      0.00000000	      0.00000000	      0.00000000	      0.00000000	      0.00000000	      0.00000000	      0.00000000	      0.00000000	      0.00000000	      0.00000000	      0.00000000	      0.00000000	      0.00000000	      0.00000000	      0.00000000	      0.00000000	      0.00000000	      0.00000000
      1.30900000	      0.00000000	      0.00000000	      0.00000000	      0.00000000	      0.00000000	      0.00000000	      0.00000000	      0.00000000	      0.00000000	      0.00000000	      0.00000000	      0.00000000	      0.00000000	      0.00000000	      0.00000000	      0.00000000	      0.00000000	      0.00000000
      1.31000000	      0.00000000	      0.00000000	      0.00000000	      0.00000000	      0.00000000	      0.00000000	      0.00000000	      0.00000000	      0.00000000	      0.00000000	      0.00000000	      0.00000000	      0.00000000	      0.00000000	      0.00000000	      0.00000000	      0.00000000	      0.00000000
      1.31100000	      0.00000000	      0.00000000	      0.00000000	      0.00000000	      0.00000000	      0.00000000	      0.00000000	      0.00000000	      0.00000000	      0.00000000	      0.00000000	      0.00000000	      0.00000000	      0.00000000	      0.00000000	      0.00000000	      0.00000000	      0.00000000
      1.31200000	      0.00000000	      0.00000000	      0.00000000	      0.00000000	      0.00000000	      0.00000000	      0.00000000	      0.00000000	      0.00000000	      0.00000000	      0.00000000	      0.00000000	      0.00000000	      0.00000000	      0.00000000	      0.00000000	      0.00000000	      0.00000000
      1.31300000	      0.00000000	      0.00000000	      0.00000000	      0.00000000	      0.00000000	      0.00000000	      0.00000000	      0.00000000	      0.00000000	      0.00000000	      0.00000000	      0.00000000	      0.00000000	      0.00000000	      0.00000000	      0.00000000	      0.00000000	      0.00000000
      1.31400000	      0.00000000	      0.00000000	      0.00000000	      0.00000000	      0.00000000	      0.00000000	      0.00000000	      0.00000000	      0.00000000	      0.00000000	      0.00000000	      0.00000000	      0.00000000	      0.00000000	      0.00000000	      0.00000000	      0.00000000	      0.00000000
      1.31500000	      0.00000000	      0.00000000	      0.00000000	      0.00000000	      0.00000000	      0.00000000	      0.00000000	      0.00000000	      0.00000000	      0.00000000	      0.00000000	      0.00000000	      0.00000000	      0.00000000	      0.00000000	      0.00000000	      0.00000000	      0.00000000
      1.31600000	      0.00000000	      0.00000000	      0.00000000	      0.00000000	      0.00000000	      0.00000000	      0.00000000	      0.00000000	      0.00000000	      0.00000000	      0.00000000	      0.00000000	      0.00000000	      0.00000000	      0.00000000	      0.00000000	      0.00000000	      0.00000000
      1.31700000	      0.00000000	      0.00000000	      0.00000000	      0.00000000	      0.00000000	      0.00000000	      0.00000000	      0.00000000	      0.00000000	      0.00000000	      0.00000000	      0.00000000	      0.00000000	      0.00000000	      0.00000000	      0.00000000	      0.00000000	      0.00000000
      1.31800000	      0.00000000	      0.00000000	      0.00000000	      0.00000000	      0.00000000	      0.00000000	      0.00000000	      0.00000000	      0.00000000	      0.00000000	      0.00000000	      0.00000000	      0.00000000	      0.00000000	      0.00000000	      0.00000000	      0.00000000	      0.00000000
      1.31900000	      0.00000000	      0.00000000	      0.00000000	      0.00000000	      0.00000000	      0.00000000	      0.00000000	      0.00000000	      0.00000000	      0.00000000	      0.00000000	      0.00000000	      0.00000000	      0.00000000	      0.00000000	      0.00000000	      0.00000000	      0.00000000
      1.32000000	      0.00000000	      0.00000000	      0.00000000	      0.00000000	      0.00000000	      0.00000000	      0.00000000	      0.00000000	      0.00000000	      0.00000000	      0.00000000	      0.00000000	      0.00000000	      0.00000000	      0.00000000	      0.00000000	      0.00000000	      0.00000000
      1.32100000	      0.00000000	      0.00000000	      0.00000000	      0.00000000	      0.00000000	      0.00000000	      0.00000000	      0.00000000	      0.00000000	      0.00000000	      0.00000000	      0.00000000	      0.00000000	      0.00000000	      0.00000000	      0.00000000	      0.00000000	      0.00000000
      1.32200000	      0.00000000	      0.00000000	      0.00000000	      0.00000000	      0.00000000	      0.00000000	      0.00000000	      0.00000000	      0.00000000	      0.00000000	      0.00000000	      0.00000000	      0.00000000	      0.00000000	      0.00000000	      0.00000000	      0.00000000	      0.00000000
      1.32300000	      0.00000000	      0.00000000	      0.00000000	      0.00000000	      0.00000000	      0.00000000	      0.00000000	      0.00000000	      0.00000000	      0.00000000	      0.00000000	      0.00000000	      0.00000000	      0.00000000	      0.00000000	      0.00000000	      0.00000000	      0.00000000
      1.32400000	      0.00000000	      0.00000000	      0.00000000	      0.00000000	      0.00000000	      0.00000000	      0.00000000	      0.00000000	      0.00000000	      0.00000000	      0.00000000	      0.00000000	      0.00000000	      0.00000000	      0.00000000	      0.00000000	      0.00000000	      0.00000000
      1.32500000	      0.00000000	      0.00000000	      0.00000000	      0.00000000	      0.00000000	      0.00000000	      0.00000000	      0.00000000	      0.00000000	      0.00000000	      0.00000000	      0.00000000	      0.00000000	      0.00000000	      0.00000000	      0.00000000	      0.00000000	      0.00000000
      1.32600000	      0.00000000	      0.00000000	      0.00000000	      0.00000000	      0.00000000	      0.00000000	      0.00000000	      0.00000000	      0.00000000	      0.00000000	      0.00000000	      0.00000000	      0.00000000	      0.00000000	      0.00000000	      0.00000000	      0.00000000	      0.00000000
      1.32700000	      0.00000000	      0.00000000	      0.00000000	      0.00000000	      0.00000000	      0.00000000	      0.00000000	      0.00000000	      0.00000000	      0.00000000	      0.00000000	      0.00000000	      0.00000000	      0.00000000	      0.00000000	      0.00000000	      0.00000000	      0.00000000
      1.32800000	      0.00000000	      0.00000000	      0.00000000	      0.00000000	      0.00000000	      0.00000000	      0.00000000	      0.00000000	      0.00000000	      0.00000000	      0.00000000	      0.00000000	      0.00000000	      0.00000000	      0.00000000	      0.00000000	      0.00000000	      0.00000000
      1.32900000	      0.00000000	      0.00000000	      0.00000000	      0.00000000	      0.00000000	      0.00000000	      0.00000000	      0.00000000	      0.00000000	      0.00000000	      0.00000000	      0.00000000	      0.00000000	      0.00000000	      0.00000000	      0.00000000	      0.00000000	      0.00000000
      1.33000000	      0.00000000	      0.00000000	      0.00000000	      0.00000000	      0.00000000	      0.00000000	      0.00000000	      0.00000000	      0.00000000	      0.00000000	      0.00000000	      0.00000000	      0.00000000	      0.00000000	      0.00000000	      0.00000000	      0.00000000	      0.00000000
      1.33100000	      0.00000000	      0.00000000	      0.00000000	      0.00000000	      0.00000000	      0.00000000	      0.00000000	      0.00000000	      0.00000000	      0.00000000	      0.00000000	      0.00000000	      0.00000000	      0.00000000	      0.00000000	      0.00000000	      0.00000000	      0.00000000
      1.33200000	      0.00000000	      0.00000000	      0.00000000	      0.00000000	      0.00000000	      0.00000000	      0.00000000	      0.00000000	      0.00000000	      0.00000000	      0.00000000	      0.00000000	      0.00000000	      0.00000000	      0.00000000	      0.00000000	      0.00000000	      0.00000000
      1.33300000	      0.00000000	      0.00000000	      0.00000000	      0.00000000	      0.00000000	      0.00000000	      0.00000000	      0.00000000	      0.00000000	      0.00000000	      0.00000000	      0.00000000	      0.00000000	      0.00000000	      0.00000000	      0.00000000	      0.00000000	      0.00000000
      1.33400000	      0.00000000	      0.00000000	      0.00000000	      0.00000000	      0.00000000	      0.00000000	      0.00000000	      0.00000000	      0.00000000	      0.00000000	      0.00000000	      0.00000000	      0.00000000	      0.00000000	      0.00000000	      0.00000000	      0.00000000	      0.00000000
      1.33500000	      0.00000000	      0.00000000	      0.00000000	      0.00000000	      0.00000000	      0.00000000	      0.00000000	      0.00000000	      0.00000000	      0.00000000	      0.00000000	      0.00000000	      0.00000000	      0.00000000	      0.00000000	      0.00000000	      0.00000000	      0.00000000
      1.33600000	      0.00000000	      0.00000000	      0.00000000	      0.00000000	      0.00000000	      0.00000000	      0.00000000	      0.00000000	      0.00000000	      0.00000000	      0.00000000	      0.00000000	      0.00000000	      0.00000000	      0.00000000	      0.00000000	      0.00000000	      0.00000000
      1.33700000	      0.00000000	      0.00000000	      0.00000000	      0.00000000	      0.00000000	      0.00000000	      0.00000000	      0.00000000	      0.00000000	      0.00000000	      0.00000000	      0.00000000	      0.00000000	      0.00000000	      0.00000000	      0.00000000	      0.00000000	      0.00000000
      1.33800000	      0.00000000	      0.00000000	      0.00000000	      0.00000000	      0.00000000	      0.00000000	      0.00000000	      0.00000000	      0.00000000	      0.00000000	      0.00000000	      0.00000000	      0.00000000	      0.00000000	      0.00000000	      0.00000000	      0.00000000	      0.00000000
      1.33900000	      0.00000000	      0.00000000	      0.00000000	      0.00000000	      0.00000000	      0.00000000	      0.00000000	      0.00000000	      0.00000000	      0.00000000	      0.00000000	      0.00000000	      0.00000000	      0.00000000	      0.00000000	      0.00000000	      0.00000000	      0.00000000
      1.34000000	      0.00000000	      0.00000000	      0.00000000	      0.00000000	      0.00000000	      0.00000000	      0.00000000	      0.00000000	      0.00000000	      0.00000000	      0.00000000	      0.00000000	      0.00000000	      0.00000000	      0.00000000	      0.00000000	      0.00000000	      0.00000000
      1.34100000	      0.00000000	      0.00000000	      0.00000000	      0.00000000	      0.00000000	      0.00000000	      0.00000000	      0.00000000	      0.00000000	      0.00000000	      0.00000000	      0.00000000	      0.00000000	      0.00000000	      0.00000000	      0.00000000	      0.00000000	      0.00000000
      1.34200000	      0.00000000	      0.00000000	      0.00000000	      0.00000000	      0.00000000	      0.00000000	      0.00000000	      0.00000000	      0.00000000	      0.00000000	      0.00000000	      0.00000000	      0.00000000	      0.00000000	      0.00000000	      0.00000000	      0.00000000	      0.00000000
      1.34300000	      0.00000000	      0.00000000	      0.00000000	      0.00000000	      0.00000000	      0.00000000	      0.00000000	      0.00000000	      0.00000000	      0.00000000	      0.00000000	      0.00000000	      0.00000000	      0.00000000	      0.00000000	      0.00000000	      0.00000000	      0.00000000
      1.34400000	      0.00000000	      0.00000000	      0.00000000	      0.00000000	      0.00000000	      0.00000000	      0.00000000	      0.00000000	      0.00000000	      0.00000000	      0.00000000	      0.00000000	      0.00000000	      0.00000000	      0.00000000	      0.00000000	      0.00000000	      0.00000000
      1.34500000	      0.00000000	      0.00000000	      0.00000000	      0.00000000	      0.00000000	      0.00000000	      0.00000000	      0.00000000	      0.00000000	      0.00000000	      0.00000000	      0.00000000	      0.00000000	      0.00000000	      0.00000000	      0.00000000	      0.00000000	      0.00000000
      1.34600000	      0.00000000	      0.00000000	      0.00000000	      0.00000000	      0.00000000	      0.00000000	      0.00000000	      0.00000000	      0.00000000	      0.00000000	      0.00000000	      0.00000000	      0.00000000	      0.00000000	      0.00000000	      0.00000000	      0.00000000	      0.00000000
      1.34700000	      0.00000000	      0.00000000	      0.00000000	      0.00000000	      0.00000000	      0.00000000	      0.00000000	      0.00000000	      0.00000000	      0.00000000	      0.00000000	      0.00000000	      0.00000000	      0.00000000	      0.00000000	      0.00000000	      0.00000000	      0.00000000
      1.34800000	      0.00000000	      0.00000000	      0.00000000	      0.00000000	      0.00000000	      0.00000000	      0.00000000	      0.00000000	      0.00000000	      0.00000000	      0.00000000	      0.00000000	      0.00000000	      0.00000000	      0.00000000	      0.00000000	      0.00000000	      0.00000000
      1.34900000	      0.00000000	      0.00000000	      0.00000000	      0.00000000	      0.00000000	      0.00000000	      0.00000000	      0.00000000	      0.00000000	      0.00000000	      0.00000000	      0.00000000	      0.00000000	      0.00000000	      0.00000000	      0.00000000	      0.00000000	      0.00000000
      1.35000000	      0.00000000	      0.00000000	      0.00000000	      0.00000000	      0.00000000	      0.00000000	      0.00000000	      0.00000000	      0.00000000	      0.00000000	      0.00000000	      0.00000000	      0.00000000	      0.00000000	      0.00000000	      0.00000000	      0.00000000	      0.00000000
      1.35100000	      0.00000000	      0.00000000	      0.00000000	      0.00000000	      0.00000000	      0.00000000	      0.00000000	      0.00000000	      0.00000000	      0.00000000	      0.00000000	      0.00000000	      0.00000000	      0.00000000	      0.00000000	      0.00000000	      0.00000000	      0.00000000
      1.35200000	      0.00000000	      0.00000000	      0.00000000	      0.00000000	      0.00000000	      0.00000000	      0.00000000	      0.00000000	      0.00000000	      0.00000000	      0.00000000	      0.00000000	      0.00000000	      0.00000000	      0.00000000	      0.00000000	      0.00000000	      0.00000000
      1.35300000	      0.00000000	      0.00000000	      0.00000000	      0.00000000	      0.00000000	      0.00000000	      0.00000000	      0.00000000	      0.00000000	      0.00000000	      0.00000000	      0.00000000	      0.00000000	      0.00000000	      0.00000000	      0.00000000	      0.00000000	      0.00000000
      1.35400000	      0.00000000	      0.00000000	      0.00000000	      0.00000000	      0.00000000	      0.00000000	      0.00000000	      0.00000000	      0.00000000	      0.00000000	      0.00000000	      0.00000000	      0.00000000	      0.00000000	      0.00000000	      0.00000000	      0.00000000	      0.00000000
      1.35500000	      0.00000000	      0.00000000	      0.00000000	      0.00000000	      0.00000000	      0.00000000	      0.00000000	      0.00000000	      0.00000000	      0.00000000	      0.00000000	      0.00000000	      0.00000000	      0.00000000	      0.00000000	      0.00000000	      0.00000000	      0.00000000
      1.35600000	      0.00000000	      0.00000000	      0.00000000	      0.00000000	      0.00000000	      0.00000000	      0.00000000	      0.00000000	      0.00000000	      0.00000000	      0.00000000	      0.00000000	      0.00000000	      0.00000000	      0.00000000	      0.00000000	      0.00000000	      0.00000000
      1.35700000	      0.00000000	      0.00000000	      0.00000000	      0.00000000	      0.00000000	      0.00000000	      0.00000000	      0.00000000	      0.00000000	      0.00000000	      0.00000000	      0.00000000	      0.00000000	      0.00000000	      0.00000000	      0.00000000	      0.00000000	      0.00000000
      1.35800000	      0.00000000	      0.00000000	      0.00000000	      0.00000000	      0.00000000	      0.00000000	      0.00000000	      0.00000000	      0.00000000	      0.00000000	      0.00000000	      0.00000000	      0.00000000	      0.00000000	      0.00000000	      0.00000000	      0.00000000	      0.00000000
      1.35900000	      0.00000000	      0.00000000	      0.00000000	      0.00000000	      0.00000000	      0.00000000	      0.00000000	      0.00000000	      0.00000000	      0.00000000	      0.00000000	      0.00000000	      0.00000000	      0.00000000	      0.00000000	      0.00000000	      0.00000000	      0.00000000
      1.36000000	      0.00000000	      0.00000000	      0.00000000	      0.00000000	      0.00000000	      0.00000000	      0.00000000	      0.00000000	      0.00000000	      0.00000000	      0.00000000	      0.00000000	      0.00000000	      0.00000000	      0.00000000	      0.00000000	      0.00000000	      0.00000000
      1.36100000	      0.00000000	      0.00000000	      0.00000000	      0.00000000	      0.00000000	      0.00000000	      0.00000000	      0.00000000	      0.00000000	      0.00000000	      0.00000000	      0.00000000	      0.00000000	      0.00000000	      0.00000000	      0.00000000	      0.00000000	      0.00000000
      1.36200000	      0.00000000	      0.00000000	      0.00000000	      0.00000000	      0.00000000	      0.00000000	      0.00000000	      0.00000000	      0.00000000	      0.00000000	      0.00000000	      0.00000000	      0.00000000	      0.00000000	      0.00000000	      0.00000000	      0.00000000	      0.00000000
      1.36300000	      0.00000000	      0.00000000	      0.00000000	      0.00000000	      0.00000000	      0.00000000	      0.00000000	      0.00000000	      0.00000000	      0.00000000	      0.00000000	      0.00000000	      0.00000000	      0.00000000	      0.00000000	      0.00000000	      0.00000000	      0.00000000
      1.36400000	      0.00000000	      0.00000000	      0.00000000	      0.00000000	      0.00000000	      0.00000000	      0.00000000	      0.00000000	      0.00000000	      0.00000000	      0.00000000	      0.00000000	      0.00000000	      0.00000000	      0.00000000	      0.00000000	      0.00000000	      0.00000000
      1.36500000	      0.00000000	      0.00000000	      0.00000000	      0.00000000	      0.00000000	      0.00000000	      0.00000000	      0.00000000	      0.00000000	      0.00000000	      0.00000000	      0.00000000	      0.00000000	      0.00000000	      0.00000000	      0.00000000	      0.00000000	      0.00000000
      1.36600000	      0.00000000	      0.00000000	      0.00000000	      0.00000000	      0.00000000	      0.00000000	      0.00000000	      0.00000000	      0.00000000	      0.00000000	      0.00000000	      0.00000000	      0.00000000	      0.00000000	      0.00000000	      0.00000000	      0.00000000	      0.00000000
      1.36700000	      0.00000000	      0.00000000	      0.00000000	      0.00000000	      0.00000000	      0.00000000	      0.00000000	      0.00000000	      0.00000000	      0.00000000	      0.00000000	      0.00000000	      0.00000000	      0.00000000	      0.00000000	      0.00000000	      0.00000000	      0.00000000
      1.36800000	      0.00000000	      0.00000000	      0.00000000	      0.00000000	      0.00000000	      0.00000000	      0.00000000	      0.00000000	      0.00000000	      0.00000000	      0.00000000	      0.00000000	      0.00000000	      0.00000000	      0.00000000	      0.00000000	      0.00000000	      0.00000000
      1.36900000	      0.00000000	      0.00000000	      0.00000000	      0.00000000	      0.00000000	      0.00000000	      0.00000000	      0.00000000	      0.00000000	      0.00000000	      0.00000000	      0.00000000	      0.00000000	      0.00000000	      0.00000000	      0.00000000	      0.00000000	      0.00000000
      1.37000000	      0.00000000	      0.00000000	      0.00000000	      0.00000000	      0.00000000	      0.00000000	      0.00000000	      0.00000000	      0.00000000	      0.00000000	      0.00000000	      0.00000000	      0.00000000	      0.00000000	      0.00000000	      0.00000000	      0.00000000	      0.00000000
      1.37100000	      0.00000000	      0.00000000	      0.00000000	      0.00000000	      0.00000000	      0.00000000	      0.00000000	      0.00000000	      0.00000000	      0.00000000	      0.00000000	      0.00000000	      0.00000000	      0.00000000	      0.00000000	      0.00000000	      0.00000000	      0.00000000
      1.37200000	      0.00000000	      0.00000000	      0.00000000	      0.00000000	      0.00000000	      0.00000000	      0.00000000	      0.00000000	      0.00000000	      0.00000000	      0.00000000	      0.00000000	      0.00000000	      0.00000000	      0.00000000	      0.00000000	      0.00000000	      0.00000000
      1.37300000	      0.00000000	      0.00000000	      0.00000000	      0.00000000	      0.00000000	      0.00000000	      0.00000000	      0.00000000	      0.00000000	      0.00000000	      0.00000000	      0.00000000	      0.00000000	      0.00000000	      0.00000000	      0.00000000	      0.00000000	      0.00000000
      1.37400000	      0.00000000	      0.00000000	      0.00000000	      0.00000000	      0.00000000	      0.00000000	      0.00000000	      0.00000000	      0.00000000	      0.00000000	      0.00000000	      0.00000000	      0.00000000	      0.00000000	      0.00000000	      0.00000000	      0.00000000	      0.00000000
      1.37500000	      0.00000000	      0.00000000	      0.00000000	      0.00000000	      0.00000000	      0.00000000	      0.00000000	      0.00000000	      0.00000000	      0.00000000	      0.00000000	      0.00000000	      0.00000000	      0.00000000	      0.00000000	      0.00000000	      0.00000000	      0.00000000
      1.37600000	      0.00000000	      0.00000000	      0.00000000	      0.00000000	      0.00000000	      0.00000000	      0.00000000	      0.00000000	      0.00000000	      0.00000000	      0.00000000	      0.00000000	      0.00000000	      0.00000000	      0.00000000	      0.00000000	      0.00000000	      0.00000000
      1.37700000	      0.00000000	      0.00000000	      0.00000000	      0.00000000	      0.00000000	      0.00000000	      0.00000000	      0.00000000	      0.00000000	      0.00000000	      0.00000000	      0.00000000	      0.00000000	      0.00000000	      0.00000000	      0.00000000	      0.00000000	      0.00000000
      1.37800000	      0.00000000	      0.00000000	      0.00000000	      0.00000000	      0.00000000	      0.00000000	      0.00000000	      0.00000000	      0.00000000	      0.00000000	      0.00000000	      0.00000000	      0.00000000	      0.00000000	      0.00000000	      0.00000000	      0.00000000	      0.00000000
      1.37900000	      0.00000000	      0.00000000	      0.00000000	      0.00000000	      0.00000000	      0.00000000	      0.00000000	      0.00000000	      0.00000000	      0.00000000	      0.00000000	      0.00000000	      0.00000000	      0.00000000	      0.00000000	      0.00000000	      0.00000000	      0.00000000
      1.38000000	      0.00000000	      0.00000000	      0.00000000	      0.00000000	      0.00000000	      0.00000000	      0.00000000	      0.00000000	      0.00000000	      0.00000000	      0.00000000	      0.00000000	      0.00000000	      0.00000000	      0.00000000	      0.00000000	      0.00000000	      0.00000000
      1.38100000	      0.00000000	      0.00000000	      0.00000000	      0.00000000	      0.00000000	      0.00000000	      0.00000000	      0.00000000	      0.00000000	      0.00000000	      0.00000000	      0.00000000	      0.00000000	      0.00000000	      0.00000000	      0.00000000	      0.00000000	      0.00000000
      1.38200000	      0.00000000	      0.00000000	      0.00000000	      0.00000000	      0.00000000	      0.00000000	      0.00000000	      0.00000000	      0.00000000	      0.00000000	      0.00000000	      0.00000000	      0.00000000	      0.00000000	      0.00000000	      0.00000000	      0.00000000	      0.00000000
      1.38300000	      0.00000000	      0.00000000	      0.00000000	      0.00000000	      0.00000000	      0.00000000	      0.00000000	      0.00000000	      0.00000000	      0.00000000	      0.00000000	      0.00000000	      0.00000000	      0.00000000	      0.00000000	      0.00000000	      0.00000000	      0.00000000
      1.38400000	      0.00000000	      0.00000000	      0.00000000	      0.00000000	      0.00000000	      0.00000000	      0.00000000	      0.00000000	      0.00000000	      0.00000000	      0.00000000	      0.00000000	      0.00000000	      0.00000000	      0.00000000	      0.00000000	      0.00000000	      0.00000000
      1.38500000	      0.00000000	      0.00000000	      0.00000000	      0.00000000	      0.00000000	      0.00000000	      0.00000000	      0.00000000	      0.00000000	      0.00000000	      0.00000000	      0.00000000	      0.00000000	      0.00000000	      0.00000000	      0.00000000	      0.00000000	      0.00000000
      1.38600000	      0.00000000	      0.00000000	      0.00000000	      0.00000000	      0.00000000	      0.00000000	      0.00000000	      0.00000000	      0.00000000	      0.00000000	      0.00000000	      0.00000000	      0.00000000	      0.00000000	      0.00000000	      0.00000000	      0.00000000	      0.00000000
      1.38700000	      0.00000000	      0.00000000	      0.00000000	      0.00000000	      0.00000000	      0.00000000	      0.00000000	      0.00000000	      0.00000000	      0.00000000	      0.00000000	      0.00000000	      0.00000000	      0.00000000	      0.00000000	      0.00000000	      0.00000000	      0.00000000
      1.38800000	      0.00000000	      0.00000000	      0.00000000	      0.00000000	      0.00000000	      0.00000000	      0.00000000	      0.00000000	      0.00000000	      0.00000000	      0.00000000	      0.00000000	      0.00000000	      0.00000000	      0.00000000	      0.00000000	      0.00000000	      0.00000000
      1.38900000	      0.00000000	      0.00000000	      0.00000000	      0.00000000	      0.00000000	      0.00000000	      0.00000000	      0.00000000	      0.00000000	      0.00000000	      0.00000000	      0.00000000	      0.00000000	      0.00000000	      0.00000000	      0.00000000	      0.00000000	      0.00000000
      1.39000000	      0.00000000	      0.00000000	      0.00000000	      0.00000000	      0.00000000	      0.00000000	      0.00000000	      0.00000000	      0.00000000	      0.00000000	      0.00000000	      0.00000000	      0.00000000	      0.00000000	      0.00000000	      0.00000000	      0.00000000	      0.00000000
      1.39100000	      0.00000000	      0.00000000	      0.00000000	      0.00000000	      0.00000000	      0.00000000	      0.00000000	      0.00000000	      0.00000000	      0.00000000	      0.00000000	      0.00000000	      0.00000000	      0.00000000	      0.00000000	      0.00000000	      0.00000000	      0.00000000
      1.39200000	      0.00000000	      0.00000000	      0.00000000	      0.00000000	      0.00000000	      0.00000000	      0.00000000	      0.00000000	      0.00000000	      0.00000000	      0.00000000	      0.00000000	      0.00000000	      0.00000000	      0.00000000	      0.00000000	      0.00000000	      0.00000000
      1.39300000	      0.00000000	      0.00000000	      0.00000000	      0.00000000	      0.00000000	      0.00000000	      0.00000000	      0.00000000	      0.00000000	      0.00000000	      0.00000000	      0.00000000	      0.00000000	      0.00000000	      0.00000000	      0.00000000	      0.00000000	      0.00000000
      1.39400000	      0.00000000	      0.00000000	      0.00000000	      0.00000000	      0.00000000	      0.00000000	      0.00000000	      0.00000000	      0.00000000	      0.00000000	      0.00000000	      0.00000000	      0.00000000	      0.00000000	      0.00000000	      0.00000000	      0.00000000	      0.00000000
      1.39500000	      0.00000000	      0.00000000	      0.00000000	      0.00000000	      0.00000000	      0.00000000	      0.00000000	      0.00000000	      0.00000000	      0.00000000	      0.00000000	      0.00000000	      0.00000000	      0.00000000	      0.00000000	      0.00000000	      0.00000000	      0.00000000
      1.39600000	      0.00000000	      0.00000000	      0.00000000	      0.00000000	      0.00000000	      0.00000000	      0.00000000	      0.00000000	      0.00000000	      0.00000000	      0.00000000	      0.00000000	      0.00000000	      0.00000000	      0.00000000	      0.00000000	      0.00000000	      0.00000000
      1.39700000	      0.00000000	      0.00000000	      0.00000000	      0.00000000	      0.00000000	      0.00000000	      0.00000000	      0.00000000	      0.00000000	      0.00000000	      0.00000000	      0.00000000	      0.00000000	      0.00000000	      0.00000000	      0.00000000	      0.00000000	      0.00000000
      1.39800000	      0.00000000	      0.00000000	      0.00000000	      0.00000000	      0.00000000	      0.00000000	      0.00000000	      0.00000000	      0.00000000	      0.00000000	      0.00000000	      0.00000000	      0.00000000	      0.00000000	      0.00000000	      0.00000000	      0.00000000	      0.00000000
      1.39900000	      0.00000000	      0.00000000	      0.00000000	      0.00000000	      0.00000000	      0.00000000	      0.00000000	      0.00000000	      0.00000000	      0.00000000	      0.00000000	      0.00000000	      0.00000000	      0.00000000	      0.00000000	      0.00000000	      0.00000000	      0.00000000
      1.40000000	      0.00000000	      0.00000000	      0.00000000	      0.00000000	      0.00000000	      0.00000000	      0.00000000	      0.00000000	      0.00000000	      0.00000000	      0.00000000	      0.00000000	      0.00000000	      0.00000000	      0.00000000	      0.00000000	      0.00000000	      0.00000000
      1.40100000	      0.00000000	      0.00000000	      0.00000000	      0.00000000	      0.00000000	      0.00000000	      0.00000000	      0.00000000	      0.00000000	      0.00000000	      0.00000000	      0.00000000	      0.00000000	      0.00000000	      0.00000000	      0.00000000	      0.00000000	      0.00000000
      1.40200000	      0.00000000	      0.00000000	      0.00000000	      0.00000000	      0.00000000	      0.00000000	      0.00000000	      0.00000000	      0.00000000	      0.00000000	      0.00000000	      0.00000000	      0.00000000	      0.00000000	      0.00000000	      0.00000000	      0.00000000	      0.00000000
      1.40300000	      0.00000000	      0.00000000	      0.00000000	      0.00000000	      0.00000000	      0.00000000	      0.00000000	      0.00000000	      0.00000000	      0.00000000	      0.00000000	      0.00000000	      0.00000000	      0.00000000	      0.00000000	      0.00000000	      0.00000000	      0.00000000
      1.40400000	      0.00000000	      0.00000000	      0.00000000	      0.00000000	      0.00000000	      0.00000000	      0.00000000	      0.00000000	      0.00000000	      0.00000000	      0.00000000	      0.00000000	      0.00000000	      0.00000000	      0.00000000	      0.00000000	      0.00000000	      0.00000000
      1.40500000	      0.00000000	      0.00000000	      0.00000000	      0.00000000	      0.00000000	      0.00000000	      0.00000000	      0.00000000	      0.00000000	      0.00000000	      0.00000000	      0.00000000	      0.00000000	      0.00000000	      0.00000000	      0.00000000	      0.00000000	      0.00000000
      1.40600000	      0.00000000	      0.00000000	      0.00000000	      0.00000000	      0.00000000	      0.00000000	      0.00000000	      0.00000000	      0.00000000	      0.00000000	      0.00000000	      0.00000000	      0.00000000	      0.00000000	      0.00000000	      0.00000000	      0.00000000	      0.00000000
      1.40700000	      0.00000000	      0.00000000	      0.00000000	      0.00000000	      0.00000000	      0.00000000	      0.00000000	      0.00000000	      0.00000000	      0.00000000	      0.00000000	      0.00000000	      0.00000000	      0.00000000	      0.00000000	      0.00000000	      0.00000000	      0.00000000
      1.40800000	      0.00000000	      0.00000000	      0.00000000	      0.00000000	      0.00000000	      0.00000000	      0.00000000	      0.00000000	      0.00000000	      0.00000000	      0.00000000	      0.00000000	      0.00000000	      0.00000000	      0.00000000	      0.00000000	      0.00000000	      0.00000000
      1.40900000	      0.00000000	      0.00000000	      0.00000000	      0.00000000	      0.00000000	      0.00000000	      0.00000000	      0.00000000	      0.00000000	      0.00000000	      0.00000000	      0.00000000	      0.00000000	      0.00000000	      0.00000000	      0.00000000	      0.00000000	      0.00000000
      1.41000000	      0.00000000	      0.00000000	      0.00000000	      0.00000000	      0.00000000	      0.00000000	      0.00000000	      0.00000000	      0.00000000	      0.00000000	      0.00000000	      0.00000000	      0.00000000	      0.00000000	      0.00000000	      0.00000000	      0.00000000	      0.00000000
      1.41100000	      0.00000000	      0.00000000	      0.00000000	      0.00000000	      0.00000000	      0.00000000	      0.00000000	      0.00000000	      0.00000000	      0.00000000	      0.00000000	      0.00000000	      0.00000000	      0.00000000	      0.00000000	      0.00000000	      0.00000000	      0.00000000
      1.41200000	      0.00000000	      0.00000000	      0.00000000	      0.00000000	      0.00000000	      0.00000000	      0.00000000	      0.00000000	      0.00000000	      0.00000000	      0.00000000	      0.00000000	      0.00000000	      0.00000000	      0.00000000	      0.00000000	      0.00000000	      0.00000000
      1.41300000	      0.00000000	      0.00000000	      0.00000000	      0.00000000	      0.00000000	      0.00000000	      0.00000000	      0.00000000	      0.00000000	      0.00000000	      0.00000000	      0.00000000	      0.00000000	      0.00000000	      0.00000000	      0.00000000	      0.00000000	      0.00000000
      1.41400000	      0.00000000	      0.00000000	      0.00000000	      0.00000000	      0.00000000	      0.00000000	      0.00000000	      0.00000000	      0.00000000	      0.00000000	      0.00000000	      0.00000000	      0.00000000	      0.00000000	      0.00000000	      0.00000000	      0.00000000	      0.00000000
      1.41500000	      0.00000000	      0.00000000	      0.00000000	      0.00000000	      0.00000000	      0.00000000	      0.00000000	      0.00000000	      0.00000000	      0.00000000	      0.00000000	      0.00000000	      0.00000000	      0.00000000	      0.00000000	      0.00000000	      0.00000000	      0.00000000
      1.41600000	      0.00000000	      0.00000000	      0.00000000	      0.00000000	      0.00000000	      0.00000000	      0.00000000	      0.00000000	      0.00000000	      0.00000000	      0.00000000	      0.00000000	      0.00000000	      0.00000000	      0.00000000	      0.00000000	      0.00000000	      0.00000000
      1.41700000	      0.00000000	      0.00000000	      0.00000000	      0.00000000	      0.00000000	      0.00000000	      0.00000000	      0.00000000	      0.00000000	      0.00000000	      0.00000000	      0.00000000	      0.00000000	      0.00000000	      0.00000000	      0.00000000	      0.00000000	      0.00000000
      1.41800000	      0.00000000	      0.00000000	      0.00000000	      0.00000000	      0.00000000	      0.00000000	      0.00000000	      0.00000000	      0.00000000	      0.00000000	      0.00000000	      0.00000000	      0.00000000	      0.00000000	      0.00000000	      0.00000000	      0.00000000	      0.00000000
      1.41900000	      0.00000000	      0.00000000	      0.00000000	      0.00000000	      0.00000000	      0.00000000	      0.00000000	      0.00000000	      0.00000000	      0.00000000	      0.00000000	      0.00000000	      0.00000000	      0.00000000	      0.00000000	      0.00000000	      0.00000000	      0.00000000
      1.42000000	      0.00000000	      0.00000000	      0.00000000	      0.00000000	      0.00000000	      0.00000000	      0.00000000	      0.00000000	      0.00000000	      0.00000000	      0.00000000	      0.00000000	      0.00000000	      0.00000000	      0.00000000	      0.00000000	      0.00000000	      0.00000000
      1.42100000	      0.00000000	      0.00000000	      0.00000000	      0.00000000	      0.00000000	      0.00000000	      0.00000000	      0.00000000	      0.00000000	      0.00000000	      0.00000000	      0.00000000	      0.00000000	      0.00000000	      0.00000000	      0.00000000	      0.00000000	      0.00000000
      1.42200000	      0.00000000	      0.00000000	      0.00000000	      0.00000000	      0.00000000	      0.00000000	      0.00000000	      0.00000000	      0.00000000	      0.00000000	      0.00000000	      0.00000000	      0.00000000	      0.00000000	      0.00000000	      0.00000000	      0.00000000	      0.00000000
      1.42300000	      0.00000000	      0.00000000	      0.00000000	      0.00000000	      0.00000000	      0.00000000	      0.00000000	      0.00000000	      0.00000000	      0.00000000	      0.00000000	      0.00000000	      0.00000000	      0.00000000	      0.00000000	      0.00000000	      0.00000000	      0.00000000
      1.42400000	      0.00000000	      0.00000000	      0.00000000	      0.00000000	      0.00000000	      0.00000000	      0.00000000	      0.00000000	      0.00000000	      0.00000000	      0.00000000	      0.00000000	      0.00000000	      0.00000000	      0.00000000	      0.00000000	      0.00000000	      0.00000000
      1.42500000	      0.00000000	      0.00000000	      0.00000000	      0.00000000	      0.00000000	      0.00000000	      0.00000000	      0.00000000	      0.00000000	      0.00000000	      0.00000000	      0.00000000	      0.00000000	      0.00000000	      0.00000000	      0.00000000	      0.00000000	      0.00000000
      1.42600000	      0.00000000	      0.00000000	      0.00000000	      0.00000000	      0.00000000	      0.00000000	      0.00000000	      0.00000000	      0.00000000	      0.00000000	      0.00000000	      0.00000000	      0.00000000	      0.00000000	      0.00000000	      0.00000000	      0.00000000	      0.00000000
      1.42700000	      0.00000000	      0.00000000	      0.00000000	      0.00000000	      0.00000000	      0.00000000	      0.00000000	      0.00000000	      0.00000000	      0.00000000	      0.00000000	      0.00000000	      0.00000000	      0.00000000	      0.00000000	      0.00000000	      0.00000000	      0.00000000
      1.42800000	      0.00000000	      0.00000000	      0.00000000	      0.00000000	      0.00000000	      0.00000000	      0.00000000	      0.00000000	      0.00000000	      0.00000000	      0.00000000	      0.00000000	      0.00000000	      0.00000000	      0.00000000	      0.00000000	      0.00000000	      0.00000000
      1.42900000	      0.00000000	      0.00000000	      0.00000000	      0.00000000	      0.00000000	      0.00000000	      0.00000000	      0.00000000	      0.00000000	      0.00000000	      0.00000000	      0.00000000	      0.00000000	      0.00000000	      0.00000000	      0.00000000	      0.00000000	      0.00000000
      1.43000000	      0.00000000	      0.00000000	      0.00000000	      0.00000000	      0.00000000	      0.00000000	      0.00000000	      0.00000000	      0.00000000	      0.00000000	      0.00000000	      0.00000000	      0.00000000	      0.00000000	      0.00000000	      0.00000000	      0.00000000	      0.00000000
      1.43100000	      0.00000000	      0.00000000	      0.00000000	      0.00000000	      0.00000000	      0.00000000	      0.00000000	      0.00000000	      0.00000000	      0.00000000	      0.00000000	      0.00000000	      0.00000000	      0.00000000	      0.00000000	      0.00000000	      0.00000000	      0.00000000
      1.43200000	      0.00000000	      0.00000000	      0.00000000	      0.00000000	      0.00000000	      0.00000000	      0.00000000	      0.00000000	      0.00000000	      0.00000000	      0.00000000	      0.00000000	      0.00000000	      0.00000000	      0.00000000	      0.00000000	      0.00000000	      0.00000000
      1.43300000	      0.00000000	      0.00000000	      0.00000000	      0.00000000	      0.00000000	      0.00000000	      0.00000000	      0.00000000	      0.00000000	      0.00000000	      0.00000000	      0.00000000	      0.00000000	      0.00000000	      0.00000000	      0.00000000	      0.00000000	      0.00000000
      1.43400000	      0.00000000	      0.00000000	      0.00000000	      0.00000000	      0.00000000	      0.00000000	      0.00000000	      0.00000000	      0.00000000	      0.00000000	      0.00000000	      0.00000000	      0.00000000	      0.00000000	      0.00000000	      0.00000000	      0.00000000	      0.00000000
      1.43500000	      0.00000000	      0.00000000	      0.00000000	      0.00000000	      0.00000000	      0.00000000	      0.00000000	      0.00000000	      0.00000000	      0.00000000	      0.00000000	      0.00000000	      0.00000000	      0.00000000	      0.00000000	      0.00000000	      0.00000000	      0.00000000
      1.43600000	      0.00000000	      0.00000000	      0.00000000	      0.00000000	      0.00000000	      0.00000000	      0.00000000	      0.00000000	      0.00000000	      0.00000000	      0.00000000	      0.00000000	      0.00000000	      0.00000000	      0.00000000	      0.00000000	      0.00000000	      0.00000000
      1.43700000	      0.00000000	      0.00000000	      0.00000000	      0.00000000	      0.00000000	      0.00000000	      0.00000000	      0.00000000	      0.00000000	      0.00000000	      0.00000000	      0.00000000	      0.00000000	      0.00000000	      0.00000000	      0.00000000	      0.00000000	      0.00000000
      1.43800000	      0.00000000	      0.00000000	      0.00000000	      0.00000000	      0.00000000	      0.00000000	      0.00000000	      0.00000000	      0.00000000	      0.00000000	      0.00000000	      0.00000000	      0.00000000	      0.00000000	      0.00000000	      0.00000000	      0.00000000	      0.00000000
      1.43900000	      0.00000000	      0.00000000	      0.00000000	      0.00000000	      0.00000000	      0.00000000	      0.00000000	      0.00000000	      0.00000000	      0.00000000	      0.00000000	      0.00000000	      0.00000000	      0.00000000	      0.00000000	      0.00000000	      0.00000000	      0.00000000
      1.44000000	      0.00000000	      0.00000000	      0.00000000	      0.00000000	      0.00000000	      0.00000000	      0.00000000	      0.00000000	      0.00000000	      0.00000000	      0.00000000	      0.00000000	      0.00000000	      0.00000000	      0.00000000	      0.00000000	      0.00000000	      0.00000000
      1.44100000	      0.00000000	      0.00000000	      0.00000000	      0.00000000	      0.00000000	      0.00000000	      0.00000000	      0.00000000	      0.00000000	      0.00000000	      0.00000000	      0.00000000	      0.00000000	      0.00000000	      0.00000000	      0.00000000	      0.00000000	      0.00000000
      1.44200000	      0.00000000	      0.00000000	      0.00000000	      0.00000000	      0.00000000	      0.00000000	      0.00000000	      0.00000000	      0.00000000	      0.00000000	      0.00000000	      0.00000000	      0.00000000	      0.00000000	      0.00000000	      0.00000000	      0.00000000	      0.00000000
      1.44300000	      0.00000000	      0.00000000	      0.00000000	      0.00000000	      0.00000000	      0.00000000	      0.00000000	      0.00000000	      0.00000000	      0.00000000	      0.00000000	      0.00000000	      0.00000000	      0.00000000	      0.00000000	      0.00000000	      0.00000000	      0.00000000
      1.44400000	      0.00000000	      0.00000000	      0.00000000	      0.00000000	      0.00000000	      0.00000000	      0.00000000	      0.00000000	      0.00000000	      0.00000000	      0.00000000	      0.00000000	      0.00000000	      0.00000000	      0.00000000	      0.00000000	      0.00000000	      0.00000000
      1.44500000	      0.00000000	      0.00000000	      0.00000000	      0.00000000	      0.00000000	      0.00000000	      0.00000000	      0.00000000	      0.00000000	      0.00000000	      0.00000000	      0.00000000	      0.00000000	      0.00000000	      0.00000000	      0.00000000	      0.00000000	      0.00000000
      1.44600000	      0.00000000	      0.00000000	      0.00000000	      0.00000000	      0.00000000	      0.00000000	      0.00000000	      0.00000000	      0.00000000	      0.00000000	      0.00000000	      0.00000000	      0.00000000	      0.00000000	      0.00000000	      0.00000000	      0.00000000	      0.00000000
      1.44700000	      0.00000000	      0.00000000	      0.00000000	      0.00000000	      0.00000000	      0.00000000	      0.00000000	      0.00000000	      0.00000000	      0.00000000	      0.00000000	      0.00000000	      0.00000000	      0.00000000	      0.00000000	      0.00000000	      0.00000000	      0.00000000
      1.44800000	      0.00000000	      0.00000000	      0.00000000	      0.00000000	      0.00000000	      0.00000000	      0.00000000	      0.00000000	      0.00000000	      0.00000000	      0.00000000	      0.00000000	      0.00000000	      0.00000000	      0.00000000	      0.00000000	      0.00000000	      0.00000000
      1.44900000	      0.00000000	      0.00000000	      0.00000000	      0.00000000	      0.00000000	      0.00000000	      0.00000000	      0.00000000	      0.00000000	      0.00000000	      0.00000000	      0.00000000	      0.00000000	      0.00000000	      0.00000000	      0.00000000	      0.00000000	      0.00000000
      1.45000000	      0.00000000	      0.00000000	      0.00000000	      0.00000000	      0.00000000	      0.00000000	      0.00000000	      0.00000000	      0.00000000	      0.00000000	      0.00000000	      0.00000000	      0.00000000	      0.00000000	      0.00000000	      0.00000000	      0.00000000	      0.00000000
      1.45100000	      0.00000000	      0.00000000	      0.00000000	      0.00000000	      0.00000000	      0.00000000	      0.00000000	      0.00000000	      0.00000000	      0.00000000	      0.00000000	      0.00000000	      0.00000000	      0.00000000	      0.00000000	      0.00000000	      0.00000000	      0.00000000
      1.45200000	      0.00000000	      0.00000000	      0.00000000	      0.00000000	      0.00000000	      0.00000000	      0.00000000	      0.00000000	      0.00000000	      0.00000000	      0.00000000	      0.00000000	      0.00000000	      0.00000000	      0.00000000	      0.00000000	      0.00000000	      0.00000000
      1.45300000	      0.00000000	      0.00000000	      0.00000000	      0.00000000	      0.00000000	      0.00000000	      0.00000000	      0.00000000	      0.00000000	      0.00000000	      0.00000000	      0.00000000	      0.00000000	      0.00000000	      0.00000000	      0.00000000	      0.00000000	      0.00000000
      1.45400000	      0.00000000	      0.00000000	      0.00000000	      0.00000000	      0.00000000	      0.00000000	      0.00000000	      0.00000000	      0.00000000	      0.00000000	      0.00000000	      0.00000000	      0.00000000	      0.00000000	      0.00000000	      0.00000000	      0.00000000	      0.00000000
      1.45500000	      0.00000000	      0.00000000	      0.00000000	      0.00000000	      0.00000000	      0.00000000	      0.00000000	      0.00000000	      0.00000000	      0.00000000	      0.00000000	      0.00000000	      0.00000000	      0.00000000	      0.00000000	      0.00000000	      0.00000000	      0.00000000
      1.45600000	      0.00000000	      0.00000000	      0.00000000	      0.00000000	      0.00000000	      0.00000000	      0.00000000	      0.00000000	      0.00000000	      0.00000000	      0.00000000	      0.00000000	      0.00000000	      0.00000000	      0.00000000	      0.00000000	      0.00000000	      0.00000000
      1.45700000	      0.00000000	      0.00000000	      0.00000000	      0.00000000	      0.00000000	      0.00000000	      0.00000000	      0.00000000	      0.00000000	      0.00000000	      0.00000000	      0.00000000	      0.00000000	      0.00000000	      0.00000000	      0.00000000	      0.00000000	      0.00000000
      1.45800000	      0.00000000	      0.00000000	      0.00000000	      0.00000000	      0.00000000	      0.00000000	      0.00000000	      0.00000000	      0.00000000	      0.00000000	      0.00000000	      0.00000000	      0.00000000	      0.00000000	      0.00000000	      0.00000000	      0.00000000	      0.00000000
      1.45900000	      0.00000000	      0.00000000	      0.00000000	      0.00000000	      0.00000000	      0.00000000	      0.00000000	      0.00000000	      0.00000000	      0.00000000	      0.00000000	      0.00000000	      0.00000000	      0.00000000	      0.00000000	      0.00000000	      0.00000000	      0.00000000
      1.46000000	      0.00000000	      0.00000000	      0.00000000	      0.00000000	      0.00000000	      0.00000000	      0.00000000	      0.00000000	      0.00000000	      0.00000000	      0.00000000	      0.00000000	      0.00000000	      0.00000000	      0.00000000	      0.00000000	      0.00000000	      0.00000000
      1.46100000	      0.00000000	      0.00000000	      0.00000000	      0.00000000	      0.00000000	      0.00000000	      0.00000000	      0.00000000	      0.00000000	      0.00000000	      0.00000000	      0.00000000	      0.00000000	      0.00000000	      0.00000000	      0.00000000	      0.00000000	      0.00000000
      1.46200000	      0.00000000	      0.00000000	      0.00000000	      0.00000000	      0.00000000	      0.00000000	      0.00000000	      0.00000000	      0.00000000	      0.00000000	      0.00000000	      0.00000000	      0.00000000	      0.00000000	      0.00000000	      0.00000000	      0.00000000	      0.00000000
      1.46300000	      0.00000000	      0.00000000	      0.00000000	      0.00000000	      0.00000000	      0.00000000	      0.00000000	      0.00000000	      0.00000000	      0.00000000	      0.00000000	      0.00000000	      0.00000000	      0.00000000	      0.00000000	      0.00000000	      0.00000000	      0.00000000
      1.46400000	      0.00000000	      0.00000000	      0.00000000	      0.00000000	      0.00000000	      0.00000000	      0.00000000	      0.00000000	      0.00000000	      0.00000000	      0.00000000	      0.00000000	      0.00000000	      0.00000000	      0.00000000	      0.00000000	      0.00000000	      0.00000000
      1.46500000	      0.00000000	      0.00000000	      0.00000000	      0.00000000	      0.00000000	      0.00000000	      0.00000000	      0.00000000	      0.00000000	      0.00000000	      0.00000000	      0.00000000	      0.00000000	      0.00000000	      0.00000000	      0.00000000	      0.00000000	      0.00000000
      1.46600000	      0.00000000	      0.00000000	      0.00000000	      0.00000000	      0.00000000	      0.00000000	      0.00000000	      0.00000000	      0.00000000	      0.00000000	      0.00000000	      0.00000000	      0.00000000	      0.00000000	      0.00000000	      0.00000000	      0.00000000	      0.00000000
      1.46700000	      0.00000000	      0.00000000	      0.00000000	      0.00000000	      0.00000000	      0.00000000	      0.00000000	      0.00000000	      0.00000000	      0.00000000	      0.00000000	      0.00000000	      0.00000000	      0.00000000	      0.00000000	      0.00000000	      0.00000000	      0.00000000
      1.46800000	      0.00000000	      0.00000000	      0.00000000	      0.00000000	      0.00000000	      0.00000000	      0.00000000	      0.00000000	      0.00000000	      0.00000000	      0.00000000	      0.00000000	      0.00000000	      0.00000000	      0.00000000	      0.00000000	      0.00000000	      0.00000000
      1.46900000	      0.00000000	      0.00000000	      0.00000000	      0.00000000	      0.00000000	      0.00000000	      0.00000000	      0.00000000	      0.00000000	      0.00000000	      0.00000000	      0.00000000	      0.00000000	      0.00000000	      0.00000000	      0.00000000	      0.00000000	      0.00000000
      1.47000000	      0.00000000	      0.00000000	      0.00000000	      0.00000000	      0.00000000	      0.00000000	      0.00000000	      0.00000000	      0.00000000	      0.00000000	      0.00000000	      0.00000000	      0.00000000	      0.00000000	      0.00000000	      0.00000000	      0.00000000	      0.00000000
      1.47100000	      0.00000000	      0.00000000	      0.00000000	      0.00000000	      0.00000000	      0.00000000	      0.00000000	      0.00000000	      0.00000000	      0.00000000	      0.00000000	      0.00000000	      0.00000000	      0.00000000	      0.00000000	      0.00000000	      0.00000000	      0.00000000
      1.47200000	      0.00000000	      0.00000000	      0.00000000	      0.00000000	      0.00000000	      0.00000000	      0.00000000	      0.00000000	      0.00000000	      0.00000000	      0.00000000	      0.00000000	      0.00000000	      0.00000000	      0.00000000	      0.00000000	      0.00000000	      0.00000000
      1.47300000	      0.00000000	      0.00000000	      0.00000000	      0.00000000	      0.00000000	      0.00000000	      0.00000000	      0.00000000	      0.00000000	      0.00000000	      0.00000000	      0.00000000	      0.00000000	      0.00000000	      0.00000000	      0.00000000	      0.00000000	      0.00000000
      1.47400000	      0.00000000	      0.00000000	      0.00000000	      0.00000000	      0.00000000	      0.00000000	      0.00000000	      0.00000000	      0.00000000	      0.00000000	      0.00000000	      0.00000000	      0.00000000	      0.00000000	      0.00000000	      0.00000000	      0.00000000	      0.00000000
      1.47500000	      0.00000000	      0.00000000	      0.00000000	      0.00000000	      0.00000000	      0.00000000	      0.00000000	      0.00000000	      0.00000000	      0.00000000	      0.00000000	      0.00000000	      0.00000000	      0.00000000	      0.00000000	      0.00000000	      0.00000000	      0.00000000
      1.47600000	      0.00000000	      0.00000000	      0.00000000	      0.00000000	      0.00000000	      0.00000000	      0.00000000	      0.00000000	      0.00000000	      0.00000000	      0.00000000	      0.00000000	      0.00000000	      0.00000000	      0.00000000	      0.00000000	      0.00000000	      0.00000000
      1.47700000	      0.00000000	      0.00000000	      0.00000000	      0.00000000	      0.00000000	      0.00000000	      0.00000000	      0.00000000	      0.00000000	      0.00000000	      0.00000000	      0.00000000	      0.00000000	      0.00000000	      0.00000000	      0.00000000	      0.00000000	      0.00000000
      1.47800000	      0.00000000	      0.00000000	      0.00000000	      0.00000000	      0.00000000	      0.00000000	      0.00000000	      0.00000000	      0.00000000	      0.00000000	      0.00000000	      0.00000000	      0.00000000	      0.00000000	      0.00000000	      0.00000000	      0.00000000	      0.00000000
      1.47900000	      0.00000000	      0.00000000	      0.00000000	      0.00000000	      0.00000000	      0.00000000	      0.00000000	      0.00000000	      0.00000000	      0.00000000	      0.00000000	      0.00000000	      0.00000000	      0.00000000	      0.00000000	      0.00000000	      0.00000000	      0.00000000
      1.48000000	      0.00000000	      0.00000000	      0.00000000	      0.00000000	      0.00000000	      0.00000000	      0.00000000	      0.00000000	      0.00000000	      0.00000000	      0.00000000	      0.00000000	      0.00000000	      0.00000000	      0.00000000	      0.00000000	      0.00000000	      0.00000000
      1.48100000	      0.00000000	      0.00000000	      0.00000000	      0.00000000	      0.00000000	      0.00000000	      0.00000000	      0.00000000	      0.00000000	      0.00000000	      0.00000000	      0.00000000	      0.00000000	      0.00000000	      0.00000000	      0.00000000	      0.00000000	      0.00000000
      1.48200000	      0.00000000	      0.00000000	      0.00000000	      0.00000000	      0.00000000	      0.00000000	      0.00000000	      0.00000000	      0.00000000	      0.00000000	      0.00000000	      0.00000000	      0.00000000	      0.00000000	      0.00000000	      0.00000000	      0.00000000	      0.00000000
      1.48300000	      0.00000000	      0.00000000	      0.00000000	      0.00000000	      0.00000000	      0.00000000	      0.00000000	      0.00000000	      0.00000000	      0.00000000	      0.00000000	      0.00000000	      0.00000000	      0.00000000	      0.00000000	      0.00000000	      0.00000000	      0.00000000
      1.48400000	      0.00000000	      0.00000000	      0.00000000	      0.00000000	      0.00000000	      0.00000000	      0.00000000	      0.00000000	      0.00000000	      0.00000000	      0.00000000	      0.00000000	      0.00000000	      0.00000000	      0.00000000	      0.00000000	      0.00000000	      0.00000000
      1.48500000	      0.00000000	      0.00000000	      0.00000000	      0.00000000	      0.00000000	      0.00000000	      0.00000000	      0.00000000	      0.00000000	      0.00000000	      0.00000000	      0.00000000	      0.00000000	      0.00000000	      0.00000000	      0.00000000	      0.00000000	      0.00000000
      1.48600000	      0.00000000	      0.00000000	      0.00000000	      0.00000000	      0.00000000	      0.00000000	      0.00000000	      0.00000000	      0.00000000	      0.00000000	      0.00000000	      0.00000000	      0.00000000	      0.00000000	      0.00000000	      0.00000000	      0.00000000	      0.00000000
      1.48700000	      0.00000000	      0.00000000	      0.00000000	      0.00000000	      0.00000000	      0.00000000	      0.00000000	      0.00000000	      0.00000000	      0.00000000	      0.00000000	      0.00000000	      0.00000000	      0.00000000	      0.00000000	      0.00000000	      0.00000000	      0.00000000
      1.48800000	      0.00000000	      0.00000000	      0.00000000	      0.00000000	      0.00000000	      0.00000000	      0.00000000	      0.00000000	      0.00000000	      0.00000000	      0.00000000	      0.00000000	      0.00000000	      0.00000000	      0.00000000	      0.00000000	      0.00000000	      0.00000000
      1.48900000	      0.00000000	      0.00000000	      0.00000000	      0.00000000	      0.00000000	      0.00000000	      0.00000000	      0.00000000	      0.00000000	      0.00000000	      0.00000000	      0.00000000	      0.00000000	      0.00000000	      0.00000000	      0.00000000	      0.00000000	      0.00000000
      1.49000000	      0.00000000	      0.00000000	      0.00000000	      0.00000000	      0.00000000	      0.00000000	      0.00000000	      0.00000000	      0.00000000	      0.00000000	      0.00000000	      0.00000000	      0.00000000	      0.00000000	      0.00000000	      0.00000000	      0.00000000	      0.00000000
      1.49100000	      0.00000000	      0.00000000	      0.00000000	      0.00000000	      0.00000000	      0.00000000	      0.00000000	      0.00000000	      0.00000000	      0.00000000	      0.00000000	      0.00000000	      0.00000000	      0.00000000	      0.00000000	      0.00000000	      0.00000000	      0.00000000
      1.49200000	      0.00000000	      0.00000000	      0.00000000	      0.00000000	      0.00000000	      0.00000000	      0.00000000	      0.00000000	      0.00000000	      0.00000000	      0.00000000	      0.00000000	      0.00000000	      0.00000000	      0.00000000	      0.00000000	      0.00000000	      0.00000000
      1.49300000	      0.00000000	      0.00000000	      0.00000000	      0.00000000	      0.00000000	      0.00000000	      0.00000000	      0.00000000	      0.00000000	      0.00000000	      0.00000000	      0.00000000	      0.00000000	      0.00000000	      0.00000000	      0.00000000	      0.00000000	      0.00000000
      1.49400000	      0.00000000	      0.00000000	      0.00000000	      0.00000000	      0.00000000	      0.00000000	      0.00000000	      0.00000000	      0.00000000	      0.00000000	      0.00000000	      0.00000000	      0.00000000	      0.00000000	      0.00000000	      0.00000000	      0.00000000	      0.00000000
      1.49500000	      0.00000000	      0.00000000	      0.00000000	      0.00000000	      0.00000000	      0.00000000	      0.00000000	      0.00000000	      0.00000000	      0.00000000	      0.00000000	      0.00000000	      0.00000000	      0.00000000	      0.00000000	      0.00000000	      0.00000000	      0.00000000
      1.49600000	      0.00000000	      0.00000000	      0.00000000	      0.00000000	      0.00000000	      0.00000000	      0.00000000	      0.00000000	      0.00000000	      0.00000000	      0.00000000	      0.00000000	      0.00000000	      0.00000000	      0.00000000	      0.00000000	      0.00000000	      0.00000000
      1.49700000	      0.00000000	      0.00000000	      0.00000000	      0.00000000	      0.00000000	      0.00000000	      0.00000000	      0.00000000	      0.00000000	      0.00000000	      0.00000000	      0.00000000	      0.00000000	      0.00000000	      0.00000000	      0.00000000	      0.00000000	      0.00000000
      1.49800000	      0.00000000	      0.00000000	      0.00000000	      0.00000000	      0.00000000	      0.00000000	      0.00000000	      0.00000000	      0.00000000	      0.00000000	      0.00000000	      0.00000000	      0.00000000	      0.00000000	      0.00000000	      0.00000000	      0.00000000	      0.00000000
      1.49900000	      0.00000000	      0.00000000	      0.00000000	      0.00000000	      0.00000000	      0.00000000	      0.00000000	      0.00000000	      0.00000000	      0.00000000	      0.00000000	      0.00000000	      0.00000000	      0.00000000	      0.00000000	      0.00000000	      0.00000000	      0.00000000
      1.50000000	      0.00000000	      0.00000000	      0.00000000	      0.00000000	      0.00000000	      0.00000000	      0.00000000	      0.00000000	      0.00000000	      0.00000000	      0.00000000	      0.00000000	      0.00000000	      0.00000000	      0.00000000	      0.00000000	      0.00000000	      0.00000000
      1.50100000	      0.00000000	      0.00000000	      0.00000000	      0.00000000	      0.00000000	      0.00000000	      0.00000000	      0.00000000	      0.00000000	      0.00000000	      0.00000000	      0.00000000	      0.00000000	      0.00000000	      0.00000000	      0.00000000	      0.00000000	      0.00000000
      1.50200000	      0.00000000	      0.00000000	      0.00000000	      0.00000000	      0.00000000	      0.00000000	      0.00000000	      0.00000000	      0.00000000	      0.00000000	      0.00000000	      0.00000000	      0.00000000	      0.00000000	      0.00000000	      0.00000000	      0.00000000	      0.00000000
      1.50300000	      0.00000000	      0.00000000	      0.00000000	      0.00000000	      0.00000000	      0.00000000	      0.00000000	      0.00000000	      0.00000000	      0.00000000	      0.00000000	      0.00000000	      0.00000000	      0.00000000	      0.00000000	      0.00000000	      0.00000000	      0.00000000
      1.50400000	      0.00000000	      0.00000000	      0.00000000	      0.00000000	      0.00000000	      0.00000000	      0.00000000	      0.00000000	      0.00000000	      0.00000000	      0.00000000	      0.00000000	      0.00000000	      0.00000000	      0.00000000	      0.00000000	      0.00000000	      0.00000000
      1.50500000	      0.00000000	      0.00000000	      0.00000000	      0.00000000	      0.00000000	      0.00000000	      0.00000000	      0.00000000	      0.00000000	      0.00000000	      0.00000000	      0.00000000	      0.00000000	      0.00000000	      0.00000000	      0.00000000	      0.00000000	      0.00000000
      1.50600000	      0.00000000	      0.00000000	      0.00000000	      0.00000000	      0.00000000	      0.00000000	      0.00000000	      0.00000000	      0.00000000	      0.00000000	      0.00000000	      0.00000000	      0.00000000	      0.00000000	      0.00000000	      0.00000000	      0.00000000	      0.00000000
      1.50700000	      0.00000000	      0.00000000	      0.00000000	      0.00000000	      0.00000000	      0.00000000	      0.00000000	      0.00000000	      0.00000000	      0.00000000	      0.00000000	      0.00000000	      0.00000000	      0.00000000	      0.00000000	      0.00000000	      0.00000000	      0.00000000
      1.50800000	      0.00000000	      0.00000000	      0.00000000	      0.00000000	      0.00000000	      0.00000000	      0.00000000	      0.00000000	      0.00000000	      0.00000000	      0.00000000	      0.00000000	      0.00000000	      0.00000000	      0.00000000	      0.00000000	      0.00000000	      0.00000000
      1.50900000	      0.00000000	      0.00000000	      0.00000000	      0.00000000	      0.00000000	      0.00000000	      0.00000000	      0.00000000	      0.00000000	      0.00000000	      0.00000000	      0.00000000	      0.00000000	      0.00000000	      0.00000000	      0.00000000	      0.00000000	      0.00000000
      1.51000000	      0.00000000	      0.00000000	      0.00000000	      0.00000000	      0.00000000	      0.00000000	      0.00000000	      0.00000000	      0.00000000	      0.00000000	      0.00000000	      0.00000000	      0.00000000	      0.00000000	      0.00000000	      0.00000000	      0.00000000	      0.00000000
      1.51100000	      0.00000000	      0.00000000	      0.00000000	      0.00000000	      0.00000000	      0.00000000	      0.00000000	      0.00000000	      0.00000000	      0.00000000	      0.00000000	      0.00000000	      0.00000000	      0.00000000	      0.00000000	      0.00000000	      0.00000000	      0.00000000
      1.51200000	      0.00000000	      0.00000000	      0.00000000	      0.00000000	      0.00000000	      0.00000000	      0.00000000	      0.00000000	      0.00000000	      0.00000000	      0.00000000	      0.00000000	      0.00000000	      0.00000000	      0.00000000	      0.00000000	      0.00000000	      0.00000000
      1.51300000	      0.00000000	      0.00000000	      0.00000000	      0.00000000	      0.00000000	      0.00000000	      0.00000000	      0.00000000	      0.00000000	      0.00000000	      0.00000000	      0.00000000	      0.00000000	      0.00000000	      0.00000000	      0.00000000	      0.00000000	      0.00000000
      1.51400000	      0.00000000	      0.00000000	      0.00000000	      0.00000000	      0.00000000	      0.00000000	      0.00000000	      0.00000000	      0.00000000	      0.00000000	      0.00000000	      0.00000000	      0.00000000	      0.00000000	      0.00000000	      0.00000000	      0.00000000	      0.00000000
      1.51500000	      0.00000000	      0.00000000	      0.00000000	      0.00000000	      0.00000000	      0.00000000	      0.00000000	      0.00000000	      0.00000000	      0.00000000	      0.00000000	      0.00000000	      0.00000000	      0.00000000	      0.00000000	      0.00000000	      0.00000000	      0.00000000
      1.51600000	      0.00000000	      0.00000000	      0.00000000	      0.00000000	      0.00000000	      0.00000000	      0.00000000	      0.00000000	      0.00000000	      0.00000000	      0.00000000	      0.00000000	      0.00000000	      0.00000000	      0.00000000	      0.00000000	      0.00000000	      0.00000000
      1.51700000	      0.00000000	      0.00000000	      0.00000000	      0.00000000	      0.00000000	      0.00000000	      0.00000000	      0.00000000	      0.00000000	      0.00000000	      0.00000000	      0.00000000	      0.00000000	      0.00000000	      0.00000000	      0.00000000	      0.00000000	      0.00000000
      1.51800000	      0.00000000	      0.00000000	      0.00000000	      0.00000000	      0.00000000	      0.00000000	      0.00000000	      0.00000000	      0.00000000	      0.00000000	      0.00000000	      0.00000000	      0.00000000	      0.00000000	      0.00000000	      0.00000000	      0.00000000	      0.00000000
      1.51900000	      0.00000000	      0.00000000	      0.00000000	      0.00000000	      0.00000000	      0.00000000	      0.00000000	      0.00000000	      0.00000000	      0.00000000	      0.00000000	      0.00000000	      0.00000000	      0.00000000	      0.00000000	      0.00000000	      0.00000000	      0.00000000
      1.52000000	      0.00000000	      0.00000000	      0.00000000	      0.00000000	      0.00000000	      0.00000000	      0.00000000	      0.00000000	      0.00000000	      0.00000000	      0.00000000	      0.00000000	      0.00000000	      0.00000000	      0.00000000	      0.00000000	      0.00000000	      0.00000000
      1.52100000	      0.00000000	      0.00000000	      0.00000000	      0.00000000	      0.00000000	      0.00000000	      0.00000000	      0.00000000	      0.00000000	      0.00000000	      0.00000000	      0.00000000	      0.00000000	      0.00000000	      0.00000000	      0.00000000	      0.00000000	      0.00000000
      1.52200000	      0.00000000	      0.00000000	      0.00000000	      0.00000000	      0.00000000	      0.00000000	      0.00000000	      0.00000000	      0.00000000	      0.00000000	      0.00000000	      0.00000000	      0.00000000	      0.00000000	      0.00000000	      0.00000000	      0.00000000	      0.00000000
      1.52300000	      0.00000000	      0.00000000	      0.00000000	      0.00000000	      0.00000000	      0.00000000	      0.00000000	      0.00000000	      0.00000000	      0.00000000	      0.00000000	      0.00000000	      0.00000000	      0.00000000	      0.00000000	      0.00000000	      0.00000000	      0.00000000
      1.52400000	      0.00000000	      0.00000000	      0.00000000	      0.00000000	      0.00000000	      0.00000000	      0.00000000	      0.00000000	      0.00000000	      0.00000000	      0.00000000	      0.00000000	      0.00000000	      0.00000000	      0.00000000	      0.00000000	      0.00000000	      0.00000000
      1.52500000	      0.00000000	      0.00000000	      0.00000000	      0.00000000	      0.00000000	      0.00000000	      0.00000000	      0.00000000	      0.00000000	      0.00000000	      0.00000000	      0.00000000	      0.00000000	      0.00000000	      0.00000000	      0.00000000	      0.00000000	      0.00000000
      1.52600000	      0.00000000	      0.00000000	      0.00000000	      0.00000000	      0.00000000	      0.00000000	      0.00000000	      0.00000000	      0.00000000	      0.00000000	      0.00000000	      0.00000000	      0.00000000	      0.00000000	      0.00000000	      0.00000000	      0.00000000	      0.00000000
      1.52700000	      0.00000000	      0.00000000	      0.00000000	      0.00000000	      0.00000000	      0.00000000	      0.00000000	      0.00000000	      0.00000000	      0.00000000	      0.00000000	      0.00000000	      0.00000000	      0.00000000	      0.00000000	      0.00000000	      0.00000000	      0.00000000
      1.52800000	      0.00000000	      0.00000000	      0.00000000	      0.00000000	      0.00000000	      0.00000000	      0.00000000	      0.00000000	      0.00000000	      0.00000000	      0.00000000	      0.00000000	      0.00000000	      0.00000000	      0.00000000	      0.00000000	      0.00000000	      0.00000000
      1.52900000	      0.00000000	      0.00000000	      0.00000000	      0.00000000	      0.00000000	      0.00000000	      0.00000000	      0.00000000	      0.00000000	      0.00000000	      0.00000000	      0.00000000	      0.00000000	      0.00000000	      0.00000000	      0.00000000	      0.00000000	      0.00000000
      1.53000000	      0.00000000	      0.00000000	      0.00000000	      0.00000000	      0.00000000	      0.00000000	      0.00000000	      0.00000000	      0.00000000	      0.00000000	      0.00000000	      0.00000000	      0.00000000	      0.00000000	      0.00000000	      0.00000000	      0.00000000	      0.00000000
      1.53100000	      0.00000000	      0.00000000	      0.00000000	      0.00000000	      0.00000000	      0.00000000	      0.00000000	      0.00000000	      0.00000000	      0.00000000	      0.00000000	      0.00000000	      0.00000000	      0.00000000	      0.00000000	      0.00000000	      0.00000000	      0.00000000
      1.53200000	      0.00000000	      0.00000000	      0.00000000	      0.00000000	      0.00000000	      0.00000000	      0.00000000	      0.00000000	      0.00000000	      0.00000000	      0.00000000	      0.00000000	      0.00000000	      0.00000000	      0.00000000	      0.00000000	      0.00000000	      0.00000000
      1.53300000	      0.00000000	      0.00000000	      0.00000000	      0.00000000	      0.00000000	      0.00000000	      0.00000000	      0.00000000	      0.00000000	      0.00000000	      0.00000000	      0.00000000	      0.00000000	      0.00000000	      0.00000000	      0.00000000	      0.00000000	      0.00000000
      1.53400000	      0.00000000	      0.00000000	      0.00000000	      0.00000000	      0.00000000	      0.00000000	      0.00000000	      0.00000000	      0.00000000	      0.00000000	      0.00000000	      0.00000000	      0.00000000	      0.00000000	      0.00000000	      0.00000000	      0.00000000	      0.00000000
      1.53500000	      0.00000000	      0.00000000	      0.00000000	      0.00000000	      0.00000000	      0.00000000	      0.00000000	      0.00000000	      0.00000000	      0.00000000	      0.00000000	      0.00000000	      0.00000000	      0.00000000	      0.00000000	      0.00000000	      0.00000000	      0.00000000
      1.53600000	      0.00000000	      0.00000000	      0.00000000	      0.00000000	      0.00000000	      0.00000000	      0.00000000	      0.00000000	      0.00000000	      0.00000000	      0.00000000	      0.00000000	      0.00000000	      0.00000000	      0.00000000	      0.00000000	      0.00000000	      0.00000000
      1.53700000	      0.00000000	      0.00000000	      0.00000000	      0.00000000	      0.00000000	      0.00000000	      0.00000000	      0.00000000	      0.00000000	      0.00000000	      0.00000000	      0.00000000	      0.00000000	      0.00000000	      0.00000000	      0.00000000	      0.00000000	      0.00000000
      1.53800000	      0.00000000	      0.00000000	      0.00000000	      0.00000000	      0.00000000	      0.00000000	      0.00000000	      0.00000000	      0.00000000	      0.00000000	      0.00000000	      0.00000000	      0.00000000	      0.00000000	      0.00000000	      0.00000000	      0.00000000	      0.00000000
      1.53900000	      0.00000000	      0.00000000	      0.00000000	      0.00000000	      0.00000000	      0.00000000	      0.00000000	      0.00000000	      0.00000000	      0.00000000	      0.00000000	      0.00000000	      0.00000000	      0.00000000	      0.00000000	      0.00000000	      0.00000000	      0.00000000
      1.54000000	      0.00000000	      0.00000000	      0.00000000	      0.00000000	      0.00000000	      0.00000000	      0.00000000	      0.00000000	      0.00000000	      0.00000000	      0.00000000	      0.00000000	      0.00000000	      0.00000000	      0.00000000	      0.00000000	      0.00000000	      0.00000000
      1.54100000	      0.00000000	      0.00000000	      0.00000000	      0.00000000	      0.00000000	      0.00000000	      0.00000000	      0.00000000	      0.00000000	      0.00000000	      0.00000000	      0.00000000	      0.00000000	      0.00000000	      0.00000000	      0.00000000	      0.00000000	      0.00000000
      1.54200000	      0.00000000	      0.00000000	      0.00000000	      0.00000000	      0.00000000	      0.00000000	      0.00000000	      0.00000000	      0.00000000	      0.00000000	      0.00000000	      0.00000000	      0.00000000	      0.00000000	      0.00000000	      0.00000000	      0.00000000	      0.00000000
      1.54300000	      0.00000000	      0.00000000	      0.00000000	      0.00000000	      0.00000000	      0.00000000	      0.00000000	      0.00000000	      0.00000000	      0.00000000	      0.00000000	      0.00000000	      0.00000000	      0.00000000	      0.00000000	      0.00000000	      0.00000000	      0.00000000
      1.54400000	      0.00000000	      0.00000000	      0.00000000	      0.00000000	      0.00000000	      0.00000000	      0.00000000	      0.00000000	      0.00000000	      0.00000000	      0.00000000	      0.00000000	      0.00000000	      0.00000000	      0.00000000	      0.00000000	      0.00000000	      0.00000000
      1.54500000	      0.00000000	      0.00000000	      0.00000000	      0.00000000	      0.00000000	      0.00000000	      0.00000000	      0.00000000	      0.00000000	      0.00000000	      0.00000000	      0.00000000	      0.00000000	      0.00000000	      0.00000000	      0.00000000	      0.00000000	      0.00000000
      1.54600000	      0.00000000	      0.00000000	      0.00000000	      0.00000000	      0.00000000	      0.00000000	      0.00000000	      0.00000000	      0.00000000	      0.00000000	      0.00000000	      0.00000000	      0.00000000	      0.00000000	      0.00000000	      0.00000000	      0.00000000	      0.00000000
      1.54700000	      0.00000000	      0.00000000	      0.00000000	      0.00000000	      0.00000000	      0.00000000	      0.00000000	      0.00000000	      0.00000000	      0.00000000	      0.00000000	      0.00000000	      0.00000000	      0.00000000	      0.00000000	      0.00000000	      0.00000000	      0.00000000
      1.54800000	      0.00000000	      0.00000000	      0.00000000	      0.00000000	      0.00000000	      0.00000000	      0.00000000	      0.00000000	      0.00000000	      0.00000000	      0.00000000	      0.00000000	      0.00000000	      0.00000000	      0.00000000	      0.00000000	      0.00000000	      0.00000000
      1.54900000	      0.00000000	      0.00000000	      0.00000000	      0.00000000	      0.00000000	      0.00000000	      0.00000000	      0.00000000	      0.00000000	      0.00000000	      0.00000000	      0.00000000	      0.00000000	      0.00000000	      0.00000000	      0.00000000	      0.00000000	      0.00000000
      1.55000000	      0.00000000	      0.00000000	      0.00000000	      0.00000000	      0.00000000	      0.00000000	      0.00000000	      0.00000000	      0.00000000	      0.00000000	      0.00000000	      0.00000000	      0.00000000	      0.00000000	      0.00000000	      0.00000000	      0.00000000	      0.00000000
      1.55100000	      0.00000000	      0.00000000	      0.00000000	      0.00000000	      0.00000000	      0.00000000	      0.00000000	      0.00000000	      0.00000000	      0.00000000	      0.00000000	      0.00000000	      0.00000000	      0.00000000	      0.00000000	      0.00000000	      0.00000000	      0.00000000
      1.55200000	      0.00000000	      0.00000000	      0.00000000	      0.00000000	      0.00000000	      0.00000000	      0.00000000	      0.00000000	      0.00000000	      0.00000000	      0.00000000	      0.00000000	      0.00000000	      0.00000000	      0.00000000	      0.00000000	      0.00000000	      0.00000000
      1.55300000	      0.00000000	      0.00000000	      0.00000000	      0.00000000	      0.00000000	      0.00000000	      0.00000000	      0.00000000	      0.00000000	      0.00000000	      0.00000000	      0.00000000	      0.00000000	      0.00000000	      0.00000000	      0.00000000	      0.00000000	      0.00000000
      1.55400000	      0.00000000	      0.00000000	      0.00000000	      0.00000000	      0.00000000	      0.00000000	      0.00000000	      0.00000000	      0.00000000	      0.00000000	      0.00000000	      0.00000000	      0.00000000	      0.00000000	      0.00000000	      0.00000000	      0.00000000	      0.00000000
      1.55500000	      0.00000000	      0.00000000	      0.00000000	      0.00000000	      0.00000000	      0.00000000	      0.00000000	      0.00000000	      0.00000000	      0.00000000	      0.00000000	      0.00000000	      0.00000000	      0.00000000	      0.00000000	      0.00000000	      0.00000000	      0.00000000
      1.55600000	      0.00000000	      0.00000000	      0.00000000	      0.00000000	      0.00000000	      0.00000000	      0.00000000	      0.00000000	      0.00000000	      0.00000000	      0.00000000	      0.00000000	      0.00000000	      0.00000000	      0.00000000	      0.00000000	      0.00000000	      0.00000000
      1.55700000	      0.00000000	      0.00000000	      0.00000000	      0.00000000	      0.00000000	      0.00000000	      0.00000000	      0.00000000	      0.00000000	      0.00000000	      0.00000000	      0.00000000	      0.00000000	      0.00000000	      0.00000000	      0.00000000	      0.00000000	      0.00000000
      1.55800000	      0.00000000	      0.00000000	      0.00000000	      0.00000000	      0.00000000	      0.00000000	      0.00000000	      0.00000000	      0.00000000	      0.00000000	      0.00000000	      0.00000000	      0.00000000	      0.00000000	      0.00000000	      0.00000000	      0.00000000	      0.00000000
      1.55900000	      0.00000000	      0.00000000	      0.00000000	      0.00000000	      0.00000000	      0.00000000	      0.00000000	      0.00000000	      0.00000000	      0.00000000	      0.00000000	      0.00000000	      0.00000000	      0.00000000	      0.00000000	      0.00000000	      0.00000000	      0.00000000
      1.56000000	      0.00000000	      0.00000000	      0.00000000	      0.00000000	      0.00000000	      0.00000000	      0.00000000	      0.00000000	      0.00000000	      0.00000000	      0.00000000	      0.00000000	      0.00000000	      0.00000000	      0.00000000	      0.00000000	      0.00000000	      0.00000000
      1.56100000	      0.00000000	      0.00000000	      0.00000000	      0.00000000	      0.00000000	      0.00000000	      0.00000000	      0.00000000	      0.00000000	      0.00000000	      0.00000000	      0.00000000	      0.00000000	      0.00000000	      0.00000000	      0.00000000	      0.00000000	      0.00000000
      1.56200000	      0.00000000	      0.00000000	      0.00000000	      0.00000000	      0.00000000	      0.00000000	      0.00000000	      0.00000000	      0.00000000	      0.00000000	      0.00000000	      0.00000000	      0.00000000	      0.00000000	      0.00000000	      0.00000000	      0.00000000	      0.00000000
      1.56300000	      0.00000000	      0.00000000	      0.00000000	      0.00000000	      0.00000000	      0.00000000	      0.00000000	      0.00000000	      0.00000000	      0.00000000	      0.00000000	      0.00000000	      0.00000000	      0.00000000	      0.00000000	      0.00000000	      0.00000000	      0.00000000
      1.56400000	      0.00000000	      0.00000000	      0.00000000	      0.00000000	      0.00000000	      0.00000000	      0.00000000	      0.00000000	      0.00000000	      0.00000000	      0.00000000	      0.00000000	      0.00000000	      0.00000000	      0.00000000	      0.00000000	      0.00000000	      0.00000000
      1.56500000	      0.00000000	      0.00000000	      0.00000000	      0.00000000	      0.00000000	      0.00000000	      0.00000000	      0.00000000	      0.00000000	      0.00000000	      0.00000000	      0.00000000	      0.00000000	      0.00000000	      0.00000000	      0.00000000	      0.00000000	      0.00000000
      1.56600000	      0.00000000	      0.00000000	      0.00000000	      0.00000000	      0.00000000	      0.00000000	      0.00000000	      0.00000000	      0.00000000	      0.00000000	      0.00000000	      0.00000000	      0.00000000	      0.00000000	      0.00000000	      0.00000000	      0.00000000	      0.00000000
      1.56700000	      0.00000000	      0.00000000	      0.00000000	      0.00000000	      0.00000000	      0.00000000	      0.00000000	      0.00000000	      0.00000000	      0.00000000	      0.00000000	      0.00000000	      0.00000000	      0.00000000	      0.00000000	      0.00000000	      0.00000000	      0.00000000
      1.56800000	      0.00000000	      0.00000000	      0.00000000	      0.00000000	      0.00000000	      0.00000000	      0.00000000	      0.00000000	      0.00000000	      0.00000000	      0.00000000	      0.00000000	      0.00000000	      0.00000000	      0.00000000	      0.00000000	      0.00000000	      0.00000000
      1.56900000	      0.00000000	      0.00000000	      0.00000000	      0.00000000	      0.00000000	      0.00000000	      0.00000000	      0.00000000	      0.00000000	      0.00000000	      0.00000000	      0.00000000	      0.00000000	      0.00000000	      0.00000000	      0.00000000	      0.00000000	      0.00000000
      1.57000000	      0.00000000	      0.00000000	      0.00000000	      0.00000000	      0.00000000	      0.00000000	      0.00000000	      0.00000000	      0.00000000	      0.00000000	      0.00000000	      0.00000000	      0.00000000	      0.00000000	      0.00000000	      0.00000000	      0.00000000	      0.00000000
      1.57100000	      0.00000000	      0.00000000	      0.00000000	      0.00000000	      0.00000000	      0.00000000	      0.00000000	      0.00000000	      0.00000000	      0.00000000	      0.00000000	      0.00000000	      0.00000000	      0.00000000	      0.00000000	      0.00000000	      0.00000000	      0.00000000
      1.57200000	      0.00000000	      0.00000000	      0.00000000	      0.00000000	      0.00000000	      0.00000000	      0.00000000	      0.00000000	      0.00000000	      0.00000000	      0.00000000	      0.00000000	      0.00000000	      0.00000000	      0.00000000	      0.00000000	      0.00000000	      0.00000000
      1.57300000	      0.00000000	      0.00000000	      0.00000000	      0.00000000	      0.00000000	      0.00000000	      0.00000000	      0.00000000	      0.00000000	      0.00000000	      0.00000000	      0.00000000	      0.00000000	      0.00000000	      0.00000000	      0.00000000	      0.00000000	      0.00000000
      1.57400000	      0.00000000	      0.00000000	      0.00000000	      0.00000000	      0.00000000	      0.00000000	      0.00000000	      0.00000000	      0.00000000	      0.00000000	      0.00000000	      0.00000000	      0.00000000	      0.00000000	      0.00000000	      0.00000000	      0.00000000	      0.00000000
      1.57500000	      0.00000000	      0.00000000	      0.00000000	      0.00000000	      0.00000000	      0.00000000	      0.00000000	      0.00000000	      0.00000000	      0.00000000	      0.00000000	      0.00000000	      0.00000000	      0.00000000	      0.00000000	      0.00000000	      0.00000000	      0.00000000
      1.57600000	      0.00000000	      0.00000000	      0.00000000	      0.00000000	      0.00000000	      0.00000000	      0.00000000	      0.00000000	      0.00000000	      0.00000000	      0.00000000	      0.00000000	      0.00000000	      0.00000000	      0.00000000	      0.00000000	      0.00000000	      0.00000000
      1.57700000	      0.00000000	      0.00000000	      0.00000000	      0.00000000	      0.00000000	      0.00000000	      0.00000000	      0.00000000	      0.00000000	      0.00000000	      0.00000000	      0.00000000	      0.00000000	      0.00000000	      0.00000000	      0.00000000	      0.00000000	      0.00000000
      1.57800000	      0.00000000	      0.00000000	      0.00000000	      0.00000000	      0.00000000	      0.00000000	      0.00000000	      0.00000000	      0.00000000	      0.00000000	      0.00000000	      0.00000000	      0.00000000	      0.00000000	      0.00000000	      0.00000000	      0.00000000	      0.00000000
      1.57900000	      0.00000000	      0.00000000	      0.00000000	      0.00000000	      0.00000000	      0.00000000	      0.00000000	      0.00000000	      0.00000000	      0.00000000	      0.00000000	      0.00000000	      0.00000000	      0.00000000	      0.00000000	      0.00000000	      0.00000000	      0.00000000
      1.58000000	      0.00000000	      0.00000000	      0.00000000	      0.00000000	      0.00000000	      0.00000000	      0.00000000	      0.00000000	      0.00000000	      0.00000000	      0.00000000	      0.00000000	      0.00000000	      0.00000000	      0.00000000	      0.00000000	      0.00000000	      0.00000000
      1.58100000	      0.00000000	      0.00000000	      0.00000000	      0.00000000	      0.00000000	      0.00000000	      0.00000000	      0.00000000	      0.00000000	      0.00000000	      0.00000000	      0.00000000	      0.00000000	      0.00000000	      0.00000000	      0.00000000	      0.00000000	      0.00000000
      1.58200000	      0.00000000	      0.00000000	      0.00000000	      0.00000000	      0.00000000	      0.00000000	      0.00000000	      0.00000000	      0.00000000	      0.00000000	      0.00000000	      0.00000000	      0.00000000	      0.00000000	      0.00000000	      0.00000000	      0.00000000	      0.00000000
      1.58300000	      0.00000000	      0.00000000	      0.00000000	      0.00000000	      0.00000000	      0.00000000	      0.00000000	      0.00000000	      0.00000000	      0.00000000	      0.00000000	      0.00000000	      0.00000000	      0.00000000	      0.00000000	      0.00000000	      0.00000000	      0.00000000
      1.58400000	      0.00000000	      0.00000000	      0.00000000	      0.00000000	      0.00000000	      0.00000000	      0.00000000	      0.00000000	      0.00000000	      0.00000000	      0.00000000	      0.00000000	      0.00000000	      0.00000000	      0.00000000	      0.00000000	      0.00000000	      0.00000000
      1.58500000	      0.00000000	      0.00000000	      0.00000000	      0.00000000	      0.00000000	      0.00000000	      0.00000000	      0.00000000	      0.00000000	      0.00000000	      0.00000000	      0.00000000	      0.00000000	      0.00000000	      0.00000000	      0.00000000	      0.00000000	      0.00000000
      1.58600000	      0.00000000	      0.00000000	      0.00000000	      0.00000000	      0.00000000	      0.00000000	      0.00000000	      0.00000000	      0.00000000	      0.00000000	      0.00000000	      0.00000000	      0.00000000	      0.00000000	      0.00000000	      0.00000000	      0.00000000	      0.00000000
      1.58700000	      0.00000000	      0.00000000	      0.00000000	      0.00000000	      0.00000000	      0.00000000	      0.00000000	      0.00000000	      0.00000000	      0.00000000	      0.00000000	      0.00000000	      0.00000000	      0.00000000	      0.00000000	      0.00000000	      0.00000000	      0.00000000
      1.58800000	      0.00000000	      0.00000000	      0.00000000	      0.00000000	      0.00000000	      0.00000000	      0.00000000	      0.00000000	      0.00000000	      0.00000000	      0.00000000	      0.00000000	      0.00000000	      0.00000000	      0.00000000	      0.00000000	      0.00000000	      0.00000000
      1.58900000	      0.00000000	      0.00000000	      0.00000000	      0.00000000	      0.00000000	      0.00000000	      0.00000000	      0.00000000	      0.00000000	      0.00000000	      0.00000000	      0.00000000	      0.00000000	      0.00000000	      0.00000000	      0.00000000	      0.00000000	      0.00000000
      1.59000000	      0.00000000	      0.00000000	      0.00000000	      0.00000000	      0.00000000	      0.00000000	      0.00000000	      0.00000000	      0.00000000	      0.00000000	      0.00000000	      0.00000000	      0.00000000	      0.00000000	      0.00000000	      0.00000000	      0.00000000	      0.00000000
      1.59100000	      0.00000000	      0.00000000	      0.00000000	      0.00000000	      0.00000000	      0.00000000	      0.00000000	      0.00000000	      0.00000000	      0.00000000	      0.00000000	      0.00000000	      0.00000000	      0.00000000	      0.00000000	      0.00000000	      0.00000000	      0.00000000
      1.59200000	      0.00000000	      0.00000000	      0.00000000	      0.00000000	      0.00000000	      0.00000000	      0.00000000	      0.00000000	      0.00000000	      0.00000000	      0.00000000	      0.00000000	      0.00000000	      0.00000000	      0.00000000	      0.00000000	      0.00000000	      0.00000000
      1.59300000	      0.00000000	      0.00000000	      0.00000000	      0.00000000	      0.00000000	      0.00000000	      0.00000000	      0.00000000	      0.00000000	      0.00000000	      0.00000000	      0.00000000	      0.00000000	      0.00000000	      0.00000000	      0.00000000	      0.00000000	      0.00000000
      1.59400000	      0.00000000	      0.00000000	      0.00000000	      0.00000000	      0.00000000	      0.00000000	      0.00000000	      0.00000000	      0.00000000	      0.00000000	      0.00000000	      0.00000000	      0.00000000	      0.00000000	      0.00000000	      0.00000000	      0.00000000	      0.00000000
      1.59500000	      0.00000000	      0.00000000	      0.00000000	      0.00000000	      0.00000000	      0.00000000	      0.00000000	      0.00000000	      0.00000000	      0.00000000	      0.00000000	      0.00000000	      0.00000000	      0.00000000	      0.00000000	      0.00000000	      0.00000000	      0.00000000
      1.59600000	      0.00000000	      0.00000000	      0.00000000	      0.00000000	      0.00000000	      0.00000000	      0.00000000	      0.00000000	      0.00000000	      0.00000000	      0.00000000	      0.00000000	      0.00000000	      0.00000000	      0.00000000	      0.00000000	      0.00000000	      0.00000000
      1.59700000	      0.00000000	      0.00000000	      0.00000000	      0.00000000	      0.00000000	      0.00000000	      0.00000000	      0.00000000	      0.00000000	      0.00000000	      0.00000000	      0.00000000	      0.00000000	      0.00000000	      0.00000000	      0.00000000	      0.00000000	      0.00000000
      1.59800000	      0.00000000	      0.00000000	      0.00000000	      0.00000000	      0.00000000	      0.00000000	      0.00000000	      0.00000000	      0.00000000	      0.00000000	      0.00000000	      0.00000000	      0.00000000	      0.00000000	      0.00000000	      0.00000000	      0.00000000	      0.00000000
      1.59900000	      0.00000000	      0.00000000	      0.00000000	      0.00000000	      0.00000000	      0.00000000	      0.00000000	      0.00000000	      0.00000000	      0.00000000	      0.00000000	      0.00000000	      0.00000000	      0.00000000	      0.00000000	      0.00000000	      0.00000000	      0.00000000
      1.60000000	      0.00000000	      0.00000000	      0.00000000	      0.00000000	      0.00000000	      0.00000000	      0.00000000	      0.00000000	      0.00000000	      0.00000000	      0.00000000	      0.00000000	      0.00000000	      0.00000000	      0.00000000	      0.00000000	      0.00000000	      0.00000000
      1.60100000	      0.00000000	      0.00000000	      0.00000000	      0.00000000	      0.00000000	      0.00000000	      0.00000000	      0.00000000	      0.00000000	      0.00000000	      0.00000000	      0.00000000	      0.00000000	      0.00000000	      0.00000000	      0.00000000	      0.00000000	      0.00000000
      1.60200000	      0.00000000	      0.00000000	      0.00000000	      0.00000000	      0.00000000	      0.00000000	      0.00000000	      0.00000000	      0.00000000	      0.00000000	      0.00000000	      0.00000000	      0.00000000	      0.00000000	      0.00000000	      0.00000000	      0.00000000	      0.00000000
      1.60300000	      0.00000000	      0.00000000	      0.00000000	      0.00000000	      0.00000000	      0.00000000	      0.00000000	      0.00000000	      0.00000000	      0.00000000	      0.00000000	      0.00000000	      0.00000000	      0.00000000	      0.00000000	      0.00000000	      0.00000000	      0.00000000
      1.60400000	      0.00000000	      0.00000000	      0.00000000	      0.00000000	      0.00000000	      0.00000000	      0.00000000	      0.00000000	      0.00000000	      0.00000000	      0.00000000	      0.00000000	      0.00000000	      0.00000000	      0.00000000	      0.00000000	      0.00000000	      0.00000000
      1.60500000	      0.00000000	      0.00000000	      0.00000000	      0.00000000	      0.00000000	      0.00000000	      0.00000000	      0.00000000	      0.00000000	      0.00000000	      0.00000000	      0.00000000	      0.00000000	      0.00000000	      0.00000000	      0.00000000	      0.00000000	      0.00000000
      1.60600000	      0.00000000	      0.00000000	      0.00000000	      0.00000000	      0.00000000	      0.00000000	      0.00000000	      0.00000000	      0.00000000	      0.00000000	      0.00000000	      0.00000000	      0.00000000	      0.00000000	      0.00000000	      0.00000000	      0.00000000	      0.00000000
      1.60700000	      0.00000000	      0.00000000	      0.00000000	      0.00000000	      0.00000000	      0.00000000	      0.00000000	      0.00000000	      0.00000000	      0.00000000	      0.00000000	      0.00000000	      0.00000000	      0.00000000	      0.00000000	      0.00000000	      0.00000000	      0.00000000
      1.60800000	      0.00000000	      0.00000000	      0.00000000	      0.00000000	      0.00000000	      0.00000000	      0.00000000	      0.00000000	      0.00000000	      0.00000000	      0.00000000	      0.00000000	      0.00000000	      0.00000000	      0.00000000	      0.00000000	      0.00000000	      0.00000000
      1.60900000	      0.00000000	      0.00000000	      0.00000000	      0.00000000	      0.00000000	      0.00000000	      0.00000000	      0.00000000	      0.00000000	      0.00000000	      0.00000000	      0.00000000	      0.00000000	      0.00000000	      0.00000000	      0.00000000	      0.00000000	      0.00000000
      1.61000000	      0.00000000	      0.00000000	      0.00000000	      0.00000000	      0.00000000	      0.00000000	      0.00000000	      0.00000000	      0.00000000	      0.00000000	      0.00000000	      0.00000000	      0.00000000	      0.00000000	      0.00000000	      0.00000000	      0.00000000	      0.00000000
      1.61100000	      0.00000000	      0.00000000	      0.00000000	      0.00000000	      0.00000000	      0.00000000	      0.00000000	      0.00000000	      0.00000000	      0.00000000	      0.00000000	      0.00000000	      0.00000000	      0.00000000	      0.00000000	      0.00000000	      0.00000000	      0.00000000
      1.61200000	      0.00000000	      0.00000000	      0.00000000	      0.00000000	      0.00000000	      0.00000000	      0.00000000	      0.00000000	      0.00000000	      0.00000000	      0.00000000	      0.00000000	      0.00000000	      0.00000000	      0.00000000	      0.00000000	      0.00000000	      0.00000000
      1.61300000	      0.00000000	      0.00000000	      0.00000000	      0.00000000	      0.00000000	      0.00000000	      0.00000000	      0.00000000	      0.00000000	      0.00000000	      0.00000000	      0.00000000	      0.00000000	      0.00000000	      0.00000000	      0.00000000	      0.00000000	      0.00000000
      1.61400000	      0.00000000	      0.00000000	      0.00000000	      0.00000000	      0.00000000	      0.00000000	      0.00000000	      0.00000000	      0.00000000	      0.00000000	      0.00000000	      0.00000000	      0.00000000	      0.00000000	      0.00000000	      0.00000000	      0.00000000	      0.00000000
      1.61500000	      0.00000000	      0.00000000	      0.00000000	      0.00000000	      0.00000000	      0.00000000	      0.00000000	      0.00000000	      0.00000000	      0.00000000	      0.00000000	      0.00000000	      0.00000000	      0.00000000	      0.00000000	      0.00000000	      0.00000000	      0.00000000
      1.61600000	      0.00000000	      0.00000000	      0.00000000	      0.00000000	      0.00000000	      0.00000000	      0.00000000	      0.00000000	      0.00000000	      0.00000000	      0.00000000	      0.00000000	      0.00000000	      0.00000000	      0.00000000	      0.00000000	      0.00000000	      0.00000000
      1.61700000	      0.00000000	      0.00000000	      0.00000000	      0.00000000	      0.00000000	      0.00000000	      0.00000000	      0.00000000	      0.00000000	      0.00000000	      0.00000000	      0.00000000	      0.00000000	      0.00000000	      0.00000000	      0.00000000	      0.00000000	      0.00000000
      1.61800000	      0.00000000	      0.00000000	      0.00000000	      0.00000000	      0.00000000	      0.00000000	      0.00000000	      0.00000000	      0.00000000	      0.00000000	      0.00000000	      0.00000000	      0.00000000	      0.00000000	      0.00000000	      0.00000000	      0.00000000	      0.00000000
      1.61900000	      0.00000000	      0.00000000	      0.00000000	      0.00000000	      0.00000000	      0.00000000	      0.00000000	      0.00000000	      0.00000000	      0.00000000	      0.00000000	      0.00000000	      0.00000000	      0.00000000	      0.00000000	      0.00000000	      0.00000000	      0.00000000
      1.62000000	      0.00000000	      0.00000000	      0.00000000	      0.00000000	      0.00000000	      0.00000000	      0.00000000	      0.00000000	      0.00000000	      0.00000000	      0.00000000	      0.00000000	      0.00000000	      0.00000000	      0.00000000	      0.00000000	      0.00000000	      0.00000000
      1.62100000	      0.00000000	      0.00000000	      0.00000000	      0.00000000	      0.00000000	      0.00000000	      0.00000000	      0.00000000	      0.00000000	      0.00000000	      0.00000000	      0.00000000	      0.00000000	      0.00000000	      0.00000000	      0.00000000	      0.00000000	      0.00000000
      1.62200000	      0.00000000	      0.00000000	      0.00000000	      0.00000000	      0.00000000	      0.00000000	      0.00000000	      0.00000000	      0.00000000	      0.00000000	      0.00000000	      0.00000000	      0.00000000	      0.00000000	      0.00000000	      0.00000000	      0.00000000	      0.00000000
      1.62300000	      0.00000000	      0.00000000	      0.00000000	      0.00000000	      0.00000000	      0.00000000	      0.00000000	      0.00000000	      0.00000000	      0.00000000	      0.00000000	      0.00000000	      0.00000000	      0.00000000	      0.00000000	      0.00000000	      0.00000000	      0.00000000
      1.62400000	      0.00000000	      0.00000000	      0.00000000	      0.00000000	      0.00000000	      0.00000000	      0.00000000	      0.00000000	      0.00000000	      0.00000000	      0.00000000	      0.00000000	      0.00000000	      0.00000000	      0.00000000	      0.00000000	      0.00000000	      0.00000000
      1.62500000	      0.00000000	      0.00000000	      0.00000000	      0.00000000	      0.00000000	      0.00000000	      0.00000000	      0.00000000	      0.00000000	      0.00000000	      0.00000000	      0.00000000	      0.00000000	      0.00000000	      0.00000000	      0.00000000	      0.00000000	      0.00000000
      1.62600000	      0.00000000	      0.00000000	      0.00000000	      0.00000000	      0.00000000	      0.00000000	      0.00000000	      0.00000000	      0.00000000	      0.00000000	      0.00000000	      0.00000000	      0.00000000	      0.00000000	      0.00000000	      0.00000000	      0.00000000	      0.00000000
      1.62700000	      0.00000000	      0.00000000	      0.00000000	      0.00000000	      0.00000000	      0.00000000	      0.00000000	      0.00000000	      0.00000000	      0.00000000	      0.00000000	      0.00000000	      0.00000000	      0.00000000	      0.00000000	      0.00000000	      0.00000000	      0.00000000
      1.62800000	      0.00000000	      0.00000000	      0.00000000	      0.00000000	      0.00000000	      0.00000000	      0.00000000	      0.00000000	      0.00000000	      0.00000000	      0.00000000	      0.00000000	      0.00000000	      0.00000000	      0.00000000	      0.00000000	      0.00000000	      0.00000000
      1.62900000	      0.00000000	      0.00000000	      0.00000000	      0.00000000	      0.00000000	      0.00000000	      0.00000000	      0.00000000	      0.00000000	      0.00000000	      0.00000000	      0.00000000	      0.00000000	      0.00000000	      0.00000000	      0.00000000	      0.00000000	      0.00000000
      1.63000000	      0.00000000	      0.00000000	      0.00000000	      0.00000000	      0.00000000	      0.00000000	      0.00000000	      0.00000000	      0.00000000	      0.00000000	      0.00000000	      0.00000000	      0.00000000	      0.00000000	      0.00000000	      0.00000000	      0.00000000	      0.00000000
      1.63100000	      0.00000000	      0.00000000	      0.00000000	      0.00000000	      0.00000000	      0.00000000	      0.00000000	      0.00000000	      0.00000000	      0.00000000	      0.00000000	      0.00000000	      0.00000000	      0.00000000	      0.00000000	      0.00000000	      0.00000000	      0.00000000
      1.63200000	      0.00000000	      0.00000000	      0.00000000	      0.00000000	      0.00000000	      0.00000000	      0.00000000	      0.00000000	      0.00000000	      0.00000000	      0.00000000	      0.00000000	      0.00000000	      0.00000000	      0.00000000	      0.00000000	      0.00000000	      0.00000000
      1.63300000	      0.00000000	      0.00000000	      0.00000000	      0.00000000	      0.00000000	      0.00000000	      0.00000000	      0.00000000	      0.00000000	      0.00000000	      0.00000000	      0.00000000	      0.00000000	      0.00000000	      0.00000000	      0.00000000	      0.00000000	      0.00000000
      1.63400000	      0.00000000	      0.00000000	      0.00000000	      0.00000000	      0.00000000	      0.00000000	      0.00000000	      0.00000000	      0.00000000	      0.00000000	      0.00000000	      0.00000000	      0.00000000	      0.00000000	      0.00000000	      0.00000000	      0.00000000	      0.00000000
      1.63500000	      0.00000000	      0.00000000	      0.00000000	      0.00000000	      0.00000000	      0.00000000	      0.00000000	      0.00000000	      0.00000000	      0.00000000	      0.00000000	      0.00000000	      0.00000000	      0.00000000	      0.00000000	      0.00000000	      0.00000000	      0.00000000
      1.63600000	      0.00000000	      0.00000000	      0.00000000	      0.00000000	      0.00000000	      0.00000000	      0.00000000	      0.00000000	      0.00000000	      0.00000000	      0.00000000	      0.00000000	      0.00000000	      0.00000000	      0.00000000	      0.00000000	      0.00000000	      0.00000000
      1.63700000	      0.00000000	      0.00000000	      0.00000000	      0.00000000	      0.00000000	      0.00000000	      0.00000000	      0.00000000	      0.00000000	      0.00000000	      0.00000000	      0.00000000	      0.00000000	      0.00000000	      0.00000000	      0.00000000	      0.00000000	      0.00000000
      1.63800000	      0.00000000	      0.00000000	      0.00000000	      0.00000000	      0.00000000	      0.00000000	      0.00000000	      0.00000000	      0.00000000	      0.00000000	      0.00000000	      0.00000000	      0.00000000	      0.00000000	      0.00000000	      0.00000000	      0.00000000	      0.00000000
      1.63900000	      0.00000000	      0.00000000	      0.00000000	      0.00000000	      0.00000000	      0.00000000	      0.00000000	      0.00000000	      0.00000000	      0.00000000	      0.00000000	      0.00000000	      0.00000000	      0.00000000	      0.00000000	      0.00000000	      0.00000000	      0.00000000
      1.64000000	      0.00000000	      0.00000000	      0.00000000	      0.00000000	      0.00000000	      0.00000000	      0.00000000	      0.00000000	      0.00000000	      0.00000000	      0.00000000	      0.00000000	      0.00000000	      0.00000000	      0.00000000	      0.00000000	      0.00000000	      0.00000000
      1.64100000	      0.00000000	      0.00000000	      0.00000000	      0.00000000	      0.00000000	      0.00000000	      0.00000000	      0.00000000	      0.00000000	      0.00000000	      0.00000000	      0.00000000	      0.00000000	      0.00000000	      0.00000000	      0.00000000	      0.00000000	      0.00000000
      1.64200000	      0.00000000	      0.00000000	      0.00000000	      0.00000000	      0.00000000	      0.00000000	      0.00000000	      0.00000000	      0.00000000	      0.00000000	      0.00000000	      0.00000000	      0.00000000	      0.00000000	      0.00000000	      0.00000000	      0.00000000	      0.00000000
      1.64300000	      0.00000000	      0.00000000	      0.00000000	      0.00000000	      0.00000000	      0.00000000	      0.00000000	      0.00000000	      0.00000000	      0.00000000	      0.00000000	      0.00000000	      0.00000000	      0.00000000	      0.00000000	      0.00000000	      0.00000000	      0.00000000
      1.64400000	      0.00000000	      0.00000000	      0.00000000	      0.00000000	      0.00000000	      0.00000000	      0.00000000	      0.00000000	      0.00000000	      0.00000000	      0.00000000	      0.00000000	      0.00000000	      0.00000000	      0.00000000	      0.00000000	      0.00000000	      0.00000000
      1.64500000	      0.00000000	      0.00000000	      0.00000000	      0.00000000	      0.00000000	      0.00000000	      0.00000000	      0.00000000	      0.00000000	      0.00000000	      0.00000000	      0.00000000	      0.00000000	      0.00000000	      0.00000000	      0.00000000	      0.00000000	      0.00000000
      1.64600000	      0.00000000	      0.00000000	      0.00000000	      0.00000000	      0.00000000	      0.00000000	      0.00000000	      0.00000000	      0.00000000	      0.00000000	      0.00000000	      0.00000000	      0.00000000	      0.00000000	      0.00000000	      0.00000000	      0.00000000	      0.00000000
      1.64700000	      0.00000000	      0.00000000	      0.00000000	      0.00000000	      0.00000000	      0.00000000	      0.00000000	      0.00000000	      0.00000000	      0.00000000	      0.00000000	      0.00000000	      0.00000000	      0.00000000	      0.00000000	      0.00000000	      0.00000000	      0.00000000
      1.64800000	      0.00000000	      0.00000000	      0.00000000	      0.00000000	      0.00000000	      0.00000000	      0.00000000	      0.00000000	      0.00000000	      0.00000000	      0.00000000	      0.00000000	      0.00000000	      0.00000000	      0.00000000	      0.00000000	      0.00000000	      0.00000000
      1.64900000	      0.00000000	      0.00000000	      0.00000000	      0.00000000	      0.00000000	      0.00000000	      0.00000000	      0.00000000	      0.00000000	      0.00000000	      0.00000000	      0.00000000	      0.00000000	      0.00000000	      0.00000000	      0.00000000	      0.00000000	      0.00000000
      1.65000000	      0.00000000	      0.00000000	      0.00000000	      0.00000000	      0.00000000	      0.00000000	      0.00000000	      0.00000000	      0.00000000	      0.00000000	      0.00000000	      0.00000000	      0.00000000	      0.00000000	      0.00000000	      0.00000000	      0.00000000	      0.00000000
      1.65100000	      0.00000000	      0.00000000	      0.00000000	      0.00000000	      0.00000000	      0.00000000	      0.00000000	      0.00000000	      0.00000000	      0.00000000	      0.00000000	      0.00000000	      0.00000000	      0.00000000	      0.00000000	      0.00000000	      0.00000000	      0.00000000
      1.65200000	      0.00000000	      0.00000000	      0.00000000	      0.00000000	      0.00000000	      0.00000000	      0.00000000	      0.00000000	      0.00000000	      0.00000000	      0.00000000	      0.00000000	      0.00000000	      0.00000000	      0.00000000	      0.00000000	      0.00000000	      0.00000000
      1.65300000	      0.00000000	      0.00000000	      0.00000000	      0.00000000	      0.00000000	      0.00000000	      0.00000000	      0.00000000	      0.00000000	      0.00000000	      0.00000000	      0.00000000	      0.00000000	      0.00000000	      0.00000000	      0.00000000	      0.00000000	      0.00000000
      1.65400000	      0.00000000	      0.00000000	      0.00000000	      0.00000000	      0.00000000	      0.00000000	      0.00000000	      0.00000000	      0.00000000	      0.00000000	      0.00000000	      0.00000000	      0.00000000	      0.00000000	      0.00000000	      0.00000000	      0.00000000	      0.00000000
      1.65500000	      0.00000000	      0.00000000	      0.00000000	      0.00000000	      0.00000000	      0.00000000	      0.00000000	      0.00000000	      0.00000000	      0.00000000	      0.00000000	      0.00000000	      0.00000000	      0.00000000	      0.00000000	      0.00000000	      0.00000000	      0.00000000
      1.65600000	      0.00000000	      0.00000000	      0.00000000	      0.00000000	      0.00000000	      0.00000000	      0.00000000	      0.00000000	      0.00000000	      0.00000000	      0.00000000	      0.00000000	      0.00000000	      0.00000000	      0.00000000	      0.00000000	      0.00000000	      0.00000000
      1.65700000	      0.00000000	      0.00000000	      0.00000000	      0.00000000	      0.00000000	      0.00000000	      0.00000000	      0.00000000	      0.00000000	      0.00000000	      0.00000000	      0.00000000	      0.00000000	      0.00000000	      0.00000000	      0.00000000	      0.00000000	      0.00000000
      1.65800000	      0.00000000	      0.00000000	      0.00000000	      0.00000000	      0.00000000	      0.00000000	      0.00000000	      0.00000000	      0.00000000	      0.00000000	      0.00000000	      0.00000000	      0.00000000	      0.00000000	      0.00000000	      0.00000000	      0.00000000	      0.00000000
      1.65900000	      0.00000000	      0.00000000	      0.00000000	      0.00000000	      0.00000000	      0.00000000	      0.00000000	      0.00000000	      0.00000000	      0.00000000	      0.00000000	      0.00000000	      0.00000000	      0.00000000	      0.00000000	      0.00000000	      0.00000000	      0.00000000
      1.66000000	      0.00000000	      0.00000000	      0.00000000	      0.00000000	      0.00000000	      0.00000000	      0.00000000	      0.00000000	      0.00000000	      0.00000000	      0.00000000	      0.00000000	      0.00000000	      0.00000000	      0.00000000	      0.00000000	      0.00000000	      0.00000000
      1.66100000	      0.00000000	      0.00000000	      0.00000000	      0.00000000	      0.00000000	      0.00000000	      0.00000000	      0.00000000	      0.00000000	      0.00000000	      0.00000000	      0.00000000	      0.00000000	      0.00000000	      0.00000000	      0.00000000	      0.00000000	      0.00000000
      1.66200000	      0.00000000	      0.00000000	      0.00000000	      0.00000000	      0.00000000	      0.00000000	      0.00000000	      0.00000000	      0.00000000	      0.00000000	      0.00000000	      0.00000000	      0.00000000	      0.00000000	      0.00000000	      0.00000000	      0.00000000	      0.00000000
      1.66300000	      0.00000000	      0.00000000	      0.00000000	      0.00000000	      0.00000000	      0.00000000	      0.00000000	      0.00000000	      0.00000000	      0.00000000	      0.00000000	      0.00000000	      0.00000000	      0.00000000	      0.00000000	      0.00000000	      0.00000000	      0.00000000
      1.66400000	      0.00000000	      0.00000000	      0.00000000	      0.00000000	      0.00000000	      0.00000000	      0.00000000	      0.00000000	      0.00000000	      0.00000000	      0.00000000	      0.00000000	      0.00000000	      0.00000000	      0.00000000	      0.00000000	      0.00000000	      0.00000000
      1.66500000	      0.00000000	      0.00000000	      0.00000000	      0.00000000	      0.00000000	      0.00000000	      0.00000000	      0.00000000	      0.00000000	      0.00000000	      0.00000000	      0.00000000	      0.00000000	      0.00000000	      0.00000000	      0.00000000	      0.00000000	      0.00000000
      1.66600000	      0.00000000	      0.00000000	      0.00000000	      0.00000000	      0.00000000	      0.00000000	      0.00000000	      0.00000000	      0.00000000	      0.00000000	      0.00000000	      0.00000000	      0.00000000	      0.00000000	      0.00000000	      0.00000000	      0.00000000	      0.00000000
      1.66700000	      0.00000000	      0.00000000	      0.00000000	      0.00000000	      0.00000000	      0.00000000	      0.00000000	      0.00000000	      0.00000000	      0.00000000	      0.00000000	      0.00000000	      0.00000000	      0.00000000	      0.00000000	      0.00000000	      0.00000000	      0.00000000
      1.66800000	      0.00000000	      0.00000000	      0.00000000	      0.00000000	      0.00000000	      0.00000000	      0.00000000	      0.00000000	      0.00000000	      0.00000000	      0.00000000	      0.00000000	      0.00000000	      0.00000000	      0.00000000	      0.00000000	      0.00000000	      0.00000000
      1.66900000	      0.00000000	      0.00000000	      0.00000000	      0.00000000	      0.00000000	      0.00000000	      0.00000000	      0.00000000	      0.00000000	      0.00000000	      0.00000000	      0.00000000	      0.00000000	      0.00000000	      0.00000000	      0.00000000	      0.00000000	      0.00000000
      1.67000000	      0.00000000	      0.00000000	      0.00000000	      0.00000000	      0.00000000	      0.00000000	      0.00000000	      0.00000000	      0.00000000	      0.00000000	      0.00000000	      0.00000000	      0.00000000	      0.00000000	      0.00000000	      0.00000000	      0.00000000	      0.00000000
      1.67100000	      0.00000000	      0.00000000	      0.00000000	      0.00000000	      0.00000000	      0.00000000	      0.00000000	      0.00000000	      0.00000000	      0.00000000	      0.00000000	      0.00000000	      0.00000000	      0.00000000	      0.00000000	      0.00000000	      0.00000000	      0.00000000
      1.67200000	      0.00000000	      0.00000000	      0.00000000	      0.00000000	      0.00000000	      0.00000000	      0.00000000	      0.00000000	      0.00000000	      0.00000000	      0.00000000	      0.00000000	      0.00000000	      0.00000000	      0.00000000	      0.00000000	      0.00000000	      0.00000000
      1.67300000	      0.00000000	      0.00000000	      0.00000000	      0.00000000	      0.00000000	      0.00000000	      0.00000000	      0.00000000	      0.00000000	      0.00000000	      0.00000000	      0.00000000	      0.00000000	      0.00000000	      0.00000000	      0.00000000	      0.00000000	      0.00000000
      1.67400000	      0.00000000	      0.00000000	      0.00000000	      0.00000000	      0.00000000	      0.00000000	      0.00000000	      0.00000000	      0.00000000	      0.00000000	      0.00000000	      0.00000000	      0.00000000	      0.00000000	      0.00000000	      0.00000000	      0.00000000	      0.00000000
      1.67500000	      0.00000000	      0.00000000	      0.00000000	      0.00000000	      0.00000000	      0.00000000	      0.00000000	      0.00000000	      0.00000000	      0.00000000	      0.00000000	      0.00000000	      0.00000000	      0.00000000	      0.00000000	      0.00000000	      0.00000000	      0.00000000
      1.67600000	      0.00000000	      0.00000000	      0.00000000	      0.00000000	      0.00000000	      0.00000000	      0.00000000	      0.00000000	      0.00000000	      0.00000000	      0.00000000	      0.00000000	      0.00000000	      0.00000000	      0.00000000	      0.00000000	      0.00000000	      0.00000000
      1.67700000	      0.00000000	      0.00000000	      0.00000000	      0.00000000	      0.00000000	      0.00000000	      0.00000000	      0.00000000	      0.00000000	      0.00000000	      0.00000000	      0.00000000	      0.00000000	      0.00000000	      0.00000000	      0.00000000	      0.00000000	      0.00000000
      1.67800000	      0.00000000	      0.00000000	      0.00000000	      0.00000000	      0.00000000	      0.00000000	      0.00000000	      0.00000000	      0.00000000	      0.00000000	      0.00000000	      0.00000000	      0.00000000	      0.00000000	      0.00000000	      0.00000000	      0.00000000	      0.00000000
      1.67900000	      0.00000000	      0.00000000	      0.00000000	      0.00000000	      0.00000000	      0.00000000	      0.00000000	      0.00000000	      0.00000000	      0.00000000	      0.00000000	      0.00000000	      0.00000000	      0.00000000	      0.00000000	      0.00000000	      0.00000000	      0.00000000
      1.68000000	      0.00000000	      0.00000000	      0.00000000	      0.00000000	      0.00000000	      0.00000000	      0.00000000	      0.00000000	      0.00000000	      0.00000000	      0.00000000	      0.00000000	      0.00000000	      0.00000000	      0.00000000	      0.00000000	      0.00000000	      0.00000000
      1.68100000	      0.00000000	      0.00000000	      0.00000000	      0.00000000	      0.00000000	      0.00000000	      0.00000000	      0.00000000	      0.00000000	      0.00000000	      0.00000000	      0.00000000	      0.00000000	      0.00000000	      0.00000000	      0.00000000	      0.00000000	      0.00000000
      1.68200000	      0.00000000	      0.00000000	      0.00000000	      0.00000000	      0.00000000	      0.00000000	      0.00000000	      0.00000000	      0.00000000	      0.00000000	      0.00000000	      0.00000000	      0.00000000	      0.00000000	      0.00000000	      0.00000000	      0.00000000	      0.00000000
      1.68300000	      0.00000000	      0.00000000	      0.00000000	      0.00000000	      0.00000000	      0.00000000	      0.00000000	      0.00000000	      0.00000000	      0.00000000	      0.00000000	      0.00000000	      0.00000000	      0.00000000	      0.00000000	      0.00000000	      0.00000000	      0.00000000
      1.68400000	      0.00000000	      0.00000000	      0.00000000	      0.00000000	      0.00000000	      0.00000000	      0.00000000	      0.00000000	      0.00000000	      0.00000000	      0.00000000	      0.00000000	      0.00000000	      0.00000000	      0.00000000	      0.00000000	      0.00000000	      0.00000000
      1.68500000	      0.00000000	      0.00000000	      0.00000000	      0.00000000	      0.00000000	      0.00000000	      0.00000000	      0.00000000	      0.00000000	      0.00000000	      0.00000000	      0.00000000	      0.00000000	      0.00000000	      0.00000000	      0.00000000	      0.00000000	      0.00000000
      1.68600000	      0.00000000	      0.00000000	      0.00000000	      0.00000000	      0.00000000	      0.00000000	      0.00000000	      0.00000000	      0.00000000	      0.00000000	      0.00000000	      0.00000000	      0.00000000	      0.00000000	      0.00000000	      0.00000000	      0.00000000	      0.00000000
      1.68700000	      0.00000000	      0.00000000	      0.00000000	      0.00000000	      0.00000000	      0.00000000	      0.00000000	      0.00000000	      0.00000000	      0.00000000	      0.00000000	      0.00000000	      0.00000000	      0.00000000	      0.00000000	      0.00000000	      0.00000000	      0.00000000
      1.68800000	      0.00000000	      0.00000000	      0.00000000	      0.00000000	      0.00000000	      0.00000000	      0.00000000	      0.00000000	      0.00000000	      0.00000000	      0.00000000	      0.00000000	      0.00000000	      0.00000000	      0.00000000	      0.00000000	      0.00000000	      0.00000000
      1.68900000	      0.00000000	      0.00000000	      0.00000000	      0.00000000	      0.00000000	      0.00000000	      0.00000000	      0.00000000	      0.00000000	      0.00000000	      0.00000000	      0.00000000	      0.00000000	      0.00000000	      0.00000000	      0.00000000	      0.00000000	      0.00000000
      1.69000000	      0.00000000	      0.00000000	      0.00000000	      0.00000000	      0.00000000	      0.00000000	      0.00000000	      0.00000000	      0.00000000	      0.00000000	      0.00000000	      0.00000000	      0.00000000	      0.00000000	      0.00000000	      0.00000000	      0.00000000	      0.00000000
      1.69100000	      0.00000000	      0.00000000	      0.00000000	      0.00000000	      0.00000000	      0.00000000	      0.00000000	      0.00000000	      0.00000000	      0.00000000	      0.00000000	      0.00000000	      0.00000000	      0.00000000	      0.00000000	      0.00000000	      0.00000000	      0.00000000
      1.69200000	      0.00000000	      0.00000000	      0.00000000	      0.00000000	      0.00000000	      0.00000000	      0.00000000	      0.00000000	      0.00000000	      0.00000000	      0.00000000	      0.00000000	      0.00000000	      0.00000000	      0.00000000	      0.00000000	      0.00000000	      0.00000000
      1.69300000	      0.00000000	      0.00000000	      0.00000000	      0.00000000	      0.00000000	      0.00000000	      0.00000000	      0.00000000	      0.00000000	      0.00000000	      0.00000000	      0.00000000	      0.00000000	      0.00000000	      0.00000000	      0.00000000	      0.00000000	      0.00000000
      1.69400000	      0.00000000	      0.00000000	      0.00000000	      0.00000000	      0.00000000	      0.00000000	      0.00000000	      0.00000000	      0.00000000	      0.00000000	      0.00000000	      0.00000000	      0.00000000	      0.00000000	      0.00000000	      0.00000000	      0.00000000	      0.00000000
      1.69500000	      0.00000000	      0.00000000	      0.00000000	      0.00000000	      0.00000000	      0.00000000	      0.00000000	      0.00000000	      0.00000000	      0.00000000	      0.00000000	      0.00000000	      0.00000000	      0.00000000	      0.00000000	      0.00000000	      0.00000000	      0.00000000
      1.69600000	      0.00000000	      0.00000000	      0.00000000	      0.00000000	      0.00000000	      0.00000000	      0.00000000	      0.00000000	      0.00000000	      0.00000000	      0.00000000	      0.00000000	      0.00000000	      0.00000000	      0.00000000	      0.00000000	      0.00000000	      0.00000000
      1.69700000	      0.00000000	      0.00000000	      0.00000000	      0.00000000	      0.00000000	      0.00000000	      0.00000000	      0.00000000	      0.00000000	      0.00000000	      0.00000000	      0.00000000	      0.00000000	      0.00000000	      0.00000000	      0.00000000	      0.00000000	      0.00000000
      1.69800000	      0.00000000	      0.00000000	      0.00000000	      0.00000000	      0.00000000	      0.00000000	      0.00000000	      0.00000000	      0.00000000	      0.00000000	      0.00000000	      0.00000000	      0.00000000	      0.00000000	      0.00000000	      0.00000000	      0.00000000	      0.00000000
      1.69900000	      0.00000000	      0.00000000	      0.00000000	      0.00000000	      0.00000000	      0.00000000	      0.00000000	      0.00000000	      0.00000000	      0.00000000	      0.00000000	      0.00000000	      0.00000000	      0.00000000	      0.00000000	      0.00000000	      0.00000000	      0.00000000
      1.70000000	      0.00000000	      0.00000000	      0.00000000	      0.00000000	      0.00000000	      0.00000000	      0.00000000	      0.00000000	      0.00000000	      0.00000000	      0.00000000	      0.00000000	      0.00000000	      0.00000000	      0.00000000	      0.00000000	      0.00000000	      0.00000000
      1.70100000	      0.00000000	      0.00000000	      0.00000000	      0.00000000	      0.00000000	      0.00000000	      0.00000000	      0.00000000	      0.00000000	      0.00000000	      0.00000000	      0.00000000	      0.00000000	      0.00000000	      0.00000000	      0.00000000	      0.00000000	      0.00000000
      1.70200000	      0.00000000	      0.00000000	      0.00000000	      0.00000000	      0.00000000	      0.00000000	      0.00000000	      0.00000000	      0.00000000	      0.00000000	      0.00000000	      0.00000000	      0.00000000	      0.00000000	      0.00000000	      0.00000000	      0.00000000	      0.00000000
      1.70300000	      0.00000000	      0.00000000	      0.00000000	      0.00000000	      0.00000000	      0.00000000	      0.00000000	      0.00000000	      0.00000000	      0.00000000	      0.00000000	      0.00000000	      0.00000000	      0.00000000	      0.00000000	      0.00000000	      0.00000000	      0.00000000
      1.70400000	      0.00000000	      0.00000000	      0.00000000	      0.00000000	      0.00000000	      0.00000000	      0.00000000	      0.00000000	      0.00000000	      0.00000000	      0.00000000	      0.00000000	      0.00000000	      0.00000000	      0.00000000	      0.00000000	      0.00000000	      0.00000000
      1.70500000	      0.00000000	      0.00000000	      0.00000000	      0.00000000	      0.00000000	      0.00000000	      0.00000000	      0.00000000	      0.00000000	      0.00000000	      0.00000000	      0.00000000	      0.00000000	      0.00000000	      0.00000000	      0.00000000	      0.00000000	      0.00000000
      1.70600000	      0.00000000	      0.00000000	      0.00000000	      0.00000000	      0.00000000	      0.00000000	      0.00000000	      0.00000000	      0.00000000	      0.00000000	      0.00000000	      0.00000000	      0.00000000	      0.00000000	      0.00000000	      0.00000000	      0.00000000	      0.00000000
      1.70700000	      0.00000000	      0.00000000	      0.00000000	      0.00000000	      0.00000000	      0.00000000	      0.00000000	      0.00000000	      0.00000000	      0.00000000	      0.00000000	      0.00000000	      0.00000000	      0.00000000	      0.00000000	      0.00000000	      0.00000000	      0.00000000
      1.70800000	      0.00000000	      0.00000000	      0.00000000	      0.00000000	      0.00000000	      0.00000000	      0.00000000	      0.00000000	      0.00000000	      0.00000000	      0.00000000	      0.00000000	      0.00000000	      0.00000000	      0.00000000	      0.00000000	      0.00000000	      0.00000000
      1.70900000	      0.00000000	      0.00000000	      0.00000000	      0.00000000	      0.00000000	      0.00000000	      0.00000000	      0.00000000	      0.00000000	      0.00000000	      0.00000000	      0.00000000	      0.00000000	      0.00000000	      0.00000000	      0.00000000	      0.00000000	      0.00000000
      1.71000000	      0.00000000	      0.00000000	      0.00000000	      0.00000000	      0.00000000	      0.00000000	      0.00000000	      0.00000000	      0.00000000	      0.00000000	      0.00000000	      0.00000000	      0.00000000	      0.00000000	      0.00000000	      0.00000000	      0.00000000	      0.00000000
      1.71100000	      0.00000000	      0.00000000	      0.00000000	      0.00000000	      0.00000000	      0.00000000	      0.00000000	      0.00000000	      0.00000000	      0.00000000	      0.00000000	      0.00000000	      0.00000000	      0.00000000	      0.00000000	      0.00000000	      0.00000000	      0.00000000
      1.71200000	      0.00000000	      0.00000000	      0.00000000	      0.00000000	      0.00000000	      0.00000000	      0.00000000	      0.00000000	      0.00000000	      0.00000000	      0.00000000	      0.00000000	      0.00000000	      0.00000000	      0.00000000	      0.00000000	      0.00000000	      0.00000000
      1.71300000	      0.00000000	      0.00000000	      0.00000000	      0.00000000	      0.00000000	      0.00000000	      0.00000000	      0.00000000	      0.00000000	      0.00000000	      0.00000000	      0.00000000	      0.00000000	      0.00000000	      0.00000000	      0.00000000	      0.00000000	      0.00000000
      1.71400000	      0.00000000	      0.00000000	      0.00000000	      0.00000000	      0.00000000	      0.00000000	      0.00000000	      0.00000000	      0.00000000	      0.00000000	      0.00000000	      0.00000000	      0.00000000	      0.00000000	      0.00000000	      0.00000000	      0.00000000	      0.00000000
      1.71500000	      0.00000000	      0.00000000	      0.00000000	      0.00000000	      0.00000000	      0.00000000	      0.00000000	      0.00000000	      0.00000000	      0.00000000	      0.00000000	      0.00000000	      0.00000000	      0.00000000	      0.00000000	      0.00000000	      0.00000000	      0.00000000
      1.71600000	      0.00000000	      0.00000000	      0.00000000	      0.00000000	      0.00000000	      0.00000000	      0.00000000	      0.00000000	      0.00000000	      0.00000000	      0.00000000	      0.00000000	      0.00000000	      0.00000000	      0.00000000	      0.00000000	      0.00000000	      0.00000000
      1.71700000	      0.00000000	      0.00000000	      0.00000000	      0.00000000	      0.00000000	      0.00000000	      0.00000000	      0.00000000	      0.00000000	      0.00000000	      0.00000000	      0.00000000	      0.00000000	      0.00000000	      0.00000000	      0.00000000	      0.00000000	      0.00000000
      1.71800000	      0.00000000	      0.00000000	      0.00000000	      0.00000000	      0.00000000	      0.00000000	      0.00000000	      0.00000000	      0.00000000	      0.00000000	      0.00000000	      0.00000000	      0.00000000	      0.00000000	      0.00000000	      0.00000000	      0.00000000	      0.00000000
      1.71900000	      0.00000000	      0.00000000	      0.00000000	      0.00000000	      0.00000000	      0.00000000	      0.00000000	      0.00000000	      0.00000000	      0.00000000	      0.00000000	      0.00000000	      0.00000000	      0.00000000	      0.00000000	      0.00000000	      0.00000000	      0.00000000
      1.72000000	      0.00000000	      0.00000000	      0.00000000	      0.00000000	      0.00000000	      0.00000000	      0.00000000	      0.00000000	      0.00000000	      0.00000000	      0.00000000	      0.00000000	      0.00000000	      0.00000000	      0.00000000	      0.00000000	      0.00000000	      0.00000000
      1.72100000	      0.00000000	      0.00000000	      0.00000000	      0.00000000	      0.00000000	      0.00000000	      0.00000000	      0.00000000	      0.00000000	      0.00000000	      0.00000000	      0.00000000	      0.00000000	      0.00000000	      0.00000000	      0.00000000	      0.00000000	      0.00000000
      1.72200000	      0.00000000	      0.00000000	      0.00000000	      0.00000000	      0.00000000	      0.00000000	      0.00000000	      0.00000000	      0.00000000	      0.00000000	      0.00000000	      0.00000000	      0.00000000	      0.00000000	      0.00000000	      0.00000000	      0.00000000	      0.00000000
      1.72300000	      0.00000000	      0.00000000	      0.00000000	      0.00000000	      0.00000000	      0.00000000	      0.00000000	      0.00000000	      0.00000000	      0.00000000	      0.00000000	      0.00000000	      0.00000000	      0.00000000	      0.00000000	      0.00000000	      0.00000000	      0.00000000
      1.72400000	      0.00000000	      0.00000000	      0.00000000	      0.00000000	      0.00000000	      0.00000000	      0.00000000	      0.00000000	      0.00000000	      0.00000000	      0.00000000	      0.00000000	      0.00000000	      0.00000000	      0.00000000	      0.00000000	      0.00000000	      0.00000000
      1.72500000	      0.00000000	      0.00000000	      0.00000000	      0.00000000	      0.00000000	      0.00000000	      0.00000000	      0.00000000	      0.00000000	      0.00000000	      0.00000000	      0.00000000	      0.00000000	      0.00000000	      0.00000000	      0.00000000	      0.00000000	      0.00000000
      1.72600000	      0.00000000	      0.00000000	      0.00000000	      0.00000000	      0.00000000	      0.00000000	      0.00000000	      0.00000000	      0.00000000	      0.00000000	      0.00000000	      0.00000000	      0.00000000	      0.00000000	      0.00000000	      0.00000000	      0.00000000	      0.00000000
      1.72700000	      0.00000000	      0.00000000	      0.00000000	      0.00000000	      0.00000000	      0.00000000	      0.00000000	      0.00000000	      0.00000000	      0.00000000	      0.00000000	      0.00000000	      0.00000000	      0.00000000	      0.00000000	      0.00000000	      0.00000000	      0.00000000
      1.72800000	      0.00000000	      0.00000000	      0.00000000	      0.00000000	      0.00000000	      0.00000000	      0.00000000	      0.00000000	      0.00000000	      0.00000000	      0.00000000	      0.00000000	      0.00000000	      0.00000000	      0.00000000	      0.00000000	      0.00000000	      0.00000000
      1.72900000	      0.00000000	      0.00000000	      0.00000000	      0.00000000	      0.00000000	      0.00000000	      0.00000000	      0.00000000	      0.00000000	      0.00000000	      0.00000000	      0.00000000	      0.00000000	      0.00000000	      0.00000000	      0.00000000	      0.00000000	      0.00000000
      1.73000000	      0.00000000	      0.00000000	      0.00000000	      0.00000000	      0.00000000	      0.00000000	      0.00000000	      0.00000000	      0.00000000	      0.00000000	      0.00000000	      0.00000000	      0.00000000	      0.00000000	      0.00000000	      0.00000000	      0.00000000	      0.00000000
      1.73100000	      0.00000000	      0.00000000	      0.00000000	      0.00000000	      0.00000000	      0.00000000	      0.00000000	      0.00000000	      0.00000000	      0.00000000	      0.00000000	      0.00000000	      0.00000000	      0.00000000	      0.00000000	      0.00000000	      0.00000000	      0.00000000
      1.73200000	      0.00000000	      0.00000000	      0.00000000	      0.00000000	      0.00000000	      0.00000000	      0.00000000	      0.00000000	      0.00000000	      0.00000000	      0.00000000	      0.00000000	      0.00000000	      0.00000000	      0.00000000	      0.00000000	      0.00000000	      0.00000000
      1.73300000	      0.00000000	      0.00000000	      0.00000000	      0.00000000	      0.00000000	      0.00000000	      0.00000000	      0.00000000	      0.00000000	      0.00000000	      0.00000000	      0.00000000	      0.00000000	      0.00000000	      0.00000000	      0.00000000	      0.00000000	      0.00000000
      1.73400000	      0.00000000	      0.00000000	      0.00000000	      0.00000000	      0.00000000	      0.00000000	      0.00000000	      0.00000000	      0.00000000	      0.00000000	      0.00000000	      0.00000000	      0.00000000	      0.00000000	      0.00000000	      0.00000000	      0.00000000	      0.00000000
      1.73500000	      0.00000000	      0.00000000	      0.00000000	      0.00000000	      0.00000000	      0.00000000	      0.00000000	      0.00000000	      0.00000000	      0.00000000	      0.00000000	      0.00000000	      0.00000000	      0.00000000	      0.00000000	      0.00000000	      0.00000000	      0.00000000
      1.73600000	      0.00000000	      0.00000000	      0.00000000	      0.00000000	      0.00000000	      0.00000000	      0.00000000	      0.00000000	      0.00000000	      0.00000000	      0.00000000	      0.00000000	      0.00000000	      0.00000000	      0.00000000	      0.00000000	      0.00000000	      0.00000000
      1.73700000	      0.00000000	      0.00000000	      0.00000000	      0.00000000	      0.00000000	      0.00000000	      0.00000000	      0.00000000	      0.00000000	      0.00000000	      0.00000000	      0.00000000	      0.00000000	      0.00000000	      0.00000000	      0.00000000	      0.00000000	      0.00000000
      1.73800000	      0.00000000	      0.00000000	      0.00000000	      0.00000000	      0.00000000	      0.00000000	      0.00000000	      0.00000000	      0.00000000	      0.00000000	      0.00000000	      0.00000000	      0.00000000	      0.00000000	      0.00000000	      0.00000000	      0.00000000	      0.00000000
      1.73900000	      0.00000000	      0.00000000	      0.00000000	      0.00000000	      0.00000000	      0.00000000	      0.00000000	      0.00000000	      0.00000000	      0.00000000	      0.00000000	      0.00000000	      0.00000000	      0.00000000	      0.00000000	      0.00000000	      0.00000000	      0.00000000
      1.74000000	      0.00000000	      0.00000000	      0.00000000	      0.00000000	      0.00000000	      0.00000000	      0.00000000	      0.00000000	      0.00000000	      0.00000000	      0.00000000	      0.00000000	      0.00000000	      0.00000000	      0.00000000	      0.00000000	      0.00000000	      0.00000000
      1.74100000	      0.00000000	      0.00000000	      0.00000000	      0.00000000	      0.00000000	      0.00000000	      0.00000000	      0.00000000	      0.00000000	      0.00000000	      0.00000000	      0.00000000	      0.00000000	      0.00000000	      0.00000000	      0.00000000	      0.00000000	      0.00000000
      1.74200000	      0.00000000	      0.00000000	      0.00000000	      0.00000000	      0.00000000	      0.00000000	      0.00000000	      0.00000000	      0.00000000	      0.00000000	      0.00000000	      0.00000000	      0.00000000	      0.00000000	      0.00000000	      0.00000000	      0.00000000	      0.00000000
      1.74300000	      0.00000000	      0.00000000	      0.00000000	      0.00000000	      0.00000000	      0.00000000	      0.00000000	      0.00000000	      0.00000000	      0.00000000	      0.00000000	      0.00000000	      0.00000000	      0.00000000	      0.00000000	      0.00000000	      0.00000000	      0.00000000
      1.74400000	      0.00000000	      0.00000000	      0.00000000	      0.00000000	      0.00000000	      0.00000000	      0.00000000	      0.00000000	      0.00000000	      0.00000000	      0.00000000	      0.00000000	      0.00000000	      0.00000000	      0.00000000	      0.00000000	      0.00000000	      0.00000000
      1.74500000	      0.00000000	      0.00000000	      0.00000000	      0.00000000	      0.00000000	      0.00000000	      0.00000000	      0.00000000	      0.00000000	      0.00000000	      0.00000000	      0.00000000	      0.00000000	      0.00000000	      0.00000000	      0.00000000	      0.00000000	      0.00000000
      1.74600000	      0.00000000	      0.00000000	      0.00000000	      0.00000000	      0.00000000	      0.00000000	      0.00000000	      0.00000000	      0.00000000	      0.00000000	      0.00000000	      0.00000000	      0.00000000	      0.00000000	      0.00000000	      0.00000000	      0.00000000	      0.00000000
      1.74700000	      0.00000000	      0.00000000	      0.00000000	      0.00000000	      0.00000000	      0.00000000	      0.00000000	      0.00000000	      0.00000000	      0.00000000	      0.00000000	      0.00000000	      0.00000000	      0.00000000	      0.00000000	      0.00000000	      0.00000000	      0.00000000
      1.74800000	      0.00000000	      0.00000000	      0.00000000	      0.00000000	      0.00000000	      0.00000000	      0.00000000	      0.00000000	      0.00000000	      0.00000000	      0.00000000	      0.00000000	      0.00000000	      0.00000000	      0.00000000	      0.00000000	      0.00000000	      0.00000000
      1.74900000	      0.00000000	      0.00000000	      0.00000000	      0.00000000	      0.00000000	      0.00000000	      0.00000000	      0.00000000	      0.00000000	      0.00000000	      0.00000000	      0.00000000	      0.00000000	      0.00000000	      0.00000000	      0.00000000	      0.00000000	      0.00000000
      1.75000000	      0.00000000	      0.00000000	      0.00000000	      0.00000000	      0.00000000	      0.00000000	      0.00000000	      0.00000000	      0.00000000	      0.00000000	      0.00000000	      0.00000000	      0.00000000	      0.00000000	      0.00000000	      0.00000000	      0.00000000	      0.00000000
      1.75100000	      0.00000000	      0.00000000	      0.00000000	      0.00000000	      0.00000000	      0.00000000	      0.00000000	      0.00000000	      0.00000000	      0.00000000	      0.00000000	      0.00000000	      0.00000000	      0.00000000	      0.00000000	      0.00000000	      0.00000000	      0.00000000
      1.75200000	      0.00000000	      0.00000000	      0.00000000	      0.00000000	      0.00000000	      0.00000000	      0.00000000	      0.00000000	      0.00000000	      0.00000000	      0.00000000	      0.00000000	      0.00000000	      0.00000000	      0.00000000	      0.00000000	      0.00000000	      0.00000000
      1.75300000	      0.00000000	      0.00000000	      0.00000000	      0.00000000	      0.00000000	      0.00000000	      0.00000000	      0.00000000	      0.00000000	      0.00000000	      0.00000000	      0.00000000	      0.00000000	      0.00000000	      0.00000000	      0.00000000	      0.00000000	      0.00000000
      1.75400000	      0.00000000	      0.00000000	      0.00000000	      0.00000000	      0.00000000	      0.00000000	      0.00000000	      0.00000000	      0.00000000	      0.00000000	      0.00000000	      0.00000000	      0.00000000	      0.00000000	      0.00000000	      0.00000000	      0.00000000	      0.00000000
      1.75500000	      0.00000000	      0.00000000	      0.00000000	      0.00000000	      0.00000000	      0.00000000	      0.00000000	      0.00000000	      0.00000000	      0.00000000	      0.00000000	      0.00000000	      0.00000000	      0.00000000	      0.00000000	      0.00000000	      0.00000000	      0.00000000
      1.75600000	      0.00000000	      0.00000000	      0.00000000	      0.00000000	      0.00000000	      0.00000000	      0.00000000	      0.00000000	      0.00000000	      0.00000000	      0.00000000	      0.00000000	      0.00000000	      0.00000000	      0.00000000	      0.00000000	      0.00000000	      0.00000000
      1.75700000	      0.00000000	      0.00000000	      0.00000000	      0.00000000	      0.00000000	      0.00000000	      0.00000000	      0.00000000	      0.00000000	      0.00000000	      0.00000000	      0.00000000	      0.00000000	      0.00000000	      0.00000000	      0.00000000	      0.00000000	      0.00000000
      1.75800000	      0.00000000	      0.00000000	      0.00000000	      0.00000000	      0.00000000	      0.00000000	      0.00000000	      0.00000000	      0.00000000	      0.00000000	      0.00000000	      0.00000000	      0.00000000	      0.00000000	      0.00000000	      0.00000000	      0.00000000	      0.00000000
      1.75900000	      0.00000000	      0.00000000	      0.00000000	      0.00000000	      0.00000000	      0.00000000	      0.00000000	      0.00000000	      0.00000000	      0.00000000	      0.00000000	      0.00000000	      0.00000000	      0.00000000	      0.00000000	      0.00000000	      0.00000000	      0.00000000
      1.76000000	      0.00000000	      0.00000000	      0.00000000	      0.00000000	      0.00000000	      0.00000000	      0.00000000	      0.00000000	      0.00000000	      0.00000000	      0.00000000	      0.00000000	      0.00000000	      0.00000000	      0.00000000	      0.00000000	      0.00000000	      0.00000000
      1.76100000	      0.00000000	      0.00000000	      0.00000000	      0.00000000	      0.00000000	      0.00000000	      0.00000000	      0.00000000	      0.00000000	      0.00000000	      0.00000000	      0.00000000	      0.00000000	      0.00000000	      0.00000000	      0.00000000	      0.00000000	      0.00000000
      1.76200000	      0.00000000	      0.00000000	      0.00000000	      0.00000000	      0.00000000	      0.00000000	      0.00000000	      0.00000000	      0.00000000	      0.00000000	      0.00000000	      0.00000000	      0.00000000	      0.00000000	      0.00000000	      0.00000000	      0.00000000	      0.00000000
      1.76300000	      0.00000000	      0.00000000	      0.00000000	      0.00000000	      0.00000000	      0.00000000	      0.00000000	      0.00000000	      0.00000000	      0.00000000	      0.00000000	      0.00000000	      0.00000000	      0.00000000	      0.00000000	      0.00000000	      0.00000000	      0.00000000
      1.76400000	      0.00000000	      0.00000000	      0.00000000	      0.00000000	      0.00000000	      0.00000000	      0.00000000	      0.00000000	      0.00000000	      0.00000000	      0.00000000	      0.00000000	      0.00000000	      0.00000000	      0.00000000	      0.00000000	      0.00000000	      0.00000000
      1.76500000	      0.00000000	      0.00000000	      0.00000000	      0.00000000	      0.00000000	      0.00000000	      0.00000000	      0.00000000	      0.00000000	      0.00000000	      0.00000000	      0.00000000	      0.00000000	      0.00000000	      0.00000000	      0.00000000	      0.00000000	      0.00000000
      1.76600000	      0.00000000	      0.00000000	      0.00000000	      0.00000000	      0.00000000	      0.00000000	      0.00000000	      0.00000000	      0.00000000	      0.00000000	      0.00000000	      0.00000000	      0.00000000	      0.00000000	      0.00000000	      0.00000000	      0.00000000	      0.00000000
      1.76700000	      0.00000000	      0.00000000	      0.00000000	      0.00000000	      0.00000000	      0.00000000	      0.00000000	      0.00000000	      0.00000000	      0.00000000	      0.00000000	      0.00000000	      0.00000000	      0.00000000	      0.00000000	      0.00000000	      0.00000000	      0.00000000
      1.76800000	      0.00000000	      0.00000000	      0.00000000	      0.00000000	      0.00000000	      0.00000000	      0.00000000	      0.00000000	      0.00000000	      0.00000000	      0.00000000	      0.00000000	      0.00000000	      0.00000000	      0.00000000	      0.00000000	      0.00000000	      0.00000000
      1.76900000	      0.00000000	      0.00000000	      0.00000000	      0.00000000	      0.00000000	      0.00000000	      0.00000000	      0.00000000	      0.00000000	      0.00000000	      0.00000000	      0.00000000	      0.00000000	      0.00000000	      0.00000000	      0.00000000	      0.00000000	      0.00000000
      1.77000000	      0.00000000	      0.00000000	      0.00000000	      0.00000000	      0.00000000	      0.00000000	      0.00000000	      0.00000000	      0.00000000	      0.00000000	      0.00000000	      0.00000000	      0.00000000	      0.00000000	      0.00000000	      0.00000000	      0.00000000	      0.00000000
      1.77100000	      0.00000000	      0.00000000	      0.00000000	      0.00000000	      0.00000000	      0.00000000	      0.00000000	      0.00000000	      0.00000000	      0.00000000	      0.00000000	      0.00000000	      0.00000000	      0.00000000	      0.00000000	      0.00000000	      0.00000000	      0.00000000
      1.77200000	      0.00000000	      0.00000000	      0.00000000	      0.00000000	      0.00000000	      0.00000000	      0.00000000	      0.00000000	      0.00000000	      0.00000000	      0.00000000	      0.00000000	      0.00000000	      0.00000000	      0.00000000	      0.00000000	      0.00000000	      0.00000000
      1.77300000	      0.00000000	      0.00000000	      0.00000000	      0.00000000	      0.00000000	      0.00000000	      0.00000000	      0.00000000	      0.00000000	      0.00000000	      0.00000000	      0.00000000	      0.00000000	      0.00000000	      0.00000000	      0.00000000	      0.00000000	      0.00000000
      1.77400000	      0.00000000	      0.00000000	      0.00000000	      0.00000000	      0.00000000	      0.00000000	      0.00000000	      0.00000000	      0.00000000	      0.00000000	      0.00000000	      0.00000000	      0.00000000	      0.00000000	      0.00000000	      0.00000000	      0.00000000	      0.00000000
      1.77500000	      0.00000000	      0.00000000	      0.00000000	      0.00000000	      0.00000000	      0.00000000	      0.00000000	      0.00000000	      0.00000000	      0.00000000	      0.00000000	      0.00000000	      0.00000000	      0.00000000	      0.00000000	      0.00000000	      0.00000000	      0.00000000
      1.77600000	      0.00000000	      0.00000000	      0.00000000	      0.00000000	      0.00000000	      0.00000000	      0.00000000	      0.00000000	      0.00000000	      0.00000000	      0.00000000	      0.00000000	      0.00000000	      0.00000000	      0.00000000	      0.00000000	      0.00000000	      0.00000000
      1.77700000	      0.00000000	      0.00000000	      0.00000000	      0.00000000	      0.00000000	      0.00000000	      0.00000000	      0.00000000	      0.00000000	      0.00000000	      0.00000000	      0.00000000	      0.00000000	      0.00000000	      0.00000000	      0.00000000	      0.00000000	      0.00000000
      1.77800000	      0.00000000	      0.00000000	      0.00000000	      0.00000000	      0.00000000	      0.00000000	      0.00000000	      0.00000000	      0.00000000	      0.00000000	      0.00000000	      0.00000000	      0.00000000	      0.00000000	      0.00000000	      0.00000000	      0.00000000	      0.00000000
      1.77900000	      0.00000000	      0.00000000	      0.00000000	      0.00000000	      0.00000000	      0.00000000	      0.00000000	      0.00000000	      0.00000000	      0.00000000	      0.00000000	      0.00000000	      0.00000000	      0.00000000	      0.00000000	      0.00000000	      0.00000000	      0.00000000
      1.78000000	      0.00000000	      0.00000000	      0.00000000	      0.00000000	      0.00000000	      0.00000000	      0.00000000	      0.00000000	      0.00000000	      0.00000000	      0.00000000	      0.00000000	      0.00000000	      0.00000000	      0.00000000	      0.00000000	      0.00000000	      0.00000000
