MomentArm_hip_adduction_l
version=1
nRows=100
nColumns=85
inDegrees=no

This analysis gathers basic information about muscles during a simulation (e.g., forces, tendon lengths, moment arms, etc).
Units are S.I. units (second, meters, Newtons, ...)
If the header above contains a line with 'inDegrees', this indicates whether rotational values are in degrees (yes) or radians (no).

endheader
time	addbrev_r	addlong_r	addmagMid_r	bflh_r	bfsh_r	edl_r	ehl_r	ercspn_r	extobl_r	fdb_r	fdl_r	fhl_r	gaslat_r	gasmed_r	glmax2_r	glmed2_r	glmin2_r	grac_r	iliacus_r	intobl_r	obtext_r	pect_r	perbrev_r	perlong_r	pertert_r	piri_r	popli_r	psoas_r	quadfem_r	recabd_r	recfem_r	sart_r	semimem_r	semiten_r	soleus_r	tfl_r	tibant_r	tibpost_r	tricox_r	vasint_r	vaslat_r	vasmed_r	addbrev_l	addlong_l	addmagMid_l	bflh_l	bfsh_l	edl_l	ehl_l	ercspn_l	extobl_l	fdb_l	fdl_l	fhl_l	gaslat_l	gasmed_l	glmax2_l	glmed2_l	glmin2_l	grac_l	iliacus_l	intobl_l	obtext_l	pect_l	perbrev_l	perlong_l	pertert_l	piri_l	popli_l	psoas_l	quadfem_l	recabd_l	recfem_l	sart_l	semimem_l	semiten_l	soleus_l	tfl_l	tibant_l	tibpost_l	tricox_l	vasint_l	vaslat_l	vasmed_l
      0.96050000	      0.00000000	      0.00000000	      0.00000000	      0.00000000	      0.00000000	      0.00000000	      0.00000000	      0.00000000	      0.00000000	      0.00000000	      0.00000000	      0.00000000	      0.00000000	      0.00000000	      0.00000000	      0.00000000	      0.00000000	      0.00000000	      0.00000000	      0.00000000	      0.00000000	      0.00000000	      0.00000000	      0.00000000	      0.00000000	      0.00000000	      0.00000000	      0.00000000	      0.00000000	      0.00000000	      0.00000000	      0.00000000	      0.00000000	      0.00000000	      0.00000000	      0.00000000	      0.00000000	      0.00000000	      0.00000000	      0.00000000	      0.00000000	      0.00000000	      0.06955860	      0.07053997	      0.06624737	      0.01999804	     -0.00000000	     -0.00000000	      0.00000000	      0.00000000	      0.00000000	     -0.00000000	     -0.00000000	     -0.00000000	      0.00000000	      0.00000000	     -0.00865825	     -0.03383667	     -0.03622143	      0.05351075	      0.00138156	      0.00000000	      0.02648760	      0.03099453	      0.00000000	      0.00000000	     -0.00000000	     -0.03062913	     -0.00000000	      0.00296429	      0.01474548	      0.00000000	     -0.01413573	     -0.01751458	      0.01558062	      0.02544831	      0.00000000	     -0.04537676	      0.00000000	      0.00000000	     -0.01337766	      0.00000000	     -0.00000000	     -0.00000000
      0.97100000	      0.00000000	      0.00000000	      0.00000000	      0.00000000	      0.00000000	      0.00000000	      0.00000000	      0.00000000	      0.00000000	      0.00000000	      0.00000000	      0.00000000	      0.00000000	      0.00000000	      0.00000000	      0.00000000	      0.00000000	      0.00000000	      0.00000000	      0.00000000	      0.00000000	      0.00000000	      0.00000000	      0.00000000	      0.00000000	      0.00000000	      0.00000000	      0.00000000	      0.00000000	      0.00000000	      0.00000000	      0.00000000	      0.00000000	      0.00000000	      0.00000000	      0.00000000	      0.00000000	      0.00000000	      0.00000000	      0.00000000	      0.00000000	      0.00000000	      0.06947674	      0.07043759	      0.06630732	      0.01996592	     -0.00000000	     -0.00000000	      0.00000000	      0.00000000	      0.00000000	      0.00000000	      0.00000000	     -0.00000000	     -0.00000000	     -0.00000000	     -0.00860299	     -0.03388862	     -0.03629707	      0.05340193	      0.00135521	      0.00000000	      0.02663961	      0.03097742	     -0.00000000	     -0.00000000	     -0.00000000	     -0.03057589	      0.00000000	      0.00289279	      0.01494615	      0.00000000	     -0.01406078	     -0.01735959	      0.01551016	      0.02535992	     -0.00000000	     -0.04534825	     -0.00000000	     -0.00000000	     -0.01319739	     -0.00000000	     -0.00000000	      0.00000000
      0.98150000	      0.00000000	      0.00000000	      0.00000000	      0.00000000	      0.00000000	      0.00000000	      0.00000000	      0.00000000	      0.00000000	      0.00000000	      0.00000000	      0.00000000	      0.00000000	      0.00000000	      0.00000000	      0.00000000	      0.00000000	      0.00000000	      0.00000000	      0.00000000	      0.00000000	      0.00000000	      0.00000000	      0.00000000	      0.00000000	      0.00000000	      0.00000000	      0.00000000	      0.00000000	      0.00000000	      0.00000000	      0.00000000	      0.00000000	      0.00000000	      0.00000000	      0.00000000	      0.00000000	      0.00000000	      0.00000000	      0.00000000	      0.00000000	      0.00000000	      0.06937396	      0.07027665	      0.06637927	      0.01990701	      0.00000000	     -0.00000000	      0.00000000	      0.00000000	      0.00000000	     -0.00000000	     -0.00000000	     -0.00000000	      0.00000000	      0.00000000	     -0.00851467	     -0.03395837	     -0.03640106	      0.05319336	      0.00131873	      0.00000000	      0.02686882	      0.03096276	      0.00000000	     -0.00000000	      0.00000000	     -0.03049140	      0.00000000	      0.00276703	      0.01523801	      0.00000000	     -0.01393324	     -0.01710449	      0.01539701	      0.02521326	     -0.00000000	     -0.04526778	      0.00000000	      0.00000000	     -0.01293073	      0.00000000	     -0.00000000	     -0.00000000
      0.99200000	      0.00000000	      0.00000000	      0.00000000	      0.00000000	      0.00000000	      0.00000000	      0.00000000	      0.00000000	      0.00000000	      0.00000000	      0.00000000	      0.00000000	      0.00000000	      0.00000000	      0.00000000	      0.00000000	      0.00000000	      0.00000000	      0.00000000	      0.00000000	      0.00000000	      0.00000000	      0.00000000	      0.00000000	      0.00000000	      0.00000000	      0.00000000	      0.00000000	      0.00000000	      0.00000000	      0.00000000	      0.00000000	      0.00000000	      0.00000000	      0.00000000	      0.00000000	      0.00000000	      0.00000000	      0.00000000	      0.00000000	      0.00000000	      0.00000000	      0.06924733	      0.07006917	      0.06646277	      0.01982491	     -0.00000000	      0.00000000	     -0.00000000	      0.00000000	      0.00000000	      0.00000000	     -0.00000000	     -0.00000000	     -0.00000000	     -0.00000000	     -0.00841000	     -0.03405321	     -0.03653617	      0.05291405	      0.00127516	      0.00000000	      0.02716175	      0.03094724	     -0.00000000	     -0.00000000	      0.00000000	     -0.03038176	     -0.00000000	      0.00261065	      0.01560923	      0.00000000	     -0.01376155	     -0.01676904	      0.01524647	      0.02501755	     -0.00000000	     -0.04514846	     -0.00000000	     -0.00000000	     -0.01258797	     -0.00000000	     -0.00000000	     -0.00000000
      1.00250000	      0.00000000	      0.00000000	      0.00000000	      0.00000000	      0.00000000	      0.00000000	      0.00000000	      0.00000000	      0.00000000	      0.00000000	      0.00000000	      0.00000000	      0.00000000	      0.00000000	      0.00000000	      0.00000000	      0.00000000	      0.00000000	      0.00000000	      0.00000000	      0.00000000	      0.00000000	      0.00000000	      0.00000000	      0.00000000	      0.00000000	      0.00000000	      0.00000000	      0.00000000	      0.00000000	      0.00000000	      0.00000000	      0.00000000	      0.00000000	      0.00000000	      0.00000000	      0.00000000	      0.00000000	      0.00000000	      0.00000000	      0.00000000	      0.00000000	      0.06910150	      0.06982719	      0.06655185	      0.01972153	      0.00000000	     -0.00000000	      0.00000000	      0.00000000	      0.00000000	     -0.00000000	     -0.00000000	     -0.00000000	     -0.00000000	     -0.00000000	     -0.00830031	     -0.03417234	     -0.03669753	      0.05258176	      0.00122836	      0.00000000	      0.02750261	      0.03093108	     -0.00000000	     -0.00000000	      0.00000000	     -0.03025178	     -0.00000000	      0.00243928	      0.01604166	      0.00000000	     -0.01355256	     -0.01637050	      0.01506396	      0.02478061	     -0.00000000	     -0.04499464	     -0.00000000	     -0.00000000	     -0.01218497	      0.00000000	      0.00000000	     -0.00000000
      1.01300000	      0.00000000	      0.00000000	      0.00000000	      0.00000000	      0.00000000	      0.00000000	      0.00000000	      0.00000000	      0.00000000	      0.00000000	      0.00000000	      0.00000000	      0.00000000	      0.00000000	      0.00000000	      0.00000000	      0.00000000	      0.00000000	      0.00000000	      0.00000000	      0.00000000	      0.00000000	      0.00000000	      0.00000000	      0.00000000	      0.00000000	      0.00000000	      0.00000000	      0.00000000	      0.00000000	      0.00000000	      0.00000000	      0.00000000	      0.00000000	      0.00000000	      0.00000000	      0.00000000	      0.00000000	      0.00000000	      0.00000000	      0.00000000	      0.00000000	      0.06892161	      0.06954871	      0.06665372	      0.01959282	      0.00000000	     -0.00000000	     -0.00000000	      0.00000000	      0.00000000	     -0.00000000	     -0.00000000	     -0.00000000	     -0.00000000	     -0.00000000	     -0.00816992	     -0.03430256	     -0.03687762	      0.05220031	      0.00117826	      0.00000000	      0.02790041	      0.03090934	      0.00000000	     -0.00000000	      0.00000000	     -0.03009324	      0.00000000	      0.00225013	      0.01655506	      0.00000000	     -0.01330652	     -0.01590613	      0.01484293	      0.02449514	     -0.00000000	     -0.04481818	     -0.00000000	     -0.00000000	     -0.01170854	     -0.00000000	     -0.00000000	     -0.00000000
      1.02350000	      0.00000000	      0.00000000	      0.00000000	      0.00000000	      0.00000000	      0.00000000	      0.00000000	      0.00000000	      0.00000000	      0.00000000	      0.00000000	      0.00000000	      0.00000000	      0.00000000	      0.00000000	      0.00000000	      0.00000000	      0.00000000	      0.00000000	      0.00000000	      0.00000000	      0.00000000	      0.00000000	      0.00000000	      0.00000000	      0.00000000	      0.00000000	      0.00000000	      0.00000000	      0.00000000	      0.00000000	      0.00000000	      0.00000000	      0.00000000	      0.00000000	      0.00000000	      0.00000000	      0.00000000	      0.00000000	      0.00000000	      0.00000000	      0.00000000	      0.06869506	      0.06923867	      0.06677421	      0.01943904	     -0.00000000	      0.00000000	      0.00000000	      0.00000000	      0.00000000	      0.00000000	      0.00000000	      0.00000000	      0.00000000	      0.00000000	     -0.00801688	     -0.03443924	     -0.03707388	      0.05178923	      0.00112569	      0.00000000	      0.02835439	      0.03087657	      0.00000000	      0.00000000	      0.00000000	     -0.02990368	     -0.00000000	      0.00205350	      0.01715870	      0.00000000	     -0.01302922	     -0.01538540	      0.01458224	      0.02416191	     -0.00000000	     -0.04463621	      0.00000000	      0.00000000	     -0.01115338	      0.00000000	     -0.00000000	     -0.00000000
      1.03400000	      0.00000000	      0.00000000	      0.00000000	      0.00000000	      0.00000000	      0.00000000	      0.00000000	      0.00000000	      0.00000000	      0.00000000	      0.00000000	      0.00000000	      0.00000000	      0.00000000	      0.00000000	      0.00000000	      0.00000000	      0.00000000	      0.00000000	      0.00000000	      0.00000000	      0.00000000	      0.00000000	      0.00000000	      0.00000000	      0.00000000	      0.00000000	      0.00000000	      0.00000000	      0.00000000	      0.00000000	      0.00000000	      0.00000000	      0.00000000	      0.00000000	      0.00000000	      0.00000000	      0.00000000	      0.00000000	      0.00000000	      0.00000000	      0.00000000	      0.06844212	      0.06892458	      0.06690029	      0.01927390	      0.00000000	     -0.00000000	     -0.00000000	      0.00000000	      0.00000000	     -0.00000000	      0.00000000	     -0.00000000	      0.00000000	      0.00000000	     -0.00787660	     -0.03459316	     -0.03728513	      0.05139202	      0.00107592	      0.00000000	      0.02882409	      0.03083564	      0.00000000	      0.00000000	      0.00000000	     -0.02970106	      0.00000000	      0.00188201	      0.01780052	      0.00000000	     -0.01274049	     -0.01485314	      0.01430403	      0.02381080	      0.00000000	     -0.04445713	      0.00000000	      0.00000000	     -0.01056284	     -0.00000000	      0.00000000	     -0.00000000
      1.04450000	      0.00000000	      0.00000000	      0.00000000	      0.00000000	      0.00000000	      0.00000000	      0.00000000	      0.00000000	      0.00000000	      0.00000000	      0.00000000	      0.00000000	      0.00000000	      0.00000000	      0.00000000	      0.00000000	      0.00000000	      0.00000000	      0.00000000	      0.00000000	      0.00000000	      0.00000000	      0.00000000	      0.00000000	      0.00000000	      0.00000000	      0.00000000	      0.00000000	      0.00000000	      0.00000000	      0.00000000	      0.00000000	      0.00000000	      0.00000000	      0.00000000	      0.00000000	      0.00000000	      0.00000000	      0.00000000	      0.00000000	      0.00000000	      0.00000000	      0.06818566	      0.06862767	      0.06702006	      0.01911120	      0.00000000	     -0.00000000	     -0.00000000	      0.00000000	      0.00000000	      0.00000000	     -0.00000000	     -0.00000000	     -0.00000000	     -0.00000000	     -0.00777601	     -0.03477273	     -0.03750941	      0.05103870	      0.00103194	      0.00000000	      0.02927623	      0.03079111	     -0.00000000	     -0.00000000	     -0.00000000	     -0.02950046	      0.00000000	      0.00175502	      0.01843279	      0.00000000	     -0.01245623	     -0.01434510	      0.01402976	      0.02346953	     -0.00000000	     -0.04428233	     -0.00000000	     -0.00000000	     -0.00997676	      0.00000000	      0.00000000	     -0.00000000
      1.05500000	      0.00000000	      0.00000000	      0.00000000	      0.00000000	      0.00000000	      0.00000000	      0.00000000	      0.00000000	      0.00000000	      0.00000000	      0.00000000	      0.00000000	      0.00000000	      0.00000000	      0.00000000	      0.00000000	      0.00000000	      0.00000000	      0.00000000	      0.00000000	      0.00000000	      0.00000000	      0.00000000	      0.00000000	      0.00000000	      0.00000000	      0.00000000	      0.00000000	      0.00000000	      0.00000000	      0.00000000	      0.00000000	      0.00000000	      0.00000000	      0.00000000	      0.00000000	      0.00000000	      0.00000000	      0.00000000	      0.00000000	      0.00000000	      0.00000000	      0.06791320	      0.06833530	      0.06714056	      0.01894575	     -0.00000000	      0.00000000	      0.00000000	      0.00000000	      0.00000000	     -0.00000000	     -0.00000000	      0.00000000	      0.00000000	      0.00000000	     -0.00770284	     -0.03497830	     -0.03775104	      0.05071572	      0.00099079	      0.00000000	      0.02973129	      0.03074036	      0.00000000	      0.00000000	      0.00000000	     -0.02928982	      0.00000000	      0.00166154	      0.01908609	      0.00000000	     -0.01216662	     -0.01384180	      0.01374918	      0.02312531	      0.00000000	     -0.04410762	      0.00000000	      0.00000000	     -0.00936887	      0.00000000	     -0.00000000	      0.00000000
      1.06550000	      0.00000000	      0.00000000	      0.00000000	      0.00000000	      0.00000000	      0.00000000	      0.00000000	      0.00000000	      0.00000000	      0.00000000	      0.00000000	      0.00000000	      0.00000000	      0.00000000	      0.00000000	      0.00000000	      0.00000000	      0.00000000	      0.00000000	      0.00000000	      0.00000000	      0.00000000	      0.00000000	      0.00000000	      0.00000000	      0.00000000	      0.00000000	      0.00000000	      0.00000000	      0.00000000	      0.00000000	      0.00000000	      0.00000000	      0.00000000	      0.00000000	      0.00000000	      0.00000000	      0.00000000	      0.00000000	      0.00000000	      0.00000000	      0.00000000	      0.06760701	      0.06803502	      0.06727001	      0.01877042	      0.00000000	      0.00000000	     -0.00000000	      0.00000000	      0.00000000	      0.00000000	      0.00000000	      0.00000000	      0.00000000	      0.00000000	     -0.00763937	     -0.03520376	     -0.03801034	      0.05041130	      0.00094996	      0.00000000	      0.03021099	      0.03067914	     -0.00000000	      0.00000000	     -0.00000000	     -0.02905419	     -0.00000000	      0.00159066	      0.01979756	      0.00000000	     -0.01186288	     -0.01332407	      0.01344944	      0.02276243	     -0.00000000	     -0.04393393	      0.00000000	     -0.00000000	     -0.00870847	      0.00000000	      0.00000000	     -0.00000000
      1.07600000	      0.00000000	      0.00000000	      0.00000000	      0.00000000	      0.00000000	      0.00000000	      0.00000000	      0.00000000	      0.00000000	      0.00000000	      0.00000000	      0.00000000	      0.00000000	      0.00000000	      0.00000000	      0.00000000	      0.00000000	      0.00000000	      0.00000000	      0.00000000	      0.00000000	      0.00000000	      0.00000000	      0.00000000	      0.00000000	      0.00000000	      0.00000000	      0.00000000	      0.00000000	      0.00000000	      0.00000000	      0.00000000	      0.00000000	      0.00000000	      0.00000000	      0.00000000	      0.00000000	      0.00000000	      0.00000000	      0.00000000	      0.00000000	      0.00000000	      0.06728041	      0.06774349	      0.06740288	      0.01859665	      0.00000000	     -0.00000000	     -0.00000000	      0.00000000	      0.00000000	     -0.00000000	     -0.00000000	     -0.00000000	     -0.00000000	     -0.00000000	     -0.00758561	     -0.03543354	     -0.03827114	      0.05014739	      0.00091076	      0.00000000	      0.03068949	      0.03060932	     -0.00000000	     -0.00000000	     -0.00000000	     -0.02880292	      0.00000000	      0.00154557	      0.02053380	      0.00000000	     -0.01156411	     -0.01282362	      0.01314803	      0.02240263	     -0.00000000	     -0.04377531	     -0.00000000	     -0.00000000	     -0.00802785	      0.00000000	      0.00000000	      0.00000000
      1.08650000	      0.00000000	      0.00000000	      0.00000000	      0.00000000	      0.00000000	      0.00000000	      0.00000000	      0.00000000	      0.00000000	      0.00000000	      0.00000000	      0.00000000	      0.00000000	      0.00000000	      0.00000000	      0.00000000	      0.00000000	      0.00000000	      0.00000000	      0.00000000	      0.00000000	      0.00000000	      0.00000000	      0.00000000	      0.00000000	      0.00000000	      0.00000000	      0.00000000	      0.00000000	      0.00000000	      0.00000000	      0.00000000	      0.00000000	      0.00000000	      0.00000000	      0.00000000	      0.00000000	      0.00000000	      0.00000000	      0.00000000	      0.00000000	      0.00000000	      0.06694915	      0.06747525	      0.06753451	      0.01843852	      0.00000000	      0.00000000	      0.00000000	      0.00000000	      0.00000000	     -0.00000000	     -0.00000000	      0.00000000	      0.00000000	      0.00000000	     -0.00754952	     -0.03566358	     -0.03852610	      0.04994576	      0.00087329	      0.00000000	      0.03114192	      0.03053331	      0.00000000	     -0.00000000	      0.00000000	     -0.02854857	      0.00000000	      0.00153144	      0.02125844	      0.00000000	     -0.01128791	     -0.01237056	      0.01286463	      0.02207059	      0.00000000	     -0.04364216	     -0.00000000	      0.00000000	     -0.00735986	     -0.00000000	      0.00000000	     -0.00000000
      1.09700000	      0.00000000	      0.00000000	      0.00000000	      0.00000000	      0.00000000	      0.00000000	      0.00000000	      0.00000000	      0.00000000	      0.00000000	      0.00000000	      0.00000000	      0.00000000	      0.00000000	      0.00000000	      0.00000000	      0.00000000	      0.00000000	      0.00000000	      0.00000000	      0.00000000	      0.00000000	      0.00000000	      0.00000000	      0.00000000	      0.00000000	      0.00000000	      0.00000000	      0.00000000	      0.00000000	      0.00000000	      0.00000000	      0.00000000	      0.00000000	      0.00000000	      0.00000000	      0.00000000	      0.00000000	      0.00000000	      0.00000000	      0.00000000	      0.00000000	      0.06660935	      0.06722329	      0.06766705	      0.01829669	     -0.00000000	      0.00000000	      0.00000000	      0.00000000	      0.00000000	     -0.00000000	     -0.00000000	     -0.00000000	      0.00000000	      0.00000000	     -0.00753437	     -0.03590502	     -0.03878453	      0.04980289	      0.00083535	      0.00000000	      0.03157730	      0.03045016	      0.00000000	     -0.00000000	     -0.00000000	     -0.02828544	      0.00000000	      0.00154753	      0.02198411	      0.00000000	     -0.01102848	     -0.01195661	      0.01259706	      0.02176412	      0.00000000	     -0.04352763	     -0.00000000	      0.00000000	     -0.00669133	      0.00000000	     -0.00000000	      0.00000000
      1.10750000	      0.00000000	      0.00000000	      0.00000000	      0.00000000	      0.00000000	      0.00000000	      0.00000000	      0.00000000	      0.00000000	      0.00000000	      0.00000000	      0.00000000	      0.00000000	      0.00000000	      0.00000000	      0.00000000	      0.00000000	      0.00000000	      0.00000000	      0.00000000	      0.00000000	      0.00000000	      0.00000000	      0.00000000	      0.00000000	      0.00000000	      0.00000000	      0.00000000	      0.00000000	      0.00000000	      0.00000000	      0.00000000	      0.00000000	      0.00000000	      0.00000000	      0.00000000	      0.00000000	      0.00000000	      0.00000000	      0.00000000	      0.00000000	      0.00000000	      0.06625509	      0.06698042	      0.06780245	      0.01817042	      0.00000000	      0.00000000	      0.00000000	      0.00000000	      0.00000000	      0.00000000	      0.00000000	      0.00000000	     -0.00000000	      0.00000000	     -0.00753794	     -0.03616276	     -0.03905124	      0.04971381	      0.00079504	      0.00000000	      0.03200547	      0.03035849	      0.00000000	     -0.00000000	     -0.00000000	     -0.02800525	     -0.00000000	      0.00159091	      0.02272650	      0.00000000	     -0.01078023	     -0.01157302	      0.01234162	      0.02147900	      0.00000000	     -0.04342619	      0.00000000	      0.00000000	     -0.00600736	      0.00000000	     -0.00000000	      0.00000000
      1.11800000	      0.00000000	      0.00000000	      0.00000000	      0.00000000	      0.00000000	      0.00000000	      0.00000000	      0.00000000	      0.00000000	      0.00000000	      0.00000000	      0.00000000	      0.00000000	      0.00000000	      0.00000000	      0.00000000	      0.00000000	      0.00000000	      0.00000000	      0.00000000	      0.00000000	      0.00000000	      0.00000000	      0.00000000	      0.00000000	      0.00000000	      0.00000000	      0.00000000	      0.00000000	      0.00000000	      0.00000000	      0.00000000	      0.00000000	      0.00000000	      0.00000000	      0.00000000	      0.00000000	      0.00000000	      0.00000000	      0.00000000	      0.00000000	      0.00000000	      0.06589204	      0.06674789	      0.06793753	      0.01806150	      0.00000000	      0.00000000	     -0.00000000	      0.00000000	      0.00000000	     -0.00000000	      0.00000000	      0.00000000	      0.00000000	      0.00000000	     -0.00755225	     -0.03642579	     -0.03931699	      0.04967360	      0.00075234	      0.00000000	      0.03242113	      0.03026012	      0.00000000	     -0.00000000	      0.00000000	     -0.02770912	     -0.00000000	      0.00165416	      0.02347592	      0.00000000	     -0.01054685	     -0.01122370	      0.01210212	      0.02121867	      0.00000000	     -0.04333791	      0.00000000	      0.00000000	     -0.00531737	      0.00000000	     -0.00000000	      0.00000000
      1.12850000	      0.00000000	      0.00000000	      0.00000000	      0.00000000	      0.00000000	      0.00000000	      0.00000000	      0.00000000	      0.00000000	      0.00000000	      0.00000000	      0.00000000	      0.00000000	      0.00000000	      0.00000000	      0.00000000	      0.00000000	      0.00000000	      0.00000000	      0.00000000	      0.00000000	      0.00000000	      0.00000000	      0.00000000	      0.00000000	      0.00000000	      0.00000000	      0.00000000	      0.00000000	      0.00000000	      0.00000000	      0.00000000	      0.00000000	      0.00000000	      0.00000000	      0.00000000	      0.00000000	      0.00000000	      0.00000000	      0.00000000	      0.00000000	      0.00000000	      0.06552694	      0.06652706	      0.06806879	      0.01797074	     -0.00000000	      0.00000000	      0.00000000	      0.00000000	      0.00000000	     -0.00000000	      0.00000000	      0.00000000	      0.00000000	      0.00000000	     -0.00757020	     -0.03668369	     -0.03957323	      0.04967533	      0.00070758	      0.00000000	      0.03281863	      0.03015740	     -0.00000000	      0.00000000	      0.00000000	     -0.02740036	      0.00000000	      0.00173003	      0.02422044	      0.00000000	     -0.01033149	     -0.01091133	      0.01188173	      0.02098551	      0.00000000	     -0.04326251	     -0.00000000	      0.00000000	     -0.00463257	      0.00000000	      0.00000000	     -0.00000000
      1.13900000	      0.00000000	      0.00000000	      0.00000000	      0.00000000	      0.00000000	      0.00000000	      0.00000000	      0.00000000	      0.00000000	      0.00000000	      0.00000000	      0.00000000	      0.00000000	      0.00000000	      0.00000000	      0.00000000	      0.00000000	      0.00000000	      0.00000000	      0.00000000	      0.00000000	      0.00000000	      0.00000000	      0.00000000	      0.00000000	      0.00000000	      0.00000000	      0.00000000	      0.00000000	      0.00000000	      0.00000000	      0.00000000	      0.00000000	      0.00000000	      0.00000000	      0.00000000	      0.00000000	      0.00000000	      0.00000000	      0.00000000	      0.00000000	      0.00000000	      0.06515739	      0.06631392	      0.06819637	      0.01789700	     -0.00000000	      0.00000000	      0.00000000	      0.00000000	      0.00000000	     -0.00000000	      0.00000000	      0.00000000	      0.00000000	      0.00000000	     -0.00758804	     -0.03693585	     -0.03982020	      0.04971345	      0.00066002	      0.00000000	      0.03320240	      0.03004997	      0.00000000	     -0.00000000	      0.00000000	     -0.02707538	      0.00000000	      0.00181529	      0.02496636	      0.00000000	     -0.01013146	     -0.01063071	      0.01167814	      0.02077642	     -0.00000000	     -0.04319735	     -0.00000000	      0.00000000	     -0.00394686	      0.00000000	      0.00000000	      0.00000000
      1.14950000	      0.00000000	      0.00000000	      0.00000000	      0.00000000	      0.00000000	      0.00000000	      0.00000000	      0.00000000	      0.00000000	      0.00000000	      0.00000000	      0.00000000	      0.00000000	      0.00000000	      0.00000000	      0.00000000	      0.00000000	      0.00000000	      0.00000000	      0.00000000	      0.00000000	      0.00000000	      0.00000000	      0.00000000	      0.00000000	      0.00000000	      0.00000000	      0.00000000	      0.00000000	      0.00000000	      0.00000000	      0.00000000	      0.00000000	      0.00000000	      0.00000000	      0.00000000	      0.00000000	      0.00000000	      0.00000000	      0.00000000	      0.00000000	      0.00000000	      0.06478065	      0.06610410	      0.06831957	      0.01783752	      0.00000000	      0.00000000	     -0.00000000	      0.00000000	      0.00000000	     -0.00000000	     -0.00000000	     -0.00000000	      0.00000000	      0.00000000	     -0.00760086	     -0.03718017	     -0.04005705	      0.04978022	      0.00060934	      0.00000000	      0.03357770	      0.02993769	     -0.00000000	     -0.00000000	      0.00000000	     -0.02672946	      0.00000000	      0.00190615	      0.02572146	      0.00000000	     -0.00994281	     -0.01037478	      0.01148745	      0.02058611	     -0.00000000	     -0.04313842	     -0.00000000	     -0.00000000	     -0.00325283	      0.00000000	      0.00000000	     -0.00000000
      1.16000000	      0.00000000	      0.00000000	      0.00000000	      0.00000000	      0.00000000	      0.00000000	      0.00000000	      0.00000000	      0.00000000	      0.00000000	      0.00000000	      0.00000000	      0.00000000	      0.00000000	      0.00000000	      0.00000000	      0.00000000	      0.00000000	      0.00000000	      0.00000000	      0.00000000	      0.00000000	      0.00000000	      0.00000000	      0.00000000	      0.00000000	      0.00000000	      0.00000000	      0.00000000	      0.00000000	      0.00000000	      0.00000000	      0.00000000	      0.00000000	      0.00000000	      0.00000000	      0.00000000	      0.00000000	      0.00000000	      0.00000000	      0.00000000	      0.00000000	      0.06440187	      0.06589679	      0.06843392	      0.01778702	     -0.00000000	      0.00000000	      0.00000000	      0.00000000	      0.00000000	     -0.00000000	     -0.00000000	      0.00000000	      0.00000000	     -0.00000000	     -0.00760130	     -0.03740692	     -0.04027633	      0.04986087	      0.00055709	      0.00000000	      0.03394386	      0.02982345	      0.00000000	     -0.00000000	     -0.00000000	     -0.02636421	      0.00000000	      0.00199519	      0.02647999	      0.00000000	     -0.00976274	     -0.01013709	      0.01130614	      0.02040830	      0.00000000	     -0.04308023	     -0.00000000	     -0.00000000	     -0.00255559	     -0.00000000	      0.00000000	      0.00000000
      1.17050000	      0.00000000	      0.00000000	      0.00000000	      0.00000000	      0.00000000	      0.00000000	      0.00000000	      0.00000000	      0.00000000	      0.00000000	      0.00000000	      0.00000000	      0.00000000	      0.00000000	      0.00000000	      0.00000000	      0.00000000	      0.00000000	      0.00000000	      0.00000000	      0.00000000	      0.00000000	      0.00000000	      0.00000000	      0.00000000	      0.00000000	      0.00000000	      0.00000000	      0.00000000	      0.00000000	      0.00000000	      0.00000000	      0.00000000	      0.00000000	      0.00000000	      0.00000000	      0.00000000	      0.00000000	      0.00000000	      0.00000000	      0.00000000	      0.00000000	      0.06402698	      0.06569254	      0.06853560	      0.01774092	      0.00000000	      0.00000000	     -0.00000000	      0.00000000	      0.00000000	      0.00000000	      0.00000000	      0.00000000	      0.00000000	      0.00000000	     -0.00758566	     -0.03760962	     -0.04047283	      0.04994365	      0.00050498	      0.00000000	      0.03429917	      0.02971011	      0.00000000	     -0.00000000	      0.00000000	     -0.02598329	     -0.00000000	      0.00207760	      0.02723383	      0.00000000	     -0.00958888	     -0.00991269	      0.01113155	      0.02023811	      0.00000000	     -0.04301781	      0.00000000	      0.00000000	     -0.00186210	     -0.00000000	     -0.00000000	     -0.00000000
      1.18100000	      0.00000000	      0.00000000	      0.00000000	      0.00000000	      0.00000000	      0.00000000	      0.00000000	      0.00000000	      0.00000000	      0.00000000	      0.00000000	      0.00000000	      0.00000000	      0.00000000	      0.00000000	      0.00000000	      0.00000000	      0.00000000	      0.00000000	      0.00000000	      0.00000000	      0.00000000	      0.00000000	      0.00000000	      0.00000000	      0.00000000	      0.00000000	      0.00000000	      0.00000000	      0.00000000	      0.00000000	      0.00000000	      0.00000000	      0.00000000	      0.00000000	      0.00000000	      0.00000000	      0.00000000	      0.00000000	      0.00000000	      0.00000000	      0.00000000	      0.06365570	      0.06549038	      0.06862414	      0.01769705	      0.00000000	     -0.00000000	     -0.00000000	      0.00000000	      0.00000000	      0.00000000	     -0.00000000	     -0.00000000	     -0.00000000	     -0.00000000	     -0.00755313	     -0.03778808	     -0.04064672	      0.05002497	      0.00045337	      0.00000000	      0.03464536	      0.02959800	     -0.00000000	     -0.00000000	     -0.00000000	     -0.02558636	     -0.00000000	      0.00215283	      0.02798442	      0.00000000	     -0.00941905	     -0.00969800	      0.01096133	      0.02007238	      0.00000000	     -0.04294927	     -0.00000000	      0.00000000	     -0.00117061	      0.00000000	     -0.00000000	      0.00000000
      1.19150000	      0.00000000	      0.00000000	      0.00000000	      0.00000000	      0.00000000	      0.00000000	      0.00000000	      0.00000000	      0.00000000	      0.00000000	      0.00000000	      0.00000000	      0.00000000	      0.00000000	      0.00000000	      0.00000000	      0.00000000	      0.00000000	      0.00000000	      0.00000000	      0.00000000	      0.00000000	      0.00000000	      0.00000000	      0.00000000	      0.00000000	      0.00000000	      0.00000000	      0.00000000	      0.00000000	      0.00000000	      0.00000000	      0.00000000	      0.00000000	      0.00000000	      0.00000000	      0.00000000	      0.00000000	      0.00000000	      0.00000000	      0.00000000	      0.00000000	      0.06328699	      0.06528927	      0.06869915	      0.01765248	      0.00000000	     -0.00000000	     -0.00000000	      0.00000000	      0.00000000	     -0.00000000	     -0.00000000	      0.00000000	      0.00000000	     -0.00000000	     -0.00750119	     -0.03793984	     -0.04079715	      0.05010066	      0.00040271	      0.00000000	      0.03498418	      0.02948728	     -0.00000000	     -0.00000000	      0.00000000	     -0.02517340	     -0.00000000	      0.00221949	      0.02873423	      0.00000000	     -0.00925154	     -0.00948908	      0.01079230	      0.01990686	      0.00000000	     -0.04287458	     -0.00000000	      0.00000000	     -0.00047878	      0.00000000	     -0.00000000	     -0.00000000
      1.20200000	      0.00000000	      0.00000000	      0.00000000	      0.00000000	      0.00000000	      0.00000000	      0.00000000	      0.00000000	      0.00000000	      0.00000000	      0.00000000	      0.00000000	      0.00000000	      0.00000000	      0.00000000	      0.00000000	      0.00000000	      0.00000000	      0.00000000	      0.00000000	      0.00000000	      0.00000000	      0.00000000	      0.00000000	      0.00000000	      0.00000000	      0.00000000	      0.00000000	      0.00000000	      0.00000000	      0.00000000	      0.00000000	      0.00000000	      0.00000000	      0.00000000	      0.00000000	      0.00000000	      0.00000000	      0.00000000	      0.00000000	      0.00000000	      0.00000000	      0.06292236	      0.06508951	      0.06875948	      0.01760376	      0.00000000	      0.00000000	      0.00000000	      0.00000000	      0.00000000	     -0.00000000	     -0.00000000	     -0.00000000	      0.00000000	      0.00000000	     -0.00742804	     -0.03806166	     -0.04092248	      0.05016537	      0.00035402	      0.00000000	      0.03531546	      0.02937904	     -0.00000000	      0.00000000	      0.00000000	     -0.02474693	      0.00000000	      0.00227585	      0.02948123	      0.00000000	     -0.00908504	     -0.00928245	      0.01062167	      0.01973743	     -0.00000000	     -0.04279347	      0.00000000	      0.00000000	      0.00021171	      0.00000000	      0.00000000	      0.00000000
      1.21250000	      0.00000000	      0.00000000	      0.00000000	      0.00000000	      0.00000000	      0.00000000	      0.00000000	      0.00000000	      0.00000000	      0.00000000	      0.00000000	      0.00000000	      0.00000000	      0.00000000	      0.00000000	      0.00000000	      0.00000000	      0.00000000	      0.00000000	      0.00000000	      0.00000000	      0.00000000	      0.00000000	      0.00000000	      0.00000000	      0.00000000	      0.00000000	      0.00000000	      0.00000000	      0.00000000	      0.00000000	      0.00000000	      0.00000000	      0.00000000	      0.00000000	      0.00000000	      0.00000000	      0.00000000	      0.00000000	      0.00000000	      0.00000000	      0.00000000	      0.06256416	      0.06489177	      0.06880373	      0.01754701	     -0.00000000	     -0.00000000	     -0.00000000	      0.00000000	      0.00000000	     -0.00000000	      0.00000000	      0.00000000	     -0.00000000	     -0.00000000	     -0.00733326	     -0.03815144	     -0.04102163	      0.05021340	      0.00030855	      0.00000000	      0.03563901	      0.02927466	     -0.00000000	      0.00000000	      0.00000000	     -0.02430988	     -0.00000000	      0.00232074	      0.03022252	      0.00000000	     -0.00891757	     -0.00907409	      0.01044636	      0.01955962	     -0.00000000	     -0.04270424	      0.00000000	     -0.00000000	      0.00089857	      0.00000000	     -0.00000000	      0.00000000
      1.22300000	      0.00000000	      0.00000000	      0.00000000	      0.00000000	      0.00000000	      0.00000000	      0.00000000	      0.00000000	      0.00000000	      0.00000000	      0.00000000	      0.00000000	      0.00000000	      0.00000000	      0.00000000	      0.00000000	      0.00000000	      0.00000000	      0.00000000	      0.00000000	      0.00000000	      0.00000000	      0.00000000	      0.00000000	      0.00000000	      0.00000000	      0.00000000	      0.00000000	      0.00000000	      0.00000000	      0.00000000	      0.00000000	      0.00000000	      0.00000000	      0.00000000	      0.00000000	      0.00000000	      0.00000000	      0.00000000	      0.00000000	      0.00000000	      0.00000000	      0.06221497	      0.06469692	      0.06883074	      0.01747884	     -0.00000000	      0.00000000	     -0.00000000	      0.00000000	      0.00000000	     -0.00000000	     -0.00000000	      0.00000000	     -0.00000000	     -0.00000000	     -0.00721828	     -0.03820942	     -0.04109470	      0.05024031	      0.00026752	      0.00000000	      0.03595505	      0.02917550	     -0.00000000	      0.00000000	     -0.00000000	     -0.02386452	     -0.00000000	      0.00235417	      0.03095527	      0.00000000	     -0.00874647	     -0.00886018	      0.01026365	      0.01936962	      0.00000000	     -0.04260349	     -0.00000000	      0.00000000	      0.00157983	      0.00000000	     -0.00000000	     -0.00000000
      1.23350000	      0.00000000	      0.00000000	      0.00000000	      0.00000000	      0.00000000	      0.00000000	      0.00000000	      0.00000000	      0.00000000	      0.00000000	      0.00000000	      0.00000000	      0.00000000	      0.00000000	      0.00000000	      0.00000000	      0.00000000	      0.00000000	      0.00000000	      0.00000000	      0.00000000	      0.00000000	      0.00000000	      0.00000000	      0.00000000	      0.00000000	      0.00000000	      0.00000000	      0.00000000	      0.00000000	      0.00000000	      0.00000000	      0.00000000	      0.00000000	      0.00000000	      0.00000000	      0.00000000	      0.00000000	      0.00000000	      0.00000000	      0.00000000	      0.00000000	      0.06187676	      0.06450605	      0.06884004	      0.01739692	      0.00000000	      0.00000000	      0.00000000	      0.00000000	      0.00000000	     -0.00000000	      0.00000000	      0.00000000	      0.00000000	      0.00000000	     -0.00708523	     -0.03823678	     -0.04114241	      0.05024392	      0.00023185	      0.00000000	      0.03626356	      0.02908250	     -0.00000000	      0.00000000	      0.00000000	     -0.02341304	      0.00000000	      0.00237692	      0.03167691	      0.00000000	     -0.00856993	     -0.00863833	      0.01007173	      0.01916500	      0.00000000	     -0.04248895	      0.00000000	      0.00000000	      0.00225365	     -0.00000000	     -0.00000000	     -0.00000000
      1.24400000	      0.00000000	      0.00000000	      0.00000000	      0.00000000	      0.00000000	      0.00000000	      0.00000000	      0.00000000	      0.00000000	      0.00000000	      0.00000000	      0.00000000	      0.00000000	      0.00000000	      0.00000000	      0.00000000	      0.00000000	      0.00000000	      0.00000000	      0.00000000	      0.00000000	      0.00000000	      0.00000000	      0.00000000	      0.00000000	      0.00000000	      0.00000000	      0.00000000	      0.00000000	      0.00000000	      0.00000000	      0.00000000	      0.00000000	      0.00000000	      0.00000000	      0.00000000	      0.00000000	      0.00000000	      0.00000000	      0.00000000	      0.00000000	      0.00000000	      0.06154862	      0.06431984	      0.06883287	      0.01730108	     -0.00000000	     -0.00000000	     -0.00000000	      0.00000000	      0.00000000	      0.00000000	      0.00000000	      0.00000000	      0.00000000	      0.00000000	     -0.00693472	     -0.03823331	     -0.04116621	      0.05022626	      0.00020151	      0.00000000	      0.03656342	      0.02899525	     -0.00000000	     -0.00000000	     -0.00000000	     -0.02295859	      0.00000000	      0.00238969	      0.03238682	      0.00000000	     -0.00838988	     -0.00840949	      0.00987042	      0.01894568	      0.00000000	     -0.04236597	      0.00000000	      0.00000000	      0.00291946	     -0.00000000	      0.00000000	      0.00000000
      1.25450000	      0.00000000	      0.00000000	      0.00000000	      0.00000000	      0.00000000	      0.00000000	      0.00000000	      0.00000000	      0.00000000	      0.00000000	      0.00000000	      0.00000000	      0.00000000	      0.00000000	      0.00000000	      0.00000000	      0.00000000	      0.00000000	      0.00000000	      0.00000000	      0.00000000	      0.00000000	      0.00000000	      0.00000000	      0.00000000	      0.00000000	      0.00000000	      0.00000000	      0.00000000	      0.00000000	      0.00000000	      0.00000000	      0.00000000	      0.00000000	      0.00000000	      0.00000000	      0.00000000	      0.00000000	      0.00000000	      0.00000000	      0.00000000	      0.00000000	      0.06122960	      0.06413883	      0.06881039	      0.01719108	     -0.00000000	     -0.00000000	     -0.00000000	      0.00000000	      0.00000000	      0.00000000	      0.00000000	     -0.00000000	     -0.00000000	     -0.00000000	     -0.00676744	     -0.03819864	     -0.04116775	      0.05018904	      0.00017648	      0.00000000	      0.03685326	      0.02891338	      0.00000000	      0.00000000	      0.00000000	     -0.02250454	      0.00000000	      0.00239292	      0.03308437	      0.00000000	     -0.00820847	     -0.00817447	      0.00965946	      0.01871146	     -0.00000000	     -0.04224043	      0.00000000	      0.00000000	      0.00357681	     -0.00000000	     -0.00000000	      0.00000000
      1.26500000	      0.00000000	      0.00000000	      0.00000000	      0.00000000	      0.00000000	      0.00000000	      0.00000000	      0.00000000	      0.00000000	      0.00000000	      0.00000000	      0.00000000	      0.00000000	      0.00000000	      0.00000000	      0.00000000	      0.00000000	      0.00000000	      0.00000000	      0.00000000	      0.00000000	      0.00000000	      0.00000000	      0.00000000	      0.00000000	      0.00000000	      0.00000000	      0.00000000	      0.00000000	      0.00000000	      0.00000000	      0.00000000	      0.00000000	      0.00000000	      0.00000000	      0.00000000	      0.00000000	      0.00000000	      0.00000000	      0.00000000	      0.00000000	      0.00000000	      0.06092119	      0.06396422	      0.06877316	      0.01706629	     -0.00000000	     -0.00000000	     -0.00000000	      0.00000000	      0.00000000	     -0.00000000	     -0.00000000	     -0.00000000	     -0.00000000	     -0.00000000	     -0.00658582	     -0.03813369	     -0.04114873	      0.05013227	      0.00015717	      0.00000000	      0.03713126	      0.02883740	     -0.00000000	     -0.00000000	     -0.00000000	     -0.02205532	     -0.00000000	      0.00238716	      0.03376564	      0.00000000	     -0.00802684	     -0.00793335	      0.00943873	      0.01846208	     -0.00000000	     -0.04211501	     -0.00000000	     -0.00000000	      0.00422253	     -0.00000000	     -0.00000000	     -0.00000000
      1.27550000	      0.00000000	      0.00000000	      0.00000000	      0.00000000	      0.00000000	      0.00000000	      0.00000000	      0.00000000	      0.00000000	      0.00000000	      0.00000000	      0.00000000	      0.00000000	      0.00000000	      0.00000000	      0.00000000	      0.00000000	      0.00000000	      0.00000000	      0.00000000	      0.00000000	      0.00000000	      0.00000000	      0.00000000	      0.00000000	      0.00000000	      0.00000000	      0.00000000	      0.00000000	      0.00000000	      0.00000000	      0.00000000	      0.00000000	      0.00000000	      0.00000000	      0.00000000	      0.00000000	      0.00000000	      0.00000000	      0.00000000	      0.00000000	      0.00000000	      0.06062541	      0.06379695	      0.06872106	      0.01692464	      0.00000000	      0.00000000	      0.00000000	      0.00000000	      0.00000000	     -0.00000000	      0.00000000	      0.00000000	      0.00000000	     -0.00000000	     -0.00639280	     -0.03804026	     -0.04111059	      0.05005381	      0.00014440	      0.00000000	      0.03739723	      0.02876822	      0.00000000	     -0.00000000	      0.00000000	     -0.02161360	      0.00000000	      0.00237301	      0.03442784	      0.00000000	     -0.00784363	     -0.00768382	      0.00920668	      0.01819544	      0.00000000	     -0.04198794	      0.00000000	      0.00000000	      0.00485465	      0.00000000	     -0.00000000	      0.00000000
      1.28600000	      0.00000000	      0.00000000	      0.00000000	      0.00000000	      0.00000000	      0.00000000	      0.00000000	      0.00000000	      0.00000000	      0.00000000	      0.00000000	      0.00000000	      0.00000000	      0.00000000	      0.00000000	      0.00000000	      0.00000000	      0.00000000	      0.00000000	      0.00000000	      0.00000000	      0.00000000	      0.00000000	      0.00000000	      0.00000000	      0.00000000	      0.00000000	      0.00000000	      0.00000000	      0.00000000	      0.00000000	      0.00000000	      0.00000000	      0.00000000	      0.00000000	      0.00000000	      0.00000000	      0.00000000	      0.00000000	      0.00000000	      0.00000000	      0.00000000	      0.06034475	      0.06363680	      0.06865138	      0.01675986	     -0.00000000	     -0.00000000	     -0.00000000	      0.00000000	      0.00000000	     -0.00000000	     -0.00000000	     -0.00000000	     -0.00000000	     -0.00000000	     -0.00619181	     -0.03792278	     -0.04105302	      0.04994609	     -0.00655587	      0.00000000	      0.03765735	      0.02870763	     -0.00000000	     -0.00000000	     -0.00000000	     -0.02117306	     -0.00000000	      0.00235206	      0.03507472	      0.00000000	     -0.00764849	     -0.00741616	      0.00895697	      0.01790358	     -0.00000000	     -0.04184145	     -0.00000000	     -0.00000000	      0.00547765	     -0.00000000	      0.00000000	      0.00000000
      1.29650000	      0.00000000	      0.00000000	      0.00000000	      0.00000000	      0.00000000	      0.00000000	      0.00000000	      0.00000000	      0.00000000	      0.00000000	      0.00000000	      0.00000000	      0.00000000	      0.00000000	      0.00000000	      0.00000000	      0.00000000	      0.00000000	      0.00000000	      0.00000000	      0.00000000	      0.00000000	      0.00000000	      0.00000000	      0.00000000	      0.00000000	      0.00000000	      0.00000000	      0.00000000	      0.00000000	      0.00000000	      0.00000000	      0.00000000	      0.00000000	      0.00000000	      0.00000000	      0.00000000	      0.00000000	      0.00000000	      0.00000000	      0.00000000	      0.00000000	      0.06007954	      0.06348386	      0.06856329	      0.01656948	     -0.00000000	     -0.00000000	     -0.00000000	      0.00000000	      0.00000000	      0.00000000	     -0.00000000	     -0.00000000	     -0.00000000	     -0.00000000	     -0.00598499	     -0.03778443	     -0.04097623	      0.04980767	     -0.00655720	      0.00000000	      0.03791528	      0.02865596	     -0.00000000	     -0.00000000	     -0.00000000	     -0.02072952	      0.00000000	      0.00232615	      0.03570947	      0.00000000	     -0.00743633	     -0.00712649	      0.00868683	      0.01758330	     -0.00000000	     -0.04166677	     -0.00000000	     -0.00000000	      0.00609485	     -0.00000000	     -0.00000000	     -0.00000000
      1.30700000	      0.00000000	      0.00000000	      0.00000000	      0.00000000	      0.00000000	      0.00000000	      0.00000000	      0.00000000	      0.00000000	      0.00000000	      0.00000000	      0.00000000	      0.00000000	      0.00000000	      0.00000000	      0.00000000	      0.00000000	      0.00000000	      0.00000000	      0.00000000	      0.00000000	      0.00000000	      0.00000000	      0.00000000	      0.00000000	      0.00000000	      0.00000000	      0.00000000	      0.00000000	      0.00000000	      0.00000000	      0.00000000	      0.00000000	      0.00000000	      0.00000000	      0.00000000	      0.00000000	      0.00000000	      0.00000000	      0.00000000	      0.00000000	      0.00000000	      0.05982340	      0.06333904	      0.06846539	      0.01637021	      0.00000000	      0.00000000	     -0.00000000	      0.00000000	      0.00000000	      0.00000000	      0.00000000	      0.00000000	     -0.00000000	      0.00000000	     -0.00577398	     -0.03762613	     -0.04088814	      0.04966243	     -0.00655919	      0.00000000	      0.03815830	      0.02860842	      0.00000000	      0.00000000	      0.00000000	     -0.02029620	     -0.00000000	      0.00229727	      0.03632410	      0.00000000	     -0.00722950	     -0.00683746	      0.00841185	      0.01725555	     -0.00000000	     -0.04150082	      0.00000000	      0.00000000	      0.00669863	      0.00000000	     -0.00000000	     -0.00000000
      1.31750000	      0.00000000	      0.00000000	      0.00000000	      0.00000000	      0.00000000	      0.00000000	      0.00000000	      0.00000000	      0.00000000	      0.00000000	      0.00000000	      0.00000000	      0.00000000	      0.00000000	      0.00000000	      0.00000000	      0.00000000	      0.00000000	      0.00000000	      0.00000000	      0.00000000	      0.00000000	      0.00000000	      0.00000000	      0.00000000	      0.00000000	      0.00000000	      0.00000000	      0.00000000	      0.00000000	      0.00000000	      0.00000000	      0.00000000	      0.00000000	      0.00000000	      0.00000000	      0.00000000	      0.00000000	      0.00000000	      0.00000000	      0.00000000	      0.00000000	      0.05957159	      0.06320251	      0.06836584	      0.01617946	      0.00000000	      0.00000000	     -0.00000000	      0.00000000	      0.00000000	     -0.00000000	      0.00000000	      0.00000000	     -0.00000000	      0.00000000	     -0.00556256	     -0.03745222	     -0.04079766	      0.04953246	     -0.00655509	      0.00000000	      0.03837459	      0.02856081	      0.00000000	      0.00000000	     -0.00000000	     -0.01988473	      0.00000000	      0.00226775	      0.03690915	      0.00000000	     -0.00704823	     -0.00657045	      0.00814831	      0.01694208	      0.00000000	     -0.04137470	     -0.00000000	     -0.00000000	      0.00728102	     -0.00000000	     -0.00000000	      0.00000000
      1.32800000	      0.00000000	      0.00000000	      0.00000000	      0.00000000	      0.00000000	      0.00000000	      0.00000000	      0.00000000	      0.00000000	      0.00000000	      0.00000000	      0.00000000	      0.00000000	      0.00000000	      0.00000000	      0.00000000	      0.00000000	      0.00000000	      0.00000000	      0.00000000	      0.00000000	      0.00000000	      0.00000000	      0.00000000	      0.00000000	      0.00000000	      0.00000000	      0.00000000	      0.00000000	      0.00000000	      0.00000000	      0.00000000	      0.00000000	      0.00000000	      0.00000000	      0.00000000	      0.00000000	      0.00000000	      0.00000000	      0.00000000	      0.00000000	      0.00000000	      0.05933077	      0.06307454	      0.06826003	      0.01598676	      0.00000000	      0.00000000	     -0.00000000	      0.00000000	      0.00000000	     -0.00000000	      0.00000000	     -0.00000000	      0.00000000	     -0.00000000	     -0.00535441	     -0.03726785	     -0.04070176	      0.04940251	     -0.00655080	      0.00000000	      0.03857345	      0.02851685	     -0.00000000	     -0.00000000	      0.00000000	     -0.01948696	     -0.00000000	      0.00223814	      0.03746651	      0.00000000	     -0.00687555	     -0.00631043	      0.00788693	      0.01663031	      0.00000000	     -0.04125824	     -0.00000000	     -0.00000000	      0.00784418	     -0.00000000	      0.00000000	     -0.00000000
      1.33850000	      0.00000000	      0.00000000	      0.00000000	      0.00000000	      0.00000000	      0.00000000	      0.00000000	      0.00000000	      0.00000000	      0.00000000	      0.00000000	      0.00000000	      0.00000000	      0.00000000	      0.00000000	      0.00000000	      0.00000000	      0.00000000	      0.00000000	      0.00000000	      0.00000000	      0.00000000	      0.00000000	      0.00000000	      0.00000000	      0.00000000	      0.00000000	      0.00000000	      0.00000000	      0.00000000	      0.00000000	      0.00000000	      0.00000000	      0.00000000	      0.00000000	      0.00000000	      0.00000000	      0.00000000	      0.00000000	      0.00000000	      0.00000000	      0.00000000	      0.05910724	      0.06295585	      0.06814276	      0.01577897	      0.00000000	     -0.00000000	     -0.00000000	      0.00000000	      0.00000000	      0.00000000	     -0.00000000	     -0.00000000	     -0.00000000	     -0.00000000	     -0.00515120	     -0.03707619	     -0.04059553	      0.04925567	     -0.00655186	      0.00000000	      0.03876613	      0.02848039	     -0.00000000	     -0.00000000	     -0.00000000	     -0.01909360	      0.00000000	      0.00220868	      0.03800099	      0.00000000	     -0.00669240	     -0.00604020	      0.00761588	      0.01630446	     -0.00000000	     -0.04111951	     -0.00000000	     -0.00000000	      0.00839169	      0.00000000	      0.00000000	      0.00000000
      1.34900000	      0.00000000	      0.00000000	      0.00000000	      0.00000000	      0.00000000	      0.00000000	      0.00000000	      0.00000000	      0.00000000	      0.00000000	      0.00000000	      0.00000000	      0.00000000	      0.00000000	      0.00000000	      0.00000000	      0.00000000	      0.00000000	      0.00000000	      0.00000000	      0.00000000	      0.00000000	      0.00000000	      0.00000000	      0.00000000	      0.00000000	      0.00000000	      0.00000000	      0.00000000	      0.00000000	      0.00000000	      0.00000000	      0.00000000	      0.00000000	      0.00000000	      0.00000000	      0.00000000	      0.00000000	      0.00000000	      0.00000000	      0.00000000	      0.00000000	      0.05889148	      0.06284391	      0.06802159	      0.01557540	     -0.00000000	     -0.00000000	     -0.00000000	      0.00000000	      0.00000000	      0.00000000	      0.00000000	     -0.00000000	     -0.00000000	     -0.00000000	     -0.00495335	     -0.03688377	     -0.04048653	      0.04911826	     -0.00655067	      0.00000000	      0.03894678	      0.02844530	     -0.00000000	     -0.00000000	     -0.00000000	     -0.01870354	     -0.00000000	      0.00218357	      0.03851466	      0.00000000	     -0.00651474	     -0.00578145	      0.00735182	      0.01598752	     -0.00000000	     -0.04098145	     -0.00000000	     -0.00000000	      0.00892599	      0.00000000	     -0.00000000	     -0.00000000
      1.35950000	      0.00000000	      0.00000000	      0.00000000	      0.00000000	      0.00000000	      0.00000000	      0.00000000	      0.00000000	      0.00000000	      0.00000000	      0.00000000	      0.00000000	      0.00000000	      0.00000000	      0.00000000	      0.00000000	      0.00000000	      0.00000000	      0.00000000	      0.00000000	      0.00000000	      0.00000000	      0.00000000	      0.00000000	      0.00000000	      0.00000000	      0.00000000	      0.00000000	      0.00000000	      0.00000000	      0.00000000	      0.00000000	      0.00000000	      0.00000000	      0.00000000	      0.00000000	      0.00000000	      0.00000000	      0.00000000	      0.00000000	      0.00000000	      0.00000000	      0.05867190	      0.06273508	      0.06790653	      0.01540286	      0.00000000	      0.00000000	      0.00000000	      0.00000000	      0.00000000	      0.00000000	      0.00000000	     -0.00000000	      0.00000000	      0.00000000	     -0.00476096	     -0.03669757	     -0.04038493	      0.04902360	     -0.00653854	      0.00000000	      0.03910492	      0.02840391	      0.00000000	      0.00000000	      0.00000000	     -0.01831865	      0.00000000	      0.00216679	      0.03900613	      0.00000000	     -0.00636638	     -0.00556361	      0.00711806	      0.01571132	      0.00000000	     -0.04087822	      0.00000000	      0.00000000	      0.00944743	      0.00000000	     -0.00000000	      0.00000000
      1.37000000	      0.00000000	      0.00000000	      0.00000000	      0.00000000	      0.00000000	      0.00000000	      0.00000000	      0.00000000	      0.00000000	      0.00000000	      0.00000000	      0.00000000	      0.00000000	      0.00000000	      0.00000000	      0.00000000	      0.00000000	      0.00000000	      0.00000000	      0.00000000	      0.00000000	      0.00000000	      0.00000000	      0.00000000	      0.00000000	      0.00000000	      0.00000000	      0.00000000	      0.00000000	      0.00000000	      0.00000000	      0.00000000	      0.00000000	      0.00000000	      0.00000000	      0.00000000	      0.00000000	      0.00000000	      0.00000000	      0.00000000	      0.00000000	      0.00000000	      0.05844801	      0.06262916	      0.06780424	      0.01527551	     -0.00000000	      0.00000000	      0.00000000	      0.00000000	      0.00000000	      0.00000000	      0.00000000	      0.00000000	      0.00000000	      0.00000000	     -0.00457699	     -0.03652062	     -0.04029756	      0.04898337	     -0.00651355	      0.00000000	      0.03923031	      0.02835439	      0.00000000	     -0.00000000	      0.00000000	     -0.01795255	     -0.00000000	      0.00215754	      0.03946220	      0.00000000	     -0.00626349	     -0.00540169	      0.00692815	      0.01549327	      0.00000000	     -0.04083322	      0.00000000	      0.00000000	      0.00994420	     -0.00000000	      0.00000000	     -0.00000000
      1.38050000	      0.00000000	      0.00000000	      0.00000000	      0.00000000	      0.00000000	      0.00000000	      0.00000000	      0.00000000	      0.00000000	      0.00000000	      0.00000000	      0.00000000	      0.00000000	      0.00000000	      0.00000000	      0.00000000	      0.00000000	      0.00000000	      0.00000000	      0.00000000	      0.00000000	      0.00000000	      0.00000000	      0.00000000	      0.00000000	      0.00000000	      0.00000000	      0.00000000	      0.00000000	      0.00000000	      0.00000000	      0.00000000	      0.00000000	      0.00000000	      0.00000000	      0.00000000	      0.00000000	      0.00000000	      0.00000000	      0.00000000	      0.00000000	      0.00000000	      0.05822280	      0.06252644	      0.06771929	      0.01520214	      0.00000000	     -0.00000000	     -0.00000000	      0.00000000	      0.00000000	     -0.00000000	     -0.00000000	      0.00000000	      0.00000000	     -0.00000000	     -0.00440567	     -0.03635731	     -0.04022927	      0.04900111	     -0.00647636	      0.00000000	      0.03931711	      0.02829682	     -0.00000000	      0.00000000	     -0.00000000	     -0.01761688	      0.00000000	      0.00215483	      0.03987021	      0.00000000	     -0.00621459	     -0.00530336	      0.00679087	      0.01534430	     -0.00000000	     -0.04085673	      0.00000000	      0.00000000	      0.01040401	      0.00000000	      0.00000000	     -0.00000000
      1.39100000	      0.00000000	      0.00000000	      0.00000000	      0.00000000	      0.00000000	      0.00000000	      0.00000000	      0.00000000	      0.00000000	      0.00000000	      0.00000000	      0.00000000	      0.00000000	      0.00000000	      0.00000000	      0.00000000	      0.00000000	      0.00000000	      0.00000000	      0.00000000	      0.00000000	      0.00000000	      0.00000000	      0.00000000	      0.00000000	      0.00000000	      0.00000000	      0.00000000	      0.00000000	      0.00000000	      0.00000000	      0.00000000	      0.00000000	      0.00000000	      0.00000000	      0.00000000	      0.00000000	      0.00000000	      0.00000000	      0.00000000	      0.00000000	      0.00000000	      0.05800415	      0.06242802	      0.06764952	      0.01517959	     -0.00000000	      0.00000000	      0.00000000	      0.00000000	      0.00000000	     -0.00000000	      0.00000000	      0.00000000	     -0.00000000	     -0.00000000	     -0.00424925	     -0.03621742	     -0.04017667	      0.04906700	     -0.00643201	      0.00000000	      0.03937781	      0.02823422	      0.00000000	      0.00000000	      0.00000000	     -0.01730297	     -0.00000000	      0.00216040	      0.04023191	      0.00000000	     -0.00620318	     -0.00525883	      0.00670331	      0.01526054	     -0.00000000	     -0.04091447	      0.00000000	      0.00000000	      0.01082388	     -0.00000000	     -0.00000000	     -0.00000000
      1.40150000	      0.00000000	      0.00000000	      0.00000000	      0.00000000	      0.00000000	      0.00000000	      0.00000000	      0.00000000	      0.00000000	      0.00000000	      0.00000000	      0.00000000	      0.00000000	      0.00000000	      0.00000000	      0.00000000	      0.00000000	      0.00000000	      0.00000000	      0.00000000	      0.00000000	      0.00000000	      0.00000000	      0.00000000	      0.00000000	      0.00000000	      0.00000000	      0.00000000	      0.00000000	      0.00000000	      0.00000000	      0.00000000	      0.00000000	      0.00000000	      0.00000000	      0.00000000	      0.00000000	      0.00000000	      0.00000000	      0.00000000	      0.00000000	      0.00000000	      0.05779807	      0.06233492	      0.06759320	      0.01520468	     -0.00000000	      0.00000000	      0.00000000	      0.00000000	      0.00000000	      0.00000000	      0.00000000	      0.00000000	      0.00000000	      0.00000000	     -0.00410751	     -0.03610894	     -0.04013617	      0.04917281	     -0.00638431	      0.00000000	      0.03942515	      0.02816892	      0.00000000	     -0.00000000	      0.00000000	     -0.01700226	     -0.00000000	      0.00217566	      0.04055231	      0.00000000	     -0.00621422	     -0.00525910	      0.00666238	      0.01523807	      0.00000000	     -0.04097637	      0.00000000	      0.00000000	      0.01120254	     -0.00000000	      0.00000000	     -0.00000000
      1.41200000	      0.00000000	      0.00000000	      0.00000000	      0.00000000	      0.00000000	      0.00000000	      0.00000000	      0.00000000	      0.00000000	      0.00000000	      0.00000000	      0.00000000	      0.00000000	      0.00000000	      0.00000000	      0.00000000	      0.00000000	      0.00000000	      0.00000000	      0.00000000	      0.00000000	      0.00000000	      0.00000000	      0.00000000	      0.00000000	      0.00000000	      0.00000000	      0.00000000	      0.00000000	      0.00000000	      0.00000000	      0.00000000	      0.00000000	      0.00000000	      0.00000000	      0.00000000	      0.00000000	      0.00000000	      0.00000000	      0.00000000	      0.00000000	      0.00000000	      0.05759418	      0.06224277	      0.06755894	      0.01529793	      0.00000000	      0.00000000	      0.00000000	      0.00000000	      0.00000000	      0.00000000	      0.00000000	      0.00000000	      0.00000000	      0.00000000	     -0.00397954	     -0.03603278	     -0.04011755	      0.04934107	     -0.00632711	      0.00000000	      0.03944593	      0.02809482	      0.00000000	      0.00000000	      0.00000000	     -0.01672491	      0.00000000	      0.00220035	      0.04082653	      0.00000000	     -0.00627248	     -0.00532797	      0.00668633	      0.01530088	     -0.00000000	     -0.04108340	      0.00000000	      0.00000000	      0.01153720	      0.00000000	     -0.00000000	     -0.00000000
      1.42250000	      0.00000000	      0.00000000	      0.00000000	      0.00000000	      0.00000000	      0.00000000	      0.00000000	      0.00000000	      0.00000000	      0.00000000	      0.00000000	      0.00000000	      0.00000000	      0.00000000	      0.00000000	      0.00000000	      0.00000000	      0.00000000	      0.00000000	      0.00000000	      0.00000000	      0.00000000	      0.00000000	      0.00000000	      0.00000000	      0.00000000	      0.00000000	      0.00000000	      0.00000000	      0.00000000	      0.00000000	      0.00000000	      0.00000000	      0.00000000	      0.00000000	      0.00000000	      0.00000000	      0.00000000	      0.00000000	      0.00000000	      0.00000000	      0.00000000	      0.05738146	      0.06214626	      0.06755508	      0.01548071	     -0.00000000	      0.00000000	      0.00000000	      0.00000000	      0.00000000	      0.00000000	      0.00000000	      0.00000000	      0.00000000	      0.00000000	     -0.00386601	     -0.03598928	     -0.04013193	      0.04959439	     -0.00625415	      0.00000000	      0.03942383	      0.02800558	      0.00000000	      0.00000000	      0.00000000	     -0.01648336	     -0.00000000	      0.00223390	      0.04104635	      0.00000000	     -0.00640559	     -0.00549110	      0.00679433	      0.01547391	      0.00000000	     -0.04128165	      0.00000000	      0.00000000	      0.01182406	      0.00000000	     -0.00000000	     -0.00000000
      1.43300000	      0.00000000	      0.00000000	      0.00000000	      0.00000000	      0.00000000	      0.00000000	      0.00000000	      0.00000000	      0.00000000	      0.00000000	      0.00000000	      0.00000000	      0.00000000	      0.00000000	      0.00000000	      0.00000000	      0.00000000	      0.00000000	      0.00000000	      0.00000000	      0.00000000	      0.00000000	      0.00000000	      0.00000000	      0.00000000	      0.00000000	      0.00000000	      0.00000000	      0.00000000	      0.00000000	      0.00000000	      0.00000000	      0.00000000	      0.00000000	      0.00000000	      0.00000000	      0.00000000	      0.00000000	      0.00000000	      0.00000000	      0.00000000	      0.00000000	      0.05716825	      0.06204754	      0.06757670	      0.01573770	      0.00000000	     -0.00000000	      0.00000000	      0.00000000	      0.00000000	     -0.00000000	      0.00000000	      0.00000000	      0.00000000	      0.00000000	     -0.00376840	     -0.03597824	     -0.04017432	      0.04991147	     -0.00617086	      0.00000000	      0.03936796	      0.02790597	      0.00000000	      0.00000000	      0.00000000	     -0.01627810	      0.00000000	      0.00227430	      0.04121249	      0.00000000	     -0.00659724	     -0.00573055	      0.00697328	      0.01573895	      0.00000000	     -0.04154654	      0.00000000	      0.00000000	      0.01205951	      0.00000000	      0.00000000	      0.00000000
      1.44350000	      0.00000000	      0.00000000	      0.00000000	      0.00000000	      0.00000000	      0.00000000	      0.00000000	      0.00000000	      0.00000000	      0.00000000	      0.00000000	      0.00000000	      0.00000000	      0.00000000	      0.00000000	      0.00000000	      0.00000000	      0.00000000	      0.00000000	      0.00000000	      0.00000000	      0.00000000	      0.00000000	      0.00000000	      0.00000000	      0.00000000	      0.00000000	      0.00000000	      0.00000000	      0.00000000	      0.00000000	      0.00000000	      0.00000000	      0.00000000	      0.00000000	      0.00000000	      0.00000000	      0.00000000	      0.00000000	      0.00000000	      0.00000000	      0.00000000	      0.05696459	      0.06195036	      0.06761758	      0.01604920	      0.00000000	     -0.00000000	     -0.00000000	      0.00000000	      0.00000000	     -0.00000000	     -0.00000000	     -0.00000000	     -0.00000000	     -0.00000000	     -0.00368749	     -0.03599972	     -0.04023726	      0.05026773	     -0.00608317	      0.00000000	      0.03929189	      0.02780181	     -0.00000000	     -0.00000000	     -0.00000000	     -0.01610609	      0.00000000	      0.00232014	      0.04132998	      0.00000000	     -0.00682496	     -0.00602295	      0.00720587	      0.01607265	     -0.00000000	     -0.04184354	     -0.00000000	     -0.00000000	      0.01224207	     -0.00000000	      0.00000000	      0.00000000
      1.45400000	      0.00000000	      0.00000000	      0.00000000	      0.00000000	      0.00000000	      0.00000000	      0.00000000	      0.00000000	      0.00000000	      0.00000000	      0.00000000	      0.00000000	      0.00000000	      0.00000000	      0.00000000	      0.00000000	      0.00000000	      0.00000000	      0.00000000	      0.00000000	      0.00000000	      0.00000000	      0.00000000	      0.00000000	      0.00000000	      0.00000000	      0.00000000	      0.00000000	      0.00000000	      0.00000000	      0.00000000	      0.00000000	      0.00000000	      0.00000000	      0.00000000	      0.00000000	      0.00000000	      0.00000000	      0.00000000	      0.00000000	      0.00000000	      0.00000000	      0.05676331	      0.06185104	      0.06767980	      0.01642810	      0.00000000	     -0.00000000	     -0.00000000	      0.00000000	      0.00000000	     -0.00000000	     -0.00000000	     -0.00000000	     -0.00000000	     -0.00000000	     -0.00362118	     -0.03605787	     -0.04032400	      0.05067742	     -0.00598726	      0.00000000	      0.03919456	      0.02768887	     -0.00000000	     -0.00000000	     -0.00000000	     -0.01596139	     -0.00000000	      0.00237392	      0.04140377	      0.00000000	     -0.00709640	     -0.00638047	      0.00750238	      0.01648940	     -0.00000000	     -0.04218142	     -0.00000000	     -0.00000000	      0.01237637	     -0.00000000	     -0.00000000	     -0.00000000
      1.46450000	      0.00000000	      0.00000000	      0.00000000	      0.00000000	      0.00000000	      0.00000000	      0.00000000	      0.00000000	      0.00000000	      0.00000000	      0.00000000	      0.00000000	      0.00000000	      0.00000000	      0.00000000	      0.00000000	      0.00000000	      0.00000000	      0.00000000	      0.00000000	      0.00000000	      0.00000000	      0.00000000	      0.00000000	      0.00000000	      0.00000000	      0.00000000	      0.00000000	      0.00000000	      0.00000000	      0.00000000	      0.00000000	      0.00000000	      0.00000000	      0.00000000	      0.00000000	      0.00000000	      0.00000000	      0.00000000	      0.00000000	      0.00000000	      0.00000000	      0.05655661	      0.06174535	      0.06776394	      0.01688480	      0.00000000	      0.00000000	     -0.00000000	      0.00000000	      0.00000000	     -0.00000000	      0.00000000	      0.00000000	     -0.00000000	     -0.00000000	     -0.00356709	     -0.03615384	     -0.04043731	      0.05115205	     -0.00587947	      0.00000000	      0.03907320	      0.02756312	     -0.00000000	     -0.00000000	      0.00000000	     -0.01583910	      0.00000000	      0.00243721	      0.04143796	      0.00000000	     -0.00741987	     -0.00681383	      0.00787099	      0.01700055	     -0.00000000	     -0.04257193	      0.00000000	     -0.00000000	      0.01246787	     -0.00000000	     -0.00000000	     -0.00000000
      1.47500000	      0.00000000	      0.00000000	      0.00000000	      0.00000000	      0.00000000	      0.00000000	      0.00000000	      0.00000000	      0.00000000	      0.00000000	      0.00000000	      0.00000000	      0.00000000	      0.00000000	      0.00000000	      0.00000000	      0.00000000	      0.00000000	      0.00000000	      0.00000000	      0.00000000	      0.00000000	      0.00000000	      0.00000000	      0.00000000	      0.00000000	      0.00000000	      0.00000000	      0.00000000	      0.00000000	      0.00000000	      0.00000000	      0.00000000	      0.00000000	      0.00000000	      0.00000000	      0.00000000	      0.00000000	      0.00000000	      0.00000000	      0.00000000	      0.00000000	      0.05635102	      0.06163648	      0.06786114	      0.01738945	     -0.00000000	      0.00000000	      0.00000000	      0.00000000	      0.00000000	      0.00000000	      0.00000000	      0.00000000	      0.00000000	      0.00000000	     -0.00352513	     -0.03627521	     -0.04056889	      0.05166048	     -0.00576508	      0.00000000	      0.03893429	      0.02743074	      0.00000000	      0.00000000	      0.00000000	     -0.01574146	     -0.00000000	      0.00250534	      0.04143739	      0.00000000	     -0.00777694	     -0.00729460	      0.00828508	      0.01757007	      0.00000000	     -0.04299714	      0.00000000	      0.00000000	      0.01252097	      0.00000000	      0.00000000	      0.00000000
      1.48550000	      0.00000000	      0.00000000	      0.00000000	      0.00000000	      0.00000000	      0.00000000	      0.00000000	      0.00000000	      0.00000000	      0.00000000	      0.00000000	      0.00000000	      0.00000000	      0.00000000	      0.00000000	      0.00000000	      0.00000000	      0.00000000	      0.00000000	      0.00000000	      0.00000000	      0.00000000	      0.00000000	      0.00000000	      0.00000000	      0.00000000	      0.00000000	      0.00000000	      0.00000000	      0.00000000	      0.00000000	      0.00000000	      0.00000000	      0.00000000	      0.00000000	      0.00000000	      0.00000000	      0.00000000	      0.00000000	      0.00000000	      0.00000000	      0.00000000	      0.05615546	      0.06152970	      0.06796413	      0.01790976	     -0.00000000	     -0.00000000	     -0.00000000	      0.00000000	      0.00000000	     -0.00000000	     -0.00000000	     -0.00000000	     -0.00000000	     -0.00000000	     -0.00349770	     -0.03640945	     -0.04071105	      0.05217053	     -0.00564959	      0.00000000	      0.03878312	      0.02729903	     -0.00000000	     -0.00000000	     -0.00000000	     -0.01567546	      0.00000000	      0.00257341	      0.04140382	      0.00000000	     -0.00814927	     -0.00779330	      0.00871644	      0.01815954	     -0.00000000	     -0.04344069	     -0.00000000	     -0.00000000	      0.01253680	      0.00000000	     -0.00000000	     -0.00000000
      1.49600000	      0.00000000	      0.00000000	      0.00000000	      0.00000000	      0.00000000	      0.00000000	      0.00000000	      0.00000000	      0.00000000	      0.00000000	      0.00000000	      0.00000000	      0.00000000	      0.00000000	      0.00000000	      0.00000000	      0.00000000	      0.00000000	      0.00000000	      0.00000000	      0.00000000	      0.00000000	      0.00000000	      0.00000000	      0.00000000	      0.00000000	      0.00000000	      0.00000000	      0.00000000	      0.00000000	      0.00000000	      0.00000000	      0.00000000	      0.00000000	      0.00000000	      0.00000000	      0.00000000	      0.00000000	      0.00000000	      0.00000000	      0.00000000	      0.00000000	      0.05597335	      0.06142763	      0.06807593	      0.01844752	      0.00000000	      0.00000000	     -0.00000000	      0.00000000	      0.00000000	      0.00000000	      0.00000000	     -0.00000000	     -0.00000000	      0.00000000	     -0.00349036	     -0.03656113	     -0.04086671	      0.05268519	     -0.00553162	      0.00000000	      0.03861777	      0.02716843	      0.00000000	     -0.00000000	      0.00000000	     -0.01564942	     -0.00000000	      0.00264270	      0.04133073	      0.00000000	     -0.00853930	     -0.00831383	      0.00916799	      0.01877243	     -0.00000000	     -0.04390546	     -0.00000000	      0.00000000	      0.01250633	     -0.00000000	      0.00000000	      0.00000000
      1.50650000	      0.00000000	      0.00000000	      0.00000000	      0.00000000	      0.00000000	      0.00000000	      0.00000000	      0.00000000	      0.00000000	      0.00000000	      0.00000000	      0.00000000	      0.00000000	      0.00000000	      0.00000000	      0.00000000	      0.00000000	      0.00000000	      0.00000000	      0.00000000	      0.00000000	      0.00000000	      0.00000000	      0.00000000	      0.00000000	      0.00000000	      0.00000000	      0.00000000	      0.00000000	      0.00000000	      0.00000000	      0.00000000	      0.00000000	      0.00000000	      0.00000000	      0.00000000	      0.00000000	      0.00000000	      0.00000000	      0.00000000	      0.00000000	      0.00000000	      0.05581059	      0.06133450	      0.06820400	      0.01901573	      0.00000000	      0.00000000	     -0.00000000	      0.00000000	      0.00000000	     -0.00000000	     -0.00000000	     -0.00000000	     -0.00000000	     -0.00000000	     -0.00351317	     -0.03674451	     -0.04104300	      0.05321829	     -0.00540758	      0.00000000	      0.03843468	      0.02703830	      0.00000000	     -0.00000000	      0.00000000	     -0.01567686	      0.00000000	      0.00271729	      0.04120432	      0.00000000	     -0.00895480	     -0.00887088	      0.00965399	      0.01942714	      0.00000000	     -0.04439636	     -0.00000000	     -0.00000000	      0.01240999	      0.00000000	      0.00000000	      0.00000000
      1.51700000	      0.00000000	      0.00000000	      0.00000000	      0.00000000	      0.00000000	      0.00000000	      0.00000000	      0.00000000	      0.00000000	      0.00000000	      0.00000000	      0.00000000	      0.00000000	      0.00000000	      0.00000000	      0.00000000	      0.00000000	      0.00000000	      0.00000000	      0.00000000	      0.00000000	      0.00000000	      0.00000000	      0.00000000	      0.00000000	      0.00000000	      0.00000000	      0.00000000	      0.00000000	      0.00000000	      0.00000000	      0.00000000	      0.00000000	      0.00000000	      0.00000000	      0.00000000	      0.00000000	      0.00000000	      0.00000000	      0.00000000	      0.00000000	      0.00000000	      0.05567623	      0.06125701	      0.06834623	      0.01959591	     -0.00000000	     -0.00000000	      0.00000000	      0.00000000	      0.00000000	      0.00000000	      0.00000000	      0.00000000	      0.00000000	     -0.00000000	     -0.00357159	     -0.03695647	     -0.04123625	      0.05375431	     -0.00527943	      0.00000000	      0.03823743	      0.02691371	      0.00000000	      0.00000000	      0.00000000	     -0.01576557	     -0.00000000	      0.00279631	      0.04102229	      0.00000000	     -0.00938410	     -0.00944840	      0.01015911	      0.02010308	      0.00000000	     -0.04490022	      0.00000000	      0.00000000	      0.01224273	      0.00000000	      0.00000000	     -0.00000000
      1.52750000	      0.00000000	      0.00000000	      0.00000000	      0.00000000	      0.00000000	      0.00000000	      0.00000000	      0.00000000	      0.00000000	      0.00000000	      0.00000000	      0.00000000	      0.00000000	      0.00000000	      0.00000000	      0.00000000	      0.00000000	      0.00000000	      0.00000000	      0.00000000	      0.00000000	      0.00000000	      0.00000000	      0.00000000	      0.00000000	      0.00000000	      0.00000000	      0.00000000	      0.00000000	      0.00000000	      0.00000000	      0.00000000	      0.00000000	      0.00000000	      0.00000000	      0.00000000	      0.00000000	      0.00000000	      0.00000000	      0.00000000	      0.00000000	      0.00000000	      0.05557737	      0.06120126	      0.06849534	      0.02015361	      0.00000000	     -0.00000000	      0.00000000	      0.00000000	      0.00000000	     -0.00000000	     -0.00000000	      0.00000000	      0.00000000	     -0.00000000	     -0.00366558	     -0.03718069	     -0.04143667	      0.05426405	     -0.00515190	      0.00000000	      0.03803155	      0.02680179	     -0.00000000	     -0.00000000	      0.00000000	     -0.01591764	      0.00000000	      0.00287543	      0.04079088	      0.00000000	     -0.00980823	     -0.01001578	      0.01065235	      0.02075893	      0.00000000	     -0.04540075	      0.00000000	     -0.00000000	      0.01201245	      0.00000000	      0.00000000	     -0.00000000
      1.53800000	      0.00000000	      0.00000000	      0.00000000	      0.00000000	      0.00000000	      0.00000000	      0.00000000	      0.00000000	      0.00000000	      0.00000000	      0.00000000	      0.00000000	      0.00000000	      0.00000000	      0.00000000	      0.00000000	      0.00000000	      0.00000000	      0.00000000	      0.00000000	      0.00000000	      0.00000000	      0.00000000	      0.00000000	      0.00000000	      0.00000000	      0.00000000	      0.00000000	      0.00000000	      0.00000000	      0.00000000	      0.00000000	      0.00000000	      0.00000000	      0.00000000	      0.00000000	      0.00000000	      0.00000000	      0.00000000	      0.00000000	      0.00000000	      0.00000000	      0.05552030	      0.06117296	      0.06865386	      0.02068521	      0.00000000	      0.00000000	     -0.00000000	      0.00000000	      0.00000000	      0.00000000	      0.00000000	      0.00000000	      0.00000000	      0.00000000	     -0.00380103	     -0.03741931	     -0.04164482	      0.05474868	     -0.00502370	      0.00000000	      0.03781525	      0.02670456	      0.00000000	      0.00000000	      0.00000000	     -0.01614253	      0.00000000	      0.00295613	      0.04050220	      0.00000000	     -0.01022664	     -0.01057305	      0.01113240	      0.02139274	      0.00000000	     -0.04589715	      0.00000000	      0.00000000	      0.01170939	     -0.00000000	     -0.00000000	     -0.00000000
      1.54850000	      0.00000000	      0.00000000	      0.00000000	      0.00000000	      0.00000000	      0.00000000	      0.00000000	      0.00000000	      0.00000000	      0.00000000	      0.00000000	      0.00000000	      0.00000000	      0.00000000	      0.00000000	      0.00000000	      0.00000000	      0.00000000	      0.00000000	      0.00000000	      0.00000000	      0.00000000	      0.00000000	      0.00000000	      0.00000000	      0.00000000	      0.00000000	      0.00000000	      0.00000000	      0.00000000	      0.00000000	      0.00000000	      0.00000000	      0.00000000	      0.00000000	      0.00000000	      0.00000000	      0.00000000	      0.00000000	      0.00000000	      0.00000000	      0.00000000	      0.05550894	      0.06117634	      0.06882517	      0.02119893	     -0.00000000	     -0.00000000	     -0.00000000	      0.00000000	      0.00000000	     -0.00000000	     -0.00000000	     -0.00000000	     -0.00000000	     -0.00000000	     -0.00398254	     -0.03768135	     -0.04186276	      0.05522120	     -0.00489138	      0.00000000	      0.03758719	      0.02662146	     -0.00000000	     -0.00000000	     -0.00000000	     -0.01644299	      0.00000000	      0.00304292	      0.04014879	      0.00000000	     -0.01064196	     -0.01112967	      0.01160860	      0.02201742	     -0.00000000	     -0.04638661	     -0.00000000	     -0.00000000	      0.01132376	      0.00000000	      0.00000000	      0.00000000
      1.55900000	      0.00000000	      0.00000000	      0.00000000	      0.00000000	      0.00000000	      0.00000000	      0.00000000	      0.00000000	      0.00000000	      0.00000000	      0.00000000	      0.00000000	      0.00000000	      0.00000000	      0.00000000	      0.00000000	      0.00000000	      0.00000000	      0.00000000	      0.00000000	      0.00000000	      0.00000000	      0.00000000	      0.00000000	      0.00000000	      0.00000000	      0.00000000	      0.00000000	      0.00000000	      0.00000000	      0.00000000	      0.00000000	      0.00000000	      0.00000000	      0.00000000	      0.00000000	      0.00000000	      0.00000000	      0.00000000	      0.00000000	      0.00000000	      0.00000000	      0.05555527	      0.06122175	      0.06901046	      0.02167651	     -0.00000000	      0.00000000	     -0.00000000	      0.00000000	      0.00000000	      0.00000000	      0.00000000	      0.00000000	     -0.00000000	      0.00000000	     -0.00421943	     -0.03795834	     -0.04208861	      0.05567044	     -0.00475467	      0.00000000	      0.03733916	      0.02655835	     -0.00000000	     -0.00000000	     -0.00000000	     -0.01684333	     -0.00000000	      0.00313427	      0.03971208	      0.00000000	     -0.01105350	     -0.01167811	      0.01206816	      0.02261442	      0.00000000	     -0.04687672	      0.00000000	      0.00000000	      0.01083808	      0.00000000	     -0.00000000	     -0.00000000
      1.56950000	      0.00000000	      0.00000000	      0.00000000	      0.00000000	      0.00000000	      0.00000000	      0.00000000	      0.00000000	      0.00000000	      0.00000000	      0.00000000	      0.00000000	      0.00000000	      0.00000000	      0.00000000	      0.00000000	      0.00000000	      0.00000000	      0.00000000	      0.00000000	      0.00000000	      0.00000000	      0.00000000	      0.00000000	      0.00000000	      0.00000000	      0.00000000	      0.00000000	      0.00000000	      0.00000000	      0.00000000	      0.00000000	      0.00000000	      0.00000000	      0.00000000	      0.00000000	      0.00000000	      0.00000000	      0.00000000	      0.00000000	      0.00000000	      0.00000000	      0.05567377	      0.06132155	      0.06921018	      0.02209784	      0.00000000	      0.00000000	      0.00000000	      0.00000000	      0.00000000	      0.00000000	      0.00000000	     -0.00000000	      0.00000000	      0.00000000	     -0.00451875	     -0.03823948	     -0.04231708	      0.05608442	     -0.00461366	      0.00000000	      0.03706296	      0.02652205	      0.00000000	      0.00000000	      0.00000000	     -0.01736816	     -0.00000000	      0.00322867	      0.03917093	      0.00000000	     -0.01145873	     -0.01221043	      0.01249760	      0.02316398	     -0.00000000	     -0.04737121	      0.00000000	      0.00000000	      0.01023195	      0.00000000	      0.00000000	      0.00000000
      1.58000000	      0.00000000	      0.00000000	      0.00000000	      0.00000000	      0.00000000	      0.00000000	      0.00000000	      0.00000000	      0.00000000	      0.00000000	      0.00000000	      0.00000000	      0.00000000	      0.00000000	      0.00000000	      0.00000000	      0.00000000	      0.00000000	      0.00000000	      0.00000000	      0.00000000	      0.00000000	      0.00000000	      0.00000000	      0.00000000	      0.00000000	      0.00000000	      0.00000000	      0.00000000	      0.00000000	      0.00000000	      0.00000000	      0.00000000	      0.00000000	      0.00000000	      0.00000000	      0.00000000	      0.00000000	      0.00000000	      0.00000000	      0.00000000	      0.00000000	      0.05586423	      0.06147634	      0.06941623	      0.02246340	     -0.00000000	     -0.00000000	     -0.00000000	      0.00000000	      0.00000000	     -0.00000000	     -0.00000000	      0.00000000	     -0.00000000	      0.00000000	     -0.00486761	     -0.03852814	     -0.04253702	      0.05646767	     -0.00447030	      0.00000000	      0.03677166	      0.02651235	     -0.00000000	     -0.00000000	      0.00000000	     -0.01798371	      0.00000000	      0.00333049	      0.03854006	      0.00000000	     -0.01183924	     -0.01271842	      0.01289745	      0.02366947	      0.00000000	     -0.04782988	     -0.00000000	      0.00000000	      0.00952165	     -0.00000000	      0.00000000	      0.00000000
      1.59050000	      0.00000000	      0.00000000	      0.00000000	      0.00000000	      0.00000000	      0.00000000	      0.00000000	      0.00000000	      0.00000000	      0.00000000	      0.00000000	      0.00000000	      0.00000000	      0.00000000	      0.00000000	      0.00000000	      0.00000000	      0.00000000	      0.00000000	      0.00000000	      0.00000000	      0.00000000	      0.00000000	      0.00000000	      0.00000000	      0.00000000	      0.00000000	      0.00000000	      0.00000000	      0.00000000	      0.00000000	      0.00000000	      0.00000000	      0.00000000	      0.00000000	      0.00000000	      0.00000000	      0.00000000	      0.00000000	      0.00000000	      0.00000000	      0.00000000	      0.05612879	      0.06168732	      0.06961952	      0.02276610	      0.00000000	     -0.00000000	     -0.00000000	      0.00000000	      0.00000000	      0.00000000	      0.00000000	      0.00000000	     -0.00000000	     -0.00000000	     -0.00525621	     -0.03882334	     -0.04273848	      0.05681383	     -0.00432940	      0.00000000	      0.03647512	      0.02653139	     -0.00000000	     -0.00000000	     -0.00000000	     -0.01866263	      0.00000000	      0.00344113	      0.03782975	      0.00000000	     -0.01217615	     -0.01318641	      0.01326068	      0.02412368	     -0.00000000	     -0.04821716	     -0.00000000	     -0.00000000	      0.00872235	     -0.00000000	     -0.00000000	      0.00000000
      1.60100000	      0.00000000	      0.00000000	      0.00000000	      0.00000000	      0.00000000	      0.00000000	      0.00000000	      0.00000000	      0.00000000	      0.00000000	      0.00000000	      0.00000000	      0.00000000	      0.00000000	      0.00000000	      0.00000000	      0.00000000	      0.00000000	      0.00000000	      0.00000000	      0.00000000	      0.00000000	      0.00000000	      0.00000000	      0.00000000	      0.00000000	      0.00000000	      0.00000000	      0.00000000	      0.00000000	      0.00000000	      0.00000000	      0.00000000	      0.00000000	      0.00000000	      0.00000000	      0.00000000	      0.00000000	      0.00000000	      0.00000000	      0.00000000	      0.00000000	      0.05645960	      0.06195150	      0.06981633	      0.02300997	      0.00000000	     -0.00000000	      0.00000000	      0.00000000	      0.00000000	     -0.00000000	      0.00000000	      0.00000000	      0.00000000	      0.00000000	     -0.00567808	     -0.03910629	     -0.04291822	      0.05713015	     -0.00418653	      0.00000000	      0.03615522	      0.02657627	     -0.00000000	     -0.00000000	      0.00000000	     -0.01941050	      0.00000000	      0.00355888	      0.03702849	      0.00000000	     -0.01248879	     -0.01363035	      0.01359118	      0.02453026	      0.00000000	     -0.04856808	     -0.00000000	      0.00000000	      0.00783367	      0.00000000	      0.00000000	      0.00000000
      1.61150000	      0.00000000	      0.00000000	      0.00000000	      0.00000000	      0.00000000	      0.00000000	      0.00000000	      0.00000000	      0.00000000	      0.00000000	      0.00000000	      0.00000000	      0.00000000	      0.00000000	      0.00000000	      0.00000000	      0.00000000	      0.00000000	      0.00000000	      0.00000000	      0.00000000	      0.00000000	      0.00000000	      0.00000000	      0.00000000	      0.00000000	      0.00000000	      0.00000000	      0.00000000	      0.00000000	      0.00000000	      0.00000000	      0.00000000	      0.00000000	      0.00000000	      0.00000000	      0.00000000	      0.00000000	      0.00000000	      0.00000000	      0.00000000	      0.00000000	      0.05683516	      0.06225703	      0.07000134	      0.02321284	     -0.00000000	     -0.00000000	     -0.00000000	      0.00000000	      0.00000000	     -0.00000000	     -0.00000000	     -0.00000000	      0.00000000	      0.00000000	     -0.00611754	     -0.03936084	     -0.04307298	      0.05743875	     -0.00403358	      0.00000000	      0.03579840	      0.02663754	      0.00000000	     -0.00000000	     -0.00000000	     -0.02021295	      0.00000000	      0.00368448	      0.03614260	      0.00000000	     -0.01280069	     -0.01407732	      0.01390403	      0.02490865	      0.00000000	     -0.04891962	      0.00000000	      0.00000000	      0.00687183	     -0.00000000	      0.00000000	      0.00000000
      1.62200000	      0.00000000	      0.00000000	      0.00000000	      0.00000000	      0.00000000	      0.00000000	      0.00000000	      0.00000000	      0.00000000	      0.00000000	      0.00000000	      0.00000000	      0.00000000	      0.00000000	      0.00000000	      0.00000000	      0.00000000	      0.00000000	      0.00000000	      0.00000000	      0.00000000	      0.00000000	      0.00000000	      0.00000000	      0.00000000	      0.00000000	      0.00000000	      0.00000000	      0.00000000	      0.00000000	      0.00000000	      0.00000000	      0.00000000	      0.00000000	      0.00000000	      0.00000000	      0.00000000	      0.00000000	      0.00000000	      0.00000000	      0.00000000	      0.00000000	      0.05726004	      0.06260548	      0.07016589	      0.02336495	      0.00000000	     -0.00000000	      0.00000000	      0.00000000	      0.00000000	      0.00000000	      0.00000000	     -0.00000000	     -0.00000000	     -0.00000000	     -0.00656715	     -0.03958654	     -0.04319326	      0.05772751	     -0.00387725	      0.00000000	      0.03541516	      0.02671858	      0.00000000	     -0.00000000	     -0.00000000	     -0.02104715	      0.00000000	      0.00381794	      0.03518168	      0.00000000	     -0.01309188	     -0.01450908	      0.01419077	      0.02524884	      0.00000000	     -0.04923510	     -0.00000000	     -0.00000000	      0.00584811	      0.00000000	      0.00000000	     -0.00000000
      1.63250000	      0.00000000	      0.00000000	      0.00000000	      0.00000000	      0.00000000	      0.00000000	      0.00000000	      0.00000000	      0.00000000	      0.00000000	      0.00000000	      0.00000000	      0.00000000	      0.00000000	      0.00000000	      0.00000000	      0.00000000	      0.00000000	      0.00000000	      0.00000000	      0.00000000	      0.00000000	      0.00000000	      0.00000000	      0.00000000	      0.00000000	      0.00000000	      0.00000000	      0.00000000	      0.00000000	      0.00000000	      0.00000000	      0.00000000	      0.00000000	      0.00000000	      0.00000000	      0.00000000	      0.00000000	      0.00000000	      0.00000000	      0.00000000	      0.00000000	      0.05774460	      0.06300143	      0.07030259	      0.02345575	      0.00000000	      0.00000000	     -0.00000000	      0.00000000	      0.00000000	     -0.00000000	      0.00000000	      0.00000000	      0.00000000	     -0.00000000	     -0.00702574	     -0.03978460	     -0.04327231	      0.05798144	     -0.00372552	      0.00000000	      0.03501083	      0.02682484	      0.00000000	      0.00000000	      0.00000000	     -0.02190090	     -0.00000000	      0.00395883	      0.03414375	      0.00000000	     -0.01334531	     -0.01490824	      0.01444312	      0.02554024	     -0.00000000	     -0.04948196	     -0.00000000	     -0.00000000	      0.00476325	     -0.00000000	     -0.00000000	     -0.00000000
      1.64300000	      0.00000000	      0.00000000	      0.00000000	      0.00000000	      0.00000000	      0.00000000	      0.00000000	      0.00000000	      0.00000000	      0.00000000	      0.00000000	      0.00000000	      0.00000000	      0.00000000	      0.00000000	      0.00000000	      0.00000000	      0.00000000	      0.00000000	      0.00000000	      0.00000000	      0.00000000	      0.00000000	      0.00000000	      0.00000000	      0.00000000	      0.00000000	      0.00000000	      0.00000000	      0.00000000	      0.00000000	      0.00000000	      0.00000000	      0.00000000	      0.00000000	      0.00000000	      0.00000000	      0.00000000	      0.00000000	      0.00000000	      0.00000000	      0.00000000	      0.05827479	      0.06343638	      0.07040745	      0.02350290	     -0.00000000	     -0.00000000	     -0.00000000	      0.00000000	      0.00000000	     -0.00000000	     -0.00000000	     -0.00000000	     -0.00000000	     -0.00000000	     -0.00748771	     -0.03995215	     -0.04331171	      0.05821883	     -0.00158108	      0.00000000	      0.03457635	      0.02694938	     -0.00000000	      0.00000000	     -0.00000000	     -0.02276140	     -0.00000000	      0.00411018	      0.03303333	      0.00000000	     -0.01357714	     -0.01529589	      0.01467612	      0.02580294	     -0.00000000	     -0.04968094	     -0.00000000	      0.00000000	      0.00362755	     -0.00000000	      0.00000000	     -0.00000000
      1.65350000	      0.00000000	      0.00000000	      0.00000000	      0.00000000	      0.00000000	      0.00000000	      0.00000000	      0.00000000	      0.00000000	      0.00000000	      0.00000000	      0.00000000	      0.00000000	      0.00000000	      0.00000000	      0.00000000	      0.00000000	      0.00000000	      0.00000000	      0.00000000	      0.00000000	      0.00000000	      0.00000000	      0.00000000	      0.00000000	      0.00000000	      0.00000000	      0.00000000	      0.00000000	      0.00000000	      0.00000000	      0.00000000	      0.00000000	      0.00000000	      0.00000000	      0.00000000	      0.00000000	      0.00000000	      0.00000000	      0.00000000	      0.00000000	      0.00000000	      0.05883610	      0.06390195	      0.07047717	      0.02352186	     -0.00000000	      0.00000000	      0.00000000	      0.00000000	      0.00000000	     -0.00000000	      0.00000000	      0.00000000	     -0.00000000	      0.00000000	     -0.00794869	     -0.04008763	     -0.04331348	      0.05845622	     -0.00147531	      0.00000000	      0.03410564	      0.02708531	      0.00000000	      0.00000000	     -0.00000000	     -0.02361572	      0.00000000	      0.00427561	      0.03185985	      0.00000000	     -0.01380084	     -0.01569006	      0.01490209	      0.02605376	      0.00000000	     -0.04985009	      0.00000000	      0.00000000	      0.00245368	     -0.00000000	     -0.00000000	     -0.00000000
      1.66400000	      0.00000000	      0.00000000	      0.00000000	      0.00000000	      0.00000000	      0.00000000	      0.00000000	      0.00000000	      0.00000000	      0.00000000	      0.00000000	      0.00000000	      0.00000000	      0.00000000	      0.00000000	      0.00000000	      0.00000000	      0.00000000	      0.00000000	      0.00000000	      0.00000000	      0.00000000	      0.00000000	      0.00000000	      0.00000000	      0.00000000	      0.00000000	      0.00000000	      0.00000000	      0.00000000	      0.00000000	      0.00000000	      0.00000000	      0.00000000	      0.00000000	      0.00000000	      0.00000000	      0.00000000	      0.00000000	      0.00000000	      0.00000000	      0.00000000	      0.05942119	      0.06439298	      0.07050788	      0.02351574	     -0.00000000	     -0.00000000	     -0.00000000	      0.00000000	      0.00000000	     -0.00000000	     -0.00000000	      0.00000000	     -0.00000000	      0.00000000	     -0.00840545	     -0.04018978	     -0.04327735	      0.05869414	     -0.00135600	      0.00000000	      0.03359988	      0.02723034	      0.00000000	     -0.00000000	     -0.00000000	     -0.02445155	     -0.00000000	      0.00445615	      0.03063572	      0.00000000	     -0.01401683	     -0.01609140	      0.01512159	      0.02629405	     -0.00000000	     -0.04998914	      0.00000000	     -0.00000000	      0.00125477	      0.00000000	     -0.00000000	      0.00000000
      1.67450000	      0.00000000	      0.00000000	      0.00000000	      0.00000000	      0.00000000	      0.00000000	      0.00000000	      0.00000000	      0.00000000	      0.00000000	      0.00000000	      0.00000000	      0.00000000	      0.00000000	      0.00000000	      0.00000000	      0.00000000	      0.00000000	      0.00000000	      0.00000000	      0.00000000	      0.00000000	      0.00000000	      0.00000000	      0.00000000	      0.00000000	      0.00000000	      0.00000000	      0.00000000	      0.00000000	      0.00000000	      0.00000000	      0.00000000	      0.00000000	      0.00000000	      0.00000000	      0.00000000	      0.00000000	      0.00000000	      0.00000000	      0.00000000	      0.00000000	      0.06002213	      0.06490368	      0.07049726	      0.02348726	     -0.00000000	     -0.00000000	     -0.00000000	      0.00000000	      0.00000000	      0.00000000	     -0.00000000	     -0.00000000	     -0.00000000	     -0.00000000	     -0.00885496	     -0.04025769	     -0.04320397	      0.05893187	     -0.00122461	      0.00000000	      0.03306164	      0.02738209	     -0.00000000	     -0.00000000	     -0.00000000	     -0.02525848	     -0.00000000	      0.00465229	      0.02937560	      0.00000000	     -0.01422542	     -0.01649945	      0.01533417	      0.02652384	     -0.00000000	     -0.05009915	      0.00000000	     -0.00000000	      0.00004461	      0.00000000	      0.00000000	      0.00000000
      1.68500000	      0.00000000	      0.00000000	      0.00000000	      0.00000000	      0.00000000	      0.00000000	      0.00000000	      0.00000000	      0.00000000	      0.00000000	      0.00000000	      0.00000000	      0.00000000	      0.00000000	      0.00000000	      0.00000000	      0.00000000	      0.00000000	      0.00000000	      0.00000000	      0.00000000	      0.00000000	      0.00000000	      0.00000000	      0.00000000	      0.00000000	      0.00000000	      0.00000000	      0.00000000	      0.00000000	      0.00000000	      0.00000000	      0.00000000	      0.00000000	      0.00000000	      0.00000000	      0.00000000	      0.00000000	      0.00000000	      0.00000000	      0.00000000	      0.00000000	      0.06062952	      0.06542772	      0.07044514	      0.02344062	     -0.00000000	     -0.00000000	     -0.00000000	      0.00000000	      0.00000000	     -0.00000000	     -0.00000000	     -0.00000000	     -0.00000000	     -0.00000000	     -0.00929455	     -0.04029113	     -0.04309536	      0.05917046	     -0.00108319	      0.00000000	      0.03249395	      0.02753746	     -0.00000000	     -0.00000000	     -0.00000000	     -0.02602871	     -0.00000000	      0.00486457	      0.02809528	      0.00000000	     -0.01442872	     -0.01691549	      0.01554029	      0.02674438	     -0.00000000	     -0.05018522	     -0.00000000	     -0.00000000	     -0.00116334	     -0.00000000	      0.00000000	     -0.00000000
      1.69550000	      0.00000000	      0.00000000	      0.00000000	      0.00000000	      0.00000000	      0.00000000	      0.00000000	      0.00000000	      0.00000000	      0.00000000	      0.00000000	      0.00000000	      0.00000000	      0.00000000	      0.00000000	      0.00000000	      0.00000000	      0.00000000	      0.00000000	      0.00000000	      0.00000000	      0.00000000	      0.00000000	      0.00000000	      0.00000000	      0.00000000	      0.00000000	      0.00000000	      0.00000000	      0.00000000	      0.00000000	      0.00000000	      0.00000000	      0.00000000	      0.00000000	      0.00000000	      0.00000000	      0.00000000	      0.00000000	      0.00000000	      0.00000000	      0.00000000	      0.06123459	      0.06595935	      0.07035305	      0.02338038	      0.00000000	     -0.00000000	     -0.00000000	      0.00000000	      0.00000000	      0.00000000	      0.00000000	      0.00000000	     -0.00000000	     -0.00000000	     -0.00972337	     -0.04029228	     -0.04295504	      0.05941202	     -0.00093376	      0.00000000	      0.03190056	      0.02769336	     -0.00000000	     -0.00000000	      0.00000000	     -0.02675682	      0.00000000	      0.00509419	      0.02680958	      0.00000000	     -0.01462870	     -0.01734090	      0.01574076	      0.02695755	     -0.00000000	     -0.05025255	     -0.00000000	     -0.00000000	     -0.00235742	     -0.00000000	      0.00000000	     -0.00000000
      1.70600000	      0.00000000	      0.00000000	      0.00000000	      0.00000000	      0.00000000	      0.00000000	      0.00000000	      0.00000000	      0.00000000	      0.00000000	      0.00000000	      0.00000000	      0.00000000	      0.00000000	      0.00000000	      0.00000000	      0.00000000	      0.00000000	      0.00000000	      0.00000000	      0.00000000	      0.00000000	      0.00000000	      0.00000000	      0.00000000	      0.00000000	      0.00000000	      0.00000000	      0.00000000	      0.00000000	      0.00000000	      0.00000000	      0.00000000	      0.00000000	      0.00000000	      0.00000000	      0.00000000	      0.00000000	      0.00000000	      0.00000000	      0.00000000	      0.00000000	      0.06182846	      0.06649411	      0.07022417	      0.02331353	     -0.00000000	      0.00000000	     -0.00000000	      0.00000000	      0.00000000	     -0.00000000	     -0.00000000	     -0.00000000	      0.00000000	      0.00000000	     -0.01014422	     -0.04026694	     -0.04278895	      0.05966460	     -0.00077872	      0.00000000	      0.03128342	      0.02784587	      0.00000000	      0.00000000	      0.00000000	     -0.02744081	     -0.00000000	      0.00534506	      0.02552965	      0.00000000	     -0.01482981	     -0.01778154	      0.01593914	      0.02716917	     -0.00000000	     -0.05030989	     -0.00000000	     -0.00000000	     -0.00352962	     -0.00000000	     -0.00000000	     -0.00000000
      1.71650000	      0.00000000	      0.00000000	      0.00000000	      0.00000000	      0.00000000	      0.00000000	      0.00000000	      0.00000000	      0.00000000	      0.00000000	      0.00000000	      0.00000000	      0.00000000	      0.00000000	      0.00000000	      0.00000000	      0.00000000	      0.00000000	      0.00000000	      0.00000000	      0.00000000	      0.00000000	      0.00000000	      0.00000000	      0.00000000	      0.00000000	      0.00000000	      0.00000000	      0.00000000	      0.00000000	      0.00000000	      0.00000000	      0.00000000	      0.00000000	      0.00000000	      0.00000000	      0.00000000	      0.00000000	      0.00000000	      0.00000000	      0.00000000	      0.00000000	      0.06240190	      0.06702768	      0.07006275	      0.02324592	     -0.00000000	      0.00000000	     -0.00000000	      0.00000000	      0.00000000	      0.00000000	     -0.00000000	     -0.00000000	     -0.00000000	     -0.00000000	     -0.01056039	     -0.04022150	     -0.04260365	      0.05993618	     -0.00062023	      0.00000000	      0.03064550	      0.02799096	     -0.00000000	     -0.00000000	     -0.00000000	     -0.02807993	     -0.00000000	      0.00562142	      0.02426687	      0.00000000	     -0.01503574	     -0.01824208	      0.01613777	      0.02738359	     -0.00000000	     -0.05036631	     -0.00000000	     -0.00000000	     -0.00467195	     -0.00000000	     -0.00000000	     -0.00000000
      1.72700000	      0.00000000	      0.00000000	      0.00000000	      0.00000000	      0.00000000	      0.00000000	      0.00000000	      0.00000000	      0.00000000	      0.00000000	      0.00000000	      0.00000000	      0.00000000	      0.00000000	      0.00000000	      0.00000000	      0.00000000	      0.00000000	      0.00000000	      0.00000000	      0.00000000	      0.00000000	      0.00000000	      0.00000000	      0.00000000	      0.00000000	      0.00000000	      0.00000000	      0.00000000	      0.00000000	      0.00000000	      0.00000000	      0.00000000	      0.00000000	      0.00000000	      0.00000000	      0.00000000	      0.00000000	      0.00000000	      0.00000000	      0.00000000	      0.00000000	      0.06294434	      0.06755375	      0.06987454	      0.02318104	      0.00000000	      0.00000000	      0.00000000	      0.00000000	      0.00000000	      0.00000000	      0.00000000	      0.00000000	      0.00000000	     -0.00000000	     -0.01097273	     -0.04016218	     -0.04240617	      0.06023019	     -0.00046045	      0.00000000	      0.02999431	      0.02812479	      0.00000000	     -0.00000000	     -0.00000000	     -0.02867188	      0.00000000	      0.00592511	      0.02303773	      0.00000000	     -0.01524695	     -0.01872149	      0.01633566	      0.02760081	      0.00000000	     -0.05042834	      0.00000000	     -0.00000000	     -0.00577194	     -0.00000000	     -0.00000000	     -0.00000000
      1.73750000	      0.00000000	      0.00000000	      0.00000000	      0.00000000	      0.00000000	      0.00000000	      0.00000000	      0.00000000	      0.00000000	      0.00000000	      0.00000000	      0.00000000	      0.00000000	      0.00000000	      0.00000000	      0.00000000	      0.00000000	      0.00000000	      0.00000000	      0.00000000	      0.00000000	      0.00000000	      0.00000000	      0.00000000	      0.00000000	      0.00000000	      0.00000000	      0.00000000	      0.00000000	      0.00000000	      0.00000000	      0.00000000	      0.00000000	      0.00000000	      0.00000000	      0.00000000	      0.00000000	      0.00000000	      0.00000000	      0.00000000	      0.00000000	      0.00000000	      0.06344681	      0.06806630	      0.06966615	      0.02312036	     -0.00000000	      0.00000000	      0.00000000	      0.00000000	      0.00000000	     -0.00000000	      0.00000000	      0.00000000	     -0.00000000	     -0.00000000	     -0.01138095	     -0.04009430	     -0.04220292	      0.06054684	     -0.00030115	      0.00000000	      0.02933867	      0.02824433	      0.00000000	      0.00000000	      0.00000000	     -0.02921602	      0.00000000	      0.00625599	      0.02185728	      0.00000000	     -0.01546225	     -0.01921580	      0.01653024	      0.02781848	      0.00000000	     -0.05050096	      0.00000000	      0.00000000	     -0.00681857	     -0.00000000	     -0.00000000	     -0.00000000
      1.74800000	      0.00000000	      0.00000000	      0.00000000	      0.00000000	      0.00000000	      0.00000000	      0.00000000	      0.00000000	      0.00000000	      0.00000000	      0.00000000	      0.00000000	      0.00000000	      0.00000000	      0.00000000	      0.00000000	      0.00000000	      0.00000000	      0.00000000	      0.00000000	      0.00000000	      0.00000000	      0.00000000	      0.00000000	      0.00000000	      0.00000000	      0.00000000	      0.00000000	      0.00000000	      0.00000000	      0.00000000	      0.00000000	      0.00000000	      0.00000000	      0.00000000	      0.00000000	      0.00000000	      0.00000000	      0.00000000	      0.00000000	      0.00000000	      0.00000000	      0.06390823	      0.06856335	      0.06944219	      0.02306049	     -0.00000000	      0.00000000	     -0.00000000	      0.00000000	      0.00000000	     -0.00000000	     -0.00000000	     -0.00000000	     -0.00000000	     -0.00000000	     -0.01178377	     -0.04001894	     -0.04199571	      0.06087899	     -0.00014179	      0.00000000	      0.02868516	      0.02835002	     -0.00000000	     -0.00000000	     -0.00000000	     -0.02971582	     -0.00000000	      0.00661128	      0.02073064	      0.00000000	     -0.01567763	     -0.01971716	      0.01671665	      0.02803016	     -0.00000000	     -0.05058281	      0.00000000	      0.00000000	     -0.00780969	      0.00000000	      0.00000000	      0.00000000
      1.75850000	      0.00000000	      0.00000000	      0.00000000	      0.00000000	      0.00000000	      0.00000000	      0.00000000	      0.00000000	      0.00000000	      0.00000000	      0.00000000	      0.00000000	      0.00000000	      0.00000000	      0.00000000	      0.00000000	      0.00000000	      0.00000000	      0.00000000	      0.00000000	      0.00000000	      0.00000000	      0.00000000	      0.00000000	      0.00000000	      0.00000000	      0.00000000	      0.00000000	      0.00000000	      0.00000000	      0.00000000	      0.00000000	      0.00000000	      0.00000000	      0.00000000	      0.00000000	      0.00000000	      0.00000000	      0.00000000	      0.00000000	      0.00000000	      0.00000000	      0.06432847	      0.06904357	      0.06920683	      0.02299943	      0.00000000	     -0.00000000	     -0.00000000	      0.00000000	      0.00000000	      0.00000000	      0.00000000	      0.00000000	      0.00000000	     -0.00000000	     -0.01218102	     -0.03993822	     -0.04178674	      0.06122183	      0.00001788	      0.00000000	      0.02803869	      0.02844224	     -0.00000000	     -0.00000000	      0.00000000	     -0.03017511	      0.00000000	      0.00698879	      0.01965990	      0.00000000	     -0.01589018	     -0.02021993	      0.01689190	      0.02823190	      0.00000000	     -0.05067289	     -0.00000000	     -0.00000000	     -0.00874524	      0.00000000	     -0.00000000	     -0.00000000
      1.76900000	      0.00000000	      0.00000000	      0.00000000	      0.00000000	      0.00000000	      0.00000000	      0.00000000	      0.00000000	      0.00000000	      0.00000000	      0.00000000	      0.00000000	      0.00000000	      0.00000000	      0.00000000	      0.00000000	      0.00000000	      0.00000000	      0.00000000	      0.00000000	      0.00000000	      0.00000000	      0.00000000	      0.00000000	      0.00000000	      0.00000000	      0.00000000	      0.00000000	      0.00000000	      0.00000000	      0.00000000	      0.00000000	      0.00000000	      0.00000000	      0.00000000	      0.00000000	      0.00000000	      0.00000000	      0.00000000	      0.00000000	      0.00000000	      0.00000000	      0.06470173	      0.06950346	      0.06896611	      0.02294020	      0.00000000	     -0.00000000	     -0.00000000	      0.00000000	      0.00000000	      0.00000000	      0.00000000	      0.00000000	      0.00000000	     -0.00000000	     -0.01257413	     -0.03985801	     -0.04158200	      0.06157981	      0.00017603	      0.00000000	      0.02740389	      0.02851822	     -0.00000000	      0.00000000	     -0.00000000	     -0.03059660	      0.00000000	      0.00738889	      0.01865050	      0.00000000	     -0.01610128	     -0.02072473	      0.01705683	      0.02842546	     -0.00000000	     -0.05077803	     -0.00000000	     -0.00000000	     -0.00962184	      0.00000000	      0.00000000	      0.00000000
      1.77950000	      0.00000000	      0.00000000	      0.00000000	      0.00000000	      0.00000000	      0.00000000	      0.00000000	      0.00000000	      0.00000000	      0.00000000	      0.00000000	      0.00000000	      0.00000000	      0.00000000	      0.00000000	      0.00000000	      0.00000000	      0.00000000	      0.00000000	      0.00000000	      0.00000000	      0.00000000	      0.00000000	      0.00000000	      0.00000000	      0.00000000	      0.00000000	      0.00000000	      0.00000000	      0.00000000	      0.00000000	      0.00000000	      0.00000000	      0.00000000	      0.00000000	      0.00000000	      0.00000000	      0.00000000	      0.00000000	      0.00000000	      0.00000000	      0.00000000	      0.06502174	      0.06993908	      0.06872636	      0.02288564	     -0.00000000	      0.00000000	      0.00000000	      0.00000000	      0.00000000	     -0.00000000	     -0.00000000	     -0.00000000	     -0.00000000	      0.00000000	     -0.01296295	     -0.03978292	     -0.04138685	      0.06195691	      0.00033051	      0.00000000	      0.02678597	      0.02857501	      0.00000000	      0.00000000	     -0.00000000	     -0.03098288	      0.00000000	      0.00781047	      0.01770846	      0.00000000	     -0.01631243	     -0.02123190	      0.01721207	      0.02861228	      0.00000000	     -0.05090608	     -0.00000000	      0.00000000	     -0.01043587	      0.00000000	      0.00000000	     -0.00000000
      1.79000000	      0.00000000	      0.00000000	      0.00000000	      0.00000000	      0.00000000	      0.00000000	      0.00000000	      0.00000000	      0.00000000	      0.00000000	      0.00000000	      0.00000000	      0.00000000	      0.00000000	      0.00000000	      0.00000000	      0.00000000	      0.00000000	      0.00000000	      0.00000000	      0.00000000	      0.00000000	      0.00000000	      0.00000000	      0.00000000	      0.00000000	      0.00000000	      0.00000000	      0.00000000	      0.00000000	      0.00000000	      0.00000000	      0.00000000	      0.00000000	      0.00000000	      0.00000000	      0.00000000	      0.00000000	      0.00000000	      0.00000000	      0.00000000	      0.00000000	      0.06528813	      0.07034794	      0.06849183	      0.02283472	     -0.00000000	     -0.00000000	      0.00000000	      0.00000000	      0.00000000	      0.00000000	     -0.00000000	      0.00000000	     -0.00000000	     -0.00000000	     -0.01334438	     -0.03971344	     -0.04120266	      0.06234831	      0.00048055	      0.00000000	      0.02619043	      0.02861270	     -0.00000000	     -0.00000000	     -0.00000000	     -0.03133659	      0.00000000	      0.00824801	      0.01683625	      0.00000000	     -0.01652150	     -0.02173609	      0.01735567	      0.02878954	     -0.00000000	     -0.05105720	     -0.00000000	     -0.00000000	     -0.01118670	      0.00000000	      0.00000000	      0.00000000
      1.80050000	      0.00000000	      0.00000000	      0.00000000	      0.00000000	      0.00000000	      0.00000000	      0.00000000	      0.00000000	      0.00000000	      0.00000000	      0.00000000	      0.00000000	      0.00000000	      0.00000000	      0.00000000	      0.00000000	      0.00000000	      0.00000000	      0.00000000	      0.00000000	      0.00000000	      0.00000000	      0.00000000	      0.00000000	      0.00000000	      0.00000000	      0.00000000	      0.00000000	      0.00000000	      0.00000000	      0.00000000	      0.00000000	      0.00000000	      0.00000000	      0.00000000	      0.00000000	      0.00000000	      0.00000000	      0.00000000	      0.00000000	      0.00000000	      0.00000000	      0.06550265	      0.07072800	      0.06826584	      0.02278625	     -0.00000000	     -0.00000000	     -0.00000000	      0.00000000	      0.00000000	     -0.00000000	     -0.00000000	     -0.00000000	     -0.00000000	     -0.00000000	     -0.01371475	     -0.03964932	     -0.04102995	      0.06274759	      0.00062539	      0.00000000	      0.02562235	      0.02863230	     -0.00000000	     -0.00000000	     -0.00000000	     -0.03165989	     -0.00000000	      0.00869449	      0.01603492	      0.00000000	     -0.01672593	     -0.02223122	      0.01748603	      0.02895457	     -0.00000000	     -0.05122914	     -0.00000000	     -0.00000000	     -0.01187468	     -0.00000000	     -0.00000000	     -0.00000000
      1.81100000	      0.00000000	      0.00000000	      0.00000000	      0.00000000	      0.00000000	      0.00000000	      0.00000000	      0.00000000	      0.00000000	      0.00000000	      0.00000000	      0.00000000	      0.00000000	      0.00000000	      0.00000000	      0.00000000	      0.00000000	      0.00000000	      0.00000000	      0.00000000	      0.00000000	      0.00000000	      0.00000000	      0.00000000	      0.00000000	      0.00000000	      0.00000000	      0.00000000	      0.00000000	      0.00000000	      0.00000000	      0.00000000	      0.00000000	      0.00000000	      0.00000000	      0.00000000	      0.00000000	      0.00000000	      0.00000000	      0.00000000	      0.00000000	      0.00000000	      0.06566687	      0.07107725	      0.06805149	      0.02274028	     -0.00000000	      0.00000000	     -0.00000000	      0.00000000	      0.00000000	     -0.00000000	      0.00000000	      0.00000000	      0.00000000	      0.00000000	     -0.01407003	     -0.03958987	     -0.04086894	      0.06315002	      0.00076382	      0.00000000	      0.02508599	      0.02863455	      0.00000000	      0.00000000	     -0.00000000	     -0.03195466	     -0.00000000	      0.00914270	      0.01530530	      0.00000000	     -0.01692443	     -0.02271309	      0.01760281	      0.02910642	      0.00000000	     -0.05142108	      0.00000000	      0.00000000	     -0.01250043	     -0.00000000	     -0.00000000	     -0.00000000
      1.82150000	      0.00000000	      0.00000000	      0.00000000	      0.00000000	      0.00000000	      0.00000000	      0.00000000	      0.00000000	      0.00000000	      0.00000000	      0.00000000	      0.00000000	      0.00000000	      0.00000000	      0.00000000	      0.00000000	      0.00000000	      0.00000000	      0.00000000	      0.00000000	      0.00000000	      0.00000000	      0.00000000	      0.00000000	      0.00000000	      0.00000000	      0.00000000	      0.00000000	      0.00000000	      0.00000000	      0.00000000	      0.00000000	      0.00000000	      0.00000000	      0.00000000	      0.00000000	      0.00000000	      0.00000000	      0.00000000	      0.00000000	      0.00000000	      0.00000000	      0.06578201	      0.07139390	      0.06785164	      0.02269789	      0.00000000	      0.00000000	      0.00000000	      0.00000000	      0.00000000	     -0.00000000	      0.00000000	      0.00000000	      0.00000000	      0.00000000	     -0.01440653	     -0.03953431	     -0.04071981	      0.06355302	      0.00089432	      0.00000000	      0.02458466	      0.02861985	      0.00000000	     -0.00000000	      0.00000000	     -0.03222265	      0.00000000	      0.00958589	      0.01464786	      0.00000000	     -0.01711699	     -0.02317952	      0.01770682	      0.02924568	      0.00000000	     -0.05163361	      0.00000000	      0.00000000	     -0.01306489	     -0.00000000	     -0.00000000	     -0.00000000
      1.83200000	      0.00000000	      0.00000000	      0.00000000	      0.00000000	      0.00000000	      0.00000000	      0.00000000	      0.00000000	      0.00000000	      0.00000000	      0.00000000	      0.00000000	      0.00000000	      0.00000000	      0.00000000	      0.00000000	      0.00000000	      0.00000000	      0.00000000	      0.00000000	      0.00000000	      0.00000000	      0.00000000	      0.00000000	      0.00000000	      0.00000000	      0.00000000	      0.00000000	      0.00000000	      0.00000000	      0.00000000	      0.00000000	      0.00000000	      0.00000000	      0.00000000	      0.00000000	      0.00000000	      0.00000000	      0.00000000	      0.00000000	      0.00000000	      0.00000000	      0.06585055	      0.07167700	      0.06766806	      0.02266024	      0.00000000	     -0.00000000	      0.00000000	      0.00000000	      0.00000000	     -0.00000000	     -0.00000000	      0.00000000	     -0.00000000	     -0.00000000	     -0.01472199	     -0.03948254	     -0.04058282	      0.06395468	      0.00101557	      0.00000000	      0.02412023	      0.02858898	      0.00000000	     -0.00000000	      0.00000000	     -0.03246559	      0.00000000	      0.01001841	      0.01406124	      0.00000000	     -0.01730365	     -0.02362912	      0.01779941	      0.02937364	     -0.00000000	     -0.05186611	      0.00000000	      0.00000000	     -0.01357006	     -0.00000000	     -0.00000000	     -0.00000000
      1.84250000	      0.00000000	      0.00000000	      0.00000000	      0.00000000	      0.00000000	      0.00000000	      0.00000000	      0.00000000	      0.00000000	      0.00000000	      0.00000000	      0.00000000	      0.00000000	      0.00000000	      0.00000000	      0.00000000	      0.00000000	      0.00000000	      0.00000000	      0.00000000	      0.00000000	      0.00000000	      0.00000000	      0.00000000	      0.00000000	      0.00000000	      0.00000000	      0.00000000	      0.00000000	      0.00000000	      0.00000000	      0.00000000	      0.00000000	      0.00000000	      0.00000000	      0.00000000	      0.00000000	      0.00000000	      0.00000000	      0.00000000	      0.00000000	      0.00000000	      0.06587630	      0.07192596	      0.06750184	      0.02262814	     -0.00000000	      0.00000000	     -0.00000000	      0.00000000	      0.00000000	      0.00000000	      0.00000000	      0.00000000	      0.00000000	      0.00000000	     -0.01501411	     -0.03943411	     -0.04045782	      0.06435165	      0.00112643	      0.00000000	      0.02369442	      0.02854348	      0.00000000	     -0.00000000	      0.00000000	     -0.03268468	     -0.00000000	      0.01043419	      0.01354369	      0.00000000	     -0.01748387	     -0.02405968	      0.01788177	      0.02949123	      0.00000000	     -0.05211590	      0.00000000	      0.00000000	     -0.01401801	     -0.00000000	      0.00000000	     -0.00000000
      1.85300000	      0.00000000	      0.00000000	      0.00000000	      0.00000000	      0.00000000	      0.00000000	      0.00000000	      0.00000000	      0.00000000	      0.00000000	      0.00000000	      0.00000000	      0.00000000	      0.00000000	      0.00000000	      0.00000000	      0.00000000	      0.00000000	      0.00000000	      0.00000000	      0.00000000	      0.00000000	      0.00000000	      0.00000000	      0.00000000	      0.00000000	      0.00000000	      0.00000000	      0.00000000	      0.00000000	      0.00000000	      0.00000000	      0.00000000	      0.00000000	      0.00000000	      0.00000000	      0.00000000	      0.00000000	      0.00000000	      0.00000000	      0.00000000	      0.00000000	      0.06586511	      0.07214056	      0.06735359	      0.02260174	     -0.00000000	     -0.00000000	      0.00000000	      0.00000000	      0.00000000	     -0.00000000	     -0.00000000	     -0.00000000	      0.00000000	      0.00000000	     -0.01527968	     -0.03938784	     -0.04034401	      0.06473776	      0.00122594	      0.00000000	      0.02330936	      0.02848606	      0.00000000	      0.00000000	      0.00000000	     -0.03288031	     -0.00000000	      0.01082597	      0.01309349	      0.00000000	     -0.01765596	     -0.02446700	      0.01795456	      0.02959848	      0.00000000	     -0.05237722	      0.00000000	     -0.00000000	     -0.01441053	     -0.00000000	     -0.00000000	     -0.00000000
      1.86350000	      0.00000000	      0.00000000	      0.00000000	      0.00000000	      0.00000000	      0.00000000	      0.00000000	      0.00000000	      0.00000000	      0.00000000	      0.00000000	      0.00000000	      0.00000000	      0.00000000	      0.00000000	      0.00000000	      0.00000000	      0.00000000	      0.00000000	      0.00000000	      0.00000000	      0.00000000	      0.00000000	      0.00000000	      0.00000000	      0.00000000	      0.00000000	      0.00000000	      0.00000000	      0.00000000	      0.00000000	      0.00000000	      0.00000000	      0.00000000	      0.00000000	      0.00000000	      0.00000000	      0.00000000	      0.00000000	      0.00000000	      0.00000000	      0.00000000	      0.06582344	      0.07232140	      0.06722347	      0.02258115	      0.00000000	     -0.00000000	     -0.00000000	      0.00000000	      0.00000000	     -0.00000000	     -0.00000000	      0.00000000	     -0.00000000	     -0.00000000	     -0.01551607	     -0.03934246	     -0.04024043	      0.06510715	      0.00131340	      0.00000000	      0.02296633	      0.02841972	     -0.00000000	     -0.00000000	     -0.00000000	     -0.03305289	     -0.00000000	      0.01118749	      0.01270807	      0.00000000	     -0.01781851	     -0.02484741	      0.01801863	      0.02969560	      0.00000000	     -0.05264392	     -0.00000000	     -0.00000000	     -0.01474994	      0.00000000	     -0.00000000	     -0.00000000
      1.87400000	      0.00000000	      0.00000000	      0.00000000	      0.00000000	      0.00000000	      0.00000000	      0.00000000	      0.00000000	      0.00000000	      0.00000000	      0.00000000	      0.00000000	      0.00000000	      0.00000000	      0.00000000	      0.00000000	      0.00000000	      0.00000000	      0.00000000	      0.00000000	      0.00000000	      0.00000000	      0.00000000	      0.00000000	      0.00000000	      0.00000000	      0.00000000	      0.00000000	      0.00000000	      0.00000000	      0.00000000	      0.00000000	      0.00000000	      0.00000000	      0.00000000	      0.00000000	      0.00000000	      0.00000000	      0.00000000	      0.00000000	      0.00000000	      0.00000000	      0.06575748	      0.07247038	      0.06711079	      0.02256667	     -0.00000000	      0.00000000	      0.00000000	      0.00000000	      0.00000000	      0.00000000	      0.00000000	      0.00000000	      0.00000000	      0.00000000	     -0.01572396	     -0.03929868	     -0.04014721	      0.06545701	      0.00138864	      0.00000000	      0.02266421	      0.02834704	      0.00000000	      0.00000000	      0.00000000	     -0.03320366	      0.00000000	      0.01151626	      0.01238264	      0.00000000	     -0.01797100	     -0.02519973	      0.01807541	      0.02978386	      0.00000000	     -0.05291089	      0.00000000	      0.00000000	     -0.01503992	      0.00000000	     -0.00000000	     -0.00000000
      1.88450000	      0.00000000	      0.00000000	      0.00000000	      0.00000000	      0.00000000	      0.00000000	      0.00000000	      0.00000000	      0.00000000	      0.00000000	      0.00000000	      0.00000000	      0.00000000	      0.00000000	      0.00000000	      0.00000000	      0.00000000	      0.00000000	      0.00000000	      0.00000000	      0.00000000	      0.00000000	      0.00000000	      0.00000000	      0.00000000	      0.00000000	      0.00000000	      0.00000000	      0.00000000	      0.00000000	      0.00000000	      0.00000000	      0.00000000	      0.00000000	      0.00000000	      0.00000000	      0.00000000	      0.00000000	      0.00000000	      0.00000000	      0.00000000	      0.00000000	      0.06567388	      0.07258959	      0.06701490	      0.02255820	     -0.00000000	      0.00000000	      0.00000000	      0.00000000	      0.00000000	     -0.00000000	      0.00000000	      0.00000000	     -0.00000000	     -0.00000000	     -0.01590359	     -0.03925695	     -0.04006440	      0.06578323	      0.00145166	      0.00000000	      0.02240230	      0.02827098	     -0.00000000	     -0.00000000	     -0.00000000	     -0.03333344	      0.00000000	      0.01180962	      0.01211288	      0.00000000	     -0.01811235	     -0.02552173	      0.01812581	      0.02986380	      0.00000000	     -0.05317204	     -0.00000000	      0.00000000	     -0.01528360	      0.00000000	      0.00000000	      0.00000000
      1.89500000	      0.00000000	      0.00000000	      0.00000000	      0.00000000	      0.00000000	      0.00000000	      0.00000000	      0.00000000	      0.00000000	      0.00000000	      0.00000000	      0.00000000	      0.00000000	      0.00000000	      0.00000000	      0.00000000	      0.00000000	      0.00000000	      0.00000000	      0.00000000	      0.00000000	      0.00000000	      0.00000000	      0.00000000	      0.00000000	      0.00000000	      0.00000000	      0.00000000	      0.00000000	      0.00000000	      0.00000000	      0.00000000	      0.00000000	      0.00000000	      0.00000000	      0.00000000	      0.00000000	      0.00000000	      0.00000000	      0.00000000	      0.00000000	      0.00000000	      0.06558051	      0.07267971	      0.06693695	      0.02255523	      0.00000000	     -0.00000000	      0.00000000	      0.00000000	      0.00000000	     -0.00000000	     -0.00000000	     -0.00000000	      0.00000000	      0.00000000	     -0.01604982	     -0.03921548	     -0.03999124	      0.06607569	      0.00150168	      0.00000000	      0.02218439	      0.02819590	     -0.00000000	      0.00000000	      0.00000000	     -0.03344075	     -0.00000000	      0.01205936	      0.01189952	      0.00000000	     -0.01823927	     -0.02580592	      0.01816957	      0.02993404	     -0.00000000	     -0.05341791	     -0.00000000	     -0.00000000	     -0.01548043	      0.00000000	     -0.00000000	      0.00000000
      1.90550000	      0.00000000	      0.00000000	      0.00000000	      0.00000000	      0.00000000	      0.00000000	      0.00000000	      0.00000000	      0.00000000	      0.00000000	      0.00000000	      0.00000000	      0.00000000	      0.00000000	      0.00000000	      0.00000000	      0.00000000	      0.00000000	      0.00000000	      0.00000000	      0.00000000	      0.00000000	      0.00000000	      0.00000000	      0.00000000	      0.00000000	      0.00000000	      0.00000000	      0.00000000	      0.00000000	      0.00000000	      0.00000000	      0.00000000	      0.00000000	      0.00000000	      0.00000000	      0.00000000	      0.00000000	      0.00000000	      0.00000000	      0.00000000	      0.00000000	      0.06548565	      0.07274236	      0.06687789	      0.02255706	      0.00000000	     -0.00000000	      0.00000000	      0.00000000	      0.00000000	      0.00000000	     -0.00000000	      0.00000000	     -0.00000000	      0.00000000	     -0.01615890	     -0.03917349	     -0.03992760	      0.06632493	      0.00153830	      0.00000000	      0.02201345	      0.02812626	     -0.00000000	     -0.00000000	     -0.00000000	     -0.03352444	     -0.00000000	      0.01225881	      0.01174226	      0.00000000	     -0.01834848	     -0.02604518	      0.01820640	      0.02999322	      0.00000000	     -0.05363875	     -0.00000000	     -0.00000000	     -0.01563043	     -0.00000000	      0.00000000	     -0.00000000
      1.91600000	      0.00000000	      0.00000000	      0.00000000	      0.00000000	      0.00000000	      0.00000000	      0.00000000	      0.00000000	      0.00000000	      0.00000000	      0.00000000	      0.00000000	      0.00000000	      0.00000000	      0.00000000	      0.00000000	      0.00000000	      0.00000000	      0.00000000	      0.00000000	      0.00000000	      0.00000000	      0.00000000	      0.00000000	      0.00000000	      0.00000000	      0.00000000	      0.00000000	      0.00000000	      0.00000000	      0.00000000	      0.00000000	      0.00000000	      0.00000000	      0.00000000	      0.00000000	      0.00000000	      0.00000000	      0.00000000	      0.00000000	      0.00000000	      0.00000000	      0.06539700	      0.07278298	      0.06683531	      0.02256197	      0.00000000	      0.00000000	     -0.00000000	      0.00000000	      0.00000000	      0.00000000	     -0.00000000	     -0.00000000	      0.00000000	      0.00000000	     -0.01623557	     -0.03913327	     -0.03987400	      0.06652878	      0.00156347	      0.00000000	      0.02188489	      0.02806526	     -0.00000000	     -0.00000000	     -0.00000000	     -0.03358693	      0.00000000	      0.01241112	      0.01163214	      0.00000000	     -0.01843882	     -0.02623898	      0.01823653	      0.03004128	      0.00000000	     -0.05382796	     -0.00000000	     -0.00000000	     -0.01573997	      0.00000000	      0.00000000	      0.00000000
      1.92650000	      0.00000000	      0.00000000	      0.00000000	      0.00000000	      0.00000000	      0.00000000	      0.00000000	      0.00000000	      0.00000000	      0.00000000	      0.00000000	      0.00000000	      0.00000000	      0.00000000	      0.00000000	      0.00000000	      0.00000000	      0.00000000	      0.00000000	      0.00000000	      0.00000000	      0.00000000	      0.00000000	      0.00000000	      0.00000000	      0.00000000	      0.00000000	      0.00000000	      0.00000000	      0.00000000	      0.00000000	      0.00000000	      0.00000000	      0.00000000	      0.00000000	      0.00000000	      0.00000000	      0.00000000	      0.00000000	      0.00000000	      0.00000000	      0.00000000	      0.06532108	      0.07280747	      0.06680630	      0.02256767	      0.00000000	      0.00000000	      0.00000000	      0.00000000	      0.00000000	      0.00000000	     -0.00000000	     -0.00000000	      0.00000000	      0.00000000	     -0.01628401	     -0.03909505	     -0.03982906	      0.06668617	      0.00157973	      0.00000000	      0.02179315	      0.02801549	      0.00000000	     -0.00000000	     -0.00000000	     -0.03363108	     -0.00000000	      0.01252046	      0.01155955	      0.00000000	     -0.01850977	     -0.02638805	      0.01825978	      0.03007772	     -0.00000000	     -0.05398090	     -0.00000000	     -0.00000000	     -0.01581652	      0.00000000	     -0.00000000	      0.00000000
      1.93700000	      0.00000000	      0.00000000	      0.00000000	      0.00000000	      0.00000000	      0.00000000	      0.00000000	      0.00000000	      0.00000000	      0.00000000	      0.00000000	      0.00000000	      0.00000000	      0.00000000	      0.00000000	      0.00000000	      0.00000000	      0.00000000	      0.00000000	      0.00000000	      0.00000000	      0.00000000	      0.00000000	      0.00000000	      0.00000000	      0.00000000	      0.00000000	      0.00000000	      0.00000000	      0.00000000	      0.00000000	      0.00000000	      0.00000000	      0.00000000	      0.00000000	      0.00000000	      0.00000000	      0.00000000	      0.00000000	      0.00000000	      0.00000000	      0.00000000	      0.06526220	      0.07282007	      0.06678909	      0.02257245	     -0.00000000	     -0.00000000	     -0.00000000	      0.00000000	      0.00000000	     -0.00000000	     -0.00000000	     -0.00000000	     -0.00000000	     -0.00000000	     -0.01630592	     -0.03905769	     -0.03979089	      0.06679620	      0.00158891	      0.00000000	      0.02173460	      0.02797874	     -0.00000000	     -0.00000000	     -0.00000000	     -0.03365877	      0.00000000	      0.01258917	      0.01151826	      0.00000000	     -0.01856105	     -0.02649291	      0.01827590	      0.03010205	     -0.00000000	     -0.05409490	     -0.00000000	     -0.00000000	     -0.01586533	      0.00000000	      0.00000000	     -0.00000000
      1.94750000	      0.00000000	      0.00000000	      0.00000000	      0.00000000	      0.00000000	      0.00000000	      0.00000000	      0.00000000	      0.00000000	      0.00000000	      0.00000000	      0.00000000	      0.00000000	      0.00000000	      0.00000000	      0.00000000	      0.00000000	      0.00000000	      0.00000000	      0.00000000	      0.00000000	      0.00000000	      0.00000000	      0.00000000	      0.00000000	      0.00000000	      0.00000000	      0.00000000	      0.00000000	      0.00000000	      0.00000000	      0.00000000	      0.00000000	      0.00000000	      0.00000000	      0.00000000	      0.00000000	      0.00000000	      0.00000000	      0.00000000	      0.00000000	      0.00000000	      0.06522284	      0.07282411	      0.06678196	      0.02257516	      0.00000000	      0.00000000	     -0.00000000	      0.00000000	      0.00000000	      0.00000000	      0.00000000	     -0.00000000	     -0.00000000	     -0.00000000	     -0.01630467	     -0.03902195	     -0.03975916	      0.06685994	      0.00159256	      0.00000000	      0.02170544	      0.02795577	     -0.00000000	     -0.00000000	     -0.00000000	     -0.03367200	      0.00000000	      0.01262096	      0.01150263	      0.00000000	     -0.01859285	     -0.02655519	      0.01828493	      0.03011437	     -0.00000000	     -0.05416897	     -0.00000000	     -0.00000000	     -0.01589077	      0.00000000	     -0.00000000	     -0.00000000
      1.95800000	      0.00000000	      0.00000000	      0.00000000	      0.00000000	      0.00000000	      0.00000000	      0.00000000	      0.00000000	      0.00000000	      0.00000000	      0.00000000	      0.00000000	      0.00000000	      0.00000000	      0.00000000	      0.00000000	      0.00000000	      0.00000000	      0.00000000	      0.00000000	      0.00000000	      0.00000000	      0.00000000	      0.00000000	      0.00000000	      0.00000000	      0.00000000	      0.00000000	      0.00000000	      0.00000000	      0.00000000	      0.00000000	      0.00000000	      0.00000000	      0.00000000	      0.00000000	      0.00000000	      0.00000000	      0.00000000	      0.00000000	      0.00000000	      0.00000000	      0.06520474	      0.07282284	      0.06678304	      0.02257419	      0.00000000	     -0.00000000	     -0.00000000	      0.00000000	      0.00000000	     -0.00000000	     -0.00000000	     -0.00000000	     -0.00000000	     -0.00000000	     -0.01628071	     -0.03898451	     -0.03973023	      0.06687831	      0.00159244	      0.00000000	      0.02170203	      0.02794714	     -0.00000000	     -0.00000000	      0.00000000	     -0.03367248	     -0.00000000	      0.01261833	      0.01150750	      0.00000000	     -0.01860577	     -0.02657702	      0.01828654	      0.03011426	     -0.00000000	     -0.05420349	     -0.00000000	     -0.00000000	     -0.01589783	      0.00000000	     -0.00000000	     -0.00000000
      1.96850000	      0.00000000	      0.00000000	      0.00000000	      0.00000000	      0.00000000	      0.00000000	      0.00000000	      0.00000000	      0.00000000	      0.00000000	      0.00000000	      0.00000000	      0.00000000	      0.00000000	      0.00000000	      0.00000000	      0.00000000	      0.00000000	      0.00000000	      0.00000000	      0.00000000	      0.00000000	      0.00000000	      0.00000000	      0.00000000	      0.00000000	      0.00000000	      0.00000000	      0.00000000	      0.00000000	      0.00000000	      0.00000000	      0.00000000	      0.00000000	      0.00000000	      0.00000000	      0.00000000	      0.00000000	      0.00000000	      0.00000000	      0.00000000	      0.00000000	      0.06521029	      0.07281926	      0.06679040	      0.02256746	     -0.00000000	      0.00000000	      0.00000000	      0.00000000	      0.00000000	     -0.00000000	     -0.00000000	     -0.00000000	      0.00000000	     -0.00000000	     -0.01623321	     -0.03894091	     -0.03969963	      0.06685039	      0.00159035	      0.00000000	      0.02172147	      0.02795389	      0.00000000	      0.00000000	      0.00000000	     -0.03366139	     -0.00000000	      0.01258240	      0.01152822	      0.00000000	     -0.01859963	     -0.02655913	      0.01827989	      0.03010044	     -0.00000000	     -0.05419741	      0.00000000	      0.00000000	     -0.01589116	     -0.00000000	      0.00000000	     -0.00000000
      1.97900000	      0.00000000	      0.00000000	      0.00000000	      0.00000000	      0.00000000	      0.00000000	      0.00000000	      0.00000000	      0.00000000	      0.00000000	      0.00000000	      0.00000000	      0.00000000	      0.00000000	      0.00000000	      0.00000000	      0.00000000	      0.00000000	      0.00000000	      0.00000000	      0.00000000	      0.00000000	      0.00000000	      0.00000000	      0.00000000	      0.00000000	      0.00000000	      0.00000000	      0.00000000	      0.00000000	      0.00000000	      0.00000000	      0.00000000	      0.00000000	      0.00000000	      0.00000000	      0.00000000	      0.00000000	      0.00000000	      0.00000000	      0.00000000	      0.00000000	      0.06524107	      0.07281577	      0.06680150	      0.02255376	      0.00000000	      0.00000000	      0.00000000	      0.00000000	      0.00000000	      0.00000000	      0.00000000	      0.00000000	      0.00000000	      0.00000000	     -0.01616933	     -0.03889594	     -0.03966985	      0.06677790	      0.00158783	      0.00000000	      0.02175925	      0.02797612	      0.00000000	      0.00000000	      0.00000000	     -0.03364103	      0.00000000	      0.01251895	      0.01155854	      0.00000000	     -0.01857412	     -0.02650344	      0.01826487	      0.03007288	      0.00000000	     -0.05414927	     -0.00000000	      0.00000000	     -0.01587450	      0.00000000	      0.00000000	      0.00000000
      1.98950000	      0.00000000	      0.00000000	      0.00000000	      0.00000000	      0.00000000	      0.00000000	      0.00000000	      0.00000000	      0.00000000	      0.00000000	      0.00000000	      0.00000000	      0.00000000	      0.00000000	      0.00000000	      0.00000000	      0.00000000	      0.00000000	      0.00000000	      0.00000000	      0.00000000	      0.00000000	      0.00000000	      0.00000000	      0.00000000	      0.00000000	      0.00000000	      0.00000000	      0.00000000	      0.00000000	      0.00000000	      0.00000000	      0.00000000	      0.00000000	      0.00000000	      0.00000000	      0.00000000	      0.00000000	      0.00000000	      0.00000000	      0.00000000	      0.00000000	      0.06529173	      0.07280639	      0.06682030	      0.02253693	     -0.00000000	     -0.00000000	     -0.00000000	      0.00000000	      0.00000000	      0.00000000	      0.00000000	     -0.00000000	     -0.00000000	     -0.00000000	     -0.01608845	     -0.03885562	     -0.03964782	      0.06666218	      0.00158136	      0.00000000	      0.02182122	      0.02801156	     -0.00000000	      0.00000000	     -0.00000000	     -0.03360918	      0.00000000	      0.01242450	      0.01160808	      0.00000000	     -0.01852982	     -0.02640887	      0.01824305	      0.03003395	     -0.00000000	     -0.05406273	     -0.00000000	      0.00000000	     -0.01583904	     -0.00000000	     -0.00000000	     -0.00000000
      2.00000000	      0.00000000	      0.00000000	      0.00000000	      0.00000000	      0.00000000	      0.00000000	      0.00000000	      0.00000000	      0.00000000	      0.00000000	      0.00000000	      0.00000000	      0.00000000	      0.00000000	      0.00000000	      0.00000000	      0.00000000	      0.00000000	      0.00000000	      0.00000000	      0.00000000	      0.00000000	      0.00000000	      0.00000000	      0.00000000	      0.00000000	      0.00000000	      0.00000000	      0.00000000	      0.00000000	      0.00000000	      0.00000000	      0.00000000	      0.00000000	      0.00000000	      0.00000000	      0.00000000	      0.00000000	      0.00000000	      0.00000000	      0.00000000	      0.00000000	      0.06533498	      0.07275697	      0.06687413	      0.02253665	      0.00000000	     -0.00000000	      0.00000000	      0.00000000	      0.00000000	      0.00000000	      0.00000000	      0.00000000	     -0.00000000	     -0.00000000	     -0.01595649	     -0.03882426	     -0.03965122	      0.06649880	      0.00155035	      0.00000000	      0.02195160	      0.02805142	      0.00000000	      0.00000000	      0.00000000	     -0.03354638	     -0.00000000	      0.01225900	      0.01174355	      0.00000000	     -0.01846886	     -0.02626010	      0.01822031	      0.02999186	     -0.00000000	     -0.05395663	     -0.00000000	      0.00000000	     -0.01573218	     -0.00000000	     -0.00000000	      0.00000000
