MomentArm_ankle_angle_l
version=1
nRows=100
nColumns=85
inDegrees=no

This analysis gathers basic information about muscles during a simulation (e.g., forces, tendon lengths, moment arms, etc).
Units are S.I. units (second, meters, Newtons, ...)
If the header above contains a line with 'inDegrees', this indicates whether rotational values are in degrees (yes) or radians (no).

endheader
time	addbrev_r	addlong_r	addmagMid_r	bflh_r	bfsh_r	edl_r	ehl_r	ercspn_r	extobl_r	fdb_r	fdl_r	fhl_r	gaslat_r	gasmed_r	glmax2_r	glmed2_r	glmin2_r	grac_r	iliacus_r	intobl_r	obtext_r	pect_r	perbrev_r	perlong_r	pertert_r	piri_r	popli_r	psoas_r	quadfem_r	recabd_r	recfem_r	sart_r	semimem_r	semiten_r	soleus_r	tfl_r	tibant_r	tibpost_r	tricox_r	vasint_r	vaslat_r	vasmed_r	addbrev_l	addlong_l	addmagMid_l	bflh_l	bfsh_l	edl_l	ehl_l	ercspn_l	extobl_l	fdb_l	fdl_l	fhl_l	gaslat_l	gasmed_l	glmax2_l	glmed2_l	glmin2_l	grac_l	iliacus_l	intobl_l	obtext_l	pect_l	perbrev_l	perlong_l	pertert_l	piri_l	popli_l	psoas_l	quadfem_l	recabd_l	recfem_l	sart_l	semimem_l	semiten_l	soleus_l	tfl_l	tibant_l	tibpost_l	tricox_l	vasint_l	vaslat_l	vasmed_l
      0.96050000	      0.00000000	      0.00000000	      0.00000000	      0.00000000	      0.00000000	      0.00000000	      0.00000000	      0.00000000	      0.00000000	      0.00000000	      0.00000000	      0.00000000	      0.00000000	      0.00000000	      0.00000000	      0.00000000	      0.00000000	      0.00000000	      0.00000000	      0.00000000	      0.00000000	      0.00000000	      0.00000000	      0.00000000	      0.00000000	      0.00000000	      0.00000000	      0.00000000	      0.00000000	      0.00000000	      0.00000000	      0.00000000	      0.00000000	      0.00000000	      0.00000000	      0.00000000	      0.00000000	      0.00000000	      0.00000000	      0.00000000	      0.00000000	      0.00000000	      0.00000000	      0.00000000	      0.00000000	      0.00000000	      0.00000000	      0.02711170	      0.02925776	      0.00000000	      0.00000000	      0.00000000	     -0.01197742	     -0.01698809	     -0.04182046	     -0.04114029	      0.00000000	      0.00000000	      0.00000000	      0.00000000	      0.00000000	      0.00000000	      0.00000000	      0.00000000	     -0.01062748	     -0.01195882	      0.02677901	      0.00000000	      0.00000000	      0.00000000	      0.00000000	      0.00000000	      0.00000000	      0.00000000	      0.00000000	      0.00000000	     -0.04064892	      0.00000000	      0.03467947	     -0.01250781	      0.00000000	      0.00000000	      0.00000000	      0.00000000
      0.97100000	      0.00000000	      0.00000000	      0.00000000	      0.00000000	      0.00000000	      0.00000000	      0.00000000	      0.00000000	      0.00000000	      0.00000000	      0.00000000	      0.00000000	      0.00000000	      0.00000000	      0.00000000	      0.00000000	      0.00000000	      0.00000000	      0.00000000	      0.00000000	      0.00000000	      0.00000000	      0.00000000	      0.00000000	      0.00000000	      0.00000000	      0.00000000	      0.00000000	      0.00000000	      0.00000000	      0.00000000	      0.00000000	      0.00000000	      0.00000000	      0.00000000	      0.00000000	      0.00000000	      0.00000000	      0.00000000	      0.00000000	      0.00000000	      0.00000000	      0.00000000	      0.00000000	      0.00000000	      0.00000000	      0.00000000	      0.02711609	      0.02926273	      0.00000000	      0.00000000	     -0.00000000	     -0.01197232	     -0.01698268	     -0.04181568	     -0.04113608	      0.00000000	      0.00000000	      0.00000000	      0.00000000	      0.00000000	      0.00000000	      0.00000000	      0.00000000	     -0.01062557	     -0.01195728	      0.02678059	      0.00000000	      0.00000000	      0.00000000	      0.00000000	      0.00000000	      0.00000000	      0.00000000	      0.00000000	      0.00000000	     -0.04064282	      0.00000000	      0.03468678	     -0.01250315	      0.00000000	      0.00000000	      0.00000000	      0.00000000
      0.98150000	      0.00000000	      0.00000000	      0.00000000	      0.00000000	      0.00000000	      0.00000000	      0.00000000	      0.00000000	      0.00000000	      0.00000000	      0.00000000	      0.00000000	      0.00000000	      0.00000000	      0.00000000	      0.00000000	      0.00000000	      0.00000000	      0.00000000	      0.00000000	      0.00000000	      0.00000000	      0.00000000	      0.00000000	      0.00000000	      0.00000000	      0.00000000	      0.00000000	      0.00000000	      0.00000000	      0.00000000	      0.00000000	      0.00000000	      0.00000000	      0.00000000	      0.00000000	      0.00000000	      0.00000000	      0.00000000	      0.00000000	      0.00000000	      0.00000000	      0.00000000	      0.00000000	      0.00000000	      0.00000000	      0.00000000	      0.02712712	      0.02927521	      0.00000000	      0.00000000	     -0.00000000	     -0.01195948	     -0.01696907	     -0.04180362	     -0.04112547	      0.00000000	      0.00000000	      0.00000000	      0.00000000	      0.00000000	      0.00000000	      0.00000000	      0.00000000	     -0.01062076	     -0.01195341	      0.02678455	      0.00000000	      0.00000000	      0.00000000	      0.00000000	      0.00000000	      0.00000000	      0.00000000	      0.00000000	      0.00000000	     -0.04062745	      0.00000000	      0.03470516	     -0.01249142	      0.00000000	      0.00000000	      0.00000000	      0.00000000
      0.99200000	      0.00000000	      0.00000000	      0.00000000	      0.00000000	      0.00000000	      0.00000000	      0.00000000	      0.00000000	      0.00000000	      0.00000000	      0.00000000	      0.00000000	      0.00000000	      0.00000000	      0.00000000	      0.00000000	      0.00000000	      0.00000000	      0.00000000	      0.00000000	      0.00000000	      0.00000000	      0.00000000	      0.00000000	      0.00000000	      0.00000000	      0.00000000	      0.00000000	      0.00000000	      0.00000000	      0.00000000	      0.00000000	      0.00000000	      0.00000000	      0.00000000	      0.00000000	      0.00000000	      0.00000000	      0.00000000	      0.00000000	      0.00000000	      0.00000000	      0.00000000	      0.00000000	      0.00000000	      0.00000000	      0.00000000	      0.02714608	      0.02929666	      0.00000000	      0.00000000	     -0.00000000	     -0.01193737	     -0.01694564	     -0.04178273	     -0.04110706	      0.00000000	      0.00000000	      0.00000000	      0.00000000	      0.00000000	      0.00000000	      0.00000000	      0.00000000	     -0.01061247	     -0.01194672	      0.02679130	      0.00000000	      0.00000000	      0.00000000	      0.00000000	      0.00000000	      0.00000000	      0.00000000	      0.00000000	      0.00000000	     -0.04060086	      0.00000000	      0.03473674	     -0.01247122	      0.00000000	      0.00000000	      0.00000000	      0.00000000
      1.00250000	      0.00000000	      0.00000000	      0.00000000	      0.00000000	      0.00000000	      0.00000000	      0.00000000	      0.00000000	      0.00000000	      0.00000000	      0.00000000	      0.00000000	      0.00000000	      0.00000000	      0.00000000	      0.00000000	      0.00000000	      0.00000000	      0.00000000	      0.00000000	      0.00000000	      0.00000000	      0.00000000	      0.00000000	      0.00000000	      0.00000000	      0.00000000	      0.00000000	      0.00000000	      0.00000000	      0.00000000	      0.00000000	      0.00000000	      0.00000000	      0.00000000	      0.00000000	      0.00000000	      0.00000000	      0.00000000	      0.00000000	      0.00000000	      0.00000000	      0.00000000	      0.00000000	      0.00000000	      0.00000000	      0.00000000	      0.02718276	      0.02933816	      0.00000000	      0.00000000	      0.00000000	     -0.01189442	     -0.01690009	     -0.04174165	     -0.04107083	      0.00000000	      0.00000000	      0.00000000	      0.00000000	      0.00000000	      0.00000000	      0.00000000	      0.00000000	     -0.01059631	     -0.01193365	      0.02680412	      0.00000000	      0.00000000	      0.00000000	      0.00000000	      0.00000000	      0.00000000	      0.00000000	      0.00000000	      0.00000000	     -0.04054877	      0.00000000	      0.03479788	     -0.01243197	      0.00000000	      0.00000000	      0.00000000	      0.00000000
      1.01300000	      0.00000000	      0.00000000	      0.00000000	      0.00000000	      0.00000000	      0.00000000	      0.00000000	      0.00000000	      0.00000000	      0.00000000	      0.00000000	      0.00000000	      0.00000000	      0.00000000	      0.00000000	      0.00000000	      0.00000000	      0.00000000	      0.00000000	      0.00000000	      0.00000000	      0.00000000	      0.00000000	      0.00000000	      0.00000000	      0.00000000	      0.00000000	      0.00000000	      0.00000000	      0.00000000	      0.00000000	      0.00000000	      0.00000000	      0.00000000	      0.00000000	      0.00000000	      0.00000000	      0.00000000	      0.00000000	      0.00000000	      0.00000000	      0.00000000	      0.00000000	      0.00000000	      0.00000000	      0.00000000	      0.00000000	      0.02722635	      0.02938749	      0.00000000	      0.00000000	      0.00000000	     -0.01184307	     -0.01684563	     -0.04169175	     -0.04102670	      0.00000000	      0.00000000	      0.00000000	      0.00000000	      0.00000000	      0.00000000	      0.00000000	      0.00000000	     -0.01057695	     -0.01191792	      0.02681896	      0.00000000	      0.00000000	      0.00000000	      0.00000000	      0.00000000	      0.00000000	      0.00000000	      0.00000000	      0.00000000	     -0.04048578	      0.00000000	      0.03487057	     -0.01238502	      0.00000000	      0.00000000	      0.00000000	      0.00000000
      1.02350000	      0.00000000	      0.00000000	      0.00000000	      0.00000000	      0.00000000	      0.00000000	      0.00000000	      0.00000000	      0.00000000	      0.00000000	      0.00000000	      0.00000000	      0.00000000	      0.00000000	      0.00000000	      0.00000000	      0.00000000	      0.00000000	      0.00000000	      0.00000000	      0.00000000	      0.00000000	      0.00000000	      0.00000000	      0.00000000	      0.00000000	      0.00000000	      0.00000000	      0.00000000	      0.00000000	      0.00000000	      0.00000000	      0.00000000	      0.00000000	      0.00000000	      0.00000000	      0.00000000	      0.00000000	      0.00000000	      0.00000000	      0.00000000	      0.00000000	      0.00000000	      0.00000000	      0.00000000	      0.00000000	      0.00000000	      0.02727856	      0.02944659	      0.00000000	      0.00000000	     -0.00000000	     -0.01178110	     -0.01677988	     -0.04163037	     -0.04097229	      0.00000000	      0.00000000	      0.00000000	      0.00000000	      0.00000000	      0.00000000	      0.00000000	      0.00000000	     -0.01055350	     -0.01189877	      0.02683617	      0.00000000	      0.00000000	      0.00000000	      0.00000000	      0.00000000	      0.00000000	      0.00000000	      0.00000000	      0.00000000	     -0.04040874	      0.00000000	      0.03495771	     -0.01232834	      0.00000000	      0.00000000	      0.00000000	      0.00000000
      1.03400000	      0.00000000	      0.00000000	      0.00000000	      0.00000000	      0.00000000	      0.00000000	      0.00000000	      0.00000000	      0.00000000	      0.00000000	      0.00000000	      0.00000000	      0.00000000	      0.00000000	      0.00000000	      0.00000000	      0.00000000	      0.00000000	      0.00000000	      0.00000000	      0.00000000	      0.00000000	      0.00000000	      0.00000000	      0.00000000	      0.00000000	      0.00000000	      0.00000000	      0.00000000	      0.00000000	      0.00000000	      0.00000000	      0.00000000	      0.00000000	      0.00000000	      0.00000000	      0.00000000	      0.00000000	      0.00000000	      0.00000000	      0.00000000	      0.00000000	      0.00000000	      0.00000000	      0.00000000	      0.00000000	      0.00000000	      0.02734795	      0.02952516	      0.00000000	      0.00000000	      0.00000000	     -0.01169799	     -0.01669165	     -0.04154608	     -0.04089732	      0.00000000	      0.00000000	      0.00000000	      0.00000000	      0.00000000	      0.00000000	      0.00000000	      0.00000000	     -0.01052190	     -0.01187282	      0.02685801	      0.00000000	      0.00000000	      0.00000000	      0.00000000	      0.00000000	      0.00000000	      0.00000000	      0.00000000	      0.00000000	     -0.04030365	      0.00000000	      0.03507360	     -0.01225227	      0.00000000	      0.00000000	      0.00000000	      0.00000000
      1.04450000	      0.00000000	      0.00000000	      0.00000000	      0.00000000	      0.00000000	      0.00000000	      0.00000000	      0.00000000	      0.00000000	      0.00000000	      0.00000000	      0.00000000	      0.00000000	      0.00000000	      0.00000000	      0.00000000	      0.00000000	      0.00000000	      0.00000000	      0.00000000	      0.00000000	      0.00000000	      0.00000000	      0.00000000	      0.00000000	      0.00000000	      0.00000000	      0.00000000	      0.00000000	      0.00000000	      0.00000000	      0.00000000	      0.00000000	      0.00000000	      0.00000000	      0.00000000	      0.00000000	      0.00000000	      0.00000000	      0.00000000	      0.00000000	      0.00000000	      0.00000000	      0.00000000	      0.00000000	      0.00000000	      0.00000000	      0.02742069	      0.02960754	      0.00000000	      0.00000000	     -0.00000000	     -0.01160991	     -0.01659809	     -0.04145431	     -0.04081543	      0.00000000	      0.00000000	      0.00000000	      0.00000000	      0.00000000	      0.00000000	      0.00000000	      0.00000000	     -0.01048824	     -0.01184499	      0.02687961	      0.00000000	      0.00000000	      0.00000000	      0.00000000	      0.00000000	      0.00000000	      0.00000000	      0.00000000	      0.00000000	     -0.04019011	      0.00000000	      0.03519521	     -0.01217160	      0.00000000	      0.00000000	      0.00000000	      0.00000000
      1.05500000	      0.00000000	      0.00000000	      0.00000000	      0.00000000	      0.00000000	      0.00000000	      0.00000000	      0.00000000	      0.00000000	      0.00000000	      0.00000000	      0.00000000	      0.00000000	      0.00000000	      0.00000000	      0.00000000	      0.00000000	      0.00000000	      0.00000000	      0.00000000	      0.00000000	      0.00000000	      0.00000000	      0.00000000	      0.00000000	      0.00000000	      0.00000000	      0.00000000	      0.00000000	      0.00000000	      0.00000000	      0.00000000	      0.00000000	      0.00000000	      0.00000000	      0.00000000	      0.00000000	      0.00000000	      0.00000000	      0.00000000	      0.00000000	      0.00000000	      0.00000000	      0.00000000	      0.00000000	      0.00000000	      0.00000000	      0.02749962	      0.02969697	      0.00000000	      0.00000000	      0.00000000	     -0.01151319	     -0.01649530	     -0.04135071	     -0.04072265	      0.00000000	      0.00000000	      0.00000000	      0.00000000	      0.00000000	      0.00000000	      0.00000000	      0.00000000	     -0.01045107	     -0.01181404	      0.02690149	      0.00000000	      0.00000000	      0.00000000	      0.00000000	      0.00000000	      0.00000000	      0.00000000	      0.00000000	      0.00000000	     -0.04006291	      0.00000000	      0.03532730	     -0.01208296	      0.00000000	      0.00000000	      0.00000000	      0.00000000
      1.06550000	      0.00000000	      0.00000000	      0.00000000	      0.00000000	      0.00000000	      0.00000000	      0.00000000	      0.00000000	      0.00000000	      0.00000000	      0.00000000	      0.00000000	      0.00000000	      0.00000000	      0.00000000	      0.00000000	      0.00000000	      0.00000000	      0.00000000	      0.00000000	      0.00000000	      0.00000000	      0.00000000	      0.00000000	      0.00000000	      0.00000000	      0.00000000	      0.00000000	      0.00000000	      0.00000000	      0.00000000	      0.00000000	      0.00000000	      0.00000000	      0.00000000	      0.00000000	      0.00000000	      0.00000000	      0.00000000	      0.00000000	      0.00000000	      0.00000000	      0.00000000	      0.00000000	      0.00000000	      0.00000000	      0.00000000	      0.02758969	      0.02979907	      0.00000000	      0.00000000	     -0.00000000	     -0.01140132	     -0.01637631	     -0.04122723	     -0.04061165	      0.00000000	      0.00000000	      0.00000000	      0.00000000	      0.00000000	      0.00000000	      0.00000000	      0.00000000	     -0.01040782	     -0.01177775	      0.02692435	      0.00000000	      0.00000000	      0.00000000	      0.00000000	      0.00000000	      0.00000000	      0.00000000	      0.00000000	      0.00000000	     -0.03991253	      0.00000000	      0.03547823	     -0.01198034	      0.00000000	      0.00000000	      0.00000000	      0.00000000
      1.07600000	      0.00000000	      0.00000000	      0.00000000	      0.00000000	      0.00000000	      0.00000000	      0.00000000	      0.00000000	      0.00000000	      0.00000000	      0.00000000	      0.00000000	      0.00000000	      0.00000000	      0.00000000	      0.00000000	      0.00000000	      0.00000000	      0.00000000	      0.00000000	      0.00000000	      0.00000000	      0.00000000	      0.00000000	      0.00000000	      0.00000000	      0.00000000	      0.00000000	      0.00000000	      0.00000000	      0.00000000	      0.00000000	      0.00000000	      0.00000000	      0.00000000	      0.00000000	      0.00000000	      0.00000000	      0.00000000	      0.00000000	      0.00000000	      0.00000000	      0.00000000	      0.00000000	      0.00000000	      0.00000000	      0.00000000	      0.02768046	      0.02990202	      0.00000000	      0.00000000	      0.00000000	     -0.01128690	     -0.01625452	     -0.04109696	     -0.04049413	      0.00000000	      0.00000000	      0.00000000	      0.00000000	      0.00000000	      0.00000000	      0.00000000	      0.00000000	     -0.01036331	     -0.01174010	      0.02694499	      0.00000000	      0.00000000	      0.00000000	      0.00000000	      0.00000000	      0.00000000	      0.00000000	      0.00000000	      0.00000000	     -0.03975519	      0.00000000	      0.03563054	     -0.01187529	      0.00000000	      0.00000000	      0.00000000	      0.00000000
      1.08650000	      0.00000000	      0.00000000	      0.00000000	      0.00000000	      0.00000000	      0.00000000	      0.00000000	      0.00000000	      0.00000000	      0.00000000	      0.00000000	      0.00000000	      0.00000000	      0.00000000	      0.00000000	      0.00000000	      0.00000000	      0.00000000	      0.00000000	      0.00000000	      0.00000000	      0.00000000	      0.00000000	      0.00000000	      0.00000000	      0.00000000	      0.00000000	      0.00000000	      0.00000000	      0.00000000	      0.00000000	      0.00000000	      0.00000000	      0.00000000	      0.00000000	      0.00000000	      0.00000000	      0.00000000	      0.00000000	      0.00000000	      0.00000000	      0.00000000	      0.00000000	      0.00000000	      0.00000000	      0.00000000	      0.00000000	      0.02777210	      0.03000599	      0.00000000	      0.00000000	      0.00000000	     -0.01116964	     -0.01612960	     -0.04095934	     -0.04036955	      0.00000000	      0.00000000	      0.00000000	      0.00000000	      0.00000000	      0.00000000	      0.00000000	      0.00000000	     -0.01031740	     -0.01170098	      0.02696323	      0.00000000	      0.00000000	      0.00000000	      0.00000000	      0.00000000	      0.00000000	      0.00000000	      0.00000000	      0.00000000	     -0.03959029	      0.00000000	      0.03578452	     -0.01176754	      0.00000000	      0.00000000	      0.00000000	      0.00000000
      1.09700000	      0.00000000	      0.00000000	      0.00000000	      0.00000000	      0.00000000	      0.00000000	      0.00000000	      0.00000000	      0.00000000	      0.00000000	      0.00000000	      0.00000000	      0.00000000	      0.00000000	      0.00000000	      0.00000000	      0.00000000	      0.00000000	      0.00000000	      0.00000000	      0.00000000	      0.00000000	      0.00000000	      0.00000000	      0.00000000	      0.00000000	      0.00000000	      0.00000000	      0.00000000	      0.00000000	      0.00000000	      0.00000000	      0.00000000	      0.00000000	      0.00000000	      0.00000000	      0.00000000	      0.00000000	      0.00000000	      0.00000000	      0.00000000	      0.00000000	      0.00000000	      0.00000000	      0.00000000	      0.00000000	      0.00000000	      0.02786757	      0.03011438	      0.00000000	      0.00000000	      0.00000000	     -0.01104551	     -0.01599727	     -0.04080922	     -0.04023320	      0.00000000	      0.00000000	      0.00000000	      0.00000000	      0.00000000	      0.00000000	      0.00000000	      0.00000000	     -0.01026850	     -0.01165898	      0.02697927	      0.00000000	      0.00000000	      0.00000000	      0.00000000	      0.00000000	      0.00000000	      0.00000000	      0.00000000	      0.00000000	     -0.03941180	      0.00000000	      0.03594517	     -0.01165338	      0.00000000	      0.00000000	      0.00000000	      0.00000000
      1.10750000	      0.00000000	      0.00000000	      0.00000000	      0.00000000	      0.00000000	      0.00000000	      0.00000000	      0.00000000	      0.00000000	      0.00000000	      0.00000000	      0.00000000	      0.00000000	      0.00000000	      0.00000000	      0.00000000	      0.00000000	      0.00000000	      0.00000000	      0.00000000	      0.00000000	      0.00000000	      0.00000000	      0.00000000	      0.00000000	      0.00000000	      0.00000000	      0.00000000	      0.00000000	      0.00000000	      0.00000000	      0.00000000	      0.00000000	      0.00000000	      0.00000000	      0.00000000	      0.00000000	      0.00000000	      0.00000000	      0.00000000	      0.00000000	      0.00000000	      0.00000000	      0.00000000	      0.00000000	      0.00000000	      0.00000000	      0.02796117	      0.03022069	      0.00000000	      0.00000000	     -0.00000000	     -0.01092180	     -0.01586528	     -0.04065516	     -0.04009282	      0.00000000	      0.00000000	      0.00000000	      0.00000000	      0.00000000	      0.00000000	      0.00000000	      0.00000000	     -0.01021944	     -0.01161656	      0.02699187	      0.00000000	      0.00000000	      0.00000000	      0.00000000	      0.00000000	      0.00000000	      0.00000000	      0.00000000	      0.00000000	     -0.03922996	      0.00000000	      0.03610291	     -0.01153951	      0.00000000	      0.00000000	      0.00000000	      0.00000000
      1.11800000	      0.00000000	      0.00000000	      0.00000000	      0.00000000	      0.00000000	      0.00000000	      0.00000000	      0.00000000	      0.00000000	      0.00000000	      0.00000000	      0.00000000	      0.00000000	      0.00000000	      0.00000000	      0.00000000	      0.00000000	      0.00000000	      0.00000000	      0.00000000	      0.00000000	      0.00000000	      0.00000000	      0.00000000	      0.00000000	      0.00000000	      0.00000000	      0.00000000	      0.00000000	      0.00000000	      0.00000000	      0.00000000	      0.00000000	      0.00000000	      0.00000000	      0.00000000	      0.00000000	      0.00000000	      0.00000000	      0.00000000	      0.00000000	      0.00000000	      0.00000000	      0.00000000	      0.00000000	      0.00000000	      0.00000000	      0.02805031	      0.03032201	      0.00000000	      0.00000000	     -0.00000000	     -0.01080205	     -0.01573739	     -0.04050185	     -0.03995272	      0.00000000	      0.00000000	      0.00000000	      0.00000000	      0.00000000	      0.00000000	      0.00000000	      0.00000000	     -0.01017167	     -0.01157495	      0.02700078	      0.00000000	      0.00000000	      0.00000000	      0.00000000	      0.00000000	      0.00000000	      0.00000000	      0.00000000	      0.00000000	     -0.03905025	      0.00000000	      0.03625337	     -0.01142918	      0.00000000	      0.00000000	      0.00000000	      0.00000000
      1.12850000	      0.00000000	      0.00000000	      0.00000000	      0.00000000	      0.00000000	      0.00000000	      0.00000000	      0.00000000	      0.00000000	      0.00000000	      0.00000000	      0.00000000	      0.00000000	      0.00000000	      0.00000000	      0.00000000	      0.00000000	      0.00000000	      0.00000000	      0.00000000	      0.00000000	      0.00000000	      0.00000000	      0.00000000	      0.00000000	      0.00000000	      0.00000000	      0.00000000	      0.00000000	      0.00000000	      0.00000000	      0.00000000	      0.00000000	      0.00000000	      0.00000000	      0.00000000	      0.00000000	      0.00000000	      0.00000000	      0.00000000	      0.00000000	      0.00000000	      0.00000000	      0.00000000	      0.00000000	      0.00000000	      0.00000000	      0.02813836	      0.03042213	      0.00000000	      0.00000000	     -0.00000000	     -0.01068184	     -0.01560893	     -0.04034393	     -0.03980803	      0.00000000	      0.00000000	      0.00000000	      0.00000000	      0.00000000	      0.00000000	      0.00000000	      0.00000000	     -0.01012343	     -0.01153268	      0.02700642	      0.00000000	      0.00000000	      0.00000000	      0.00000000	      0.00000000	      0.00000000	      0.00000000	      0.00000000	      0.00000000	     -0.03886628	      0.00000000	      0.03640220	     -0.01131834	      0.00000000	      0.00000000	      0.00000000	      0.00000000
      1.13900000	      0.00000000	      0.00000000	      0.00000000	      0.00000000	      0.00000000	      0.00000000	      0.00000000	      0.00000000	      0.00000000	      0.00000000	      0.00000000	      0.00000000	      0.00000000	      0.00000000	      0.00000000	      0.00000000	      0.00000000	      0.00000000	      0.00000000	      0.00000000	      0.00000000	      0.00000000	      0.00000000	      0.00000000	      0.00000000	      0.00000000	      0.00000000	      0.00000000	      0.00000000	      0.00000000	      0.00000000	      0.00000000	      0.00000000	      0.00000000	      0.00000000	      0.00000000	      0.00000000	      0.00000000	      0.00000000	      0.00000000	      0.00000000	      0.00000000	      0.00000000	      0.00000000	      0.00000000	      0.00000000	      0.00000000	      0.02822517	      0.03052092	      0.00000000	      0.00000000	     -0.00000000	     -0.01056134	     -0.01548005	     -0.04018162	     -0.03965895	      0.00000000	      0.00000000	      0.00000000	      0.00000000	      0.00000000	      0.00000000	      0.00000000	      0.00000000	     -0.01007481	     -0.01148980	      0.02700869	      0.00000000	      0.00000000	      0.00000000	      0.00000000	      0.00000000	      0.00000000	      0.00000000	      0.00000000	      0.00000000	     -0.03867833	      0.00000000	      0.03654919	     -0.01120715	      0.00000000	      0.00000000	      0.00000000	      0.00000000
      1.14950000	      0.00000000	      0.00000000	      0.00000000	      0.00000000	      0.00000000	      0.00000000	      0.00000000	      0.00000000	      0.00000000	      0.00000000	      0.00000000	      0.00000000	      0.00000000	      0.00000000	      0.00000000	      0.00000000	      0.00000000	      0.00000000	      0.00000000	      0.00000000	      0.00000000	      0.00000000	      0.00000000	      0.00000000	      0.00000000	      0.00000000	      0.00000000	      0.00000000	      0.00000000	      0.00000000	      0.00000000	      0.00000000	      0.00000000	      0.00000000	      0.00000000	      0.00000000	      0.00000000	      0.00000000	      0.00000000	      0.00000000	      0.00000000	      0.00000000	      0.00000000	      0.00000000	      0.00000000	      0.00000000	      0.00000000	      0.02830637	      0.03061338	      0.00000000	      0.00000000	      0.00000000	     -0.01044680	     -0.01535746	     -0.04002370	     -0.03951357	      0.00000000	      0.00000000	      0.00000000	      0.00000000	      0.00000000	      0.00000000	      0.00000000	      0.00000000	     -0.01002833	     -0.01144859	      0.02700765	      0.00000000	      0.00000000	      0.00000000	      0.00000000	      0.00000000	      0.00000000	      0.00000000	      0.00000000	      0.00000000	     -0.03849647	      0.00000000	      0.03668687	     -0.01110137	      0.00000000	      0.00000000	      0.00000000	      0.00000000
      1.16000000	      0.00000000	      0.00000000	      0.00000000	      0.00000000	      0.00000000	      0.00000000	      0.00000000	      0.00000000	      0.00000000	      0.00000000	      0.00000000	      0.00000000	      0.00000000	      0.00000000	      0.00000000	      0.00000000	      0.00000000	      0.00000000	      0.00000000	      0.00000000	      0.00000000	      0.00000000	      0.00000000	      0.00000000	      0.00000000	      0.00000000	      0.00000000	      0.00000000	      0.00000000	      0.00000000	      0.00000000	      0.00000000	      0.00000000	      0.00000000	      0.00000000	      0.00000000	      0.00000000	      0.00000000	      0.00000000	      0.00000000	      0.00000000	      0.00000000	      0.00000000	      0.00000000	      0.00000000	      0.00000000	      0.00000000	      0.02838439	      0.03070226	      0.00000000	      0.00000000	     -0.00000000	     -0.01033500	     -0.01523770	     -0.03986619	     -0.03936827	      0.00000000	      0.00000000	      0.00000000	      0.00000000	      0.00000000	      0.00000000	      0.00000000	      0.00000000	     -0.00998274	     -0.01140795	      0.02700356	      0.00000000	      0.00000000	      0.00000000	      0.00000000	      0.00000000	      0.00000000	      0.00000000	      0.00000000	      0.00000000	     -0.03831599	      0.00000000	      0.03681936	     -0.01099805	      0.00000000	      0.00000000	      0.00000000	      0.00000000
      1.17050000	      0.00000000	      0.00000000	      0.00000000	      0.00000000	      0.00000000	      0.00000000	      0.00000000	      0.00000000	      0.00000000	      0.00000000	      0.00000000	      0.00000000	      0.00000000	      0.00000000	      0.00000000	      0.00000000	      0.00000000	      0.00000000	      0.00000000	      0.00000000	      0.00000000	      0.00000000	      0.00000000	      0.00000000	      0.00000000	      0.00000000	      0.00000000	      0.00000000	      0.00000000	      0.00000000	      0.00000000	      0.00000000	      0.00000000	      0.00000000	      0.00000000	      0.00000000	      0.00000000	      0.00000000	      0.00000000	      0.00000000	      0.00000000	      0.00000000	      0.00000000	      0.00000000	      0.00000000	      0.00000000	      0.00000000	      0.02846028	      0.03078878	      0.00000000	      0.00000000	     -0.00000000	     -0.01022453	     -0.01511929	     -0.03970734	     -0.03922146	      0.00000000	      0.00000000	      0.00000000	      0.00000000	      0.00000000	      0.00000000	      0.00000000	      0.00000000	     -0.00993747	     -0.01136739	      0.02699649	      0.00000000	      0.00000000	      0.00000000	      0.00000000	      0.00000000	      0.00000000	      0.00000000	      0.00000000	      0.00000000	     -0.03813483	      0.00000000	      0.03694843	     -0.01089589	      0.00000000	      0.00000000	      0.00000000	      0.00000000
      1.18100000	      0.00000000	      0.00000000	      0.00000000	      0.00000000	      0.00000000	      0.00000000	      0.00000000	      0.00000000	      0.00000000	      0.00000000	      0.00000000	      0.00000000	      0.00000000	      0.00000000	      0.00000000	      0.00000000	      0.00000000	      0.00000000	      0.00000000	      0.00000000	      0.00000000	      0.00000000	      0.00000000	      0.00000000	      0.00000000	      0.00000000	      0.00000000	      0.00000000	      0.00000000	      0.00000000	      0.00000000	      0.00000000	      0.00000000	      0.00000000	      0.00000000	      0.00000000	      0.00000000	      0.00000000	      0.00000000	      0.00000000	      0.00000000	      0.00000000	      0.00000000	      0.00000000	      0.00000000	      0.00000000	      0.00000000	      0.02853282	      0.03087153	      0.00000000	      0.00000000	     -0.00000000	     -0.01011728	     -0.01500426	     -0.03955012	     -0.03907590	      0.00000000	      0.00000000	      0.00000000	      0.00000000	      0.00000000	      0.00000000	      0.00000000	      0.00000000	     -0.00989332	     -0.01132766	      0.02698668	      0.00000000	      0.00000000	      0.00000000	      0.00000000	      0.00000000	      0.00000000	      0.00000000	      0.00000000	      0.00000000	     -0.03795631	      0.00000000	      0.03707199	     -0.01079664	      0.00000000	      0.00000000	      0.00000000	      0.00000000
      1.19150000	      0.00000000	      0.00000000	      0.00000000	      0.00000000	      0.00000000	      0.00000000	      0.00000000	      0.00000000	      0.00000000	      0.00000000	      0.00000000	      0.00000000	      0.00000000	      0.00000000	      0.00000000	      0.00000000	      0.00000000	      0.00000000	      0.00000000	      0.00000000	      0.00000000	      0.00000000	      0.00000000	      0.00000000	      0.00000000	      0.00000000	      0.00000000	      0.00000000	      0.00000000	      0.00000000	      0.00000000	      0.00000000	      0.00000000	      0.00000000	      0.00000000	      0.00000000	      0.00000000	      0.00000000	      0.00000000	      0.00000000	      0.00000000	      0.00000000	      0.00000000	      0.00000000	      0.00000000	      0.00000000	      0.00000000	      0.02860365	      0.03095237	      0.00000000	      0.00000000	      0.00000000	     -0.01001095	     -0.01489012	     -0.03939135	     -0.03892866	      0.00000000	      0.00000000	      0.00000000	      0.00000000	      0.00000000	      0.00000000	      0.00000000	      0.00000000	     -0.00984934	     -0.01128791	      0.02697404	      0.00000000	      0.00000000	      0.00000000	      0.00000000	      0.00000000	      0.00000000	      0.00000000	      0.00000000	      0.00000000	     -0.03777678	      0.00000000	      0.03719282	     -0.01069817	      0.00000000	      0.00000000	      0.00000000	      0.00000000
      1.20200000	      0.00000000	      0.00000000	      0.00000000	      0.00000000	      0.00000000	      0.00000000	      0.00000000	      0.00000000	      0.00000000	      0.00000000	      0.00000000	      0.00000000	      0.00000000	      0.00000000	      0.00000000	      0.00000000	      0.00000000	      0.00000000	      0.00000000	      0.00000000	      0.00000000	      0.00000000	      0.00000000	      0.00000000	      0.00000000	      0.00000000	      0.00000000	      0.00000000	      0.00000000	      0.00000000	      0.00000000	      0.00000000	      0.00000000	      0.00000000	      0.00000000	      0.00000000	      0.00000000	      0.00000000	      0.00000000	      0.00000000	      0.00000000	      0.00000000	      0.00000000	      0.00000000	      0.00000000	      0.00000000	      0.00000000	      0.02867247	      0.03103098	      0.00000000	      0.00000000	      0.00000000	     -0.00990601	     -0.01477741	     -0.03923190	     -0.03878057	      0.00000000	      0.00000000	      0.00000000	      0.00000000	      0.00000000	      0.00000000	      0.00000000	      0.00000000	     -0.00980576	     -0.01124836	      0.02695866	      0.00000000	      0.00000000	      0.00000000	      0.00000000	      0.00000000	      0.00000000	      0.00000000	      0.00000000	      0.00000000	     -0.03759717	      0.00000000	      0.03731041	     -0.01060094	      0.00000000	      0.00000000	      0.00000000	      0.00000000
      1.21250000	      0.00000000	      0.00000000	      0.00000000	      0.00000000	      0.00000000	      0.00000000	      0.00000000	      0.00000000	      0.00000000	      0.00000000	      0.00000000	      0.00000000	      0.00000000	      0.00000000	      0.00000000	      0.00000000	      0.00000000	      0.00000000	      0.00000000	      0.00000000	      0.00000000	      0.00000000	      0.00000000	      0.00000000	      0.00000000	      0.00000000	      0.00000000	      0.00000000	      0.00000000	      0.00000000	      0.00000000	      0.00000000	      0.00000000	      0.00000000	      0.00000000	      0.00000000	      0.00000000	      0.00000000	      0.00000000	      0.00000000	      0.00000000	      0.00000000	      0.00000000	      0.00000000	      0.00000000	      0.00000000	      0.00000000	      0.02873887	      0.03110687	      0.00000000	      0.00000000	      0.00000000	     -0.00980321	     -0.01466692	     -0.03907307	     -0.03863283	      0.00000000	      0.00000000	      0.00000000	      0.00000000	      0.00000000	      0.00000000	      0.00000000	      0.00000000	     -0.00976288	     -0.01120929	      0.02694074	      0.00000000	      0.00000000	      0.00000000	      0.00000000	      0.00000000	      0.00000000	      0.00000000	      0.00000000	      0.00000000	     -0.03741891	      0.00000000	      0.03742402	     -0.01050562	      0.00000000	      0.00000000	      0.00000000	      0.00000000
      1.22300000	      0.00000000	      0.00000000	      0.00000000	      0.00000000	      0.00000000	      0.00000000	      0.00000000	      0.00000000	      0.00000000	      0.00000000	      0.00000000	      0.00000000	      0.00000000	      0.00000000	      0.00000000	      0.00000000	      0.00000000	      0.00000000	      0.00000000	      0.00000000	      0.00000000	      0.00000000	      0.00000000	      0.00000000	      0.00000000	      0.00000000	      0.00000000	      0.00000000	      0.00000000	      0.00000000	      0.00000000	      0.00000000	      0.00000000	      0.00000000	      0.00000000	      0.00000000	      0.00000000	      0.00000000	      0.00000000	      0.00000000	      0.00000000	      0.00000000	      0.00000000	      0.00000000	      0.00000000	      0.00000000	      0.00000000	      0.02880455	      0.03118201	      0.00000000	      0.00000000	      0.00000000	     -0.00969991	     -0.01455582	     -0.03891089	     -0.03848177	      0.00000000	      0.00000000	      0.00000000	      0.00000000	      0.00000000	      0.00000000	      0.00000000	      0.00000000	     -0.00971962	     -0.01116972	      0.02691982	      0.00000000	      0.00000000	      0.00000000	      0.00000000	      0.00000000	      0.00000000	      0.00000000	      0.00000000	      0.00000000	     -0.03723753	      0.00000000	      0.03753661	     -0.01040980	      0.00000000	      0.00000000	      0.00000000	      0.00000000
      1.23350000	      0.00000000	      0.00000000	      0.00000000	      0.00000000	      0.00000000	      0.00000000	      0.00000000	      0.00000000	      0.00000000	      0.00000000	      0.00000000	      0.00000000	      0.00000000	      0.00000000	      0.00000000	      0.00000000	      0.00000000	      0.00000000	      0.00000000	      0.00000000	      0.00000000	      0.00000000	      0.00000000	      0.00000000	      0.00000000	      0.00000000	      0.00000000	      0.00000000	      0.00000000	      0.00000000	      0.00000000	      0.00000000	      0.00000000	      0.00000000	      0.00000000	      0.00000000	      0.00000000	      0.00000000	      0.00000000	      0.00000000	      0.00000000	      0.00000000	      0.00000000	      0.00000000	      0.00000000	      0.00000000	      0.00000000	      0.02886981	      0.03125670	      0.00000000	      0.00000000	      0.00000000	     -0.00959566	     -0.01444364	     -0.03874463	     -0.03832670	      0.00000000	      0.00000000	      0.00000000	      0.00000000	      0.00000000	      0.00000000	      0.00000000	      0.00000000	     -0.00967578	     -0.01112949	      0.02689570	      0.00000000	      0.00000000	      0.00000000	      0.00000000	      0.00000000	      0.00000000	      0.00000000	      0.00000000	      0.00000000	     -0.03705221	      0.00000000	      0.03764863	     -0.01031303	      0.00000000	      0.00000000	      0.00000000	      0.00000000
      1.24400000	      0.00000000	      0.00000000	      0.00000000	      0.00000000	      0.00000000	      0.00000000	      0.00000000	      0.00000000	      0.00000000	      0.00000000	      0.00000000	      0.00000000	      0.00000000	      0.00000000	      0.00000000	      0.00000000	      0.00000000	      0.00000000	      0.00000000	      0.00000000	      0.00000000	      0.00000000	      0.00000000	      0.00000000	      0.00000000	      0.00000000	      0.00000000	      0.00000000	      0.00000000	      0.00000000	      0.00000000	      0.00000000	      0.00000000	      0.00000000	      0.00000000	      0.00000000	      0.00000000	      0.00000000	      0.00000000	      0.00000000	      0.00000000	      0.00000000	      0.00000000	      0.00000000	      0.00000000	      0.00000000	      0.00000000	      0.02893309	      0.03132918	      0.00000000	      0.00000000	     -0.00000000	     -0.00949295	     -0.01433302	     -0.03857830	     -0.03817138	      0.00000000	      0.00000000	      0.00000000	      0.00000000	      0.00000000	      0.00000000	      0.00000000	      0.00000000	     -0.00963242	     -0.01108955	      0.02686890	      0.00000000	      0.00000000	      0.00000000	      0.00000000	      0.00000000	      0.00000000	      0.00000000	      0.00000000	      0.00000000	     -0.03686742	      0.00000000	      0.03775744	     -0.01021762	      0.00000000	      0.00000000	      0.00000000	      0.00000000
      1.25450000	      0.00000000	      0.00000000	      0.00000000	      0.00000000	      0.00000000	      0.00000000	      0.00000000	      0.00000000	      0.00000000	      0.00000000	      0.00000000	      0.00000000	      0.00000000	      0.00000000	      0.00000000	      0.00000000	      0.00000000	      0.00000000	      0.00000000	      0.00000000	      0.00000000	      0.00000000	      0.00000000	      0.00000000	      0.00000000	      0.00000000	      0.00000000	      0.00000000	      0.00000000	      0.00000000	      0.00000000	      0.00000000	      0.00000000	      0.00000000	      0.00000000	      0.00000000	      0.00000000	      0.00000000	      0.00000000	      0.00000000	      0.00000000	      0.00000000	      0.00000000	      0.00000000	      0.00000000	      0.00000000	      0.00000000	      0.02899538	      0.03140059	      0.00000000	      0.00000000	     -0.00000000	     -0.00939020	     -0.01422230	     -0.03840946	     -0.03801353	      0.00000000	      0.00000000	      0.00000000	      0.00000000	      0.00000000	      0.00000000	      0.00000000	      0.00000000	     -0.00958888	     -0.01104931	      0.02683902	      0.00000000	      0.00000000	      0.00000000	      0.00000000	      0.00000000	      0.00000000	      0.00000000	      0.00000000	      0.00000000	     -0.03668043	      0.00000000	      0.03786472	     -0.01012214	      0.00000000	      0.00000000	      0.00000000	      0.00000000
      1.26500000	      0.00000000	      0.00000000	      0.00000000	      0.00000000	      0.00000000	      0.00000000	      0.00000000	      0.00000000	      0.00000000	      0.00000000	      0.00000000	      0.00000000	      0.00000000	      0.00000000	      0.00000000	      0.00000000	      0.00000000	      0.00000000	      0.00000000	      0.00000000	      0.00000000	      0.00000000	      0.00000000	      0.00000000	      0.00000000	      0.00000000	      0.00000000	      0.00000000	      0.00000000	      0.00000000	      0.00000000	      0.00000000	      0.00000000	      0.00000000	      0.00000000	      0.00000000	      0.00000000	      0.00000000	      0.00000000	      0.00000000	      0.00000000	      0.00000000	      0.00000000	      0.00000000	      0.00000000	      0.00000000	      0.00000000	      0.02905786	      0.03147227	      0.00000000	      0.00000000	      0.00000000	     -0.00928540	     -0.01410931	     -0.03823477	     -0.03785002	      0.00000000	      0.00000000	      0.00000000	      0.00000000	      0.00000000	      0.00000000	      0.00000000	      0.00000000	     -0.00954430	     -0.01100797	      0.02680531	      0.00000000	      0.00000000	      0.00000000	      0.00000000	      0.00000000	      0.00000000	      0.00000000	      0.00000000	      0.00000000	     -0.03648754	      0.00000000	      0.03797254	     -0.01002470	      0.00000000	      0.00000000	      0.00000000	      0.00000000
      1.27550000	      0.00000000	      0.00000000	      0.00000000	      0.00000000	      0.00000000	      0.00000000	      0.00000000	      0.00000000	      0.00000000	      0.00000000	      0.00000000	      0.00000000	      0.00000000	      0.00000000	      0.00000000	      0.00000000	      0.00000000	      0.00000000	      0.00000000	      0.00000000	      0.00000000	      0.00000000	      0.00000000	      0.00000000	      0.00000000	      0.00000000	      0.00000000	      0.00000000	      0.00000000	      0.00000000	      0.00000000	      0.00000000	      0.00000000	      0.00000000	      0.00000000	      0.00000000	      0.00000000	      0.00000000	      0.00000000	      0.00000000	      0.00000000	      0.00000000	      0.00000000	      0.00000000	      0.00000000	      0.00000000	      0.00000000	      0.02911866	      0.03154210	      0.00000000	      0.00000000	      0.00000000	     -0.00918168	     -0.01399739	     -0.03805942	     -0.03768570	      0.00000000	      0.00000000	      0.00000000	      0.00000000	      0.00000000	      0.00000000	      0.00000000	      0.00000000	     -0.00950001	     -0.01096677	      0.02676865	      0.00000000	      0.00000000	      0.00000000	      0.00000000	      0.00000000	      0.00000000	      0.00000000	      0.00000000	      0.00000000	     -0.03629448	      0.00000000	      0.03807766	     -0.00992820	      0.00000000	      0.00000000	      0.00000000	      0.00000000
      1.28600000	      0.00000000	      0.00000000	      0.00000000	      0.00000000	      0.00000000	      0.00000000	      0.00000000	      0.00000000	      0.00000000	      0.00000000	      0.00000000	      0.00000000	      0.00000000	      0.00000000	      0.00000000	      0.00000000	      0.00000000	      0.00000000	      0.00000000	      0.00000000	      0.00000000	      0.00000000	      0.00000000	      0.00000000	      0.00000000	      0.00000000	      0.00000000	      0.00000000	      0.00000000	      0.00000000	      0.00000000	      0.00000000	      0.00000000	      0.00000000	      0.00000000	      0.00000000	      0.00000000	      0.00000000	      0.00000000	      0.00000000	      0.00000000	      0.00000000	      0.00000000	      0.00000000	      0.00000000	      0.00000000	      0.00000000	      0.02917781	      0.03161007	      0.00000000	      0.00000000	      0.00000000	     -0.00907905	     -0.01388660	     -0.03788357	     -0.03752074	      0.00000000	      0.00000000	      0.00000000	      0.00000000	      0.00000000	      0.00000000	      0.00000000	      0.00000000	     -0.00945603	     -0.01092574	      0.02672908	      0.00000000	      0.00000000	      0.00000000	      0.00000000	      0.00000000	      0.00000000	      0.00000000	      0.00000000	      0.00000000	     -0.03610141	      0.00000000	      0.03818010	     -0.00983267	      0.00000000	      0.00000000	      0.00000000	      0.00000000
      1.29650000	      0.00000000	      0.00000000	      0.00000000	      0.00000000	      0.00000000	      0.00000000	      0.00000000	      0.00000000	      0.00000000	      0.00000000	      0.00000000	      0.00000000	      0.00000000	      0.00000000	      0.00000000	      0.00000000	      0.00000000	      0.00000000	      0.00000000	      0.00000000	      0.00000000	      0.00000000	      0.00000000	      0.00000000	      0.00000000	      0.00000000	      0.00000000	      0.00000000	      0.00000000	      0.00000000	      0.00000000	      0.00000000	      0.00000000	      0.00000000	      0.00000000	      0.00000000	      0.00000000	      0.00000000	      0.00000000	      0.00000000	      0.00000000	      0.00000000	      0.00000000	      0.00000000	      0.00000000	      0.00000000	      0.00000000	      0.02923602	      0.03167703	      0.00000000	      0.00000000	     -0.00000000	     -0.00897629	     -0.01377558	     -0.03770517	     -0.03735321	      0.00000000	      0.00000000	      0.00000000	      0.00000000	      0.00000000	      0.00000000	      0.00000000	      0.00000000	     -0.00941183	     -0.01088438	      0.02668609	      0.00000000	      0.00000000	      0.00000000	      0.00000000	      0.00000000	      0.00000000	      0.00000000	      0.00000000	      0.00000000	     -0.03590607	      0.00000000	      0.03828111	     -0.00973697	      0.00000000	      0.00000000	      0.00000000	      0.00000000
      1.30700000	      0.00000000	      0.00000000	      0.00000000	      0.00000000	      0.00000000	      0.00000000	      0.00000000	      0.00000000	      0.00000000	      0.00000000	      0.00000000	      0.00000000	      0.00000000	      0.00000000	      0.00000000	      0.00000000	      0.00000000	      0.00000000	      0.00000000	      0.00000000	      0.00000000	      0.00000000	      0.00000000	      0.00000000	      0.00000000	      0.00000000	      0.00000000	      0.00000000	      0.00000000	      0.00000000	      0.00000000	      0.00000000	      0.00000000	      0.00000000	      0.00000000	      0.00000000	      0.00000000	      0.00000000	      0.00000000	      0.00000000	      0.00000000	      0.00000000	      0.00000000	      0.00000000	      0.00000000	      0.00000000	      0.00000000	      0.02929266	      0.03174226	      0.00000000	      0.00000000	     -0.00000000	     -0.00887452	     -0.01366557	     -0.03752622	     -0.03718501	      0.00000000	      0.00000000	      0.00000000	      0.00000000	      0.00000000	      0.00000000	      0.00000000	      0.00000000	     -0.00936791	     -0.01084316	      0.02664010	      0.00000000	      0.00000000	      0.00000000	      0.00000000	      0.00000000	      0.00000000	      0.00000000	      0.00000000	      0.00000000	     -0.03571064	      0.00000000	      0.03837961	     -0.00964213	      0.00000000	      0.00000000	      0.00000000	      0.00000000
      1.31750000	      0.00000000	      0.00000000	      0.00000000	      0.00000000	      0.00000000	      0.00000000	      0.00000000	      0.00000000	      0.00000000	      0.00000000	      0.00000000	      0.00000000	      0.00000000	      0.00000000	      0.00000000	      0.00000000	      0.00000000	      0.00000000	      0.00000000	      0.00000000	      0.00000000	      0.00000000	      0.00000000	      0.00000000	      0.00000000	      0.00000000	      0.00000000	      0.00000000	      0.00000000	      0.00000000	      0.00000000	      0.00000000	      0.00000000	      0.00000000	      0.00000000	      0.00000000	      0.00000000	      0.00000000	      0.00000000	      0.00000000	      0.00000000	      0.00000000	      0.00000000	      0.00000000	      0.00000000	      0.00000000	      0.00000000	      0.02934734	      0.03180529	      0.00000000	      0.00000000	      0.00000000	     -0.00877452	     -0.01355740	     -0.03734822	     -0.03701754	      0.00000000	      0.00000000	      0.00000000	      0.00000000	      0.00000000	      0.00000000	      0.00000000	      0.00000000	     -0.00932460	     -0.01080241	      0.02659154	      0.00000000	      0.00000000	      0.00000000	      0.00000000	      0.00000000	      0.00000000	      0.00000000	      0.00000000	      0.00000000	     -0.03551673	      0.00000000	      0.03847490	     -0.00954890	      0.00000000	      0.00000000	      0.00000000	      0.00000000
      1.32800000	      0.00000000	      0.00000000	      0.00000000	      0.00000000	      0.00000000	      0.00000000	      0.00000000	      0.00000000	      0.00000000	      0.00000000	      0.00000000	      0.00000000	      0.00000000	      0.00000000	      0.00000000	      0.00000000	      0.00000000	      0.00000000	      0.00000000	      0.00000000	      0.00000000	      0.00000000	      0.00000000	      0.00000000	      0.00000000	      0.00000000	      0.00000000	      0.00000000	      0.00000000	      0.00000000	      0.00000000	      0.00000000	      0.00000000	      0.00000000	      0.00000000	      0.00000000	      0.00000000	      0.00000000	      0.00000000	      0.00000000	      0.00000000	      0.00000000	      0.00000000	      0.00000000	      0.00000000	      0.00000000	      0.00000000	      0.02939739	      0.03186304	      0.00000000	      0.00000000	      0.00000000	     -0.00868141	     -0.01345662	     -0.03718058	     -0.03685969	      0.00000000	      0.00000000	      0.00000000	      0.00000000	      0.00000000	      0.00000000	      0.00000000	      0.00000000	     -0.00928414	     -0.01076424	      0.02654324	      0.00000000	      0.00000000	      0.00000000	      0.00000000	      0.00000000	      0.00000000	      0.00000000	      0.00000000	      0.00000000	     -0.03533452	      0.00000000	      0.03856229	     -0.00946205	      0.00000000	      0.00000000	      0.00000000	      0.00000000
      1.33850000	      0.00000000	      0.00000000	      0.00000000	      0.00000000	      0.00000000	      0.00000000	      0.00000000	      0.00000000	      0.00000000	      0.00000000	      0.00000000	      0.00000000	      0.00000000	      0.00000000	      0.00000000	      0.00000000	      0.00000000	      0.00000000	      0.00000000	      0.00000000	      0.00000000	      0.00000000	      0.00000000	      0.00000000	      0.00000000	      0.00000000	      0.00000000	      0.00000000	      0.00000000	      0.00000000	      0.00000000	      0.00000000	      0.00000000	      0.00000000	      0.00000000	      0.00000000	      0.00000000	      0.00000000	      0.00000000	      0.00000000	      0.00000000	      0.00000000	      0.00000000	      0.00000000	      0.00000000	      0.00000000	      0.00000000	      0.02944458	      0.03191754	      0.00000000	      0.00000000	      0.00000000	     -0.00859214	     -0.01335995	     -0.03701817	     -0.03670663	      0.00000000	      0.00000000	      0.00000000	      0.00000000	      0.00000000	      0.00000000	      0.00000000	      0.00000000	     -0.00924524	     -0.01072745	      0.02649407	      0.00000000	      0.00000000	      0.00000000	      0.00000000	      0.00000000	      0.00000000	      0.00000000	      0.00000000	      0.00000000	     -0.03515836	      0.00000000	      0.03864486	     -0.00937874	      0.00000000	      0.00000000	      0.00000000	      0.00000000
      1.34900000	      0.00000000	      0.00000000	      0.00000000	      0.00000000	      0.00000000	      0.00000000	      0.00000000	      0.00000000	      0.00000000	      0.00000000	      0.00000000	      0.00000000	      0.00000000	      0.00000000	      0.00000000	      0.00000000	      0.00000000	      0.00000000	      0.00000000	      0.00000000	      0.00000000	      0.00000000	      0.00000000	      0.00000000	      0.00000000	      0.00000000	      0.00000000	      0.00000000	      0.00000000	      0.00000000	      0.00000000	      0.00000000	      0.00000000	      0.00000000	      0.00000000	      0.00000000	      0.00000000	      0.00000000	      0.00000000	      0.00000000	      0.00000000	      0.00000000	      0.00000000	      0.00000000	      0.00000000	      0.00000000	      0.00000000	      0.02948929	      0.03196924	      0.00000000	      0.00000000	      0.00000000	     -0.00850615	     -0.01326679	     -0.03686018	     -0.03655764	      0.00000000	      0.00000000	      0.00000000	      0.00000000	      0.00000000	      0.00000000	      0.00000000	      0.00000000	     -0.00920766	     -0.01069185	      0.02644401	      0.00000000	      0.00000000	      0.00000000	      0.00000000	      0.00000000	      0.00000000	      0.00000000	      0.00000000	      0.00000000	     -0.03498734	      0.00000000	      0.03872326	     -0.00929847	      0.00000000	      0.00000000	      0.00000000	      0.00000000
      1.35950000	      0.00000000	      0.00000000	      0.00000000	      0.00000000	      0.00000000	      0.00000000	      0.00000000	      0.00000000	      0.00000000	      0.00000000	      0.00000000	      0.00000000	      0.00000000	      0.00000000	      0.00000000	      0.00000000	      0.00000000	      0.00000000	      0.00000000	      0.00000000	      0.00000000	      0.00000000	      0.00000000	      0.00000000	      0.00000000	      0.00000000	      0.00000000	      0.00000000	      0.00000000	      0.00000000	      0.00000000	      0.00000000	      0.00000000	      0.00000000	      0.00000000	      0.00000000	      0.00000000	      0.00000000	      0.00000000	      0.00000000	      0.00000000	      0.00000000	      0.00000000	      0.00000000	      0.00000000	      0.00000000	      0.00000000	      0.02952737	      0.03201331	      0.00000000	      0.00000000	     -0.00000000	     -0.00843181	     -0.01318620	     -0.03672235	     -0.03642757	      0.00000000	      0.00000000	      0.00000000	      0.00000000	      0.00000000	      0.00000000	      0.00000000	      0.00000000	     -0.00917509	     -0.01066092	      0.02639854	      0.00000000	      0.00000000	      0.00000000	      0.00000000	      0.00000000	      0.00000000	      0.00000000	      0.00000000	      0.00000000	     -0.03483840	      0.00000000	      0.03879016	     -0.00922904	      0.00000000	      0.00000000	      0.00000000	      0.00000000
      1.37000000	      0.00000000	      0.00000000	      0.00000000	      0.00000000	      0.00000000	      0.00000000	      0.00000000	      0.00000000	      0.00000000	      0.00000000	      0.00000000	      0.00000000	      0.00000000	      0.00000000	      0.00000000	      0.00000000	      0.00000000	      0.00000000	      0.00000000	      0.00000000	      0.00000000	      0.00000000	      0.00000000	      0.00000000	      0.00000000	      0.00000000	      0.00000000	      0.00000000	      0.00000000	      0.00000000	      0.00000000	      0.00000000	      0.00000000	      0.00000000	      0.00000000	      0.00000000	      0.00000000	      0.00000000	      0.00000000	      0.00000000	      0.00000000	      0.00000000	      0.00000000	      0.00000000	      0.00000000	      0.00000000	      0.00000000	      0.02955869	      0.03204958	      0.00000000	      0.00000000	      0.00000000	     -0.00836985	     -0.01311901	     -0.03660664	     -0.03631832	      0.00000000	      0.00000000	      0.00000000	      0.00000000	      0.00000000	      0.00000000	      0.00000000	      0.00000000	     -0.00914788	     -0.01063505	      0.02635907	      0.00000000	      0.00000000	      0.00000000	      0.00000000	      0.00000000	      0.00000000	      0.00000000	      0.00000000	      0.00000000	     -0.03471355	      0.00000000	      0.03884528	     -0.00917115	      0.00000000	      0.00000000	      0.00000000	      0.00000000
      1.38050000	      0.00000000	      0.00000000	      0.00000000	      0.00000000	      0.00000000	      0.00000000	      0.00000000	      0.00000000	      0.00000000	      0.00000000	      0.00000000	      0.00000000	      0.00000000	      0.00000000	      0.00000000	      0.00000000	      0.00000000	      0.00000000	      0.00000000	      0.00000000	      0.00000000	      0.00000000	      0.00000000	      0.00000000	      0.00000000	      0.00000000	      0.00000000	      0.00000000	      0.00000000	      0.00000000	      0.00000000	      0.00000000	      0.00000000	      0.00000000	      0.00000000	      0.00000000	      0.00000000	      0.00000000	      0.00000000	      0.00000000	      0.00000000	      0.00000000	      0.00000000	      0.00000000	      0.00000000	      0.00000000	      0.00000000	      0.02958387	      0.03207877	      0.00000000	      0.00000000	      0.00000000	     -0.00831948	     -0.01306437	     -0.03651201	     -0.03622893	      0.00000000	      0.00000000	      0.00000000	      0.00000000	      0.00000000	      0.00000000	      0.00000000	      0.00000000	     -0.00912573	     -0.01061395	      0.02632592	      0.00000000	      0.00000000	      0.00000000	      0.00000000	      0.00000000	      0.00000000	      0.00000000	      0.00000000	      0.00000000	     -0.03461157	      0.00000000	      0.03888965	     -0.00912409	      0.00000000	      0.00000000	      0.00000000	      0.00000000
      1.39100000	      0.00000000	      0.00000000	      0.00000000	      0.00000000	      0.00000000	      0.00000000	      0.00000000	      0.00000000	      0.00000000	      0.00000000	      0.00000000	      0.00000000	      0.00000000	      0.00000000	      0.00000000	      0.00000000	      0.00000000	      0.00000000	      0.00000000	      0.00000000	      0.00000000	      0.00000000	      0.00000000	      0.00000000	      0.00000000	      0.00000000	      0.00000000	      0.00000000	      0.00000000	      0.00000000	      0.00000000	      0.00000000	      0.00000000	      0.00000000	      0.00000000	      0.00000000	      0.00000000	      0.00000000	      0.00000000	      0.00000000	      0.00000000	      0.00000000	      0.00000000	      0.00000000	      0.00000000	      0.00000000	      0.00000000	      0.02960157	      0.03209930	      0.00000000	      0.00000000	      0.00000000	     -0.00828377	     -0.01302562	     -0.03644460	     -0.03616524	      0.00000000	      0.00000000	      0.00000000	      0.00000000	      0.00000000	      0.00000000	      0.00000000	      0.00000000	     -0.00910999	     -0.01059896	      0.02630182	      0.00000000	      0.00000000	      0.00000000	      0.00000000	      0.00000000	      0.00000000	      0.00000000	      0.00000000	      0.00000000	     -0.03453898	      0.00000000	      0.03892089	     -0.00909071	      0.00000000	      0.00000000	      0.00000000	      0.00000000
      1.40150000	      0.00000000	      0.00000000	      0.00000000	      0.00000000	      0.00000000	      0.00000000	      0.00000000	      0.00000000	      0.00000000	      0.00000000	      0.00000000	      0.00000000	      0.00000000	      0.00000000	      0.00000000	      0.00000000	      0.00000000	      0.00000000	      0.00000000	      0.00000000	      0.00000000	      0.00000000	      0.00000000	      0.00000000	      0.00000000	      0.00000000	      0.00000000	      0.00000000	      0.00000000	      0.00000000	      0.00000000	      0.00000000	      0.00000000	      0.00000000	      0.00000000	      0.00000000	      0.00000000	      0.00000000	      0.00000000	      0.00000000	      0.00000000	      0.00000000	      0.00000000	      0.00000000	      0.00000000	      0.00000000	      0.00000000	      0.02961140	      0.03211071	      0.00000000	      0.00000000	     -0.00000000	     -0.00826382	     -0.01300397	     -0.03640685	     -0.03612955	      0.00000000	      0.00000000	      0.00000000	      0.00000000	      0.00000000	      0.00000000	      0.00000000	      0.00000000	     -0.00910120	     -0.01059057	      0.02628814	      0.00000000	      0.00000000	      0.00000000	      0.00000000	      0.00000000	      0.00000000	      0.00000000	      0.00000000	      0.00000000	     -0.03449835	      0.00000000	      0.03893825	     -0.00907207	      0.00000000	      0.00000000	      0.00000000	      0.00000000
      1.41200000	      0.00000000	      0.00000000	      0.00000000	      0.00000000	      0.00000000	      0.00000000	      0.00000000	      0.00000000	      0.00000000	      0.00000000	      0.00000000	      0.00000000	      0.00000000	      0.00000000	      0.00000000	      0.00000000	      0.00000000	      0.00000000	      0.00000000	      0.00000000	      0.00000000	      0.00000000	      0.00000000	      0.00000000	      0.00000000	      0.00000000	      0.00000000	      0.00000000	      0.00000000	      0.00000000	      0.00000000	      0.00000000	      0.00000000	      0.00000000	      0.00000000	      0.00000000	      0.00000000	      0.00000000	      0.00000000	      0.00000000	      0.00000000	      0.00000000	      0.00000000	      0.00000000	      0.00000000	      0.00000000	      0.00000000	      0.02961135	      0.03211065	      0.00000000	      0.00000000	     -0.00000000	     -0.00826393	     -0.01300408	     -0.03640704	     -0.03612974	      0.00000000	      0.00000000	      0.00000000	      0.00000000	      0.00000000	      0.00000000	      0.00000000	      0.00000000	     -0.00910125	     -0.01059061	      0.02628821	      0.00000000	      0.00000000	      0.00000000	      0.00000000	      0.00000000	      0.00000000	      0.00000000	      0.00000000	      0.00000000	     -0.03449856	      0.00000000	      0.03893816	     -0.00907216	      0.00000000	      0.00000000	      0.00000000	      0.00000000
      1.42250000	      0.00000000	      0.00000000	      0.00000000	      0.00000000	      0.00000000	      0.00000000	      0.00000000	      0.00000000	      0.00000000	      0.00000000	      0.00000000	      0.00000000	      0.00000000	      0.00000000	      0.00000000	      0.00000000	      0.00000000	      0.00000000	      0.00000000	      0.00000000	      0.00000000	      0.00000000	      0.00000000	      0.00000000	      0.00000000	      0.00000000	      0.00000000	      0.00000000	      0.00000000	      0.00000000	      0.00000000	      0.00000000	      0.00000000	      0.00000000	      0.00000000	      0.00000000	      0.00000000	      0.00000000	      0.00000000	      0.00000000	      0.00000000	      0.00000000	      0.00000000	      0.00000000	      0.00000000	      0.00000000	      0.00000000	      0.02959960	      0.03209702	      0.00000000	      0.00000000	      0.00000000	     -0.00828775	     -0.01302994	     -0.03645213	     -0.03617235	      0.00000000	      0.00000000	      0.00000000	      0.00000000	      0.00000000	      0.00000000	      0.00000000	      0.00000000	     -0.00911175	     -0.01060063	      0.02630453	      0.00000000	      0.00000000	      0.00000000	      0.00000000	      0.00000000	      0.00000000	      0.00000000	      0.00000000	      0.00000000	     -0.03454709	      0.00000000	      0.03891742	     -0.00909443	      0.00000000	      0.00000000	      0.00000000	      0.00000000
      1.43300000	      0.00000000	      0.00000000	      0.00000000	      0.00000000	      0.00000000	      0.00000000	      0.00000000	      0.00000000	      0.00000000	      0.00000000	      0.00000000	      0.00000000	      0.00000000	      0.00000000	      0.00000000	      0.00000000	      0.00000000	      0.00000000	      0.00000000	      0.00000000	      0.00000000	      0.00000000	      0.00000000	      0.00000000	      0.00000000	      0.00000000	      0.00000000	      0.00000000	      0.00000000	      0.00000000	      0.00000000	      0.00000000	      0.00000000	      0.00000000	      0.00000000	      0.00000000	      0.00000000	      0.00000000	      0.00000000	      0.00000000	      0.00000000	      0.00000000	      0.00000000	      0.00000000	      0.00000000	      0.00000000	      0.00000000	      0.02957549	      0.03206906	      0.00000000	      0.00000000	      0.00000000	     -0.00833630	     -0.01308262	     -0.03654366	     -0.03625883	      0.00000000	      0.00000000	      0.00000000	      0.00000000	      0.00000000	      0.00000000	      0.00000000	      0.00000000	     -0.00913313	     -0.01062100	      0.02633710	      0.00000000	      0.00000000	      0.00000000	      0.00000000	      0.00000000	      0.00000000	      0.00000000	      0.00000000	      0.00000000	     -0.03464566	      0.00000000	      0.03887488	     -0.00913981	      0.00000000	      0.00000000	      0.00000000	      0.00000000
      1.44350000	      0.00000000	      0.00000000	      0.00000000	      0.00000000	      0.00000000	      0.00000000	      0.00000000	      0.00000000	      0.00000000	      0.00000000	      0.00000000	      0.00000000	      0.00000000	      0.00000000	      0.00000000	      0.00000000	      0.00000000	      0.00000000	      0.00000000	      0.00000000	      0.00000000	      0.00000000	      0.00000000	      0.00000000	      0.00000000	      0.00000000	      0.00000000	      0.00000000	      0.00000000	      0.00000000	      0.00000000	      0.00000000	      0.00000000	      0.00000000	      0.00000000	      0.00000000	      0.00000000	      0.00000000	      0.00000000	      0.00000000	      0.00000000	      0.00000000	      0.00000000	      0.00000000	      0.00000000	      0.00000000	      0.00000000	      0.02953779	      0.03202538	      0.00000000	      0.00000000	      0.00000000	     -0.00841127	     -0.01316393	     -0.03668409	     -0.03639145	      0.00000000	      0.00000000	      0.00000000	      0.00000000	      0.00000000	      0.00000000	      0.00000000	      0.00000000	     -0.00916608	     -0.01065235	      0.02638562	      0.00000000	      0.00000000	      0.00000000	      0.00000000	      0.00000000	      0.00000000	      0.00000000	      0.00000000	      0.00000000	     -0.03479710	      0.00000000	      0.03880849	     -0.00920986	      0.00000000	      0.00000000	      0.00000000	      0.00000000
      1.45400000	      0.00000000	      0.00000000	      0.00000000	      0.00000000	      0.00000000	      0.00000000	      0.00000000	      0.00000000	      0.00000000	      0.00000000	      0.00000000	      0.00000000	      0.00000000	      0.00000000	      0.00000000	      0.00000000	      0.00000000	      0.00000000	      0.00000000	      0.00000000	      0.00000000	      0.00000000	      0.00000000	      0.00000000	      0.00000000	      0.00000000	      0.00000000	      0.00000000	      0.00000000	      0.00000000	      0.00000000	      0.00000000	      0.00000000	      0.00000000	      0.00000000	      0.00000000	      0.00000000	      0.00000000	      0.00000000	      0.00000000	      0.00000000	      0.00000000	      0.00000000	      0.00000000	      0.00000000	      0.00000000	      0.00000000	      0.02948312	      0.03196210	      0.00000000	      0.00000000	      0.00000000	     -0.00851810	     -0.01327974	     -0.03688222	     -0.03657843	      0.00000000	      0.00000000	      0.00000000	      0.00000000	      0.00000000	      0.00000000	      0.00000000	      0.00000000	     -0.00921289	     -0.01069680	      0.02645113	      0.00000000	      0.00000000	      0.00000000	      0.00000000	      0.00000000	      0.00000000	      0.00000000	      0.00000000	      0.00000000	     -0.03501118	      0.00000000	      0.03871244	     -0.00930963	      0.00000000	      0.00000000	      0.00000000	      0.00000000
      1.46450000	      0.00000000	      0.00000000	      0.00000000	      0.00000000	      0.00000000	      0.00000000	      0.00000000	      0.00000000	      0.00000000	      0.00000000	      0.00000000	      0.00000000	      0.00000000	      0.00000000	      0.00000000	      0.00000000	      0.00000000	      0.00000000	      0.00000000	      0.00000000	      0.00000000	      0.00000000	      0.00000000	      0.00000000	      0.00000000	      0.00000000	      0.00000000	      0.00000000	      0.00000000	      0.00000000	      0.00000000	      0.00000000	      0.00000000	      0.00000000	      0.00000000	      0.00000000	      0.00000000	      0.00000000	      0.00000000	      0.00000000	      0.00000000	      0.00000000	      0.00000000	      0.00000000	      0.00000000	      0.00000000	      0.00000000	      0.02940982	      0.03187739	      0.00000000	      0.00000000	      0.00000000	     -0.00865803	     -0.01343132	     -0.03713822	     -0.03681978	      0.00000000	      0.00000000	      0.00000000	      0.00000000	      0.00000000	      0.00000000	      0.00000000	      0.00000000	     -0.00927397	     -0.01075463	      0.02653064	      0.00000000	      0.00000000	      0.00000000	      0.00000000	      0.00000000	      0.00000000	      0.00000000	      0.00000000	      0.00000000	     -0.03528854	      0.00000000	      0.03858402	     -0.00944024	      0.00000000	      0.00000000	      0.00000000	      0.00000000
      1.47500000	      0.00000000	      0.00000000	      0.00000000	      0.00000000	      0.00000000	      0.00000000	      0.00000000	      0.00000000	      0.00000000	      0.00000000	      0.00000000	      0.00000000	      0.00000000	      0.00000000	      0.00000000	      0.00000000	      0.00000000	      0.00000000	      0.00000000	      0.00000000	      0.00000000	      0.00000000	      0.00000000	      0.00000000	      0.00000000	      0.00000000	      0.00000000	      0.00000000	      0.00000000	      0.00000000	      0.00000000	      0.00000000	      0.00000000	      0.00000000	      0.00000000	      0.00000000	      0.00000000	      0.00000000	      0.00000000	      0.00000000	      0.00000000	      0.00000000	      0.00000000	      0.00000000	      0.00000000	      0.00000000	      0.00000000	      0.02931686	      0.03177015	      0.00000000	      0.00000000	     -0.00000000	     -0.00883048	     -0.01361794	     -0.03744809	     -0.03711152	      0.00000000	      0.00000000	      0.00000000	      0.00000000	      0.00000000	      0.00000000	      0.00000000	      0.00000000	     -0.00934885	     -0.01082524	      0.02661913	      0.00000000	      0.00000000	      0.00000000	      0.00000000	      0.00000000	      0.00000000	      0.00000000	      0.00000000	      0.00000000	     -0.03562546	      0.00000000	      0.03842176	     -0.00960108	      0.00000000	      0.00000000	      0.00000000	      0.00000000
      1.48550000	      0.00000000	      0.00000000	      0.00000000	      0.00000000	      0.00000000	      0.00000000	      0.00000000	      0.00000000	      0.00000000	      0.00000000	      0.00000000	      0.00000000	      0.00000000	      0.00000000	      0.00000000	      0.00000000	      0.00000000	      0.00000000	      0.00000000	      0.00000000	      0.00000000	      0.00000000	      0.00000000	      0.00000000	      0.00000000	      0.00000000	      0.00000000	      0.00000000	      0.00000000	      0.00000000	      0.00000000	      0.00000000	      0.00000000	      0.00000000	      0.00000000	      0.00000000	      0.00000000	      0.00000000	      0.00000000	      0.00000000	      0.00000000	      0.00000000	      0.00000000	      0.00000000	      0.00000000	      0.00000000	      0.00000000	      0.02920446	      0.03164072	      0.00000000	      0.00000000	     -0.00000000	     -0.00903223	     -0.01383602	     -0.03780257	     -0.03744469	      0.00000000	      0.00000000	      0.00000000	      0.00000000	      0.00000000	      0.00000000	      0.00000000	      0.00000000	     -0.00943591	     -0.01090693	      0.02670991	      0.00000000	      0.00000000	      0.00000000	      0.00000000	      0.00000000	      0.00000000	      0.00000000	      0.00000000	      0.00000000	     -0.03601266	      0.00000000	      0.03822631	     -0.00978907	      0.00000000	      0.00000000	      0.00000000	      0.00000000
      1.49600000	      0.00000000	      0.00000000	      0.00000000	      0.00000000	      0.00000000	      0.00000000	      0.00000000	      0.00000000	      0.00000000	      0.00000000	      0.00000000	      0.00000000	      0.00000000	      0.00000000	      0.00000000	      0.00000000	      0.00000000	      0.00000000	      0.00000000	      0.00000000	      0.00000000	      0.00000000	      0.00000000	      0.00000000	      0.00000000	      0.00000000	      0.00000000	      0.00000000	      0.00000000	      0.00000000	      0.00000000	      0.00000000	      0.00000000	      0.00000000	      0.00000000	      0.00000000	      0.00000000	      0.00000000	      0.00000000	      0.00000000	      0.00000000	      0.00000000	      0.00000000	      0.00000000	      0.00000000	      0.00000000	      0.00000000	      0.02906520	      0.03148070	      0.00000000	      0.00000000	     -0.00000000	     -0.00927297	     -0.01409589	     -0.03821388	     -0.03783044	      0.00000000	      0.00000000	      0.00000000	      0.00000000	      0.00000000	      0.00000000	      0.00000000	      0.00000000	     -0.00953900	     -0.01100305	      0.02680109	      0.00000000	      0.00000000	      0.00000000	      0.00000000	      0.00000000	      0.00000000	      0.00000000	      0.00000000	      0.00000000	     -0.03646450	      0.00000000	      0.03798523	     -0.01001313	      0.00000000	      0.00000000	      0.00000000	      0.00000000
      1.50650000	      0.00000000	      0.00000000	      0.00000000	      0.00000000	      0.00000000	      0.00000000	      0.00000000	      0.00000000	      0.00000000	      0.00000000	      0.00000000	      0.00000000	      0.00000000	      0.00000000	      0.00000000	      0.00000000	      0.00000000	      0.00000000	      0.00000000	      0.00000000	      0.00000000	      0.00000000	      0.00000000	      0.00000000	      0.00000000	      0.00000000	      0.00000000	      0.00000000	      0.00000000	      0.00000000	      0.00000000	      0.00000000	      0.00000000	      0.00000000	      0.00000000	      0.00000000	      0.00000000	      0.00000000	      0.00000000	      0.00000000	      0.00000000	      0.00000000	      0.00000000	      0.00000000	      0.00000000	      0.00000000	      0.00000000	      0.02889303	      0.03128329	      0.00000000	      0.00000000	      0.00000000	     -0.00955817	     -0.01440327	     -0.03868420	     -0.03827030	      0.00000000	      0.00000000	      0.00000000	      0.00000000	      0.00000000	      0.00000000	      0.00000000	      0.00000000	     -0.00965998	     -0.01111494	      0.02688627	      0.00000000	      0.00000000	      0.00000000	      0.00000000	      0.00000000	      0.00000000	      0.00000000	      0.00000000	      0.00000000	     -0.03698501	      0.00000000	      0.03768853	     -0.01027821	      0.00000000	      0.00000000	      0.00000000	      0.00000000
      1.51700000	      0.00000000	      0.00000000	      0.00000000	      0.00000000	      0.00000000	      0.00000000	      0.00000000	      0.00000000	      0.00000000	      0.00000000	      0.00000000	      0.00000000	      0.00000000	      0.00000000	      0.00000000	      0.00000000	      0.00000000	      0.00000000	      0.00000000	      0.00000000	      0.00000000	      0.00000000	      0.00000000	      0.00000000	      0.00000000	      0.00000000	      0.00000000	      0.00000000	      0.00000000	      0.00000000	      0.00000000	      0.00000000	      0.00000000	      0.00000000	      0.00000000	      0.00000000	      0.00000000	      0.00000000	      0.00000000	      0.00000000	      0.00000000	      0.00000000	      0.00000000	      0.00000000	      0.00000000	      0.00000000	      0.00000000	      0.02870485	      0.03106798	      0.00000000	      0.00000000	      0.00000000	     -0.00985608	     -0.01472375	     -0.03915508	     -0.03870913	      0.00000000	      0.00000000	      0.00000000	      0.00000000	      0.00000000	      0.00000000	      0.00000000	      0.00000000	     -0.00978495	     -0.01122942	      0.02695031	      0.00000000	      0.00000000	      0.00000000	      0.00000000	      0.00000000	      0.00000000	      0.00000000	      0.00000000	      0.00000000	     -0.03751087	      0.00000000	      0.03736578	     -0.01055465	      0.00000000	      0.00000000	      0.00000000	      0.00000000
      1.52750000	      0.00000000	      0.00000000	      0.00000000	      0.00000000	      0.00000000	      0.00000000	      0.00000000	      0.00000000	      0.00000000	      0.00000000	      0.00000000	      0.00000000	      0.00000000	      0.00000000	      0.00000000	      0.00000000	      0.00000000	      0.00000000	      0.00000000	      0.00000000	      0.00000000	      0.00000000	      0.00000000	      0.00000000	      0.00000000	      0.00000000	      0.00000000	      0.00000000	      0.00000000	      0.00000000	      0.00000000	      0.00000000	      0.00000000	      0.00000000	      0.00000000	      0.00000000	      0.00000000	      0.00000000	      0.00000000	      0.00000000	      0.00000000	      0.00000000	      0.00000000	      0.00000000	      0.00000000	      0.00000000	      0.00000000	      0.02850231	      0.03083672	      0.00000000	      0.00000000	      0.00000000	     -0.01016259	     -0.01505286	     -0.03961690	     -0.03913776	      0.00000000	      0.00000000	      0.00000000	      0.00000000	      0.00000000	      0.00000000	      0.00000000	      0.00000000	     -0.00991200	     -0.01134449	      0.02699118	      0.00000000	      0.00000000	      0.00000000	      0.00000000	      0.00000000	      0.00000000	      0.00000000	      0.00000000	      0.00000000	     -0.03803205	      0.00000000	      0.03702000	     -0.01083858	      0.00000000	      0.00000000	      0.00000000	      0.00000000
      1.53800000	      0.00000000	      0.00000000	      0.00000000	      0.00000000	      0.00000000	      0.00000000	      0.00000000	      0.00000000	      0.00000000	      0.00000000	      0.00000000	      0.00000000	      0.00000000	      0.00000000	      0.00000000	      0.00000000	      0.00000000	      0.00000000	      0.00000000	      0.00000000	      0.00000000	      0.00000000	      0.00000000	      0.00000000	      0.00000000	      0.00000000	      0.00000000	      0.00000000	      0.00000000	      0.00000000	      0.00000000	      0.00000000	      0.00000000	      0.00000000	      0.00000000	      0.00000000	      0.00000000	      0.00000000	      0.00000000	      0.00000000	      0.00000000	      0.00000000	      0.00000000	      0.00000000	      0.00000000	      0.00000000	      0.00000000	      0.02825914	      0.03055959	      0.00000000	      0.00000000	     -0.00000000	     -0.01051365	     -0.01542902	     -0.04011629	     -0.03959885	      0.00000000	      0.00000000	      0.00000000	      0.00000000	      0.00000000	      0.00000000	      0.00000000	      0.00000000	     -0.01005549	     -0.01147269	      0.02700864	      0.00000000	      0.00000000	      0.00000000	      0.00000000	      0.00000000	      0.00000000	      0.00000000	      0.00000000	      0.00000000	     -0.03860299	      0.00000000	      0.03660675	     -0.01116312	      0.00000000	      0.00000000	      0.00000000	      0.00000000
      1.54850000	      0.00000000	      0.00000000	      0.00000000	      0.00000000	      0.00000000	      0.00000000	      0.00000000	      0.00000000	      0.00000000	      0.00000000	      0.00000000	      0.00000000	      0.00000000	      0.00000000	      0.00000000	      0.00000000	      0.00000000	      0.00000000	      0.00000000	      0.00000000	      0.00000000	      0.00000000	      0.00000000	      0.00000000	      0.00000000	      0.00000000	      0.00000000	      0.00000000	      0.00000000	      0.00000000	      0.00000000	      0.00000000	      0.00000000	      0.00000000	      0.00000000	      0.00000000	      0.00000000	      0.00000000	      0.00000000	      0.00000000	      0.00000000	      0.00000000	      0.00000000	      0.00000000	      0.00000000	      0.00000000	      0.00000000	      0.02797049	      0.03023128	      0.00000000	      0.00000000	      0.00000000	     -0.01090937	     -0.01585201	     -0.04063944	     -0.04007847	      0.00000000	      0.00000000	      0.00000000	      0.00000000	      0.00000000	      0.00000000	      0.00000000	      0.00000000	     -0.01021450	     -0.01161226	      0.02699294	      0.00000000	      0.00000000	      0.00000000	      0.00000000	      0.00000000	      0.00000000	      0.00000000	      0.00000000	      0.00000000	     -0.03921148	      0.00000000	      0.03611863	     -0.01152806	      0.00000000	      0.00000000	      0.00000000	      0.00000000
      1.55900000	      0.00000000	      0.00000000	      0.00000000	      0.00000000	      0.00000000	      0.00000000	      0.00000000	      0.00000000	      0.00000000	      0.00000000	      0.00000000	      0.00000000	      0.00000000	      0.00000000	      0.00000000	      0.00000000	      0.00000000	      0.00000000	      0.00000000	      0.00000000	      0.00000000	      0.00000000	      0.00000000	      0.00000000	      0.00000000	      0.00000000	      0.00000000	      0.00000000	      0.00000000	      0.00000000	      0.00000000	      0.00000000	      0.00000000	      0.00000000	      0.00000000	      0.00000000	      0.00000000	      0.00000000	      0.00000000	      0.00000000	      0.00000000	      0.00000000	      0.00000000	      0.00000000	      0.00000000	      0.00000000	      0.00000000	      0.02771160	      0.02993734	      0.00000000	      0.00000000	     -0.00000000	     -0.01124726	     -0.01621230	     -0.04105089	     -0.04045247	      0.00000000	      0.00000000	      0.00000000	      0.00000000	      0.00000000	      0.00000000	      0.00000000	      0.00000000	     -0.01034782	     -0.01172693	      0.02695149	      0.00000000	      0.00000000	      0.00000000	      0.00000000	      0.00000000	      0.00000000	      0.00000000	      0.00000000	      0.00000000	     -0.03969985	      0.00000000	      0.03568284	     -0.01183887	      0.00000000	      0.00000000	      0.00000000	      0.00000000
      1.56950000	      0.00000000	      0.00000000	      0.00000000	      0.00000000	      0.00000000	      0.00000000	      0.00000000	      0.00000000	      0.00000000	      0.00000000	      0.00000000	      0.00000000	      0.00000000	      0.00000000	      0.00000000	      0.00000000	      0.00000000	      0.00000000	      0.00000000	      0.00000000	      0.00000000	      0.00000000	      0.00000000	      0.00000000	      0.00000000	      0.00000000	      0.00000000	      0.00000000	      0.00000000	      0.00000000	      0.00000000	      0.00000000	      0.00000000	      0.00000000	      0.00000000	      0.00000000	      0.00000000	      0.00000000	      0.00000000	      0.00000000	      0.00000000	      0.00000000	      0.00000000	      0.00000000	      0.00000000	      0.00000000	      0.00000000	      0.02748890	      0.02968482	      0.00000000	      0.00000000	     -0.00000000	     -0.01152640	     -0.01650934	     -0.04136503	     -0.04073550	      0.00000000	      0.00000000	      0.00000000	      0.00000000	      0.00000000	      0.00000000	      0.00000000	      0.00000000	     -0.01045616	     -0.01181829	      0.02689861	      0.00000000	      0.00000000	      0.00000000	      0.00000000	      0.00000000	      0.00000000	      0.00000000	      0.00000000	      0.00000000	     -0.04008044	      0.00000000	      0.03530935	     -0.01209507	      0.00000000	      0.00000000	      0.00000000	      0.00000000
      1.58000000	      0.00000000	      0.00000000	      0.00000000	      0.00000000	      0.00000000	      0.00000000	      0.00000000	      0.00000000	      0.00000000	      0.00000000	      0.00000000	      0.00000000	      0.00000000	      0.00000000	      0.00000000	      0.00000000	      0.00000000	      0.00000000	      0.00000000	      0.00000000	      0.00000000	      0.00000000	      0.00000000	      0.00000000	      0.00000000	      0.00000000	      0.00000000	      0.00000000	      0.00000000	      0.00000000	      0.00000000	      0.00000000	      0.00000000	      0.00000000	      0.00000000	      0.00000000	      0.00000000	      0.00000000	      0.00000000	      0.00000000	      0.00000000	      0.00000000	      0.00000000	      0.00000000	      0.00000000	      0.00000000	      0.00000000	      0.02718703	      0.02934299	      0.00000000	      0.00000000	     -0.00000000	     -0.01188940	     -0.01689477	     -0.04173681	     -0.04106655	      0.00000000	      0.00000000	      0.00000000	      0.00000000	      0.00000000	      0.00000000	      0.00000000	      0.00000000	     -0.01059443	     -0.01193212	      0.02680559	      0.00000000	      0.00000000	      0.00000000	      0.00000000	      0.00000000	      0.00000000	      0.00000000	      0.00000000	      0.00000000	     -0.04054265	      0.00000000	      0.03480500	     -0.01242738	      0.00000000	      0.00000000	      0.00000000	      0.00000000
      1.59050000	      0.00000000	      0.00000000	      0.00000000	      0.00000000	      0.00000000	      0.00000000	      0.00000000	      0.00000000	      0.00000000	      0.00000000	      0.00000000	      0.00000000	      0.00000000	      0.00000000	      0.00000000	      0.00000000	      0.00000000	      0.00000000	      0.00000000	      0.00000000	      0.00000000	      0.00000000	      0.00000000	      0.00000000	      0.00000000	      0.00000000	      0.00000000	      0.00000000	      0.00000000	      0.00000000	      0.00000000	      0.00000000	      0.00000000	      0.00000000	      0.00000000	      0.00000000	      0.00000000	      0.00000000	      0.00000000	      0.00000000	      0.00000000	      0.00000000	      0.00000000	      0.00000000	      0.00000000	      0.00000000	      0.00000000	      0.02689382	      0.02901141	      0.00000000	      0.00000000	     -0.00000000	     -0.01222661	     -0.01725195	     -0.04204294	     -0.04133461	      0.00000000	      0.00000000	      0.00000000	      0.00000000	      0.00000000	      0.00000000	      0.00000000	      0.00000000	     -0.01072002	     -0.01203237	      0.02669536	      0.00000000	      0.00000000	      0.00000000	      0.00000000	      0.00000000	      0.00000000	      0.00000000	      0.00000000	      0.00000000	     -0.04093697	      0.00000000	      0.03431708	     -0.01273517	      0.00000000	      0.00000000	      0.00000000	      0.00000000
      1.60100000	      0.00000000	      0.00000000	      0.00000000	      0.00000000	      0.00000000	      0.00000000	      0.00000000	      0.00000000	      0.00000000	      0.00000000	      0.00000000	      0.00000000	      0.00000000	      0.00000000	      0.00000000	      0.00000000	      0.00000000	      0.00000000	      0.00000000	      0.00000000	      0.00000000	      0.00000000	      0.00000000	      0.00000000	      0.00000000	      0.00000000	      0.00000000	      0.00000000	      0.00000000	      0.00000000	      0.00000000	      0.00000000	      0.00000000	      0.00000000	      0.00000000	      0.00000000	      0.00000000	      0.00000000	      0.00000000	      0.00000000	      0.00000000	      0.00000000	      0.00000000	      0.00000000	      0.00000000	      0.00000000	      0.00000000	      0.02672283	      0.02881822	      0.00000000	      0.00000000	      0.00000000	     -0.01241682	     -0.01745304	     -0.04219808	     -0.04146819	      0.00000000	      0.00000000	      0.00000000	      0.00000000	      0.00000000	      0.00000000	      0.00000000	      0.00000000	     -0.01078957	     -0.01208638	      0.02662329	      0.00000000	      0.00000000	      0.00000000	      0.00000000	      0.00000000	      0.00000000	      0.00000000	      0.00000000	      0.00000000	     -0.04114369	      0.00000000	      0.03403339	     -0.01290838	      0.00000000	      0.00000000	      0.00000000	      0.00000000
      1.61150000	      0.00000000	      0.00000000	      0.00000000	      0.00000000	      0.00000000	      0.00000000	      0.00000000	      0.00000000	      0.00000000	      0.00000000	      0.00000000	      0.00000000	      0.00000000	      0.00000000	      0.00000000	      0.00000000	      0.00000000	      0.00000000	      0.00000000	      0.00000000	      0.00000000	      0.00000000	      0.00000000	      0.00000000	      0.00000000	      0.00000000	      0.00000000	      0.00000000	      0.00000000	      0.00000000	      0.00000000	      0.00000000	      0.00000000	      0.00000000	      0.00000000	      0.00000000	      0.00000000	      0.00000000	      0.00000000	      0.00000000	      0.00000000	      0.00000000	      0.00000000	      0.00000000	      0.00000000	      0.00000000	      0.00000000	      0.02652603	      0.02859603	      0.00000000	      0.00000000	     -0.00000000	     -0.01263025	     -0.01767835	     -0.04235645	     -0.04160229	      0.00000000	      0.00000000	      0.00000000	      0.00000000	      0.00000000	      0.00000000	      0.00000000	      0.00000000	     -0.01086642	     -0.01214463	      0.02653406	      0.00000000	      0.00000000	      0.00000000	      0.00000000	      0.00000000	      0.00000000	      0.00000000	      0.00000000	      0.00000000	     -0.04136153	      0.00000000	      0.03370760	     -0.01310235	      0.00000000	      0.00000000	      0.00000000	      0.00000000
      1.62200000	      0.00000000	      0.00000000	      0.00000000	      0.00000000	      0.00000000	      0.00000000	      0.00000000	      0.00000000	      0.00000000	      0.00000000	      0.00000000	      0.00000000	      0.00000000	      0.00000000	      0.00000000	      0.00000000	      0.00000000	      0.00000000	      0.00000000	      0.00000000	      0.00000000	      0.00000000	      0.00000000	      0.00000000	      0.00000000	      0.00000000	      0.00000000	      0.00000000	      0.00000000	      0.00000000	      0.00000000	      0.00000000	      0.00000000	      0.00000000	      0.00000000	      0.00000000	      0.00000000	      0.00000000	      0.00000000	      0.00000000	      0.00000000	      0.00000000	      0.00000000	      0.00000000	      0.00000000	      0.00000000	      0.00000000	      0.02629954	      0.02834051	      0.00000000	      0.00000000	     -0.00000000	     -0.01286898	     -0.01792996	     -0.04251316	     -0.04173174	      0.00000000	      0.00000000	      0.00000000	      0.00000000	      0.00000000	      0.00000000	      0.00000000	      0.00000000	     -0.01095082	     -0.01220665	      0.02642387	      0.00000000	      0.00000000	      0.00000000	      0.00000000	      0.00000000	      0.00000000	      0.00000000	      0.00000000	      0.00000000	     -0.04158680	      0.00000000	      0.03333360	     -0.01331882	      0.00000000	      0.00000000	      0.00000000	      0.00000000
      1.63250000	      0.00000000	      0.00000000	      0.00000000	      0.00000000	      0.00000000	      0.00000000	      0.00000000	      0.00000000	      0.00000000	      0.00000000	      0.00000000	      0.00000000	      0.00000000	      0.00000000	      0.00000000	      0.00000000	      0.00000000	      0.00000000	      0.00000000	      0.00000000	      0.00000000	      0.00000000	      0.00000000	      0.00000000	      0.00000000	      0.00000000	      0.00000000	      0.00000000	      0.00000000	      0.00000000	      0.00000000	      0.00000000	      0.00000000	      0.00000000	      0.00000000	      0.00000000	      0.00000000	      0.00000000	      0.00000000	      0.00000000	      0.00000000	      0.00000000	      0.00000000	      0.00000000	      0.00000000	      0.00000000	      0.00000000	      0.02616831	      0.02819254	      0.00000000	      0.00000000	     -0.00000000	     -0.01300409	     -0.01807215	     -0.04259193	     -0.04179506	      0.00000000	      0.00000000	      0.00000000	      0.00000000	      0.00000000	      0.00000000	      0.00000000	      0.00000000	     -0.01099781	     -0.01224019	      0.02635667	      0.00000000	      0.00000000	      0.00000000	      0.00000000	      0.00000000	      0.00000000	      0.00000000	      0.00000000	      0.00000000	     -0.04170535	      0.00000000	      0.03311734	     -0.01344109	      0.00000000	      0.00000000	      0.00000000	      0.00000000
      1.64300000	      0.00000000	      0.00000000	      0.00000000	      0.00000000	      0.00000000	      0.00000000	      0.00000000	      0.00000000	      0.00000000	      0.00000000	      0.00000000	      0.00000000	      0.00000000	      0.00000000	      0.00000000	      0.00000000	      0.00000000	      0.00000000	      0.00000000	      0.00000000	      0.00000000	      0.00000000	      0.00000000	      0.00000000	      0.00000000	      0.00000000	      0.00000000	      0.00000000	      0.00000000	      0.00000000	      0.00000000	      0.00000000	      0.00000000	      0.00000000	      0.00000000	      0.00000000	      0.00000000	      0.00000000	      0.00000000	      0.00000000	      0.00000000	      0.00000000	      0.00000000	      0.00000000	      0.00000000	      0.00000000	      0.00000000	      0.02609986	      0.02811540	      0.00000000	      0.00000000	      0.00000000	     -0.01307366	     -0.01814531	     -0.04262961	     -0.04182477	      0.00000000	      0.00000000	      0.00000000	      0.00000000	      0.00000000	      0.00000000	      0.00000000	      0.00000000	     -0.01102177	     -0.01225699	      0.02632072	      0.00000000	      0.00000000	      0.00000000	      0.00000000	      0.00000000	      0.00000000	      0.00000000	      0.00000000	      0.00000000	     -0.04176379	      0.00000000	      0.03300468	     -0.01350397	      0.00000000	      0.00000000	      0.00000000	      0.00000000
      1.65350000	      0.00000000	      0.00000000	      0.00000000	      0.00000000	      0.00000000	      0.00000000	      0.00000000	      0.00000000	      0.00000000	      0.00000000	      0.00000000	      0.00000000	      0.00000000	      0.00000000	      0.00000000	      0.00000000	      0.00000000	      0.00000000	      0.00000000	      0.00000000	      0.00000000	      0.00000000	      0.00000000	      0.00000000	      0.00000000	      0.00000000	      0.00000000	      0.00000000	      0.00000000	      0.00000000	      0.00000000	      0.00000000	      0.00000000	      0.00000000	      0.00000000	      0.00000000	      0.00000000	      0.00000000	      0.00000000	      0.00000000	      0.00000000	      0.00000000	      0.00000000	      0.00000000	      0.00000000	      0.00000000	      0.00000000	      0.02604350	      0.02805188	      0.00000000	      0.00000000	     -0.00000000	     -0.01313049	     -0.01820505	     -0.04265893	     -0.04184757	      0.00000000	      0.00000000	      0.00000000	      0.00000000	      0.00000000	      0.00000000	      0.00000000	      0.00000000	     -0.01104124	     -0.01227047	      0.02629066	      0.00000000	      0.00000000	      0.00000000	      0.00000000	      0.00000000	      0.00000000	      0.00000000	      0.00000000	      0.00000000	     -0.04181021	      0.00000000	      0.03291196	     -0.01355531	      0.00000000	      0.00000000	      0.00000000	      0.00000000
      1.66400000	      0.00000000	      0.00000000	      0.00000000	      0.00000000	      0.00000000	      0.00000000	      0.00000000	      0.00000000	      0.00000000	      0.00000000	      0.00000000	      0.00000000	      0.00000000	      0.00000000	      0.00000000	      0.00000000	      0.00000000	      0.00000000	      0.00000000	      0.00000000	      0.00000000	      0.00000000	      0.00000000	      0.00000000	      0.00000000	      0.00000000	      0.00000000	      0.00000000	      0.00000000	      0.00000000	      0.00000000	      0.00000000	      0.00000000	      0.00000000	      0.00000000	      0.00000000	      0.00000000	      0.00000000	      0.00000000	      0.00000000	      0.00000000	      0.00000000	      0.00000000	      0.00000000	      0.00000000	      0.00000000	      0.00000000	      0.02601402	      0.02801866	      0.00000000	      0.00000000	     -0.00000000	     -0.01316005	     -0.01823610	     -0.04267364	     -0.04185889	      0.00000000	      0.00000000	      0.00000000	      0.00000000	      0.00000000	      0.00000000	      0.00000000	      0.00000000	     -0.01105132	     -0.01227740	      0.02627479	      0.00000000	      0.00000000	      0.00000000	      0.00000000	      0.00000000	      0.00000000	      0.00000000	      0.00000000	      0.00000000	     -0.04183387	      0.00000000	      0.03286350	     -0.01358200	      0.00000000	      0.00000000	      0.00000000	      0.00000000
      1.67450000	      0.00000000	      0.00000000	      0.00000000	      0.00000000	      0.00000000	      0.00000000	      0.00000000	      0.00000000	      0.00000000	      0.00000000	      0.00000000	      0.00000000	      0.00000000	      0.00000000	      0.00000000	      0.00000000	      0.00000000	      0.00000000	      0.00000000	      0.00000000	      0.00000000	      0.00000000	      0.00000000	      0.00000000	      0.00000000	      0.00000000	      0.00000000	      0.00000000	      0.00000000	      0.00000000	      0.00000000	      0.00000000	      0.00000000	      0.00000000	      0.00000000	      0.00000000	      0.00000000	      0.00000000	      0.00000000	      0.00000000	      0.00000000	      0.00000000	      0.00000000	      0.00000000	      0.00000000	      0.00000000	      0.00000000	      0.02603145	      0.02803830	      0.00000000	      0.00000000	      0.00000000	     -0.01314259	     -0.01821776	     -0.04266499	     -0.04185224	      0.00000000	      0.00000000	      0.00000000	      0.00000000	      0.00000000	      0.00000000	      0.00000000	      0.00000000	     -0.01104537	     -0.01227332	      0.02628419	      0.00000000	      0.00000000	      0.00000000	      0.00000000	      0.00000000	      0.00000000	      0.00000000	      0.00000000	      0.00000000	     -0.04181993	      0.00000000	      0.03289215	     -0.01356624	      0.00000000	      0.00000000	      0.00000000	      0.00000000
      1.68500000	      0.00000000	      0.00000000	      0.00000000	      0.00000000	      0.00000000	      0.00000000	      0.00000000	      0.00000000	      0.00000000	      0.00000000	      0.00000000	      0.00000000	      0.00000000	      0.00000000	      0.00000000	      0.00000000	      0.00000000	      0.00000000	      0.00000000	      0.00000000	      0.00000000	      0.00000000	      0.00000000	      0.00000000	      0.00000000	      0.00000000	      0.00000000	      0.00000000	      0.00000000	      0.00000000	      0.00000000	      0.00000000	      0.00000000	      0.00000000	      0.00000000	      0.00000000	      0.00000000	      0.00000000	      0.00000000	      0.00000000	      0.00000000	      0.00000000	      0.00000000	      0.00000000	      0.00000000	      0.00000000	      0.00000000	      0.02608468	      0.02809828	      0.00000000	      0.00000000	      0.00000000	     -0.01308901	     -0.01816145	     -0.04263766	     -0.04183106	      0.00000000	      0.00000000	      0.00000000	      0.00000000	      0.00000000	      0.00000000	      0.00000000	      0.00000000	     -0.01102704	     -0.01226065	      0.02631266	      0.00000000	      0.00000000	      0.00000000	      0.00000000	      0.00000000	      0.00000000	      0.00000000	      0.00000000	      0.00000000	     -0.04177645	      0.00000000	      0.03297969	     -0.01351785	      0.00000000	      0.00000000	      0.00000000	      0.00000000
      1.69550000	      0.00000000	      0.00000000	      0.00000000	      0.00000000	      0.00000000	      0.00000000	      0.00000000	      0.00000000	      0.00000000	      0.00000000	      0.00000000	      0.00000000	      0.00000000	      0.00000000	      0.00000000	      0.00000000	      0.00000000	      0.00000000	      0.00000000	      0.00000000	      0.00000000	      0.00000000	      0.00000000	      0.00000000	      0.00000000	      0.00000000	      0.00000000	      0.00000000	      0.00000000	      0.00000000	      0.00000000	      0.00000000	      0.00000000	      0.00000000	      0.00000000	      0.00000000	      0.00000000	      0.00000000	      0.00000000	      0.00000000	      0.00000000	      0.00000000	      0.00000000	      0.00000000	      0.00000000	      0.00000000	      0.00000000	      0.02615992	      0.02818308	      0.00000000	      0.00000000	      0.00000000	     -0.01301266	     -0.01808116	     -0.04259667	     -0.04179882	      0.00000000	      0.00000000	      0.00000000	      0.00000000	      0.00000000	      0.00000000	      0.00000000	      0.00000000	     -0.01100077	     -0.01224227	      0.02635230	      0.00000000	      0.00000000	      0.00000000	      0.00000000	      0.00000000	      0.00000000	      0.00000000	      0.00000000	      0.00000000	     -0.04171264	      0.00000000	      0.03310352	     -0.01344884	      0.00000000	      0.00000000	      0.00000000	      0.00000000
      1.70600000	      0.00000000	      0.00000000	      0.00000000	      0.00000000	      0.00000000	      0.00000000	      0.00000000	      0.00000000	      0.00000000	      0.00000000	      0.00000000	      0.00000000	      0.00000000	      0.00000000	      0.00000000	      0.00000000	      0.00000000	      0.00000000	      0.00000000	      0.00000000	      0.00000000	      0.00000000	      0.00000000	      0.00000000	      0.00000000	      0.00000000	      0.00000000	      0.00000000	      0.00000000	      0.00000000	      0.00000000	      0.00000000	      0.00000000	      0.00000000	      0.00000000	      0.00000000	      0.00000000	      0.00000000	      0.00000000	      0.00000000	      0.00000000	      0.00000000	      0.00000000	      0.00000000	      0.00000000	      0.00000000	      0.00000000	      0.02625647	      0.02829193	      0.00000000	      0.00000000	     -0.00000000	     -0.01291358	     -0.01797691	     -0.04253997	     -0.04175345	      0.00000000	      0.00000000	      0.00000000	      0.00000000	      0.00000000	      0.00000000	      0.00000000	      0.00000000	     -0.01096639	     -0.01221785	      0.02640207	      0.00000000	      0.00000000	      0.00000000	      0.00000000	      0.00000000	      0.00000000	      0.00000000	      0.00000000	      0.00000000	     -0.04162666	      0.00000000	      0.03326258	     -0.01335920	      0.00000000	      0.00000000	      0.00000000	      0.00000000
      1.71650000	      0.00000000	      0.00000000	      0.00000000	      0.00000000	      0.00000000	      0.00000000	      0.00000000	      0.00000000	      0.00000000	      0.00000000	      0.00000000	      0.00000000	      0.00000000	      0.00000000	      0.00000000	      0.00000000	      0.00000000	      0.00000000	      0.00000000	      0.00000000	      0.00000000	      0.00000000	      0.00000000	      0.00000000	      0.00000000	      0.00000000	      0.00000000	      0.00000000	      0.00000000	      0.00000000	      0.00000000	      0.00000000	      0.00000000	      0.00000000	      0.00000000	      0.00000000	      0.00000000	      0.00000000	      0.00000000	      0.00000000	      0.00000000	      0.00000000	      0.00000000	      0.00000000	      0.00000000	      0.00000000	      0.00000000	      0.02637432	      0.02842484	      0.00000000	      0.00000000	      0.00000000	     -0.01279096	     -0.01784777	     -0.04246437	     -0.04169187	      0.00000000	      0.00000000	      0.00000000	      0.00000000	      0.00000000	      0.00000000	      0.00000000	      0.00000000	     -0.01092342	     -0.01218676	      0.02646108	      0.00000000	      0.00000000	      0.00000000	      0.00000000	      0.00000000	      0.00000000	      0.00000000	      0.00000000	      0.00000000	     -0.04151536	      0.00000000	      0.03345696	     -0.01324813	      0.00000000	      0.00000000	      0.00000000	      0.00000000
      1.72700000	      0.00000000	      0.00000000	      0.00000000	      0.00000000	      0.00000000	      0.00000000	      0.00000000	      0.00000000	      0.00000000	      0.00000000	      0.00000000	      0.00000000	      0.00000000	      0.00000000	      0.00000000	      0.00000000	      0.00000000	      0.00000000	      0.00000000	      0.00000000	      0.00000000	      0.00000000	      0.00000000	      0.00000000	      0.00000000	      0.00000000	      0.00000000	      0.00000000	      0.00000000	      0.00000000	      0.00000000	      0.00000000	      0.00000000	      0.00000000	      0.00000000	      0.00000000	      0.00000000	      0.00000000	      0.00000000	      0.00000000	      0.00000000	      0.00000000	      0.00000000	      0.00000000	      0.00000000	      0.00000000	      0.00000000	      0.02650760	      0.02857523	      0.00000000	      0.00000000	      0.00000000	     -0.01264995	     -0.01769913	     -0.04237021	     -0.04161380	      0.00000000	      0.00000000	      0.00000000	      0.00000000	      0.00000000	      0.00000000	      0.00000000	      0.00000000	     -0.01087345	     -0.01214988	      0.02652538	      0.00000000	      0.00000000	      0.00000000	      0.00000000	      0.00000000	      0.00000000	      0.00000000	      0.00000000	      0.00000000	     -0.04138086	      0.00000000	      0.03367713	     -0.01312023	      0.00000000	      0.00000000	      0.00000000	      0.00000000
      1.73750000	      0.00000000	      0.00000000	      0.00000000	      0.00000000	      0.00000000	      0.00000000	      0.00000000	      0.00000000	      0.00000000	      0.00000000	      0.00000000	      0.00000000	      0.00000000	      0.00000000	      0.00000000	      0.00000000	      0.00000000	      0.00000000	      0.00000000	      0.00000000	      0.00000000	      0.00000000	      0.00000000	      0.00000000	      0.00000000	      0.00000000	      0.00000000	      0.00000000	      0.00000000	      0.00000000	      0.00000000	      0.00000000	      0.00000000	      0.00000000	      0.00000000	      0.00000000	      0.00000000	      0.00000000	      0.00000000	      0.00000000	      0.00000000	      0.00000000	      0.00000000	      0.00000000	      0.00000000	      0.00000000	      0.00000000	      0.02665036	      0.02873638	      0.00000000	      0.00000000	      0.00000000	     -0.01249609	     -0.01753676	     -0.04225887	     -0.04151997	      0.00000000	      0.00000000	      0.00000000	      0.00000000	      0.00000000	      0.00000000	      0.00000000	      0.00000000	     -0.01081826	     -0.01210831	      0.02659118	      0.00000000	      0.00000000	      0.00000000	      0.00000000	      0.00000000	      0.00000000	      0.00000000	      0.00000000	      0.00000000	     -0.04122636	      0.00000000	      0.03391332	     -0.01298047	      0.00000000	      0.00000000	      0.00000000	      0.00000000
      1.74800000	      0.00000000	      0.00000000	      0.00000000	      0.00000000	      0.00000000	      0.00000000	      0.00000000	      0.00000000	      0.00000000	      0.00000000	      0.00000000	      0.00000000	      0.00000000	      0.00000000	      0.00000000	      0.00000000	      0.00000000	      0.00000000	      0.00000000	      0.00000000	      0.00000000	      0.00000000	      0.00000000	      0.00000000	      0.00000000	      0.00000000	      0.00000000	      0.00000000	      0.00000000	      0.00000000	      0.00000000	      0.00000000	      0.00000000	      0.00000000	      0.00000000	      0.00000000	      0.00000000	      0.00000000	      0.00000000	      0.00000000	      0.00000000	      0.00000000	      0.00000000	      0.00000000	      0.00000000	      0.00000000	      0.00000000	      0.02679922	      0.02890451	      0.00000000	      0.00000000	      0.00000000	     -0.01233241	     -0.01736383	     -0.04213083	     -0.04141052	      0.00000000	      0.00000000	      0.00000000	      0.00000000	      0.00000000	      0.00000000	      0.00000000	      0.00000000	     -0.01075882	     -0.01206264	      0.02665615	      0.00000000	      0.00000000	      0.00000000	      0.00000000	      0.00000000	      0.00000000	      0.00000000	      0.00000000	      0.00000000	     -0.04105338	      0.00000000	      0.03416006	     -0.01283155	      0.00000000	      0.00000000	      0.00000000	      0.00000000
      1.75850000	      0.00000000	      0.00000000	      0.00000000	      0.00000000	      0.00000000	      0.00000000	      0.00000000	      0.00000000	      0.00000000	      0.00000000	      0.00000000	      0.00000000	      0.00000000	      0.00000000	      0.00000000	      0.00000000	      0.00000000	      0.00000000	      0.00000000	      0.00000000	      0.00000000	      0.00000000	      0.00000000	      0.00000000	      0.00000000	      0.00000000	      0.00000000	      0.00000000	      0.00000000	      0.00000000	      0.00000000	      0.00000000	      0.00000000	      0.00000000	      0.00000000	      0.00000000	      0.00000000	      0.00000000	      0.00000000	      0.00000000	      0.00000000	      0.00000000	      0.00000000	      0.00000000	      0.00000000	      0.00000000	      0.00000000	      0.02695094	      0.02907597	      0.00000000	      0.00000000	     -0.00000000	     -0.01216204	     -0.01718362	     -0.04198735	     -0.04128633	      0.00000000	      0.00000000	      0.00000000	      0.00000000	      0.00000000	      0.00000000	      0.00000000	      0.00000000	     -0.01069619	     -0.01201361	      0.02671821	      0.00000000	      0.00000000	      0.00000000	      0.00000000	      0.00000000	      0.00000000	      0.00000000	      0.00000000	      0.00000000	     -0.04086417	      0.00000000	      0.03441199	     -0.01267631	      0.00000000	      0.00000000	      0.00000000	      0.00000000
      1.76900000	      0.00000000	      0.00000000	      0.00000000	      0.00000000	      0.00000000	      0.00000000	      0.00000000	      0.00000000	      0.00000000	      0.00000000	      0.00000000	      0.00000000	      0.00000000	      0.00000000	      0.00000000	      0.00000000	      0.00000000	      0.00000000	      0.00000000	      0.00000000	      0.00000000	      0.00000000	      0.00000000	      0.00000000	      0.00000000	      0.00000000	      0.00000000	      0.00000000	      0.00000000	      0.00000000	      0.00000000	      0.00000000	      0.00000000	      0.00000000	      0.00000000	      0.00000000	      0.00000000	      0.00000000	      0.00000000	      0.00000000	      0.00000000	      0.00000000	      0.00000000	      0.00000000	      0.00000000	      0.00000000	      0.00000000	      0.02710163	      0.02924637	      0.00000000	      0.00000000	      0.00000000	     -0.01198911	     -0.01700047	     -0.04183137	     -0.04114988	      0.00000000	      0.00000000	      0.00000000	      0.00000000	      0.00000000	      0.00000000	      0.00000000	      0.00000000	     -0.01063186	     -0.01196234	      0.02677536	      0.00000000	      0.00000000	      0.00000000	      0.00000000	      0.00000000	      0.00000000	      0.00000000	      0.00000000	      0.00000000	     -0.04066286	      0.00000000	      0.03466270	     -0.01251849	      0.00000000	      0.00000000	      0.00000000	      0.00000000
      1.77950000	      0.00000000	      0.00000000	      0.00000000	      0.00000000	      0.00000000	      0.00000000	      0.00000000	      0.00000000	      0.00000000	      0.00000000	      0.00000000	      0.00000000	      0.00000000	      0.00000000	      0.00000000	      0.00000000	      0.00000000	      0.00000000	      0.00000000	      0.00000000	      0.00000000	      0.00000000	      0.00000000	      0.00000000	      0.00000000	      0.00000000	      0.00000000	      0.00000000	      0.00000000	      0.00000000	      0.00000000	      0.00000000	      0.00000000	      0.00000000	      0.00000000	      0.00000000	      0.00000000	      0.00000000	      0.00000000	      0.00000000	      0.00000000	      0.00000000	      0.00000000	      0.00000000	      0.00000000	      0.00000000	      0.00000000	      0.02724790	      0.02941188	      0.00000000	      0.00000000	      0.00000000	     -0.01181754	     -0.01681855	     -0.04166662	     -0.04100444	      0.00000000	      0.00000000	      0.00000000	      0.00000000	      0.00000000	      0.00000000	      0.00000000	      0.00000000	     -0.01056730	     -0.01191005	      0.02682614	      0.00000000	      0.00000000	      0.00000000	      0.00000000	      0.00000000	      0.00000000	      0.00000000	      0.00000000	      0.00000000	     -0.04045419	      0.00000000	      0.03490654	     -0.01236168	      0.00000000	      0.00000000	      0.00000000	      0.00000000
      1.79000000	      0.00000000	      0.00000000	      0.00000000	      0.00000000	      0.00000000	      0.00000000	      0.00000000	      0.00000000	      0.00000000	      0.00000000	      0.00000000	      0.00000000	      0.00000000	      0.00000000	      0.00000000	      0.00000000	      0.00000000	      0.00000000	      0.00000000	      0.00000000	      0.00000000	      0.00000000	      0.00000000	      0.00000000	      0.00000000	      0.00000000	      0.00000000	      0.00000000	      0.00000000	      0.00000000	      0.00000000	      0.00000000	      0.00000000	      0.00000000	      0.00000000	      0.00000000	      0.00000000	      0.00000000	      0.00000000	      0.00000000	      0.00000000	      0.00000000	      0.00000000	      0.00000000	      0.00000000	      0.00000000	      0.00000000	      0.02738732	      0.02956974	      0.00000000	      0.00000000	      0.00000000	     -0.01165044	     -0.01664116	     -0.04149685	     -0.04085343	      0.00000000	      0.00000000	      0.00000000	      0.00000000	      0.00000000	      0.00000000	      0.00000000	      0.00000000	     -0.01050375	     -0.01185784	      0.02686987	      0.00000000	      0.00000000	      0.00000000	      0.00000000	      0.00000000	      0.00000000	      0.00000000	      0.00000000	      0.00000000	     -0.04024264	      0.00000000	      0.03513940	     -0.01220873	      0.00000000	      0.00000000	      0.00000000	      0.00000000
      1.80050000	      0.00000000	      0.00000000	      0.00000000	      0.00000000	      0.00000000	      0.00000000	      0.00000000	      0.00000000	      0.00000000	      0.00000000	      0.00000000	      0.00000000	      0.00000000	      0.00000000	      0.00000000	      0.00000000	      0.00000000	      0.00000000	      0.00000000	      0.00000000	      0.00000000	      0.00000000	      0.00000000	      0.00000000	      0.00000000	      0.00000000	      0.00000000	      0.00000000	      0.00000000	      0.00000000	      0.00000000	      0.00000000	      0.00000000	      0.00000000	      0.00000000	      0.00000000	      0.00000000	      0.00000000	      0.00000000	      0.00000000	      0.00000000	      0.00000000	      0.00000000	      0.00000000	      0.00000000	      0.00000000	      0.00000000	      0.02751769	      0.02971745	      0.00000000	      0.00000000	     -0.00000000	     -0.01149087	     -0.01647157	     -0.04132639	     -0.04070082	      0.00000000	      0.00000000	      0.00000000	      0.00000000	      0.00000000	      0.00000000	      0.00000000	      0.00000000	     -0.01044247	     -0.01180684	      0.02690626	      0.00000000	      0.00000000	      0.00000000	      0.00000000	      0.00000000	      0.00000000	      0.00000000	      0.00000000	      0.00000000	     -0.04003319	      0.00000000	      0.03535757	     -0.01206249	      0.00000000	      0.00000000	      0.00000000	      0.00000000
      1.81100000	      0.00000000	      0.00000000	      0.00000000	      0.00000000	      0.00000000	      0.00000000	      0.00000000	      0.00000000	      0.00000000	      0.00000000	      0.00000000	      0.00000000	      0.00000000	      0.00000000	      0.00000000	      0.00000000	      0.00000000	      0.00000000	      0.00000000	      0.00000000	      0.00000000	      0.00000000	      0.00000000	      0.00000000	      0.00000000	      0.00000000	      0.00000000	      0.00000000	      0.00000000	      0.00000000	      0.00000000	      0.00000000	      0.00000000	      0.00000000	      0.00000000	      0.00000000	      0.00000000	      0.00000000	      0.00000000	      0.00000000	      0.00000000	      0.00000000	      0.00000000	      0.00000000	      0.00000000	      0.00000000	      0.00000000	      0.02763757	      0.02985337	      0.00000000	      0.00000000	      0.00000000	     -0.01134118	     -0.01631231	     -0.04115925	     -0.04055038	      0.00000000	      0.00000000	      0.00000000	      0.00000000	      0.00000000	      0.00000000	      0.00000000	      0.00000000	     -0.01038446	     -0.01175802	      0.02693554	      0.00000000	      0.00000000	      0.00000000	      0.00000000	      0.00000000	      0.00000000	      0.00000000	      0.00000000	      0.00000000	     -0.03983027	      0.00000000	      0.03555855	     -0.01192513	      0.00000000	      0.00000000	      0.00000000	      0.00000000
      1.82150000	      0.00000000	      0.00000000	      0.00000000	      0.00000000	      0.00000000	      0.00000000	      0.00000000	      0.00000000	      0.00000000	      0.00000000	      0.00000000	      0.00000000	      0.00000000	      0.00000000	      0.00000000	      0.00000000	      0.00000000	      0.00000000	      0.00000000	      0.00000000	      0.00000000	      0.00000000	      0.00000000	      0.00000000	      0.00000000	      0.00000000	      0.00000000	      0.00000000	      0.00000000	      0.00000000	      0.00000000	      0.00000000	      0.00000000	      0.00000000	      0.00000000	      0.00000000	      0.00000000	      0.00000000	      0.00000000	      0.00000000	      0.00000000	      0.00000000	      0.00000000	      0.00000000	      0.00000000	      0.00000000	      0.00000000	      0.02774596	      0.02997633	      0.00000000	      0.00000000	     -0.00000000	     -0.01120327	     -0.01616544	     -0.04099923	     -0.04040570	      0.00000000	      0.00000000	      0.00000000	      0.00000000	      0.00000000	      0.00000000	      0.00000000	      0.00000000	     -0.01033060	     -0.01171225	      0.02695830	      0.00000000	      0.00000000	      0.00000000	      0.00000000	      0.00000000	      0.00000000	      0.00000000	      0.00000000	      0.00000000	     -0.03963796	      0.00000000	      0.03574058	     -0.01179846	      0.00000000	      0.00000000	      0.00000000	      0.00000000
      1.83200000	      0.00000000	      0.00000000	      0.00000000	      0.00000000	      0.00000000	      0.00000000	      0.00000000	      0.00000000	      0.00000000	      0.00000000	      0.00000000	      0.00000000	      0.00000000	      0.00000000	      0.00000000	      0.00000000	      0.00000000	      0.00000000	      0.00000000	      0.00000000	      0.00000000	      0.00000000	      0.00000000	      0.00000000	      0.00000000	      0.00000000	      0.00000000	      0.00000000	      0.00000000	      0.00000000	      0.00000000	      0.00000000	      0.00000000	      0.00000000	      0.00000000	      0.00000000	      0.00000000	      0.00000000	      0.00000000	      0.00000000	      0.00000000	      0.00000000	      0.00000000	      0.00000000	      0.00000000	      0.00000000	      0.00000000	      0.02784255	      0.03008596	      0.00000000	      0.00000000	      0.00000000	     -0.01107824	     -0.01603218	     -0.04084925	     -0.04026959	      0.00000000	      0.00000000	      0.00000000	      0.00000000	      0.00000000	      0.00000000	      0.00000000	      0.00000000	     -0.01028142	     -0.01167011	      0.02697537	      0.00000000	      0.00000000	      0.00000000	      0.00000000	      0.00000000	      0.00000000	      0.00000000	      0.00000000	      0.00000000	     -0.03945926	      0.00000000	      0.03590304	     -0.01168349	      0.00000000	      0.00000000	      0.00000000	      0.00000000
      1.84250000	      0.00000000	      0.00000000	      0.00000000	      0.00000000	      0.00000000	      0.00000000	      0.00000000	      0.00000000	      0.00000000	      0.00000000	      0.00000000	      0.00000000	      0.00000000	      0.00000000	      0.00000000	      0.00000000	      0.00000000	      0.00000000	      0.00000000	      0.00000000	      0.00000000	      0.00000000	      0.00000000	      0.00000000	      0.00000000	      0.00000000	      0.00000000	      0.00000000	      0.00000000	      0.00000000	      0.00000000	      0.00000000	      0.00000000	      0.00000000	      0.00000000	      0.00000000	      0.00000000	      0.00000000	      0.00000000	      0.00000000	      0.00000000	      0.00000000	      0.00000000	      0.00000000	      0.00000000	      0.00000000	      0.00000000	      0.02792735	      0.03018227	      0.00000000	      0.00000000	      0.00000000	     -0.01096674	     -0.01591324	     -0.04071164	     -0.04014433	      0.00000000	      0.00000000	      0.00000000	      0.00000000	      0.00000000	      0.00000000	      0.00000000	      0.00000000	     -0.01023730	     -0.01163203	      0.02698769	      0.00000000	      0.00000000	      0.00000000	      0.00000000	      0.00000000	      0.00000000	      0.00000000	      0.00000000	      0.00000000	     -0.03929647	      0.00000000	      0.03604588	     -0.01158089	      0.00000000	      0.00000000	      0.00000000	      0.00000000
      1.85300000	      0.00000000	      0.00000000	      0.00000000	      0.00000000	      0.00000000	      0.00000000	      0.00000000	      0.00000000	      0.00000000	      0.00000000	      0.00000000	      0.00000000	      0.00000000	      0.00000000	      0.00000000	      0.00000000	      0.00000000	      0.00000000	      0.00000000	      0.00000000	      0.00000000	      0.00000000	      0.00000000	      0.00000000	      0.00000000	      0.00000000	      0.00000000	      0.00000000	      0.00000000	      0.00000000	      0.00000000	      0.00000000	      0.00000000	      0.00000000	      0.00000000	      0.00000000	      0.00000000	      0.00000000	      0.00000000	      0.00000000	      0.00000000	      0.00000000	      0.00000000	      0.00000000	      0.00000000	      0.00000000	      0.00000000	      0.02800083	      0.03026576	      0.00000000	      0.00000000	     -0.00000000	     -0.01086877	     -0.01580865	     -0.04058777	     -0.04003128	      0.00000000	      0.00000000	      0.00000000	      0.00000000	      0.00000000	      0.00000000	      0.00000000	      0.00000000	     -0.01019832	     -0.01159819	      0.02699622	      0.00000000	      0.00000000	      0.00000000	      0.00000000	      0.00000000	      0.00000000	      0.00000000	      0.00000000	      0.00000000	     -0.03915081	      0.00000000	      0.03616982	     -0.01149066	      0.00000000	      0.00000000	      0.00000000	      0.00000000
      1.86350000	      0.00000000	      0.00000000	      0.00000000	      0.00000000	      0.00000000	      0.00000000	      0.00000000	      0.00000000	      0.00000000	      0.00000000	      0.00000000	      0.00000000	      0.00000000	      0.00000000	      0.00000000	      0.00000000	      0.00000000	      0.00000000	      0.00000000	      0.00000000	      0.00000000	      0.00000000	      0.00000000	      0.00000000	      0.00000000	      0.00000000	      0.00000000	      0.00000000	      0.00000000	      0.00000000	      0.00000000	      0.00000000	      0.00000000	      0.00000000	      0.00000000	      0.00000000	      0.00000000	      0.00000000	      0.00000000	      0.00000000	      0.00000000	      0.00000000	      0.00000000	      0.00000000	      0.00000000	      0.00000000	      0.00000000	      0.02806374	      0.03033727	      0.00000000	      0.00000000	      0.00000000	     -0.01078385	     -0.01571795	     -0.04047820	     -0.03993108	      0.00000000	      0.00000000	      0.00000000	      0.00000000	      0.00000000	      0.00000000	      0.00000000	      0.00000000	     -0.01016438	     -0.01156858	      0.02700185	      0.00000000	      0.00000000	      0.00000000	      0.00000000	      0.00000000	      0.00000000	      0.00000000	      0.00000000	      0.00000000	     -0.03902262	      0.00000000	      0.03627605	     -0.01141240	      0.00000000	      0.00000000	      0.00000000	      0.00000000
      1.87400000	      0.00000000	      0.00000000	      0.00000000	      0.00000000	      0.00000000	      0.00000000	      0.00000000	      0.00000000	      0.00000000	      0.00000000	      0.00000000	      0.00000000	      0.00000000	      0.00000000	      0.00000000	      0.00000000	      0.00000000	      0.00000000	      0.00000000	      0.00000000	      0.00000000	      0.00000000	      0.00000000	      0.00000000	      0.00000000	      0.00000000	      0.00000000	      0.00000000	      0.00000000	      0.00000000	      0.00000000	      0.00000000	      0.00000000	      0.00000000	      0.00000000	      0.00000000	      0.00000000	      0.00000000	      0.00000000	      0.00000000	      0.00000000	      0.00000000	      0.00000000	      0.00000000	      0.00000000	      0.00000000	      0.00000000	      0.02811714	      0.03039800	      0.00000000	      0.00000000	      0.00000000	     -0.01071099	     -0.01564009	     -0.04038259	     -0.03984349	      0.00000000	      0.00000000	      0.00000000	      0.00000000	      0.00000000	      0.00000000	      0.00000000	      0.00000000	     -0.01013516	     -0.01154297	      0.02700536	      0.00000000	      0.00000000	      0.00000000	      0.00000000	      0.00000000	      0.00000000	      0.00000000	      0.00000000	      0.00000000	     -0.03891122	      0.00000000	      0.03636631	     -0.01134523	      0.00000000	      0.00000000	      0.00000000	      0.00000000
      1.88450000	      0.00000000	      0.00000000	      0.00000000	      0.00000000	      0.00000000	      0.00000000	      0.00000000	      0.00000000	      0.00000000	      0.00000000	      0.00000000	      0.00000000	      0.00000000	      0.00000000	      0.00000000	      0.00000000	      0.00000000	      0.00000000	      0.00000000	      0.00000000	      0.00000000	      0.00000000	      0.00000000	      0.00000000	      0.00000000	      0.00000000	      0.00000000	      0.00000000	      0.00000000	      0.00000000	      0.00000000	      0.00000000	      0.00000000	      0.00000000	      0.00000000	      0.00000000	      0.00000000	      0.00000000	      0.00000000	      0.00000000	      0.00000000	      0.00000000	      0.00000000	      0.00000000	      0.00000000	      0.00000000	      0.00000000	      0.02816219	      0.03044925	      0.00000000	      0.00000000	     -0.00000000	     -0.01064896	     -0.01557377	     -0.04030003	     -0.03976774	      0.00000000	      0.00000000	      0.00000000	      0.00000000	      0.00000000	      0.00000000	      0.00000000	      0.00000000	     -0.01011019	     -0.01152103	      0.02700738	      0.00000000	      0.00000000	      0.00000000	      0.00000000	      0.00000000	      0.00000000	      0.00000000	      0.00000000	      0.00000000	     -0.03881534	      0.00000000	      0.03644253	     -0.01128801	      0.00000000	      0.00000000	      0.00000000	      0.00000000
      1.89500000	      0.00000000	      0.00000000	      0.00000000	      0.00000000	      0.00000000	      0.00000000	      0.00000000	      0.00000000	      0.00000000	      0.00000000	      0.00000000	      0.00000000	      0.00000000	      0.00000000	      0.00000000	      0.00000000	      0.00000000	      0.00000000	      0.00000000	      0.00000000	      0.00000000	      0.00000000	      0.00000000	      0.00000000	      0.00000000	      0.00000000	      0.00000000	      0.00000000	      0.00000000	      0.00000000	      0.00000000	      0.00000000	      0.00000000	      0.00000000	      0.00000000	      0.00000000	      0.00000000	      0.00000000	      0.00000000	      0.00000000	      0.00000000	      0.00000000	      0.00000000	      0.00000000	      0.00000000	      0.00000000	      0.00000000	      0.02819977	      0.03049201	      0.00000000	      0.00000000	      0.00000000	     -0.01059680	     -0.01551799	     -0.04022980	     -0.03970324	      0.00000000	      0.00000000	      0.00000000	      0.00000000	      0.00000000	      0.00000000	      0.00000000	      0.00000000	     -0.01008915	     -0.01150247	      0.02700838	      0.00000000	      0.00000000	      0.00000000	      0.00000000	      0.00000000	      0.00000000	      0.00000000	      0.00000000	      0.00000000	     -0.03873401	      0.00000000	      0.03650616	     -0.01123988	      0.00000000	      0.00000000	      0.00000000	      0.00000000
      1.90550000	      0.00000000	      0.00000000	      0.00000000	      0.00000000	      0.00000000	      0.00000000	      0.00000000	      0.00000000	      0.00000000	      0.00000000	      0.00000000	      0.00000000	      0.00000000	      0.00000000	      0.00000000	      0.00000000	      0.00000000	      0.00000000	      0.00000000	      0.00000000	      0.00000000	      0.00000000	      0.00000000	      0.00000000	      0.00000000	      0.00000000	      0.00000000	      0.00000000	      0.00000000	      0.00000000	      0.00000000	      0.00000000	      0.00000000	      0.00000000	      0.00000000	      0.00000000	      0.00000000	      0.00000000	      0.00000000	      0.00000000	      0.00000000	      0.00000000	      0.00000000	      0.00000000	      0.00000000	      0.00000000	      0.00000000	      0.02823102	      0.03052758	      0.00000000	      0.00000000	     -0.00000000	     -0.01055315	     -0.01547129	     -0.04017045	     -0.03964867	      0.00000000	      0.00000000	      0.00000000	      0.00000000	      0.00000000	      0.00000000	      0.00000000	      0.00000000	     -0.01007149	     -0.01148687	      0.02700872	      0.00000000	      0.00000000	      0.00000000	      0.00000000	      0.00000000	      0.00000000	      0.00000000	      0.00000000	      0.00000000	     -0.03866544	      0.00000000	      0.03655909	     -0.01119959	      0.00000000	      0.00000000	      0.00000000	      0.00000000
      1.91600000	      0.00000000	      0.00000000	      0.00000000	      0.00000000	      0.00000000	      0.00000000	      0.00000000	      0.00000000	      0.00000000	      0.00000000	      0.00000000	      0.00000000	      0.00000000	      0.00000000	      0.00000000	      0.00000000	      0.00000000	      0.00000000	      0.00000000	      0.00000000	      0.00000000	      0.00000000	      0.00000000	      0.00000000	      0.00000000	      0.00000000	      0.00000000	      0.00000000	      0.00000000	      0.00000000	      0.00000000	      0.00000000	      0.00000000	      0.00000000	      0.00000000	      0.00000000	      0.00000000	      0.00000000	      0.00000000	      0.00000000	      0.00000000	      0.00000000	      0.00000000	      0.00000000	      0.00000000	      0.00000000	      0.00000000	      0.02825705	      0.03055721	      0.00000000	      0.00000000	      0.00000000	     -0.01051660	     -0.01543217	     -0.04012035	     -0.03960258	      0.00000000	      0.00000000	      0.00000000	      0.00000000	      0.00000000	      0.00000000	      0.00000000	      0.00000000	     -0.01005668	     -0.01147375	      0.02700866	      0.00000000	      0.00000000	      0.00000000	      0.00000000	      0.00000000	      0.00000000	      0.00000000	      0.00000000	      0.00000000	     -0.03860766	      0.00000000	      0.03660320	     -0.01116584	      0.00000000	      0.00000000	      0.00000000	      0.00000000
      1.92650000	      0.00000000	      0.00000000	      0.00000000	      0.00000000	      0.00000000	      0.00000000	      0.00000000	      0.00000000	      0.00000000	      0.00000000	      0.00000000	      0.00000000	      0.00000000	      0.00000000	      0.00000000	      0.00000000	      0.00000000	      0.00000000	      0.00000000	      0.00000000	      0.00000000	      0.00000000	      0.00000000	      0.00000000	      0.00000000	      0.00000000	      0.00000000	      0.00000000	      0.00000000	      0.00000000	      0.00000000	      0.00000000	      0.00000000	      0.00000000	      0.00000000	      0.00000000	      0.00000000	      0.00000000	      0.00000000	      0.00000000	      0.00000000	      0.00000000	      0.00000000	      0.00000000	      0.00000000	      0.00000000	      0.00000000	      0.02827840	      0.03058152	      0.00000000	      0.00000000	     -0.00000000	     -0.01048647	     -0.01539993	     -0.04007879	     -0.03956432	      0.00000000	      0.00000000	      0.00000000	      0.00000000	      0.00000000	      0.00000000	      0.00000000	      0.00000000	     -0.01004446	     -0.01146291	      0.02700836	      0.00000000	      0.00000000	      0.00000000	      0.00000000	      0.00000000	      0.00000000	      0.00000000	      0.00000000	      0.00000000	     -0.03855981	      0.00000000	      0.03663941	     -0.01113802	      0.00000000	      0.00000000	      0.00000000	      0.00000000
      1.93700000	      0.00000000	      0.00000000	      0.00000000	      0.00000000	      0.00000000	      0.00000000	      0.00000000	      0.00000000	      0.00000000	      0.00000000	      0.00000000	      0.00000000	      0.00000000	      0.00000000	      0.00000000	      0.00000000	      0.00000000	      0.00000000	      0.00000000	      0.00000000	      0.00000000	      0.00000000	      0.00000000	      0.00000000	      0.00000000	      0.00000000	      0.00000000	      0.00000000	      0.00000000	      0.00000000	      0.00000000	      0.00000000	      0.00000000	      0.00000000	      0.00000000	      0.00000000	      0.00000000	      0.00000000	      0.00000000	      0.00000000	      0.00000000	      0.00000000	      0.00000000	      0.00000000	      0.00000000	      0.00000000	      0.00000000	      0.02829541	      0.03060089	      0.00000000	      0.00000000	      0.00000000	     -0.01046237	     -0.01537413	     -0.04004538	     -0.03953354	      0.00000000	      0.00000000	      0.00000000	      0.00000000	      0.00000000	      0.00000000	      0.00000000	      0.00000000	     -0.01003467	     -0.01145422	      0.02700797	      0.00000000	      0.00000000	      0.00000000	      0.00000000	      0.00000000	      0.00000000	      0.00000000	      0.00000000	      0.00000000	     -0.03852138	      0.00000000	      0.03666827	     -0.01111576	      0.00000000	      0.00000000	      0.00000000	      0.00000000
      1.94750000	      0.00000000	      0.00000000	      0.00000000	      0.00000000	      0.00000000	      0.00000000	      0.00000000	      0.00000000	      0.00000000	      0.00000000	      0.00000000	      0.00000000	      0.00000000	      0.00000000	      0.00000000	      0.00000000	      0.00000000	      0.00000000	      0.00000000	      0.00000000	      0.00000000	      0.00000000	      0.00000000	      0.00000000	      0.00000000	      0.00000000	      0.00000000	      0.00000000	      0.00000000	      0.00000000	      0.00000000	      0.00000000	      0.00000000	      0.00000000	      0.00000000	      0.00000000	      0.00000000	      0.00000000	      0.00000000	      0.00000000	      0.00000000	      0.00000000	      0.00000000	      0.00000000	      0.00000000	      0.00000000	      0.00000000	      0.02830860	      0.03061591	      0.00000000	      0.00000000	     -0.00000000	     -0.01044363	     -0.01535407	     -0.04001929	     -0.03950950	      0.00000000	      0.00000000	      0.00000000	      0.00000000	      0.00000000	      0.00000000	      0.00000000	      0.00000000	     -0.01002705	     -0.01144744	      0.02700757	      0.00000000	      0.00000000	      0.00000000	      0.00000000	      0.00000000	      0.00000000	      0.00000000	      0.00000000	      0.00000000	     -0.03849140	      0.00000000	      0.03669065	     -0.01109845	      0.00000000	      0.00000000	      0.00000000	      0.00000000
      1.95800000	      0.00000000	      0.00000000	      0.00000000	      0.00000000	      0.00000000	      0.00000000	      0.00000000	      0.00000000	      0.00000000	      0.00000000	      0.00000000	      0.00000000	      0.00000000	      0.00000000	      0.00000000	      0.00000000	      0.00000000	      0.00000000	      0.00000000	      0.00000000	      0.00000000	      0.00000000	      0.00000000	      0.00000000	      0.00000000	      0.00000000	      0.00000000	      0.00000000	      0.00000000	      0.00000000	      0.00000000	      0.00000000	      0.00000000	      0.00000000	      0.00000000	      0.00000000	      0.00000000	      0.00000000	      0.00000000	      0.00000000	      0.00000000	      0.00000000	      0.00000000	      0.00000000	      0.00000000	      0.00000000	      0.00000000	      0.02831814	      0.03062678	      0.00000000	      0.00000000	      0.00000000	     -0.01043005	     -0.01533952	     -0.04000031	     -0.03949201	      0.00000000	      0.00000000	      0.00000000	      0.00000000	      0.00000000	      0.00000000	      0.00000000	      0.00000000	     -0.01002152	     -0.01144253	      0.02700723	      0.00000000	      0.00000000	      0.00000000	      0.00000000	      0.00000000	      0.00000000	      0.00000000	      0.00000000	      0.00000000	     -0.03846962	      0.00000000	      0.03670684	     -0.01108590	      0.00000000	      0.00000000	      0.00000000	      0.00000000
      1.96850000	      0.00000000	      0.00000000	      0.00000000	      0.00000000	      0.00000000	      0.00000000	      0.00000000	      0.00000000	      0.00000000	      0.00000000	      0.00000000	      0.00000000	      0.00000000	      0.00000000	      0.00000000	      0.00000000	      0.00000000	      0.00000000	      0.00000000	      0.00000000	      0.00000000	      0.00000000	      0.00000000	      0.00000000	      0.00000000	      0.00000000	      0.00000000	      0.00000000	      0.00000000	      0.00000000	      0.00000000	      0.00000000	      0.00000000	      0.00000000	      0.00000000	      0.00000000	      0.00000000	      0.00000000	      0.00000000	      0.00000000	      0.00000000	      0.00000000	      0.00000000	      0.00000000	      0.00000000	      0.00000000	      0.00000000	      0.02832403	      0.03063349	      0.00000000	      0.00000000	      0.00000000	     -0.01042164	     -0.01533052	     -0.03998854	     -0.03948117	      0.00000000	      0.00000000	      0.00000000	      0.00000000	      0.00000000	      0.00000000	      0.00000000	      0.00000000	     -0.01001809	     -0.01143948	      0.02700699	      0.00000000	      0.00000000	      0.00000000	      0.00000000	      0.00000000	      0.00000000	      0.00000000	      0.00000000	      0.00000000	     -0.03845611	      0.00000000	      0.03671685	     -0.01107813	      0.00000000	      0.00000000	      0.00000000	      0.00000000
      1.97900000	      0.00000000	      0.00000000	      0.00000000	      0.00000000	      0.00000000	      0.00000000	      0.00000000	      0.00000000	      0.00000000	      0.00000000	      0.00000000	      0.00000000	      0.00000000	      0.00000000	      0.00000000	      0.00000000	      0.00000000	      0.00000000	      0.00000000	      0.00000000	      0.00000000	      0.00000000	      0.00000000	      0.00000000	      0.00000000	      0.00000000	      0.00000000	      0.00000000	      0.00000000	      0.00000000	      0.00000000	      0.00000000	      0.00000000	      0.00000000	      0.00000000	      0.00000000	      0.00000000	      0.00000000	      0.00000000	      0.00000000	      0.00000000	      0.00000000	      0.00000000	      0.00000000	      0.00000000	      0.00000000	      0.00000000	      0.02832684	      0.03063670	      0.00000000	      0.00000000	     -0.00000000	     -0.01041763	     -0.01532622	     -0.03998293	     -0.03947598	      0.00000000	      0.00000000	      0.00000000	      0.00000000	      0.00000000	      0.00000000	      0.00000000	      0.00000000	     -0.01001646	     -0.01143802	      0.02700687	      0.00000000	      0.00000000	      0.00000000	      0.00000000	      0.00000000	      0.00000000	      0.00000000	      0.00000000	      0.00000000	     -0.03844967	      0.00000000	      0.03672162	     -0.01107442	      0.00000000	      0.00000000	      0.00000000	      0.00000000
      1.98950000	      0.00000000	      0.00000000	      0.00000000	      0.00000000	      0.00000000	      0.00000000	      0.00000000	      0.00000000	      0.00000000	      0.00000000	      0.00000000	      0.00000000	      0.00000000	      0.00000000	      0.00000000	      0.00000000	      0.00000000	      0.00000000	      0.00000000	      0.00000000	      0.00000000	      0.00000000	      0.00000000	      0.00000000	      0.00000000	      0.00000000	      0.00000000	      0.00000000	      0.00000000	      0.00000000	      0.00000000	      0.00000000	      0.00000000	      0.00000000	      0.00000000	      0.00000000	      0.00000000	      0.00000000	      0.00000000	      0.00000000	      0.00000000	      0.00000000	      0.00000000	      0.00000000	      0.00000000	      0.00000000	      0.00000000	      0.02832730	      0.03063721	      0.00000000	      0.00000000	     -0.00000000	     -0.01041698	     -0.01532553	     -0.03998202	     -0.03947515	      0.00000000	      0.00000000	      0.00000000	      0.00000000	      0.00000000	      0.00000000	      0.00000000	      0.00000000	     -0.01001620	     -0.01143779	      0.02700685	      0.00000000	      0.00000000	      0.00000000	      0.00000000	      0.00000000	      0.00000000	      0.00000000	      0.00000000	      0.00000000	     -0.03844863	      0.00000000	      0.03672238	     -0.01107383	      0.00000000	      0.00000000	      0.00000000	      0.00000000
      2.00000000	      0.00000000	      0.00000000	      0.00000000	      0.00000000	      0.00000000	      0.00000000	      0.00000000	      0.00000000	      0.00000000	      0.00000000	      0.00000000	      0.00000000	      0.00000000	      0.00000000	      0.00000000	      0.00000000	      0.00000000	      0.00000000	      0.00000000	      0.00000000	      0.00000000	      0.00000000	      0.00000000	      0.00000000	      0.00000000	      0.00000000	      0.00000000	      0.00000000	      0.00000000	      0.00000000	      0.00000000	      0.00000000	      0.00000000	      0.00000000	      0.00000000	      0.00000000	      0.00000000	      0.00000000	      0.00000000	      0.00000000	      0.00000000	      0.00000000	      0.00000000	      0.00000000	      0.00000000	      0.00000000	      0.00000000	      0.02832617	      0.03063592	      0.00000000	      0.00000000	     -0.00000000	     -0.01041860	     -0.01532726	     -0.03998428	     -0.03947724	      0.00000000	      0.00000000	      0.00000000	      0.00000000	      0.00000000	      0.00000000	      0.00000000	      0.00000000	     -0.01001686	     -0.01143838	      0.02700690	      0.00000000	      0.00000000	      0.00000000	      0.00000000	      0.00000000	      0.00000000	      0.00000000	      0.00000000	      0.00000000	     -0.03845122	      0.00000000	      0.03672046	     -0.01107532	      0.00000000	      0.00000000	      0.00000000	      0.00000000
