Length
version=1
nRows=100
nColumns=85
inDegrees=no

This analysis gathers basic information about muscles during a simulation (e.g., forces, tendon lengths, moment arms, etc).
Units are S.I. units (second, meters, Newtons, ...)
If the header above contains a line with 'inDegrees', this indicates whether rotational values are in degrees (yes) or radians (no).

endheader
time	addbrev_r	addlong_r	addmagMid_r	bflh_r	bfsh_r	edl_r	ehl_r	ercspn_r	extobl_r	fdb_r	fdl_r	fhl_r	gaslat_r	gasmed_r	glmax2_r	glmed2_r	glmin2_r	grac_r	iliacus_r	intobl_r	obtext_r	pect_r	perbrev_r	perlong_r	pertert_r	piri_r	popli_r	psoas_r	quadfem_r	recabd_r	recfem_r	sart_r	semimem_r	semiten_r	soleus_r	tfl_r	tibant_r	tibpost_r	tricox_r	vasint_r	vaslat_r	vasmed_r	addbrev_l	addlong_l	addmagMid_l	bflh_l	bfsh_l	edl_l	ehl_l	ercspn_l	extobl_l	fdb_l	fdl_l	fhl_l	gaslat_l	gasmed_l	glmax2_l	glmed2_l	glmin2_l	grac_l	iliacus_l	intobl_l	obtext_l	pect_l	perbrev_l	perlong_l	pertert_l	piri_l	popli_l	psoas_l	quadfem_l	recabd_l	recfem_l	sart_l	semimem_l	semiten_l	soleus_l	tfl_l	tibant_l	tibpost_l	tricox_l	vasint_l	vaslat_l	vasmed_l
      0.96050000	      0.14034711	      0.23020393	      0.13246662	      0.34201665	      0.20575190	      0.39459340	      0.36170752	      0.15992150	      0.28835634	      0.16818550	      0.38450964	      0.36531757	      0.42659834	      0.43595096	      0.21064642	      0.13090712	      0.07978269	      0.37818440	      0.21386712	      0.21079823	      0.07890309	      0.10037074	      0.18375526	      0.35718289	      0.13460073	      0.13925380	      0.09826489	      0.37036505	      0.06117840	      0.36688042	      0.49175883	      0.53498167	      0.34149148	      0.37777616	      0.31921714	      0.51481796	      0.28073512	      0.30681503	      0.12198451	      0.27661254	      0.28853556	      0.26574648	      0.10955577	      0.18866299	      0.12406720	      0.38985329	      0.21697066	      0.39599302	      0.36462987	      0.14998539	      0.27233109	      0.16612872	      0.37407260	      0.35383106	      0.41176554	      0.42091043	      0.25064659	      0.15454590	      0.09395684	      0.37679473	      0.19505296	      0.16961981	      0.07718624	      0.08884083	      0.17671014	      0.34643865	      0.14003936	      0.15707345	      0.10157795	      0.34279855	      0.07331968	      0.36082020	      0.46205178	      0.52087573	      0.38561286	      0.42542374	      0.29973335	      0.50544700	      0.28661842	      0.29658851	      0.13091925	      0.26857801	      0.28036411	      0.25765847
      0.97100000	      0.14052579	      0.23043449	      0.13263980	      0.34143843	      0.20525962	      0.39478898	      0.36191970	      0.15987319	      0.28832929	      0.16818550	      0.38445073	      0.36522670	      0.42605434	      0.43542203	      0.21050509	      0.13076973	      0.07965397	      0.37795416	      0.21392014	      0.21092567	      0.07901080	      0.10044465	      0.18369121	      0.35710946	      0.13477822	      0.13919640	      0.09806774	      0.37042664	      0.06127438	      0.36693199	      0.49226015	      0.53468791	      0.34090324	      0.37713025	      0.31898050	      0.51481489	      0.28099446	      0.30675099	      0.12202283	      0.27703868	      0.28897116	      0.26616451	      0.10960077	      0.18879823	      0.12383722	      0.38935655	      0.21689308	      0.39597936	      0.36461513	      0.14999576	      0.27245416	      0.16612872	      0.37407863	      0.35383961	      0.41172662	      0.42087578	      0.25037850	      0.15449506	      0.09399051	      0.37654783	      0.19525047	      0.16955603	      0.07708897	      0.08886244	      0.17671550	      0.34644468	      0.14002587	      0.15703563	      0.10153827	      0.34302879	      0.07311253	      0.36089493	      0.46244791	      0.52117486	      0.38517419	      0.42489295	      0.29975382	      0.50581138	      0.28660095	      0.29659481	      0.13087496	      0.26866449	      0.28045209	      0.25774454
      0.98150000	      0.14069397	      0.23062935	      0.13285556	      0.34066371	      0.20449174	      0.39505268	      0.36220575	      0.15971742	      0.28833667	      0.16818550	      0.38437037	      0.36510313	      0.42526301	      0.43465237	      0.21047785	      0.13066416	      0.07951635	      0.37751393	      0.21391924	      0.21096251	      0.07916920	      0.10052642	      0.18360437	      0.35700998	      0.13501831	      0.13918153	      0.09776435	      0.37044077	      0.06145551	      0.36711379	      0.49295407	      0.53416271	      0.34009623	      0.37624052	      0.31865936	      0.51478374	      0.28134392	      0.30666377	      0.12211273	      0.27769646	      0.28964188	      0.26680899	      0.10960714	      0.18893085	      0.12346000	      0.38863064	      0.21677691	      0.39594501	      0.36457806	      0.15000556	      0.27277774	      0.16612872	      0.37409378	      0.35386111	      0.41168995	      0.42084512	      0.25001058	      0.15444698	      0.09405690	      0.37615295	      0.19552394	      0.16974354	      0.07695454	      0.08886880	      0.17672895	      0.34645982	      0.13999195	      0.15701493	      0.10147899	      0.34341355	      0.07283442	      0.36115802	      0.46302899	      0.52161254	      0.38453028	      0.42410931	      0.29980528	      0.50635431	      0.28655701	      0.29661064	      0.13084521	      0.26879363	      0.28058358	      0.25787308
      0.99200000	      0.14083711	      0.23077405	      0.13308970	      0.33970437	      0.20347058	      0.39546471	      0.36265262	      0.15948038	      0.28833172	      0.16818550	      0.38424270	      0.36490762	      0.42413964	      0.43355586	      0.21055625	      0.13059683	      0.07938306	      0.37685569	      0.21386984	      0.21090203	      0.07935983	      0.10060774	      0.18346758	      0.35685345	      0.13539514	      0.13920720	      0.09736857	      0.37039423	      0.06169803	      0.36736687	      0.49382091	      0.53342796	      0.33908468	      0.37511859	      0.31815284	      0.51474014	      0.28188945	      0.30652545	      0.12224195	      0.27855831	      0.29051756	      0.26765193	      0.10960125	      0.18908437	      0.12297189	      0.38771931	      0.21663821	      0.39588587	      0.36451424	      0.15003682	      0.27326096	      0.16612872	      0.37411982	      0.35389807	      0.41167434	      0.42083619	      0.24955029	      0.15439006	      0.09413825	      0.37565528	      0.19586447	      0.17012988	      0.07680432	      0.08887152	      0.17675209	      0.34648586	      0.13993357	      0.15700359	      0.10140843	      0.34393008	      0.07250712	      0.36154905	      0.46375761	      0.52217676	      0.38371891	      0.42312035	      0.29989379	      0.50703618	      0.28648134	      0.29663784	      0.13083272	      0.26894723	      0.28074015	      0.25802597
      1.00250000	      0.14094709	      0.23086175	      0.13332543	      0.33855983	      0.20220499	      0.39601734	      0.36325186	      0.15920167	      0.28830396	      0.16818550	      0.38406733	      0.36464069	      0.42270365	      0.43214937	      0.21072465	      0.13056225	      0.07926272	      0.37595905	      0.21378053	      0.21077515	      0.07954434	      0.10068071	      0.18328196	      0.35664136	      0.13590375	      0.13924763	      0.09689002	      0.37029076	      0.06195080	      0.36764344	      0.49484680	      0.53249014	      0.33787325	      0.37376491	      0.31746434	      0.51469423	      0.28262023	      0.30633602	      0.12237075	      0.27960625	      0.29157755	      0.26867462	      0.10958993	      0.18925842	      0.12240337	      0.38668986	      0.21650110	      0.39577097	      0.36439024	      0.15008806	      0.27382748	      0.16612872	      0.37417022	      0.35396965	      0.41174586	      0.42091285	      0.24901988	      0.15432426	      0.09422539	      0.37510188	      0.19625383	      0.17062513	      0.07665615	      0.08887337	      0.17679694	      0.34653636	      0.13982022	      0.15700327	      0.10133892	      0.34453215	      0.07215715	      0.36199805	      0.46457620	      0.52284813	      0.38279981	      0.42199817	      0.30006542	      0.50781151	      0.28633428	      0.29669051	      0.13084456	      0.26909846	      0.28089446	      0.25817650
      1.01300000	      0.14096952	      0.23080957	      0.13353912	      0.33730305	      0.20069406	      0.39650463	      0.36378011	      0.15894420	      0.28822457	      0.16818550	      0.38390875	      0.36440081	      0.42123488	      0.43070710	      0.21107378	      0.13059781	      0.07918643	      0.37476191	      0.21361277	      0.21059443	      0.07966287	      0.10072363	      0.18311622	      0.35645231	      0.13635513	      0.13928837	      0.09633579	      0.37008025	      0.06215750	      0.36785801	      0.49596468	      0.53129615	      0.33653281	      0.37225260	      0.31684856	      0.51461986	      0.28326369	      0.30616521	      0.12244609	      0.28082808	      0.29280673	      0.26986377	      0.10960152	      0.18949183	      0.12175276	      0.38552996	      0.21638125	      0.39563367	      0.36424204	      0.15016726	      0.27435887	      0.16612872	      0.37423012	      0.35405480	      0.41186478	      0.42103535	      0.24838158	      0.15424117	      0.09432777	      0.37450921	      0.19671523	      0.17111595	      0.07647387	      0.08888329	      0.17685037	      0.34659655	      0.13968491	      0.15699076	      0.10127835	      0.34518691	      0.07173084	      0.36239155	      0.46548374	      0.52364833	      0.38176981	      0.42073905	      0.30026990	      0.50870588	      0.28615848	      0.29675313	      0.13084012	      0.26923015	      0.28102898	      0.25830759
      1.02350000	      0.14085146	      0.23053668	      0.13370985	      0.33603386	      0.19896161	      0.39694523	      0.36425763	      0.15874834	      0.28805939	      0.16818550	      0.38376214	      0.36418022	      0.41973880	      0.42923024	      0.21169754	      0.13075273	      0.07918431	      0.37323808	      0.21332546	      0.21034465	      0.07969850	      0.10071894	      0.18296467	      0.35627971	      0.13676550	      0.13935193	      0.09572288	      0.36971114	      0.06231870	      0.36794462	      0.49708975	      0.52981492	      0.33515345	      0.37067856	      0.31628476	      0.51448894	      0.28384475	      0.30600769	      0.12246493	      0.28218921	      0.29416735	      0.27118426	      0.10967206	      0.18982671	      0.12103927	      0.38422632	      0.21627729	      0.39546805	      0.36406326	      0.15029007	      0.27478320	      0.16612872	      0.37430191	      0.35415698	      0.41203871	      0.42121125	      0.24760958	      0.15412603	      0.09444044	      0.37389551	      0.19726111	      0.17154445	      0.07624447	      0.08891451	      0.17691458	      0.34666893	      0.13952186	      0.15694378	      0.10122594	      0.34587388	      0.07120140	      0.36265240	      0.46648671	      0.52457604	      0.38062052	      0.41933570	      0.30051572	      0.50972190	      0.28594629	      0.29682823	      0.13079191	      0.26934401	      0.28114539	      0.25842094
      1.03400000	      0.14063090	      0.23009980	      0.13386054	      0.33481077	      0.19709383	      0.39755766	      0.36492123	      0.15855788	      0.28780922	      0.16818550	      0.38355319	      0.36386769	      0.41797755	      0.42747930	      0.21254304	      0.13101743	      0.07923069	      0.37152119	      0.21293861	      0.20991782	      0.07975888	      0.10068715	      0.18275131	      0.35603713	      0.13733935	      0.13950293	      0.09508877	      0.36920876	      0.06256219	      0.36795296	      0.49817564	      0.52813683	      0.33377710	      0.36909760	      0.31548997	      0.51429655	      0.28465125	      0.30578383	      0.12253938	      0.28360886	      0.29557640	      0.27255655	      0.10980006	      0.19023858	      0.12033258	      0.38289416	      0.21620053	      0.39524601	      0.36382357	      0.15046774	      0.27520174	      0.16612872	      0.37439735	      0.35429303	      0.41231838	      0.42149000	      0.24677639	      0.15398077	      0.09453384	      0.37332413	      0.19783801	      0.17208873	      0.07603238	      0.08896889	      0.17700024	      0.34676555	      0.13930362	      0.15687891	      0.10118733	      0.34659193	      0.07066270	      0.36287002	      0.46750065	      0.52556163	      0.37944648	      0.41790462	      0.30084378	      0.51075309	      0.28566164	      0.29692814	      0.13074218	      0.26942787	      0.28123118	      0.25850443
      1.04450000	      0.14035818	      0.22957334	      0.13402110	      0.33362328	      0.19512360	      0.39816235	      0.36557624	      0.15832584	      0.28749545	      0.16818550	      0.38334093	      0.36355228	      0.41621780	      0.42571483	      0.21353017	      0.13135131	      0.07929055	      0.36969327	      0.21248514	      0.20921825	      0.07989877	      0.10064756	      0.18253753	      0.35579455	      0.13790970	      0.13974697	      0.09444967	      0.36861096	      0.06294071	      0.36793477	      0.49923309	      0.52631428	      0.33238798	      0.36749764	      0.31469253	      0.51404210	      0.28544618	      0.30555711	      0.12271295	      0.28506054	      0.29700651	      0.27395478	      0.10996825	      0.19068835	      0.11968276	      0.38164845	      0.21617060	      0.39501082	      0.36356964	      0.15069740	      0.27568873	      0.16612872	      0.37449743	      0.35443598	      0.41265206	      0.42181987	      0.24595541	      0.15381618	      0.09458923	      0.37284746	      0.19839662	      0.17291037	      0.07589165	      0.08904202	      0.17709047	      0.34686740	      0.13907286	      0.15681964	      0.10117230	      0.34733085	      0.07020067	      0.36312334	      0.46843972	      0.52655145	      0.37834327	      0.41656111	      0.30118944	      0.51170982	      0.28535989	      0.29703302	      0.13073438	      0.26946051	      0.28126459	      0.25853692
      1.05500000	      0.13998279	      0.22888357	      0.13416603	      0.33249760	      0.19302229	      0.39853384	      0.36597855	      0.15811711	      0.28712808	      0.16818550	      0.38320754	      0.36335509	      0.41477545	      0.42424433	      0.21471397	      0.13177257	      0.07939780	      0.36765705	      0.21194320	      0.20835053	      0.08000589	      0.10057213	      0.18240463	      0.35564399	      0.13826187	      0.14002267	      0.09380167	      0.36789176	      0.06332808	      0.36783649	      0.50023708	      0.52427080	      0.33102309	      0.36591087	      0.31419636	      0.51371180	      0.28593385	      0.30541499	      0.12286998	      0.28656972	      0.29848189	      0.27540349	      0.11018686	      0.19119978	      0.11906233	      0.38043837	      0.21619072	      0.39475272	      0.36329093	      0.15096099	      0.27612024	      0.16612872	      0.37460610	      0.35459151	      0.41305650	      0.42221720	      0.24510629	      0.15362681	      0.09461511	      0.37244913	      0.19896451	      0.17382602	      0.07580342	      0.08913729	      0.17718887	      0.34697859	      0.13882011	      0.15675937	      0.10118240	      0.34806496	      0.06978121	      0.36331132	      0.46933932	      0.52758881	      0.37726845	      0.41525323	      0.30156660	      0.51263920	      0.28502846	      0.29714701	      0.13075641	      0.26943858	      0.28124214	      0.25851509
      1.06550000	      0.13944283	      0.22794261	      0.13426174	      0.33155923	      0.19085556	      0.39894114	      0.36641956	      0.15799846	      0.28670345	      0.16818550	      0.38305866	      0.36313587	      0.41303953	      0.42270582	      0.21616173	      0.13232585	      0.07959565	      0.36541153	      0.21128438	      0.20744767	      0.08001625	      0.10043236	      0.18225754	      0.35547757	      0.13864951	      0.14032316	      0.09316998	      0.36702192	      0.06366697	      0.36759914	      0.50109782	      0.52199955	      0.32981437	      0.36448090	      0.31364687	      0.51328999	      0.28646793	      0.30525665	      0.12295847	      0.28809883	      0.29996536	      0.27686700	      0.11047768	      0.19181125	      0.11844690	      0.37920018	      0.21626044	      0.39445436	      0.36296870	      0.15124835	      0.27637955	      0.16612872	      0.37473021	      0.35476954	      0.41355678	      0.42270675	      0.24417383	      0.15340230	      0.09462145	      0.37211422	      0.19957586	      0.17461984	      0.07573678	      0.08926131	      0.17730184	      0.34710636	      0.13852858	      0.15668128	      0.10121746	      0.34877660	      0.06935118	      0.36332875	      0.47024265	      0.52871561	      0.37617036	      0.41391882	      0.30199976	      0.51359541	      0.28464498	      0.29727734	      0.13078039	      0.26936244	      0.28116424	      0.25843929
      1.07600000	      0.13876443	      0.22679457	      0.13431758	      0.33083708	      0.18869511	      0.39940778	      0.36692471	      0.15792962	      0.28623487	      0.16818550	      0.38288466	      0.36288078	      0.41134443	      0.42108528	      0.21781188	      0.13299722	      0.07986699	      0.36306656	      0.21008276	      0.20647203	      0.07999726	      0.10023915	      0.18208722	      0.35528516	      0.13909550	      0.14068741	      0.09257730	      0.36603294	      0.06403507	      0.36726952	      0.50180950	      0.51958271	      0.32878799	      0.36324405	      0.31301026	      0.51278848	      0.28707900	      0.30507198	      0.12305008	      0.28960735	      0.30141805	      0.27830712	      0.11083434	      0.19250120	      0.11787555	      0.37800046	      0.21637945	      0.39414941	      0.36263931	      0.15155854	      0.27653834	      0.16612872	      0.37485539	      0.35494958	      0.41410171	      0.42323811	      0.24319911	      0.15315099	      0.09460762	      0.37186893	      0.20020132	      0.17538851	      0.07569119	      0.08941041	      0.17741645	      0.34723612	      0.13823137	      0.15658405	      0.10127743	      0.34946646	      0.06892627	      0.36324370	      0.47109842	      0.52987278	      0.37510934	      0.41263165	      0.30243931	      0.51452804	      0.28425265	      0.29740895	      0.13079751	      0.26923213	      0.28103101	      0.25830957
      1.08650000	      0.13799761	      0.22551661	      0.13435643	      0.33029512	      0.18656902	      0.39970203	      0.36724318	      0.15786053	      0.28573558	      0.16818550	      0.38277303	      0.36271773	      0.40989852	      0.41969844	      0.21957275	      0.13374311	      0.08017898	      0.36070144	      0.20935595	      0.20534194	      0.07999528	      0.10001036	      0.18197883	      0.35516286	      0.13937774	      0.14111630	      0.09201189	      0.36496417	      0.06447179	      0.36689904	      0.50239607	      0.51708184	      0.32791014	      0.36216866	      0.31260495	      0.51222206	      0.28746388	      0.30495372	      0.12318198	      0.29107230	      0.30281804	      0.27970190	      0.11124397	      0.19324056	      0.11738303	      0.37690639	      0.21654775	      0.39383707	      0.36230187	      0.15189305	      0.27668112	      0.16612872	      0.37498188	      0.35513198	      0.41469263	      0.42381255	      0.24223172	      0.15288147	      0.09456741	      0.37173387	      0.20080903	      0.17628138	      0.07568195	      0.08958028	      0.17753293	      0.34736815	      0.13792772	      0.15647468	      0.10136254	      0.35014017	      0.06854193	      0.36313741	      0.47185819	      0.53100936	      0.37414284	      0.41146158	      0.30288623	      0.51538371	      0.28385040	      0.29754212	      0.13081688	      0.26904708	      0.28084201	      0.25812535
      1.09700000	      0.13714742	      0.22411149	      0.13439863	      0.33000897	      0.18453328	      0.39988694	      0.36744329	      0.15780184	      0.28520345	      0.16818550	      0.38270213	      0.36261440	      0.40864299	      0.41848693	      0.22144881	      0.13455610	      0.08052529	      0.35838749	      0.20855864	      0.20409259	      0.08000200	      0.09974612	      0.18191032	      0.35508562	      0.13955550	      0.14159478	      0.09150750	      0.36381036	      0.06497006	      0.36647821	      0.50278925	      0.51451236	      0.32726153	      0.36135185	      0.31234870	      0.51156192	      0.28770557	      0.30487868	      0.12333738	      0.29244956	      0.30412378	      0.28100937	      0.11170853	      0.19403707	      0.11695835	      0.37589199	      0.21676303	      0.39350667	      0.36194486	      0.15225059	      0.27679037	      0.16612872	      0.37511379	      0.35532276	      0.41534358	      0.42444396	      0.24126044	      0.15259055	      0.09449729	      0.37169937	      0.20140756	      0.17725007	      0.07572227	      0.08977304	      0.17765518	      0.34750687	      0.13760740	      0.15636008	      0.10147192	      0.35080218	      0.06820932	      0.36299198	      0.47254368	      0.53214746	      0.37324468	      0.41037713	      0.30335537	      0.51617746	      0.28342445	      0.29768120	      0.13085477	      0.26880903	      0.28059927	      0.25788840
      1.10750000	      0.13620007	      0.22255467	      0.13445721	      0.33006963	      0.18264270	      0.40006145	      0.36763213	      0.15776892	      0.28463971	      0.16818550	      0.38263467	      0.36251626	      0.40746416	      0.41733943	      0.22347129	      0.13544748	      0.08090983	      0.35618969	      0.20767105	      0.20279894	      0.08001576	      0.09944011	      0.18184538	      0.35501244	      0.13972353	      0.14212639	      0.09105248	      0.36255763	      0.06553978	      0.36599964	      0.50291237	      0.51187931	      0.32693672	      0.36090647	      0.31210578	      0.51077626	      0.28793353	      0.30480735	      0.12351338	      0.29369894	      0.30529858	      0.28219174	      0.11223323	      0.19490313	      0.11659052	      0.37492941	      0.21702412	      0.39317761	      0.36158924	      0.15262560	      0.27684370	      0.16612872	      0.37524327	      0.35551056	      0.41602546	      0.42510364	      0.24026759	      0.15227501	      0.09439753	      0.37175801	      0.20200846	      0.17820536	      0.07581557	      0.08999107	      0.17777593	      0.34764406	      0.13728928	      0.15624291	      0.10160534	      0.35145624	      0.06792732	      0.36278507	      0.47317575	      0.53330835	      0.37238887	      0.40934713	      0.30381890	      0.51692875	      0.28299979	      0.29781791	      0.13091766	      0.26851829	      0.28030338	      0.25759903
      1.11800000	      0.13517576	      0.22088078	      0.13453561	      0.33046756	      0.18093663	      0.40020150	      0.36778366	      0.15775894	      0.28406235	      0.16818550	      0.38258015	      0.36243706	      0.40641807	      0.41631316	      0.22558745	      0.13639616	      0.08132296	      0.35416936	      0.20670997	      0.20148208	      0.08004284	      0.09909700	      0.18179306	      0.35495353	      0.13985858	      0.14270331	      0.09065316	      0.36123519	      0.06617831	      0.36547983	      0.50276617	      0.50923776	      0.32693811	      0.36083962	      0.31191005	      0.50988169	      0.28811639	      0.30474973	      0.12371302	      0.29479732	      0.30632292	      0.28322789	      0.11280515	      0.19582119	      0.11628039	      0.37403256	      0.21732788	      0.39285924	      0.36124512	      0.15300810	      0.27684399	      0.16612872	      0.37536675	      0.35569019	      0.41672300	      0.42577656	      0.23926580	      0.15194302	      0.09427592	      0.37190500	      0.20260400	      0.17914064	      0.07595017	      0.09022810	      0.17789184	      0.34777588	      0.13698239	      0.15612471	      0.10176165	      0.35209457	      0.06769033	      0.36252813	      0.47374301	      0.53447367	      0.37158918	      0.40838749	      0.30426384	      0.51763237	      0.28258851	      0.29794846	      0.13099817	      0.26817714	      0.27995710	      0.25725956
      1.12850000	      0.13410523	      0.21914071	      0.13463549	      0.33116707	      0.17944839	      0.40026890	      0.36785658	      0.15776734	      0.28349273	      0.16818550	      0.38255380	      0.36239881	      0.40557929	      0.41548416	      0.22772989	      0.13737244	      0.08175164	      0.35238169	      0.20570196	      0.20014886	      0.08008466	      0.09872578	      0.18176782	      0.35492512	      0.13992362	      0.14330915	      0.09031374	      0.35988145	      0.06686986	      0.36493797	      0.50237554	      0.50665442	      0.32724483	      0.36113123	      0.31181563	      0.50890602	      0.28820435	      0.30472189	      0.12393253	      0.29573261	      0.30718844	      0.28410767	      0.11340846	      0.19676976	      0.11602685	      0.37321450	      0.21766895	      0.39253987	      0.36089985	      0.15338751	      0.27679557	      0.16612872	      0.37548886	      0.35586836	      0.41744984	      0.42647633	      0.23827022	      0.15160345	      0.09414031	      0.37213121	      0.20318539	      0.18006661	      0.07611391	      0.09047687	      0.17800719	      0.34790722	      0.13667541	      0.15600724	      0.10193858	      0.35270870	      0.06749250	      0.36223672	      0.47423564	      0.53562348	      0.37085842	      0.40751275	      0.30470672	      0.51828287	      0.28217554	      0.29807775	      0.13108908	      0.26779028	      0.27956568	      0.25687472
      1.13900000	      0.13300213	      0.21735449	      0.13476506	      0.33217313	      0.17820656	      0.40028449	      0.36787345	      0.15778968	      0.28294866	      0.16818550	      0.38254769	      0.36238995	      0.40493435	      0.41484186	      0.22988010	      0.13836462	      0.08218825	      0.35087443	      0.20465283	      0.19883339	      0.08014496	      0.09833099	      0.18176197	      0.35491854	      0.13993868	      0.14393743	      0.09003699	      0.35851251	      0.06761295	      0.36439484	      0.50173786	      0.50416286	      0.32787054	      0.36180098	      0.31179376	      0.50785086	      0.28822470	      0.30471544	      0.12417165	      0.29649681	      0.30789074	      0.28482474	      0.11404316	      0.19775180	      0.11582292	      0.37245565	      0.21804077	      0.39221990	      0.36055389	      0.15375324	      0.27670794	      0.16612872	      0.37560946	      0.35604485	      0.41820091	      0.42719818	      0.23727229	      0.15125588	      0.09399295	      0.37242612	      0.20375810	      0.18096738	      0.07630356	      0.09073713	      0.17812186	      0.34803791	      0.13636878	      0.15589065	      0.10213319	      0.35330760	      0.06732822	      0.36192684	      0.47466902	      0.53676280	      0.37017886	      0.40670175	      0.30514693	      0.51889218	      0.28176141	      0.29820563	      0.13118966	      0.26736377	      0.27913581	      0.25645063
      1.14950000	      0.13187684	      0.21553681	      0.13493147	      0.33349252	      0.17723620	      0.40027649	      0.36786480	      0.15782184	      0.28244794	      0.16818550	      0.38255082	      0.36239449	      0.40445708	      0.41436316	      0.23202688	      0.13936436	      0.08262689	      0.34968916	      0.20356580	      0.19757383	      0.08022726	      0.09791625	      0.18176497	      0.35492191	      0.13993095	      0.14458358	      0.08982492	      0.35714172	      0.06840709	      0.36387194	      0.50084883	      0.50179139	      0.32882965	      0.36286885	      0.31180498	      0.50671582	      0.28821427	      0.30471875	      0.12443060	      0.29708373	      0.30842697	      0.28537435	      0.11470892	      0.19877050	      0.11566009	      0.37173603	      0.21843816	      0.39191593	      0.36022516	      0.15409423	      0.27659134	      0.16612872	      0.37572242	      0.35621066	      0.41894932	      0.42791572	      0.23626133	      0.15090033	      0.09383728	      0.37277990	      0.20432838	      0.18182318	      0.07651432	      0.09100822	      0.17822995	      0.34816126	      0.13607832	      0.15577506	      0.10234324	      0.35390086	      0.06718972	      0.36161487	      0.47505800	      0.53789804	      0.36953287	      0.40593326	      0.30556191	      0.51947391	      0.28136761	      0.29832558	      0.13129812	      0.26690223	      0.27867277	      0.25599198
      1.16000000	      0.13074968	      0.21372021	      0.13513365	      0.33509386	      0.17655216	      0.40024634	      0.36783217	      0.15786511	      0.28200612	      0.16818550	      0.38256263	      0.36241163	      0.40415484	      0.41405777	      0.23413489	      0.14035432	      0.08305969	      0.34885164	      0.20245822	      0.19639050	      0.08033074	      0.09748889	      0.18177627	      0.35493463	      0.13990184	      0.14523645	      0.08967766	      0.35579442	      0.06923819	      0.36338173	      0.49973109	      0.49958340	      0.33010053	      0.36431169	      0.31184726	      0.50552085	      0.28817491	      0.30473122	      0.12470543	      0.29749210	      0.30879838	      0.28575617	      0.11538905	      0.19980582	      0.11552828	      0.37105737	      0.21885641	      0.39161937	      0.35990441	      0.15440176	      0.27644423	      0.16612872	      0.37583113	      0.35637071	      0.41970445	      0.42863835	      0.23524450	      0.15054566	      0.09368291	      0.37317854	      0.20489224	      0.18262268	      0.07673248	      0.09128225	      0.17833463	      0.34828082	      0.13579578	      0.15566260	      0.10256668	      0.35448137	      0.06706627	      0.36130754	      0.47540066	      0.53901891	      0.36892351	      0.40520966	      0.30596373	      0.52003187	      0.28098309	      0.29844119	      0.13140769	      0.26640980	      0.27818136	      0.25550302
      1.17050000	      0.12964056	      0.21193717	      0.13536565	      0.33693826	      0.17616434	      0.40019237	      0.36777378	      0.15792031	      0.28163695	      0.16818550	      0.38258372	      0.36244224	      0.40403653	      0.41393636	      0.23616922	      0.14131772	      0.08347973	      0.34837575	      0.20135009	      0.19530053	      0.08045277	      0.09705677	      0.18179647	      0.35495738	      0.13984977	      0.14588493	      0.08959500	      0.35449654	      0.07008879	      0.36293585	      0.49841284	      0.49758364	      0.33165292	      0.36609520	      0.31192284	      0.50429132	      0.28810447	      0.30475350	      0.12499166	      0.29772166	      0.30900653	      0.28597060	      0.11606730	      0.20083727	      0.11541937	      0.37042307	      0.21928968	      0.39132648	      0.35958759	      0.15466824	      0.27626644	      0.16612872	      0.37593706	      0.35652712	      0.42046757	      0.42936755	      0.23423287	      0.15020030	      0.09353703	      0.37360829	      0.20544395	      0.18335739	      0.07694917	      0.09155211	      0.17843727	      0.34839817	      0.13551755	      0.15555658	      0.10280075	      0.35504108	      0.06695301	      0.36101180	      0.47569522	      0.54011386	      0.36835451	      0.40453429	      0.30635763	      0.52056633	      0.28060302	      0.29855399	      0.13151533	      0.26589214	      0.27766793	      0.25498954
      1.18100000	      0.12856535	      0.21021163	      0.13562561	      0.33900061	      0.17607705	      0.40012492	      0.36770080	      0.15798319	      0.28135511	      0.16818550	      0.38261001	      0.36248042	      0.40409017	      0.41398819	      0.23811064	      0.14224267	      0.08388066	      0.34826874	      0.20025464	      0.19432158	      0.08059215	      0.09662706	      0.18182169	      0.35498577	      0.13978471	      0.14652008	      0.08957647	      0.35326701	      0.07094700	      0.36255234	      0.49691240	      0.49581971	      0.33346635	      0.36819609	      0.31201717	      0.50304159	      0.28801641	      0.30478128	      0.12528527	      0.29777313	      0.30905314	      0.28601867	      0.11674238	      0.20186421	      0.11532949	      0.36982205	      0.21973222	      0.39104229	      0.35928012	      0.15488546	      0.27606794	      0.16612872	      0.37603850	      0.35667733	      0.42122761	      0.43009264	      0.23322379	      0.14986466	      0.09340071	      0.37406140	      0.20598529	      0.18402556	      0.07716308	      0.09181722	      0.17853615	      0.34851133	      0.13524837	      0.15545720	      0.10304267	      0.35558455	      0.06684760	      0.36074346	      0.47595117	      0.54118296	      0.36781569	      0.40389507	      0.30673705	      0.52108258	      0.28023392	      0.29866216	      0.13162081	      0.26535506	      0.27713890	      0.25445745
      1.19150000	      0.12754021	      0.20856673	      0.13591295	      0.34126029	      0.17629233	      0.40005539	      0.36762557	      0.15804968	      0.28117605	      0.16818550	      0.38263702	      0.36251968	      0.40430038	      0.41419836	      0.23994358	      0.14311817	      0.08425627	      0.34853390	      0.19918429	      0.19346927	      0.08074665	      0.09620740	      0.18184764	      0.35501499	      0.13971769	      0.14713222	      0.08962221	      0.35212376	      0.07180042	      0.36224939	      0.49524448	      0.49431292	      0.33552295	      0.37059368	      0.31211424	      0.50178312	      0.28792561	      0.30480983	      0.12558033	      0.29764606	      0.30893803	      0.28590000	      0.11741447	      0.20288769	      0.11525490	      0.36924066	      0.22017745	      0.39076064	      0.35897536	      0.15504487	      0.27585812	      0.16612872	      0.37613772	      0.35682469	      0.42198816	      0.43081750	      0.23221082	      0.14953782	      0.09327555	      0.37452961	      0.20651935	      0.18462752	      0.07736829	      0.09207715	      0.17863347	      0.34862282	      0.13498236	      0.15536104	      0.10328904	      0.35611684	      0.06674097	      0.36051843	      0.47617966	      0.54222545	      0.36729558	      0.40327841	      0.30711038	      0.52158754	      0.27986783	      0.29876812	      0.13171838	      0.26480580	      0.27660198	      0.25391409
      1.20200000	      0.12658013	      0.20702429	      0.13622415	      0.34369247	      0.17680636	      0.39998874	      0.36755345	      0.15811837	      0.28110778	      0.16818550	      0.38266284	      0.36255723	      0.40465752	      0.41455671	      0.24165289	      0.14393442	      0.08460169	      0.34916365	      0.19815263	      0.19274892	      0.08091244	      0.09580524	      0.18187247	      0.35504297	      0.13965349	      0.14771198	      0.08973216	      0.35108194	      0.07263492	      0.36203598	      0.49342686	      0.49308033	      0.33779898	      0.37325963	      0.31220712	      0.50053005	      0.28783856	      0.30483713	      0.12587014	      0.29734086	      0.30866099	      0.28561482	      0.11807898	      0.20390177	      0.11519169	      0.36867280	      0.22061945	      0.39048280	      0.35867469	      0.15514223	      0.27564111	      0.16612872	      0.37623433	      0.35696861	      0.42274274	      0.43153606	      0.23119374	      0.14922109	      0.09316395	      0.37500405	      0.20704579	      0.18516564	      0.07755803	      0.09232956	      0.17872882	      0.34873214	      0.13472075	      0.15526561	      0.10353669	      0.35663736	      0.06662515	      0.36034464	      0.47638646	      0.54323634	      0.36678958	      0.40267865	      0.30747601	      0.52208421	      0.27950643	      0.29887144	      0.13180223	      0.26425116	      0.27606429	      0.25336635
      1.21250000	      0.12569763	      0.20560255	      0.13655380	      0.34627448	      0.17761293	      0.39992863	      0.36748841	      0.15818827	      0.28115234	      0.16818550	      0.38268606	      0.36259101	      0.40515193	      0.41505228	      0.24322630	      0.14468373	      0.08491363	      0.35014413	      0.19717273	      0.19216193	      0.08108472	      0.09542731	      0.18189483	      0.35506816	      0.13959562	      0.14825116	      0.08990681	      0.35015308	      0.07343642	      0.36191588	      0.49147566	      0.49213466	      0.34027128	      0.37616560	      0.31229076	      0.49929661	      0.28776004	      0.30486168	      0.12614784	      0.29685693	      0.30822009	      0.28516208	      0.11872962	      0.20489834	      0.11513518	      0.36811410	      0.22105275	      0.39021073	      0.35838022	      0.15517633	      0.27542045	      0.16612872	      0.37632773	      0.35710814	      0.42348420	      0.43224158	      0.23017488	      0.14891673	      0.09306821	      0.37547580	      0.20756324	      0.18564200	      0.07772755	      0.09257165	      0.17882155	      0.34883856	      0.13446532	      0.15517029	      0.10378255	      0.35714465	      0.06649533	      0.36022620	      0.47657668	      0.54421090	      0.36629434	      0.40209148	      0.30783151	      0.52257473	      0.27915226	      0.29897146	      0.13186925	      0.26369788	      0.27553266	      0.25282101
      1.22300000	      0.12490050	      0.20431223	      0.13689717	      0.34899074	      0.17870154	      0.39987982	      0.36743559	      0.15826015	      0.28129948	      0.16818550	      0.38270487	      0.36261839	      0.40576973	      0.41566922	      0.24465932	      0.14536272	      0.08519101	      0.35145546	      0.19625349	      0.19170667	      0.08125845	      0.09507845	      0.18191296	      0.35508859	      0.13954865	      0.14874416	      0.09014658	      0.34933942	      0.07419388	      0.36188179	      0.48940146	      0.49147686	      0.34292145	      0.37928837	      0.31235859	      0.49809216	      0.28769626	      0.30488158	      0.12640718	      0.29619398	      0.30761298	      0.28454078	      0.11936012	      0.20586958	      0.11508077	      0.36756061	      0.22147233	      0.38993747	      0.35808443	      0.15515189	      0.27519734	      0.16612872	      0.37642035	      0.35724691	      0.42421760	      0.43293940	      0.22915878	      0.14862769	      0.09298988	      0.37593727	      0.20806981	      0.18605227	      0.07787663	      0.09280103	      0.17891407	      0.34894484	      0.13420955	      0.15507743	      0.10402364	      0.35763657	      0.06635264	      0.36015826	      0.47675607	      0.54514585	      0.36580614	      0.40151233	      0.30818603	      0.52306068	      0.27879630	      0.29907078	      0.13192128	      0.26315265	      0.27501363	      0.25228475
      1.23350000	      0.12419547	      0.20316201	      0.13725092	      0.35182935	      0.18005951	      0.39984696	      0.36740003	      0.15833510	      0.28153854	      0.16818550	      0.38271751	      0.36263680	      0.40649570	      0.41638991	      0.24595004	      0.14596915	      0.08543320	      0.35307596	      0.19540219	      0.19138061	      0.08142885	      0.09476308	      0.18192516	      0.35510234	      0.13951704	      0.14918603	      0.09045210	      0.34864143	      0.07489793	      0.36192528	      0.48721159	      0.49110172	      0.34573336	      0.38260732	      0.31240420	      0.49692296	      0.28765332	      0.30489495	      0.12664191	      0.29535112	      0.30683618	      0.28374911	      0.11996621	      0.20680995	      0.11502548	      0.36700848	      0.22187336	      0.38966181	      0.35778600	      0.15507377	      0.27497159	      0.16612872	      0.37651257	      0.35738552	      0.42494002	      0.43362702	      0.22814968	      0.14835595	      0.09292949	      0.37638266	      0.20856390	      0.18639197	      0.07800617	      0.09301626	      0.17900677	      0.34905142	      0.13395233	      0.15498895	      0.10425694	      0.35811092	      0.06619919	      0.36013466	      0.47693080	      0.54603833	      0.36532129	      0.40093684	      0.30854111	      0.52354302	      0.27843694	      0.29916983	      0.13196052	      0.26262244	      0.27451374	      0.25176446
      1.24400000	      0.12358978	      0.20215995	      0.13761583	      0.35478095	      0.18166904	      0.39983217	      0.36738402	      0.15841201	      0.28186799	      0.16818550	      0.38272319	      0.36264508	      0.40731555	      0.41719732	      0.24709955	      0.14650151	      0.08563928	      0.35498193	      0.19462365	      0.19117652	      0.08159193	      0.09448568	      0.18193064	      0.35510853	      0.13950282	      0.14957174	      0.09082326	      0.34806077	      0.07554149	      0.36204569	      0.48491086	      0.49099370	      0.34869178	      0.38610311	      0.31242472	      0.49578977	      0.28763399	      0.30490096	      0.12684520	      0.29432922	      0.30588738	      0.28278670	      0.12055135	      0.20772247	      0.11497142	      0.36645193	      0.22225163	      0.38939030	      0.35749202	      0.15494280	      0.27474484	      0.16612872	      0.37660224	      0.35752069	      0.42563848	      0.43429195	      0.22714289	      0.14809709	      0.09288458	      0.37680980	      0.20904688	      0.18666854	      0.07811188	      0.09321850	      0.17909747	      0.34915579	      0.13369978	      0.15489782	      0.10447967	      0.35856878	      0.06602696	      0.36015632	      0.47710737	      0.54688591	      0.36483561	      0.40036056	      0.30888832	      0.52402229	      0.27808274	      0.29926627	      0.13197930	      0.26211388	      0.27403893	      0.25126664
      1.25450000	      0.12308946	      0.20131246	      0.13799299	      0.35783528	      0.18350897	      0.39983662	      0.36738883	      0.15849046	      0.28228323	      0.16818550	      0.38272149	      0.36264259	      0.40821469	      0.41807408	      0.24810993	      0.14695937	      0.08580924	      0.35714662	      0.19392173	      0.19108321	      0.08174345	      0.09425009	      0.18192900	      0.35510667	      0.13950709	      0.14989700	      0.09125935	      0.34702568	      0.07611817	      0.36223882	      0.48250433	      0.49113294	      0.35178000	      0.38975460	      0.31241856	      0.49469240	      0.28763980	      0.30489916	      0.12701028	      0.29313051	      0.30476530	      0.28165427	      0.12111885	      0.20860989	      0.11492066	      0.36588483	      0.22260267	      0.38911881	      0.35719803	      0.15476160	      0.27451709	      0.16612872	      0.37669073	      0.35765452	      0.42631399	      0.43493560	      0.22613297	      0.14784595	      0.09285225	      0.37721629	      0.20952017	      0.18689048	      0.07818881	      0.09340880	      0.17918755	      0.34925954	      0.13344807	      0.15479607	      0.10468878	      0.35901080	      0.06582689	      0.36022124	      0.47729294	      0.54768600	      0.36434478	      0.39977890	      0.30923302	      0.52449900	      0.27772833	      0.29936159	      0.13196901	      0.26163436	      0.27359559	      0.25079842
      1.26500000	      0.12269012	      0.20061361	      0.13837568	      0.36097738	      0.18555285	      0.39986119	      0.36741542	      0.15857307	      0.28275657	      0.16818550	      0.38271204	      0.36262884	      0.40917659	      0.41900105	      0.24898730	      0.14734832	      0.08594848	      0.35953035	      0.19329802	      0.19108291	      0.08187718	      0.09405548	      0.18191988	      0.35509639	      0.13953072	      0.15016323	      0.09175826	      0.34672640	      0.07662241	      0.36248013	      0.48000357	      0.49149670	      0.35497633	      0.39353380	      0.31238446	      0.49363554	      0.28767191	      0.30488917	      0.12713369	      0.29176339	      0.30347457	      0.28035847	      0.12166645	      0.20946796	      0.11487293	      0.36530241	      0.22291951	      0.38884204	      0.35689827	      0.15454441	      0.27428473	      0.16612872	      0.37677977	      0.35778959	      0.42696649	      0.43555852	      0.22512220	      0.14760094	      0.09283081	      0.37759639	      0.20998216	      0.18705523	      0.07823469	      0.09358633	      0.17927877	      0.34936470	      0.13319231	      0.15468038	      0.10487958	      0.35943386	      0.06559589	      0.36031126	      0.47749607	      0.54843292	      0.36384509	      0.39918794	      0.30958186	      0.52497274	      0.27736676	      0.29945764	      0.13192617	      0.26119516	      0.27319336	      0.25037066
      1.27550000	      0.12238403	      0.20005353	      0.13875567	      0.36418904	      0.18777090	      0.39990656	      0.36746453	      0.15866163	      0.28325752	      0.16818550	      0.38269457	      0.36260340	      0.41018376	      0.41995845	      0.24973897	      0.14767556	      0.08606376	      0.36208899	      0.19275288	      0.19115647	      0.08198683	      0.09389941	      0.18190303	      0.35507740	      0.13957438	      0.15037368	      0.09233522	      0.34650167	      0.07704978	      0.36274367	      0.47743038	      0.49206024	      0.35825583	      0.39740879	      0.31232144	      0.49262468	      0.28773120	      0.30487068	      0.12721341	      0.29024697	      0.30203066	      0.27891659	      0.12218954	      0.21029069	      0.11482487	      0.36470040	      0.22319698	      0.38856818	      0.35660165	      0.15430700	      0.27404570	      0.16612872	      0.37686670	      0.35792190	      0.42757952	      0.43614492	      0.22411491	      0.14736315	      0.09282016	      0.37794455	      0.21043111	      0.18716063	      0.07825010	      0.09374949	      0.17936842	      0.34946814	      0.13294012	      0.15455199	      0.10504833	      0.35983613	      0.06533547	      0.36040790	      0.47772485	      0.54912403	      0.36333279	      0.39858341	      0.30992446	      0.52544493	      0.27700877	      0.29955157	      0.13185244	      0.26080546	      0.27283965	      0.24999205
      1.28600000	      0.12216005	      0.19961770	      0.13912504	      0.36744918	      0.19012784	      0.39997174	      0.36753506	      0.15875117	      0.28376744	      0.16818550	      0.38266942	      0.36256679	      0.41121906	      0.42092741	      0.25037536	      0.14795003	      0.08616250	      0.36477374	      0.19228378	      0.19128912	      0.08206740	      0.09377775	      0.18187880	      0.35505009	      0.13963712	      0.15053381	      0.09296617	      0.34634043	      0.07739907	      0.36301958	      0.47481238	      0.49279297	      0.36159037	      0.40134412	      0.31223079	      0.49166341	      0.28781636	      0.30484408	      0.12724965	      0.28860877	      0.30045764	      0.27735423	      0.12267933	      0.21107127	      0.11476485	      0.36407668	      0.22343854	      0.38829734	      0.35630825	      0.15405896	      0.27381012	      0.16612872	      0.37695154	      0.35805144	      0.42815531	      0.43669691	      0.22311965	      0.14714330	      0.09282591	      0.37825998	      0.21159823	      0.18721565	      0.07824814	      0.09389566	      0.17945648	      0.34956985	      0.13269158	      0.15442926	      0.10519655	      0.36022411	      0.06506581	      0.36050927	      0.47798276	      0.54976944	      0.36280383	      0.39795983	      0.31026081	      0.52592288	      0.27665449	      0.29964338	      0.13176954	      0.26046232	      0.27253071	      0.24965944
      1.29650000	      0.12200670	      0.19929067	      0.13947842	      0.37073439	      0.19258460	      0.40005563	      0.36762583	      0.15883633	      0.28427248	      0.16818550	      0.38263693	      0.36251955	      0.41242325	      0.42190902	      0.25090845	      0.14818070	      0.08625151	      0.36753528	      0.19188607	      0.19147283	      0.08211537	      0.09368600	      0.18184755	      0.35501489	      0.13971793	      0.15064955	      0.09367108	      0.34623225	      0.07767159	      0.36330263	      0.47217865	      0.49365981	      0.36494968	      0.40530243	      0.31211389	      0.49075256	      0.28792593	      0.30480973	      0.12724351	      0.28688029	      0.29878410	      0.27570107	      0.12313424	      0.21181000	      0.11468861	      0.36342766	      0.22364520	      0.38802625	      0.35601454	      0.15380703	      0.27358898	      0.16612872	      0.37703533	      0.35817982	      0.42869834	      0.43721894	      0.22213953	      0.14694638	      0.09285036	      0.37854455	      0.21207393	      0.18722615	      0.07823741	      0.09402479	      0.17954405	      0.34967107	      0.13244368	      0.15432200	      0.10532434	      0.36060498	      0.06479902	      0.36061661	      0.47827442	      0.55037494	      0.36225382	      0.39731210	      0.31059499	      0.52641116	      0.27629964	      0.29973420	      0.13168981	      0.26016586	      0.27226577	      0.24937270
      1.30700000	      0.12192346	      0.19906930	      0.13982222	      0.37401815	      0.19509706	      0.40015668	      0.36773517	      0.15892078	      0.28477287	      0.16818550	      0.38259764	      0.36246245	      0.41337305	      0.42290430	      0.25134789	      0.14837128	      0.08633241	      0.37033225	      0.19155490	      0.19170479	      0.08212963	      0.09362400	      0.18180982	      0.35497240	      0.13981534	      0.15072127	      0.09444127	      0.34617352	      0.07786950	      0.36358825	      0.46954204	      0.49461771	      0.36830089	      0.40924525	      0.31197277	      0.48988493	      0.28805787	      0.30476821	      0.12719215	      0.28507983	      0.29702544	      0.27397332	      0.12357754	      0.21252717	      0.11462289	      0.36273676	      0.22379534	      0.38775786	      0.35572372	      0.15355137	      0.27337388	      0.16612872	      0.37711719	      0.35830566	      0.42918385	      0.43768828	      0.22115880	      0.14674576	      0.09287475	      0.37879863	      0.21254514	      0.18718959	      0.07820427	      0.09414583	      0.17963017	      0.34977071	      0.13219914	      0.15419523	      0.10541777	      0.36097415	      0.06450791	      0.36072340	      0.47862331	      0.55091884	      0.36167114	      0.39663052	      0.31092340	      0.52689889	      0.27594810	      0.29982306	      0.13157938	      0.25994882	      0.27207297	      0.24916314
      1.31750000	      0.12190995	      0.19895140	      0.14016099	      0.37726601	      0.19762016	      0.40027198	      0.36785992	      0.15900840	      0.28526827	      0.16818550	      0.38255259	      0.36239706	      0.41440081	      0.42394944	      0.25170067	      0.14852426	      0.08640618	      0.37312214	      0.19128686	      0.19197169	      0.08210965	      0.09359169	      0.18176666	      0.35492382	      0.13992660	      0.15074930	      0.09526467	      0.34616109	      0.07799471	      0.36387023	      0.46690750	      0.49562865	      0.37160492	      0.41312719	      0.31181131	      0.48905737	      0.28820838	      0.30472062	      0.12709378	      0.28321352	      0.29518506	      0.27217491	      0.12402728	      0.21323779	      0.11459088	      0.36199386	      0.22387151	      0.38749423	      0.35543803	      0.15329358	      0.27315531	      0.16612872	      0.37719654	      0.35842804	      0.42959203	      0.43808681	      0.22016945	      0.14651868	      0.09288098	      0.37902329	      0.21300873	      0.18711291	      0.07814256	      0.09426633	      0.17971420	      0.34986802	      0.13195983	      0.15402223	      0.10546535	      0.36132538	      0.06417740	      0.36082252	      0.47904756	      0.55138376	      0.36104841	      0.39590987	      0.31124361	      0.52737385	      0.27560259	      0.29990934	      0.13141549	      0.25983819	      0.27197508	      0.24905644
      1.32800000	      0.12194486	      0.19891217	      0.14047571	      0.38042578	      0.20010730	      0.40039792	      0.36799617	      0.15908974	      0.28573186	      0.16818550	      0.38250312	      0.36232533	      0.41548363	      0.42502462	      0.25197460	      0.14864969	      0.08648151	      0.37583864	      0.19107967	      0.19224929	      0.08205278	      0.09358048	      0.18171938	      0.35487061	      0.14004825	      0.15074472	      0.09612552	      0.34617990	      0.07804900	      0.36413720	      0.46429840	      0.49667168	      0.37480728	      0.41688246	      0.31163441	      0.48828816	      0.28837271	      0.30466839	      0.12695678	      0.28129391	      0.29327342	      0.27031620	      0.12446256	      0.21392210	      0.11457139	      0.36122799	      0.22389915	      0.38724884	      0.35517208	      0.15304840	      0.27295336	      0.16612872	      0.37726945	      0.35854088	      0.42992938	      0.43841903	      0.21919479	      0.14628835	      0.09288242	      0.37922375	      0.21346083	      0.18701538	      0.07807030	      0.09437949	      0.17979193	      0.34995811	      0.13173787	      0.15383624	      0.10548266	      0.36166653	      0.06384024	      0.36091584	      0.47951568	      0.55179172	      0.36040775	      0.39517263	      0.31153957	      0.52783862	      0.27528079	      0.29998875	      0.13123366	      0.25979794	      0.27193954	      0.24901765
      1.33850000	      0.12200157	      0.19891978	      0.14074587	      0.38344658	      0.20251264	      0.40053103	      0.36814017	      0.15915256	      0.28613628	      0.16818550	      0.38245053	      0.36224916	      0.41659400	      0.42610652	      0.25218160	      0.14876066	      0.08656918	      0.37841563	      0.19092785	      0.19252523	      0.08195621	      0.09357921	      0.18166925	      0.35481422	      0.14017698	      0.15072147	      0.09700514	      0.34621221	      0.07803614	      0.36438185	      0.46175455	      0.49772447	      0.37785634	      0.42044870	      0.31144686	      0.48759593	      0.28854632	      0.30461290	      0.12679139	      0.27935356	      0.29132244	      0.26842825	      0.12486311	      0.21456168	      0.11454175	      0.36047266	      0.22390946	      0.38701367	      0.35491716	      0.15282959	      0.27279505	      0.16612872	      0.37733849	      0.35864806	      0.43023564	      0.43872185	      0.21825585	      0.14608040	      0.09289541	      0.37940770	      0.21389913	      0.18690820	      0.07800309	      0.09447845	      0.17986599	      0.35004400	      0.13152590	      0.15367134	      0.10548911	      0.36200959	      0.06352591	      0.36100983	      0.47998830	      0.55216817	      0.35977560	      0.39444573	      0.31182131	      0.52829683	      0.27497221	      0.30006405	      0.13106803	      0.25978293	      0.27192629	      0.24900319
      1.34900000	      0.12206393	      0.19895222	      0.14096786	      0.38629210	      0.20479343	      0.40066576	      0.36828591	      0.15919365	      0.28648603	      0.16818550	      0.38239698	      0.36217170	      0.41770529	      0.42717329	      0.25233743	      0.14886726	      0.08667530	      0.38080847	      0.19082118	      0.19280706	      0.08182048	      0.09358068	      0.18161835	      0.35475699	      0.14030743	      0.15068878	      0.09788296	      0.34625119	      0.07796417	      0.36461157	      0.45931636	      0.49875158	      0.38071556	      0.42378369	      0.31125638	      0.48698313	      0.28872197	      0.30455642	      0.12660355	      0.27743903	      0.28937962	      0.26655687	      0.12525686	      0.21518777	      0.11452790	      0.35974665	      0.22391864	      0.38678723	      0.35467169	      0.15263422	      0.27268676	      0.16612872	      0.37740419	      0.35875037	      0.43052816	      0.43901121	      0.21733779	      0.14587549	      0.09290361	      0.37960251	      0.21432608	      0.18679071	      0.07794914	      0.09457531	      0.17993689	      0.35012630	      0.13132249	      0.15351245	      0.10549487	      0.36236238	      0.06323663	      0.36111183	      0.48044272	      0.55252289	      0.35916755	      0.39374880	      0.31209083	      0.52873155	      0.27467494	      0.30013582	      0.13091231	      0.25976953	      0.27191447	      0.24899028
      1.35950000	      0.12212368	      0.19899695	      0.14114384	      0.38892761	      0.20691172	      0.40079609	      0.36842689	      0.15921136	      0.28679626	      0.16818550	      0.38234487	      0.36209642	      0.41879140	      0.42820380	      0.25245393	      0.14897474	      0.08680161	      0.38298489	      0.19075112	      0.19309849	      0.08164841	      0.09358110	      0.18156894	      0.35470147	      0.14043377	      0.15065190	      0.09873764	      0.34629624	      0.07784127	      0.36483920	      0.45702167	      0.49972165	      0.38335162	      0.42685012	      0.31107152	      0.48644985	      0.28889182	      0.30450151	      0.12639745	      0.27559452	      0.28749150	      0.26474619	      0.12567801	      0.21583708	      0.11456428	      0.35905512	      0.22392944	      0.38659148	      0.35445947	      0.15245479	      0.27263013	      0.16612872	      0.37746037	      0.35883811	      0.43078240	      0.43926253	      0.21642138	      0.14564530	      0.09288386	      0.37983150	      0.21474373	      0.18667039	      0.07791412	      0.09468460	      0.17999786	      0.35019713	      0.13114722	      0.15333436	      0.10550163	      0.36272976	      0.06296905	      0.36123184	      0.48087361	      0.55285564	      0.35858754	      0.39308964	      0.31232244	      0.52912394	      0.27441784	      0.30019727	      0.13075171	      0.25975379	      0.27190059	      0.24897512
      1.37000000	      0.12218504	      0.19905774	      0.14128020	      0.39131143	      0.20883400	      0.40091929	      0.36856013	      0.15919526	      0.28708931	      0.16818550	      0.38229534	      0.36202495	      0.41982188	      0.42917250	      0.25253219	      0.14907860	      0.08694174	      0.38492277	      0.19071570	      0.19338970	      0.08144661	      0.09358266	      0.18152210	      0.35464885	      0.14055331	      0.15060906	      0.09954746	      0.34635523	      0.07767395	      0.36509088	      0.45491291	      0.50061596	      0.38572609	      0.42960568	      0.31089624	      0.48599828	      0.28905230	      0.30444933	      0.12617575	      0.27386142	      0.28570474	      0.26303797	      0.12613078	      0.21650867	      0.11466263	      0.35836165	      0.22390070	      0.38642839	      0.35428265	      0.15228143	      0.27264260	      0.16612872	      0.37750674	      0.35891072	      0.43095772	      0.43943875	      0.21551001	      0.14537558	      0.09282452	      0.38007234	      0.21514576	      0.18658372	      0.07788841	      0.09480846	      0.18004844	      0.35025591	      0.13100160	      0.15311734	      0.10548363	      0.36311158	      0.06270864	      0.36139759	      0.48133114	      0.55313530	      0.35800474	      0.39243603	      0.31251441	      0.52947280	      0.27420355	      0.30024806	      0.13056735	      0.25979568	      0.27193754	      0.24901547
      1.38050000	      0.12224708	      0.19913267	      0.14137677	      0.39340301	      0.21053352	      0.40103103	      0.36868099	      0.15913494	      0.28737632	      0.16818550	      0.38225018	      0.36195985	      0.42077128	      0.43005850	      0.25257239	      0.14917437	      0.08708871	      0.38660047	      0.19071346	      0.19366661	      0.08122440	      0.09358576	      0.18147949	      0.35460101	      0.14066185	      0.15056115	      0.10029188	      0.34643221	      0.07747126	      0.36538439	      0.45303087	      0.50142719	      0.38780256	      0.43200962	      0.31073679	      0.48563540	      0.28919780	      0.30440179	      0.12594637	      0.27227579	      0.28406352	      0.26146946	      0.12660862	      0.21719067	      0.11482389	      0.35762987	      0.22379137	      0.38629585	      0.35413894	      0.15211002	      0.27274274	      0.16612872	      0.37754414	      0.35896939	      0.43101879	      0.43950807	      0.21461901	      0.14506376	      0.09272134	      0.38029717	      0.21552360	      0.18656479	      0.07786720	      0.09494531	      0.18008939	      0.35030353	      0.13088353	      0.15285584	      0.10541529	      0.36350673	      0.06245185	      0.36163139	      0.48186620	      0.55333323	      0.35738709	      0.39175352	      0.31266977	      0.52978207	      0.27402935	      0.30028906	      0.13035377	      0.25995459	      0.27207808	      0.24916870
      1.39100000	      0.12227801	      0.19918547	      0.14140155	      0.39516279	      0.21199628	      0.40112462	      0.36878220	      0.15902841	      0.28761762	      0.16818550	      0.38221219	      0.36190513	      0.42162548	      0.43085149	      0.25257931	      0.14927244	      0.08725132	      0.38797590	      0.19074294	      0.19390714	      0.08098162	      0.09357764	      0.18144371	      0.35456085	      0.14075283	      0.15052390	      0.10095509	      0.34650793	      0.07723702	      0.36569178	      0.45141538	      0.50217167	      0.38954785	      0.43402062	      0.31060292	      0.48539355	      0.28931962	      0.30436181	      0.12572616	      0.27086374	      0.28260086	      0.26006873	      0.12708861	      0.21786088	      0.11502737	      0.35686566	      0.22360373	      0.38620188	      0.35403703	      0.15196199	      0.27293833	      0.16612872	      0.37757051	      0.35901082	      0.43095915	      0.43946374	      0.21378947	      0.14474571	      0.09259360	      0.38050078	      0.21586794	      0.18661414	      0.07787736	      0.09508950	      0.18011835	      0.35033721	      0.13079997	      0.15259836	      0.10529862	      0.36391493	      0.06224791	      0.36191740	      0.48247716	      0.55345659	      0.35673383	      0.39104005	      0.31277957	      0.53006083	      0.27390580	      0.30031798	      0.13016206	      0.26022557	      0.27231898	      0.24943040
      1.40150000	      0.12224868	      0.19918312	      0.14132519	      0.39656058	      0.21321457	      0.40119694	      0.36886041	      0.15887409	      0.28778054	      0.16818550	      0.38218273	      0.36186272	      0.42236981	      0.43154004	      0.25255737	      0.14938460	      0.08744134	      0.38901617	      0.19080324	      0.19409623	      0.08071259	      0.09354609	      0.18141601	      0.35452976	      0.14082319	      0.15051093	      0.10152419	      0.34656565	      0.07696939	      0.36599026	      0.45009911	      0.50286466	      0.39093912	      0.43560948	      0.31049926	      0.48530397	      0.28941374	      0.30433081	      0.12552583	      0.26964814	      0.28134396	      0.25886050	      0.12755276	      0.21850255	      0.11525517	      0.35608079	      0.22334677	      0.38614940	      0.35398012	      0.15185476	      0.27323580	      0.16612872	      0.37758517	      0.35903389	      0.43078525	      0.43931125	      0.21305505	      0.14445449	      0.09246008	      0.38068313	      0.21617185	      0.18672899	      0.07794150	      0.09523686	      0.18013449	      0.35035599	      0.13075336	      0.15238815	      0.10514010	      0.36433718	      0.06213797	      0.36224247	      0.48315259	      0.55351589	      0.35605029	      0.39030027	      0.31284076	      0.53031667	      0.27383680	      0.30033407	      0.13003638	      0.26059311	      0.27264818	      0.24978613
      1.41200000	      0.12217288	      0.19913935	      0.14116574	      0.39759788	      0.21418744	      0.40125328	      0.36892134	      0.15866774	      0.28791569	      0.16818550	      0.38215970	      0.36182961	      0.42298310	      0.43210562	      0.25250712	      0.14950228	      0.08764735	      0.38974303	      0.19089073	      0.19424432	      0.08042750	      0.09349720	      0.18139439	      0.35450551	      0.14087803	      0.15051566	      0.10199014	      0.34662529	      0.07667739	      0.36632067	      0.44909103	      0.50349777	      0.39198117	      0.43678514	      0.31041837	      0.48535265	      0.28948705	      0.30430659	      0.12534523	      0.26864857	      0.28031410	      0.25786590	      0.12802884	      0.21914299	      0.11553503	      0.35526899	      0.22301199	      0.38614967	      0.35398042	      0.15176256	      0.27363704	      0.16612872	      0.37758510	      0.35903377	      0.43047735	      0.43903136	      0.21238979	      0.14415500	      0.09229696	      0.38084881	      0.21643851	      0.18693508	      0.07804496	      0.09539768	      0.18013440	      0.35035589	      0.13075360	      0.15218391	      0.10493565	      0.36477484	      0.06209051	      0.36263720	      0.48389687	      0.55350149	      0.35533299	      0.38953263	      0.31284044	      0.53053399	      0.27383716	      0.30033399	      0.12993940	      0.26106580	      0.27307561	      0.25024489
      1.42250000	      0.12207378	      0.19907843	      0.14094959	      0.39828623	      0.21492006	      0.40129590	      0.36896742	      0.15840767	      0.28807148	      0.16818550	      0.38214226	      0.36180452	      0.42345493	      0.43253966	      0.25242634	      0.14961116	      0.08785144	      0.39019152	      0.19100248	      0.19435541	      0.08014217	      0.09344140	      0.18137802	      0.35448715	      0.14091953	      0.15052722	      0.10234806	      0.34670797	      0.07637366	      0.36671853	      0.44839217	      0.50406410	      0.39268698	      0.43756677	      0.31035712	      0.48551580	      0.28954248	      0.30428824	      0.12518411	      0.26787811	      0.27952374	      0.25709895	      0.12854571	      0.21981008	      0.11589720	      0.35442087	      0.22258667	      0.38621236	      0.35404840	      0.15166106	      0.27413826	      0.16612872	      0.37756757	      0.35900621	      0.43001434	      0.43860374	      0.21176448	      0.14380553	      0.09207579	      0.38099845	      0.21667131	      0.18725988	      0.07816990	      0.09558221	      0.18011512	      0.35033346	      0.13080928	      0.15193684	      0.10467920	      0.36522628	      0.06206868	      0.36312663	      0.48471733	      0.55339992	      0.35457580	      0.38873260	      0.31276734	      0.53069410	      0.27391958	      0.30031476	      0.12982735	      0.26165638	      0.27361585	      0.25081989
      1.43300000	      0.12196382	      0.19901487	      0.14068553	      0.39864392	      0.21543408	      0.40131285	      0.36898576	      0.15810467	      0.28820032	      0.16818550	      0.38213530	      0.36179453	      0.42381074	      0.43286770	      0.25230828	      0.14970147	      0.08804314	      0.39039236	      0.19114106	      0.19440183	      0.07986483	      0.09338466	      0.18137150	      0.35447984	      0.14093605	      0.15053888	      0.10260293	      0.34679888	      0.07606211	      0.36713573	      0.44799305	      0.50458111	      0.39307628	      0.43797860	      0.31033273	      0.48578452	      0.28956454	      0.30428093	      0.12504318	      0.26732796	      0.27896173	      0.25655131	      0.12907786	      0.22047614	      0.11631617	      0.35353578	      0.22206799	      0.38634010	      0.35418692	      0.15157627	      0.27472174	      0.16612872	      0.37753168	      0.35894984	      0.42939323	      0.43802514	      0.21120282	      0.14343064	      0.09181432	      0.38111095	      0.21686544	      0.18768748	      0.07831604	      0.09578089	      0.18007573	      0.35028764	      0.13092292	      0.15167098	      0.10437121	      0.36568101	      0.06208143	      0.36367007	      0.48561223	      0.55321081	      0.35377625	      0.38789464	      0.31261797	      0.53080794	      0.27408751	      0.30027540	      0.12971775	      0.26236182	      0.27426983	      0.25150919
      1.44350000	      0.12184291	      0.19894927	      0.14036998	      0.39868509	      0.21574924	      0.40130091	      0.36897284	      0.15777075	      0.28825226	      0.16818550	      0.38214020	      0.36180156	      0.42406448	      0.43310354	      0.25214894	      0.14977113	      0.08822065	      0.39036123	      0.19130875	      0.19436207	      0.07959718	      0.09332728	      0.18137609	      0.35448499	      0.14092441	      0.15055007	      0.10276076	      0.34688039	      0.07574246	      0.36752205	      0.44788499	      0.50506820	      0.39316463	      0.43803824	      0.31034991	      0.48616010	      0.28954900	      0.30428608	      0.12492444	      0.26698659	      0.27861414	      0.25621155	      0.12959580	      0.22111031	      0.11676079	      0.35261154	      0.22145412	      0.38653743	      0.35440087	      0.15153492	      0.27536833	      0.16612872	      0.37747578	      0.35886222	      0.42860967	      0.43729081	      0.21073309	      0.14306439	      0.09153705	      0.38116479	      0.21701620	      0.18819265	      0.07848771	      0.09598288	      0.18001465	      0.35021663	      0.13109892	      0.15142157	      0.10401310	      0.36612885	      0.06214574	      0.36422408	      0.48658019	      0.55293627	      0.35292964	      0.38701026	      0.31238616	      0.53089204	      0.27434683	      0.30021414	      0.12963792	      0.26317652	      0.27503625	      0.25230820
      1.45400000	      0.12167905	      0.19884675	      0.13997073	      0.39840503	      0.21587191	      0.40129302	      0.36896431	      0.15741142	      0.28826520	      0.16818550	      0.38214344	      0.36180621	      0.42416856	      0.43320050	      0.25195420	      0.14984028	      0.08840764	      0.39007412	      0.19150565	      0.19425525	      0.07931897	      0.09325448	      0.18137913	      0.35448839	      0.14091673	      0.15057530	      0.10282253	      0.34696300	      0.07539991	      0.36789947	      0.44807329	      0.50553872	      0.39295208	      0.43774170	      0.31036126	      0.48667261	      0.28953874	      0.30428948	      0.12482799	      0.26685285	      0.27847822	      0.25607846	      0.13011704	      0.22173419	      0.11724640	      0.35163566	      0.22073674	      0.38681868	      0.35470579	      0.15151631	      0.27606227	      0.16612872	      0.37739511	      0.35873621	      0.42764133	      0.43637858	      0.21034618	      0.14269822	      0.09123583	      0.38116605	      0.21712673	      0.18877198	      0.07869527	      0.09619590	      0.17992707	      0.35011490	      0.13135070	      0.15118623	      0.10360294	      0.36656715	      0.06227083	      0.36479708	      0.48762883	      0.55257311	      0.35202150	      0.38606466	      0.31205350	      0.53094224	      0.27471624	      0.30012589	      0.12959210	      0.26410234	      0.27592082	      0.25321956
      1.46450000	      0.12146233	      0.19869696	      0.13947854	      0.39781833	      0.21581517	      0.40130624	      0.36897860	      0.15703658	      0.28827164	      0.16818550	      0.38213802	      0.36179843	      0.42410612	      0.43314157	      0.25172684	      0.14991847	      0.08861641	      0.38953608	      0.19173155	      0.19409048	      0.07901692	      0.09316084	      0.18137405	      0.35448269	      0.14092960	      0.15061856	      0.10279393	      0.34705725	      0.07502369	      0.36828081	      0.44854360	      0.50599722	      0.39245516	      0.43710696	      0.31034225	      0.48732923	      0.28955593	      0.30428379	      0.12474765	      0.26691478	      0.27854113	      0.25614008	      0.13065970	      0.22236986	      0.11778874	      0.35059136	      0.21990415	      0.38718726	      0.35510533	      0.15150356	      0.27677980	      0.16612872	      0.37728761	      0.35856904	      0.42647655	      0.43527696	      0.21002622	      0.14231853	      0.09090039	      0.38111688	      0.21720216	      0.18942314	      0.07894313	      0.09642700	      0.17981137	      0.34998064	      0.13168230	      0.15095517	      0.10313744	      0.36699093	      0.06245665	      0.36538839	      0.48876861	      0.55211491	      0.35103427	      0.38503942	      0.31161353	      0.53095424	      0.27520001	      0.30000854	      0.12957587	      0.26514405	      0.27693212	      0.25424860
      1.47500000	      0.12128375	      0.19859669	      0.13899686	      0.39703991	      0.21563054	      0.40127086	      0.36894035	      0.15667209	      0.28818570	      0.16818550	      0.38215251	      0.36181926	      0.42402016	      0.43306528	      0.25146225	      0.14995999	      0.08879096	      0.38889579	      0.19197716	      0.19381738	      0.07873834	      0.09308616	      0.18138764	      0.35449794	      0.14089515	      0.15063963	      0.10270117	      0.34713487	      0.07465104	      0.36857443	      0.44919273	      0.50641785	      0.39177516	      0.43626375	      0.31039311	      0.48801679	      0.28950992	      0.30429903	      0.12467151	      0.26711553	      0.27874532	      0.25633988	      0.13120271	      0.22299467	      0.11836046	      0.34946463	      0.21895021	      0.38764174	      0.35559789	      0.15154534	      0.27747901	      0.16612872	      0.37715227	      0.35835971	      0.42511461	      0.43398482	      0.20976601	      0.14193440	      0.09054510	      0.38098642	      0.21724798	      0.19010875	      0.07920867	      0.09666472	      0.17966725	      0.34981364	      0.13209362	      0.15072681	      0.10261713	      0.36738733	      0.06267515	      0.36591710	      0.49000203	      0.55155920	      0.34995729	      0.38391828	      0.31106473	      0.53094428	      0.27579594	      0.29986119	      0.12957464	      0.26629838	      0.27807057	      0.25539246
      1.48550000	      0.12121031	      0.19861934	      0.13859420	      0.39614329	      0.21535740	      0.40115392	      0.36881389	      0.15633535	      0.28793600	      0.16818550	      0.38220027	      0.36188796	      0.42399003	      0.43304795	      0.25114998	      0.14993018	      0.08889197	      0.38825472	      0.19224209	      0.19341073	      0.07851390	      0.09306003	      0.18143249	      0.35454826	      0.14078133	      0.15060796	      0.10256470	      0.34717619	      0.07430219	      0.36871019	      0.44995264	      0.50679568	      0.39097678	      0.43529506	      0.31056094	      0.48866494	      0.28935776	      0.30434926	      0.12458938	      0.26741055	      0.27904596	      0.25663352	      0.13172123	      0.22358003	      0.11893167	      0.34824765	      0.21787136	      0.38817381	      0.35617441	      0.15168046	      0.27813385	      0.16612872	      0.37698986	      0.35811010	      0.42356570	      0.43251160	      0.20956165	      0.14155495	      0.09018464	      0.38073914	      0.21726754	      0.19078595	      0.07946479	      0.09689602	      0.17949646	      0.34961605	      0.13257850	      0.15049649	      0.10204430	      0.36774668	      0.06289291	      0.36632238	      0.49132551	      0.55090339	      0.34878595	      0.38269093	      0.31041340	      0.53092642	      0.27649282	      0.29968489	      0.12956912	      0.26755872	      0.27933207	      0.25664445
      1.49600000	      0.12115406	      0.19869395	      0.13810380	      0.39493343	      0.21496297	      0.40113005	      0.36878808	      0.15601148	      0.28764900	      0.16818550	      0.38220998	      0.36190195	      0.42373318	      0.43281216	      0.25072860	      0.14986648	      0.08899708	      0.38742081	      0.19258980	      0.19295528	      0.07824213	      0.09304316	      0.18144163	      0.35455852	      0.14075812	      0.15054771	      0.10236922	      0.34726096	      0.07385858	      0.36879962	      0.45097942	      0.50725709	      0.38989399	      0.43398855	      0.31059514	      0.48948646	      0.28932670	      0.30435948	      0.12447910	      0.26783249	      0.27947705	      0.25705353	      0.13220950	      0.22411643	      0.11950156	      0.34695145	      0.21666545	      0.38880919	      0.35686270	      0.15183707	      0.27876116	      0.16612872	      0.37679026	      0.35780553	      0.42179677	      0.43082375	      0.20942907	      0.14118382	      0.08981920	      0.38036217	      0.21725366	      0.19146850	      0.07971125	      0.09711976	      0.17928955	      0.34937714	      0.13316202	      0.15026621	      0.10142227	      0.36806411	      0.06311223	      0.36668668	      0.49272573	      0.55013978	      0.34752699	      0.38136355	      0.30962308	      0.53089149	      0.27732385	      0.29946897	      0.12956075	      0.26891711	      0.28070943	      0.25799598
      1.50650000	      0.12101352	      0.19872186	      0.13737952	      0.39329822	      0.21444232	      0.40119083	      0.36885381	      0.15568045	      0.28744214	      0.16818550	      0.38218522	      0.36186631	      0.42326118	      0.43236914	      0.25016911	      0.14980707	      0.08916352	      0.38624720	      0.19305135	      0.19252362	      0.07786951	      0.09299192	      0.18141835	      0.35453239	      0.14081725	      0.15049940	      0.10211396	      0.34744768	      0.07326325	      0.36895232	      0.45236060	      0.50790705	      0.38842935	      0.43221277	      0.31050802	      0.49062745	      0.28940579	      0.30433343	      0.12435865	      0.26838230	      0.28004056	      0.25760085	      0.13265879	      0.22458815	      0.12007390	      0.34559382	      0.21532349	      0.38956269	      0.35767868	      0.15194860	      0.27938889	      0.16612872	      0.37654544	      0.35743502	      0.41978155	      0.42889482	      0.20940874	      0.14083243	      0.08944891	      0.37984036	      0.21718906	      0.19218431	      0.07995939	      0.09733624	      0.17903995	      0.34908959	      0.13386004	      0.15004994	      0.10075118	      0.36833233	      0.06335521	      0.36709660	      0.49418924	      0.54925113	      0.34618987	      0.37994630	      0.30866816	      0.53082264	      0.27830766	      0.29920517	      0.12956598	      0.27037311	      0.28220117	      0.25944537
      1.51700000	      0.12085707	      0.19874363	      0.13659575	      0.39154476	      0.21388834	      0.40104552	      0.36869666	      0.15537756	      0.28719389	      0.16818550	      0.38224431	      0.36195139	      0.42307566	      0.43220922	      0.24956197	      0.14972969	      0.08931733	      0.38498813	      0.19353921	      0.19207948	      0.07751394	      0.09293648	      0.18147395	      0.35459479	      0.14067594	      0.15045643	      0.10184578	      0.34764305	      0.07266545	      0.36904385	      0.45383765	      0.50861926	      0.38685002	      0.43029675	      0.31071608	      0.49182886	      0.28921667	      0.30439561	      0.12426959	      0.26895868	      0.28063314	      0.25817453	      0.13304897	      0.22497039	      0.12062924	      0.34417198	      0.21383714	      0.39035064	      0.35853166	      0.15208190	      0.27996323	      0.16612872	      0.37627985	      0.35703656	      0.41762702	      0.42682989	      0.20951386	      0.14051466	      0.08908606	      0.37914251	      0.21706976	      0.19284816	      0.08019860	      0.09753687	      0.17877394	      0.34878391	      0.13459658	      0.14985410	      0.10003210	      0.36852795	      0.06361244	      0.36744028	      0.49571056	      0.54822807	      0.34477042	      0.37843049	      0.30764900	      0.53072574	      0.27933442	      0.29892017	      0.12958238	      0.27192352	      0.28380109	      0.26098761
      1.52750000	      0.12078812	      0.19884464	      0.13595300	      0.38991205	      0.21333757	      0.40086282	      0.36849906	      0.15514978	      0.28679262	      0.16818550	      0.38231808	      0.36205775	      0.42295196	      0.43210934	      0.24898840	      0.14961232	      0.08940110	      0.38387293	      0.19398151	      0.19161000	      0.07724668	      0.09291898	      0.18154359	      0.35467299	      0.14049850	      0.15038739	      0.10158253	      0.34776307	      0.07216247	      0.36894735	      0.45521320	      0.50921963	      0.38536783	      0.42851033	      0.31097664	      0.49285920	      0.28897875	      0.30447328	      0.12419771	      0.26952321	      0.28121502	      0.25873623	      0.13336263	      0.22524454	      0.12114162	      0.34267696	      0.21220826	      0.39116234	      0.35941001	      0.15229851	      0.28040864	      0.16612872	      0.37599581	      0.35661406	      0.41535491	      0.42464890	      0.20972688	      0.14023553	      0.08874402	      0.37823940	      0.21690429	      0.19334284	      0.08040245	      0.09771072	      0.17849447	      0.34846361	      0.13536198	      0.14966959	      0.09927138	      0.36862635	      0.06384833	      0.36759300	      0.49728097	      0.54707320	      0.34326335	      0.37680433	      0.30657711	      0.53061631	      0.28038987	      0.29861662	      0.12958726	      0.27355426	      0.28549001	      0.26260653
      1.53800000	      0.12073097	      0.19895009	      0.13534837	      0.38829004	      0.21275551	      0.40087002	      0.36850685	      0.15496492	      0.28638205	      0.16818550	      0.38231518	      0.36205357	      0.42253038	      0.43171602	      0.24843546	      0.14949036	      0.08946535	      0.38277038	      0.19439918	      0.19123553	      0.07701757	      0.09290637	      0.18154085	      0.35466991	      0.14050549	      0.15032249	      0.10130791	      0.34787075	      0.07170575	      0.36880838	      0.45657984	      0.50975655	      0.38388672	      0.42672982	      0.31096640	      0.49383402	      0.28898813	      0.30447023	      0.12414689	      0.27011078	      0.28182189	      0.25932055	      0.13359010	      0.22539584	      0.12160726	      0.34112998	      0.21044200	      0.39209332	      0.36041700	      0.15251444	      0.28077732	      0.16612872	      0.37565669	      0.35611412	      0.41283970	      0.42222613	      0.21006532	      0.14000235	      0.08842639	      0.37711950	      0.21668480	      0.19368343	      0.08056877	      0.09785475	      0.17816697	      0.34808937	      0.13624772	      0.14949963	      0.09847685	      0.36863415	      0.06406382	      0.36767335	      0.49888052	      0.54578058	      0.34168513	      0.37508378	      0.30532012	      0.53048496	      0.28159746	      0.29825576	      0.12958092	      0.27525554	      0.28725199	      0.26429048
      1.54850000	      0.12060588	      0.19899769	      0.13461878	      0.38655920	      0.21217746	      0.40076380	      0.36839196	      0.15478798	      0.28611867	      0.16818550	      0.38235781	      0.36211511	      0.42228410	      0.43149455	      0.24783197	      0.14938323	      0.08956070	      0.38155670	      0.19485349	      0.19103373	      0.07676413	      0.09286531	      0.18158120	      0.35471524	      0.14040245	      0.15028642	      0.10103874	      0.34855845	      0.07121020	      0.36878073	      0.45802613	      0.51040753	      0.38230701	      0.42481934	      0.31111738	      0.49492921	      0.28884974	      0.30451514	      0.12412382	      0.27068539	      0.28241625	      0.25989158	      0.13372811	      0.22541787	      0.12203185	      0.33955901	      0.20854583	      0.39314455	      0.36155351	      0.15264310	      0.28112359	      0.16612872	      0.37525618	      0.35552931	      0.41008275	      0.41956116	      0.21055538	      0.13982719	      0.08813552	      0.37578788	      0.21640083	      0.19393841	      0.08071413	      0.09797036	      0.17778801	      0.34765778	      0.13725738	      0.14936174	      0.09765708	      0.36855990	      0.06428638	      0.36781131	      0.50048835	      0.54434492	      0.34005524	      0.37329039	      0.30386525	      0.53031807	      0.28295710	      0.29783154	      0.12958397	      0.27701779	      0.28907062	      0.26602839
      1.55900000	      0.12044997	      0.19903257	      0.13378934	      0.38475548	      0.21164042	      0.40048303	      0.36808824	      0.15459881	      0.28592971	      0.16818550	      0.38246953	      0.36227667	      0.42232652	      0.43155561	      0.24715805	      0.14926934	      0.08966693	      0.38029319	      0.19535321	      0.19093508	      0.07650066	      0.09281208	      0.18168735	      0.35483458	      0.14013054	      0.15026212	      0.10079177	      0.34887863	      0.07067925	      0.36882708	      0.45951818	      0.51119746	      0.38066255	      0.42282119	      0.31151456	      0.49612117	      0.28848372	      0.30463294	      0.12412375	      0.27121173	      0.28296120	      0.26041424	      0.13375621	      0.22527898	      0.12240467	      0.33797032	      0.20650462	      0.39404379	      0.36252520	      0.15272484	      0.28148970	      0.16612872	      0.37489836	      0.35501149	      0.40747598	      0.41703875	      0.21120958	      0.13970924	      0.08787391	      0.37419910	      0.21604344	      0.19415559	      0.08080847	      0.09804769	      0.17745594	      0.34728086	      0.13812860	      0.14923524	      0.09681118	      0.36841046	      0.06448000	      0.36800260	      0.50209476	      0.54273870	      0.33837980	      0.37142601	      0.30259082	      0.53010631	      0.28411666	      0.29745417	      0.12956395	      0.27885075	      0.29094940	      0.26782873
      1.56950000	      0.12029733	      0.19907771	      0.13294059	      0.38294766	      0.21113065	      0.40027891	      0.36786741	      0.15437914	      0.28570870	      0.16818550	      0.38254987	      0.36239312	      0.42227760	      0.43152491	      0.24645498	      0.14914182	      0.08975647	      0.37904601	      0.19586250	      0.19089612	      0.07627162	      0.09276162	      0.18176406	      0.35492089	      0.13993329	      0.15024547	      0.10056003	      0.34920791	      0.07017237	      0.36888649	      0.46100613	      0.51203837	      0.37900953	      0.42081058	      0.31180159	      0.49731535	      0.28821742	      0.30471775	      0.12415793	      0.27170511	      0.28347229	      0.26090377	      0.13364990	      0.22494226	      0.12271417	      0.33639589	      0.20432163	      0.39478796	      0.36332899	      0.15281432	      0.28191886	      0.16612872	      0.37459134	      0.35457036	      0.40505013	      0.41468556	      0.21204767	      0.13965432	      0.08764841	      0.37232083	      0.21560133	      0.19433399	      0.08082231	      0.09807542	      0.17717547	      0.34696344	      0.13885459	      0.14910478	      0.09594681	      0.36819095	      0.06461257	      0.36822290	      0.50366479	      0.54094128	      0.33668933	      0.36951985	      0.30151524	      0.52983583	      0.28507373	      0.29713151	      0.12949156	      0.28074299	      0.29287245	      0.26967946
      1.58000000	      0.12017947	      0.19916553	      0.13211912	      0.38119310	      0.21066426	      0.40014655	      0.36772421	      0.15418262	      0.28547813	      0.16818550	      0.38260158	      0.36246818	      0.42215607	      0.43142050	      0.24573385	      0.14900003	      0.08983295	      0.37787623	      0.19637443	      0.19099182	      0.07605639	      0.09272404	      0.18181361	      0.35497667	      0.13980557	      0.15021756	      0.10035029	      0.34954819	      0.06967163	      0.36892906	      0.46243890	      0.51289017	      0.37740649	      0.41886129	      0.31198693	      0.49847603	      0.28804465	      0.30477238	      0.12418789	      0.27215148	      0.28393475	      0.26134630	      0.13341005	      0.22441687	      0.12295933	      0.33492602	      0.20208559	      0.39575756	      0.36437576	      0.15290091	      0.28231515	      0.16612872	      0.37417609	      0.35397799	      0.40229630	      0.41199603	      0.21307873	      0.13969479	      0.08747744	      0.37025077	      0.21507800	      0.19434853	      0.08080216	      0.09805603	      0.17680217	      0.34654225	      0.13980700	      0.14902630	      0.09510319	      0.36786848	      0.06475330	      0.36840364	      0.50511885	      0.53901345	      0.33506551	      0.36766703	      0.30008543	      0.52950707	      0.28631711	      0.29669664	      0.12942914	      0.28260979	      0.29475287	      0.27149729
      1.59050000	      0.12011320	      0.19931506	      0.13134396	      0.37953429	      0.21026898	      0.39993373	      0.36749392	      0.15405290	      0.28528354	      0.16818550	      0.38268410	      0.36258815	      0.42220078	      0.43147737	      0.24499350	      0.14884138	      0.08989945	      0.37682670	      0.19689034	      0.19129367	      0.07583756	      0.09270448	      0.18189294	      0.35506603	      0.13960052	      0.15016499	      0.10017419	      0.34991853	      0.06915767	      0.36895162	      0.46377776	      0.51375215	      0.37589804	      0.41702723	      0.31228368	      0.49959039	      0.28776669	      0.30485960	      0.12418821	      0.27252624	      0.28432296	      0.26171754	      0.13303080	      0.22370244	      0.12313209	      0.33358386	      0.19982643	      0.39666038	      0.36534992	      0.15296226	      0.28260007	      0.16612872	      0.37377350	      0.35340794	      0.39967410	      0.40942026	      0.21430299	      0.13985415	      0.08737626	      0.36803029	      0.21447833	      0.19410543	      0.08077887	      0.09798754	      0.17644635	      0.34614218	      0.14070017	      0.14904014	      0.09429282	      0.36741509	      0.06494894	      0.36850375	      0.50643649	      0.53698036	      0.33352809	      0.36589173	      0.29872514	      0.52913323	      0.28747103	      0.29627658	      0.12942038	      0.28442075	      0.29656064	      0.27325272
      1.60100000	      0.12006003	      0.19948972	      0.13055082	      0.37791879	      0.20995214	      0.39964846	      0.36718521	      0.15392665	      0.28511849	      0.16818550	      0.38279347	      0.36274754	      0.42240208	      0.43168608	      0.24421217	      0.14866780	      0.08995483	      0.37584431	      0.19742375	      0.19174478	      0.07563981	      0.09269028	      0.18199862	      0.35518518	      0.13932630	      0.15011379	      0.10003413	      0.35032988	      0.06865037	      0.36900746	      0.46506924	      0.51469927	      0.37443172	      0.41523954	      0.31267896	      0.50070899	      0.28739384	      0.30497535	      0.12420843	      0.27282437	      0.28463173	      0.26201269	      0.13253552	      0.22282221	      0.12326248	      0.33233225	      0.19750133	      0.39717061	      0.36590025	      0.15300020	      0.28288851	      0.16612872	      0.37353898	      0.35307768	      0.39768909	      0.40745171	      0.21568092	      0.14009353	      0.08732155	      0.36563162	      0.21381121	      0.19373630	      0.08072570	      0.09787494	      0.17624165	      0.34591266	      0.14120758	      0.14909389	      0.09350224	      0.36688225	      0.06515520	      0.36861517	      0.50764406	      0.53479650	      0.33204348	      0.36415661	      0.29794401	      0.52869770	      0.28812148	      0.29603254	      0.12941287	      0.28620888	      0.29832917	      0.27497801
      1.61150000	      0.11999205	      0.19966849	      0.12967899	      0.37628841	      0.20972093	      0.39941196	      0.36692924	      0.15375060	      0.28495554	      0.16818550	      0.38288308	      0.36287847	      0.42258870	      0.43187750	      0.24335955	      0.14848130	      0.09000346	      0.37488413	      0.19799412	      0.19227006	      0.07547621	      0.09267173	      0.18208569	      0.35528342	      0.13909951	      0.15008459	      0.09993253	      0.35078856	      0.06815507	      0.36912264	      0.46636122	      0.51580340	      0.37295243	      0.41342719	      0.31300452	      0.50188805	      0.28708447	      0.30507031	      0.12428440	      0.27304071	      0.28485572	      0.26222676	      0.13197530	      0.22183811	      0.12339889	      0.33123060	      0.19517573	      0.39774403	      0.36651852	      0.15302954	      0.28327652	      0.16612872	      0.37326926	      0.35269936	      0.39567588	      0.40543295	      0.21715123	      0.14036683	      0.08728384	      0.36315214	      0.21309691	      0.19336382	      0.08063554	      0.09773472	      0.17600844	      0.34565172	      0.14178002	      0.14914078	      0.09275537	      0.36632947	      0.06534701	      0.36880363	      0.50870333	      0.53249697	      0.33067673	      0.36254187	      0.29705552	      0.52817228	      0.28885096	      0.29575244	      0.12936895	      0.28793897	      0.30002476	      0.27664034
      1.62200000	      0.11993605	      0.19987412	      0.12878295	      0.37470404	      0.20957958	      0.39919770	      0.36669731	      0.15358492	      0.28477188	      0.16818550	      0.38296345	      0.36299614	      0.42280141	      0.43209190	      0.24245984	      0.14828418	      0.09004558	      0.37400229	      0.19858431	      0.19287985	      0.07533769	      0.09265741	      0.18216414	      0.35537202	      0.13889447	      0.15006413	      0.09987067	      0.35127028	      0.06767136	      0.36922363	      0.46760246	      0.51700418	      0.37151917	      0.41166538	      0.31329780	      0.50307780	      0.28680400	      0.30515555	      0.12438766	      0.27317246	      0.28499210	      0.26235708	      0.13133681	      0.22074021	      0.12352654	      0.33034579	      0.19292282	      0.39838668	      0.36721118	      0.15306799	      0.28365899	      0.16612872	      0.37295905	      0.35226617	      0.39365726	      0.40338599	      0.21872220	      0.14070092	      0.08728125	      0.36067023	      0.21233750	      0.19288971	      0.08053386	      0.09756206	      0.17574303	      0.34535547	      0.14242429	      0.14922182	      0.09207381	      0.36571728	      0.06556577	      0.36897052	      0.50958668	      0.53013775	      0.32949606	      0.36112842	      0.29604638	      0.52756769	      0.28966655	      0.29543101	      0.12933033	      0.28957947	      0.30161886	      0.27821120
      1.63250000	      0.11991967	      0.20012855	      0.12792177	      0.37323226	      0.20953203	      0.39895316	      0.36643257	      0.15349091	      0.28454896	      0.16818550	      0.38305422	      0.36312936	      0.42311698	      0.43240509	      0.24154027	      0.14807649	      0.09007982	      0.37325413	      0.19917592	      0.19358896	      0.07521060	      0.09265632	      0.18225318	      0.35547264	      0.13866097	      0.15003410	      0.09984990	      0.35175063	      0.06719387	      0.36924036	      0.46873751	      0.51823749	      0.37019645	      0.41003588	      0.31363058	      0.50422458	      0.28648367	      0.30525194	      0.12448322	      0.27321671	      0.28503789	      0.26240084	      0.13059550	      0.21950139	      0.12362764	      0.32969776	      0.19075945	      0.39875101	      0.36760374	      0.15313026	      0.28393073	      0.16612872	      0.37277939	      0.35201617	      0.39184818	      0.40181027	      0.22041536	      0.14112217	      0.08732980	      0.35820445	      0.21152753	      0.19221358	      0.08044029	      0.09734790	      0.17559062	      0.34518572	      0.14279079	      0.14937354	      0.09145858	      0.36499672	      0.06584822	      0.36901931	      0.51030072	      0.52773143	      0.32852089	      0.35994004	      0.29546801	      0.52689411	      0.29012798	      0.29524520	      0.12933329	      0.29113763	      0.30312124	      0.27969919
      1.64300000	      0.11993473	      0.20042662	      0.12707364	      0.37184039	      0.20957496	      0.39870795	      0.36616709	      0.15343728	      0.28428568	      0.16818550	      0.38314423	      0.36326177	      0.42349071	      0.43277306	      0.24058704	      0.14785570	      0.09010156	      0.37261787	      0.19977656	      0.19435160	      0.07511309	      0.09266682	      0.18234193	      0.35557302	      0.13842739	      0.15000554	      0.09986865	      0.35223825	      0.06673790	      0.36919931	      0.46979475	      0.51953333	      0.36895091	      0.40849744	      0.31396217	      0.50534873	      0.28616224	      0.30534762	      0.12459651	      0.27317676	      0.28499655	      0.26236133	      0.12978460	      0.21816201	      0.12373673	      0.32932683	      0.18873323	      0.39893877	      0.36780601	      0.15321697	      0.28414782	      0.16612872	      0.37268571	      0.35188607	      0.39054093	      0.40056642	      0.22219905	      0.14160257	      0.08740767	      0.35583896	      0.21051577	      0.19141940	      0.08036471	      0.09710419	      0.17551152	      0.34509772	      0.14298002	      0.14957582	      0.09091107	      0.36420171	      0.06619795	      0.36899706	      0.51080973	      0.52530989	      0.32779730	      0.35903696	      0.29516817	      0.52613278	      0.29036550	      0.29514840	      0.12936959	      0.29258010	      0.30450159	      0.28107309
      1.65350000	      0.11997211	      0.20076368	      0.12621270	      0.37048861	      0.20970411	      0.39846811	      0.36590738	      0.15338382	      0.28398694	      0.16818550	      0.38323130	      0.36339017	      0.42391153	      0.43318498	      0.23958423	      0.14762072	      0.09010564	      0.37207032	      0.20039485	      0.19511682	      0.07507277	      0.09268745	      0.18242823	      0.35567071	      0.13819947	      0.14999644	      0.09992516	      0.35274601	      0.06632956	      0.36913849	      0.47080868	      0.52092731	      0.36774089	      0.40699891	      0.31428450	      0.50647405	      0.28584761	      0.30544029	      0.12476450	      0.27305641	      0.28487197	      0.26224228	      0.12893760	      0.21676381	      0.12388459	      0.32926769	      0.18689406	      0.39909226	      0.36797135	      0.15332547	      0.28437958	      0.16612872	      0.37260858	      0.35177907	      0.38937316	      0.39944644	      0.22404072	      0.14211600	      0.08749513	      0.35366108	      0.20970249	      0.19060984	      0.08031692	      0.09684310	      0.17544657	      0.34502551	      0.14313489	      0.14981035	      0.09044316	      0.36337351	      0.06661718	      0.36896541	      0.51107688	      0.52291271	      0.32736810	      0.35847596	      0.29492215	      0.52527050	      0.29055954	      0.29506875	      0.12943226	      0.29386900	      0.30572583	      0.28229742
      1.66400000	      0.12004716	      0.20115686	      0.12535898	      0.36918144	      0.20991168	      0.39825252	      0.36567390	      0.15334153	      0.28362956	      0.16818550	      0.38330876	      0.36350466	      0.42434865	      0.43361055	      0.23853183	      0.14737119	      0.09009762	      0.37162287	      0.20103067	      0.19586724	      0.07507017	      0.09272215	      0.18250538	      0.35575811	      0.13799506	      0.14999455	      0.10001631	      0.35326094	      0.06594906	      0.36903037	      0.47177275	      0.52239279	      0.36657391	      0.40555155	      0.31457254	      0.50759377	      0.28556460	      0.30552281	      0.12496042	      0.27286231	      0.28467101	      0.26205024	      0.12806856	      0.21532694	      0.12407922	      0.32953156	      0.18527522	      0.39917213	      0.36805737	      0.15346939	      0.28460986	      0.16612872	      0.37256824	      0.35172316	      0.38842870	      0.39853496	      0.22591928	      0.14265255	      0.08758584	      0.35172660	      0.20884596	      0.18977525	      0.08030476	      0.09656914	      0.17541268	      0.34498785	      0.14321554	      0.15007396	      0.09004163	      0.36251483	      0.06710989	      0.36889888	      0.51108658	      0.52057572	      0.32725317	      0.35828478	      0.29479383	      0.52431073	      0.29066045	      0.29502712	      0.12952418	      0.29498204	      0.30677542	      0.28335181
      1.67450000	      0.12017094	      0.20161600	      0.12453423	      0.36793128	      0.21018932	      0.39804532	      0.36544948	      0.15332761	      0.28318843	      0.16818550	      0.38338247	      0.36361386	      0.42481968	      0.43406731	      0.23743575	      0.14710765	      0.09008287	      0.37128499	      0.20167989	      0.19659424	      0.07508401	      0.09277307	      0.18257915	      0.35584174	      0.13779903	      0.14998660	      0.10013889	      0.35376587	      0.06557615	      0.36884151	      0.47267451	      0.52389676	      0.36546464	      0.40417479	      0.31484786	      0.50869565	      0.28529244	      0.30560143	      0.12515549	      0.27260139	      0.28440080	      0.26179196	      0.12719176	      0.21387220	      0.12432587	      0.33012054	      0.18390536	      0.39912495	      0.36800656	      0.15366278	      0.28481333	      0.16612872	      0.37259208	      0.35175620	      0.38781252	      0.39793760	      0.22781201	      0.14320134	      0.08767377	      0.35008361	      0.20795390	      0.18888971	      0.08033248	      0.09628688	      0.17543271	      0.34501011	      0.14316789	      0.15036092	      0.08970953	      0.36162489	      0.06767402	      0.36876297	      0.51083299	      0.51833512	      0.32746420	      0.35848102	      0.29486966	      0.52326008	      0.29060084	      0.29505173	      0.12964471	      0.29590443	      0.30763935	      0.28422330
      1.68500000	      0.12032566	      0.20211511	      0.12374004	      0.36675159	      0.21052625	      0.39783795	      0.36522486	      0.15333280	      0.28267238	      0.16818550	      0.38345555	      0.36372234	      0.42533024	      0.43456102	      0.23632120	      0.14684342	      0.09006580	      0.37104611	      0.20232764	      0.19728374	      0.07512371	      0.09283353	      0.18265261	      0.35592507	      0.13760327	      0.14998720	      0.10028863	      0.35425023	      0.06523288	      0.36858607	      0.47350655	      0.52541463	      0.36442210	      0.40287914	      0.31512191	      0.50976691	      0.28501989	      0.30567945	      0.12536432	      0.27228269	      0.28407067	      0.26147630	      0.12632436	      0.21242360	      0.12463032	      0.33103098	      0.18280950	      0.39898023	      0.36785067	      0.15390062	      0.28500534	      0.16612872	      0.37266493	      0.35185723	      0.38749106	      0.39762419	      0.22969462	      0.14374919	      0.08775188	      0.34877505	      0.20703563	      0.18798441	      0.08040091	      0.09600213	      0.17549400	      0.34507824	      0.14302184	      0.15066134	      0.08944900	      0.36072030	      0.06830141	      0.36857594	      0.51031833	      0.51622629	      0.32800761	      0.35907569	      0.29510180	      0.52212578	      0.29041792	      0.29512694	      0.12978845	      0.29662863	      0.30831363	      0.28490598
      1.69550000	      0.12049300	      0.20262829	      0.12297522	      0.36565186	      0.21091064	      0.39764954	      0.36502077	      0.15334268	      0.28209656	      0.16818550	      0.38352132	      0.36382020	      0.42584698	      0.43505894	      0.23521311	      0.14659237	      0.09005195	      0.37089231	      0.20296067	      0.19791692	      0.07519665	      0.09289685	      0.18271903	      0.35600046	      0.13742578	      0.15001105	      0.10046082	      0.35470612	      0.06493877	      0.36828625	      0.47426487	      0.52692415	      0.36345186	      0.40167081	      0.31536961	      0.51079853	      0.28477213	      0.30574974	      0.12560053	      0.27191626	      0.28369104	      0.26111314	      0.12548222	      0.21100327	      0.12499651	      0.33225631	      0.18200823	      0.39877411	      0.36762863	      0.15417457	      0.28520743	      0.16612872	      0.37276790	      0.35200021	      0.38741702	      0.39755088	      0.23154696	      0.14428452	      0.08781368	      0.34783636	      0.20609999	      0.18710385	      0.08051123	      0.09572070	      0.17558091	      0.34517491	      0.14281406	      0.15096685	      0.08926143	      0.35981966	      0.06898470	      0.36836515	      0.50954817	      0.51428182	      0.32888561	      0.36007422	      0.29543118	      0.52091524	      0.29015721	      0.29523332	      0.12995133	      0.29715046	      0.30879720	      0.28539703
      1.70600000	      0.12066990	      0.20315227	      0.12223745	      0.36462100	      0.21133257	      0.39747404	      0.36483064	      0.15335016	      0.28146046	      0.16818550	      0.38358208	      0.36391077	      0.42637263	      0.43556396	      0.23411399	      0.14635768	      0.09004386	      0.37081217	      0.20357875	      0.19847367	      0.07530267	      0.09296193	      0.18278063	      0.35607043	      0.13726078	      0.15006149	      0.10065151	      0.35513146	      0.06469568	      0.36794614	      0.47495924	      0.52841997	      0.36254272	      0.40053664	      0.31559924	      0.51179482	      0.28454122	      0.30581473	      0.12586625	      0.27151038	      0.28327055	      0.26071061	      0.12468355	      0.20963473	      0.12543261	      0.33379107	      0.18151647	      0.39850690	      0.36734072	      0.15448475	      0.28542988	      0.16612872	      0.37290007	      0.35218403	      0.38759835	      0.39772757	      0.23335383	      0.14479458	      0.08784988	      0.34729837	      0.20515408	      0.18627514	      0.08066764	      0.09545006	      0.17569289	      0.34529960	      0.14254512	      0.15126869	      0.08914755	      0.35893549	      0.06972032	      0.36813990	      0.50852698	      0.51252667	      0.33009889	      0.36148011	      0.29585604	      0.51963037	      0.28981888	      0.29536999	      0.13013059	      0.29746751	      0.30909004	      0.28569502
      1.71650000	      0.12085770	      0.20368939	      0.12152660	      0.36364572	      0.21178221	      0.39730050	      0.36464261	      0.15334904	      0.28076169	      0.16818550	      0.38364167	      0.36399976	      0.42691628	      0.43608532	      0.23302186	      0.14613974	      0.09004385	      0.37079627	      0.20418397	      0.19893957	      0.07543623	      0.09302897	      0.18284128	      0.35613936	      0.13709792	      0.15013663	      0.10085668	      0.35552492	      0.06449739	      0.36756813	      0.47560022	      0.52989667	      0.36168266	      0.39946277	      0.31582527	      0.51276121	      0.28431278	      0.30587853	      0.12615624	      0.27107344	      0.28281798	      0.26027695	      0.12394698	      0.20834213	      0.12594494	      0.33562728	      0.18134649	      0.39817650	      0.36698467	      0.15483193	      0.28568178	      0.16612872	      0.37306144	      0.35240893	      0.38804449	      0.39816494	      0.23509948	      0.14526674	      0.08785172	      0.34718569	      0.20420620	      0.18551768	      0.08087253	      0.09519799	      0.17583031	      0.34545281	      0.14221326	      0.15155723	      0.08910841	      0.35808065	      0.07050182	      0.36790718	      0.50725977	      0.51098387	      0.33164473	      0.36329205	      0.29637799	      0.51827434	      0.28940004	      0.29553702	      0.13032179	      0.29757653	      0.30919056	      0.28579742
      1.72700000	      0.12106322	      0.20424631	      0.12085098	      0.36272073	      0.21224937	      0.39713451	      0.36446275	      0.15333186	      0.28000425	      0.16818550	      0.38369821	      0.36408436	      0.42746392	      0.43660942	      0.23193160	      0.14593421	      0.09005676	      0.37083792	      0.20477902	      0.19931490	      0.07556669	      0.09309827	      0.18289906	      0.35620506	      0.13694244	      0.15021597	      0.10107203	      0.35588401	      0.06430661	      0.36716169	      0.47618900	      0.53133521	      0.36087161	      0.39844982	      0.31604049	      0.51369895	      0.28409416	      0.30593912	      0.12643438	      0.27061438	      0.28234275	      0.25982103	      0.12329036	      0.20715090	      0.12653181	      0.33774058	      0.18150166	      0.39779701	      0.36657563	      0.15521317	      0.28597471	      0.16612872	      0.37324401	      0.35266402	      0.38873316	      0.39884171	      0.23676201	      0.14568919	      0.08781356	      0.34750605	      0.20326948	      0.18484226	      0.08112397	      0.09497180	      0.17598673	      0.34562745	      0.14183302	      0.15182284	      0.08914414	      0.35727296	      0.07131591	      0.36767881	      0.50576237	      0.50967576	      0.33350349	      0.36548755	      0.29697287	      0.51686020	      0.28891827	      0.29572625	      0.13051873	      0.29747702	      0.30909881	      0.28570395
      1.73750000	      0.12128647	      0.20482004	      0.12021618	      0.36184489	      0.21272383	      0.39697971	      0.36429500	      0.15329315	      0.27919649	      0.16818550	      0.38375054	      0.36416280	      0.42800402	      0.43712521	      0.23084491	      0.14573855	      0.09008457	      0.37092726	      0.20536226	      0.19960776	      0.07567399	      0.09316846	      0.18295274	      0.35626613	      0.13679771	      0.15028532	      0.10129307	      0.35620591	      0.06409972	      0.36673812	      0.47672562	      0.53271751	      0.36011121	      0.39749998	      0.31624035	      0.51460488	      0.28389020	      0.30599524	      0.12667688	      0.27014250	      0.28185468	      0.25935209	      0.12272686	      0.20608097	      0.12718607	      0.34010590	      0.18198209	      0.39738347	      0.36612978	      0.15562324	      0.28631658	      0.16612872	      0.37343963	      0.35293814	      0.38963844	      0.39973203	      0.23832214	      0.14605352	      0.08773335	      0.34825582	      0.20235730	      0.18425231	      0.08141559	      0.09477703	      0.17615548	      0.34581617	      0.14141980	      0.15205694	      0.08925535	      0.35652781	      0.07214529	      0.36746571	      0.50405013	      0.50862099	      0.33565361	      0.36804049	      0.29761552	      0.51540392	      0.28839246	      0.29592930	      0.13071349	      0.29716738	      0.30881285	      0.28541294
      1.74800000	      0.12150232	      0.20537771	      0.11961052	      0.36102553	      0.21319812	      0.39682395	      0.36412620	      0.15323505	      0.27835542	      0.16818550	      0.38380280	      0.36424128	      0.42854802	      0.43764428	      0.22978972	      0.14556841	      0.09013036	      0.37104672	      0.20592084	      0.19982784	      0.07577799	      0.09323183	      0.18300654	      0.35632737	      0.13665234	      0.15036823	      0.10151641	      0.35648753	      0.06391005	      0.36630669	      0.47721038	      0.53403632	      0.35940299	      0.39661382	      0.31644061	      0.51547388	      0.28368489	      0.30605134	      0.12691416	      0.26966481	      0.28136117	      0.25887708	      0.12225310	      0.20513029	      0.12789359	      0.34271101	      0.18278440	      0.39694408	      0.36565593	      0.15605261	      0.28669906	      0.16612872	      0.37364374	      0.35322504	      0.39074307	      0.40081766	      0.23977712	      0.14636229	      0.08761658	      0.34941637	      0.20147546	      0.18374391	      0.08173659	      0.09461252	      0.17633286	      0.34601487	      0.14098207	      0.15225775	      0.08944308	      0.35584503	      0.07297454	      0.36727062	      0.50212829	      0.50782408	      0.33808347	      0.37093456	      0.29829192	      0.51391774	      0.28783285	      0.29614149	      0.13089968	      0.29664508	      0.30832890	      0.28492147
      1.75850000	      0.12169077	      0.20589375	      0.11902226	      0.36026509	      0.21366509	      0.39667263	      0.36396220	      0.15315888	      0.27749658	      0.16818550	      0.38385321	      0.36431711	      0.42908362	      0.43815475	      0.22878677	      0.14543664	      0.09019978	      0.37117893	      0.20644658	      0.19997522	      0.07588496	      0.09328163	      0.18305862	      0.35638668	      0.13651136	      0.15047951	      0.10173867	      0.35672729	      0.06375247	      0.36587491	      0.47764568	      0.53528504	      0.35874675	      0.39578989	      0.31663436	      0.51630626	      0.28348533	      0.30610549	      0.12716143	      0.26918852	      0.28086988	      0.25840325	      0.12186499	      0.20429521	      0.12864278	      0.34554795	      0.18390216	      0.39648734	      0.36516324	      0.15649267	      0.28711348	      0.16612872	      0.37385188	      0.35351861	      0.39202743	      0.40207719	      0.24112787	      0.14661854	      0.08746773	      0.35096630	      0.20062769	      0.18332133	      0.08207920	      0.09447711	      0.17651517	      0.34621946	      0.14052852	      0.15242519	      0.08970876	      0.35522302	      0.07379343	      0.36709575	      0.49999872	      0.50728272	      0.34078297	      0.37415511	      0.29898802	      0.51240947	      0.28725015	      0.29635824	      0.13107373	      0.29590656	      0.30764134	      0.28422531
      1.76900000	      0.12186771	      0.20638770	      0.11845798	      0.35954744	      0.21411986	      0.39652075	      0.36379758	      0.15305919	      0.27662361	      0.16818550	      0.38390344	      0.36439280	      0.42961394	      0.43865995	      0.22781424	      0.14532784	      0.09028926	      0.37132134	      0.20694964	      0.20004211	      0.07596948	      0.09332224	      0.18311070	      0.35644602	      0.13637010	      0.15059213	      0.10195743	      0.35693164	      0.06358722	      0.36544805	      0.47804102	      0.53646291	      0.35813261	      0.39501722	      0.31682805	      0.51710809	      0.28328496	      0.30615950	      0.12738390	      0.26871886	      0.28038637	      0.25793585	      0.12157179	      0.20358870	      0.12943076	      0.34859840	      0.18532101	      0.39602430	      0.36466363	      0.15694111	      0.28756486	      0.16612872	      0.37405877	      0.35381145	      0.39346374	      0.40348054	      0.24236596	      0.14681700	      0.08728476	      0.35288378	      0.19982235	      0.18299812	      0.08243877	      0.09437545	      0.17669788	      0.34642485	      0.14007026	      0.15255300	      0.09005286	      0.35467147	      0.07459126	      0.36694798	      0.49767062	      0.50699086	      0.34372988	      0.37767423	      0.29968643	      0.51088522	      0.28665843	      0.29657407	      0.13122965	      0.29495088	      0.30674614	      0.28332233
      1.77950000	      0.12204705	      0.20687634	      0.11792442	      0.35885731	      0.21455732	      0.39636332	      0.36362693	      0.15293169	      0.27573830	      0.16818550	      0.38395512	      0.36447081	      0.43014166	      0.43916280	      0.22685384	      0.14522759	      0.09039186	      0.37147257	      0.20743757	      0.20002905	      0.07601971	      0.09335828	      0.18316448	      0.35650733	      0.13622395	      0.15068671	      0.10217007	      0.35710640	      0.06339161	      0.36503042	      0.47840735	      0.53757141	      0.35754898	      0.39428301	      0.31702797	      0.51788234	      0.28307718	      0.30621511	      0.12756132	      0.26826155	      0.27991664	      0.25748065	      0.12138332	      0.20302473	      0.13025395	      0.35184011	      0.18702251	      0.39556545	      0.36416840	      0.15739643	      0.28805815	      0.16612872	      0.37425976	      0.35409696	      0.39502340	      0.40499643	      0.24348111	      0.14695276	      0.08706708	      0.35514101	      0.19906929	      0.18277835	      0.08280739	      0.09431230	      0.17687685	      0.34662640	      0.13961772	      0.15263355	      0.09047543	      0.35420072	      0.07535338	      0.36683252	      0.49515723	      0.50693955	      0.34689760	      0.38145854	      0.30037127	      0.50935298	      0.28607109	      0.29678412	      0.13135842	      0.29377975	      0.30564135	      0.28221275
      1.79000000	      0.12221406	      0.20734129	      0.11741106	      0.35819335	      0.21497248	      0.39620723	      0.36345771	      0.15278238	      0.27485006	      0.16818550	      0.38400598	      0.36454772	      0.43065358	      0.43965054	      0.22591819	      0.14514378	      0.09051024	      0.37161936	      0.20790533	      0.19994696	      0.07604249	      0.09338491	      0.18321761	      0.35656792	      0.13607932	      0.15077428	      0.10237391	      0.35725213	      0.06317784	      0.36462249	      0.47874952	      0.53860936	      0.35699271	      0.39358260	      0.31722536	      0.51863084	      0.28287107	      0.30626988	      0.12770710	      0.26782236	      0.27946670	      0.25704346	      0.12129529	      0.20260015	      0.13110011	      0.35524921	      0.18898047	      0.39511904	      0.36368648	      0.15785304	      0.28857957	      0.16612872	      0.37445151	      0.35437035	      0.39667799	      0.40659357	      0.24447212	      0.14702998	      0.08682138	      0.35769312	      0.19837416	      0.18264759	      0.08317395	      0.09428639	      0.17704902	      0.34682060	      0.13917899	      0.15266612	      0.09098188	      0.35380783	      0.07606643	      0.36674309	      0.49247934	      0.50711113	      0.35025655	      0.38546980	      0.30103063	      0.50782335	      0.28549876	      0.29698488	      0.13145408	      0.29240520	      0.30433478	      0.28090670
      1.80050000	      0.12235481	      0.20776539	      0.11690681	      0.35755534	      0.21536211	      0.39604653	      0.36328349	      0.15261873	      0.27397114	      0.16818550	      0.38405794	      0.36462645	      0.43115474	      0.44012836	      0.22501759	      0.14508350	      0.09064847	      0.37174903	      0.20834917	      0.19980428	      0.07603788	      0.09339703	      0.18327209	      0.35663009	      0.13593071	      0.15086185	      0.10256705	      0.35737113	      0.06294930	      0.36422476	      0.47907032	      0.53957565	      0.35646303	      0.39291397	      0.31742769	      0.51935673	      0.28265879	      0.30632589	      0.12782733	      0.26740548	      0.27904079	      0.25662847	      0.12129887	      0.20230616	      0.13195549	      0.35879916	      0.19116326	      0.39469319	      0.36322664	      0.15830396	      0.28911155	      0.16612872	      0.37463100	      0.35462718	      0.39839731	      0.40823909	      0.24534141	      0.14705538	      0.08655579	      0.36048810	      0.19774055	      0.18259298	      0.08352848	      0.09429465	      0.17721148	      0.34700415	      0.13876188	      0.15265301	      0.09157047	      0.35348638	      0.07672041	      0.36667214	      0.48966543	      0.50748348	      0.35377344	      0.38966530	      0.30165328	      0.50630672	      0.28495197	      0.29717314	      0.13151351	      0.29084798	      0.30284283	      0.27942288
      1.81100000	      0.12247241	      0.20815231	      0.11641258	      0.35693702	      0.21572343	      0.39587168	      0.36309393	      0.15244260	      0.27311385	      0.16818550	      0.38411402	      0.36471157	      0.43165505	      0.44060634	      0.22414870	      0.14504230	      0.09080281	      0.37185976	      0.20877084	      0.19960909	      0.07600675	      0.09339623	      0.18333113	      0.35669750	      0.13576935	      0.15094593	      0.10274779	      0.35747077	      0.06270442	      0.36384331	      0.47937617	      0.54047243	      0.35595414	      0.39227062	      0.31764683	      0.52006091	      0.28242772	      0.30638639	      0.12792095	      0.26701466	      0.27864268	      0.25623949	      0.12138654	      0.20213527	      0.13280879	      0.36245538	      0.19353087	      0.39429405	      0.36279554	      0.15874245	      0.28964693	      0.16612872	      0.37479622	      0.35486443	      0.40027177	      0.40991040	      0.24609114	      0.14703508	      0.08627790	      0.36346791	      0.19717181	      0.18260920	      0.08386129	      0.09433443	      0.17736220	      0.34717468	      0.13837224	      0.15259574	      0.09225367	      0.35323407	      0.07730568	      0.36662055	      0.48675399	      0.50802889	      0.35740666	      0.39399303	      0.30223123	      0.50481303	      0.28443878	      0.29734673	      0.13153297	      0.28913897	      0.30119209	      0.27778987
      1.82150000	      0.12257109	      0.20850736	      0.11593003	      0.35633054	      0.21605311	      0.39569108	      0.36289810	      0.15225287	      0.27228807	      0.16818550	      0.38417144	      0.36479893	      0.43214027	      0.44107060	      0.22330770	      0.14501567	      0.09096908	      0.37195073	      0.20917231	      0.19936811	      0.07595236	      0.09338467	      0.18339185	      0.35676687	      0.13560305	      0.15102431	      0.10291410	      0.35755758	      0.06244450	      0.36348568	      0.47967517	      0.54130234	      0.35545833	      0.39164408	      0.31787208	      0.52074457	      0.28218893	      0.30644840	      0.12798923	      0.26665441	      0.27827682	      0.25588100	      0.12155257	      0.20208180	      0.13365159	      0.36617796	      0.19603835	      0.39392664	      0.36239864	      0.15916327	      0.29018481	      0.16612872	      0.37494578	      0.35507988	      0.40194429	      0.41161757	      0.24672332	      0.14697422	      0.08599417	      0.36657302	      0.19667087	      0.18269496	      0.08416371	      0.09440383	      0.17749962	      0.34733038	      0.13801472	      0.15249506	      0.09302728	      0.35305094	      0.07781373	      0.36659292	      0.48377695	      0.50871681	      0.36110958	      0.39839583	      0.30275841	      0.50335121	      0.28396579	      0.29750411	      0.13150854	      0.28730272	      0.29940296	      0.27602975
      1.83200000	      0.12265307	      0.20883374	      0.11545873	      0.35573028	      0.21634999	      0.39550483	      0.36269613	      0.15204398	      0.27150278	      0.16818550	      0.38423013	      0.36488843	      0.43260876	      0.44151969	      0.22249117	      0.14500065	      0.09114471	      0.37202136	      0.20955544	      0.19908214	      0.07587683	      0.09336353	      0.18345419	      0.35683813	      0.13543194	      0.15109588	      0.10306502	      0.35763679	      0.06217012	      0.36316217	      0.47997300	      0.54206924	      0.35497031	      0.39102833	      0.31810321	      0.52140980	      0.28194254	      0.30651185	      0.12803347	      0.26632691	      0.27794521	      0.25555520	      0.12178967	      0.20213756	      0.13447710	      0.36992140	      0.19863433	      0.39359377	      0.36203899	      0.15956185	      0.29073122	      0.16612872	      0.37507920	      0.35527268	      0.40370459	      0.41338287	      0.24724308	      0.14687807	      0.08570972	      0.36974044	      0.19623821	      0.18285903	      0.08443084	      0.09450036	      0.17762305	      0.34747039	      0.13769176	      0.15235362	      0.09388200	      0.35293841	      0.07824145	      0.36659934	      0.48074822	      0.50951239	      0.36482994	      0.40281074	      0.30323205	      0.50192847	      0.28353678	      0.29764472	      0.13143977	      0.28534612	      0.29747792	      0.27414653
      1.84250000	      0.12272004	      0.20913424	      0.11499779	      0.35513121	      0.21661353	      0.39530292	      0.36247716	      0.15180958	      0.27076843	      0.16818550	      0.38429314	      0.36498474	      0.43307243	      0.44196552	      0.22169641	      0.14499540	      0.09132778	      0.37207179	      0.20992188	      0.19875092	      0.07578361	      0.09333384	      0.18352146	      0.35691507	      0.13524692	      0.15116137	      0.10319993	      0.35771412	      0.06188400	      0.36288458	      0.48027489	      0.54277755	      0.35448507	      0.39041771	      0.31835243	      0.52205896	      0.28167531	      0.30658006	      0.12805701	      0.26603367	      0.27764915	      0.25526357	      0.12208761	      0.20229072	      0.13527734	      0.37363568	      0.20126518	      0.39329712	      0.36171841	      0.15993297	      0.29129297	      0.16612872	      0.37519647	      0.35544261	      0.40552595	      0.41518115	      0.24765745	      0.14675296	      0.08542999	      0.37290555	      0.19587277	      0.18311267	      0.08465934	      0.09462027	      0.17773219	      0.34759434	      0.13740471	      0.15217612	      0.09480407	      0.35289706	      0.07858849	      0.36665146	      0.47768227	      0.51038125	      0.36851219	      0.40717144	      0.30365097	      0.50055338	      0.28315407	      0.29776846	      0.13132871	      0.28327634	      0.29542017	      0.27214435
      1.85300000	      0.12276831	      0.20940607	      0.11454133	      0.35452682	      0.21684211	      0.39508932	      0.36224549	      0.15154205	      0.27009785	      0.16818550	      0.38435913	      0.36508587	      0.43352416	      0.44240121	      0.22092578	      0.14500425	      0.09152000	      0.37209931	      0.21027194	      0.19836864	      0.07568041	      0.09329484	      0.18359227	      0.35699612	      0.13505173	      0.15122969	      0.10331767	      0.35779547	      0.06159664	      0.36266625	      0.48058817	      0.54343221	      0.35399535	      0.38980362	      0.31861456	      0.52269722	      0.28139245	      0.30665157	      0.12807164	      0.26577736	      0.27739107	      0.25500874	      0.12243142	      0.20252371	      0.13604124	      0.37726568	      0.20387565	      0.39303659	      0.36143682	      0.16027016	      0.29187686	      0.16612872	      0.37529818	      0.35559038	      0.40737653	      0.41698411	      0.24797577	      0.14660732	      0.08516178	      0.37600110	      0.19557196	      0.18347398	      0.08484672	      0.09475773	      0.17782739	      0.34770256	      0.13715324	      0.15197016	      0.09577521	      0.35292618	      0.07885663	      0.36676263	      0.47461424	      0.51129055	      0.37209743	      0.41140798	      0.30401641	      0.49923784	      0.28281766	      0.29787594	      0.13118022	      0.28112110	      0.29325468	      0.27004831
      1.86350000	      0.12279196	      0.20964419	      0.11408139	      0.35391131	      0.21703461	      0.39486911	      0.36200663	      0.15123180	      0.26950370	      0.16818550	      0.38442642	      0.36518928	      0.43395587	      0.44281890	      0.22018373	      0.14503452	      0.09172525	      0.37210089	      0.21135258	      0.19792685	      0.07557531	      0.09324490	      0.18366488	      0.35707929	      0.13485109	      0.15131275	      0.10341735	      0.35788613	      0.06132022	      0.36252172	      0.48091946	      0.54403830	      0.35349449	      0.38917801	      0.31888316	      0.52333083	      0.28110068	      0.30672459	      0.12809137	      0.26556003	      0.27717278	      0.25479274	      0.12280565	      0.20281785	      0.13675885	      0.38075639	      0.20641245	      0.39281088	      0.36119283	      0.16056694	      0.29249241	      0.16612872	      0.37538536	      0.35571730	      0.40922154	      0.41876166	      0.24820859	      0.14644936	      0.08491108	      0.37896483	      0.19533176	      0.18396541	      0.08499213	      0.09490667	      0.17790936	      0.34779582	      0.13693584	      0.15174387	      0.09677386	      0.35302525	      0.07904992	      0.36694846	      0.47160109	      0.51220925	      0.37552873	      0.41545349	      0.30433113	      0.49799371	      0.28252600	      0.29796815	      0.13100040	      0.27893204	      0.29103237	      0.26790840
      1.87400000	      0.12278551	      0.20984393	      0.11360961	      0.35327957	      0.21719091	      0.39463919	      0.36175720	      0.15086325	      0.26899608	      0.16818550	      0.38449590	      0.36529636	      0.43437090	      0.44322197	      0.21947072	      0.14509142	      0.09194814	      0.37207283	      0.21175679	      0.19741714	      0.07546848	      0.09318172	      0.18374029	      0.35716573	      0.13464224	      0.15141654	      0.10349865	      0.35798976	      0.06105608	      0.36246968	      0.48127331	      0.54459979	      0.35297800	      0.38853509	      0.31916185	      0.52396668	      0.28079586	      0.30680008	      0.12812097	      0.26538258	      0.27699492	      0.25461643	      0.12319757	      0.20315662	      0.13742529	      0.38405792	      0.20882671	      0.39261730	      0.36098357	      0.16081795	      0.29316048	      0.16612872	      0.37545942	      0.35582535	      0.41102600	      0.42048408	      0.24836792	      0.14628455	      0.08467975	      0.38174587	      0.19514602	      0.18461582	      0.08509978	      0.09506227	      0.17797931	      0.34787546	      0.13674976	      0.15150499	      0.09777641	      0.35319788	      0.07917792	      0.36723225	      0.46869617	      0.51310776	      0.37875549	      0.41924967	      0.30459966	      0.49682846	      0.28227571	      0.29804656	      0.13079775	      0.27676054	      0.28880578	      0.26577512
      1.88450000	      0.12274800	      0.21000521	      0.11312347	      0.35262837	      0.21731045	      0.39440055	      0.36149829	      0.15042195	      0.26858722	      0.16818550	      0.38456717	      0.36540653	      0.43476699	      0.44360827	      0.21878701	      0.14517718	      0.09219019	      0.37201510	      0.21215206	      0.19683887	      0.07536146	      0.09310507	      0.18381812	      0.35725500	      0.13442619	      0.15154429	      0.10356105	      0.35811108	      0.06080645	      0.36253027	      0.48165299	      0.54511864	      0.35244279	      0.38787137	      0.31944920	      0.52460772	      0.28047928	      0.30687763	      0.12816392	      0.26524625	      0.27685851	      0.25448101	      0.12359333	      0.20352211	      0.13803435	      0.38712351	      0.21107619	      0.39245254	      0.36080543	      0.16101645	      0.29390111	      0.16612872	      0.37552195	      0.35591673	      0.41275605	      0.42212286	      0.24846553	      0.14611876	      0.08447006	      0.38430068	      0.19500840	      0.18544732	      0.08517388	      0.09521915	      0.17803858	      0.34794298	      0.13659163	      0.15126194	      0.09875861	      0.35344687	      0.07925027	      0.36763724	      0.46594753	      0.51396254	      0.38173251	      0.42274480	      0.30482721	      0.49575192	      0.28206256	      0.29811282	      0.13058144	      0.27465188	      0.28662719	      0.26369362
      1.89500000	      0.12269695	      0.21014710	      0.11264326	      0.35196044	      0.21739132	      0.39416180	      0.36123923	      0.14990409	      0.26829983	      0.16818550	      0.38463761	      0.36551578	      0.43513138	      0.44396530	      0.21813449	      0.14528352	      0.09244004	      0.37194291	      0.21253556	      0.19622168	      0.07526931	      0.09302391	      0.18389553	      0.35734386	      0.13421079	      0.15169406	      0.10360338	      0.35826058	      0.06058790	      0.36272578	      0.48205945	      0.54559275	      0.35188862	      0.38718915	      0.31973473	      0.52524194	      0.28016237	      0.30695440	      0.12822767	      0.26515370	      0.27676604	      0.25438910	      0.12397323	      0.20389112	      0.13856993	      0.38990542	      0.21312768	      0.39231405	      0.36065569	      0.16115054	      0.29472101	      0.16612872	      0.37557416	      0.35599313	      0.41437961	      0.42365093	      0.24851039	      0.14596183	      0.08429016	      0.38658651	      0.19491558	      0.18645001	      0.08521293	      0.09536926	      0.17808821	      0.34799955	      0.13645890	      0.15102537	      0.09969736	      0.35376923	      0.07927004	      0.36817970	      0.46339849	      0.51476353	      0.38441707	      0.42588902	      0.30501776	      0.49478604	      0.28188331	      0.29816817	      0.13035968	      0.27264190	      0.28454471	      0.26170129
      1.90550000	      0.12265174	      0.21029108	      0.11218952	      0.35127656	      0.21743227	      0.39392161	      0.36097858	      0.14930757	      0.26815101	      0.16818550	      0.38470761	      0.36562469	      0.43546454	      0.44429363	      0.21750999	      0.14539932	      0.09268586	      0.37187102	      0.21290625	      0.19558881	      0.07520287	      0.09294749	      0.18397296	      0.35743282	      0.13399486	      0.15185943	      0.10362484	      0.35844787	      0.06041022	      0.36307199	      0.48249405	      0.54602133	      0.35131434	      0.38648956	      0.32002003	      0.52585882	      0.27984336	      0.30703080	      0.12831401	      0.26510675	      0.27671916	      0.25434247	      0.12431766	      0.20423994	      0.13901701	      0.39236592	      0.21495695	      0.39219817	      0.36053038	      0.16121063	      0.29562376	      0.16612872	      0.37561759	      0.35605676	      0.41587007	      0.42504630	      0.24851257	      0.14582301	      0.08414681	      0.38857158	      0.19486301	      0.18761498	      0.08521778	      0.09550467	      0.17812961	      0.34804676	      0.13634798	      0.15080658	      0.10057156	      0.35415982	      0.07924318	      0.36887041	      0.46108360	      0.51550565	      0.38677726	      0.42864521	      0.30517670	      0.49395081	      0.28173327	      0.29821425	      0.13014254	      0.27076134	      0.28260093	      0.25983174
      1.91600000	      0.12260878	      0.21043615	      0.11175159	      0.35056666	      0.21743505	      0.39368712	      0.36072409	      0.14862423	      0.26812091	      0.16818550	      0.38477512	      0.36573009	      0.43575888	      0.44458563	      0.21690327	      0.14552718	      0.09293375	      0.37179573	      0.21327046	      0.19490187	      0.07515498	      0.09287296	      0.18404812	      0.35751924	      0.13378481	      0.15204098	      0.10362630	      0.35866989	      0.06026329	      0.36355467	      0.48296234	      0.54641172	      0.35071266	      0.38576319	      0.32029667	      0.52647039	      0.27953172	      0.30710461	      0.12841937	      0.26510355	      0.27671597	      0.25433930	      0.12461402	      0.20455000	      0.13937523	      0.39449714	      0.21655369	      0.39210114	      0.36042546	      0.16120302	      0.29661584	      0.16612872	      0.37565378	      0.35610984	      0.41720971	      0.42629497	      0.24848794	      0.14570636	      0.08403794	      0.39025165	      0.19483983	      0.18897277	      0.08519929	      0.09562062	      0.17816418	      0.34808620	      0.13625520	      0.15061481	      0.10136556	      0.35461293	      0.07918746	      0.36970514	      0.45902294	      0.51617959	      0.38880864	      0.43100979	      0.30530943	      0.49324573	      0.28160760	      0.29825267	      0.12994307	      0.26904052	      0.28083533	      0.25811883
      1.92650000	      0.12256487	      0.21058133	      0.11132107	      0.34982420	      0.21740177	      0.39346985	      0.36048826	      0.14785104	      0.26818751	      0.16818550	      0.38483695	      0.36582691	      0.43600191	      0.44482878	      0.21630776	      0.14567075	      0.09318917	      0.37171582	      0.21363286	      0.19413237	      0.07512213	      0.09279810	      0.18411738	      0.35759893	      0.13359087	      0.15224167	      0.10360885	      0.35892304	      0.06014242	      0.36415504	      0.48346761	      0.54676984	      0.35007872	      0.38500376	      0.32055132	      0.52708573	      0.27924280	      0.30717229	      0.12854382	      0.26514173	      0.27675408	      0.25437721	      0.12485309	      0.20480646	      0.13964736	      0.39630181	      0.21791539	      0.39202119	      0.36033900	      0.16113428	      0.29769760	      0.16612872	      0.37568348	      0.35615345	      0.41838376	      0.42738526	      0.24845108	      0.14561575	      0.08396209	      0.39163316	      0.19483568	      0.19053876	      0.08516528	      0.09571346	      0.17819261	      0.34811863	      0.13617881	      0.15045650	      0.10206736	      0.35512003	      0.07911679	      0.37067272	      0.45723138	      0.51677710	      0.39051792	      0.43299222	      0.30541856	      0.49266718	      0.28150402	      0.29828421	      0.12976978	      0.26750816	      0.27928114	      0.25659418
      1.93700000	      0.12256182	      0.21076980	      0.11094471	      0.34906181	      0.21733479	      0.39326761	      0.36026871	      0.14701458	      0.26836074	      0.16818550	      0.38489387	      0.36591632	      0.43619863	      0.44502790	      0.21570964	      0.14579654	      0.09342286	      0.37166045	      0.21399139	      0.19335574	      0.07511295	      0.09274132	      0.18418153	      0.35767278	      0.13341094	      0.15243098	      0.10357378	      0.35921778	      0.06004741	      0.36486798	      0.48400057	      0.54709102	      0.34942265	      0.38422734	      0.32078692	      0.52767668	      0.27897373	      0.30723470	      0.12867015	      0.26521842	      0.27683070	      0.25445337	      0.12502901	      0.20499971	      0.13983527	      0.39778659	      0.21904676	      0.39195725	      0.36026985	      0.16099898	      0.29884022	      0.16612872	      0.37570716	      0.35618823	      0.41938274	      0.42831006	      0.24841124	      0.14555448	      0.08391954	      0.39272834	      0.19484403	      0.19222696	      0.08511879	      0.09578074	      0.17821531	      0.34814454	      0.13611776	      0.15033517	      0.10266918	      0.35565956	      0.07903785	      0.37174976	      0.45571744	      0.51729671	      0.39191642	      0.43460700	      0.30550568	      0.49221440	      0.28142117	      0.29830936	      0.12962618	      0.26618333	      0.27795633	      0.25527831
      1.94750000	      0.12264356	      0.21104537	      0.11067248	      0.34829428	      0.21723658	      0.39307902	      0.36006398	      0.14615208	      0.26865174	      0.16818550	      0.38494641	      0.36599908	      0.43635306	      0.44518681	      0.21509227	      0.14586453	      0.09360126	      0.37165633	      0.21434307	      0.19266631	      0.07513244	      0.09272185	      0.18424106	      0.35774137	      0.13324369	      0.15257040	      0.10352247	      0.35956354	      0.05997153	      0.36568414	      0.48455007	      0.54736973	      0.34875709	      0.38345269	      0.32100536	      0.52821199	      0.27872270	      0.30729238	      0.12877349	      0.26533055	      0.27694284	      0.25456475	      0.12513971	      0.20512498	      0.13994310	      0.39896263	      0.21995640	      0.39190753	      0.36021608	      0.16079395	      0.30000347	      0.16612872	      0.37572552	      0.35621522	      0.42020280	      0.42906726	      0.24837524	      0.14552303	      0.08390798	      0.39355484	      0.19485949	      0.19392598	      0.08506478	      0.09582171	      0.17823293	      0.34816465	      0.13607031	      0.15025282	      0.10316633	      0.35620609	      0.07895828	      0.37290321	      0.45448587	      0.51773969	      0.39301897	      0.43587272	      0.30557333	      0.49188381	      0.28135673	      0.29832888	      0.12951602	      0.26507966	      0.27686915	      0.25418490
      1.95800000	      0.12280321	      0.21139598	      0.11050498	      0.34753876	      0.21711047	      0.39292894	      0.35990104	      0.14531486	      0.26904703	      0.16818550	      0.38498785	      0.36606451	      0.43643798	      0.44527822	      0.21447073	      0.14587507	      0.09372220	      0.37169834	      0.21467956	      0.19212277	      0.07517944	      0.09273821	      0.18428824	      0.35779575	      0.13311097	      0.15265900	      0.10345677	      0.35995220	      0.05991651	      0.36656066	      0.48510368	      0.54760280	      0.34809681	      0.38269619	      0.32117833	      0.52868264	      0.27852285	      0.30733792	      0.12885328	      0.26547402	      0.27708653	      0.25470728	      0.12518466	      0.20517960	      0.13997582	      0.39985295	      0.22066107	      0.39187149	      0.36017710	      0.16053028	      0.30112252	      0.16612872	      0.37573880	      0.35623475	      0.42084727	      0.42966095	      0.24834852	      0.14552357	      0.08392838	      0.39413692	      0.19487797	      0.19552509	      0.08500191	      0.09583583	      0.17824569	      0.34817922	      0.13603593	      0.15020883	      0.10356017	      0.35672442	      0.07887852	      0.37406871	      0.45352785	      0.51810881	      0.39385172	      0.43682074	      0.30562231	      0.49166953	      0.28131002	      0.29834300	      0.12943658	      0.26419843	      0.27601342	      0.25331434
      1.96850000	      0.12300051	      0.21177108	      0.11041365	      0.34682667	      0.21696487	      0.39279477	      0.35975536	      0.14456202	      0.26951293	      0.16818550	      0.38502462	      0.36612270	      0.43648810	      0.44533611	      0.21388785	      0.14585346	      0.09380191	      0.37176310	      0.21498526	      0.19175227	      0.07524623	      0.09277580	      0.18433028	      0.35784423	      0.13299260	      0.15271704	      0.10338118	      0.36035853	      0.05988702	      0.36743133	      0.48563737	      0.54778694	      0.34746969	      0.38198609	      0.32133232	      0.52908682	      0.27834412	      0.30737837	      0.12892100	      0.26563892	      0.27725197	      0.25487114	      0.12516113	      0.20515858	      0.13993602	      0.40048222	      0.22117802	      0.39184918	      0.36015298	      0.16023137	      0.30211944	      0.16612872	      0.37574702	      0.35624683	      0.42132170	      0.43009697	      0.24833695	      0.14555991	      0.08398360	      0.39449578	      0.19489551	      0.19691997	      0.08492731	      0.09582153	      0.17825358	      0.34818823	      0.13601466	      0.15020357	      0.10385421	      0.35717447	      0.07879773	      0.37516241	      0.45283074	      0.51840693	      0.39444148	      0.43748265	      0.30565260	      0.49156607	      0.28128110	      0.29835172	      0.12938496	      0.26353609	      0.27537813	      0.25266176
      1.97900000	      0.12310828	      0.21201421	      0.11029209	      0.34623922	      0.21683087	      0.39269824	      0.35965053	      0.14396249	      0.26993210	      0.16818550	      0.38505091	      0.36616437	      0.43650148	      0.44535682	      0.21342914	      0.14586325	      0.09389674	      0.37176836	      0.21523215	      0.19147187	      0.07526055	      0.09278081	      0.18436044	      0.35787903	      0.13290760	      0.15277155	      0.10331186	      0.36070076	      0.05982450	      0.36815115	      0.48607847	      0.54791495	      0.34695847	      0.38140293	      0.32144275	      0.52943774	      0.27821549	      0.30740732	      0.12895664	      0.26579000	      0.27740379	      0.25502131	      0.12506846	      0.20505904	      0.13982952	      0.40087724	      0.22152407	      0.39183854	      0.36014147	      0.15996146	      0.30289631	      0.16612872	      0.37575093	      0.35625259	      0.42163692	      0.43038594	      0.24834722	      0.14562950	      0.08406692	      0.39465385	      0.19490614	      0.19804084	      0.08485233	      0.09577906	      0.17825734	      0.34819253	      0.13600452	      0.15023999	      0.10405357	      0.35751200	      0.07873032	      0.37604466	      0.45237956	      0.51863907	      0.39481345	      0.43788837	      0.30566704	      0.49156006	      0.28126731	      0.29835588	      0.12937004	      0.26308476	      0.27494934	      0.25221806
      1.98950000	      0.12300922	      0.21197828	      0.11004690	      0.34586402	      0.21673932	      0.39264784	      0.35959581	      0.14358930	      0.27022136	      0.16818550	      0.38506458	      0.36618607	      0.43649185	      0.44535228	      0.21318720	      0.14596173	      0.09405398	      0.37163873	      0.21538728	      0.19126251	      0.07515929	      0.09270525	      0.18437615	      0.35789716	      0.13286329	      0.15284706	      0.10326463	      0.36090780	      0.05968050	      0.36860747	      0.48635151	      0.54797805	      0.34664964	      0.38103267	      0.32150026	      0.52973748	      0.27814833	      0.30742238	      0.12894429	      0.26589285	      0.27750728	      0.25512355	      0.12491335	      0.20489240	      0.13965161	      0.40103668	      0.22171397	      0.39183683	      0.36013962	      0.15977290	      0.30335979	      0.16612872	      0.37575156	      0.35625352	      0.42180541	      0.43053988	      0.24836601	      0.14572569	      0.08417492	      0.39462095	      0.19491887	      0.19877859	      0.08477761	      0.09571173	      0.17825795	      0.34819322	      0.13600288	      0.15031504	      0.10416387	      0.35770497	      0.07867183	      0.37659539	      0.45217702	      0.51883077	      0.39496798	      0.43803772	      0.30566937	      0.49166110	      0.28126509	      0.29835655	      0.12939242	      0.26283426	      0.27471285	      0.25197217
      2.00000000	      0.12272134	      0.21166743	      0.10973333	      0.34577661	      0.21669773	      0.39262063	      0.35956626	      0.14351026	      0.27052250	      0.16818550	      0.38507195	      0.36619777	      0.43649272	      0.44535543	      0.21324759	      0.14614308	      0.09424097	      0.37139933	      0.21540567	      0.19148020	      0.07499258	      0.09256872	      0.18438463	      0.35790695	      0.13283937	      0.15295555	      0.10324322	      0.36100261	      0.05953034	      0.36890178	      0.48641076	      0.54795821	      0.34659803	      0.38094299	      0.32153129	      0.52991756	      0.27811205	      0.30743050	      0.12892514	      0.26593947	      0.27755422	      0.25516990	      0.12472238	      0.20471368	      0.13935432	      0.40086137	      0.22176051	      0.39184111	      0.36014425	      0.15962180	      0.30346349	      0.16612872	      0.37574998	      0.35625120	      0.42184020	      0.43057117	      0.24831063	      0.14583359	      0.08432381	      0.39436433	      0.19499580	      0.19884389	      0.08465698	      0.09563036	      0.17825643	      0.34819149	      0.13600697	      0.15040559	      0.10419099	      0.35777051	      0.07854265	      0.37683569	      0.45229354	      0.51908352	      0.39482312	      0.43783030	      0.30566355	      0.49196867	      0.28127064	      0.29835488	      0.12941817	      0.26277257	      0.27465478	      0.25191165
