TendonForce
version=1
nRows=100
nColumns=85
inDegrees=no

This analysis gathers basic information about muscles during a simulation (e.g., forces, tendon lengths, moment arms, etc).
Units are S.I. units (second, meters, Newtons, ...)
If the header above contains a line with 'inDegrees', this indicates whether rotational values are in degrees (yes) or radians (no).

endheader
time	addbrev_r	addlong_r	addmagMid_r	bflh_r	bfsh_r	edl_r	ehl_r	ercspn_r	extobl_r	fdb_r	fdl_r	fhl_r	gaslat_r	gasmed_r	glmax2_r	glmed2_r	glmin2_r	grac_r	iliacus_r	intobl_r	obtext_r	pect_r	perbrev_r	perlong_r	pertert_r	piri_r	popli_r	psoas_r	quadfem_r	recabd_r	recfem_r	sart_r	semimem_r	semiten_r	soleus_r	tfl_r	tibant_r	tibpost_r	tricox_r	vasint_r	vaslat_r	vasmed_r	addbrev_l	addlong_l	addmagMid_l	bflh_l	bfsh_l	edl_l	ehl_l	ercspn_l	extobl_l	fdb_l	fdl_l	fhl_l	gaslat_l	gasmed_l	glmax2_l	glmed2_l	glmin2_l	grac_l	iliacus_l	intobl_l	obtext_l	pect_l	perbrev_l	perlong_l	pertert_l	piri_l	popli_l	psoas_l	quadfem_l	recabd_l	recfem_l	sart_l	semimem_l	semiten_l	soleus_l	tfl_l	tibant_l	tibpost_l	tricox_l	vasint_l	vaslat_l	vasmed_l
      0.96050000	    266.27255121	    408.94928163	   1092.71018910	    602.16256845	    248.48285948	    265.56412931	    126.79994326	   1011.01129588	    341.29714201	    459.44944176	    188.66312546	    407.99901509	    661.51560788	   1309.99649309	   1336.28853440	   1043.90694844	    481.16777967	    128.81896717	    400.61425178	    364.83905171	     44.00502260	    114.78455865	    225.60213402	    487.89865322	     74.65908330	    390.51274740	    148.45020495	    558.78373524	    148.72619204	    262.34527950	    968.97228644	    108.31212194	   1009.67871397	    269.92547521	   2576.69293159	    177.86857885	    525.42587373	    730.59304491	    216.44471795	    758.71836695	   2303.71303321	   1227.80128182	    264.11331040	    404.33384369	   1078.74390878	    596.38657164	    247.27176029	    270.83929223	    129.26992542	   1011.01129588	    341.29714201	    465.13771767	    192.20301220	    415.45103327	    674.83069505	   1335.73739550	   1330.40842227	   1041.72203637	    479.32508364	    127.85061348	    399.28774956	    364.83905171	     43.78501744	    113.72206131	    230.34600932	    497.70927431	     76.46885497	    390.00874684	    150.10042849	    557.95564838	    148.40925371	    262.34527950	    961.46209723	    107.86696280	    999.36476549	    268.14513516	   2636.08127134	    176.58252058	    536.80909903	    746.82348553	    216.13043245	    754.27592880	   2289.43871018	   1221.00788099
      0.97100000	    266.27255121	    408.94928163	   1092.71018910	    602.16256845	    248.48285948	    265.56412931	    126.79994326	   1011.01129588	    341.29714201	    459.44944176	    188.66312546	    407.99901509	    661.51560788	   1309.99649309	   1336.28853440	   1043.90694844	    481.16777967	    128.81896717	    400.61425178	    364.83905171	     44.00502260	    114.78455865	    225.60213402	    487.89865322	     74.65908330	    390.51274740	    148.45020495	    558.78373524	    148.72619204	    262.34527950	    968.97228644	    108.31212194	   1009.67871397	    269.92547521	   2576.69293159	    177.86857885	    525.42587373	    730.59304491	    216.44471795	    758.71836695	   2303.71303321	   1227.80128182	    264.11331040	    404.33384369	   1078.74390878	    596.38657164	    247.27176029	    270.83929223	    129.26992542	   1011.01129588	    341.29714201	    465.13771767	    192.20301220	    415.45103327	    674.83069505	   1335.73739550	   1330.40842227	   1041.72203637	    479.32508364	    127.85061348	    399.28774956	    364.83905171	     43.78501744	    113.72206131	    230.34600932	    497.70927431	     76.46885497	    390.00874684	    150.10042849	    557.95564838	    148.40925371	    262.34527950	    961.46209723	    107.86696280	    999.36476549	    268.14513516	   2636.08127134	    176.58252058	    536.80909903	    746.82348553	    216.13043245	    754.27592880	   2289.43871018	   1221.00788099
      0.98150000	    266.27255121	    408.94928163	   1092.71018910	    602.16256845	    248.48285948	    265.56412931	    126.79994326	   1011.01129588	    341.29714201	    459.44944176	    188.66312546	    407.99901509	    661.51560788	   1309.99649309	   1336.28853440	   1043.90694844	    481.16777967	    128.81896717	    400.61425178	    364.83905171	     44.00502260	    114.78455865	    225.60213402	    487.89865322	     74.65908330	    390.51274740	    148.45020495	    558.78373524	    148.72619204	    262.34527950	    968.97228644	    108.31212194	   1009.67871397	    269.92547521	   2576.69293159	    177.86857885	    525.42587373	    730.59304491	    216.44471795	    758.71836695	   2303.71303321	   1227.80128182	    264.11331040	    404.33384369	   1078.74390878	    596.38657164	    247.27176029	    270.83929223	    129.26992542	   1011.01129588	    341.29714201	    465.13771767	    192.20301220	    415.45103327	    674.83069505	   1335.73739550	   1330.40842227	   1041.72203637	    479.32508364	    127.85061348	    399.28774956	    364.83905171	     43.78501744	    113.72206131	    230.34600932	    497.70927431	     76.46885497	    390.00874684	    150.10042849	    557.95564838	    148.40925371	    262.34527950	    961.46209723	    107.86696280	    999.36476549	    268.14513516	   2636.08127134	    176.58252058	    536.80909903	    746.82348553	    216.13043245	    754.27592880	   2289.43871018	   1221.00788099
      0.99200000	    266.27255121	    408.94928163	   1092.71018910	    602.16256845	    248.48285948	    265.56412931	    126.79994326	   1011.01129588	    341.29714201	    459.44944176	    188.66312546	    407.99901509	    661.51560788	   1309.99649309	   1336.28853440	   1043.90694844	    481.16777967	    128.81896717	    400.61425178	    364.83905171	     44.00502260	    114.78455865	    225.60213402	    487.89865322	     74.65908330	    390.51274740	    148.45020495	    558.78373524	    148.72619204	    262.34527950	    968.97228644	    108.31212194	   1009.67871397	    269.92547521	   2576.69293159	    177.86857885	    525.42587373	    730.59304491	    216.44471795	    758.71836695	   2303.71303321	   1227.80128182	    264.11331040	    404.33384369	   1078.74390878	    596.38657164	    247.27176029	    270.83929223	    129.26992542	   1011.01129588	    341.29714201	    465.13771767	    192.20301220	    415.45103327	    674.83069505	   1335.73739550	   1330.40842227	   1041.72203637	    479.32508364	    127.85061348	    399.28774956	    364.83905171	     43.78501744	    113.72206131	    230.34600932	    497.70927431	     76.46885497	    390.00874684	    150.10042849	    557.95564838	    148.40925371	    262.34527950	    961.46209723	    107.86696280	    999.36476549	    268.14513516	   2636.08127134	    176.58252058	    536.80909903	    746.82348553	    216.13043245	    754.27592880	   2289.43871018	   1221.00788099
      1.00250000	    266.27255121	    408.94928163	   1092.71018910	    602.16256845	    248.48285948	    265.56412931	    126.79994326	   1011.01129588	    341.29714201	    459.44944176	    188.66312546	    407.99901509	    661.51560788	   1309.99649309	   1336.28853440	   1043.90694844	    481.16777967	    128.81896717	    400.61425178	    364.83905171	     44.00502260	    114.78455865	    225.60213402	    487.89865322	     74.65908330	    390.51274740	    148.45020495	    558.78373524	    148.72619204	    262.34527950	    968.97228644	    108.31212194	   1009.67871397	    269.92547521	   2576.69293159	    177.86857885	    525.42587373	    730.59304491	    216.44471795	    758.71836695	   2303.71303321	   1227.80128182	    264.11331040	    404.33384369	   1078.74390878	    596.38657164	    247.27176029	    270.83929223	    129.26992542	   1011.01129588	    341.29714201	    465.13771767	    192.20301220	    415.45103327	    674.83069505	   1335.73739550	   1330.40842227	   1041.72203637	    479.32508364	    127.85061348	    399.28774956	    364.83905171	     43.78501744	    113.72206131	    230.34600932	    497.70927431	     76.46885497	    390.00874684	    150.10042849	    557.95564838	    148.40925371	    262.34527950	    961.46209723	    107.86696280	    999.36476549	    268.14513516	   2636.08127134	    176.58252058	    536.80909903	    746.82348553	    216.13043245	    754.27592880	   2289.43871018	   1221.00788099
      1.01300000	    266.27255121	    408.94928163	   1092.71018910	    602.16256845	    248.48285948	    265.56412931	    126.79994326	   1011.01129588	    341.29714201	    459.44944176	    188.66312546	    407.99901509	    661.51560788	   1309.99649309	   1336.28853440	   1043.90694844	    481.16777967	    128.81896717	    400.61425178	    364.83905171	     44.00502260	    114.78455865	    225.60213402	    487.89865322	     74.65908330	    390.51274740	    148.45020495	    558.78373524	    148.72619204	    262.34527950	    968.97228644	    108.31212194	   1009.67871397	    269.92547521	   2576.69293159	    177.86857885	    525.42587373	    730.59304491	    216.44471795	    758.71836695	   2303.71303321	   1227.80128182	    264.11331040	    404.33384369	   1078.74390878	    596.38657164	    247.27176029	    270.83929223	    129.26992542	   1011.01129588	    341.29714201	    465.13771767	    192.20301220	    415.45103327	    674.83069505	   1335.73739550	   1330.40842227	   1041.72203637	    479.32508364	    127.85061348	    399.28774956	    364.83905171	     43.78501744	    113.72206131	    230.34600932	    497.70927431	     76.46885497	    390.00874684	    150.10042849	    557.95564838	    148.40925371	    262.34527950	    961.46209723	    107.86696280	    999.36476549	    268.14513516	   2636.08127134	    176.58252058	    536.80909903	    746.82348553	    216.13043245	    754.27592880	   2289.43871018	   1221.00788099
      1.02350000	    266.27255121	    408.94928163	   1092.71018910	    602.16256845	    248.48285948	    265.56412931	    126.79994326	   1011.01129588	    341.29714201	    459.44944176	    188.66312546	    407.99901509	    661.51560788	   1309.99649309	   1336.28853440	   1043.90694844	    481.16777967	    128.81896717	    400.61425178	    364.83905171	     44.00502260	    114.78455865	    225.60213402	    487.89865322	     74.65908330	    390.51274740	    148.45020495	    558.78373524	    148.72619204	    262.34527950	    968.97228644	    108.31212194	   1009.67871397	    269.92547521	   2576.69293159	    177.86857885	    525.42587373	    730.59304491	    216.44471795	    758.71836695	   2303.71303321	   1227.80128182	    264.11331040	    404.33384369	   1078.74390878	    596.38657164	    247.27176029	    270.83929223	    129.26992542	   1011.01129588	    341.29714201	    465.13771767	    192.20301220	    415.45103327	    674.83069505	   1335.73739550	   1330.40842227	   1041.72203637	    479.32508364	    127.85061348	    399.28774956	    364.83905171	     43.78501744	    113.72206131	    230.34600932	    497.70927431	     76.46885497	    390.00874684	    150.10042849	    557.95564838	    148.40925371	    262.34527950	    961.46209723	    107.86696280	    999.36476549	    268.14513516	   2636.08127134	    176.58252058	    536.80909903	    746.82348553	    216.13043245	    754.27592880	   2289.43871018	   1221.00788099
      1.03400000	    266.27255121	    408.94928163	   1092.71018910	    602.16256845	    248.48285948	    265.56412931	    126.79994326	   1011.01129588	    341.29714201	    459.44944176	    188.66312546	    407.99901509	    661.51560788	   1309.99649309	   1336.28853440	   1043.90694844	    481.16777967	    128.81896717	    400.61425178	    364.83905171	     44.00502260	    114.78455865	    225.60213402	    487.89865322	     74.65908330	    390.51274740	    148.45020495	    558.78373524	    148.72619204	    262.34527950	    968.97228644	    108.31212194	   1009.67871397	    269.92547521	   2576.69293159	    177.86857885	    525.42587373	    730.59304491	    216.44471795	    758.71836695	   2303.71303321	   1227.80128182	    264.11331040	    404.33384369	   1078.74390878	    596.38657164	    247.27176029	    270.83929223	    129.26992542	   1011.01129588	    341.29714201	    465.13771767	    192.20301220	    415.45103327	    674.83069505	   1335.73739550	   1330.40842227	   1041.72203637	    479.32508364	    127.85061348	    399.28774956	    364.83905171	     43.78501744	    113.72206131	    230.34600932	    497.70927431	     76.46885497	    390.00874684	    150.10042849	    557.95564838	    148.40925371	    262.34527950	    961.46209723	    107.86696280	    999.36476549	    268.14513516	   2636.08127134	    176.58252058	    536.80909903	    746.82348553	    216.13043245	    754.27592880	   2289.43871018	   1221.00788099
      1.04450000	    266.27255121	    408.94928163	   1092.71018910	    602.16256845	    248.48285948	    265.56412931	    126.79994326	   1011.01129588	    341.29714201	    459.44944176	    188.66312546	    407.99901509	    661.51560788	   1309.99649309	   1336.28853440	   1043.90694844	    481.16777967	    128.81896717	    400.61425178	    364.83905171	     44.00502260	    114.78455865	    225.60213402	    487.89865322	     74.65908330	    390.51274740	    148.45020495	    558.78373524	    148.72619204	    262.34527950	    968.97228644	    108.31212194	   1009.67871397	    269.92547521	   2576.69293159	    177.86857885	    525.42587373	    730.59304491	    216.44471795	    758.71836695	   2303.71303321	   1227.80128182	    264.11331040	    404.33384369	   1078.74390878	    596.38657164	    247.27176029	    270.83929223	    129.26992542	   1011.01129588	    341.29714201	    465.13771767	    192.20301220	    415.45103327	    674.83069505	   1335.73739550	   1330.40842227	   1041.72203637	    479.32508364	    127.85061348	    399.28774956	    364.83905171	     43.78501744	    113.72206131	    230.34600932	    497.70927431	     76.46885497	    390.00874684	    150.10042849	    557.95564838	    148.40925371	    262.34527950	    961.46209723	    107.86696280	    999.36476549	    268.14513516	   2636.08127134	    176.58252058	    536.80909903	    746.82348553	    216.13043245	    754.27592880	   2289.43871018	   1221.00788099
      1.05500000	    266.27255121	    408.94928163	   1092.71018910	    602.16256845	    248.48285948	    265.56412931	    126.79994326	   1011.01129588	    341.29714201	    459.44944176	    188.66312546	    407.99901509	    661.51560788	   1309.99649309	   1336.28853440	   1043.90694844	    481.16777967	    128.81896717	    400.61425178	    364.83905171	     44.00502260	    114.78455865	    225.60213402	    487.89865322	     74.65908330	    390.51274740	    148.45020495	    558.78373524	    148.72619204	    262.34527950	    968.97228644	    108.31212194	   1009.67871397	    269.92547521	   2576.69293159	    177.86857885	    525.42587373	    730.59304491	    216.44471795	    758.71836695	   2303.71303321	   1227.80128182	    264.11331040	    404.33384369	   1078.74390878	    596.38657164	    247.27176029	    270.83929223	    129.26992542	   1011.01129588	    341.29714201	    465.13771767	    192.20301220	    415.45103327	    674.83069505	   1335.73739550	   1330.40842227	   1041.72203637	    479.32508364	    127.85061348	    399.28774956	    364.83905171	     43.78501744	    113.72206131	    230.34600932	    497.70927431	     76.46885497	    390.00874684	    150.10042849	    557.95564838	    148.40925371	    262.34527950	    961.46209723	    107.86696280	    999.36476549	    268.14513516	   2636.08127134	    176.58252058	    536.80909903	    746.82348553	    216.13043245	    754.27592880	   2289.43871018	   1221.00788099
      1.06550000	    266.27255121	    408.94928163	   1092.71018910	    602.16256845	    248.48285948	    265.56412931	    126.79994326	   1011.01129588	    341.29714201	    459.44944176	    188.66312546	    407.99901509	    661.51560788	   1309.99649309	   1336.28853440	   1043.90694844	    481.16777967	    128.81896717	    400.61425178	    364.83905171	     44.00502260	    114.78455865	    225.60213402	    487.89865322	     74.65908330	    390.51274740	    148.45020495	    558.78373524	    148.72619204	    262.34527950	    968.97228644	    108.31212194	   1009.67871397	    269.92547521	   2576.69293159	    177.86857885	    525.42587373	    730.59304491	    216.44471795	    758.71836695	   2303.71303321	   1227.80128182	    264.11331040	    404.33384369	   1078.74390878	    596.38657164	    247.27176029	    270.83929223	    129.26992542	   1011.01129588	    341.29714201	    465.13771767	    192.20301220	    415.45103327	    674.83069505	   1335.73739550	   1330.40842227	   1041.72203637	    479.32508364	    127.85061348	    399.28774956	    364.83905171	     43.78501744	    113.72206131	    230.34600932	    497.70927431	     76.46885497	    390.00874684	    150.10042849	    557.95564838	    148.40925371	    262.34527950	    961.46209723	    107.86696280	    999.36476549	    268.14513516	   2636.08127134	    176.58252058	    536.80909903	    746.82348553	    216.13043245	    754.27592880	   2289.43871018	   1221.00788099
      1.07600000	    266.27255121	    408.94928163	   1092.71018910	    602.16256845	    248.48285948	    265.56412931	    126.79994326	   1011.01129588	    341.29714201	    459.44944176	    188.66312546	    407.99901509	    661.51560788	   1309.99649309	   1336.28853440	   1043.90694844	    481.16777967	    128.81896717	    400.61425178	    364.83905171	     44.00502260	    114.78455865	    225.60213402	    487.89865322	     74.65908330	    390.51274740	    148.45020495	    558.78373524	    148.72619204	    262.34527950	    968.97228644	    108.31212194	   1009.67871397	    269.92547521	   2576.69293159	    177.86857885	    525.42587373	    730.59304491	    216.44471795	    758.71836695	   2303.71303321	   1227.80128182	    264.11331040	    404.33384369	   1078.74390878	    596.38657164	    247.27176029	    270.83929223	    129.26992542	   1011.01129588	    341.29714201	    465.13771767	    192.20301220	    415.45103327	    674.83069505	   1335.73739550	   1330.40842227	   1041.72203637	    479.32508364	    127.85061348	    399.28774956	    364.83905171	     43.78501744	    113.72206131	    230.34600932	    497.70927431	     76.46885497	    390.00874684	    150.10042849	    557.95564838	    148.40925371	    262.34527950	    961.46209723	    107.86696280	    999.36476549	    268.14513516	   2636.08127134	    176.58252058	    536.80909903	    746.82348553	    216.13043245	    754.27592880	   2289.43871018	   1221.00788099
      1.08650000	    266.27255121	    408.94928163	   1092.71018910	    602.16256845	    248.48285948	    265.56412931	    126.79994326	   1011.01129588	    341.29714201	    459.44944176	    188.66312546	    407.99901509	    661.51560788	   1309.99649309	   1336.28853440	   1043.90694844	    481.16777967	    128.81896717	    400.61425178	    364.83905171	     44.00502260	    114.78455865	    225.60213402	    487.89865322	     74.65908330	    390.51274740	    148.45020495	    558.78373524	    148.72619204	    262.34527950	    968.97228644	    108.31212194	   1009.67871397	    269.92547521	   2576.69293159	    177.86857885	    525.42587373	    730.59304491	    216.44471795	    758.71836695	   2303.71303321	   1227.80128182	    264.11331040	    404.33384369	   1078.74390878	    596.38657164	    247.27176029	    270.83929223	    129.26992542	   1011.01129588	    341.29714201	    465.13771767	    192.20301220	    415.45103327	    674.83069505	   1335.73739550	   1330.40842227	   1041.72203637	    479.32508364	    127.85061348	    399.28774956	    364.83905171	     43.78501744	    113.72206131	    230.34600932	    497.70927431	     76.46885497	    390.00874684	    150.10042849	    557.95564838	    148.40925371	    262.34527950	    961.46209723	    107.86696280	    999.36476549	    268.14513516	   2636.08127134	    176.58252058	    536.80909903	    746.82348553	    216.13043245	    754.27592880	   2289.43871018	   1221.00788099
      1.09700000	    266.27255121	    408.94928163	   1092.71018910	    602.16256845	    248.48285948	    265.56412931	    126.79994326	   1011.01129588	    341.29714201	    459.44944176	    188.66312546	    407.99901509	    661.51560788	   1309.99649309	   1336.28853440	   1043.90694844	    481.16777967	    128.81896717	    400.61425178	    364.83905171	     44.00502260	    114.78455865	    225.60213402	    487.89865322	     74.65908330	    390.51274740	    148.45020495	    558.78373524	    148.72619204	    262.34527950	    968.97228644	    108.31212194	   1009.67871397	    269.92547521	   2576.69293159	    177.86857885	    525.42587373	    730.59304491	    216.44471795	    758.71836695	   2303.71303321	   1227.80128182	    264.11331040	    404.33384369	   1078.74390878	    596.38657164	    247.27176029	    270.83929223	    129.26992542	   1011.01129588	    341.29714201	    465.13771767	    192.20301220	    415.45103327	    674.83069505	   1335.73739550	   1330.40842227	   1041.72203637	    479.32508364	    127.85061348	    399.28774956	    364.83905171	     43.78501744	    113.72206131	    230.34600932	    497.70927431	     76.46885497	    390.00874684	    150.10042849	    557.95564838	    148.40925371	    262.34527950	    961.46209723	    107.86696280	    999.36476549	    268.14513516	   2636.08127134	    176.58252058	    536.80909903	    746.82348553	    216.13043245	    754.27592880	   2289.43871018	   1221.00788099
      1.10750000	    266.27255121	    408.94928163	   1092.71018910	    602.16256845	    248.48285948	    265.56412931	    126.79994326	   1011.01129588	    341.29714201	    459.44944176	    188.66312546	    407.99901509	    661.51560788	   1309.99649309	   1336.28853440	   1043.90694844	    481.16777967	    128.81896717	    400.61425178	    364.83905171	     44.00502260	    114.78455865	    225.60213402	    487.89865322	     74.65908330	    390.51274740	    148.45020495	    558.78373524	    148.72619204	    262.34527950	    968.97228644	    108.31212194	   1009.67871397	    269.92547521	   2576.69293159	    177.86857885	    525.42587373	    730.59304491	    216.44471795	    758.71836695	   2303.71303321	   1227.80128182	    264.11331040	    404.33384369	   1078.74390878	    596.38657164	    247.27176029	    270.83929223	    129.26992542	   1011.01129588	    341.29714201	    465.13771767	    192.20301220	    415.45103327	    674.83069505	   1335.73739550	   1330.40842227	   1041.72203637	    479.32508364	    127.85061348	    399.28774956	    364.83905171	     43.78501744	    113.72206131	    230.34600932	    497.70927431	     76.46885497	    390.00874684	    150.10042849	    557.95564838	    148.40925371	    262.34527950	    961.46209723	    107.86696280	    999.36476549	    268.14513516	   2636.08127134	    176.58252058	    536.80909903	    746.82348553	    216.13043245	    754.27592880	   2289.43871018	   1221.00788099
      1.11800000	    266.27255121	    408.94928163	   1092.71018910	    602.16256845	    248.48285948	    265.56412931	    126.79994326	   1011.01129588	    341.29714201	    459.44944176	    188.66312546	    407.99901509	    661.51560788	   1309.99649309	   1336.28853440	   1043.90694844	    481.16777967	    128.81896717	    400.61425178	    364.83905171	     44.00502260	    114.78455865	    225.60213402	    487.89865322	     74.65908330	    390.51274740	    148.45020495	    558.78373524	    148.72619204	    262.34527950	    968.97228644	    108.31212194	   1009.67871397	    269.92547521	   2576.69293159	    177.86857885	    525.42587373	    730.59304491	    216.44471795	    758.71836695	   2303.71303321	   1227.80128182	    264.11331040	    404.33384369	   1078.74390878	    596.38657164	    247.27176029	    270.83929223	    129.26992542	   1011.01129588	    341.29714201	    465.13771767	    192.20301220	    415.45103327	    674.83069505	   1335.73739550	   1330.40842227	   1041.72203637	    479.32508364	    127.85061348	    399.28774956	    364.83905171	     43.78501744	    113.72206131	    230.34600932	    497.70927431	     76.46885497	    390.00874684	    150.10042849	    557.95564838	    148.40925371	    262.34527950	    961.46209723	    107.86696280	    999.36476549	    268.14513516	   2636.08127134	    176.58252058	    536.80909903	    746.82348553	    216.13043245	    754.27592880	   2289.43871018	   1221.00788099
      1.12850000	    266.27255121	    408.94928163	   1092.71018910	    602.16256845	    248.48285948	    265.56412931	    126.79994326	   1011.01129588	    341.29714201	    459.44944176	    188.66312546	    407.99901509	    661.51560788	   1309.99649309	   1336.28853440	   1043.90694844	    481.16777967	    128.81896717	    400.61425178	    364.83905171	     44.00502260	    114.78455865	    225.60213402	    487.89865322	     74.65908330	    390.51274740	    148.45020495	    558.78373524	    148.72619204	    262.34527950	    968.97228644	    108.31212194	   1009.67871397	    269.92547521	   2576.69293159	    177.86857885	    525.42587373	    730.59304491	    216.44471795	    758.71836695	   2303.71303321	   1227.80128182	    264.11331040	    404.33384369	   1078.74390878	    596.38657164	    247.27176029	    270.83929223	    129.26992542	   1011.01129588	    341.29714201	    465.13771767	    192.20301220	    415.45103327	    674.83069505	   1335.73739550	   1330.40842227	   1041.72203637	    479.32508364	    127.85061348	    399.28774956	    364.83905171	     43.78501744	    113.72206131	    230.34600932	    497.70927431	     76.46885497	    390.00874684	    150.10042849	    557.95564838	    148.40925371	    262.34527950	    961.46209723	    107.86696280	    999.36476549	    268.14513516	   2636.08127134	    176.58252058	    536.80909903	    746.82348553	    216.13043245	    754.27592880	   2289.43871018	   1221.00788099
      1.13900000	    266.27255121	    408.94928163	   1092.71018910	    602.16256845	    248.48285948	    265.56412931	    126.79994326	   1011.01129588	    341.29714201	    459.44944176	    188.66312546	    407.99901509	    661.51560788	   1309.99649309	   1336.28853440	   1043.90694844	    481.16777967	    128.81896717	    400.61425178	    364.83905171	     44.00502260	    114.78455865	    225.60213402	    487.89865322	     74.65908330	    390.51274740	    148.45020495	    558.78373524	    148.72619204	    262.34527950	    968.97228644	    108.31212194	   1009.67871397	    269.92547521	   2576.69293159	    177.86857885	    525.42587373	    730.59304491	    216.44471795	    758.71836695	   2303.71303321	   1227.80128182	    264.11331040	    404.33384369	   1078.74390878	    596.38657164	    247.27176029	    270.83929223	    129.26992542	   1011.01129588	    341.29714201	    465.13771767	    192.20301220	    415.45103327	    674.83069505	   1335.73739550	   1330.40842227	   1041.72203637	    479.32508364	    127.85061348	    399.28774956	    364.83905171	     43.78501744	    113.72206131	    230.34600932	    497.70927431	     76.46885497	    390.00874684	    150.10042849	    557.95564838	    148.40925371	    262.34527950	    961.46209723	    107.86696280	    999.36476549	    268.14513516	   2636.08127134	    176.58252058	    536.80909903	    746.82348553	    216.13043245	    754.27592880	   2289.43871018	   1221.00788099
      1.14950000	    266.27255121	    408.94928163	   1092.71018910	    602.16256845	    248.48285948	    265.56412931	    126.79994326	   1011.01129588	    341.29714201	    459.44944176	    188.66312546	    407.99901509	    661.51560788	   1309.99649309	   1336.28853440	   1043.90694844	    481.16777967	    128.81896717	    400.61425178	    364.83905171	     44.00502260	    114.78455865	    225.60213402	    487.89865322	     74.65908330	    390.51274740	    148.45020495	    558.78373524	    148.72619204	    262.34527950	    968.97228644	    108.31212194	   1009.67871397	    269.92547521	   2576.69293159	    177.86857885	    525.42587373	    730.59304491	    216.44471795	    758.71836695	   2303.71303321	   1227.80128182	    264.11331040	    404.33384369	   1078.74390878	    596.38657164	    247.27176029	    270.83929223	    129.26992542	   1011.01129588	    341.29714201	    465.13771767	    192.20301220	    415.45103327	    674.83069505	   1335.73739550	   1330.40842227	   1041.72203637	    479.32508364	    127.85061348	    399.28774956	    364.83905171	     43.78501744	    113.72206131	    230.34600932	    497.70927431	     76.46885497	    390.00874684	    150.10042849	    557.95564838	    148.40925371	    262.34527950	    961.46209723	    107.86696280	    999.36476549	    268.14513516	   2636.08127134	    176.58252058	    536.80909903	    746.82348553	    216.13043245	    754.27592880	   2289.43871018	   1221.00788099
      1.16000000	    266.27255121	    408.94928163	   1092.71018910	    602.16256845	    248.48285948	    265.56412931	    126.79994326	   1011.01129588	    341.29714201	    459.44944176	    188.66312546	    407.99901509	    661.51560788	   1309.99649309	   1336.28853440	   1043.90694844	    481.16777967	    128.81896717	    400.61425178	    364.83905171	     44.00502260	    114.78455865	    225.60213402	    487.89865322	     74.65908330	    390.51274740	    148.45020495	    558.78373524	    148.72619204	    262.34527950	    968.97228644	    108.31212194	   1009.67871397	    269.92547521	   2576.69293159	    177.86857885	    525.42587373	    730.59304491	    216.44471795	    758.71836695	   2303.71303321	   1227.80128182	    264.11331040	    404.33384369	   1078.74390878	    596.38657164	    247.27176029	    270.83929223	    129.26992542	   1011.01129588	    341.29714201	    465.13771767	    192.20301220	    415.45103327	    674.83069505	   1335.73739550	   1330.40842227	   1041.72203637	    479.32508364	    127.85061348	    399.28774956	    364.83905171	     43.78501744	    113.72206131	    230.34600932	    497.70927431	     76.46885497	    390.00874684	    150.10042849	    557.95564838	    148.40925371	    262.34527950	    961.46209723	    107.86696280	    999.36476549	    268.14513516	   2636.08127134	    176.58252058	    536.80909903	    746.82348553	    216.13043245	    754.27592880	   2289.43871018	   1221.00788099
      1.17050000	    266.27255121	    408.94928163	   1092.71018910	    602.16256845	    248.48285948	    265.56412931	    126.79994326	   1011.01129588	    341.29714201	    459.44944176	    188.66312546	    407.99901509	    661.51560788	   1309.99649309	   1336.28853440	   1043.90694844	    481.16777967	    128.81896717	    400.61425178	    364.83905171	     44.00502260	    114.78455865	    225.60213402	    487.89865322	     74.65908330	    390.51274740	    148.45020495	    558.78373524	    148.72619204	    262.34527950	    968.97228644	    108.31212194	   1009.67871397	    269.92547521	   2576.69293159	    177.86857885	    525.42587373	    730.59304491	    216.44471795	    758.71836695	   2303.71303321	   1227.80128182	    264.11331040	    404.33384369	   1078.74390878	    596.38657164	    247.27176029	    270.83929223	    129.26992542	   1011.01129588	    341.29714201	    465.13771767	    192.20301220	    415.45103327	    674.83069505	   1335.73739550	   1330.40842227	   1041.72203637	    479.32508364	    127.85061348	    399.28774956	    364.83905171	     43.78501744	    113.72206131	    230.34600932	    497.70927431	     76.46885497	    390.00874684	    150.10042849	    557.95564838	    148.40925371	    262.34527950	    961.46209723	    107.86696280	    999.36476549	    268.14513516	   2636.08127134	    176.58252058	    536.80909903	    746.82348553	    216.13043245	    754.27592880	   2289.43871018	   1221.00788099
      1.18100000	    266.27255121	    408.94928163	   1092.71018910	    602.16256845	    248.48285948	    265.56412931	    126.79994326	   1011.01129588	    341.29714201	    459.44944176	    188.66312546	    407.99901509	    661.51560788	   1309.99649309	   1336.28853440	   1043.90694844	    481.16777967	    128.81896717	    400.61425178	    364.83905171	     44.00502260	    114.78455865	    225.60213402	    487.89865322	     74.65908330	    390.51274740	    148.45020495	    558.78373524	    148.72619204	    262.34527950	    968.97228644	    108.31212194	   1009.67871397	    269.92547521	   2576.69293159	    177.86857885	    525.42587373	    730.59304491	    216.44471795	    758.71836695	   2303.71303321	   1227.80128182	    264.11331040	    404.33384369	   1078.74390878	    596.38657164	    247.27176029	    270.83929223	    129.26992542	   1011.01129588	    341.29714201	    465.13771767	    192.20301220	    415.45103327	    674.83069505	   1335.73739550	   1330.40842227	   1041.72203637	    479.32508364	    127.85061348	    399.28774956	    364.83905171	     43.78501744	    113.72206131	    230.34600932	    497.70927431	     76.46885497	    390.00874684	    150.10042849	    557.95564838	    148.40925371	    262.34527950	    961.46209723	    107.86696280	    999.36476549	    268.14513516	   2636.08127134	    176.58252058	    536.80909903	    746.82348553	    216.13043245	    754.27592880	   2289.43871018	   1221.00788099
      1.19150000	    266.27255121	    408.94928163	   1092.71018910	    602.16256845	    248.48285948	    265.56412931	    126.79994326	   1011.01129588	    341.29714201	    459.44944176	    188.66312546	    407.99901509	    661.51560788	   1309.99649309	   1336.28853440	   1043.90694844	    481.16777967	    128.81896717	    400.61425178	    364.83905171	     44.00502260	    114.78455865	    225.60213402	    487.89865322	     74.65908330	    390.51274740	    148.45020495	    558.78373524	    148.72619204	    262.34527950	    968.97228644	    108.31212194	   1009.67871397	    269.92547521	   2576.69293159	    177.86857885	    525.42587373	    730.59304491	    216.44471795	    758.71836695	   2303.71303321	   1227.80128182	    264.11331040	    404.33384369	   1078.74390878	    596.38657164	    247.27176029	    270.83929223	    129.26992542	   1011.01129588	    341.29714201	    465.13771767	    192.20301220	    415.45103327	    674.83069505	   1335.73739550	   1330.40842227	   1041.72203637	    479.32508364	    127.85061348	    399.28774956	    364.83905171	     43.78501744	    113.72206131	    230.34600932	    497.70927431	     76.46885497	    390.00874684	    150.10042849	    557.95564838	    148.40925371	    262.34527950	    961.46209723	    107.86696280	    999.36476549	    268.14513516	   2636.08127134	    176.58252058	    536.80909903	    746.82348553	    216.13043245	    754.27592880	   2289.43871018	   1221.00788099
      1.20200000	    266.27255121	    408.94928163	   1092.71018910	    602.16256845	    248.48285948	    265.56412931	    126.79994326	   1011.01129588	    341.29714201	    459.44944176	    188.66312546	    407.99901509	    661.51560788	   1309.99649309	   1336.28853440	   1043.90694844	    481.16777967	    128.81896717	    400.61425178	    364.83905171	     44.00502260	    114.78455865	    225.60213402	    487.89865322	     74.65908330	    390.51274740	    148.45020495	    558.78373524	    148.72619204	    262.34527950	    968.97228644	    108.31212194	   1009.67871397	    269.92547521	   2576.69293159	    177.86857885	    525.42587373	    730.59304491	    216.44471795	    758.71836695	   2303.71303321	   1227.80128182	    264.11331040	    404.33384369	   1078.74390878	    596.38657164	    247.27176029	    270.83929223	    129.26992542	   1011.01129588	    341.29714201	    465.13771767	    192.20301220	    415.45103327	    674.83069505	   1335.73739550	   1330.40842227	   1041.72203637	    479.32508364	    127.85061348	    399.28774956	    364.83905171	     43.78501744	    113.72206131	    230.34600932	    497.70927431	     76.46885497	    390.00874684	    150.10042849	    557.95564838	    148.40925371	    262.34527950	    961.46209723	    107.86696280	    999.36476549	    268.14513516	   2636.08127134	    176.58252058	    536.80909903	    746.82348553	    216.13043245	    754.27592880	   2289.43871018	   1221.00788099
      1.21250000	    266.27255121	    408.94928163	   1092.71018910	    602.16256845	    248.48285948	    265.56412931	    126.79994326	   1011.01129588	    341.29714201	    459.44944176	    188.66312546	    407.99901509	    661.51560788	   1309.99649309	   1336.28853440	   1043.90694844	    481.16777967	    128.81896717	    400.61425178	    364.83905171	     44.00502260	    114.78455865	    225.60213402	    487.89865322	     74.65908330	    390.51274740	    148.45020495	    558.78373524	    148.72619204	    262.34527950	    968.97228644	    108.31212194	   1009.67871397	    269.92547521	   2576.69293159	    177.86857885	    525.42587373	    730.59304491	    216.44471795	    758.71836695	   2303.71303321	   1227.80128182	    264.11331040	    404.33384369	   1078.74390878	    596.38657164	    247.27176029	    270.83929223	    129.26992542	   1011.01129588	    341.29714201	    465.13771767	    192.20301220	    415.45103327	    674.83069505	   1335.73739550	   1330.40842227	   1041.72203637	    479.32508364	    127.85061348	    399.28774956	    364.83905171	     43.78501744	    113.72206131	    230.34600932	    497.70927431	     76.46885497	    390.00874684	    150.10042849	    557.95564838	    148.40925371	    262.34527950	    961.46209723	    107.86696280	    999.36476549	    268.14513516	   2636.08127134	    176.58252058	    536.80909903	    746.82348553	    216.13043245	    754.27592880	   2289.43871018	   1221.00788099
      1.22300000	    266.27255121	    408.94928163	   1092.71018910	    602.16256845	    248.48285948	    265.56412931	    126.79994326	   1011.01129588	    341.29714201	    459.44944176	    188.66312546	    407.99901509	    661.51560788	   1309.99649309	   1336.28853440	   1043.90694844	    481.16777967	    128.81896717	    400.61425178	    364.83905171	     44.00502260	    114.78455865	    225.60213402	    487.89865322	     74.65908330	    390.51274740	    148.45020495	    558.78373524	    148.72619204	    262.34527950	    968.97228644	    108.31212194	   1009.67871397	    269.92547521	   2576.69293159	    177.86857885	    525.42587373	    730.59304491	    216.44471795	    758.71836695	   2303.71303321	   1227.80128182	    264.11331040	    404.33384369	   1078.74390878	    596.38657164	    247.27176029	    270.83929223	    129.26992542	   1011.01129588	    341.29714201	    465.13771767	    192.20301220	    415.45103327	    674.83069505	   1335.73739550	   1330.40842227	   1041.72203637	    479.32508364	    127.85061348	    399.28774956	    364.83905171	     43.78501744	    113.72206131	    230.34600932	    497.70927431	     76.46885497	    390.00874684	    150.10042849	    557.95564838	    148.40925371	    262.34527950	    961.46209723	    107.86696280	    999.36476549	    268.14513516	   2636.08127134	    176.58252058	    536.80909903	    746.82348553	    216.13043245	    754.27592880	   2289.43871018	   1221.00788099
      1.23350000	    266.27255121	    408.94928163	   1092.71018910	    602.16256845	    248.48285948	    265.56412931	    126.79994326	   1011.01129588	    341.29714201	    459.44944176	    188.66312546	    407.99901509	    661.51560788	   1309.99649309	   1336.28853440	   1043.90694844	    481.16777967	    128.81896717	    400.61425178	    364.83905171	     44.00502260	    114.78455865	    225.60213402	    487.89865322	     74.65908330	    390.51274740	    148.45020495	    558.78373524	    148.72619204	    262.34527950	    968.97228644	    108.31212194	   1009.67871397	    269.92547521	   2576.69293159	    177.86857885	    525.42587373	    730.59304491	    216.44471795	    758.71836695	   2303.71303321	   1227.80128182	    264.11331040	    404.33384369	   1078.74390878	    596.38657164	    247.27176029	    270.83929223	    129.26992542	   1011.01129588	    341.29714201	    465.13771767	    192.20301220	    415.45103327	    674.83069505	   1335.73739550	   1330.40842227	   1041.72203637	    479.32508364	    127.85061348	    399.28774956	    364.83905171	     43.78501744	    113.72206131	    230.34600932	    497.70927431	     76.46885497	    390.00874684	    150.10042849	    557.95564838	    148.40925371	    262.34527950	    961.46209723	    107.86696280	    999.36476549	    268.14513516	   2636.08127134	    176.58252058	    536.80909903	    746.82348553	    216.13043245	    754.27592880	   2289.43871018	   1221.00788099
      1.24400000	    266.27255121	    408.94928163	   1092.71018910	    602.16256845	    248.48285948	    265.56412931	    126.79994326	   1011.01129588	    341.29714201	    459.44944176	    188.66312546	    407.99901509	    661.51560788	   1309.99649309	   1336.28853440	   1043.90694844	    481.16777967	    128.81896717	    400.61425178	    364.83905171	     44.00502260	    114.78455865	    225.60213402	    487.89865322	     74.65908330	    390.51274740	    148.45020495	    558.78373524	    148.72619204	    262.34527950	    968.97228644	    108.31212194	   1009.67871397	    269.92547521	   2576.69293159	    177.86857885	    525.42587373	    730.59304491	    216.44471795	    758.71836695	   2303.71303321	   1227.80128182	    264.11331040	    404.33384369	   1078.74390878	    596.38657164	    247.27176029	    270.83929223	    129.26992542	   1011.01129588	    341.29714201	    465.13771767	    192.20301220	    415.45103327	    674.83069505	   1335.73739550	   1330.40842227	   1041.72203637	    479.32508364	    127.85061348	    399.28774956	    364.83905171	     43.78501744	    113.72206131	    230.34600932	    497.70927431	     76.46885497	    390.00874684	    150.10042849	    557.95564838	    148.40925371	    262.34527950	    961.46209723	    107.86696280	    999.36476549	    268.14513516	   2636.08127134	    176.58252058	    536.80909903	    746.82348553	    216.13043245	    754.27592880	   2289.43871018	   1221.00788099
      1.25450000	    266.27255121	    408.94928163	   1092.71018910	    602.16256845	    248.48285948	    265.56412931	    126.79994326	   1011.01129588	    341.29714201	    459.44944176	    188.66312546	    407.99901509	    661.51560788	   1309.99649309	   1336.28853440	   1043.90694844	    481.16777967	    128.81896717	    400.61425178	    364.83905171	     44.00502260	    114.78455865	    225.60213402	    487.89865322	     74.65908330	    390.51274740	    148.45020495	    558.78373524	    148.72619204	    262.34527950	    968.97228644	    108.31212194	   1009.67871397	    269.92547521	   2576.69293159	    177.86857885	    525.42587373	    730.59304491	    216.44471795	    758.71836695	   2303.71303321	   1227.80128182	    264.11331040	    404.33384369	   1078.74390878	    596.38657164	    247.27176029	    270.83929223	    129.26992542	   1011.01129588	    341.29714201	    465.13771767	    192.20301220	    415.45103327	    674.83069505	   1335.73739550	   1330.40842227	   1041.72203637	    479.32508364	    127.85061348	    399.28774956	    364.83905171	     43.78501744	    113.72206131	    230.34600932	    497.70927431	     76.46885497	    390.00874684	    150.10042849	    557.95564838	    148.40925371	    262.34527950	    961.46209723	    107.86696280	    999.36476549	    268.14513516	   2636.08127134	    176.58252058	    536.80909903	    746.82348553	    216.13043245	    754.27592880	   2289.43871018	   1221.00788099
      1.26500000	    266.27255121	    408.94928163	   1092.71018910	    602.16256845	    248.48285948	    265.56412931	    126.79994326	   1011.01129588	    341.29714201	    459.44944176	    188.66312546	    407.99901509	    661.51560788	   1309.99649309	   1336.28853440	   1043.90694844	    481.16777967	    128.81896717	    400.61425178	    364.83905171	     44.00502260	    114.78455865	    225.60213402	    487.89865322	     74.65908330	    390.51274740	    148.45020495	    558.78373524	    148.72619204	    262.34527950	    968.97228644	    108.31212194	   1009.67871397	    269.92547521	   2576.69293159	    177.86857885	    525.42587373	    730.59304491	    216.44471795	    758.71836695	   2303.71303321	   1227.80128182	    264.11331040	    404.33384369	   1078.74390878	    596.38657164	    247.27176029	    270.83929223	    129.26992542	   1011.01129588	    341.29714201	    465.13771767	    192.20301220	    415.45103327	    674.83069505	   1335.73739550	   1330.40842227	   1041.72203637	    479.32508364	    127.85061348	    399.28774956	    364.83905171	     43.78501744	    113.72206131	    230.34600932	    497.70927431	     76.46885497	    390.00874684	    150.10042849	    557.95564838	    148.40925371	    262.34527950	    961.46209723	    107.86696280	    999.36476549	    268.14513516	   2636.08127134	    176.58252058	    536.80909903	    746.82348553	    216.13043245	    754.27592880	   2289.43871018	   1221.00788099
      1.27550000	    266.27255121	    408.94928163	   1092.71018910	    602.16256845	    248.48285948	    265.56412931	    126.79994326	   1011.01129588	    341.29714201	    459.44944176	    188.66312546	    407.99901509	    661.51560788	   1309.99649309	   1336.28853440	   1043.90694844	    481.16777967	    128.81896717	    400.61425178	    364.83905171	     44.00502260	    114.78455865	    225.60213402	    487.89865322	     74.65908330	    390.51274740	    148.45020495	    558.78373524	    148.72619204	    262.34527950	    968.97228644	    108.31212194	   1009.67871397	    269.92547521	   2576.69293159	    177.86857885	    525.42587373	    730.59304491	    216.44471795	    758.71836695	   2303.71303321	   1227.80128182	    264.11331040	    404.33384369	   1078.74390878	    596.38657164	    247.27176029	    270.83929223	    129.26992542	   1011.01129588	    341.29714201	    465.13771767	    192.20301220	    415.45103327	    674.83069505	   1335.73739550	   1330.40842227	   1041.72203637	    479.32508364	    127.85061348	    399.28774956	    364.83905171	     43.78501744	    113.72206131	    230.34600932	    497.70927431	     76.46885497	    390.00874684	    150.10042849	    557.95564838	    148.40925371	    262.34527950	    961.46209723	    107.86696280	    999.36476549	    268.14513516	   2636.08127134	    176.58252058	    536.80909903	    746.82348553	    216.13043245	    754.27592880	   2289.43871018	   1221.00788099
      1.28600000	    266.27255121	    408.94928163	   1092.71018910	    602.16256845	    248.48285948	    265.56412931	    126.79994326	   1011.01129588	    341.29714201	    459.44944176	    188.66312546	    407.99901509	    661.51560788	   1309.99649309	   1336.28853440	   1043.90694844	    481.16777967	    128.81896717	    400.61425178	    364.83905171	     44.00502260	    114.78455865	    225.60213402	    487.89865322	     74.65908330	    390.51274740	    148.45020495	    558.78373524	    148.72619204	    262.34527950	    968.97228644	    108.31212194	   1009.67871397	    269.92547521	   2576.69293159	    177.86857885	    525.42587373	    730.59304491	    216.44471795	    758.71836695	   2303.71303321	   1227.80128182	    264.11331040	    404.33384369	   1078.74390878	    596.38657164	    247.27176029	    270.83929223	    129.26992542	   1011.01129588	    341.29714201	    465.13771767	    192.20301220	    415.45103327	    674.83069505	   1335.73739550	   1330.40842227	   1041.72203637	    479.32508364	    127.85061348	    399.28774956	    364.83905171	     43.78501744	    113.72206131	    230.34600932	    497.70927431	     76.46885497	    390.00874684	    150.10042849	    557.95564838	    148.40925371	    262.34527950	    961.46209723	    107.86696280	    999.36476549	    268.14513516	   2636.08127134	    176.58252058	    536.80909903	    746.82348553	    216.13043245	    754.27592880	   2289.43871018	   1221.00788099
      1.29650000	    266.27255121	    408.94928163	   1092.71018910	    602.16256845	    248.48285948	    265.56412931	    126.79994326	   1011.01129588	    341.29714201	    459.44944176	    188.66312546	    407.99901509	    661.51560788	   1309.99649309	   1336.28853440	   1043.90694844	    481.16777967	    128.81896717	    400.61425178	    364.83905171	     44.00502260	    114.78455865	    225.60213402	    487.89865322	     74.65908330	    390.51274740	    148.45020495	    558.78373524	    148.72619204	    262.34527950	    968.97228644	    108.31212194	   1009.67871397	    269.92547521	   2576.69293159	    177.86857885	    525.42587373	    730.59304491	    216.44471795	    758.71836695	   2303.71303321	   1227.80128182	    264.11331040	    404.33384369	   1078.74390878	    596.38657164	    247.27176029	    270.83929223	    129.26992542	   1011.01129588	    341.29714201	    465.13771767	    192.20301220	    415.45103327	    674.83069505	   1335.73739550	   1330.40842227	   1041.72203637	    479.32508364	    127.85061348	    399.28774956	    364.83905171	     43.78501744	    113.72206131	    230.34600932	    497.70927431	     76.46885497	    390.00874684	    150.10042849	    557.95564838	    148.40925371	    262.34527950	    961.46209723	    107.86696280	    999.36476549	    268.14513516	   2636.08127134	    176.58252058	    536.80909903	    746.82348553	    216.13043245	    754.27592880	   2289.43871018	   1221.00788099
      1.30700000	    266.27255121	    408.94928163	   1092.71018910	    602.16256845	    248.48285948	    265.56412931	    126.79994326	   1011.01129588	    341.29714201	    459.44944176	    188.66312546	    407.99901509	    661.51560788	   1309.99649309	   1336.28853440	   1043.90694844	    481.16777967	    128.81896717	    400.61425178	    364.83905171	     44.00502260	    114.78455865	    225.60213402	    487.89865322	     74.65908330	    390.51274740	    148.45020495	    558.78373524	    148.72619204	    262.34527950	    968.97228644	    108.31212194	   1009.67871397	    269.92547521	   2576.69293159	    177.86857885	    525.42587373	    730.59304491	    216.44471795	    758.71836695	   2303.71303321	   1227.80128182	    264.11331040	    404.33384369	   1078.74390878	    596.38657164	    247.27176029	    270.83929223	    129.26992542	   1011.01129588	    341.29714201	    465.13771767	    192.20301220	    415.45103327	    674.83069505	   1335.73739550	   1330.40842227	   1041.72203637	    479.32508364	    127.85061348	    399.28774956	    364.83905171	     43.78501744	    113.72206131	    230.34600932	    497.70927431	     76.46885497	    390.00874684	    150.10042849	    557.95564838	    148.40925371	    262.34527950	    961.46209723	    107.86696280	    999.36476549	    268.14513516	   2636.08127134	    176.58252058	    536.80909903	    746.82348553	    216.13043245	    754.27592880	   2289.43871018	   1221.00788099
      1.31750000	    266.27255121	    408.94928163	   1092.71018910	    602.16256845	    248.48285948	    265.56412931	    126.79994326	   1011.01129588	    341.29714201	    459.44944176	    188.66312546	    407.99901509	    661.51560788	   1309.99649309	   1336.28853440	   1043.90694844	    481.16777967	    128.81896717	    400.61425178	    364.83905171	     44.00502260	    114.78455865	    225.60213402	    487.89865322	     74.65908330	    390.51274740	    148.45020495	    558.78373524	    148.72619204	    262.34527950	    968.97228644	    108.31212194	   1009.67871397	    269.92547521	   2576.69293159	    177.86857885	    525.42587373	    730.59304491	    216.44471795	    758.71836695	   2303.71303321	   1227.80128182	    264.11331040	    404.33384369	   1078.74390878	    596.38657164	    247.27176029	    270.83929223	    129.26992542	   1011.01129588	    341.29714201	    465.13771767	    192.20301220	    415.45103327	    674.83069505	   1335.73739550	   1330.40842227	   1041.72203637	    479.32508364	    127.85061348	    399.28774956	    364.83905171	     43.78501744	    113.72206131	    230.34600932	    497.70927431	     76.46885497	    390.00874684	    150.10042849	    557.95564838	    148.40925371	    262.34527950	    961.46209723	    107.86696280	    999.36476549	    268.14513516	   2636.08127134	    176.58252058	    536.80909903	    746.82348553	    216.13043245	    754.27592880	   2289.43871018	   1221.00788099
      1.32800000	    266.27255121	    408.94928163	   1092.71018910	    602.16256845	    248.48285948	    265.56412931	    126.79994326	   1011.01129588	    341.29714201	    459.44944176	    188.66312546	    407.99901509	    661.51560788	   1309.99649309	   1336.28853440	   1043.90694844	    481.16777967	    128.81896717	    400.61425178	    364.83905171	     44.00502260	    114.78455865	    225.60213402	    487.89865322	     74.65908330	    390.51274740	    148.45020495	    558.78373524	    148.72619204	    262.34527950	    968.97228644	    108.31212194	   1009.67871397	    269.92547521	   2576.69293159	    177.86857885	    525.42587373	    730.59304491	    216.44471795	    758.71836695	   2303.71303321	   1227.80128182	    264.11331040	    404.33384369	   1078.74390878	    596.38657164	    247.27176029	    270.83929223	    129.26992542	   1011.01129588	    341.29714201	    465.13771767	    192.20301220	    415.45103327	    674.83069505	   1335.73739550	   1330.40842227	   1041.72203637	    479.32508364	    127.85061348	    399.28774956	    364.83905171	     43.78501744	    113.72206131	    230.34600932	    497.70927431	     76.46885497	    390.00874684	    150.10042849	    557.95564838	    148.40925371	    262.34527950	    961.46209723	    107.86696280	    999.36476549	    268.14513516	   2636.08127134	    176.58252058	    536.80909903	    746.82348553	    216.13043245	    754.27592880	   2289.43871018	   1221.00788099
      1.33850000	    266.27255121	    408.94928163	   1092.71018910	    602.16256845	    248.48285948	    265.56412931	    126.79994326	   1011.01129588	    341.29714201	    459.44944176	    188.66312546	    407.99901509	    661.51560788	   1309.99649309	   1336.28853440	   1043.90694844	    481.16777967	    128.81896717	    400.61425178	    364.83905171	     44.00502260	    114.78455865	    225.60213402	    487.89865322	     74.65908330	    390.51274740	    148.45020495	    558.78373524	    148.72619204	    262.34527950	    968.97228644	    108.31212194	   1009.67871397	    269.92547521	   2576.69293159	    177.86857885	    525.42587373	    730.59304491	    216.44471795	    758.71836695	   2303.71303321	   1227.80128182	    264.11331040	    404.33384369	   1078.74390878	    596.38657164	    247.27176029	    270.83929223	    129.26992542	   1011.01129588	    341.29714201	    465.13771767	    192.20301220	    415.45103327	    674.83069505	   1335.73739550	   1330.40842227	   1041.72203637	    479.32508364	    127.85061348	    399.28774956	    364.83905171	     43.78501744	    113.72206131	    230.34600932	    497.70927431	     76.46885497	    390.00874684	    150.10042849	    557.95564838	    148.40925371	    262.34527950	    961.46209723	    107.86696280	    999.36476549	    268.14513516	   2636.08127134	    176.58252058	    536.80909903	    746.82348553	    216.13043245	    754.27592880	   2289.43871018	   1221.00788099
      1.34900000	    266.27255121	    408.94928163	   1092.71018910	    602.16256845	    248.48285948	    265.56412931	    126.79994326	   1011.01129588	    341.29714201	    459.44944176	    188.66312546	    407.99901509	    661.51560788	   1309.99649309	   1336.28853440	   1043.90694844	    481.16777967	    128.81896717	    400.61425178	    364.83905171	     44.00502260	    114.78455865	    225.60213402	    487.89865322	     74.65908330	    390.51274740	    148.45020495	    558.78373524	    148.72619204	    262.34527950	    968.97228644	    108.31212194	   1009.67871397	    269.92547521	   2576.69293159	    177.86857885	    525.42587373	    730.59304491	    216.44471795	    758.71836695	   2303.71303321	   1227.80128182	    264.11331040	    404.33384369	   1078.74390878	    596.38657164	    247.27176029	    270.83929223	    129.26992542	   1011.01129588	    341.29714201	    465.13771767	    192.20301220	    415.45103327	    674.83069505	   1335.73739550	   1330.40842227	   1041.72203637	    479.32508364	    127.85061348	    399.28774956	    364.83905171	     43.78501744	    113.72206131	    230.34600932	    497.70927431	     76.46885497	    390.00874684	    150.10042849	    557.95564838	    148.40925371	    262.34527950	    961.46209723	    107.86696280	    999.36476549	    268.14513516	   2636.08127134	    176.58252058	    536.80909903	    746.82348553	    216.13043245	    754.27592880	   2289.43871018	   1221.00788099
      1.35950000	    266.27255121	    408.94928163	   1092.71018910	    602.16256845	    248.48285948	    265.56412931	    126.79994326	   1011.01129588	    341.29714201	    459.44944176	    188.66312546	    407.99901509	    661.51560788	   1309.99649309	   1336.28853440	   1043.90694844	    481.16777967	    128.81896717	    400.61425178	    364.83905171	     44.00502260	    114.78455865	    225.60213402	    487.89865322	     74.65908330	    390.51274740	    148.45020495	    558.78373524	    148.72619204	    262.34527950	    968.97228644	    108.31212194	   1009.67871397	    269.92547521	   2576.69293159	    177.86857885	    525.42587373	    730.59304491	    216.44471795	    758.71836695	   2303.71303321	   1227.80128182	    264.11331040	    404.33384369	   1078.74390878	    596.38657164	    247.27176029	    270.83929223	    129.26992542	   1011.01129588	    341.29714201	    465.13771767	    192.20301220	    415.45103327	    674.83069505	   1335.73739550	   1330.40842227	   1041.72203637	    479.32508364	    127.85061348	    399.28774956	    364.83905171	     43.78501744	    113.72206131	    230.34600932	    497.70927431	     76.46885497	    390.00874684	    150.10042849	    557.95564838	    148.40925371	    262.34527950	    961.46209723	    107.86696280	    999.36476549	    268.14513516	   2636.08127134	    176.58252058	    536.80909903	    746.82348553	    216.13043245	    754.27592880	   2289.43871018	   1221.00788099
      1.37000000	    266.27255121	    408.94928163	   1092.71018910	    602.16256845	    248.48285948	    265.56412931	    126.79994326	   1011.01129588	    341.29714201	    459.44944176	    188.66312546	    407.99901509	    661.51560788	   1309.99649309	   1336.28853440	   1043.90694844	    481.16777967	    128.81896717	    400.61425178	    364.83905171	     44.00502260	    114.78455865	    225.60213402	    487.89865322	     74.65908330	    390.51274740	    148.45020495	    558.78373524	    148.72619204	    262.34527950	    968.97228644	    108.31212194	   1009.67871397	    269.92547521	   2576.69293159	    177.86857885	    525.42587373	    730.59304491	    216.44471795	    758.71836695	   2303.71303321	   1227.80128182	    264.11331040	    404.33384369	   1078.74390878	    596.38657164	    247.27176029	    270.83929223	    129.26992542	   1011.01129588	    341.29714201	    465.13771767	    192.20301220	    415.45103327	    674.83069505	   1335.73739550	   1330.40842227	   1041.72203637	    479.32508364	    127.85061348	    399.28774956	    364.83905171	     43.78501744	    113.72206131	    230.34600932	    497.70927431	     76.46885497	    390.00874684	    150.10042849	    557.95564838	    148.40925371	    262.34527950	    961.46209723	    107.86696280	    999.36476549	    268.14513516	   2636.08127134	    176.58252058	    536.80909903	    746.82348553	    216.13043245	    754.27592880	   2289.43871018	   1221.00788099
      1.38050000	    266.27255121	    408.94928163	   1092.71018910	    602.16256845	    248.48285948	    265.56412931	    126.79994326	   1011.01129588	    341.29714201	    459.44944176	    188.66312546	    407.99901509	    661.51560788	   1309.99649309	   1336.28853440	   1043.90694844	    481.16777967	    128.81896717	    400.61425178	    364.83905171	     44.00502260	    114.78455865	    225.60213402	    487.89865322	     74.65908330	    390.51274740	    148.45020495	    558.78373524	    148.72619204	    262.34527950	    968.97228644	    108.31212194	   1009.67871397	    269.92547521	   2576.69293159	    177.86857885	    525.42587373	    730.59304491	    216.44471795	    758.71836695	   2303.71303321	   1227.80128182	    264.11331040	    404.33384369	   1078.74390878	    596.38657164	    247.27176029	    270.83929223	    129.26992542	   1011.01129588	    341.29714201	    465.13771767	    192.20301220	    415.45103327	    674.83069505	   1335.73739550	   1330.40842227	   1041.72203637	    479.32508364	    127.85061348	    399.28774956	    364.83905171	     43.78501744	    113.72206131	    230.34600932	    497.70927431	     76.46885497	    390.00874684	    150.10042849	    557.95564838	    148.40925371	    262.34527950	    961.46209723	    107.86696280	    999.36476549	    268.14513516	   2636.08127134	    176.58252058	    536.80909903	    746.82348553	    216.13043245	    754.27592880	   2289.43871018	   1221.00788099
      1.39100000	    266.27255121	    408.94928163	   1092.71018910	    602.16256845	    248.48285948	    265.56412931	    126.79994326	   1011.01129588	    341.29714201	    459.44944176	    188.66312546	    407.99901509	    661.51560788	   1309.99649309	   1336.28853440	   1043.90694844	    481.16777967	    128.81896717	    400.61425178	    364.83905171	     44.00502260	    114.78455865	    225.60213402	    487.89865322	     74.65908330	    390.51274740	    148.45020495	    558.78373524	    148.72619204	    262.34527950	    968.97228644	    108.31212194	   1009.67871397	    269.92547521	   2576.69293159	    177.86857885	    525.42587373	    730.59304491	    216.44471795	    758.71836695	   2303.71303321	   1227.80128182	    264.11331040	    404.33384369	   1078.74390878	    596.38657164	    247.27176029	    270.83929223	    129.26992542	   1011.01129588	    341.29714201	    465.13771767	    192.20301220	    415.45103327	    674.83069505	   1335.73739550	   1330.40842227	   1041.72203637	    479.32508364	    127.85061348	    399.28774956	    364.83905171	     43.78501744	    113.72206131	    230.34600932	    497.70927431	     76.46885497	    390.00874684	    150.10042849	    557.95564838	    148.40925371	    262.34527950	    961.46209723	    107.86696280	    999.36476549	    268.14513516	   2636.08127134	    176.58252058	    536.80909903	    746.82348553	    216.13043245	    754.27592880	   2289.43871018	   1221.00788099
      1.40150000	    266.27255121	    408.94928163	   1092.71018910	    602.16256845	    248.48285948	    265.56412931	    126.79994326	   1011.01129588	    341.29714201	    459.44944176	    188.66312546	    407.99901509	    661.51560788	   1309.99649309	   1336.28853440	   1043.90694844	    481.16777967	    128.81896717	    400.61425178	    364.83905171	     44.00502260	    114.78455865	    225.60213402	    487.89865322	     74.65908330	    390.51274740	    148.45020495	    558.78373524	    148.72619204	    262.34527950	    968.97228644	    108.31212194	   1009.67871397	    269.92547521	   2576.69293159	    177.86857885	    525.42587373	    730.59304491	    216.44471795	    758.71836695	   2303.71303321	   1227.80128182	    264.11331040	    404.33384369	   1078.74390878	    596.38657164	    247.27176029	    270.83929223	    129.26992542	   1011.01129588	    341.29714201	    465.13771767	    192.20301220	    415.45103327	    674.83069505	   1335.73739550	   1330.40842227	   1041.72203637	    479.32508364	    127.85061348	    399.28774956	    364.83905171	     43.78501744	    113.72206131	    230.34600932	    497.70927431	     76.46885497	    390.00874684	    150.10042849	    557.95564838	    148.40925371	    262.34527950	    961.46209723	    107.86696280	    999.36476549	    268.14513516	   2636.08127134	    176.58252058	    536.80909903	    746.82348553	    216.13043245	    754.27592880	   2289.43871018	   1221.00788099
      1.41200000	    266.27255121	    408.94928163	   1092.71018910	    602.16256845	    248.48285948	    265.56412931	    126.79994326	   1011.01129588	    341.29714201	    459.44944176	    188.66312546	    407.99901509	    661.51560788	   1309.99649309	   1336.28853440	   1043.90694844	    481.16777967	    128.81896717	    400.61425178	    364.83905171	     44.00502260	    114.78455865	    225.60213402	    487.89865322	     74.65908330	    390.51274740	    148.45020495	    558.78373524	    148.72619204	    262.34527950	    968.97228644	    108.31212194	   1009.67871397	    269.92547521	   2576.69293159	    177.86857885	    525.42587373	    730.59304491	    216.44471795	    758.71836695	   2303.71303321	   1227.80128182	    264.11331040	    404.33384369	   1078.74390878	    596.38657164	    247.27176029	    270.83929223	    129.26992542	   1011.01129588	    341.29714201	    465.13771767	    192.20301220	    415.45103327	    674.83069505	   1335.73739550	   1330.40842227	   1041.72203637	    479.32508364	    127.85061348	    399.28774956	    364.83905171	     43.78501744	    113.72206131	    230.34600932	    497.70927431	     76.46885497	    390.00874684	    150.10042849	    557.95564838	    148.40925371	    262.34527950	    961.46209723	    107.86696280	    999.36476549	    268.14513516	   2636.08127134	    176.58252058	    536.80909903	    746.82348553	    216.13043245	    754.27592880	   2289.43871018	   1221.00788099
      1.42250000	    266.27255121	    408.94928163	   1092.71018910	    602.16256845	    248.48285948	    265.56412931	    126.79994326	   1011.01129588	    341.29714201	    459.44944176	    188.66312546	    407.99901509	    661.51560788	   1309.99649309	   1336.28853440	   1043.90694844	    481.16777967	    128.81896717	    400.61425178	    364.83905171	     44.00502260	    114.78455865	    225.60213402	    487.89865322	     74.65908330	    390.51274740	    148.45020495	    558.78373524	    148.72619204	    262.34527950	    968.97228644	    108.31212194	   1009.67871397	    269.92547521	   2576.69293159	    177.86857885	    525.42587373	    730.59304491	    216.44471795	    758.71836695	   2303.71303321	   1227.80128182	    264.11331040	    404.33384369	   1078.74390878	    596.38657164	    247.27176029	    270.83929223	    129.26992542	   1011.01129588	    341.29714201	    465.13771767	    192.20301220	    415.45103327	    674.83069505	   1335.73739550	   1330.40842227	   1041.72203637	    479.32508364	    127.85061348	    399.28774956	    364.83905171	     43.78501744	    113.72206131	    230.34600932	    497.70927431	     76.46885497	    390.00874684	    150.10042849	    557.95564838	    148.40925371	    262.34527950	    961.46209723	    107.86696280	    999.36476549	    268.14513516	   2636.08127134	    176.58252058	    536.80909903	    746.82348553	    216.13043245	    754.27592880	   2289.43871018	   1221.00788099
      1.43300000	    266.27255121	    408.94928163	   1092.71018910	    602.16256845	    248.48285948	    265.56412931	    126.79994326	   1011.01129588	    341.29714201	    459.44944176	    188.66312546	    407.99901509	    661.51560788	   1309.99649309	   1336.28853440	   1043.90694844	    481.16777967	    128.81896717	    400.61425178	    364.83905171	     44.00502260	    114.78455865	    225.60213402	    487.89865322	     74.65908330	    390.51274740	    148.45020495	    558.78373524	    148.72619204	    262.34527950	    968.97228644	    108.31212194	   1009.67871397	    269.92547521	   2576.69293159	    177.86857885	    525.42587373	    730.59304491	    216.44471795	    758.71836695	   2303.71303321	   1227.80128182	    264.11331040	    404.33384369	   1078.74390878	    596.38657164	    247.27176029	    270.83929223	    129.26992542	   1011.01129588	    341.29714201	    465.13771767	    192.20301220	    415.45103327	    674.83069505	   1335.73739550	   1330.40842227	   1041.72203637	    479.32508364	    127.85061348	    399.28774956	    364.83905171	     43.78501744	    113.72206131	    230.34600932	    497.70927431	     76.46885497	    390.00874684	    150.10042849	    557.95564838	    148.40925371	    262.34527950	    961.46209723	    107.86696280	    999.36476549	    268.14513516	   2636.08127134	    176.58252058	    536.80909903	    746.82348553	    216.13043245	    754.27592880	   2289.43871018	   1221.00788099
      1.44350000	    266.27255121	    408.94928163	   1092.71018910	    602.16256845	    248.48285948	    265.56412931	    126.79994326	   1011.01129588	    341.29714201	    459.44944176	    188.66312546	    407.99901509	    661.51560788	   1309.99649309	   1336.28853440	   1043.90694844	    481.16777967	    128.81896717	    400.61425178	    364.83905171	     44.00502260	    114.78455865	    225.60213402	    487.89865322	     74.65908330	    390.51274740	    148.45020495	    558.78373524	    148.72619204	    262.34527950	    968.97228644	    108.31212194	   1009.67871397	    269.92547521	   2576.69293159	    177.86857885	    525.42587373	    730.59304491	    216.44471795	    758.71836695	   2303.71303321	   1227.80128182	    264.11331040	    404.33384369	   1078.74390878	    596.38657164	    247.27176029	    270.83929223	    129.26992542	   1011.01129588	    341.29714201	    465.13771767	    192.20301220	    415.45103327	    674.83069505	   1335.73739550	   1330.40842227	   1041.72203637	    479.32508364	    127.85061348	    399.28774956	    364.83905171	     43.78501744	    113.72206131	    230.34600932	    497.70927431	     76.46885497	    390.00874684	    150.10042849	    557.95564838	    148.40925371	    262.34527950	    961.46209723	    107.86696280	    999.36476549	    268.14513516	   2636.08127134	    176.58252058	    536.80909903	    746.82348553	    216.13043245	    754.27592880	   2289.43871018	   1221.00788099
      1.45400000	    266.27255121	    408.94928163	   1092.71018910	    602.16256845	    248.48285948	    265.56412931	    126.79994326	   1011.01129588	    341.29714201	    459.44944176	    188.66312546	    407.99901509	    661.51560788	   1309.99649309	   1336.28853440	   1043.90694844	    481.16777967	    128.81896717	    400.61425178	    364.83905171	     44.00502260	    114.78455865	    225.60213402	    487.89865322	     74.65908330	    390.51274740	    148.45020495	    558.78373524	    148.72619204	    262.34527950	    968.97228644	    108.31212194	   1009.67871397	    269.92547521	   2576.69293159	    177.86857885	    525.42587373	    730.59304491	    216.44471795	    758.71836695	   2303.71303321	   1227.80128182	    264.11331040	    404.33384369	   1078.74390878	    596.38657164	    247.27176029	    270.83929223	    129.26992542	   1011.01129588	    341.29714201	    465.13771767	    192.20301220	    415.45103327	    674.83069505	   1335.73739550	   1330.40842227	   1041.72203637	    479.32508364	    127.85061348	    399.28774956	    364.83905171	     43.78501744	    113.72206131	    230.34600932	    497.70927431	     76.46885497	    390.00874684	    150.10042849	    557.95564838	    148.40925371	    262.34527950	    961.46209723	    107.86696280	    999.36476549	    268.14513516	   2636.08127134	    176.58252058	    536.80909903	    746.82348553	    216.13043245	    754.27592880	   2289.43871018	   1221.00788099
      1.46450000	    266.27255121	    408.94928163	   1092.71018910	    602.16256845	    248.48285948	    265.56412931	    126.79994326	   1011.01129588	    341.29714201	    459.44944176	    188.66312546	    407.99901509	    661.51560788	   1309.99649309	   1336.28853440	   1043.90694844	    481.16777967	    128.81896717	    400.61425178	    364.83905171	     44.00502260	    114.78455865	    225.60213402	    487.89865322	     74.65908330	    390.51274740	    148.45020495	    558.78373524	    148.72619204	    262.34527950	    968.97228644	    108.31212194	   1009.67871397	    269.92547521	   2576.69293159	    177.86857885	    525.42587373	    730.59304491	    216.44471795	    758.71836695	   2303.71303321	   1227.80128182	    264.11331040	    404.33384369	   1078.74390878	    596.38657164	    247.27176029	    270.83929223	    129.26992542	   1011.01129588	    341.29714201	    465.13771767	    192.20301220	    415.45103327	    674.83069505	   1335.73739550	   1330.40842227	   1041.72203637	    479.32508364	    127.85061348	    399.28774956	    364.83905171	     43.78501744	    113.72206131	    230.34600932	    497.70927431	     76.46885497	    390.00874684	    150.10042849	    557.95564838	    148.40925371	    262.34527950	    961.46209723	    107.86696280	    999.36476549	    268.14513516	   2636.08127134	    176.58252058	    536.80909903	    746.82348553	    216.13043245	    754.27592880	   2289.43871018	   1221.00788099
      1.47500000	    266.27255121	    408.94928163	   1092.71018910	    602.16256845	    248.48285948	    265.56412931	    126.79994326	   1011.01129588	    341.29714201	    459.44944176	    188.66312546	    407.99901509	    661.51560788	   1309.99649309	   1336.28853440	   1043.90694844	    481.16777967	    128.81896717	    400.61425178	    364.83905171	     44.00502260	    114.78455865	    225.60213402	    487.89865322	     74.65908330	    390.51274740	    148.45020495	    558.78373524	    148.72619204	    262.34527950	    968.97228644	    108.31212194	   1009.67871397	    269.92547521	   2576.69293159	    177.86857885	    525.42587373	    730.59304491	    216.44471795	    758.71836695	   2303.71303321	   1227.80128182	    264.11331040	    404.33384369	   1078.74390878	    596.38657164	    247.27176029	    270.83929223	    129.26992542	   1011.01129588	    341.29714201	    465.13771767	    192.20301220	    415.45103327	    674.83069505	   1335.73739550	   1330.40842227	   1041.72203637	    479.32508364	    127.85061348	    399.28774956	    364.83905171	     43.78501744	    113.72206131	    230.34600932	    497.70927431	     76.46885497	    390.00874684	    150.10042849	    557.95564838	    148.40925371	    262.34527950	    961.46209723	    107.86696280	    999.36476549	    268.14513516	   2636.08127134	    176.58252058	    536.80909903	    746.82348553	    216.13043245	    754.27592880	   2289.43871018	   1221.00788099
      1.48550000	    266.27255121	    408.94928163	   1092.71018910	    602.16256845	    248.48285948	    265.56412931	    126.79994326	   1011.01129588	    341.29714201	    459.44944176	    188.66312546	    407.99901509	    661.51560788	   1309.99649309	   1336.28853440	   1043.90694844	    481.16777967	    128.81896717	    400.61425178	    364.83905171	     44.00502260	    114.78455865	    225.60213402	    487.89865322	     74.65908330	    390.51274740	    148.45020495	    558.78373524	    148.72619204	    262.34527950	    968.97228644	    108.31212194	   1009.67871397	    269.92547521	   2576.69293159	    177.86857885	    525.42587373	    730.59304491	    216.44471795	    758.71836695	   2303.71303321	   1227.80128182	    264.11331040	    404.33384369	   1078.74390878	    596.38657164	    247.27176029	    270.83929223	    129.26992542	   1011.01129588	    341.29714201	    465.13771767	    192.20301220	    415.45103327	    674.83069505	   1335.73739550	   1330.40842227	   1041.72203637	    479.32508364	    127.85061348	    399.28774956	    364.83905171	     43.78501744	    113.72206131	    230.34600932	    497.70927431	     76.46885497	    390.00874684	    150.10042849	    557.95564838	    148.40925371	    262.34527950	    961.46209723	    107.86696280	    999.36476549	    268.14513516	   2636.08127134	    176.58252058	    536.80909903	    746.82348553	    216.13043245	    754.27592880	   2289.43871018	   1221.00788099
      1.49600000	    266.27255121	    408.94928163	   1092.71018910	    602.16256845	    248.48285948	    265.56412931	    126.79994326	   1011.01129588	    341.29714201	    459.44944176	    188.66312546	    407.99901509	    661.51560788	   1309.99649309	   1336.28853440	   1043.90694844	    481.16777967	    128.81896717	    400.61425178	    364.83905171	     44.00502260	    114.78455865	    225.60213402	    487.89865322	     74.65908330	    390.51274740	    148.45020495	    558.78373524	    148.72619204	    262.34527950	    968.97228644	    108.31212194	   1009.67871397	    269.92547521	   2576.69293159	    177.86857885	    525.42587373	    730.59304491	    216.44471795	    758.71836695	   2303.71303321	   1227.80128182	    264.11331040	    404.33384369	   1078.74390878	    596.38657164	    247.27176029	    270.83929223	    129.26992542	   1011.01129588	    341.29714201	    465.13771767	    192.20301220	    415.45103327	    674.83069505	   1335.73739550	   1330.40842227	   1041.72203637	    479.32508364	    127.85061348	    399.28774956	    364.83905171	     43.78501744	    113.72206131	    230.34600932	    497.70927431	     76.46885497	    390.00874684	    150.10042849	    557.95564838	    148.40925371	    262.34527950	    961.46209723	    107.86696280	    999.36476549	    268.14513516	   2636.08127134	    176.58252058	    536.80909903	    746.82348553	    216.13043245	    754.27592880	   2289.43871018	   1221.00788099
      1.50650000	    266.27255121	    408.94928163	   1092.71018910	    602.16256845	    248.48285948	    265.56412931	    126.79994326	   1011.01129588	    341.29714201	    459.44944176	    188.66312546	    407.99901509	    661.51560788	   1309.99649309	   1336.28853440	   1043.90694844	    481.16777967	    128.81896717	    400.61425178	    364.83905171	     44.00502260	    114.78455865	    225.60213402	    487.89865322	     74.65908330	    390.51274740	    148.45020495	    558.78373524	    148.72619204	    262.34527950	    968.97228644	    108.31212194	   1009.67871397	    269.92547521	   2576.69293159	    177.86857885	    525.42587373	    730.59304491	    216.44471795	    758.71836695	   2303.71303321	   1227.80128182	    264.11331040	    404.33384369	   1078.74390878	    596.38657164	    247.27176029	    270.83929223	    129.26992542	   1011.01129588	    341.29714201	    465.13771767	    192.20301220	    415.45103327	    674.83069505	   1335.73739550	   1330.40842227	   1041.72203637	    479.32508364	    127.85061348	    399.28774956	    364.83905171	     43.78501744	    113.72206131	    230.34600932	    497.70927431	     76.46885497	    390.00874684	    150.10042849	    557.95564838	    148.40925371	    262.34527950	    961.46209723	    107.86696280	    999.36476549	    268.14513516	   2636.08127134	    176.58252058	    536.80909903	    746.82348553	    216.13043245	    754.27592880	   2289.43871018	   1221.00788099
      1.51700000	    266.27255121	    408.94928163	   1092.71018910	    602.16256845	    248.48285948	    265.56412931	    126.79994326	   1011.01129588	    341.29714201	    459.44944176	    188.66312546	    407.99901509	    661.51560788	   1309.99649309	   1336.28853440	   1043.90694844	    481.16777967	    128.81896717	    400.61425178	    364.83905171	     44.00502260	    114.78455865	    225.60213402	    487.89865322	     74.65908330	    390.51274740	    148.45020495	    558.78373524	    148.72619204	    262.34527950	    968.97228644	    108.31212194	   1009.67871397	    269.92547521	   2576.69293159	    177.86857885	    525.42587373	    730.59304491	    216.44471795	    758.71836695	   2303.71303321	   1227.80128182	    264.11331040	    404.33384369	   1078.74390878	    596.38657164	    247.27176029	    270.83929223	    129.26992542	   1011.01129588	    341.29714201	    465.13771767	    192.20301220	    415.45103327	    674.83069505	   1335.73739550	   1330.40842227	   1041.72203637	    479.32508364	    127.85061348	    399.28774956	    364.83905171	     43.78501744	    113.72206131	    230.34600932	    497.70927431	     76.46885497	    390.00874684	    150.10042849	    557.95564838	    148.40925371	    262.34527950	    961.46209723	    107.86696280	    999.36476549	    268.14513516	   2636.08127134	    176.58252058	    536.80909903	    746.82348553	    216.13043245	    754.27592880	   2289.43871018	   1221.00788099
      1.52750000	    266.27255121	    408.94928163	   1092.71018910	    602.16256845	    248.48285948	    265.56412931	    126.79994326	   1011.01129588	    341.29714201	    459.44944176	    188.66312546	    407.99901509	    661.51560788	   1309.99649309	   1336.28853440	   1043.90694844	    481.16777967	    128.81896717	    400.61425178	    364.83905171	     44.00502260	    114.78455865	    225.60213402	    487.89865322	     74.65908330	    390.51274740	    148.45020495	    558.78373524	    148.72619204	    262.34527950	    968.97228644	    108.31212194	   1009.67871397	    269.92547521	   2576.69293159	    177.86857885	    525.42587373	    730.59304491	    216.44471795	    758.71836695	   2303.71303321	   1227.80128182	    264.11331040	    404.33384369	   1078.74390878	    596.38657164	    247.27176029	    270.83929223	    129.26992542	   1011.01129588	    341.29714201	    465.13771767	    192.20301220	    415.45103327	    674.83069505	   1335.73739550	   1330.40842227	   1041.72203637	    479.32508364	    127.85061348	    399.28774956	    364.83905171	     43.78501744	    113.72206131	    230.34600932	    497.70927431	     76.46885497	    390.00874684	    150.10042849	    557.95564838	    148.40925371	    262.34527950	    961.46209723	    107.86696280	    999.36476549	    268.14513516	   2636.08127134	    176.58252058	    536.80909903	    746.82348553	    216.13043245	    754.27592880	   2289.43871018	   1221.00788099
      1.53800000	    266.27255121	    408.94928163	   1092.71018910	    602.16256845	    248.48285948	    265.56412931	    126.79994326	   1011.01129588	    341.29714201	    459.44944176	    188.66312546	    407.99901509	    661.51560788	   1309.99649309	   1336.28853440	   1043.90694844	    481.16777967	    128.81896717	    400.61425178	    364.83905171	     44.00502260	    114.78455865	    225.60213402	    487.89865322	     74.65908330	    390.51274740	    148.45020495	    558.78373524	    148.72619204	    262.34527950	    968.97228644	    108.31212194	   1009.67871397	    269.92547521	   2576.69293159	    177.86857885	    525.42587373	    730.59304491	    216.44471795	    758.71836695	   2303.71303321	   1227.80128182	    264.11331040	    404.33384369	   1078.74390878	    596.38657164	    247.27176029	    270.83929223	    129.26992542	   1011.01129588	    341.29714201	    465.13771767	    192.20301220	    415.45103327	    674.83069505	   1335.73739550	   1330.40842227	   1041.72203637	    479.32508364	    127.85061348	    399.28774956	    364.83905171	     43.78501744	    113.72206131	    230.34600932	    497.70927431	     76.46885497	    390.00874684	    150.10042849	    557.95564838	    148.40925371	    262.34527950	    961.46209723	    107.86696280	    999.36476549	    268.14513516	   2636.08127134	    176.58252058	    536.80909903	    746.82348553	    216.13043245	    754.27592880	   2289.43871018	   1221.00788099
      1.54850000	    266.27255121	    408.94928163	   1092.71018910	    602.16256845	    248.48285948	    265.56412931	    126.79994326	   1011.01129588	    341.29714201	    459.44944176	    188.66312546	    407.99901509	    661.51560788	   1309.99649309	   1336.28853440	   1043.90694844	    481.16777967	    128.81896717	    400.61425178	    364.83905171	     44.00502260	    114.78455865	    225.60213402	    487.89865322	     74.65908330	    390.51274740	    148.45020495	    558.78373524	    148.72619204	    262.34527950	    968.97228644	    108.31212194	   1009.67871397	    269.92547521	   2576.69293159	    177.86857885	    525.42587373	    730.59304491	    216.44471795	    758.71836695	   2303.71303321	   1227.80128182	    264.11331040	    404.33384369	   1078.74390878	    596.38657164	    247.27176029	    270.83929223	    129.26992542	   1011.01129588	    341.29714201	    465.13771767	    192.20301220	    415.45103327	    674.83069505	   1335.73739550	   1330.40842227	   1041.72203637	    479.32508364	    127.85061348	    399.28774956	    364.83905171	     43.78501744	    113.72206131	    230.34600932	    497.70927431	     76.46885497	    390.00874684	    150.10042849	    557.95564838	    148.40925371	    262.34527950	    961.46209723	    107.86696280	    999.36476549	    268.14513516	   2636.08127134	    176.58252058	    536.80909903	    746.82348553	    216.13043245	    754.27592880	   2289.43871018	   1221.00788099
      1.55900000	    266.27255121	    408.94928163	   1092.71018910	    602.16256845	    248.48285948	    265.56412931	    126.79994326	   1011.01129588	    341.29714201	    459.44944176	    188.66312546	    407.99901509	    661.51560788	   1309.99649309	   1336.28853440	   1043.90694844	    481.16777967	    128.81896717	    400.61425178	    364.83905171	     44.00502260	    114.78455865	    225.60213402	    487.89865322	     74.65908330	    390.51274740	    148.45020495	    558.78373524	    148.72619204	    262.34527950	    968.97228644	    108.31212194	   1009.67871397	    269.92547521	   2576.69293159	    177.86857885	    525.42587373	    730.59304491	    216.44471795	    758.71836695	   2303.71303321	   1227.80128182	    264.11331040	    404.33384369	   1078.74390878	    596.38657164	    247.27176029	    270.83929223	    129.26992542	   1011.01129588	    341.29714201	    465.13771767	    192.20301220	    415.45103327	    674.83069505	   1335.73739550	   1330.40842227	   1041.72203637	    479.32508364	    127.85061348	    399.28774956	    364.83905171	     43.78501744	    113.72206131	    230.34600932	    497.70927431	     76.46885497	    390.00874684	    150.10042849	    557.95564838	    148.40925371	    262.34527950	    961.46209723	    107.86696280	    999.36476549	    268.14513516	   2636.08127134	    176.58252058	    536.80909903	    746.82348553	    216.13043245	    754.27592880	   2289.43871018	   1221.00788099
      1.56950000	    266.27255121	    408.94928163	   1092.71018910	    602.16256845	    248.48285948	    265.56412931	    126.79994326	   1011.01129588	    341.29714201	    459.44944176	    188.66312546	    407.99901509	    661.51560788	   1309.99649309	   1336.28853440	   1043.90694844	    481.16777967	    128.81896717	    400.61425178	    364.83905171	     44.00502260	    114.78455865	    225.60213402	    487.89865322	     74.65908330	    390.51274740	    148.45020495	    558.78373524	    148.72619204	    262.34527950	    968.97228644	    108.31212194	   1009.67871397	    269.92547521	   2576.69293159	    177.86857885	    525.42587373	    730.59304491	    216.44471795	    758.71836695	   2303.71303321	   1227.80128182	    264.11331040	    404.33384369	   1078.74390878	    596.38657164	    247.27176029	    270.83929223	    129.26992542	   1011.01129588	    341.29714201	    465.13771767	    192.20301220	    415.45103327	    674.83069505	   1335.73739550	   1330.40842227	   1041.72203637	    479.32508364	    127.85061348	    399.28774956	    364.83905171	     43.78501744	    113.72206131	    230.34600932	    497.70927431	     76.46885497	    390.00874684	    150.10042849	    557.95564838	    148.40925371	    262.34527950	    961.46209723	    107.86696280	    999.36476549	    268.14513516	   2636.08127134	    176.58252058	    536.80909903	    746.82348553	    216.13043245	    754.27592880	   2289.43871018	   1221.00788099
      1.58000000	    266.27255121	    408.94928163	   1092.71018910	    602.16256845	    248.48285948	    265.56412931	    126.79994326	   1011.01129588	    341.29714201	    459.44944176	    188.66312546	    407.99901509	    661.51560788	   1309.99649309	   1336.28853440	   1043.90694844	    481.16777967	    128.81896717	    400.61425178	    364.83905171	     44.00502260	    114.78455865	    225.60213402	    487.89865322	     74.65908330	    390.51274740	    148.45020495	    558.78373524	    148.72619204	    262.34527950	    968.97228644	    108.31212194	   1009.67871397	    269.92547521	   2576.69293159	    177.86857885	    525.42587373	    730.59304491	    216.44471795	    758.71836695	   2303.71303321	   1227.80128182	    264.11331040	    404.33384369	   1078.74390878	    596.38657164	    247.27176029	    270.83929223	    129.26992542	   1011.01129588	    341.29714201	    465.13771767	    192.20301220	    415.45103327	    674.83069505	   1335.73739550	   1330.40842227	   1041.72203637	    479.32508364	    127.85061348	    399.28774956	    364.83905171	     43.78501744	    113.72206131	    230.34600932	    497.70927431	     76.46885497	    390.00874684	    150.10042849	    557.95564838	    148.40925371	    262.34527950	    961.46209723	    107.86696280	    999.36476549	    268.14513516	   2636.08127134	    176.58252058	    536.80909903	    746.82348553	    216.13043245	    754.27592880	   2289.43871018	   1221.00788099
      1.59050000	    266.27255121	    408.94928163	   1092.71018910	    602.16256845	    248.48285948	    265.56412931	    126.79994326	   1011.01129588	    341.29714201	    459.44944176	    188.66312546	    407.99901509	    661.51560788	   1309.99649309	   1336.28853440	   1043.90694844	    481.16777967	    128.81896717	    400.61425178	    364.83905171	     44.00502260	    114.78455865	    225.60213402	    487.89865322	     74.65908330	    390.51274740	    148.45020495	    558.78373524	    148.72619204	    262.34527950	    968.97228644	    108.31212194	   1009.67871397	    269.92547521	   2576.69293159	    177.86857885	    525.42587373	    730.59304491	    216.44471795	    758.71836695	   2303.71303321	   1227.80128182	    264.11331040	    404.33384369	   1078.74390878	    596.38657164	    247.27176029	    270.83929223	    129.26992542	   1011.01129588	    341.29714201	    465.13771767	    192.20301220	    415.45103327	    674.83069505	   1335.73739550	   1330.40842227	   1041.72203637	    479.32508364	    127.85061348	    399.28774956	    364.83905171	     43.78501744	    113.72206131	    230.34600932	    497.70927431	     76.46885497	    390.00874684	    150.10042849	    557.95564838	    148.40925371	    262.34527950	    961.46209723	    107.86696280	    999.36476549	    268.14513516	   2636.08127134	    176.58252058	    536.80909903	    746.82348553	    216.13043245	    754.27592880	   2289.43871018	   1221.00788099
      1.60100000	    266.27255121	    408.94928163	   1092.71018910	    602.16256845	    248.48285948	    265.56412931	    126.79994326	   1011.01129588	    341.29714201	    459.44944176	    188.66312546	    407.99901509	    661.51560788	   1309.99649309	   1336.28853440	   1043.90694844	    481.16777967	    128.81896717	    400.61425178	    364.83905171	     44.00502260	    114.78455865	    225.60213402	    487.89865322	     74.65908330	    390.51274740	    148.45020495	    558.78373524	    148.72619204	    262.34527950	    968.97228644	    108.31212194	   1009.67871397	    269.92547521	   2576.69293159	    177.86857885	    525.42587373	    730.59304491	    216.44471795	    758.71836695	   2303.71303321	   1227.80128182	    264.11331040	    404.33384369	   1078.74390878	    596.38657164	    247.27176029	    270.83929223	    129.26992542	   1011.01129588	    341.29714201	    465.13771767	    192.20301220	    415.45103327	    674.83069505	   1335.73739550	   1330.40842227	   1041.72203637	    479.32508364	    127.85061348	    399.28774956	    364.83905171	     43.78501744	    113.72206131	    230.34600932	    497.70927431	     76.46885497	    390.00874684	    150.10042849	    557.95564838	    148.40925371	    262.34527950	    961.46209723	    107.86696280	    999.36476549	    268.14513516	   2636.08127134	    176.58252058	    536.80909903	    746.82348553	    216.13043245	    754.27592880	   2289.43871018	   1221.00788099
      1.61150000	    266.27255121	    408.94928163	   1092.71018910	    602.16256845	    248.48285948	    265.56412931	    126.79994326	   1011.01129588	    341.29714201	    459.44944176	    188.66312546	    407.99901509	    661.51560788	   1309.99649309	   1336.28853440	   1043.90694844	    481.16777967	    128.81896717	    400.61425178	    364.83905171	     44.00502260	    114.78455865	    225.60213402	    487.89865322	     74.65908330	    390.51274740	    148.45020495	    558.78373524	    148.72619204	    262.34527950	    968.97228644	    108.31212194	   1009.67871397	    269.92547521	   2576.69293159	    177.86857885	    525.42587373	    730.59304491	    216.44471795	    758.71836695	   2303.71303321	   1227.80128182	    264.11331040	    404.33384369	   1078.74390878	    596.38657164	    247.27176029	    270.83929223	    129.26992542	   1011.01129588	    341.29714201	    465.13771767	    192.20301220	    415.45103327	    674.83069505	   1335.73739550	   1330.40842227	   1041.72203637	    479.32508364	    127.85061348	    399.28774956	    364.83905171	     43.78501744	    113.72206131	    230.34600932	    497.70927431	     76.46885497	    390.00874684	    150.10042849	    557.95564838	    148.40925371	    262.34527950	    961.46209723	    107.86696280	    999.36476549	    268.14513516	   2636.08127134	    176.58252058	    536.80909903	    746.82348553	    216.13043245	    754.27592880	   2289.43871018	   1221.00788099
      1.62200000	    266.27255121	    408.94928163	   1092.71018910	    602.16256845	    248.48285948	    265.56412931	    126.79994326	   1011.01129588	    341.29714201	    459.44944176	    188.66312546	    407.99901509	    661.51560788	   1309.99649309	   1336.28853440	   1043.90694844	    481.16777967	    128.81896717	    400.61425178	    364.83905171	     44.00502260	    114.78455865	    225.60213402	    487.89865322	     74.65908330	    390.51274740	    148.45020495	    558.78373524	    148.72619204	    262.34527950	    968.97228644	    108.31212194	   1009.67871397	    269.92547521	   2576.69293159	    177.86857885	    525.42587373	    730.59304491	    216.44471795	    758.71836695	   2303.71303321	   1227.80128182	    264.11331040	    404.33384369	   1078.74390878	    596.38657164	    247.27176029	    270.83929223	    129.26992542	   1011.01129588	    341.29714201	    465.13771767	    192.20301220	    415.45103327	    674.83069505	   1335.73739550	   1330.40842227	   1041.72203637	    479.32508364	    127.85061348	    399.28774956	    364.83905171	     43.78501744	    113.72206131	    230.34600932	    497.70927431	     76.46885497	    390.00874684	    150.10042849	    557.95564838	    148.40925371	    262.34527950	    961.46209723	    107.86696280	    999.36476549	    268.14513516	   2636.08127134	    176.58252058	    536.80909903	    746.82348553	    216.13043245	    754.27592880	   2289.43871018	   1221.00788099
      1.63250000	    266.27255121	    408.94928163	   1092.71018910	    602.16256845	    248.48285948	    265.56412931	    126.79994326	   1011.01129588	    341.29714201	    459.44944176	    188.66312546	    407.99901509	    661.51560788	   1309.99649309	   1336.28853440	   1043.90694844	    481.16777967	    128.81896717	    400.61425178	    364.83905171	     44.00502260	    114.78455865	    225.60213402	    487.89865322	     74.65908330	    390.51274740	    148.45020495	    558.78373524	    148.72619204	    262.34527950	    968.97228644	    108.31212194	   1009.67871397	    269.92547521	   2576.69293159	    177.86857885	    525.42587373	    730.59304491	    216.44471795	    758.71836695	   2303.71303321	   1227.80128182	    264.11331040	    404.33384369	   1078.74390878	    596.38657164	    247.27176029	    270.83929223	    129.26992542	   1011.01129588	    341.29714201	    465.13771767	    192.20301220	    415.45103327	    674.83069505	   1335.73739550	   1330.40842227	   1041.72203637	    479.32508364	    127.85061348	    399.28774956	    364.83905171	     43.78501744	    113.72206131	    230.34600932	    497.70927431	     76.46885497	    390.00874684	    150.10042849	    557.95564838	    148.40925371	    262.34527950	    961.46209723	    107.86696280	    999.36476549	    268.14513516	   2636.08127134	    176.58252058	    536.80909903	    746.82348553	    216.13043245	    754.27592880	   2289.43871018	   1221.00788099
      1.64300000	    266.27255121	    408.94928163	   1092.71018910	    602.16256845	    248.48285948	    265.56412931	    126.79994326	   1011.01129588	    341.29714201	    459.44944176	    188.66312546	    407.99901509	    661.51560788	   1309.99649309	   1336.28853440	   1043.90694844	    481.16777967	    128.81896717	    400.61425178	    364.83905171	     44.00502260	    114.78455865	    225.60213402	    487.89865322	     74.65908330	    390.51274740	    148.45020495	    558.78373524	    148.72619204	    262.34527950	    968.97228644	    108.31212194	   1009.67871397	    269.92547521	   2576.69293159	    177.86857885	    525.42587373	    730.59304491	    216.44471795	    758.71836695	   2303.71303321	   1227.80128182	    264.11331040	    404.33384369	   1078.74390878	    596.38657164	    247.27176029	    270.83929223	    129.26992542	   1011.01129588	    341.29714201	    465.13771767	    192.20301220	    415.45103327	    674.83069505	   1335.73739550	   1330.40842227	   1041.72203637	    479.32508364	    127.85061348	    399.28774956	    364.83905171	     43.78501744	    113.72206131	    230.34600932	    497.70927431	     76.46885497	    390.00874684	    150.10042849	    557.95564838	    148.40925371	    262.34527950	    961.46209723	    107.86696280	    999.36476549	    268.14513516	   2636.08127134	    176.58252058	    536.80909903	    746.82348553	    216.13043245	    754.27592880	   2289.43871018	   1221.00788099
      1.65350000	    266.27255121	    408.94928163	   1092.71018910	    602.16256845	    248.48285948	    265.56412931	    126.79994326	   1011.01129588	    341.29714201	    459.44944176	    188.66312546	    407.99901509	    661.51560788	   1309.99649309	   1336.28853440	   1043.90694844	    481.16777967	    128.81896717	    400.61425178	    364.83905171	     44.00502260	    114.78455865	    225.60213402	    487.89865322	     74.65908330	    390.51274740	    148.45020495	    558.78373524	    148.72619204	    262.34527950	    968.97228644	    108.31212194	   1009.67871397	    269.92547521	   2576.69293159	    177.86857885	    525.42587373	    730.59304491	    216.44471795	    758.71836695	   2303.71303321	   1227.80128182	    264.11331040	    404.33384369	   1078.74390878	    596.38657164	    247.27176029	    270.83929223	    129.26992542	   1011.01129588	    341.29714201	    465.13771767	    192.20301220	    415.45103327	    674.83069505	   1335.73739550	   1330.40842227	   1041.72203637	    479.32508364	    127.85061348	    399.28774956	    364.83905171	     43.78501744	    113.72206131	    230.34600932	    497.70927431	     76.46885497	    390.00874684	    150.10042849	    557.95564838	    148.40925371	    262.34527950	    961.46209723	    107.86696280	    999.36476549	    268.14513516	   2636.08127134	    176.58252058	    536.80909903	    746.82348553	    216.13043245	    754.27592880	   2289.43871018	   1221.00788099
      1.66400000	    266.27255121	    408.94928163	   1092.71018910	    602.16256845	    248.48285948	    265.56412931	    126.79994326	   1011.01129588	    341.29714201	    459.44944176	    188.66312546	    407.99901509	    661.51560788	   1309.99649309	   1336.28853440	   1043.90694844	    481.16777967	    128.81896717	    400.61425178	    364.83905171	     44.00502260	    114.78455865	    225.60213402	    487.89865322	     74.65908330	    390.51274740	    148.45020495	    558.78373524	    148.72619204	    262.34527950	    968.97228644	    108.31212194	   1009.67871397	    269.92547521	   2576.69293159	    177.86857885	    525.42587373	    730.59304491	    216.44471795	    758.71836695	   2303.71303321	   1227.80128182	    264.11331040	    404.33384369	   1078.74390878	    596.38657164	    247.27176029	    270.83929223	    129.26992542	   1011.01129588	    341.29714201	    465.13771767	    192.20301220	    415.45103327	    674.83069505	   1335.73739550	   1330.40842227	   1041.72203637	    479.32508364	    127.85061348	    399.28774956	    364.83905171	     43.78501744	    113.72206131	    230.34600932	    497.70927431	     76.46885497	    390.00874684	    150.10042849	    557.95564838	    148.40925371	    262.34527950	    961.46209723	    107.86696280	    999.36476549	    268.14513516	   2636.08127134	    176.58252058	    536.80909903	    746.82348553	    216.13043245	    754.27592880	   2289.43871018	   1221.00788099
      1.67450000	    266.27255121	    408.94928163	   1092.71018910	    602.16256845	    248.48285948	    265.56412931	    126.79994326	   1011.01129588	    341.29714201	    459.44944176	    188.66312546	    407.99901509	    661.51560788	   1309.99649309	   1336.28853440	   1043.90694844	    481.16777967	    128.81896717	    400.61425178	    364.83905171	     44.00502260	    114.78455865	    225.60213402	    487.89865322	     74.65908330	    390.51274740	    148.45020495	    558.78373524	    148.72619204	    262.34527950	    968.97228644	    108.31212194	   1009.67871397	    269.92547521	   2576.69293159	    177.86857885	    525.42587373	    730.59304491	    216.44471795	    758.71836695	   2303.71303321	   1227.80128182	    264.11331040	    404.33384369	   1078.74390878	    596.38657164	    247.27176029	    270.83929223	    129.26992542	   1011.01129588	    341.29714201	    465.13771767	    192.20301220	    415.45103327	    674.83069505	   1335.73739550	   1330.40842227	   1041.72203637	    479.32508364	    127.85061348	    399.28774956	    364.83905171	     43.78501744	    113.72206131	    230.34600932	    497.70927431	     76.46885497	    390.00874684	    150.10042849	    557.95564838	    148.40925371	    262.34527950	    961.46209723	    107.86696280	    999.36476549	    268.14513516	   2636.08127134	    176.58252058	    536.80909903	    746.82348553	    216.13043245	    754.27592880	   2289.43871018	   1221.00788099
      1.68500000	    266.27255121	    408.94928163	   1092.71018910	    602.16256845	    248.48285948	    265.56412931	    126.79994326	   1011.01129588	    341.29714201	    459.44944176	    188.66312546	    407.99901509	    661.51560788	   1309.99649309	   1336.28853440	   1043.90694844	    481.16777967	    128.81896717	    400.61425178	    364.83905171	     44.00502260	    114.78455865	    225.60213402	    487.89865322	     74.65908330	    390.51274740	    148.45020495	    558.78373524	    148.72619204	    262.34527950	    968.97228644	    108.31212194	   1009.67871397	    269.92547521	   2576.69293159	    177.86857885	    525.42587373	    730.59304491	    216.44471795	    758.71836695	   2303.71303321	   1227.80128182	    264.11331040	    404.33384369	   1078.74390878	    596.38657164	    247.27176029	    270.83929223	    129.26992542	   1011.01129588	    341.29714201	    465.13771767	    192.20301220	    415.45103327	    674.83069505	   1335.73739550	   1330.40842227	   1041.72203637	    479.32508364	    127.85061348	    399.28774956	    364.83905171	     43.78501744	    113.72206131	    230.34600932	    497.70927431	     76.46885497	    390.00874684	    150.10042849	    557.95564838	    148.40925371	    262.34527950	    961.46209723	    107.86696280	    999.36476549	    268.14513516	   2636.08127134	    176.58252058	    536.80909903	    746.82348553	    216.13043245	    754.27592880	   2289.43871018	   1221.00788099
      1.69550000	    266.27255121	    408.94928163	   1092.71018910	    602.16256845	    248.48285948	    265.56412931	    126.79994326	   1011.01129588	    341.29714201	    459.44944176	    188.66312546	    407.99901509	    661.51560788	   1309.99649309	   1336.28853440	   1043.90694844	    481.16777967	    128.81896717	    400.61425178	    364.83905171	     44.00502260	    114.78455865	    225.60213402	    487.89865322	     74.65908330	    390.51274740	    148.45020495	    558.78373524	    148.72619204	    262.34527950	    968.97228644	    108.31212194	   1009.67871397	    269.92547521	   2576.69293159	    177.86857885	    525.42587373	    730.59304491	    216.44471795	    758.71836695	   2303.71303321	   1227.80128182	    264.11331040	    404.33384369	   1078.74390878	    596.38657164	    247.27176029	    270.83929223	    129.26992542	   1011.01129588	    341.29714201	    465.13771767	    192.20301220	    415.45103327	    674.83069505	   1335.73739550	   1330.40842227	   1041.72203637	    479.32508364	    127.85061348	    399.28774956	    364.83905171	     43.78501744	    113.72206131	    230.34600932	    497.70927431	     76.46885497	    390.00874684	    150.10042849	    557.95564838	    148.40925371	    262.34527950	    961.46209723	    107.86696280	    999.36476549	    268.14513516	   2636.08127134	    176.58252058	    536.80909903	    746.82348553	    216.13043245	    754.27592880	   2289.43871018	   1221.00788099
      1.70600000	    266.27255121	    408.94928163	   1092.71018910	    602.16256845	    248.48285948	    265.56412931	    126.79994326	   1011.01129588	    341.29714201	    459.44944176	    188.66312546	    407.99901509	    661.51560788	   1309.99649309	   1336.28853440	   1043.90694844	    481.16777967	    128.81896717	    400.61425178	    364.83905171	     44.00502260	    114.78455865	    225.60213402	    487.89865322	     74.65908330	    390.51274740	    148.45020495	    558.78373524	    148.72619204	    262.34527950	    968.97228644	    108.31212194	   1009.67871397	    269.92547521	   2576.69293159	    177.86857885	    525.42587373	    730.59304491	    216.44471795	    758.71836695	   2303.71303321	   1227.80128182	    264.11331040	    404.33384369	   1078.74390878	    596.38657164	    247.27176029	    270.83929223	    129.26992542	   1011.01129588	    341.29714201	    465.13771767	    192.20301220	    415.45103327	    674.83069505	   1335.73739550	   1330.40842227	   1041.72203637	    479.32508364	    127.85061348	    399.28774956	    364.83905171	     43.78501744	    113.72206131	    230.34600932	    497.70927431	     76.46885497	    390.00874684	    150.10042849	    557.95564838	    148.40925371	    262.34527950	    961.46209723	    107.86696280	    999.36476549	    268.14513516	   2636.08127134	    176.58252058	    536.80909903	    746.82348553	    216.13043245	    754.27592880	   2289.43871018	   1221.00788099
      1.71650000	    266.27255121	    408.94928163	   1092.71018910	    602.16256845	    248.48285948	    265.56412931	    126.79994326	   1011.01129588	    341.29714201	    459.44944176	    188.66312546	    407.99901509	    661.51560788	   1309.99649309	   1336.28853440	   1043.90694844	    481.16777967	    128.81896717	    400.61425178	    364.83905171	     44.00502260	    114.78455865	    225.60213402	    487.89865322	     74.65908330	    390.51274740	    148.45020495	    558.78373524	    148.72619204	    262.34527950	    968.97228644	    108.31212194	   1009.67871397	    269.92547521	   2576.69293159	    177.86857885	    525.42587373	    730.59304491	    216.44471795	    758.71836695	   2303.71303321	   1227.80128182	    264.11331040	    404.33384369	   1078.74390878	    596.38657164	    247.27176029	    270.83929223	    129.26992542	   1011.01129588	    341.29714201	    465.13771767	    192.20301220	    415.45103327	    674.83069505	   1335.73739550	   1330.40842227	   1041.72203637	    479.32508364	    127.85061348	    399.28774956	    364.83905171	     43.78501744	    113.72206131	    230.34600932	    497.70927431	     76.46885497	    390.00874684	    150.10042849	    557.95564838	    148.40925371	    262.34527950	    961.46209723	    107.86696280	    999.36476549	    268.14513516	   2636.08127134	    176.58252058	    536.80909903	    746.82348553	    216.13043245	    754.27592880	   2289.43871018	   1221.00788099
      1.72700000	    266.27255121	    408.94928163	   1092.71018910	    602.16256845	    248.48285948	    265.56412931	    126.79994326	   1011.01129588	    341.29714201	    459.44944176	    188.66312546	    407.99901509	    661.51560788	   1309.99649309	   1336.28853440	   1043.90694844	    481.16777967	    128.81896717	    400.61425178	    364.83905171	     44.00502260	    114.78455865	    225.60213402	    487.89865322	     74.65908330	    390.51274740	    148.45020495	    558.78373524	    148.72619204	    262.34527950	    968.97228644	    108.31212194	   1009.67871397	    269.92547521	   2576.69293159	    177.86857885	    525.42587373	    730.59304491	    216.44471795	    758.71836695	   2303.71303321	   1227.80128182	    264.11331040	    404.33384369	   1078.74390878	    596.38657164	    247.27176029	    270.83929223	    129.26992542	   1011.01129588	    341.29714201	    465.13771767	    192.20301220	    415.45103327	    674.83069505	   1335.73739550	   1330.40842227	   1041.72203637	    479.32508364	    127.85061348	    399.28774956	    364.83905171	     43.78501744	    113.72206131	    230.34600932	    497.70927431	     76.46885497	    390.00874684	    150.10042849	    557.95564838	    148.40925371	    262.34527950	    961.46209723	    107.86696280	    999.36476549	    268.14513516	   2636.08127134	    176.58252058	    536.80909903	    746.82348553	    216.13043245	    754.27592880	   2289.43871018	   1221.00788099
      1.73750000	    266.27255121	    408.94928163	   1092.71018910	    602.16256845	    248.48285948	    265.56412931	    126.79994326	   1011.01129588	    341.29714201	    459.44944176	    188.66312546	    407.99901509	    661.51560788	   1309.99649309	   1336.28853440	   1043.90694844	    481.16777967	    128.81896717	    400.61425178	    364.83905171	     44.00502260	    114.78455865	    225.60213402	    487.89865322	     74.65908330	    390.51274740	    148.45020495	    558.78373524	    148.72619204	    262.34527950	    968.97228644	    108.31212194	   1009.67871397	    269.92547521	   2576.69293159	    177.86857885	    525.42587373	    730.59304491	    216.44471795	    758.71836695	   2303.71303321	   1227.80128182	    264.11331040	    404.33384369	   1078.74390878	    596.38657164	    247.27176029	    270.83929223	    129.26992542	   1011.01129588	    341.29714201	    465.13771767	    192.20301220	    415.45103327	    674.83069505	   1335.73739550	   1330.40842227	   1041.72203637	    479.32508364	    127.85061348	    399.28774956	    364.83905171	     43.78501744	    113.72206131	    230.34600932	    497.70927431	     76.46885497	    390.00874684	    150.10042849	    557.95564838	    148.40925371	    262.34527950	    961.46209723	    107.86696280	    999.36476549	    268.14513516	   2636.08127134	    176.58252058	    536.80909903	    746.82348553	    216.13043245	    754.27592880	   2289.43871018	   1221.00788099
      1.74800000	    266.27255121	    408.94928163	   1092.71018910	    602.16256845	    248.48285948	    265.56412931	    126.79994326	   1011.01129588	    341.29714201	    459.44944176	    188.66312546	    407.99901509	    661.51560788	   1309.99649309	   1336.28853440	   1043.90694844	    481.16777967	    128.81896717	    400.61425178	    364.83905171	     44.00502260	    114.78455865	    225.60213402	    487.89865322	     74.65908330	    390.51274740	    148.45020495	    558.78373524	    148.72619204	    262.34527950	    968.97228644	    108.31212194	   1009.67871397	    269.92547521	   2576.69293159	    177.86857885	    525.42587373	    730.59304491	    216.44471795	    758.71836695	   2303.71303321	   1227.80128182	    264.11331040	    404.33384369	   1078.74390878	    596.38657164	    247.27176029	    270.83929223	    129.26992542	   1011.01129588	    341.29714201	    465.13771767	    192.20301220	    415.45103327	    674.83069505	   1335.73739550	   1330.40842227	   1041.72203637	    479.32508364	    127.85061348	    399.28774956	    364.83905171	     43.78501744	    113.72206131	    230.34600932	    497.70927431	     76.46885497	    390.00874684	    150.10042849	    557.95564838	    148.40925371	    262.34527950	    961.46209723	    107.86696280	    999.36476549	    268.14513516	   2636.08127134	    176.58252058	    536.80909903	    746.82348553	    216.13043245	    754.27592880	   2289.43871018	   1221.00788099
      1.75850000	    266.27255121	    408.94928163	   1092.71018910	    602.16256845	    248.48285948	    265.56412931	    126.79994326	   1011.01129588	    341.29714201	    459.44944176	    188.66312546	    407.99901509	    661.51560788	   1309.99649309	   1336.28853440	   1043.90694844	    481.16777967	    128.81896717	    400.61425178	    364.83905171	     44.00502260	    114.78455865	    225.60213402	    487.89865322	     74.65908330	    390.51274740	    148.45020495	    558.78373524	    148.72619204	    262.34527950	    968.97228644	    108.31212194	   1009.67871397	    269.92547521	   2576.69293159	    177.86857885	    525.42587373	    730.59304491	    216.44471795	    758.71836695	   2303.71303321	   1227.80128182	    264.11331040	    404.33384369	   1078.74390878	    596.38657164	    247.27176029	    270.83929223	    129.26992542	   1011.01129588	    341.29714201	    465.13771767	    192.20301220	    415.45103327	    674.83069505	   1335.73739550	   1330.40842227	   1041.72203637	    479.32508364	    127.85061348	    399.28774956	    364.83905171	     43.78501744	    113.72206131	    230.34600932	    497.70927431	     76.46885497	    390.00874684	    150.10042849	    557.95564838	    148.40925371	    262.34527950	    961.46209723	    107.86696280	    999.36476549	    268.14513516	   2636.08127134	    176.58252058	    536.80909903	    746.82348553	    216.13043245	    754.27592880	   2289.43871018	   1221.00788099
      1.76900000	    266.27255121	    408.94928163	   1092.71018910	    602.16256845	    248.48285948	    265.56412931	    126.79994326	   1011.01129588	    341.29714201	    459.44944176	    188.66312546	    407.99901509	    661.51560788	   1309.99649309	   1336.28853440	   1043.90694844	    481.16777967	    128.81896717	    400.61425178	    364.83905171	     44.00502260	    114.78455865	    225.60213402	    487.89865322	     74.65908330	    390.51274740	    148.45020495	    558.78373524	    148.72619204	    262.34527950	    968.97228644	    108.31212194	   1009.67871397	    269.92547521	   2576.69293159	    177.86857885	    525.42587373	    730.59304491	    216.44471795	    758.71836695	   2303.71303321	   1227.80128182	    264.11331040	    404.33384369	   1078.74390878	    596.38657164	    247.27176029	    270.83929223	    129.26992542	   1011.01129588	    341.29714201	    465.13771767	    192.20301220	    415.45103327	    674.83069505	   1335.73739550	   1330.40842227	   1041.72203637	    479.32508364	    127.85061348	    399.28774956	    364.83905171	     43.78501744	    113.72206131	    230.34600932	    497.70927431	     76.46885497	    390.00874684	    150.10042849	    557.95564838	    148.40925371	    262.34527950	    961.46209723	    107.86696280	    999.36476549	    268.14513516	   2636.08127134	    176.58252058	    536.80909903	    746.82348553	    216.13043245	    754.27592880	   2289.43871018	   1221.00788099
      1.77950000	    266.27255121	    408.94928163	   1092.71018910	    602.16256845	    248.48285948	    265.56412931	    126.79994326	   1011.01129588	    341.29714201	    459.44944176	    188.66312546	    407.99901509	    661.51560788	   1309.99649309	   1336.28853440	   1043.90694844	    481.16777967	    128.81896717	    400.61425178	    364.83905171	     44.00502260	    114.78455865	    225.60213402	    487.89865322	     74.65908330	    390.51274740	    148.45020495	    558.78373524	    148.72619204	    262.34527950	    968.97228644	    108.31212194	   1009.67871397	    269.92547521	   2576.69293159	    177.86857885	    525.42587373	    730.59304491	    216.44471795	    758.71836695	   2303.71303321	   1227.80128182	    264.11331040	    404.33384369	   1078.74390878	    596.38657164	    247.27176029	    270.83929223	    129.26992542	   1011.01129588	    341.29714201	    465.13771767	    192.20301220	    415.45103327	    674.83069505	   1335.73739550	   1330.40842227	   1041.72203637	    479.32508364	    127.85061348	    399.28774956	    364.83905171	     43.78501744	    113.72206131	    230.34600932	    497.70927431	     76.46885497	    390.00874684	    150.10042849	    557.95564838	    148.40925371	    262.34527950	    961.46209723	    107.86696280	    999.36476549	    268.14513516	   2636.08127134	    176.58252058	    536.80909903	    746.82348553	    216.13043245	    754.27592880	   2289.43871018	   1221.00788099
      1.79000000	    266.27255121	    408.94928163	   1092.71018910	    602.16256845	    248.48285948	    265.56412931	    126.79994326	   1011.01129588	    341.29714201	    459.44944176	    188.66312546	    407.99901509	    661.51560788	   1309.99649309	   1336.28853440	   1043.90694844	    481.16777967	    128.81896717	    400.61425178	    364.83905171	     44.00502260	    114.78455865	    225.60213402	    487.89865322	     74.65908330	    390.51274740	    148.45020495	    558.78373524	    148.72619204	    262.34527950	    968.97228644	    108.31212194	   1009.67871397	    269.92547521	   2576.69293159	    177.86857885	    525.42587373	    730.59304491	    216.44471795	    758.71836695	   2303.71303321	   1227.80128182	    264.11331040	    404.33384369	   1078.74390878	    596.38657164	    247.27176029	    270.83929223	    129.26992542	   1011.01129588	    341.29714201	    465.13771767	    192.20301220	    415.45103327	    674.83069505	   1335.73739550	   1330.40842227	   1041.72203637	    479.32508364	    127.85061348	    399.28774956	    364.83905171	     43.78501744	    113.72206131	    230.34600932	    497.70927431	     76.46885497	    390.00874684	    150.10042849	    557.95564838	    148.40925371	    262.34527950	    961.46209723	    107.86696280	    999.36476549	    268.14513516	   2636.08127134	    176.58252058	    536.80909903	    746.82348553	    216.13043245	    754.27592880	   2289.43871018	   1221.00788099
      1.80050000	    266.27255121	    408.94928163	   1092.71018910	    602.16256845	    248.48285948	    265.56412931	    126.79994326	   1011.01129588	    341.29714201	    459.44944176	    188.66312546	    407.99901509	    661.51560788	   1309.99649309	   1336.28853440	   1043.90694844	    481.16777967	    128.81896717	    400.61425178	    364.83905171	     44.00502260	    114.78455865	    225.60213402	    487.89865322	     74.65908330	    390.51274740	    148.45020495	    558.78373524	    148.72619204	    262.34527950	    968.97228644	    108.31212194	   1009.67871397	    269.92547521	   2576.69293159	    177.86857885	    525.42587373	    730.59304491	    216.44471795	    758.71836695	   2303.71303321	   1227.80128182	    264.11331040	    404.33384369	   1078.74390878	    596.38657164	    247.27176029	    270.83929223	    129.26992542	   1011.01129588	    341.29714201	    465.13771767	    192.20301220	    415.45103327	    674.83069505	   1335.73739550	   1330.40842227	   1041.72203637	    479.32508364	    127.85061348	    399.28774956	    364.83905171	     43.78501744	    113.72206131	    230.34600932	    497.70927431	     76.46885497	    390.00874684	    150.10042849	    557.95564838	    148.40925371	    262.34527950	    961.46209723	    107.86696280	    999.36476549	    268.14513516	   2636.08127134	    176.58252058	    536.80909903	    746.82348553	    216.13043245	    754.27592880	   2289.43871018	   1221.00788099
      1.81100000	    266.27255121	    408.94928163	   1092.71018910	    602.16256845	    248.48285948	    265.56412931	    126.79994326	   1011.01129588	    341.29714201	    459.44944176	    188.66312546	    407.99901509	    661.51560788	   1309.99649309	   1336.28853440	   1043.90694844	    481.16777967	    128.81896717	    400.61425178	    364.83905171	     44.00502260	    114.78455865	    225.60213402	    487.89865322	     74.65908330	    390.51274740	    148.45020495	    558.78373524	    148.72619204	    262.34527950	    968.97228644	    108.31212194	   1009.67871397	    269.92547521	   2576.69293159	    177.86857885	    525.42587373	    730.59304491	    216.44471795	    758.71836695	   2303.71303321	   1227.80128182	    264.11331040	    404.33384369	   1078.74390878	    596.38657164	    247.27176029	    270.83929223	    129.26992542	   1011.01129588	    341.29714201	    465.13771767	    192.20301220	    415.45103327	    674.83069505	   1335.73739550	   1330.40842227	   1041.72203637	    479.32508364	    127.85061348	    399.28774956	    364.83905171	     43.78501744	    113.72206131	    230.34600932	    497.70927431	     76.46885497	    390.00874684	    150.10042849	    557.95564838	    148.40925371	    262.34527950	    961.46209723	    107.86696280	    999.36476549	    268.14513516	   2636.08127134	    176.58252058	    536.80909903	    746.82348553	    216.13043245	    754.27592880	   2289.43871018	   1221.00788099
      1.82150000	    266.27255121	    408.94928163	   1092.71018910	    602.16256845	    248.48285948	    265.56412931	    126.79994326	   1011.01129588	    341.29714201	    459.44944176	    188.66312546	    407.99901509	    661.51560788	   1309.99649309	   1336.28853440	   1043.90694844	    481.16777967	    128.81896717	    400.61425178	    364.83905171	     44.00502260	    114.78455865	    225.60213402	    487.89865322	     74.65908330	    390.51274740	    148.45020495	    558.78373524	    148.72619204	    262.34527950	    968.97228644	    108.31212194	   1009.67871397	    269.92547521	   2576.69293159	    177.86857885	    525.42587373	    730.59304491	    216.44471795	    758.71836695	   2303.71303321	   1227.80128182	    264.11331040	    404.33384369	   1078.74390878	    596.38657164	    247.27176029	    270.83929223	    129.26992542	   1011.01129588	    341.29714201	    465.13771767	    192.20301220	    415.45103327	    674.83069505	   1335.73739550	   1330.40842227	   1041.72203637	    479.32508364	    127.85061348	    399.28774956	    364.83905171	     43.78501744	    113.72206131	    230.34600932	    497.70927431	     76.46885497	    390.00874684	    150.10042849	    557.95564838	    148.40925371	    262.34527950	    961.46209723	    107.86696280	    999.36476549	    268.14513516	   2636.08127134	    176.58252058	    536.80909903	    746.82348553	    216.13043245	    754.27592880	   2289.43871018	   1221.00788099
      1.83200000	    266.27255121	    408.94928163	   1092.71018910	    602.16256845	    248.48285948	    265.56412931	    126.79994326	   1011.01129588	    341.29714201	    459.44944176	    188.66312546	    407.99901509	    661.51560788	   1309.99649309	   1336.28853440	   1043.90694844	    481.16777967	    128.81896717	    400.61425178	    364.83905171	     44.00502260	    114.78455865	    225.60213402	    487.89865322	     74.65908330	    390.51274740	    148.45020495	    558.78373524	    148.72619204	    262.34527950	    968.97228644	    108.31212194	   1009.67871397	    269.92547521	   2576.69293159	    177.86857885	    525.42587373	    730.59304491	    216.44471795	    758.71836695	   2303.71303321	   1227.80128182	    264.11331040	    404.33384369	   1078.74390878	    596.38657164	    247.27176029	    270.83929223	    129.26992542	   1011.01129588	    341.29714201	    465.13771767	    192.20301220	    415.45103327	    674.83069505	   1335.73739550	   1330.40842227	   1041.72203637	    479.32508364	    127.85061348	    399.28774956	    364.83905171	     43.78501744	    113.72206131	    230.34600932	    497.70927431	     76.46885497	    390.00874684	    150.10042849	    557.95564838	    148.40925371	    262.34527950	    961.46209723	    107.86696280	    999.36476549	    268.14513516	   2636.08127134	    176.58252058	    536.80909903	    746.82348553	    216.13043245	    754.27592880	   2289.43871018	   1221.00788099
      1.84250000	    266.27255121	    408.94928163	   1092.71018910	    602.16256845	    248.48285948	    265.56412931	    126.79994326	   1011.01129588	    341.29714201	    459.44944176	    188.66312546	    407.99901509	    661.51560788	   1309.99649309	   1336.28853440	   1043.90694844	    481.16777967	    128.81896717	    400.61425178	    364.83905171	     44.00502260	    114.78455865	    225.60213402	    487.89865322	     74.65908330	    390.51274740	    148.45020495	    558.78373524	    148.72619204	    262.34527950	    968.97228644	    108.31212194	   1009.67871397	    269.92547521	   2576.69293159	    177.86857885	    525.42587373	    730.59304491	    216.44471795	    758.71836695	   2303.71303321	   1227.80128182	    264.11331040	    404.33384369	   1078.74390878	    596.38657164	    247.27176029	    270.83929223	    129.26992542	   1011.01129588	    341.29714201	    465.13771767	    192.20301220	    415.45103327	    674.83069505	   1335.73739550	   1330.40842227	   1041.72203637	    479.32508364	    127.85061348	    399.28774956	    364.83905171	     43.78501744	    113.72206131	    230.34600932	    497.70927431	     76.46885497	    390.00874684	    150.10042849	    557.95564838	    148.40925371	    262.34527950	    961.46209723	    107.86696280	    999.36476549	    268.14513516	   2636.08127134	    176.58252058	    536.80909903	    746.82348553	    216.13043245	    754.27592880	   2289.43871018	   1221.00788099
      1.85300000	    266.27255121	    408.94928163	   1092.71018910	    602.16256845	    248.48285948	    265.56412931	    126.79994326	   1011.01129588	    341.29714201	    459.44944176	    188.66312546	    407.99901509	    661.51560788	   1309.99649309	   1336.28853440	   1043.90694844	    481.16777967	    128.81896717	    400.61425178	    364.83905171	     44.00502260	    114.78455865	    225.60213402	    487.89865322	     74.65908330	    390.51274740	    148.45020495	    558.78373524	    148.72619204	    262.34527950	    968.97228644	    108.31212194	   1009.67871397	    269.92547521	   2576.69293159	    177.86857885	    525.42587373	    730.59304491	    216.44471795	    758.71836695	   2303.71303321	   1227.80128182	    264.11331040	    404.33384369	   1078.74390878	    596.38657164	    247.27176029	    270.83929223	    129.26992542	   1011.01129588	    341.29714201	    465.13771767	    192.20301220	    415.45103327	    674.83069505	   1335.73739550	   1330.40842227	   1041.72203637	    479.32508364	    127.85061348	    399.28774956	    364.83905171	     43.78501744	    113.72206131	    230.34600932	    497.70927431	     76.46885497	    390.00874684	    150.10042849	    557.95564838	    148.40925371	    262.34527950	    961.46209723	    107.86696280	    999.36476549	    268.14513516	   2636.08127134	    176.58252058	    536.80909903	    746.82348553	    216.13043245	    754.27592880	   2289.43871018	   1221.00788099
      1.86350000	    266.27255121	    408.94928163	   1092.71018910	    602.16256845	    248.48285948	    265.56412931	    126.79994326	   1011.01129588	    341.29714201	    459.44944176	    188.66312546	    407.99901509	    661.51560788	   1309.99649309	   1336.28853440	   1043.90694844	    481.16777967	    128.81896717	    400.61425178	    364.83905171	     44.00502260	    114.78455865	    225.60213402	    487.89865322	     74.65908330	    390.51274740	    148.45020495	    558.78373524	    148.72619204	    262.34527950	    968.97228644	    108.31212194	   1009.67871397	    269.92547521	   2576.69293159	    177.86857885	    525.42587373	    730.59304491	    216.44471795	    758.71836695	   2303.71303321	   1227.80128182	    264.11331040	    404.33384369	   1078.74390878	    596.38657164	    247.27176029	    270.83929223	    129.26992542	   1011.01129588	    341.29714201	    465.13771767	    192.20301220	    415.45103327	    674.83069505	   1335.73739550	   1330.40842227	   1041.72203637	    479.32508364	    127.85061348	    399.28774956	    364.83905171	     43.78501744	    113.72206131	    230.34600932	    497.70927431	     76.46885497	    390.00874684	    150.10042849	    557.95564838	    148.40925371	    262.34527950	    961.46209723	    107.86696280	    999.36476549	    268.14513516	   2636.08127134	    176.58252058	    536.80909903	    746.82348553	    216.13043245	    754.27592880	   2289.43871018	   1221.00788099
      1.87400000	    266.27255121	    408.94928163	   1092.71018910	    602.16256845	    248.48285948	    265.56412931	    126.79994326	   1011.01129588	    341.29714201	    459.44944176	    188.66312546	    407.99901509	    661.51560788	   1309.99649309	   1336.28853440	   1043.90694844	    481.16777967	    128.81896717	    400.61425178	    364.83905171	     44.00502260	    114.78455865	    225.60213402	    487.89865322	     74.65908330	    390.51274740	    148.45020495	    558.78373524	    148.72619204	    262.34527950	    968.97228644	    108.31212194	   1009.67871397	    269.92547521	   2576.69293159	    177.86857885	    525.42587373	    730.59304491	    216.44471795	    758.71836695	   2303.71303321	   1227.80128182	    264.11331040	    404.33384369	   1078.74390878	    596.38657164	    247.27176029	    270.83929223	    129.26992542	   1011.01129588	    341.29714201	    465.13771767	    192.20301220	    415.45103327	    674.83069505	   1335.73739550	   1330.40842227	   1041.72203637	    479.32508364	    127.85061348	    399.28774956	    364.83905171	     43.78501744	    113.72206131	    230.34600932	    497.70927431	     76.46885497	    390.00874684	    150.10042849	    557.95564838	    148.40925371	    262.34527950	    961.46209723	    107.86696280	    999.36476549	    268.14513516	   2636.08127134	    176.58252058	    536.80909903	    746.82348553	    216.13043245	    754.27592880	   2289.43871018	   1221.00788099
      1.88450000	    266.27255121	    408.94928163	   1092.71018910	    602.16256845	    248.48285948	    265.56412931	    126.79994326	   1011.01129588	    341.29714201	    459.44944176	    188.66312546	    407.99901509	    661.51560788	   1309.99649309	   1336.28853440	   1043.90694844	    481.16777967	    128.81896717	    400.61425178	    364.83905171	     44.00502260	    114.78455865	    225.60213402	    487.89865322	     74.65908330	    390.51274740	    148.45020495	    558.78373524	    148.72619204	    262.34527950	    968.97228644	    108.31212194	   1009.67871397	    269.92547521	   2576.69293159	    177.86857885	    525.42587373	    730.59304491	    216.44471795	    758.71836695	   2303.71303321	   1227.80128182	    264.11331040	    404.33384369	   1078.74390878	    596.38657164	    247.27176029	    270.83929223	    129.26992542	   1011.01129588	    341.29714201	    465.13771767	    192.20301220	    415.45103327	    674.83069505	   1335.73739550	   1330.40842227	   1041.72203637	    479.32508364	    127.85061348	    399.28774956	    364.83905171	     43.78501744	    113.72206131	    230.34600932	    497.70927431	     76.46885497	    390.00874684	    150.10042849	    557.95564838	    148.40925371	    262.34527950	    961.46209723	    107.86696280	    999.36476549	    268.14513516	   2636.08127134	    176.58252058	    536.80909903	    746.82348553	    216.13043245	    754.27592880	   2289.43871018	   1221.00788099
      1.89500000	    266.27255121	    408.94928163	   1092.71018910	    602.16256845	    248.48285948	    265.56412931	    126.79994326	   1011.01129588	    341.29714201	    459.44944176	    188.66312546	    407.99901509	    661.51560788	   1309.99649309	   1336.28853440	   1043.90694844	    481.16777967	    128.81896717	    400.61425178	    364.83905171	     44.00502260	    114.78455865	    225.60213402	    487.89865322	     74.65908330	    390.51274740	    148.45020495	    558.78373524	    148.72619204	    262.34527950	    968.97228644	    108.31212194	   1009.67871397	    269.92547521	   2576.69293159	    177.86857885	    525.42587373	    730.59304491	    216.44471795	    758.71836695	   2303.71303321	   1227.80128182	    264.11331040	    404.33384369	   1078.74390878	    596.38657164	    247.27176029	    270.83929223	    129.26992542	   1011.01129588	    341.29714201	    465.13771767	    192.20301220	    415.45103327	    674.83069505	   1335.73739550	   1330.40842227	   1041.72203637	    479.32508364	    127.85061348	    399.28774956	    364.83905171	     43.78501744	    113.72206131	    230.34600932	    497.70927431	     76.46885497	    390.00874684	    150.10042849	    557.95564838	    148.40925371	    262.34527950	    961.46209723	    107.86696280	    999.36476549	    268.14513516	   2636.08127134	    176.58252058	    536.80909903	    746.82348553	    216.13043245	    754.27592880	   2289.43871018	   1221.00788099
      1.90550000	    266.27255121	    408.94928163	   1092.71018910	    602.16256845	    248.48285948	    265.56412931	    126.79994326	   1011.01129588	    341.29714201	    459.44944176	    188.66312546	    407.99901509	    661.51560788	   1309.99649309	   1336.28853440	   1043.90694844	    481.16777967	    128.81896717	    400.61425178	    364.83905171	     44.00502260	    114.78455865	    225.60213402	    487.89865322	     74.65908330	    390.51274740	    148.45020495	    558.78373524	    148.72619204	    262.34527950	    968.97228644	    108.31212194	   1009.67871397	    269.92547521	   2576.69293159	    177.86857885	    525.42587373	    730.59304491	    216.44471795	    758.71836695	   2303.71303321	   1227.80128182	    264.11331040	    404.33384369	   1078.74390878	    596.38657164	    247.27176029	    270.83929223	    129.26992542	   1011.01129588	    341.29714201	    465.13771767	    192.20301220	    415.45103327	    674.83069505	   1335.73739550	   1330.40842227	   1041.72203637	    479.32508364	    127.85061348	    399.28774956	    364.83905171	     43.78501744	    113.72206131	    230.34600932	    497.70927431	     76.46885497	    390.00874684	    150.10042849	    557.95564838	    148.40925371	    262.34527950	    961.46209723	    107.86696280	    999.36476549	    268.14513516	   2636.08127134	    176.58252058	    536.80909903	    746.82348553	    216.13043245	    754.27592880	   2289.43871018	   1221.00788099
      1.91600000	    266.27255121	    408.94928163	   1092.71018910	    602.16256845	    248.48285948	    265.56412931	    126.79994326	   1011.01129588	    341.29714201	    459.44944176	    188.66312546	    407.99901509	    661.51560788	   1309.99649309	   1336.28853440	   1043.90694844	    481.16777967	    128.81896717	    400.61425178	    364.83905171	     44.00502260	    114.78455865	    225.60213402	    487.89865322	     74.65908330	    390.51274740	    148.45020495	    558.78373524	    148.72619204	    262.34527950	    968.97228644	    108.31212194	   1009.67871397	    269.92547521	   2576.69293159	    177.86857885	    525.42587373	    730.59304491	    216.44471795	    758.71836695	   2303.71303321	   1227.80128182	    264.11331040	    404.33384369	   1078.74390878	    596.38657164	    247.27176029	    270.83929223	    129.26992542	   1011.01129588	    341.29714201	    465.13771767	    192.20301220	    415.45103327	    674.83069505	   1335.73739550	   1330.40842227	   1041.72203637	    479.32508364	    127.85061348	    399.28774956	    364.83905171	     43.78501744	    113.72206131	    230.34600932	    497.70927431	     76.46885497	    390.00874684	    150.10042849	    557.95564838	    148.40925371	    262.34527950	    961.46209723	    107.86696280	    999.36476549	    268.14513516	   2636.08127134	    176.58252058	    536.80909903	    746.82348553	    216.13043245	    754.27592880	   2289.43871018	   1221.00788099
      1.92650000	    266.27255121	    408.94928163	   1092.71018910	    602.16256845	    248.48285948	    265.56412931	    126.79994326	   1011.01129588	    341.29714201	    459.44944176	    188.66312546	    407.99901509	    661.51560788	   1309.99649309	   1336.28853440	   1043.90694844	    481.16777967	    128.81896717	    400.61425178	    364.83905171	     44.00502260	    114.78455865	    225.60213402	    487.89865322	     74.65908330	    390.51274740	    148.45020495	    558.78373524	    148.72619204	    262.34527950	    968.97228644	    108.31212194	   1009.67871397	    269.92547521	   2576.69293159	    177.86857885	    525.42587373	    730.59304491	    216.44471795	    758.71836695	   2303.71303321	   1227.80128182	    264.11331040	    404.33384369	   1078.74390878	    596.38657164	    247.27176029	    270.83929223	    129.26992542	   1011.01129588	    341.29714201	    465.13771767	    192.20301220	    415.45103327	    674.83069505	   1335.73739550	   1330.40842227	   1041.72203637	    479.32508364	    127.85061348	    399.28774956	    364.83905171	     43.78501744	    113.72206131	    230.34600932	    497.70927431	     76.46885497	    390.00874684	    150.10042849	    557.95564838	    148.40925371	    262.34527950	    961.46209723	    107.86696280	    999.36476549	    268.14513516	   2636.08127134	    176.58252058	    536.80909903	    746.82348553	    216.13043245	    754.27592880	   2289.43871018	   1221.00788099
      1.93700000	    266.27255121	    408.94928163	   1092.71018910	    602.16256845	    248.48285948	    265.56412931	    126.79994326	   1011.01129588	    341.29714201	    459.44944176	    188.66312546	    407.99901509	    661.51560788	   1309.99649309	   1336.28853440	   1043.90694844	    481.16777967	    128.81896717	    400.61425178	    364.83905171	     44.00502260	    114.78455865	    225.60213402	    487.89865322	     74.65908330	    390.51274740	    148.45020495	    558.78373524	    148.72619204	    262.34527950	    968.97228644	    108.31212194	   1009.67871397	    269.92547521	   2576.69293159	    177.86857885	    525.42587373	    730.59304491	    216.44471795	    758.71836695	   2303.71303321	   1227.80128182	    264.11331040	    404.33384369	   1078.74390878	    596.38657164	    247.27176029	    270.83929223	    129.26992542	   1011.01129588	    341.29714201	    465.13771767	    192.20301220	    415.45103327	    674.83069505	   1335.73739550	   1330.40842227	   1041.72203637	    479.32508364	    127.85061348	    399.28774956	    364.83905171	     43.78501744	    113.72206131	    230.34600932	    497.70927431	     76.46885497	    390.00874684	    150.10042849	    557.95564838	    148.40925371	    262.34527950	    961.46209723	    107.86696280	    999.36476549	    268.14513516	   2636.08127134	    176.58252058	    536.80909903	    746.82348553	    216.13043245	    754.27592880	   2289.43871018	   1221.00788099
      1.94750000	    266.27255121	    408.94928163	   1092.71018910	    602.16256845	    248.48285948	    265.56412931	    126.79994326	   1011.01129588	    341.29714201	    459.44944176	    188.66312546	    407.99901509	    661.51560788	   1309.99649309	   1336.28853440	   1043.90694844	    481.16777967	    128.81896717	    400.61425178	    364.83905171	     44.00502260	    114.78455865	    225.60213402	    487.89865322	     74.65908330	    390.51274740	    148.45020495	    558.78373524	    148.72619204	    262.34527950	    968.97228644	    108.31212194	   1009.67871397	    269.92547521	   2576.69293159	    177.86857885	    525.42587373	    730.59304491	    216.44471795	    758.71836695	   2303.71303321	   1227.80128182	    264.11331040	    404.33384369	   1078.74390878	    596.38657164	    247.27176029	    270.83929223	    129.26992542	   1011.01129588	    341.29714201	    465.13771767	    192.20301220	    415.45103327	    674.83069505	   1335.73739550	   1330.40842227	   1041.72203637	    479.32508364	    127.85061348	    399.28774956	    364.83905171	     43.78501744	    113.72206131	    230.34600932	    497.70927431	     76.46885497	    390.00874684	    150.10042849	    557.95564838	    148.40925371	    262.34527950	    961.46209723	    107.86696280	    999.36476549	    268.14513516	   2636.08127134	    176.58252058	    536.80909903	    746.82348553	    216.13043245	    754.27592880	   2289.43871018	   1221.00788099
      1.95800000	    266.27255121	    408.94928163	   1092.71018910	    602.16256845	    248.48285948	    265.56412931	    126.79994326	   1011.01129588	    341.29714201	    459.44944176	    188.66312546	    407.99901509	    661.51560788	   1309.99649309	   1336.28853440	   1043.90694844	    481.16777967	    128.81896717	    400.61425178	    364.83905171	     44.00502260	    114.78455865	    225.60213402	    487.89865322	     74.65908330	    390.51274740	    148.45020495	    558.78373524	    148.72619204	    262.34527950	    968.97228644	    108.31212194	   1009.67871397	    269.92547521	   2576.69293159	    177.86857885	    525.42587373	    730.59304491	    216.44471795	    758.71836695	   2303.71303321	   1227.80128182	    264.11331040	    404.33384369	   1078.74390878	    596.38657164	    247.27176029	    270.83929223	    129.26992542	   1011.01129588	    341.29714201	    465.13771767	    192.20301220	    415.45103327	    674.83069505	   1335.73739550	   1330.40842227	   1041.72203637	    479.32508364	    127.85061348	    399.28774956	    364.83905171	     43.78501744	    113.72206131	    230.34600932	    497.70927431	     76.46885497	    390.00874684	    150.10042849	    557.95564838	    148.40925371	    262.34527950	    961.46209723	    107.86696280	    999.36476549	    268.14513516	   2636.08127134	    176.58252058	    536.80909903	    746.82348553	    216.13043245	    754.27592880	   2289.43871018	   1221.00788099
      1.96850000	    266.27255121	    408.94928163	   1092.71018910	    602.16256845	    248.48285948	    265.56412931	    126.79994326	   1011.01129588	    341.29714201	    459.44944176	    188.66312546	    407.99901509	    661.51560788	   1309.99649309	   1336.28853440	   1043.90694844	    481.16777967	    128.81896717	    400.61425178	    364.83905171	     44.00502260	    114.78455865	    225.60213402	    487.89865322	     74.65908330	    390.51274740	    148.45020495	    558.78373524	    148.72619204	    262.34527950	    968.97228644	    108.31212194	   1009.67871397	    269.92547521	   2576.69293159	    177.86857885	    525.42587373	    730.59304491	    216.44471795	    758.71836695	   2303.71303321	   1227.80128182	    264.11331040	    404.33384369	   1078.74390878	    596.38657164	    247.27176029	    270.83929223	    129.26992542	   1011.01129588	    341.29714201	    465.13771767	    192.20301220	    415.45103327	    674.83069505	   1335.73739550	   1330.40842227	   1041.72203637	    479.32508364	    127.85061348	    399.28774956	    364.83905171	     43.78501744	    113.72206131	    230.34600932	    497.70927431	     76.46885497	    390.00874684	    150.10042849	    557.95564838	    148.40925371	    262.34527950	    961.46209723	    107.86696280	    999.36476549	    268.14513516	   2636.08127134	    176.58252058	    536.80909903	    746.82348553	    216.13043245	    754.27592880	   2289.43871018	   1221.00788099
      1.97900000	    266.27255121	    408.94928163	   1092.71018910	    602.16256845	    248.48285948	    265.56412931	    126.79994326	   1011.01129588	    341.29714201	    459.44944176	    188.66312546	    407.99901509	    661.51560788	   1309.99649309	   1336.28853440	   1043.90694844	    481.16777967	    128.81896717	    400.61425178	    364.83905171	     44.00502260	    114.78455865	    225.60213402	    487.89865322	     74.65908330	    390.51274740	    148.45020495	    558.78373524	    148.72619204	    262.34527950	    968.97228644	    108.31212194	   1009.67871397	    269.92547521	   2576.69293159	    177.86857885	    525.42587373	    730.59304491	    216.44471795	    758.71836695	   2303.71303321	   1227.80128182	    264.11331040	    404.33384369	   1078.74390878	    596.38657164	    247.27176029	    270.83929223	    129.26992542	   1011.01129588	    341.29714201	    465.13771767	    192.20301220	    415.45103327	    674.83069505	   1335.73739550	   1330.40842227	   1041.72203637	    479.32508364	    127.85061348	    399.28774956	    364.83905171	     43.78501744	    113.72206131	    230.34600932	    497.70927431	     76.46885497	    390.00874684	    150.10042849	    557.95564838	    148.40925371	    262.34527950	    961.46209723	    107.86696280	    999.36476549	    268.14513516	   2636.08127134	    176.58252058	    536.80909903	    746.82348553	    216.13043245	    754.27592880	   2289.43871018	   1221.00788099
      1.98950000	    266.27255121	    408.94928163	   1092.71018910	    602.16256845	    248.48285948	    265.56412931	    126.79994326	   1011.01129588	    341.29714201	    459.44944176	    188.66312546	    407.99901509	    661.51560788	   1309.99649309	   1336.28853440	   1043.90694844	    481.16777967	    128.81896717	    400.61425178	    364.83905171	     44.00502260	    114.78455865	    225.60213402	    487.89865322	     74.65908330	    390.51274740	    148.45020495	    558.78373524	    148.72619204	    262.34527950	    968.97228644	    108.31212194	   1009.67871397	    269.92547521	   2576.69293159	    177.86857885	    525.42587373	    730.59304491	    216.44471795	    758.71836695	   2303.71303321	   1227.80128182	    264.11331040	    404.33384369	   1078.74390878	    596.38657164	    247.27176029	    270.83929223	    129.26992542	   1011.01129588	    341.29714201	    465.13771767	    192.20301220	    415.45103327	    674.83069505	   1335.73739550	   1330.40842227	   1041.72203637	    479.32508364	    127.85061348	    399.28774956	    364.83905171	     43.78501744	    113.72206131	    230.34600932	    497.70927431	     76.46885497	    390.00874684	    150.10042849	    557.95564838	    148.40925371	    262.34527950	    961.46209723	    107.86696280	    999.36476549	    268.14513516	   2636.08127134	    176.58252058	    536.80909903	    746.82348553	    216.13043245	    754.27592880	   2289.43871018	   1221.00788099
      2.00000000	    266.27255121	    408.94928163	   1092.71018910	    602.16256845	    248.48285948	    265.56412931	    126.79994326	   1011.01129588	    341.29714201	    459.44944176	    188.66312546	    407.99901509	    661.51560788	   1309.99649309	   1336.28853440	   1043.90694844	    481.16777967	    128.81896717	    400.61425178	    364.83905171	     44.00502260	    114.78455865	    225.60213402	    487.89865322	     74.65908330	    390.51274740	    148.45020495	    558.78373524	    148.72619204	    262.34527950	    968.97228644	    108.31212194	   1009.67871397	    269.92547521	   2576.69293159	    177.86857885	    525.42587373	    730.59304491	    216.44471795	    758.71836695	   2303.71303321	   1227.80128182	    264.11331040	    404.33384369	   1078.74390878	    596.38657164	    247.27176029	    270.83929223	    129.26992542	   1011.01129588	    341.29714201	    465.13771767	    192.20301220	    415.45103327	    674.83069505	   1335.73739550	   1330.40842227	   1041.72203637	    479.32508364	    127.85061348	    399.28774956	    364.83905171	     43.78501744	    113.72206131	    230.34600932	    497.70927431	     76.46885497	    390.00874684	    150.10042849	    557.95564838	    148.40925371	    262.34527950	    961.46209723	    107.86696280	    999.36476549	    268.14513516	   2636.08127134	    176.58252058	    536.80909903	    746.82348553	    216.13043245	    754.27592880	   2289.43871018	   1221.00788099
