MomentArm_hip_rotation_l
version=1
nRows=100
nColumns=85
inDegrees=no

This analysis gathers basic information about muscles during a simulation (e.g., forces, tendon lengths, moment arms, etc).
Units are S.I. units (second, meters, Newtons, ...)
If the header above contains a line with 'inDegrees', this indicates whether rotational values are in degrees (yes) or radians (no).

endheader
time	addbrev_r	addlong_r	addmagMid_r	bflh_r	bfsh_r	edl_r	ehl_r	ercspn_r	extobl_r	fdb_r	fdl_r	fhl_r	gaslat_r	gasmed_r	glmax2_r	glmed2_r	glmin2_r	grac_r	iliacus_r	intobl_r	obtext_r	pect_r	perbrev_r	perlong_r	pertert_r	piri_r	popli_r	psoas_r	quadfem_r	recabd_r	recfem_r	sart_r	semimem_r	semiten_r	soleus_r	tfl_r	tibant_r	tibpost_r	tricox_r	vasint_r	vaslat_r	vasmed_r	addbrev_l	addlong_l	addmagMid_l	bflh_l	bfsh_l	edl_l	ehl_l	ercspn_l	extobl_l	fdb_l	fdl_l	fhl_l	gaslat_l	gasmed_l	glmax2_l	glmed2_l	glmin2_l	grac_l	iliacus_l	intobl_l	obtext_l	pect_l	perbrev_l	perlong_l	pertert_l	piri_l	popli_l	psoas_l	quadfem_l	recabd_l	recfem_l	sart_l	semimem_l	semiten_l	soleus_l	tfl_l	tibant_l	tibpost_l	tricox_l	vasint_l	vaslat_l	vasmed_l
      0.96050000	      0.00000000	      0.00000000	      0.00000000	      0.00000000	      0.00000000	      0.00000000	      0.00000000	      0.00000000	      0.00000000	      0.00000000	      0.00000000	      0.00000000	      0.00000000	      0.00000000	      0.00000000	      0.00000000	      0.00000000	      0.00000000	      0.00000000	      0.00000000	      0.00000000	      0.00000000	      0.00000000	      0.00000000	      0.00000000	      0.00000000	      0.00000000	      0.00000000	      0.00000000	      0.00000000	      0.00000000	      0.00000000	      0.00000000	      0.00000000	      0.00000000	      0.00000000	      0.00000000	      0.00000000	      0.00000000	      0.00000000	      0.00000000	      0.00000000	      0.00334205	      0.00594564	     -0.00410975	     -0.00524693	      0.00000000	     -0.00000000	     -0.00000000	      0.00000000	      0.00000000	     -0.00000000	     -0.00000000	     -0.00000000	      0.00000000	     -0.00000000	     -0.01193302	      0.00574540	      0.01793744	     -0.00195586	      0.00851781	      0.00000000	     -0.03917313	     -0.00156246	      0.00000000	     -0.00000000	     -0.00000000	     -0.01229454	      0.00000000	      0.00173195	     -0.04423313	      0.00000000	     -0.00131852	     -0.00693764	      0.00210541	      0.00223752	     -0.00000000	      0.01848974	      0.00000000	     -0.00000000	     -0.03520158	     -0.00000000	     -0.00000000	      0.00000000
      0.97100000	      0.00000000	      0.00000000	      0.00000000	      0.00000000	      0.00000000	      0.00000000	      0.00000000	      0.00000000	      0.00000000	      0.00000000	      0.00000000	      0.00000000	      0.00000000	      0.00000000	      0.00000000	      0.00000000	      0.00000000	      0.00000000	      0.00000000	      0.00000000	      0.00000000	      0.00000000	      0.00000000	      0.00000000	      0.00000000	      0.00000000	      0.00000000	      0.00000000	      0.00000000	      0.00000000	      0.00000000	      0.00000000	      0.00000000	      0.00000000	      0.00000000	      0.00000000	      0.00000000	      0.00000000	      0.00000000	      0.00000000	      0.00000000	      0.00000000	      0.00338330	      0.00595587	     -0.00406639	     -0.00524583	      0.00000000	     -0.00000000	      0.00000000	      0.00000000	      0.00000000	      0.00000000	      0.00000000	      0.00000000	      0.00000000	      0.00000000	     -0.01203530	      0.00551891	      0.01772808	     -0.00199042	      0.00849576	      0.00000000	     -0.03914388	     -0.00155214	     -0.00000000	      0.00000000	      0.00000000	     -0.01247936	      0.00000000	      0.00175444	     -0.04432269	      0.00000000	     -0.00131044	     -0.00690866	      0.00210660	      0.00223559	      0.00000000	      0.01834074	     -0.00000000	      0.00000000	     -0.03530156	      0.00000000	     -0.00000000	     -0.00000000
      0.98150000	      0.00000000	      0.00000000	      0.00000000	      0.00000000	      0.00000000	      0.00000000	      0.00000000	      0.00000000	      0.00000000	      0.00000000	      0.00000000	      0.00000000	      0.00000000	      0.00000000	      0.00000000	      0.00000000	      0.00000000	      0.00000000	      0.00000000	      0.00000000	      0.00000000	      0.00000000	      0.00000000	      0.00000000	      0.00000000	      0.00000000	      0.00000000	      0.00000000	      0.00000000	      0.00000000	      0.00000000	      0.00000000	      0.00000000	      0.00000000	      0.00000000	      0.00000000	      0.00000000	      0.00000000	      0.00000000	      0.00000000	      0.00000000	      0.00000000	      0.00345322	      0.00597215	     -0.00399940	     -0.00524687	     -0.00000000	     -0.00000000	     -0.00000000	      0.00000000	      0.00000000	     -0.00000000	     -0.00000000	     -0.00000000	     -0.00000000	     -0.00000000	     -0.01221088	      0.00518740	      0.01741732	     -0.00204091	      0.00846644	      0.00000000	     -0.03909049	     -0.00153026	      0.00000000	      0.00000000	     -0.00000000	     -0.01275258	     -0.00000000	      0.00179958	     -0.04445151	      0.00000000	     -0.00130066	     -0.00686523	      0.00210519	      0.00222889	     -0.00000000	      0.01812164	     -0.00000000	     -0.00000000	     -0.03543576	     -0.00000000	      0.00000000	     -0.00000000
      0.99200000	      0.00000000	      0.00000000	      0.00000000	      0.00000000	      0.00000000	      0.00000000	      0.00000000	      0.00000000	      0.00000000	      0.00000000	      0.00000000	      0.00000000	      0.00000000	      0.00000000	      0.00000000	      0.00000000	      0.00000000	      0.00000000	      0.00000000	      0.00000000	      0.00000000	      0.00000000	      0.00000000	      0.00000000	      0.00000000	      0.00000000	      0.00000000	      0.00000000	      0.00000000	      0.00000000	      0.00000000	      0.00000000	      0.00000000	      0.00000000	      0.00000000	      0.00000000	      0.00000000	      0.00000000	      0.00000000	      0.00000000	      0.00000000	      0.00000000	      0.00355121	      0.00599436	     -0.00390691	     -0.00525069	      0.00000000	      0.00000000	      0.00000000	      0.00000000	      0.00000000	      0.00000000	      0.00000000	      0.00000000	      0.00000000	      0.00000000	     -0.01245209	      0.00476905	      0.01701813	     -0.00210644	      0.00843090	      0.00000000	     -0.03900715	     -0.00149573	     -0.00000000	      0.00000000	     -0.00000000	     -0.01310609	      0.00000000	      0.00186200	     -0.04461129	      0.00000000	     -0.00129161	     -0.00680785	      0.00209982	      0.00221572	      0.00000000	      0.01783265	      0.00000000	      0.00000000	     -0.03559649	     -0.00000000	      0.00000000	      0.00000000
      1.00250000	      0.00000000	      0.00000000	      0.00000000	      0.00000000	      0.00000000	      0.00000000	      0.00000000	      0.00000000	      0.00000000	      0.00000000	      0.00000000	      0.00000000	      0.00000000	      0.00000000	      0.00000000	      0.00000000	      0.00000000	      0.00000000	      0.00000000	      0.00000000	      0.00000000	      0.00000000	      0.00000000	      0.00000000	      0.00000000	      0.00000000	      0.00000000	      0.00000000	      0.00000000	      0.00000000	      0.00000000	      0.00000000	      0.00000000	      0.00000000	      0.00000000	      0.00000000	      0.00000000	      0.00000000	      0.00000000	      0.00000000	      0.00000000	      0.00000000	      0.00367509	      0.00602179	     -0.00379008	     -0.00525728	     -0.00000000	      0.00000000	      0.00000000	      0.00000000	      0.00000000	      0.00000000	      0.00000000	     -0.00000000	      0.00000000	      0.00000000	     -0.01275108	      0.00428694	      0.01654948	     -0.00218245	      0.00839112	      0.00000000	     -0.03889077	     -0.00144811	     -0.00000000	      0.00000000	     -0.00000000	     -0.01352385	      0.00000000	      0.00193831	     -0.04479058	      0.00000000	     -0.00128510	     -0.00673849	      0.00208969	      0.00219555	      0.00000000	      0.01748354	      0.00000000	      0.00000000	     -0.03577163	      0.00000000	      0.00000000	     -0.00000000
      1.01300000	      0.00000000	      0.00000000	      0.00000000	      0.00000000	      0.00000000	      0.00000000	      0.00000000	      0.00000000	      0.00000000	      0.00000000	      0.00000000	      0.00000000	      0.00000000	      0.00000000	      0.00000000	      0.00000000	      0.00000000	      0.00000000	      0.00000000	      0.00000000	      0.00000000	      0.00000000	      0.00000000	      0.00000000	      0.00000000	      0.00000000	      0.00000000	      0.00000000	      0.00000000	      0.00000000	      0.00000000	      0.00000000	      0.00000000	      0.00000000	      0.00000000	      0.00000000	      0.00000000	      0.00000000	      0.00000000	      0.00000000	      0.00000000	      0.00000000	      0.00381410	      0.00605225	     -0.00365335	     -0.00525963	     -0.00000000	     -0.00000000	      0.00000000	      0.00000000	      0.00000000	     -0.00000000	     -0.00000000	     -0.00000000	      0.00000000	     -0.00000000	     -0.01309099	      0.00371429	      0.01599728	     -0.00226361	      0.00834192	      0.00000000	     -0.03875129	     -0.00139665	     -0.00000000	      0.00000000	     -0.00000000	     -0.01400902	     -0.00000000	      0.00202036	     -0.04499298	      0.00000000	     -0.00127504	     -0.00665707	      0.00208087	      0.00217699	      0.00000000	      0.01707928	     -0.00000000	      0.00000000	     -0.03597568	     -0.00000000	     -0.00000000	     -0.00000000
      1.02350000	      0.00000000	      0.00000000	      0.00000000	      0.00000000	      0.00000000	      0.00000000	      0.00000000	      0.00000000	      0.00000000	      0.00000000	      0.00000000	      0.00000000	      0.00000000	      0.00000000	      0.00000000	      0.00000000	      0.00000000	      0.00000000	      0.00000000	      0.00000000	      0.00000000	      0.00000000	      0.00000000	      0.00000000	      0.00000000	      0.00000000	      0.00000000	      0.00000000	      0.00000000	      0.00000000	      0.00000000	      0.00000000	      0.00000000	      0.00000000	      0.00000000	      0.00000000	      0.00000000	      0.00000000	      0.00000000	      0.00000000	      0.00000000	      0.00000000	      0.00396030	      0.00608423	     -0.00349838	     -0.00525402	      0.00000000	      0.00000000	      0.00000000	      0.00000000	      0.00000000	      0.00000000	      0.00000000	      0.00000000	     -0.00000000	     -0.00000000	     -0.01345598	      0.00304047	      0.01535711	     -0.00234982	      0.00828014	      0.00000000	     -0.03859193	     -0.00134739	      0.00000000	     -0.00000000	     -0.00000000	     -0.01456171	      0.00000000	      0.00209971	     -0.04521728	      0.00000000	     -0.00125853	     -0.00656346	      0.00207631	      0.00216378	      0.00000000	      0.01662116	     -0.00000000	     -0.00000000	     -0.03621535	     -0.00000000	     -0.00000000	     -0.00000000
      1.03400000	      0.00000000	      0.00000000	      0.00000000	      0.00000000	      0.00000000	      0.00000000	      0.00000000	      0.00000000	      0.00000000	      0.00000000	      0.00000000	      0.00000000	      0.00000000	      0.00000000	      0.00000000	      0.00000000	      0.00000000	      0.00000000	      0.00000000	      0.00000000	      0.00000000	      0.00000000	      0.00000000	      0.00000000	      0.00000000	      0.00000000	      0.00000000	      0.00000000	      0.00000000	      0.00000000	      0.00000000	      0.00000000	      0.00000000	      0.00000000	      0.00000000	      0.00000000	      0.00000000	      0.00000000	      0.00000000	      0.00000000	      0.00000000	      0.00000000	      0.00411579	      0.00611784	     -0.00332514	     -0.00524714	     -0.00000000	     -0.00000000	     -0.00000000	      0.00000000	      0.00000000	     -0.00000000	     -0.00000000	     -0.00000000	     -0.00000000	     -0.00000000	     -0.01383957	      0.00233373	      0.01467943	     -0.00244069	      0.00821376	      0.00000000	     -0.03840203	     -0.00129332	      0.00000000	     -0.00000000	     -0.00000000	     -0.01514752	      0.00000000	      0.00217535	     -0.04543870	      0.00000000	     -0.00124395	     -0.00646188	      0.00206927	      0.00214699	     -0.00000000	      0.01612442	      0.00000000	     -0.00000000	     -0.03645736	      0.00000000	      0.00000000	     -0.00000000
      1.04450000	      0.00000000	      0.00000000	      0.00000000	      0.00000000	      0.00000000	      0.00000000	      0.00000000	      0.00000000	      0.00000000	      0.00000000	      0.00000000	      0.00000000	      0.00000000	      0.00000000	      0.00000000	      0.00000000	      0.00000000	      0.00000000	      0.00000000	      0.00000000	      0.00000000	      0.00000000	      0.00000000	      0.00000000	      0.00000000	      0.00000000	      0.00000000	      0.00000000	      0.00000000	      0.00000000	      0.00000000	      0.00000000	      0.00000000	      0.00000000	      0.00000000	      0.00000000	      0.00000000	      0.00000000	      0.00000000	      0.00000000	      0.00000000	      0.00000000	      0.00428363	      0.00615323	     -0.00313499	     -0.00524518	     -0.00000000	      0.00000000	      0.00000000	      0.00000000	      0.00000000	      0.00000000	      0.00000000	      0.00000000	      0.00000000	      0.00000000	     -0.01424073	      0.00165509	      0.01400932	     -0.00253323	      0.00815053	      0.00000000	     -0.03817517	     -0.00122743	     -0.00000000	      0.00000000	      0.00000000	     -0.01573479	     -0.00000000	      0.00224971	     -0.04563655	      0.00000000	     -0.00123864	     -0.00635666	      0.00205383	      0.00211918	      0.00000000	      0.01560545	      0.00000000	      0.00000000	     -0.03667218	      0.00000000	     -0.00000000	      0.00000000
      1.05500000	      0.00000000	      0.00000000	      0.00000000	      0.00000000	      0.00000000	      0.00000000	      0.00000000	      0.00000000	      0.00000000	      0.00000000	      0.00000000	      0.00000000	      0.00000000	      0.00000000	      0.00000000	      0.00000000	      0.00000000	      0.00000000	      0.00000000	      0.00000000	      0.00000000	      0.00000000	      0.00000000	      0.00000000	      0.00000000	      0.00000000	      0.00000000	      0.00000000	      0.00000000	      0.00000000	      0.00000000	      0.00000000	      0.00000000	      0.00000000	      0.00000000	      0.00000000	      0.00000000	      0.00000000	      0.00000000	      0.00000000	      0.00000000	      0.00000000	      0.00446594	      0.00619076	     -0.00292307	     -0.00524575	     -0.00000000	     -0.00000000	      0.00000000	      0.00000000	      0.00000000	     -0.00000000	     -0.00000000	      0.00000000	     -0.00000000	     -0.00000000	     -0.01467035	      0.00096943	      0.01331656	     -0.00262869	      0.00808641	      0.00000000	     -0.03790737	     -0.00115058	      0.00000000	     -0.00000000	     -0.00000000	     -0.01634570	     -0.00000000	      0.00232421	     -0.04581820	      0.00000000	     -0.00124012	     -0.00624408	      0.00203150	      0.00208229	     -0.00000000	      0.01504803	      0.00000000	     -0.00000000	     -0.03687206	     -0.00000000	     -0.00000000	     -0.00000000
      1.06550000	      0.00000000	      0.00000000	      0.00000000	      0.00000000	      0.00000000	      0.00000000	      0.00000000	      0.00000000	      0.00000000	      0.00000000	      0.00000000	      0.00000000	      0.00000000	      0.00000000	      0.00000000	      0.00000000	      0.00000000	      0.00000000	      0.00000000	      0.00000000	      0.00000000	      0.00000000	      0.00000000	      0.00000000	      0.00000000	      0.00000000	      0.00000000	      0.00000000	      0.00000000	      0.00000000	      0.00000000	      0.00000000	      0.00000000	      0.00000000	      0.00000000	      0.00000000	      0.00000000	      0.00000000	      0.00000000	      0.00000000	      0.00000000	      0.00000000	      0.00466003	      0.00622984	     -0.00268629	     -0.00524387	     -0.00000000	     -0.00000000	      0.00000000	      0.00000000	      0.00000000	      0.00000000	      0.00000000	      0.00000000	     -0.00000000	     -0.00000000	     -0.01513137	      0.00023247	      0.01256675	     -0.00272788	      0.00801556	      0.00000000	     -0.03759734	     -0.00106751	     -0.00000000	     -0.00000000	     -0.00000000	     -0.01700295	      0.00000000	      0.00239670	     -0.04599107	      0.00000000	     -0.00124375	     -0.00612033	      0.00200583	      0.00204097	      0.00000000	      0.01443795	     -0.00000000	      0.00000000	     -0.03707335	     -0.00000000	     -0.00000000	     -0.00000000
      1.07600000	      0.00000000	      0.00000000	      0.00000000	      0.00000000	      0.00000000	      0.00000000	      0.00000000	      0.00000000	      0.00000000	      0.00000000	      0.00000000	      0.00000000	      0.00000000	      0.00000000	      0.00000000	      0.00000000	      0.00000000	      0.00000000	      0.00000000	      0.00000000	      0.00000000	      0.00000000	      0.00000000	      0.00000000	      0.00000000	      0.00000000	      0.00000000	      0.00000000	      0.00000000	      0.00000000	      0.00000000	      0.00000000	      0.00000000	      0.00000000	      0.00000000	      0.00000000	      0.00000000	      0.00000000	      0.00000000	      0.00000000	      0.00000000	      0.00000000	      0.00485232	      0.00626765	     -0.00243792	     -0.00523809	     -0.00000000	     -0.00000000	      0.00000000	      0.00000000	      0.00000000	     -0.00000000	     -0.00000000	      0.00000000	      0.00000000	      0.00000000	     -0.01559557	     -0.00052179	      0.01179688	     -0.00282456	      0.00794067	      0.00000000	     -0.03726213	     -0.00098491	     -0.00000000	     -0.00000000	      0.00000000	     -0.01767182	      0.00000000	      0.00246154	     -0.04614327	      0.00000000	     -0.00124837	     -0.00599183	      0.00197919	      0.00199882	     -0.00000000	      0.01380813	      0.00000000	      0.00000000	     -0.03726628	     -0.00000000	     -0.00000000	     -0.00000000
      1.08650000	      0.00000000	      0.00000000	      0.00000000	      0.00000000	      0.00000000	      0.00000000	      0.00000000	      0.00000000	      0.00000000	      0.00000000	      0.00000000	      0.00000000	      0.00000000	      0.00000000	      0.00000000	      0.00000000	      0.00000000	      0.00000000	      0.00000000	      0.00000000	      0.00000000	      0.00000000	      0.00000000	      0.00000000	      0.00000000	      0.00000000	      0.00000000	      0.00000000	      0.00000000	      0.00000000	      0.00000000	      0.00000000	      0.00000000	      0.00000000	      0.00000000	      0.00000000	      0.00000000	      0.00000000	      0.00000000	      0.00000000	      0.00000000	      0.00000000	      0.00503651	      0.00630294	     -0.00218718	     -0.00523029	     -0.00000000	     -0.00000000	     -0.00000000	      0.00000000	      0.00000000	     -0.00000000	     -0.00000000	     -0.00000000	     -0.00000000	     -0.00000000	     -0.01604629	     -0.00125318	      0.01104363	     -0.00291487	      0.00786607	      0.00000000	     -0.03691334	     -0.00090417	     -0.00000000	      0.00000000	     -0.00000000	     -0.01832304	      0.00000000	      0.00251713	     -0.04626518	      0.00000000	     -0.00125582	     -0.00586395	      0.00195104	      0.00195545	     -0.00000000	      0.01318254	     -0.00000000	     -0.00000000	     -0.03743850	      0.00000000	     -0.00000000	      0.00000000
      1.09700000	      0.00000000	      0.00000000	      0.00000000	      0.00000000	      0.00000000	      0.00000000	      0.00000000	      0.00000000	      0.00000000	      0.00000000	      0.00000000	      0.00000000	      0.00000000	      0.00000000	      0.00000000	      0.00000000	      0.00000000	      0.00000000	      0.00000000	      0.00000000	      0.00000000	      0.00000000	      0.00000000	      0.00000000	      0.00000000	      0.00000000	      0.00000000	      0.00000000	      0.00000000	      0.00000000	      0.00000000	      0.00000000	      0.00000000	      0.00000000	      0.00000000	      0.00000000	      0.00000000	      0.00000000	      0.00000000	      0.00000000	      0.00000000	      0.00000000	      0.00522124	      0.00633721	     -0.00192587	     -0.00522287	      0.00000000	      0.00000000	      0.00000000	      0.00000000	      0.00000000	     -0.00000000	     -0.00000000	      0.00000000	     -0.00000000	     -0.00000000	     -0.01650311	     -0.00197212	      0.01029089	     -0.00300292	      0.00779149	      0.00000000	     -0.03653852	     -0.00081975	      0.00000000	     -0.00000000	      0.00000000	     -0.01897241	     -0.00000000	      0.00256824	     -0.04635688	      0.00000000	     -0.00126849	     -0.00573331	      0.00191841	      0.00190659	     -0.00000000	      0.01254259	     -0.00000000	     -0.00000000	     -0.03758893	      0.00000000	      0.00000000	     -0.00000000
      1.10750000	      0.00000000	      0.00000000	      0.00000000	      0.00000000	      0.00000000	      0.00000000	      0.00000000	      0.00000000	      0.00000000	      0.00000000	      0.00000000	      0.00000000	      0.00000000	      0.00000000	      0.00000000	      0.00000000	      0.00000000	      0.00000000	      0.00000000	      0.00000000	      0.00000000	      0.00000000	      0.00000000	      0.00000000	      0.00000000	      0.00000000	      0.00000000	      0.00000000	      0.00000000	      0.00000000	      0.00000000	      0.00000000	      0.00000000	      0.00000000	      0.00000000	      0.00000000	      0.00000000	      0.00000000	      0.00000000	      0.00000000	      0.00000000	      0.00000000	      0.00541157	      0.00637119	     -0.00164775	     -0.00521623	     -0.00000000	      0.00000000	      0.00000000	      0.00000000	      0.00000000	      0.00000000	     -0.00000000	     -0.00000000	     -0.00000000	     -0.00000000	     -0.01698060	     -0.00269455	      0.00952075	     -0.00309125	      0.00771552	      0.00000000	     -0.03612811	     -0.00072882	      0.00000000	      0.00000000	     -0.00000000	     -0.01963416	     -0.00000000	      0.00261770	     -0.04641771	      0.00000000	     -0.00128708	     -0.00559681	      0.00187997	      0.00185030	     -0.00000000	      0.01187334	     -0.00000000	     -0.00000000	     -0.03771857	      0.00000000	     -0.00000000	     -0.00000000
      1.11800000	      0.00000000	      0.00000000	      0.00000000	      0.00000000	      0.00000000	      0.00000000	      0.00000000	      0.00000000	      0.00000000	      0.00000000	      0.00000000	      0.00000000	      0.00000000	      0.00000000	      0.00000000	      0.00000000	      0.00000000	      0.00000000	      0.00000000	      0.00000000	      0.00000000	      0.00000000	      0.00000000	      0.00000000	      0.00000000	      0.00000000	      0.00000000	      0.00000000	      0.00000000	      0.00000000	      0.00000000	      0.00000000	      0.00000000	      0.00000000	      0.00000000	      0.00000000	      0.00000000	      0.00000000	      0.00000000	      0.00000000	      0.00000000	      0.00000000	      0.00560168	      0.00640368	     -0.00135963	     -0.00520868	     -0.00000000	     -0.00000000	     -0.00000000	      0.00000000	      0.00000000	     -0.00000000	     -0.00000000	     -0.00000000	     -0.00000000	     -0.00000000	     -0.01746897	     -0.00341460	      0.00874315	     -0.00317636	      0.00763861	      0.00000000	     -0.03569237	     -0.00063506	     -0.00000000	      0.00000000	     -0.00000000	     -0.02029635	      0.00000000	      0.00266455	     -0.04644612	      0.00000000	     -0.00130977	     -0.00545696	      0.00183795	      0.00178990	     -0.00000000	      0.01118918	      0.00000000	     -0.00000000	     -0.03782709	     -0.00000000	      0.00000000	     -0.00000000
      1.12850000	      0.00000000	      0.00000000	      0.00000000	      0.00000000	      0.00000000	      0.00000000	      0.00000000	      0.00000000	      0.00000000	      0.00000000	      0.00000000	      0.00000000	      0.00000000	      0.00000000	      0.00000000	      0.00000000	      0.00000000	      0.00000000	      0.00000000	      0.00000000	      0.00000000	      0.00000000	      0.00000000	      0.00000000	      0.00000000	      0.00000000	      0.00000000	      0.00000000	      0.00000000	      0.00000000	      0.00000000	      0.00000000	      0.00000000	      0.00000000	      0.00000000	      0.00000000	      0.00000000	      0.00000000	      0.00000000	      0.00000000	      0.00000000	      0.00000000	      0.00578609	      0.00643369	     -0.00106894	     -0.00519884	      0.00000000	     -0.00000000	     -0.00000000	      0.00000000	      0.00000000	     -0.00000000	     -0.00000000	      0.00000000	     -0.00000000	     -0.00000000	     -0.01795746	     -0.00412431	      0.00797021	     -0.00325500	      0.00756154	      0.00000000	     -0.03524296	     -0.00054197	      0.00000000	      0.00000000	     -0.00000000	     -0.02094633	      0.00000000	      0.00270796	     -0.04644258	      0.00000000	     -0.00133488	     -0.00531659	      0.00179458	      0.00172869	     -0.00000000	      0.01050554	     -0.00000000	     -0.00000000	     -0.03791490	     -0.00000000	     -0.00000000	     -0.00000000
      1.13900000	      0.00000000	      0.00000000	      0.00000000	      0.00000000	      0.00000000	      0.00000000	      0.00000000	      0.00000000	      0.00000000	      0.00000000	      0.00000000	      0.00000000	      0.00000000	      0.00000000	      0.00000000	      0.00000000	      0.00000000	      0.00000000	      0.00000000	      0.00000000	      0.00000000	      0.00000000	      0.00000000	      0.00000000	      0.00000000	      0.00000000	      0.00000000	      0.00000000	      0.00000000	      0.00000000	      0.00000000	      0.00000000	      0.00000000	      0.00000000	      0.00000000	      0.00000000	      0.00000000	      0.00000000	      0.00000000	      0.00000000	      0.00000000	      0.00000000	      0.00596583	      0.00646136	     -0.00077435	     -0.00518640	     -0.00000000	      0.00000000	      0.00000000	      0.00000000	      0.00000000	     -0.00000000	     -0.00000000	     -0.00000000	     -0.00000000	      0.00000000	     -0.01845030	     -0.00483182	      0.00719445	     -0.00332841	      0.00748351	      0.00000000	     -0.03477806	     -0.00044934	      0.00000000	      0.00000000	     -0.00000000	     -0.02158914	     -0.00000000	      0.00274877	     -0.04640767	      0.00000000	     -0.00136207	     -0.00517469	      0.00174995	      0.00166664	      0.00000000	      0.00981804	      0.00000000	     -0.00000000	     -0.03798370	     -0.00000000	     -0.00000000	     -0.00000000
      1.14950000	      0.00000000	      0.00000000	      0.00000000	      0.00000000	      0.00000000	      0.00000000	      0.00000000	      0.00000000	      0.00000000	      0.00000000	      0.00000000	      0.00000000	      0.00000000	      0.00000000	      0.00000000	      0.00000000	      0.00000000	      0.00000000	      0.00000000	      0.00000000	      0.00000000	      0.00000000	      0.00000000	      0.00000000	      0.00000000	      0.00000000	      0.00000000	      0.00000000	      0.00000000	      0.00000000	      0.00000000	      0.00000000	      0.00000000	      0.00000000	      0.00000000	      0.00000000	      0.00000000	      0.00000000	      0.00000000	      0.00000000	      0.00000000	      0.00000000	      0.00614172	      0.00648677	     -0.00047443	     -0.00517063	     -0.00000000	     -0.00000000	     -0.00000000	      0.00000000	      0.00000000	     -0.00000000	     -0.00000000	     -0.00000000	     -0.00000000	     -0.00000000	     -0.01895200	     -0.00554726	      0.00640712	     -0.00339755	      0.00740347	      0.00000000	     -0.03429521	     -0.00035719	     -0.00000000	      0.00000000	     -0.00000000	     -0.02223015	     -0.00000000	      0.00278777	     -0.04634143	      0.00000000	     -0.00139073	     -0.00503006	      0.00170435	      0.00160406	      0.00000000	      0.00912237	     -0.00000000	      0.00000000	     -0.03803516	      0.00000000	     -0.00000000	      0.00000000
      1.16000000	      0.00000000	      0.00000000	      0.00000000	      0.00000000	      0.00000000	      0.00000000	      0.00000000	      0.00000000	      0.00000000	      0.00000000	      0.00000000	      0.00000000	      0.00000000	      0.00000000	      0.00000000	      0.00000000	      0.00000000	      0.00000000	      0.00000000	      0.00000000	      0.00000000	      0.00000000	      0.00000000	      0.00000000	      0.00000000	      0.00000000	      0.00000000	      0.00000000	      0.00000000	      0.00000000	      0.00000000	      0.00000000	      0.00000000	      0.00000000	      0.00000000	      0.00000000	      0.00000000	      0.00000000	      0.00000000	      0.00000000	      0.00000000	      0.00000000	      0.00631057	      0.00650942	     -0.00017423	     -0.00515006	      0.00000000	     -0.00000000	     -0.00000000	      0.00000000	      0.00000000	     -0.00000000	     -0.00000000	      0.00000000	     -0.00000000	      0.00000000	     -0.01945627	     -0.00626899	      0.00561423	     -0.00346013	      0.00732168	      0.00000000	     -0.03380216	     -0.00026806	      0.00000000	     -0.00000000	     -0.00000000	     -0.02286191	      0.00000000	      0.00282486	     -0.04624590	      0.00000000	     -0.00141904	     -0.00488449	      0.00165980	      0.00154387	     -0.00000000	      0.00842955	     -0.00000000	      0.00000000	     -0.03807088	     -0.00000000	     -0.00000000	      0.00000000
      1.17050000	      0.00000000	      0.00000000	      0.00000000	      0.00000000	      0.00000000	      0.00000000	      0.00000000	      0.00000000	      0.00000000	      0.00000000	      0.00000000	      0.00000000	      0.00000000	      0.00000000	      0.00000000	      0.00000000	      0.00000000	      0.00000000	      0.00000000	      0.00000000	      0.00000000	      0.00000000	      0.00000000	      0.00000000	      0.00000000	      0.00000000	      0.00000000	      0.00000000	      0.00000000	      0.00000000	      0.00000000	      0.00000000	      0.00000000	      0.00000000	      0.00000000	      0.00000000	      0.00000000	      0.00000000	      0.00000000	      0.00000000	      0.00000000	      0.00000000	      0.00647054	      0.00652915	      0.00012194	     -0.00512419	     -0.00000000	      0.00000000	     -0.00000000	      0.00000000	      0.00000000	      0.00000000	     -0.00000000	     -0.00000000	     -0.00000000	     -0.00000000	     -0.01995788	     -0.00699143	      0.00482396	     -0.00351470	      0.00723894	      0.00000000	     -0.03330568	     -0.00018332	      0.00000000	     -0.00000000	     -0.00000000	     -0.02347666	     -0.00000000	      0.00286027	     -0.04612347	      0.00000000	     -0.00144596	     -0.00473981	      0.00161756	      0.00148790	     -0.00000000	      0.00774963	      0.00000000	     -0.00000000	     -0.03809154	     -0.00000000	     -0.00000000	     -0.00000000
      1.18100000	      0.00000000	      0.00000000	      0.00000000	      0.00000000	      0.00000000	      0.00000000	      0.00000000	      0.00000000	      0.00000000	      0.00000000	      0.00000000	      0.00000000	      0.00000000	      0.00000000	      0.00000000	      0.00000000	      0.00000000	      0.00000000	      0.00000000	      0.00000000	      0.00000000	      0.00000000	      0.00000000	      0.00000000	      0.00000000	      0.00000000	      0.00000000	      0.00000000	      0.00000000	      0.00000000	      0.00000000	      0.00000000	      0.00000000	      0.00000000	      0.00000000	      0.00000000	      0.00000000	      0.00000000	      0.00000000	      0.00000000	      0.00000000	      0.00000000	      0.00662241	      0.00654616	      0.00041454	     -0.00509315	     -0.00000000	      0.00000000	     -0.00000000	      0.00000000	      0.00000000	      0.00000000	      0.00000000	      0.00000000	      0.00000000	      0.00000000	     -0.02045829	     -0.00771670	      0.00403450	     -0.00356243	      0.00715509	      0.00000000	     -0.03280504	     -0.00010269	     -0.00000000	     -0.00000000	     -0.00000000	     -0.02407585	     -0.00000000	      0.00289434	     -0.04597484	      0.00000000	     -0.00147139	     -0.00459570	      0.00157756	      0.00143587	     -0.00000000	      0.00708133	      0.00000000	     -0.00000000	     -0.03809784	      0.00000000	      0.00000000	     -0.00000000
      1.19150000	      0.00000000	      0.00000000	      0.00000000	      0.00000000	      0.00000000	      0.00000000	      0.00000000	      0.00000000	      0.00000000	      0.00000000	      0.00000000	      0.00000000	      0.00000000	      0.00000000	      0.00000000	      0.00000000	      0.00000000	      0.00000000	      0.00000000	      0.00000000	      0.00000000	      0.00000000	      0.00000000	      0.00000000	      0.00000000	      0.00000000	      0.00000000	      0.00000000	      0.00000000	      0.00000000	      0.00000000	      0.00000000	      0.00000000	      0.00000000	      0.00000000	      0.00000000	      0.00000000	      0.00000000	      0.00000000	      0.00000000	      0.00000000	      0.00000000	      0.00676519	      0.00656045	      0.00070280	     -0.00505644	     -0.00000000	     -0.00000000	     -0.00000000	      0.00000000	      0.00000000	     -0.00000000	     -0.00000000	     -0.00000000	     -0.00000000	      0.00000000	     -0.02095530	     -0.00844881	      0.00324410	     -0.00360425	      0.00706957	      0.00000000	     -0.03230165	     -0.00002735	     -0.00000000	     -0.00000000	     -0.00000000	     -0.02466070	      0.00000000	      0.00292637	     -0.04580174	      0.00000000	     -0.00149451	     -0.00445213	      0.00154035	      0.00138835	     -0.00000000	      0.00642515	     -0.00000000	     -0.00000000	     -0.03809235	      0.00000000	     -0.00000000	      0.00000000
      1.20200000	      0.00000000	      0.00000000	      0.00000000	      0.00000000	      0.00000000	      0.00000000	      0.00000000	      0.00000000	      0.00000000	      0.00000000	      0.00000000	      0.00000000	      0.00000000	      0.00000000	      0.00000000	      0.00000000	      0.00000000	      0.00000000	      0.00000000	      0.00000000	      0.00000000	      0.00000000	      0.00000000	      0.00000000	      0.00000000	      0.00000000	      0.00000000	      0.00000000	      0.00000000	      0.00000000	      0.00000000	      0.00000000	      0.00000000	      0.00000000	      0.00000000	      0.00000000	      0.00000000	      0.00000000	      0.00000000	      0.00000000	      0.00000000	      0.00000000	      0.00689727	      0.00657198	      0.00098436	     -0.00501373	     -0.00000000	     -0.00000000	     -0.00000000	      0.00000000	      0.00000000	     -0.00000000	     -0.00000000	     -0.00000000	     -0.00000000	     -0.00000000	     -0.02144411	     -0.00918723	      0.00245585	     -0.00364037	      0.00698241	      0.00000000	     -0.03179948	      0.00004121	     -0.00000000	      0.00000000	     -0.00000000	     -0.02522913	     -0.00000000	      0.00295560	     -0.04560683	      0.00000000	     -0.00151438	     -0.00430988	      0.00150673	      0.00134627	      0.00000000	      0.00578540	      0.00000000	     -0.00000000	     -0.03807742	     -0.00000000	     -0.00000000	     -0.00000000
      1.21250000	      0.00000000	      0.00000000	      0.00000000	      0.00000000	      0.00000000	      0.00000000	      0.00000000	      0.00000000	      0.00000000	      0.00000000	      0.00000000	      0.00000000	      0.00000000	      0.00000000	      0.00000000	      0.00000000	      0.00000000	      0.00000000	      0.00000000	      0.00000000	      0.00000000	      0.00000000	      0.00000000	      0.00000000	      0.00000000	      0.00000000	      0.00000000	      0.00000000	      0.00000000	      0.00000000	      0.00000000	      0.00000000	      0.00000000	      0.00000000	      0.00000000	      0.00000000	      0.00000000	      0.00000000	      0.00000000	      0.00000000	      0.00000000	      0.00000000	      0.00701802	      0.00658085	      0.00125742	     -0.00496514	      0.00000000	     -0.00000000	      0.00000000	      0.00000000	      0.00000000	     -0.00000000	     -0.00000000	     -0.00000000	      0.00000000	      0.00000000	     -0.02192134	     -0.00992985	      0.00167343	     -0.00367118	      0.00689391	      0.00000000	     -0.03130166	      0.00010229	     -0.00000000	      0.00000000	      0.00000000	     -0.02577889	      0.00000000	      0.00298181	     -0.04539257	      0.00000000	     -0.00153036	     -0.00416974	      0.00147705	      0.00130999	      0.00000000	      0.00516601	      0.00000000	      0.00000000	     -0.03805458	      0.00000000	      0.00000000	      0.00000000
      1.22300000	      0.00000000	      0.00000000	      0.00000000	      0.00000000	      0.00000000	      0.00000000	      0.00000000	      0.00000000	      0.00000000	      0.00000000	      0.00000000	      0.00000000	      0.00000000	      0.00000000	      0.00000000	      0.00000000	      0.00000000	      0.00000000	      0.00000000	      0.00000000	      0.00000000	      0.00000000	      0.00000000	      0.00000000	      0.00000000	      0.00000000	      0.00000000	      0.00000000	      0.00000000	      0.00000000	      0.00000000	      0.00000000	      0.00000000	      0.00000000	      0.00000000	      0.00000000	      0.00000000	      0.00000000	      0.00000000	      0.00000000	      0.00000000	      0.00000000	      0.00712854	      0.00658740	      0.00152176	     -0.00491145	      0.00000000	     -0.00000000	     -0.00000000	      0.00000000	      0.00000000	     -0.00000000	     -0.00000000	     -0.00000000	      0.00000000	      0.00000000	     -0.02238731	     -0.01067361	      0.00089958	     -0.00369770	      0.00680460	      0.00000000	     -0.03080859	      0.00015659	     -0.00000000	     -0.00000000	      0.00000000	     -0.02630860	      0.00000000	      0.00300565	     -0.04516015	      0.00000000	     -0.00154245	     -0.00403205	      0.00145095	      0.00127882	     -0.00000000	      0.00456852	      0.00000000	     -0.00000000	     -0.03802366	      0.00000000	      0.00000000	      0.00000000
      1.23350000	      0.00000000	      0.00000000	      0.00000000	      0.00000000	      0.00000000	      0.00000000	      0.00000000	      0.00000000	      0.00000000	      0.00000000	      0.00000000	      0.00000000	      0.00000000	      0.00000000	      0.00000000	      0.00000000	      0.00000000	      0.00000000	      0.00000000	      0.00000000	      0.00000000	      0.00000000	      0.00000000	      0.00000000	      0.00000000	      0.00000000	      0.00000000	      0.00000000	      0.00000000	      0.00000000	      0.00000000	      0.00000000	      0.00000000	      0.00000000	      0.00000000	      0.00000000	      0.00000000	      0.00000000	      0.00000000	      0.00000000	      0.00000000	      0.00000000	      0.00723003	      0.00659197	      0.00177746	     -0.00485355	     -0.00000000	      0.00000000	      0.00000000	      0.00000000	      0.00000000	     -0.00000000	     -0.00000000	     -0.00000000	     -0.00000000	     -0.00000000	     -0.02284249	     -0.01141529	      0.00013673	     -0.00372117	      0.00671496	      0.00000000	     -0.03032034	      0.00020494	     -0.00000000	      0.00000000	      0.00000000	     -0.02681727	     -0.00000000	      0.00302767	     -0.04491057	      0.00000000	     -0.00155076	     -0.00389707	      0.00142789	      0.00125186	     -0.00000000	      0.00399369	      0.00000000	     -0.00000000	     -0.03798444	     -0.00000000	     -0.00000000	     -0.00000000
      1.24400000	      0.00000000	      0.00000000	      0.00000000	      0.00000000	      0.00000000	      0.00000000	      0.00000000	      0.00000000	      0.00000000	      0.00000000	      0.00000000	      0.00000000	      0.00000000	      0.00000000	      0.00000000	      0.00000000	      0.00000000	      0.00000000	      0.00000000	      0.00000000	      0.00000000	      0.00000000	      0.00000000	      0.00000000	      0.00000000	      0.00000000	      0.00000000	      0.00000000	      0.00000000	      0.00000000	      0.00000000	      0.00000000	      0.00000000	      0.00000000	      0.00000000	      0.00000000	      0.00000000	      0.00000000	      0.00000000	      0.00000000	      0.00000000	      0.00000000	      0.00732042	      0.00659449	      0.00202263	     -0.00479148	      0.00000000	      0.00000000	     -0.00000000	      0.00000000	      0.00000000	      0.00000000	      0.00000000	     -0.00000000	     -0.00000000	     -0.00000000	     -0.02328033	     -0.01215492	     -0.00061299	     -0.00374238	      0.00662482	      0.00000000	     -0.02984081	      0.00024553	     -0.00000000	     -0.00000000	     -0.00000000	     -0.02730536	     -0.00000000	      0.00304621	     -0.04464706	      0.00000000	     -0.00155453	     -0.00376531	      0.00140826	      0.00122940	     -0.00000000	      0.00344319	      0.00000000	     -0.00000000	     -0.03794040	      0.00000000	      0.00000000	      0.00000000
      1.25450000	      0.00000000	      0.00000000	      0.00000000	      0.00000000	      0.00000000	      0.00000000	      0.00000000	      0.00000000	      0.00000000	      0.00000000	      0.00000000	      0.00000000	      0.00000000	      0.00000000	      0.00000000	      0.00000000	      0.00000000	      0.00000000	      0.00000000	      0.00000000	      0.00000000	      0.00000000	      0.00000000	      0.00000000	      0.00000000	      0.00000000	      0.00000000	      0.00000000	      0.00000000	      0.00000000	      0.00000000	      0.00000000	      0.00000000	      0.00000000	      0.00000000	      0.00000000	      0.00000000	      0.00000000	      0.00000000	      0.00000000	      0.00000000	      0.00000000	      0.00739731	      0.00659489	      0.00225509	     -0.00472525	      0.00000000	      0.00000000	     -0.00000000	      0.00000000	      0.00000000	      0.00000000	      0.00000000	     -0.00000000	      0.00000000	      0.00000000	     -0.02369329	     -0.01289276	     -0.00134734	     -0.00376212	      0.00653393	      0.00000000	     -0.02937444	      0.00027628	      0.00000000	      0.00000000	     -0.00000000	     -0.02777366	      0.00000000	      0.00305949	     -0.04437320	      0.00000000	     -0.00155285	     -0.00363735	      0.00139252	      0.00121179	      0.00000000	      0.00291890	     -0.00000000	     -0.00000000	     -0.03789541	      0.00000000	      0.00000000	      0.00000000
      1.26500000	      0.00000000	      0.00000000	      0.00000000	      0.00000000	      0.00000000	      0.00000000	      0.00000000	      0.00000000	      0.00000000	      0.00000000	      0.00000000	      0.00000000	      0.00000000	      0.00000000	      0.00000000	      0.00000000	      0.00000000	      0.00000000	      0.00000000	      0.00000000	      0.00000000	      0.00000000	      0.00000000	      0.00000000	      0.00000000	      0.00000000	      0.00000000	      0.00000000	      0.00000000	      0.00000000	      0.00000000	      0.00000000	      0.00000000	      0.00000000	      0.00000000	      0.00000000	      0.00000000	      0.00000000	      0.00000000	      0.00000000	      0.00000000	      0.00000000	      0.00745975	      0.00659328	      0.00247294	     -0.00465574	      0.00000000	     -0.00000000	     -0.00000000	      0.00000000	      0.00000000	     -0.00000000	     -0.00000000	     -0.00000000	      0.00000000	      0.00000000	     -0.02407593	     -0.01362507	     -0.00206169	     -0.00378166	      0.00644274	      0.00000000	     -0.02892527	      0.00029634	     -0.00000000	     -0.00000000	      0.00000000	     -0.02822105	     -0.00000000	      0.00306679	     -0.04409252	      0.00000000	     -0.00154526	     -0.00351403	      0.00138054	      0.00119854	      0.00000000	      0.00242359	     -0.00000000	      0.00000000	     -0.03785168	     -0.00000000	      0.00000000	      0.00000000
      1.27550000	      0.00000000	      0.00000000	      0.00000000	      0.00000000	      0.00000000	      0.00000000	      0.00000000	      0.00000000	      0.00000000	      0.00000000	      0.00000000	      0.00000000	      0.00000000	      0.00000000	      0.00000000	      0.00000000	      0.00000000	      0.00000000	      0.00000000	      0.00000000	      0.00000000	      0.00000000	      0.00000000	      0.00000000	      0.00000000	      0.00000000	      0.00000000	      0.00000000	      0.00000000	      0.00000000	      0.00000000	      0.00000000	      0.00000000	      0.00000000	      0.00000000	      0.00000000	      0.00000000	      0.00000000	      0.00000000	      0.00000000	      0.00000000	      0.00000000	      0.00750878	      0.00658998	      0.00267609	     -0.00458404	     -0.00000000	      0.00000000	      0.00000000	      0.00000000	      0.00000000	     -0.00000000	     -0.00000000	      0.00000000	     -0.00000000	      0.00000000	     -0.02442765	     -0.01434857	     -0.00275352	     -0.00380239	      0.00635176	      0.00000000	     -0.02849403	      0.00030639	      0.00000000	     -0.00000000	      0.00000000	     -0.02864710	     -0.00000000	      0.00306862	     -0.04380680	      0.00000000	     -0.00153167	     -0.00339566	      0.00137172	      0.00118861	     -0.00000000	      0.00195801	     -0.00000000	     -0.00000000	     -0.03780950	     -0.00000000	      0.00000000	     -0.00000000
      1.28600000	      0.00000000	      0.00000000	      0.00000000	      0.00000000	      0.00000000	      0.00000000	      0.00000000	      0.00000000	      0.00000000	      0.00000000	      0.00000000	      0.00000000	      0.00000000	      0.00000000	      0.00000000	      0.00000000	      0.00000000	      0.00000000	      0.00000000	      0.00000000	      0.00000000	      0.00000000	      0.00000000	      0.00000000	      0.00000000	      0.00000000	      0.00000000	      0.00000000	      0.00000000	      0.00000000	      0.00000000	      0.00000000	      0.00000000	      0.00000000	      0.00000000	      0.00000000	      0.00000000	      0.00000000	      0.00000000	      0.00000000	      0.00000000	      0.00000000	      0.00755300	      0.00658596	      0.00287209	     -0.00451161	      0.00000000	     -0.00000000	     -0.00000000	      0.00000000	      0.00000000	     -0.00000000	     -0.00000000	     -0.00000000	      0.00000000	      0.00000000	     -0.02476881	     -0.01506386	     -0.00343043	     -0.00382607	      0.00689275	      0.00000000	     -0.02806650	      0.00031299	     -0.00000000	     -0.00000000	      0.00000000	     -0.02905451	     -0.00000000	      0.00306988	     -0.04350863	      0.00000000	     -0.00151381	     -0.00328013	      0.00136362	      0.00117876	      0.00000000	      0.00151335	     -0.00000000	      0.00000000	     -0.03776076	      0.00000000	     -0.00000000	      0.00000000
      1.29650000	      0.00000000	      0.00000000	      0.00000000	      0.00000000	      0.00000000	      0.00000000	      0.00000000	      0.00000000	      0.00000000	      0.00000000	      0.00000000	      0.00000000	      0.00000000	      0.00000000	      0.00000000	      0.00000000	      0.00000000	      0.00000000	      0.00000000	      0.00000000	      0.00000000	      0.00000000	      0.00000000	      0.00000000	      0.00000000	      0.00000000	      0.00000000	      0.00000000	      0.00000000	      0.00000000	      0.00000000	      0.00000000	      0.00000000	      0.00000000	      0.00000000	      0.00000000	      0.00000000	      0.00000000	      0.00000000	      0.00000000	      0.00000000	      0.00000000	      0.00759736	      0.00658176	      0.00306579	     -0.00443933	      0.00000000	      0.00000000	      0.00000000	      0.00000000	      0.00000000	      0.00000000	      0.00000000	      0.00000000	      0.00000000	      0.00000000	     -0.02511175	     -0.01577201	     -0.00409783	     -0.00385425	      0.00689873	      0.00000000	     -0.02763360	      0.00031997	     -0.00000000	     -0.00000000	      0.00000000	     -0.02944545	      0.00000000	      0.00307314	     -0.04319291	      0.00000000	     -0.00149268	     -0.00316597	      0.00135472	      0.00116688	      0.00000000	      0.00108331	      0.00000000	     -0.00000000	     -0.03770076	      0.00000000	     -0.00000000	     -0.00000000
      1.30700000	      0.00000000	      0.00000000	      0.00000000	      0.00000000	      0.00000000	      0.00000000	      0.00000000	      0.00000000	      0.00000000	      0.00000000	      0.00000000	      0.00000000	      0.00000000	      0.00000000	      0.00000000	      0.00000000	      0.00000000	      0.00000000	      0.00000000	      0.00000000	      0.00000000	      0.00000000	      0.00000000	      0.00000000	      0.00000000	      0.00000000	      0.00000000	      0.00000000	      0.00000000	      0.00000000	      0.00000000	      0.00000000	      0.00000000	      0.00000000	      0.00000000	      0.00000000	      0.00000000	      0.00000000	      0.00000000	      0.00000000	      0.00000000	      0.00000000	      0.00762885	      0.00657614	      0.00324591	     -0.00436755	     -0.00000000	     -0.00000000	     -0.00000000	      0.00000000	      0.00000000	      0.00000000	      0.00000000	     -0.00000000	     -0.00000000	      0.00000000	     -0.02542143	     -0.01646937	     -0.00474326	     -0.00388948	      0.00690342	      0.00000000	     -0.02721843	      0.00031742	      0.00000000	      0.00000000	     -0.00000000	     -0.02981990	     -0.00000000	      0.00306998	     -0.04287357	      0.00000000	     -0.00146592	     -0.00305623	      0.00134688	      0.00115449	      0.00000000	      0.00067669	      0.00000000	     -0.00000000	     -0.03764381	     -0.00000000	      0.00000000	     -0.00000000
      1.31750000	      0.00000000	      0.00000000	      0.00000000	      0.00000000	      0.00000000	      0.00000000	      0.00000000	      0.00000000	      0.00000000	      0.00000000	      0.00000000	      0.00000000	      0.00000000	      0.00000000	      0.00000000	      0.00000000	      0.00000000	      0.00000000	      0.00000000	      0.00000000	      0.00000000	      0.00000000	      0.00000000	      0.00000000	      0.00000000	      0.00000000	      0.00000000	      0.00000000	      0.00000000	      0.00000000	      0.00000000	      0.00000000	      0.00000000	      0.00000000	      0.00000000	      0.00000000	      0.00000000	      0.00000000	      0.00000000	      0.00000000	      0.00000000	      0.00000000	      0.00763798	      0.00656823	      0.00340362	     -0.00429746	     -0.00000000	     -0.00000000	     -0.00000000	      0.00000000	      0.00000000	     -0.00000000	     -0.00000000	      0.00000000	     -0.00000000	     -0.00000000	     -0.02567026	     -0.01714997	     -0.00535564	     -0.00393411	      0.00690804	      0.00000000	     -0.02683998	      0.00029824	      0.00000000	      0.00000000	      0.00000000	     -0.03017826	     -0.00000000	      0.00305431	     -0.04256277	      0.00000000	     -0.00143264	     -0.00295335	      0.00134099	      0.00114198	     -0.00000000	      0.00029906	     -0.00000000	      0.00000000	     -0.03760049	     -0.00000000	      0.00000000	     -0.00000000
      1.32800000	      0.00000000	      0.00000000	      0.00000000	      0.00000000	      0.00000000	      0.00000000	      0.00000000	      0.00000000	      0.00000000	      0.00000000	      0.00000000	      0.00000000	      0.00000000	      0.00000000	      0.00000000	      0.00000000	      0.00000000	      0.00000000	      0.00000000	      0.00000000	      0.00000000	      0.00000000	      0.00000000	      0.00000000	      0.00000000	      0.00000000	      0.00000000	      0.00000000	      0.00000000	      0.00000000	      0.00000000	      0.00000000	      0.00000000	      0.00000000	      0.00000000	      0.00000000	      0.00000000	      0.00000000	      0.00000000	      0.00000000	      0.00000000	      0.00000000	      0.00763787	      0.00655942	      0.00354917	     -0.00422956	      0.00000000	     -0.00000000	     -0.00000000	      0.00000000	      0.00000000	     -0.00000000	     -0.00000000	     -0.00000000	     -0.00000000	     -0.00000000	     -0.02588958	     -0.01781031	     -0.00594221	     -0.00398501	      0.00691138	      0.00000000	     -0.02647915	      0.00027273	     -0.00000000	     -0.00000000	      0.00000000	     -0.03051968	      0.00000000	      0.00303425	     -0.04225071	      0.00000000	     -0.00139630	     -0.00285500	      0.00133510	      0.00112780	     -0.00000000	     -0.00005800	     -0.00000000	      0.00000000	     -0.03755789	     -0.00000000	      0.00000000	     -0.00000000
      1.33850000	      0.00000000	      0.00000000	      0.00000000	      0.00000000	      0.00000000	      0.00000000	      0.00000000	      0.00000000	      0.00000000	      0.00000000	      0.00000000	      0.00000000	      0.00000000	      0.00000000	      0.00000000	      0.00000000	      0.00000000	      0.00000000	      0.00000000	      0.00000000	      0.00000000	      0.00000000	      0.00000000	      0.00000000	      0.00000000	      0.00000000	      0.00000000	      0.00000000	      0.00000000	      0.00000000	      0.00000000	      0.00000000	      0.00000000	      0.00000000	      0.00000000	      0.00000000	      0.00000000	      0.00000000	      0.00000000	      0.00000000	      0.00000000	      0.00000000	      0.00764154	      0.00655111	      0.00369322	     -0.00416345	     -0.00000000	      0.00000000	      0.00000000	      0.00000000	      0.00000000	     -0.00000000	     -0.00000000	     -0.00000000	     -0.00000000	     -0.00000000	     -0.02611257	     -0.01844909	     -0.00651149	     -0.00403769	      0.00691228	      0.00000000	     -0.02611554	      0.00025104	     -0.00000000	     -0.00000000	      0.00000000	     -0.03084302	     -0.00000000	      0.00301781	     -0.04192671	      0.00000000	     -0.00135997	     -0.00275874	      0.00132782	      0.00111140	      0.00000000	     -0.00040227	     -0.00000000	      0.00000000	     -0.03750334	      0.00000000	      0.00000000	      0.00000000
      1.34900000	      0.00000000	      0.00000000	      0.00000000	      0.00000000	      0.00000000	      0.00000000	      0.00000000	      0.00000000	      0.00000000	      0.00000000	      0.00000000	      0.00000000	      0.00000000	      0.00000000	      0.00000000	      0.00000000	      0.00000000	      0.00000000	      0.00000000	      0.00000000	      0.00000000	      0.00000000	      0.00000000	      0.00000000	      0.00000000	      0.00000000	      0.00000000	      0.00000000	      0.00000000	      0.00000000	      0.00000000	      0.00000000	      0.00000000	      0.00000000	      0.00000000	      0.00000000	      0.00000000	      0.00000000	      0.00000000	      0.00000000	      0.00000000	      0.00000000	      0.00764527	      0.00654267	      0.00383499	     -0.00409848	      0.00000000	     -0.00000000	     -0.00000000	      0.00000000	      0.00000000	     -0.00000000	     -0.00000000	     -0.00000000	      0.00000000	     -0.00000000	     -0.02633324	     -0.01906958	     -0.00706717	     -0.00408977	      0.00691150	      0.00000000	     -0.02575217	      0.00023075	     -0.00000000	     -0.00000000	     -0.00000000	     -0.03115439	     -0.00000000	      0.00300185	     -0.04159123	      0.00000000	     -0.00132541	     -0.00266382	      0.00131934	      0.00109343	      0.00000000	     -0.00074128	     -0.00000000	      0.00000000	     -0.03743936	      0.00000000	     -0.00000000	      0.00000000
      1.35950000	      0.00000000	      0.00000000	      0.00000000	      0.00000000	      0.00000000	      0.00000000	      0.00000000	      0.00000000	      0.00000000	      0.00000000	      0.00000000	      0.00000000	      0.00000000	      0.00000000	      0.00000000	      0.00000000	      0.00000000	      0.00000000	      0.00000000	      0.00000000	      0.00000000	      0.00000000	      0.00000000	      0.00000000	      0.00000000	      0.00000000	      0.00000000	      0.00000000	      0.00000000	      0.00000000	      0.00000000	      0.00000000	      0.00000000	      0.00000000	      0.00000000	      0.00000000	      0.00000000	      0.00000000	      0.00000000	      0.00000000	      0.00000000	      0.00000000	      0.00764151	      0.00653305	      0.00397016	     -0.00403487	     -0.00000000	      0.00000000	      0.00000000	      0.00000000	      0.00000000	      0.00000000	      0.00000000	      0.00000000	     -0.00000000	      0.00000000	     -0.02653530	     -0.01967415	     -0.00760979	     -0.00414114	      0.00691009	      0.00000000	     -0.02539931	      0.00020656	      0.00000000	      0.00000000	      0.00000000	     -0.03146029	      0.00000000	      0.00298107	     -0.04124874	      0.00000000	     -0.00129383	     -0.00257031	      0.00130976	      0.00107389	     -0.00000000	     -0.00108080	      0.00000000	     -0.00000000	     -0.03737191	      0.00000000	      0.00000000	     -0.00000000
      1.37000000	      0.00000000	      0.00000000	      0.00000000	      0.00000000	      0.00000000	      0.00000000	      0.00000000	      0.00000000	      0.00000000	      0.00000000	      0.00000000	      0.00000000	      0.00000000	      0.00000000	      0.00000000	      0.00000000	      0.00000000	      0.00000000	      0.00000000	      0.00000000	      0.00000000	      0.00000000	      0.00000000	      0.00000000	      0.00000000	      0.00000000	      0.00000000	      0.00000000	      0.00000000	      0.00000000	      0.00000000	      0.00000000	      0.00000000	      0.00000000	      0.00000000	      0.00000000	      0.00000000	      0.00000000	      0.00000000	      0.00000000	      0.00000000	      0.00000000	      0.00762204	      0.00652153	      0.00408893	     -0.00397562	      0.00000000	     -0.00000000	     -0.00000000	      0.00000000	      0.00000000	     -0.00000000	     -0.00000000	     -0.00000000	     -0.00000000	      0.00000000	     -0.02669208	     -0.02025282	     -0.00812428	     -0.00419825	      0.00690906	      0.00000000	     -0.02507860	      0.00017224	      0.00000000	     -0.00000000	     -0.00000000	     -0.03175739	     -0.00000000	      0.00295093	     -0.04091528	      0.00000000	     -0.00126359	     -0.00248155	      0.00129928	      0.00105149	     -0.00000000	     -0.00141036	      0.00000000	     -0.00000000	     -0.03731144	     -0.00000000	     -0.00000000	     -0.00000000
      1.38050000	      0.00000000	      0.00000000	      0.00000000	      0.00000000	      0.00000000	      0.00000000	      0.00000000	      0.00000000	      0.00000000	      0.00000000	      0.00000000	      0.00000000	      0.00000000	      0.00000000	      0.00000000	      0.00000000	      0.00000000	      0.00000000	      0.00000000	      0.00000000	      0.00000000	      0.00000000	      0.00000000	      0.00000000	      0.00000000	      0.00000000	      0.00000000	      0.00000000	      0.00000000	      0.00000000	      0.00000000	      0.00000000	      0.00000000	      0.00000000	      0.00000000	      0.00000000	      0.00000000	      0.00000000	      0.00000000	      0.00000000	      0.00000000	      0.00000000	      0.00758370	      0.00650795	      0.00418508	     -0.00392438	     -0.00000000	      0.00000000	     -0.00000000	      0.00000000	      0.00000000	     -0.00000000	     -0.00000000	     -0.00000000	      0.00000000	      0.00000000	     -0.02678872	     -0.02079289	     -0.00859659	     -0.00426800	      0.00690888	      0.00000000	     -0.02480528	      0.00012561	     -0.00000000	      0.00000000	      0.00000000	     -0.03204063	     -0.00000000	      0.00291008	     -0.04060488	      0.00000000	     -0.00123399	     -0.00240036	      0.00128730	      0.00102400	      0.00000000	     -0.00172052	      0.00000000	      0.00000000	     -0.03726413	     -0.00000000	     -0.00000000	     -0.00000000
      1.39100000	      0.00000000	      0.00000000	      0.00000000	      0.00000000	      0.00000000	      0.00000000	      0.00000000	      0.00000000	      0.00000000	      0.00000000	      0.00000000	      0.00000000	      0.00000000	      0.00000000	      0.00000000	      0.00000000	      0.00000000	      0.00000000	      0.00000000	      0.00000000	      0.00000000	      0.00000000	      0.00000000	      0.00000000	      0.00000000	      0.00000000	      0.00000000	      0.00000000	      0.00000000	      0.00000000	      0.00000000	      0.00000000	      0.00000000	      0.00000000	      0.00000000	      0.00000000	      0.00000000	      0.00000000	      0.00000000	      0.00000000	      0.00000000	      0.00000000	      0.00754387	      0.00649416	      0.00427160	     -0.00388471	      0.00000000	      0.00000000	     -0.00000000	      0.00000000	      0.00000000	     -0.00000000	     -0.00000000	     -0.00000000	      0.00000000	      0.00000000	     -0.02687104	     -0.02128370	     -0.00903142	     -0.00435259	      0.00690819	      0.00000000	     -0.02455707	      0.00008100	      0.00000000	      0.00000000	     -0.00000000	     -0.03230435	      0.00000000	      0.00286929	     -0.04030899	      0.00000000	     -0.00120908	     -0.00232459	      0.00126973	      0.00098623	      0.00000000	     -0.00201896	      0.00000000	     -0.00000000	     -0.03721374	      0.00000000	     -0.00000000	      0.00000000
      1.40150000	      0.00000000	      0.00000000	      0.00000000	      0.00000000	      0.00000000	      0.00000000	      0.00000000	      0.00000000	      0.00000000	      0.00000000	      0.00000000	      0.00000000	      0.00000000	      0.00000000	      0.00000000	      0.00000000	      0.00000000	      0.00000000	      0.00000000	      0.00000000	      0.00000000	      0.00000000	      0.00000000	      0.00000000	      0.00000000	      0.00000000	      0.00000000	      0.00000000	      0.00000000	      0.00000000	      0.00000000	      0.00000000	      0.00000000	      0.00000000	      0.00000000	      0.00000000	      0.00000000	      0.00000000	      0.00000000	      0.00000000	      0.00000000	      0.00000000	      0.00751780	      0.00648185	      0.00436042	     -0.00385907	      0.00000000	      0.00000000	      0.00000000	      0.00000000	      0.00000000	      0.00000000	      0.00000000	      0.00000000	     -0.00000000	     -0.00000000	     -0.02698221	     -0.02171826	     -0.00943473	     -0.00445238	      0.00690604	      0.00000000	     -0.02431327	      0.00005091	      0.00000000	     -0.00000000	     -0.00000000	     -0.03254393	      0.00000000	      0.00283787	     -0.04001999	      0.00000000	     -0.00119224	     -0.00225210	      0.00124333	      0.00093432	      0.00000000	     -0.00231271	      0.00000000	     -0.00000000	     -0.03714665	      0.00000000	      0.00000000	      0.00000000
      1.41200000	      0.00000000	      0.00000000	      0.00000000	      0.00000000	      0.00000000	      0.00000000	      0.00000000	      0.00000000	      0.00000000	      0.00000000	      0.00000000	      0.00000000	      0.00000000	      0.00000000	      0.00000000	      0.00000000	      0.00000000	      0.00000000	      0.00000000	      0.00000000	      0.00000000	      0.00000000	      0.00000000	      0.00000000	      0.00000000	      0.00000000	      0.00000000	      0.00000000	      0.00000000	      0.00000000	      0.00000000	      0.00000000	      0.00000000	      0.00000000	      0.00000000	      0.00000000	      0.00000000	      0.00000000	      0.00000000	      0.00000000	      0.00000000	      0.00000000	      0.00749106	      0.00646939	      0.00443976	     -0.00384665	     -0.00000000	     -0.00000000	      0.00000000	      0.00000000	      0.00000000	      0.00000000	      0.00000000	      0.00000000	     -0.00000000	      0.00000000	     -0.02708374	     -0.02209930	     -0.00979922	     -0.00456677	      0.00690406	      0.00000000	     -0.02409862	      0.00002400	      0.00000000	      0.00000000	     -0.00000000	     -0.03276473	     -0.00000000	      0.00280687	     -0.03975401	      0.00000000	     -0.00118214	     -0.00218530	      0.00121063	      0.00087125	      0.00000000	     -0.00259691	      0.00000000	     -0.00000000	     -0.03707862	     -0.00000000	      0.00000000	     -0.00000000
      1.42250000	      0.00000000	      0.00000000	      0.00000000	      0.00000000	      0.00000000	      0.00000000	      0.00000000	      0.00000000	      0.00000000	      0.00000000	      0.00000000	      0.00000000	      0.00000000	      0.00000000	      0.00000000	      0.00000000	      0.00000000	      0.00000000	      0.00000000	      0.00000000	      0.00000000	      0.00000000	      0.00000000	      0.00000000	      0.00000000	      0.00000000	      0.00000000	      0.00000000	      0.00000000	      0.00000000	      0.00000000	      0.00000000	      0.00000000	      0.00000000	      0.00000000	      0.00000000	      0.00000000	      0.00000000	      0.00000000	      0.00000000	      0.00000000	      0.00000000	      0.00744680	      0.00645479	      0.00449534	     -0.00384667	      0.00000000	     -0.00000000	      0.00000000	      0.00000000	      0.00000000	     -0.00000000	     -0.00000000	     -0.00000000	     -0.00000000	      0.00000000	     -0.02712798	     -0.02242847	     -0.01011490	     -0.00469558	      0.00690390	      0.00000000	     -0.02394264	     -0.00001303	      0.00000000	      0.00000000	     -0.00000000	     -0.03297279	      0.00000000	      0.00276597	     -0.03952975	      0.00000000	     -0.00117739	     -0.00212724	      0.00117461	      0.00080044	     -0.00000000	     -0.00286501	      0.00000000	     -0.00000000	     -0.03702764	      0.00000000	      0.00000000	      0.00000000
      1.43300000	      0.00000000	      0.00000000	      0.00000000	      0.00000000	      0.00000000	      0.00000000	      0.00000000	      0.00000000	      0.00000000	      0.00000000	      0.00000000	      0.00000000	      0.00000000	      0.00000000	      0.00000000	      0.00000000	      0.00000000	      0.00000000	      0.00000000	      0.00000000	      0.00000000	      0.00000000	      0.00000000	      0.00000000	      0.00000000	      0.00000000	      0.00000000	      0.00000000	      0.00000000	      0.00000000	      0.00000000	      0.00000000	      0.00000000	      0.00000000	      0.00000000	      0.00000000	      0.00000000	      0.00000000	      0.00000000	      0.00000000	      0.00000000	      0.00000000	      0.00739266	      0.00643911	      0.00453133	     -0.00386008	     -0.00000000	     -0.00000000	     -0.00000000	      0.00000000	      0.00000000	     -0.00000000	     -0.00000000	     -0.00000000	     -0.00000000	     -0.00000000	     -0.02713165	     -0.02269942	     -0.01037919	     -0.00483877	      0.00690503	      0.00000000	     -0.02383825	     -0.00005437	      0.00000000	      0.00000000	      0.00000000	     -0.03316245	     -0.00000000	      0.00272016	     -0.03934843	      0.00000000	     -0.00117827	     -0.00207816	      0.00113473	      0.00072141	     -0.00000000	     -0.00311264	      0.00000000	     -0.00000000	     -0.03698986	      0.00000000	      0.00000000	     -0.00000000
      1.44350000	      0.00000000	      0.00000000	      0.00000000	      0.00000000	      0.00000000	      0.00000000	      0.00000000	      0.00000000	      0.00000000	      0.00000000	      0.00000000	      0.00000000	      0.00000000	      0.00000000	      0.00000000	      0.00000000	      0.00000000	      0.00000000	      0.00000000	      0.00000000	      0.00000000	      0.00000000	      0.00000000	      0.00000000	      0.00000000	      0.00000000	      0.00000000	      0.00000000	      0.00000000	      0.00000000	      0.00000000	      0.00000000	      0.00000000	      0.00000000	      0.00000000	      0.00000000	      0.00000000	      0.00000000	      0.00000000	      0.00000000	      0.00000000	      0.00000000	      0.00734022	      0.00642395	      0.00455585	     -0.00388804	     -0.00000000	      0.00000000	      0.00000000	      0.00000000	      0.00000000	     -0.00000000	     -0.00000000	      0.00000000	      0.00000000	     -0.00000000	     -0.02712420	     -0.02290725	     -0.01059360	     -0.00499659	      0.00690667	      0.00000000	     -0.02377010	     -0.00009113	     -0.00000000	     -0.00000000	      0.00000000	     -0.03332739	     -0.00000000	      0.00267673	     -0.03920598	      0.00000000	     -0.00118536	     -0.00203733	      0.00108956	      0.00063251	      0.00000000	     -0.00333820	     -0.00000000	      0.00000000	     -0.03695740	      0.00000000	     -0.00000000	     -0.00000000
      1.45400000	      0.00000000	      0.00000000	      0.00000000	      0.00000000	      0.00000000	      0.00000000	      0.00000000	      0.00000000	      0.00000000	      0.00000000	      0.00000000	      0.00000000	      0.00000000	      0.00000000	      0.00000000	      0.00000000	      0.00000000	      0.00000000	      0.00000000	      0.00000000	      0.00000000	      0.00000000	      0.00000000	      0.00000000	      0.00000000	      0.00000000	      0.00000000	      0.00000000	      0.00000000	      0.00000000	      0.00000000	      0.00000000	      0.00000000	      0.00000000	      0.00000000	      0.00000000	      0.00000000	      0.00000000	      0.00000000	      0.00000000	      0.00000000	      0.00000000	      0.00728997	      0.00640906	      0.00457147	     -0.00393176	     -0.00000000	      0.00000000	     -0.00000000	      0.00000000	      0.00000000	      0.00000000	      0.00000000	      0.00000000	      0.00000000	      0.00000000	     -0.02711197	     -0.02305656	     -0.01076543	     -0.00517152	      0.00690892	      0.00000000	     -0.02373370	     -0.00012256	     -0.00000000	      0.00000000	      0.00000000	     -0.03347270	      0.00000000	      0.00263540	     -0.03909851	      0.00000000	     -0.00120014	     -0.00200319	      0.00103720	      0.00053083	     -0.00000000	     -0.00355057	     -0.00000000	      0.00000000	     -0.03692822	      0.00000000	      0.00000000	      0.00000000
      1.46450000	      0.00000000	      0.00000000	      0.00000000	      0.00000000	      0.00000000	      0.00000000	      0.00000000	      0.00000000	      0.00000000	      0.00000000	      0.00000000	      0.00000000	      0.00000000	      0.00000000	      0.00000000	      0.00000000	      0.00000000	      0.00000000	      0.00000000	      0.00000000	      0.00000000	      0.00000000	      0.00000000	      0.00000000	      0.00000000	      0.00000000	      0.00000000	      0.00000000	      0.00000000	      0.00000000	      0.00000000	      0.00000000	      0.00000000	      0.00000000	      0.00000000	      0.00000000	      0.00000000	      0.00000000	      0.00000000	      0.00000000	      0.00000000	      0.00000000	      0.00723975	      0.00639391	      0.00457853	     -0.00399184	     -0.00000000	      0.00000000	      0.00000000	      0.00000000	      0.00000000	     -0.00000000	     -0.00000000	      0.00000000	      0.00000000	      0.00000000	     -0.02709326	     -0.02315385	     -0.01090109	     -0.00536599	      0.00691197	      0.00000000	     -0.02372791	     -0.00015020	     -0.00000000	     -0.00000000	     -0.00000000	     -0.03360427	     -0.00000000	      0.00259437	     -0.03902313	      0.00000000	     -0.00122334	     -0.00197461	      0.00097645	      0.00041429	      0.00000000	     -0.00375674	     -0.00000000	     -0.00000000	     -0.03690268	      0.00000000	      0.00000000	     -0.00000000
      1.47500000	      0.00000000	      0.00000000	      0.00000000	      0.00000000	      0.00000000	      0.00000000	      0.00000000	      0.00000000	      0.00000000	      0.00000000	      0.00000000	      0.00000000	      0.00000000	      0.00000000	      0.00000000	      0.00000000	      0.00000000	      0.00000000	      0.00000000	      0.00000000	      0.00000000	      0.00000000	      0.00000000	      0.00000000	      0.00000000	      0.00000000	      0.00000000	      0.00000000	      0.00000000	      0.00000000	      0.00000000	      0.00000000	      0.00000000	      0.00000000	      0.00000000	      0.00000000	      0.00000000	      0.00000000	      0.00000000	      0.00000000	      0.00000000	      0.00000000	      0.00718831	      0.00637868	      0.00457561	     -0.00406525	      0.00000000	     -0.00000000	      0.00000000	      0.00000000	      0.00000000	      0.00000000	      0.00000000	      0.00000000	      0.00000000	     -0.00000000	     -0.02706031	     -0.02320580	     -0.01100025	     -0.00557799	      0.00691572	      0.00000000	     -0.02375220	     -0.00017630	      0.00000000	      0.00000000	     -0.00000000	     -0.03372103	      0.00000000	      0.00255312	     -0.03897986	      0.00000000	     -0.00125194	     -0.00195227	      0.00090999	      0.00028668	     -0.00000000	     -0.00394815	     -0.00000000	     -0.00000000	     -0.03688475	      0.00000000	      0.00000000	     -0.00000000
      1.48550000	      0.00000000	      0.00000000	      0.00000000	      0.00000000	      0.00000000	      0.00000000	      0.00000000	      0.00000000	      0.00000000	      0.00000000	      0.00000000	      0.00000000	      0.00000000	      0.00000000	      0.00000000	      0.00000000	      0.00000000	      0.00000000	      0.00000000	      0.00000000	      0.00000000	      0.00000000	      0.00000000	      0.00000000	      0.00000000	      0.00000000	      0.00000000	      0.00000000	      0.00000000	      0.00000000	      0.00000000	      0.00000000	      0.00000000	      0.00000000	      0.00000000	      0.00000000	      0.00000000	      0.00000000	      0.00000000	      0.00000000	      0.00000000	      0.00000000	      0.00713297	      0.00636354	      0.00455909	     -0.00414829	      0.00000000	     -0.00000000	     -0.00000000	      0.00000000	      0.00000000	     -0.00000000	     -0.00000000	     -0.00000000	      0.00000000	      0.00000000	     -0.02699833	     -0.02321541	     -0.01105728	     -0.00580392	      0.00692018	      0.00000000	     -0.02381089	     -0.00020423	     -0.00000000	     -0.00000000	      0.00000000	     -0.03382002	     -0.00000000	      0.00251036	     -0.03897268	      0.00000000	     -0.00128260	     -0.00193792	      0.00084186	      0.00015386	      0.00000000	     -0.00411172	     -0.00000000	      0.00000000	     -0.03688093	     -0.00000000	      0.00000000	      0.00000000
      1.49600000	      0.00000000	      0.00000000	      0.00000000	      0.00000000	      0.00000000	      0.00000000	      0.00000000	      0.00000000	      0.00000000	      0.00000000	      0.00000000	      0.00000000	      0.00000000	      0.00000000	      0.00000000	      0.00000000	      0.00000000	      0.00000000	      0.00000000	      0.00000000	      0.00000000	      0.00000000	      0.00000000	      0.00000000	      0.00000000	      0.00000000	      0.00000000	      0.00000000	      0.00000000	      0.00000000	      0.00000000	      0.00000000	      0.00000000	      0.00000000	      0.00000000	      0.00000000	      0.00000000	      0.00000000	      0.00000000	      0.00000000	      0.00000000	      0.00000000	      0.00707390	      0.00634876	      0.00452694	     -0.00424180	     -0.00000000	     -0.00000000	     -0.00000000	      0.00000000	      0.00000000	     -0.00000000	     -0.00000000	     -0.00000000	      0.00000000	     -0.00000000	     -0.02690283	     -0.02317149	     -0.01106197	     -0.00604181	      0.00692553	      0.00000000	     -0.02391009	     -0.00023351	      0.00000000	      0.00000000	     -0.00000000	     -0.03389668	      0.00000000	      0.00246616	     -0.03900899	      0.00000000	     -0.00131598	     -0.00193328	      0.00077270	      0.00001703	      0.00000000	     -0.00424126	     -0.00000000	      0.00000000	     -0.03689387	      0.00000000	     -0.00000000	     -0.00000000
      1.50650000	      0.00000000	      0.00000000	      0.00000000	      0.00000000	      0.00000000	      0.00000000	      0.00000000	      0.00000000	      0.00000000	      0.00000000	      0.00000000	      0.00000000	      0.00000000	      0.00000000	      0.00000000	      0.00000000	      0.00000000	      0.00000000	      0.00000000	      0.00000000	      0.00000000	      0.00000000	      0.00000000	      0.00000000	      0.00000000	      0.00000000	      0.00000000	      0.00000000	      0.00000000	      0.00000000	      0.00000000	      0.00000000	      0.00000000	      0.00000000	      0.00000000	      0.00000000	      0.00000000	      0.00000000	      0.00000000	      0.00000000	      0.00000000	      0.00000000	      0.00701487	      0.00633515	      0.00447809	     -0.00434992	     -0.00000000	     -0.00000000	     -0.00000000	      0.00000000	      0.00000000	     -0.00000000	     -0.00000000	     -0.00000000	      0.00000000	      0.00000000	     -0.02677720	     -0.02304945	     -0.01099648	     -0.00629106	      0.00693202	      0.00000000	     -0.02405711	     -0.00025997	      0.00000000	     -0.00000000	     -0.00000000	     -0.03394107	     -0.00000000	      0.00242275	     -0.03910075	      0.00000000	     -0.00135438	     -0.00194100	      0.00070112	     -0.00012550	     -0.00000000	     -0.00432917	      0.00000000	      0.00000000	     -0.03692446	      0.00000000	      0.00000000	     -0.00000000
      1.51700000	      0.00000000	      0.00000000	      0.00000000	      0.00000000	      0.00000000	      0.00000000	      0.00000000	      0.00000000	      0.00000000	      0.00000000	      0.00000000	      0.00000000	      0.00000000	      0.00000000	      0.00000000	      0.00000000	      0.00000000	      0.00000000	      0.00000000	      0.00000000	      0.00000000	      0.00000000	      0.00000000	      0.00000000	      0.00000000	      0.00000000	      0.00000000	      0.00000000	      0.00000000	      0.00000000	      0.00000000	      0.00000000	      0.00000000	      0.00000000	      0.00000000	      0.00000000	      0.00000000	      0.00000000	      0.00000000	      0.00000000	      0.00000000	      0.00000000	      0.00695712	      0.00632335	      0.00441169	     -0.00447156	     -0.00000000	     -0.00000000	      0.00000000	      0.00000000	      0.00000000	      0.00000000	      0.00000000	      0.00000000	     -0.00000000	      0.00000000	     -0.02661839	     -0.02284317	     -0.01085270	     -0.00654935	      0.00693957	      0.00000000	     -0.02425305	     -0.00028302	     -0.00000000	     -0.00000000	      0.00000000	     -0.03394726	      0.00000000	      0.00238097	     -0.03925072	      0.00000000	     -0.00139596	     -0.00196257	      0.00062906	     -0.00027074	     -0.00000000	     -0.00436581	     -0.00000000	     -0.00000000	     -0.03697467	      0.00000000	     -0.00000000	      0.00000000
      1.52750000	      0.00000000	      0.00000000	      0.00000000	      0.00000000	      0.00000000	      0.00000000	      0.00000000	      0.00000000	      0.00000000	      0.00000000	      0.00000000	      0.00000000	      0.00000000	      0.00000000	      0.00000000	      0.00000000	      0.00000000	      0.00000000	      0.00000000	      0.00000000	      0.00000000	      0.00000000	      0.00000000	      0.00000000	      0.00000000	      0.00000000	      0.00000000	      0.00000000	      0.00000000	      0.00000000	      0.00000000	      0.00000000	      0.00000000	      0.00000000	      0.00000000	      0.00000000	      0.00000000	      0.00000000	      0.00000000	      0.00000000	      0.00000000	      0.00000000	      0.00689696	      0.00631329	      0.00432531	     -0.00460055	     -0.00000000	     -0.00000000	     -0.00000000	      0.00000000	      0.00000000	     -0.00000000	     -0.00000000	     -0.00000000	     -0.00000000	      0.00000000	     -0.02641197	     -0.02256273	     -0.01063089	     -0.00681173	      0.00694795	      0.00000000	     -0.02449792	     -0.00030699	     -0.00000000	      0.00000000	      0.00000000	     -0.03391498	     -0.00000000	      0.00233868	     -0.03945545	      0.00000000	     -0.00143600	     -0.00199851	      0.00056180	     -0.00041081	     -0.00000000	     -0.00434207	     -0.00000000	      0.00000000	     -0.03704871	      0.00000000	      0.00000000	      0.00000000
      1.53800000	      0.00000000	      0.00000000	      0.00000000	      0.00000000	      0.00000000	      0.00000000	      0.00000000	      0.00000000	      0.00000000	      0.00000000	      0.00000000	      0.00000000	      0.00000000	      0.00000000	      0.00000000	      0.00000000	      0.00000000	      0.00000000	      0.00000000	      0.00000000	      0.00000000	      0.00000000	      0.00000000	      0.00000000	      0.00000000	      0.00000000	      0.00000000	      0.00000000	      0.00000000	      0.00000000	      0.00000000	      0.00000000	      0.00000000	      0.00000000	      0.00000000	      0.00000000	      0.00000000	      0.00000000	      0.00000000	      0.00000000	      0.00000000	      0.00000000	      0.00683444	      0.00630531	      0.00421667	     -0.00473621	     -0.00000000	     -0.00000000	      0.00000000	      0.00000000	      0.00000000	     -0.00000000	     -0.00000000	     -0.00000000	     -0.00000000	     -0.00000000	     -0.02615277	     -0.02219592	     -0.01031911	     -0.00707393	      0.00695712	      0.00000000	     -0.02479710	     -0.00033149	      0.00000000	     -0.00000000	      0.00000000	     -0.03383708	     -0.00000000	      0.00229591	     -0.03971997	      0.00000000	     -0.00147367	     -0.00205075	      0.00050131	     -0.00054223	     -0.00000000	     -0.00424947	     -0.00000000	     -0.00000000	     -0.03714824	      0.00000000	      0.00000000	      0.00000000
      1.54850000	      0.00000000	      0.00000000	      0.00000000	      0.00000000	      0.00000000	      0.00000000	      0.00000000	      0.00000000	      0.00000000	      0.00000000	      0.00000000	      0.00000000	      0.00000000	      0.00000000	      0.00000000	      0.00000000	      0.00000000	      0.00000000	      0.00000000	      0.00000000	      0.00000000	      0.00000000	      0.00000000	      0.00000000	      0.00000000	      0.00000000	      0.00000000	      0.00000000	      0.00000000	      0.00000000	      0.00000000	      0.00000000	      0.00000000	      0.00000000	      0.00000000	      0.00000000	      0.00000000	      0.00000000	      0.00000000	      0.00000000	      0.00000000	      0.00000000	      0.00677500	      0.00630021	      0.00408899	     -0.00488048	      0.00000000	      0.00000000	      0.00000000	      0.00000000	      0.00000000	     -0.00000000	     -0.00000000	      0.00000000	      0.00000000	      0.00000000	     -0.02585551	     -0.02172969	     -0.00991191	     -0.00733325	      0.00696683	      0.00000000	     -0.02514590	     -0.00035128	      0.00000000	      0.00000000	      0.00000000	     -0.03370658	     -0.00000000	      0.00225574	     -0.04004168	      0.00000000	     -0.00151009	     -0.00211941	      0.00044596	     -0.00066655	      0.00000000	     -0.00408881	      0.00000000	      0.00000000	     -0.03726715	      0.00000000	     -0.00000000	     -0.00000000
      1.55900000	      0.00000000	      0.00000000	      0.00000000	      0.00000000	      0.00000000	      0.00000000	      0.00000000	      0.00000000	      0.00000000	      0.00000000	      0.00000000	      0.00000000	      0.00000000	      0.00000000	      0.00000000	      0.00000000	      0.00000000	      0.00000000	      0.00000000	      0.00000000	      0.00000000	      0.00000000	      0.00000000	      0.00000000	      0.00000000	      0.00000000	      0.00000000	      0.00000000	      0.00000000	      0.00000000	      0.00000000	      0.00000000	      0.00000000	      0.00000000	      0.00000000	      0.00000000	      0.00000000	      0.00000000	      0.00000000	      0.00000000	      0.00000000	      0.00000000	      0.00670863	      0.00629745	      0.00392859	     -0.00502953	      0.00000000	      0.00000000	      0.00000000	      0.00000000	      0.00000000	      0.00000000	      0.00000000	      0.00000000	      0.00000000	     -0.00000000	     -0.02547819	     -0.02114447	     -0.00937881	     -0.00758460	      0.00697715	      0.00000000	     -0.02557049	     -0.00037436	     -0.00000000	      0.00000000	      0.00000000	     -0.03351007	     -0.00000000	      0.00221241	     -0.04043821	      0.00000000	     -0.00154072	     -0.00221050	      0.00040331	     -0.00077283	     -0.00000000	     -0.00383238	     -0.00000000	      0.00000000	     -0.03741875	     -0.00000000	      0.00000000	      0.00000000
      1.56950000	      0.00000000	      0.00000000	      0.00000000	      0.00000000	      0.00000000	      0.00000000	      0.00000000	      0.00000000	      0.00000000	      0.00000000	      0.00000000	      0.00000000	      0.00000000	      0.00000000	      0.00000000	      0.00000000	      0.00000000	      0.00000000	      0.00000000	      0.00000000	      0.00000000	      0.00000000	      0.00000000	      0.00000000	      0.00000000	      0.00000000	      0.00000000	      0.00000000	      0.00000000	      0.00000000	      0.00000000	      0.00000000	      0.00000000	      0.00000000	      0.00000000	      0.00000000	      0.00000000	      0.00000000	      0.00000000	      0.00000000	      0.00000000	      0.00000000	      0.00662594	      0.00629649	      0.00372176	     -0.00517828	     -0.00000000	     -0.00000000	     -0.00000000	      0.00000000	      0.00000000	     -0.00000000	     -0.00000000	      0.00000000	     -0.00000000	     -0.00000000	     -0.02498164	     -0.02041693	     -0.00868624	     -0.00781943	      0.00698772	      0.00000000	     -0.02609640	     -0.00040791	      0.00000000	     -0.00000000	     -0.00000000	     -0.03322897	     -0.00000000	      0.00216076	     -0.04092541	      0.00000000	     -0.00156128	     -0.00233037	      0.00038213	     -0.00084778	      0.00000000	     -0.00344950	     -0.00000000	     -0.00000000	     -0.03761407	     -0.00000000	     -0.00000000	     -0.00000000
      1.58000000	      0.00000000	      0.00000000	      0.00000000	      0.00000000	      0.00000000	      0.00000000	      0.00000000	      0.00000000	      0.00000000	      0.00000000	      0.00000000	      0.00000000	      0.00000000	      0.00000000	      0.00000000	      0.00000000	      0.00000000	      0.00000000	      0.00000000	      0.00000000	      0.00000000	      0.00000000	      0.00000000	      0.00000000	      0.00000000	      0.00000000	      0.00000000	      0.00000000	      0.00000000	      0.00000000	      0.00000000	      0.00000000	      0.00000000	      0.00000000	      0.00000000	      0.00000000	      0.00000000	      0.00000000	      0.00000000	      0.00000000	      0.00000000	      0.00000000	      0.00654657	      0.00629921	      0.00349099	     -0.00532667	     -0.00000000	      0.00000000	      0.00000000	      0.00000000	      0.00000000	     -0.00000000	     -0.00000000	     -0.00000000	     -0.00000000	     -0.00000000	     -0.02444181	     -0.01956557	     -0.00787122	     -0.00802912	      0.00699694	      0.00000000	     -0.02667452	     -0.00043601	     -0.00000000	      0.00000000	     -0.00000000	     -0.03286444	     -0.00000000	      0.00211268	     -0.04146026	      0.00000000	     -0.00157570	     -0.00247063	      0.00037506	     -0.00089908	     -0.00000000	     -0.00297150	      0.00000000	     -0.00000000	     -0.03782110	     -0.00000000	     -0.00000000	     -0.00000000
      1.59050000	      0.00000000	      0.00000000	      0.00000000	      0.00000000	      0.00000000	      0.00000000	      0.00000000	      0.00000000	      0.00000000	      0.00000000	      0.00000000	      0.00000000	      0.00000000	      0.00000000	      0.00000000	      0.00000000	      0.00000000	      0.00000000	      0.00000000	      0.00000000	      0.00000000	      0.00000000	      0.00000000	      0.00000000	      0.00000000	      0.00000000	      0.00000000	      0.00000000	      0.00000000	      0.00000000	      0.00000000	      0.00000000	      0.00000000	      0.00000000	      0.00000000	      0.00000000	      0.00000000	      0.00000000	      0.00000000	      0.00000000	      0.00000000	      0.00000000	      0.00648452	      0.00630708	      0.00325278	     -0.00547542	     -0.00000000	      0.00000000	      0.00000000	      0.00000000	      0.00000000	      0.00000000	      0.00000000	      0.00000000	      0.00000000	      0.00000000	     -0.02391354	     -0.01860987	     -0.00696503	     -0.00821193	      0.00700360	      0.00000000	     -0.02726735	     -0.00044787	      0.00000000	      0.00000000	      0.00000000	     -0.03241925	     -0.00000000	      0.00207709	     -0.04200766	      0.00000000	     -0.00158627	     -0.00262467	      0.00037564	     -0.00093475	      0.00000000	     -0.00242221	      0.00000000	      0.00000000	     -0.03801515	      0.00000000	      0.00000000	      0.00000000
      1.60100000	      0.00000000	      0.00000000	      0.00000000	      0.00000000	      0.00000000	      0.00000000	      0.00000000	      0.00000000	      0.00000000	      0.00000000	      0.00000000	      0.00000000	      0.00000000	      0.00000000	      0.00000000	      0.00000000	      0.00000000	      0.00000000	      0.00000000	      0.00000000	      0.00000000	      0.00000000	      0.00000000	      0.00000000	      0.00000000	      0.00000000	      0.00000000	      0.00000000	      0.00000000	      0.00000000	      0.00000000	      0.00000000	      0.00000000	      0.00000000	      0.00000000	      0.00000000	      0.00000000	      0.00000000	      0.00000000	      0.00000000	      0.00000000	      0.00000000	      0.00642005	      0.00631702	      0.00299072	     -0.00561893	     -0.00000000	     -0.00000000	      0.00000000	      0.00000000	      0.00000000	     -0.00000000	     -0.00000000	      0.00000000	      0.00000000	     -0.00000000	     -0.02334218	     -0.01755069	     -0.00595309	     -0.00836904	      0.00700699	      0.00000000	     -0.02790162	     -0.00045874	      0.00000000	     -0.00000000	     -0.00000000	     -0.03189184	     -0.00000000	      0.00204204	     -0.04257312	      0.00000000	     -0.00158950	     -0.00279597	      0.00039108	     -0.00094551	      0.00000000	     -0.00178735	      0.00000000	     -0.00000000	     -0.03820788	     -0.00000000	      0.00000000	     -0.00000000
      1.61150000	      0.00000000	      0.00000000	      0.00000000	      0.00000000	      0.00000000	      0.00000000	      0.00000000	      0.00000000	      0.00000000	      0.00000000	      0.00000000	      0.00000000	      0.00000000	      0.00000000	      0.00000000	      0.00000000	      0.00000000	      0.00000000	      0.00000000	      0.00000000	      0.00000000	      0.00000000	      0.00000000	      0.00000000	      0.00000000	      0.00000000	      0.00000000	      0.00000000	      0.00000000	      0.00000000	      0.00000000	      0.00000000	      0.00000000	      0.00000000	      0.00000000	      0.00000000	      0.00000000	      0.00000000	      0.00000000	      0.00000000	      0.00000000	      0.00000000	      0.00633778	      0.00632572	      0.00269763	     -0.00575007	      0.00000000	      0.00000000	     -0.00000000	      0.00000000	      0.00000000	     -0.00000000	     -0.00000000	     -0.00000000	      0.00000000	      0.00000000	     -0.02269827	     -0.01640652	     -0.00484434	     -0.00849457	      0.00700601	      0.00000000	     -0.02858490	     -0.00048014	     -0.00000000	      0.00000000	     -0.00000000	     -0.03129163	     -0.00000000	      0.00199733	     -0.04314632	      0.00000000	     -0.00158491	     -0.00298335	      0.00042570	     -0.00092449	     -0.00000000	     -0.00107365	     -0.00000000	     -0.00000000	     -0.03840236	      0.00000000	      0.00000000	      0.00000000
      1.62200000	      0.00000000	      0.00000000	      0.00000000	      0.00000000	      0.00000000	      0.00000000	      0.00000000	      0.00000000	      0.00000000	      0.00000000	      0.00000000	      0.00000000	      0.00000000	      0.00000000	      0.00000000	      0.00000000	      0.00000000	      0.00000000	      0.00000000	      0.00000000	      0.00000000	      0.00000000	      0.00000000	      0.00000000	      0.00000000	      0.00000000	      0.00000000	      0.00000000	      0.00000000	      0.00000000	      0.00000000	      0.00000000	      0.00000000	      0.00000000	      0.00000000	      0.00000000	      0.00000000	      0.00000000	      0.00000000	      0.00000000	      0.00000000	      0.00000000	      0.00625116	      0.00633466	      0.00238823	     -0.00586971	     -0.00000000	      0.00000000	      0.00000000	      0.00000000	      0.00000000	      0.00000000	      0.00000000	      0.00000000	      0.00000000	      0.00000000	     -0.02203174	     -0.01519271	     -0.00366462	     -0.00858373	      0.00699940	      0.00000000	     -0.02928449	     -0.00050172	     -0.00000000	      0.00000000	      0.00000000	     -0.03061962	     -0.00000000	      0.00195186	     -0.04369877	      0.00000000	     -0.00157574	     -0.00318147	      0.00047338	     -0.00087883	     -0.00000000	     -0.00029921	      0.00000000	      0.00000000	     -0.03857697	      0.00000000	     -0.00000000	      0.00000000
      1.63250000	      0.00000000	      0.00000000	      0.00000000	      0.00000000	      0.00000000	      0.00000000	      0.00000000	      0.00000000	      0.00000000	      0.00000000	      0.00000000	      0.00000000	      0.00000000	      0.00000000	      0.00000000	      0.00000000	      0.00000000	      0.00000000	      0.00000000	      0.00000000	      0.00000000	      0.00000000	      0.00000000	      0.00000000	      0.00000000	      0.00000000	      0.00000000	      0.00000000	      0.00000000	      0.00000000	      0.00000000	      0.00000000	      0.00000000	      0.00000000	      0.00000000	      0.00000000	      0.00000000	      0.00000000	      0.00000000	      0.00000000	      0.00000000	      0.00000000	      0.00617106	      0.00634534	      0.00207197	     -0.00598087	     -0.00000000	      0.00000000	      0.00000000	      0.00000000	      0.00000000	     -0.00000000	     -0.00000000	     -0.00000000	     -0.00000000	      0.00000000	     -0.02137813	     -0.01391281	     -0.00242609	     -0.00863644	      0.00698597	      0.00000000	     -0.02997921	     -0.00051504	     -0.00000000	     -0.00000000	     -0.00000000	     -0.02987229	     -0.00000000	      0.00191354	     -0.04421149	      0.00000000	     -0.00156448	     -0.00338765	      0.00052830	     -0.00081638	      0.00000000	      0.00052774	      0.00000000	      0.00000000	     -0.03871440	     -0.00000000	     -0.00000000	     -0.00000000
      1.64300000	      0.00000000	      0.00000000	      0.00000000	      0.00000000	      0.00000000	      0.00000000	      0.00000000	      0.00000000	      0.00000000	      0.00000000	      0.00000000	      0.00000000	      0.00000000	      0.00000000	      0.00000000	      0.00000000	      0.00000000	      0.00000000	      0.00000000	      0.00000000	      0.00000000	      0.00000000	      0.00000000	      0.00000000	      0.00000000	      0.00000000	      0.00000000	      0.00000000	      0.00000000	      0.00000000	      0.00000000	      0.00000000	      0.00000000	      0.00000000	      0.00000000	      0.00000000	      0.00000000	      0.00000000	      0.00000000	      0.00000000	      0.00000000	      0.00000000	      0.00609197	      0.00635615	      0.00174850	     -0.00608326	      0.00000000	      0.00000000	     -0.00000000	      0.00000000	      0.00000000	      0.00000000	      0.00000000	      0.00000000	      0.00000000	      0.00000000	     -0.02073066	     -0.01257754	     -0.00113887	     -0.00865375	      0.00632795	      0.00000000	     -0.03066645	     -0.00052377	      0.00000000	      0.00000000	     -0.00000000	     -0.02905910	      0.00000000	      0.00187837	     -0.04467371	      0.00000000	     -0.00155284	     -0.00359996	      0.00058814	     -0.00074067	      0.00000000	      0.00139589	      0.00000000	     -0.00000000	     -0.03881126	      0.00000000	      0.00000000	      0.00000000
      1.65350000	      0.00000000	      0.00000000	      0.00000000	      0.00000000	      0.00000000	      0.00000000	      0.00000000	      0.00000000	      0.00000000	      0.00000000	      0.00000000	      0.00000000	      0.00000000	      0.00000000	      0.00000000	      0.00000000	      0.00000000	      0.00000000	      0.00000000	      0.00000000	      0.00000000	      0.00000000	      0.00000000	      0.00000000	      0.00000000	      0.00000000	      0.00000000	      0.00000000	      0.00000000	      0.00000000	      0.00000000	      0.00000000	      0.00000000	      0.00000000	      0.00000000	      0.00000000	      0.00000000	      0.00000000	      0.00000000	      0.00000000	      0.00000000	      0.00000000	      0.00600974	      0.00636570	      0.00141926	     -0.00617691	      0.00000000	     -0.00000000	     -0.00000000	      0.00000000	      0.00000000	     -0.00000000	     -0.00000000	     -0.00000000	      0.00000000	      0.00000000	     -0.02008566	     -0.01119959	      0.00018464	     -0.00863821	      0.00648983	      0.00000000	     -0.03134067	     -0.00053071	     -0.00000000	     -0.00000000	      0.00000000	     -0.02819138	      0.00000000	      0.00184287	     -0.04507519	      0.00000000	     -0.00154253	     -0.00381603	      0.00065005	     -0.00065629	     -0.00000000	      0.00229233	     -0.00000000	     -0.00000000	     -0.03886463	     -0.00000000	      0.00000000	      0.00000000
      1.66400000	      0.00000000	      0.00000000	      0.00000000	      0.00000000	      0.00000000	      0.00000000	      0.00000000	      0.00000000	      0.00000000	      0.00000000	      0.00000000	      0.00000000	      0.00000000	      0.00000000	      0.00000000	      0.00000000	      0.00000000	      0.00000000	      0.00000000	      0.00000000	      0.00000000	      0.00000000	      0.00000000	      0.00000000	      0.00000000	      0.00000000	      0.00000000	      0.00000000	      0.00000000	      0.00000000	      0.00000000	      0.00000000	      0.00000000	      0.00000000	      0.00000000	      0.00000000	      0.00000000	      0.00000000	      0.00000000	      0.00000000	      0.00000000	      0.00000000	      0.00592503	      0.00637362	      0.00108888	     -0.00626259	      0.00000000	     -0.00000000	     -0.00000000	      0.00000000	      0.00000000	     -0.00000000	      0.00000000	      0.00000000	      0.00000000	     -0.00000000	     -0.01945059	     -0.00979322	      0.00152933	     -0.00859347	      0.00665414	      0.00000000	     -0.03199090	     -0.00053550	     -0.00000000	      0.00000000	      0.00000000	     -0.02727946	      0.00000000	      0.00180707	     -0.04540639	      0.00000000	     -0.00153492	     -0.00403305	      0.00071053	     -0.00056882	      0.00000000	      0.00320496	      0.00000000	      0.00000000	     -0.03886976	      0.00000000	     -0.00000000	      0.00000000
      1.67450000	      0.00000000	      0.00000000	      0.00000000	      0.00000000	      0.00000000	      0.00000000	      0.00000000	      0.00000000	      0.00000000	      0.00000000	      0.00000000	      0.00000000	      0.00000000	      0.00000000	      0.00000000	      0.00000000	      0.00000000	      0.00000000	      0.00000000	      0.00000000	      0.00000000	      0.00000000	      0.00000000	      0.00000000	      0.00000000	      0.00000000	      0.00000000	      0.00000000	      0.00000000	      0.00000000	      0.00000000	      0.00000000	      0.00000000	      0.00000000	      0.00000000	      0.00000000	      0.00000000	      0.00000000	      0.00000000	      0.00000000	      0.00000000	      0.00000000	      0.00583799	      0.00637953	      0.00076141	     -0.00634090	      0.00000000	      0.00000000	     -0.00000000	      0.00000000	      0.00000000	      0.00000000	      0.00000000	     -0.00000000	      0.00000000	      0.00000000	     -0.01883020	     -0.00837326	      0.00288062	     -0.00852382	      0.00681910	      0.00000000	     -0.03260816	     -0.00053838	      0.00000000	      0.00000000	      0.00000000	     -0.02633485	     -0.00000000	      0.00177053	     -0.04566187	      0.00000000	     -0.00153114	     -0.00424846	      0.00076675	     -0.00048311	      0.00000000	      0.00412251	     -0.00000000	      0.00000000	     -0.03882465	      0.00000000	      0.00000000	      0.00000000
      1.68500000	      0.00000000	      0.00000000	      0.00000000	      0.00000000	      0.00000000	      0.00000000	      0.00000000	      0.00000000	      0.00000000	      0.00000000	      0.00000000	      0.00000000	      0.00000000	      0.00000000	      0.00000000	      0.00000000	      0.00000000	      0.00000000	      0.00000000	      0.00000000	      0.00000000	      0.00000000	      0.00000000	      0.00000000	      0.00000000	      0.00000000	      0.00000000	      0.00000000	      0.00000000	      0.00000000	      0.00000000	      0.00000000	      0.00000000	      0.00000000	      0.00000000	      0.00000000	      0.00000000	      0.00000000	      0.00000000	      0.00000000	      0.00000000	      0.00000000	      0.00574764	      0.00638296	      0.00043983	     -0.00641225	      0.00000000	      0.00000000	      0.00000000	      0.00000000	      0.00000000	      0.00000000	      0.00000000	      0.00000000	      0.00000000	      0.00000000	     -0.01822505	     -0.00695390	      0.00422569	     -0.00843386	      0.00698280	      0.00000000	     -0.03318667	     -0.00054052	      0.00000000	      0.00000000	      0.00000000	     -0.02536939	     -0.00000000	      0.00173190	     -0.04584074	      0.00000000	     -0.00153212	     -0.00446009	      0.00081673	     -0.00040283	      0.00000000	      0.00503507	      0.00000000	      0.00000000	     -0.03873056	     -0.00000000	     -0.00000000	     -0.00000000
      1.69550000	      0.00000000	      0.00000000	      0.00000000	      0.00000000	      0.00000000	      0.00000000	      0.00000000	      0.00000000	      0.00000000	      0.00000000	      0.00000000	      0.00000000	      0.00000000	      0.00000000	      0.00000000	      0.00000000	      0.00000000	      0.00000000	      0.00000000	      0.00000000	      0.00000000	      0.00000000	      0.00000000	      0.00000000	      0.00000000	      0.00000000	      0.00000000	      0.00000000	      0.00000000	      0.00000000	      0.00000000	      0.00000000	      0.00000000	      0.00000000	      0.00000000	      0.00000000	      0.00000000	      0.00000000	      0.00000000	      0.00000000	      0.00000000	      0.00000000	      0.00565385	      0.00638365	      0.00012728	     -0.00647748	     -0.00000000	     -0.00000000	      0.00000000	      0.00000000	      0.00000000	      0.00000000	      0.00000000	     -0.00000000	     -0.00000000	      0.00000000	     -0.01763641	     -0.00554703	      0.00555333	     -0.00832832	      0.00714371	      0.00000000	     -0.03372150	     -0.00054244	      0.00000000	      0.00000000	     -0.00000000	     -0.02439446	      0.00000000	      0.00169012	     -0.04594481	      0.00000000	     -0.00153891	     -0.00466601	      0.00085856	     -0.00033157	      0.00000000	      0.00593317	      0.00000000	      0.00000000	     -0.03858984	      0.00000000	      0.00000000	      0.00000000
      1.70600000	      0.00000000	      0.00000000	      0.00000000	      0.00000000	      0.00000000	      0.00000000	      0.00000000	      0.00000000	      0.00000000	      0.00000000	      0.00000000	      0.00000000	      0.00000000	      0.00000000	      0.00000000	      0.00000000	      0.00000000	      0.00000000	      0.00000000	      0.00000000	      0.00000000	      0.00000000	      0.00000000	      0.00000000	      0.00000000	      0.00000000	      0.00000000	      0.00000000	      0.00000000	      0.00000000	      0.00000000	      0.00000000	      0.00000000	      0.00000000	      0.00000000	      0.00000000	      0.00000000	      0.00000000	      0.00000000	      0.00000000	      0.00000000	      0.00000000	      0.00555695	      0.00638154	     -0.00017323	     -0.00653810	      0.00000000	     -0.00000000	      0.00000000	      0.00000000	      0.00000000	     -0.00000000	     -0.00000000	      0.00000000	     -0.00000000	     -0.00000000	     -0.01706451	     -0.00415935	      0.00685603	     -0.00821221	      0.00730085	      0.00000000	     -0.03420900	     -0.00054406	     -0.00000000	     -0.00000000	      0.00000000	     -0.02342013	     -0.00000000	      0.00164381	     -0.04597775	      0.00000000	     -0.00155288	     -0.00486467	      0.00089014	     -0.00027309	      0.00000000	      0.00680769	      0.00000000	      0.00000000	     -0.03840546	      0.00000000	     -0.00000000	     -0.00000000
      1.71650000	      0.00000000	      0.00000000	      0.00000000	      0.00000000	      0.00000000	      0.00000000	      0.00000000	      0.00000000	      0.00000000	      0.00000000	      0.00000000	      0.00000000	      0.00000000	      0.00000000	      0.00000000	      0.00000000	      0.00000000	      0.00000000	      0.00000000	      0.00000000	      0.00000000	      0.00000000	      0.00000000	      0.00000000	      0.00000000	      0.00000000	      0.00000000	      0.00000000	      0.00000000	      0.00000000	      0.00000000	      0.00000000	      0.00000000	      0.00000000	      0.00000000	      0.00000000	      0.00000000	      0.00000000	      0.00000000	      0.00000000	      0.00000000	      0.00000000	      0.00545737	      0.00637665	     -0.00045882	     -0.00659521	      0.00000000	      0.00000000	      0.00000000	      0.00000000	      0.00000000	      0.00000000	      0.00000000	      0.00000000	      0.00000000	      0.00000000	     -0.01650895	     -0.00279771	      0.00812651	     -0.00808987	      0.00745316	      0.00000000	     -0.03464638	     -0.00054540	      0.00000000	      0.00000000	      0.00000000	     -0.02245663	     -0.00000000	      0.00159139	     -0.04594503	      0.00000000	     -0.00157516	     -0.00505462	      0.00091012	     -0.00022997	      0.00000000	      0.00764966	      0.00000000	      0.00000000	     -0.03818192	      0.00000000	      0.00000000	     -0.00000000
      1.72700000	      0.00000000	      0.00000000	      0.00000000	      0.00000000	      0.00000000	      0.00000000	      0.00000000	      0.00000000	      0.00000000	      0.00000000	      0.00000000	      0.00000000	      0.00000000	      0.00000000	      0.00000000	      0.00000000	      0.00000000	      0.00000000	      0.00000000	      0.00000000	      0.00000000	      0.00000000	      0.00000000	      0.00000000	      0.00000000	      0.00000000	      0.00000000	      0.00000000	      0.00000000	      0.00000000	      0.00000000	      0.00000000	      0.00000000	      0.00000000	      0.00000000	      0.00000000	      0.00000000	      0.00000000	      0.00000000	      0.00000000	      0.00000000	      0.00000000	      0.00535630	      0.00636922	     -0.00072574	     -0.00664900	     -0.00000000	     -0.00000000	     -0.00000000	      0.00000000	      0.00000000	      0.00000000	     -0.00000000	     -0.00000000	      0.00000000	      0.00000000	     -0.01597184	     -0.00147517	      0.00935231	     -0.00796492	      0.00759899	      0.00000000	     -0.03503036	     -0.00054643	     -0.00000000	     -0.00000000	     -0.00000000	     -0.02151768	      0.00000000	      0.00153178	     -0.04585426	      0.00000000	     -0.00160618	     -0.00523378	      0.00091815	     -0.00020318	     -0.00000000	      0.00844785	     -0.00000000	     -0.00000000	     -0.03792615	     -0.00000000	     -0.00000000	      0.00000000
      1.73750000	      0.00000000	      0.00000000	      0.00000000	      0.00000000	      0.00000000	      0.00000000	      0.00000000	      0.00000000	      0.00000000	      0.00000000	      0.00000000	      0.00000000	      0.00000000	      0.00000000	      0.00000000	      0.00000000	      0.00000000	      0.00000000	      0.00000000	      0.00000000	      0.00000000	      0.00000000	      0.00000000	      0.00000000	      0.00000000	      0.00000000	      0.00000000	      0.00000000	      0.00000000	      0.00000000	      0.00000000	      0.00000000	      0.00000000	      0.00000000	      0.00000000	      0.00000000	      0.00000000	      0.00000000	      0.00000000	      0.00000000	      0.00000000	      0.00000000	      0.00525475	      0.00635954	     -0.00097140	     -0.00669897	      0.00000000	     -0.00000000	     -0.00000000	      0.00000000	      0.00000000	      0.00000000	     -0.00000000	     -0.00000000	      0.00000000	      0.00000000	     -0.01545436	     -0.00020427	      0.01052252	     -0.00783904	      0.00773675	      0.00000000	     -0.03536050	     -0.00054747	      0.00000000	     -0.00000000	      0.00000000	     -0.02061537	      0.00000000	      0.00146410	     -0.04571539	      0.00000000	     -0.00164579	     -0.00540060	      0.00091518	     -0.00019152	     -0.00000000	      0.00919378	     -0.00000000	     -0.00000000	     -0.03764688	      0.00000000	      0.00000000	      0.00000000
      1.74800000	      0.00000000	      0.00000000	      0.00000000	      0.00000000	      0.00000000	      0.00000000	      0.00000000	      0.00000000	      0.00000000	      0.00000000	      0.00000000	      0.00000000	      0.00000000	      0.00000000	      0.00000000	      0.00000000	      0.00000000	      0.00000000	      0.00000000	      0.00000000	      0.00000000	      0.00000000	      0.00000000	      0.00000000	      0.00000000	      0.00000000	      0.00000000	      0.00000000	      0.00000000	      0.00000000	      0.00000000	      0.00000000	      0.00000000	      0.00000000	      0.00000000	      0.00000000	      0.00000000	      0.00000000	      0.00000000	      0.00000000	      0.00000000	      0.00000000	      0.00515296	      0.00634795	     -0.00119650	     -0.00674392	      0.00000000	     -0.00000000	      0.00000000	      0.00000000	      0.00000000	      0.00000000	      0.00000000	     -0.00000000	      0.00000000	      0.00000000	     -0.01495475	      0.00101090	      0.01163561	     -0.00771015	      0.00786608	      0.00000000	     -0.03564143	     -0.00054916	     -0.00000000	     -0.00000000	      0.00000000	     -0.01975229	     -0.00000000	      0.00138818	     -0.04553862	      0.00000000	     -0.00169312	     -0.00555538	      0.00090367	     -0.00019112	      0.00000000	      0.00988898	     -0.00000000	      0.00000000	     -0.03735136	      0.00000000	      0.00000000	      0.00000000
      1.75850000	      0.00000000	      0.00000000	      0.00000000	      0.00000000	      0.00000000	      0.00000000	      0.00000000	      0.00000000	      0.00000000	      0.00000000	      0.00000000	      0.00000000	      0.00000000	      0.00000000	      0.00000000	      0.00000000	      0.00000000	      0.00000000	      0.00000000	      0.00000000	      0.00000000	      0.00000000	      0.00000000	      0.00000000	      0.00000000	      0.00000000	      0.00000000	      0.00000000	      0.00000000	      0.00000000	      0.00000000	      0.00000000	      0.00000000	      0.00000000	      0.00000000	      0.00000000	      0.00000000	      0.00000000	      0.00000000	      0.00000000	      0.00000000	      0.00000000	      0.00505160	      0.00633482	     -0.00140173	     -0.00678276	     -0.00000000	      0.00000000	     -0.00000000	      0.00000000	      0.00000000	      0.00000000	      0.00000000	      0.00000000	      0.00000000	      0.00000000	     -0.01447217	      0.00216894	      0.01269160	     -0.00757523	      0.00798695	      0.00000000	     -0.03587758	     -0.00055158	      0.00000000	      0.00000000	      0.00000000	     -0.01892986	      0.00000000	      0.00130424	     -0.04533264	      0.00000000	     -0.00174745	     -0.00569855	      0.00088592	     -0.00019817	     -0.00000000	      0.01053504	      0.00000000	      0.00000000	     -0.03704544	     -0.00000000	     -0.00000000	      0.00000000
      1.76900000	      0.00000000	      0.00000000	      0.00000000	      0.00000000	      0.00000000	      0.00000000	      0.00000000	      0.00000000	      0.00000000	      0.00000000	      0.00000000	      0.00000000	      0.00000000	      0.00000000	      0.00000000	      0.00000000	      0.00000000	      0.00000000	      0.00000000	      0.00000000	      0.00000000	      0.00000000	      0.00000000	      0.00000000	      0.00000000	      0.00000000	      0.00000000	      0.00000000	      0.00000000	      0.00000000	      0.00000000	      0.00000000	      0.00000000	      0.00000000	      0.00000000	      0.00000000	      0.00000000	      0.00000000	      0.00000000	      0.00000000	      0.00000000	      0.00000000	      0.00495124	      0.00632046	     -0.00158668	     -0.00681427	     -0.00000000	     -0.00000000	     -0.00000000	      0.00000000	      0.00000000	      0.00000000	      0.00000000	      0.00000000	      0.00000000	     -0.00000000	     -0.01400562	      0.00326573	      0.01368701	     -0.00743212	      0.00809873	      0.00000000	     -0.03607219	     -0.00055494	      0.00000000	     -0.00000000	      0.00000000	     -0.01815407	      0.00000000	      0.00121143	     -0.04510587	      0.00000000	     -0.00180806	     -0.00582980	      0.00086421	     -0.00020907	      0.00000000	      0.01112837	      0.00000000	      0.00000000	     -0.03673672	     -0.00000000	     -0.00000000	     -0.00000000
      1.77950000	      0.00000000	      0.00000000	      0.00000000	      0.00000000	      0.00000000	      0.00000000	      0.00000000	      0.00000000	      0.00000000	      0.00000000	      0.00000000	      0.00000000	      0.00000000	      0.00000000	      0.00000000	      0.00000000	      0.00000000	      0.00000000	      0.00000000	      0.00000000	      0.00000000	      0.00000000	      0.00000000	      0.00000000	      0.00000000	      0.00000000	      0.00000000	      0.00000000	      0.00000000	      0.00000000	      0.00000000	      0.00000000	      0.00000000	      0.00000000	      0.00000000	      0.00000000	      0.00000000	      0.00000000	      0.00000000	      0.00000000	      0.00000000	      0.00000000	      0.00485158	      0.00630502	     -0.00175176	     -0.00683638	      0.00000000	     -0.00000000	     -0.00000000	      0.00000000	      0.00000000	     -0.00000000	     -0.00000000	     -0.00000000	      0.00000000	     -0.00000000	     -0.01355265	      0.00429597	      0.01461841	     -0.00727744	      0.00820053	      0.00000000	     -0.03623016	     -0.00056016	     -0.00000000	     -0.00000000	      0.00000000	     -0.01743038	      0.00000000	      0.00110860	     -0.04486714	      0.00000000	     -0.00187358	     -0.00594910	      0.00084182	     -0.00021869	     -0.00000000	      0.01166689	      0.00000000	     -0.00000000	     -0.03643408	      0.00000000	      0.00000000	      0.00000000
      1.79000000	      0.00000000	      0.00000000	      0.00000000	      0.00000000	      0.00000000	      0.00000000	      0.00000000	      0.00000000	      0.00000000	      0.00000000	      0.00000000	      0.00000000	      0.00000000	      0.00000000	      0.00000000	      0.00000000	      0.00000000	      0.00000000	      0.00000000	      0.00000000	      0.00000000	      0.00000000	      0.00000000	      0.00000000	      0.00000000	      0.00000000	      0.00000000	      0.00000000	      0.00000000	      0.00000000	      0.00000000	      0.00000000	      0.00000000	      0.00000000	      0.00000000	      0.00000000	      0.00000000	      0.00000000	      0.00000000	      0.00000000	      0.00000000	      0.00000000	      0.00475231	      0.00628867	     -0.00189884	     -0.00684661	      0.00000000	      0.00000000	     -0.00000000	      0.00000000	      0.00000000	      0.00000000	      0.00000000	      0.00000000	      0.00000000	      0.00000000	     -0.01311186	      0.00525641	      0.01548518	     -0.00710589	      0.00829201	      0.00000000	     -0.03635793	     -0.00056818	      0.00000000	      0.00000000	      0.00000000	     -0.01675959	      0.00000000	      0.00099612	     -0.04462424	      0.00000000	     -0.00194204	     -0.00605716	      0.00082268	     -0.00022080	      0.00000000	      0.01215394	      0.00000000	      0.00000000	     -0.03614441	     -0.00000000	      0.00000000	      0.00000000
      1.80050000	      0.00000000	      0.00000000	      0.00000000	      0.00000000	      0.00000000	      0.00000000	      0.00000000	      0.00000000	      0.00000000	      0.00000000	      0.00000000	      0.00000000	      0.00000000	      0.00000000	      0.00000000	      0.00000000	      0.00000000	      0.00000000	      0.00000000	      0.00000000	      0.00000000	      0.00000000	      0.00000000	      0.00000000	      0.00000000	      0.00000000	      0.00000000	      0.00000000	      0.00000000	      0.00000000	      0.00000000	      0.00000000	      0.00000000	      0.00000000	      0.00000000	      0.00000000	      0.00000000	      0.00000000	      0.00000000	      0.00000000	      0.00000000	      0.00000000	      0.00465347	      0.00627158	     -0.00202990	     -0.00684271	      0.00000000	      0.00000000	      0.00000000	      0.00000000	      0.00000000	     -0.00000000	      0.00000000	     -0.00000000	      0.00000000	      0.00000000	     -0.01268320	      0.00614490	      0.01628734	     -0.00691209	      0.00837311	      0.00000000	     -0.03646151	     -0.00057954	     -0.00000000	     -0.00000000	      0.00000000	     -0.01614138	     -0.00000000	      0.00087519	     -0.04438365	      0.00000000	     -0.00201147	     -0.00615482	      0.00081036	     -0.00020976	      0.00000000	      0.01259369	      0.00000000	      0.00000000	     -0.03587301	     -0.00000000	     -0.00000000	      0.00000000
      1.81100000	      0.00000000	      0.00000000	      0.00000000	      0.00000000	      0.00000000	      0.00000000	      0.00000000	      0.00000000	      0.00000000	      0.00000000	      0.00000000	      0.00000000	      0.00000000	      0.00000000	      0.00000000	      0.00000000	      0.00000000	      0.00000000	      0.00000000	      0.00000000	      0.00000000	      0.00000000	      0.00000000	      0.00000000	      0.00000000	      0.00000000	      0.00000000	      0.00000000	      0.00000000	      0.00000000	      0.00000000	      0.00000000	      0.00000000	      0.00000000	      0.00000000	      0.00000000	      0.00000000	      0.00000000	      0.00000000	      0.00000000	      0.00000000	      0.00000000	      0.00455449	      0.00625377	     -0.00214728	     -0.00682259	      0.00000000	     -0.00000000	     -0.00000000	      0.00000000	      0.00000000	      0.00000000	     -0.00000000	     -0.00000000	      0.00000000	      0.00000000	     -0.01226567	      0.00695972	      0.01702552	     -0.00669149	      0.00844374	      0.00000000	     -0.03654725	     -0.00059513	     -0.00000000	     -0.00000000	     -0.00000000	     -0.01557475	      0.00000000	      0.00074689	     -0.04415108	      0.00000000	     -0.00207975	     -0.00624304	      0.00080827	     -0.00018033	     -0.00000000	      0.01299096	     -0.00000000	     -0.00000000	     -0.03562486	     -0.00000000	      0.00000000	      0.00000000
      1.82150000	      0.00000000	      0.00000000	      0.00000000	      0.00000000	      0.00000000	      0.00000000	      0.00000000	      0.00000000	      0.00000000	      0.00000000	      0.00000000	      0.00000000	      0.00000000	      0.00000000	      0.00000000	      0.00000000	      0.00000000	      0.00000000	      0.00000000	      0.00000000	      0.00000000	      0.00000000	      0.00000000	      0.00000000	      0.00000000	      0.00000000	      0.00000000	      0.00000000	      0.00000000	      0.00000000	      0.00000000	      0.00000000	      0.00000000	      0.00000000	      0.00000000	      0.00000000	      0.00000000	      0.00000000	      0.00000000	      0.00000000	      0.00000000	      0.00000000	      0.00445444	      0.00623517	     -0.00225340	     -0.00678460	     -0.00000000	     -0.00000000	     -0.00000000	      0.00000000	      0.00000000	     -0.00000000	     -0.00000000	     -0.00000000	     -0.00000000	     -0.00000000	     -0.01185759	      0.00769995	      0.01770096	     -0.00644077	      0.00850381	      0.00000000	     -0.03662134	     -0.00061597	     -0.00000000	     -0.00000000	     -0.00000000	     -0.01505818	      0.00000000	      0.00061204	     -0.04393125	      0.00000000	     -0.00214453	     -0.00632286	      0.00081932	     -0.00012825	     -0.00000000	      0.01335078	     -0.00000000	     -0.00000000	     -0.03540443	      0.00000000	     -0.00000000	      0.00000000
      1.83200000	      0.00000000	      0.00000000	      0.00000000	      0.00000000	      0.00000000	      0.00000000	      0.00000000	      0.00000000	      0.00000000	      0.00000000	      0.00000000	      0.00000000	      0.00000000	      0.00000000	      0.00000000	      0.00000000	      0.00000000	      0.00000000	      0.00000000	      0.00000000	      0.00000000	      0.00000000	      0.00000000	      0.00000000	      0.00000000	      0.00000000	      0.00000000	      0.00000000	      0.00000000	      0.00000000	      0.00000000	      0.00000000	      0.00000000	      0.00000000	      0.00000000	      0.00000000	      0.00000000	      0.00000000	      0.00000000	      0.00000000	      0.00000000	      0.00000000	      0.00435313	      0.00621576	     -0.00235012	     -0.00672833	     -0.00000000	     -0.00000000	     -0.00000000	      0.00000000	      0.00000000	     -0.00000000	     -0.00000000	     -0.00000000	     -0.00000000	     -0.00000000	     -0.01145848	      0.00836683	      0.01831578	     -0.00615876	      0.00855355	      0.00000000	     -0.03668828	     -0.00064235	     -0.00000000	     -0.00000000	     -0.00000000	     -0.01458963	      0.00000000	      0.00047198	     -0.04372728	      0.00000000	     -0.00220319	     -0.00639515	      0.00084505	     -0.00005152	      0.00000000	      0.01367727	     -0.00000000	     -0.00000000	     -0.03521408	      0.00000000	     -0.00000000	     -0.00000000
      1.84250000	      0.00000000	      0.00000000	      0.00000000	      0.00000000	      0.00000000	      0.00000000	      0.00000000	      0.00000000	      0.00000000	      0.00000000	      0.00000000	      0.00000000	      0.00000000	      0.00000000	      0.00000000	      0.00000000	      0.00000000	      0.00000000	      0.00000000	      0.00000000	      0.00000000	      0.00000000	      0.00000000	      0.00000000	      0.00000000	      0.00000000	      0.00000000	      0.00000000	      0.00000000	      0.00000000	      0.00000000	      0.00000000	      0.00000000	      0.00000000	      0.00000000	      0.00000000	      0.00000000	      0.00000000	      0.00000000	      0.00000000	      0.00000000	      0.00000000	      0.00425083	      0.00619564	     -0.00243892	     -0.00665444	      0.00000000	     -0.00000000	     -0.00000000	      0.00000000	      0.00000000	      0.00000000	      0.00000000	     -0.00000000	     -0.00000000	     -0.00000000	     -0.01106920	      0.00896198	      0.01887189	     -0.00584632	      0.00859340	      0.00000000	     -0.03675146	     -0.00067412	     -0.00000000	     -0.00000000	     -0.00000000	     -0.01416695	     -0.00000000	      0.00032867	     -0.04354135	      0.00000000	     -0.00225319	     -0.00646065	      0.00088584	      0.00005004	     -0.00000000	      0.01397404	     -0.00000000	     -0.00000000	     -0.03505479	     -0.00000000	     -0.00000000	      0.00000000
      1.85300000	      0.00000000	      0.00000000	      0.00000000	      0.00000000	      0.00000000	      0.00000000	      0.00000000	      0.00000000	      0.00000000	      0.00000000	      0.00000000	      0.00000000	      0.00000000	      0.00000000	      0.00000000	      0.00000000	      0.00000000	      0.00000000	      0.00000000	      0.00000000	      0.00000000	      0.00000000	      0.00000000	      0.00000000	      0.00000000	      0.00000000	      0.00000000	      0.00000000	      0.00000000	      0.00000000	      0.00000000	      0.00000000	      0.00000000	      0.00000000	      0.00000000	      0.00000000	      0.00000000	      0.00000000	      0.00000000	      0.00000000	      0.00000000	      0.00000000	      0.00414839	      0.00617498	     -0.00252098	     -0.00656462	      0.00000000	     -0.00000000	     -0.00000000	      0.00000000	      0.00000000	     -0.00000000	     -0.00000000	      0.00000000	     -0.00000000	     -0.00000000	     -0.01069240	      0.00948670	      0.01937054	     -0.00550645	      0.00862398	      0.00000000	     -0.03681335	     -0.00071075	     -0.00000000	     -0.00000000	     -0.00000000	     -0.01378799	     -0.00000000	      0.00018495	     -0.04337504	      0.00000000	     -0.00229253	     -0.00651996	      0.00094094	      0.00017474	     -0.00000000	      0.01424434	     -0.00000000	      0.00000000	     -0.03492617	     -0.00000000	      0.00000000	      0.00000000
      1.86350000	      0.00000000	      0.00000000	      0.00000000	      0.00000000	      0.00000000	      0.00000000	      0.00000000	      0.00000000	      0.00000000	      0.00000000	      0.00000000	      0.00000000	      0.00000000	      0.00000000	      0.00000000	      0.00000000	      0.00000000	      0.00000000	      0.00000000	      0.00000000	      0.00000000	      0.00000000	      0.00000000	      0.00000000	      0.00000000	      0.00000000	      0.00000000	      0.00000000	      0.00000000	      0.00000000	      0.00000000	      0.00000000	      0.00000000	      0.00000000	      0.00000000	      0.00000000	      0.00000000	      0.00000000	      0.00000000	      0.00000000	      0.00000000	      0.00000000	      0.00404671	      0.00615396	     -0.00259726	     -0.00646159	     -0.00000000	      0.00000000	     -0.00000000	      0.00000000	      0.00000000	      0.00000000	      0.00000000	     -0.00000000	      0.00000000	      0.00000000	     -0.01033090	      0.00994319	      0.01981343	     -0.00514445	      0.00864607	      0.00000000	     -0.03687565	     -0.00075151	     -0.00000000	     -0.00000000	     -0.00000000	     -0.01345030	     -0.00000000	      0.00004362	     -0.04322911	      0.00000000	     -0.00232031	     -0.00657357	      0.00100860	      0.00031927	     -0.00000000	      0.01449101	      0.00000000	      0.00000000	     -0.03482682	      0.00000000	     -0.00000000	      0.00000000
      1.87400000	      0.00000000	      0.00000000	      0.00000000	      0.00000000	      0.00000000	      0.00000000	      0.00000000	      0.00000000	      0.00000000	      0.00000000	      0.00000000	      0.00000000	      0.00000000	      0.00000000	      0.00000000	      0.00000000	      0.00000000	      0.00000000	      0.00000000	      0.00000000	      0.00000000	      0.00000000	      0.00000000	      0.00000000	      0.00000000	      0.00000000	      0.00000000	      0.00000000	      0.00000000	      0.00000000	      0.00000000	      0.00000000	      0.00000000	      0.00000000	      0.00000000	      0.00000000	      0.00000000	      0.00000000	      0.00000000	      0.00000000	      0.00000000	      0.00000000	      0.00394746	      0.00613296	     -0.00266783	     -0.00634927	      0.00000000	      0.00000000	      0.00000000	      0.00000000	      0.00000000	      0.00000000	      0.00000000	     -0.00000000	     -0.00000000	     -0.00000000	     -0.00998786	      0.01033638	      0.02020342	     -0.00476823	      0.00866079	      0.00000000	     -0.03693805	     -0.00079492	     -0.00000000	     -0.00000000	     -0.00000000	     -0.01315168	      0.00000000	     -0.00009284	     -0.04310288	      0.00000000	     -0.00233693	     -0.00662175	      0.00108573	      0.00047818	     -0.00000000	      0.01471473	      0.00000000	     -0.00000000	     -0.03475365	      0.00000000	      0.00000000	      0.00000000
      1.88450000	      0.00000000	      0.00000000	      0.00000000	      0.00000000	      0.00000000	      0.00000000	      0.00000000	      0.00000000	      0.00000000	      0.00000000	      0.00000000	      0.00000000	      0.00000000	      0.00000000	      0.00000000	      0.00000000	      0.00000000	      0.00000000	      0.00000000	      0.00000000	      0.00000000	      0.00000000	      0.00000000	      0.00000000	      0.00000000	      0.00000000	      0.00000000	      0.00000000	      0.00000000	      0.00000000	      0.00000000	      0.00000000	      0.00000000	      0.00000000	      0.00000000	      0.00000000	      0.00000000	      0.00000000	      0.00000000	      0.00000000	      0.00000000	      0.00000000	      0.00385239	      0.00611239	     -0.00273254	     -0.00623197	      0.00000000	      0.00000000	      0.00000000	      0.00000000	      0.00000000	     -0.00000000	     -0.00000000	     -0.00000000	      0.00000000	      0.00000000	     -0.00966721	      0.01067030	      0.02054249	     -0.00438714	      0.00866925	      0.00000000	     -0.03699984	     -0.00083947	     -0.00000000	     -0.00000000	     -0.00000000	     -0.01289059	      0.00000000	     -0.00022181	     -0.04299569	      0.00000000	     -0.00234468	     -0.00666460	      0.00116878	      0.00064533	     -0.00000000	      0.01491560	      0.00000000	     -0.00000000	     -0.03470340	      0.00000000	      0.00000000	     -0.00000000
      1.89500000	      0.00000000	      0.00000000	      0.00000000	      0.00000000	      0.00000000	      0.00000000	      0.00000000	      0.00000000	      0.00000000	      0.00000000	      0.00000000	      0.00000000	      0.00000000	      0.00000000	      0.00000000	      0.00000000	      0.00000000	      0.00000000	      0.00000000	      0.00000000	      0.00000000	      0.00000000	      0.00000000	      0.00000000	      0.00000000	      0.00000000	      0.00000000	      0.00000000	      0.00000000	      0.00000000	      0.00000000	      0.00000000	      0.00000000	      0.00000000	      0.00000000	      0.00000000	      0.00000000	      0.00000000	      0.00000000	      0.00000000	      0.00000000	      0.00000000	      0.00376303	      0.00609264	     -0.00279158	     -0.00611366	     -0.00000000	     -0.00000000	     -0.00000000	      0.00000000	      0.00000000	      0.00000000	      0.00000000	     -0.00000000	     -0.00000000	     -0.00000000	     -0.00937507	      0.01094254	      0.02082809	     -0.00401067	      0.00867211	      0.00000000	     -0.03706157	     -0.00088429	      0.00000000	      0.00000000	      0.00000000	     -0.01266758	     -0.00000000	     -0.00033958	     -0.04290890	      0.00000000	     -0.00234640	     -0.00670205	      0.00125467	      0.00081520	      0.00000000	      0.01509403	     -0.00000000	      0.00000000	     -0.03467459	     -0.00000000	      0.00000000	      0.00000000
      1.90550000	      0.00000000	      0.00000000	      0.00000000	      0.00000000	      0.00000000	      0.00000000	      0.00000000	      0.00000000	      0.00000000	      0.00000000	      0.00000000	      0.00000000	      0.00000000	      0.00000000	      0.00000000	      0.00000000	      0.00000000	      0.00000000	      0.00000000	      0.00000000	      0.00000000	      0.00000000	      0.00000000	      0.00000000	      0.00000000	      0.00000000	      0.00000000	      0.00000000	      0.00000000	      0.00000000	      0.00000000	      0.00000000	      0.00000000	      0.00000000	      0.00000000	      0.00000000	      0.00000000	      0.00000000	      0.00000000	      0.00000000	      0.00000000	      0.00000000	      0.00368138	      0.00607428	     -0.00284463	     -0.00599852	     -0.00000000	      0.00000000	     -0.00000000	      0.00000000	      0.00000000	      0.00000000	      0.00000000	     -0.00000000	     -0.00000000	      0.00000000	     -0.00911846	      0.01115150	      0.02105773	     -0.00364903	      0.00867026	      0.00000000	     -0.03712277	     -0.00092804	     -0.00000000	     -0.00000000	     -0.00000000	     -0.01248380	      0.00000000	     -0.00044243	     -0.04284333	      0.00000000	     -0.00234497	     -0.00673383	      0.00133994	      0.00098175	     -0.00000000	      0.01524916	     -0.00000000	      0.00000000	     -0.03466493	     -0.00000000	     -0.00000000	      0.00000000
      1.91600000	      0.00000000	      0.00000000	      0.00000000	      0.00000000	      0.00000000	      0.00000000	      0.00000000	      0.00000000	      0.00000000	      0.00000000	      0.00000000	      0.00000000	      0.00000000	      0.00000000	      0.00000000	      0.00000000	      0.00000000	      0.00000000	      0.00000000	      0.00000000	      0.00000000	      0.00000000	      0.00000000	      0.00000000	      0.00000000	      0.00000000	      0.00000000	      0.00000000	      0.00000000	      0.00000000	      0.00000000	      0.00000000	      0.00000000	      0.00000000	      0.00000000	      0.00000000	      0.00000000	      0.00000000	      0.00000000	      0.00000000	      0.00000000	      0.00000000	      0.00361006	      0.00605798	     -0.00289054	     -0.00589084	      0.00000000	      0.00000000	      0.00000000	      0.00000000	      0.00000000	     -0.00000000	     -0.00000000	      0.00000000	     -0.00000000	     -0.00000000	     -0.00890198	      0.01130533	      0.02123575	     -0.00331182	      0.00866548	      0.00000000	     -0.03718006	     -0.00096829	     -0.00000000	      0.00000000	      0.00000000	     -0.01233718	      0.00000000	     -0.00052842	     -0.04279606	      0.00000000	     -0.00234410	     -0.00675991	      0.00142063	      0.00113842	     -0.00000000	      0.01537942	     -0.00000000	      0.00000000	     -0.03466827	      0.00000000	     -0.00000000	      0.00000000
      1.92650000	      0.00000000	      0.00000000	      0.00000000	      0.00000000	      0.00000000	      0.00000000	      0.00000000	      0.00000000	      0.00000000	      0.00000000	      0.00000000	      0.00000000	      0.00000000	      0.00000000	      0.00000000	      0.00000000	      0.00000000	      0.00000000	      0.00000000	      0.00000000	      0.00000000	      0.00000000	      0.00000000	      0.00000000	      0.00000000	      0.00000000	      0.00000000	      0.00000000	      0.00000000	      0.00000000	      0.00000000	      0.00000000	      0.00000000	      0.00000000	      0.00000000	      0.00000000	      0.00000000	      0.00000000	      0.00000000	      0.00000000	      0.00000000	      0.00000000	      0.00355004	      0.00604411	     -0.00292935	     -0.00579371	     -0.00000000	      0.00000000	      0.00000000	      0.00000000	      0.00000000	      0.00000000	      0.00000000	      0.00000000	      0.00000000	     -0.00000000	     -0.00872664	      0.01141289	      0.02136863	     -0.00300679	      0.00865929	      0.00000000	     -0.03723176	     -0.00100371	     -0.00000000	     -0.00000000	      0.00000000	     -0.01222311	     -0.00000000	     -0.00059703	     -0.04276380	      0.00000000	     -0.00234585	     -0.00678075	      0.00149397	      0.00128052	      0.00000000	      0.01548663	      0.00000000	      0.00000000	     -0.03467912	     -0.00000000	     -0.00000000	     -0.00000000
      1.93700000	      0.00000000	      0.00000000	      0.00000000	      0.00000000	      0.00000000	      0.00000000	      0.00000000	      0.00000000	      0.00000000	      0.00000000	      0.00000000	      0.00000000	      0.00000000	      0.00000000	      0.00000000	      0.00000000	      0.00000000	      0.00000000	      0.00000000	      0.00000000	      0.00000000	      0.00000000	      0.00000000	      0.00000000	      0.00000000	      0.00000000	      0.00000000	      0.00000000	      0.00000000	      0.00000000	      0.00000000	      0.00000000	      0.00000000	      0.00000000	      0.00000000	      0.00000000	      0.00000000	      0.00000000	      0.00000000	      0.00000000	      0.00000000	      0.00000000	      0.00350110	      0.00603273	     -0.00296176	     -0.00570893	      0.00000000	     -0.00000000	     -0.00000000	      0.00000000	      0.00000000	     -0.00000000	     -0.00000000	     -0.00000000	     -0.00000000	      0.00000000	     -0.00859165	      0.01147968	      0.02146120	     -0.00273959	      0.00865257	      0.00000000	     -0.03727795	     -0.00103410	     -0.00000000	     -0.00000000	      0.00000000	     -0.01213745	      0.00000000	     -0.00064839	     -0.04274455	      0.00000000	     -0.00235011	     -0.00679694	      0.00155846	      0.00140526	      0.00000000	      0.01557383	     -0.00000000	      0.00000000	     -0.03469432	      0.00000000	      0.00000000	      0.00000000
      1.94750000	      0.00000000	      0.00000000	      0.00000000	      0.00000000	      0.00000000	      0.00000000	      0.00000000	      0.00000000	      0.00000000	      0.00000000	      0.00000000	      0.00000000	      0.00000000	      0.00000000	      0.00000000	      0.00000000	      0.00000000	      0.00000000	      0.00000000	      0.00000000	      0.00000000	      0.00000000	      0.00000000	      0.00000000	      0.00000000	      0.00000000	      0.00000000	      0.00000000	      0.00000000	      0.00000000	      0.00000000	      0.00000000	      0.00000000	      0.00000000	      0.00000000	      0.00000000	      0.00000000	      0.00000000	      0.00000000	      0.00000000	      0.00000000	      0.00000000	      0.00346363	      0.00602402	     -0.00298770	     -0.00563804	     -0.00000000	      0.00000000	      0.00000000	      0.00000000	      0.00000000	      0.00000000	      0.00000000	      0.00000000	      0.00000000	      0.00000000	     -0.00849686	      0.01151102	      0.02151741	     -0.00251489	      0.00864610	      0.00000000	     -0.03731757	     -0.00105878	     -0.00000000	     -0.00000000	     -0.00000000	     -0.01207789	      0.00000000	     -0.00068275	     -0.04273640	      0.00000000	     -0.00235608	     -0.00680875	      0.00161266	      0.00151016	      0.00000000	      0.01564169	      0.00000000	      0.00000000	     -0.03471111	      0.00000000	      0.00000000	      0.00000000
      1.95800000	      0.00000000	      0.00000000	      0.00000000	      0.00000000	      0.00000000	      0.00000000	      0.00000000	      0.00000000	      0.00000000	      0.00000000	      0.00000000	      0.00000000	      0.00000000	      0.00000000	      0.00000000	      0.00000000	      0.00000000	      0.00000000	      0.00000000	      0.00000000	      0.00000000	      0.00000000	      0.00000000	      0.00000000	      0.00000000	      0.00000000	      0.00000000	      0.00000000	      0.00000000	      0.00000000	      0.00000000	      0.00000000	      0.00000000	      0.00000000	      0.00000000	      0.00000000	      0.00000000	      0.00000000	      0.00000000	      0.00000000	      0.00000000	      0.00000000	      0.00343562	      0.00601759	     -0.00300908	     -0.00558078	     -0.00000000	     -0.00000000	     -0.00000000	      0.00000000	      0.00000000	     -0.00000000	     -0.00000000	      0.00000000	     -0.00000000	      0.00000000	     -0.00843737	      0.01151198	      0.02154335	     -0.00233319	      0.00864018	      0.00000000	     -0.03735268	     -0.00107888	      0.00000000	      0.00000000	      0.00000000	     -0.01203814	     -0.00000000	     -0.00070171	     -0.04273742	      0.00000000	     -0.00236145	     -0.00681723	      0.00165685	      0.00159548	      0.00000000	      0.01569641	     -0.00000000	      0.00000000	     -0.03472786	     -0.00000000	     -0.00000000	     -0.00000000
      1.96850000	      0.00000000	      0.00000000	      0.00000000	      0.00000000	      0.00000000	      0.00000000	      0.00000000	      0.00000000	      0.00000000	      0.00000000	      0.00000000	      0.00000000	      0.00000000	      0.00000000	      0.00000000	      0.00000000	      0.00000000	      0.00000000	      0.00000000	      0.00000000	      0.00000000	      0.00000000	      0.00000000	      0.00000000	      0.00000000	      0.00000000	      0.00000000	      0.00000000	      0.00000000	      0.00000000	      0.00000000	      0.00000000	      0.00000000	      0.00000000	      0.00000000	      0.00000000	      0.00000000	      0.00000000	      0.00000000	      0.00000000	      0.00000000	      0.00000000	      0.00341490	      0.00601298	     -0.00302810	     -0.00553644	      0.00000000	     -0.00000000	      0.00000000	      0.00000000	      0.00000000	     -0.00000000	     -0.00000000	     -0.00000000	      0.00000000	      0.00000000	     -0.00840841	      0.01148687	      0.02154480	     -0.00219335	      0.00863505	      0.00000000	     -0.03738577	     -0.00109565	      0.00000000	      0.00000000	     -0.00000000	     -0.01201139	     -0.00000000	     -0.00070662	     -0.04274579	      0.00000000	     -0.00236381	     -0.00682353	      0.00169172	      0.00166225	      0.00000000	      0.01574513	     -0.00000000	     -0.00000000	     -0.03474296	     -0.00000000	      0.00000000	      0.00000000
      1.97900000	      0.00000000	      0.00000000	      0.00000000	      0.00000000	      0.00000000	      0.00000000	      0.00000000	      0.00000000	      0.00000000	      0.00000000	      0.00000000	      0.00000000	      0.00000000	      0.00000000	      0.00000000	      0.00000000	      0.00000000	      0.00000000	      0.00000000	      0.00000000	      0.00000000	      0.00000000	      0.00000000	      0.00000000	      0.00000000	      0.00000000	      0.00000000	      0.00000000	      0.00000000	      0.00000000	      0.00000000	      0.00000000	      0.00000000	      0.00000000	      0.00000000	      0.00000000	      0.00000000	      0.00000000	      0.00000000	      0.00000000	      0.00000000	      0.00000000	      0.00340421	      0.00601085	     -0.00304259	     -0.00550580	     -0.00000000	     -0.00000000	      0.00000000	      0.00000000	      0.00000000	      0.00000000	      0.00000000	     -0.00000000	     -0.00000000	     -0.00000000	     -0.00841361	      0.01144211	      0.02152431	     -0.00209558	      0.00863184	      0.00000000	     -0.03741224	     -0.00110669	      0.00000000	      0.00000000	      0.00000000	     -0.01199864	      0.00000000	     -0.00069681	     -0.04275905	      0.00000000	     -0.00236368	     -0.00682714	      0.00171607	      0.00170902	     -0.00000000	      0.01578337	     -0.00000000	     -0.00000000	     -0.03475247	      0.00000000	     -0.00000000	      0.00000000
      1.98950000	      0.00000000	      0.00000000	      0.00000000	      0.00000000	      0.00000000	      0.00000000	      0.00000000	      0.00000000	      0.00000000	      0.00000000	      0.00000000	      0.00000000	      0.00000000	      0.00000000	      0.00000000	      0.00000000	      0.00000000	      0.00000000	      0.00000000	      0.00000000	      0.00000000	      0.00000000	      0.00000000	      0.00000000	      0.00000000	      0.00000000	      0.00000000	      0.00000000	      0.00000000	      0.00000000	      0.00000000	      0.00000000	      0.00000000	      0.00000000	      0.00000000	      0.00000000	      0.00000000	      0.00000000	      0.00000000	      0.00000000	      0.00000000	      0.00000000	      0.00340589	      0.00601168	     -0.00304982	     -0.00548877	      0.00000000	     -0.00000000	     -0.00000000	      0.00000000	      0.00000000	      0.00000000	      0.00000000	     -0.00000000	      0.00000000	      0.00000000	     -0.00845891	      0.01136836	      0.02147175	     -0.00203975	      0.00862977	      0.00000000	     -0.03742994	     -0.00111093	     -0.00000000	      0.00000000	      0.00000000	     -0.01201133	      0.00000000	     -0.00067063	     -0.04278144	      0.00000000	     -0.00236088	     -0.00682641	      0.00172975	      0.00173576	      0.00000000	      0.01580088	     -0.00000000	     -0.00000000	     -0.03476107	      0.00000000	     -0.00000000	      0.00000000
      2.00000000	      0.00000000	      0.00000000	      0.00000000	      0.00000000	      0.00000000	      0.00000000	      0.00000000	      0.00000000	      0.00000000	      0.00000000	      0.00000000	      0.00000000	      0.00000000	      0.00000000	      0.00000000	      0.00000000	      0.00000000	      0.00000000	      0.00000000	      0.00000000	      0.00000000	      0.00000000	      0.00000000	      0.00000000	      0.00000000	      0.00000000	      0.00000000	      0.00000000	      0.00000000	      0.00000000	      0.00000000	      0.00000000	      0.00000000	      0.00000000	      0.00000000	      0.00000000	      0.00000000	      0.00000000	      0.00000000	      0.00000000	      0.00000000	      0.00000000	      0.00341833	      0.00601500	     -0.00304753	     -0.00548184	     -0.00000000	      0.00000000	     -0.00000000	      0.00000000	      0.00000000	      0.00000000	     -0.00000000	      0.00000000	     -0.00000000	      0.00000000	     -0.00855531	      0.01119809	      0.02133291	     -0.00202512	      0.00862076	      0.00000000	     -0.03744939	     -0.00111422	      0.00000000	      0.00000000	      0.00000000	     -0.01209352	     -0.00000000	     -0.00062367	     -0.04284117	      0.00000000	     -0.00234958	     -0.00681647	      0.00173691	      0.00174806	      0.00000000	      0.01577359	     -0.00000000	     -0.00000000	     -0.03480482	      0.00000000	      0.00000000	      0.00000000
