NormalizedFiberLength
version=1
nRows=100
nColumns=85
inDegrees=no

This analysis gathers basic information about muscles during a simulation (e.g., forces, tendon lengths, moment arms, etc).
Units are S.I. units (second, meters, Newtons, ...)
If the header above contains a line with 'inDegrees', this indicates whether rotational values are in degrees (yes) or radians (no).

endheader
time	addbrev_r	addlong_r	addmagMid_r	bflh_r	bfsh_r	edl_r	ehl_r	ercspn_r	extobl_r	fdb_r	fdl_r	fhl_r	gaslat_r	gasmed_r	glmax2_r	glmed2_r	glmin2_r	grac_r	iliacus_r	intobl_r	obtext_r	pect_r	perbrev_r	perlong_r	pertert_r	piri_r	popli_r	psoas_r	quadfem_r	recabd_r	recfem_r	sart_r	semimem_r	semiten_r	soleus_r	tfl_r	tibant_r	tibpost_r	tricox_r	vasint_r	vaslat_r	vasmed_r	addbrev_l	addlong_l	addmagMid_l	bflh_l	bfsh_l	edl_l	ehl_l	ercspn_l	extobl_l	fdb_l	fdl_l	fhl_l	gaslat_l	gasmed_l	glmax2_l	glmed2_l	glmin2_l	grac_l	iliacus_l	intobl_l	obtext_l	pect_l	perbrev_l	perlong_l	pertert_l	piri_l	popli_l	psoas_l	quadfem_l	recabd_l	recfem_l	sart_l	semimem_l	semiten_l	soleus_l	tfl_l	tibant_l	tibpost_l	tricox_l	vasint_l	vaslat_l	vasmed_l
      0.96050000	      1.08801551	      1.10526394	      0.77080158	      0.44442164	      0.99701146	      0.85489030	      0.84569335	      0.90123044	      1.05658968	      0.98673200	      1.04500125	      1.01177859	      0.86914251	      0.82342961	      0.75285877	      0.83976013	      0.91810657	      0.97237827	      0.99145103	      1.08808201	      0.77264041	      0.91801561	      1.01339398	      0.91163121	      0.82014227	      0.50361445	      0.80296762	      1.00649789	      0.63871845	      0.96487381	      1.30847743	      1.11624296	      0.39136053	      0.70793588	      0.87331617	      0.93253679	      0.79897915	      1.01154463	      0.98378357	      0.82687801	      0.83349939	      0.84925527	      0.76597034	      0.66401702	      0.69176648	      0.81305285	      1.08547391	      0.99705393	      0.98984737	      0.83182988	      0.93081215	      0.98673200	      0.96222453	      0.90922538	      0.76972656	      0.69351952	      0.91860016	      1.12720337	      1.16054105	      0.95445887	      0.83366324	      0.67349267	      0.73035475	      0.75253465	      0.93627202	      0.83407417	      0.94421993	      1.12426325	      0.91909375	      0.90478109	      0.85389628	      0.94812519	      0.83728651	      1.07270136	      0.80386639	      0.89496860	      0.66761457	      0.78543966	      0.98271630	      0.91340128	      1.12975079	      0.73744901	      0.74373539	      0.77241892
      0.97100000	      1.08983615	      1.10760586	      0.77217848	      0.43978000	      0.99273945	      0.85787695	      0.84873212	      0.90089301	      1.05637743	      0.98673200	      1.04357173	      1.00991656	      0.86084851	      0.81324217	      0.75227183	      0.83809973	      0.91584766	      0.97140082	      0.99188444	      1.08936501	      0.77480813	      0.91900573	      1.01190781	      0.91011847	      0.82262260	      0.50166359	      0.79781404	      1.00672164	      0.64044178	      0.96501632	      1.31563072	      1.11545566	      0.38618789	      0.70527774	      0.86930417	      0.93250214	      0.80289730	      1.00981210	      0.98442324	      0.83084624	      0.83747044	      0.85268618	      0.76642252	      0.66535620	      0.68997853	      0.80885356	      1.08480008	      0.99683931	      0.98963053	      0.83190231	      0.93177803	      0.98673200	      0.96237302	      0.90940247	      0.76912623	      0.69284479	      0.91743941	      1.12656875	      1.16112962	      0.95341921	      0.83524420	      0.67285061	      0.72841017	      0.75282150	      0.93639840	      0.83419981	      0.94402494	      1.12291167	      0.91804496	      0.90561156	      0.85018514	      0.94833173	      0.84278216	      1.07349973	      0.79910825	      0.89274672	      0.66794068	      0.78952345	      0.98244381	      0.91357448	      1.12901242	      0.73824901	      0.74452217	      0.77309850
      0.98150000	      1.09154990	      1.10958527	      0.77389419	      0.43357541	      0.98607855	      0.86190501	      0.85282986	      0.89980500	      1.05643532	      0.98673200	      1.04162211	      1.00738482	      0.84879260	      0.79842828	      0.75215874	      0.83682416	      0.91343248	      0.96953196	      0.99187704	      1.08973591	      0.77799615	      0.92010120	      1.00989298	      0.90806930	      0.82597850	      0.50115831	      0.78988295	      1.00677298	      0.64369365	      0.96551877	      1.32553401	      1.11404811	      0.37917455	      0.70161840	      0.86386634	      0.93215026	      0.80817893	      1.00745261	      0.98592386	      0.83697175	      0.84358832	      0.85798368	      0.76648653	      0.66666964	      0.68704678	      0.80271880	      1.08379099	      0.99629962	      0.98908525	      0.83197077	      0.93431773	      0.98673200	      0.96274604	      0.90984745	      0.76856047	      0.69224763	      0.91584683	      1.12596867	      1.16229023	      0.95175648	      0.83743385	      0.67473843	      0.72572271	      0.75290587	      0.93671600	      0.83451561	      0.94353473	      1.12217210	      0.91647802	      0.90699954	      0.84520264	      0.94905885	      0.85084818	      1.07466787	      0.79212962	      0.88946719	      0.66876059	      0.79560856	      0.98175853	      0.91400964	      1.12851661	      0.73944364	      0.74569825	      0.77411380
      0.99200000	      1.09300862	      1.11105509	      0.77575643	      0.42591621	      0.97722588	      0.86820115	      0.85923351	      0.89814934	      1.05639651	      0.98673200	      1.03852467	      1.00338022	      0.83169716	      0.77734441	      0.75248429	      0.83601085	      0.91109327	      0.96673781	      0.99147324	      1.08912700	      0.78183357	      0.92119061	      1.00671947	      0.90484561	      0.83124808	      0.50203048	      0.77953656	      1.00660392	      0.64804788	      0.96621819	      1.33790786	      1.11207893	      0.37052695	      0.69700757	      0.85530536	      0.93165775	      0.81642807	      1.00371172	      0.98808079	      0.84499799	      0.85158230	      0.86492715	      0.76642731	      0.66819018	      0.68325503	      0.79502029	      1.08258632	      0.99537043	      0.98814641	      0.83218909	      0.93811043	      0.98673200	      0.96338702	      0.91061237	      0.76831975	      0.69207372	      0.91385512	      1.12525818	      1.16371240	      0.94966107	      0.84016132	      0.67862819	      0.72271999	      0.75294197	      0.93726222	      0.83505884	      0.94269101	      1.12176681	      0.91461308	      0.90886303	      0.83933881	      0.95013952	      0.86096970	      1.07617377	      0.78334594	      0.88532972	      0.67017185	      0.80325108	      0.98057847	      0.91475753	      1.12830844	      0.74086454	      0.74709889	      0.77532214
      1.00250000	      1.09412934	      1.11194602	      0.77763166	      0.41681491	      0.96626271	      0.87665079	      0.86782475	      0.89620263	      1.05617862	      0.98673200	      1.03427107	      0.99791445	      0.80987879	      0.75034008	      0.75318366	      0.83559324	      0.90898140	      0.96293210	      0.99074323	      1.08784959	      0.78554808	      0.92216819	      1.00241368	      0.90047932	      0.83836465	      0.50340481	      0.76702667	      1.00622804	      0.65258612	      0.96698256	      1.35255608	      1.10956555	      0.36039557	      0.69144971	      0.84370059	      0.93113907	      0.82748616	      0.99858921	      0.99023065	      0.85475790	      0.86126829	      0.87337286	      0.76631355	      0.66991425	      0.67884127	      0.78632859	      1.08139555	      0.99356528	      0.98632241	      0.83254695	      0.94255685	      0.98673200	      0.96462777	      0.91209413	      0.76942291	      0.69356673	      0.91156101	      1.12443702	      1.16523594	      0.94733120	      0.84328124	      0.68361435	      0.71975868	      0.75296655	      0.93832116	      0.83611238	      0.94105302	      1.12175542	      0.91277568	      0.91103539	      0.83306895	      0.95138041	      0.87235038	      1.07796565	      0.77340967	      0.88063673	      0.67291202	      0.81194164	      0.97828527	      0.91620574	      1.12850573	      0.74226350	      0.74847975	      0.77651257
      1.01300000	      1.09435783	      1.11141595	      0.77933183	      0.40687011	      0.95318711	      0.88410565	      0.87540200	      0.89440428	      1.05555545	      0.98673200	      1.03042529	      0.99300423	      0.78760550	      0.72269985	      0.75463427	      0.83602280	      0.90764250	      0.95785174	      0.98937216	      1.08603010	      0.78793444	      0.92274315	      0.99856974	      0.89658868	      0.84468426	      0.50478970	      0.75253849	      1.00546332	      0.65629710	      0.96757556	      1.36852251	      1.10636559	      0.34949518	      0.68524775	      0.83335415	      0.93029900	      0.83723011	      0.99397168	      0.99148831	      0.86613807	      0.87251279	      0.88322239	      0.76643006	      0.67222667	      0.67379383	      0.77654151	      1.08035477	      0.99140840	      0.98414281	      0.83310015	      0.94672761	      0.98673200	      0.96610248	      0.91385720	      0.77125761	      0.69595264	      0.90880164	      1.12340020	      1.16702561	      0.94483620	      0.84698030	      0.68855598	      0.71611606	      0.75309822	      0.93958266	      0.83736812	      0.93909779	      1.12130836	      0.91117462	      0.91339823	      0.82543140	      0.95246794	      0.88497912	      1.08010138	      0.76229240	      0.87537344	      0.67618339	      0.82196687	      0.97554404	      0.91792796	      1.12843182	      0.74348175	      0.74968370	      0.77754984
      1.02350000	      1.09315480	      1.10864393	      0.78069038	      0.39688285	      0.93821247	      0.89084958	      0.88225461	      0.89303631	      1.05425906	      0.98673200	      1.02687042	      0.98849049	      0.76496702	      0.69445718	      0.75722794	      0.83789430	      0.90760529	      0.95138626	      0.98702432	      1.08351525	      0.78865182	      0.92268034	      0.99505555	      0.89303776	      0.85043297	      0.50695187	      0.73651602	      1.00412253	      0.65919126	      0.96781492	      1.38459633	      1.10239584	      0.33865022	      0.67880087	      0.82390914	      0.92882012	      0.84603467	      0.98971448	      0.99180271	      0.87881656	      0.88497484	      0.89419501	      0.76713897	      0.67554492	      0.66826301	      0.76554942	      1.07945199	      0.98880682	      0.98151355	      0.83395797	      0.95005802	      0.98673200	      0.96787003	      0.91597311	      0.77394150	      0.69937944	      0.90546633	      1.12196345	      1.16899534	      0.94225290	      0.85135904	      0.69287020	      0.71153266	      0.75351262	      0.94109880	      0.83887831	      0.93674220	      1.11962933	      0.90978953	      0.91587771	      0.81594603	      0.95318885	      0.89894891	      1.08257744	      0.74991111	      0.86951028	      0.68012511	      0.83335623	      0.97223590	      0.91999347	      1.12762814	      0.74453512	      0.75072576	      0.77844716
      1.03400000	      1.09090725	      1.10420628	      0.78188968	      0.38731535	      0.92209056	      0.90022912	      0.89178209	      0.89170598	      1.05229555	      0.98673200	      1.02180514	      0.98209804	      0.73838531	      0.66106254	      0.76074771	      0.84109358	      0.90841918	      0.94410340	      0.98386382	      1.07921790	      0.78986767	      0.92225446	      0.99010906	      0.88804919	      0.85847666	      0.51209368	      0.71993955	      1.00229776	      0.66356295	      0.96783796	      1.40011484	      1.09789851	      0.32824200	      0.67233436	      0.81064162	      0.92664689	      0.85826369	      0.98366576	      0.99304553	      0.89204118	      0.89789662	      0.90563624	      0.76842536	      0.67962692	      0.66278958	      0.75432592	      1.07878539	      0.98531981	      0.97798896	      0.83519892	      0.95334300	      0.98673200	      0.97022000	      0.91879097	      0.77825851	      0.70481211	      0.90186928	      1.12015115	      1.17062832	      0.93984796	      0.85598947	      0.69835012	      0.70729595	      0.75423437	      0.94312164	      0.84089487	      0.93358972	      1.11731149	      0.90876896	      0.91846974	      0.80629496	      0.95379028	      0.91308486	      1.08520797	      0.73729008	      0.86353455	      0.68540079	      0.84491644	      0.96779889	      0.92274185	      1.12679935	      0.74531093	      0.75149386	      0.77910830
      1.04450000	      1.08812822	      1.09885910	      0.78316764	      0.37808402	      0.90511098	      0.90949592	      0.90119135	      0.89008523	      1.04983281	      0.98673200	      1.01666063	      0.97564971	      0.71190898	      0.62752331	      0.76486302	      0.84513181	      0.90946969	      0.93635166	      0.98016022	      1.07217456	      0.79268454	      0.92172409	      0.98515381	      0.88306296	      0.86647671	      0.52041711	      0.70323259	      1.00012663	      0.67035874	      0.96778772	      1.41523084	      1.09301401	      0.31819660	      0.66579929	      0.79738809	      0.92377258	      0.87032634	      0.97754203	      0.99594285	      0.90556523	      0.91102755	      0.91733205	      0.77011567	      0.68408582	      0.65776092	      0.74383929	      1.07852555	      0.98162685	      0.97425562	      0.83680301	      0.95716524	      0.98673200	      0.97268501	      0.92175267	      0.78341178	      0.71124402	      0.89832757	      1.11809786	      1.17159669	      0.93784183	      0.86047585	      0.70662249	      0.70448507	      0.75520502	      0.94525241	      0.84302104	      0.93025711	      1.11519393	      0.90837163	      0.92113758	      0.79801737	      0.95449037	      0.92618852	      1.08784979	      0.72545631	      0.85792766	      0.69097793	      0.85564239	      0.96309618	      0.92562757	      1.12666926	      0.74561289	      0.75179297	      0.77936569
      1.05500000	      1.08430325	      1.09185382	      0.78432131	      0.36938950	      0.88703353	      0.91519181	      0.90697299	      0.88862734	      1.04694942	      0.98673200	      1.01342858	      0.97161993	      0.69027643	      0.59967226	      0.76980653	      0.85023126	      0.91135197	      0.92771921	      0.97573554	      1.06343818	      0.79484168	      0.92071357	      0.98207395	      0.87996944	      0.87141920	      0.52984055	      0.68629316	      0.99751487	      0.67731355	      0.96751610	      1.42958625	      1.08753745	      0.30881959	      0.65932745	      0.78917228	      0.92004153	      0.87773091	      0.97370433	      0.99856403	      0.91962592	      0.92459027	      0.92948949	      0.77231291	      0.68915746	      0.65296350	      0.73366091	      1.07870019	      0.97757492	      0.97015869	      0.83864412	      0.96055207	      0.98673200	      0.97536171	      0.92497572	      0.78966116	      0.71899582	      0.89466726	      1.11573604	      1.17204905	      0.93616550	      0.86503956	      0.71584138	      0.70272287	      0.75646949	      0.94757671	      0.84534272	      0.92660781	      1.11304038	      0.90863864	      0.92378845	      0.79050257	      0.95500989	      0.93875152	      1.09061851	      0.71395245	      0.85247238	      0.69708433	      0.86606212	      0.95793209	      0.92876444	      1.12703649	      0.74540997	      0.75159196	      0.77919272
      1.06550000	      1.07880152	      1.08229870	      0.78508322	      0.36218652	      0.86842996	      0.92143925	      0.91331289	      0.88779859	      1.04361668	      0.98673200	      1.00982164	      0.96714126	      0.66433177	      0.57064664	      0.77586430	      0.85693590	      0.91482404	      0.91820271	      0.97035904	      1.05434812	      0.79505039	      0.91884114	      0.97866565	      0.87655101	      0.87686168	      0.54013440	      0.66977975	      0.99435653	      0.68339800	      0.96686013	      1.44189602	      1.08145048	      0.30096053	      0.65350333	      0.78010200	      0.91527689	      0.88584369	      0.96942979	      1.00004106	      0.93387337	      0.93824329	      0.94181013	      0.77523611	      0.69522319	      0.64820871	      0.72325486	      1.07930564	      0.97289199	      0.96542287	      0.84065120	      0.96258732	      0.98673200	      0.97841913	      0.92866636	      0.79739677	      0.72855327	      0.89065099	      1.11293628	      1.17215996	      0.93475615	      0.86995558	      0.72383356	      0.70139220	      0.75811566	      0.95024541	      0.84801145	      0.92239981	      1.11025074	      0.90956531	      0.92635862	      0.78279831	      0.95505808	      0.95137585	      1.09362594	      0.70222677	      0.84690950	      0.70412369	      0.87678330	      0.95195836	      0.93235181	      1.12743616	      0.74470558	      0.75089449	      0.77859241
      1.07600000	      1.07188975	      1.07064250	      0.78552778	      0.35667271	      0.84991966	      0.92859979	      0.92057735	      0.88731781	      1.03993890	      0.98673200	      1.00560705	      0.96193171	      0.63910381	      0.54021908	      0.78278469	      0.86508229	      0.91958603	      0.90826852	      0.96055959	      1.04452526	      0.79466785	      0.91625270	      0.97471993	      0.87260008	      0.88312644	      0.55264278	      0.65428630	      0.99076618	      0.69000683	      0.96594917	      1.45207583	      1.07497336	      0.29464140	      0.64847221	      0.76963259	      0.90961202	      0.89513068	      0.96444575	      1.00157028	      0.94792999	      0.95162779	      0.95397077	      0.77882145	      0.70207010	      0.64379790	      0.71318103	      1.08033907	      0.96810704	      0.96058289	      0.84281783	      0.96383363	      0.98673200	      0.98150349	      0.93239969	      0.80582899	      0.73893447	      0.88645650	      1.10980317	      1.17191812	      0.93372401	      0.87498830	      0.73157268	      0.70048171	      0.76009459	      0.95295294	      0.85072236	      0.91811090	      1.10677724	      0.91115052	      0.92885050	      0.77518574	      0.95482302	      0.96334402	      1.09671443	      0.69092422	      0.84154655	      0.71129511	      0.88724038	      0.94584853	      0.93597560	      1.12772161	      0.74350009	      0.74970183	      0.77756546
      1.08650000	      1.06407774	      1.05766983	      0.78583713	      0.35255223	      0.83174467	      0.93311666	      0.92515865	      0.88683520	      1.03602009	      0.98673200	      1.00290385	      0.95860321	      0.61767752	      0.51431777	      0.79018743	      0.87414639	      0.92506118	      0.89825304	      0.95463666	      1.03314736	      0.79462794	      0.91318762	      0.97220918	      0.87008965	      0.88709261	      0.56741049	      0.63950586	      0.98688690	      0.69784762	      0.96492527	      1.46046735	      1.06827103	      0.28951211	      0.64410284	      0.76298945	      0.90321414	      0.90098245	      0.96125483	      1.00377196	      0.96158148	      0.96453999	      0.96578211	      0.78293966	      0.70941015	      0.63999840	      0.70400221	      1.08180066	      0.96320730	      0.95562578	      0.84515424	      0.96495430	      0.98673200	      0.98462067	      0.93618343	      0.81497992	      0.75016587	      0.88229736	      1.10644378	      1.17121513	      0.93315569	      0.87988125	      0.74056220	      0.70029734	      0.76234923	      0.95570537	      0.85348167	      0.91373055	      1.10287032	      0.91340011	      0.93128443	      0.76830000	      0.95452925	      0.97397603	      1.09974798	      0.68065320	      0.83667410	      0.71861480	      0.89683507	      0.93958600	      0.93964296	      1.12804442	      0.74178818	      0.74801037	      0.77610802
      1.09700000	      1.05541715	      1.04340943	      0.78617306	      0.35038300	      0.81438263	      0.93595585	      0.92803788	      0.88642524	      1.03184359	      0.98673200	      1.00118686	      0.95649410	      0.59914945	      0.49181224	      0.79809437	      0.88404131	      0.93113884	      0.88845829	      0.94814305	      1.02056873	      0.79476331	      0.90964761	      0.97062228	      0.86850441	      0.88959123	      0.58393277	      0.62632029	      0.98269977	      0.70679355	      0.96376223	      1.46609286	      1.06138488	      0.28589400	      0.64078728	      0.75879872	      0.89575793	      0.90465812	      0.95923034	      1.00636589	      0.97441653	      0.97659417	      0.97688298	      0.78761077	      0.71732092	      0.63672437	      0.69549889	      1.08367043	      0.95802568	      0.95038235	      0.84765154	      0.96581175	      0.98673200	      0.98787226	      0.94014213	      0.82506903	      0.76252127	      0.87812544	      1.10281874	      1.16998934	      0.93301053	      0.88470320	      0.75031508	      0.70110233	      0.76490778	      0.95859428	      0.85638152	      0.90911101	      1.09877725	      0.91629110	      0.93367640	      0.76234108	      0.95412735	      0.98357374	      1.10278560	      0.67113030	      0.83216044	      0.72632784	      0.90573570	      0.93295654	      0.94347397	      1.12867601	      0.73958610	      0.74583859	      0.77423491
      1.10750000	      1.04576785	      1.02761347	      0.78663956	      0.35084253	      0.79829644	      0.93863573	      0.93075523	      0.88619535	      1.02741895	      0.98673200	      0.99955354	      0.95449132	      0.58182491	      0.47061531	      0.80664070	      0.89490847	      0.93788735	      0.87915908	      0.94091911	      1.00754414	      0.79504039	      0.90554808	      0.96911823	      0.86700296	      0.89195354	      0.60234241	      0.61442559	      0.97815466	      0.71702217	      0.96243959	      1.46785443	      1.05432839	      0.28413891	      0.63898054	      0.75483273	      0.88688411	      0.90812568	      0.95730611	      1.00930373	      0.98606054	      0.98744851	      0.98694494	      0.79288727	      0.72592623	      0.63389020	      0.68743639	      1.08593837	      0.95286657	      0.94516057	      0.85027089	      0.96623033	      0.98673200	      0.99106425	      0.94404040	      0.83564639	      0.77544003	      0.87386495	      1.09888796	      1.16824520	      0.93325728	      0.88954717	      0.75993307	      0.70296552	      0.76780161	      0.96144849	      0.85925029	      0.90452487	      1.09459250	      0.91981779	      0.93603999	      0.75728896	      0.95355549	      0.99242771	      1.10588404	      0.66207704	      0.82787547	      0.73397744	      0.91416054	      0.92634925	      0.94724042	      1.12972416	      0.73689653	      0.74319242	      0.77194975
      1.11800000	      1.03533590	      1.01063463	      0.78726381	      0.35386162	      0.78381344	      0.94078674	      0.93293611	      0.88612560	      1.02288745	      0.98673200	      0.99823359	      0.95287528	      0.56651445	      0.45177008	      0.81560696	      0.90649412	      0.94513749	      0.87061414	      0.93310287	      0.99428585	      0.79558579	      0.90095145	      0.96790662	      0.86579419	      0.89385238	      0.62237937	      0.60398682	      0.97335781	      0.72848630	      0.96100300	      1.46576262	      1.04724915	      0.28414632	      0.63870941	      0.75164222	      0.87678067	      0.91090762	      0.95575220	      1.01263616	      0.99629762	      0.99691934	      0.99578030	      0.79863956	      0.73505242	      0.63150172	      0.67993038	      1.08857726	      0.94787657	      0.94010888	      0.85294249	      0.96623258	      0.98673200	      0.99410882	      0.94777019	      0.84647595	      0.78862882	      0.86957039	      1.09475364	      1.16611917	      0.93387577	      0.89435062	      0.76934957	      0.70565389	      0.77094765	      0.96418829	      0.86200759	      0.90010194	      1.09037158	      0.92394937	      0.93834706	      0.75304313	      0.95284540	      1.00037721	      1.10899431	      0.65363636	      0.82388499	      0.74134645	      0.92205099	      0.91995234	      0.95083829	      1.13106619	      0.73374085	      0.74009713	      0.76927240
      1.12850000	      1.02443452	      0.99299022	      0.78805918	      0.35918900	      0.77120673	      0.94182192	      0.93398558	      0.88618432	      1.01841663	      0.98673200	      0.99759551	      0.95209486	      0.55428462	      0.43663439	      0.82470879	      0.91843760	      0.95266055	      0.86305607	      0.92491169	      0.98086280	      0.79642798	      0.89597830	      0.96732214	      0.86521132	      0.89476705	      0.64347924	      0.59511379	      0.96844863	      0.74090237	      0.95950546	      1.46017369	      1.04032591	      0.28580279	      0.63989219	      0.75010453	      0.86576180	      0.91224601	      0.95500138	      1.01630019	      1.00501508	      1.00492654	      1.00329481	      0.80470843	      0.74448610	      0.62954996	      0.67308884	      1.09154072	      0.94287226	      0.93504163	      0.85559257	      0.96585252	      0.98673200	      0.99712023	      0.95147086	      0.85776989	      0.80235451	      0.86530677	      1.09052643	      1.16374849	      0.93482768	      0.89904260	      0.77867233	      0.70892445	      0.77424946	      0.96691555	      0.86475568	      0.89567928	      1.08617690	      0.92862577	      0.94056696	      0.74949877	      0.95204005	      1.00728330	      1.11206318	      0.64593970	      0.82024908	      0.74870581	      0.92934588	      0.91353107	      0.95440230	      1.13258149	      0.73016242	      0.73660031	      0.76624167
      1.13900000	      1.01320309	      0.97488420	      0.78909104	      0.36689407	      0.76070768	      0.94206144	      0.93422841	      0.88634035	      1.01414636	      0.98673200	      0.99744761	      0.95191403	      0.54491130	      0.42496675	      0.83386731	      0.93059611	      0.96032296	      0.85668566	      0.91639400	      0.96761853	      0.79764255	      0.89068947	      0.96718677	      0.86507634	      0.89497876	      0.66541833	      0.58787924	      0.96348568	      0.75424359	      0.95800442	      1.45105104	      1.03364870	      0.28928697	      0.64261004	      0.74974853	      0.85384562	      0.91255565	      0.95482738	      1.02029164	      1.01213813	      1.01142690	      1.00942790	      0.81109401	      0.75425716	      0.62798054	      0.66674705	      1.09477200	      0.93786017	      0.92996545	      0.85814709	      0.96516479	      0.98673200	      1.00009463	      0.95513762	      0.86945027	      0.81652410	      0.86103748	      1.08620098	      1.16117219	      0.93606870	      0.90366698	      0.78774141	      0.71271310	      0.77770393	      0.96962674	      0.86749096	      0.89126300	      1.08201441	      0.93376989	      0.94273209	      0.74655558	      0.95118363	      1.01336059	      1.11510407	      0.63879710	      0.81687948	      0.75604445	      0.93617914	      0.90709391	      0.95792785	      1.13425783	      0.72621738	      0.73276254	      0.76290735
      1.14950000	      1.00174736	      0.95646627	      0.79041643	      0.37707115	      0.75251722	      0.94193856	      0.93410383	      0.88656500	      1.01021638	      0.98673200	      0.99752349	      0.95200681	      0.53799234	      0.41630745	      0.84303412	      0.94286776	      0.96802084	      0.85167750	      0.90757689	      0.95493717	      0.79930019	      0.88513329	      0.96725622	      0.86514559	      0.89487015	      0.68803643	      0.58233540	      0.95851730	      0.76850154	      0.95655927	      1.43833484	      1.02729334	      0.29489127	      0.64694721	      0.74993117	      0.84102812	      0.91239680	      0.95491666	      1.02461412	      1.01760881	      1.01639187	      1.01413365	      0.81779328	      0.76439750	      0.62672783	      0.66073723	      1.09822606	      0.93309994	      0.92514336	      0.86052882	      0.96424957	      0.98673200	      1.00288125	      0.95858369	      0.88109879	      0.83061944	      0.85671699	      1.08177792	      1.15845078	      0.93755750	      0.90827426	      0.79635764	      0.71692426	      0.78130200	      0.97218301	      0.87007306	      0.88708115	      1.07788757	      0.93932196	      0.94487708	      0.74407439	      0.95032143	      1.01881678	      1.11813408	      0.63202084	      0.81368771	      0.76298345	      0.94270318	      0.90097483	      0.96123580	      1.13606568	      0.72194849	      0.72863151	      0.75930799
      1.16000000	      0.99027442	      0.93806676	      0.79202698	      0.38952459	      0.74675076	      0.94147535	      0.93363423	      0.88686720	      1.00674870	      0.98673200	      0.99780934	      0.95235633	      0.53361891	      0.41080062	      0.85205700	      0.95503844	      0.97561619	      0.84813945	      0.89860206	      0.94302318	      0.80138433	      0.87940797	      0.96751792	      0.86540654	      0.89446076	      0.71094141	      0.57848576	      0.95363541	      0.78342298	      0.95520448	      1.42235095	      1.02137610	      0.30278144	      0.65281466	      0.75061950	      0.82753472	      0.91179796	      0.95525297	      1.02920171	      1.02141531	      1.01983172	      1.01740542	      0.82463832	      0.77470793	      0.62571390	      0.65507322	      1.10186217	      0.92845717	      0.92043936	      0.86267677	      0.96309501	      0.98673200	      1.00556341	      0.96191080	      0.89286115	      0.84482469	      0.85237609	      1.07736741	      1.15575210	      0.93923520	      0.91283193	      0.80440717	      0.72128417	      0.78493912	      0.97465883	      0.87257676	      0.88301447	      1.07387316	      0.94522768	      0.94697623	      0.74186274	      0.94947206	      1.02362443	      1.12112572	      0.62564150	      0.81068345	      0.76972129	      0.94896075	      0.89500179	      0.96442443	      1.13789192	      0.71739412	      0.72425091	      0.75547849
      1.17050000	      0.97898676	      0.92001493	      0.79387533	      0.40399363	      0.74348420	      0.94064648	      0.93279390	      0.88725277	      1.00385116	      0.98673200	      0.99831990	      0.95298089	      0.53190878	      0.40861511	      0.86078413	      0.96690049	      0.98298775	      0.84612935	      0.88963218	      0.93204923	      0.80384255	      0.87361900	      0.96798574	      0.86587311	      0.89372848	      0.73373863	      0.57632491	      0.94893383	      0.79869458	      0.95397223	      1.40350509	      1.01601694	      0.31308301	      0.66007878	      0.75185046	      0.81365194	      0.91072625	      0.95585379	      1.03397947	      1.02355512	      1.02175990	      1.01924369	      0.83146548	      0.78498419	      0.62487637	      0.64978284	      1.10562960	      0.92387332	      0.91579417	      0.86453804	      0.96169955	      0.98673200	      1.00817723	      0.96516306	      0.90475703	      0.85916874	      0.84806210	      1.07307426	      1.15320182	      0.94104395	      0.91729368	      0.81180433	      0.72561542	      0.78852092	      0.97708651	      0.87503453	      0.87901123	      1.07008928	      0.95141465	      0.94900040	      0.73983358	      0.94865473	      1.02775804	      1.12404820	      0.61969585	      0.80788037	      0.77634380	      0.95495498	      0.88909982	      0.96753636	      1.13968609	      0.71260666	      0.71967779	      0.75146555
      1.18100000	      0.96804600	      0.90255280	      0.79594681	      0.42031510	      0.74274922	      0.93961045	      0.93174351	      0.88769198	      1.00163908	      0.98673200	      0.99895640	      0.95375995	      0.53268406	      0.40954784	      0.86913010	      0.97830491	      0.99002379	      0.84567737	      0.88077446	      0.92219313	      0.80665034	      0.86786225	      0.96856968	      0.86645562	      0.89281369	      0.75610846	      0.57584072	      0.94448099	      0.81410272	      0.95291230	      1.38206216	      1.01128978	      0.32595317	      0.66865096	      0.75338775	      0.79954212	      0.90938645	      0.95660301	      1.03888050	      1.02403494	      1.02219171	      1.01965580	      0.83826179	      0.79521978	      0.62418525	      0.64477312	      1.10947850	      0.91942672	      0.91128723	      0.86605530	      0.96014156	      0.98673200	      1.01068043	      0.96828718	      0.91661369	      0.87344109	      0.84376378	      1.06890340	      1.15081863	      0.94295116	      0.92167364	      0.81853149	      0.72989168	      0.79203977	      0.97942574	      0.87740536	      0.87513929	      1.06654234	      0.95780906	      0.95096608	      0.73794502	      0.94791311	      1.03135043	      1.12690168	      0.61407610	      0.80522820	      0.78273894	      0.96074492	      0.88337018	      0.97052092	      1.14144428	      0.70763992	      0.71496994	      0.74731682
      1.19150000	      0.95761636	      0.88591427	      0.79823697	      0.43835183	      0.74456197	      0.93854258	      0.93066079	      0.88815637	      1.00023369	      0.98673200	      0.99961052	      0.95456112	      0.53572420	      0.41333406	      0.87702494	      0.98911351	      0.99661553	      0.84679731	      0.87212900	      0.91361191	      0.80976289	      0.86224007	      0.96917061	      0.86705524	      0.89187137	      0.77770266	      0.57703627	      0.94034161	      0.82942492	      0.95207504	      1.35823543	      1.00725174	      0.34151629	      0.67845349	      0.75497075	      0.78533465	      0.90800519	      0.95737321	      1.04380565	      1.02285043	      1.02112534	      1.01863837	      0.84502908	      0.80542499	      0.62361174	      0.63992997	      1.11335150	      0.91502105	      0.90682096	      0.86716875	      0.95849475	      0.98673200	      1.01312940	      0.97135290	      0.92848668	      0.88771747	      0.83945375	      1.06484346	      1.14863055	      0.94492208	      0.92599670	      0.82459217	      0.73399492	      0.79548973	      0.98172825	      0.87974146	      0.87131431	      1.06311077	      0.96432118	      0.95289151	      0.73603480	      0.94729121	      1.03455785	      1.12968414	      0.60866125	      0.80267044	      0.78904630	      0.96640846	      0.87768907	      0.97344505	      1.14307065	      0.70256074	      0.71019630	      0.74309039
      1.20200000	      0.94785005	      0.87031900	      0.80071773	      0.45792376	      0.74889295	      0.93751903	      0.92962295	      0.88863613	      0.99969783	      0.98673200	      1.00023564	      0.95532730	      0.54089618	      0.41980471	      0.88440020	      0.99920220	      1.00267756	      0.84945744	      0.86380509	      0.90635936	      0.81310348	      0.85685243	      0.96974570	      0.86762922	      0.89096871	      0.79818381	      0.57991066	      0.93657038	      0.84440753	      0.95148524	      1.33228252	      1.00394854	      0.35978280	      0.68937672	      0.75648657	      0.77118931	      0.90668097	      0.95810952	      1.04864313	      1.02000557	      1.01855921	      1.01619396	      0.85172104	      0.81554016	      0.62312583	      0.63520241	      1.11719714	      0.91067635	      0.90241572	      0.86784877	      0.95679152	      0.98673200	      1.01551427	      0.97434747	      0.94027458	      0.90187790	      0.83513121	      1.06091034	      1.14667952	      0.94691932	      0.93026004	      0.83000995	      0.73778915	      0.79883991	      0.98398420	      0.88203270	      0.86755352	      1.05970554	      0.97086710	      0.95477457	      0.73395974	      0.94681089	      1.03746119	      1.13238228	      0.60340286	      0.80018351	      0.79523756	      0.97197916	      0.87208257	      0.97629677	      1.14446817	      0.69743217	      0.70542036	      0.73884051
      1.21250000	      0.93887431	      0.85595054	      0.80334627	      0.47885904	      0.75569565	      0.93659603	      0.92868704	      0.88912434	      1.00004759	      0.98673200	      1.00079781	      0.95601673	      0.54807054	      0.42878307	      0.89119984	      1.00847339	      1.00815189	      0.85359973	      0.85590722	      0.90044950	      0.81657487	      0.85178940	      0.97026353	      0.86814619	      0.89015520	      0.81725484	      0.58447626	      0.93320874	      0.85879748	      0.95115333	      1.30443741	      1.00141428	      0.38068743	      0.70131034	      0.75785222	      0.75726682	      0.90548663	      0.95877186	      1.05327862	      1.01549477	      1.01447617	      1.01231570	      0.85827426	      0.82548430	      0.62269145	      0.63055393	      1.12096792	      0.90642303	      0.89810236	      0.86808690	      0.95505965	      0.98673200	      1.01782010	      0.97725162	      0.95186486	      0.91578874	      0.83080620	      1.05713215	      1.14500567	      0.94890542	      0.93445241	      0.83480607	      0.74117980	      0.80205313	      0.98617864	      0.88426379	      0.86388286	      1.05630457	      0.97736565	      0.95660998	      0.73163401	      0.94648357	      1.04013212	      1.13498343	      0.59826555	      0.79774954	      0.80127033	      0.97748092	      0.86659017	      0.97905798	      1.14558525	      0.69231643	      0.70070273	      0.73461994
      1.22300000	      0.93076787	      0.84291574	      0.80608477	      0.50103618	      0.76489021	      0.93584653	      0.92792702	      0.88962642	      1.00120240	      0.98673200	      1.00125324	      0.95657556	      0.55705764	      0.44000597	      0.89740157	      1.01688207	      1.01301972	      0.85914116	      0.84850599	      0.89586590	      0.82007596	      0.84711579	      0.97068351	      0.86856555	      0.88949493	      0.83471110	      0.59074419	      0.93026459	      0.87239688	      0.95105911	      1.27485520	      0.99965146	      0.40413456	      0.71416408	      0.75896030	      0.74367262	      0.90451662	      0.95930857	      1.05760764	      1.00931539	      1.00885565	      1.00699826	      0.86462545	      0.83517901	      0.62227321	      0.62595163	      1.12461996	      0.90215236	      0.89377067	      0.86791624	      0.95330848	      0.98673200	      1.02010679	      0.98014048	      0.96333609	      0.92955485	      0.82649807	      1.05354537	      1.14363630	      0.95084835	      0.93855839	      0.83893671	      0.74416168	      0.80509764	      0.98836814	      0.88649210	      0.86020843	      1.05299136	      0.98373797	      0.95838995	      0.72907762	      0.94629581	      1.04265130	      1.13747886	      0.59321067	      0.79534951	      0.80729901	      0.98293143	      0.86107166	      0.98180025	      1.14645257	      0.68727553	      0.69610147	      0.73048037
      1.23350000	      0.92359904	      0.83130079	      0.80890674	      0.52435898	      0.77638032	      0.93534196	      0.92741536	      0.89014993	      1.00307878	      0.98673200	      1.00155928	      0.95695124	      0.56764856	      0.45317543	      0.90299446	      1.02439841	      1.01727006	      0.86599104	      0.84165860	      0.89258302	      0.82351040	      0.84289077	      0.97096597	      0.86884764	      0.88905061	      0.85037098	      0.59873081	      0.92773937	      0.88503729	      0.95117931	      1.24364520	      0.99864612	      0.42999558	      0.72785732	      0.75970581	      0.73047752	      0.90386354	      0.95966931	      1.06152579	      1.00145932	      1.00166717	      1.00023082	      0.87073158	      0.84456857	      0.62184825	      0.62136345	      1.12811118	      0.89784534	      0.88940136	      0.86737059	      0.95153665	      0.98673200	      1.02238412	      0.98302655	      0.97464226	      0.94312623	      0.82222474	      1.05017431	      1.14258062	      0.95272371	      0.94256477	      0.84235680	      0.74675317	      0.80795429	      0.99056226	      0.88872740	      0.85651432	      1.04983486	      0.98990459	      0.96010648	      0.72632831	      0.94623059	      1.04510518	      1.13986096	      0.58819978	      0.79296537	      0.81334936	      0.98834163	      0.85550248	      0.98453538	      1.14710650	      0.68237374	      0.69167412	      0.72647434
      1.24400000	      0.91744091	      0.82118569	      0.81181847	      0.54874888	      0.79002700	      0.93511484	      0.92718504	      0.89068714	      1.00566452	      0.98673200	      1.00169690	      0.95712022	      0.57964611	      0.46799911	      0.90798099	      1.03100125	      1.02088677	      0.87405051	      0.83540234	      0.89052828	      0.82679746	      0.83917451	      0.97109305	      0.86897457	      0.88885065	      0.86405066	      0.60843354	      0.92563893	      0.89659169	      0.95151208	      1.21088132	      0.99835664	      0.45811175	      0.74231387	      0.76004128	      0.71768998	      0.90356953	      0.95983154	      1.06491902	      0.99193479	      0.99289172	      0.99201622	      0.87662737	      0.85368268	      0.62143281	      0.61674150	      1.13140477	      0.89360445	      0.88509837	      0.86645579	      0.94975697	      0.98673200	      1.02459841	      0.98584163	      0.98557946	      0.95625571	      0.81796646	      1.04696403	      1.14179540	      0.95452234	      0.94648268	      0.84514138	      0.74886809	      0.81063870	      0.99270905	      0.89091669	      0.85288853	      1.04658434	      0.99579181	      0.96176350	      0.72324280	      0.94629044	      1.04758535	      1.14212322	      0.58318986	      0.79057867	      0.81927726	      0.99371739	      0.85001523	      0.98719881	      1.14741956	      0.67767238	      0.68747290	      0.72265087
      1.25450000	      0.91235465	      0.81263369	      0.81482870	      0.57411769	      0.80566249	      0.93518307	      0.92725423	      0.89123510	      1.00892359	      0.98673200	      1.00165557	      0.95706946	      0.59284666	      0.48417175	      0.91236815	      1.03668345	      1.02386946	      0.88320752	      0.82976671	      0.88958876	      0.82985171	      0.83601836	      0.97105487	      0.86893644	      0.88891072	      0.87559369	      0.61983347	      0.92189537	      0.90694527	      0.95204584	      1.17664181	      0.99872979	      0.48828308	      0.75744916	      0.75994050	      0.70530786	      0.90365786	      0.95978281	      1.06767455	      0.98076278	      0.98252032	      0.98236840	      0.88234614	      0.86254865	      0.62104273	      0.61203505	      1.13446181	      0.88936515	      0.88079625	      0.86519019	      0.94796941	      0.98673200	      1.02678417	      0.98862935	      0.99616268	      0.96897009	      0.81370021	      1.04385043	      1.14123031	      0.95623413	      0.95032350	      0.84737592	      0.75040726	      0.81316448	      0.99484157	      0.89309361	      0.84927584	      1.04295500	      1.00131901	      0.96336336	      0.71965839	      0.94646986	      1.05019198	      1.14425872	      0.57813689	      0.78817046	      0.82517316	      0.99906458	      0.84452656	      0.98983192	      1.14724806	      0.67323971	      0.68355362	      0.71906355
      1.26500000	      0.90829529	      0.80558359	      0.81788386	      0.60033596	      0.82307303	      0.93556035	      0.92763682	      0.89181207	      1.01263870	      0.98673200	      1.00142687	      0.95678869	      0.60701468	      0.50134777	      0.91618092	      1.04151292	      1.02631300	      0.89329541	      0.82476302	      0.88958574	      0.83254775	      0.83341126	      0.97084374	      0.86872557	      0.88924291	      0.88504614	      0.63287553	      0.92081313	      0.91599833	      0.95271275	      1.14109821	      0.99970462	      0.52024094	      0.77314903	      0.75938318	      0.69338395	      0.90414621	      0.95951323	      1.06973453	      0.96802185	      0.97059954	      0.97135317	      0.88786490	      0.87112368	      0.62067604	      0.60720487	      1.13722141	      0.88504461	      0.87641094	      0.86367319	      0.94614568	      0.98673200	      1.02898350	      0.99144360	      1.00639040	      0.98127981	      0.80943580	      1.04081362	      1.14085544	      0.95783486	      0.95407388	      0.84903464	      0.75132542	      0.81552073	      0.99700120	      0.89530044	      0.84560625	      1.03882910	      1.00636225	      0.96489468	      0.71551996	      0.94671865	      1.05304572	      1.14625229	      0.57300330	      0.78572446	      0.83115094	      1.00437862	      0.83892921	      0.99248552	      1.14653399	      0.66917998	      0.68000080	      0.71579368
      1.27550000	      0.90518404	      0.79993478	      0.82091816	      0.62724507	      0.84201383	      0.93625713	      0.92834339	      0.89243064	      1.01657056	      0.98673200	      1.00100386	      0.95626953	      0.62189714	      0.51916313	      0.91944973	      1.04557795	      1.02833606	      0.90412833	      0.82039278	      0.89032633	      0.83475835	      0.83132044	      0.97045349	      0.86833586	      0.88985662	      0.89252115	      0.64795800	      0.92000053	      0.92367131	      0.95344107	      1.10456795	      1.00121483	      0.55366910	      0.78928189	      0.75835335	      0.68198011	      0.90504804	      0.95901466	      1.07106532	      0.95389038	      0.95727634	      0.95912789	      0.89313721	      0.87934748	      0.62030678	      0.60221586	      1.13963839	      0.88077098	      0.87207249	      0.86201491	      0.94426960	      0.98673200	      1.03113099	      0.99420073	      1.01600359	      0.99287206	      0.80519157	      1.03786726	      1.14066922	      0.95930116	      0.95771984	      0.85009577	      0.75163380	      0.81768641	      0.99912381	      0.89747162	      0.84198903	      1.03425091	      1.01082273	      0.96635088	      0.71085427	      0.94698573	      1.05626031	      1.14809693	      0.56775154	      0.78322312	      0.83703249	      1.00967521	      0.83338922	      0.99508069	      1.14530512	      0.66557810	      0.67687886	      0.71290562
      1.28600000	      0.90290742	      0.79553986	      0.82386848	      0.65466062	      0.86219047	      0.93725801	      0.92935829	      0.89305607	      1.02057277	      0.98673200	      1.00039477	      0.95552240	      0.63724247	      0.53726362	      0.92221884	      1.04898854	      1.03006899	      0.91550038	      0.81663448	      0.89166191	      0.83638267	      0.82969060	      0.96989221	      0.86777548	      0.89073861	      0.89821062	      0.66445198	      0.91941751	      0.92994252	      0.95420361	      1.06745039	      1.00317845	      0.58820881	      0.80570012	      0.75687288	      0.67113677	      0.90634325	      0.95829698	      1.07167020	      0.93862495	      0.94277734	      0.94592035	      0.89807428	      0.88715182	      0.61984567	      0.59705087	      1.14174283	      0.87654577	      0.86778245	      0.86028242	      0.94242063	      0.98673200	      1.03322697	      0.99690084	      1.02503648	      1.00378734	      0.80100344	      1.03514381	      1.14076973	      0.96062971	      0.96720377	      0.85064969	      0.75159449	      0.81962640	      1.00120919	      0.89960686	      0.83842528	      1.02987484	      1.01474039	      0.96775550	      0.70602324	      0.94726588	      1.05988458	      1.14981957	      0.56234150	      0.78064381	      0.84281639	      1.01503652	      0.82790871	      0.99761769	      1.14392332	      0.66240655	      0.67415402	      0.71037312
      1.29650000	      0.90134886	      0.79224272	      0.82669167	      0.68237682	      0.88327250	      0.93854634	      0.93066460	      0.89365085	      1.02453670	      0.98673200	      0.99960822	      0.95455831	      0.65514688	      0.55566559	      0.92453961	      1.05185572	      1.03163099	      0.92720304	      0.81344994	      0.89351154	      0.83734998	      0.82846134	      0.96916849	      0.86705313	      0.89187468	      0.90232379	      0.68287920	      0.91902637	      0.93483521	      0.95498587	      1.03016511	      1.00550149	      0.62347335	      0.82224682	      0.75496518	      0.66086313	      0.90801004	      0.95737051	      1.07156773	      0.92251963	      0.92737040	      0.93199154	      0.90266030	      0.89453925	      0.61926001	      0.59168092	      1.14354337	      0.87231784	      0.86348892	      0.85852282	      0.94068495	      0.98673200	      1.03529738	      0.99957714	      1.03355859	      1.01411342	      0.79688445	      1.03270503	      1.14119726	      0.96182832	      0.97107167	      0.85075544	      0.75137982	      0.82134041	      1.00328286	      0.90173222	      0.83487195	      1.02605109	      1.01811815	      0.96913443	      0.70124346	      0.94756253	      1.06398374	      1.15143569	      0.55672996	      0.77796555	      0.84857273	      1.02051381	      0.82242149	      1.00012782	      1.14259430	      0.65966672	      0.67181865	      0.70819352
      1.30700000	      0.90050286	      0.79001101	      0.82943891	      0.71016031	      0.90488245	      0.94009827	      0.93223810	      0.89424069	      1.02846409	      0.98673200	      0.99865693	      0.95339334	      0.66930826	      0.57438396	      0.92645347	      1.05422512	      1.03305083	      0.93906115	      0.81079943	      0.89584690	      0.83763742	      0.82763071	      0.96829484	      0.86618143	      0.89324436	      0.90487269	      0.70301299	      0.91881401	      0.93838847	      0.95577526	      0.99290079	      1.00806855	      0.65904637	      0.83875942	      0.75266409	      0.65107798	      0.91001734	      0.95625047	      1.07071052	      0.90574489	      0.91120142	      0.91748740	      0.90712953	      0.90171244	      0.61875516	      0.58596955	      1.14485158	      0.86813347	      0.85923889	      0.85673710	      0.93899667	      0.98673200	      1.03732013	      1.00220087	      1.04118051	      1.02339970	      0.79276826	      1.03022102	      1.14162354	      0.96289853	      0.97490438	      0.85038733	      0.75071669	      0.82294685	      1.00532241	      0.90382467	      0.83136802	      1.02153224	      1.02058759	      0.97047112	      0.69602800	      0.94785768	      1.06888822	      1.15288743	      0.55080093	      0.77514838	      0.85423861	      1.02598504	      0.81698771	      1.00258418	      1.14075375	      0.65766087	      0.67012001	      0.70660275
      1.31750000	      0.90036555	      0.78882244	      0.83214663	      0.73770957	      0.92663116	      0.94186929	      0.93403361	      0.89485275	      1.03235231	      0.98673200	      0.99756627	      0.95205910	      0.68466842	      0.59409944	      0.92799042	      1.05612743	      1.03434540	      0.95089440	      0.80865500	      0.89853416	      0.83723464	      0.82719798	      0.96729537	      0.86518462	      0.89480892	      0.90586904	      0.72453779	      0.91876908	      0.94063655	      0.95655455	      0.95573462	      1.01077777	      0.69444431	      0.85504517	      0.75003413	      0.64174557	      0.91230725	      0.95496698	      1.06906849	      0.88835836	      0.89430620	      0.90245055	      0.91166411	      0.90882150	      0.61850937	      0.57983448	      1.14551524	      0.86402461	      0.85506486	      0.85493651	      0.93728117	      0.98673200	      1.03928099	      1.00475318	      1.04759039	      1.03128671	      0.78862150	      1.02741013	      1.14173257	      0.96384487	      0.97867639	      0.84961529	      0.74948189	      0.82454628	      1.00731285	      0.90586873	      0.82793999	      1.01536617	      1.02184537	      0.97174292	      0.69010685	      0.94813160	      1.07485332	      1.15412833	      0.54448302	      0.77217086	      0.85977174	      1.03131297	      0.81164907	      1.00496933	      1.13802205	      0.65663840	      0.66925781	      0.70579350
      1.32800000	      0.90072033	      0.78842700	      0.83466256	      0.76457072	      0.94811319	      0.94380392	      0.93599482	      0.89542086	      1.03599089	      0.98673200	      0.99636863	      0.95059571	      0.70088969	      0.61443852	      0.92918417	      1.05768743	      1.03566748	      0.96242109	      0.80699785	      0.90132898	      0.83608788	      0.82704771	      0.96620053	      0.86409322	      0.89651986	      0.90570647	      0.74704171	      0.91883707	      0.94161115	      0.95729239	      0.91900334	      1.01357298	      0.72901713	      0.87082453	      0.74715638	      0.63307196	      0.91480778	      0.95355838	      1.06678166	      0.87047695	      0.87678551	      0.88697772	      0.91605322	      0.91566863	      0.61835965	      0.57351646	      1.14575615	      0.86020121	      0.85118020	      0.85322399	      0.93569617	      0.98673200	      1.04108315	      1.00710685	      1.05288912	      1.03786245	      0.78454190	      1.02455978	      1.14175765	      0.96468927	      0.98235612	      0.84863337	      0.74803615	      0.82604817	      1.00915415	      0.90776138	      0.82476164	      1.00873863	      1.02230277	      0.97297834	      0.68406631	      0.94838953	      1.08143685	      1.15521722	      0.53800394	      0.76912608	      0.86489302	      1.03652674	      0.80667878	      1.00716497	      1.13499124	      0.65626645	      0.66894478	      0.70549939
      1.33850000	      0.90129676	      0.78850377	      0.83682267	      0.79029957	      0.96892683	      0.94584890	      0.93806774	      0.89585959	      1.03916510	      0.98673200	      0.99509560	      0.94904213	      0.71756164	      0.63495778	      0.93008639	      1.05906781	      1.03720594	      0.97335997	      0.80578397	      0.90410725	      0.83414096	      0.82703077	      0.96503978	      0.86293669	      0.89833048	      0.90487994	      0.77003607	      0.91895389	      0.94138040	      0.95796853	      0.88327262	      1.01639434	      0.76214360	      0.88583125	      0.74410905	      0.62526723	      0.91744990	      0.95206199	      1.06402095	      0.85240443	      0.85893618	      0.87133611	      0.92009241	      0.92206922	      0.61813198	      0.56729238	      1.14584592	      0.85653803	      0.84745776	      0.85169568	      0.93445364	      0.98673200	      1.04278956	      1.00934272	      1.05770041	      1.04385750	      0.78061709	      1.02198707	      1.14198468	      0.96546418	      0.98592467	      0.84755427	      0.74669167	      0.82736171	      1.01090850	      0.90956625	      0.82172712	      1.00286357	      1.02247332	      0.97422072	      0.67843487	      0.94864930	      1.08808532	      1.15622199	      0.53163244	      0.76612521	      0.86977466	      1.04166705	      0.80191452	      1.00924716	      1.13223051	      0.65612774	      0.66882813	      0.70538975
      1.34900000	      0.90193054	      0.78883073	      0.83859792	      0.81457522	      0.98869516	      0.94791910	      0.94016603	      0.89614663	      1.04191019	      0.98673200	      0.99379944	      0.94746235	      0.73428326	      0.65523736	      0.93076571	      1.06039395	      1.03906830	      0.98352069	      0.80493113	      0.90694474	      0.83140464	      0.82705038	      0.96386109	      0.86176289	      0.90016559	      0.90371811	      0.79298345	      0.91909485	      0.94008829	      0.95860338	      0.84911157	      1.01914691	      0.79336957	      0.89988300	      0.74101857	      0.61835853	      0.92012349	      0.95053933	      1.06088542	      0.83457437	      0.84119566	      0.85591017	      0.92406331	      0.92833571	      0.61802568	      0.56131661	      1.14592599	      0.85301191	      0.84387406	      0.85033109	      0.93360365	      0.98673200	      1.04441353	      1.01147730	      1.06229676	      1.04958673	      0.77678473	      1.01945268	      1.14212804	      0.96628483	      0.98940192	      0.84637135	      0.74561224	      0.82864733	      1.01258823	      0.91129580	      0.81881615	      0.99720406	      1.02262552	      0.97549842	      0.67325236	      0.94893118	      1.09447933	      1.15716877	      0.52552444	      0.76324929	      0.87445033	      1.04654380	      0.79732646	      1.01123173	      1.12963498	      0.65600395	      0.66872406	      0.70529192
      1.35950000	      0.90253780	      0.78928166	      0.84000537	      0.83709055	      1.00708171	      0.94992195	      0.94219589	      0.89627032	      1.04434510	      0.98673200	      0.99253830	      0.94592718	      0.75065854	      0.67486789	      0.93127365	      1.06173119	      1.04128499	      0.99276528	      0.80437110	      0.90987891	      0.82793580	      0.82705608	      0.96271724	      0.86062440	      0.90194306	      0.90240714	      0.81532608	      0.91925772	      0.93788162	      0.95923248	      0.81704690	      1.02174659	      0.82228160	      0.91281789	      0.73802336	      0.61234672	      0.92270905	      0.94905869	      1.05744522	      0.81739855	      0.82398929	      0.84106275	      0.92831088	      0.93483574	      0.61830506	      0.55563105	      1.14602006	      0.84996451	      0.84077649	      0.84907781	      0.93315922	      0.98673200	      1.04580237	      1.01330820	      1.06629224	      1.05456331	      0.77296436	      1.01660632	      1.14178286	      0.96724951	      0.99280435	      0.84515994	      0.74491182	      0.83009790	      1.01403284	      0.91278440	      0.81630847	      0.99086147	      1.02280436	      0.97682907	      0.66845839	      0.94926284	      1.10054372	      1.15805689	      0.51971792	      0.76053033	      0.87847262	      1.05094578	      0.79335970	      1.01293134	      1.12695822	      0.65585848	      0.66860182	      0.70517698
      1.37000000	      0.90316144	      0.78989440	      0.84109606	      0.85747962	      1.02378789	      0.95181529	      0.94411460	      0.89615787	      1.04664519	      0.98673200	      0.99133964	      0.94446980	      0.76622284	      0.69335423	      0.93161485	      1.06302355	      1.04374422	      1.00099887	      0.80408798	      0.91281077	      0.82386837	      0.82707692	      0.96163277	      0.85954554	      0.90362519	      0.90088476	      0.83649586	      0.91947103	      0.93487766	      0.95992807	      0.78766279	      1.02414327	      0.84841535	      0.92445298	      0.73518724	      0.60725650	      0.92515227	      0.94765220	      1.05374449	      0.80126217	      0.80774016	      0.82712985	      0.93287767	      0.94155974	      0.61906044	      0.54993603	      1.14576966	      0.84742616	      0.83819606	      0.84786695	      0.93325711	      0.98673200	      1.04694888	      1.01482347	      1.06904780	      1.05805334	      0.76917011	      1.01327236	      1.14074551	      0.96826416	      0.99608048	      0.84428739	      0.74439739	      0.83174180	      1.01523116	      0.91402002	      0.81422550	      0.98313408	      1.02232844	      0.97821212	      0.66379304	      0.94972094	      1.10698437	      1.15880335	      0.51390340	      0.75783529	      0.88180977	      1.05485943	      0.79005446	      1.01433610	      1.12388530	      0.65624557	      0.66892722	      0.70548289
      1.38050000	      0.90379206	      0.79064981	      0.84186861	      0.87538659	      1.03857399	      0.95353289	      0.94585507	      0.89573656	      1.04889784	      0.98673200	      0.99024676	      0.94314251	      0.78058487	      0.71028842	      0.93179015	      1.06421535	      1.04632350	      1.00812863	      0.80407009	      0.91559876	      0.81938973	      0.82711847	      0.96064629	      0.85856462	      0.90515272	      0.89918234	      0.85595590	      0.91974936	      0.93123848	      0.96073924	      0.76151228	      1.02631729	      0.87133344	      0.93461201	      0.73261051	      0.60316617	      0.92736787	      0.94637052	      1.04991559	      0.78650048	      0.79284511	      0.81440334	      0.93769766	      0.94838916	      0.62029922	      0.54393354	      1.14481694	      0.84536368	      0.83609919	      0.84666971	      0.93404307	      0.98673200	      1.04787356	      1.01604815	      1.07000769	      1.05942623	      0.76546573	      1.00941920	      1.13894168	      0.96921138	      0.99916038	      0.84409684	      0.74397311	      0.83355829	      1.01620149	      0.91502111	      0.81253698	      0.97382547	      1.02052205	      0.97964357	      0.65919244	      0.95036708	      1.11451842	      1.15933163	      0.50776372	      0.75502222	      0.88451239	      1.05832906	      0.78736814	      1.01547019	      1.12032527	      0.65771414	      0.67016500	      0.70664494
      1.39100000	      0.90410641	      0.79118206	      0.84206678	      0.89046476	      1.05131163	      0.95497143	      0.94731267	      0.89499251	      1.05079172	      0.98673200	      0.98932743	      0.94202706	      0.79352430	      0.72546459	      0.93182033	      1.06543584	      1.04917728	      1.01397499	      0.80430573	      0.91802041	      0.81449743	      0.82700969	      0.95981812	      0.85774146	      0.90643319	      0.89785848	      0.87329310	      0.92002315	      0.92703306	      0.96158875	      0.73912706	      1.02831246	      0.89063926	      0.94311639	      0.73044963	      0.60044023	      0.92922291	      0.94529285	      1.04623994	      0.77335640	      0.77959656	      0.80309468	      0.94253968	      0.95510146	      0.62186280	      0.53767317	      1.14318203	      0.84390149	      0.83461252	      0.84563581	      0.93557817	      0.98673200	      1.04852537	      1.01691283	      1.06907024	      1.05854833	      0.76202143	      1.00549078	      1.13670841	      0.97006923	      1.00196783	      0.84459367	      0.74417646	      0.83547203	      1.01688761	      0.91572926	      0.81134208	      0.96466295	      1.01743835	      0.98112238	      0.65553872	      0.95115752	      1.12312358	      1.15966088	      0.50129649	      0.75208278	      0.88642354	      1.06145638	      0.78546329	      1.01627024	      1.11712987	      0.66021851	      0.67228758	      0.70863186
      1.40150000	      0.90380825	      0.79115843	      0.84145601	      0.90244866	      1.06192818	      0.95608324	      0.94843915	      0.89391464	      1.05207043	      0.98673200	      0.98861439	      0.94116257	      0.80481233	      0.73865596	      0.93172466	      1.06683198	      1.05251196	      1.01839737	      0.80478771	      0.91992419	      0.80907672	      0.82658703	      0.95917682	      0.85710424	      0.90742354	      0.89739776	      0.88817030	      0.92023186	      0.92222795	      0.96241368	      0.72093425	      1.03016961	      0.90605513	      0.94983933	      0.72877781	      0.59943053	      0.93065625	      0.94445730	      1.04289599	      0.76204207	      0.76823227	      0.79338486	      0.94722233	      0.96152885	      0.62361380	      0.53125260	      1.14094330	      0.84308505	      0.83378236	      0.84488682	      0.93791294	      0.98673200	      1.04888798	      1.01739438	      1.06633704	      1.05552819	      0.75897577	      1.00189521	      1.13437415	      0.97083749	      1.00444613	      0.84574995	      0.74545948	      0.83742799	      1.01727007	      0.91612411	      0.81067567	      0.95718488	      1.01324819	      0.98265222	      0.65356912	      0.95205591	      1.13263957	      1.15981917	      0.49455949	      0.74903635	      0.88748893	      1.06432659	      0.78439953	      1.01671555	      1.11503504	      0.66361540	      0.67518991	      0.71133721
      1.41200000	      0.90303786	      0.79071712	      0.84018057	      0.91134587	      1.07041102	      0.95694946	      0.94931676	      0.89247335	      1.05313119	      0.98673200	      0.98805734	      0.94048761	      0.81412156	      0.74950084	      0.93150553	      1.06829697	      1.05612737	      1.02148769	      0.80548713	      0.92141526	      0.80333341	      0.82593211	      0.95867644	      0.85660718	      0.90819554	      0.89756565	      0.90035079	      0.92044751	      0.91698558	      0.96332682	      0.70703129	      1.03186631	      0.91761603	      0.95481596	      0.72747427	      0.59997930	      0.93177273	      0.94380473	      1.03988135	      0.75273942	      0.75893567	      0.78542412	      0.95202566	      0.96794487	      0.62576588	      0.52462163	      1.13802695	      0.84308930	      0.83378669	      0.84424282	      0.94106216	      0.98673200	      1.04888609	      1.01739187	      1.06149824	      1.04998570	      0.75621996	      0.99819884	      1.13152249	      0.97153559	      1.00662120	      0.84782494	      0.74752924	      0.83956242	      1.01726808	      0.91612205	      0.81067915	      0.94992082	      1.00784430	      0.98423797	      0.65271892	      0.95314685	      1.14312914	      1.15978074	      0.48752411	      0.74587661	      0.88748337	      1.06676461	      0.78440507	      1.01671323	      1.11341864	      0.66798434	      0.67896129	      0.71483361
      1.42250000	      0.90203060	      0.79010301	      0.83845185	      0.91725195	      1.07680180	      0.95760462	      0.94998052	      0.89065678	      1.05435392	      0.98673200	      0.98763512	      0.93997625	      0.82128875	      0.75782889	      0.93115335	      1.06965259	      1.05970902	      1.02339466	      0.80638067	      0.92253365	      0.79758632	      0.82518450	      0.95829754	      0.85623087	      0.90877969	      0.89797640	      0.90970723	      0.92074648	      0.91153237	      0.96442640	      0.69740908	      1.03338402	      0.92545332	      0.95812560	      0.72648775	      0.60181819	      0.93261705	      0.94331022	      1.03719192	      0.74556947	      0.75181034	      0.77930598	      0.95724102	      0.97462875	      0.62855215	      0.51770520	      1.13432245	      0.84406453	      0.83477829	      0.84353389	      0.94499607	      0.98673200	      1.04845284	      1.01681656	      1.05422368	      1.04151914	      0.75363230	      0.99388756	      1.12765600	      0.97216608	      1.00852029	      0.85109501	      0.75002902	      0.84201169	      1.01681118	      0.91565036	      0.81147523	      0.94113607	      1.00106571	      0.98587384	      0.65232779	      0.95449948	      1.15469644	      1.15950964	      0.48013754	      0.74258522	      0.88621064	      1.06856084	      0.78567570	      1.01618120	      1.11155099	      0.67344324	      0.68373267	      0.71922787
      1.43300000	      0.90091306	      0.78946226	      0.83634021	      0.92032151	      1.08128721	      0.95786532	      0.95024463	      0.88854046	      1.05536514	      0.98673200	      0.98746690	      0.93977258	      0.82669636	      0.76412608	      0.93063864	      1.07077703	      1.06307326	      1.02424867	      0.80748886	      0.92300103	      0.79200110	      0.82442435	      0.95814667	      0.85608104	      0.90901219	      0.89839090	      0.91636990	      0.92107521	      0.90593888	      0.96557939	      0.69192016	      1.03476957	      0.92977832	      0.95986972	      0.72609505	      0.60484697	      0.93295299	      0.94311323	      1.03483942	      0.74045010	      0.74674878	      0.77494851	      0.96261092	      0.98130329	      0.63177726	      0.51049991	      1.12980572	      0.84605221	      0.83679922	      0.84294163	      0.94957566	      0.98673200	      1.04756555	      1.01563996	      1.04446835	      1.03006603	      0.75131025	      0.98926499	      1.12308480	      0.97264011	      1.01010420	      0.85540012	      0.75295322	      0.84464870	      1.01587789	      0.91468719	      0.81310027	      0.93168665	      0.99292493	      0.98752174	      0.65255624	      0.95600137	      1.16731807	      1.15900489	      0.47238425	      0.73913959	      0.88361105	      1.06983802	      0.78826500	      1.01509232	      1.10972418	      0.67996440	      0.68951548	      0.72451256
      1.44350000	      0.89968415	      0.78880104	      0.83381730	      0.92067482	      1.08403782	      0.95768170	      0.95005861	      0.88620812	      1.05577279	      0.98673200	      0.98758540	      0.93991604	      0.83055415	      0.76865487	      0.92994403	      1.07164448	      1.06618846	      1.02411629	      0.80883011	      0.92260075	      0.78661183	      0.82365570	      0.95825294	      0.85618657	      0.90884843	      0.89878829	      0.92049587	      0.92136996	      0.90019982	      0.96664707	      0.69043476	      1.03607494	      0.93076009	      0.96012230	      0.72637164	      0.60908055	      0.93271638	      0.94325199	      1.03285734	      0.73727363	      0.74362047	      0.77224985	      0.96783785	      0.98765905	      0.63520197	      0.50299046	      1.12446138	      0.84912318	      0.83992124	      0.84265286	      0.95465057	      0.98673200	      1.04618341	      1.01381142	      1.03216687	      1.01553533	      0.74936991	      0.98475115	      1.11823755	      0.97286699	      1.01133439	      0.86048629	      0.75638850	      0.84732967	      1.01443052	      0.91319438	      0.81561749	      0.92282482	      0.98345963	      0.98914482	      0.65370835	      0.95753248	      1.18097546	      1.15827213	      0.46422946	      0.73550512	      0.87958004	      1.07078152	      0.79226430	      1.01339805	      1.10839360	      0.68749622	      0.69630191	      0.73066119
      1.45400000	      0.89801883	      0.78776760	      0.83062587	      0.91827142	      1.08510860	      0.95756035	      0.94993567	      0.88369834	      1.05587434	      0.98673200	      0.98766368	      0.94001083	      0.83213692	      0.77051717	      0.92909525	      1.07250570	      1.06947003	      1.02289547	      0.81040530	      0.92152528	      0.78101088	      0.82268038	      0.95832316	      0.85625630	      0.90874021	      0.89968510	      0.92211047	      0.92166868	      0.89404978	      0.96769015	      0.69302329	      1.03733590	      0.92839830	      0.95886642	      0.72655442	      0.61485787	      0.93256000	      0.94334366	      1.03124749	      0.73602923	      0.74239767	      0.77119374	      0.97309842	      0.99391251	      0.63894488	      0.49507811	      1.11821780	      0.85350160	      0.84437178	      0.84252283	      0.96009711	      0.98673200	      1.04418909	      1.01118190	      1.01697310	      0.99749217	      0.74777281	      0.98024071	      1.11297149	      0.97287228	      1.01223637	      0.86631906	      0.76054268	      0.85015706	      1.01235549	      0.91105606	      0.81921981	      0.91446601	      0.97261815	      0.99073345	      0.65594945	      0.95911609	      1.19577746	      1.15730281	      0.45554804	      0.73162140	      0.87380237	      1.07134470	      0.79796374	      1.01095728	      1.10762980	      0.69605616	      0.70414679	      0.73770340
      1.46450000	      0.89581640	      0.78625779	      0.82669263	      0.91323720	      1.08461327	      0.95776360	      0.95014158	      0.88108019	      1.05592493	      0.98673200	      0.98753255	      0.93985206	      0.83118744	      0.76938519	      0.92810445	      1.07347957	      1.07313382	      1.02060779	      0.81221306	      0.91986638	      0.77493135	      0.82142589	      0.95820555	      0.85613951	      0.90892147	      0.90122250	      0.92136299	      0.92200954	      0.88729510	      0.96874406	      0.69949282	      1.03856467	      0.92287863	      0.95617855	      0.72624828	      0.62226036	      0.93282191	      0.94319011	      1.02990634	      0.73660542	      0.74296366	      0.77168267	      0.97857566	      1.00028495	      0.64312801	      0.48663099	      1.11097399	      0.85924192	      0.85020544	      0.84243380	      0.96572877	      0.98673200	      1.04153192	      1.00769418	      0.99871033	      0.97571523	      0.74645283	      0.97556616	      1.10710732	      0.97266509	      1.01285196	      0.87287502	      0.76550430	      0.85322448	      1.00961449	      0.90823483	      0.82396596	      0.90626168	      0.96031421	      0.99226956	      0.65927851	      0.96075028	      1.21187275	      1.15607982	      0.44619267	      0.72741333	      0.86617377	      1.07147938	      0.80543136	      1.00771226	      1.10735938	      0.70568860	      0.71313100	      0.74569112
      1.47500000	      0.89400157	      0.78524714	      0.82284455	      0.90655956	      1.08300179	      0.95721972	      0.94959057	      0.87853434	      1.05525038	      0.98673200	      0.98788326	      0.94027675	      0.82988023	      0.76792004	      0.92695167	      1.07399664	      1.07619705	      1.01788556	      0.81417921	      0.91711671	      0.76932501	      0.82042547	      0.95852018	      0.85645198	      0.90843649	      0.90197123	      0.91893817	      0.92229023	      0.88060464	      0.96955553	      0.70843253	      1.03969191	      0.91532952	      0.95260866	      0.72706737	      0.63001225	      0.93212104	      0.94360083	      1.02863542	      0.73847344	      0.74480092	      0.77326871	      0.98405691	      1.00654921	      0.64754117	      0.47754159	      1.10267779	      0.86632345	      0.85740025	      0.84272560	      0.97121663	      0.98673200	      1.03818701	      1.00332813	      0.97737567	      0.95019040	      0.74537982	      0.97083949	      1.10089604	      0.97211540	      1.01322592	      0.87977778	      0.77082060	      0.85637967	      1.00620072	      0.90472640	      0.82985636	      0.89815631	      0.94656117	      0.99370653	      0.66319304	      0.96221148	      1.22929826	      1.15459658	      0.43609062	      0.72281504	      0.85667978	      1.07136764	      0.81463632	      1.00363815	      1.10733875	      0.71636371	      0.72326382	      0.75461367
      1.48550000	      0.89325526	      0.78547546	      0.81962869	      0.89887036	      1.08061795	      0.95542188	      0.94776907	      0.87618233	      1.05329059	      0.98673200	      0.98903881	      0.94167707	      0.82942222	      0.76758716	      0.92559144	      1.07362543	      1.07796975	      1.01516022	      0.81630059	      0.91302249	      0.76480915	      0.82007536	      0.95955843	      0.85748340	      0.90683436	      0.90084580	      0.91537066	      0.92243967	      0.87434154	      0.96993072	      0.71891248	      1.04070449	      0.90647271	      0.94850869	      0.72977247	      0.63732042	      0.92980367	      0.94495461	      1.02726443	      0.74121865	      0.74750714	      0.77560206	      0.98929121	      1.01241872	      0.65195371	      0.46775424	      1.09329972	      0.87461900	      0.86582588	      0.84366939	      0.97635630	      0.98673200	      1.03417383	      0.99812365	      0.95313933	      0.92111467	      0.74453750	      0.96617300	      1.09459428	      0.97107350	      1.01338554	      0.88659596	      0.77594920	      0.85944957	      1.00215582	      0.90057683	      0.83680435	      0.88998409	      0.93142016	      0.99500928	      0.66709427	      0.96333155	      1.24800481	      1.15284617	      0.42523532	      0.71778527	      0.84544359	      1.07116729	      0.82540845	      0.99876514	      1.10724680	      0.72802056	      0.73451437	      0.76443046
      1.49600000	      0.89268362	      0.78622745	      0.81571327	      0.88849892	      1.07717623	      0.95505498	      0.94739733	      0.87392015	      1.05103797	      0.98673200	      0.98927392	      0.94196217	      0.82551743	      0.76305965	      0.92375655	      1.07283200	      1.07981439	      1.01161544	      0.81908597	      0.90843697	      0.75934182	      0.81984939	      0.95976997	      0.85769360	      0.90650760	      0.89870455	      0.91026034	      0.92274623	      0.86637689	      0.97017790	      0.73309666	      1.04194104	      0.89447253	      0.94298076	      0.73032403	      0.64658433	      0.92933064	      0.94523014	      1.02542375	      0.74514493	      0.75138971	      0.77894426	      0.99422066	      1.01779782	      0.65635940	      0.45736635	      1.08282294	      0.88453202	      0.87589062	      0.84476324	      0.98127991	      0.98673200	      1.02924254	      0.99177568	      0.92549814	      0.88784063	      0.74399117	      0.96161132	      1.08820563	      0.96948524	      1.01327231	      0.89346796	      0.78088528	      0.86241926	      0.99725650	      0.89556146	      0.84517174	      0.88181643	      0.91497889	      0.99616010	      0.67102362	      0.96433837	      1.26780542	      1.15080805	      0.41373315	      0.71235046	      0.83185803	      1.07077539	      0.83826491	      0.99279834	      1.10710722	      0.74058591	      0.74682408	      0.77508512
      1.50650000	      0.89125554	      0.78650870	      0.80993277	      0.87448904	      1.07263413	      0.95598933	      0.94834400	      0.87160802	      1.04941444	      0.98673200	      0.98867471	      0.94123568	      0.81834518	      0.75455646	      0.92132122	      1.07209210	      1.08273536	      1.00662722	      0.82278517	      0.90409098	      0.75184730	      0.81916296	      0.95923103	      0.85715810	      0.90733987	      0.89698806	      0.90358765	      0.92342150	      0.85568839	      0.97059990	      0.75221736	      1.04368291	      0.87826249	      0.93547086	      0.72891908	      0.65945208	      0.93053519	      0.94452797	      1.02341316	      0.75026141	      0.75646867	      0.78330774	      0.99875679	      1.02252871	      0.66078726	      0.44652946	      1.07117150	      0.89629698	      0.88783040	      0.84554227	      0.98620675	      0.98673200	      1.02319579	      0.98405741	      0.89406255	      0.84986861	      0.74390740	      0.95729461	      1.08173216	      0.96728683	      1.01274507	      0.90067480	      0.78585587	      0.86529257	      0.99134763	      0.88952806	      0.85518918	      0.87414824	      0.89724071	      0.99713262	      0.67537672	      0.96547126	      1.28851072	      1.14843617	      0.40172030	      0.70655353	      0.81551708	      1.07000300	      0.85349947	      0.98551122	      1.10719447	      0.75405584	      0.76018496	      0.78657461
      1.51700000	      0.88966576	      0.78672822	      0.80368075	      0.85947653	      1.06780263	      0.95375563	      0.94608077	      0.86949248	      1.04746600	      0.98673200	      0.99010466	      0.94297003	      0.81552718	      0.75148817	      0.91867981	      1.07112851	      1.08543453	      1.00127659	      0.82669748	      0.89961932	      0.74469770	      0.81842025	      0.96051818	      0.85843726	      0.90535092	      0.89546111	      0.89657688	      0.92412809	      0.84495570	      0.97085285	      0.77271320	      1.04559159	      0.86081308	      0.92737262	      0.73227608	      0.67300298	      0.92765514	      0.94620390	      1.02192657	      0.75562543	      0.76181416	      0.78789127	      1.00269627	      1.02636250	      0.66508666	      0.43523112	      1.05827582	      0.90861014	      0.90032044	      0.84647334	      0.99071462	      0.98673200	      1.01663797	      0.97576165	      0.86052456	      0.80929342	      0.74434055	      0.95339297	      1.07538857	      0.96434705	      1.01177149	      0.90735856	      0.79064810	      0.86795553	      0.98505196	      0.88311801	      0.86576899	      0.86720703	      0.87823384	      0.99784187	      0.67998522	      0.96642109	      1.31004416	      1.14570552	      0.38921842	      0.70036028	      0.79817173	      1.06891591	      0.86941490	      0.97764189	      1.10746789	      0.76840101	      0.77454664	      0.79886910
      1.52750000	      0.88896508	      0.78774635	      0.79855616	      0.84550789	      1.06300043	      0.95094746	      0.94323516	      0.86790149	      1.04431649	      0.98673200	      0.99188984	      0.94513855	      0.81364865	      0.74957207	      0.91618570	      1.06966700	      1.08690471	      0.99653807	      0.83024651	      0.89489262	      0.73932507	      0.81818582	      0.96213023	      0.86004036	      0.90285394	      0.89300845	      0.88969528	      0.92456215	      0.83592524	      0.97058615	      0.79184197	      1.04720055	      0.84446709	      0.91982670	      0.73648776	      0.68462562	      0.92403251	      0.94829770	      1.02072674	      0.76087932	      0.76706757	      0.79238859	      1.00586343	      1.02911228	      0.66905606	      0.42341206	      1.04415526	      0.92130494	      0.91319103	      0.84798625	      0.99421051	      0.98673200	      1.00962697	      0.96697125	      0.82524460	      0.76653349	      0.74521855	      0.94996722	      1.06940896	      0.96054304	      1.01042118	      0.91233902	      0.79473270	      0.87026302	      0.97843955	      0.87640554	      0.87677338	      0.86066915	      0.85812668	      0.99819867	      0.68421123	      0.96684315	      1.33228270	      1.14262310	      0.37625536	      0.69372417	      0.78004121	      1.06768816	      0.88579087	      0.96926435	      1.10754910	      0.78349151	      0.78974082	      0.81184796
      1.53800000	      0.88838445	      0.78880931	      0.79373770	      0.83164111	      1.05792697	      0.95105811	      0.94334729	      0.86661031	      1.04109404	      0.98673200	      0.99181976	      0.94505335	      0.80724891	      0.74202949	      0.91378245	      1.06814853	      1.08803221	      0.99185398	      0.83359957	      0.89112240	      0.73472012	      0.81801687	      0.96206684	      0.85997730	      0.90295226	      0.89070299	      0.88251640	      0.92495165	      0.82772530	      0.97020209	      0.81088350	      1.04863947	      0.82816372	      0.91231016	      0.73632200	      0.69562315	      0.92417529	      0.94821548	      1.01987832	      0.76634805	      0.77255118	      0.79707705	      1.00816032	      1.03063003	      0.67266555	      0.41125352	      1.02885814	      0.93587770	      0.92795733	      0.84949446	      0.99710416	      0.98673200	      1.00125968	      0.95657709	      0.78631075	      0.71917012	      0.74661407	      0.94710661	      1.06385604	      0.95582653	      1.00863038	      0.91576810	      0.79806544	      0.87217473	      0.97069354	      0.86856818	      0.88951990	      0.85464887	      0.83712554	      0.99822697	      0.68807189	      0.96706522	      1.35494417	      1.13917301	      0.36305971	      0.68671215	      0.75893802	      1.06621455	      0.90454615	      0.95931027	      1.10744352	      0.79923671	      0.80562714	      0.82542378
      1.54850000	      0.88711332	      0.78928911	      0.78792607	      0.81685574	      1.05289005	      0.94942563	      0.94169289	      0.86537443	      1.03902692	      0.98673200	      0.99285148	      0.94630823	      0.80351182	      0.73778407	      0.91116083	      1.06681496	      1.08970566	      0.98669858	      0.83724870	      0.88909059	      0.72962705	      0.81746675	      0.96300102	      0.86090679	      0.90150240	      0.88942142	      0.87547988	      0.92743921	      0.81882824	      0.97012568	      0.83107183	      1.05038408	      0.81081118	      0.90425006	      0.73876607	      0.70797979	      0.92206843	      0.94942629	      1.01949331	      0.77169630	      0.77792614	      0.80166840	      1.00955389	      1.03085093	      0.67595851	      0.39898742	      1.01245336	      0.95234840	      0.94463605	      0.85039312	      0.99982193	      0.98673200	      0.99138235	      0.94442956	      0.74380312	      0.66727357	      0.74863623	      0.94495841	      1.05877100	      0.95021936	      1.00631383	      0.91833523	      0.80097857	      0.87370913	      0.96173394	      0.85953741	      0.90406499	      0.84976587	      0.81545749	      0.99795774	      0.69205928	      0.96744649	      1.37773275	      1.13534114	      0.34988545	      0.67941375	      0.73474404	      1.06434229	      0.92568527	      0.94761608	      1.10749440	      0.81554826	      0.82205938	      0.83951162
      1.55900000	      0.88552919	      0.78964077	      0.78132301	      0.80146145	      1.04821190	      0.94511143	      0.93732022	      0.86405313	      1.03754378	      0.98673200	      0.99555553	      0.94960319	      0.80415553	      0.73895435	      0.90823487	      1.06539736	      1.09156999	      0.98133236	      0.84126482	      0.88809737	      0.72433364	      0.81675358	      0.96545879	      0.86335410	      0.89767728	      0.88855840	      0.86902364	      0.92859748	      0.80929570	      0.97025377	      0.85193578	      1.05250106	      0.79278930	      0.89582583	      0.74520863	      0.72142956	      0.91649721	      0.95260251	      1.01949208	      0.77659553	      0.78285810	      0.80587898	      1.00983767	      1.02945780	      0.67885141	      0.38667371	      0.99481489	      0.96644996	      0.95890652	      0.85096404	      1.00269539	      0.98673200	      0.98256236	      0.93368376	      0.70380109	      0.61839412	      0.75133818	      0.94351229	      1.05419754	      0.94353082	      1.00339896	      0.92052185	      0.80286946	      0.87473546	      0.95388607	      0.85165743	      0.91662817	      0.84528757	      0.79309883	      0.99741590	      0.69552805	      0.96797518	      1.40051071	      1.13105403	      0.33687943	      0.67183821	      0.71377338	      1.06196657	      0.94373125	      0.93722078	      1.10716067	      0.83251633	      0.83907036	      0.85418386
      1.56950000	      0.88397829	      0.79009575	      0.77457045	      0.78604705	      1.04377246	      0.94197575	      0.93414153	      0.86251877	      1.03580918	      0.98673200	      0.99750053	      0.95197874	      0.80341323	      0.73836601	      0.90518423	      1.06381020	      1.09314126	      0.97603644	      0.84536029	      0.88770509	      0.71973279	      0.81607761	      0.96723521	      0.86512464	      0.89490301	      0.88796696	      0.86296580	      0.92978876	      0.80019519	      0.97041798	      0.87277723	      1.05475465	      0.77472003	      0.88735521	      0.74987591	      0.73490574	      0.91244487	      0.95488964	      1.02006262	      0.78118816	      0.78748677	      0.80982969	      1.00876418	      1.02608034	      0.68125381	      0.37456959	      0.97597700	      0.97812812	      0.97071809	      0.85158904	      1.00606375	      0.98673200	      0.97499797	      0.92453731	      0.66677100	      0.57305930	      0.75480386	      0.94283899	      1.05025519	      0.93562560	      0.99979401	      0.92231802	      0.80314682	      0.87510363	      0.94726021	      0.84502643	      0.92710560	      0.84066975	      0.77025165	      0.99661999	      0.69790303	      0.96858401	      1.42278148	      1.12625662	      0.32437374	      0.66410566	      0.69625145	      1.05893213	      0.95863740	      0.92833797	      1.10595408	      0.85003530	      0.85651711	      0.86934571
      1.58000000	      0.88278081	      0.79098113	      0.76803922	      0.77110182	      1.03971200	      0.93994274	      0.93208042	      0.86114618	      1.03399944	      0.98673200	      0.99875245	      0.95351027	      0.80156973	      0.73636496	      0.90205721	      1.06204589	      1.09448352	      0.97106998	      0.84947934	      0.88866864	      0.71541036	      0.81557412	      0.96838248	      0.86626887	      0.89310704	      0.88697562	      0.85748283	      0.93101995	      0.79120491	      0.97053563	      0.89287644	      1.05703746	      0.75724442	      0.87914893	      0.75289484	      0.74800515	      0.90981620	      0.95636292	      1.02056282	      0.78534336	      0.79167768	      0.81340679	      1.00634222	      1.02081087	      0.68315749	      0.36336690	      0.95671030	      0.99335450	      0.98610942	      0.85219381	      1.00917415	      0.98673200	      0.96477225	      0.91226677	      0.62500633	      0.52164617	      0.75907393	      0.94333515	      1.04726637	      0.92691590	      0.99552828	      0.92246442	      0.80274299	      0.87484618	      0.93844462	      0.83623525	      0.94086186	      0.83789273	      0.74795327	      0.99545086	      0.70042430	      0.96908352	      1.44341457	      1.12111115	      0.31301354	      0.65660228	      0.67323184	      1.05524397	      0.97801745	      0.91637444	      1.10491356	      0.86732070	      0.87360929	      0.88431198
      1.59050000	      0.88210754	      0.79248853	      0.76188015	      0.75698667	      1.03627149	      0.93667423	      0.92876634	      0.86024015	      1.03247220	      0.98673200	      1.00075024	      0.95595837	      0.80224782	      0.73745484	      0.89884900	      1.06007192	      1.09565045	      0.96661477	      0.85363276	      0.89170775	      0.71101622	      0.81531215	      0.97021969	      0.86810241	      0.89022411	      0.88510880	      0.85287948	      0.93235999	      0.78197734	      0.97059797	      0.91168359	      1.05934754	      0.74084571	      0.87143334	      0.75773656	      0.76058269	      0.90558783	      0.95871580	      1.02056809	      0.78883198	      0.79519770	      0.81641182	      1.00251280	      1.01364622	      0.68449928	      0.35322767	      0.93727607	      1.00754281	      1.00044211	      0.85262232	      1.01141043	      0.98673200	      0.95486393	      0.90047194	      0.58556108	      0.47293256	      0.76415307	      0.94528904	      1.04549740	      0.91757653	      0.99064209	      0.92001682	      0.80227614	      0.87393717	      0.93004558	      0.82789286	      0.95377369	      0.83838254	      0.72653346	      0.99380716	      0.70392944	      0.96936018	      1.46211758	      1.11568476	      0.30291314	      0.64942512	      0.65164845	      1.05104999	      0.99601735	      0.90482769	      1.10476756	      0.88409085	      0.89006929	      0.89883061
      1.60100000	      0.88156730	      0.79424955	      0.75558219	      0.74325431	      1.03351429	      0.93229428	      0.92432460	      0.85935827	      1.03117678	      0.98673200	      1.00339860	      0.95921168	      0.80530198	      0.74145541	      0.89546557	      1.05791274	      1.09662235	      0.96244513	      0.85792966	      0.89624955	      0.70704600	      0.81512188	      0.97266757	      0.87054777	      0.88636967	      0.88329039	      0.84921814	      0.93384855	      0.77286937	      0.97075230	      0.92984688	      1.06188581	      0.72495032	      0.86391816	      0.76420116	      0.77320927	      0.89991740	      0.96183852	      1.02090565	      0.79160738	      0.79799853	      0.81880354	      0.99751217	      1.00482014	      0.68551213	      0.34385695	      0.91731003	      1.01556573	      1.00854263	      0.85288732	      1.01367426	      0.98673200	      0.94909490	      0.89364450	      0.55595224	      0.43615769	      0.76988126	      0.94822503	      1.04454091	      0.90749149	      0.98520879	      0.91630037	      0.80121044	      0.87244259	      0.92521563	      0.82311037	      0.96111342	      0.84028445	      0.70563694	      0.99187559	      0.70762467	      0.96966811	      1.47926303	      1.10985596	      0.29382760	      0.64242237	      0.63940662	      1.04616413	      1.00616931	      0.89812408	      1.10464252	      0.90065113	      0.90619745	      0.91316022
      1.61150000	      0.88087672	      0.79605201	      0.74866435	      0.72941047	      1.03150250	      0.92866398	      0.92064246	      0.85812864	      1.02989778	      0.98673200	      1.00556888	      0.96188464	      0.80813403	      0.74512560	      0.89177619	      1.05559329	      1.09747576	      0.95837035	      0.86252691	      0.90153815	      0.70376204	      0.81487337	      0.97468437	      0.87256451	      0.88318272	      0.88225363	      0.84656209	      0.93550853	      0.76397678	      0.97107062	      0.94803742	      1.06484485	      0.70896264	      0.85630484	      0.76953840	      0.78651924	      0.89521387	      0.96440066	      1.02217371	      0.79362139	      0.80003104	      0.82053966	      0.99185624	      0.99495421	      0.68657196	      0.33568202	      0.89737797	      1.02458575	      1.01764633	      0.85309226	      1.01671966	      0.98673200	      0.94246231	      0.88582938	      0.52618570	      0.39898011	      0.77600657	      0.95157842	      1.04388173	      0.89707108	      0.97939398	      0.91255023	      0.79940359	      0.87058148	      0.91971445	      0.81767664	      0.96939779	      0.84194413	      0.68589564	      0.98987194	      0.71106109	      0.97018898	      1.49430634	      1.10371845	      0.28609804	      0.63591643	      0.62562723	      1.04026983	      1.01755948	      0.89043382	      1.10391031	      0.91667531	      0.92168262	      0.92702084
      1.62200000	      0.88030771	      0.79812548	      0.74155979	      0.71597280	      1.03027280	      0.92537569	      0.91730673	      0.85697140	      1.02845634	      0.98673200	      1.00751541	      0.96428750	      0.81136291	      0.74923756	      0.88788626	      1.05314217	      1.09821503	      0.95462857	      0.86728693	      0.90767758	      0.70098186	      0.81468153	      0.97650175	      0.87438339	      0.88030218	      0.88152714	      0.84494495	      0.93725208	      0.75529226	      0.97134973	      0.96553136	      1.06806293	      0.69352199	      0.84890929	      0.77435608	      0.79995094	      0.89095067	      0.96670112	      1.02389735	      0.79484797	      0.80126885	      0.82159721	      0.98541052	      0.98394972	      0.68756387	      0.32916919	      0.87810790	      1.03469916	      1.02784901	      0.85336086	      1.01972153	      0.98673200	      0.93483755	      0.87688837	      0.49665248	      0.36200649	      0.78256581	      0.95567963	      1.04383637	      0.88664505	      0.97321527	      0.90777686	      0.79736586	      0.86828984	      0.91345550	      0.81151193	      0.97872646	      0.84481229	      0.66788067	      0.98765319	      0.71498029	      0.97065021	      1.50685378	      1.09742166	      0.27995080	      0.63023050	      0.61017688	      1.03348749	      1.03029982	      0.88161453	      1.10326672	      0.93187097	      0.93625998	      0.94016519
      1.63250000	      0.88014134	      0.80069135	      0.73473697	      0.70350426	      1.02985906	      0.92162355	      0.91349989	      0.85631481	      1.02670669	      0.98673200	      1.00971425	      0.96700820	      0.81615475	      0.75524620	      0.88391388	      1.05056035	      1.09881596	      0.95145435	      0.87206141	      0.91481697	      0.69843149	      0.81466695	      0.97856462	      0.87644976	      0.87702257	      0.88046076	      0.84440194	      0.93899085	      0.74671947	      0.97139596	      0.98154331	      1.07136816	      0.67931835	      0.84207412	      0.77983350	      0.81289835	      0.88608288	      0.96930265	      1.02549249	      0.79525990	      0.80168453	      0.82195240	      0.97792768	      0.97153573	      0.68834951	      0.32443113	      0.85964229	      1.04043465	      1.03363297	      0.85379575	      1.02185436	      0.98673200	      0.93042338	      0.87173238	      0.47050004	      0.33419225	      0.78965170	      0.96085378	      1.04468526	      0.87629146	      0.96662900	      0.90096951	      0.79549088	      0.86544737	      0.90986250	      0.80798157	      0.98403544	      0.85018390	      0.65161903	      0.98504199	      0.72004046	      0.97078504	      1.51699777	      1.09099916	      0.27526876	      0.62545661	      0.60142369	      1.02593137	      1.03751034	      0.87651887	      1.10331600	      0.94630497	      0.95001449	      0.95265597
      1.64300000	      0.88029433	      0.80369756	      0.72802279	      0.69172619	      1.03023261	      0.91786218	      0.90968309	      0.85594023	      1.02464027	      0.98673200	      1.01189480	      0.96971313	      0.82183242	      0.76230906	      0.87979984	      1.04781621	      1.09919749	      0.94875517	      0.87691170	      0.92249537	      0.69647485	      0.81480765	      0.98062100	      0.87851154	      0.87374280	      0.87944693	      0.84489217	      0.94075613	      0.73853306	      0.97128252	      0.99646949	      1.07484102	      0.66598651	      0.83562533	      0.78530276	      0.82559125	      0.88119974	      0.97188562	      1.02738356	      0.79488800	      0.80130924	      0.82163172	      0.96974318	      0.95811765	      0.68919736	      0.32173170	      0.84238369	      1.04339105	      1.03661373	      0.85440145	      1.02355823	      0.98673200	      0.92812224	      0.86905021	      0.45181797	      0.31274367	      0.79713440	      0.96675841	      1.04604656	      0.86636353	      0.95840745	      0.89297361	      0.79397646	      0.86221268	      0.90799803	      0.80615207	      0.98677716	      0.85734742	      0.63714734	      0.98216137	      0.72630625	      0.97072355	      1.52422996	      1.08453606	      0.27203755	      0.62183295	      0.59691648	      1.01739113	      1.04122279	      0.87386534	      1.10392112	      0.95966815	      0.96266499	      0.96422225
      1.65350000	      0.88067406	      0.80709733	      0.72121273	      0.68030034	      1.03135616	      0.91418391	      0.90595002	      0.85556679	      1.02229552	      0.98673200	      1.01400440	      0.97233671	      0.82822869	      0.77021914	      0.87547600	      1.04489664	      1.09926909	      0.94643256	      0.88190760	      0.93019962	      0.69566581	      0.81508399	      0.98262084	      0.88051844	      0.87054325	      0.87912361	      0.84636939	      0.94259446	      0.73120182	      0.97111441	      1.01079461	      1.07857688	      0.65307736	      0.82934810	      0.79062985	      0.83829798	      0.87642121	      0.97438753	      1.03018767	      0.79376754	      0.80017853	      0.82066566	      0.96119551	      0.94411451	      0.69034679	      0.32130214	      0.82675078	      1.04580821	      1.03905049	      0.85515926	      1.02537730	      0.98673200	      0.92622767	      0.86684479	      0.43530385	      0.29390277	      0.80487916	      0.97307365	      1.04757549	      0.85722708	      0.95180342	      0.88482286	      0.79301886	      0.85874725	      0.90646730	      0.80465133	      0.98902140	      0.86565638	      0.62477946	      0.97916096	      0.73381693	      0.97063608	      1.52802600	      1.07813802	      0.27022223	      0.61958372	      0.59323443	      1.00771862	      1.04425591	      0.87168206	      1.10496565	      0.97160939	      0.97389489	      0.97455520
      1.66400000	      0.88143655	      0.81106382	      0.71446541	      0.66926459	      1.03316216	      0.91087829	      0.90259466	      0.85527146	      1.01949055	      0.98673200	      1.01588114	      0.97467636	      0.83487612	      0.77839535	      0.87094297	      1.04179700	      1.09912838	      0.94453465	      0.88704836	      0.93775500	      0.69561358	      0.81554887	      0.98440874	      0.88231419	      0.86767450	      0.87905670	      0.84875231	      0.94445898	      0.72437039	      0.97081561	      1.02442412	      1.08250437	      0.64066955	      0.82328928	      0.79539893	      0.85094239	      0.87212410	      0.97661582	      1.03345791	      0.79196056	      0.79835496	      0.81910796	      0.95242642	      0.92972885	      0.69185994	      0.32322048	      0.81301772	      1.04706598	      1.04031835	      0.85616447	      1.02718465	      0.98673200	      0.92523712	      0.86569274	      0.42208212	      0.27896459	      0.81279820	      0.97967831	      1.04916134	      0.84911511	      0.94485268	      0.87642012	      0.79277512	      0.85511101	      0.90566853	      0.80386866	      0.99019011	      0.87499985	      0.61416637	      0.97605059	      0.74264407	      0.97045222	      1.52816385	      1.07190063	      0.26974920	      0.61881753	      0.59131971	      0.99695278	      1.04583341	      0.87054109	      1.10649771	      0.98192176	      0.98353001	      0.98347289
      1.67450000	      0.88269415	      0.81569639	      0.70795250	      0.65872257	      1.03557817	      0.90770198	      0.89937011	      0.85517417	      1.01602829	      0.98673200	      1.01766751	      0.97690842	      0.84204332	      0.78717546	      0.86622692	      1.03852440	      1.09886952	      0.94310161	      0.89230082	      0.94507453	      0.69589126	      0.81623099	      0.98611843	      0.88403274	      0.86492398	      0.87877424	      0.85195649	      0.94628749	      0.71767516	      0.97029366	      1.03718043	      1.08653502	      0.62891579	      0.81752983	      0.79996486	      0.86338591	      0.86799268	      0.97873907	      1.03671421	      0.78953156	      0.79590366	      0.81701460	      0.94358026	      0.91516923	      0.69377808	      0.32751916	      0.80141753	      1.04632296	      1.03956938	      0.85751525	      1.02878165	      0.98673200	      0.92582267	      0.86637367	      0.41352679	      0.26939781	      0.82079596	      0.98643876	      1.05069859	      0.84222801	      0.93761867	      0.86750433	      0.79333066	      0.85136460	      0.90614059	      0.80433116	      0.98949962	      0.88517528	      0.60538828	      0.97282753	      0.75275086	      0.97007660	      1.52456045	      1.06592054	      0.27062206	      0.61960400	      0.59245071	      0.98516803	      1.04490158	      0.87121552	      1.10850682	      0.99046818	      0.99146569	      0.99085656
      1.68500000	      0.88426620	      0.82073316	      0.70168616	      0.64878651	      1.03851071	      0.90452376	      0.89614320	      0.85521043	      1.01197797	      0.98673200	      1.01943838	      0.97912612	      0.84981642	      0.79667071	      0.86143685	      1.03524429	      1.09856988	      0.94208852	      0.89754461	      0.95201643	      0.69668794	      0.81704104	      0.98782107	      0.88574552	      0.86217781	      0.87879567	      0.85587112	      0.94804170	      0.71151213	      0.96958771	      1.04895672	      1.09060295	      0.61790722	      0.81211310	      0.80451703	      0.87548443	      0.86385647	      0.98084613	      1.04020000	      0.78656472	      0.79290993	      0.81445867	      0.93483020	      0.90067647	      0.69614639	      0.33420837	      0.79215199	      1.04404390	      1.03727191	      0.85917646	      1.03028864	      0.98673200	      0.92761171	      0.86845565	      0.40908708	      0.26445699	      0.82876933	      0.99319282	      1.05206411	      0.83674453	      0.93017771	      0.85838968	      0.79470180	      0.84758520	      0.90758516	      0.80574717	      0.98738308	      0.89583314	      0.59850186	      0.96955199	      0.76399100	      0.96955971	      1.51724806	      1.06029215	      0.27295481	      0.62198824	      0.59592170	      0.97244535	      1.04204220	      0.87327687	      1.11090254	      0.99717840	      0.99766237	      0.99664845
      1.69550000	      0.88596644	      0.82591286	      0.69565653	      0.63953469	      1.04185692	      0.90163683	      0.89321167	      0.85527945	      1.00745850	      0.98673200	      1.02103266	      0.98112703	      0.85768839	      0.80625221	      0.85668010	      1.03212865	      1.09832683	      0.94143623	      0.90267232	      0.95839138	      0.69815156	      0.81788927	      0.98936071	      0.88729545	      0.85968860	      0.87964242	      0.86037237	      0.94969292	      0.70623174	      0.96875910	      1.05969458	      1.09464849	      0.60769704	      0.80706456	      0.80863749	      0.88713573	      0.86009736	      0.98274502	      1.04414274	      0.78315365	      0.78946886	      0.81152142	      0.92633612	      0.88647186	      0.69899604	      0.34329118	      0.78538550	      1.04079841	      1.03399975	      0.86108997	      1.03187485	      0.98673200	      0.93014120	      0.87140327	      0.40806697	      0.26330962	      0.83663180	      0.99979719	      1.05314458	      0.83281192	      0.92260192	      0.84952409	      0.79691238	      0.84384980	      0.90963355	      0.80775682	      0.98437259	      0.90667654	      0.59354408	      0.96629128	      0.77623246	      0.96897715	      1.50630662	      1.05510245	      0.27697666	      0.62599531	      0.60086892	      0.95886817	      1.03796728	      0.87619338	      1.11361749	      1.00201365	      1.00210801	      1.00081877
      1.70600000	      0.88776390	      0.83120250	      0.68984492	      0.63087204	      1.04553080	      0.89894817	      0.89048116	      0.85533172	      1.00246592	      0.98673200	      1.02250526	      0.98297897	      0.86570065	      0.81597540	      0.85196742	      1.02921687	      1.09818481	      0.94109636	      0.90768190	      0.96399687	      0.70027906	      0.81876115	      0.99078866	      0.88873392	      0.85737491	      0.88143352	      0.86535720	      0.95123367	      0.70186742	      0.96781913	      1.06953115	      1.09865734	      0.59816197	      0.80232861	      0.81246240	      0.89838849	      0.85659475	      0.98450065	      1.04857818	      0.77937551	      0.78565938	      0.80827001	      0.91828166	      0.87279047	      0.70239110	      0.35478704	      0.78123629	      1.03659154	      1.02975756	      0.86325643	      1.03362074	      0.98673200	      0.93338839	      0.87519408	      0.41056702	      0.26608039	      0.84431744	      1.00609435	      1.05377740	      0.83055841	      0.91494919	      0.84118059	      0.80004695	      0.84025773	      0.91227352	      0.81034987	      0.98047665	      0.91739462	      0.59053409	      0.96309077	      0.78941155	      0.96835462	      1.49180169	      1.05041804	      0.28302583	      0.63164444	      0.60728773	      0.94445787	      1.03268008	      0.87994084	      1.11660539	      1.00495150	      1.00480081	      1.00335122
      1.71650000	      0.88967209	      0.83662568	      0.68424989	      0.62268564	      1.04944689	      0.89628994	      0.88778124	      0.85532385	      0.99698147	      0.98673200	      1.02394970	      0.98479906	      0.87399210	      0.82601819	      0.84729029	      1.02651378	      1.09818459	      0.94102893	      0.91258995	      0.96868753	      0.70295973	      0.81965923	      0.99219486	      0.89015138	      0.85509180	      0.88410176	      0.87072072	      0.95265902	      0.69830731	      0.96677442	      1.07861475	      1.10261493	      0.58917172	      0.79784698	      0.81623200	      0.90930400	      0.85313017	      0.98622428	      1.05341885	      0.77530829	      0.78156161	      0.80477227	      0.91085438	      0.85987330	      0.70638162	      0.36869924	      0.77980280	      1.03139097	      1.02451216	      0.86568141	      1.03559782	      0.98673200	      0.93735382	      0.87983406	      0.41674064	      0.27301624	      0.85175735	      1.01192721	      1.05380949	      0.83008646	      0.90728698	      0.83355441	      0.80415349	      0.83691198	      0.91551354	      0.81353692	      0.97567036	      0.92764471	      0.58949955	      0.95999694	      0.80341270	      0.96771145	      1.47380622	      1.04630039	      0.29150723	      0.63893765	      0.61522947	      0.92925022	      1.02613596	      0.88452255	      1.11979228	      1.00596169	      1.00572525	      1.00422176
      1.72700000	      0.89176060	      0.84224995	      0.67893633	      0.61492981	      1.05351656	      0.89374785	      0.88519899	      0.85520385	      0.99103652	      0.98673200	      1.02532037	      0.98652954	      0.88234919	      0.83611915	      0.84262682	      1.02396520	      1.09841127	      0.94120557	      0.91741806	      0.97246645	      0.70557834	      0.82058770	      0.99353444	      0.89150252	      0.85291256	      0.88691947	      0.87635026	      0.95395997	      0.69488206	      0.96565116	      1.08696139	      1.10647028	      0.58072172	      0.79362182	      0.81982562	      0.91989638	      0.84981550	      0.98786137	      1.05806168	      0.77103531	      0.77726129	      0.80110065	      0.90423419	      0.84797366	      0.71095533	      0.38490116	      0.78111139	      1.02541922	      1.01848733	      0.86834426	      1.03789700	      0.98673200	      0.94184151	      0.88509972	      0.42633042	      0.28394833	      0.85885613	      1.01714895	      1.05314244	      0.83142832	      0.89972142	      0.82675420	      0.80919364	      0.83390986	      0.91920230	      0.81717149	      0.97016500	      0.93708377	      0.59044384	      0.95707422	      0.81799764	      0.96708030	      1.45254823	      1.04280914	      0.30275709	      0.64779284	      0.62435366	      0.91339177	      1.01861067	      0.88971493	      1.12307486	      1.00503961	      1.00488147	      1.00342716
      1.73750000	      0.89402919	      0.84804497	      0.67394767	      0.60759408	      1.05765087	      0.89137757	      0.88279103	      0.85493347	      0.98469671	      0.98673200	      1.02658904	      0.98813421	      0.89059584	      0.84606465	      0.83798427	      1.02153964	      1.09889933	      0.94158448	      0.92215288	      0.97541494	      0.70773217	      0.82152799	      0.99477893	      0.89275849	      0.85088429	      0.88938242	      0.88212837	      0.95512629	      0.69116762	      0.96448054	      1.09457090	      1.11017489	      0.57282519	      0.78966199	      0.82316631	      0.93012976	      0.84672358	      0.98937795	      1.06210947	      0.76664328	      0.77284759	      0.79733035	      0.89855340	      0.83728945	      0.71605730	      0.40324779	      0.78516485	      1.01891355	      1.01192194	      0.87120848	      1.04058025	      0.98673200	      0.94665144	      0.89076121	      0.43903973	      0.29865953	      0.86552902	      1.02165458	      1.05174015	      0.83456916	      0.89236044	      0.82081445	      0.81504004	      0.83132470	      0.92318268	      0.82110068	      0.96418422	      0.94540583	      0.59338343	      0.95437826	      0.83285648	      0.96649138	      1.42824877	      1.03999402	      0.31704950	      0.65811365	      0.63429356	      0.89706167	      1.01039976	      0.89528892	      1.12632115	      1.00217040	      1.00225185	      1.00095392
      1.74800000	      0.89622282	      0.85367879	      0.66919148	      0.60073860	      1.06178482	      0.88899302	      0.88036833	      0.85452772	      0.97809535	      0.98673200	      1.02785628	      0.98973994	      0.89890661	      0.85607806	      0.83348185	      1.01943087	      1.09970280	      0.94209108	      0.92668973	      0.97763074	      0.70982013	      0.82237692	      0.99602649	      0.89401829	      0.84884744	      0.89232778	      0.88796673	      0.95614669	      0.68776228	      0.96328820	      1.10144688	      1.11370938	      0.56549391	      0.78596940	      0.82651727	      0.93994636	      0.84361181	      0.99089408	      1.06607020	      0.76219724	      0.76838776	      0.79351784	      0.89377788	      0.82779934	      0.72157833	      0.42368053	      0.79193988	      1.01200333	      1.00494614	      0.87420747	      1.04358218	      0.98673200	      0.95167153	      0.89669033	      0.45469386	      0.31703479	      0.87176183	      1.02547472	      1.04969883	      0.83943177	      0.88525041	      0.81569583	      0.82147653	      0.82914117	      0.92736754	      0.82523978	      0.95785099	      0.95254694	      0.59834553	      0.95190828	      0.84771295	      0.96595219	      1.40098631	      1.03786714	      0.33464048	      0.66984333	      0.64484470	      0.88039735	      1.00166395	      0.90111640	      1.12942458	      0.99733080	      0.99780274	      0.99677994
      1.75850000	      0.89813798	      0.85889297	      0.66457534	      0.59438253	      1.06585590	      0.88667677	      0.87801478	      0.85399568	      0.97135461	      0.98673200	      1.02907854	      0.99129146	      0.90709329	      0.86592999	      0.82920749	      1.01779802	      1.10092121	      0.94265180	      0.93096190	      0.97911460	      0.71196796	      0.82304414	      0.99723411	      0.89523842	      0.84687245	      0.89628134	      0.89377692	      0.95701550	      0.68493304	      0.96209488	      1.10762263	      1.11705601	      0.55872167	      0.78253772	      0.82976270	      0.94934961	      0.84058800	      0.99235763	      1.07019765	      0.75776446	      0.76395106	      0.78972139	      0.88986590	      0.81946570	      0.72742862	      0.44616418	      0.80139052	      1.00482259	      0.99769492	      0.87728113	      1.04683487	      0.98673200	      0.95679247	      0.90276072	      0.47307651	      0.33885721	      0.87755629	      1.02864614	      1.04709650	      0.84592779	      0.87842092	      0.81144126	      0.82834774	      0.82734396	      0.93166989	      0.82950365	      0.95129139	      0.95850235	      0.60536804	      0.94965845	      0.86238381	      0.96546892	      1.37079198	      1.03642228	      0.35570748	      0.68293148	      0.65579405	      0.86348645	      0.99257090	      0.90707177	      1.13232563	      0.99048788	      0.99148394	      0.99087358
      1.76900000	      0.89993623	      0.86388469	      0.66015059	      0.58839013	      1.06982163	      0.88435233	      0.87565270	      0.85329940	      0.96450285	      0.98673200	      1.03029653	      0.99284033	      0.91520327	      0.87568425	      0.82506759	      1.01645003	      1.10249151	      0.94325579	      0.93505146	      0.97978805	      0.71366511	      0.82358818	      0.99844182	      0.89645932	      0.84489401	      0.90028319	      0.89949580	      0.95775600	      0.68196614	      0.96091518	      1.11323277	      1.12021277	      0.55240277	      0.77932095	      0.83301008	      0.95840801	      0.83755234	      0.99381730	      1.07391121	      0.75339355	      0.75958760	      0.78598310	      0.88691082	      0.81241697	      0.73358625	      0.47057178	      0.81340585	      0.99754542	      0.99034392	      0.88041332	      1.05037760	      0.98673200	      0.96188417	      0.90881952	      0.49383977	      0.36369516	      0.88287428	      1.03110295	      1.04389774	      0.85396717	      0.87193856	      0.80818715	      0.83556047	      0.82599465	      0.93598247	      0.83378631	      0.94466652	      0.96304920	      0.61446305	      0.94766372	      0.87667750	      0.96506051	      1.33780212	      1.03564334	      0.38023210	      0.69727305	      0.66686768	      0.84639768	      0.98334027	      0.91300430	      1.13492437	      0.98163304	      0.98326111	      0.98322332
      1.77950000	      0.90175899	      0.86882350	      0.65596968	      0.58263304	      1.07363724	      0.88194333	      0.87320443	      0.85240882	      0.95755434	      0.98673200	      1.03154980	      0.99443700	      0.92327739	      0.88539721	      0.82098412	      1.01520803	      1.10429209	      0.94389720	      0.93901971	      0.97965652	      0.71467375	      0.82407099	      0.99968908	      0.89772090	      0.84284737	      0.90364431	      0.90505440	      0.95838930	      0.67845420	      0.95976097	      1.11843207	      1.12318361	      0.54641528	      0.77626556	      0.83636546	      0.96715498	      0.83440504	      0.99532054	      1.07687272	      0.74913769	      0.75535143	      0.78234865	      0.88501138	      0.80679168	      0.74002375	      0.49673430	      0.82784159	      0.99033676	      0.98305979	      0.88359358	      1.05424931	      0.98673200	      0.96683205	      0.91473020	      0.51660283	      0.39102733	      0.88766963	      1.03278400	      1.04009222	      0.86343513	      0.86588193	      0.80597447	      0.84295602	      0.82515639	      0.94020791	      0.83799079	      0.93812710	      0.96591519	      0.62563260	      0.94596135	      0.89033130	      0.96474142	      1.30221094	      1.03550640	      0.40805143	      0.71273921	      0.67780763	      0.82922066	      0.97418157	      0.91878035	      1.13707080	      0.97078248	      0.97311966	      0.97383984
      1.79000000	      0.90345640	      0.87352362	      0.65194973	      0.57709961	      1.07725923	      0.87955523	      0.87077715	      0.85136596	      0.95058277	      0.98673200	      1.03278316	      0.99601127	      0.93111352	      0.89482189	      0.81701048	      1.01416997	      1.10636960	      0.94451977	      0.94282536	      0.97883005	      0.71513111	      0.82442767	      1.00092112	      0.89896781	      0.84082232	      0.90675713	      0.91038303	      0.95891742	      0.67461625	      0.95863358	      1.12328941	      1.12596538	      0.54072485	      0.77335201	      0.83968149	      0.97561134	      0.83128382	      0.99680119	      1.07930603	      0.74505075	      0.75129642	      0.77886402	      0.88412421	      0.80255749	      0.74664572	      0.52446016	      0.84448767	      0.98332601	      0.97597343	      0.88678290	      1.05834174	      0.98673200	      0.97155387	      0.92039284	      0.54096667	      0.42027958	      0.89193539	      1.03374032	      1.03579690	      0.87414503	      0.86029546	      0.80465797	      0.85031158	      0.82481257	      0.94427350	      0.84204398	      0.93178969	      0.96707410	      0.63901885	      0.94454072	      0.90310612	      0.96449427	      1.26432042	      1.03596431	      0.43888634	      0.72917947	      0.68841319	      0.81207433	      0.96526039	      0.92430301	      1.13866521	      0.95804782	      0.96113560	      0.96281986
      1.80050000	      0.90488698	      0.87781124	      0.64800385	      0.57178746	      1.08065908	      0.87709710	      0.86827846	      0.85022287	      0.94368437	      0.98673200	      1.03404329	      0.99762281	      0.93878821	      0.90405854	      0.81319006	      1.01342331	      1.10879552	      0.94506976	      0.94643780	      0.97739359	      0.71503853	      0.82459008	      1.00218474	      0.90024741	      0.83874194	      0.90987031	      0.91543202	      0.95934871	      0.67051300	      0.95753436	      1.12784414	      1.12855511	      0.53532192	      0.77057174	      0.84308399	      0.98381251	      0.82806985	      0.99831536	      1.08131300	      0.74117146	      0.74746056	      0.77556193	      0.88416032	      0.79962601	      0.75334486	      0.55352824	      0.86308607	      0.97664039	      0.96921369	      0.88993245	      1.06251714	      0.98673200	      0.97597492	      0.92571515	      0.56648877	      0.45081219	      0.89568050	      1.03405490	      1.03115380	      0.88588013	      0.85520700	      0.80410816	      0.85742713	      0.82492212	      0.94811078	      0.84587653	      0.92576724	      0.96660751	      0.65457663	      0.94337848	      0.91482262	      0.96429819	      1.22454204	      1.03695810	      0.47235706	      0.74642262	      0.69849068	      0.79507516	      0.95674045	      0.92948358	      1.13965576	      0.94362172	      0.94746443	      0.95033362
      1.81100000	      0.90608231	      0.88172346	      0.64413899	      0.56664420	      1.08381258	      0.87442311	      0.86556004	      0.84899272	      0.93695580	      0.98673200	      1.03540331	      0.99936568	      0.94645318	      0.91330118	      0.80950830	      1.01291302	      1.11150410	      0.94553943	      0.94987094	      0.97542838	      0.71441353	      0.82457940	      1.00355411	      0.90163493	      0.83648357	      0.91285956	      0.92015685	      0.95970981	      0.66611642	      0.95648016	      1.13218726	      1.13095854	      0.53014545	      0.76789757	      0.84677282	      0.99176852	      0.82457221	      0.99995113	      1.08287574	      0.73753482	      0.74387732	      0.77247160	      0.88504388	      0.79792213	      0.76003240	      0.58364511	      0.88330489	      0.97037638	      0.96287846	      0.89299515	      1.06671922	      0.98673200	      0.98004566	      0.93063382	      0.59452058	      0.48215521	      0.89891293	      1.03380349	      1.02629554	      0.89839790	      0.85064249	      0.80427144	      0.86410777	      0.82545019	      0.95167127	      0.84943867	      0.92014362	      0.96456978	      0.67263480	      0.94246626	      0.92530810	      0.96415561	      1.18342832	      1.03841375	      0.50795796	      0.76425700	      0.70789672	      0.77833468	      0.94874696	      0.93426220	      1.13998024	      0.92779065	      0.93235560	      0.93663527
      1.82150000	      0.90708533	      0.88531383	      0.64036796	      0.56160412	      1.08669039	      0.87166168	      0.86275240	      0.84766747	      0.93047451	      0.98673200	      1.03679608	      1.00115445	      0.95389000	      0.92228179	      0.80594860	      1.01258330	      1.11442192	      0.94592528	      0.95314070	      0.97300214	      0.71332133	      0.82442453	      1.00496256	      0.90306297	      0.83415658	      0.91564652	      0.92450432	      0.96002444	      0.66144992	      0.95549178	      1.13643360	      1.13318276	      0.52511634	      0.76529424	      0.85056854	      0.99949280	      0.82095865	      1.00162801	      1.08401541	      0.73418275	      0.74058623	      0.76962787	      0.88671716	      0.79738903	      0.76664226	      0.61446741	      0.90476662	      0.96461222	      0.95704726	      0.89593442	      1.07094088	      0.98673200	      0.98373111	      0.93510253	      0.61969135	      0.51445279	      0.90164026	      1.03304977	      1.02133531	      0.91144906	      0.84662457	      0.80513492	      0.87017926	      0.82637131	      0.95491822	      0.85269219	      0.91498535	      0.96098771	      0.69308281	      0.94180418	      0.93440999	      0.96407925	      1.14143889	      1.04024975	      0.54510277	      0.78244715	      0.71651854	      0.76195305	      0.94138231	      0.93859587	      1.13957299	      0.91078221	      0.91600149	      0.92192372
      1.83200000	      0.90791863	      0.88861457	      0.63668736	      0.55662054	      1.08928226	      0.86881437	      0.85985711	      0.84620846	      0.92431098	      0.98673200	      1.03821971	      1.00298708	      0.96107314	      0.93097150	      0.80249619	      1.01239729	      1.11750415	      0.94622489	      0.95626203	      0.97012298	      0.71180463	      0.82414131	      1.00640879	      0.90453028	      0.83176285	      0.91819192	      0.92844957	      0.96031150	      0.65652372	      0.95459768	      1.14066400	      1.13523811	      0.52018015	      0.76273670	      0.85446759	      1.00700908	      0.81723109	      1.00334391	      1.08475390	      0.73113559	      0.73760497	      0.76704704	      0.88910680	      0.79794503	      0.77312077	      0.64560103	      0.92703466	      0.95939158	      0.95176466	      0.89871838	      1.07522943	      0.98673200	      0.98701959	      0.93910284	      0.64632515	      0.54809676	      0.90388374	      1.03185912	      1.01636257	      0.92476913	      0.84315606	      0.80678680	      0.87554300	      0.82765255	      0.95783492	      0.85561891	      0.91032745	      0.95595639	      0.71567466	      0.94139737	      0.94207297	      0.96409698	      1.09877885	      1.04237309	      0.58313141	      0.80073115	      0.72429751	      0.74601087	      0.93470475	      0.94246880	      1.13842670	      0.89266071	      0.89843139	      0.90624702
      1.84250000	      0.90859942	      0.89165387	      0.63309010	      0.55165172	      1.09158337	      0.86572852	      0.85671885	      0.84457124	      0.91854729	      0.98673200	      1.03974841	      1.00495982	      0.96818503	      0.93960087	      0.79913938	      1.01233228	      1.12071702	      0.94643879	      0.95924828	      0.96678824	      0.70993301	      0.82374359	      1.00796931	      0.90611465	      0.82917515	      0.92052108	      0.93197627	      0.96059177	      0.65138674	      0.95383052	      1.14495265	      1.13713643	      0.51528619	      0.76020135	      0.85867630	      1.01434397	      0.81318939	      1.00518856	      1.08514692	      0.72840723	      0.73494455	      0.76473980	      0.89210979	      0.79947204	      0.77940502	      0.67661057	      0.94964901	      0.95474015	      0.94705704	      0.90131052	      1.07963845	      0.98673200	      0.98991027	      0.94262967	      0.67401787	      0.58258265	      0.90567311	      1.03031009	      1.01147213	      0.93808631	      0.84022779	      0.80934043	      0.88013174	      0.82924407	      0.96041450	      0.85821059	      0.90618882	      0.94964380	      0.74004680	      0.94124790	      0.94829033	      0.96424102	      1.05566201	      1.04469204	      0.62134235	      0.81883083	      0.73120297	      0.73060426	      0.92874951	      0.94587810	      1.13657561	      0.87349307	      0.87968202	      0.88965630
      1.85300000	      0.90909005	      0.89440337	      0.62953014	      0.54664383	      1.09357947	      0.86246470	      0.85339918	      0.84270262	      0.91328409	      0.98673200	      1.04134924	      1.00703117	      0.97511620	      0.94803642	      0.79588794	      1.01244187	      1.12409032	      0.94655550	      0.96210181	      0.96293935	      0.70786113	      0.82322108	      1.00961207	      0.90778376	      0.82644576	      0.92295114	      0.93505410	      0.96088662	      0.64622751	      0.95322713	      1.14940366	      1.13889099	      0.51036191	      0.75765258	      0.86310832	      1.02155580	      0.80891255	      1.00712268	      1.08539113	      0.72602248	      0.73262645	      0.76272603	      0.89557528	      0.80179520	      0.78540735	      0.70701566	      0.97213185	      0.95065609	      0.94292288	      0.90366570	      1.08422124	      0.98673200	      0.99241811	      0.94569755	      0.70227922	      0.61733840	      0.90704810	      1.02850721	      1.00678330	      0.95111711	      0.83781836	      0.81297813	      0.88389490	      0.83106856	      0.96266469	      0.86047384	      0.90256401	      0.94232066	      0.76571599	      0.94135315	      0.95309425	      0.96454827	      1.01259242	      1.04711890	      0.65899878	      0.83645099	      0.73724549	      0.71586642	      0.92351627	      0.94883967	      1.13410061	      0.85353626	      0.85998891	      0.87237667
      1.86350000	      0.90933050	      0.89681219	      0.62594541	      0.54154920	      1.09526073	      0.85910086	      0.84997727	      0.84053563	      0.90862072	      0.98673200	      1.04298198	      1.00914979	      0.98174252	      0.95612568	      0.79276025	      1.01281665	      1.12769243	      0.94656219	      0.97091549	      0.95849141	      0.70575128	      0.82255198	      1.01129688	      0.90949693	      0.82364098	      0.92590587	      0.93766009	      0.96121522	      0.64126477	      0.95282769	      1.15411140	      1.14051537	      0.50534143	      0.75505693	      0.86765516	      1.02871518	      0.80450244	      1.00909796	      1.08572034	      0.72400053	      0.73066653	      0.76102082	      0.89934766	      0.80472845	      0.79104909	      0.73633505	      0.99401896	      0.94711865	      0.93934148	      0.90573861	      1.08905252	      0.98673200	      0.99456760	      0.94833323	      0.73056562	      0.65175280	      0.90805407	      1.02655219	      1.00240053	      0.96359859	      0.83589504	      0.81792589	      0.88681553	      0.83304536	      0.96460266	      0.86242490	      0.89943126	      0.93427707	      0.79211221	      0.94171133	      0.95655716	      0.96506184	      0.97037752	      1.04957085	      0.69538852	      0.85330748	      0.74246308	      0.70193007	      0.91898019	      0.95138091	      1.13110331	      0.83326895	      0.83982236	      0.85483498
      1.87400000	      0.90926488	      0.89883276	      0.62227111	      0.53632607	      1.09662588	      0.85558951	      0.84640480	      0.83796140	      0.90463662	      0.98673200	      1.04466781	      1.01134382	      0.98811468	      0.96393367	      0.78975801	      1.01352146	      1.13160391	      0.94644317	      0.97421408	      0.95335954	      0.70360690	      0.82170560	      1.01304664	      0.91127757	      0.82072233	      0.92959832	      0.93978536	      0.96159082	      0.63652231	      0.95268386	      1.15914027	      1.14202020	      0.50018142	      0.75239052	      0.87237845	      1.03590006	      0.79989658	      1.01114032	      1.08621454	      0.72234959	      0.72907011	      0.75963004	      0.90329875	      0.80810710	      0.79629114	      0.76413018	      1.01488217	      0.94408546	      0.93627018	      0.90749184	      1.09429603	      0.98673200	      0.99639401	      0.95057735	      0.75832489	      0.68521944	      0.90874258	      1.02451279	      0.99835637	      0.97531554	      0.83440809	      0.82447429	      0.88897761	      0.83511056	      0.96625625	      0.86409103	      0.89675026	      0.92578868	      0.81861154	      0.94233543	      0.95885039	      0.96584617	      0.92976895	      1.05196893	      0.72987500	      0.86915095	      0.74692458	      0.68887866	      0.91508833	      0.95354232	      1.12772561	      0.81316703	      0.81966428	      0.83745387
      1.88450000	      0.90888367	      0.90046438	      0.61848764	      0.53094835	      1.09767001	      0.85194609	      0.84269739	      0.83487909	      0.90142759	      0.98673200	      1.04639715	      1.01360159	      0.99419792	      0.97141876	      0.78688190	      1.01458366	      1.13585177	      0.94619833	      0.97744062	      0.94753746	      0.70145908	      0.82067871	      1.01485260	      0.91311696	      0.81770392	      0.93414401	      0.94141653	      0.96203057	      0.63204065	      0.95285132	      1.16453723	      1.14341075	      0.49485342	      0.74963893	      0.87725442	      1.04314371	      0.79511499	      1.01323849	      1.08693134	      0.72108124	      0.72784608	      0.75856252	      0.90728873	      0.81175275	      0.80108405	      0.78998937	      1.03434890	      0.94150418	      0.93365616	      0.90887832	      1.10010904	      0.98673200	      0.99793624	      0.95247564	      0.78501833	      0.71715486	      0.90916446	      1.02246163	      0.99469042	      0.98608324	      0.83330664	      0.83284600	      0.89046621	      0.83719280	      0.96765760	      0.86550398	      0.89447250	      0.91715477	      0.84457312	      0.94323560	      0.96014662	      0.96696543	      0.89143720	      1.05425029	      0.76189017	      0.88375895	      0.75071218	      0.67682226	      0.91177459	      0.95536898	      1.12412018	      0.79364961	      0.79998985	      0.82060336
      1.89500000	      0.90836471	      0.90189993	      0.61475318	      0.52543937	      1.09837645	      0.84830206	      0.83898878	      0.83126202	      0.89917192	      0.98673200	      1.04810659	      1.01584068	      0.99979571	      0.97833806	      0.78413955	      1.01590087	      1.14023652	      0.94589213	      0.98057191	      0.94132349	      0.69960971	      0.81959155	      1.01664914	      0.91494830	      0.81469544	      0.93947436	      0.94252293	      0.96257247	      0.62811674	      0.95339165	      1.17031585	      1.14468141	      0.48935768	      0.74681185	      0.88210558	      1.05031038	      0.79033009	      1.01531569	      1.08799550	      0.72022030	      0.72701644	      0.75783839	      0.91111913	      0.81543398	      0.80530032	      0.81349365	      1.05212403	      0.93933477	      0.93145901	      0.90981491	      1.10654418	      0.98673200	      0.99922385	      0.95406293	      0.81013163	      0.74700511	      0.90935836	      1.02052057	      0.99154538	      0.99572042	      0.83256379	      0.84294113	      0.89125045	      0.83918523	      0.96883118	      0.86668799	      0.89256091	      0.90875408	      0.86938603	      0.94440115	      0.96050080	      0.96846463	      0.85598008	      1.05638810	      0.79090341	      0.89691662	      0.75388878	      0.66600613	      0.90898838	      0.95689516	      1.12042379	      0.77504853	      0.78123236	      0.80458163
      1.90550000	      0.90790517	      0.90335665	      0.61122727	      0.51980625	      1.09873416	      0.84463724	      0.83525842	      0.82709552	      0.89800388	      0.98673200	      1.04980554	      1.01807342	      1.00491510	      0.98470244	      0.78151737	      1.01733560	      1.14455054	      0.94558717	      0.98359955	      0.93495171	      0.69827625	      0.81856769	      1.01844618	      0.91678173	      0.81168052	      0.94536082	      0.94308405	      0.96325137	      0.62492675	      0.95434845	      1.17649566	      1.14583006	      0.48368592	      0.74391405	      0.88695840	      1.05728132	      0.78551537	      1.01738336	      1.08943676	      0.71978347	      0.72659589	      0.75747113	      0.91459205	      0.81891421	      0.80882111	      0.83430995	      1.06799048	      0.93751976	      0.92962064	      0.91023457	      1.11362963	      0.98673200	      1.00029515	      0.95538523	      0.83323516	      0.77431671	      0.90936776	      1.01880368	      0.98903928	      1.00409185	      0.83214311	      0.85467019	      0.89134806	      0.84098248	      0.96981014	      0.86767612	      0.89096353	      0.90098744	      0.89249284	      0.94581346	      0.96001954	      0.97037353	      0.82386536	      1.05836880	      0.81651109	      0.90846264	      0.75654169	      0.65665401	      0.90665649	      0.95816572	      1.11680449	      0.75764777	      0.76377042	      0.78964815
      1.91600000	      0.90746853	      0.90482445	      0.60782658	      0.51396714	      1.09875850	      0.84106033	      0.83161699	      0.82232257	      0.89776763	      0.98673200	      1.05144421	      1.02023419	      1.00943885	      0.99036360	      0.77897212	      1.01891988	      1.14890089	      0.94526784	      0.98657492	      0.92803547	      0.69731538	      0.81756929	      1.02019072	      0.91856310	      0.80874852	      0.95182513	      0.94312225	      0.96405615	      0.62228876	      0.95568244	      1.18315574	      1.14687632	      0.47777006	      0.74090671	      0.89166944	      1.06419224	      0.78081376	      1.01938081	      1.09119548	      0.71975373	      0.72656726	      0.75744612	      0.91758052	      0.82200808	      0.81164287	      0.85235989	      1.08185229	      0.93600025	      0.92808147	      0.91018141	      1.12141617	      0.98673200	      1.00118785	      0.95648828	      0.85403763	      0.79879613	      0.90926132	      1.01736133	      0.98713597	      1.01117869	      0.83195766	      0.86834058	      0.89097645	      0.84252146	      0.97062768	      0.86850166	      0.88962760	      0.89418195	      0.91347974	      0.94745200	      0.95902134	      0.97268047	      0.79535442	      1.06016751	      0.83861959	      0.91837690	      0.75875930	      0.64875985	      0.90470367	      0.95922501	      1.11347984	      0.74172755	      0.74795052	      0.77605642
      1.92650000	      0.90702220	      0.90629340	      0.60448594	      0.50786946	      1.09846774	      0.83774712	      0.82824351	      0.81692212	      0.89829037	      0.98673200	      1.05294495	      1.02221951	      1.01317474	      0.99507856	      0.77647605	      1.02069927	      1.15338346	      0.94492890	      0.98953634	      0.92028810	      0.69665613	      0.81656636	      1.02179843	      0.92020607	      0.80604220	      0.95897246	      0.94266608	      0.96497387	      0.62011864	      0.95734168	      1.19034321	      1.14783612	      0.47156736	      0.73776402	      0.89601069	      1.07114593	      0.77645669	      1.02121293	      1.09327278	      0.72010886	      0.72690914	      0.75774469	      0.91999137	      0.82456734	      0.81378697	      0.86765746	      1.09368231	      0.93474817	      0.92681312	      0.90970134	      1.12990659	      0.98673200	      1.00192059	      0.95739449	      0.87229526	      0.82019806	      0.90910199	      1.01624108	      0.98580989	      1.01700725	      0.83192448	      0.88410725	      0.89029346	      0.84375376	      0.97129995	      0.86918074	      0.88852772	      0.88856544	      0.93202981	      0.94928596	      0.95775514	      0.97535458	      0.77063199	      1.06176224	      0.85726748	      0.92669488	      0.76058429	      0.64228277	      0.90309415	      0.96009486	      1.11059143	      0.72755291	      0.73405966	      0.76403530
      1.93700000	      0.90699113	      0.90820054	      0.60156744	      0.50161835	      1.09788264	      0.83466386	      0.82510373	      0.81107966	      0.89964995	      0.98673200	      1.05432680	      1.02405314	      1.01619920	      0.99894003	      0.77397125	      1.02225843	      1.15748451	      0.94469405	      0.99246682	      0.91246893	      0.69647209	      0.81580571	      1.02328748	      0.92172892	      0.80353210	      0.96571618	      0.94174931	      0.96604242	      0.61841294	      0.95931202	      1.19792608	      1.14869693	      0.46518225	      0.73455261	      0.90003109	      1.07782412	      0.77240025	      1.02290231	      1.09538142	      0.72082234	      0.72759649	      0.75834472	      0.92176547	      0.82649600	      0.81526771	      0.88025201	      1.10351730	      0.93374695	      0.92579884	      0.90875628	      1.13887464	      0.98673200	      1.00250467	      0.95811738	      0.88784884	      0.83837012	      0.90892981	      1.01548359	      0.98506616	      1.02162849	      0.83199122	      0.90110422	      0.88935962	      0.84464671	      0.97183662	      0.86972300	      0.88764883	      0.88426194	      0.94793713	      0.95123740	      0.95634089	      0.97833117	      0.74979254	      1.06314906	      0.87255364	      0.93347421	      0.76204210	      0.63721404	      0.90180684	      0.96078848	      1.10819783	      0.71529966	      0.72224611	      0.75372125
      1.94750000	      0.90782199	      0.91098905	      0.59945766	      0.49533607	      1.09702480	      0.83178957	      0.82217636	      0.80505537	      0.90193395	      0.98673200	      1.05560223	      1.02575047	      1.01857383	      1.00202196	      0.77138816	      1.02310134	      1.16061537	      0.94467658	      0.99534209	      0.90552762	      0.69686299	      0.81554484	      1.02466950	      0.92314330	      0.80119954	      0.97068375	      0.94040797	      0.96729597	      0.61705053	      0.96156764	      1.20574599	      1.14944389	      0.45874170	      0.73135019	      0.90376195	      1.08387361	      0.76861720	      1.02446374	      1.09710647	      0.72186559	      0.72860277	      0.75922258	      0.92288187	      0.82774630	      0.81611754	      0.89023295	      1.11142846	      0.93296845	      0.92501015	      0.90732419	      1.14800466	      0.98673200	      1.00295769	      0.95867838	      0.90062873	      0.85326072	      0.90877424	      1.01509484	      0.98486401	      1.02511636	      0.83211493	      0.91821016	      0.88827464	      0.84519057	      0.97225337	      0.87014417	      0.88696581	      0.88134143	      0.96107784	      0.95321440	      0.95491545	      0.98151896	      0.73287806	      1.06433135	      0.88462214	      0.93879048	      0.76317468	      0.63351333	      0.90080573	      0.96132661	      1.10636172	      0.70509316	      0.71257108	      0.74519553
      1.95800000	      0.90944481	      0.91453734	      0.59816001	      0.48916310	      1.09592325	      0.82950278	      0.81984708	      0.79920766	      0.90503646	      0.98673200	      1.05660821	      1.02709262	      1.01987961	      1.00379499	      0.76879004	      1.02323201	      1.16273792	      0.94485477	      0.99809376	      0.90005524	      0.69780612	      0.81576403	      1.02576483	      0.92426496	      0.79934896	      0.97384114	      0.93869046	      0.96870517	      0.61606267	      0.96399007	      1.21362615	      1.15006854	      0.45239060	      0.72822443	      0.90671841	      1.08919244	      0.76560637	      1.02569675	      1.09843829	      0.72320035	      0.72989234	      0.76034656	      0.92333520	      0.82829144	      0.81637538	      0.89779200	      1.11755931	      0.93240416	      0.92443847	      0.90548254	      1.15678777	      0.98673200	      1.00328544	      0.95908443	      0.91067929	      0.86494292	      0.90865877	      1.01510152	      0.98522062	      1.02757302	      0.83226287	      0.93431014	      0.88701187	      0.84537798	      0.97255513	      0.87044919	      0.88647095	      0.87978173	      0.97148777	      0.95508955	      0.95348635	      0.98474004	      0.71974590	      1.06531652	      0.89374702	      0.94277371	      0.76399510	      0.63111471	      0.90008001	      0.96171602	      1.10503766	      0.69694464	      0.70496873	      0.73843746
      1.96850000	      0.91145049	      0.91833373	      0.59745259	      0.48335538	      1.09465160	      0.82745872	      0.81776485	      0.79394931	      0.90869317	      0.98673200	      1.05750085	      1.02828613	      1.02065034	      1.00491797	      0.76635576	      1.02296406	      1.16413671	      0.94512944	      1.00059423	      0.89632497	      0.69914645	      0.81626764	      1.02674077	      0.92526486	      0.79769876	      0.97590945	      0.93671447	      0.97017858	      0.61553327	      0.96639635	      1.22122435	      1.15056204	      0.44639524	      0.72529184	      0.90935217	      1.09376007	      0.76291435	      1.02679196	      1.09956880	      0.72473452	      0.73137741	      0.76163959	      0.92309785	      0.82808164	      0.81606173	      0.90313622	      1.12205822	      0.93205494	      0.92408466	      0.90339476	      1.16461232	      0.98673200	      1.00348802	      0.95933548	      0.91808204	      0.87352624	      0.90860875	      1.01555074	      0.98618606	      1.02908763	      0.83240320	      0.94835395	      0.88551360	      0.84518807	      0.97274177	      0.87063786	      0.88616478	      0.87959498	      0.97925985	      0.95671788	      0.95203907	      0.98776271	      0.71020487	      1.06611218	      0.90021428	      0.94555555	      0.76450262	      0.62995665	      0.89963083	      0.96195674	      1.10417719	      0.69082056	      0.69933233	      0.73338950
      1.97900000	      0.91254594	      0.92079474	      0.59651122	      0.47857217	      1.09348131	      0.82598821	      0.81626675	      0.78976178	      0.91198315	      0.98673200	      1.05813921	      1.02914116	      1.02085616	      1.00531962	      0.76444156	      1.02308542	      1.16580096	      0.94515175	      1.00261402	      0.89350190	      0.69943376	      0.81633473	      1.02744104	      0.92598262	      0.79651393	      0.97785231	      0.93490235	      0.97141961	      0.61441080	      0.96838570	      1.22750542	      1.15090512	      0.44153560	      0.72288460	      0.91124170	      1.09772591	      0.76097724	      1.02757583	      1.10016361	      0.72614014	      0.73274066	      0.76282532	      0.92216335	      0.82708815	      0.81522239	      0.90649166	      1.12507032	      0.93188839	      0.92391592	      0.90150956	      1.17070977	      0.98673200	      1.00358456	      0.95945514	      0.92300252	      0.87921677	      0.90865314	      1.01641108	      0.98764268	      1.02975482	      0.83248827	      0.95963903	      0.88400763	      0.84462447	      0.97283074	      0.87072781	      0.88601878	      0.88088642	      0.98452928	      0.95793918	      0.95083128	      0.99020098	      0.70403658	      1.06673177	      0.90429534	      0.94726093	      0.76474460	      0.62988940	      0.89941661	      0.96207146	      1.10392853	      0.68664782	      0.69553190	      0.72996629
      1.98950000	      0.91153898	      0.92043102	      0.59461310	      0.47552095	      1.09268178	      0.82522067	      0.81548478	      0.78715522	      0.91425345	      0.98673200	      1.05847113	      1.02958624	      1.02070802	      1.00523159	      0.76343248	      1.02430635	      1.16856035	      0.94460193	      1.00388333	      0.89139402	      0.69740187	      0.81532252	      1.02780594	      0.92635674	      0.79589628	      0.98054359	      0.93366778	      0.97217045	      0.61182536	      0.96964685	      1.23139393	      1.15107423	      0.43861214	      0.72135669	      0.91222622	      1.10111341	      0.75996602	      1.02798364	      1.09995741	      0.72709706	      0.73367013	      0.76363310	      0.92059903	      0.82542501	      0.81382050	      0.90784612	      1.12672353	      0.93186150	      0.92388868	      0.90019253	      1.17434748	      0.98673200	      1.00360014	      0.95947445	      0.92563307	      0.88224870	      0.90873433	      1.01760035	      0.98953077	      1.02961598	      0.83259009	      0.96706674	      0.88250701	      0.84373079	      0.97284510	      0.87074232	      0.88599522	      0.88354803	      0.98744461	      0.95863745	      0.94978337	      0.99172303	      0.70126941	      1.06724342	      0.90599114	      0.94788873	      0.76478366	      0.63102039	      0.89938202	      0.96208998	      1.10430163	      0.68433195	      0.69343713	      0.72807236
      2.00000000	      0.90861266	      0.91728463	      0.59218681	      0.47481057	      1.09231865	      0.82480620	      0.81506251	      0.78660315	      0.91661699	      0.98673200	      1.05865001	      1.02982625	      1.02072144	      1.00529261	      0.76368433	      1.02655520	      1.17184193	      0.94358654	      1.00403379	      0.89358574	      0.69405685	      0.81349334	      1.02800282	      0.92655861	      0.79556298	      0.98441096	      0.93310799	      0.97251430	      0.60912948	      0.97046023	      1.23223776	      1.15102106	      0.43812450	      0.72098664	      0.91275736	      1.10314853	      0.75941992	      1.02820347	      1.09963784	      0.72753076	      0.73409178	      0.76399936	      0.91867320	      0.82364151	      0.81147822	      0.90635683	      1.12712866	      0.93192862	      0.92395668	      0.89913710	      1.17516144	      0.98673200	      1.00356124	      0.95942624	      0.92617622	      0.88286485	      0.90849502	      1.01893449	      0.99213367	      1.02853281	      0.83320573	      0.96772422	      0.88008424	      0.84265081	      0.97280925	      0.87070608	      0.88605405	      0.88675972	      0.98816157	      0.95887462	      0.94746913	      0.99238712	      0.70286127	      1.06791799	      0.90440143	      0.94701683	      0.76468616	      0.63446325	      0.89946835	      0.96204375	      1.10473075	      0.68376161	      0.69292286	      0.72760661
