Moment_knee_angle_r
version=1
nRows=100
nColumns=85
inDegrees=no

This analysis gathers basic information about muscles during a simulation (e.g., forces, tendon lengths, moment arms, etc).
Units are S.I. units (second, meters, Newtons, ...)
If the header above contains a line with 'inDegrees', this indicates whether rotational values are in degrees (yes) or radians (no).

endheader
time	addbrev_r	addlong_r	addmagMid_r	bflh_r	bfsh_r	edl_r	ehl_r	ercspn_r	extobl_r	fdb_r	fdl_r	fhl_r	gaslat_r	gasmed_r	glmax2_r	glmed2_r	glmin2_r	grac_r	iliacus_r	intobl_r	obtext_r	pect_r	perbrev_r	perlong_r	pertert_r	piri_r	popli_r	psoas_r	quadfem_r	recabd_r	recfem_r	sart_r	semimem_r	semiten_r	soleus_r	tfl_r	tibant_r	tibpost_r	tricox_r	vasint_r	vaslat_r	vasmed_r	addbrev_l	addlong_l	addmagMid_l	bflh_l	bfsh_l	edl_l	ehl_l	ercspn_l	extobl_l	fdb_l	fdl_l	fhl_l	gaslat_l	gasmed_l	glmax2_l	glmed2_l	glmin2_l	grac_l	iliacus_l	intobl_l	obtext_l	pect_l	perbrev_l	perlong_l	pertert_l	piri_l	popli_l	psoas_l	quadfem_l	recabd_l	recfem_l	sart_l	semimem_l	semiten_l	soleus_l	tfl_l	tibant_l	tibpost_l	tricox_l	vasint_l	vaslat_l	vasmed_l
      0.96050000	      0.00000000	      0.00000000	      0.00000000	    -26.87808222	     -9.95875884	     -0.00000000	      0.00000000	      0.00000000	      0.00000000	     -0.00000000	     -0.00000000	     -0.00000000	    -15.95765880	    -30.17352941	      0.00000000	      0.00000000	      0.00000000	     -4.40578417	      0.00000000	      0.00000000	      0.00000000	      0.00000000	      0.00000000	      0.00000000	     -0.00000000	      0.00000000	     -2.39519941	      0.00000000	      0.00000000	      0.00000000	     37.66234196	     -2.67252041	    -44.54750960	    -13.60207571	     -0.00000000	      1.30858671	     -0.00000000	     -0.00000000	      0.00000000	     26.43086374	     82.11621481	     41.97855968	      0.00000000	      0.00000000	      0.00000000	      0.00000000	      0.00000000	      0.00000000	      0.00000000	      0.00000000	      0.00000000	      0.00000000	      0.00000000	      0.00000000	      0.00000000	      0.00000000	      0.00000000	      0.00000000	      0.00000000	      0.00000000	      0.00000000	      0.00000000	      0.00000000	      0.00000000	      0.00000000	      0.00000000	      0.00000000	      0.00000000	      0.00000000	      0.00000000	      0.00000000	      0.00000000	      0.00000000	      0.00000000	      0.00000000	      0.00000000	      0.00000000	      0.00000000	      0.00000000	      0.00000000	      0.00000000	      0.00000000	      0.00000000	      0.00000000
      0.97100000	      0.00000000	      0.00000000	      0.00000000	    -26.95470422	    -10.02080359	     -0.00000000	     -0.00000000	      0.00000000	      0.00000000	      0.00000000	     -0.00000000	      0.00000000	    -15.88141120	    -30.09235672	      0.00000000	      0.00000000	      0.00000000	     -4.45285769	      0.00000000	      0.00000000	      0.00000000	      0.00000000	     -0.00000000	     -0.00000000	      0.00000000	      0.00000000	     -2.38487945	      0.00000000	      0.00000000	      0.00000000	     37.60981259	     -2.69770282	    -44.77473676	    -13.67979490	     -0.00000000	      1.29626975	     -0.00000000	     -0.00000000	      0.00000000	     26.37807853	     81.79127759	     41.85432473	      0.00000000	      0.00000000	      0.00000000	      0.00000000	      0.00000000	      0.00000000	      0.00000000	      0.00000000	      0.00000000	      0.00000000	      0.00000000	      0.00000000	      0.00000000	      0.00000000	      0.00000000	      0.00000000	      0.00000000	      0.00000000	      0.00000000	      0.00000000	      0.00000000	      0.00000000	      0.00000000	      0.00000000	      0.00000000	      0.00000000	      0.00000000	      0.00000000	      0.00000000	      0.00000000	      0.00000000	      0.00000000	      0.00000000	      0.00000000	      0.00000000	      0.00000000	      0.00000000	      0.00000000	      0.00000000	      0.00000000	      0.00000000	      0.00000000
      0.98150000	      0.00000000	      0.00000000	      0.00000000	    -27.06854515	    -10.11479576	      0.00000000	      0.00000000	      0.00000000	      0.00000000	     -0.00000000	      0.00000000	      0.00000000	    -15.75461568	    -29.95443705	      0.00000000	      0.00000000	      0.00000000	     -4.52572935	      0.00000000	      0.00000000	      0.00000000	      0.00000000	      0.00000000	      0.00000000	     -0.00000000	      0.00000000	     -2.36795056	      0.00000000	      0.00000000	      0.00000000	     37.51654817	     -2.73647877	    -45.12126704	    -13.79950790	      0.00000000	      1.27696430	      0.00000000	      0.00000000	      0.00000000	     26.28800992	     81.26375388	     41.64894363	      0.00000000	      0.00000000	      0.00000000	      0.00000000	      0.00000000	      0.00000000	      0.00000000	      0.00000000	      0.00000000	      0.00000000	      0.00000000	      0.00000000	      0.00000000	      0.00000000	      0.00000000	      0.00000000	      0.00000000	      0.00000000	      0.00000000	      0.00000000	      0.00000000	      0.00000000	      0.00000000	      0.00000000	      0.00000000	      0.00000000	      0.00000000	      0.00000000	      0.00000000	      0.00000000	      0.00000000	      0.00000000	      0.00000000	      0.00000000	      0.00000000	      0.00000000	      0.00000000	      0.00000000	      0.00000000	      0.00000000	      0.00000000	      0.00000000
      0.99200000	      0.00000000	      0.00000000	      0.00000000	    -27.20622258	    -10.23463145	     -0.00000000	     -0.00000000	      0.00000000	      0.00000000	     -0.00000000	     -0.00000000	     -0.00000000	    -15.57087030	    -29.74953568	      0.00000000	      0.00000000	      0.00000000	     -4.62043614	      0.00000000	      0.00000000	      0.00000000	      0.00000000	     -0.00000000	     -0.00000000	     -0.00000000	      0.00000000	     -2.34388147	      0.00000000	      0.00000000	      0.00000000	     37.36844204	     -2.78712694	    -45.55956752	    -13.95250787	     -0.00000000	      1.25112291	     -0.00000000	     -0.00000000	      0.00000000	     26.15171816	     80.51720667	     41.35079710	      0.00000000	      0.00000000	      0.00000000	      0.00000000	      0.00000000	      0.00000000	      0.00000000	      0.00000000	      0.00000000	      0.00000000	      0.00000000	      0.00000000	      0.00000000	      0.00000000	      0.00000000	      0.00000000	      0.00000000	      0.00000000	      0.00000000	      0.00000000	      0.00000000	      0.00000000	      0.00000000	      0.00000000	      0.00000000	      0.00000000	      0.00000000	      0.00000000	      0.00000000	      0.00000000	      0.00000000	      0.00000000	      0.00000000	      0.00000000	      0.00000000	      0.00000000	      0.00000000	      0.00000000	      0.00000000	      0.00000000	      0.00000000	      0.00000000
      1.00250000	      0.00000000	      0.00000000	      0.00000000	    -27.35481147	    -10.37517869	      0.00000000	     -0.00000000	      0.00000000	      0.00000000	      0.00000000	      0.00000000	     -0.00000000	    -15.31852772	    -29.46116036	      0.00000000	      0.00000000	      0.00000000	     -4.73452145	      0.00000000	      0.00000000	      0.00000000	      0.00000000	      0.00000000	      0.00000000	      0.00000000	      0.00000000	     -2.31161009	      0.00000000	      0.00000000	      0.00000000	     37.14176220	     -2.84851426	    -46.06519586	    -14.13151695	     -0.00000000	      1.21884284	      0.00000000	      0.00000000	      0.00000000	     25.95252761	     79.50781769	     40.93492988	      0.00000000	      0.00000000	      0.00000000	      0.00000000	      0.00000000	      0.00000000	      0.00000000	      0.00000000	      0.00000000	      0.00000000	      0.00000000	      0.00000000	      0.00000000	      0.00000000	      0.00000000	      0.00000000	      0.00000000	      0.00000000	      0.00000000	      0.00000000	      0.00000000	      0.00000000	      0.00000000	      0.00000000	      0.00000000	      0.00000000	      0.00000000	      0.00000000	      0.00000000	      0.00000000	      0.00000000	      0.00000000	      0.00000000	      0.00000000	      0.00000000	      0.00000000	      0.00000000	      0.00000000	      0.00000000	      0.00000000	      0.00000000	      0.00000000
      1.01300000	      0.00000000	      0.00000000	      0.00000000	    -27.50174616	    -10.53172329	      0.00000000	     -0.00000000	      0.00000000	      0.00000000	     -0.00000000	     -0.00000000	     -0.00000000	    -14.98033074	    -29.06615710	      0.00000000	      0.00000000	      0.00000000	     -4.86719272	      0.00000000	      0.00000000	      0.00000000	      0.00000000	     -0.00000000	     -0.00000000	     -0.00000000	      0.00000000	     -2.26958265	      0.00000000	      0.00000000	      0.00000000	     36.80063058	     -2.91990822	    -46.61733894	    -14.33119623	     -0.00000000	      1.17995926	     -0.00000000	      0.00000000	      0.00000000	     25.66334877	     78.15755037	     40.35904391	      0.00000000	      0.00000000	      0.00000000	      0.00000000	      0.00000000	      0.00000000	      0.00000000	      0.00000000	      0.00000000	      0.00000000	      0.00000000	      0.00000000	      0.00000000	      0.00000000	      0.00000000	      0.00000000	      0.00000000	      0.00000000	      0.00000000	      0.00000000	      0.00000000	      0.00000000	      0.00000000	      0.00000000	      0.00000000	      0.00000000	      0.00000000	      0.00000000	      0.00000000	      0.00000000	      0.00000000	      0.00000000	      0.00000000	      0.00000000	      0.00000000	      0.00000000	      0.00000000	      0.00000000	      0.00000000	      0.00000000	      0.00000000	      0.00000000
      1.02350000	      0.00000000	      0.00000000	      0.00000000	    -27.62856487	    -10.69656229	      0.00000000	     -0.00000000	      0.00000000	      0.00000000	     -0.00000000	     -0.00000000	      0.00000000	    -14.54094050	    -28.54376560	      0.00000000	      0.00000000	      0.00000000	     -5.01403333	      0.00000000	      0.00000000	      0.00000000	      0.00000000	      0.00000000	     -0.00000000	     -0.00000000	      0.00000000	     -2.21675561	      0.00000000	      0.00000000	      0.00000000	     36.30116036	     -2.99939473	    -47.18138724	    -14.54087887	     -0.00000000	      1.13493898	     -0.00000000	     -0.00000000	      0.00000000	     25.25096263	     76.37776745	     39.57285018	      0.00000000	      0.00000000	      0.00000000	      0.00000000	      0.00000000	      0.00000000	      0.00000000	      0.00000000	      0.00000000	      0.00000000	      0.00000000	      0.00000000	      0.00000000	      0.00000000	      0.00000000	      0.00000000	      0.00000000	      0.00000000	      0.00000000	      0.00000000	      0.00000000	      0.00000000	      0.00000000	      0.00000000	      0.00000000	      0.00000000	      0.00000000	      0.00000000	      0.00000000	      0.00000000	      0.00000000	      0.00000000	      0.00000000	      0.00000000	      0.00000000	      0.00000000	      0.00000000	      0.00000000	      0.00000000	      0.00000000	      0.00000000	      0.00000000
      1.03400000	      0.00000000	      0.00000000	      0.00000000	    -27.71181138	    -10.85718006	      0.00000000	      0.00000000	      0.00000000	      0.00000000	     -0.00000000	      0.00000000	      0.00000000	    -14.00240947	    -27.89502318	      0.00000000	      0.00000000	      0.00000000	     -5.16276477	      0.00000000	      0.00000000	      0.00000000	      0.00000000	     -0.00000000	      0.00000000	     -0.00000000	      0.00000000	     -2.15430605	      0.00000000	      0.00000000	      0.00000000	     35.73662555	     -3.08244434	    -47.70238969	    -14.74068814	     -0.00000000	      1.08590867	      0.00000000	     -0.00000000	      0.00000000	     24.79223350	     74.43992317	     38.71143215	      0.00000000	      0.00000000	      0.00000000	      0.00000000	      0.00000000	      0.00000000	      0.00000000	      0.00000000	      0.00000000	      0.00000000	      0.00000000	      0.00000000	      0.00000000	      0.00000000	      0.00000000	      0.00000000	      0.00000000	      0.00000000	      0.00000000	      0.00000000	      0.00000000	      0.00000000	      0.00000000	      0.00000000	      0.00000000	      0.00000000	      0.00000000	      0.00000000	      0.00000000	      0.00000000	      0.00000000	      0.00000000	      0.00000000	      0.00000000	      0.00000000	      0.00000000	      0.00000000	      0.00000000	      0.00000000	      0.00000000	      0.00000000	      0.00000000
      1.04450000	      0.00000000	      0.00000000	      0.00000000	    -27.73909463	    -11.00778386	     -0.00000000	      0.00000000	      0.00000000	      0.00000000	     -0.00000000	     -0.00000000	     -0.00000000	    -13.35762774	    -27.11121260	      0.00000000	      0.00000000	      0.00000000	     -5.30793863	      0.00000000	      0.00000000	      0.00000000	      0.00000000	     -0.00000000	     -0.00000000	     -0.00000000	      0.00000000	     -2.08230461	      0.00000000	      0.00000000	      0.00000000	     35.28117945	     -3.16728521	    -48.15310315	    -14.92084854	     -0.00000000	      1.03365984	      0.00000000	      0.00000000	      0.00000000	     24.42668757	     72.78900867	     38.00765651	      0.00000000	      0.00000000	      0.00000000	      0.00000000	      0.00000000	      0.00000000	      0.00000000	      0.00000000	      0.00000000	      0.00000000	      0.00000000	      0.00000000	      0.00000000	      0.00000000	      0.00000000	      0.00000000	      0.00000000	      0.00000000	      0.00000000	      0.00000000	      0.00000000	      0.00000000	      0.00000000	      0.00000000	      0.00000000	      0.00000000	      0.00000000	      0.00000000	      0.00000000	      0.00000000	      0.00000000	      0.00000000	      0.00000000	      0.00000000	      0.00000000	      0.00000000	      0.00000000	      0.00000000	      0.00000000	      0.00000000	      0.00000000	      0.00000000
      1.05500000	      0.00000000	      0.00000000	      0.00000000	    -27.70279886	    -11.14743323	     -0.00000000	      0.00000000	      0.00000000	      0.00000000	     -0.00000000	     -0.00000000	      0.00000000	    -12.57865747	    -26.15838337	      0.00000000	      0.00000000	      0.00000000	     -5.45240517	      0.00000000	      0.00000000	      0.00000000	      0.00000000	     -0.00000000	      0.00000000	      0.00000000	      0.00000000	     -1.99863419	      0.00000000	      0.00000000	      0.00000000	     34.98771738	     -3.25486813	    -48.52520995	    -15.08022293	     -0.00000000	      0.97735594	     -0.00000000	     -0.00000000	      0.00000000	     24.19492764	     71.54155364	     37.52617580	      0.00000000	      0.00000000	      0.00000000	      0.00000000	      0.00000000	      0.00000000	      0.00000000	      0.00000000	      0.00000000	      0.00000000	      0.00000000	      0.00000000	      0.00000000	      0.00000000	      0.00000000	      0.00000000	      0.00000000	      0.00000000	      0.00000000	      0.00000000	      0.00000000	      0.00000000	      0.00000000	      0.00000000	      0.00000000	      0.00000000	      0.00000000	      0.00000000	      0.00000000	      0.00000000	      0.00000000	      0.00000000	      0.00000000	      0.00000000	      0.00000000	      0.00000000	      0.00000000	      0.00000000	      0.00000000	      0.00000000	      0.00000000	      0.00000000
      1.06550000	      0.00000000	      0.00000000	      0.00000000	    -27.59496241	    -11.26894706	     -0.00000000	     -0.00000000	      0.00000000	      0.00000000	     -0.00000000	      0.00000000	     -0.00000000	    -14.27326795	    -26.27326032	      0.00000000	      0.00000000	      0.00000000	     -5.59133083	      0.00000000	      0.00000000	      0.00000000	      0.00000000	      0.00000000	      0.00000000	      0.00000000	      0.00000000	     -1.90497762	      0.00000000	      0.00000000	      0.00000000	     34.92502670	     -3.34226422	    -48.79202931	    -15.20939369	     -0.00000000	      0.91868522	      0.00000000	      0.00000000	      0.00000000	     24.14947721	     70.87323217	     37.35499036	      0.00000000	      0.00000000	      0.00000000	      0.00000000	      0.00000000	      0.00000000	      0.00000000	      0.00000000	      0.00000000	      0.00000000	      0.00000000	      0.00000000	      0.00000000	      0.00000000	      0.00000000	      0.00000000	      0.00000000	      0.00000000	      0.00000000	      0.00000000	      0.00000000	      0.00000000	      0.00000000	      0.00000000	      0.00000000	      0.00000000	      0.00000000	      0.00000000	      0.00000000	      0.00000000	      0.00000000	      0.00000000	      0.00000000	      0.00000000	      0.00000000	      0.00000000	      0.00000000	      0.00000000	      0.00000000	      0.00000000	      0.00000000	      0.00000000
      1.07600000	      0.00000000	      0.00000000	      0.00000000	    -27.41458462	    -11.36739830	      0.00000000	      0.00000000	      0.00000000	      0.00000000	      0.00000000	      0.00000000	      0.00000000	    -14.51683288	    -27.06880236	      0.00000000	      0.00000000	      0.00000000	     -5.71807410	      0.00000000	      0.00000000	      0.00000000	      0.00000000	     -0.00000000	     -0.00000000	     -0.00000000	      0.00000000	     -1.80418347	      0.00000000	      0.00000000	      0.00000000	     34.84519885	     -3.42666908	    -48.93752238	    -15.30082487	      0.00000000	      0.85956416	      0.00000000	     -0.00000000	      0.00000000	     24.09362406	     70.18233818	     37.17310032	      0.00000000	      0.00000000	      0.00000000	      0.00000000	      0.00000000	      0.00000000	      0.00000000	      0.00000000	      0.00000000	      0.00000000	      0.00000000	      0.00000000	      0.00000000	      0.00000000	      0.00000000	      0.00000000	      0.00000000	      0.00000000	      0.00000000	      0.00000000	      0.00000000	      0.00000000	      0.00000000	      0.00000000	      0.00000000	      0.00000000	      0.00000000	      0.00000000	      0.00000000	      0.00000000	      0.00000000	      0.00000000	      0.00000000	      0.00000000	      0.00000000	      0.00000000	      0.00000000	      0.00000000	      0.00000000	      0.00000000	      0.00000000	      0.00000000
      1.08650000	      0.00000000	      0.00000000	      0.00000000	    -27.16568943	    -11.44198865	     -0.00000000	     -0.00000000	      0.00000000	      0.00000000	      0.00000000	     -0.00000000	      0.00000000	    -14.73686021	    -27.82126496	      0.00000000	      0.00000000	      0.00000000	     -5.83025988	      0.00000000	      0.00000000	      0.00000000	      0.00000000	     -0.00000000	     -0.00000000	     -0.00000000	      0.00000000	     -1.71858399	      0.00000000	      0.00000000	      0.00000000	     34.55207555	     -3.50724213	    -48.96183724	    -15.35321128	      0.00000000	      0.80076901	      0.00000000	      0.00000000	      0.00000000	     23.87249731	     68.99553573	     36.72874617	      0.00000000	      0.00000000	      0.00000000	      0.00000000	      0.00000000	      0.00000000	      0.00000000	      0.00000000	      0.00000000	      0.00000000	      0.00000000	      0.00000000	      0.00000000	      0.00000000	      0.00000000	      0.00000000	      0.00000000	      0.00000000	      0.00000000	      0.00000000	      0.00000000	      0.00000000	      0.00000000	      0.00000000	      0.00000000	      0.00000000	      0.00000000	      0.00000000	      0.00000000	      0.00000000	      0.00000000	      0.00000000	      0.00000000	      0.00000000	      0.00000000	      0.00000000	      0.00000000	      0.00000000	      0.00000000	      0.00000000	      0.00000000	      0.00000000
      1.09700000	      0.00000000	      0.00000000	      0.00000000	    -26.86023733	    -11.49238593	      0.00000000	      0.00000000	      0.00000000	      0.00000000	      0.00000000	      0.00000000	      0.00000000	    -14.92898361	    -28.51414400	      0.00000000	      0.00000000	      0.00000000	     -5.92638969	      0.00000000	      0.00000000	      0.00000000	      0.00000000	     -0.00000000	     -0.00000000	      0.00000000	      0.00000000	     -1.67602486	      0.00000000	      0.00000000	      0.00000000	     34.03916835	     -3.58222337	    -48.87343852	    -15.36791025	      0.00000000	      0.74388358	     -0.00000000	     -0.00000000	      0.00000000	     23.47894670	     67.30797102	     36.01351355	      0.00000000	      0.00000000	      0.00000000	      0.00000000	      0.00000000	      0.00000000	      0.00000000	      0.00000000	      0.00000000	      0.00000000	      0.00000000	      0.00000000	      0.00000000	      0.00000000	      0.00000000	      0.00000000	      0.00000000	      0.00000000	      0.00000000	      0.00000000	      0.00000000	      0.00000000	      0.00000000	      0.00000000	      0.00000000	      0.00000000	      0.00000000	      0.00000000	      0.00000000	      0.00000000	      0.00000000	      0.00000000	      0.00000000	      0.00000000	      0.00000000	      0.00000000	      0.00000000	      0.00000000	      0.00000000	      0.00000000	      0.00000000	      0.00000000
      1.10750000	      0.00000000	      0.00000000	      0.00000000	    -26.51589643	    -11.52039300	      0.00000000	     -0.00000000	      0.00000000	      0.00000000	      0.00000000	      0.00000000	      0.00000000	    -15.09075482	    -29.13380156	      0.00000000	      0.00000000	      0.00000000	     -6.00596747	      0.00000000	      0.00000000	      0.00000000	      0.00000000	     -0.00000000	      0.00000000	      0.00000000	      0.00000000	     -1.63266981	      0.00000000	      0.00000000	      0.00000000	     33.33910926	     -3.65007020	    -48.69091379	    -15.34944448	      0.00000000	      0.69051614	     -0.00000000	      0.00000000	      0.00000000	     22.93582106	     65.20480375	     35.06689250	      0.00000000	      0.00000000	      0.00000000	      0.00000000	      0.00000000	      0.00000000	      0.00000000	      0.00000000	      0.00000000	      0.00000000	      0.00000000	      0.00000000	      0.00000000	      0.00000000	      0.00000000	      0.00000000	      0.00000000	      0.00000000	      0.00000000	      0.00000000	      0.00000000	      0.00000000	      0.00000000	      0.00000000	      0.00000000	      0.00000000	      0.00000000	      0.00000000	      0.00000000	      0.00000000	      0.00000000	      0.00000000	      0.00000000	      0.00000000	      0.00000000	      0.00000000	      0.00000000	      0.00000000	      0.00000000	      0.00000000	      0.00000000	      0.00000000
      1.11800000	      0.00000000	      0.00000000	      0.00000000	    -26.15367615	    -11.52974047	      0.00000000	      0.00000000	      0.00000000	      0.00000000	     -0.00000000	      0.00000000	     -0.00000000	    -15.22253212	    -29.67343288	      0.00000000	      0.00000000	      0.00000000	     -6.06943386	      0.00000000	      0.00000000	      0.00000000	      0.00000000	     -0.00000000	      0.00000000	      0.00000000	      0.00000000	     -1.59034320	      0.00000000	      0.00000000	      0.00000000	     32.62230237	     -3.70989569	    -48.44053863	    -15.30501257	     -0.00000000	      0.64188985	      0.00000000	      0.00000000	      0.00000000	     22.37616115	     63.10302256	     34.10677961	      0.00000000	      0.00000000	      0.00000000	      0.00000000	      0.00000000	      0.00000000	      0.00000000	      0.00000000	      0.00000000	      0.00000000	      0.00000000	      0.00000000	      0.00000000	      0.00000000	      0.00000000	      0.00000000	      0.00000000	      0.00000000	      0.00000000	      0.00000000	      0.00000000	      0.00000000	      0.00000000	      0.00000000	      0.00000000	      0.00000000	      0.00000000	      0.00000000	      0.00000000	      0.00000000	      0.00000000	      0.00000000	      0.00000000	      0.00000000	      0.00000000	      0.00000000	      0.00000000	      0.00000000	      0.00000000	      0.00000000	      0.00000000	      0.00000000
      1.12850000	      0.00000000	      0.00000000	      0.00000000	    -25.79664817	    -11.52521713	     -0.00000000	     -0.00000000	      0.00000000	      0.00000000	      0.00000000	     -0.00000000	     -0.00000000	    -15.32607679	    -30.12902145	      0.00000000	      0.00000000	      0.00000000	     -6.11807244	      0.00000000	      0.00000000	      0.00000000	      0.00000000	      0.00000000	      0.00000000	     -0.00000000	      0.00000000	     -1.55090646	      0.00000000	      0.00000000	      0.00000000	     31.97219009	     -3.76104948	    -48.15339793	    -15.24367333	     -0.00000000	      0.59909022	     -0.00000000	     -0.00000000	      0.00000000	     21.86496699	     61.20701226	     33.23806705	      0.00000000	      0.00000000	      0.00000000	      0.00000000	      0.00000000	      0.00000000	      0.00000000	      0.00000000	      0.00000000	      0.00000000	      0.00000000	      0.00000000	      0.00000000	      0.00000000	      0.00000000	      0.00000000	      0.00000000	      0.00000000	      0.00000000	      0.00000000	      0.00000000	      0.00000000	      0.00000000	      0.00000000	      0.00000000	      0.00000000	      0.00000000	      0.00000000	      0.00000000	      0.00000000	      0.00000000	      0.00000000	      0.00000000	      0.00000000	      0.00000000	      0.00000000	      0.00000000	      0.00000000	      0.00000000	      0.00000000	      0.00000000	      0.00000000
      1.13900000	      0.00000000	      0.00000000	      0.00000000	    -25.46752810	    -11.51215094	     -0.00000000	     -0.00000000	      0.00000000	      0.00000000	      0.00000000	     -0.00000000	      0.00000000	    -15.40403233	    -30.49831907	      0.00000000	      0.00000000	      0.00000000	     -6.15386576	      0.00000000	      0.00000000	      0.00000000	      0.00000000	     -0.00000000	      0.00000000	      0.00000000	      0.00000000	     -1.51618180	      0.00000000	      0.00000000	      0.00000000	     31.41727500	     -3.80302630	    -47.86193448	    -15.17521375	     -0.00000000	      0.56309039	     -0.00000000	      0.00000000	      0.00000000	     21.42327993	     59.58447745	     32.49314335	      0.00000000	      0.00000000	      0.00000000	      0.00000000	      0.00000000	      0.00000000	      0.00000000	      0.00000000	      0.00000000	      0.00000000	      0.00000000	      0.00000000	      0.00000000	      0.00000000	      0.00000000	      0.00000000	      0.00000000	      0.00000000	      0.00000000	      0.00000000	      0.00000000	      0.00000000	      0.00000000	      0.00000000	      0.00000000	      0.00000000	      0.00000000	      0.00000000	      0.00000000	      0.00000000	      0.00000000	      0.00000000	      0.00000000	      0.00000000	      0.00000000	      0.00000000	      0.00000000	      0.00000000	      0.00000000	      0.00000000	      0.00000000	      0.00000000
      1.14950000	      0.00000000	      0.00000000	      0.00000000	    -25.18793242	    -11.49590587	     -0.00000000	      0.00000000	      0.00000000	      0.00000000	     -0.00000000	      0.00000000	     -0.00000000	    -15.45940601	    -30.77995238	      0.00000000	      0.00000000	      0.00000000	     -6.17901767	      0.00000000	      0.00000000	      0.00000000	      0.00000000	     -0.00000000	     -0.00000000	      0.00000000	      0.00000000	     -1.48788249	      0.00000000	      0.00000000	      0.00000000	     30.98225263	     -3.83539372	    -47.59778422	    -15.10935633	      0.00000000	      0.53477024	     -0.00000000	      0.00000000	      0.00000000	     21.06924026	     58.29324499	     31.89954043	      0.00000000	      0.00000000	      0.00000000	      0.00000000	      0.00000000	      0.00000000	      0.00000000	      0.00000000	      0.00000000	      0.00000000	      0.00000000	      0.00000000	      0.00000000	      0.00000000	      0.00000000	      0.00000000	      0.00000000	      0.00000000	      0.00000000	      0.00000000	      0.00000000	      0.00000000	      0.00000000	      0.00000000	      0.00000000	      0.00000000	      0.00000000	      0.00000000	      0.00000000	      0.00000000	      0.00000000	      0.00000000	      0.00000000	      0.00000000	      0.00000000	      0.00000000	      0.00000000	      0.00000000	      0.00000000	      0.00000000	      0.00000000	      0.00000000
      1.16000000	      0.00000000	      0.00000000	      0.00000000	    -24.97550692	    -11.48120258	     -0.00000000	      0.00000000	      0.00000000	      0.00000000	      0.00000000	      0.00000000	     -0.00000000	    -15.49542964	    -30.97479759	      0.00000000	      0.00000000	      0.00000000	     -6.19574644	      0.00000000	      0.00000000	      0.00000000	      0.00000000	     -0.00000000	     -0.00000000	      0.00000000	      0.00000000	     -1.46731180	      0.00000000	      0.00000000	      0.00000000	     30.68323444	     -3.85798843	    -47.38787249	    -15.05462918	     -0.00000000	      0.51470205	      0.00000000	     -0.00000000	      0.00000000	     20.81524691	     57.37158974	     31.47549571	      0.00000000	      0.00000000	      0.00000000	      0.00000000	      0.00000000	      0.00000000	      0.00000000	      0.00000000	      0.00000000	      0.00000000	      0.00000000	      0.00000000	      0.00000000	      0.00000000	      0.00000000	      0.00000000	      0.00000000	      0.00000000	      0.00000000	      0.00000000	      0.00000000	      0.00000000	      0.00000000	      0.00000000	      0.00000000	      0.00000000	      0.00000000	      0.00000000	      0.00000000	      0.00000000	      0.00000000	      0.00000000	      0.00000000	      0.00000000	      0.00000000	      0.00000000	      0.00000000	      0.00000000	      0.00000000	      0.00000000	      0.00000000	      0.00000000
      1.17050000	      0.00000000	      0.00000000	      0.00000000	    -24.84346505	    -11.47165264	     -0.00000000	     -0.00000000	      0.00000000	      0.00000000	      0.00000000	      0.00000000	      0.00000000	    -15.51472138	    -31.08389972	      0.00000000	      0.00000000	      0.00000000	     -6.20597083	      0.00000000	      0.00000000	      0.00000000	      0.00000000	      0.00000000	      0.00000000	      0.00000000	      0.00000000	     -1.45541901	      0.00000000	      0.00000000	      0.00000000	     30.53056981	     -3.87071838	    -47.25284380	    -15.01772497	      0.00000000	      0.50328495	      0.00000000	      0.00000000	      0.00000000	     20.66969502	     56.84510051	     31.23315500	      0.00000000	      0.00000000	      0.00000000	      0.00000000	      0.00000000	      0.00000000	      0.00000000	      0.00000000	      0.00000000	      0.00000000	      0.00000000	      0.00000000	      0.00000000	      0.00000000	      0.00000000	      0.00000000	      0.00000000	      0.00000000	      0.00000000	      0.00000000	      0.00000000	      0.00000000	      0.00000000	      0.00000000	      0.00000000	      0.00000000	      0.00000000	      0.00000000	      0.00000000	      0.00000000	      0.00000000	      0.00000000	      0.00000000	      0.00000000	      0.00000000	      0.00000000	      0.00000000	      0.00000000	      0.00000000	      0.00000000	      0.00000000	      0.00000000
      1.18100000	      0.00000000	      0.00000000	      0.00000000	    -24.79931137	    -11.46938082	     -0.00000000	     -0.00000000	      0.00000000	      0.00000000	      0.00000000	     -0.00000000	      0.00000000	    -15.51894918	    -31.10832004	      0.00000000	      0.00000000	      0.00000000	     -6.21114306	      0.00000000	      0.00000000	      0.00000000	      0.00000000	      0.00000000	      0.00000000	      0.00000000	      0.00000000	     -1.45271904	      0.00000000	      0.00000000	      0.00000000	     30.52893169	     -3.87357579	    -47.20502569	    -15.00280371	      0.00000000	      0.50071113	     -0.00000000	      0.00000000	      0.00000000	     20.63678295	     56.72621452	     31.17842254	      0.00000000	      0.00000000	      0.00000000	      0.00000000	      0.00000000	      0.00000000	      0.00000000	      0.00000000	      0.00000000	      0.00000000	      0.00000000	      0.00000000	      0.00000000	      0.00000000	      0.00000000	      0.00000000	      0.00000000	      0.00000000	      0.00000000	      0.00000000	      0.00000000	      0.00000000	      0.00000000	      0.00000000	      0.00000000	      0.00000000	      0.00000000	      0.00000000	      0.00000000	      0.00000000	      0.00000000	      0.00000000	      0.00000000	      0.00000000	      0.00000000	      0.00000000	      0.00000000	      0.00000000	      0.00000000	      0.00000000	      0.00000000	      0.00000000
      1.19150000	      0.00000000	      0.00000000	      0.00000000	    -24.84553711	    -11.47490208	      0.00000000	     -0.00000000	      0.00000000	      0.00000000	     -0.00000000	      0.00000000	      0.00000000	    -15.50844648	    -31.04800468	      0.00000000	      0.00000000	      0.00000000	     -6.21203319	      0.00000000	      0.00000000	      0.00000000	      0.00000000	      0.00000000	      0.00000000	      0.00000000	      0.00000000	     -1.45936224	      0.00000000	      0.00000000	      0.00000000	     30.67885364	     -3.86652373	    -47.24867024	    -15.01147777	      0.00000000	      0.50705590	      0.00000000	      0.00000000	      0.00000000	     20.71784982	     57.01915450	     31.31327927	      0.00000000	      0.00000000	      0.00000000	      0.00000000	      0.00000000	      0.00000000	      0.00000000	      0.00000000	      0.00000000	      0.00000000	      0.00000000	      0.00000000	      0.00000000	      0.00000000	      0.00000000	      0.00000000	      0.00000000	      0.00000000	      0.00000000	      0.00000000	      0.00000000	      0.00000000	      0.00000000	      0.00000000	      0.00000000	      0.00000000	      0.00000000	      0.00000000	      0.00000000	      0.00000000	      0.00000000	      0.00000000	      0.00000000	      0.00000000	      0.00000000	      0.00000000	      0.00000000	      0.00000000	      0.00000000	      0.00000000	      0.00000000	      0.00000000
      1.20200000	      0.00000000	      0.00000000	      0.00000000	    -24.97860258	    -11.48698396	     -0.00000000	     -0.00000000	      0.00000000	      0.00000000	     -0.00000000	     -0.00000000	      0.00000000	    -15.48233800	    -30.90274803	      0.00000000	      0.00000000	      0.00000000	     -6.20870124	      0.00000000	      0.00000000	      0.00000000	      0.00000000	      0.00000000	      0.00000000	      0.00000000	      0.00000000	     -1.47501654	      0.00000000	      0.00000000	      0.00000000	     30.97481878	     -3.84961307	    -47.37883029	    -15.04250811	      0.00000000	      0.52216997	     -0.00000000	      0.00000000	      0.00000000	     20.91004830	     57.71515083	     31.63359464	      0.00000000	      0.00000000	      0.00000000	      0.00000000	      0.00000000	      0.00000000	      0.00000000	      0.00000000	      0.00000000	      0.00000000	      0.00000000	      0.00000000	      0.00000000	      0.00000000	      0.00000000	      0.00000000	      0.00000000	      0.00000000	      0.00000000	      0.00000000	      0.00000000	      0.00000000	      0.00000000	      0.00000000	      0.00000000	      0.00000000	      0.00000000	      0.00000000	      0.00000000	      0.00000000	      0.00000000	      0.00000000	      0.00000000	      0.00000000	      0.00000000	      0.00000000	      0.00000000	      0.00000000	      0.00000000	      0.00000000	      0.00000000	      0.00000000
      1.21250000	      0.00000000	      0.00000000	      0.00000000	    -25.19020836	    -11.50285012	     -0.00000000	      0.00000000	      0.00000000	      0.00000000	     -0.00000000	      0.00000000	      0.00000000	    -15.43849596	    -30.67133750	      0.00000000	      0.00000000	      0.00000000	     -6.20046104	      0.00000000	      0.00000000	      0.00000000	      0.00000000	      0.00000000	      0.00000000	      0.00000000	      0.00000000	     -1.49899168	      0.00000000	      0.00000000	      0.00000000	     31.40710382	     -3.82287178	    -47.58282687	    -15.09220229	      0.00000000	      0.54578553	      0.00000000	      0.00000000	      0.00000000	     21.20758554	     58.79687466	     32.13114048	      0.00000000	      0.00000000	      0.00000000	      0.00000000	      0.00000000	      0.00000000	      0.00000000	      0.00000000	      0.00000000	      0.00000000	      0.00000000	      0.00000000	      0.00000000	      0.00000000	      0.00000000	      0.00000000	      0.00000000	      0.00000000	      0.00000000	      0.00000000	      0.00000000	      0.00000000	      0.00000000	      0.00000000	      0.00000000	      0.00000000	      0.00000000	      0.00000000	      0.00000000	      0.00000000	      0.00000000	      0.00000000	      0.00000000	      0.00000000	      0.00000000	      0.00000000	      0.00000000	      0.00000000	      0.00000000	      0.00000000	      0.00000000	      0.00000000
      1.22300000	      0.00000000	      0.00000000	      0.00000000	    -25.46736942	    -11.51838739	     -0.00000000	      0.00000000	      0.00000000	      0.00000000	      0.00000000	      0.00000000	     -0.00000000	    -15.37390019	    -30.35231048	      0.00000000	      0.00000000	      0.00000000	     -6.18599288	      0.00000000	      0.00000000	      0.00000000	      0.00000000	      0.00000000	      0.00000000	      0.00000000	      0.00000000	     -1.53022233	      0.00000000	      0.00000000	      0.00000000	     31.96091031	     -3.78637038	    -47.84074147	    -15.15460774	     -0.00000000	      0.57747163	      0.00000000	     -0.00000000	      0.00000000	     21.60091155	     60.23538174	     32.79212602	      0.00000000	      0.00000000	      0.00000000	      0.00000000	      0.00000000	      0.00000000	      0.00000000	      0.00000000	      0.00000000	      0.00000000	      0.00000000	      0.00000000	      0.00000000	      0.00000000	      0.00000000	      0.00000000	      0.00000000	      0.00000000	      0.00000000	      0.00000000	      0.00000000	      0.00000000	      0.00000000	      0.00000000	      0.00000000	      0.00000000	      0.00000000	      0.00000000	      0.00000000	      0.00000000	      0.00000000	      0.00000000	      0.00000000	      0.00000000	      0.00000000	      0.00000000	      0.00000000	      0.00000000	      0.00000000	      0.00000000	      0.00000000	      0.00000000
      1.23350000	      0.00000000	      0.00000000	      0.00000000	    -25.79384904	    -11.52852597	      0.00000000	     -0.00000000	      0.00000000	      0.00000000	      0.00000000	      0.00000000	     -0.00000000	    -15.28487092	    -29.94365265	      0.00000000	      0.00000000	      0.00000000	     -6.16342819	      0.00000000	      0.00000000	      0.00000000	      0.00000000	      0.00000000	      0.00000000	      0.00000000	      0.00000000	     -1.56738616	      0.00000000	      0.00000000	      0.00000000	     32.61726653	     -3.74015774	    -48.12744887	    -15.22213962	      0.00000000	      0.61670951	     -0.00000000	     -0.00000000	      0.00000000	     22.07735696	     61.99225053	     33.59810468	      0.00000000	      0.00000000	      0.00000000	      0.00000000	      0.00000000	      0.00000000	      0.00000000	      0.00000000	      0.00000000	      0.00000000	      0.00000000	      0.00000000	      0.00000000	      0.00000000	      0.00000000	      0.00000000	      0.00000000	      0.00000000	      0.00000000	      0.00000000	      0.00000000	      0.00000000	      0.00000000	      0.00000000	      0.00000000	      0.00000000	      0.00000000	      0.00000000	      0.00000000	      0.00000000	      0.00000000	      0.00000000	      0.00000000	      0.00000000	      0.00000000	      0.00000000	      0.00000000	      0.00000000	      0.00000000	      0.00000000	      0.00000000	      0.00000000
      1.24400000	      0.00000000	      0.00000000	      0.00000000	    -26.15036261	    -11.52760525	      0.00000000	     -0.00000000	      0.00000000	      0.00000000	      0.00000000	      0.00000000	      0.00000000	    -15.16764245	    -29.44403878	      0.00000000	      0.00000000	      0.00000000	     -6.13057902	      0.00000000	      0.00000000	      0.00000000	      0.00000000	      0.00000000	      0.00000000	     -0.00000000	      0.00000000	     -1.60888878	      0.00000000	      0.00000000	      0.00000000	     33.35171137	     -3.68437092	    -48.41359006	    -15.28595763	     -0.00000000	      0.66282096	     -0.00000000	      0.00000000	      0.00000000	     22.62000338	     64.01514036	     34.52386255	      0.00000000	      0.00000000	      0.00000000	      0.00000000	      0.00000000	      0.00000000	      0.00000000	      0.00000000	      0.00000000	      0.00000000	      0.00000000	      0.00000000	      0.00000000	      0.00000000	      0.00000000	      0.00000000	      0.00000000	      0.00000000	      0.00000000	      0.00000000	      0.00000000	      0.00000000	      0.00000000	      0.00000000	      0.00000000	      0.00000000	      0.00000000	      0.00000000	      0.00000000	      0.00000000	      0.00000000	      0.00000000	      0.00000000	      0.00000000	      0.00000000	      0.00000000	      0.00000000	      0.00000000	      0.00000000	      0.00000000	      0.00000000	      0.00000000
      1.25450000	      0.00000000	      0.00000000	      0.00000000	    -26.51612706	    -11.50983489	     -0.00000000	     -0.00000000	      0.00000000	      0.00000000	     -0.00000000	      0.00000000	     -0.00000000	    -15.01865250	    -28.85270564	      0.00000000	      0.00000000	      0.00000000	     -6.08510413	      0.00000000	      0.00000000	      0.00000000	      0.00000000	     -0.00000000	      0.00000000	     -0.00000000	      0.00000000	     -1.65299564	      0.00000000	      0.00000000	      0.00000000	     34.13141684	     -3.61919007	    -48.66789897	    -15.33669025	      0.00000000	      0.71503514	      0.00000000	      0.00000000	      0.00000000	     23.20523874	     66.23027013	     35.53318783	      0.00000000	      0.00000000	      0.00000000	      0.00000000	      0.00000000	      0.00000000	      0.00000000	      0.00000000	      0.00000000	      0.00000000	      0.00000000	      0.00000000	      0.00000000	      0.00000000	      0.00000000	      0.00000000	      0.00000000	      0.00000000	      0.00000000	      0.00000000	      0.00000000	      0.00000000	      0.00000000	      0.00000000	      0.00000000	      0.00000000	      0.00000000	      0.00000000	      0.00000000	      0.00000000	      0.00000000	      0.00000000	      0.00000000	      0.00000000	      0.00000000	      0.00000000	      0.00000000	      0.00000000	      0.00000000	      0.00000000	      0.00000000	      0.00000000
      1.26500000	      0.00000000	      0.00000000	      0.00000000	    -26.86957743	    -11.46974000	     -0.00000000	      0.00000000	      0.00000000	      0.00000000	      0.00000000	     -0.00000000	      0.00000000	    -14.83505452	    -28.17046946	      0.00000000	      0.00000000	      0.00000000	     -6.02477726	      0.00000000	      0.00000000	      0.00000000	      0.00000000	     -0.00000000	     -0.00000000	     -0.00000000	      0.00000000	     -1.69787201	      0.00000000	      0.00000000	      0.00000000	     34.78669918	     -3.54492684	    -48.85884821	    -15.36499424	     -0.00000000	      0.77244725	     -0.00000000	     -0.00000000	      0.00000000	     23.69996540	     68.22548584	     36.40980567	      0.00000000	      0.00000000	      0.00000000	      0.00000000	      0.00000000	      0.00000000	      0.00000000	      0.00000000	      0.00000000	      0.00000000	      0.00000000	      0.00000000	      0.00000000	      0.00000000	      0.00000000	      0.00000000	      0.00000000	      0.00000000	      0.00000000	      0.00000000	      0.00000000	      0.00000000	      0.00000000	      0.00000000	      0.00000000	      0.00000000	      0.00000000	      0.00000000	      0.00000000	      0.00000000	      0.00000000	      0.00000000	      0.00000000	      0.00000000	      0.00000000	      0.00000000	      0.00000000	      0.00000000	      0.00000000	      0.00000000	      0.00000000	      0.00000000
      1.27550000	      0.00000000	      0.00000000	      0.00000000	    -27.18986781	    -11.40255535	     -0.00000000	     -0.00000000	      0.00000000	      0.00000000	      0.00000000	      0.00000000	     -0.00000000	    -14.61488818	    -27.39955730	      0.00000000	      0.00000000	      0.00000000	     -5.94764790	      0.00000000	      0.00000000	      0.00000000	      0.00000000	     -0.00000000	     -0.00000000	     -0.00000000	      0.00000000	     -1.75881973	      0.00000000	      0.00000000	      0.00000000	     35.20998856	     -3.46198790	    -48.95686690	    -15.36222427	     -0.00000000	      0.83408167	     -0.00000000	      0.00000000	      0.00000000	     24.01948956	     69.73329158	     37.01501895	      0.00000000	      0.00000000	      0.00000000	      0.00000000	      0.00000000	      0.00000000	      0.00000000	      0.00000000	      0.00000000	      0.00000000	      0.00000000	      0.00000000	      0.00000000	      0.00000000	      0.00000000	      0.00000000	      0.00000000	      0.00000000	      0.00000000	      0.00000000	      0.00000000	      0.00000000	      0.00000000	      0.00000000	      0.00000000	      0.00000000	      0.00000000	      0.00000000	      0.00000000	      0.00000000	      0.00000000	      0.00000000	      0.00000000	      0.00000000	      0.00000000	      0.00000000	      0.00000000	      0.00000000	      0.00000000	      0.00000000	      0.00000000	      0.00000000
      1.28600000	      0.00000000	      0.00000000	      0.00000000	    -27.45763852	    -11.30464635	      0.00000000	      0.00000000	      0.00000000	      0.00000000	      0.00000000	      0.00000000	      0.00000000	    -14.35754960	    -26.54476854	      0.00000000	      0.00000000	      0.00000000	     -5.85233497	      0.00000000	      0.00000000	      0.00000000	      0.00000000	     -0.00000000	      0.00000000	     -0.00000000	      0.00000000	     -1.87184988	      0.00000000	      0.00000000	      0.00000000	     35.38101465	     -3.37099068	    -48.93607948	    -15.32100247	     -0.00000000	      0.89884047	      0.00000000	      0.00000000	      0.00000000	     24.14780346	     70.69304460	     37.32113381	      0.00000000	      0.00000000	      0.00000000	      0.00000000	      0.00000000	      0.00000000	      0.00000000	      0.00000000	      0.00000000	      0.00000000	      0.00000000	      0.00000000	      0.00000000	      0.00000000	      0.00000000	      0.00000000	      0.00000000	      0.00000000	      0.00000000	      0.00000000	      0.00000000	      0.00000000	      0.00000000	      0.00000000	      0.00000000	      0.00000000	      0.00000000	      0.00000000	      0.00000000	      0.00000000	      0.00000000	      0.00000000	      0.00000000	      0.00000000	      0.00000000	      0.00000000	      0.00000000	      0.00000000	      0.00000000	      0.00000000	      0.00000000	      0.00000000
      1.29650000	      0.00000000	      0.00000000	      0.00000000	    -27.65640415	    -11.17381598	     -0.00000000	      0.00000000	      0.00000000	      0.00000000	      0.00000000	      0.00000000	     -0.00000000	    -12.40413467	    -25.94429495	      0.00000000	      0.00000000	      0.00000000	     -5.73819412	      0.00000000	      0.00000000	      0.00000000	      0.00000000	      0.00000000	     -0.00000000	      0.00000000	      0.00000000	     -1.98031772	      0.00000000	      0.00000000	      0.00000000	     35.40365629	     -3.27275375	    -48.77631670	    -15.23580719	     -0.00000000	      0.96555440	     -0.00000000	      0.00000000	      0.00000000	     24.16943443	     71.35473800	     37.46428754	      0.00000000	      0.00000000	      0.00000000	      0.00000000	      0.00000000	      0.00000000	      0.00000000	      0.00000000	      0.00000000	      0.00000000	      0.00000000	      0.00000000	      0.00000000	      0.00000000	      0.00000000	      0.00000000	      0.00000000	      0.00000000	      0.00000000	      0.00000000	      0.00000000	      0.00000000	      0.00000000	      0.00000000	      0.00000000	      0.00000000	      0.00000000	      0.00000000	      0.00000000	      0.00000000	      0.00000000	      0.00000000	      0.00000000	      0.00000000	      0.00000000	      0.00000000	      0.00000000	      0.00000000	      0.00000000	      0.00000000	      0.00000000	      0.00000000
      1.30700000	      0.00000000	      0.00000000	      0.00000000	    -27.77355240	    -11.00968211	      0.00000000	     -0.00000000	      0.00000000	      0.00000000	     -0.00000000	     -0.00000000	      0.00000000	    -13.34838622	    -27.09994004	      0.00000000	      0.00000000	      0.00000000	     -5.60561306	      0.00000000	      0.00000000	      0.00000000	      0.00000000	     -0.00000000	     -0.00000000	      0.00000000	      0.00000000	     -2.08129200	      0.00000000	      0.00000000	      0.00000000	     35.68812725	     -3.16840962	    -48.46501076	    -15.10356485	     -0.00000000	      1.03295241	     -0.00000000	      0.00000000	      0.00000000	     24.42269285	     72.76980836	     37.99976651	      0.00000000	      0.00000000	      0.00000000	      0.00000000	      0.00000000	      0.00000000	      0.00000000	      0.00000000	      0.00000000	      0.00000000	      0.00000000	      0.00000000	      0.00000000	      0.00000000	      0.00000000	      0.00000000	      0.00000000	      0.00000000	      0.00000000	      0.00000000	      0.00000000	      0.00000000	      0.00000000	      0.00000000	      0.00000000	      0.00000000	      0.00000000	      0.00000000	      0.00000000	      0.00000000	      0.00000000	      0.00000000	      0.00000000	      0.00000000	      0.00000000	      0.00000000	      0.00000000	      0.00000000	      0.00000000	      0.00000000	      0.00000000	      0.00000000
      1.31750000	      0.00000000	      0.00000000	      0.00000000	    -27.80152250	    -10.81369130	      0.00000000	      0.00000000	      0.00000000	      0.00000000	     -0.00000000	     -0.00000000	      0.00000000	    -14.16116586	    -28.08697942	      0.00000000	      0.00000000	      0.00000000	     -5.45593191	      0.00000000	      0.00000000	      0.00000000	      0.00000000	      0.00000000	      0.00000000	      0.00000000	      0.00000000	     -2.17247793	      0.00000000	      0.00000000	      0.00000000	     36.23388710	     -3.05930807	    -47.99840737	    -14.92392799	      0.00000000	      1.09977535	      0.00000000	      0.00000000	      0.00000000	     24.91136663	     74.95187629	     38.93646260	      0.00000000	      0.00000000	      0.00000000	      0.00000000	      0.00000000	      0.00000000	      0.00000000	      0.00000000	      0.00000000	      0.00000000	      0.00000000	      0.00000000	      0.00000000	      0.00000000	      0.00000000	      0.00000000	      0.00000000	      0.00000000	      0.00000000	      0.00000000	      0.00000000	      0.00000000	      0.00000000	      0.00000000	      0.00000000	      0.00000000	      0.00000000	      0.00000000	      0.00000000	      0.00000000	      0.00000000	      0.00000000	      0.00000000	      0.00000000	      0.00000000	      0.00000000	      0.00000000	      0.00000000	      0.00000000	      0.00000000	      0.00000000	      0.00000000
      1.32800000	      0.00000000	      0.00000000	      0.00000000	    -27.73827975	    -10.58928552	     -0.00000000	      0.00000000	      0.00000000	      0.00000000	      0.00000000	      0.00000000	      0.00000000	    -14.83781200	    -28.89763413	      0.00000000	      0.00000000	      0.00000000	     -5.29149430	      0.00000000	      0.00000000	      0.00000000	      0.00000000	      0.00000000	      0.00000000	      0.00000000	      0.00000000	     -2.25224317	      0.00000000	      0.00000000	      0.00000000	     36.91288715	     -2.94710498	    -47.38256403	    -14.69954113	      0.00000000	      1.16476226	     -0.00000000	      0.00000000	      0.00000000	     25.53401608	     77.58452495	     40.10891754	      0.00000000	      0.00000000	      0.00000000	      0.00000000	      0.00000000	      0.00000000	      0.00000000	      0.00000000	      0.00000000	      0.00000000	      0.00000000	      0.00000000	      0.00000000	      0.00000000	      0.00000000	      0.00000000	      0.00000000	      0.00000000	      0.00000000	      0.00000000	      0.00000000	      0.00000000	      0.00000000	      0.00000000	      0.00000000	      0.00000000	      0.00000000	      0.00000000	      0.00000000	      0.00000000	      0.00000000	      0.00000000	      0.00000000	      0.00000000	      0.00000000	      0.00000000	      0.00000000	      0.00000000	      0.00000000	      0.00000000	      0.00000000	      0.00000000
      1.33850000	      0.00000000	      0.00000000	      0.00000000	    -27.58781428	    -10.34181334	      0.00000000	      0.00000000	      0.00000000	      0.00000000	      0.00000000	      0.00000000	      0.00000000	    -15.38242044	    -29.53479483	      0.00000000	      0.00000000	      0.00000000	     -5.11574047	      0.00000000	      0.00000000	      0.00000000	      0.00000000	      0.00000000	      0.00000000	      0.00000000	      0.00000000	     -2.31970194	      0.00000000	      0.00000000	      0.00000000	     37.37522543	     -2.83372844	    -46.63361839	    -14.43609283	      0.00000000	      1.22671468	      0.00000000	      0.00000000	      0.00000000	     26.00430455	     79.76260509	     41.04118804	      0.00000000	      0.00000000	      0.00000000	      0.00000000	      0.00000000	      0.00000000	      0.00000000	      0.00000000	      0.00000000	      0.00000000	      0.00000000	      0.00000000	      0.00000000	      0.00000000	      0.00000000	      0.00000000	      0.00000000	      0.00000000	      0.00000000	      0.00000000	      0.00000000	      0.00000000	      0.00000000	      0.00000000	      0.00000000	      0.00000000	      0.00000000	      0.00000000	      0.00000000	      0.00000000	      0.00000000	      0.00000000	      0.00000000	      0.00000000	      0.00000000	      0.00000000	      0.00000000	      0.00000000	      0.00000000	      0.00000000	      0.00000000	      0.00000000
      1.34900000	      0.00000000	      0.00000000	      0.00000000	    -27.36005807	    -10.07826867	      0.00000000	      0.00000000	      0.00000000	      0.00000000	     -0.00000000	     -0.00000000	     -0.00000000	    -15.80558424	    -30.01027196	      0.00000000	      0.00000000	      0.00000000	     -4.93316618	      0.00000000	      0.00000000	      0.00000000	      0.00000000	     -0.00000000	     -0.00000000	      0.00000000	      0.00000000	     -2.37472218	      0.00000000	      0.00000000	      0.00000000	     37.63071950	     -2.72131619	    -45.77712583	    -14.14208469	     -0.00000000	      1.28456252	      0.00000000	     -0.00000000	      0.00000000	     26.32458271	     81.47421181	     41.73142233	      0.00000000	      0.00000000	      0.00000000	      0.00000000	      0.00000000	      0.00000000	      0.00000000	      0.00000000	      0.00000000	      0.00000000	      0.00000000	      0.00000000	      0.00000000	      0.00000000	      0.00000000	      0.00000000	      0.00000000	      0.00000000	      0.00000000	      0.00000000	      0.00000000	      0.00000000	      0.00000000	      0.00000000	      0.00000000	      0.00000000	      0.00000000	      0.00000000	      0.00000000	      0.00000000	      0.00000000	      0.00000000	      0.00000000	      0.00000000	      0.00000000	      0.00000000	      0.00000000	      0.00000000	      0.00000000	      0.00000000	      0.00000000	      0.00000000
      1.35950000	      0.00000000	      0.00000000	      0.00000000	    -27.07017132	     -9.80693051	     -0.00000000	      0.00000000	      0.00000000	      0.00000000	     -0.00000000	     -0.00000000	     -0.00000000	    -16.12202668	    -30.34252427	      0.00000000	      0.00000000	      0.00000000	     -4.74897711	      0.00000000	      0.00000000	      0.00000000	      0.00000000	      0.00000000	     -0.00000000	      0.00000000	      0.00000000	     -2.41785050	      0.00000000	      0.00000000	      0.00000000	     37.74451569	     -2.61214874	    -44.84661379	    -13.82833250	     -0.00000000	      1.33741273	     -0.00000000	     -0.00000000	      0.00000000	     26.54288004	     82.83523836	     42.25375956	      0.00000000	      0.00000000	      0.00000000	      0.00000000	      0.00000000	      0.00000000	      0.00000000	      0.00000000	      0.00000000	      0.00000000	      0.00000000	      0.00000000	      0.00000000	      0.00000000	      0.00000000	      0.00000000	      0.00000000	      0.00000000	      0.00000000	      0.00000000	      0.00000000	      0.00000000	      0.00000000	      0.00000000	      0.00000000	      0.00000000	      0.00000000	      0.00000000	      0.00000000	      0.00000000	      0.00000000	      0.00000000	      0.00000000	      0.00000000	      0.00000000	      0.00000000	      0.00000000	      0.00000000	      0.00000000	      0.00000000	      0.00000000	      0.00000000
      1.37000000	      0.00000000	      0.00000000	      0.00000000	    -26.73771664	     -9.53715337	      0.00000000	      0.00000000	      0.00000000	      0.00000000	      0.00000000	     -0.00000000	     -0.00000000	    -16.34841334	    -30.55420374	      0.00000000	      0.00000000	      0.00000000	     -4.56884503	      0.00000000	      0.00000000	      0.00000000	      0.00000000	      0.00000000	     -0.00000000	      0.00000000	      0.00000000	     -2.45016111	      0.00000000	      0.00000000	      0.00000000	     37.78278805	     -2.50865816	    -43.88236208	    -13.50756985	      0.00000000	      1.38454367	     -0.00000000	      0.00000000	      0.00000000	     26.71681738	     83.84746569	     42.69653038	      0.00000000	      0.00000000	      0.00000000	      0.00000000	      0.00000000	      0.00000000	      0.00000000	      0.00000000	      0.00000000	      0.00000000	      0.00000000	      0.00000000	      0.00000000	      0.00000000	      0.00000000	      0.00000000	      0.00000000	      0.00000000	      0.00000000	      0.00000000	      0.00000000	      0.00000000	      0.00000000	      0.00000000	      0.00000000	      0.00000000	      0.00000000	      0.00000000	      0.00000000	      0.00000000	      0.00000000	      0.00000000	      0.00000000	      0.00000000	      0.00000000	      0.00000000	      0.00000000	      0.00000000	      0.00000000	      0.00000000	      0.00000000	      0.00000000
      1.38050000	      0.00000000	      0.00000000	      0.00000000	    -26.38512775	     -9.27869670	      0.00000000	      0.00000000	      0.00000000	      0.00000000	      0.00000000	      0.00000000	      0.00000000	    -16.50211181	    -30.67040118	      0.00000000	      0.00000000	      0.00000000	     -4.39849995	      0.00000000	      0.00000000	      0.00000000	      0.00000000	     -0.00000000	     -0.00000000	     -0.00000000	      0.00000000	     -2.47314308	      0.00000000	      0.00000000	      0.00000000	     37.82722133	     -2.41326065	    -42.92836023	    -13.19348752	     -0.00000000	      1.42546338	      0.00000000	      0.00000000	      0.00000000	     26.89901147	     84.61173897	     43.12728101	      0.00000000	      0.00000000	      0.00000000	      0.00000000	      0.00000000	      0.00000000	      0.00000000	      0.00000000	      0.00000000	      0.00000000	      0.00000000	      0.00000000	      0.00000000	      0.00000000	      0.00000000	      0.00000000	      0.00000000	      0.00000000	      0.00000000	      0.00000000	      0.00000000	      0.00000000	      0.00000000	      0.00000000	      0.00000000	      0.00000000	      0.00000000	      0.00000000	      0.00000000	      0.00000000	      0.00000000	      0.00000000	      0.00000000	      0.00000000	      0.00000000	      0.00000000	      0.00000000	      0.00000000	      0.00000000	      0.00000000	      0.00000000	      0.00000000
      1.39100000	      0.00000000	      0.00000000	      0.00000000	    -26.03463717	     -9.04020112	      0.00000000	      0.00000000	      0.00000000	      0.00000000	      0.00000000	      0.00000000	     -0.00000000	    -16.60028743	    -30.71673724	      0.00000000	      0.00000000	      0.00000000	     -4.24282373	      0.00000000	      0.00000000	      0.00000000	      0.00000000	      0.00000000	      0.00000000	     -0.00000000	      0.00000000	     -2.48857684	      0.00000000	      0.00000000	      0.00000000	     37.92082885	     -2.32790977	    -42.02575185	    -12.89869462	      0.00000000	      1.46004037	      0.00000000	     -0.00000000	      0.00000000	     27.11119597	     85.22063429	     43.57143117	      0.00000000	      0.00000000	      0.00000000	      0.00000000	      0.00000000	      0.00000000	      0.00000000	      0.00000000	      0.00000000	      0.00000000	      0.00000000	      0.00000000	      0.00000000	      0.00000000	      0.00000000	      0.00000000	      0.00000000	      0.00000000	      0.00000000	      0.00000000	      0.00000000	      0.00000000	      0.00000000	      0.00000000	      0.00000000	      0.00000000	      0.00000000	      0.00000000	      0.00000000	      0.00000000	      0.00000000	      0.00000000	      0.00000000	      0.00000000	      0.00000000	      0.00000000	      0.00000000	      0.00000000	      0.00000000	      0.00000000	      0.00000000	      0.00000000
      1.40150000	      0.00000000	      0.00000000	      0.00000000	    -25.70755909	     -8.82945380	     -0.00000000	     -0.00000000	      0.00000000	      0.00000000	      0.00000000	     -0.00000000	     -0.00000000	    -16.65824711	    -30.71688727	      0.00000000	      0.00000000	      0.00000000	     -4.10629228	      0.00000000	      0.00000000	      0.00000000	      0.00000000	     -0.00000000	     -0.00000000	     -0.00000000	      0.00000000	     -2.49824754	      0.00000000	      0.00000000	      0.00000000	     38.05601836	     -2.25430835	    -41.21275874	    -12.63485227	     -0.00000000	      1.48832536	     -0.00000000	      0.00000000	      0.00000000	     27.33808525	     85.68889933	     44.00308484	      0.00000000	      0.00000000	      0.00000000	      0.00000000	      0.00000000	      0.00000000	      0.00000000	      0.00000000	      0.00000000	      0.00000000	      0.00000000	      0.00000000	      0.00000000	      0.00000000	      0.00000000	      0.00000000	      0.00000000	      0.00000000	      0.00000000	      0.00000000	      0.00000000	      0.00000000	      0.00000000	      0.00000000	      0.00000000	      0.00000000	      0.00000000	      0.00000000	      0.00000000	      0.00000000	      0.00000000	      0.00000000	      0.00000000	      0.00000000	      0.00000000	      0.00000000	      0.00000000	      0.00000000	      0.00000000	      0.00000000	      0.00000000	      0.00000000
      1.41200000	      0.00000000	      0.00000000	      0.00000000	    -25.42229118	     -8.65275070	      0.00000000	     -0.00000000	      0.00000000	      0.00000000	     -0.00000000	     -0.00000000	     -0.00000000	    -16.68903537	    -30.69144354	      0.00000000	      0.00000000	      0.00000000	     -3.99251309	      0.00000000	      0.00000000	      0.00000000	      0.00000000	      0.00000000	     -0.00000000	      0.00000000	      0.00000000	     -2.50381663	      0.00000000	      0.00000000	      0.00000000	     38.15308820	     -2.19374912	    -40.52130804	    -12.41159726	     -0.00000000	      1.51053835	     -0.00000000	     -0.00000000	      0.00000000	     27.50506838	     85.85314025	     44.30252779	      0.00000000	      0.00000000	      0.00000000	      0.00000000	      0.00000000	      0.00000000	      0.00000000	      0.00000000	      0.00000000	      0.00000000	      0.00000000	      0.00000000	      0.00000000	      0.00000000	      0.00000000	      0.00000000	      0.00000000	      0.00000000	      0.00000000	      0.00000000	      0.00000000	      0.00000000	      0.00000000	      0.00000000	      0.00000000	      0.00000000	      0.00000000	      0.00000000	      0.00000000	      0.00000000	      0.00000000	      0.00000000	      0.00000000	      0.00000000	      0.00000000	      0.00000000	      0.00000000	      0.00000000	      0.00000000	      0.00000000	      0.00000000	      0.00000000
      1.42250000	      0.00000000	      0.00000000	      0.00000000	    -25.19290950	     -8.51448243	      0.00000000	      0.00000000	      0.00000000	      0.00000000	      0.00000000	      0.00000000	     -0.00000000	    -16.70310960	    -30.65699544	      0.00000000	      0.00000000	      0.00000000	     -3.90383540	      0.00000000	      0.00000000	      0.00000000	      0.00000000	      0.00000000	      0.00000000	      0.00000000	      0.00000000	     -2.50670633	      0.00000000	      0.00000000	      0.00000000	     38.22197297	     -2.14702293	    -39.97477733	    -12.23585482	      0.00000000	      1.52702477	      0.00000000	      0.00000000	      0.00000000	     27.62180782	     85.83677835	     44.49695431	      0.00000000	      0.00000000	      0.00000000	      0.00000000	      0.00000000	      0.00000000	      0.00000000	      0.00000000	      0.00000000	      0.00000000	      0.00000000	      0.00000000	      0.00000000	      0.00000000	      0.00000000	      0.00000000	      0.00000000	      0.00000000	      0.00000000	      0.00000000	      0.00000000	      0.00000000	      0.00000000	      0.00000000	      0.00000000	      0.00000000	      0.00000000	      0.00000000	      0.00000000	      0.00000000	      0.00000000	      0.00000000	      0.00000000	      0.00000000	      0.00000000	      0.00000000	      0.00000000	      0.00000000	      0.00000000	      0.00000000	      0.00000000	      0.00000000
      1.43300000	      0.00000000	      0.00000000	      0.00000000	    -25.02454651	     -8.41468089	     -0.00000000	      0.00000000	      0.00000000	      0.00000000	      0.00000000	      0.00000000	      0.00000000	    -16.70828456	    -30.62483785	      0.00000000	      0.00000000	      0.00000000	     -3.83975402	      0.00000000	      0.00000000	      0.00000000	      0.00000000	      0.00000000	     -0.00000000	      0.00000000	      0.00000000	     -2.50804643	      0.00000000	      0.00000000	      0.00000000	     38.27331339	     -2.11362955	    -39.57781924	    -12.10862375	      0.00000000	      1.53845896	      0.00000000	      0.00000000	      0.00000000	     27.70260872	     85.75942237	     44.62202486	      0.00000000	      0.00000000	      0.00000000	      0.00000000	      0.00000000	      0.00000000	      0.00000000	      0.00000000	      0.00000000	      0.00000000	      0.00000000	      0.00000000	      0.00000000	      0.00000000	      0.00000000	      0.00000000	      0.00000000	      0.00000000	      0.00000000	      0.00000000	      0.00000000	      0.00000000	      0.00000000	      0.00000000	      0.00000000	      0.00000000	      0.00000000	      0.00000000	      0.00000000	      0.00000000	      0.00000000	      0.00000000	      0.00000000	      0.00000000	      0.00000000	      0.00000000	      0.00000000	      0.00000000	      0.00000000	      0.00000000	      0.00000000	      0.00000000
      1.44350000	      0.00000000	      0.00000000	      0.00000000	    -24.91877117	     -8.35231733	      0.00000000	     -0.00000000	      0.00000000	      0.00000000	      0.00000000	     -0.00000000	     -0.00000000	    -16.70952906	    -30.60181543	      0.00000000	      0.00000000	      0.00000000	     -3.79923666	      0.00000000	      0.00000000	      0.00000000	      0.00000000	     -0.00000000	      0.00000000	      0.00000000	      0.00000000	     -2.50858185	      0.00000000	      0.00000000	      0.00000000	     38.30749511	     -2.09289723	    -39.32926749	    -12.02919689	     -0.00000000	      1.54541198	     -0.00000000	     -0.00000000	      0.00000000	     27.75260195	     85.68649639	     44.69520979	      0.00000000	      0.00000000	      0.00000000	      0.00000000	      0.00000000	      0.00000000	      0.00000000	      0.00000000	      0.00000000	      0.00000000	      0.00000000	      0.00000000	      0.00000000	      0.00000000	      0.00000000	      0.00000000	      0.00000000	      0.00000000	      0.00000000	      0.00000000	      0.00000000	      0.00000000	      0.00000000	      0.00000000	      0.00000000	      0.00000000	      0.00000000	      0.00000000	      0.00000000	      0.00000000	      0.00000000	      0.00000000	      0.00000000	      0.00000000	      0.00000000	      0.00000000	      0.00000000	      0.00000000	      0.00000000	      0.00000000	      0.00000000	      0.00000000
      1.45400000	      0.00000000	      0.00000000	      0.00000000	    -24.87844310	     -8.32779616	     -0.00000000	      0.00000000	      0.00000000	      0.00000000	     -0.00000000	     -0.00000000	     -0.00000000	    -16.70961534	    -30.59216771	      0.00000000	      0.00000000	      0.00000000	     -3.78263373	      0.00000000	      0.00000000	      0.00000000	      0.00000000	     -0.00000000	     -0.00000000	      0.00000000	      0.00000000	     -2.50873065	      0.00000000	      0.00000000	      0.00000000	     38.32188768	     -2.08477274	    -39.23253095	    -11.99856992	      0.00000000	      1.54810621	     -0.00000000	     -0.00000000	      0.00000000	     27.77225707	     85.65300428	     44.72309943	      0.00000000	      0.00000000	      0.00000000	      0.00000000	      0.00000000	      0.00000000	      0.00000000	      0.00000000	      0.00000000	      0.00000000	      0.00000000	      0.00000000	      0.00000000	      0.00000000	      0.00000000	      0.00000000	      0.00000000	      0.00000000	      0.00000000	      0.00000000	      0.00000000	      0.00000000	      0.00000000	      0.00000000	      0.00000000	      0.00000000	      0.00000000	      0.00000000	      0.00000000	      0.00000000	      0.00000000	      0.00000000	      0.00000000	      0.00000000	      0.00000000	      0.00000000	      0.00000000	      0.00000000	      0.00000000	      0.00000000	      0.00000000	      0.00000000
      1.46450000	      0.00000000	      0.00000000	      0.00000000	    -24.90100032	     -8.33915634	     -0.00000000	      0.00000000	      0.00000000	      0.00000000	      0.00000000	      0.00000000	     -0.00000000	    -16.70960322	    -30.59667850	      0.00000000	      0.00000000	      0.00000000	     -3.78884245	      0.00000000	      0.00000000	      0.00000000	      0.00000000	     -0.00000000	     -0.00000000	      0.00000000	      0.00000000	     -2.50866600	      0.00000000	      0.00000000	      0.00000000	     38.31631647	     -2.08853476	    -39.28031562	    -12.01438614	      0.00000000	      1.54686079	      0.00000000	     -0.00000000	      0.00000000	     27.76314883	     85.66884939	     44.71023696	      0.00000000	      0.00000000	      0.00000000	      0.00000000	      0.00000000	      0.00000000	      0.00000000	      0.00000000	      0.00000000	      0.00000000	      0.00000000	      0.00000000	      0.00000000	      0.00000000	      0.00000000	      0.00000000	      0.00000000	      0.00000000	      0.00000000	      0.00000000	      0.00000000	      0.00000000	      0.00000000	      0.00000000	      0.00000000	      0.00000000	      0.00000000	      0.00000000	      0.00000000	      0.00000000	      0.00000000	      0.00000000	      0.00000000	      0.00000000	      0.00000000	      0.00000000	      0.00000000	      0.00000000	      0.00000000	      0.00000000	      0.00000000	      0.00000000
      1.47500000	      0.00000000	      0.00000000	      0.00000000	    -24.96742264	     -8.37591208	      0.00000000	     -0.00000000	      0.00000000	      0.00000000	     -0.00000000	      0.00000000	      0.00000000	    -16.70923298	    -30.61078370	      0.00000000	      0.00000000	      0.00000000	     -3.81088966	      0.00000000	      0.00000000	      0.00000000	      0.00000000	      0.00000000	      0.00000000	     -0.00000000	      0.00000000	     -2.50840599	      0.00000000	      0.00000000	      0.00000000	     38.29701738	     -2.10072928	    -39.42979841	    -12.06276033	      0.00000000	      1.54279848	     -0.00000000	      0.00000000	      0.00000000	     27.73369851	     85.71619270	     44.66791737	      0.00000000	      0.00000000	      0.00000000	      0.00000000	      0.00000000	      0.00000000	      0.00000000	      0.00000000	      0.00000000	      0.00000000	      0.00000000	      0.00000000	      0.00000000	      0.00000000	      0.00000000	      0.00000000	      0.00000000	      0.00000000	      0.00000000	      0.00000000	      0.00000000	      0.00000000	      0.00000000	      0.00000000	      0.00000000	      0.00000000	      0.00000000	      0.00000000	      0.00000000	      0.00000000	      0.00000000	      0.00000000	      0.00000000	      0.00000000	      0.00000000	      0.00000000	      0.00000000	      0.00000000	      0.00000000	      0.00000000	      0.00000000	      0.00000000
      1.48550000	      0.00000000	      0.00000000	      0.00000000	    -25.06227040	     -8.42971987	      0.00000000	     -0.00000000	      0.00000000	      0.00000000	     -0.00000000	      0.00000000	      0.00000000	    -16.70775956	    -30.63005815	      0.00000000	      0.00000000	      0.00000000	     -3.84320334	      0.00000000	      0.00000000	      0.00000000	      0.00000000	     -0.00000000	      0.00000000	      0.00000000	      0.00000000	     -2.50788303	      0.00000000	      0.00000000	      0.00000000	     38.26956076	     -2.11864439	    -39.64668887	    -12.13262176	      0.00000000	      1.53676034	      0.00000000	      0.00000000	      0.00000000	     27.69052298	     85.77427356	     44.60384719	      0.00000000	      0.00000000	      0.00000000	      0.00000000	      0.00000000	      0.00000000	      0.00000000	      0.00000000	      0.00000000	      0.00000000	      0.00000000	      0.00000000	      0.00000000	      0.00000000	      0.00000000	      0.00000000	      0.00000000	      0.00000000	      0.00000000	      0.00000000	      0.00000000	      0.00000000	      0.00000000	      0.00000000	      0.00000000	      0.00000000	      0.00000000	      0.00000000	      0.00000000	      0.00000000	      0.00000000	      0.00000000	      0.00000000	      0.00000000	      0.00000000	      0.00000000	      0.00000000	      0.00000000	      0.00000000	      0.00000000	      0.00000000	      0.00000000
      1.49600000	      0.00000000	      0.00000000	      0.00000000	    -25.19514271	     -8.50623973	     -0.00000000	     -0.00000000	      0.00000000	      0.00000000	     -0.00000000	     -0.00000000	     -0.00000000	    -16.70369032	    -30.65456453	      0.00000000	      0.00000000	      0.00000000	     -3.88934412	      0.00000000	      0.00000000	      0.00000000	      0.00000000	     -0.00000000	     -0.00000000	     -0.00000000	      0.00000000	     -2.50684011	      0.00000000	      0.00000000	      0.00000000	     38.23238772	     -2.14425463	    -39.95312015	    -12.23133721	     -0.00000000	      1.52798369	     -0.00000000	     -0.00000000	      0.00000000	     27.62855229	     85.83234133	     44.50770789	      0.00000000	      0.00000000	      0.00000000	      0.00000000	      0.00000000	      0.00000000	      0.00000000	      0.00000000	      0.00000000	      0.00000000	      0.00000000	      0.00000000	      0.00000000	      0.00000000	      0.00000000	      0.00000000	      0.00000000	      0.00000000	      0.00000000	      0.00000000	      0.00000000	      0.00000000	      0.00000000	      0.00000000	      0.00000000	      0.00000000	      0.00000000	      0.00000000	      0.00000000	      0.00000000	      0.00000000	      0.00000000	      0.00000000	      0.00000000	      0.00000000	      0.00000000	      0.00000000	      0.00000000	      0.00000000	      0.00000000	      0.00000000	      0.00000000
      1.50650000	      0.00000000	      0.00000000	      0.00000000	    -25.36385528	     -8.60516576	     -0.00000000	      0.00000000	      0.00000000	      0.00000000	      0.00000000	     -0.00000000	     -0.00000000	    -16.69482208	    -30.68096328	      0.00000000	      0.00000000	      0.00000000	     -3.94848592	      0.00000000	      0.00000000	      0.00000000	      0.00000000	      0.00000000	      0.00000000	      0.00000000	      0.00000000	     -2.50495094	      0.00000000	      0.00000000	      0.00000000	     38.18616541	     -2.17760563	    -40.34601322	    -12.35795256	      0.00000000	      1.51629850	     -0.00000000	      0.00000000	      0.00000000	     27.54617846	     85.86042783	     44.37269187	      0.00000000	      0.00000000	      0.00000000	      0.00000000	      0.00000000	      0.00000000	      0.00000000	      0.00000000	      0.00000000	      0.00000000	      0.00000000	      0.00000000	      0.00000000	      0.00000000	      0.00000000	      0.00000000	      0.00000000	      0.00000000	      0.00000000	      0.00000000	      0.00000000	      0.00000000	      0.00000000	      0.00000000	      0.00000000	      0.00000000	      0.00000000	      0.00000000	      0.00000000	      0.00000000	      0.00000000	      0.00000000	      0.00000000	      0.00000000	      0.00000000	      0.00000000	      0.00000000	      0.00000000	      0.00000000	      0.00000000	      0.00000000	      0.00000000
      1.51700000	      0.00000000	      0.00000000	      0.00000000	    -25.53470127	     -8.70789815	      0.00000000	     -0.00000000	      0.00000000	      0.00000000	      0.00000000	     -0.00000000	     -0.00000000	    -16.68103653	    -30.70171207	      0.00000000	      0.00000000	      0.00000000	     -4.00873807	      0.00000000	      0.00000000	      0.00000000	      0.00000000	      0.00000000	     -0.00000000	     -0.00000000	      0.00000000	     -2.50231227	      0.00000000	      0.00000000	      0.00000000	     38.13727152	     -2.21254361	    -40.74974285	    -12.48791973	     -0.00000000	      1.50374683	     -0.00000000	     -0.00000000	      0.00000000	     27.45572348	     85.82619044	     44.21619693	      0.00000000	      0.00000000	      0.00000000	      0.00000000	      0.00000000	      0.00000000	      0.00000000	      0.00000000	      0.00000000	      0.00000000	      0.00000000	      0.00000000	      0.00000000	      0.00000000	      0.00000000	      0.00000000	      0.00000000	      0.00000000	      0.00000000	      0.00000000	      0.00000000	      0.00000000	      0.00000000	      0.00000000	      0.00000000	      0.00000000	      0.00000000	      0.00000000	      0.00000000	      0.00000000	      0.00000000	      0.00000000	      0.00000000	      0.00000000	      0.00000000	      0.00000000	      0.00000000	      0.00000000	      0.00000000	      0.00000000	      0.00000000	      0.00000000
      1.52750000	      0.00000000	      0.00000000	      0.00000000	    -25.69620715	     -8.80753544	      0.00000000	      0.00000000	      0.00000000	      0.00000000	     -0.00000000	      0.00000000	      0.00000000	    -16.66289995	    -30.71493444	      0.00000000	      0.00000000	      0.00000000	     -4.06716194	      0.00000000	      0.00000000	      0.00000000	      0.00000000	     -0.00000000	     -0.00000000	     -0.00000000	      0.00000000	     -2.49905875	      0.00000000	      0.00000000	      0.00000000	     38.08496642	     -2.24674210	    -41.13737956	    -12.61274540	     -0.00000000	      1.49115290	      0.00000000	      0.00000000	      0.00000000	     27.36038501	     85.72216146	     44.04412430	      0.00000000	      0.00000000	      0.00000000	      0.00000000	      0.00000000	      0.00000000	      0.00000000	      0.00000000	      0.00000000	      0.00000000	      0.00000000	      0.00000000	      0.00000000	      0.00000000	      0.00000000	      0.00000000	      0.00000000	      0.00000000	      0.00000000	      0.00000000	      0.00000000	      0.00000000	      0.00000000	      0.00000000	      0.00000000	      0.00000000	      0.00000000	      0.00000000	      0.00000000	      0.00000000	      0.00000000	      0.00000000	      0.00000000	      0.00000000	      0.00000000	      0.00000000	      0.00000000	      0.00000000	      0.00000000	      0.00000000	      0.00000000	      0.00000000
      1.53800000	      0.00000000	      0.00000000	      0.00000000	    -25.85855231	     -8.91020508	      0.00000000	     -0.00000000	      0.00000000	      0.00000000	     -0.00000000	      0.00000000	      0.00000000	    -16.63894058	    -30.72097461	      0.00000000	      0.00000000	      0.00000000	     -4.12775127	      0.00000000	      0.00000000	      0.00000000	      0.00000000	     -0.00000000	     -0.00000000	      0.00000000	      0.00000000	     -2.49495038	      0.00000000	      0.00000000	      0.00000000	     38.02130572	     -2.28232386	    -41.53299013	    -12.74032489	     -0.00000000	      1.47772583	      0.00000000	      0.00000000	      0.00000000	     27.25077445	     85.53085642	     43.84036326	      0.00000000	      0.00000000	      0.00000000	      0.00000000	      0.00000000	      0.00000000	      0.00000000	      0.00000000	      0.00000000	      0.00000000	      0.00000000	      0.00000000	      0.00000000	      0.00000000	      0.00000000	      0.00000000	      0.00000000	      0.00000000	      0.00000000	      0.00000000	      0.00000000	      0.00000000	      0.00000000	      0.00000000	      0.00000000	      0.00000000	      0.00000000	      0.00000000	      0.00000000	      0.00000000	      0.00000000	      0.00000000	      0.00000000	      0.00000000	      0.00000000	      0.00000000	      0.00000000	      0.00000000	      0.00000000	      0.00000000	      0.00000000	      0.00000000
      1.54850000	      0.00000000	      0.00000000	      0.00000000	    -26.01136704	     -9.00957492	     -0.00000000	     -0.00000000	      0.00000000	      0.00000000	     -0.00000000	     -0.00000000	     -0.00000000	    -16.61027321	    -30.71898695	      0.00000000	      0.00000000	      0.00000000	     -4.18498814	      0.00000000	      0.00000000	      0.00000000	      0.00000000	     -0.00000000	     -0.00000000	     -0.00000000	      0.00000000	     -2.49020096	      0.00000000	      0.00000000	      0.00000000	     37.95980895	     -2.31711402	    -41.91131750	    -12.86227858	     -0.00000000	      1.46427779	     -0.00000000	     -0.00000000	      0.00000000	     27.14245301	     85.29477736	     43.63295250	      0.00000000	      0.00000000	      0.00000000	      0.00000000	      0.00000000	      0.00000000	      0.00000000	      0.00000000	      0.00000000	      0.00000000	      0.00000000	      0.00000000	      0.00000000	      0.00000000	      0.00000000	      0.00000000	      0.00000000	      0.00000000	      0.00000000	      0.00000000	      0.00000000	      0.00000000	      0.00000000	      0.00000000	      0.00000000	      0.00000000	      0.00000000	      0.00000000	      0.00000000	      0.00000000	      0.00000000	      0.00000000	      0.00000000	      0.00000000	      0.00000000	      0.00000000	      0.00000000	      0.00000000	      0.00000000	      0.00000000	      0.00000000	      0.00000000
      1.55900000	      0.00000000	      0.00000000	      0.00000000	    -26.14555749	     -9.09964541	      0.00000000	      0.00000000	      0.00000000	      0.00000000	      0.00000000	     -0.00000000	     -0.00000000	    -16.57928235	    -30.71007014	      0.00000000	      0.00000000	      0.00000000	     -4.23449984	      0.00000000	      0.00000000	      0.00000000	      0.00000000	     -0.00000000	     -0.00000000	     -0.00000000	      0.00000000	     -2.48520061	      0.00000000	      0.00000000	      0.00000000	     37.91624929	     -2.34896652	    -42.24937185	    -12.97097190	      0.00000000	      1.45168760	     -0.00000000	     -0.00000000	      0.00000000	     27.05328256	     85.07453694	     43.45512680	      0.00000000	      0.00000000	      0.00000000	      0.00000000	      0.00000000	      0.00000000	      0.00000000	      0.00000000	      0.00000000	      0.00000000	      0.00000000	      0.00000000	      0.00000000	      0.00000000	      0.00000000	      0.00000000	      0.00000000	      0.00000000	      0.00000000	      0.00000000	      0.00000000	      0.00000000	      0.00000000	      0.00000000	      0.00000000	      0.00000000	      0.00000000	      0.00000000	      0.00000000	      0.00000000	      0.00000000	      0.00000000	      0.00000000	      0.00000000	      0.00000000	      0.00000000	      0.00000000	      0.00000000	      0.00000000	      0.00000000	      0.00000000	      0.00000000
      1.56950000	      0.00000000	      0.00000000	      0.00000000	    -26.26590378	     -9.18319231	      0.00000000	      0.00000000	      0.00000000	      0.00000000	      0.00000000	      0.00000000	     -0.00000000	    -16.54597123	    -30.69534918	      0.00000000	      0.00000000	      0.00000000	     -4.27854901	      0.00000000	      0.00000000	      0.00000000	      0.00000000	      0.00000000	     -0.00000000	     -0.00000000	      0.00000000	     -2.47993787	      0.00000000	      0.00000000	      0.00000000	     37.88513254	     -2.37879899	    -42.55854945	    -13.07008868	      0.00000000	      1.43965464	     -0.00000000	      0.00000000	      0.00000000	     26.97773535	     84.86343115	     43.29821786	      0.00000000	      0.00000000	      0.00000000	      0.00000000	      0.00000000	      0.00000000	      0.00000000	      0.00000000	      0.00000000	      0.00000000	      0.00000000	      0.00000000	      0.00000000	      0.00000000	      0.00000000	      0.00000000	      0.00000000	      0.00000000	      0.00000000	      0.00000000	      0.00000000	      0.00000000	      0.00000000	      0.00000000	      0.00000000	      0.00000000	      0.00000000	      0.00000000	      0.00000000	      0.00000000	      0.00000000	      0.00000000	      0.00000000	      0.00000000	      0.00000000	      0.00000000	      0.00000000	      0.00000000	      0.00000000	      0.00000000	      0.00000000	      0.00000000
      1.58000000	      0.00000000	      0.00000000	      0.00000000	    -26.37039878	     -9.25800110	      0.00000000	      0.00000000	      0.00000000	      0.00000000	      0.00000000	      0.00000000	      0.00000000	    -16.51216229	    -30.67657201	      0.00000000	      0.00000000	      0.00000000	     -4.31667545	      0.00000000	      0.00000000	      0.00000000	      0.00000000	     -0.00000000	     -0.00000000	      0.00000000	      0.00000000	     -2.47468843	      0.00000000	      0.00000000	      0.00000000	     37.86405531	     -2.40575913	    -42.83141357	    -13.15739962	     -0.00000000	      1.42857911	      0.00000000	     -0.00000000	      0.00000000	     26.91543088	     84.66736429	     43.16362690	      0.00000000	      0.00000000	      0.00000000	      0.00000000	      0.00000000	      0.00000000	      0.00000000	      0.00000000	      0.00000000	      0.00000000	      0.00000000	      0.00000000	      0.00000000	      0.00000000	      0.00000000	      0.00000000	      0.00000000	      0.00000000	      0.00000000	      0.00000000	      0.00000000	      0.00000000	      0.00000000	      0.00000000	      0.00000000	      0.00000000	      0.00000000	      0.00000000	      0.00000000	      0.00000000	      0.00000000	      0.00000000	      0.00000000	      0.00000000	      0.00000000	      0.00000000	      0.00000000	      0.00000000	      0.00000000	      0.00000000	      0.00000000	      0.00000000
      1.59050000	      0.00000000	      0.00000000	      0.00000000	    -26.45468566	     -9.32021113	     -0.00000000	     -0.00000000	      0.00000000	      0.00000000	      0.00000000	     -0.00000000	     -0.00000000	    -16.48100458	    -30.65670189	      0.00000000	      0.00000000	      0.00000000	     -4.34672715	      0.00000000	      0.00000000	      0.00000000	      0.00000000	     -0.00000000	      0.00000000	     -0.00000000	      0.00000000	     -2.46991781	      0.00000000	      0.00000000	      0.00000000	     37.85098123	     -2.42836650	    -43.05442348	    -13.22851949	     -0.00000000	      1.41914423	     -0.00000000	     -0.00000000	      0.00000000	     26.86705711	     84.49811209	     43.05542072	      0.00000000	      0.00000000	      0.00000000	      0.00000000	      0.00000000	      0.00000000	      0.00000000	      0.00000000	      0.00000000	      0.00000000	      0.00000000	      0.00000000	      0.00000000	      0.00000000	      0.00000000	      0.00000000	      0.00000000	      0.00000000	      0.00000000	      0.00000000	      0.00000000	      0.00000000	      0.00000000	      0.00000000	      0.00000000	      0.00000000	      0.00000000	      0.00000000	      0.00000000	      0.00000000	      0.00000000	      0.00000000	      0.00000000	      0.00000000	      0.00000000	      0.00000000	      0.00000000	      0.00000000	      0.00000000	      0.00000000	      0.00000000	      0.00000000
      1.60100000	      0.00000000	      0.00000000	      0.00000000	    -26.51801838	     -9.36929965	      0.00000000	      0.00000000	      0.00000000	      0.00000000	      0.00000000	      0.00000000	      0.00000000	    -16.45436437	    -30.63816154	      0.00000000	      0.00000000	      0.00000000	     -4.36673067	      0.00000000	      0.00000000	      0.00000000	      0.00000000	      0.00000000	     -0.00000000	      0.00000000	      0.00000000	     -2.46588278	      0.00000000	      0.00000000	      0.00000000	     37.84346913	     -2.44633120	    -43.22568848	    -13.28235390	      0.00000000	      1.41155078	      0.00000000	      0.00000000	      0.00000000	     26.83083196	     84.35986911	     42.97207829	      0.00000000	      0.00000000	      0.00000000	      0.00000000	      0.00000000	      0.00000000	      0.00000000	      0.00000000	      0.00000000	      0.00000000	      0.00000000	      0.00000000	      0.00000000	      0.00000000	      0.00000000	      0.00000000	      0.00000000	      0.00000000	      0.00000000	      0.00000000	      0.00000000	      0.00000000	      0.00000000	      0.00000000	      0.00000000	      0.00000000	      0.00000000	      0.00000000	      0.00000000	      0.00000000	      0.00000000	      0.00000000	      0.00000000	      0.00000000	      0.00000000	      0.00000000	      0.00000000	      0.00000000	      0.00000000	      0.00000000	      0.00000000	      0.00000000
      1.61150000	      0.00000000	      0.00000000	      0.00000000	    -26.55951054	     -9.40469230	      0.00000000	      0.00000000	      0.00000000	      0.00000000	     -0.00000000	     -0.00000000	      0.00000000	    -16.43398446	    -30.62316646	      0.00000000	      0.00000000	      0.00000000	     -4.37483231	      0.00000000	      0.00000000	      0.00000000	      0.00000000	      0.00000000	      0.00000000	     -0.00000000	      0.00000000	     -2.46282042	      0.00000000	      0.00000000	      0.00000000	     37.84003856	     -2.45935499	    -43.34272408	    -13.31765504	     -0.00000000	      1.40599246	     -0.00000000	      0.00000000	      0.00000000	     26.80565298	     84.25728743	     42.91293792	      0.00000000	      0.00000000	      0.00000000	      0.00000000	      0.00000000	      0.00000000	      0.00000000	      0.00000000	      0.00000000	      0.00000000	      0.00000000	      0.00000000	      0.00000000	      0.00000000	      0.00000000	      0.00000000	      0.00000000	      0.00000000	      0.00000000	      0.00000000	      0.00000000	      0.00000000	      0.00000000	      0.00000000	      0.00000000	      0.00000000	      0.00000000	      0.00000000	      0.00000000	      0.00000000	      0.00000000	      0.00000000	      0.00000000	      0.00000000	      0.00000000	      0.00000000	      0.00000000	      0.00000000	      0.00000000	      0.00000000	      0.00000000	      0.00000000
      1.62200000	      0.00000000	      0.00000000	      0.00000000	    -26.57993192	     -9.42615112	      0.00000000	      0.00000000	      0.00000000	      0.00000000	     -0.00000000	     -0.00000000	     -0.00000000	    -16.42113466	    -30.61339165	      0.00000000	      0.00000000	      0.00000000	     -4.37181628	      0.00000000	      0.00000000	      0.00000000	      0.00000000	      0.00000000	      0.00000000	     -0.00000000	      0.00000000	     -2.46089968	      0.00000000	      0.00000000	      0.00000000	     37.83965289	     -2.46728127	    -43.40547566	    -13.33455702	      0.00000000	      1.40258770	      0.00000000	     -0.00000000	      0.00000000	     26.79072977	     84.19379565	     42.87741409	      0.00000000	      0.00000000	      0.00000000	      0.00000000	      0.00000000	      0.00000000	      0.00000000	      0.00000000	      0.00000000	      0.00000000	      0.00000000	      0.00000000	      0.00000000	      0.00000000	      0.00000000	      0.00000000	      0.00000000	      0.00000000	      0.00000000	      0.00000000	      0.00000000	      0.00000000	      0.00000000	      0.00000000	      0.00000000	      0.00000000	      0.00000000	      0.00000000	      0.00000000	      0.00000000	      0.00000000	      0.00000000	      0.00000000	      0.00000000	      0.00000000	      0.00000000	      0.00000000	      0.00000000	      0.00000000	      0.00000000	      0.00000000	      0.00000000
      1.63250000	      0.00000000	      0.00000000	      0.00000000	    -26.57986959	     -9.43334132	     -0.00000000	     -0.00000000	      0.00000000	      0.00000000	     -0.00000000	      0.00000000	     -0.00000000	    -16.41674421	    -30.60999903	      0.00000000	      0.00000000	      0.00000000	     -4.35861984	      0.00000000	      0.00000000	      0.00000000	      0.00000000	     -0.00000000	      0.00000000	     -0.00000000	      0.00000000	     -2.46024513	      0.00000000	      0.00000000	      0.00000000	     37.84184434	     -2.46994226	    -43.41364048	    -13.33320021	      0.00000000	      1.40144094	     -0.00000000	     -0.00000000	      0.00000000	     26.78578303	     84.17229100	     42.86556160	      0.00000000	      0.00000000	      0.00000000	      0.00000000	      0.00000000	      0.00000000	      0.00000000	      0.00000000	      0.00000000	      0.00000000	      0.00000000	      0.00000000	      0.00000000	      0.00000000	      0.00000000	      0.00000000	      0.00000000	      0.00000000	      0.00000000	      0.00000000	      0.00000000	      0.00000000	      0.00000000	      0.00000000	      0.00000000	      0.00000000	      0.00000000	      0.00000000	      0.00000000	      0.00000000	      0.00000000	      0.00000000	      0.00000000	      0.00000000	      0.00000000	      0.00000000	      0.00000000	      0.00000000	      0.00000000	      0.00000000	      0.00000000	      0.00000000
      1.64300000	      0.00000000	      0.00000000	      0.00000000	    -26.55951016	     -9.42685022	     -0.00000000	     -0.00000000	      0.00000000	      0.00000000	     -0.00000000	     -0.00000000	     -0.00000000	    -16.42070966	    -30.61306439	      0.00000000	      0.00000000	      0.00000000	     -4.33472259	      0.00000000	      0.00000000	      0.00000000	      0.00000000	      0.00000000	     -0.00000000	     -0.00000000	      0.00000000	     -2.46083628	      0.00000000	      0.00000000	      0.00000000	     37.84651561	     -2.46753989	    -43.36869492	    -13.31380827	     -0.00000000	      1.40247633	     -0.00000000	     -0.00000000	      0.00000000	     26.79024766	     84.19170994	     42.87626062	      0.00000000	      0.00000000	      0.00000000	      0.00000000	      0.00000000	      0.00000000	      0.00000000	      0.00000000	      0.00000000	      0.00000000	      0.00000000	      0.00000000	      0.00000000	      0.00000000	      0.00000000	      0.00000000	      0.00000000	      0.00000000	      0.00000000	      0.00000000	      0.00000000	      0.00000000	      0.00000000	      0.00000000	      0.00000000	      0.00000000	      0.00000000	      0.00000000	      0.00000000	      0.00000000	      0.00000000	      0.00000000	      0.00000000	      0.00000000	      0.00000000	      0.00000000	      0.00000000	      0.00000000	      0.00000000	      0.00000000	      0.00000000	      0.00000000
      1.65350000	      0.00000000	      0.00000000	      0.00000000	    -26.51839028	     -9.40725289	      0.00000000	     -0.00000000	      0.00000000	      0.00000000	     -0.00000000	     -0.00000000	      0.00000000	    -16.43247093	    -30.62202745	      0.00000000	      0.00000000	      0.00000000	     -4.29927417	      0.00000000	      0.00000000	      0.00000000	      0.00000000	      0.00000000	      0.00000000	      0.00000000	      0.00000000	     -2.46259379	      0.00000000	      0.00000000	      0.00000000	     37.85383617	     -2.46029960	    -43.27136876	    -13.27626799	      0.00000000	      1.40558757	      0.00000000	     -0.00000000	      0.00000000	     26.80385925	     84.24976423	     42.90868659	      0.00000000	      0.00000000	      0.00000000	      0.00000000	      0.00000000	      0.00000000	      0.00000000	      0.00000000	      0.00000000	      0.00000000	      0.00000000	      0.00000000	      0.00000000	      0.00000000	      0.00000000	      0.00000000	      0.00000000	      0.00000000	      0.00000000	      0.00000000	      0.00000000	      0.00000000	      0.00000000	      0.00000000	      0.00000000	      0.00000000	      0.00000000	      0.00000000	      0.00000000	      0.00000000	      0.00000000	      0.00000000	      0.00000000	      0.00000000	      0.00000000	      0.00000000	      0.00000000	      0.00000000	      0.00000000	      0.00000000	      0.00000000	      0.00000000
      1.66400000	      0.00000000	      0.00000000	      0.00000000	    -26.45765440	     -9.37552029	      0.00000000	     -0.00000000	      0.00000000	      0.00000000	     -0.00000000	      0.00000000	     -0.00000000	    -16.45085468	    -30.63562624	      0.00000000	      0.00000000	      0.00000000	     -4.25349993	      0.00000000	      0.00000000	      0.00000000	      0.00000000	      0.00000000	      0.00000000	     -0.00000000	      0.00000000	     -2.46535395	      0.00000000	      0.00000000	      0.00000000	     37.86409734	     -2.44861588	    -43.12466488	    -13.22171637	     -0.00000000	      1.41057896	     -0.00000000	     -0.00000000	      0.00000000	     26.82635253	     84.34202410	     42.96163021	      0.00000000	      0.00000000	      0.00000000	      0.00000000	      0.00000000	      0.00000000	      0.00000000	      0.00000000	      0.00000000	      0.00000000	      0.00000000	      0.00000000	      0.00000000	      0.00000000	      0.00000000	      0.00000000	      0.00000000	      0.00000000	      0.00000000	      0.00000000	      0.00000000	      0.00000000	      0.00000000	      0.00000000	      0.00000000	      0.00000000	      0.00000000	      0.00000000	      0.00000000	      0.00000000	      0.00000000	      0.00000000	      0.00000000	      0.00000000	      0.00000000	      0.00000000	      0.00000000	      0.00000000	      0.00000000	      0.00000000	      0.00000000	      0.00000000
      1.67450000	      0.00000000	      0.00000000	      0.00000000	    -26.37846284	     -9.33261860	      0.00000000	     -0.00000000	      0.00000000	      0.00000000	      0.00000000	      0.00000000	     -0.00000000	    -16.47444585	    -30.65225871	      0.00000000	      0.00000000	      0.00000000	     -4.19882500	      0.00000000	      0.00000000	      0.00000000	      0.00000000	      0.00000000	      0.00000000	      0.00000000	      0.00000000	     -2.46892085	      0.00000000	      0.00000000	      0.00000000	     37.87781859	     -2.43289654	    -42.93174858	    -13.15141801	      0.00000000	      1.41723747	      0.00000000	     -0.00000000	      0.00000000	     26.85774824	     84.46358648	     43.03419781	      0.00000000	      0.00000000	      0.00000000	      0.00000000	      0.00000000	      0.00000000	      0.00000000	      0.00000000	      0.00000000	      0.00000000	      0.00000000	      0.00000000	      0.00000000	      0.00000000	      0.00000000	      0.00000000	      0.00000000	      0.00000000	      0.00000000	      0.00000000	      0.00000000	      0.00000000	      0.00000000	      0.00000000	      0.00000000	      0.00000000	      0.00000000	      0.00000000	      0.00000000	      0.00000000	      0.00000000	      0.00000000	      0.00000000	      0.00000000	      0.00000000	      0.00000000	      0.00000000	      0.00000000	      0.00000000	      0.00000000	      0.00000000	      0.00000000
      1.68500000	      0.00000000	      0.00000000	      0.00000000	    -26.28182324	     -9.27984398	     -0.00000000	      0.00000000	      0.00000000	      0.00000000	     -0.00000000	      0.00000000	     -0.00000000	    -16.50154557	    -30.67004641	      0.00000000	      0.00000000	      0.00000000	     -4.13621831	      0.00000000	      0.00000000	      0.00000000	      0.00000000	     -0.00000000	     -0.00000000	     -0.00000000	      0.00000000	     -2.47305620	      0.00000000	      0.00000000	      0.00000000	     37.89564975	     -2.41367706	    -42.69686122	    -13.06679840	     -0.00000000	      1.42528999	     -0.00000000	     -0.00000000	      0.00000000	     26.89811103	     84.60863619	     43.12527664	      0.00000000	      0.00000000	      0.00000000	      0.00000000	      0.00000000	      0.00000000	      0.00000000	      0.00000000	      0.00000000	      0.00000000	      0.00000000	      0.00000000	      0.00000000	      0.00000000	      0.00000000	      0.00000000	      0.00000000	      0.00000000	      0.00000000	      0.00000000	      0.00000000	      0.00000000	      0.00000000	      0.00000000	      0.00000000	      0.00000000	      0.00000000	      0.00000000	      0.00000000	      0.00000000	      0.00000000	      0.00000000	      0.00000000	      0.00000000	      0.00000000	      0.00000000	      0.00000000	      0.00000000	      0.00000000	      0.00000000	      0.00000000	      0.00000000
      1.69550000	      0.00000000	      0.00000000	      0.00000000	    -26.16909142	     -9.21867283	      0.00000000	      0.00000000	      0.00000000	      0.00000000	     -0.00000000	      0.00000000	      0.00000000	    -16.53042046	    -30.68712225	      0.00000000	      0.00000000	      0.00000000	     -4.06679282	      0.00000000	      0.00000000	      0.00000000	      0.00000000	      0.00000000	      0.00000000	      0.00000000	      0.00000000	     -2.47751303	      0.00000000	      0.00000000	      0.00000000	     37.91842254	     -2.39155573	    -42.42504949	    -12.96956117	      0.00000000	      1.43443785	      0.00000000	      0.00000000	      0.00000000	     26.94758973	     84.77136414	     43.23373162	      0.00000000	      0.00000000	      0.00000000	      0.00000000	      0.00000000	      0.00000000	      0.00000000	      0.00000000	      0.00000000	      0.00000000	      0.00000000	      0.00000000	      0.00000000	      0.00000000	      0.00000000	      0.00000000	      0.00000000	      0.00000000	      0.00000000	      0.00000000	      0.00000000	      0.00000000	      0.00000000	      0.00000000	      0.00000000	      0.00000000	      0.00000000	      0.00000000	      0.00000000	      0.00000000	      0.00000000	      0.00000000	      0.00000000	      0.00000000	      0.00000000	      0.00000000	      0.00000000	      0.00000000	      0.00000000	      0.00000000	      0.00000000	      0.00000000
      1.70600000	      0.00000000	      0.00000000	      0.00000000	    -26.04127635	     -9.15032320	      0.00000000	      0.00000000	      0.00000000	      0.00000000	      0.00000000	     -0.00000000	      0.00000000	    -16.55962032	    -30.70190677	      0.00000000	      0.00000000	      0.00000000	     -3.99137404	      0.00000000	      0.00000000	      0.00000000	      0.00000000	      0.00000000	     -0.00000000	     -0.00000000	      0.00000000	     -2.48208216	      0.00000000	      0.00000000	      0.00000000	     37.94725817	     -2.36702827	    -42.12012586	    -12.86097836	      0.00000000	      1.44443027	     -0.00000000	     -0.00000000	      0.00000000	     27.00667169	     84.94737633	     43.35907371	      0.00000000	      0.00000000	      0.00000000	      0.00000000	      0.00000000	      0.00000000	      0.00000000	      0.00000000	      0.00000000	      0.00000000	      0.00000000	      0.00000000	      0.00000000	      0.00000000	      0.00000000	      0.00000000	      0.00000000	      0.00000000	      0.00000000	      0.00000000	      0.00000000	      0.00000000	      0.00000000	      0.00000000	      0.00000000	      0.00000000	      0.00000000	      0.00000000	      0.00000000	      0.00000000	      0.00000000	      0.00000000	      0.00000000	      0.00000000	      0.00000000	      0.00000000	      0.00000000	      0.00000000	      0.00000000	      0.00000000	      0.00000000	      0.00000000
      1.71650000	      0.00000000	      0.00000000	      0.00000000	    -25.89970677	     -9.07607218	     -0.00000000	      0.00000000	      0.00000000	      0.00000000	      0.00000000	     -0.00000000	     -0.00000000	    -16.58787287	    -30.71308310	      0.00000000	      0.00000000	      0.00000000	     -3.91094872	      0.00000000	      0.00000000	      0.00000000	      0.00000000	     -0.00000000	      0.00000000	     -0.00000000	      0.00000000	     -2.48657532	      0.00000000	      0.00000000	      0.00000000	     37.98330248	     -2.34059981	    -41.78628665	    -12.74248009	      0.00000000	      1.45502040	     -0.00000000	      0.00000000	      0.00000000	     27.07582089	     85.13284104	     43.50076702	      0.00000000	      0.00000000	      0.00000000	      0.00000000	      0.00000000	      0.00000000	      0.00000000	      0.00000000	      0.00000000	      0.00000000	      0.00000000	      0.00000000	      0.00000000	      0.00000000	      0.00000000	      0.00000000	      0.00000000	      0.00000000	      0.00000000	      0.00000000	      0.00000000	      0.00000000	      0.00000000	      0.00000000	      0.00000000	      0.00000000	      0.00000000	      0.00000000	      0.00000000	      0.00000000	      0.00000000	      0.00000000	      0.00000000	      0.00000000	      0.00000000	      0.00000000	      0.00000000	      0.00000000	      0.00000000	      0.00000000	      0.00000000	      0.00000000
      1.72700000	      0.00000000	      0.00000000	      0.00000000	    -25.74692869	     -8.99735129	     -0.00000000	      0.00000000	      0.00000000	      0.00000000	      0.00000000	     -0.00000000	     -0.00000000	    -16.61410410	    -30.71966516	      0.00000000	      0.00000000	      0.00000000	     -3.82740132	      0.00000000	      0.00000000	      0.00000000	      0.00000000	     -0.00000000	     -0.00000000	      0.00000000	      0.00000000	     -2.49082773	      0.00000000	      0.00000000	      0.00000000	     38.02749123	     -2.31281501	    -41.42932408	    -12.61627693	     -0.00000000	      1.46595669	     -0.00000000	     -0.00000000	      0.00000000	     27.15520443	     85.32417520	     43.65781888	      0.00000000	      0.00000000	      0.00000000	      0.00000000	      0.00000000	      0.00000000	      0.00000000	      0.00000000	      0.00000000	      0.00000000	      0.00000000	      0.00000000	      0.00000000	      0.00000000	      0.00000000	      0.00000000	      0.00000000	      0.00000000	      0.00000000	      0.00000000	      0.00000000	      0.00000000	      0.00000000	      0.00000000	      0.00000000	      0.00000000	      0.00000000	      0.00000000	      0.00000000	      0.00000000	      0.00000000	      0.00000000	      0.00000000	      0.00000000	      0.00000000	      0.00000000	      0.00000000	      0.00000000	      0.00000000	      0.00000000	      0.00000000	      0.00000000
      1.73750000	      0.00000000	      0.00000000	      0.00000000	    -25.58585879	     -8.91571748	     -0.00000000	     -0.00000000	      0.00000000	      0.00000000	      0.00000000	     -0.00000000	     -0.00000000	    -16.63749520	    -30.72107112	      0.00000000	      0.00000000	      0.00000000	     -3.74255960	      0.00000000	      0.00000000	      0.00000000	      0.00000000	     -0.00000000	     -0.00000000	     -0.00000000	      0.00000000	     -2.49470725	      0.00000000	      0.00000000	      0.00000000	     38.08027275	     -2.28424452	    -41.05594620	    -12.48484004	     -0.00000000	      1.47699165	      0.00000000	      0.00000000	      0.00000000	     27.24449336	     85.51795556	     43.82855574	      0.00000000	      0.00000000	      0.00000000	      0.00000000	      0.00000000	      0.00000000	      0.00000000	      0.00000000	      0.00000000	      0.00000000	      0.00000000	      0.00000000	      0.00000000	      0.00000000	      0.00000000	      0.00000000	      0.00000000	      0.00000000	      0.00000000	      0.00000000	      0.00000000	      0.00000000	      0.00000000	      0.00000000	      0.00000000	      0.00000000	      0.00000000	      0.00000000	      0.00000000	      0.00000000	      0.00000000	      0.00000000	      0.00000000	      0.00000000	      0.00000000	      0.00000000	      0.00000000	      0.00000000	      0.00000000	      0.00000000	      0.00000000	      0.00000000
      1.74800000	      0.00000000	      0.00000000	      0.00000000	    -25.41812100	     -8.83237521	      0.00000000	      0.00000000	      0.00000000	      0.00000000	     -0.00000000	     -0.00000000	      0.00000000	    -16.65760836	    -30.71712082	      0.00000000	      0.00000000	      0.00000000	     -3.65699357	      0.00000000	      0.00000000	      0.00000000	      0.00000000	      0.00000000	      0.00000000	     -0.00000000	      0.00000000	     -2.49813675	      0.00000000	      0.00000000	      0.00000000	     38.13201861	     -2.25531803	    -40.67109032	    -12.34971615	      0.00000000	      1.48794691	     -0.00000000	      0.00000000	      0.00000000	     27.33507151	     85.68416653	     43.99751967	      0.00000000	      0.00000000	      0.00000000	      0.00000000	      0.00000000	      0.00000000	      0.00000000	      0.00000000	      0.00000000	      0.00000000	      0.00000000	      0.00000000	      0.00000000	      0.00000000	      0.00000000	      0.00000000	      0.00000000	      0.00000000	      0.00000000	      0.00000000	      0.00000000	      0.00000000	      0.00000000	      0.00000000	      0.00000000	      0.00000000	      0.00000000	      0.00000000	      0.00000000	      0.00000000	      0.00000000	      0.00000000	      0.00000000	      0.00000000	      0.00000000	      0.00000000	      0.00000000	      0.00000000	      0.00000000	      0.00000000	      0.00000000	      0.00000000
      1.75850000	      0.00000000	      0.00000000	      0.00000000	    -25.24589585	     -8.74858204	     -0.00000000	      0.00000000	      0.00000000	      0.00000000	     -0.00000000	     -0.00000000	     -0.00000000	    -16.67421674	    -30.70795674	      0.00000000	      0.00000000	      0.00000000	     -3.57154890	      0.00000000	      0.00000000	      0.00000000	      0.00000000	     -0.00000000	      0.00000000	     -0.00000000	      0.00000000	     -2.50106851	      0.00000000	      0.00000000	      0.00000000	     38.17266380	     -2.22646925	    -40.28024671	    -12.21270959	      0.00000000	      1.49865536	     -0.00000000	     -0.00000000	      0.00000000	     27.41787863	     85.79270627	     44.14863079	      0.00000000	      0.00000000	      0.00000000	      0.00000000	      0.00000000	      0.00000000	      0.00000000	      0.00000000	      0.00000000	      0.00000000	      0.00000000	      0.00000000	      0.00000000	      0.00000000	      0.00000000	      0.00000000	      0.00000000	      0.00000000	      0.00000000	      0.00000000	      0.00000000	      0.00000000	      0.00000000	      0.00000000	      0.00000000	      0.00000000	      0.00000000	      0.00000000	      0.00000000	      0.00000000	      0.00000000	      0.00000000	      0.00000000	      0.00000000	      0.00000000	      0.00000000	      0.00000000	      0.00000000	      0.00000000	      0.00000000	      0.00000000	      0.00000000
      1.76900000	      0.00000000	      0.00000000	      0.00000000	    -25.07161010	     -8.66527589	      0.00000000	     -0.00000000	      0.00000000	      0.00000000	     -0.00000000	      0.00000000	     -0.00000000	    -16.68734210	    -30.69395483	      0.00000000	      0.00000000	      0.00000000	     -3.48750482	      0.00000000	      0.00000000	      0.00000000	      0.00000000	      0.00000000	      0.00000000	      0.00000000	      0.00000000	     -2.50349303	      0.00000000	      0.00000000	      0.00000000	     38.20411971	     -2.19800962	    -39.88794259	    -12.07553489	     -0.00000000	      1.50900685	     -0.00000000	      0.00000000	      0.00000000	     27.49403634	     85.84881115	     44.28341630	      0.00000000	      0.00000000	      0.00000000	      0.00000000	      0.00000000	      0.00000000	      0.00000000	      0.00000000	      0.00000000	      0.00000000	      0.00000000	      0.00000000	      0.00000000	      0.00000000	      0.00000000	      0.00000000	      0.00000000	      0.00000000	      0.00000000	      0.00000000	      0.00000000	      0.00000000	      0.00000000	      0.00000000	      0.00000000	      0.00000000	      0.00000000	      0.00000000	      0.00000000	      0.00000000	      0.00000000	      0.00000000	      0.00000000	      0.00000000	      0.00000000	      0.00000000	      0.00000000	      0.00000000	      0.00000000	      0.00000000	      0.00000000	      0.00000000
      1.77950000	      0.00000000	      0.00000000	      0.00000000	    -24.89769293	     -8.58351643	      0.00000000	      0.00000000	      0.00000000	      0.00000000	      0.00000000	      0.00000000	      0.00000000	    -16.69712226	    -30.67571094	      0.00000000	      0.00000000	      0.00000000	     -3.40592664	      0.00000000	      0.00000000	      0.00000000	      0.00000000	      0.00000000	      0.00000000	      0.00000000	      0.00000000	     -2.50541786	      0.00000000	      0.00000000	      0.00000000	     38.22824323	     -2.17028301	    -39.49904471	    -11.93990755	      0.00000000	      1.51888892	      0.00000000	      0.00000000	      0.00000000	     27.56451538	     85.85911822	     44.40341805	      0.00000000	      0.00000000	      0.00000000	      0.00000000	      0.00000000	      0.00000000	      0.00000000	      0.00000000	      0.00000000	      0.00000000	      0.00000000	      0.00000000	      0.00000000	      0.00000000	      0.00000000	      0.00000000	      0.00000000	      0.00000000	      0.00000000	      0.00000000	      0.00000000	      0.00000000	      0.00000000	      0.00000000	      0.00000000	      0.00000000	      0.00000000	      0.00000000	      0.00000000	      0.00000000	      0.00000000	      0.00000000	      0.00000000	      0.00000000	      0.00000000	      0.00000000	      0.00000000	      0.00000000	      0.00000000	      0.00000000	      0.00000000	      0.00000000
      1.79000000	      0.00000000	      0.00000000	      0.00000000	    -24.72641427	     -8.50441037	      0.00000000	      0.00000000	      0.00000000	      0.00000000	     -0.00000000	      0.00000000	     -0.00000000	    -16.70381539	    -30.65401943	      0.00000000	      0.00000000	      0.00000000	     -3.32746777	      0.00000000	      0.00000000	      0.00000000	      0.00000000	      0.00000000	      0.00000000	     -0.00000000	      0.00000000	     -2.50686923	      0.00000000	      0.00000000	      0.00000000	     38.24664646	     -2.14364050	    -39.11867545	    -11.80746827	     -0.00000000	      1.52819615	      0.00000000	      0.00000000	      0.00000000	     27.63004687	     85.83130713	     44.51008333	      0.00000000	      0.00000000	      0.00000000	      0.00000000	      0.00000000	      0.00000000	      0.00000000	      0.00000000	      0.00000000	      0.00000000	      0.00000000	      0.00000000	      0.00000000	      0.00000000	      0.00000000	      0.00000000	      0.00000000	      0.00000000	      0.00000000	      0.00000000	      0.00000000	      0.00000000	      0.00000000	      0.00000000	      0.00000000	      0.00000000	      0.00000000	      0.00000000	      0.00000000	      0.00000000	      0.00000000	      0.00000000	      0.00000000	      0.00000000	      0.00000000	      0.00000000	      0.00000000	      0.00000000	      0.00000000	      0.00000000	      0.00000000	      0.00000000
      1.80050000	      0.00000000	      0.00000000	      0.00000000	    -24.55984820	     -8.42879709	      0.00000000	     -0.00000000	      0.00000000	      0.00000000	     -0.00000000	     -0.00000000	     -0.00000000	    -16.70779433	    -30.62974160	      0.00000000	      0.00000000	      0.00000000	     -3.25272954	      0.00000000	      0.00000000	      0.00000000	      0.00000000	      0.00000000	      0.00000000	      0.00000000	      0.00000000	     -2.50789345	      0.00000000	      0.00000000	      0.00000000	     38.26074197	     -2.11833651	    -38.75111750	    -11.67963108	     -0.00000000	      1.53686482	      0.00000000	      0.00000000	      0.00000000	     27.69126515	     85.77339382	     44.60496889	      0.00000000	      0.00000000	      0.00000000	      0.00000000	      0.00000000	      0.00000000	      0.00000000	      0.00000000	      0.00000000	      0.00000000	      0.00000000	      0.00000000	      0.00000000	      0.00000000	      0.00000000	      0.00000000	      0.00000000	      0.00000000	      0.00000000	      0.00000000	      0.00000000	      0.00000000	      0.00000000	      0.00000000	      0.00000000	      0.00000000	      0.00000000	      0.00000000	      0.00000000	      0.00000000	      0.00000000	      0.00000000	      0.00000000	      0.00000000	      0.00000000	      0.00000000	      0.00000000	      0.00000000	      0.00000000	      0.00000000	      0.00000000	      0.00000000
      1.81100000	      0.00000000	      0.00000000	      0.00000000	    -24.39989710	     -8.35745773	     -0.00000000	      0.00000000	      0.00000000	      0.00000000	     -0.00000000	      0.00000000	     -0.00000000	    -16.70948247	    -30.60379573	      0.00000000	      0.00000000	      0.00000000	     -3.18225854	      0.00000000	      0.00000000	      0.00000000	      0.00000000	      0.00000000	     -0.00000000	      0.00000000	      0.00000000	     -2.50854628	      0.00000000	      0.00000000	      0.00000000	     38.27158853	     -2.09460232	    -38.40017333	    -11.55763479	      0.00000000	      1.54484436	      0.00000000	     -0.00000000	      0.00000000	     27.74848347	     85.69317980	     44.68930292	      0.00000000	      0.00000000	      0.00000000	      0.00000000	      0.00000000	      0.00000000	      0.00000000	      0.00000000	      0.00000000	      0.00000000	      0.00000000	      0.00000000	      0.00000000	      0.00000000	      0.00000000	      0.00000000	      0.00000000	      0.00000000	      0.00000000	      0.00000000	      0.00000000	      0.00000000	      0.00000000	      0.00000000	      0.00000000	      0.00000000	      0.00000000	      0.00000000	      0.00000000	      0.00000000	      0.00000000	      0.00000000	      0.00000000	      0.00000000	      0.00000000	      0.00000000	      0.00000000	      0.00000000	      0.00000000	      0.00000000	      0.00000000	      0.00000000
      1.82150000	      0.00000000	      0.00000000	      0.00000000	    -24.24865360	     -8.29131945	     -0.00000000	     -0.00000000	      0.00000000	      0.00000000	      0.00000000	     -0.00000000	     -0.00000000	    -16.70933326	    -30.57720849	      0.00000000	      0.00000000	      0.00000000	     -3.11662555	      0.00000000	      0.00000000	      0.00000000	      0.00000000	     -0.00000000	     -0.00000000	     -0.00000000	      0.00000000	     -2.50888879	      0.00000000	      0.00000000	      0.00000000	     38.27985577	     -2.07271506	    -38.07011412	    -11.44283404	     -0.00000000	      1.55207312	     -0.00000000	     -0.00000000	      0.00000000	     27.80155259	     85.59836858	     44.76375354	      0.00000000	      0.00000000	      0.00000000	      0.00000000	      0.00000000	      0.00000000	      0.00000000	      0.00000000	      0.00000000	      0.00000000	      0.00000000	      0.00000000	      0.00000000	      0.00000000	      0.00000000	      0.00000000	      0.00000000	      0.00000000	      0.00000000	      0.00000000	      0.00000000	      0.00000000	      0.00000000	      0.00000000	      0.00000000	      0.00000000	      0.00000000	      0.00000000	      0.00000000	      0.00000000	      0.00000000	      0.00000000	      0.00000000	      0.00000000	      0.00000000	      0.00000000	      0.00000000	      0.00000000	      0.00000000	      0.00000000	      0.00000000	      0.00000000
      1.83200000	      0.00000000	      0.00000000	      0.00000000	    -24.10743483	     -8.23088774	      0.00000000	      0.00000000	      0.00000000	      0.00000000	      0.00000000	     -0.00000000	      0.00000000	    -16.70781173	    -30.55086093	      0.00000000	      0.00000000	      0.00000000	     -3.05609636	      0.00000000	      0.00000000	      0.00000000	      0.00000000	     -0.00000000	      0.00000000	     -0.00000000	      0.00000000	     -2.50898750	      0.00000000	      0.00000000	      0.00000000	     38.28599232	     -2.05281102	    -37.76342577	    -11.33599666	      0.00000000	      1.55853870	      0.00000000	     -0.00000000	      0.00000000	     27.85036854	     85.49567720	     44.82911392	      0.00000000	      0.00000000	      0.00000000	      0.00000000	      0.00000000	      0.00000000	      0.00000000	      0.00000000	      0.00000000	      0.00000000	      0.00000000	      0.00000000	      0.00000000	      0.00000000	      0.00000000	      0.00000000	      0.00000000	      0.00000000	      0.00000000	      0.00000000	      0.00000000	      0.00000000	      0.00000000	      0.00000000	      0.00000000	      0.00000000	      0.00000000	      0.00000000	      0.00000000	      0.00000000	      0.00000000	      0.00000000	      0.00000000	      0.00000000	      0.00000000	      0.00000000	      0.00000000	      0.00000000	      0.00000000	      0.00000000	      0.00000000	      0.00000000
      1.84250000	      0.00000000	      0.00000000	      0.00000000	    -23.97721335	     -8.17653462	     -0.00000000	      0.00000000	      0.00000000	      0.00000000	     -0.00000000	     -0.00000000	     -0.00000000	    -16.70535344	    -30.52554196	      0.00000000	      0.00000000	      0.00000000	     -3.00078922	      0.00000000	      0.00000000	      0.00000000	      0.00000000	      0.00000000	      0.00000000	     -0.00000000	      0.00000000	     -2.50890634	      0.00000000	      0.00000000	      0.00000000	     38.29023096	     -2.03498399	    -37.48190596	    -11.23764334	      0.00000000	      1.56424210	      0.00000000	     -0.00000000	      0.00000000	     27.89471826	     85.39091916	     44.88599806	      0.00000000	      0.00000000	      0.00000000	      0.00000000	      0.00000000	      0.00000000	      0.00000000	      0.00000000	      0.00000000	      0.00000000	      0.00000000	      0.00000000	      0.00000000	      0.00000000	      0.00000000	      0.00000000	      0.00000000	      0.00000000	      0.00000000	      0.00000000	      0.00000000	      0.00000000	      0.00000000	      0.00000000	      0.00000000	      0.00000000	      0.00000000	      0.00000000	      0.00000000	      0.00000000	      0.00000000	      0.00000000	      0.00000000	      0.00000000	      0.00000000	      0.00000000	      0.00000000	      0.00000000	      0.00000000	      0.00000000	      0.00000000	      0.00000000
      1.85300000	      0.00000000	      0.00000000	      0.00000000	    -23.85913866	     -8.12884247	      0.00000000	      0.00000000	      0.00000000	      0.00000000	      0.00000000	      0.00000000	      0.00000000	    -16.70237298	    -30.50209697	      0.00000000	      0.00000000	      0.00000000	     -2.95078604	      0.00000000	      0.00000000	      0.00000000	      0.00000000	      0.00000000	      0.00000000	      0.00000000	      0.00000000	     -2.50870580	      0.00000000	      0.00000000	      0.00000000	     38.29258641	     -2.01939855	    -37.22796780	    -11.14842287	      0.00000000	      1.56916061	      0.00000000	      0.00000000	      0.00000000	     27.93407298	     85.28973380	     44.93456843	      0.00000000	      0.00000000	      0.00000000	      0.00000000	      0.00000000	      0.00000000	      0.00000000	      0.00000000	      0.00000000	      0.00000000	      0.00000000	      0.00000000	      0.00000000	      0.00000000	      0.00000000	      0.00000000	      0.00000000	      0.00000000	      0.00000000	      0.00000000	      0.00000000	      0.00000000	      0.00000000	      0.00000000	      0.00000000	      0.00000000	      0.00000000	      0.00000000	      0.00000000	      0.00000000	      0.00000000	      0.00000000	      0.00000000	      0.00000000	      0.00000000	      0.00000000	      0.00000000	      0.00000000	      0.00000000	      0.00000000	      0.00000000	      0.00000000
      1.86350000	      0.00000000	      0.00000000	      0.00000000	    -23.75406572	     -8.08827421	      0.00000000	      0.00000000	      0.00000000	      0.00000000	     -0.00000000	      0.00000000	      0.00000000	    -16.69924838	    -30.48127224	      0.00000000	      0.00000000	      0.00000000	     -2.90603742	      0.00000000	      0.00000000	      0.00000000	      0.00000000	      0.00000000	      0.00000000	      0.00000000	      0.00000000	     -2.50844208	      0.00000000	      0.00000000	      0.00000000	     38.29300638	     -2.00618202	    -37.00343097	    -11.06877154	      0.00000000	      1.57328198	     -0.00000000	      0.00000000	      0.00000000	     27.96791611	     85.19705733	     44.97495881	      0.00000000	      0.00000000	      0.00000000	      0.00000000	      0.00000000	      0.00000000	      0.00000000	      0.00000000	      0.00000000	      0.00000000	      0.00000000	      0.00000000	      0.00000000	      0.00000000	      0.00000000	      0.00000000	      0.00000000	      0.00000000	      0.00000000	      0.00000000	      0.00000000	      0.00000000	      0.00000000	      0.00000000	      0.00000000	      0.00000000	      0.00000000	      0.00000000	      0.00000000	      0.00000000	      0.00000000	      0.00000000	      0.00000000	      0.00000000	      0.00000000	      0.00000000	      0.00000000	      0.00000000	      0.00000000	      0.00000000	      0.00000000	      0.00000000
      1.87400000	      0.00000000	      0.00000000	      0.00000000	    -23.66260887	     -8.05506199	      0.00000000	      0.00000000	      0.00000000	      0.00000000	      0.00000000	      0.00000000	      0.00000000	    -16.69629628	    -30.46363267	      0.00000000	      0.00000000	      0.00000000	     -2.86652495	      0.00000000	      0.00000000	      0.00000000	      0.00000000	      0.00000000	      0.00000000	      0.00000000	      0.00000000	     -2.50816357	      0.00000000	      0.00000000	      0.00000000	     38.29151351	     -1.99538940	    -36.80932950	    -10.99894647	      0.00000000	      1.57661376	     -0.00000000	      0.00000000	      0.00000000	     27.99589031	     85.11676360	     45.00741509	      0.00000000	      0.00000000	      0.00000000	      0.00000000	      0.00000000	      0.00000000	      0.00000000	      0.00000000	      0.00000000	      0.00000000	      0.00000000	      0.00000000	      0.00000000	      0.00000000	      0.00000000	      0.00000000	      0.00000000	      0.00000000	      0.00000000	      0.00000000	      0.00000000	      0.00000000	      0.00000000	      0.00000000	      0.00000000	      0.00000000	      0.00000000	      0.00000000	      0.00000000	      0.00000000	      0.00000000	      0.00000000	      0.00000000	      0.00000000	      0.00000000	      0.00000000	      0.00000000	      0.00000000	      0.00000000	      0.00000000	      0.00000000	      0.00000000
      1.88450000	      0.00000000	      0.00000000	      0.00000000	    -23.58550153	     -8.02949345	      0.00000000	      0.00000000	      0.00000000	      0.00000000	     -0.00000000	     -0.00000000	      0.00000000	    -16.69378639	    -30.44969649	      0.00000000	      0.00000000	      0.00000000	     -2.83233095	      0.00000000	      0.00000000	      0.00000000	      0.00000000	     -0.00000000	     -0.00000000	     -0.00000000	      0.00000000	     -2.50791130	      0.00000000	      0.00000000	      0.00000000	     38.28816222	     -1.98709722	    -36.64700288	    -10.93932535	     -0.00000000	      1.57915303	      0.00000000	     -0.00000000	      0.00000000	     28.01759530	     85.05227651	     45.03203299	      0.00000000	      0.00000000	      0.00000000	      0.00000000	      0.00000000	      0.00000000	      0.00000000	      0.00000000	      0.00000000	      0.00000000	      0.00000000	      0.00000000	      0.00000000	      0.00000000	      0.00000000	      0.00000000	      0.00000000	      0.00000000	      0.00000000	      0.00000000	      0.00000000	      0.00000000	      0.00000000	      0.00000000	      0.00000000	      0.00000000	      0.00000000	      0.00000000	      0.00000000	      0.00000000	      0.00000000	      0.00000000	      0.00000000	      0.00000000	      0.00000000	      0.00000000	      0.00000000	      0.00000000	      0.00000000	      0.00000000	      0.00000000	      0.00000000
      1.89500000	      0.00000000	      0.00000000	      0.00000000	    -23.52386170	     -8.01211208	      0.00000000	      0.00000000	      0.00000000	      0.00000000	     -0.00000000	      0.00000000	      0.00000000	    -16.69196402	    -30.44004804	      0.00000000	      0.00000000	      0.00000000	     -2.80374687	      0.00000000	      0.00000000	      0.00000000	      0.00000000	      0.00000000	      0.00000000	      0.00000000	      0.00000000	     -2.50772123	      0.00000000	      0.00000000	      0.00000000	     38.28300514	     -1.98146835	    -36.51898234	    -10.89067034	      0.00000000	      1.58086652	      0.00000000	      0.00000000	      0.00000000	     28.03243495	     85.00712293	     45.04858542	      0.00000000	      0.00000000	      0.00000000	      0.00000000	      0.00000000	      0.00000000	      0.00000000	      0.00000000	      0.00000000	      0.00000000	      0.00000000	      0.00000000	      0.00000000	      0.00000000	      0.00000000	      0.00000000	      0.00000000	      0.00000000	      0.00000000	      0.00000000	      0.00000000	      0.00000000	      0.00000000	      0.00000000	      0.00000000	      0.00000000	      0.00000000	      0.00000000	      0.00000000	      0.00000000	      0.00000000	      0.00000000	      0.00000000	      0.00000000	      0.00000000	      0.00000000	      0.00000000	      0.00000000	      0.00000000	      0.00000000	      0.00000000	      0.00000000
      1.90550000	      0.00000000	      0.00000000	      0.00000000	    -23.47849537	     -8.00328519	     -0.00000000	     -0.00000000	      0.00000000	      0.00000000	     -0.00000000	     -0.00000000	     -0.00000000	    -16.69100291	    -30.43509455	      0.00000000	      0.00000000	      0.00000000	     -2.78103603	      0.00000000	      0.00000000	      0.00000000	      0.00000000	     -0.00000000	     -0.00000000	     -0.00000000	      0.00000000	     -2.50761898	      0.00000000	      0.00000000	      0.00000000	     38.27622109	     -1.97861231	    -36.42702074	    -10.85352846	      0.00000000	      1.58173277	     -0.00000000	      0.00000000	      0.00000000	     28.03999731	     84.98378672	     45.05693455	      0.00000000	      0.00000000	      0.00000000	      0.00000000	      0.00000000	      0.00000000	      0.00000000	      0.00000000	      0.00000000	      0.00000000	      0.00000000	      0.00000000	      0.00000000	      0.00000000	      0.00000000	      0.00000000	      0.00000000	      0.00000000	      0.00000000	      0.00000000	      0.00000000	      0.00000000	      0.00000000	      0.00000000	      0.00000000	      0.00000000	      0.00000000	      0.00000000	      0.00000000	      0.00000000	      0.00000000	      0.00000000	      0.00000000	      0.00000000	      0.00000000	      0.00000000	      0.00000000	      0.00000000	      0.00000000	      0.00000000	      0.00000000	      0.00000000
      1.91600000	      0.00000000	      0.00000000	      0.00000000	    -23.44870001	     -8.00268395	     -0.00000000	     -0.00000000	      0.00000000	      0.00000000	      0.00000000	     -0.00000000	     -0.00000000	    -16.69093657	    -30.43475583	      0.00000000	      0.00000000	      0.00000000	     -2.76385077	      0.00000000	      0.00000000	      0.00000000	      0.00000000	      0.00000000	      0.00000000	     -0.00000000	      0.00000000	     -2.50761188	      0.00000000	      0.00000000	      0.00000000	     38.26812739	     -1.97841783	    -36.36929447	    -10.82725206	     -0.00000000	      1.58179168	     -0.00000000	     -0.00000000	      0.00000000	     28.04051306	     84.98218725	     45.05750186	      0.00000000	      0.00000000	      0.00000000	      0.00000000	      0.00000000	      0.00000000	      0.00000000	      0.00000000	      0.00000000	      0.00000000	      0.00000000	      0.00000000	      0.00000000	      0.00000000	      0.00000000	      0.00000000	      0.00000000	      0.00000000	      0.00000000	      0.00000000	      0.00000000	      0.00000000	      0.00000000	      0.00000000	      0.00000000	      0.00000000	      0.00000000	      0.00000000	      0.00000000	      0.00000000	      0.00000000	      0.00000000	      0.00000000	      0.00000000	      0.00000000	      0.00000000	      0.00000000	      0.00000000	      0.00000000	      0.00000000	      0.00000000	      0.00000000
      1.92650000	      0.00000000	      0.00000000	      0.00000000	    -23.43344169	     -8.00986089	     -0.00000000	      0.00000000	      0.00000000	      0.00000000	      0.00000000	      0.00000000	     -0.00000000	    -16.69172117	    -30.43878814	      0.00000000	      0.00000000	      0.00000000	     -2.75172813	      0.00000000	      0.00000000	      0.00000000	      0.00000000	     -0.00000000	     -0.00000000	      0.00000000	      0.00000000	     -2.50769551	      0.00000000	      0.00000000	      0.00000000	     38.25908199	     -1.98073979	    -36.34343938	    -10.81100545	     -0.00000000	      1.58108770	     -0.00000000	     -0.00000000	      0.00000000	     28.03436196	     85.00119722	     45.05071841	      0.00000000	      0.00000000	      0.00000000	      0.00000000	      0.00000000	      0.00000000	      0.00000000	      0.00000000	      0.00000000	      0.00000000	      0.00000000	      0.00000000	      0.00000000	      0.00000000	      0.00000000	      0.00000000	      0.00000000	      0.00000000	      0.00000000	      0.00000000	      0.00000000	      0.00000000	      0.00000000	      0.00000000	      0.00000000	      0.00000000	      0.00000000	      0.00000000	      0.00000000	      0.00000000	      0.00000000	      0.00000000	      0.00000000	      0.00000000	      0.00000000	      0.00000000	      0.00000000	      0.00000000	      0.00000000	      0.00000000	      0.00000000	      0.00000000
      1.93700000	      0.00000000	      0.00000000	      0.00000000	    -23.43204797	     -8.02426882	      0.00000000	      0.00000000	      0.00000000	      0.00000000	      0.00000000	     -0.00000000	      0.00000000	    -16.69324843	    -30.44681107	      0.00000000	      0.00000000	      0.00000000	     -2.74483030	      0.00000000	      0.00000000	      0.00000000	      0.00000000	     -0.00000000	      0.00000000	     -0.00000000	      0.00000000	     -2.50785574	      0.00000000	      0.00000000	      0.00000000	     38.24960513	     -1.98540456	    -36.34789990	    -10.80447426	      0.00000000	      1.57966916	     -0.00000000	     -0.00000000	      0.00000000	     28.02204871	     85.03881546	     45.03702401	      0.00000000	      0.00000000	      0.00000000	      0.00000000	      0.00000000	      0.00000000	      0.00000000	      0.00000000	      0.00000000	      0.00000000	      0.00000000	      0.00000000	      0.00000000	      0.00000000	      0.00000000	      0.00000000	      0.00000000	      0.00000000	      0.00000000	      0.00000000	      0.00000000	      0.00000000	      0.00000000	      0.00000000	      0.00000000	      0.00000000	      0.00000000	      0.00000000	      0.00000000	      0.00000000	      0.00000000	      0.00000000	      0.00000000	      0.00000000	      0.00000000	      0.00000000	      0.00000000	      0.00000000	      0.00000000	      0.00000000	      0.00000000	      0.00000000
      1.94750000	      0.00000000	      0.00000000	      0.00000000	    -23.44399755	     -8.04531049	     -0.00000000	     -0.00000000	      0.00000000	      0.00000000	      0.00000000	     -0.00000000	     -0.00000000	    -16.69536319	    -30.45835390	      0.00000000	      0.00000000	      0.00000000	     -2.74351193	      0.00000000	      0.00000000	      0.00000000	      0.00000000	     -0.00000000	      0.00000000	      0.00000000	      0.00000000	     -2.50807122	      0.00000000	      0.00000000	      0.00000000	     38.24026776	     -1.99222518	    -36.38130379	    -10.80750753	     -0.00000000	      1.57758483	     -0.00000000	     -0.00000000	      0.00000000	     28.00415084	     85.09244187	     45.01684176	      0.00000000	      0.00000000	      0.00000000	      0.00000000	      0.00000000	      0.00000000	      0.00000000	      0.00000000	      0.00000000	      0.00000000	      0.00000000	      0.00000000	      0.00000000	      0.00000000	      0.00000000	      0.00000000	      0.00000000	      0.00000000	      0.00000000	      0.00000000	      0.00000000	      0.00000000	      0.00000000	      0.00000000	      0.00000000	      0.00000000	      0.00000000	      0.00000000	      0.00000000	      0.00000000	      0.00000000	      0.00000000	      0.00000000	      0.00000000	      0.00000000	      0.00000000	      0.00000000	      0.00000000	      0.00000000	      0.00000000	      0.00000000	      0.00000000
      1.95800000	      0.00000000	      0.00000000	      0.00000000	    -23.46840758	     -8.07218667	     -0.00000000	      0.00000000	      0.00000000	      0.00000000	      0.00000000	     -0.00000000	     -0.00000000	    -16.69786226	    -30.47279366	      0.00000000	      0.00000000	      0.00000000	     -2.74758123	      0.00000000	      0.00000000	      0.00000000	      0.00000000	     -0.00000000	     -0.00000000	     -0.00000000	      0.00000000	     -2.50831415	      0.00000000	      0.00000000	      0.00000000	     38.23164602	     -2.00095117	    -36.44160238	    -10.81963909	     -0.00000000	      1.57490058	     -0.00000000	     -0.00000000	      0.00000000	     27.98143572	     85.15865688	     44.99074803	      0.00000000	      0.00000000	      0.00000000	      0.00000000	      0.00000000	      0.00000000	      0.00000000	      0.00000000	      0.00000000	      0.00000000	      0.00000000	      0.00000000	      0.00000000	      0.00000000	      0.00000000	      0.00000000	      0.00000000	      0.00000000	      0.00000000	      0.00000000	      0.00000000	      0.00000000	      0.00000000	      0.00000000	      0.00000000	      0.00000000	      0.00000000	      0.00000000	      0.00000000	      0.00000000	      0.00000000	      0.00000000	      0.00000000	      0.00000000	      0.00000000	      0.00000000	      0.00000000	      0.00000000	      0.00000000	      0.00000000	      0.00000000	      0.00000000
      1.96850000	      0.00000000	      0.00000000	      0.00000000	    -23.50272498	     -8.10301483	     -0.00000000	     -0.00000000	      0.00000000	      0.00000000	      0.00000000	      0.00000000	      0.00000000	    -16.70044550	    -30.48893154	      0.00000000	      0.00000000	      0.00000000	     -2.75604601	      0.00000000	      0.00000000	      0.00000000	      0.00000000	     -0.00000000	     -0.00000000	     -0.00000000	      0.00000000	     -2.50854770	      0.00000000	      0.00000000	      0.00000000	     38.22435343	     -2.01098000	    -36.52304395	    -10.83925569	     -0.00000000	      1.57179106	     -0.00000000	     -0.00000000	      0.00000000	     27.95557830	     85.23142411	     44.96037868	      0.00000000	      0.00000000	      0.00000000	      0.00000000	      0.00000000	      0.00000000	      0.00000000	      0.00000000	      0.00000000	      0.00000000	      0.00000000	      0.00000000	      0.00000000	      0.00000000	      0.00000000	      0.00000000	      0.00000000	      0.00000000	      0.00000000	      0.00000000	      0.00000000	      0.00000000	      0.00000000	      0.00000000	      0.00000000	      0.00000000	      0.00000000	      0.00000000	      0.00000000	      0.00000000	      0.00000000	      0.00000000	      0.00000000	      0.00000000	      0.00000000	      0.00000000	      0.00000000	      0.00000000	      0.00000000	      0.00000000	      0.00000000	      0.00000000
      1.97900000	      0.00000000	      0.00000000	      0.00000000	    -23.53814880	     -8.13119960	      0.00000000	     -0.00000000	      0.00000000	      0.00000000	     -0.00000000	      0.00000000	      0.00000000	    -16.70253802	    -30.50328222	      0.00000000	      0.00000000	      0.00000000	     -2.76579491	      0.00000000	      0.00000000	      0.00000000	      0.00000000	      0.00000000	     -0.00000000	      0.00000000	      0.00000000	     -2.50871851	      0.00000000	      0.00000000	      0.00000000	     38.21944619	     -2.02016762	    -36.60417185	    -10.86034356	      0.00000000	      1.56891938	      0.00000000	      0.00000000	      0.00000000	     27.93211728	     85.29493359	     44.93219594	      0.00000000	      0.00000000	      0.00000000	      0.00000000	      0.00000000	      0.00000000	      0.00000000	      0.00000000	      0.00000000	      0.00000000	      0.00000000	      0.00000000	      0.00000000	      0.00000000	      0.00000000	      0.00000000	      0.00000000	      0.00000000	      0.00000000	      0.00000000	      0.00000000	      0.00000000	      0.00000000	      0.00000000	      0.00000000	      0.00000000	      0.00000000	      0.00000000	      0.00000000	      0.00000000	      0.00000000	      0.00000000	      0.00000000	      0.00000000	      0.00000000	      0.00000000	      0.00000000	      0.00000000	      0.00000000	      0.00000000	      0.00000000	      0.00000000
      1.98950000	      0.00000000	      0.00000000	      0.00000000	    -23.56647576	     -8.15035371	      0.00000000	     -0.00000000	      0.00000000	      0.00000000	      0.00000000	      0.00000000	     -0.00000000	    -16.70381110	    -30.51281188	      0.00000000	      0.00000000	      0.00000000	     -2.77386589	      0.00000000	      0.00000000	      0.00000000	      0.00000000	     -0.00000000	     -0.00000000	     -0.00000000	      0.00000000	     -2.50881104	      0.00000000	      0.00000000	      0.00000000	     38.21747921	     -2.02642177	    -36.66495386	    -10.87737141	      0.00000000	      1.56695202	     -0.00000000	     -0.00000000	      0.00000000	     27.91626707	     85.33642490	     44.91281011	      0.00000000	      0.00000000	      0.00000000	      0.00000000	      0.00000000	      0.00000000	      0.00000000	      0.00000000	      0.00000000	      0.00000000	      0.00000000	      0.00000000	      0.00000000	      0.00000000	      0.00000000	      0.00000000	      0.00000000	      0.00000000	      0.00000000	      0.00000000	      0.00000000	      0.00000000	      0.00000000	      0.00000000	      0.00000000	      0.00000000	      0.00000000	      0.00000000	      0.00000000	      0.00000000	      0.00000000	      0.00000000	      0.00000000	      0.00000000	      0.00000000	      0.00000000	      0.00000000	      0.00000000	      0.00000000	      0.00000000	      0.00000000	      0.00000000
      2.00000000	      0.00000000	      0.00000000	      0.00000000	    -23.58653665	     -8.15902607	     -0.00000000	     -0.00000000	      0.00000000	      0.00000000	     -0.00000000	     -0.00000000	      0.00000000	    -16.70434744	    -30.51706669	      0.00000000	      0.00000000	      0.00000000	     -2.77986841	      0.00000000	      0.00000000	      0.00000000	      0.00000000	      0.00000000	     -0.00000000	      0.00000000	      0.00000000	     -2.50884661	      0.00000000	      0.00000000	      0.00000000	     38.21835593	     -2.02925623	    -36.70393337	    -10.89026824	      0.00000000	      1.56605704	     -0.00000000	      0.00000000	      0.00000000	     27.90911456	     85.35476153	     44.90396941	      0.00000000	      0.00000000	      0.00000000	      0.00000000	      0.00000000	      0.00000000	      0.00000000	      0.00000000	      0.00000000	      0.00000000	      0.00000000	      0.00000000	      0.00000000	      0.00000000	      0.00000000	      0.00000000	      0.00000000	      0.00000000	      0.00000000	      0.00000000	      0.00000000	      0.00000000	      0.00000000	      0.00000000	      0.00000000	      0.00000000	      0.00000000	      0.00000000	      0.00000000	      0.00000000	      0.00000000	      0.00000000	      0.00000000	      0.00000000	      0.00000000	      0.00000000	      0.00000000	      0.00000000	      0.00000000	      0.00000000	      0.00000000	      0.00000000
