Moment_hip_rotation_l
version=1
nRows=100
nColumns=85
inDegrees=no

This analysis gathers basic information about muscles during a simulation (e.g., forces, tendon lengths, moment arms, etc).
Units are S.I. units (second, meters, Newtons, ...)
If the header above contains a line with 'inDegrees', this indicates whether rotational values are in degrees (yes) or radians (no).

endheader
time	addbrev_r	addlong_r	addmagMid_r	bflh_r	bfsh_r	edl_r	ehl_r	ercspn_r	extobl_r	fdb_r	fdl_r	fhl_r	gaslat_r	gasmed_r	glmax2_r	glmed2_r	glmin2_r	grac_r	iliacus_r	intobl_r	obtext_r	pect_r	perbrev_r	perlong_r	pertert_r	piri_r	popli_r	psoas_r	quadfem_r	recabd_r	recfem_r	sart_r	semimem_r	semiten_r	soleus_r	tfl_r	tibant_r	tibpost_r	tricox_r	vasint_r	vaslat_r	vasmed_r	addbrev_l	addlong_l	addmagMid_l	bflh_l	bfsh_l	edl_l	ehl_l	ercspn_l	extobl_l	fdb_l	fdl_l	fhl_l	gaslat_l	gasmed_l	glmax2_l	glmed2_l	glmin2_l	grac_l	iliacus_l	intobl_l	obtext_l	pect_l	perbrev_l	perlong_l	pertert_l	piri_l	popli_l	psoas_l	quadfem_l	recabd_l	recfem_l	sart_l	semimem_l	semiten_l	soleus_l	tfl_l	tibant_l	tibpost_l	tricox_l	vasint_l	vaslat_l	vasmed_l
      0.96050000	      0.00000000	      0.00000000	      0.00000000	      0.00000000	      0.00000000	      0.00000000	      0.00000000	      0.00000000	      0.00000000	      0.00000000	      0.00000000	      0.00000000	      0.00000000	      0.00000000	      0.00000000	      0.00000000	      0.00000000	      0.00000000	      0.00000000	      0.00000000	      0.00000000	      0.00000000	      0.00000000	      0.00000000	      0.00000000	      0.00000000	      0.00000000	      0.00000000	      0.00000000	      0.00000000	      0.00000000	      0.00000000	      0.00000000	      0.00000000	      0.00000000	      0.00000000	      0.00000000	      0.00000000	      0.00000000	      0.00000000	      0.00000000	      0.00000000	      0.88268111	      2.40402255	     -4.43337190	     -3.12919760	      0.00000000	     -0.00000000	     -0.00000000	      0.00000000	      0.00000000	     -0.00000000	     -0.00000000	     -0.00000000	      0.00000000	     -0.00000000	    -15.87578988	      5.98511261	      8.59786255	     -0.25005841	      3.40105609	      0.00000000	     -1.71519603	     -0.17768561	      0.00000000	     -0.00000000	     -0.00000000	     -4.79497733	      0.00000000	      0.96635209	     -6.56460621	      0.00000000	     -1.26770345	     -0.74834257	      2.10407718	      0.59998045	     -0.00000000	      3.26496535	      0.00000000	     -0.00000000	     -7.60813293	     -0.00000000	     -0.00000000	      0.00000000
      0.97100000	      0.00000000	      0.00000000	      0.00000000	      0.00000000	      0.00000000	      0.00000000	      0.00000000	      0.00000000	      0.00000000	      0.00000000	      0.00000000	      0.00000000	      0.00000000	      0.00000000	      0.00000000	      0.00000000	      0.00000000	      0.00000000	      0.00000000	      0.00000000	      0.00000000	      0.00000000	      0.00000000	      0.00000000	      0.00000000	      0.00000000	      0.00000000	      0.00000000	      0.00000000	      0.00000000	      0.00000000	      0.00000000	      0.00000000	      0.00000000	      0.00000000	      0.00000000	      0.00000000	      0.00000000	      0.00000000	      0.00000000	      0.00000000	      0.00000000	      0.89357523	      2.40815906	     -4.38659065	     -3.12854432	      0.00000000	     -0.00000000	      0.00000000	      0.00000000	      0.00000000	      0.00000000	      0.00000000	      0.00000000	      0.00000000	      0.00000000	    -16.01187077	      5.74916972	      8.49751167	     -0.25447642	      3.39225363	      0.00000000	     -1.71391557	     -0.17651250	     -0.00000000	      0.00000000	      0.00000000	     -4.86706068	      0.00000000	      0.97890169	     -6.57789720	      0.00000000	     -1.25993643	     -0.74521624	      2.10525783	      0.59946373	      0.00000000	      3.23865497	     -0.00000000	      0.00000000	     -7.62974154	      0.00000000	     -0.00000000	     -0.00000000
      0.98150000	      0.00000000	      0.00000000	      0.00000000	      0.00000000	      0.00000000	      0.00000000	      0.00000000	      0.00000000	      0.00000000	      0.00000000	      0.00000000	      0.00000000	      0.00000000	      0.00000000	      0.00000000	      0.00000000	      0.00000000	      0.00000000	      0.00000000	      0.00000000	      0.00000000	      0.00000000	      0.00000000	      0.00000000	      0.00000000	      0.00000000	      0.00000000	      0.00000000	      0.00000000	      0.00000000	      0.00000000	      0.00000000	      0.00000000	      0.00000000	      0.00000000	      0.00000000	      0.00000000	      0.00000000	      0.00000000	      0.00000000	      0.00000000	      0.00000000	      0.91204052	      2.41474060	     -4.31432864	     -3.12916422	     -0.00000000	     -0.00000000	     -0.00000000	      0.00000000	      0.00000000	     -0.00000000	     -0.00000000	     -0.00000000	     -0.00000000	     -0.00000000	    -16.24545180	      5.40382649	      8.34855701	     -0.26093216	      3.38054716	      0.00000000	     -1.71157787	     -0.17402429	      0.00000000	      0.00000000	     -0.00000000	     -4.97361609	     -0.00000000	      1.00408423	     -6.59701481	      0.00000000	     -1.25053846	     -0.74053117	      2.10384853	      0.59766693	     -0.00000000	      3.19996528	     -0.00000000	     -0.00000000	     -7.65874656	     -0.00000000	      0.00000000	     -0.00000000
      0.99200000	      0.00000000	      0.00000000	      0.00000000	      0.00000000	      0.00000000	      0.00000000	      0.00000000	      0.00000000	      0.00000000	      0.00000000	      0.00000000	      0.00000000	      0.00000000	      0.00000000	      0.00000000	      0.00000000	      0.00000000	      0.00000000	      0.00000000	      0.00000000	      0.00000000	      0.00000000	      0.00000000	      0.00000000	      0.00000000	      0.00000000	      0.00000000	      0.00000000	      0.00000000	      0.00000000	      0.00000000	      0.00000000	      0.00000000	      0.00000000	      0.00000000	      0.00000000	      0.00000000	      0.00000000	      0.00000000	      0.00000000	      0.00000000	      0.00000000	      0.93792279	      2.42372385	     -4.21455533	     -3.13144117	      0.00000000	      0.00000000	      0.00000000	      0.00000000	      0.00000000	      0.00000000	      0.00000000	      0.00000000	      0.00000000	      0.00000000	    -16.56636918	      4.96802504	      8.15721512	     -0.26930946	      3.36635340	      0.00000000	     -1.70792878	     -0.17009770	     -0.00000000	      0.00000000	     -0.00000000	     -5.11148950	      0.00000000	      1.03891369	     -6.62072828	      0.00000000	     -1.24183559	     -0.73434249	      2.09849098	      0.59413406	      0.00000000	      3.14893454	      0.00000000	      0.00000000	     -7.69348504	     -0.00000000	      0.00000000	      0.00000000
      1.00250000	      0.00000000	      0.00000000	      0.00000000	      0.00000000	      0.00000000	      0.00000000	      0.00000000	      0.00000000	      0.00000000	      0.00000000	      0.00000000	      0.00000000	      0.00000000	      0.00000000	      0.00000000	      0.00000000	      0.00000000	      0.00000000	      0.00000000	      0.00000000	      0.00000000	      0.00000000	      0.00000000	      0.00000000	      0.00000000	      0.00000000	      0.00000000	      0.00000000	      0.00000000	      0.00000000	      0.00000000	      0.00000000	      0.00000000	      0.00000000	      0.00000000	      0.00000000	      0.00000000	      0.00000000	      0.00000000	      0.00000000	      0.00000000	      0.00000000	      0.97063997	      2.43481496	     -4.08852270	     -3.13537381	     -0.00000000	      0.00000000	      0.00000000	      0.00000000	      0.00000000	      0.00000000	      0.00000000	     -0.00000000	      0.00000000	      0.00000000	    -16.96413921	      4.46579726	      7.93257976	     -0.27902749	      3.35047139	      0.00000000	     -1.70283308	     -0.16468186	     -0.00000000	      0.00000000	     -0.00000000	     -5.27441949	      0.00000000	      1.08149058	     -6.64733614	      0.00000000	     -1.23557939	     -0.72685993	      2.08836592	      0.58872665	      0.00000000	      3.08728824	      0.00000000	      0.00000000	     -7.73133836	      0.00000000	      0.00000000	     -0.00000000
      1.01300000	      0.00000000	      0.00000000	      0.00000000	      0.00000000	      0.00000000	      0.00000000	      0.00000000	      0.00000000	      0.00000000	      0.00000000	      0.00000000	      0.00000000	      0.00000000	      0.00000000	      0.00000000	      0.00000000	      0.00000000	      0.00000000	      0.00000000	      0.00000000	      0.00000000	      0.00000000	      0.00000000	      0.00000000	      0.00000000	      0.00000000	      0.00000000	      0.00000000	      0.00000000	      0.00000000	      0.00000000	      0.00000000	      0.00000000	      0.00000000	      0.00000000	      0.00000000	      0.00000000	      0.00000000	      0.00000000	      0.00000000	      0.00000000	      0.00000000	      1.00735359	      2.44712868	     -3.94103413	     -3.13677006	     -0.00000000	     -0.00000000	      0.00000000	      0.00000000	      0.00000000	     -0.00000000	     -0.00000000	     -0.00000000	      0.00000000	     -0.00000000	    -17.41636694	      3.86925782	      7.66789994	     -0.28940431	      3.33082774	      0.00000000	     -1.69672572	     -0.15882988	     -0.00000000	      0.00000000	     -0.00000000	     -5.46363901	     -0.00000000	      1.12727109	     -6.67737499	      0.00000000	     -1.22590100	     -0.71807749	      2.07954580	      0.58374819	      0.00000000	      3.01590175	     -0.00000000	      0.00000000	     -7.77543910	     -0.00000000	     -0.00000000	     -0.00000000
      1.02350000	      0.00000000	      0.00000000	      0.00000000	      0.00000000	      0.00000000	      0.00000000	      0.00000000	      0.00000000	      0.00000000	      0.00000000	      0.00000000	      0.00000000	      0.00000000	      0.00000000	      0.00000000	      0.00000000	      0.00000000	      0.00000000	      0.00000000	      0.00000000	      0.00000000	      0.00000000	      0.00000000	      0.00000000	      0.00000000	      0.00000000	      0.00000000	      0.00000000	      0.00000000	      0.00000000	      0.00000000	      0.00000000	      0.00000000	      0.00000000	      0.00000000	      0.00000000	      0.00000000	      0.00000000	      0.00000000	      0.00000000	      0.00000000	      0.00000000	      1.04596666	      2.46006126	     -3.77385202	     -3.13342583	      0.00000000	      0.00000000	      0.00000000	      0.00000000	      0.00000000	      0.00000000	      0.00000000	      0.00000000	     -0.00000000	     -0.00000000	    -17.90195318	      3.16732617	      7.36104825	     -0.30042566	      3.30615776	      0.00000000	     -1.68974846	     -0.15322761	      0.00000000	     -0.00000000	     -0.00000000	     -5.67919483	      0.00000000	      1.17154624	     -6.71066262	      0.00000000	     -1.21002483	     -0.70798000	      2.07499207	      0.58020825	      0.00000000	      2.93500605	     -0.00000000	     -0.00000000	     -7.82724002	     -0.00000000	     -0.00000000	     -0.00000000
      1.03400000	      0.00000000	      0.00000000	      0.00000000	      0.00000000	      0.00000000	      0.00000000	      0.00000000	      0.00000000	      0.00000000	      0.00000000	      0.00000000	      0.00000000	      0.00000000	      0.00000000	      0.00000000	      0.00000000	      0.00000000	      0.00000000	      0.00000000	      0.00000000	      0.00000000	      0.00000000	      0.00000000	      0.00000000	      0.00000000	      0.00000000	      0.00000000	      0.00000000	      0.00000000	      0.00000000	      0.00000000	      0.00000000	      0.00000000	      0.00000000	      0.00000000	      0.00000000	      0.00000000	      0.00000000	      0.00000000	      0.00000000	      0.00000000	      0.00000000	      1.08703570	      2.47364853	     -3.58697175	     -3.12932248	     -0.00000000	     -0.00000000	     -0.00000000	      0.00000000	      0.00000000	     -0.00000000	     -0.00000000	     -0.00000000	     -0.00000000	     -0.00000000	    -18.41227800	      2.43110084	      7.03621959	     -0.31204400	      3.27965568	      0.00000000	     -1.68143342	     -0.14707874	      0.00000000	     -0.00000000	     -0.00000000	     -5.90766518	      0.00000000	      1.21374773	     -6.74352387	      0.00000000	     -1.19600956	     -0.69702287	      2.06795076	      0.57570499	     -0.00000000	      2.84729043	      0.00000000	     -0.00000000	     -7.87954500	      0.00000000	      0.00000000	     -0.00000000
      1.04450000	      0.00000000	      0.00000000	      0.00000000	      0.00000000	      0.00000000	      0.00000000	      0.00000000	      0.00000000	      0.00000000	      0.00000000	      0.00000000	      0.00000000	      0.00000000	      0.00000000	      0.00000000	      0.00000000	      0.00000000	      0.00000000	      0.00000000	      0.00000000	      0.00000000	      0.00000000	      0.00000000	      0.00000000	      0.00000000	      0.00000000	      0.00000000	      0.00000000	      0.00000000	      0.00000000	      0.00000000	      0.00000000	      0.00000000	      0.00000000	      0.00000000	      0.00000000	      0.00000000	      0.00000000	      0.00000000	      0.00000000	      0.00000000	      0.00000000	      1.13136242	      2.48795921	     -3.38184610	     -3.12815755	     -0.00000000	      0.00000000	      0.00000000	      0.00000000	      0.00000000	      0.00000000	      0.00000000	      0.00000000	      0.00000000	      0.00000000	    -18.94598104	      1.72414028	      6.71501947	     -0.32387561	      3.25440599	      0.00000000	     -1.67150048	     -0.13958579	     -0.00000000	      0.00000000	      0.00000000	     -6.13670727	     -0.00000000	      1.25523829	     -6.77288575	      0.00000000	     -1.19090248	     -0.68567384	      2.05252589	      0.56824853	      0.00000000	      2.75564945	      0.00000000	      0.00000000	     -7.92597489	      0.00000000	     -0.00000000	      0.00000000
      1.05500000	      0.00000000	      0.00000000	      0.00000000	      0.00000000	      0.00000000	      0.00000000	      0.00000000	      0.00000000	      0.00000000	      0.00000000	      0.00000000	      0.00000000	      0.00000000	      0.00000000	      0.00000000	      0.00000000	      0.00000000	      0.00000000	      0.00000000	      0.00000000	      0.00000000	      0.00000000	      0.00000000	      0.00000000	      0.00000000	      0.00000000	      0.00000000	      0.00000000	      0.00000000	      0.00000000	      0.00000000	      0.00000000	      0.00000000	      0.00000000	      0.00000000	      0.00000000	      0.00000000	      0.00000000	      0.00000000	      0.00000000	      0.00000000	      0.00000000	      1.17951420	      2.50313277	     -3.15324723	     -3.12849468	     -0.00000000	     -0.00000000	      0.00000000	      0.00000000	      0.00000000	     -0.00000000	     -0.00000000	      0.00000000	     -0.00000000	     -0.00000000	    -19.51755533	      1.00987718	      6.38296186	     -0.33607930	      3.22880523	      0.00000000	     -1.65977477	     -0.13084601	      0.00000000	     -0.00000000	     -0.00000000	     -6.37496515	     -0.00000000	      1.29680815	     -6.79984527	      0.00000000	     -1.19232870	     -0.67353009	      2.03020531	      0.55835603	     -0.00000000	      2.65721887	      0.00000000	     -0.00000000	     -7.96917409	     -0.00000000	     -0.00000000	     -0.00000000
      1.06550000	      0.00000000	      0.00000000	      0.00000000	      0.00000000	      0.00000000	      0.00000000	      0.00000000	      0.00000000	      0.00000000	      0.00000000	      0.00000000	      0.00000000	      0.00000000	      0.00000000	      0.00000000	      0.00000000	      0.00000000	      0.00000000	      0.00000000	      0.00000000	      0.00000000	      0.00000000	      0.00000000	      0.00000000	      0.00000000	      0.00000000	      0.00000000	      0.00000000	      0.00000000	      0.00000000	      0.00000000	      0.00000000	      0.00000000	      0.00000000	      0.00000000	      0.00000000	      0.00000000	      0.00000000	      0.00000000	      0.00000000	      0.00000000	      0.00000000	      1.23077536	      2.51893359	     -2.89781500	     -3.12737602	     -0.00000000	     -0.00000000	      0.00000000	      0.00000000	      0.00000000	      0.00000000	      0.00000000	      0.00000000	     -0.00000000	     -0.00000000	    -20.13090375	      0.24216704	      6.02355731	     -0.34876120	      3.20051579	      0.00000000	     -1.64620013	     -0.12139964	     -0.00000000	     -0.00000000	     -0.00000000	     -6.63129931	      0.00000000	      1.33725477	     -6.82550025	      0.00000000	     -1.19582142	     -0.66018147	      2.00456019	      0.54727669	      0.00000000	      2.54949005	     -0.00000000	      0.00000000	     -8.01267949	     -0.00000000	     -0.00000000	     -0.00000000
      1.07600000	      0.00000000	      0.00000000	      0.00000000	      0.00000000	      0.00000000	      0.00000000	      0.00000000	      0.00000000	      0.00000000	      0.00000000	      0.00000000	      0.00000000	      0.00000000	      0.00000000	      0.00000000	      0.00000000	      0.00000000	      0.00000000	      0.00000000	      0.00000000	      0.00000000	      0.00000000	      0.00000000	      0.00000000	      0.00000000	      0.00000000	      0.00000000	      0.00000000	      0.00000000	      0.00000000	      0.00000000	      0.00000000	      0.00000000	      0.00000000	      0.00000000	      0.00000000	      0.00000000	      0.00000000	      0.00000000	      0.00000000	      0.00000000	      0.00000000	      1.28156298	      2.53422379	     -2.62989374	     -3.12392900	     -0.00000000	     -0.00000000	      0.00000000	      0.00000000	      0.00000000	     -0.00000000	     -0.00000000	      0.00000000	      0.00000000	      0.00000000	    -20.74847564	     -0.54356130	      5.65454232	     -0.36112142	      3.17061154	      0.00000000	     -1.63152323	     -0.11200547	     -0.00000000	     -0.00000000	      0.00000000	     -6.89216569	      0.00000000	      1.37343093	     -6.84808871	      0.00000000	     -1.20026349	     -0.64632013	      1.97793205	      0.53597274	     -0.00000000	      2.43827474	      0.00000000	      0.00000000	     -8.05437656	     -0.00000000	     -0.00000000	     -0.00000000
      1.08650000	      0.00000000	      0.00000000	      0.00000000	      0.00000000	      0.00000000	      0.00000000	      0.00000000	      0.00000000	      0.00000000	      0.00000000	      0.00000000	      0.00000000	      0.00000000	      0.00000000	      0.00000000	      0.00000000	      0.00000000	      0.00000000	      0.00000000	      0.00000000	      0.00000000	      0.00000000	      0.00000000	      0.00000000	      0.00000000	      0.00000000	      0.00000000	      0.00000000	      0.00000000	      0.00000000	      0.00000000	      0.00000000	      0.00000000	      0.00000000	      0.00000000	      0.00000000	      0.00000000	      0.00000000	      0.00000000	      0.00000000	      0.00000000	      0.00000000	      1.33021040	      2.54849136	     -2.35941116	     -3.11927459	     -0.00000000	     -0.00000000	     -0.00000000	      0.00000000	      0.00000000	     -0.00000000	     -0.00000000	     -0.00000000	     -0.00000000	     -0.00000000	    -21.34811431	     -1.30546227	      5.29348667	     -0.37266820	      3.14082707	      0.00000000	     -1.61625142	     -0.10282401	     -0.00000000	      0.00000000	     -0.00000000	     -7.14614528	      0.00000000	      1.40444934	     -6.86618056	      0.00000000	     -1.20742629	     -0.63252689	      1.94980506	      0.52434471	     -0.00000000	      2.32780569	     -0.00000000	     -0.00000000	     -8.09159879	      0.00000000	     -0.00000000	      0.00000000
      1.09700000	      0.00000000	      0.00000000	      0.00000000	      0.00000000	      0.00000000	      0.00000000	      0.00000000	      0.00000000	      0.00000000	      0.00000000	      0.00000000	      0.00000000	      0.00000000	      0.00000000	      0.00000000	      0.00000000	      0.00000000	      0.00000000	      0.00000000	      0.00000000	      0.00000000	      0.00000000	      0.00000000	      0.00000000	      0.00000000	      0.00000000	      0.00000000	      0.00000000	      0.00000000	      0.00000000	      0.00000000	      0.00000000	      0.00000000	      0.00000000	      0.00000000	      0.00000000	      0.00000000	      0.00000000	      0.00000000	      0.00000000	      0.00000000	      0.00000000	      1.37899891	      2.56234800	     -2.07752159	     -3.11484755	      0.00000000	      0.00000000	      0.00000000	      0.00000000	      0.00000000	     -0.00000000	     -0.00000000	      0.00000000	     -0.00000000	     -0.00000000	    -21.95587530	     -2.05440555	      4.93267997	     -0.38392535	      3.11104666	      0.00000000	     -1.59983987	     -0.09322324	      0.00000000	     -0.00000000	      0.00000000	     -7.39940485	     -0.00000000	      1.43296171	     -6.87978952	      0.00000000	     -1.21960951	     -0.61843509	      1.91719125	      0.51124185	     -0.00000000	      2.21480161	     -0.00000000	     -0.00000000	     -8.12411064	      0.00000000	      0.00000000	     -0.00000000
      1.10750000	      0.00000000	      0.00000000	      0.00000000	      0.00000000	      0.00000000	      0.00000000	      0.00000000	      0.00000000	      0.00000000	      0.00000000	      0.00000000	      0.00000000	      0.00000000	      0.00000000	      0.00000000	      0.00000000	      0.00000000	      0.00000000	      0.00000000	      0.00000000	      0.00000000	      0.00000000	      0.00000000	      0.00000000	      0.00000000	      0.00000000	      0.00000000	      0.00000000	      0.00000000	      0.00000000	      0.00000000	      0.00000000	      0.00000000	      0.00000000	      0.00000000	      0.00000000	      0.00000000	      0.00000000	      0.00000000	      0.00000000	      0.00000000	      0.00000000	      1.42926779	      2.57608874	     -1.77749548	     -3.11088970	     -0.00000000	      0.00000000	      0.00000000	      0.00000000	      0.00000000	      0.00000000	     -0.00000000	     -0.00000000	     -0.00000000	     -0.00000000	    -22.59113813	     -2.80696974	      4.56353244	     -0.39521881	      3.08071375	      0.00000000	     -1.58186995	     -0.08288331	      0.00000000	      0.00000000	     -0.00000000	     -7.65749315	     -0.00000000	      1.46055895	     -6.88881755	      0.00000000	     -1.23747622	     -0.60371078	      1.87877727	      0.49614956	     -0.00000000	      2.09662454	     -0.00000000	     -0.00000000	     -8.15212979	      0.00000000	     -0.00000000	     -0.00000000
      1.11800000	      0.00000000	      0.00000000	      0.00000000	      0.00000000	      0.00000000	      0.00000000	      0.00000000	      0.00000000	      0.00000000	      0.00000000	      0.00000000	      0.00000000	      0.00000000	      0.00000000	      0.00000000	      0.00000000	      0.00000000	      0.00000000	      0.00000000	      0.00000000	      0.00000000	      0.00000000	      0.00000000	      0.00000000	      0.00000000	      0.00000000	      0.00000000	      0.00000000	      0.00000000	      0.00000000	      0.00000000	      0.00000000	      0.00000000	      0.00000000	      0.00000000	      0.00000000	      0.00000000	      0.00000000	      0.00000000	      0.00000000	      0.00000000	      0.00000000	      1.47947797	      2.58922655	     -1.46669538	     -3.10638569	     -0.00000000	     -0.00000000	     -0.00000000	      0.00000000	      0.00000000	     -0.00000000	     -0.00000000	     -0.00000000	     -0.00000000	     -0.00000000	    -23.24085879	     -3.55706865	      4.19081282	     -0.40610020	      3.05000359	      0.00000000	     -1.56279120	     -0.07222075	     -0.00000000	      0.00000000	     -0.00000000	     -7.91575559	      0.00000000	      1.48670269	     -6.89303361	      0.00000000	     -1.25929639	     -0.58862527	      1.83678138	      0.47995419	     -0.00000000	      1.97581356	      0.00000000	     -0.00000000	     -8.17558572	     -0.00000000	      0.00000000	     -0.00000000
      1.12850000	      0.00000000	      0.00000000	      0.00000000	      0.00000000	      0.00000000	      0.00000000	      0.00000000	      0.00000000	      0.00000000	      0.00000000	      0.00000000	      0.00000000	      0.00000000	      0.00000000	      0.00000000	      0.00000000	      0.00000000	      0.00000000	      0.00000000	      0.00000000	      0.00000000	      0.00000000	      0.00000000	      0.00000000	      0.00000000	      0.00000000	      0.00000000	      0.00000000	      0.00000000	      0.00000000	      0.00000000	      0.00000000	      0.00000000	      0.00000000	      0.00000000	      0.00000000	      0.00000000	      0.00000000	      0.00000000	      0.00000000	      0.00000000	      0.00000000	      1.52818300	      2.60135932	     -1.15310971	     -3.10051559	      0.00000000	     -0.00000000	     -0.00000000	      0.00000000	      0.00000000	     -0.00000000	     -0.00000000	      0.00000000	     -0.00000000	     -0.00000000	    -23.89075329	     -4.29638342	      3.82031970	     -0.41615369	      3.01923146	      0.00000000	     -1.54311367	     -0.06163422	      0.00000000	      0.00000000	     -0.00000000	     -8.16925181	      0.00000000	      1.51091990	     -6.89250829	      0.00000000	     -1.28343276	     -0.57348483	      1.79344126	      0.46353895	     -0.00000000	      1.85509411	     -0.00000000	     -0.00000000	     -8.19456409	     -0.00000000	     -0.00000000	     -0.00000000
      1.13900000	      0.00000000	      0.00000000	      0.00000000	      0.00000000	      0.00000000	      0.00000000	      0.00000000	      0.00000000	      0.00000000	      0.00000000	      0.00000000	      0.00000000	      0.00000000	      0.00000000	      0.00000000	      0.00000000	      0.00000000	      0.00000000	      0.00000000	      0.00000000	      0.00000000	      0.00000000	      0.00000000	      0.00000000	      0.00000000	      0.00000000	      0.00000000	      0.00000000	      0.00000000	      0.00000000	      0.00000000	      0.00000000	      0.00000000	      0.00000000	      0.00000000	      0.00000000	      0.00000000	      0.00000000	      0.00000000	      0.00000000	      0.00000000	      0.00000000	      1.57565417	      2.61254710	     -0.83532433	     -3.09309644	     -0.00000000	      0.00000000	      0.00000000	      0.00000000	      0.00000000	     -0.00000000	     -0.00000000	     -0.00000000	     -0.00000000	      0.00000000	    -24.54643977	     -5.03341813	      3.44848142	     -0.42553886	      2.98807575	      0.00000000	     -1.52275793	     -0.05109962	      0.00000000	      0.00000000	     -0.00000000	     -8.41995341	     -0.00000000	      1.53369018	     -6.88732823	      0.00000000	     -1.30957613	     -0.55817783	      1.74884237	      0.44690134	      0.00000000	      1.73369468	      0.00000000	     -0.00000000	     -8.20943373	     -0.00000000	     -0.00000000	     -0.00000000
      1.14950000	      0.00000000	      0.00000000	      0.00000000	      0.00000000	      0.00000000	      0.00000000	      0.00000000	      0.00000000	      0.00000000	      0.00000000	      0.00000000	      0.00000000	      0.00000000	      0.00000000	      0.00000000	      0.00000000	      0.00000000	      0.00000000	      0.00000000	      0.00000000	      0.00000000	      0.00000000	      0.00000000	      0.00000000	      0.00000000	      0.00000000	      0.00000000	      0.00000000	      0.00000000	      0.00000000	      0.00000000	      0.00000000	      0.00000000	      0.00000000	      0.00000000	      0.00000000	      0.00000000	      0.00000000	      0.00000000	      0.00000000	      0.00000000	      0.00000000	      1.62211005	      2.62282051	     -0.51178653	     -3.08369601	     -0.00000000	     -0.00000000	     -0.00000000	      0.00000000	      0.00000000	     -0.00000000	     -0.00000000	     -0.00000000	     -0.00000000	     -0.00000000	    -25.21390059	     -5.77870416	      3.07109437	     -0.43437890	      2.95611622	      0.00000000	     -1.50161646	     -0.04062075	     -0.00000000	      0.00000000	     -0.00000000	     -8.66995485	     -0.00000000	      1.55545029	     -6.87749704	      0.00000000	     -1.33713610	     -0.54257729	      1.70327192	      0.43012122	      0.00000000	      1.61085145	     -0.00000000	      0.00000000	     -8.22055563	      0.00000000	     -0.00000000	      0.00000000
      1.16000000	      0.00000000	      0.00000000	      0.00000000	      0.00000000	      0.00000000	      0.00000000	      0.00000000	      0.00000000	      0.00000000	      0.00000000	      0.00000000	      0.00000000	      0.00000000	      0.00000000	      0.00000000	      0.00000000	      0.00000000	      0.00000000	      0.00000000	      0.00000000	      0.00000000	      0.00000000	      0.00000000	      0.00000000	      0.00000000	      0.00000000	      0.00000000	      0.00000000	      0.00000000	      0.00000000	      0.00000000	      0.00000000	      0.00000000	      0.00000000	      0.00000000	      0.00000000	      0.00000000	      0.00000000	      0.00000000	      0.00000000	      0.00000000	      0.00000000	      1.66670494	      2.63197994	     -0.18795226	     -3.07142928	      0.00000000	     -0.00000000	     -0.00000000	      0.00000000	      0.00000000	     -0.00000000	     -0.00000000	      0.00000000	     -0.00000000	      0.00000000	    -25.88478363	     -6.53054696	      2.69104231	     -0.44237944	      2.92345795	      0.00000000	     -1.48002807	     -0.03048475	      0.00000000	     -0.00000000	     -0.00000000	     -8.91634417	      0.00000000	      1.57614466	     -6.86331960	      0.00000000	     -1.36435729	     -0.52687553	      1.65874655	      0.41398234	     -0.00000000	      1.48851156	     -0.00000000	      0.00000000	     -8.22827672	     -0.00000000	     -0.00000000	      0.00000000
      1.17050000	      0.00000000	      0.00000000	      0.00000000	      0.00000000	      0.00000000	      0.00000000	      0.00000000	      0.00000000	      0.00000000	      0.00000000	      0.00000000	      0.00000000	      0.00000000	      0.00000000	      0.00000000	      0.00000000	      0.00000000	      0.00000000	      0.00000000	      0.00000000	      0.00000000	      0.00000000	      0.00000000	      0.00000000	      0.00000000	      0.00000000	      0.00000000	      0.00000000	      0.00000000	      0.00000000	      0.00000000	      0.00000000	      0.00000000	      0.00000000	      0.00000000	      0.00000000	      0.00000000	      0.00000000	      0.00000000	      0.00000000	      0.00000000	      0.00000000	      1.70895468	      2.63995480	      0.13154039	     -3.05599894	     -0.00000000	      0.00000000	     -0.00000000	      0.00000000	      0.00000000	      0.00000000	     -0.00000000	     -0.00000000	     -0.00000000	     -0.00000000	    -26.55213527	     -7.28313039	      2.31224696	     -0.44935631	      2.89042146	      0.00000000	     -1.45828963	     -0.02084778	      0.00000000	     -0.00000000	     -0.00000000	     -9.15610462	     -0.00000000	      1.59590559	     -6.84514992	      0.00000000	     -1.39023330	     -0.51126879	      1.61653615	      0.39897317	     -0.00000000	      1.36844868	      0.00000000	     -0.00000000	     -8.23274047	     -0.00000000	     -0.00000000	     -0.00000000
      1.18100000	      0.00000000	      0.00000000	      0.00000000	      0.00000000	      0.00000000	      0.00000000	      0.00000000	      0.00000000	      0.00000000	      0.00000000	      0.00000000	      0.00000000	      0.00000000	      0.00000000	      0.00000000	      0.00000000	      0.00000000	      0.00000000	      0.00000000	      0.00000000	      0.00000000	      0.00000000	      0.00000000	      0.00000000	      0.00000000	      0.00000000	      0.00000000	      0.00000000	      0.00000000	      0.00000000	      0.00000000	      0.00000000	      0.00000000	      0.00000000	      0.00000000	      0.00000000	      0.00000000	      0.00000000	      0.00000000	      0.00000000	      0.00000000	      0.00000000	      1.74906595	      2.64683467	      0.44718555	     -3.03748532	     -0.00000000	      0.00000000	     -0.00000000	      0.00000000	      0.00000000	      0.00000000	      0.00000000	      0.00000000	      0.00000000	      0.00000000	    -27.21787467	     -8.03865489	      1.93383480	     -0.45545874	      2.85693932	      0.00000000	     -1.43636944	     -0.01167814	     -0.00000000	     -0.00000000	     -0.00000000	     -9.38979069	     -0.00000000	      1.61491435	     -6.82309148	      0.00000000	     -1.41469026	     -0.49572423	      1.57655439	      0.38502079	     -0.00000000	      1.25043963	      0.00000000	     -0.00000000	     -8.23410289	      0.00000000	      0.00000000	     -0.00000000
      1.19150000	      0.00000000	      0.00000000	      0.00000000	      0.00000000	      0.00000000	      0.00000000	      0.00000000	      0.00000000	      0.00000000	      0.00000000	      0.00000000	      0.00000000	      0.00000000	      0.00000000	      0.00000000	      0.00000000	      0.00000000	      0.00000000	      0.00000000	      0.00000000	      0.00000000	      0.00000000	      0.00000000	      0.00000000	      0.00000000	      0.00000000	      0.00000000	      0.00000000	      0.00000000	      0.00000000	      0.00000000	      0.00000000	      0.00000000	      0.00000000	      0.00000000	      0.00000000	      0.00000000	      0.00000000	      0.00000000	      0.00000000	      0.00000000	      0.00000000	      1.78677580	      2.65261335	      0.75813753	     -3.01559132	     -0.00000000	     -0.00000000	     -0.00000000	      0.00000000	      0.00000000	     -0.00000000	     -0.00000000	     -0.00000000	     -0.00000000	      0.00000000	    -27.87911299	     -8.80131177	      1.55497691	     -0.46080594	      2.82279240	      0.00000000	     -1.41432813	     -0.00311068	     -0.00000000	     -0.00000000	     -0.00000000	     -9.61788939	      0.00000000	      1.63278258	     -6.79740138	      0.00000000	     -1.43691704	     -0.48023727	      1.53937545	      0.37228045	     -0.00000000	      1.13456896	     -0.00000000	     -0.00000000	     -8.23291531	      0.00000000	     -0.00000000	      0.00000000
      1.20200000	      0.00000000	      0.00000000	      0.00000000	      0.00000000	      0.00000000	      0.00000000	      0.00000000	      0.00000000	      0.00000000	      0.00000000	      0.00000000	      0.00000000	      0.00000000	      0.00000000	      0.00000000	      0.00000000	      0.00000000	      0.00000000	      0.00000000	      0.00000000	      0.00000000	      0.00000000	      0.00000000	      0.00000000	      0.00000000	      0.00000000	      0.00000000	      0.00000000	      0.00000000	      0.00000000	      0.00000000	      0.00000000	      0.00000000	      0.00000000	      0.00000000	      0.00000000	      0.00000000	      0.00000000	      0.00000000	      0.00000000	      0.00000000	      0.00000000	      1.82166134	      2.65727295	      1.06186763	     -2.99012072	     -0.00000000	     -0.00000000	     -0.00000000	      0.00000000	      0.00000000	     -0.00000000	     -0.00000000	     -0.00000000	     -0.00000000	     -0.00000000	    -28.52942920	     -9.57053808	      1.17715014	     -0.46542368	      2.78799029	      0.00000000	     -1.39234098	      0.00468663	     -0.00000000	      0.00000000	     -0.00000000	     -9.83957958	     -0.00000000	      1.64909148	     -6.76847540	      0.00000000	     -1.45601679	     -0.46489396	      1.50577078	      0.36099597	      0.00000000	      1.02160098	      0.00000000	     -0.00000000	     -8.22968904	     -0.00000000	     -0.00000000	     -0.00000000
      1.21250000	      0.00000000	      0.00000000	      0.00000000	      0.00000000	      0.00000000	      0.00000000	      0.00000000	      0.00000000	      0.00000000	      0.00000000	      0.00000000	      0.00000000	      0.00000000	      0.00000000	      0.00000000	      0.00000000	      0.00000000	      0.00000000	      0.00000000	      0.00000000	      0.00000000	      0.00000000	      0.00000000	      0.00000000	      0.00000000	      0.00000000	      0.00000000	      0.00000000	      0.00000000	      0.00000000	      0.00000000	      0.00000000	      0.00000000	      0.00000000	      0.00000000	      0.00000000	      0.00000000	      0.00000000	      0.00000000	      0.00000000	      0.00000000	      0.00000000	      1.85355292	      2.66086029	      1.35643450	     -2.96114374	      0.00000000	     -0.00000000	      0.00000000	      0.00000000	      0.00000000	     -0.00000000	     -0.00000000	     -0.00000000	      0.00000000	      0.00000000	    -29.16433983	    -10.34414813	      0.80211809	     -0.46936297	      2.75265386	      0.00000000	     -1.37054370	      0.01163272	     -0.00000000	      0.00000000	      0.00000000	    -10.05399411	      0.00000000	      1.66371817	     -6.73667804	      0.00000000	     -1.47138455	     -0.44977704	      1.47611633	      0.35126656	      0.00000000	      0.91222633	      0.00000000	      0.00000000	     -8.22475239	      0.00000000	      0.00000000	      0.00000000
      1.22300000	      0.00000000	      0.00000000	      0.00000000	      0.00000000	      0.00000000	      0.00000000	      0.00000000	      0.00000000	      0.00000000	      0.00000000	      0.00000000	      0.00000000	      0.00000000	      0.00000000	      0.00000000	      0.00000000	      0.00000000	      0.00000000	      0.00000000	      0.00000000	      0.00000000	      0.00000000	      0.00000000	      0.00000000	      0.00000000	      0.00000000	      0.00000000	      0.00000000	      0.00000000	      0.00000000	      0.00000000	      0.00000000	      0.00000000	      0.00000000	      0.00000000	      0.00000000	      0.00000000	      0.00000000	      0.00000000	      0.00000000	      0.00000000	      0.00000000	      1.88274315	      2.66351015	      1.64159261	     -2.92912007	      0.00000000	     -0.00000000	     -0.00000000	      0.00000000	      0.00000000	     -0.00000000	     -0.00000000	     -0.00000000	      0.00000000	      0.00000000	    -29.78426055	    -11.11893227	      0.43119026	     -0.47275353	      2.71699210	      0.00000000	     -1.34895457	      0.01780759	     -0.00000000	     -0.00000000	      0.00000000	    -10.26058498	      0.00000000	      1.67702153	     -6.70218410	      0.00000000	     -1.48301199	     -0.43492494	      1.45003144	      0.34290990	     -0.00000000	      0.80672021	      0.00000000	     -0.00000000	     -8.21806949	      0.00000000	      0.00000000	      0.00000000
      1.23350000	      0.00000000	      0.00000000	      0.00000000	      0.00000000	      0.00000000	      0.00000000	      0.00000000	      0.00000000	      0.00000000	      0.00000000	      0.00000000	      0.00000000	      0.00000000	      0.00000000	      0.00000000	      0.00000000	      0.00000000	      0.00000000	      0.00000000	      0.00000000	      0.00000000	      0.00000000	      0.00000000	      0.00000000	      0.00000000	      0.00000000	      0.00000000	      0.00000000	      0.00000000	      0.00000000	      0.00000000	      0.00000000	      0.00000000	      0.00000000	      0.00000000	      0.00000000	      0.00000000	      0.00000000	      0.00000000	      0.00000000	      0.00000000	      0.00000000	      1.90954808	      2.66535653	      1.91742419	     -2.89459274	     -0.00000000	      0.00000000	      0.00000000	      0.00000000	      0.00000000	     -0.00000000	     -0.00000000	     -0.00000000	     -0.00000000	     -0.00000000	    -30.38984110	    -11.89155621	      0.06553733	     -0.47575395	      2.68120319	      0.00000000	     -1.32757678	      0.02330571	     -0.00000000	      0.00000000	      0.00000000	    -10.45896989	     -0.00000000	      1.68930570	     -6.66514455	      0.00000000	     -1.49099983	     -0.42036471	      1.42697940	      0.33567939	     -0.00000000	      0.70521560	      0.00000000	     -0.00000000	     -8.20959401	     -0.00000000	     -0.00000000	     -0.00000000
      1.24400000	      0.00000000	      0.00000000	      0.00000000	      0.00000000	      0.00000000	      0.00000000	      0.00000000	      0.00000000	      0.00000000	      0.00000000	      0.00000000	      0.00000000	      0.00000000	      0.00000000	      0.00000000	      0.00000000	      0.00000000	      0.00000000	      0.00000000	      0.00000000	      0.00000000	      0.00000000	      0.00000000	      0.00000000	      0.00000000	      0.00000000	      0.00000000	      0.00000000	      0.00000000	      0.00000000	      0.00000000	      0.00000000	      0.00000000	      0.00000000	      0.00000000	      0.00000000	      0.00000000	      0.00000000	      0.00000000	      0.00000000	      0.00000000	      0.00000000	      1.93342074	      2.66637649	      2.18190037	     -2.85757199	      0.00000000	      0.00000000	     -0.00000000	      0.00000000	      0.00000000	      0.00000000	      0.00000000	     -0.00000000	     -0.00000000	     -0.00000000	    -30.97234928	    -12.66204428	     -0.29382008	     -0.47846574	      2.64520791	      0.00000000	     -1.30658046	      0.02792236	     -0.00000000	     -0.00000000	     -0.00000000	    -10.64933040	     -0.00000000	      1.69965132	     -6.62603622	      0.00000000	     -1.49461715	     -0.40615210	      1.40736791	      0.32965765	     -0.00000000	      0.60800781	      0.00000000	     -0.00000000	     -8.20007589	      0.00000000	      0.00000000	      0.00000000
      1.25450000	      0.00000000	      0.00000000	      0.00000000	      0.00000000	      0.00000000	      0.00000000	      0.00000000	      0.00000000	      0.00000000	      0.00000000	      0.00000000	      0.00000000	      0.00000000	      0.00000000	      0.00000000	      0.00000000	      0.00000000	      0.00000000	      0.00000000	      0.00000000	      0.00000000	      0.00000000	      0.00000000	      0.00000000	      0.00000000	      0.00000000	      0.00000000	      0.00000000	      0.00000000	      0.00000000	      0.00000000	      0.00000000	      0.00000000	      0.00000000	      0.00000000	      0.00000000	      0.00000000	      0.00000000	      0.00000000	      0.00000000	      0.00000000	      0.00000000	      1.95372827	      2.66653775	      2.43266060	     -2.81807301	      0.00000000	      0.00000000	     -0.00000000	      0.00000000	      0.00000000	      0.00000000	      0.00000000	     -0.00000000	      0.00000000	      0.00000000	    -31.52175746	    -13.43067607	     -0.64581261	     -0.48098925	      2.60891800	      0.00000000	     -1.28616030	      0.03141893	      0.00000000	      0.00000000	     -0.00000000	    -10.83197018	      0.00000000	      1.70705725	     -6.58539311	      0.00000000	     -1.49300763	     -0.39234973	      1.39163834	      0.32493460	      0.00000000	      0.51542606	     -0.00000000	     -0.00000000	     -8.19035166	      0.00000000	      0.00000000	      0.00000000
      1.26500000	      0.00000000	      0.00000000	      0.00000000	      0.00000000	      0.00000000	      0.00000000	      0.00000000	      0.00000000	      0.00000000	      0.00000000	      0.00000000	      0.00000000	      0.00000000	      0.00000000	      0.00000000	      0.00000000	      0.00000000	      0.00000000	      0.00000000	      0.00000000	      0.00000000	      0.00000000	      0.00000000	      0.00000000	      0.00000000	      0.00000000	      0.00000000	      0.00000000	      0.00000000	      0.00000000	      0.00000000	      0.00000000	      0.00000000	      0.00000000	      0.00000000	      0.00000000	      0.00000000	      0.00000000	      0.00000000	      0.00000000	      0.00000000	      0.00000000	      1.97022053	      2.66588795	      2.66766899	     -2.77661924	      0.00000000	     -0.00000000	     -0.00000000	      0.00000000	      0.00000000	     -0.00000000	     -0.00000000	     -0.00000000	      0.00000000	      0.00000000	    -32.03081403	    -14.19353402	     -0.98822064	     -0.48348733	      2.57250664	      0.00000000	     -1.26649352	      0.03370039	     -0.00000000	     -0.00000000	      0.00000000	    -11.00645698	     -0.00000000	      1.71113091	     -6.54373788	      0.00000000	     -1.48570575	     -0.37904763	      1.37966464	      0.32138233	      0.00000000	      0.42796343	     -0.00000000	      0.00000000	     -8.18090012	     -0.00000000	      0.00000000	      0.00000000
      1.27550000	      0.00000000	      0.00000000	      0.00000000	      0.00000000	      0.00000000	      0.00000000	      0.00000000	      0.00000000	      0.00000000	      0.00000000	      0.00000000	      0.00000000	      0.00000000	      0.00000000	      0.00000000	      0.00000000	      0.00000000	      0.00000000	      0.00000000	      0.00000000	      0.00000000	      0.00000000	      0.00000000	      0.00000000	      0.00000000	      0.00000000	      0.00000000	      0.00000000	      0.00000000	      0.00000000	      0.00000000	      0.00000000	      0.00000000	      0.00000000	      0.00000000	      0.00000000	      0.00000000	      0.00000000	      0.00000000	      0.00000000	      0.00000000	      0.00000000	      1.98316978	      2.66455234	      2.88681356	     -2.73385699	     -0.00000000	      0.00000000	      0.00000000	      0.00000000	      0.00000000	     -0.00000000	     -0.00000000	      0.00000000	     -0.00000000	      0.00000000	    -32.49875256	    -14.94721995	     -1.31983039	     -0.48613823	      2.53618113	      0.00000000	     -1.24761143	      0.03484348	      0.00000000	     -0.00000000	      0.00000000	    -11.17262152	     -0.00000000	      1.71215223	     -6.50133511	      0.00000000	     -1.47263819	     -0.36628005	      1.37084998	      0.31871965	     -0.00000000	      0.34575115	     -0.00000000	     -0.00000000	     -8.17178252	     -0.00000000	      0.00000000	     -0.00000000
      1.28600000	      0.00000000	      0.00000000	      0.00000000	      0.00000000	      0.00000000	      0.00000000	      0.00000000	      0.00000000	      0.00000000	      0.00000000	      0.00000000	      0.00000000	      0.00000000	      0.00000000	      0.00000000	      0.00000000	      0.00000000	      0.00000000	      0.00000000	      0.00000000	      0.00000000	      0.00000000	      0.00000000	      0.00000000	      0.00000000	      0.00000000	      0.00000000	      0.00000000	      0.00000000	      0.00000000	      0.00000000	      0.00000000	      0.00000000	      0.00000000	      0.00000000	      0.00000000	      0.00000000	      0.00000000	      0.00000000	      0.00000000	      0.00000000	      0.00000000	      1.99484808	      2.66292652	      3.09824613	     -2.69066445	      0.00000000	     -0.00000000	     -0.00000000	      0.00000000	      0.00000000	     -0.00000000	     -0.00000000	     -0.00000000	      0.00000000	      0.00000000	    -32.95263916	    -15.69235626	     -1.64429324	     -0.48916499	      2.75218971	      0.00000000	     -1.22889199	      0.03559372	     -0.00000000	     -0.00000000	      0.00000000	    -11.33151459	     -0.00000000	      1.71285442	     -6.45708318	      0.00000000	     -1.45547004	     -0.35381784	      1.36275763	      0.31607962	      0.00000000	      0.26723033	     -0.00000000	      0.00000000	     -8.16124962	      0.00000000	     -0.00000000	      0.00000000
      1.29650000	      0.00000000	      0.00000000	      0.00000000	      0.00000000	      0.00000000	      0.00000000	      0.00000000	      0.00000000	      0.00000000	      0.00000000	      0.00000000	      0.00000000	      0.00000000	      0.00000000	      0.00000000	      0.00000000	      0.00000000	      0.00000000	      0.00000000	      0.00000000	      0.00000000	      0.00000000	      0.00000000	      0.00000000	      0.00000000	      0.00000000	      0.00000000	      0.00000000	      0.00000000	      0.00000000	      0.00000000	      0.00000000	      0.00000000	      0.00000000	      0.00000000	      0.00000000	      0.00000000	      0.00000000	      0.00000000	      0.00000000	      0.00000000	      0.00000000	      2.00656440	      2.66122887	      3.30719784	     -2.64755672	      0.00000000	      0.00000000	      0.00000000	      0.00000000	      0.00000000	      0.00000000	      0.00000000	      0.00000000	      0.00000000	      0.00000000	    -33.40888761	    -16.43004937	     -1.96419188	     -0.49276790	      2.75457931	      0.00000000	     -1.20993786	      0.03638787	     -0.00000000	     -0.00000000	      0.00000000	    -11.48398282	      0.00000000	      1.71467542	     -6.41022711	      0.00000000	     -1.43515990	     -0.34150398	      1.35385643	      0.31289317	      0.00000000	      0.19129306	      0.00000000	     -0.00000000	     -8.14828172	      0.00000000	     -0.00000000	     -0.00000000
      1.30700000	      0.00000000	      0.00000000	      0.00000000	      0.00000000	      0.00000000	      0.00000000	      0.00000000	      0.00000000	      0.00000000	      0.00000000	      0.00000000	      0.00000000	      0.00000000	      0.00000000	      0.00000000	      0.00000000	      0.00000000	      0.00000000	      0.00000000	      0.00000000	      0.00000000	      0.00000000	      0.00000000	      0.00000000	      0.00000000	      0.00000000	      0.00000000	      0.00000000	      0.00000000	      0.00000000	      0.00000000	      0.00000000	      0.00000000	      0.00000000	      0.00000000	      0.00000000	      0.00000000	      0.00000000	      0.00000000	      0.00000000	      0.00000000	      0.00000000	      2.01488040	      2.65895736	      3.50150393	     -2.60474971	     -0.00000000	     -0.00000000	     -0.00000000	      0.00000000	      0.00000000	      0.00000000	      0.00000000	     -0.00000000	     -0.00000000	      0.00000000	    -33.82087815	    -17.15650534	     -2.27356260	     -0.49727288	      2.75645226	      0.00000000	     -1.19175924	      0.03609734	      0.00000000	      0.00000000	     -0.00000000	    -11.63002331	     -0.00000000	      1.71291353	     -6.36283519	      0.00000000	     -1.40943088	     -0.32966612	      1.34602168	      0.30957084	      0.00000000	      0.11949109	      0.00000000	     -0.00000000	     -8.13597195	     -0.00000000	      0.00000000	     -0.00000000
      1.31750000	      0.00000000	      0.00000000	      0.00000000	      0.00000000	      0.00000000	      0.00000000	      0.00000000	      0.00000000	      0.00000000	      0.00000000	      0.00000000	      0.00000000	      0.00000000	      0.00000000	      0.00000000	      0.00000000	      0.00000000	      0.00000000	      0.00000000	      0.00000000	      0.00000000	      0.00000000	      0.00000000	      0.00000000	      0.00000000	      0.00000000	      0.00000000	      0.00000000	      0.00000000	      0.00000000	      0.00000000	      0.00000000	      0.00000000	      0.00000000	      0.00000000	      0.00000000	      0.00000000	      0.00000000	      0.00000000	      0.00000000	      0.00000000	      0.00000000	      2.01729300	      2.65575849	      3.67163783	     -2.56294903	     -0.00000000	     -0.00000000	     -0.00000000	      0.00000000	      0.00000000	     -0.00000000	     -0.00000000	      0.00000000	     -0.00000000	     -0.00000000	    -34.15193260	    -17.86550557	     -2.56709305	     -0.50297860	      2.75829739	      0.00000000	     -1.17518895	      0.03391679	      0.00000000	      0.00000000	      0.00000000	    -11.76978430	     -0.00000000	      1.70416796	     -6.31670903	      0.00000000	     -1.37742565	     -0.31856878	      1.34014047	      0.30621720	     -0.00000000	      0.05280834	     -0.00000000	      0.00000000	     -8.12661096	     -0.00000000	      0.00000000	     -0.00000000
      1.32800000	      0.00000000	      0.00000000	      0.00000000	      0.00000000	      0.00000000	      0.00000000	      0.00000000	      0.00000000	      0.00000000	      0.00000000	      0.00000000	      0.00000000	      0.00000000	      0.00000000	      0.00000000	      0.00000000	      0.00000000	      0.00000000	      0.00000000	      0.00000000	      0.00000000	      0.00000000	      0.00000000	      0.00000000	      0.00000000	      0.00000000	      0.00000000	      0.00000000	      0.00000000	      0.00000000	      0.00000000	      0.00000000	      0.00000000	      0.00000000	      0.00000000	      0.00000000	      0.00000000	      0.00000000	      0.00000000	      0.00000000	      0.00000000	      0.00000000	      2.01726429	      2.65219700	      3.82864454	     -2.52245438	      0.00000000	     -0.00000000	     -0.00000000	      0.00000000	      0.00000000	     -0.00000000	     -0.00000000	     -0.00000000	     -0.00000000	     -0.00000000	    -34.44372189	    -18.55339676	     -2.84824806	     -0.50948592	      2.75962804	      0.00000000	     -1.15938998	      0.03101547	     -0.00000000	     -0.00000000	      0.00000000	    -11.90294278	      0.00000000	      1.69297855	     -6.27039573	      0.00000000	     -1.34248862	     -0.30796050	      1.33425250	      0.30241395	     -0.00000000	     -0.01024263	     -0.00000000	      0.00000000	     -8.11740342	     -0.00000000	      0.00000000	     -0.00000000
      1.33850000	      0.00000000	      0.00000000	      0.00000000	      0.00000000	      0.00000000	      0.00000000	      0.00000000	      0.00000000	      0.00000000	      0.00000000	      0.00000000	      0.00000000	      0.00000000	      0.00000000	      0.00000000	      0.00000000	      0.00000000	      0.00000000	      0.00000000	      0.00000000	      0.00000000	      0.00000000	      0.00000000	      0.00000000	      0.00000000	      0.00000000	      0.00000000	      0.00000000	      0.00000000	      0.00000000	      0.00000000	      0.00000000	      0.00000000	      0.00000000	      0.00000000	      0.00000000	      0.00000000	      0.00000000	      0.00000000	      0.00000000	      0.00000000	      0.00000000	      2.01823161	      2.64883393	      3.98403898	     -2.48302625	     -0.00000000	      0.00000000	      0.00000000	      0.00000000	      0.00000000	     -0.00000000	     -0.00000000	     -0.00000000	     -0.00000000	     -0.00000000	    -34.74038648	    -19.21882202	     -3.12111992	     -0.51622163	      2.75998740	      0.00000000	     -1.14346944	      0.02854858	     -0.00000000	     -0.00000000	      0.00000000	    -12.02904775	     -0.00000000	      1.68380286	     -6.22231112	      0.00000000	     -1.30756288	     -0.29757688	      1.32697681	      0.29801613	      0.00000000	     -0.07103317	     -0.00000000	      0.00000000	     -8.10561260	      0.00000000	      0.00000000	      0.00000000
      1.34900000	      0.00000000	      0.00000000	      0.00000000	      0.00000000	      0.00000000	      0.00000000	      0.00000000	      0.00000000	      0.00000000	      0.00000000	      0.00000000	      0.00000000	      0.00000000	      0.00000000	      0.00000000	      0.00000000	      0.00000000	      0.00000000	      0.00000000	      0.00000000	      0.00000000	      0.00000000	      0.00000000	      0.00000000	      0.00000000	      0.00000000	      0.00000000	      0.00000000	      0.00000000	      0.00000000	      0.00000000	      0.00000000	      0.00000000	      0.00000000	      0.00000000	      0.00000000	      0.00000000	      0.00000000	      0.00000000	      0.00000000	      0.00000000	      0.00000000	      2.01921644	      2.64542351	      4.13697411	     -2.44427919	      0.00000000	     -0.00000000	     -0.00000000	      0.00000000	      0.00000000	     -0.00000000	     -0.00000000	     -0.00000000	      0.00000000	     -0.00000000	    -35.03396676	    -19.86520647	     -3.38747306	     -0.52287907	      2.75967542	      0.00000000	     -1.12755923	      0.02624193	     -0.00000000	     -0.00000000	     -0.00000000	    -12.15048338	     -0.00000000	      1.67489966	     -6.17252383	      0.00000000	     -1.27433625	     -0.28733836	      1.31850105	      0.29319867	      0.00000000	     -0.13089625	     -0.00000000	      0.00000000	     -8.09178555	      0.00000000	     -0.00000000	      0.00000000
      1.35950000	      0.00000000	      0.00000000	      0.00000000	      0.00000000	      0.00000000	      0.00000000	      0.00000000	      0.00000000	      0.00000000	      0.00000000	      0.00000000	      0.00000000	      0.00000000	      0.00000000	      0.00000000	      0.00000000	      0.00000000	      0.00000000	      0.00000000	      0.00000000	      0.00000000	      0.00000000	      0.00000000	      0.00000000	      0.00000000	      0.00000000	      0.00000000	      0.00000000	      0.00000000	      0.00000000	      0.00000000	      0.00000000	      0.00000000	      0.00000000	      0.00000000	      0.00000000	      0.00000000	      0.00000000	      0.00000000	      0.00000000	      0.00000000	      0.00000000	      2.01822545	      2.64153493	      4.28278633	     -2.40634477	     -0.00000000	      0.00000000	      0.00000000	      0.00000000	      0.00000000	      0.00000000	      0.00000000	      0.00000000	     -0.00000000	      0.00000000	    -35.30278038	    -20.49499607	     -3.64756318	     -0.52944779	      2.75911608	      0.00000000	     -1.11210934	      0.02349042	      0.00000000	      0.00000000	      0.00000000	    -12.26978774	      0.00000000	      1.66330702	     -6.12169404	      0.00000000	     -1.24396481	     -0.27725163	      1.30893046	      0.28795744	     -0.00000000	     -0.19085073	      0.00000000	     -0.00000000	     -8.07720705	      0.00000000	      0.00000000	     -0.00000000
      1.37000000	      0.00000000	      0.00000000	      0.00000000	      0.00000000	      0.00000000	      0.00000000	      0.00000000	      0.00000000	      0.00000000	      0.00000000	      0.00000000	      0.00000000	      0.00000000	      0.00000000	      0.00000000	      0.00000000	      0.00000000	      0.00000000	      0.00000000	      0.00000000	      0.00000000	      0.00000000	      0.00000000	      0.00000000	      0.00000000	      0.00000000	      0.00000000	      0.00000000	      0.00000000	      0.00000000	      0.00000000	      0.00000000	      0.00000000	      0.00000000	      0.00000000	      0.00000000	      0.00000000	      0.00000000	      0.00000000	      0.00000000	      0.00000000	      0.00000000	      2.01308209	      2.63687657	      4.41090509	     -2.37100765	      0.00000000	     -0.00000000	     -0.00000000	      0.00000000	      0.00000000	     -0.00000000	     -0.00000000	     -0.00000000	     -0.00000000	      0.00000000	    -35.51136541	    -21.09780949	     -3.89417243	     -0.53674863	      2.75870150	      0.00000000	     -1.09806703	      0.01958786	      0.00000000	     -0.00000000	     -0.00000000	    -12.38566059	     -0.00000000	      1.64648678	     -6.07220591	      0.00000000	     -1.21489721	     -0.26767688	      1.29845919	      0.28195288	     -0.00000000	     -0.24904572	      0.00000000	     -0.00000000	     -8.06413815	     -0.00000000	     -0.00000000	     -0.00000000
      1.38050000	      0.00000000	      0.00000000	      0.00000000	      0.00000000	      0.00000000	      0.00000000	      0.00000000	      0.00000000	      0.00000000	      0.00000000	      0.00000000	      0.00000000	      0.00000000	      0.00000000	      0.00000000	      0.00000000	      0.00000000	      0.00000000	      0.00000000	      0.00000000	      0.00000000	      0.00000000	      0.00000000	      0.00000000	      0.00000000	      0.00000000	      0.00000000	      0.00000000	      0.00000000	      0.00000000	      0.00000000	      0.00000000	      0.00000000	      0.00000000	      0.00000000	      0.00000000	      0.00000000	      0.00000000	      0.00000000	      0.00000000	      0.00000000	      0.00000000	      2.00295618	      2.63138506	      4.51463038	     -2.34044954	     -0.00000000	      0.00000000	     -0.00000000	      0.00000000	      0.00000000	     -0.00000000	     -0.00000000	     -0.00000000	      0.00000000	      0.00000000	    -35.63994477	    -21.66041562	     -4.12056135	     -0.54566612	      2.75862978	      0.00000000	     -1.08609950	      0.01428496	     -0.00000000	      0.00000000	      0.00000000	    -12.49612592	     -0.00000000	      1.62369777	     -6.02613985	      0.00000000	     -1.18643158	     -0.25891995	      1.28648051	      0.27458180	      0.00000000	     -0.30381460	      0.00000000	      0.00000000	     -8.05391182	     -0.00000000	     -0.00000000	     -0.00000000
      1.39100000	      0.00000000	      0.00000000	      0.00000000	      0.00000000	      0.00000000	      0.00000000	      0.00000000	      0.00000000	      0.00000000	      0.00000000	      0.00000000	      0.00000000	      0.00000000	      0.00000000	      0.00000000	      0.00000000	      0.00000000	      0.00000000	      0.00000000	      0.00000000	      0.00000000	      0.00000000	      0.00000000	      0.00000000	      0.00000000	      0.00000000	      0.00000000	      0.00000000	      0.00000000	      0.00000000	      0.00000000	      0.00000000	      0.00000000	      0.00000000	      0.00000000	      0.00000000	      0.00000000	      0.00000000	      0.00000000	      0.00000000	      0.00000000	      0.00000000	      1.99243633	      2.62580767	      4.60795762	     -2.31678766	      0.00000000	      0.00000000	     -0.00000000	      0.00000000	      0.00000000	     -0.00000000	     -0.00000000	     -0.00000000	      0.00000000	      0.00000000	    -35.74945867	    -22.17169809	     -4.32898839	     -0.55648115	      2.75835691	      0.00000000	     -1.07523182	      0.00921100	      0.00000000	      0.00000000	     -0.00000000	    -12.59897957	      0.00000000	      1.60093620	     -5.98222762	      0.00000000	     -1.16248777	     -0.25074613	      1.26892397	      0.26445281	      0.00000000	     -0.35651257	      0.00000000	     -0.00000000	     -8.04302194	      0.00000000	     -0.00000000	      0.00000000
      1.40150000	      0.00000000	      0.00000000	      0.00000000	      0.00000000	      0.00000000	      0.00000000	      0.00000000	      0.00000000	      0.00000000	      0.00000000	      0.00000000	      0.00000000	      0.00000000	      0.00000000	      0.00000000	      0.00000000	      0.00000000	      0.00000000	      0.00000000	      0.00000000	      0.00000000	      0.00000000	      0.00000000	      0.00000000	      0.00000000	      0.00000000	      0.00000000	      0.00000000	      0.00000000	      0.00000000	      0.00000000	      0.00000000	      0.00000000	      0.00000000	      0.00000000	      0.00000000	      0.00000000	      0.00000000	      0.00000000	      0.00000000	      0.00000000	      0.00000000	      1.98555216	      2.62083302	      4.70377747	     -2.30149770	      0.00000000	      0.00000000	      0.00000000	      0.00000000	      0.00000000	      0.00000000	      0.00000000	      0.00000000	     -0.00000000	     -0.00000000	    -35.89735556	    -22.62438561	     -4.52230057	     -0.56923990	      2.75749574	      0.00000000	     -1.06455705	      0.00578991	      0.00000000	     -0.00000000	     -0.00000000	    -12.69241914	      0.00000000	      1.58340372	     -5.93933719	      0.00000000	     -1.14628930	     -0.24292683	      1.24253960	      0.25053215	      0.00000000	     -0.40838440	      0.00000000	     -0.00000000	     -8.02852186	      0.00000000	      0.00000000	      0.00000000
      1.41200000	      0.00000000	      0.00000000	      0.00000000	      0.00000000	      0.00000000	      0.00000000	      0.00000000	      0.00000000	      0.00000000	      0.00000000	      0.00000000	      0.00000000	      0.00000000	      0.00000000	      0.00000000	      0.00000000	      0.00000000	      0.00000000	      0.00000000	      0.00000000	      0.00000000	      0.00000000	      0.00000000	      0.00000000	      0.00000000	      0.00000000	      0.00000000	      0.00000000	      0.00000000	      0.00000000	      0.00000000	      0.00000000	      0.00000000	      0.00000000	      0.00000000	      0.00000000	      0.00000000	      0.00000000	      0.00000000	      0.00000000	      0.00000000	      0.00000000	      1.97848837	      2.61579508	      4.78935956	     -2.29409313	     -0.00000000	     -0.00000000	      0.00000000	      0.00000000	      0.00000000	      0.00000000	      0.00000000	      0.00000000	     -0.00000000	      0.00000000	    -36.03243443	    -23.02132532	     -4.69700964	     -0.58386424	      2.75670523	      0.00000000	     -1.05515838	      0.00272939	      0.00000000	      0.00000000	     -0.00000000	    -12.77853235	     -0.00000000	      1.56610885	     -5.89986323	      0.00000000	     -1.13658487	     -0.23572188	      1.20986301	      0.23362037	      0.00000000	     -0.45856966	      0.00000000	     -0.00000000	     -8.01381861	     -0.00000000	      0.00000000	     -0.00000000
      1.42250000	      0.00000000	      0.00000000	      0.00000000	      0.00000000	      0.00000000	      0.00000000	      0.00000000	      0.00000000	      0.00000000	      0.00000000	      0.00000000	      0.00000000	      0.00000000	      0.00000000	      0.00000000	      0.00000000	      0.00000000	      0.00000000	      0.00000000	      0.00000000	      0.00000000	      0.00000000	      0.00000000	      0.00000000	      0.00000000	      0.00000000	      0.00000000	      0.00000000	      0.00000000	      0.00000000	      0.00000000	      0.00000000	      0.00000000	      0.00000000	      0.00000000	      0.00000000	      0.00000000	      0.00000000	      0.00000000	      0.00000000	      0.00000000	      0.00000000	      1.96679857	      2.60988984	      4.84931838	     -2.29410403	      0.00000000	     -0.00000000	      0.00000000	      0.00000000	      0.00000000	     -0.00000000	     -0.00000000	     -0.00000000	     -0.00000000	      0.00000000	    -36.09129358	    -23.36423580	     -4.84832374	     -0.60033247	      2.75664440	      0.00000000	     -1.04832872	     -0.00148158	      0.00000000	      0.00000000	     -0.00000000	    -12.85967741	      0.00000000	      1.54328602	     -5.86658052	      0.00000000	     -1.13201231	     -0.22945847	      1.17386284	      0.21463406	     -0.00000000	     -0.50591099	      0.00000000	     -0.00000000	     -8.00279986	      0.00000000	      0.00000000	      0.00000000
      1.43300000	      0.00000000	      0.00000000	      0.00000000	      0.00000000	      0.00000000	      0.00000000	      0.00000000	      0.00000000	      0.00000000	      0.00000000	      0.00000000	      0.00000000	      0.00000000	      0.00000000	      0.00000000	      0.00000000	      0.00000000	      0.00000000	      0.00000000	      0.00000000	      0.00000000	      0.00000000	      0.00000000	      0.00000000	      0.00000000	      0.00000000	      0.00000000	      0.00000000	      0.00000000	      0.00000000	      0.00000000	      0.00000000	      0.00000000	      0.00000000	      0.00000000	      0.00000000	      0.00000000	      0.00000000	      0.00000000	      0.00000000	      0.00000000	      0.00000000	      1.95250004	      2.60355023	      4.88814321	     -2.30210261	     -0.00000000	     -0.00000000	     -0.00000000	      0.00000000	      0.00000000	     -0.00000000	     -0.00000000	     -0.00000000	     -0.00000000	     -0.00000000	    -36.09617654	    -23.64648924	     -4.97500435	     -0.61863927	      2.75709503	      0.00000000	     -1.04375802	     -0.00618279	      0.00000000	      0.00000000	      0.00000000	    -12.93364477	     -0.00000000	      1.51773011	     -5.83967158	      0.00000000	     -1.13286398	     -0.22416516	      1.13401137	      0.19344134	     -0.00000000	     -0.54963852	      0.00000000	     -0.00000000	     -7.99463534	      0.00000000	      0.00000000	     -0.00000000
      1.44350000	      0.00000000	      0.00000000	      0.00000000	      0.00000000	      0.00000000	      0.00000000	      0.00000000	      0.00000000	      0.00000000	      0.00000000	      0.00000000	      0.00000000	      0.00000000	      0.00000000	      0.00000000	      0.00000000	      0.00000000	      0.00000000	      0.00000000	      0.00000000	      0.00000000	      0.00000000	      0.00000000	      0.00000000	      0.00000000	      0.00000000	      0.00000000	      0.00000000	      0.00000000	      0.00000000	      0.00000000	      0.00000000	      0.00000000	      0.00000000	      0.00000000	      0.00000000	      0.00000000	      0.00000000	      0.00000000	      0.00000000	      0.00000000	      0.00000000	      1.93864976	      2.59741884	      4.91460052	     -2.31877523	     -0.00000000	      0.00000000	      0.00000000	      0.00000000	      0.00000000	     -0.00000000	     -0.00000000	      0.00000000	      0.00000000	     -0.00000000	    -36.08626496	    -23.86298769	     -5.07777900	     -0.63881665	      2.75774864	      0.00000000	     -1.04077440	     -0.01036299	     -0.00000000	     -0.00000000	      0.00000000	    -12.99797282	     -0.00000000	      1.49349573	     -5.81853078	      0.00000000	     -1.13967538	     -0.21976016	      1.08887207	      0.16960413	      0.00000000	     -0.58946836	     -0.00000000	      0.00000000	     -7.98761857	      0.00000000	     -0.00000000	     -0.00000000
      1.45400000	      0.00000000	      0.00000000	      0.00000000	      0.00000000	      0.00000000	      0.00000000	      0.00000000	      0.00000000	      0.00000000	      0.00000000	      0.00000000	      0.00000000	      0.00000000	      0.00000000	      0.00000000	      0.00000000	      0.00000000	      0.00000000	      0.00000000	      0.00000000	      0.00000000	      0.00000000	      0.00000000	      0.00000000	      0.00000000	      0.00000000	      0.00000000	      0.00000000	      0.00000000	      0.00000000	      0.00000000	      0.00000000	      0.00000000	      0.00000000	      0.00000000	      0.00000000	      0.00000000	      0.00000000	      0.00000000	      0.00000000	      0.00000000	      0.00000000	      1.92537775	      2.59140184	      4.93144628	     -2.34485145	     -0.00000000	      0.00000000	     -0.00000000	      0.00000000	      0.00000000	      0.00000000	      0.00000000	      0.00000000	      0.00000000	      0.00000000	    -36.06999433	    -24.01853073	     -5.16014090	     -0.66118200	      2.75864818	      0.00000000	     -1.03918062	     -0.01393722	     -0.00000000	      0.00000000	      0.00000000	    -13.05464751	      0.00000000	      1.47043827	     -5.80258130	      0.00000000	     -1.15388662	     -0.21607762	      1.03654471	      0.14233973	     -0.00000000	     -0.62696860	     -0.00000000	      0.00000000	     -7.98131215	      0.00000000	      0.00000000	      0.00000000
      1.46450000	      0.00000000	      0.00000000	      0.00000000	      0.00000000	      0.00000000	      0.00000000	      0.00000000	      0.00000000	      0.00000000	      0.00000000	      0.00000000	      0.00000000	      0.00000000	      0.00000000	      0.00000000	      0.00000000	      0.00000000	      0.00000000	      0.00000000	      0.00000000	      0.00000000	      0.00000000	      0.00000000	      0.00000000	      0.00000000	      0.00000000	      0.00000000	      0.00000000	      0.00000000	      0.00000000	      0.00000000	      0.00000000	      0.00000000	      0.00000000	      0.00000000	      0.00000000	      0.00000000	      0.00000000	      0.00000000	      0.00000000	      0.00000000	      0.00000000	      1.91211316	      2.58527481	      4.93905694	     -2.38067874	     -0.00000000	      0.00000000	      0.00000000	      0.00000000	      0.00000000	     -0.00000000	     -0.00000000	      0.00000000	      0.00000000	      0.00000000	    -36.04509811	    -24.11988007	     -5.22516474	     -0.68604475	      2.75986462	      0.00000000	     -1.03892697	     -0.01708159	     -0.00000000	     -0.00000000	     -0.00000000	    -13.10595913	     -0.00000000	      1.44754352	     -5.79139317	      0.00000000	     -1.17619128	     -0.21299493	      0.97582911	      0.11108862	      0.00000000	     -0.66337469	     -0.00000000	     -0.00000000	     -7.97579234	      0.00000000	      0.00000000	     -0.00000000
      1.47500000	      0.00000000	      0.00000000	      0.00000000	      0.00000000	      0.00000000	      0.00000000	      0.00000000	      0.00000000	      0.00000000	      0.00000000	      0.00000000	      0.00000000	      0.00000000	      0.00000000	      0.00000000	      0.00000000	      0.00000000	      0.00000000	      0.00000000	      0.00000000	      0.00000000	      0.00000000	      0.00000000	      0.00000000	      0.00000000	      0.00000000	      0.00000000	      0.00000000	      0.00000000	      0.00000000	      0.00000000	      0.00000000	      0.00000000	      0.00000000	      0.00000000	      0.00000000	      0.00000000	      0.00000000	      0.00000000	      0.00000000	      0.00000000	      0.00000000	      1.89852915	      2.57911583	      4.93590746	     -2.42445868	      0.00000000	     -0.00000000	      0.00000000	      0.00000000	      0.00000000	      0.00000000	      0.00000000	      0.00000000	      0.00000000	     -0.00000000	    -36.00126515	    -24.17399683	     -5.27269386	     -0.71314942	      2.76136070	      0.00000000	     -1.03999052	     -0.02004866	      0.00000000	      0.00000000	     -0.00000000	    -13.15149712	      0.00000000	      1.42452771	     -5.78497211	      0.00000000	     -1.20369333	     -0.21058584	      0.90941159	      0.07687073	     -0.00000000	     -0.69717445	     -0.00000000	     -0.00000000	     -7.97191768	      0.00000000	      0.00000000	     -0.00000000
      1.48550000	      0.00000000	      0.00000000	      0.00000000	      0.00000000	      0.00000000	      0.00000000	      0.00000000	      0.00000000	      0.00000000	      0.00000000	      0.00000000	      0.00000000	      0.00000000	      0.00000000	      0.00000000	      0.00000000	      0.00000000	      0.00000000	      0.00000000	      0.00000000	      0.00000000	      0.00000000	      0.00000000	      0.00000000	      0.00000000	      0.00000000	      0.00000000	      0.00000000	      0.00000000	      0.00000000	      0.00000000	      0.00000000	      0.00000000	      0.00000000	      0.00000000	      0.00000000	      0.00000000	      0.00000000	      0.00000000	      0.00000000	      0.00000000	      0.00000000	      1.88391285	      2.57299639	      4.91808730	     -2.47398563	      0.00000000	     -0.00000000	     -0.00000000	      0.00000000	      0.00000000	     -0.00000000	     -0.00000000	     -0.00000000	      0.00000000	      0.00000000	    -35.91881129	    -24.18400905	     -5.30003325	     -0.74203513	      2.76314295	      0.00000000	     -1.04256043	     -0.02322564	     -0.00000000	     -0.00000000	      0.00000000	    -13.19010393	     -0.00000000	      1.40066895	     -5.78390611	      0.00000000	     -1.23316783	     -0.20903732	      0.84132898	      0.04125784	      0.00000000	     -0.72605787	     -0.00000000	      0.00000000	     -7.97109118	     -0.00000000	      0.00000000	      0.00000000
      1.49600000	      0.00000000	      0.00000000	      0.00000000	      0.00000000	      0.00000000	      0.00000000	      0.00000000	      0.00000000	      0.00000000	      0.00000000	      0.00000000	      0.00000000	      0.00000000	      0.00000000	      0.00000000	      0.00000000	      0.00000000	      0.00000000	      0.00000000	      0.00000000	      0.00000000	      0.00000000	      0.00000000	      0.00000000	      0.00000000	      0.00000000	      0.00000000	      0.00000000	      0.00000000	      0.00000000	      0.00000000	      0.00000000	      0.00000000	      0.00000000	      0.00000000	      0.00000000	      0.00000000	      0.00000000	      0.00000000	      0.00000000	      0.00000000	      0.00000000	      1.86831086	      2.56701964	      4.88341111	     -2.52975075	     -0.00000000	     -0.00000000	     -0.00000000	      0.00000000	      0.00000000	     -0.00000000	     -0.00000000	     -0.00000000	      0.00000000	     -0.00000000	    -35.79175436	    -24.13824930	     -5.30228125	     -0.77244955	      2.76527981	      0.00000000	     -1.04690351	     -0.02655511	      0.00000000	      0.00000000	     -0.00000000	    -13.21999995	      0.00000000	      1.37600635	     -5.78929501	      0.00000000	     -1.26526795	     -0.20853707	      0.77220741	      0.00456547	      0.00000000	     -0.74893316	     -0.00000000	      0.00000000	     -7.97388902	      0.00000000	     -0.00000000	     -0.00000000
      1.50650000	      0.00000000	      0.00000000	      0.00000000	      0.00000000	      0.00000000	      0.00000000	      0.00000000	      0.00000000	      0.00000000	      0.00000000	      0.00000000	      0.00000000	      0.00000000	      0.00000000	      0.00000000	      0.00000000	      0.00000000	      0.00000000	      0.00000000	      0.00000000	      0.00000000	      0.00000000	      0.00000000	      0.00000000	      0.00000000	      0.00000000	      0.00000000	      0.00000000	      0.00000000	      0.00000000	      0.00000000	      0.00000000	      0.00000000	      0.00000000	      0.00000000	      0.00000000	      0.00000000	      0.00000000	      0.00000000	      0.00000000	      0.00000000	      0.00000000	      1.85272090	      2.56151586	      4.83071208	     -2.59423608	     -0.00000000	     -0.00000000	     -0.00000000	      0.00000000	      0.00000000	     -0.00000000	     -0.00000000	     -0.00000000	      0.00000000	      0.00000000	    -35.62461801	    -24.01111588	     -5.27088656	     -0.80431591	      2.76786963	      0.00000000	     -1.05334092	     -0.02956410	      0.00000000	     -0.00000000	     -0.00000000	    -13.23731333	     -0.00000000	      1.35178901	     -5.80291360	      0.00000000	     -1.30218653	     -0.20937007	      0.70067741	     -0.03365117	     -0.00000000	     -0.76445516	      0.00000000	      0.00000000	     -7.98049861	      0.00000000	      0.00000000	     -0.00000000
      1.51700000	      0.00000000	      0.00000000	      0.00000000	      0.00000000	      0.00000000	      0.00000000	      0.00000000	      0.00000000	      0.00000000	      0.00000000	      0.00000000	      0.00000000	      0.00000000	      0.00000000	      0.00000000	      0.00000000	      0.00000000	      0.00000000	      0.00000000	      0.00000000	      0.00000000	      0.00000000	      0.00000000	      0.00000000	      0.00000000	      0.00000000	      0.00000000	      0.00000000	      0.00000000	      0.00000000	      0.00000000	      0.00000000	      0.00000000	      0.00000000	      0.00000000	      0.00000000	      0.00000000	      0.00000000	      0.00000000	      0.00000000	      0.00000000	      0.00000000	      1.83746854	      2.55674429	      4.75908734	     -2.66677600	     -0.00000000	     -0.00000000	      0.00000000	      0.00000000	      0.00000000	      0.00000000	      0.00000000	      0.00000000	     -0.00000000	      0.00000000	    -35.41332819	    -23.79623405	     -5.20197055	     -0.83733796	      2.77088535	      0.00000000	     -1.06192032	     -0.03218574	     -0.00000000	     -0.00000000	      0.00000000	    -13.23972733	      0.00000000	      1.32847716	     -5.82517019	      0.00000000	     -1.34216580	     -0.21169668	      0.62865594	     -0.07259750	     -0.00000000	     -0.77092642	     -0.00000000	     -0.00000000	     -7.99135215	      0.00000000	     -0.00000000	      0.00000000
      1.52750000	      0.00000000	      0.00000000	      0.00000000	      0.00000000	      0.00000000	      0.00000000	      0.00000000	      0.00000000	      0.00000000	      0.00000000	      0.00000000	      0.00000000	      0.00000000	      0.00000000	      0.00000000	      0.00000000	      0.00000000	      0.00000000	      0.00000000	      0.00000000	      0.00000000	      0.00000000	      0.00000000	      0.00000000	      0.00000000	      0.00000000	      0.00000000	      0.00000000	      0.00000000	      0.00000000	      0.00000000	      0.00000000	      0.00000000	      0.00000000	      0.00000000	      0.00000000	      0.00000000	      0.00000000	      0.00000000	      0.00000000	      0.00000000	      0.00000000	      1.82157770	      2.55267485	      4.66589677	     -2.74370574	     -0.00000000	     -0.00000000	     -0.00000000	      0.00000000	      0.00000000	     -0.00000000	     -0.00000000	     -0.00000000	     -0.00000000	      0.00000000	    -35.13870946	    -23.50408814	     -5.09565325	     -0.87088414	      2.77422999	      0.00000000	     -1.07264164	     -0.03491160	     -0.00000000	      0.00000000	      0.00000000	    -13.22713873	     -0.00000000	      1.30488183	     -5.85555358	      0.00000000	     -1.38066140	     -0.21557368	      0.56144015	     -0.11015547	     -0.00000000	     -0.76673439	     -0.00000000	      0.00000000	     -8.00735466	      0.00000000	      0.00000000	      0.00000000
      1.53800000	      0.00000000	      0.00000000	      0.00000000	      0.00000000	      0.00000000	      0.00000000	      0.00000000	      0.00000000	      0.00000000	      0.00000000	      0.00000000	      0.00000000	      0.00000000	      0.00000000	      0.00000000	      0.00000000	      0.00000000	      0.00000000	      0.00000000	      0.00000000	      0.00000000	      0.00000000	      0.00000000	      0.00000000	      0.00000000	      0.00000000	      0.00000000	      0.00000000	      0.00000000	      0.00000000	      0.00000000	      0.00000000	      0.00000000	      0.00000000	      0.00000000	      0.00000000	      0.00000000	      0.00000000	      0.00000000	      0.00000000	      0.00000000	      0.00000000	      1.80506642	      2.54944830	      4.54870561	     -2.82461128	     -0.00000000	     -0.00000000	      0.00000000	      0.00000000	      0.00000000	     -0.00000000	     -0.00000000	     -0.00000000	     -0.00000000	     -0.00000000	    -34.79387186	    -23.12197517	     -4.94620603	     -0.90440571	      2.77789318	      0.00000000	     -1.08574137	     -0.03769761	      0.00000000	     -0.00000000	      0.00000000	    -13.19675857	     -0.00000000	      1.28101753	     -5.89481104	      0.00000000	     -1.41688231	     -0.22120843	      0.50099501	     -0.14539694	     -0.00000000	     -0.75038295	     -0.00000000	     -0.00000000	     -8.02886524	      0.00000000	      0.00000000	      0.00000000
      1.54850000	      0.00000000	      0.00000000	      0.00000000	      0.00000000	      0.00000000	      0.00000000	      0.00000000	      0.00000000	      0.00000000	      0.00000000	      0.00000000	      0.00000000	      0.00000000	      0.00000000	      0.00000000	      0.00000000	      0.00000000	      0.00000000	      0.00000000	      0.00000000	      0.00000000	      0.00000000	      0.00000000	      0.00000000	      0.00000000	      0.00000000	      0.00000000	      0.00000000	      0.00000000	      0.00000000	      0.00000000	      0.00000000	      0.00000000	      0.00000000	      0.00000000	      0.00000000	      0.00000000	      0.00000000	      0.00000000	      0.00000000	      0.00000000	      0.00000000	      1.78936834	      2.54738873	      4.41096808	     -2.91065010	      0.00000000	      0.00000000	      0.00000000	      0.00000000	      0.00000000	     -0.00000000	     -0.00000000	      0.00000000	      0.00000000	      0.00000000	    -34.39839281	    -22.63629832	     -4.75102707	     -0.93756046	      2.78177086	      0.00000000	     -1.10101353	     -0.03994855	      0.00000000	      0.00000000	      0.00000000	    -13.14586251	     -0.00000000	      1.25860034	     -5.94255602	      0.00000000	     -1.45189425	     -0.22861422	      0.44567182	     -0.17873165	      0.00000000	     -0.72201259	      0.00000000	      0.00000000	     -8.05456543	      0.00000000	     -0.00000000	     -0.00000000
      1.55900000	      0.00000000	      0.00000000	      0.00000000	      0.00000000	      0.00000000	      0.00000000	      0.00000000	      0.00000000	      0.00000000	      0.00000000	      0.00000000	      0.00000000	      0.00000000	      0.00000000	      0.00000000	      0.00000000	      0.00000000	      0.00000000	      0.00000000	      0.00000000	      0.00000000	      0.00000000	      0.00000000	      0.00000000	      0.00000000	      0.00000000	      0.00000000	      0.00000000	      0.00000000	      0.00000000	      0.00000000	      0.00000000	      0.00000000	      0.00000000	      0.00000000	      0.00000000	      0.00000000	      0.00000000	      0.00000000	      0.00000000	      0.00000000	      0.00000000	      1.77183852	      2.54627272	      4.23794762	     -2.99954432	      0.00000000	      0.00000000	      0.00000000	      0.00000000	      0.00000000	      0.00000000	      0.00000000	      0.00000000	      0.00000000	     -0.00000000	    -33.89639875	    -22.02665577	     -4.49550047	     -0.96969517	      2.78588992	      0.00000000	     -1.11960452	     -0.04257272	     -0.00000000	      0.00000000	      0.00000000	    -13.06921897	     -0.00000000	      1.23442887	     -6.00140493	      0.00000000	     -1.48134521	     -0.23843957	      0.40305111	     -0.20723108	     -0.00000000	     -0.67673096	     -0.00000000	      0.00000000	     -8.08732954	     -0.00000000	      0.00000000	      0.00000000
      1.56950000	      0.00000000	      0.00000000	      0.00000000	      0.00000000	      0.00000000	      0.00000000	      0.00000000	      0.00000000	      0.00000000	      0.00000000	      0.00000000	      0.00000000	      0.00000000	      0.00000000	      0.00000000	      0.00000000	      0.00000000	      0.00000000	      0.00000000	      0.00000000	      0.00000000	      0.00000000	      0.00000000	      0.00000000	      0.00000000	      0.00000000	      0.00000000	      0.00000000	      0.00000000	      0.00000000	      0.00000000	      0.00000000	      0.00000000	      0.00000000	      0.00000000	      0.00000000	      0.00000000	      0.00000000	      0.00000000	      0.00000000	      0.00000000	      0.00000000	      1.74999867	      2.54588482	      4.01482110	     -3.08825617	     -0.00000000	     -0.00000000	     -0.00000000	      0.00000000	      0.00000000	     -0.00000000	     -0.00000000	      0.00000000	     -0.00000000	     -0.00000000	    -33.23578647	    -21.26876881	     -4.16353173	     -0.99971832	      2.79010983	      0.00000000	     -1.14263138	     -0.04638850	      0.00000000	     -0.00000000	     -0.00000000	    -12.95958772	     -0.00000000	      1.20560929	     -6.07370883	      0.00000000	     -1.50111607	     -0.25137006	      0.38188981	     -0.22732937	      0.00000000	     -0.60912079	     -0.00000000	     -0.00000000	     -8.12954498	     -0.00000000	     -0.00000000	     -0.00000000
      1.58000000	      0.00000000	      0.00000000	      0.00000000	      0.00000000	      0.00000000	      0.00000000	      0.00000000	      0.00000000	      0.00000000	      0.00000000	      0.00000000	      0.00000000	      0.00000000	      0.00000000	      0.00000000	      0.00000000	      0.00000000	      0.00000000	      0.00000000	      0.00000000	      0.00000000	      0.00000000	      0.00000000	      0.00000000	      0.00000000	      0.00000000	      0.00000000	      0.00000000	      0.00000000	      0.00000000	      0.00000000	      0.00000000	      0.00000000	      0.00000000	      0.00000000	      0.00000000	      0.00000000	      0.00000000	      0.00000000	      0.00000000	      0.00000000	      0.00000000	      1.72903666	      2.54698451	      3.76588187	     -3.17675364	     -0.00000000	      0.00000000	      0.00000000	      0.00000000	      0.00000000	     -0.00000000	     -0.00000000	     -0.00000000	     -0.00000000	     -0.00000000	    -32.51758609	    -20.38188092	     -3.77287351	     -1.02652781	      2.79379168	      0.00000000	     -1.16794415	     -0.04958415	     -0.00000000	      0.00000000	     -0.00000000	    -12.81741750	     -0.00000000	      1.17877946	     -6.15308567	      0.00000000	     -1.51497111	     -0.26649901	      0.37482313	     -0.24108357	     -0.00000000	     -0.52471582	      0.00000000	     -0.00000000	     -8.17429072	     -0.00000000	     -0.00000000	     -0.00000000
      1.59050000	      0.00000000	      0.00000000	      0.00000000	      0.00000000	      0.00000000	      0.00000000	      0.00000000	      0.00000000	      0.00000000	      0.00000000	      0.00000000	      0.00000000	      0.00000000	      0.00000000	      0.00000000	      0.00000000	      0.00000000	      0.00000000	      0.00000000	      0.00000000	      0.00000000	      0.00000000	      0.00000000	      0.00000000	      0.00000000	      0.00000000	      0.00000000	      0.00000000	      0.00000000	      0.00000000	      0.00000000	      0.00000000	      0.00000000	      0.00000000	      0.00000000	      0.00000000	      0.00000000	      0.00000000	      0.00000000	      0.00000000	      0.00000000	      0.00000000	      1.71264794	      2.55016508	      3.50891491	     -3.26546867	     -0.00000000	      0.00000000	      0.00000000	      0.00000000	      0.00000000	      0.00000000	      0.00000000	      0.00000000	      0.00000000	      0.00000000	    -31.81477856	    -19.38630984	     -3.33851418	     -1.04990068	      2.79645296	      0.00000000	     -1.19390155	     -0.05093323	      0.00000000	      0.00000000	      0.00000000	    -12.64379197	     -0.00000000	      1.15892630	     -6.23432586	      0.00000000	     -1.52514085	     -0.28311478	      0.37540031	     -0.25064816	      0.00000000	     -0.42771911	      0.00000000	      0.00000000	     -8.21622990	      0.00000000	      0.00000000	      0.00000000
      1.60100000	      0.00000000	      0.00000000	      0.00000000	      0.00000000	      0.00000000	      0.00000000	      0.00000000	      0.00000000	      0.00000000	      0.00000000	      0.00000000	      0.00000000	      0.00000000	      0.00000000	      0.00000000	      0.00000000	      0.00000000	      0.00000000	      0.00000000	      0.00000000	      0.00000000	      0.00000000	      0.00000000	      0.00000000	      0.00000000	      0.00000000	      0.00000000	      0.00000000	      0.00000000	      0.00000000	      0.00000000	      0.00000000	      0.00000000	      0.00000000	      0.00000000	      0.00000000	      0.00000000	      0.00000000	      0.00000000	      0.00000000	      0.00000000	      0.00000000	      1.69562054	      2.55418641	      3.22622292	     -3.35105393	     -0.00000000	     -0.00000000	      0.00000000	      0.00000000	      0.00000000	     -0.00000000	     -0.00000000	      0.00000000	      0.00000000	     -0.00000000	    -31.05463051	    -18.28294047	     -2.85346547	     -1.06998654	      2.79780433	      0.00000000	     -1.22167295	     -0.05216927	      0.00000000	     -0.00000000	     -0.00000000	    -12.43809530	     -0.00000000	      1.13936972	     -6.31824493	      0.00000000	     -1.52824065	     -0.30159266	      0.39083178	     -0.25353441	      0.00000000	     -0.31561474	      0.00000000	     -0.00000000	     -8.25788659	     -0.00000000	      0.00000000	     -0.00000000
      1.61150000	      0.00000000	      0.00000000	      0.00000000	      0.00000000	      0.00000000	      0.00000000	      0.00000000	      0.00000000	      0.00000000	      0.00000000	      0.00000000	      0.00000000	      0.00000000	      0.00000000	      0.00000000	      0.00000000	      0.00000000	      0.00000000	      0.00000000	      0.00000000	      0.00000000	      0.00000000	      0.00000000	      0.00000000	      0.00000000	      0.00000000	      0.00000000	      0.00000000	      0.00000000	      0.00000000	      0.00000000	      0.00000000	      0.00000000	      0.00000000	      0.00000000	      0.00000000	      0.00000000	      0.00000000	      0.00000000	      0.00000000	      0.00000000	      0.00000000	      1.67389298	      2.55770374	      2.91004853	     -3.42926400	      0.00000000	      0.00000000	     -0.00000000	      0.00000000	      0.00000000	     -0.00000000	     -0.00000000	     -0.00000000	      0.00000000	      0.00000000	    -30.19797019	    -17.09103073	     -2.32201548	     -1.08603582	      2.79741258	      0.00000000	     -1.25159029	     -0.05460235	     -0.00000000	      0.00000000	     -0.00000000	    -12.20400943	     -0.00000000	      1.11441946	     -6.40331319	      0.00000000	     -1.52382695	     -0.32180441	      0.42542860	     -0.24789674	     -0.00000000	     -0.18958740	     -0.00000000	     -0.00000000	     -8.29991825	      0.00000000	      0.00000000	      0.00000000
      1.62200000	      0.00000000	      0.00000000	      0.00000000	      0.00000000	      0.00000000	      0.00000000	      0.00000000	      0.00000000	      0.00000000	      0.00000000	      0.00000000	      0.00000000	      0.00000000	      0.00000000	      0.00000000	      0.00000000	      0.00000000	      0.00000000	      0.00000000	      0.00000000	      0.00000000	      0.00000000	      0.00000000	      0.00000000	      0.00000000	      0.00000000	      0.00000000	      0.00000000	      0.00000000	      0.00000000	      0.00000000	      0.00000000	      0.00000000	      0.00000000	      0.00000000	      0.00000000	      0.00000000	      0.00000000	      0.00000000	      0.00000000	      0.00000000	      0.00000000	      1.65101408	      2.56131677	      2.57628735	     -3.50061388	     -0.00000000	      0.00000000	      0.00000000	      0.00000000	      0.00000000	      0.00000000	      0.00000000	      0.00000000	      0.00000000	      0.00000000	    -29.31121054	    -15.82658525	     -1.75654344	     -1.09743506	      2.79477543	      0.00000000	     -1.28222175	     -0.05705703	     -0.00000000	      0.00000000	      0.00000000	    -11.94191768	     -0.00000000	      1.08905295	     -6.48530185	      0.00000000	     -1.51501650	     -0.34317549	      0.47307559	     -0.23565483	     -0.00000000	     -0.05283494	      0.00000000	      0.00000000	     -8.33765649	      0.00000000	     -0.00000000	      0.00000000
      1.63250000	      0.00000000	      0.00000000	      0.00000000	      0.00000000	      0.00000000	      0.00000000	      0.00000000	      0.00000000	      0.00000000	      0.00000000	      0.00000000	      0.00000000	      0.00000000	      0.00000000	      0.00000000	      0.00000000	      0.00000000	      0.00000000	      0.00000000	      0.00000000	      0.00000000	      0.00000000	      0.00000000	      0.00000000	      0.00000000	      0.00000000	      0.00000000	      0.00000000	      0.00000000	      0.00000000	      0.00000000	      0.00000000	      0.00000000	      0.00000000	      0.00000000	      0.00000000	      0.00000000	      0.00000000	      0.00000000	      0.00000000	      0.00000000	      0.00000000	      1.62985915	      2.56563517	      2.23512586	     -3.56691342	     -0.00000000	      0.00000000	      0.00000000	      0.00000000	      0.00000000	     -0.00000000	     -0.00000000	     -0.00000000	     -0.00000000	      0.00000000	    -28.44164257	    -14.49328221	     -1.16288689	     -1.10417458	      2.78941241	      0.00000000	     -1.31264022	     -0.05857137	     -0.00000000	     -0.00000000	     -0.00000000	    -11.65045483	     -0.00000000	      1.06766793	     -6.56139484	      0.00000000	     -1.50419091	     -0.36541511	      0.52796071	     -0.21890875	      0.00000000	      0.09318912	      0.00000000	      0.00000000	     -8.36735931	     -0.00000000	     -0.00000000	     -0.00000000
      1.64300000	      0.00000000	      0.00000000	      0.00000000	      0.00000000	      0.00000000	      0.00000000	      0.00000000	      0.00000000	      0.00000000	      0.00000000	      0.00000000	      0.00000000	      0.00000000	      0.00000000	      0.00000000	      0.00000000	      0.00000000	      0.00000000	      0.00000000	      0.00000000	      0.00000000	      0.00000000	      0.00000000	      0.00000000	      0.00000000	      0.00000000	      0.00000000	      0.00000000	      0.00000000	      0.00000000	      0.00000000	      0.00000000	      0.00000000	      0.00000000	      0.00000000	      0.00000000	      0.00000000	      0.00000000	      0.00000000	      0.00000000	      0.00000000	      0.00000000	      1.60897117	      2.57000574	      1.88618040	     -3.62797579	      0.00000000	      0.00000000	     -0.00000000	      0.00000000	      0.00000000	      0.00000000	      0.00000000	      0.00000000	      0.00000000	      0.00000000	    -27.58024081	    -13.10230046	     -0.54588691	     -1.10638762	      2.52667153	      0.00000000	     -1.34273101	     -0.05956451	      0.00000000	      0.00000000	     -0.00000000	    -11.33330485	      0.00000000	      1.04804772	     -6.62999168	      0.00000000	     -1.49299660	     -0.38831684	      0.58776871	     -0.19860721	      0.00000000	      0.24648950	      0.00000000	     -0.00000000	     -8.38829404	      0.00000000	      0.00000000	      0.00000000
      1.65350000	      0.00000000	      0.00000000	      0.00000000	      0.00000000	      0.00000000	      0.00000000	      0.00000000	      0.00000000	      0.00000000	      0.00000000	      0.00000000	      0.00000000	      0.00000000	      0.00000000	      0.00000000	      0.00000000	      0.00000000	      0.00000000	      0.00000000	      0.00000000	      0.00000000	      0.00000000	      0.00000000	      0.00000000	      0.00000000	      0.00000000	      0.00000000	      0.00000000	      0.00000000	      0.00000000	      0.00000000	      0.00000000	      0.00000000	      0.00000000	      0.00000000	      0.00000000	      0.00000000	      0.00000000	      0.00000000	      0.00000000	      0.00000000	      0.00000000	      1.58725274	      2.57386792	      1.53102225	     -3.68382738	      0.00000000	     -0.00000000	     -0.00000000	      0.00000000	      0.00000000	     -0.00000000	     -0.00000000	     -0.00000000	      0.00000000	      0.00000000	    -26.72212780	    -11.66686406	      0.08850355	     -1.10440083	      2.59130867	      0.00000000	     -1.37225199	     -0.06035334	     -0.00000000	     -0.00000000	      0.00000000	    -10.99488411	      0.00000000	      1.02824179	     -6.68957577	      0.00000000	     -1.48308212	     -0.41162315	      0.64963367	     -0.17597993	     -0.00000000	      0.40478591	     -0.00000000	     -0.00000000	     -8.39982990	     -0.00000000	      0.00000000	      0.00000000
      1.66400000	      0.00000000	      0.00000000	      0.00000000	      0.00000000	      0.00000000	      0.00000000	      0.00000000	      0.00000000	      0.00000000	      0.00000000	      0.00000000	      0.00000000	      0.00000000	      0.00000000	      0.00000000	      0.00000000	      0.00000000	      0.00000000	      0.00000000	      0.00000000	      0.00000000	      0.00000000	      0.00000000	      0.00000000	      0.00000000	      0.00000000	      0.00000000	      0.00000000	      0.00000000	      0.00000000	      0.00000000	      0.00000000	      0.00000000	      0.00000000	      0.00000000	      0.00000000	      0.00000000	      0.00000000	      0.00000000	      0.00000000	      0.00000000	      0.00000000	      1.56488023	      2.57707049	      1.17462155	     -3.73492236	      0.00000000	     -0.00000000	     -0.00000000	      0.00000000	      0.00000000	     -0.00000000	      0.00000000	      0.00000000	      0.00000000	     -0.00000000	    -25.87723203	    -10.20181334	      0.73304817	     -1.09868038	      2.65691761	      0.00000000	     -1.40072227	     -0.06089805	     -0.00000000	      0.00000000	      0.00000000	    -10.63922775	      0.00000000	      1.00826215	     -6.73872798	      0.00000000	     -1.47576331	     -0.43503305	      0.71007934	     -0.15252584	      0.00000000	      0.56594076	      0.00000000	      0.00000000	     -8.40093880	      0.00000000	     -0.00000000	      0.00000000
      1.67450000	      0.00000000	      0.00000000	      0.00000000	      0.00000000	      0.00000000	      0.00000000	      0.00000000	      0.00000000	      0.00000000	      0.00000000	      0.00000000	      0.00000000	      0.00000000	      0.00000000	      0.00000000	      0.00000000	      0.00000000	      0.00000000	      0.00000000	      0.00000000	      0.00000000	      0.00000000	      0.00000000	      0.00000000	      0.00000000	      0.00000000	      0.00000000	      0.00000000	      0.00000000	      0.00000000	      0.00000000	      0.00000000	      0.00000000	      0.00000000	      0.00000000	      0.00000000	      0.00000000	      0.00000000	      0.00000000	      0.00000000	      0.00000000	      0.00000000	      1.54189075	      2.57946145	      0.82136320	     -3.78163005	      0.00000000	      0.00000000	     -0.00000000	      0.00000000	      0.00000000	      0.00000000	      0.00000000	     -0.00000000	      0.00000000	      0.00000000	    -25.05185482	     -8.72261170	      1.38075260	     -1.08977590	      2.72278307	      0.00000000	     -1.42774882	     -0.06122610	      0.00000000	      0.00000000	      0.00000000	    -10.27082097	     -0.00000000	      0.98787805	     -6.77664460	      0.00000000	     -1.47213301	     -0.45826838	      0.76625967	     -0.12954473	      0.00000000	      0.72796234	     -0.00000000	      0.00000000	     -8.39118782	      0.00000000	      0.00000000	      0.00000000
      1.68500000	      0.00000000	      0.00000000	      0.00000000	      0.00000000	      0.00000000	      0.00000000	      0.00000000	      0.00000000	      0.00000000	      0.00000000	      0.00000000	      0.00000000	      0.00000000	      0.00000000	      0.00000000	      0.00000000	      0.00000000	      0.00000000	      0.00000000	      0.00000000	      0.00000000	      0.00000000	      0.00000000	      0.00000000	      0.00000000	      0.00000000	      0.00000000	      0.00000000	      0.00000000	      0.00000000	      0.00000000	      0.00000000	      0.00000000	      0.00000000	      0.00000000	      0.00000000	      0.00000000	      0.00000000	      0.00000000	      0.00000000	      0.00000000	      0.00000000	      1.51802758	      2.58084600	      0.47446223	     -3.82417928	      0.00000000	      0.00000000	      0.00000000	      0.00000000	      0.00000000	      0.00000000	      0.00000000	      0.00000000	      0.00000000	      0.00000000	    -24.24675645	     -7.24403420	      2.02548134	     -1.07827373	      2.78814680	      0.00000000	     -1.45307889	     -0.06146934	      0.00000000	      0.00000000	      0.00000000	     -9.89428308	     -0.00000000	      0.96632401	     -6.80319033	      0.00000000	     -1.47307532	     -0.48109629	      0.81621538	     -0.10801795	      0.00000000	      0.88910455	      0.00000000	      0.00000000	     -8.37085172	     -0.00000000	     -0.00000000	     -0.00000000
      1.69550000	      0.00000000	      0.00000000	      0.00000000	      0.00000000	      0.00000000	      0.00000000	      0.00000000	      0.00000000	      0.00000000	      0.00000000	      0.00000000	      0.00000000	      0.00000000	      0.00000000	      0.00000000	      0.00000000	      0.00000000	      0.00000000	      0.00000000	      0.00000000	      0.00000000	      0.00000000	      0.00000000	      0.00000000	      0.00000000	      0.00000000	      0.00000000	      0.00000000	      0.00000000	      0.00000000	      0.00000000	      0.00000000	      0.00000000	      0.00000000	      0.00000000	      0.00000000	      0.00000000	      0.00000000	      0.00000000	      0.00000000	      0.00000000	      0.00000000	      1.49325650	      2.58112609	      0.13730786	     -3.86307957	     -0.00000000	     -0.00000000	      0.00000000	      0.00000000	      0.00000000	      0.00000000	      0.00000000	     -0.00000000	     -0.00000000	      0.00000000	    -23.46362550	     -5.77846065	      2.66185202	     -1.06478045	      2.85239649	      0.00000000	     -1.47649651	     -0.06168705	      0.00000000	      0.00000000	     -0.00000000	     -9.51405191	      0.00000000	      0.94300969	     -6.81863548	      0.00000000	     -1.47959913	     -0.50330789	      0.85801453	     -0.08890849	      0.00000000	      1.04769428	      0.00000000	      0.00000000	     -8.34043905	      0.00000000	      0.00000000	      0.00000000
      1.70600000	      0.00000000	      0.00000000	      0.00000000	      0.00000000	      0.00000000	      0.00000000	      0.00000000	      0.00000000	      0.00000000	      0.00000000	      0.00000000	      0.00000000	      0.00000000	      0.00000000	      0.00000000	      0.00000000	      0.00000000	      0.00000000	      0.00000000	      0.00000000	      0.00000000	      0.00000000	      0.00000000	      0.00000000	      0.00000000	      0.00000000	      0.00000000	      0.00000000	      0.00000000	      0.00000000	      0.00000000	      0.00000000	      0.00000000	      0.00000000	      0.00000000	      0.00000000	      0.00000000	      0.00000000	      0.00000000	      0.00000000	      0.00000000	      0.00000000	      1.46766404	      2.58027172	     -0.18687299	     -3.89923698	      0.00000000	     -0.00000000	      0.00000000	      0.00000000	      0.00000000	     -0.00000000	     -0.00000000	      0.00000000	     -0.00000000	     -0.00000000	    -22.70277078	     -4.33288594	      3.28626865	     -1.04993665	      2.91513956	      0.00000000	     -1.49784163	     -0.06187172	     -0.00000000	     -0.00000000	      0.00000000	     -9.13405646	     -0.00000000	      0.91717497	     -6.82352424	      0.00000000	     -1.49303521	     -0.52473735	      0.88957389	     -0.07322877	      0.00000000	      1.20211863	      0.00000000	      0.00000000	     -8.30058942	      0.00000000	     -0.00000000	     -0.00000000
      1.71650000	      0.00000000	      0.00000000	      0.00000000	      0.00000000	      0.00000000	      0.00000000	      0.00000000	      0.00000000	      0.00000000	      0.00000000	      0.00000000	      0.00000000	      0.00000000	      0.00000000	      0.00000000	      0.00000000	      0.00000000	      0.00000000	      0.00000000	      0.00000000	      0.00000000	      0.00000000	      0.00000000	      0.00000000	      0.00000000	      0.00000000	      0.00000000	      0.00000000	      0.00000000	      0.00000000	      0.00000000	      0.00000000	      0.00000000	      0.00000000	      0.00000000	      0.00000000	      0.00000000	      0.00000000	      0.00000000	      0.00000000	      0.00000000	      0.00000000	      1.44136394	      2.57829581	     -0.49495142	     -3.93329268	      0.00000000	      0.00000000	      0.00000000	      0.00000000	      0.00000000	      0.00000000	      0.00000000	      0.00000000	      0.00000000	      0.00000000	    -21.96363989	     -2.91443403	      3.89524048	     -1.03429438	      2.97595748	      0.00000000	     -1.51699229	     -0.06202357	      0.00000000	      0.00000000	      0.00000000	     -8.75828142	     -0.00000000	      0.88792781	     -6.81866741	      0.00000000	     -1.51445663	     -0.54522636	      0.90954461	     -0.06166617	      0.00000000	      1.35079670	      0.00000000	      0.00000000	     -8.25227494	      0.00000000	      0.00000000	     -0.00000000
      1.72700000	      0.00000000	      0.00000000	      0.00000000	      0.00000000	      0.00000000	      0.00000000	      0.00000000	      0.00000000	      0.00000000	      0.00000000	      0.00000000	      0.00000000	      0.00000000	      0.00000000	      0.00000000	      0.00000000	      0.00000000	      0.00000000	      0.00000000	      0.00000000	      0.00000000	      0.00000000	      0.00000000	      0.00000000	      0.00000000	      0.00000000	      0.00000000	      0.00000000	      0.00000000	      0.00000000	      0.00000000	      0.00000000	      0.00000000	      0.00000000	      0.00000000	      0.00000000	      0.00000000	      0.00000000	      0.00000000	      0.00000000	      0.00000000	      0.00000000	      1.41467119	      2.57528948	     -0.78288638	     -3.96537543	     -0.00000000	     -0.00000000	     -0.00000000	      0.00000000	      0.00000000	      0.00000000	     -0.00000000	     -0.00000000	      0.00000000	      0.00000000	    -21.24907432	     -1.53671532	      4.48279721	     -1.01832031	      3.03418270	      0.00000000	     -1.53380483	     -0.06214081	     -0.00000000	     -0.00000000	     -0.00000000	     -8.39208466	      0.00000000	      0.85466657	     -6.80519696	      0.00000000	     -1.54428320	     -0.56455148	      0.91757091	     -0.05448221	     -0.00000000	      1.49174310	     -0.00000000	     -0.00000000	     -8.19699447	     -0.00000000	     -0.00000000	      0.00000000
      1.73750000	      0.00000000	      0.00000000	      0.00000000	      0.00000000	      0.00000000	      0.00000000	      0.00000000	      0.00000000	      0.00000000	      0.00000000	      0.00000000	      0.00000000	      0.00000000	      0.00000000	      0.00000000	      0.00000000	      0.00000000	      0.00000000	      0.00000000	      0.00000000	      0.00000000	      0.00000000	      0.00000000	      0.00000000	      0.00000000	      0.00000000	      0.00000000	      0.00000000	      0.00000000	      0.00000000	      0.00000000	      0.00000000	      0.00000000	      0.00000000	      0.00000000	      0.00000000	      0.00000000	      0.00000000	      0.00000000	      0.00000000	      0.00000000	      0.00000000	      1.38784963	      2.57137798	     -1.04789442	     -3.99517819	      0.00000000	     -0.00000000	     -0.00000000	      0.00000000	      0.00000000	      0.00000000	     -0.00000000	     -0.00000000	      0.00000000	      0.00000000	    -20.56061020	     -0.21279647	      5.04370740	     -1.00222616	      3.08919033	      0.00000000	     -1.54826005	     -0.06225984	      0.00000000	     -0.00000000	      0.00000000	     -8.04017332	      0.00000000	      0.81690040	     -6.78458716	      0.00000000	     -1.58236175	     -0.58254609	      0.91459882	     -0.05135548	     -0.00000000	      1.62346116	     -0.00000000	     -0.00000000	     -8.13663553	      0.00000000	      0.00000000	      0.00000000
      1.74800000	      0.00000000	      0.00000000	      0.00000000	      0.00000000	      0.00000000	      0.00000000	      0.00000000	      0.00000000	      0.00000000	      0.00000000	      0.00000000	      0.00000000	      0.00000000	      0.00000000	      0.00000000	      0.00000000	      0.00000000	      0.00000000	      0.00000000	      0.00000000	      0.00000000	      0.00000000	      0.00000000	      0.00000000	      0.00000000	      0.00000000	      0.00000000	      0.00000000	      0.00000000	      0.00000000	      0.00000000	      0.00000000	      0.00000000	      0.00000000	      0.00000000	      0.00000000	      0.00000000	      0.00000000	      0.00000000	      0.00000000	      0.00000000	      0.00000000	      1.36096417	      2.56669123	     -1.29071238	     -4.02198552	      0.00000000	     -0.00000000	      0.00000000	      0.00000000	      0.00000000	      0.00000000	      0.00000000	     -0.00000000	      0.00000000	      0.00000000	    -19.89592412	      1.05307360	      5.57724008	     -0.98574740	      3.14082853	      0.00000000	     -1.56056065	     -0.06245174	     -0.00000000	     -0.00000000	      0.00000000	     -7.70356480	     -0.00000000	      0.77454344	     -6.75835280	      0.00000000	     -1.62787255	     -0.59924189	      0.90309196	     -0.05124763	      0.00000000	      1.74622088	     -0.00000000	      0.00000000	     -8.07276500	      0.00000000	      0.00000000	      0.00000000
      1.75850000	      0.00000000	      0.00000000	      0.00000000	      0.00000000	      0.00000000	      0.00000000	      0.00000000	      0.00000000	      0.00000000	      0.00000000	      0.00000000	      0.00000000	      0.00000000	      0.00000000	      0.00000000	      0.00000000	      0.00000000	      0.00000000	      0.00000000	      0.00000000	      0.00000000	      0.00000000	      0.00000000	      0.00000000	      0.00000000	      0.00000000	      0.00000000	      0.00000000	      0.00000000	      0.00000000	      0.00000000	      0.00000000	      0.00000000	      0.00000000	      0.00000000	      0.00000000	      0.00000000	      0.00000000	      0.00000000	      0.00000000	      0.00000000	      0.00000000	      1.33419353	      2.56138291	     -1.51211148	     -4.04514640	     -0.00000000	      0.00000000	     -0.00000000	      0.00000000	      0.00000000	      0.00000000	      0.00000000	      0.00000000	      0.00000000	      0.00000000	    -19.25389365	      2.25943378	      6.08340003	     -0.96849754	      3.18909179	      0.00000000	     -1.57090066	     -0.06272723	      0.00000000	      0.00000000	      0.00000000	     -7.38281258	      0.00000000	      0.72770651	     -6.72778303	      0.00000000	     -1.68010986	     -0.61468515	      0.88536138	     -0.05313760	     -0.00000000	      1.86030471	      0.00000000	      0.00000000	     -8.00664770	     -0.00000000	     -0.00000000	      0.00000000
      1.76900000	      0.00000000	      0.00000000	      0.00000000	      0.00000000	      0.00000000	      0.00000000	      0.00000000	      0.00000000	      0.00000000	      0.00000000	      0.00000000	      0.00000000	      0.00000000	      0.00000000	      0.00000000	      0.00000000	      0.00000000	      0.00000000	      0.00000000	      0.00000000	      0.00000000	      0.00000000	      0.00000000	      0.00000000	      0.00000000	      0.00000000	      0.00000000	      0.00000000	      0.00000000	      0.00000000	      0.00000000	      0.00000000	      0.00000000	      0.00000000	      0.00000000	      0.00000000	      0.00000000	      0.00000000	      0.00000000	      0.00000000	      0.00000000	      0.00000000	      1.30768803	      2.55557667	     -1.71162160	     -4.06393794	     -0.00000000	     -0.00000000	     -0.00000000	      0.00000000	      0.00000000	      0.00000000	      0.00000000	      0.00000000	      0.00000000	     -0.00000000	    -18.63319480	      3.40197861	      6.56052618	     -0.95020082	      3.23372552	      0.00000000	     -1.57942152	     -0.06310838	      0.00000000	     -0.00000000	      0.00000000	     -7.08024797	      0.00000000	      0.67592486	     -6.69412887	      0.00000000	     -1.73838262	     -0.62884316	      0.86366267	     -0.05606229	      0.00000000	      1.96507543	      0.00000000	      0.00000000	     -7.93992257	     -0.00000000	     -0.00000000	     -0.00000000
      1.77950000	      0.00000000	      0.00000000	      0.00000000	      0.00000000	      0.00000000	      0.00000000	      0.00000000	      0.00000000	      0.00000000	      0.00000000	      0.00000000	      0.00000000	      0.00000000	      0.00000000	      0.00000000	      0.00000000	      0.00000000	      0.00000000	      0.00000000	      0.00000000	      0.00000000	      0.00000000	      0.00000000	      0.00000000	      0.00000000	      0.00000000	      0.00000000	      0.00000000	      0.00000000	      0.00000000	      0.00000000	      0.00000000	      0.00000000	      0.00000000	      0.00000000	      0.00000000	      0.00000000	      0.00000000	      0.00000000	      0.00000000	      0.00000000	      0.00000000	      1.28136644	      2.54933493	     -1.88970159	     -4.07712814	      0.00000000	     -0.00000000	     -0.00000000	      0.00000000	      0.00000000	     -0.00000000	     -0.00000000	     -0.00000000	      0.00000000	     -0.00000000	    -18.03056538	      4.47520245	      7.00697042	     -0.93042464	      3.27437205	      0.00000000	     -1.58633835	     -0.06370277	     -0.00000000	     -0.00000000	      0.00000000	     -6.79799914	      0.00000000	      0.61855230	     -6.65869866	      0.00000000	     -1.80137944	     -0.64171104	      0.84129019	     -0.05864050	     -0.00000000	      2.06016877	      0.00000000	     -0.00000000	     -7.87451250	      0.00000000	      0.00000000	      0.00000000
      1.79000000	      0.00000000	      0.00000000	      0.00000000	      0.00000000	      0.00000000	      0.00000000	      0.00000000	      0.00000000	      0.00000000	      0.00000000	      0.00000000	      0.00000000	      0.00000000	      0.00000000	      0.00000000	      0.00000000	      0.00000000	      0.00000000	      0.00000000	      0.00000000	      0.00000000	      0.00000000	      0.00000000	      0.00000000	      0.00000000	      0.00000000	      0.00000000	      0.00000000	      0.00000000	      0.00000000	      0.00000000	      0.00000000	      0.00000000	      0.00000000	      0.00000000	      0.00000000	      0.00000000	      0.00000000	      0.00000000	      0.00000000	      0.00000000	      0.00000000	      1.25514838	      2.54272207	     -2.04836495	     -4.08322882	      0.00000000	      0.00000000	     -0.00000000	      0.00000000	      0.00000000	      0.00000000	      0.00000000	      0.00000000	      0.00000000	      0.00000000	    -17.44413534	      5.47571432	      7.42243401	     -0.90849193	      3.31089710	      0.00000000	     -1.59193244	     -0.06461436	      0.00000000	      0.00000000	      0.00000000	     -6.53638843	      0.00000000	      0.55578806	     -6.62264979	      0.00000000	     -1.86719874	     -0.65336695	      0.82216115	     -0.05920718	      0.00000000	      2.14617289	      0.00000000	      0.00000000	     -7.81190662	     -0.00000000	      0.00000000	      0.00000000
      1.80050000	      0.00000000	      0.00000000	      0.00000000	      0.00000000	      0.00000000	      0.00000000	      0.00000000	      0.00000000	      0.00000000	      0.00000000	      0.00000000	      0.00000000	      0.00000000	      0.00000000	      0.00000000	      0.00000000	      0.00000000	      0.00000000	      0.00000000	      0.00000000	      0.00000000	      0.00000000	      0.00000000	      0.00000000	      0.00000000	      0.00000000	      0.00000000	      0.00000000	      0.00000000	      0.00000000	      0.00000000	      0.00000000	      0.00000000	      0.00000000	      0.00000000	      0.00000000	      0.00000000	      0.00000000	      0.00000000	      0.00000000	      0.00000000	      0.00000000	      1.22904262	      2.53581129	     -2.18974580	     -4.08090168	      0.00000000	      0.00000000	      0.00000000	      0.00000000	      0.00000000	     -0.00000000	      0.00000000	     -0.00000000	      0.00000000	      0.00000000	    -16.87383055	      6.40127287	      7.80693239	     -0.88371552	      3.34328026	      0.00000000	     -1.59646778	     -0.06590640	     -0.00000000	     -0.00000000	      0.00000000	     -6.29527958	     -0.00000000	      0.48831950	     -6.58694503	      0.00000000	     -1.93394792	     -0.66390133	      0.80984181	     -0.05624604	      0.00000000	      2.22382532	      0.00000000	      0.00000000	     -7.75324825	     -0.00000000	     -0.00000000	      0.00000000
      1.81100000	      0.00000000	      0.00000000	      0.00000000	      0.00000000	      0.00000000	      0.00000000	      0.00000000	      0.00000000	      0.00000000	      0.00000000	      0.00000000	      0.00000000	      0.00000000	      0.00000000	      0.00000000	      0.00000000	      0.00000000	      0.00000000	      0.00000000	      0.00000000	      0.00000000	      0.00000000	      0.00000000	      0.00000000	      0.00000000	      0.00000000	      0.00000000	      0.00000000	      0.00000000	      0.00000000	      0.00000000	      0.00000000	      0.00000000	      0.00000000	      0.00000000	      0.00000000	      0.00000000	      0.00000000	      0.00000000	      0.00000000	      0.00000000	      0.00000000	      1.20290160	      2.52861272	     -2.31636177	     -4.06889855	      0.00000000	     -0.00000000	     -0.00000000	      0.00000000	      0.00000000	      0.00000000	     -0.00000000	     -0.00000000	      0.00000000	      0.00000000	    -16.31835666	      7.25009301	      8.16076047	     -0.85551163	      3.37148374	      0.00000000	     -1.60022201	     -0.06767916	     -0.00000000	     -0.00000000	     -0.00000000	     -6.07428709	      0.00000000	      0.41673274	     -6.55242816	      0.00000000	     -1.99960333	     -0.67341818	      0.80775232	     -0.04835410	     -0.00000000	      2.29397734	     -0.00000000	     -0.00000000	     -7.69961560	     -0.00000000	      0.00000000	      0.00000000
      1.82150000	      0.00000000	      0.00000000	      0.00000000	      0.00000000	      0.00000000	      0.00000000	      0.00000000	      0.00000000	      0.00000000	      0.00000000	      0.00000000	      0.00000000	      0.00000000	      0.00000000	      0.00000000	      0.00000000	      0.00000000	      0.00000000	      0.00000000	      0.00000000	      0.00000000	      0.00000000	      0.00000000	      0.00000000	      0.00000000	      0.00000000	      0.00000000	      0.00000000	      0.00000000	      0.00000000	      0.00000000	      0.00000000	      0.00000000	      0.00000000	      0.00000000	      0.00000000	      0.00000000	      0.00000000	      0.00000000	      0.00000000	      0.00000000	      0.00000000	      1.17647819	      2.52108900	     -2.43084279	     -4.04624149	     -0.00000000	     -0.00000000	     -0.00000000	      0.00000000	      0.00000000	     -0.00000000	     -0.00000000	     -0.00000000	     -0.00000000	     -0.00000000	    -15.77544153	      8.02120458	      8.48451571	     -0.82345601	      3.39546614	      0.00000000	     -1.60346604	     -0.07004940	     -0.00000000	     -0.00000000	     -0.00000000	     -5.87282140	      0.00000000	      0.34149250	     -6.51980430	      0.00000000	     -2.06188697	     -0.68202745	      0.81880037	     -0.03438992	     -0.00000000	      2.35751430	     -0.00000000	     -0.00000000	     -7.65197414	      0.00000000	     -0.00000000	      0.00000000
      1.83200000	      0.00000000	      0.00000000	      0.00000000	      0.00000000	      0.00000000	      0.00000000	      0.00000000	      0.00000000	      0.00000000	      0.00000000	      0.00000000	      0.00000000	      0.00000000	      0.00000000	      0.00000000	      0.00000000	      0.00000000	      0.00000000	      0.00000000	      0.00000000	      0.00000000	      0.00000000	      0.00000000	      0.00000000	      0.00000000	      0.00000000	      0.00000000	      0.00000000	      0.00000000	      0.00000000	      0.00000000	      0.00000000	      0.00000000	      0.00000000	      0.00000000	      0.00000000	      0.00000000	      0.00000000	      0.00000000	      0.00000000	      0.00000000	      0.00000000	      1.14971935	      2.51324362	     -2.53517993	     -4.01268760	     -0.00000000	     -0.00000000	     -0.00000000	      0.00000000	      0.00000000	     -0.00000000	     -0.00000000	     -0.00000000	     -0.00000000	     -0.00000000	    -15.24446250	      8.71591049	      8.77921295	     -0.78740169	      3.41532694	      0.00000000	     -1.60639696	     -0.07304924	     -0.00000000	     -0.00000000	     -0.00000000	     -5.69008453	      0.00000000	      0.26334507	     -6.48953333	      0.00000000	     -2.11828762	     -0.68982500	      0.84451238	     -0.01381373	      0.00000000	      2.41516648	     -0.00000000	     -0.00000000	     -7.61083462	      0.00000000	     -0.00000000	     -0.00000000
      1.84250000	      0.00000000	      0.00000000	      0.00000000	      0.00000000	      0.00000000	      0.00000000	      0.00000000	      0.00000000	      0.00000000	      0.00000000	      0.00000000	      0.00000000	      0.00000000	      0.00000000	      0.00000000	      0.00000000	      0.00000000	      0.00000000	      0.00000000	      0.00000000	      0.00000000	      0.00000000	      0.00000000	      0.00000000	      0.00000000	      0.00000000	      0.00000000	      0.00000000	      0.00000000	      0.00000000	      0.00000000	      0.00000000	      0.00000000	      0.00000000	      0.00000000	      0.00000000	      0.00000000	      0.00000000	      0.00000000	      0.00000000	      0.00000000	      0.00000000	      1.12270176	      2.50510776	     -2.63097131	     -3.96861570	      0.00000000	     -0.00000000	     -0.00000000	      0.00000000	      0.00000000	      0.00000000	      0.00000000	     -0.00000000	     -0.00000000	     -0.00000000	    -14.72655788	      9.33589470	      9.04577122	     -0.74745519	      3.43123883	      0.00000000	     -1.60916345	     -0.07666249	     -0.00000000	     -0.00000000	     -0.00000000	     -5.52523534	     -0.00000000	      0.18338586	     -6.46193986	      0.00000000	     -2.16635495	     -0.69689085	      0.88527477	      0.01341780	     -0.00000000	      2.46757146	     -0.00000000	     -0.00000000	     -7.57640618	     -0.00000000	     -0.00000000	      0.00000000
      1.85300000	      0.00000000	      0.00000000	      0.00000000	      0.00000000	      0.00000000	      0.00000000	      0.00000000	      0.00000000	      0.00000000	      0.00000000	      0.00000000	      0.00000000	      0.00000000	      0.00000000	      0.00000000	      0.00000000	      0.00000000	      0.00000000	      0.00000000	      0.00000000	      0.00000000	      0.00000000	      0.00000000	      0.00000000	      0.00000000	      0.00000000	      0.00000000	      0.00000000	      0.00000000	      0.00000000	      0.00000000	      0.00000000	      0.00000000	      0.00000000	      0.00000000	      0.00000000	      0.00000000	      0.00000000	      0.00000000	      0.00000000	      0.00000000	      0.00000000	      1.09564372	      2.49675149	     -2.71948996	     -3.91505258	      0.00000000	     -0.00000000	     -0.00000000	      0.00000000	      0.00000000	     -0.00000000	     -0.00000000	      0.00000000	     -0.00000000	     -0.00000000	    -14.22526346	      9.88250391	      9.28478625	     -0.70400278	      3.44345007	      0.00000000	     -1.61187310	     -0.08082772	     -0.00000000	     -0.00000000	     -0.00000000	     -5.37743852	     -0.00000000	      0.10319363	     -6.43725764	      0.00000000	     -2.20417930	     -0.70328788	      0.94034328	      0.04685681	     -0.00000000	      2.51530143	     -0.00000000	      0.00000000	     -7.54860924	     -0.00000000	      0.00000000	      0.00000000
      1.86350000	      0.00000000	      0.00000000	      0.00000000	      0.00000000	      0.00000000	      0.00000000	      0.00000000	      0.00000000	      0.00000000	      0.00000000	      0.00000000	      0.00000000	      0.00000000	      0.00000000	      0.00000000	      0.00000000	      0.00000000	      0.00000000	      0.00000000	      0.00000000	      0.00000000	      0.00000000	      0.00000000	      0.00000000	      0.00000000	      0.00000000	      0.00000000	      0.00000000	      0.00000000	      0.00000000	      0.00000000	      0.00000000	      0.00000000	      0.00000000	      0.00000000	      0.00000000	      0.00000000	      0.00000000	      0.00000000	      0.00000000	      0.00000000	      0.00000000	      1.06879092	      2.48825529	     -2.80178215	     -3.85360685	     -0.00000000	      0.00000000	     -0.00000000	      0.00000000	      0.00000000	      0.00000000	      0.00000000	     -0.00000000	      0.00000000	      0.00000000	    -13.74432105	     10.35803714	      9.49707562	     -0.65772118	      3.45227133	      0.00000000	     -1.61460082	     -0.08546278	     -0.00000000	     -0.00000000	     -0.00000000	     -5.24573401	     -0.00000000	      0.02433872	     -6.41559922	      0.00000000	     -2.23088602	     -0.70907121	      1.00796421	      0.08561132	     -0.00000000	      2.55885888	      0.00000000	      0.00000000	     -7.52713525	      0.00000000	     -0.00000000	      0.00000000
      1.87400000	      0.00000000	      0.00000000	      0.00000000	      0.00000000	      0.00000000	      0.00000000	      0.00000000	      0.00000000	      0.00000000	      0.00000000	      0.00000000	      0.00000000	      0.00000000	      0.00000000	      0.00000000	      0.00000000	      0.00000000	      0.00000000	      0.00000000	      0.00000000	      0.00000000	      0.00000000	      0.00000000	      0.00000000	      0.00000000	      0.00000000	      0.00000000	      0.00000000	      0.00000000	      0.00000000	      0.00000000	      0.00000000	      0.00000000	      0.00000000	      0.00000000	      0.00000000	      0.00000000	      0.00000000	      0.00000000	      0.00000000	      0.00000000	      0.00000000	      1.04257553	      2.47976369	     -2.87791008	     -3.78661675	      0.00000000	      0.00000000	      0.00000000	      0.00000000	      0.00000000	      0.00000000	      0.00000000	     -0.00000000	     -0.00000000	     -0.00000000	    -13.28793272	     10.76763947	      9.68400660	     -0.60962147	      3.45814660	      0.00000000	     -1.61733331	     -0.09040034	     -0.00000000	     -0.00000000	     -0.00000000	     -5.12926971	      0.00000000	     -0.05180005	     -6.39686634	      0.00000000	     -2.24687414	     -0.71426818	      1.08503552	      0.12822244	     -0.00000000	      2.59836362	      0.00000000	     -0.00000000	     -7.51132190	      0.00000000	      0.00000000	      0.00000000
      1.88450000	      0.00000000	      0.00000000	      0.00000000	      0.00000000	      0.00000000	      0.00000000	      0.00000000	      0.00000000	      0.00000000	      0.00000000	      0.00000000	      0.00000000	      0.00000000	      0.00000000	      0.00000000	      0.00000000	      0.00000000	      0.00000000	      0.00000000	      0.00000000	      0.00000000	      0.00000000	      0.00000000	      0.00000000	      0.00000000	      0.00000000	      0.00000000	      0.00000000	      0.00000000	      0.00000000	      0.00000000	      0.00000000	      0.00000000	      0.00000000	      0.00000000	      0.00000000	      0.00000000	      0.00000000	      0.00000000	      0.00000000	      0.00000000	      0.00000000	      1.01746814	      2.47144518	     -2.94770602	     -3.71666508	      0.00000000	      0.00000000	      0.00000000	      0.00000000	      0.00000000	     -0.00000000	     -0.00000000	     -0.00000000	      0.00000000	      0.00000000	    -12.86134379	     11.11548617	      9.84653013	     -0.56089810	      3.46152333	      0.00000000	     -1.62003850	     -0.09546679	     -0.00000000	     -0.00000000	     -0.00000000	     -5.02744103	      0.00000000	     -0.12375903	     -6.38095875	      0.00000000	     -2.25431894	     -0.71889039	      1.16803258	      0.17304325	     -0.00000000	      2.63383356	      0.00000000	     -0.00000000	     -7.50046118	      0.00000000	      0.00000000	     -0.00000000
      1.89500000	      0.00000000	      0.00000000	      0.00000000	      0.00000000	      0.00000000	      0.00000000	      0.00000000	      0.00000000	      0.00000000	      0.00000000	      0.00000000	      0.00000000	      0.00000000	      0.00000000	      0.00000000	      0.00000000	      0.00000000	      0.00000000	      0.00000000	      0.00000000	      0.00000000	      0.00000000	      0.00000000	      0.00000000	      0.00000000	      0.00000000	      0.00000000	      0.00000000	      0.00000000	      0.00000000	      0.00000000	      0.00000000	      0.00000000	      0.00000000	      0.00000000	      0.00000000	      0.00000000	      0.00000000	      0.00000000	      0.00000000	      0.00000000	      0.00000000	      0.99386576	      2.46346164	     -3.01139549	     -3.64610649	     -0.00000000	     -0.00000000	     -0.00000000	      0.00000000	      0.00000000	      0.00000000	      0.00000000	     -0.00000000	     -0.00000000	     -0.00000000	    -12.47267694	     11.39908688	      9.98342833	     -0.51276725	      3.46266710	      0.00000000	     -1.62274163	     -0.10056283	      0.00000000	      0.00000000	      0.00000000	     -4.94046875	     -0.00000000	     -0.18947155	     -6.36807767	      0.00000000	     -2.25597885	     -0.72292956	      1.25387101	      0.21859323	      0.00000000	      2.66534221	     -0.00000000	      0.00000000	     -7.49423521	     -0.00000000	      0.00000000	      0.00000000
      1.90550000	      0.00000000	      0.00000000	      0.00000000	      0.00000000	      0.00000000	      0.00000000	      0.00000000	      0.00000000	      0.00000000	      0.00000000	      0.00000000	      0.00000000	      0.00000000	      0.00000000	      0.00000000	      0.00000000	      0.00000000	      0.00000000	      0.00000000	      0.00000000	      0.00000000	      0.00000000	      0.00000000	      0.00000000	      0.00000000	      0.00000000	      0.00000000	      0.00000000	      0.00000000	      0.00000000	      0.00000000	      0.00000000	      0.00000000	      0.00000000	      0.00000000	      0.00000000	      0.00000000	      0.00000000	      0.00000000	      0.00000000	      0.00000000	      0.00000000	      0.97230211	      2.45603502	     -3.06862330	     -3.57743380	     -0.00000000	      0.00000000	     -0.00000000	      0.00000000	      0.00000000	      0.00000000	      0.00000000	     -0.00000000	     -0.00000000	      0.00000000	    -12.13127765	     11.61675884	     10.09349730	     -0.46653080	      3.46192840	      0.00000000	     -1.62542105	     -0.10553857	     -0.00000000	     -0.00000000	     -0.00000000	     -4.86879284	      0.00000000	     -0.24685793	     -6.35834711	      0.00000000	     -2.25460445	     -0.72635832	      1.33909184	      0.26325224	     -0.00000000	      2.69273454	     -0.00000000	      0.00000000	     -7.49214673	     -0.00000000	     -0.00000000	      0.00000000
      1.91600000	      0.00000000	      0.00000000	      0.00000000	      0.00000000	      0.00000000	      0.00000000	      0.00000000	      0.00000000	      0.00000000	      0.00000000	      0.00000000	      0.00000000	      0.00000000	      0.00000000	      0.00000000	      0.00000000	      0.00000000	      0.00000000	      0.00000000	      0.00000000	      0.00000000	      0.00000000	      0.00000000	      0.00000000	      0.00000000	      0.00000000	      0.00000000	      0.00000000	      0.00000000	      0.00000000	      0.00000000	      0.00000000	      0.00000000	      0.00000000	      0.00000000	      0.00000000	      0.00000000	      0.00000000	      0.00000000	      0.00000000	      0.00000000	      0.00000000	      0.95346472	      2.44944666	     -3.11815586	     -3.51321892	      0.00000000	      0.00000000	      0.00000000	      0.00000000	      0.00000000	     -0.00000000	     -0.00000000	      0.00000000	     -0.00000000	     -0.00000000	    -11.84327220	     11.77701030	     10.17882969	     -0.42341797	      3.46002041	      0.00000000	     -1.62792942	     -0.11011576	     -0.00000000	      0.00000000	      0.00000000	     -4.81160864	      0.00000000	     -0.29483696	     -6.35133059	      0.00000000	     -2.25376103	     -0.72917088	      1.41972456	      0.30526157	     -0.00000000	      2.71573697	     -0.00000000	      0.00000000	     -7.49286905	      0.00000000	     -0.00000000	      0.00000000
      1.92650000	      0.00000000	      0.00000000	      0.00000000	      0.00000000	      0.00000000	      0.00000000	      0.00000000	      0.00000000	      0.00000000	      0.00000000	      0.00000000	      0.00000000	      0.00000000	      0.00000000	      0.00000000	      0.00000000	      0.00000000	      0.00000000	      0.00000000	      0.00000000	      0.00000000	      0.00000000	      0.00000000	      0.00000000	      0.00000000	      0.00000000	      0.00000000	      0.00000000	      0.00000000	      0.00000000	      0.00000000	      0.00000000	      0.00000000	      0.00000000	      0.00000000	      0.00000000	      0.00000000	      0.00000000	      0.00000000	      0.00000000	      0.00000000	      0.00000000	      0.93761253	      2.44383819	     -3.16001311	     -3.45529144	     -0.00000000	      0.00000000	      0.00000000	      0.00000000	      0.00000000	      0.00000000	      0.00000000	      0.00000000	      0.00000000	     -0.00000000	    -11.60999992	     11.88905916	     10.24251936	     -0.38442050	      3.45755017	      0.00000000	     -1.63019324	     -0.11414435	     -0.00000000	     -0.00000000	      0.00000000	     -4.76712005	     -0.00000000	     -0.33311656	     -6.34654326	      0.00000000	     -2.25544939	     -0.73141862	      1.49302503	      0.34336493	      0.00000000	      2.73466848	      0.00000000	      0.00000000	     -7.49521321	     -0.00000000	     -0.00000000	     -0.00000000
      1.93700000	      0.00000000	      0.00000000	      0.00000000	      0.00000000	      0.00000000	      0.00000000	      0.00000000	      0.00000000	      0.00000000	      0.00000000	      0.00000000	      0.00000000	      0.00000000	      0.00000000	      0.00000000	      0.00000000	      0.00000000	      0.00000000	      0.00000000	      0.00000000	      0.00000000	      0.00000000	      0.00000000	      0.00000000	      0.00000000	      0.00000000	      0.00000000	      0.00000000	      0.00000000	      0.00000000	      0.00000000	      0.00000000	      0.00000000	      0.00000000	      0.00000000	      0.00000000	      0.00000000	      0.00000000	      0.00000000	      0.00000000	      0.00000000	      0.00000000	      0.92468653	      2.43923719	     -3.19497759	     -3.40472952	      0.00000000	     -0.00000000	     -0.00000000	      0.00000000	      0.00000000	     -0.00000000	     -0.00000000	     -0.00000000	     -0.00000000	      0.00000000	    -11.43040688	     11.95863981	     10.28689283	     -0.35025884	      3.45486470	      0.00000000	     -1.63221579	     -0.11759966	     -0.00000000	     -0.00000000	      0.00000000	     -4.73371215	      0.00000000	     -0.36177290	     -6.34368685	      0.00000000	     -2.25954526	     -0.73316539	      1.55746767	      0.37681372	      0.00000000	      2.75006571	     -0.00000000	      0.00000000	     -7.49849921	      0.00000000	      0.00000000	      0.00000000
      1.94750000	      0.00000000	      0.00000000	      0.00000000	      0.00000000	      0.00000000	      0.00000000	      0.00000000	      0.00000000	      0.00000000	      0.00000000	      0.00000000	      0.00000000	      0.00000000	      0.00000000	      0.00000000	      0.00000000	      0.00000000	      0.00000000	      0.00000000	      0.00000000	      0.00000000	      0.00000000	      0.00000000	      0.00000000	      0.00000000	      0.00000000	      0.00000000	      0.00000000	      0.00000000	      0.00000000	      0.00000000	      0.00000000	      0.00000000	      0.00000000	      0.00000000	      0.00000000	      0.00000000	      0.00000000	      0.00000000	      0.00000000	      0.00000000	      0.00000000	      0.91479109	      2.43571509	     -3.22295814	     -3.36244890	     -0.00000000	      0.00000000	      0.00000000	      0.00000000	      0.00000000	      0.00000000	      0.00000000	      0.00000000	      0.00000000	      0.00000000	    -11.30429836	     11.99128474	     10.31383487	     -0.32153036	      3.45228109	      0.00000000	     -1.63395031	     -0.12040706	     -0.00000000	     -0.00000000	     -0.00000000	     -4.71048207	      0.00000000	     -0.38094280	     -6.34247659	      0.00000000	     -2.26527770	     -0.73443914	      1.61163456	      0.40494102	      0.00000000	      2.76204881	      0.00000000	      0.00000000	     -7.50212623	      0.00000000	      0.00000000	      0.00000000
      1.95800000	      0.00000000	      0.00000000	      0.00000000	      0.00000000	      0.00000000	      0.00000000	      0.00000000	      0.00000000	      0.00000000	      0.00000000	      0.00000000	      0.00000000	      0.00000000	      0.00000000	      0.00000000	      0.00000000	      0.00000000	      0.00000000	      0.00000000	      0.00000000	      0.00000000	      0.00000000	      0.00000000	      0.00000000	      0.00000000	      0.00000000	      0.00000000	      0.00000000	      0.00000000	      0.00000000	      0.00000000	      0.00000000	      0.00000000	      0.00000000	      0.00000000	      0.00000000	      0.00000000	      0.00000000	      0.00000000	      0.00000000	      0.00000000	      0.00000000	      0.90739360	      2.43311389	     -3.24602404	     -3.32830289	     -0.00000000	     -0.00000000	     -0.00000000	      0.00000000	      0.00000000	     -0.00000000	     -0.00000000	      0.00000000	     -0.00000000	      0.00000000	    -11.22514590	     11.99228183	     10.32626796	     -0.29830031	      3.44991826	      0.00000000	     -1.63548781	     -0.12269222	      0.00000000	      0.00000000	      0.00000000	     -4.69497877	     -0.00000000	     -0.39152177	     -6.34262841	      0.00000000	     -2.27044873	     -0.73535412	      1.65580234	      0.42781992	      0.00000000	      2.77171201	     -0.00000000	      0.00000000	     -7.50574638	     -0.00000000	     -0.00000000	     -0.00000000
      1.96850000	      0.00000000	      0.00000000	      0.00000000	      0.00000000	      0.00000000	      0.00000000	      0.00000000	      0.00000000	      0.00000000	      0.00000000	      0.00000000	      0.00000000	      0.00000000	      0.00000000	      0.00000000	      0.00000000	      0.00000000	      0.00000000	      0.00000000	      0.00000000	      0.00000000	      0.00000000	      0.00000000	      0.00000000	      0.00000000	      0.00000000	      0.00000000	      0.00000000	      0.00000000	      0.00000000	      0.00000000	      0.00000000	      0.00000000	      0.00000000	      0.00000000	      0.00000000	      0.00000000	      0.00000000	      0.00000000	      0.00000000	      0.00000000	      0.00000000	      0.90192052	      2.43125298	     -3.26654187	     -3.30185833	      0.00000000	     -0.00000000	      0.00000000	      0.00000000	      0.00000000	     -0.00000000	     -0.00000000	     -0.00000000	      0.00000000	      0.00000000	    -11.18662511	     11.96612969	     10.32696338	     -0.28042148	      3.44786816	      0.00000000	     -1.63693668	     -0.12460003	      0.00000000	      0.00000000	     -0.00000000	     -4.68454762	     -0.00000000	     -0.39426288	     -6.34387042	      0.00000000	     -2.27270917	     -0.73603312	      1.69064911	      0.44572533	      0.00000000	      2.78031499	     -0.00000000	     -0.00000000	     -7.50901167	     -0.00000000	      0.00000000	      0.00000000
      1.97900000	      0.00000000	      0.00000000	      0.00000000	      0.00000000	      0.00000000	      0.00000000	      0.00000000	      0.00000000	      0.00000000	      0.00000000	      0.00000000	      0.00000000	      0.00000000	      0.00000000	      0.00000000	      0.00000000	      0.00000000	      0.00000000	      0.00000000	      0.00000000	      0.00000000	      0.00000000	      0.00000000	      0.00000000	      0.00000000	      0.00000000	      0.00000000	      0.00000000	      0.00000000	      0.00000000	      0.00000000	      0.00000000	      0.00000000	      0.00000000	      0.00000000	      0.00000000	      0.00000000	      0.00000000	      0.00000000	      0.00000000	      0.00000000	      0.00000000	      0.89909594	      2.43038889	     -3.28217610	     -3.28358295	     -0.00000000	     -0.00000000	      0.00000000	      0.00000000	      0.00000000	      0.00000000	      0.00000000	     -0.00000000	     -0.00000000	     -0.00000000	    -11.19353366	     11.91949950	     10.31713943	     -0.26792122	      3.44658810	      0.00000000	     -1.63809542	     -0.12585464	      0.00000000	      0.00000000	      0.00000000	     -4.67957568	      0.00000000	     -0.38878772	     -6.34583821	      0.00000000	     -2.27258500	     -0.73642253	      1.71498002	      0.45826536	     -0.00000000	      2.78706792	     -0.00000000	     -0.00000000	     -7.51106696	      0.00000000	     -0.00000000	      0.00000000
      1.98950000	      0.00000000	      0.00000000	      0.00000000	      0.00000000	      0.00000000	      0.00000000	      0.00000000	      0.00000000	      0.00000000	      0.00000000	      0.00000000	      0.00000000	      0.00000000	      0.00000000	      0.00000000	      0.00000000	      0.00000000	      0.00000000	      0.00000000	      0.00000000	      0.00000000	      0.00000000	      0.00000000	      0.00000000	      0.00000000	      0.00000000	      0.00000000	      0.00000000	      0.00000000	      0.00000000	      0.00000000	      0.00000000	      0.00000000	      0.00000000	      0.00000000	      0.00000000	      0.00000000	      0.00000000	      0.00000000	      0.00000000	      0.00000000	      0.00000000	      0.89953995	      2.43072492	     -3.28997804	     -3.27343019	      0.00000000	     -0.00000000	     -0.00000000	      0.00000000	      0.00000000	      0.00000000	      0.00000000	     -0.00000000	      0.00000000	      0.00000000	    -11.25380014	     11.84267026	     10.29194610	     -0.26078385	      3.44576211	      0.00000000	     -1.63887053	     -0.12633676	     -0.00000000	      0.00000000	      0.00000000	     -4.68452407	      0.00000000	     -0.37418327	     -6.34916086	      0.00000000	     -2.26989211	     -0.73634437	      1.72865610	      0.46543435	      0.00000000	      2.79015905	     -0.00000000	     -0.00000000	     -7.51292552	      0.00000000	     -0.00000000	      0.00000000
      2.00000000	      0.00000000	      0.00000000	      0.00000000	      0.00000000	      0.00000000	      0.00000000	      0.00000000	      0.00000000	      0.00000000	      0.00000000	      0.00000000	      0.00000000	      0.00000000	      0.00000000	      0.00000000	      0.00000000	      0.00000000	      0.00000000	      0.00000000	      0.00000000	      0.00000000	      0.00000000	      0.00000000	      0.00000000	      0.00000000	      0.00000000	      0.00000000	      0.00000000	      0.00000000	      0.00000000	      0.00000000	      0.00000000	      0.00000000	      0.00000000	      0.00000000	      0.00000000	      0.00000000	      0.00000000	      0.00000000	      0.00000000	      0.00000000	      0.00000000	      0.90282757	      2.43206890	     -3.28750062	     -3.26929450	     -0.00000000	      0.00000000	     -0.00000000	      0.00000000	      0.00000000	      0.00000000	     -0.00000000	      0.00000000	     -0.00000000	      0.00000000	    -11.38205944	     11.66529483	     10.22540101	     -0.25891305	      3.44216434	      0.00000000	     -1.63972207	     -0.12671179	      0.00000000	      0.00000000	      0.00000000	     -4.71657772	     -0.00000000	     -0.34798036	     -6.35802653	      0.00000000	     -2.25903562	     -0.73527240	      1.73580409	      0.46873438	      0.00000000	      2.78533980	     -0.00000000	     -0.00000000	     -7.52238164	      0.00000000	      0.00000000	      0.00000000
