ActiveFiberForceAlongTendon
version=1
nRows=100
nColumns=85
inDegrees=no

This analysis gathers basic information about muscles during a simulation (e.g., forces, tendon lengths, moment arms, etc).
Units are S.I. units (second, meters, Newtons, ...)
If the header above contains a line with 'inDegrees', this indicates whether rotational values are in degrees (yes) or radians (no).

endheader
time	addbrev_r	addlong_r	addmagMid_r	bflh_r	bfsh_r	edl_r	ehl_r	ercspn_r	extobl_r	fdb_r	fdl_r	fhl_r	gaslat_r	gasmed_r	glmax2_r	glmed2_r	glmin2_r	grac_r	iliacus_r	intobl_r	obtext_r	pect_r	perbrev_r	perlong_r	pertert_r	piri_r	popli_r	psoas_r	quadfem_r	recabd_r	recfem_r	sart_r	semimem_r	semiten_r	soleus_r	tfl_r	tibant_r	tibpost_r	tricox_r	vasint_r	vaslat_r	vasmed_r	addbrev_l	addlong_l	addmagMid_l	bflh_l	bfsh_l	edl_l	ehl_l	ercspn_l	extobl_l	fdb_l	fdl_l	fhl_l	gaslat_l	gasmed_l	glmax2_l	glmed2_l	glmin2_l	grac_l	iliacus_l	intobl_l	obtext_l	pect_l	perbrev_l	perlong_l	pertert_l	piri_l	popli_l	psoas_l	quadfem_l	recabd_l	recfem_l	sart_l	semimem_l	semiten_l	soleus_l	tfl_l	tibant_l	tibpost_l	tricox_l	vasint_l	vaslat_l	vasmed_l
      0.96050000	    250.89427444	    383.09217103	   1081.88752873	    601.39938282	    239.95832518	    260.27633811	    124.33558211	    989.65607554	    324.56148875	    444.00114497	    181.83524015	    394.75928564	    650.13677730	   1292.31768445	   1325.37502105	   1029.29153175	    470.02374536	    124.87427077	    387.34291676	    343.64283575	     43.55379960	    112.12742125	    217.01873674	    477.39367883	     73.68796836	    389.74973782	    146.62468447	    538.35220072	    148.00915671	    254.50979778	    893.25508578	    100.99267445	   1008.97368533	    268.09520614	   2534.43434189	    173.41923208	    519.29530069	    703.20018500	    209.28237095	    748.09725226	   2271.71191454	   1210.71876232	    261.50107487	    402.12177534	   1071.98184708	    588.81229264	    233.52221008	    262.35938913	    125.29346251	    996.42328853	    332.82606328	    449.49816116	    186.80975357	    405.69337972	    668.19482740	   1327.13252730	   1301.97222419	    969.93942455	    438.22437046	    124.30045720	    393.79659559	    362.68345277	     43.43172314	    112.66719607	    224.59750686	    490.76021571	     74.48606289	    362.81504518	    146.60528532	    546.27986222	    145.99086405	    255.19088295	    943.40017751	    102.09978859	    987.63571916	    262.87047954	   2623.58591081	    174.61733094	    519.49536505	    730.48239796	    200.42128106	    747.87377595	   2270.40781623	   1210.27350884
      0.97100000	    250.74260387	    382.76369513	   1081.80227929	    601.42643829	    240.15577531	    260.22385151	    124.31066279	    989.69540616	    324.58062166	    444.00114497	    181.86471257	    394.83501665	    650.64986843	   1293.29629172	   1325.41351921	   1029.42935599	    470.16015988	    124.89524641	    387.31125797	    343.49601245	     43.54826037	    112.11304038	    217.08792597	    477.48138726	     73.67430416	    389.75998165	    146.67624574	    538.32725465	    148.00183013	    254.50373750	    891.70519260	    101.02357974	   1009.01014378	    268.12368426	   2535.39680036	    173.42007165	    519.15840123	    703.45791762	    209.25751394	    747.86145222	   2270.98743897	   1210.37189745	    261.49440796	    402.10426161	   1072.05273282	    588.98854390	    233.57250008	    262.36498912	    125.29611524	    996.41745098	    332.78140701	    449.49816116	    186.80724834	    405.68778895	    668.21751686	   1327.16633284	   1302.15805977	    970.18704123	    438.09437638	    124.32057331	    393.74716795	    362.69146264	     43.43562396	    112.66549157	    224.59351451	    490.75529428	     74.48818807	    363.01258181	    146.62521129	    546.22616033	    146.03975508	    255.18284927	    943.06542625	    102.07494069	    987.94927064	    262.93517702	   2623.55944464	    174.57201877	    519.52109653	    730.46675219	    200.48345865	    747.84469884	   2270.32055507	   1210.22889296
      0.98150000	    250.59848538	    382.48284306	   1081.69516722	    601.46155057	    240.45474948	    260.15239695	    124.27673759	    989.82174548	    324.57540513	    444.00114497	    181.90472666	    394.93738245	    651.35615521	   1294.62740295	   1325.42092318	   1029.53440118	    470.30420437	    124.93504744	    387.31179869	    343.45337990	     43.53999644	    112.09704062	    217.18085241	    477.59906722	     73.65552440	    389.76261729	    146.75287818	    538.32152580	    147.98782031	    254.48233410	    889.50998240	    101.07851067	   1009.05789277	    268.16222799	   2536.66834432	    173.42858887	    518.96925303	    703.80509196	    209.19886776	    747.48751809	   2269.84058920	   1209.82343983	    261.49346296	    402.08696215	   1072.16750184	    589.23900961	    233.64747189	    262.37905656	    125.30277908	    996.41193234	    332.66288354	    449.49816116	    186.80095065	    405.67373002	    668.23883301	   1327.19615010	   1302.41114221	    970.42040326	    437.83684007	    124.35251337	    393.67801128	    362.66783299	     43.44094870	    112.66498971	    224.58346922	    490.74291004	     74.49352122	    363.12006846	    146.65477481	    546.13587203	    146.10389173	    255.15449577	    942.56512304	    102.03839316	    988.39487110	    263.02927301	   2623.49269468	    174.50264221	    519.58564034	    730.42738084	    200.52507263	    747.80104638	   2270.18942593	   1210.16192773
      0.99200000	    250.47477081	    382.27236686	   1081.57778627	    601.50328507	    240.83591519	    260.03915655	    124.22297250	    990.01259786	    324.57890282	    444.00114497	    181.96787173	    395.09789205	    652.28255497	   1296.34881463	   1325.39959809	   1029.60100197	    470.44196087	    124.99381708	    387.34129619	    343.52332570	     43.52986058	    112.08103637	    217.32520191	    477.78159808	     73.62534444	    389.75806336	    146.84809722	    538.34038238	    147.96867668	    254.45244489	    886.68424743	    101.15467116	   1009.11418924	    268.20972438	   2538.59574751	    173.44048311	    518.66290643	    704.34661116	    209.11374574	    746.97868367	   2268.28408169	   1209.08021201	    261.49433737	    402.06678250	   1072.31328040	    589.54189748	    233.73644486	    262.40322924	    125.31422997	    996.39431764	    332.48286924	    449.49816116	    186.79011424	    405.64952292	    668.24788280	   1327.20481613	   1302.72460055	    970.69573135	    437.51908341	    124.39236264	    393.59072029	    362.61838869	     43.44680827	    112.66477490	    224.56615326	    490.72155803	     74.50266736	    363.17879319	    146.68964023	    546.01359067	    146.17722218	    255.11215182	    941.92187858	    101.99094096	    988.93246286	    263.14564593	   2623.37710196	    174.41225744	    519.69623157	    730.35949826	    200.54251190	    747.74876217	   2270.03217191	   1210.08174538
      1.00250000	    250.37906487	    382.14397861	   1081.45839548	    601.55065515	    241.28352899	    259.88415937	    124.14938062	    990.23485524	    324.59852330	    444.00114497	    182.05373909	    395.31421190	    653.34797798	   1298.28794320	   1325.35365807	   1029.63508630	    470.56486106	    125.07246351	    387.39446122	    343.66932649	     43.51984936	    112.06659568	    217.51717450	    478.02384194	     73.58320761	    389.75084379	    146.95642593	    538.38224724	    147.94824527	    254.41965225	    883.21612175	    101.25072445	   1009.17666831	    268.26543024	   2541.06959129	    173.45297551	    518.23041127	    705.07074247	    209.02792279	    746.32984834	   2266.30630407	   1208.13751896	    261.49601608	    402.04370218	   1072.47927303	    589.86918325	    233.82382901	    262.45001854	    125.33639515	    996.36540003	    332.26713723	    449.49816116	    186.76908565	    405.60249007	    668.20631316	   1327.13015700	   1303.08149054	    971.01264470	    437.17599243	    124.43614948	    393.48928503	    362.55348877	     43.45249561	    112.66462865	    224.53243814	    490.67996933	     74.52030609	    363.18044064	    146.72365313	    545.86949150	    146.25313419	    255.06322846	    941.17753059	    101.93397840	    989.51074115	    263.27455340	   2623.15010633	    174.30489853	    519.90915694	    730.22727540	    200.52598493	    747.69689691	   2269.87597340	   1210.00223263
      1.01300000	    250.35948252	    382.22043778	   1081.34910691	    601.59977988	    241.78406471	    259.74447430	    124.08305805	    990.43813456	    324.65451221	    444.00114497	    182.13053792	    395.50586711	    654.31433379	   1300.00263055	   1325.25781223	   1029.60002599	    470.64206471	    125.17498722	    387.49375180	    343.87557315	     43.51331209	    112.05806711	    217.68485729	    478.23496443	     73.54441638	    389.74351431	    147.07317802	    538.46715861	    147.93116673	    254.39411929	    879.27806841	    101.37116788	   1009.23989051	    268.32565412	   2543.14763761	    173.47313530	    517.82748239	    705.70667528	    208.97725851	    745.52937099	   2263.87740064	   1206.98202958	    261.49429664	    402.01240906	   1072.66433261	    590.21993006	    233.89975053	    262.50562945	    125.36274023	    996.32058944	    332.06007671	    449.49816116	    186.74400073	    405.54628449	    668.13662977	   1327.00960179	   1303.50493722	    971.41079257	    436.76939261	    124.48243850	    393.36679197	    362.48744299	     43.45936908	    112.66384474	    224.49202373	    490.63009043	     74.54115934	    363.24506515	    146.75302069	    545.71083988	    146.34224096	    255.02008418	    940.32462647	    101.86537004	    990.12213198	    263.41531473	   2622.87462864	    174.17470766	    520.16027708	    730.06869324	    200.53217875	    747.65141437	   2269.73883467	   1209.93252786
      1.02350000	    250.46231997	    382.61677699	   1081.26105820	    601.64647841	    242.31575183	    259.61569089	    124.02191129	    990.59146421	    324.77039278	    444.00114497	    182.20082897	    395.67984135	    655.18505695	   1301.51117530	   1325.08454740	   1029.44632282	    470.64420226	    125.30149884	    387.66208988	    344.15736844	     43.51133052	    112.05900017	    217.83516602	    478.42384055	     73.50796835	    389.73196099	    147.19221157	    538.61519812	    147.91761072	    254.38378999	    875.14017657	    101.51775662	   1009.29887344	    268.38615921	   2544.94541879	    173.50840676	    517.44485702	    706.27920791	    208.96453967	    744.57841735	   2261.00842000	   1205.61979545	    261.48381187	    401.96682247	   1072.86143127	    590.59254800	    233.96526262	    262.57228112	    125.39431700	    996.25084252	    331.89139652	    449.49816116	    186.71380422	    405.47847990	    668.03344942	   1326.83373263	   1304.00840104	    971.95886886	    436.31737783	    124.52971947	    393.21860346	    362.42834221	     43.46782972	    112.66137404	    224.44308878	    490.56965712	     74.56599386	    363.48640377	    146.77822530	    545.54218326	    146.44797047	    254.99134605	    939.34701584	    101.78484474	    990.76132620	    263.56750665	   2622.53611174	    174.01810125	    520.45846689	    729.87655918	    200.59936888	    747.61184889	   2269.61941701	   1209.87190917
      1.03400000	    250.65268439	    383.23917678	   1081.18279562	    601.68885754	    242.84234383	    259.43267525	    123.93501497	    990.73950674	    324.94438633	    444.00114497	    182.29983907	    395.92266259	    656.08113886	   1303.02391208	   1324.84547670	   1029.17994833	    470.59734718	    125.43886201	    387.88536864	    344.63023412	     43.50795466	    112.06531765	    218.04200238	    478.68317716	     73.45504519	    389.70393846	    147.30510991	    538.81497634	    147.89673326	    254.38279500	    870.97308719	    101.68012008	   1009.35197903	    268.44477311	   2547.32006192	    173.55973587	    516.88256054	    707.07054132	    208.91405389	    743.51551140	   2257.82370281	   1204.11017823	    261.46468444	    401.90962126	   1073.05079903	    590.95103270	    234.01343304	    262.66089375	    125.43630001	    996.14937688	    331.72205602	    449.49816116	    186.67343605	    405.38758391	    667.86433528	   1326.54821477	   1304.54129143	    972.64420418	    435.93902229	    124.57315253	    393.05805067	    362.35128475	     43.47546812	    112.65705778	    224.37717762	    490.48819213	     74.59874309	    363.81602328	    146.79667780	    545.36345782	    146.55019548	    254.96728624	    938.31992857	    101.69812254	    991.37048377	    263.71776889	   2622.07150222	    173.84910956	    520.85021020	    729.61758325	    200.66835805	    747.58256602	   2269.53096439	   1209.82705545
      1.04450000	    250.88492743	    383.96980914	   1081.09884426	    601.72766452	    243.34979262	    259.24729913	    123.84699882	    990.91845274	    325.16005796	    444.00114497	    182.39903522	    396.16343749	    656.85515765	   1304.29364031	   1324.56009660	   1028.83708818	    470.53656817	    125.57930793	    388.14223815	    345.38220017	     43.50004872	    112.07316518	    218.24378568	    478.93554288	     73.40009434	    389.65689541	    147.40923353	    539.05014388	    147.86329715	    254.38496460	    866.74457410	    101.85210465	   1009.40012842	    268.50196876	   2549.52738821	    173.62671640	    516.29062808	    707.84598551	    208.79505084	    742.34812740	   2254.35293963	   1202.46687607	    261.43935024	    401.84569366	   1073.21993407	    591.26704984	    234.03216364	    262.75384411	    125.48034063	    996.01722028	    331.52124926	    449.49816116	    186.63081853	    405.29130708	    667.65726438	   1326.19925929	   1305.05595060	    973.41265061	    435.71309446	    124.60895818	    392.89862900	    362.23060990	     43.48044122	    112.65122675	    224.30697355	    490.40133735	     74.63276701	    364.11361182	    146.80383459	    545.17689465	    146.63377686	    254.93918236	    937.33257032	    101.60979472	    991.90522578	    263.85443927	   2621.56560154	    173.68271299	    521.25538120	    729.34152726	    200.67915960	    747.57113564	   2269.49642157	   1209.80954965
      1.05500000	    251.19899831	    384.89596598	   1081.02256166	    601.76242706	    243.84151912	    259.13105801	    123.79180866	    991.07810277	    325.40899426	    444.00114497	    182.46066161	    396.31181197	    657.41075077	   1305.18755052	   1324.20874182	   1028.39331303	    470.42681010	    125.72900770	    388.44249533	    346.27651466	     43.49391342	    112.08805594	    218.36653053	    479.08875121	     73.36494763	    389.60102309	    147.50574707	    539.32944067	    147.82780051	    254.39668304	    862.56764045	    102.03968225	   1009.44244387	    268.55665948	   2550.81801883	    173.71214358	    515.90786913	    708.31914148	    208.68579425	    741.04171195	   2250.50168290	   1200.64441177	    261.40607435	    401.77110241	   1073.37708338	    591.55725399	    234.01957773	    262.85477992	    125.52816756	    995.86413668	    331.33986438	    449.49816116	    186.58422211	    405.18566474	    667.39834358	   1325.76239617	   1305.57758312	    974.28615634	    435.60715513	    124.63858413	    392.73246185	    362.08970361	     43.48352105	    112.64358529	    224.22947371	    490.30535615	     74.66933344	    364.41282512	    146.79902675	    544.98885766	    146.70652587	    254.91825916	    936.35293401	    101.51587893	    992.39337911	    263.98352267	   2620.99377241	    173.51168821	    521.68871095	    729.03656205	    200.64864979	    747.57881894	   2269.51964161	   1209.82131658
      1.06550000	    251.63964844	    386.10464822	   1080.97192335	    601.78996523	    244.30006982	    259.00151018	    123.73030171	    991.16830451	    325.69199551	    444.00114497	    182.52881042	    396.47484963	    657.99725720	   1305.98729919	   1323.76512964	   1027.79095254	    470.22143655	    125.88622184	    388.79786801	    347.16384197	     43.49331605	    112.11543629	    218.50002632	    479.25511668	     73.32515193	    389.53665789	    147.59180209	    539.66201181	    147.79564772	    254.42491345	    858.85612350	    102.24183759	   1009.47603996	    268.60427119	   2552.17752768	    173.81879278	    515.47070086	    708.83482746	    208.62355210	    739.61409536	   2246.33098564	   1198.67062069	    261.36119433	    401.67919089	   1073.52888644	    591.83802841	    233.97585288	    262.97008095	    125.58280463	    995.69553174	    331.22927819	    449.49816116	    186.53058859	    405.06357305	    667.06558544	   1325.19819093	   1306.13818351	    975.30737697	    435.58114237	    124.66328703	    392.54884185	    361.96181289	     43.48582755	    112.63355955	    224.13929306	    490.19353797	     74.71061970	    364.79533055	    146.78228789	    544.80397631	    146.77814292	    254.91631558	    935.33482719	    101.41228204	    992.86075553	    264.11131526	   2620.31053258	    173.32550523	    522.17526448	    728.68145458	    200.61537668	    747.60542499	   2269.60001785	   1209.86206863
      1.07600000	    252.17520237	    387.49798773	   1080.94228061	    601.81029935	    244.71300232	    258.85034381	    123.65853251	    991.22045128	    325.99851283	    444.00114497	    182.60761243	    396.66205354	    658.49422176	   1306.70195487	   1323.24016631	   1027.02912349	    469.93350718	    126.04201789	    389.41976564	    348.07555517	     43.49441045	    112.15283930	    218.65156007	    479.44363122	     73.27788207	    389.45348710	    147.66593366	    540.03330348	    147.75952127	    254.46395468	    855.69326731	    102.44986328	   1009.50187387	    268.64421320	   2553.66563351	    173.94211474	    514.94637709	    709.42138101	    208.55859187	    738.09513842	   2241.93468740	   1196.58870700	    261.30518249	    401.57179394	   1073.66627758	    592.09532011	    233.90089193	    263.08641299	    125.63793375	    995.51148603	    331.16096413	    449.49816116	    186.47603657	    404.93883734	    666.68677919	   1324.55172692	   1306.71079837	    976.43213128	    435.63784406	    124.68126065	    392.35576321	    361.83266654	     43.48739629	    112.62139016	    224.04647357	    490.07829953	     74.75175215	    365.26370171	    146.75346090	    544.62227965	    146.84607542	    254.92579176	    934.33740498	    101.30414938	    993.28414577	    264.23095249	   2619.58700346	    173.13335577	    522.65706722	    728.31574246	    200.59156920	    747.65072757	   2269.73676272	   1209.93147547
      1.08650000	    252.75719129	    388.95003893	   1080.92161229	    601.82508373	    245.08036578	    258.75348976	    123.61255039	    991.27266165	    326.31856944	    444.00114497	    182.65769020	    396.78030454	    658.86642066	   1307.22458617	   1322.65634467	   1026.14118196	    469.59329232	    126.19092700	    389.78007925	    349.07359169	     43.49452449	    112.19646720	    218.74633135	    479.56135255	     73.24712422	    389.34780597	    147.73116716	    540.42653191	    147.71497573	    254.50760993	    853.02058630	    102.65768848	   1009.52210938	    268.67803298	   2554.56688408	    174.07698513	    514.60235265	    709.78876646	    208.46413103	    736.50681118	   2237.38355131	   1194.43080729	    261.23950784	    401.45220696	   1073.78204114	    592.31795707	    233.79416264	    263.20400456	    125.69366316	    995.31062042	    331.09914841	    449.49816116	    186.42044540	    404.81114067	    666.25582737	   1323.81062714	   1307.26589628	    977.61727551	    435.80225460	    124.69111500	    392.16296756	    361.67580691	     43.48771303	    112.60736785	    223.95072504	    489.95926720	     74.79279655	    365.78022840	    146.71213141	    544.44245124	    146.90519089	    254.93761843	    933.42418504	    101.19619201	    993.64714170	    264.33670018	   2618.81878694	    172.94736981	    523.13482758	    727.93832885	    200.56460239	    747.71456256	   2269.92919810	   1210.02931211
      1.09700000	    253.37465344	    390.43432394	   1080.89912877	    601.83272815	    245.39929703	    258.69200878	    123.58336244	    991.31690620	    326.65238779	    444.00114497	    182.68931053	    396.85469143	    659.15540331	   1307.62307913	   1322.00630094	   1025.12098601	    469.20381937	    126.32903701	    390.16215246	    350.10870553	     43.49413756	    112.24597551	    218.80557693	    479.63487554	     73.22740870	    389.21917901	    147.78517677	    540.84189829	    147.66182368	    254.55690960	    851.19503545	    102.86361483	   1009.53600926	    268.70316924	   2555.11890187	    174.22846586	    514.38068260	    710.01861796	    208.35140815	    734.90418378	   2232.84066210	   1192.27280257	    261.16324560	    401.31795295	   1073.87991409	    592.51465768	    233.65640206	    263.32669769	    125.75181377	    995.09313776	    331.05160113	    449.49816116	    186.36196170	    404.67614940	    665.75552314	   1322.94217994	   1307.81028901	    978.87238027	    436.08746589	    124.69362720	    391.96793945	    361.49690238	     43.48632781	    112.59124977	    223.84869964	    489.83225594	     74.83505038	    366.30992229	    146.65828494	    544.26342321	    146.95462601	    254.95376842	    932.57722667	    101.08632519	    993.96619447	    264.43222208	   2617.97546050	    172.76611521	    523.62342820	    727.53606937	    200.51170600	    747.79582227	   2270.17372298	   1210.15391489
      1.10750000	    254.02980511	    391.95170474	   1080.86783975	    601.83111670	    245.66934704	    258.63354826	    123.55560890	    991.34167556	    326.99802140	    444.00114497	    182.71925587	    396.92494134	    659.40071671	   1307.95660201	   1321.27160790	   1023.93601615	    468.75630504	    126.45362855	    390.57182182	    351.10979560	     43.49334468	    112.30215315	    218.86126672	    479.70393703	     73.20852415	    389.06173774	    147.83074509	    541.28235776	    147.59786033	    254.61260375	    850.61772222	    103.06693387	   1009.54264640	    268.71667852	   2555.62985304	    174.40106708	    514.16752578	    710.23478787	    208.22184253	    733.35221774	   2228.49087004	   1190.20137321	    261.07477872	    401.16531275	   1073.96325664	    592.69305745	    233.48744055	    263.44718165	    125.80892057	    994.86189198	    331.02831123	    449.49816116	    186.30405361	    404.54181579	    665.20111226	   1321.97054529	   1308.35369537	    980.20600320	    436.49008172	    124.68935568	    391.76685998	    361.31111981	     43.48309868	    112.57275254	    223.74633795	    489.70464403	     74.87597609	    366.83963130	    146.59146399	    544.08425127	    146.99532514	    254.97668812	    931.77640444	    100.97240956	    994.25468170	    264.52078622	   2617.10335155	    172.58643644	    524.09344365	    727.13245535	    200.42352779	    747.89378433	   2270.46782190	   1210.30421425
      1.11800000	    254.70113923	    393.44608284	   1080.82584697	    601.82042326	    245.89326701	    258.58632079	    123.53318846	    991.34918436	    327.34364893	    444.00114497	    182.74336052	    396.98135208	    659.59923008	   1308.22263623	   1320.46331212	   1022.59386143	    468.25723498	    126.56277535	    390.99752845	    352.05987791	     43.49178056	    112.36369913	    218.90580345	    479.75913345	     73.19317025	    388.87172140	    147.86842220	    541.73572864	    147.52189913	    254.67265289	    851.30296298	    103.26336224	   1009.54261852	    268.71869452	   2556.03297090	    174.58788998	    513.99363061	    710.40773631	    208.07239634	    731.90581186	   2224.48302311	   1188.28697954	    260.97545028	    400.99556859	   1074.03251274	    592.85235107	    233.28824129	    263.56214680	    125.86341439	    994.62268174	    331.02818579	    449.49816116	    186.24835771	    404.41197031	    664.59994734	   1320.90678389	   1308.88890944	    981.57863272	    436.97581386	    124.67862415	    391.56222200	    361.11975935	     43.47838236	    112.55231667	    223.64659650	    489.58012346	     74.91450334	    367.36205073	    146.51156656	    543.90716121	    147.02869093	    255.00505120	    931.04106876	    100.85615016	    994.51124090	    264.60145041	   2616.22818366	    172.41067116	    524.53292365	    726.73922154	    200.30990436	    748.00694496	   2270.80656012	   1210.47794104
      1.12850000	    255.36385467	    394.86190712	   1080.77213873	    601.80109861	    246.07445776	    258.56349569	    123.52235274	    991.34286271	    327.67655968	    444.00114497	    182.75498248	    397.00850692	    659.74642607	   1308.41744964	   1319.60159250	   1021.11967340	    467.71856823	    126.65524358	    391.42487395	    352.95571025	     43.48935633	    112.42860910	    218.92718484	    479.78562164	     73.18571831	    388.64824768	    147.89883941	    542.18781298	    147.43421874	    254.73476184	    853.11512998	    103.44842030	   1009.53635585	    268.70987844	   2556.22477077	    174.78048189	    513.90904262	    710.49078668	    207.90498423	    730.61028087	   2220.93207098	   1186.58511612	    260.86729268	    400.81117394	   1074.08844851	    592.99206119	    233.06115596	    263.67591263	    125.91734224	    994.38200719	    331.04933511	    449.49816116	    186.19282075	    404.28185304	    663.93468751	   1319.71699927	   1309.40809823	    982.95093682	    437.51098714	    124.66203785	    391.35716268	    360.92059631	     43.47255253	    112.53049695	    223.54584802	    489.45417010	     74.95212530	    367.86967624	    146.41898340	    543.73468441	    147.05597141	    255.03708935	    930.38944684	    100.73953223	    994.73520868	    264.67345643	   2615.31842184	    172.24145715	    524.95919611	    726.34214066	    200.18062958	    748.13298067	   2271.18250771	   1210.67156026
      1.13900000	    256.00746688	    396.18247756	   1080.70211888	    601.77209452	    246.21624463	    258.55820534	    123.51984128	    991.32605609	    327.98720978	    444.00114497	    182.75767360	    397.01479075	    659.85283937	   1308.55704300	   1318.69050419	   1019.51825885	    467.14724862	    126.73032886	    391.84974164	    353.77893309	     43.48584095	    112.49577599	    218.93212733	    479.79174362	     73.18398819	    388.38742676	    147.92259634	    542.63292407	    147.33330368	    254.79652034	    856.01557407	    103.62054386	   1009.52298314	    268.68940602	   2556.26894756	    174.97640193	    513.88938635	    710.50998627	    207.71885018	    729.50604346	   2217.93509246	   1185.14385844	    260.74964049	    400.61011700	   1074.13300230	    593.11706560	    232.80940283	    263.78834061	    125.97063822	    994.14676936	    331.08749627	    449.49816116	    186.13752601	    404.15165180	    663.20295637	   1318.39350524	   1309.91610543	    984.32324412	    438.08495737	    124.64028674	    391.14993157	    360.71711491	     43.46567048	    112.50725337	    223.44422468	    489.32694425	     74.98881301	    368.36227964	    146.31443745	    543.56447462	    147.07823614	    255.07100843	    929.80599504	    100.62207958	    994.93488742	    264.73894435	   2614.37421213	    172.07686506	    525.37206339	    725.94181158	    200.03639410	    748.26916713	   2271.58704424	   1210.88090737
      1.14950000	    256.62535716	    397.40094344	   1080.61161022	    601.73180197	    246.32141864	    258.56091976	    123.52112988	    991.30183406	    328.26692039	    444.00114497	    182.75629294	    397.01156706	    659.92800142	   1308.65504489	   1317.73216016	   1017.79200898	    466.54928540	    126.78758657	    392.26952343	    354.51450078	     43.48100617	    112.56432707	    218.92959201	    479.78860331	     73.18487603	    388.08438657	    147.94019098	    543.06682625	    147.21721397	    254.85551374	    859.94242721	    103.77877421	   1009.50087162	    268.65610771	   2556.24629393	    175.17369088	    513.89947416	    710.50013749	    207.51275919	    728.62900815	   2215.57459602	   1184.00511692	    260.62181731	    400.39004813	   1074.16829621	    593.23166558	    232.53542656	    263.89373418	    126.02060149	    993.92453727	    331.13806415	    449.49816116	    186.08532189	    404.02811798	    662.42613992	   1316.97350331	   1310.41838546	    985.69393018	    438.68275249	    124.61400177	    390.93827751	    360.51446011	     43.45785557	    112.48258387	    223.34704702	    489.20511611	     75.02276132	    368.83996322	    146.19833539	    543.39389014	    147.09673631	    255.10500000	    929.27404028	    100.50313692	    995.11733321	    264.79989220	   2613.44607444	    171.91402215	    525.75155373	    725.55925134	    199.87939092	    748.41333907	   2272.01324760	   1211.10266132
      1.16000000	    257.20743221	    398.50416601	   1080.50075872	    601.67927059	    246.39273047	    258.57114433	    123.52598376	    991.26920391	    328.50890507	    444.00114497	    182.75109001	    396.99941525	    659.97408044	   1308.71499578	   1316.74121686	   1015.96349982	    465.93472922	    126.82712149	    392.67685736	    355.16167272	     43.47486639	    112.63287165	    218.92003033	    479.77675910	     73.18821772	    387.73765771	    147.95210619	    543.48207383	    147.08588793	    254.91040722	    864.69288160	    103.92135172	   1009.46840329	    268.60980278	   2556.16071656	    175.36731008	    513.93742742	    710.46299544	    207.28876886	    728.00348700	   2213.90194426	   1183.19611436	    260.48640082	    400.15370920	   1074.19668870	    593.33634045	    232.24147748	    263.99524374	    126.06872511	    993.72168282	    331.20150521	    449.49816116	    186.03470602	    403.90776416	    661.59094279	   1315.42984547	   1310.91133826	    987.02867262	    439.26704608	    124.58412984	    390.72367979	    360.31653273	     43.44957708	    112.45716089	    223.25165190	    489.08536285	     75.05505239	    369.29463095	    146.07100559	    543.22504225	    147.11302161	    255.13833376	    928.79884412	    100.38379934	    995.28309324	    264.85631231	   2612.51069600	    171.75241402	    526.11018507	    725.18401418	    199.71924547	    748.56357377	   2272.45495756	   1211.33385925
      1.17050000	    257.74634220	    399.48608997	   1080.37235461	    601.61349470	    246.43215446	    258.58940873	    123.53465440	    991.22749499	    328.70769955	    444.00114497	    182.74178683	    396.97767297	    659.99180422	   1308.73829137	   1315.73555617	   1014.06226725	    465.31399673	    126.84925155	    393.06478890	    355.72247237	     43.46753611	    112.70008266	    218.90290369	    479.75554057	     73.19417683	    387.34759134	    147.95868793	    543.87184892	    146.94020892	    254.95999248	    870.03950251	    104.04665602	   1009.42351174	    268.55040779	   2556.00687253	    175.55248987	    514.00504699	    710.39647395	    207.04959295	    727.64623528	   2212.95077098	   1182.73524249	    260.34631449	    399.90482379	   1074.22002523	    593.43127837	    231.93080850	    264.09423739	    126.11565740	    993.54401368	    331.27766334	    449.49816116	    185.98502971	    403.78907851	    660.69098299	   1313.74736957	   1311.38988566	    988.29787070	    439.81153546	    124.55162275	    390.50844278	    360.12699999	     43.44115969	    112.43163787	    223.15687545	    488.96622932	     75.08615924	    369.71434827	    145.93323972	    543.06041783	    147.12779521	    255.17026775	    928.38536145	    100.26536742	    995.43252185	    264.90813925	   2611.55732181	    171.59246518	    526.45345814	    724.81156951	    199.56038636	    748.71760987	   2272.90509209	   1211.57100320
      1.18100000	    258.23858797	    400.34993163	   1080.22692784	    601.53271664	    246.44092962	    258.61218096	    123.54546510	    991.17987948	    328.85741140	    444.00114497	    182.73017124	    396.95050106	    659.98378954	   1308.72838345	   1314.72832120	   1012.11628816	    464.69831431	    126.85419492	    393.42993553	    356.19891933	     43.45904479	    112.76489312	    218.88146637	    479.72897513	     73.20158838	    386.91560520	    147.96015237	    544.23205964	    146.78069614	    255.00238341	    875.80440526	    104.15424922	   1009.36321307	    268.47725823	   2555.81329190	    175.72715708	    514.08903768	    710.31322128	    206.79783128	    727.56556597	   2212.73640872	   1182.63129223	    260.20169323	    399.64294842	   1074.23920313	    593.51872847	    231.60687740	    264.18911524	    126.16063961	    993.39787167	    331.36202440	    449.49816116	    185.93712927	    403.67409304	    659.73505679	   1311.94011804	   1311.85570026	    989.50319215	    440.31369987	    124.51700386	    390.29206926	    359.94802029	     43.43265575	    112.40608420	    223.06437923	    488.84981108	     75.11561692	    370.10014996	    145.78599626	    542.89883252	    147.14140215	    255.19912348	    928.02228933	    100.14793667	    995.56941166	    264.95646238	   2610.60352390	    171.43303426	    526.77648800	    724.44848528	    199.40323153	    748.87330845	   2273.35704557	   1211.81077150
      1.19150000	    258.68180779	    401.10132149	   1080.06425724	    601.43462610	    246.41922349	    258.63558725	    123.55657688	    991.12941227	    328.95161364	    444.00114497	    182.71821343	    396.92249904	    659.95203494	   1308.68763970	   1313.73271517	   1010.15840635	    464.10016711	    126.84192406	    393.76993999	    356.59382482	     43.44948170	    112.82629666	    218.85933484	    479.70154208	     73.20918507	    386.44649705	    147.95652958	    544.55929366	    146.60852733	    255.03570022	    881.83454119	    104.24403339	   1009.28365482	    268.38936016	   2555.61225642	    175.89023727	    514.17499934	    710.22728723	    206.53811369	    727.76433847	   2213.26488416	   1182.88750762	    260.05237704	    399.36718483	   1074.25506326	    593.60106464	    231.27410230	    264.28201479	    126.20468491	    993.28987024	    331.45043677	    449.49816116	    185.88995555	    403.56031986	    658.71498856	   1309.98889620	   1312.31201602	    990.65079511	    440.76916610	    124.48085555	    390.07345191	    359.78118081	     43.42431105	    112.38056082	    222.97219670	    488.73363912	     75.14412274	    370.46650357	    145.63079104	    542.73889743	    147.15502649	    255.22323279	    927.69516740	    100.03169472	    995.69743272	    265.00241737	   2609.62977692	    171.27224660	    527.08714248	    724.08707776	    199.25654132	    749.02832052	   2273.80375717	   1212.04951074
      1.20200000	    259.07504488	    401.74744758	   1079.88577858	    601.31667963	    246.36649706	    258.65795955	    123.56719786	    991.07714304	    328.98734693	    444.00114497	    182.70676606	    396.89566412	    659.89679845	   1308.61602225	   1312.76339754	   1008.22528330	    463.53121255	    126.81248144	    394.08268795	    356.91377832	     43.43903945	    112.88343599	    218.83808823	    479.67519889	     73.21642606	    385.94852657	    147.94772440	    544.85117149	    146.42600653	    255.05908061	    887.98045356	    104.31605431	   1009.18033052	    268.28578424	   2555.41812287	    176.04077605	    514.25681554	    710.14480380	    206.27629121	    728.23663180	   2214.52430642	   1183.49734024	    259.89931854	    399.07859578	   1074.26846259	    593.67939749	    230.93677338	    264.37256391	    126.24761671	    993.22359316	    331.54106423	    449.49816116	    185.84371898	    403.44828299	    657.63597312	   1307.90058438	   1312.75907662	    991.73892763	    441.17082924	    124.44383351	    389.85282169	    359.62740496	     43.41643020	    112.35532220	    222.88076998	    488.61827302	     75.17158566	    370.82346319	    145.46925207	    542.58087871	    147.16967009	    255.24179919	    927.39663037	     99.91731604	    995.81821664	    265.04649811	   2608.64093935	    171.10928367	    527.38458856	    723.72912302	    199.12947200	    749.18063391	   2274.23932875	   1212.28408416
      1.21250000	    259.41880377	    402.29691217	   1079.69405901	    601.17583102	    246.28115444	    258.67808150	    123.57675057	    991.02381718	    328.96403538	    444.00114497	    182.69645529	    396.87146988	    659.81757375	   1308.51235781	   1311.83479762	   1006.35387601	    463.00136955	    126.76579119	    394.36675309	    357.16549995	     43.42798901	    112.93565669	    218.81890081	    479.65140293	     73.22292193	    385.43307483	    147.93345808	    545.10642369	    146.23642684	    255.07220558	    894.11742995	    104.37045588	   1009.04775369	    268.16543818	   2555.24184600	    176.17825309	    514.33011187	    710.07032744	    206.01898308	    728.97095936	   2216.49283008	   1184.44848419	    259.74403647	    398.77925906	   1074.28041136	    593.75450569	    230.59919184	    264.46019631	    126.28916634	    993.20032761	    331.63237550	    449.49816116	    185.79873349	    403.33876883	    656.50650330	   1305.68915365	   1313.19603157	    992.76275689	    441.51211274	    124.40662389	    389.63087733	    359.48751608	     43.40925105	    112.33068788	    222.79076978	    488.50456412	     75.19786138	    371.17354873	    145.30320557	    542.42531624	    147.18589113	    255.25442405	    927.11993884	     99.80547914	    995.93294659	    265.08907341	   2607.64488446	    170.94351362	    527.66744621	    723.37727750	    199.02721865	    749.32846945	   2274.65871407	   1212.51171555
      1.22300000	    259.71542169	    402.76015371	   1079.49142306	    601.00813832	    246.16071974	    258.69438486	    123.58449047	    990.96883007	    328.88675713	    444.00114497	    182.68809092	    396.85182626	    659.71389766	   1308.37543092	   1310.95754053	   1004.57394733	    462.51705667	    126.70168971	    394.62221598	    357.35534139	     43.41663448	    112.98262508	    218.80330023	    479.63205118	     73.22817341	    384.91283602	    147.91329786	    545.32623022	    146.04338299	    255.07592699	    900.15600943	    104.40786619	   1008.87894440	    268.02686147	   2555.09785001	    176.30298606	    514.38929714	    710.00978282	    205.77287374	    729.94865911	   2219.13306642	   1185.72054792	    259.58826483	    398.47170342	   1074.29189001	    593.82704371	    230.26567369	    264.54718979	    126.33041365	    993.21700463	    331.72385122	    449.49816116	    185.75384713	    403.22898461	    655.31742741	   1303.33262434	   1313.62121645	    993.71567003	    441.78905954	    124.36983862	    389.40860487	    359.36413590	     43.40282897	    112.30695430	    222.69991252	    488.38962840	     75.22365091	    371.50853409	    145.13469922	    542.27298569	    147.20349039	    255.26165623	    926.85715145	     99.69671997	    996.04276450	    265.13051321	   2606.61635700	    170.77441959	    527.94338986	    723.02265610	    198.94740498	    749.47024661	   2275.05760716	   1212.72994006
      1.23350000	    259.96724412	    403.14660049	   1079.27947360	    600.80870388	    246.00158503	    258.70534174	    123.58969220	    990.91133883	    328.76017436	    444.00114497	    182.68246435	    396.83860397	    659.58508120	   1308.20372157	   1310.14076671	   1002.91332281	    462.08377464	    126.61977954	    394.84966770	    357.48848552	     43.40528779	    113.02408941	    218.79278819	    479.61900941	     73.23169687	    384.40291168	    147.88661362	    545.51201689	    145.85095275	    255.07117896	    906.03013203	    104.42904422	   1008.66505783	    267.86829340	   2555.00048171	    176.41570494	    514.42897210	    709.96899125	    205.54517049	    731.14600059	   2222.39592865	   1187.28741239	    259.43343791	    398.15824141	   1074.30352643	    593.89759649	    229.94068152	    264.63392396	    126.37153854	    993.27022306	    331.81554041	    449.49816116	    185.70887077	    403.11845624	    654.07176353	   1300.83325908	   1314.03326819	    994.59467969	    442.00118818	    124.33396807	    389.18694460	    359.25990257	     43.39716394	    112.28433202	    222.60778883	    488.27294265	     75.24907106	    371.82220381	    144.96608816	    542.12470127	    147.22215189	    255.26416687	    926.59946964	     99.59154113	    996.14870046	    265.17115272	   2605.54971380	    170.60164255	    528.21371853	    722.66372924	    198.88698483	    749.60450113	   2275.43219408	   1212.93648060
      1.24400000	    260.17599750	    403.46414222	   1079.05739354	    600.57149594	    245.79933409	    258.71026913	    123.59203145	    990.85217701	    328.58364800	    444.00114497	    182.67993270	    396.83265242	    659.42997729	   1307.99517815	   1309.39141333	   1001.39810235	    461.70727082	    126.51948078	    395.05027966	    357.57064188	     43.39423123	    113.05979640	    218.78805363	    479.61313493	     73.23327986	    383.92111370	    147.85262855	    545.66464796	    145.66333825	    255.05801792	    911.69177920	    104.43512120	   1008.39489890	    267.68770667	   2554.95653805	    176.51762536	    514.44678767	    709.95062029	    205.34409124	    732.53191166	   2226.21233313	   1189.11377221	    259.27907552	    397.83855101	   1074.31487654	    593.96693264	    229.62846254	    264.71835701	    126.41157278	    993.35909941	    331.90676769	    449.49816116	    185.66487638	    403.00982183	    652.79281978	   1298.23637472	   1314.43448147	    995.41708722	    442.15819682	    124.29922556	    388.96551461	    359.17362184	     43.39248219	    112.26275732	    222.51659936	    488.15729318	     75.27353596	    372.13973119	    144.79985881	    541.98025937	    147.24277209	    255.26186309	    926.33730423	     99.49040878	    996.25178085	    265.21131745	   2604.47011437	    170.42495505	    528.47229782	    722.30912160	    198.85798475	    749.73000788	   2275.77947406	   1213.12943939
      1.25450000	    260.34331311	    403.71953676	   1078.82412553	    600.28938023	    245.54858589	    258.70878912	    123.59132882	    990.79165526	    328.35765800	    444.00114497	    182.68069321	    396.83444041	    659.24731258	   1307.74772578	   1308.71521075	   1000.05038399	    461.39125822	    126.40014842	    395.22529503	    357.60790835	     43.38378224	    113.08957079	    218.78947619	    479.61490004	     73.23280448	    383.48620843	    147.81038563	    545.93245583	    145.48511356	    255.03685922	    917.10199214	    104.42728599	   1008.05452118	    267.48296932	   2554.96974741	    176.60990405	    514.44143823	    709.95614002	    205.17810298	    734.07029045	   2230.49721824	   1191.15754584	    259.12463128	    397.51225724	   1074.32551061	    594.03578967	    229.33369636	    264.80180764	    126.45114152	    993.48134355	    331.99753131	    449.49816116	    185.62119261	    402.90143442	    651.48188798	   1295.54172541	   1314.82726221	    996.20128492	    442.27078512	    124.26584860	    388.74386820	    359.10345171	     43.38904152	    112.24217351	    222.42497220	    488.04094099	     75.29744360	    372.48780525	    144.63897266	    541.83957739	    147.26630421	    255.25495251	    926.05989321	     99.39381680	    996.35295197	    265.25132541	   2603.36132292	    170.24410705	    528.72344993	    721.95353950	    198.87387688	    749.84549163	   2276.09643093	   1213.30685462
      1.26500000	    260.47362522	    403.92147285	   1078.58349450	    599.95441145	    245.24338237	    258.70060123	    123.58744166	    990.72773909	    328.09520924	    444.00114497	    182.68489921	    396.84432664	    659.03624344	   1307.46012622	   1308.11436794	    998.87210235	    461.12859499	    126.26173612	    395.37629600	    357.60802778	     43.37441601	    113.11379041	    218.79733895	    479.62465553	     73.23017302	    383.10950931	    147.75880043	    546.00888172	    145.32100339	    255.01033747	    922.21848810	    104.40674297	   1007.62718000	    267.25222702	   2555.04266707	    176.69318708	    514.41181665	    709.98664984	    205.05241024	    735.71636195	   2235.13659128	   1193.36402553	    258.97104815	    397.18161448	   1074.33548676	    594.10466993	    229.06343096	    264.88589045	    126.49101025	    993.62678808	    332.08924398	    449.49816116	    185.57697942	    402.79119318	    650.14242158	   1292.75236628	   1315.21089511	    996.95360159	    442.34528512	    124.23435944	    388.52298222	    359.05082002	     43.38697554	    112.22271974	    222.33110806	    487.92159440	     75.32125790	    372.87538462	    144.48797751	    541.70378903	    147.29291989	    255.24535923	    925.75395871	     99.30264619	    996.45293935	    265.29143427	   2602.20031447	    170.05919611	    528.97208097	    721.59008077	    198.93989423	    749.94888886	   2276.37801926	   1213.46556944
      1.27550000	    260.57160631	    404.07786785	   1078.34057214	    599.55785033	    244.87722076	    258.68545733	    123.58025218	    990.65899438	    327.81172469	    444.00114497	    182.69267229	    396.86258741	    658.79647630	   1307.13227988	   1307.58929206	    997.85633767	    460.90852511	    126.10454267	    395.50489251	    357.57866782	     43.36663487	    113.13297197	    218.81184897	    479.64265593	     73.22529905	    382.79782501	    147.69449423	    546.06597523	    145.17557056	    254.98126552	    926.99439542	    104.37470614	   1007.09303141	    266.99392990	   2555.17683105	    176.76803038	    514.35691030	    710.04295876	    204.97047257	    737.41586200	   2239.98249037	   1195.66348687	    258.82003448	    396.84995719	   1074.34551267	    594.17396334	    228.82341475	    264.96811077	    126.52999602	    993.78443732	    332.18266317	    449.49816116	    185.53355701	    402.68238168	    648.81478698	   1289.95232610	   1315.58400216	    997.67186586	    442.38223915	    124.20527740	    388.30393686	    359.01690541	     43.38627938	    112.20462240	    222.23778978	    487.80278717	     75.34427787	    373.29556260	    144.35100352	    541.57362428	    147.32223042	    255.23504663	    925.40653501	     99.21741869	    996.55238993	    265.33190891	   2601.02064184	    169.86960184	    529.21092950	    721.22959101	    199.05291762	    750.03876823	   2276.62104152	   1213.60341496
      1.28600000	    260.64227845	    404.19632142	   1078.10055254	    599.09036998	    244.44387738	    258.66365490	    123.56990167	    990.58925791	    327.51699765	    444.00114497	    182.70384911	    396.88882177	    658.52828512	   1306.76533890	   1307.13716666	    996.98681160	    460.71811949	    125.92942508	    395.61308701	    357.52542624	     43.36085855	    113.14777684	    218.83266489	    479.66847351	     73.21826628	    382.55209456	    147.61798780	    546.10678561	    145.05220636	    254.95070660	    931.39241243	    104.33266324	   1006.42926733	    266.70702634	   2555.36839040	    176.83509300	    514.27758936	    710.12375174	    204.93303710	    739.11333223	   2244.87695101	   1197.98225465	    258.67471508	    396.52144500	   1074.35800485	    594.24377042	    228.61189022	    265.04848217	    126.56810517	    993.94765897	    332.27382269	    449.49816116	    185.49093505	    402.57504070	    647.50347395	   1287.15235846	   1315.94385246	    998.32574343	    442.36229941	    124.17872961	    387.71364336	    358.99912491	     43.38636819	    112.18823255	    222.14506982	    487.68458857	     75.36652475	    373.68769000	    144.22798089	    541.44710482	    147.35182077	    255.22421319	    925.01123814	     99.13706724	    996.65191893	    265.37307894	   2599.82325518	    169.67215727	    529.44033920	    720.87230452	    199.17912559	    750.11649101	   2276.82983296	   1213.72251356
      1.29650000	    260.69016687	    404.28337769	   1077.86729256	    598.54240713	    243.93795696	    258.63550503	    123.55653785	    990.52272198	    327.21882305	    444.00114497	    182.71825547	    396.92259754	    658.18604340	   1306.35377269	   1306.75299393	    996.24339076	    460.54497980	    125.73774176	    395.70306556	    357.45106371	     43.35739476	    113.15885808	    218.85941277	    479.70163868	     73.20915842	    382.36972792	    147.52416470	    546.13409311	    144.95305325	    254.91922777	    935.39229056	    104.28235271	   1005.61053304	    266.39109546	   2555.61296635	    176.89515047	    514.17469801	    710.22758976	    204.93938771	    740.76047360	   2249.67701249	   1200.25418563	    258.53625231	    396.19760073	   1074.37382669	    594.31432220	    228.42900792	    265.12800198	    126.60581052	    994.11189845	    332.35858231	    449.49816116	    185.44859783	    402.46787857	    646.20681057	   1284.34883181	   1316.28987600	    998.90320471	    442.27735897	    124.15461601	    387.46413114	    358.99572450	     43.38685283	    112.17361017	    222.05183846	    487.56558369	     75.38828691	    374.02289558	    144.11982926	    541.32196987	    147.38035641	    255.21272421	    924.55950682	     99.06101016	    996.75211530	    265.41522864	   2598.59368501	    169.46452402	    529.66337785	    720.51399050	    199.29963779	    750.18258309	   2277.00635499	   1213.82370568
      1.30700000	    260.71599491	    404.34143767	   1077.63689231	    597.90495954	    243.35631164	    258.60146632	    123.54037851	    990.45652922	    326.91711389	    444.00114497	    182.73563878	    396.96329458	    657.89100774	   1305.89118249	   1306.43253437	    995.62033447	    460.38634137	    125.53087785	    395.77678705	    357.35611850	     43.35636203	    113.16630482	    218.89156451	    479.74148976	     73.19810368	    382.25468573	    147.41054135	    546.14889526	    144.87940522	    254.88732896	    939.01094963	    104.22602749	   1004.61032301	    266.04653648	   2555.90461956	    176.94937073	    514.04956291	    710.35243610	    204.99237489	    742.33204513	   2254.30532092	   1202.44433850	    258.39801296	    395.87067381	   1074.38742520	    594.38715826	    228.29502145	    265.20582335	    126.64271045	    994.27700792	    332.44027743	    449.49816116	    185.40700870	    402.36207435	    644.99593465	   1281.69198750	   1316.62802306	    999.48364523	    442.19247513	    124.13295447	    387.21172240	    359.00755289	     43.38834639	    112.15978360	    221.95912637	    487.44708777	     75.40934396	    374.41030063	    144.03951887	    541.19978333	    147.41067427	    255.20127537	    924.01248796	     98.99212791	    996.85471756	    265.45891413	   2597.34536174	    169.25097443	    529.87787490	    720.15865598	    199.46512988	    750.23036044	   2277.13335818	   1213.89680364
      1.31750000	    260.72017572	    404.37207783	   1077.40646110	    597.17183687	    242.69861631	    258.56244963	    123.52185615	    990.38762368	    326.61212372	    444.00114497	    182.75551467	    397.00974972	    657.54454565	   1305.35092238	   1306.17277351	    995.11433022	    460.24064800	    125.31094530	    395.83566682	    357.24539355	     43.35780871	    113.17017132	    218.92816252	    479.78683266	     73.18537630	    382.20928830	    147.27478604	    546.15202447	    144.83208357	    254.85570579	    942.27845476	    104.16574082	   1003.40490098	    265.67542410	   2556.23351410	    176.99851024	    513.90515751	    710.49458449	    205.09320085	    743.81908500	   2258.73088509	   1204.53998372	    258.25433927	    395.53406612	   1074.39403258	    594.46294594	    228.22668892	    265.28139829	    126.67854507	    994.44190657	    332.52254024	    449.49816116	    185.36647674	    402.25843572	    643.93866817	   1279.32956093	   1316.96112869	   1000.13118387	    442.17073274	    124.11369670	    386.95818519	    359.03228569	     43.39111348	    112.14589912	    221.86766492	    487.33003946	     75.42956516	    374.92404888	    143.99820557	    541.08271251	    147.44408757	    255.19063389	    923.33743901	     98.93282502	    996.96047514	    265.50437250	   2596.08870642	    169.03694146	    530.08261940	    719.80912008	    199.70777499	    750.25451838	   2277.19737894	   1213.93374650
      1.32800000	    260.70936676	    404.38222874	   1077.18933277	    596.34486605	    241.96902710	    258.51961708	    123.50152254	    990.32346370	    326.32092923	    444.00114497	    182.77727329	    397.06051131	    657.14623333	   1304.73027081	   1305.96952476	    994.69549727	    460.09081765	    125.08290247	    395.88070339	    357.12854075	     43.36191061	    113.17151192	    218.96802846	    479.83620110	     73.17133535	    382.21671195	    147.11516569	    546.14728862	    144.81139131	    254.82564367	    945.20412752	    104.10262082	   1001.98322892	    265.28353103	   2556.58804550	    177.04203787	    513.74543445	    710.64946680	    205.23215687	    745.21114646	   2262.91530295	   1206.52492573	    258.11192128	    395.19754360	   1074.39805293	    594.53842381	    228.20182482	    265.35098144	    126.71153844	    994.59727764	    332.59787879	    449.49816116	    185.32903744	    402.16223377	    643.03687656	   1277.28232702	   1317.28160404	   1000.77789463	    442.16572950	    124.09643073	    386.70585193	    359.06359517	     43.39433015	    112.13275308	    221.78218522	    487.22051050	     75.44798406	    375.45768162	    143.98311281	    540.96822461	    147.47710444	    255.18059954	    922.57980609	     98.88046299	    997.06522648	    265.55011115	   2594.89150734	    168.82152224	    530.26804234	    719.48338526	    199.97288360	    750.26327392	   2277.22054893	   1213.94713255
      1.33850000	    260.69176089	    404.38025981	   1077.00056104	    595.43299100	    241.17716609	    258.47409983	    123.47991475	    990.27378176	    326.06224112	    444.00114497	    182.80032546	    397.11418443	    656.69901957	   1304.03155364	   1305.81503692	    994.32195062	    459.91512923	    124.85309312	    395.91343927	    357.01064027	     43.36881730	    113.17166300	    219.01004000	    479.88820034	     73.15633537	    382.25435653	    146.93102259	    546.13914710	    144.81630010	    254.79799098	    947.78746912	    104.03794881	   1000.34871139	    264.87873034	   2556.95746527	    177.07951969	    513.57432741	    710.81272662	    205.39766445	    746.48941147	   2266.79194666	   1208.36883461	    257.97787469	    394.87163643	   1074.40416028	    594.61031320	    228.19255147	    265.41698519	    126.74283441	    994.73474346	    332.65649548	    449.49816116	    185.29342064	    402.07028458	    642.19559262	   1275.35212709	   1317.58329303	   1001.35316210	    442.12040942	    124.08051695	    386.45633266	    359.09781497	     43.39729930	    112.12116907	    221.69995409	    487.11501986	     75.46527863	    375.91517052	    143.97747555	    540.85232570	    147.50694174	    255.17047955	    921.80105404	     98.83187520	    997.16470341	    265.59446335	   2593.71897064	    168.60319117	    530.44120175	    719.17092056	    200.21066586	    750.26653465	   2277.22917338	   1213.95211734
      1.34900000	    260.67234077	    404.37186491	   1076.84377669	    594.44942277	    240.33857571	    258.42776733	    123.45792026	    990.24121539	    325.83496723	    444.00114497	    182.82371606	    397.16853478	    656.20838125	   1303.26114533	   1305.69822093	    993.96046492	    459.70051521	    124.62724702	    395.93631077	    356.88841055	     43.37840373	    113.17148807	    219.05243471	    479.94064654	     73.14098317	    382.30699101	    146.72330556	    546.12931625	    144.84367674	    254.77193601	    950.03709194	    103.97390871	    998.51684426	    264.46896076	   2557.32591209	    177.11142050	    513.39870056	    710.97751360	    205.58271170	    747.63532452	   2270.29360886	   1210.03999790	    257.84324550	    394.54157383	   1074.40700937	    594.67710601	    228.18427546	    265.47991234	    126.77267136	    994.85653935	    332.69637093	    449.49816116	    185.25937363	    401.98198649	    641.37140527	   1273.44880791	   1317.87173788	   1001.91213073	    442.09176518	    124.06359194	    386.20855372	    359.13510111	     43.39966771	    112.10975250	    221.62049395	    487.01296793	     75.48160635	    376.34249027	    143.97244078	    540.73232381	    147.53361983	    255.15948196	    921.03894405	     98.78585249	    997.25688448	    265.63630226	   2592.56644119	    168.39044653	    530.60382908	    718.86984417	    200.43104931	    750.26944252	   2277.23686244	   1213.95656250
      1.35950000	    260.65367151	    404.36026283	   1076.71841111	    593.41552975	    239.47457611	    258.38269748	    123.43652550	    990.22716640	    325.63056994	    444.00114497	    182.84639704	    397.22113069	    655.68325790	   1302.43119054	   1305.61059295	    993.59333059	    459.44227432	    124.41082606	    395.95127267	    356.76005523	     43.39035673	    113.17143726	    219.09332085	    479.99120055	     73.12596845	    382.36599050	    146.49510831	    546.11794787	    144.88999629	    254.74603001	    951.96980965	    103.91255611	    996.52323829	    264.06344835	   2557.67713515	    177.13823881	    513.22644892	    711.13646817	    205.78221049	    748.64073529	   2273.38534321	   1211.52129025	    257.69604066	    394.18733023	   1074.39951813	    594.73869170	    228.17454941	    265.53382070	    126.79823184	    994.96762217	    332.71714853	    449.49816116	    185.23013862	    401.90584773	    640.63830724	   1271.74756063	   1318.15336698	   1002.53089089	    442.16070075	    124.04360110	    385.96158628	    359.17304236	     43.40119722	    112.09677673	    221.55158243	    486.92437112	     75.49546889	    376.80626622	    143.96651929	    540.60647379	    147.55764983	    255.14652146	    920.30399213	     98.74246981	    997.34172023	    265.67526710	   2591.55132638	    168.19360247	    530.74124549	    718.60944179	    200.65515742	    750.27285725	   2277.24588928	   1213.96178225
      1.37000000	    260.63443567	    404.34445235	   1076.62060701	    592.36544456	    238.61210705	    258.33986951	    123.41619527	    990.23993913	    325.43503698	    444.00114497	    182.86788379	    397.27086219	    655.13947658	   1301.56558157	   1305.55159537	    993.23600498	    459.15218213	    124.20885635	    395.95881933	    356.62977882	     43.40409309	    113.17125141	    219.13185422	    480.03882210	     73.11162665	    382.43398758	    146.25230275	    546.10304430	    144.95218156	    254.71728498	    953.60130644	    103.85523597	    994.43416287	    263.67384630	   2558.00446717	    177.16028286	    513.06147393	    711.28629953	    205.99276984	    749.50493727	   2276.05385880	   1212.80656384	    257.53400295	    393.80770118	   1074.37920669	    594.79851895	    228.20042914	    265.57839012	    126.81936413	    995.07424212	    332.71257638	    449.49816116	    185.20592273	    401.84255204	    640.12350133	   1270.52720768	   1318.42734721	   1003.24370675	    442.36710509	    124.02246310	    385.71948397	    359.20021930	     43.40231695	    112.08194970	    221.49401425	    486.85029186	     75.50684256	    377.35045077	    143.98226467	    540.47471287	    147.58045251	    255.12858226	    919.51028895	     98.70584763	    997.42402752	    265.71333070	   2590.69216587	    168.01467087	    530.85353460	    718.39241911	    200.90851934	    750.26376484	   2277.22184754	   1213.94788305
      1.38050000	    260.61491899	    404.32488942	   1076.55098481	    591.34377067	    237.78154813	    258.30082919	    123.39766330	    990.28772578	    325.24119737	    444.00114497	    182.88741417	    397.31598602	    654.59576164	   1300.69376019	   1305.52124190	    992.90427743	    458.84381378	    124.02663424	    395.95929583	    356.50399193	     43.41887677	    113.17088074	    219.16671188	    480.08188151	     73.09849044	    382.50937250	    146.00358628	    546.08357243	    145.02619445	    254.68362819	    954.94938547	    103.80260327	    992.34440860	    263.31320487	   2558.29751162	    177.17756785	    512.90999088	    711.42185480	    206.20629099	    750.23291934	   2278.30338117	   1213.89829993	    257.35864002	    393.40790194	   1074.34571778	    594.85962167	    228.29858090	    265.61438210	    126.83642937	    995.17898856	    332.67577923	    449.49816116	    185.18633812	    401.79120754	    639.94237995	   1270.04087837	   1318.68944611	   1004.05176221	    442.72330982	    124.00262620	    385.48796551	    359.20613741	     43.40323814	    112.06541403	    221.44712686	    486.78991214	     75.51596954	    377.97681698	    144.04166428	    540.33730995	    147.60238995	    255.10320442	    918.56434094	     98.67984144	    997.50815326	    265.75247737	   2589.98489184	    167.85288573	    530.94334298	    718.21601563	    201.19689803	    750.22909821	   2277.13000948	   1213.89487306
      1.39100000	    260.60516589	    404.31105827	   1076.53307844	    590.40421189	    237.01130031	    258.26799351	    123.38207680	    990.37185782	    325.07641881	    444.00114497	    182.90379914	    397.35378451	    654.06869695	   1299.84231685	   1305.51601333	    992.56235152	    458.49764790	    123.87194171	    395.95301615	    356.39320461	     43.43462672	    113.17185092	    219.19583381	    480.11784140	     73.08739557	    382.56752168	    145.75917847	    546.06438915	    145.10995316	    254.64822423	    956.03086130	    103.75376059	    990.37295995	    262.99581764	   2558.54011402	    177.18887944	    512.78177083	    711.53511447	    206.40720535	    750.83458509	   2280.15827264	   1214.80688096	    257.17787190	    393.00048404	   1074.30312839	    594.92127947	    228.46585143	    265.63977853	    126.84847077	    995.26890758	    332.60346250	    449.49816116	    185.17250371	    401.75485405	    640.11927767	   1270.35227460	   1318.92845683	   1004.85853891	    443.15959710	    123.98457384	    385.27356555	    359.19069401	     43.40279689	    112.04781910	    221.41382601	    486.74700427	     75.52237852	    378.56363921	    144.14175275	    540.19425086	    147.61943285	    255.07203989	    917.46035324	     98.66359576	    997.59377363	    265.79275444	   2589.47845723	    167.70447394	    531.00624597	    718.09092502	    201.45111823	    750.16935007	   2276.97108841	   1213.80345150
      1.40150000	    260.61441724	    404.31167318	   1076.58820397	    589.60146731	    236.32787104	    258.24252897	    123.36998937	    990.49314493	    324.96421831	    444.00114497	    182.91647982	    397.38300146	    653.57804620	   1299.04385658	   1305.53258528	    992.16846088	    458.08641494	    123.75167291	    395.94014675	    356.30509908	     43.45160359	    113.17561499	    219.21829615	    480.14556914	     73.07876217	    382.58766196	    145.53065823	    546.04974676	    145.20338427	    254.61369095	    956.86337725	    103.70782726	    988.64517178	    262.73446505	   2558.72586059	    177.19302772	    512.68182290	    711.62247871	    206.58659773	    751.31974986	   2281.64732522	   1215.54354332	    256.99855076	    392.59642355	   1074.25500644	    594.98239130	    228.69253469	    265.65391619	    126.85517393	    995.33373851	    332.49233288	    449.49816116	    185.16479705	    401.73457226	    640.62999893	   1271.41244599	   1319.13611078	   1005.58216607	    443.61009303	    123.96833642	    385.08159776	    359.15459411	     43.40000177	    112.02964930	    221.39520993	    486.72300878	     75.52593508	    379.02171746	    144.27514251	    540.04505732	    147.62848326	    255.03645943	    916.20958978	     98.65577550	    997.67980956	    265.83383095	   2589.19385775	    167.56606765	    531.04109558	    718.02106795	    201.61544294	    750.08702177	   2276.75081929	   1213.67736833
      1.41200000	    260.63825258	    404.32314249	   1076.70273893	    588.97129154	    235.75313631	    258.22263709	    123.36054725	    990.65424016	    324.87055950	    444.00114497	    182.92636960	    397.40576622	    653.15044392	   1298.34382923	   1305.57051078	    991.75195397	    457.63222229	    123.66592590	    395.92141197	    356.23546590	     43.46906225	    113.18143082	    219.23576909	    480.16713259	     73.07200036	    382.58032825	    145.32957931	    546.03460099	    145.30262315	    254.57528750	    957.47285948	    103.66546281	    987.25228679	    262.53483895	   2558.86952122	    177.19077592	    512.60343652	    711.69043964	    206.74560480	    751.69728253	   2282.79951611	   1216.11908080	    256.80988945	    392.17899934	   1074.19523701	    595.04332449	    228.98378207	    265.65384255	    126.85513902	    995.38927509	    332.34022841	    449.49816116	    185.16483720	    401.73467798	    641.51604945	   1273.31408113	   1319.32106503	   1006.31163021	    444.15288523	    123.95352399	    384.91100026	    359.08924996	     43.39545212	    112.00960428	    221.39530704	    486.72313397	     75.52591658	    379.44948338	    144.44282724	    539.88911512	    147.63236069	    254.99302348	    914.79350695	     98.65767478	    997.76633945	    265.87572984	   2589.19534510	    167.44682604	    531.04091437	    718.02143222	    201.74098984	    749.97891597	   2276.45939307	   1213.51163440
      1.42250000	    260.66926866	    404.33905787	   1076.85673361	    588.53609724	    235.30254753	    258.20756123	    123.35339120	    990.85552459	    324.76194027	    444.00114497	    182.93385569	    397.42298543	    652.80637366	   1297.77797329	   1305.63136789	    991.36360788	    457.17355105	    123.61230228	    395.89737422	    356.18287250	     43.48600421	    113.18804494	    219.24896880	    480.18341934	     73.06686530	    382.56235897	    145.16600179	    546.01357342	    145.40295074	    254.52879389	    957.88161634	    103.62724134	    986.25764272	    262.39909990	   2558.97756875	    177.18318201	    512.54384636	    711.74178094	    206.88531639	    751.97573917	   2283.64438707	   1216.54473129	    256.59949035	    391.72865930	   1074.11681850	    595.10460136	    229.34723829	    265.63695164	    126.84713043	    995.45019092	    332.14659964	    449.49816116	    185.17404425	    401.75890567	    642.80568687	   1276.11236434	   1319.49223053	   1007.14431912	    444.87578186	    123.94009844	    384.76041115	    358.98479263	     43.38988965	    111.98631946	    221.41754166	    486.75179286	     75.52166640	    379.94508019	    144.64644988	    539.72685101	    147.63413859	    254.93881586	    913.18522099	     98.67106205	    997.85367633	    265.91862376	   2589.53513368	    167.35797649	    530.99926328	    718.10487426	    201.88470998	    749.84024879	   2276.08209674	   1213.29880333
      1.43300000	    260.70348623	    404.35560806	   1077.04291308	    588.30442463	    234.97695214	    258.20155500	    123.35054024	    991.08757781	    324.67157321	    444.00114497	    182.93683593	    397.42983742	    652.53787831	   1297.33303421	   1305.72010384	    991.03933720	    456.73466870	    123.58810998	    395.86740120	    356.16080052	     43.50197785	    113.19474300	    219.25421731	    480.18989459	     73.06481699	    382.54418498	    145.04444166	    545.99041422	    145.50287229	    254.47974813	    958.11012399	    103.59207678	    985.69056507	    262.32659252	   2559.02041656	    177.17051076	    512.52006190	    711.76219566	    207.00589277	    752.16813872	   2284.22516348	   1216.83934323	    256.37664641	    391.26261227	   1074.02456845	    595.16605146	    229.78073416	    265.60238873	    126.83074284	    995.50090509	    331.91601339	    449.49816116	    185.19286701	    401.80833962	    644.45815821	   1279.70174187	   1319.64379153	   1008.01593442	    445.71142567	    123.92997458	    384.63363441	    358.84446462	     43.38328777	    111.96090756	    221.46279065	    486.81008780	     75.51293396	    380.45280682	    144.88145895	    539.56195051	    147.63310058	    254.87816673	    911.37269368	     98.69593486	    997.94162731	    265.96272113	   2590.22192426	    167.29428118	    530.91350302	    718.27491140	    202.02390897	    749.66921367	   2275.61161342	   1213.03598907
      1.44350000	    260.74087881	    404.37262791	   1077.26260716	    588.27751319	    234.77337830	    258.20578576	    123.35254844	    991.34030089	    324.63500605	    444.00114497	    182.93473680	    397.42501139	    652.34151821	   1297.00364089	   1305.83946412	    990.78783515	    456.32119327	    123.59186717	    395.83088406	    356.17970729	     43.51694561	    113.20148847	    219.25052089	    480.18533425	     73.06625996	    382.52672379	    144.96696893	    545.96961427	    145.60234263	    254.43406188	    958.17138830	    103.55870865	    985.55999500	    262.31603584	   2558.99024651	    177.15245225	    512.53681815	    711.74781798	    207.10631604	    752.28490271	   2284.57627912	   1217.01832153	    256.15351141	    390.80310641	   1073.92484005	    595.22760206	    230.28029134	    265.54862660	    126.80525198	    995.52557439	    331.65382121	    449.49816116	    185.22209863	    401.88485590	    646.42262575	   1283.95051930	   1319.76897972	   1008.84638011	    446.57555854	    123.92512012	    384.53442333	    358.67447162	     43.37539903	    111.93470291	    221.53251849	    486.89984614	     75.49925599	    380.90619662	    145.14217959	    539.39810487	    147.62784658	    254.81583564	    909.34133190	     98.73192523	    998.03018508	    266.00835787	   2591.26793663	    167.24694824	    530.77868028	    718.53752126	    202.12444601	    749.46411896	   2275.04043615	   1212.72051042
      1.45400000	    260.79116000	    404.39910798	   1077.53629167	    588.45957504	    234.69331407	    258.20858076	    123.35387513	    991.60876194	    324.62588426	    444.00114497	    182.93334969	    397.42182188	    652.25977330	   1296.86585544	   1305.98470872	    990.53697937	    455.87814152	    123.62639228	    395.78765964	    356.23030617	     43.53205112	    113.21000784	    219.24807731	    480.18231944	     73.06721284	    382.48718100	    144.93618468	    545.94850102	    145.70561015	    254.38917579	    958.06446884	    103.52625436	    985.87294115	    262.36838511	   2558.97028438	    177.12714128	    512.54788116	    711.73831342	    207.18710228	    752.33010907	   2284.71192365	   1217.08764940	    255.92256276	    390.33551154	   1073.81372305	    595.28980939	    230.84607065	    265.47120878	    126.76854458	    995.53666994	    331.36442124	    449.49816116	    185.26408786	    401.99423621	    648.67705970	   1288.78709426	   1319.87103696	   1009.65629665	    447.48937715	    123.92500690	    384.46126409	    358.47376406	     43.36566389	    111.90665820	    221.63154673	    487.02717004	     75.47935740	    381.31459474	    145.42507535	    539.23635087	    147.61753349	    254.75082980	    907.05438666	     98.77931827	    998.12020179	    266.05614774	   2592.72790733	    167.21858099	    530.58147861	    718.91167185	    202.18183604	    749.22079587	   2274.35359920	   1212.34593003
      1.46450000	    260.85697503	    404.43753220	   1077.86721246	    588.83342164	    234.73040749	    258.20389903	    123.35165287	    991.88501211	    324.62133829	    444.00114497	    182.93567300	    397.42716387	    652.30889388	   1296.94977069	   1306.15341590	    990.25190453	    455.37423677	    123.69048499	    395.73759933	    356.30778762	     43.54794356	    113.22090083	    219.25216969	    480.18736843	     73.06561655	    382.41895011	    144.95046913	    545.92436740	    145.81519473	    254.34356968	    957.79398740	    103.49441796	    986.58902834	    262.47924616	   2559.00370794	    177.09354854	    512.52934712	    711.75423118	    207.25387701	    752.30921464	   2284.64924951	   1217.05560365	    255.67510832	    389.84267450	   1073.68685992	    595.35334892	    231.47920054	    265.36832855	    126.71976367	    995.54426269	    331.05621214	    449.49816116	    185.31968623	    402.13813350	    651.15506493	   1294.03604773	   1319.95471909	   1010.47519206	    448.47723345	    123.92944043	    384.41112971	    358.24059104	     43.35374971	    111.87575056	    221.76068249	    487.19293739	     75.45254612	    381.69807079	    145.72692734	    539.07863129	    147.60198447	    254.68316917	    904.46280217	     98.83876578	    998.21250880	    266.10681355	   2594.58687621	    167.21178419	    530.31380868	    719.40159281	    202.20209880	    748.93335852	   2273.53049338	   1211.90325533
      1.47500000	    260.91062865	    404.46308025	   1078.18428338	    589.31402446	    234.85040783	    258.21642121	    123.35759675	    992.14995894	    324.68185304	    444.00114497	    182.92945714	    397.41286937	    652.37611401	   1297.05763226	   1306.34857012	    990.09994077	    454.94530586	    123.76573781	    395.68259624	    356.43471520	     43.56214837	    113.22953559	    219.24121589	    480.17385357	     73.06988422	    382.38551714	    144.99641807	    545.90446108	    145.91991457	    254.30827991	    957.41245229	    103.46502804	    987.53467215	    262.62403748	   2558.91415648	    177.05691831	    512.57888608	    711.71162531	    207.31671532	    752.24103128	   2284.44448127	   1216.95105907	    255.42012041	    389.34157366	   1073.54988931	    595.41855223	    232.17475111	    265.23921747	    126.65854463	    995.51936393	    330.74683426	    449.49816116	    185.38911608	    402.31638817	    653.75911724	   1299.45871134	   1320.02230325	   1011.28253319	    449.49041341	    123.94117932	    384.38059257	    357.98611133	     43.34062827	    111.84342665	    221.91888763	    487.39561049	     75.41830679	    382.06074637	    146.04169564	    538.92991091	    147.58334419	    254.62216934	    901.52849394	     98.91034518	    998.30697268	    266.16088132	   2596.79558123	    167.21742341	    529.96877658	    720.00475101	    202.20364397	    748.59706030	   2272.55305800	   1211.38540575
      1.48550000	    260.93254223	    404.45732069	   1078.44428877	    589.84657418	    235.02603176	    258.25768571	    123.37718391	    992.39155681	    324.85643939	    444.00114497	    182.90893490	    397.36562137	    652.39955464	   1297.08202009	   1306.57728514	    990.20908230	    454.69386332	    123.83998726	    395.62259373	    356.62029231	     43.57328470	    113.23254661	    219.20493915	    480.12908205	     73.08390392	    382.43572010	    145.06294922	    545.89385075	    146.01461639	    254.29191146	    956.95342105	    103.43847642	    988.59635220	    262.78694405	   2558.61555269	    177.02096909	    512.74136673	    711.57052802	    207.38402584	    752.13958873	   2284.13915206	   1216.79560163	    255.16955437	    388.85658712	   1073.40964789	    595.48526356	    232.92465044	    265.08483262	    126.58534121	    995.43856573	    330.44875854	    449.49816116	    185.47160199	    402.52617307	    656.37797371	   1304.79796019	   1320.07508224	   1012.05969788	    450.48461770	    123.96333496	    384.36753985	    357.72538207	     43.32761181	    111.81145000	    222.10263794	    487.63044574	     75.37650353	    382.41083111	    146.36254783	    538.79409002	    147.56437599	    254.57508797	    898.22265105	     98.99409295	    998.40275826	    266.21850991	   2599.26683813	    167.22752611	    529.54278087	    720.70910693	    202.21052642	    748.20727523	   2271.40342216	   1210.78575040
      1.49600000	    260.94926787	    404.43830121	   1078.75486032	    590.53104838	    235.27566650	    258.26608239	    123.38116963	    992.62108557	    325.05487136	    444.00114497	    182.90475162	    397.35598017	    652.59707920	   1297.40944402	   1306.88315751	    990.44162865	    454.42968119	    123.93495714	    395.54276183	    356.82338381	     43.58641261	    113.23448698	    219.19752331	    480.11992720	     73.08674852	    382.53040659	    145.15607389	    545.87205745	    146.13056623	    254.28110998	    956.31131245	    103.40585700	    989.95660053	    263.00099377	   2558.55412657	    176.97333743	    512.77428522	    711.54168541	    207.47362605	    751.99189526	   2283.69325573	   1216.56945505	    254.92709163	    388.39856881	   1073.26626373	    595.55229850	    233.71901458	    264.89580170	    126.49570979	    995.34441026	    330.15544717	    449.49816116	    185.57175487	    402.77812974	    658.97789174	   1309.97140559	   1320.10918588	   1012.80077046	    451.45899441	    123.99687221	    384.37680065	    357.45282399	     43.31474250	    111.78001500	    222.31994009	    487.90738414	     75.32404684	    382.74575361	    146.68282856	    538.67331748	    147.54486790	    254.53252603	    894.53871283	     99.09062568	    998.49813503	    266.27904990	   2602.06047440	    167.24725628	    529.00109667	    721.54689289	    202.22096720	    747.75904630	   2270.06311981	   1210.09751484
      1.50650000	    260.99082984	    404.43116821	   1079.20161286	    591.39734456	    235.59814177	    258.24468284	    123.37101176	    992.85283883	    325.19641502	    444.00114497	    182.91540813	    397.38053344	    652.94928583	   1298.00333546	   1307.28446730	    990.65759728	    454.00599691	    124.06558657	    395.43487028	    357.01133581	     43.60379593	    113.24036698	    219.21640032	    480.14322921	     73.07949340	    382.60553001	    145.27391077	    545.82392698	    146.27862837	    254.26263590	    955.40630663	    103.35954105	    991.66023765	    263.28180547	   2558.71022978	    176.90314495	    512.69029414	    711.61510500	    207.57049698	    751.79472730	   2283.09570964	   1216.26793073	    254.69826641	    387.98472213	   1073.11869403	    595.61831272	    234.55159481	    264.66486174	    126.38620776	    995.27701814	    329.85413152	    449.49816116	    185.69277445	    403.07877014	    661.50263512	   1314.85288545	   1320.11440600	   1013.48548461	    452.41301742	    124.04282566	    384.41984639	    357.15604866	     43.30143555	    111.74912250	    222.57455017	    488.23080525	     75.25806762	    383.04714702	    146.99828790	    538.57067495	    147.52277333	    254.48436045	    890.47222686	     99.20165337	    998.59140989	    266.34170063	   2605.15894799	    167.28602192	    528.30898978	    722.53439363	    202.21444145	    747.24396749	   2268.50421555	   1209.30912829
      1.51700000	    261.03672677	    404.42559326	   1079.66946848	    592.25630228	    235.93265261	    258.29575320	    123.39525380	    993.06239688	    325.36467665	    444.00114497	    182.88994956	    397.32183837	    653.08400395	   1298.21108208	   1307.71380316	    990.93757260	    453.60857258	    124.20188760	    395.31839996	    357.20022906	     43.61974261	    113.24670484	    219.17122542	    480.08745570	     73.09677808	    382.67178120	    145.39328228	    545.77337800	    146.41904808	    254.25154226	    954.38347887	    103.30829288	    993.33568974	    263.57220508	   2558.33524429	    176.82382580	    512.89021814	    711.43940813	    207.64145674	    751.58215779	   2282.44890724	   1215.94337717	    254.49499199	    387.64159494	   1072.97200360	    595.68311299	    235.41443305	    264.41525894	    126.26785985	    995.19610475	    329.57141629	    449.49816116	    185.82183087	    403.39506124	    663.76622369	   1319.08141516	   1320.08738833	   1014.09081579	    453.31648574	    124.10343765	    384.49901435	    356.87042922	     43.28826704	    111.72006595	    222.83711017	    488.56312965	     75.18442454	    383.30950443	    147.30477604	    538.49548021	    147.49881665	    254.44375317	    885.99757502	     99.32774762	    998.68201152	    266.40650863	   2608.16056342	    167.34031211	    527.52301252	    723.55837214	    202.19397225	    746.65314205	   2266.69867139	   1208.40895986
      1.52750000	    261.05683178	    404.39965085	   1080.04142606	    592.99586021	    236.25665818	    258.35952705	    123.42552657	    993.21844524	    325.63298701	    444.00114497	    182.85802962	    397.24806595	    653.17268472	   1298.33909566	   1308.11360724	    991.35946511	    453.38968593	    124.31938249	    395.21060067	    357.39505819	     43.63133112	    113.24870013	    219.11420622	    480.01701459	     73.11821832	    382.77706981	    145.50619300	    545.74222988	    146.53112708	    254.26323820	    953.37700372	    103.26468517	    994.76890120	    263.83167628	   2557.85499375	    176.75107139	    513.13735191	    711.21767528	    207.69831953	    751.36796942	   2281.79485387	   1215.61694548	    254.32843974	    387.39112318	   1072.83352845	    595.74675483	    236.29324855	    264.14917687	    126.14170443	    995.06376798	    329.34744098	    449.49816116	    185.95732710	    403.72264384	    665.74657466	   1322.64757967	   1320.03242719	   1014.61193156	    454.14057997	    124.18046721	    384.60813349	    356.65087862	     43.27677367	    111.69455213	    223.10351581	    488.89908764	     75.10325931	    383.54786140	    147.59690683	    538.45754472	    147.47632471	    254.42564303	    881.09811084	     99.46789666	    998.76940617	    266.47359312	   2611.00992157	    167.40124919	    526.64122090	    724.60206018	    202.18788629	    745.98081927	   2264.63029143	   1207.39089321
      1.53800000	    261.07343534	    404.37241525	   1080.38195920	    593.67731336	    236.59002302	    258.35702325	    123.42433803	    993.34411783	    325.90288659	    444.00114497	    182.85928551	    397.25097235	    653.46818140	   1298.83043908	   1308.49377924	    991.79430543	    453.22065207	    124.43263854	    395.10684367	    357.54697897	     43.64100232	    113.25013655	    219.11645767	    480.01979696	     73.11737958	    382.87478790	    145.61964719	    545.71421852	    146.62832625	    254.28005192	    952.32271462	    103.22536777	    996.07829307	    264.07990224	   2557.87410445	    176.67794866	    513.12770201	    711.22642982	    207.73830888	    751.13855118	   2281.09212358	   1215.26800947	    254.20587839	    387.25129170	   1072.70501764	    595.80806375	    237.17311420	    263.83239642	    125.99152326	    994.93077533	    329.15886478	    449.49816116	    186.11574737	    404.10018846	    667.53823506	   1325.75236329	   1319.94452917	   1015.03977470	    454.88268623	    124.27382380	    384.75163453	    356.49629111	     43.26720825	    111.67317525	    223.40383140	    489.27632459	     75.00305608	    383.76009230	    147.87035829	    538.45453284	    147.45532943	    254.41609796	    875.79685026	     99.62205427	    998.85193740	    266.54191957	   2613.99143087	    167.47386454	    525.53158134	    725.78276080	    202.19579782	    745.21915367	   2262.27906304	   1206.24607827
      1.54850000	    261.10960514	    404.36007075	   1080.78114301	    594.35028346	    236.91213690	    258.39388858	    123.44183791	    993.46359938	    326.07359422	    444.00114497	    182.84077187	    397.20809588	    653.63610091	   1299.09838999	   1308.90289947	    992.17327933	    452.96788804	    124.55405440	    394.99177591	    357.62759291	     43.65142499	    113.25480472	    219.08320086	    479.97868999	     73.12970414	    382.92858840	    145.72671463	    545.53393401	    146.72908991	    254.28339303	    951.14477945	    103.17729121	    997.35144941	    264.33518742	   2557.59057684	    176.59050388	    513.26934998	    711.09712174	    207.75639646	    750.90761798	   2280.38289561	   1214.91754803	    254.13078239	    387.23084442	   1072.58558105	    595.86589684	    238.03981950	    263.45919124	    125.81461303	    994.85102229	    328.97908006	    449.49816116	    186.29825555	    404.52832827	    669.11095993	   1328.36142872	   1319.81597311	   1015.35676235	    455.54325416	    124.38178905	    384.93522891	    356.37869639	     43.25870649	    111.65585919	    223.73601420	    489.69176354	     74.88002468	    383.92727803	    148.12215826	    538.48316881	    147.43318631	    254.39968346	    870.13219281	     99.78997787	    998.92825283	    266.61034738	   2617.01393513	    167.56530443	    524.13976378	    727.09175013	    202.19198558	    744.35961443	   2259.62617281	   1204.96510557
      1.55900000	    261.15433874	    404.35100303	   1081.21983784	    594.99659581	    237.20361356	    258.49054315	    123.48772063	    993.59047159	    326.19492108	    444.00114497	    182.79200612	    397.09482678	    653.60741659	   1299.02513461	   1309.35271727	    992.57316716	    452.68362336	    124.67693013	    394.86249478	    357.66668309	     43.66196106	    113.26083618	    218.99490486	    479.86947011	     73.16176357	    382.96461116	    145.82147986	    545.44916539	    146.83187476	    254.27779143	    949.85879417	    103.11834932	    998.55376790	    264.59046347	   2556.82487213	    176.48853590	    513.63630395	    710.75390576	    207.75645406	    750.69021008	   2279.71382654	   1214.58834797	    254.11542110	    387.35938960	   1072.47889626	    595.92014050	    238.89041973	    263.12635459	    125.65686264	    994.80015584	    328.78614136	    449.49816116	    186.45720484	    404.89564629	    670.29662103	   1330.23638613	   1319.64197992	   1015.56809464	    456.12225445	    124.50641199	    385.16302276	    356.27725486	     43.25311678	    111.64419745	    224.01417096	    490.03815953	     74.76575357	    384.07681324	    148.35321000	    538.54067618	    147.41353649	    254.37686720	    864.11488248	     99.97382842	    998.99798300	    266.67858353	   2619.33032588	    167.68002645	    522.82038741	    728.18842963	    202.21697012	    743.38243088	   2256.62143951	   1203.52232446
      1.56950000	    261.19776895	    404.33924588	   1081.65267675	    595.59250799	    237.47353637	    258.56009847	    123.52074000	    993.73668370	    326.33560551	    444.00114497	    182.75671070	    397.01254254	    653.64048555	   1299.06202044	   1309.81418467	    993.01728601	    452.44183900	    124.79478755	    394.72774922	    357.68206482	     43.67087953	    113.26653195	    218.93035925	    479.78955364	     73.18460743	    382.98920206	    145.90747852	    545.36143057	    146.92524360	    254.27060477	    948.50060094	    103.05486788	    999.64771914	    264.83576871	   2556.25315101	    176.37875820	    513.89642248	    710.50311790	    207.72963720	    750.48118103	   2279.06954382	   1214.27252044	    254.17340664	    387.66708888	   1072.38903022	    595.96995853	    239.71421156	    262.84106357	    125.52166811	    994.74429369	    328.55617580	    449.49816116	    186.59057362	    405.20008812	    671.18876235	   1331.58637955	   1319.41503401	   1015.66592874	    456.61014752	    124.64806949	    385.43985809	    356.19303747	     43.25229212	    111.63999850	    224.24008370	    490.31850252	     74.66438762	    384.22729898	    148.56250245	    538.62484604	    147.39987156	    254.35051208	    857.86674873	    100.17463958	    999.06006988	    266.74541911	   2621.07289130	    167.82445845	    521.63023086	    729.07832520	    202.30693059	    742.27626174	   2253.24067593	   1201.90530564
      1.58000000	    261.23105693	    404.31628425	   1082.05666951	    596.12515652	    237.71485269	    258.60488389	    123.54200094	    993.86647074	    326.48100413	    444.00114497	    182.73389527	    396.95921562	    653.72204531	   1299.18660753	   1310.27936985	    993.50654877	    452.23368381	    124.90232114	    394.58919767	    357.64422468	     43.67906079	    113.27076102	    218.88834582	    479.73750101	     73.19921566	    383.03024570	    145.98295667	    545.27016598	    147.01313724	    254.26545201	    947.11716288	    102.98978083	   1000.60919558	    265.06301611	   2555.87553694	    176.26421098	    514.06216237	    710.33993641	    207.70605964	    750.28759631	   2278.47219249	   1213.98063500	    254.30301549	    388.13620506	   1072.31699139	    596.01314869	    240.47487383	    262.45546721	    125.33897636	    994.69006115	    328.34012066	    449.49816116	    186.76663226	    405.59699782	    672.00320998	   1332.76770838	   1319.12947201	   1015.59386883	    456.97325766	    124.79736183	    385.76058992	    356.18613750	     43.25349241	    111.64293552	    224.52849491	    490.67510392	     74.52235459	    384.31602145	    148.74359380	    538.74783618	    147.38517424	    254.32882556	    851.73681952	    100.38438504	    999.11247954	    266.80766374	   2623.12339044	    167.99688733	    519.93385486	    730.21180662	    202.38404517	    741.07865270	   2249.60662636	   1200.17288295
      1.59050000	    261.24967940	    404.27694035	   1082.42488693	    596.59053528	    237.91525180	    258.67637860	    123.57594213	    993.95162278	    326.60261872	    444.00114497	    182.69732843	    396.87351956	    653.69213902	   1299.11891619	   1310.74852527	    994.04848292	    452.05150345	    124.99638496	    394.44634483	    357.52359215	     43.68718621	    113.27295699	    218.82052749	    479.65342053	     73.22237281	    383.10694773	    146.04464358	    545.17014689	    147.09907337	    254.26272045	    945.75361969	    102.92310479	   1001.43275406	    265.26773534	   2555.25682582	    176.14643100	    514.32391952	    710.07664094	    207.70581103	    750.12171860	   2277.95995560	   1213.73099392	    254.50455430	    388.75322430	   1072.26577073	    596.04994739	    241.16644836	    262.08176142	    125.16196247	    994.65152929	    328.18255485	    449.49816116	    186.93269790	    405.96644283	    672.62122580	   1333.62211371	   1318.78106304	   1015.30821260	    457.18545823	    124.94990511	    386.11905732	    356.30078930	     43.25487679	    111.65327353	    224.79089723	    490.99827320	     74.37916698	    384.30046805	    148.89840039	    538.91945291	    147.36441050	    254.31678927	    845.88072042	    100.59943306	    999.15605310	    266.86489113	   2624.82578928	    168.18888598	    518.19264898	    731.23896712	    202.39483141	    739.80625798	   2245.77705906	   1198.35208537
      1.60100000	    261.26457390	    404.23057315	   1082.78902992	    597.01074082	    238.07320293	    258.77121108	    123.62096362	    994.03411048	    326.70499940	    444.00114497	    182.64855167	    396.75876604	    653.55608313	   1298.86702949	   1311.23456227	    994.63471516	    451.89890332	    125.08241208	    394.29515743	    357.33962894	     43.69436538	    113.27454998	    218.72912363	    479.53998795	     73.25277948	    383.18092782	    146.09263722	    545.05819616	    147.17984773	    254.25595395	    944.37009666	    102.84888875	   1002.16452979	    265.45914863	   2554.40491361	    176.01996818	    514.66577203	    709.72203197	    207.68986366	    749.98752998	   2277.54539039	   1213.52936133	    254.76160414	    389.48156779	   1072.22686151	    596.08211193	    241.80564000	    261.86408985	    125.05887967	    994.62765626	    328.02112173	    449.49816116	    187.02738201	    406.17503330	    673.00600709	   1334.13331886	   1318.37642453	   1014.87328323	    457.29936479	    125.10629040	    386.50677215	    356.47204113	     43.25802407	    111.67016261	    224.93653408	    491.17710809	     74.29324440	    384.23968769	    149.03330566	    539.11920556	    147.34209624	    254.30337168	    840.24913736	    100.82359963	    999.19295200	    266.91863257	   2625.70599582	    168.40720873	    517.13405934	    731.80676103	    202.40406233	    738.43295425	   2241.68160036	   1196.40850678
      1.61150000	    261.28355082	    404.18266061	   1083.17508002	    597.40418757	    238.18698668	    258.84897567	    123.65788297	    994.14848044	    326.80539156	    444.00114497	    182.60832206	    396.66373307	    653.42791460	   1298.63114884	   1311.75450591	    995.25692964	    451.76425351	    125.16464867	    394.12948339	    357.11972481	     43.70018951	    113.27662809	    218.65291121	    479.44531052	     73.27745016	    383.22278616	    146.12687154	    544.93229614	    147.25501554	    254.24197960	    942.91554472	    102.76109173	   1002.83997521	    265.64534423	   2553.67864091	    175.87710728	    514.94156156	    709.42661603	    207.62969865	    749.88890195	   2277.24061263	   1213.38134359	    255.04418577	    390.25609003	   1072.18592005	    596.10878403	    242.37890148	    261.61372846	    124.94033759	    994.60917086	    327.80085697	    449.49816116	    187.13445088	    406.40917325	    673.33552493	   1334.55585557	   1317.92957699	   1014.36803663	    457.37752745	    125.25925316	    386.90936766	    356.64143861	     43.26331938	    111.69100615	    225.09788546	    491.37479494	     74.19211512	    384.18614028	    149.14765751	    539.32423999	    147.32094653	    254.28062530	    835.09108971	    101.05222639	    999.22275049	    266.96677415	   2626.62898705	    168.66313087	    515.87585627	    732.43347541	    202.45799403	    736.98345342	   2237.40123370	   1194.37902588
      1.62200000	    261.29913485	    404.12697002	   1083.55690696	    597.75916163	    238.25593441	    258.91876597	    123.69101700	    994.25543366	    326.91771547	    444.00114497	    182.57204100	    396.57772168	    653.27939127	   1298.36130935	   1312.29158927	    995.90609251	    451.64711483	    125.23860267	    393.95356933	    356.85654025	     43.70504088	    113.27823050	    218.58352623	    479.35903759	     73.29938888	    383.25197966	    146.14747882	    544.79884629	    147.32506282	    254.22970750	    941.44840395	    102.66402316	   1003.43931763	    265.81906960	   2553.00472068	    175.72227900	    515.18560160	    709.15789401	    207.54726361	    749.82831403	   2277.05336350	   1213.29049137	    255.35599268	    391.07317554	   1072.14739044	    596.12913957	    242.87770648	    261.32574873	    124.80401421	    994.58491219	    327.58021213	    449.49816116	    187.25521407	    406.67111426	    673.61396957	   1334.89840107	   1317.43430439	   1013.73758928	    457.38289510	    125.40399717	    387.32360175	    356.85221334	     43.26923030	    111.71638893	    225.27577277	    491.59219415	     74.07273253	    384.09247396	    149.24200739	    539.54873384	    147.29634761	    254.26043045	    830.62744206	    101.27913652	    999.24550728	    267.00748585	   2627.58476277	    168.94782373	    514.37460499	    733.12109078	    202.50522439	    735.48955947	   2233.03333675	   1192.30811674
      1.63250000	    261.30368223	    404.05719404	   1083.91013521	    598.06643072	    238.27902995	    258.99765556	    123.72847163	    994.31582336	    327.05290209	    444.00114497	    182.53082947	    396.47966363	    653.05417805	   1297.95616355	   1312.82851214	    996.58068216	    451.55155804	    125.30018918	    393.77253600	    356.53945288	     43.70942825	    113.27835224	    218.50394633	    479.25999777	     73.32395774	    383.29462610	    146.15435863	    544.66451561	    147.39109872	    254.22767303	    940.04409806	    102.56257590	   1003.94826987	    265.97361066	   2552.21675852	    175.56215470	    515.45752146	    708.84998590	    207.47029560	    749.80787723	   2276.99020004	   1213.25985926	    255.70476198	    391.93905754	   1072.11672718	    596.14346365	    243.30957626	    261.15893868	    124.72506560	    994.54556149	    327.42128296	    449.49816116	    187.32401075	    406.81934596	    673.82588878	   1335.11300975	   1316.87907216	   1012.92208483	    457.28221092	    125.53996270	    387.75028016	    357.14366784	     43.27461252	    111.74744474	    225.37522780	    491.71348695	     74.00207923	    383.91313587	    149.31972950	    539.80954187	    147.26381724	    254.25451770	    826.90783904	    101.50285813	    999.26236567	    267.04071543	   2628.09161681	    169.25309959	    513.47850016	    733.50380797	    202.50161394	    733.95386976	   2228.58656279	   1190.19849376
      1.64300000	    261.29950054	    403.97421636	   1084.24533256	    598.33841232	    238.25818013	    259.07594918	    123.76564383	    994.35018110	    327.21094773	    444.00114497	    182.48972071	    396.38146408	    652.77973017	   1297.46296237	   1313.37254645	    997.28749639	    451.49072849	    125.35174271	    393.58380416	    356.18467779	     43.71275391	    113.27717721	    218.42373722	    479.16007688	     73.34809936	    383.33494585	    146.14814829	    544.52685021	    147.45140179	    254.23266448	    938.67979083	    102.45403903	   1004.39177352	    266.11430510	   2551.40621210	    175.39406665	    515.72326883	    708.53999683	    207.37819664	    749.82632998	   2277.04723150	   1213.28751724	    256.07061231	    392.81259738	   1072.08348996	    596.15144548	    243.67623691	    261.07195165	    124.68390071	    994.49060346	    327.29301234	    449.49816116	    187.35955434	    406.89565270	    673.95980324	   1335.25642397	   1316.26909779	   1011.96327018	    457.11979608	    125.66345088	    388.26214295	    357.47276628	     43.27892056	    111.78221782	    225.42608727	    491.77544312	     73.96479707	    383.66580620	    149.38344992	    540.09305904	    147.22230053	    254.25721474	    824.19372079	    101.72038936	    999.27381664	    267.06537297	   2628.34334205	    169.58364148	    513.00346976	    733.69900244	    202.45719974	    732.42272458	   2224.19660633	   1188.11338657
      1.65350000	    261.28910686	    403.87875430	   1084.57319360	    598.58634233	    238.19521552	    259.15175607	    123.80163584	    994.38436537	    327.38818368	    444.00114497	    182.44972119	    396.28553736	    652.46036892	   1296.88799858	   1313.93141834	    998.02813572	    451.47929837	    125.39551192	    393.38418815	    355.81380273	     43.71411888	    113.27486700	    218.34488226	    479.06174693	     73.37124476	    383.34775839	    146.12933642	    544.38209745	    147.50321550	    254.24005552	    937.31824763	    102.33501639	   1004.79185161	    266.24665452	   2550.59323103	    175.21399879	    515.97668009	    708.23561879	    207.23990914	    749.88170388	   2277.21836747	   1213.37054697	    256.43600572	    393.65984808	   1072.03818823	    596.15270377	    243.98022621	    261.00031837	    124.65000417	    994.42159328	    327.15477704	    449.49816116	    187.38865462	    406.95798774	    674.06729314	   1335.36796652	   1315.61112846	   1010.90348509	    456.93597019	    125.77144058	    388.65723706	    357.79410101	     43.28162669	    111.81881168	    225.46746487	    491.82581309	     73.93386944	    383.36679466	    149.43414221	    540.38375302	    147.17067191	    254.26104994	    822.74801269	    101.92847005	    999.28020601	    267.08043717	   2628.54445294	    169.94026391	    512.60829874	    733.85753377	    202.38019495	    730.95901970	   2220.04197853	   1186.13675712
      1.66400000	    261.26817242	    403.76516357	   1084.88642027	    598.81180627	    238.09320762	    259.21925016	    123.83368137	    994.41135192	    327.59731504	    444.00114497	    182.41394665	    396.19942234	    652.11665285	   1296.26753280	   1314.50345200	    998.80183635	    451.50175583	    125.43087625	    393.17310611	    355.43498915	     43.71420678	    113.27097282	    218.27366564	    478.97285990	     73.39166206	    383.35040713	    146.09867656	    544.23381924	    147.54970705	    254.25317658	    935.97353172	    102.20730483	   1005.15098126	    266.37023533	   2549.84517401	    175.02227795	    516.19908855	    707.96107189	    207.07599997	    749.97031079	   2277.49218393	   1213.50350827	    256.79392913	    394.46668164	   1071.97812300	    596.14705932	    244.22697312	    260.96286069	    124.63228027	    994.32962154	    327.01609764	    449.49816116	    187.40381068	    406.99040398	    674.14658493	   1335.44739551	   1314.90914971	   1009.75591317	    456.74371097	    125.86299465	    389.05820425	    358.11106644	     43.28231328	    111.85648913	    225.48892248	    491.85192137	     73.91761574	    383.01428230	    149.47505445	    540.68020954	    147.10729029	    254.26910538	    822.69523515	    102.12460412	    999.28186780	    267.08552704	   2628.64745298	    170.31614757	    512.40022557	    733.93964609	    202.26647040	    729.61772008	   2216.27232486	   1184.33956445
      1.67450000	    261.23345762	    403.62941237	   1085.17818632	    599.01506857	    237.95519005	    259.28354494	    123.86420813	    994.42023184	    327.85117626	    444.00114497	    182.37972783	    396.11676399	    651.73207367	   1295.57028978	   1315.08386702	    999.60483921	    451.54302577	    125.45734164	    392.95132435	    355.05315296	     43.71373911	    113.26524138	    218.20492373	    478.88698780	     73.41094499	    383.36157828	    146.05683080	    544.08695831	    147.59365723	    254.27604609	    934.66981877	    102.07342710	   1005.46968133	    266.48403855	   2549.11058863	    174.82054552	    516.40814774	    707.69639951	    206.90992393	    750.08808180	   2277.85605056	   1213.68042439	    257.13840965	    395.22250652	   1071.90127647	    596.13417375	    244.42165218	    260.98500382	    124.64275769	    994.20525235	    326.89244133	    449.49816116	    187.39485620	    406.97125593	    674.19488950	   1335.49423054	   1314.16892175	   1008.53825641	    456.55578358	    125.93766467	    389.45990953	    358.43220961	     43.28074707	    111.89455121	    225.47625257	    491.83650646	     73.92723088	    382.60979046	    149.50718630	    540.98224129	    147.03096009	    254.28553841	    824.06843548	    102.30661836	    999.27880055	    267.08030216	   2628.58674172	    170.70359691	    512.52334725	    733.89117015	    202.11591888	    728.44880580	   2213.01786615	   1182.78438324
      1.68500000	    261.18973366	    403.47795080	   1085.44943402	    599.19640332	    237.78524466	    259.34733442	    123.89449518	    994.41692291	    328.14226638	    444.00114497	    182.34564413	    396.03414723	    651.29793283	   1294.77844046	   1315.65841318	   1000.39563253	    451.59072534	    125.47592943	    392.72356899	    354.67698122	     43.71239341	    113.25840782	    218.13583701	    478.80061185	     73.42991569	    383.36073129	    146.00472674	    543.94470734	    147.63274989	    254.30687707	    933.42617455	    101.93536126	   1005.75036289	    266.58790353	   2548.35985429	    174.61113808	    516.61286595	    707.43075060	    206.72891822	    750.22987365	   2278.29397681	   1213.89371498	    257.46350885	    395.91866709	   1071.80529532	    596.11345826	    244.56865051	    261.05264972	    124.67476690	    994.05106781	    326.77478462	    449.49816116	    187.36741060	    406.91249368	    674.21906773	   1335.51720535	   1313.39829571	   1007.27670587	    456.38755473	    125.99517935	    389.85713019	    358.74510507	     43.27686156	    111.93218565	    225.43728121	    491.78907293	     73.95648358	    382.16182926	    149.53136163	    541.28389467	    146.94109522	    254.30809750	    826.81478262	    102.47270543	    999.27057791	    267.06432612	   2628.39807375	    171.09542508	    512.89734357	    733.74191463	    201.93427565	    727.49294147	   2210.37850058	   1181.52018348
      1.69550000	    261.14202906	    403.31787890	   1085.70195422	    599.35677414	    237.58803342	    259.40480990	    123.92178449	    994.41062173	    328.45973671	    444.00114497	    182.31482103	    395.95918526	    650.83943837	   1293.93753874	   1316.21440265	   1001.13396742	    451.62936027	    125.48784421	    392.49455759	    354.31904757	     43.70990617	    113.25122058	    218.07282022	    478.72176084	     73.44687148	    383.32718834	    145.94345466	    543.80958037	    147.66523676	    254.34291729	    932.25757524	    101.79505239	   1005.99616929	    266.68202415	   2547.66412424	    174.39628458	    516.79502624	    707.18876515	    206.52008715	    750.39014692	   2278.78870594	   1214.13518693	    257.76489382	    396.55061484	   1071.68817586	    596.08399890	    244.67146211	    261.14827286	    124.72001803	    993.87176551	    326.64991707	    449.49816116	    187.32838108	    406.82873852	    674.22453937	   1335.52242297	   1312.60506268	   1005.99798170	    456.25357156	    126.03540024	    390.24555344	    359.03520059	     43.27053697	    111.96864397	    225.38150042	    491.72113076	     73.99752410	    381.67908113	    149.54822475	    541.57897155	    146.83689752	    254.33344842	    830.82522443	    102.62149130	    999.25625749	    267.03700844	   2628.12293420	    171.48525240	    513.42054023	    733.52790134	    201.72560352	    726.78263873	   2208.43018497	   1180.58505183
      1.70600000	    261.09112375	    403.14976959	   1085.93772189	    599.49988144	    237.36739511	    259.45794061	    123.94701100	    994.40584891	    328.80165825	    444.00114497	    182.28623354	    395.88944590	    650.35247346	   1293.03895232	   1316.75129505	   1001.81290096	    451.65191230	    125.49403578	    392.26463980	    353.99410260	     43.70625587	    113.24379885	    218.01390831	    478.64799085	     73.46242982	    383.25573342	    145.87386113	    543.68241135	    147.69140562	    254.38360836	    931.15723640	    101.65299710	   1006.21378094	    266.76802584	   2547.00421481	    174.17570976	    516.96148742	    706.96283541	    206.27985106	    750.56429457	   2279.32582368	   1214.39801780	    258.03832486	    397.11556722	   1071.54627924	    596.04442520	    244.73267849	    261.27099334	    124.77809804	    993.66653957	    326.51125261	    449.49816116	    187.27788927	    406.72004957	    674.21107432	   1335.50974733	   1311.79630623	   1004.73569116	    456.17473978	    126.05806937	    390.62218553	    359.29596439	     43.26143976	    112.00302495	    225.30870176	    491.63237370	     74.04966228	    381.17358105	    149.55824733	    541.86363275	    146.71684750	    254.36045187	    835.96432857	    102.75229958	    999.23422034	    266.99747831	   2627.75473575	    171.86924834	    514.08260663	    733.24795082	    201.49243253	    726.34203326	   2207.22727227	   1180.00679589
      1.71650000	    261.03654465	    402.97240932	   1086.15785155	    599.62913895	    237.12737529	    259.51009633	    123.97177465	    994.40656757	    329.16691916	    444.00114497	    182.25808331	    395.82056861	    649.82602793	   1292.06040636	   1317.27075668	   1002.43373195	    451.65194750	    125.49526295	    392.03329555	    353.71462342	     43.70159694	    113.23611804	    217.95545221	    478.57473876	     73.47759446	    383.14800697	    145.79688517	    543.56382865	    147.71230588	    254.42859484	    930.11511772	    101.50974693	   1006.40892383	    266.84741789	   2546.34029758	    173.94871379	    517.12309631	    706.73894565	    206.01109936	    750.74788441	   2279.89143224	   1214.67560835	    258.28025077	    397.61235200	   1071.37615290	    595.99293039	    244.75351199	    261.42080715	    124.84900910	    993.43399431	    326.35265923	    449.49816116	    187.21563231	    406.58550609	    674.17701162	   1335.47688178	   1310.98066418	   1003.52770645	    456.17073424	    126.06278243	    390.98407498	    359.52436930	     43.24928872	    112.03446122	    225.21793729	    491.52157578	     74.11250174	    380.66226865	    149.56165514	    542.13420516	    146.57971819	    254.38825690	    842.06953189	    102.86461363	    999.20204506	    266.94462833	   2627.28100889	    172.24371888	    514.87655086	    732.89794528	    201.23960299	    726.18892614	   2206.81028820	   1179.80617816
      1.72700000	    260.97616713	    402.78295973	   1086.36086712	    599.74646591	    236.87254323	    259.55962808	    123.99529247	    994.41752312	    329.55096708	    444.00114497	    182.23127000	    395.75477095	    649.27120423	   1291.02168461	   1317.77575986	   1003.01086950	    451.61594418	    125.49204758	    391.79968404	    353.48432594	     43.69698094	    113.22813847	    217.89935490	    478.50439289	     73.49189687	    383.03256406	    145.71368763	    543.45480274	    147.73204328	    254.47668535	    929.13499103	    101.36725984	   1006.58387877	    266.92053541	   2545.69459809	    173.71543271	    517.27493024	    706.52437441	    205.74673031	    750.93651729	   2280.47173867	   1214.96136157	    258.48794562	    398.04062187	   1071.17662481	    595.92764789	    244.73450015	    261.59028855	    124.92924040	    993.17515035	    326.16611316	    449.49816116	    187.14437553	    406.43078520	    674.12173533	   1335.42175815	   1310.17116829	   1002.41365997	    456.25383730	    126.04935093	    391.32706487	    359.72034690	     43.23400608	    112.06219518	    225.11266665	    491.39288125	     74.18252054	    380.16596073	    149.55854537	    542.38572692	    146.42555316	    254.41544927	    848.91351865	    102.95792819	    999.15670480	    266.87759987	   2626.71084872	    172.60316904	    515.75582578	    732.49075132	    200.97465053	    726.32871078	   2207.19096786	   1179.98933276
      1.73750000	    260.90981601	    402.58170852	   1086.54626321	    599.85302905	    236.60790611	    259.60550998	    124.01707735	    994.44218344	    329.94732554	    444.00114497	    182.20636423	    395.69348456	    648.69880351	   1289.94259900	   1318.26598081	   1003.55284843	    451.53827538	    125.48513992	    391.56462100	    353.30138668	     43.69313548	    113.22001699	    217.84687794	    478.43854291	     73.50505902	    382.93021984	    145.62565670	    543.35641149	    147.75304345	    254.52649747	    928.22217332	    101.22755553	   1006.74029113	    266.98757014	   2545.08293966	    173.47718592	    517.41415044	    706.32391218	    205.51084078	    751.12597460	   2281.05354361	   1215.24890299	    258.66040724	    398.40261248	   1070.94819011	    595.84625162	    244.67475205	    261.77187061	    125.01521258	    992.89259718	    325.94549212	    449.49816116	    187.06704734	    406.26198610	    674.04382238	   1335.34102516	   1309.38133015	   1001.42692832	    456.42757602	    126.01753261	    391.64764994	    359.88580682	     43.21575529	    112.08572401	    224.99671584	    491.25089735	     74.25628102	    379.70710739	    149.54876374	    542.61426781	    146.25566246	    254.44073995	    856.27521566	    103.03191593	    999.09428194	    266.79532788	   2626.05659787	    172.94286120	    516.67567403	    732.04082466	    200.70802527	    726.75930413	   2208.36636958	   1180.55439260
      1.74800000	    260.84488830	    402.37998741	   1086.71844989	    599.94889038	    236.33736093	    259.65137588	    124.03885464	    994.47912394	    330.34603790	    444.00114497	    182.18140225	    395.63189361	    648.09578406	   1288.79654955	   1318.72976785	   1004.01833302	    451.40997345	    125.47588267	    391.33370354	    353.16200065	     43.68936512	    113.21264960	    217.79391906	    478.37204500	     73.51813350	    382.80604609	    145.53390902	    543.26982383	    147.77193394	    254.57691550	    927.38123388	    101.09166852	   1006.87963472	    267.04880815	   2544.45815829	    173.23608930	    517.55195519	    706.12187363	    205.27504293	    751.31329221	   2281.62756059	   1215.53371564	    258.80139242	    398.70725857	   1070.69383746	    595.74535444	    244.57193050	    261.96131816	    125.10492201	    992.59208698	    325.69489864	    449.49816116	    186.98527354	    406.08244792	    673.94006871	   1335.22917314	   1308.61735430	   1000.57138438	    456.67817856	    125.96720453	    391.94548561	    360.02424828	     43.19499193	    112.10534624	    224.87211309	    491.09804907	     74.33185359	    379.29675146	    149.53190019	    542.82077574	    146.07179112	    254.46382554	    863.98529723	    103.08708317	    999.00944807	    266.69609366	   2625.32222955	    173.26030553	    517.61095644	    731.55583240	    200.44878096	    727.47083187	   2210.31768724	   1181.49102079
      1.75850000	    260.78757728	    402.18780043	   1086.88140803	    600.03466810	    236.06500484	    259.69564922	    124.05987577	    994.52744109	    330.73893859	    444.00114497	    182.15724611	    395.57213046	    647.47492436	   1287.60744098	   1319.15971351	   1004.37515496	    451.21435949	    125.46560702	    391.11104819	    353.06773293	     43.68544246	    113.20683561	    217.74231828	    478.30721059	     73.53067517	    382.63626034	    145.43972357	    543.19572627	    147.78736977	    254.62705462	    926.61264911	    100.96062133	   1007.00352227	    267.10463950	   2543.84212088	    172.99299806	    517.68368194	    705.92527993	    205.02396157	    751.49567879	   2282.18509147	   1215.81150561	    258.91423417	    398.96232739	   1070.41595799	    595.62047074	    244.42209139	    262.15451114	    125.19641830	    992.27906590	    325.41880437	    449.49816116	    186.90071886	    405.89566018	    673.80632528	   1335.07935934	   1307.88360884	    999.84765276	    456.99372170	    125.89789395	    392.22104110	    360.13647821	     43.17202377	    112.12132623	    224.74106725	    490.93699755	     74.40746963	    378.94233818	    149.50725864	    543.00651347	    145.87534321	    254.48446025	    871.89415217	    103.12420469	    998.89525279	    266.57770193	   2624.51415220	    173.55485282	    518.53914681	    731.04428795	    200.20253181	    728.44604813	   2213.01022301	   1182.78072637
      1.76900000	    260.73322864	    401.99872601	   1087.03385893	    600.11289804	    235.79391917	    259.73980434	    124.08084075	    994.59046575	    331.12409439	    444.00114497	    182.13309556	    395.51222119	    646.83243532	   1286.36672839	   1319.56674404	   1004.66737670	    450.96036924	    125.45450401	    390.89306716	    353.02470251	     43.68231090	    113.20207967	    217.69037865	    478.24190871	     73.54310615	    382.46070425	    145.34412394	    543.13229870	    147.80330844	    254.67630906	    925.90337726	    100.83484686	   1007.11508307	    267.15604745	   2543.21475877	    172.74700374	    517.81379488	    705.72766602	    204.79328589	    751.67134408	   2282.72058328	   1216.07947881	    258.99792425	    399.16937252	   1070.11389571	    595.46642046	    244.22024690	    262.34655321	    125.28738214	    991.95476112	    325.11259212	    449.49816116	    186.81549209	    405.70618198	    673.63823481	   1334.88424811	   1307.18964215	    999.27845113	    457.37563199	    125.80871131	    392.47338887	    360.22061518	     43.14698939	    112.13322336	    224.60664391	    490.77147805	     74.48118707	    378.66404719	    149.47394197	    543.16932922	    145.66857923	    254.50185731	    879.83634609	    103.14409897	    998.74328002	    266.43801590	   2623.64634864	    173.82669306	    519.43630389	    730.51820174	    199.97868443	    729.65628597	   2216.38019432	   1184.39104960
      1.77950000	    260.67760390	    401.80662445	   1087.17461315	    600.18571940	    235.52759786	    259.78527741	    124.10243145	    994.67073915	    331.50057678	    444.00114497	    182.10816340	    395.45020299	    646.16444662	   1285.06523164	   1319.95937486	   1004.93475082	    450.66649963	    125.44267368	    390.67692234	    353.03311871	     43.68043624	    113.19784743	    217.63638458	    478.17397942	     73.55582754	    382.31032356	    145.24836701	    543.07785323	    147.82185202	    254.72419998	    925.23648498	    100.71453010	   1007.21731988	    267.20405968	   2542.55481363	    172.49791440	    517.94647731	    705.52253200	    204.60602245	    751.83849336	   2283.22855981	   1216.33482214	    259.05102467	    399.32909841	   1069.78724246	    595.27700755	    243.95983447	    262.53314086	    125.37577382	    991.61988920	    324.77126061	    449.49816116	    186.73155407	    405.51835559	    673.43080293	   1334.63557987	   1306.54651977	    998.88462593	    457.82157967	    125.69864014	    392.70134187	    360.27699690	     43.12029884	    112.14057153	    224.47189121	    490.60523243	     74.55143112	    378.48512470	    149.43075177	    543.30691267	    145.45579408	    254.51542354	    887.65518467	    103.14758787	    998.54303487	    266.27477805	   2622.73601804	    174.07606971	    520.28372709	    729.98966181	    199.79144320	    731.06341126	   2220.33689396	   1186.27719679
      1.79000000	    260.62531515	    401.61903736	   1087.30699625	    600.25361889	    235.26970034	    259.83006817	    124.12369815	    994.76425369	    331.86454423	    444.00114497	    182.08354585	    395.38879554	    645.48792457	   1283.73604550	   1320.33319120	   1005.15685730	    450.32390987	    125.43115212	    390.46525842	    353.08586795	     43.67958286	    113.19471381	    217.58269386	    478.10638681	     73.56827797	    382.16861923	    145.15386780	    543.03230829	    147.84172376	    254.77069435	    924.60502781	    100.60012880	   1007.31145131	    267.24911437	   2541.89069820	    172.24579483	    518.07586855	    705.31885863	    204.44992937	    751.99547430	   2283.70407916	   1216.57493247	    259.07564233	    399.44619598	   1069.43923959	    595.04478127	    243.63333762	    262.71119090	    125.46013089	    991.27831109	    324.40272558	    449.49816116	    186.65040971	    405.33560590	    673.17852304	   1334.32433723	   1305.96022647	    998.65899111	    458.31417098	    125.56721951	    392.90511357	    360.31022836	     43.09268560	    112.14357591	    224.33932596	    490.44137370	     74.61719579	    378.41199168	    149.37548366	    543.42076990	    145.24217577	    254.52591519	    895.20131461	    103.13591126	    998.28135599	    266.08568861	   2621.80015853	    174.30322044	    521.07018560	    729.46876865	    199.65096315	    732.61424907	   2224.74330288	   1188.37322360
      1.80050000	    260.58087672	    401.44375423	   1087.43418590	    600.31692944	    235.02302042	    259.87587465	    124.14544705	    994.86616083	    332.21161398	    444.00114497	    182.05830980	    395.32566557	    644.79723532	   1282.36671721	   1320.68507594	   1005.31584794	    449.91903126	    125.42094173	    390.26029600	    353.17699771	     43.67975578	    113.19328501	    217.52725829	    478.03655041	     73.58092848	    382.02451817	    145.06181556	    542.99501877	    147.86252401	    254.81575896	    924.00541857	    100.49208892	   1007.39817326	    267.29145472	   2541.19673008	    171.99017578	    518.20686269	    705.10889766	    204.31965241	    752.14134499	   2284.14444483	   1216.79829217	    259.07464244	    399.52572748	   1069.07436509	    594.76099598	    243.23225177	    262.87790465	    125.53912527	    990.93524186	    324.01833675	    449.49816116	    186.57350008	    405.16129969	    672.87606993	   1333.94174447	   1305.43421892	    998.58451646	    458.83410553	    125.41430197	    393.08546303	    360.32403808	     43.06492062	    112.14261925	    224.21152965	    490.28311801	     74.67765519	    378.44149022	    149.30609059	    543.51327546	    145.03303836	    254.53422901	    902.34300273	    103.11047178	    997.94192926	    265.86854040	   2620.85935884	    174.50881401	    521.78701535	    728.96592228	    199.56308445	    734.24837185	   2229.43596114	   1190.60161895
      1.81100000	    260.54348448	    401.28027560	   1087.55617400	    600.37652732	    234.79016098	    259.92536330	    124.16894415	    994.97513761	    332.53805775	    444.00114497	    182.03097773	    395.25708392	    644.07849117	   1280.92708129	   1321.01736042	   1005.42414135	    449.46074288	    125.41219856	    390.06178439	    353.30054598	     43.68092085	    113.19337902	    217.46675877	    477.96027984	     73.59450233	    381.88387621	    144.97339913	    542.96373164	    147.88431180	    254.85873009	    923.42682985	    100.39047705	   1007.47890484	    267.33158639	   2540.42974903	    171.73127897	    518.34687804	    704.88015228	    204.21724142	    752.27537612	   2284.54767265	   1217.00371409	    259.05012057	    399.57138440	   1068.69679857	    594.41616707	    242.74822836	    263.03142600	    125.61187529	    990.59606009	    323.62275235	    449.49816116	    186.50187681	    404.99799243	    672.49215201	   1333.47711902	   1304.97156858	    998.64404684	    459.36452393	    125.24024707	    393.24309297	    360.31994106	     43.03787423	    112.13799984	    224.09057948	    490.13307720	     74.73237539	    378.56945971	    149.21798227	    543.58547926	    144.83446524	    254.54026882	    908.96858346	    103.07296483	    997.50553464	    265.62171563	   2619.93339364	    174.69384994	    522.43046955	    728.48954438	    199.53419692	    735.90266585	   2234.23693653	   1192.87884694
      1.82150000	    260.51192349	    401.12720783	   1087.67278055	    600.43335139	    234.57419682	    259.97610057	    124.19303399	    995.09174113	    332.84161936	    444.00114497	    182.00288457	    395.18636327	    643.35236312	   1279.45841035	   1321.33238044	   1005.49395622	    448.95959048	    125.40499949	    389.86928422	    353.45130285	     43.68294754	    113.19474143	    217.40406782	    477.88118621	     73.60831762	    381.75071034	    144.89005234	    542.93642154	    147.90688505	    254.89879957	    922.85460632	    100.29527459	   1007.55519148	    267.37010443	   2539.62435805	    171.46918791	    518.48880374	    704.64356875	    204.14201521	    752.39663644	   2284.91123183	   1217.18970827	    259.00336271	    399.58558400	   1068.31006105	    594.00042077	    242.17352361	    263.17044432	    125.67775784	    990.26529627	    323.21629552	    449.49816116	    186.43635693	    404.84775151	    672.09433368	   1332.90843213	   1304.57487109	    998.82203654	    459.89208006	    125.04592560	    393.37867790	    360.29821613	     43.01244246	    112.12991093	    223.97825183	    489.99350422	     74.78113727	    378.79106021	    149.10741248	    543.63766283	    144.65285729	    254.54350190	    915.02438031	    103.02524061	    996.95026077	    265.34435470	   2619.04193187	    174.85960436	    522.99942368	    728.04684450	    199.57044599	    737.53098601	   2239.01306911	   1195.14316117
      1.83200000	    260.48557390	    400.98387298	   1087.78433192	    600.48804324	    234.37681797	    260.02802516	    124.21768742	    995.21916518	    333.12072491	    444.00114497	    181.97406047	    395.11355693	    642.62300418	   1277.96855926	   1321.63214963	   1005.53328624	    448.42165779	    125.39939906	    389.68234085	    353.62768923	     43.68574235	    113.19723014	    217.33920190	    477.79928373	     73.62235017	    381.62733993	    144.81272566	    542.91146430	    147.93011280	    254.93486519	    922.27803715	    100.20629018	   1007.62806568	    267.40742350	   2538.77959983	    171.20357480	    518.63235519	    704.39927070	    204.09302506	    752.50500023	   2285.23504924	   1217.35602847	    258.93585862	    399.57077356	   1067.91746135	    593.50443815	    241.50287237	    263.29451991	    125.73656273	    989.94719253	    322.79392081	    449.49816116	    186.37734726	    404.71172754	    671.61033723	   1332.20074631	   1304.24413404	    999.10174181	    460.40714248	    124.83310346	    393.49338753	    360.25637486	     42.98927864	    112.11859321	    223.87567039	    489.86584940	     74.82402520	    379.09523365	    148.97037803	    543.66963542	    144.49297373	    254.54275115	    920.51910915	    102.96946136	    996.25296717	    265.03684166	   2618.20089839	    175.00758278	    523.49626127	    727.64241405	    199.67205401	    739.11073517	   2243.69794610	   1197.36506292
      1.84250000	    260.46395969	    400.84963607	   1087.89124327	    600.54113183	    234.19926852	    260.08385582	    124.24419525	    995.36097721	    333.37355219	    444.00114497	    181.94298680	    395.03478482	    641.87270276	   1276.41892647	   1321.91828269	   1005.54702331	    447.85143505	    125.39539529	    389.50052847	    353.82863006	     43.68916007	    113.20071857	    217.26864446	    477.71011990	     73.63731849	    381.51296800	    144.74221175	    542.88706006	    147.95369309	    254.96567395	    921.68683838	    100.12323323	   1007.69840852	    267.44391547	   2537.84748047	    170.93389866	    518.78479799	    704.13412385	    204.06687366	    752.60054273	   2285.51965902	   1217.50274698	    258.84979713	    399.52987025	   1067.52336938	    592.92078494	    240.73453683	    263.40361868	    125.78827230	    989.64673087	    322.34949176	    449.49816116	    186.32504580	    404.59059097	    671.02785673	   1331.32939868	   1303.97745094	    999.46296507	    460.90053035	    124.60461519	    393.58857688	    360.19096343	     42.96892803	    112.10442665	    223.78360120	    489.75112035	     74.86124358	    379.46546998	    148.80280484	    543.68136522	    144.35836397	    254.53665110	    925.47142343	    102.90781783	    995.39162100	    264.70116461	   2617.42386671	    175.13911376	    523.92461870	    727.27938331	    199.83483101	    740.62352572	   2248.23300664	   1199.51929411
      1.85300000	    260.44833409	    400.72630595	   1087.99502772	    600.59322008	    234.04346995	    260.14240738	    124.27199471	    995.52132605	    333.59773359	    444.00114497	    181.91031047	    394.95162641	    641.11345192	   1274.83338638	   1322.19050972	   1005.52386533	    447.24212847	    125.39320873	    389.32405017	    354.05615138	     43.69290382	    113.20529038	    217.19372904	    477.61536313	     73.65288266	    381.39211319	    144.67957948	    542.86134727	    147.97673414	    254.98981699	    921.06605253	    100.04571472	   1007.76731964	    267.48010260	   2536.84263514	    170.65825771	    518.94255388	    703.85328935	    204.05059654	    752.68292078	   2285.76434523	   1217.62930257	    258.74875031	    399.46699706	   1067.13434417	    592.24606872	    239.87236828	    263.49829846	    125.83314976	    989.37010947	    321.87633604	    449.49816116	    186.27934264	    404.48428509	    670.33689127	   1330.27170431	   1303.77076543	    999.87961587	    461.36164664	    124.36471990	    393.66578268	    360.09623122	     42.95186238	    112.08803764	    223.70224302	    489.64961577	     74.89316956	    379.87960140	    148.60110281	    543.67310687	    144.25125561	    254.52362410	    929.88026815	    102.84248363	    994.34960412	    264.34147660	   2616.71955535	    175.25521000	    524.28993289	    726.95859936	    200.04997642	    742.04253743	   2252.52927872	   1201.56574807
      1.86350000	    260.44066119	    400.61675811	   1088.09754422	    600.64478841	    233.91094497	    260.20222161	    124.30039339	    995.70528870	    333.79117581	    444.00114497	    181.87683865	    394.86609268	    640.36076699	   1273.24426263	   1322.44788213	   1005.44455927	    446.57927515	    125.39308327	    388.76156227	    354.31333348	     43.69667380	    113.21112611	    217.11620856	    477.51721815	     73.66864094	    381.24303201	    144.62573927	    542.83264280	    147.99830741	    255.00575718	    920.40137668	     99.97329851	   1007.83569846	    267.51644879	   2535.78635926	    170.37392879	    519.10148270	    703.56345953	    204.02862087	    752.75194973	   2285.96885360	   1217.73538474	    258.63660803	    399.38648873	   1066.75709021	    591.48253576	    238.92693669	    263.57947510	    125.87162828	    989.12375081	    321.36484074	    449.49816116	    186.23992564	    404.39225650	    669.53183853	   1329.01082881	   1303.61857301	   1000.32688424	    461.78236129	    124.11871782	    393.72669742	    359.96439688	     42.93837907	    112.07009950	    223.63138390	    489.56111634	     74.92026607	    380.31616430	    148.36278459	    543.64496638	    144.17232682	    254.50180070	    933.73618255	    102.77560972	    993.11999069	    263.96400682	   2616.09248057	    175.35690461	    524.59840446	    726.67925424	    200.30675031	    743.33700515	   2256.48216378	   1203.45558868
      1.87400000	    260.44275619	    400.52377324	   1088.20058932	    600.69620853	    233.80245551	    260.26408794	    124.32976606	    995.92107887	    333.95267237	    444.00114497	    181.84212485	    394.77700193	    639.61132279	   1271.64380193	   1322.69085616	   1005.29498553	    445.84492360	    125.39531314	    388.54410346	    354.60257872	     43.70046214	    113.21847841	    217.03495657	    477.41424687	     73.68478908	    381.05338617	    144.58127344	    542.79977129	    148.01839633	    255.01148841	    919.68206416	     99.90564955	   1007.90405339	    267.55326111	   2534.66117469	    170.07745843	    519.26350298	    703.26054528	    203.99555856	    752.80776264	   2286.13384345	   1217.82117796	    258.51670560	    399.29217730	   1066.39618109	    590.63907890	    237.91625946	    263.64847191	    125.90433443	    988.91324845	    320.79458422	    449.49816116	    186.20625481	    404.31338720	    668.61350474	   1327.54000372	   1303.51393126	   1000.78847219	    462.16194343	    123.87235236	    393.77336076	    359.78447765	     42.92826131	    112.05115616	    223.57033849	    489.48480374	     74.94309656	    380.75694553	    148.08729035	    543.59580576	    144.11924971	    254.46835697	    937.05671761	    102.70935381	    991.70953224	    263.57667894	   2615.54197026	    175.44552310	    524.85716073	    726.43864982	    200.59123558	    744.48980492	   2260.02759062	   1205.15839503
      1.88450000	    260.45491203	    400.44795122	   1088.30458714	    600.74766000	    233.71894006	    260.32767063	    124.35995324	    996.17559205	    334.08027892	    444.00114497	    181.80635219	    394.68477606	    638.87160381	   1270.04550838	   1322.91993846	   1005.06849134	    445.02987523	    125.39989583	    388.32763375	    354.92128145	     43.70421327	    113.22735422	    216.95029245	    477.30683995	     73.70122509	    380.81471377	    144.54680190	    542.76120077	    148.03691923	    255.00481499	    918.89927289	     99.84265323	   1007.97264235	    267.59070000	   2533.46900207	    169.76683550	    519.42752636	    702.94588332	    203.94744840	    752.85030886	   2286.25939054	   1217.88659000	    258.39302760	    399.18848356	   1066.05719373	    589.73319129	    236.86556651	    263.70675004	    125.93196036	    988.74538054	    320.14346933	    449.49816116	    186.17769475	    404.24630141	    667.59152962	   1325.86779445	   1303.44961988	   1001.24764504	    462.49902379	    123.63192317	    393.80768643	    359.54511831	     42.92122692	    112.03184411	    223.51818046	    489.41954988	     74.96223688	    381.18521332	    147.77687000	    543.52460799	    144.08896003	    254.42038845	    939.87722065	    102.64553107	    990.14357386	    263.18915421	   2615.06400997	    175.52207912	    525.07326863	    726.23312567	    200.88929943	    745.49678092	   2263.13649041	   1206.66230076
      1.89500000	    260.47142028	    400.38069148	   1088.40518103	    600.79884325	    233.66217023	    260.39064776	    124.38985251	    996.46897405	    334.16867719	    444.00114497	    181.77082818	    394.59276176	    638.16929809	   1268.51003968	   1323.13506043	   1004.78581868	    444.16896808	    125.40561856	    388.11393616	    355.25069448	     43.70740881	    113.23669818	    216.86525446	    477.19884393	     73.71734417	    380.52734852	    144.52324891	    542.71354605	    148.05277732	    254.98324179	    918.04851630	     99.78467846	   1008.04133000	    267.62859303	   2532.25122211	    169.44747227	    519.58750790	    702.63086197	    203.87568536	    752.87902497	   2286.34401493	   1217.93074457	    258.27179100	    399.08170672	   1065.75170010	    588.79356039	    235.80549174	    263.75541956	    125.95503192	    988.63127758	    319.39873117	    449.49816116	    186.15375954	    404.18994479	    666.48678521	   1324.02371596	   1303.42001233	   1001.67753349	    462.78300022	    123.40467771	    393.83072198	    359.24190314	     42.91749845	    112.01316312	    223.47419742	    489.36448685	     74.97812077	    381.58334915	    147.43719017	    543.43190850	    144.08064737	    254.35568672	    942.24115371	    102.58501515	    988.47145395	    262.81311792	   2614.65548817	    175.58669152	    525.25202972	    726.05985921	    201.18899061	    746.36363739	   2265.80934101	   1207.96972677
      1.90550000	    260.48600042	    400.31191052	   1088.49831866	    600.84963102	    233.63334177	    260.45336911	    124.41962991	    996.79998057	    334.21403595	    444.00114497	    181.73536129	    394.50045794	    637.50832459	   1267.04667151	   1323.33778293	   1004.47563898	    443.30206995	    125.41130864	    387.90386695	    355.57732523	     43.70969338	    113.24544868	    216.77937083	    477.08965680	     73.73323870	    380.20033539	    144.51125075	    542.65364785	    148.06542703	    254.94488801	    917.12404008	     99.73193173	   1008.11008649	    267.66684043	   2531.00057520	    169.12489463	    519.74439720	    702.31378715	    203.77784024	    752.89354459	   2286.38676832	   1217.95307187	    258.15970460	    398.97880934	   1065.49125124	    587.85667484	    234.77000855	    263.79592218	    125.97423231	    988.57996626	    318.54862008	    449.49816116	    186.13378256	    404.14281332	    665.33027812	   1322.05772491	   1303.41857556	   1002.05405021	    463.00589960	    123.19754745	    393.84372621	    358.86848473	     42.91703331	    111.99614104	    223.43729655	    489.31826413	     74.99126945	    381.93585037	    147.07778323	    543.31880625	    144.09193886	    254.27255097	    944.19732288	    102.52832771	    986.76239113	    262.46054368	   2614.30886205	    175.63962976	    525.39960569	    725.91452845	    201.47676247	    747.10024611	   2268.06644030	   1209.08971742
      1.91600000	    260.49982101	    400.24206243	   1088.58648853	    600.90067206	    233.63137815	    260.51399640	    124.44841269	    997.17023551	    334.22317577	    444.00114497	    181.70099971	    394.41060347	    636.90898715	   1265.70248373	   1323.53181688	   1004.13033666	    442.40743757	    125.41725696	    387.69406966	    355.91952626	     43.71132955	    113.25393564	    216.69520221	    476.98253541	     73.74845125	    379.82915740	    144.51043258	    542.58236027	    148.07572644	    254.89108653	    916.11047938	     99.68360428	   1008.17956414	    267.70590802	   2529.75460571	    168.79303180	    519.89374146	    702.00412641	    203.65741935	    752.89453205	   2286.38967506	   1217.95459035	    258.06157511	    398.88571351	   1065.27893305	    586.95533893	    233.79037714	    263.82967974	    125.99023539	    988.58647245	    317.57658553	    449.49816116	    186.11709214	    404.10336918	    664.15900429	   1320.03389322	   1303.43483383	   1002.36768488	    463.17320642	    123.01480736	    393.84944984	    358.40273306	     42.91880290	    111.98143483	    223.40633166	    489.27945867	     75.00217996	    382.23291363	    146.71065933	    543.18650851	    144.11526701	    254.17094379	    945.79878413	    102.47632724	    985.08521305	    262.13986865	   2614.01524838	    175.68230422	    525.52178162	    725.79260437	    201.73625630	    747.71681245	   2269.93597514	   1210.03276118
      1.92650000	    260.51391500	    400.17160957	   1088.67154292	    600.95228399	    233.65481779	    260.56963963	    124.47482886	    997.57795931	    334.20293679	    444.00114497	    181.66939815	    394.32758609	    636.40296909	   1264.55149174	   1323.71951452	   1003.73898198	    441.46364337	    125.42355961	    387.48190067	    356.28815548	     43.71244725	    113.26241574	    216.61693668	    476.88282473	     73.76228190	    379.40354080	    144.52019130	    542.50069331	    148.08409120	    254.82363081	    914.99623183	     99.63903280	   1008.25003247	    267.74606410	   2528.57794765	    168.44653601	    520.02882077	    701.71717068	    203.51372256	    752.88273207	   2286.35493282	   1217.93644500	    257.98126334	    398.80753199	   1065.11544201	    586.12022020	    232.89478957	    263.85739323	    126.00337336	    988.64514442	    316.46964959	    449.49816116	    186.10336270	    404.07087689	    663.01768158	   1318.03363889	   1303.45915225	   1002.60960605	    463.28877281	    122.85923632	    393.85047328	    357.82165179	     42.92204613	    111.96957186	    223.38076738	    489.24740872	     75.01110406	    382.47005952	    146.35012328	    543.03704989	    144.14468040	    254.05158985	    947.09205460	    102.42980466	    983.50705821	    261.85734865	   2613.77094822	    175.71600013	    525.62152377	    725.69196617	    201.95799538	    748.22338396	   2271.45125058	   1210.81051460
      1.93700000	    260.51489484	    400.07931072	   1088.74460692	    601.00345974	    233.70187540	    260.62098031	    124.49920207	    998.00602866	    334.15003233	    444.00114497	    181.64018800	    394.25051929	    635.98583660	   1263.58699592	   1323.90532913	   1003.39297585	    440.58018740	    125.42791995	    387.26860077	    356.64507356	     43.71275857	    113.26881716	    216.54384441	    476.78961561	     73.77493133	    378.98676238	    144.53973233	    542.40509625	    148.09059824	    254.74274850	    913.79725970	     99.59886393	   1008.32011180	    267.78640265	   2527.46330294	    168.10144708	    520.15177441	    701.45006260	    203.36622044	    752.85895806	   2286.28488872	   1217.89988877	    257.92149911	    398.74790363	   1065.00143122	    585.37944599	    232.10576486	    263.87948760	    126.01384760	    988.76020618	    315.24470848	    449.49816116	    186.09239938	    404.04490109	    661.95329303	   1316.14581264	   1303.48540818	   1002.77236444	    463.35323063	    122.73239765	    393.84841454	    357.13800229	     42.92646144	    111.96092682	    223.36029311	    489.22173192	     75.01819746	    382.64700380	    146.01123296	    542.87639553	    144.17729885	    253.91671739	    948.11778006	    102.38902449	    982.09010210	    261.61757970	   2613.57404950	    175.74156893	    525.70068177	    725.61138021	    202.13917763	    748.63144719	   2272.65365697	   1211.43834266
      1.94750000	    260.48863597	    399.94265249	   1088.79671398	    601.05317839	    233.77060316	    260.66846212	    124.52174299	    998.43367177	    334.06028848	    444.00114497	    181.61313117	    394.17884316	    635.65356195	   1262.80279326	   1324.09432273	   1003.20470594	    439.89260378	    125.42824397	    387.05603090	    356.94968661	     43.71209696	    113.27100663	    216.47548267	    476.70236081	     73.78653423	    378.66999546	    144.56815108	    542.29224876	    148.09575332	    254.64910590	    912.53509895	     99.56385744	   1008.38835307	    267.82594002	   2526.40699532	    167.77805508	    520.26405600	    701.20102827	    203.24431140	    752.82403213	   2286.18187537	   1217.84619009	    257.88359987	    398.70891824	   1064.93558748	    584.75588389	    231.44019719	    263.89662642	    126.02197262	    988.93346195	    313.93597948	    449.49816116	    186.08388428	    404.02470755	    661.00982220	   1314.45601979	   1303.50911015	   1002.85563536	    463.37070661	    122.63456954	    393.84459646	    356.38446328	     42.93156379	    111.95564127	    223.34435365	    489.20173718	     75.02368688	    382.76478454	    145.70876435	    542.71191557	    144.20992752	    253.76988155	    948.90933777	    102.35401977	    980.88623674	    261.42336048	   2613.41999613	    175.75980481	    525.76186520	    725.54865250	    202.27660285	    748.95155848	   2273.58296394	   1211.93128581
      1.95800000	    260.43700996	    399.76578924	   1088.82847025	    601.10041458	    233.85839334	    260.70597908	    124.53955309	    998.83584368	    333.93661913	    444.00114497	    181.59172549	    394.12193554	    635.46903990	   1262.34575389	   1324.28176013	   1003.17544192	    439.41988921	    125.42493656	    386.84950238	    357.18201249	     43.71049497	    113.26916722	    216.42094132	    476.63269156	     73.79563680	    378.46423959	    144.60424442	    542.16448185	    148.09946782	    254.54727563	    911.23625636	     99.53447619	   1008.45331997	    267.86387925	   2525.55465412	    167.48497168	    520.35180437	    701.00289573	    203.14942126	    752.77906257	   2286.04904382	   1217.77705917	    257.86814573	    398.69183861	   1064.91555107	    584.26096324	    230.90464526	    263.90902696	    126.02785139	    989.15433093	    312.61538545	    449.49816116	    186.07771744	    404.01007287	    660.22109928	   1313.03278714	   1303.52668918	   1002.85420775	    463.33986522	    122.56456182	    393.84002732	    355.60960259	     42.93746508	    111.95381638	    223.33278950	    489.18722815	     75.02765158	    382.82693565	    145.45364046	    542.55429118	    144.24239171	    253.61895511	    949.49969359	    102.32468205	    979.92276546	    261.27416786	   2613.30780952	    175.77143352	    525.80601368	    725.50314859	    202.37487064	    749.19489747	   2274.27994037	   1212.30604920
      1.96850000	    260.37258319	    399.57280879	   1088.84568901	    601.14343854	    233.95909783	    260.73932042	    124.55538075	    999.18692669	    333.78820726	    444.00114497	    181.57268313	    394.07115827	    635.35952027	   1262.05403054	   1324.45499438	   1003.23542587	    439.10542268	    125.41983193	    386.65916306	    357.33653601	     43.70820435	    113.26493278	    216.37207526	    476.57023064	     73.80367780	    378.32755887	    144.64536246	    542.02985779	    148.10145038	    254.44481337	    909.95772419	     99.51119448	   1008.51259667	    267.89889834	   2524.78377114	    167.22655894	    520.42907054	    700.82580560	    203.06834368	    752.72697739	   2285.89492608	   1217.69700433	    257.87624162	    398.69841766	   1064.93992083	    583.89877823	    230.50030456	    263.91669209	    126.03148523	    989.40210888	    311.38566890	    449.49816116	    186.07390309	    404.00101669	    659.61239157	   1311.92891561	   1303.53430090	   1002.75796399	    463.25607273	    122.52093946	    393.83568960	    354.87718071	     42.94441555	    111.95566559	    223.32562815	    489.17824194	     75.03009930	    382.83434240	    145.25371296	    542.41612353	    144.27501770	    253.47494714	    949.91580326	    102.30087511	    979.21074128	    261.16806744	   2613.23815810	    175.77699484	    525.83325281	    725.47497158	    202.43836105	    749.37093989	   2274.77855307	   1212.57709613
      1.97900000	    260.33710235	    399.44560110	   1088.86850057	    601.17787110	    234.05117014	    260.76319405	    124.56671383	    999.45955644	    333.65218316	    444.00114497	    181.55903750	    394.03468203	    635.33019693	   1261.94926538	   1324.58961695	   1003.20826828	    438.72821107	    125.41941702	    386.50353670	    357.45145298	     43.70771120	    113.26436783	    216.33685451	    476.52518712	     73.80940738	    378.19778477	    144.68269178	    541.91563803	    148.10563552	    254.35910588	    908.88105042	     99.49497292	   1008.55922560	    267.92723369	   2524.22390633	    166.99702862	    520.48398307	    700.69841868	    203.02548861	    752.67888074	   2285.75236092	   1217.62309486	    257.90801797	    398.72947214	   1065.00493411	    583.66602562	    230.22409090	    263.92034508	    126.03321703	    989.62348715	    310.39116779	    449.49816116	    186.07208461	    403.99669804	    659.19422956	   1311.16863022	   1303.52754577	   1002.57298691	    463.12883066	    122.50161144	    393.83305856	    354.24756047	     42.95134587	    111.96114262	    223.32221168	    489.17395457	     75.03126502	    382.78296937	    145.11337158	    542.31169975	    144.30205272	    253.35707817	    950.17922772	    102.28226622	    978.74853714	    261.10223627	   2613.20488158	    175.77731675	    525.84622074	    725.46152978	    202.45665464	    749.48763544	   2275.10629971	   1212.75669797
      1.98950000	    260.36972462	    399.46450684	   1088.91414601	    601.19937417	    234.11374215	    260.77561774	    124.57261146	    999.62620748	    333.55691620	    444.00114497	    181.55193302	    394.01566104	    635.35130625	   1261.97224734	   1324.66002283	   1002.93407209	    438.09535258	    125.42962884	    386.40486911	    357.53613586	     43.71118261	    113.27287012	    216.31844903	    476.50164046	     73.81237973	    378.01577654	    144.70791768	    541.84616458	    148.11518056	    254.30429880	    908.20538524	     99.48696586	   1008.58667926	    267.94502893	   2523.92992045	    166.79708816	    520.51242314	    700.63193452	    203.04036048	    752.64593073	   2285.65455744	   1217.57246980	    257.96085684	    398.78109117	   1065.11287075	    583.57088185	    230.07058394	    263.92093464	    126.03349653	    989.77682962	    309.78226668	    449.49816116	    186.07179109	    403.99600088	    658.96611216	   1310.75399863	   1303.51518689	   1002.31587814	    462.96241961	    122.50563930	    393.82990815	    353.81198445	     42.95819634	    111.96979372	    223.32166007	    489.17326234	     75.03145311	    382.67596544	    145.03401583	    542.25168902	    144.32536847	    253.28271942	    950.29599930	    102.26685284	    978.55347854	    261.07784985	   2613.19950605	    175.77188778	    525.84831283	    725.45935958	    202.42919723	    749.55128886	   2275.28410057	   1212.85463197
      2.00000000	    260.46353857	    399.62652928	   1088.97181712	    601.20432975	    234.14207269	    260.78231594	    124.57579115	    999.66120839	    333.45650318	    444.00114497	    181.54810172	    394.00539486	    635.34939421	   1261.95631795	   1324.64248657	   1002.42428688	    437.33050857	    125.44840863	    386.39312831	    357.44806495	     43.71681595	    113.28811865	    216.30850385	    476.48891500	     73.81397963	    377.74960115	    144.71930129	    541.81425543	    148.12499414	    254.26875476	    908.05783404	     99.48948419	   1008.59121549	    267.94931688	   2523.77066443	    166.67522059	    520.52771792	    700.59603504	    203.06337674	    752.63094107	   2285.61002878	   1217.54944182	    258.02530305	    398.83593823	   1065.29141074	    583.67545898	    230.03275864	    263.91946285	    126.03279878	    989.89893865	    309.64439619	    449.49816116	    186.07252383	    403.99774119	    658.91860896	   1310.66891083	   1303.55160143	   1002.02548532	    462.73024282	    122.53695994	    393.81082100	    353.77259080	     42.96914122	    111.98019324	    223.32303700	    489.17499029	     75.03098354	    382.54480062	    145.01431024	    542.23125524	    144.37640031	    253.25008608	    950.22892998	    102.24646697	    978.73638628	    261.11169620	   2613.21292305	    175.75515821	    525.84308966	    725.46477689	    202.39754973	    749.56684462	   2275.32744492	   1212.87856121
