Model Marker Locations from IK
version=1
nRows=62
nColumns=121
inDegrees=no
endheader
time	L_IAS_tx	L_IAS_ty	L_IAS_tz	L_IPS_tx	L_IPS_ty	L_IPS_tz	R_IPS_tx	R_IPS_ty	R_IPS_tz	R_IAS_tx	R_IAS_ty	R_IAS_tz	L_FTC_tx	L_FTC_ty	L_FTC_tz	L_FLE_tx	L_FLE_ty	L_FLE_tz	L_FME_tx	L_FME_ty	L_FME_tz	L_FAX_tx	L_FAX_ty	L_FAX_tz	L_TTC_tx	L_TTC_ty	L_TTC_tz	L_FAL_tx	L_FAL_ty	L_FAL_tz	L_TAM_tx	L_TAM_ty	L_TAM_tz	L_FCC_tx	L_FCC_ty	L_FCC_tz	L_FM1_tx	L_FM1_ty	L_FM1_tz	L_FM2_tx	L_FM2_ty	L_FM2_tz	L_FM5_tx	L_FM5_ty	L_FM5_tz	R_FTC_tx	R_FTC_ty	R_FTC_tz	R_FLE_tx	R_FLE_ty	R_FLE_tz	R_FME_tx	R_FME_ty	R_FME_tz	R_FAX_tx	R_FAX_ty	R_FAX_tz	R_TTC_tx	R_TTC_ty	R_TTC_tz	R_FAL_tx	R_FAL_ty	R_FAL_tz	R_TAM_tx	R_TAM_ty	R_TAM_tz	R_FCC_tx	R_FCC_ty	R_FCC_tz	R_FM1_tx	R_FM1_ty	R_FM1_tz	R_FM2_tx	R_FM2_ty	R_FM2_tz	R_FM5_tx	R_FM5_ty	R_FM5_tz	CV7_tx	CV7_ty	CV7_tz	TV10_tx	TV10_ty	TV10_tz	SXS_tx	SXS_ty	SXS_tz	SJN_tx	SJN_ty	SJN_tz	L_HLE_tx	L_HLE_ty	L_HLE_tz	L_HME_tx	L_HME_ty	L_HME_tz	L_UOA_tx	L_UOA_ty	L_UOA_tz	L_RSP_tx	L_RSP_ty	L_RSP_tz	L_UHE_tx	L_UHE_ty	L_UHE_tz	R_HLE_tx	R_HLE_ty	R_HLE_tz	R_HME_tx	R_HME_ty	R_HME_tz	R_UOA_tx	R_UOA_ty	R_UOA_tz	R_RSP_tx	R_RSP_ty	R_RSP_tz	R_UHE_tx	R_UHE_ty	R_UHE_tz
      0.21000000	     -0.76686423	      0.94030341	      0.17187367	     -0.96755267	      0.96843845	      0.23956354	     -0.97106676	      0.97797640	      0.32379158	     -0.77689609	      0.96753193	      0.41232414	     -0.87869478	      0.85568480	      0.12743463	     -0.90258006	      0.42700592	      0.13951922	     -0.89064348	      0.42016269	      0.26482622	     -0.94081516	      0.41334164	      0.13951328	     -0.90225418	      0.36580941	      0.18992825	     -1.18888139	      0.14964378	      0.16984270	     -1.16233784	      0.14929375	      0.25090927	     -1.23485481	      0.17736867	      0.22487006	     -1.11679143	      0.04539735	      0.25819192	     -1.10859284	      0.04805191	      0.20247502	     -1.15577557	      0.04934219	      0.15777933	     -0.85179330	      0.85878280	      0.46830190	     -0.72603473	      0.47058822	      0.40131642	     -0.73998341	      0.47691937	      0.26760468	     -0.74839382	      0.41127263	      0.39890791	     -0.68883502	      0.41341972	      0.34160545	     -0.74151730	      0.04794586	      0.36236638	     -0.73967346	      0.06916433	      0.27577530	     -0.80444822	      0.02307353	      0.30807953	     -0.61959637	      0.02576852	      0.28117441	     -0.61064976	      0.04204138	      0.33309415	     -0.65014728	      0.02230789	      0.38358023	     -0.97019986	      1.46459038	      0.26489724	     -1.03226291	      1.20188838	      0.27609770	     -0.68758935	      1.19501750	      0.27415668	     -0.76337135	      1.36970897	      0.26737044	     -0.89257124	      1.02941864	      0.00530262	     -0.88820371	      1.02121204	      0.08090281	     -0.91126648	      0.99927304	      0.05080362	     -0.72025740	      0.84015396	      0.03296673	     -0.78029649	      0.79890261	      0.02622462	     -0.93508769	      1.06446494	      0.55784313	     -0.93525014	      1.04936954	      0.47987734	     -0.95680568	      1.03143671	      0.52484843	     -0.80274522	      0.83584820	      0.54196675	     -0.87302437	      0.80771640	      0.55441779
      0.22000000	     -0.75786390	      0.94042171	      0.17294351	     -0.95817204	      0.96953027	      0.24134445	     -0.96126744	      0.97977535	      0.32550585	     -0.76670052	      0.96966891	      0.41320373	     -0.86962871	      0.85658426	      0.12931166	     -0.88298836	      0.42736057	      0.13771795	     -0.86981193	      0.41970296	      0.26285347	     -0.92129612	      0.41449254	      0.13805829	     -0.88319925	      0.36592623	      0.18783653	     -1.17456808	      0.15598922	      0.17003702	     -1.14714105	      0.15471164	      0.25079961	     -1.21864278	      0.18538522	      0.22576233	     -1.10614035	      0.04815455	      0.25702638	     -1.09834217	      0.05086679	      0.20125481	     -1.14582924	      0.05454775	      0.15701672	     -0.84272651	      0.86052478	      0.47005638	     -0.72344527	      0.47035360	      0.40270846	     -0.73721617	      0.47706280	      0.26899673	     -0.74621015	      0.41116901	      0.40015088	     -0.68657989	      0.41307597	      0.34291427	     -0.74152455	      0.04788771	      0.36281916	     -0.73946078	      0.06928389	      0.27627678	     -0.80440925	      0.02321034	      0.30841856	     -0.61951868	      0.02606829	      0.28157850	     -0.61055965	      0.04201075	      0.33359850	     -0.65009625	      0.02202619	      0.38395505	     -0.96045910	      1.46592400	      0.26651892	     -1.02256702	      1.20324387	      0.27798054	     -0.67791001	      1.19624084	      0.27432817	     -0.75365744	      1.37096264	      0.26794903	     -0.88757004	      1.03130428	      0.00736078	     -0.88274418	      1.02320761	      0.08294496	     -0.90651881	      1.00178353	      0.05306317	     -0.71944026	      0.83818181	      0.03415295	     -0.78048076	      0.79834110	      0.02794026	     -0.92362695	      1.06569804	      0.55971022	     -0.92443564	      1.05058357	      0.48175215	     -0.94555186	      1.03258242	      0.52690917	     -0.79073944	      0.83747742	      0.54271034	     -0.86082047	      0.80912733	      0.55576817
      0.23000000	     -0.74907682	      0.94033044	      0.17399561	     -0.94896145	      0.97076071	      0.24305706	     -0.95164187	      0.98165596	      0.32715101	     -0.75672879	      0.97143372	      0.41406328	     -0.86065157	      0.85728527	      0.13107077	     -0.86309881	      0.42780811	      0.13612090	     -0.84893623	      0.41950457	      0.26110742	     -0.90143243	      0.41562898	      0.13674610	     -0.86378397	      0.36621267	      0.18602645	     -1.15909828	      0.16169862	      0.17022699	     -1.13097161	      0.15965743	      0.25073286	     -1.20163373	      0.19230967	      0.22666632	     -1.09357962	      0.05097335	      0.25559423	     -1.08607247	      0.05396763	      0.19979716	     -1.13369726	      0.05983033	      0.15594414	     -0.83390159	      0.86212370	      0.47172531	     -0.72106415	      0.47010867	      0.40398137	     -0.73476245	      0.47716684	      0.27028015	     -0.74421442	      0.41104948	      0.40130286	     -0.68455974	      0.41272818	      0.34408455	     -0.74161310	      0.04782325	      0.36323902	     -0.73940425	      0.06938171	      0.27674051	     -0.80447719	      0.02329286	      0.30877368	     -0.61955890	      0.02643559	      0.28188192	     -0.61055811	      0.04204975	      0.33399422	     -0.65009499	      0.02180335	      0.38424585	     -0.95062855	      1.46726269	      0.26810904	     -1.01289727	      1.20463366	      0.27986539	     -0.66827036	      1.19733990	      0.27439499	     -0.74390260	      1.37212646	      0.26843699	     -0.88263315	      1.03318715	      0.00919947	     -0.87740874	      1.02516590	      0.08476518	     -0.90187997	      1.00431136	      0.05507957	     -0.71901978	      0.83611582	      0.03523231	     -0.78106348	      0.79778217	      0.02949360	     -0.91212857	      1.06697879	      0.56179981	     -0.91368932	      1.05180366	      0.48386495	     -0.93429744	      1.03374569	      0.52924037	     -0.77864551	      0.83919765	      0.54359521	     -0.84849212	      0.81060700	      0.55736516
      0.24000000	     -0.74033177	      0.94129579	      0.17516061	     -0.94007144	      0.97189784	      0.24456469	     -0.94258198	      0.98294508	      0.32864406	     -0.74749873	      0.97283295	      0.41518665	     -0.85138893	      0.85828209	      0.13240265	     -0.84328937	      0.42885137	      0.13480678	     -0.82849868	      0.42013592	      0.25969246	     -0.88160582	      0.41718259	      0.13561869	     -0.84433557	      0.36717597	      0.18459009	     -1.14247015	      0.16668915	      0.17020371	     -1.11389635	      0.16412620	      0.25053701	     -1.18407406	      0.19795649	      0.22714275	     -1.07863029	      0.05429445	      0.25439768	     -1.07129003	      0.05758499	      0.19859508	     -1.11896122	      0.06478836	      0.15499292	     -0.82517301	      0.86338119	      0.47310412	     -0.71855606	      0.46970133	      0.40494033	     -0.73251504	      0.47701108	      0.27127959	     -0.74209556	      0.41077078	      0.40224268	     -0.68256150	      0.41217702	      0.34489155	     -0.74168880	      0.04758490	      0.36370997	     -0.73955017	      0.06924159	      0.27723423	     -0.80466549	      0.02315539	      0.30932824	     -0.61978721	      0.02652590	      0.28205063	     -0.61066824	      0.04194274	      0.33420111	     -0.65009974	      0.02151780	      0.38446330	     -0.94066535	      1.46860387	      0.26957232	     -1.00347338	      1.20612513	      0.28180646	     -0.65890011	      1.19803252	      0.27441690	     -0.73416088	      1.37299045	      0.26879411	     -0.87791598	      1.03479354	      0.01107757	     -0.87227308	      1.02686290	      0.08662276	     -0.89739979	      1.00653657	      0.05714990	     -0.71857696	      0.83415882	      0.03641809	     -0.78151955	      0.79724444	      0.03118546	     -0.90042788	      1.06818764	      0.56393173	     -0.90276130	      1.05291718	      0.48603481	     -0.92285785	      1.03484006	      0.53163675	     -0.76650012	      0.84076035	      0.54459257	     -0.83611882	      0.81198046	      0.55910255
      0.25000000	     -0.73229949	      0.94047853	      0.17598579	     -0.93128992	      0.97382265	      0.24627324	     -0.93321889	      0.98537043	      0.33030069	     -0.73780622	      0.97344461	      0.41586361	     -0.84316258	      0.85855558	      0.13388724	     -0.82329436	      0.42950154	      0.13384125	     -0.80784729	      0.42050138	      0.25862724	     -0.86156399	      0.41830089	      0.13485670	     -0.82461052	      0.36780045	      0.18356068	     -1.12526327	      0.17099459	      0.17085078	     -1.09623173	      0.16801468	      0.25100538	     -1.16622123	      0.20251982	      0.22854580	     -1.06096195	      0.05688987	      0.25212037	     -1.05464272	      0.05952884	      0.19615842	     -1.10279752	      0.06892194	      0.15351496	     -0.81720177	      0.86453771	      0.47452499	     -0.71613288	      0.46947056	      0.40593683	     -0.72985074	      0.47715660	      0.27227223	     -0.74008898	      0.41069465	      0.40308254	     -0.68046436	      0.41183055	      0.34581958	     -0.74201923	      0.04759681	      0.36377414	     -0.73961334	      0.06942293	      0.27734803	     -0.80492923	      0.02337350	      0.30925069	     -0.61971096	      0.02710282	      0.28232873	     -0.61044481	      0.04166712	      0.33469788	     -0.65019933	      0.02106894	      0.38463385	     -0.93127419	      1.46999187	      0.27107416	     -0.99406951	      1.20752790	      0.28368469	     -0.64954479	      1.19935986	      0.27436606	     -0.72479801	      1.37433358	      0.26914836	     -0.87299155	      1.03675555	      0.01276667	     -0.86705429	      1.02890259	      0.08829741	     -0.89281015	      1.00918841	      0.05899285	     -0.71849637	      0.83231770	      0.03770999	     -0.78237514	      0.79699213	      0.03286967	     -0.88867002	      1.06954709	      0.56619113	     -0.89186182	      1.05417802	      0.48834406	     -0.91136464	      1.03606150	      0.53419268	     -0.75409650	      0.84261706	      0.54552872	     -0.82342824	      0.81357537	      0.56086741
      0.26000000	     -0.72384820	      0.94118237	      0.17699315	     -0.92263821	      0.97499519	      0.24762299	     -0.92437624	      0.98670379	      0.33163234	     -0.72880987	      0.97460757	      0.41681932	     -0.83413430	      0.85927496	      0.13508327	     -0.80352273	      0.43085822	      0.13304560	     -0.78756466	      0.42168880	      0.25775494	     -0.84170963	      0.41987608	      0.13420877	     -0.80482293	      0.36913574	      0.18271363	     -1.10663674	      0.17403878	      0.17123495	     -1.07726164	      0.17084221	      0.25125592	     -1.14738773	      0.20537685	      0.22960195	     -1.04211548	      0.05933543	      0.25065065	     -1.03580643	      0.06290127	      0.19473896	     -1.08395978	      0.07306504	      0.15227095	     -0.80897370	      0.86566594	      0.47573984	     -0.71404431	      0.46913799	      0.40681014	     -0.72778622	      0.47711409	      0.27316501	     -0.73833375	      0.41047494	      0.40387319	     -0.67873076	      0.41141486	      0.34658415	     -0.74205784	      0.04745699	      0.36396055	     -0.73958521	      0.06941530	      0.27756983	     -0.80501932	      0.02343013	      0.30939389	     -0.61977740	      0.02704378	      0.28249759	     -0.61048751	      0.04145089	      0.33490599	     -0.65028129	      0.02079034	      0.38478490	     -0.92164526	      1.47125532	      0.27250455	     -0.98489210	      1.20891969	      0.28552257	     -0.64044220	      1.20006222	      0.27426902	     -0.71537439	      1.37518475	      0.26943799	     -0.86845315	      1.03846119	      0.01448695	     -0.86216825	      1.03067672	      0.08999664	     -0.88852460	      1.01152977	      0.06088278	     -0.71847841	      0.83062942	      0.03895432	     -0.78318485	      0.79678313	      0.03455809	     -0.87705904	      1.07063693	      0.56839925	     -0.88117068	      1.05517962	      0.49061283	     -0.90001985	      1.03698344	      0.53671155	     -0.74162115	      0.84436450	      0.54621532	     -0.81060622	      0.81497366	      0.56242716
      0.27000000	     -0.71547909	      0.94278847	      0.17808012	     -0.91428395	      0.97614724	      0.24888385	     -0.91600208	      0.98762735	      0.33292515	     -0.72038393	      0.97556138	      0.41799747	     -0.82504712	      0.86034074	      0.13599088	     -0.78404159	      0.43280407	      0.13237596	     -0.76769598	      0.42358129	      0.25703116	     -0.82211591	      0.42184053	      0.13364026	     -0.78509543	      0.37106857	      0.18200990	     -1.08701318	      0.17608311	      0.17140289	     -1.05738855	      0.17284552	      0.25133017	     -1.12787724	      0.20697059	      0.23019324	     -1.02144040	      0.06156942	      0.24966160	     -1.01518178	      0.06579149	      0.19378996	     -1.06343468	      0.07600448	      0.15144692	     -0.80086221	      0.86656470	      0.47676058	     -0.71170028	      0.46876141	      0.40747850	     -0.72565652	      0.47697515	      0.27386998	     -0.73634733	      0.41022544	      0.40452054	     -0.67685058	      0.41091608	      0.34711764	     -0.74209556	      0.04728195	      0.36417330	     -0.73967152	      0.06933272	      0.27780476	     -0.80518472	      0.02342618	      0.30966275	     -0.61996888	      0.02693136	      0.28251997	     -0.61058845	      0.04121832	      0.33494514	     -0.65033844	      0.02050344	      0.38483643	     -0.91187813	      1.47258464	      0.27369887	     -0.97590959	      1.21047179	      0.28735315	     -0.63155965	      1.20047196	      0.27416392	     -0.70594376	      1.37583436	      0.26956972	     -0.86415515	      1.03996181	      0.01622337	     -0.85746251	      1.03225341	      0.09170582	     -0.88439974	      1.01363048	      0.06281077	     -0.71841414	      0.82908285	      0.04017336	     -0.78385801	      0.79662075	      0.03628320	     -0.86528590	      1.07176976	      0.57049095	     -0.87014635	      1.05615220	      0.49277975	     -0.88845037	      1.03794237	      0.53909839	     -0.72910835	      0.84604275	      0.54729499	     -0.79779347	      0.81637326	      0.56425557
      0.28000000	     -0.70760462	      0.94279562	      0.17891897	     -0.90592644	      0.97783202	      0.25026497	     -0.90730738	      0.98940826	      0.33429930	     -0.71154685	      0.97584296	      0.41881642	     -0.81666211	      0.86071340	      0.13704567	     -0.76454413	      0.43440149	      0.13214718	     -0.74789290	      0.42524074	      0.25676650	     -0.80248290	      0.42336527	      0.13348722	     -0.76524325	      0.37268294	      0.18178258	     -1.06676772	      0.17705142	      0.17190998	     -1.03695294	      0.17389444	      0.25176975	     -1.10811697	      0.20702425	      0.23133675	     -0.99903785	      0.06310162	      0.24811403	     -0.99284283	      0.06833673	      0.19232109	     -1.04122813	      0.07864768	      0.15015325	     -0.79304139	      0.86738550	      0.47784936	     -0.70942748	      0.46845959	      0.40810600	     -0.72357304	      0.47695259	      0.27453485	     -0.73441467	      0.41004795	      0.40510368	     -0.67501471	      0.41052435	      0.34759847	     -0.74208612	      0.04720182	      0.36420435	     -0.73969913	      0.06937447	      0.27786597	     -0.80529934	      0.02354766	      0.30967879	     -0.62000403	      0.02684773	      0.28264801	     -0.61058937	      0.04101000	      0.33510086	     -0.65044296	      0.02037056	      0.38494074	     -0.90260820	      1.47384726	      0.27494149	     -0.96691628	      1.21182717	      0.28906802	     -0.62265324	      1.20136152	      0.27409257	     -0.69682696	      1.37682046	      0.26979229	     -0.85952018	      1.04170174	      0.01781627	     -0.85256157	      1.03406305	      0.09328176	     -0.88004546	      1.01604682	      0.06455325	     -0.71859981	      0.82755586	      0.04157593	     -0.78481408	      0.79665050	      0.03806154	     -0.85363899	      1.07290177	      0.57257276	     -0.85936189	      1.05717568	      0.49494222	     -0.87701983	      1.03889341	      0.54148988	     -0.71650672	      0.84790536	      0.54794204	     -0.78481683	      0.81786154	      0.56573761
      0.29000000	     -0.69924199	      0.94439829	      0.17984475	     -0.89759909	      0.97900253	      0.25130352	     -0.89899870	      0.99024931	      0.33538226	     -0.70323753	      0.97650511	      0.41986901	     -0.80764766	      0.86165635	      0.13773285	     -0.74565814	      0.43667869	      0.13195258	     -0.72864388	      0.42767086	      0.25653400	     -0.78343268	      0.42533378	      0.13337238	     -0.74566059	      0.37496899	      0.18158636	     -1.04556570	      0.17682965	      0.17242704	     -1.01554161	      0.17393015	      0.25221813	     -1.08760211	      0.20559431	      0.23229393	     -0.97487115	      0.06430836	      0.24728166	     -0.96881355	      0.07040194	      0.19156084	     -1.01744733	      0.08000770	      0.14951248	     -0.78512518	      0.86809257	      0.47862456	     -0.70712100	      0.46808246	      0.40859193	     -0.72137236	      0.47682202	      0.27504794	     -0.73246128	      0.40980336	      0.40554732	     -0.67312493	      0.41003431	      0.34797495	     -0.74212781	      0.04705623	      0.36419520	     -0.73971978	      0.06932608	      0.27788244	     -0.80540033	      0.02352318	      0.30963371	     -0.62007050	      0.02686593	      0.28270953	     -0.61067033	      0.04094990	      0.33518606	     -0.65056626	      0.02027709	      0.38497820	     -0.89317474	      1.47506335	      0.27596938	     -0.95809237	      1.21322595	      0.29068287	     -0.61393815	      1.20184748	      0.27397252	     -0.68767561	      1.37749502	      0.26987354	     -0.85529340	      1.04328454	      0.01936639	     -0.84791421	      1.03567830	      0.09479520	     -0.87596075	      1.01823244	      0.06628702	     -0.71882033	      0.82622519	      0.04258876	     -0.78571464	      0.79676464	      0.03958067	     -0.84210701	      1.07398439	      0.57462235	     -0.84856088	      1.05807236	      0.49708709	     -0.86563685	      1.03975161	      0.54384461	     -0.70388605	      0.84977002	      0.54896332	     -0.77182325	      0.81933475	      0.56750562
      0.30000000	     -0.69104855	      0.94593442	      0.18072521	     -0.88941764	      0.98016998	      0.25232812	     -0.89082024	      0.99107090	      0.33645236	     -0.69505263	      0.97705388	      0.42087933	     -0.79872923	      0.86251131	      0.13837423	     -0.72693325	      0.43908807	      0.13203224	     -0.70966392	      0.43031946	      0.25659564	     -0.76451495	      0.42728815	      0.13349262	     -0.72607239	      0.37740140	      0.18167367	     -1.02353898	      0.17560193	      0.17291195	     -0.99338813	      0.17308968	      0.25266837	     -1.06640536	      0.20298007	      0.23313218	     -0.94955709	      0.06493733	      0.24661995	     -0.94363984	      0.07186139	      0.19098111	     -0.99250584	      0.08049497	      0.14899118	     -0.77728184	      0.86874974	      0.47936339	     -0.70491571	      0.46772954	      0.40905514	     -0.71937450	      0.47669526	      0.27554844	     -0.73058445	      0.40957248	      0.40599408	     -0.67135573	      0.40958086	      0.34831054	     -0.74210259	      0.04692569	      0.36423820	     -0.73974751	      0.06928470	      0.27794703	     -0.80549234	      0.02354396	      0.30971530	     -0.62016362	      0.02680027	      0.28265187	     -0.61069946	      0.04078694	      0.33514292	     -0.65058491	      0.02009396	      0.38493509	     -0.88375388	      1.47625178	      0.27691378	     -0.94934385	      1.21461699	      0.29223705	     -0.60531002	      1.20223797	      0.27384361	     -0.67856610	      1.37809068	      0.26991347	     -0.85106094	      1.04481498	      0.02107120	     -0.84326133	      1.03727725	      0.09646458	     -0.87184754	      1.02038106	      0.06818876	     -0.71898641	      0.82501953	      0.04392259	     -0.78651043	      0.79698109	      0.04143796	     -0.83064754	      1.07498087	      0.57639151	     -0.83774802	      1.05890747	      0.49894610	     -0.85428325	      1.04052976	      0.54588363	     -0.69127573	      0.85159549	      0.54974537	     -0.75884253	      0.82074935	      0.56895028
      0.31000000	     -0.68285151	      0.94739770	      0.18154821	     -0.88122655	      0.98134549	      0.25327155	     -0.88264044	      0.99187460	      0.33744293	     -0.68688780	      0.97745575	      0.42183695	     -0.78987981	      0.86329041	      0.13895339	     -0.70853932	      0.44160171	      0.13228387	     -0.69098698	      0.43314603	      0.25682934	     -0.74589351	      0.42919561	      0.13378629	     -0.70658791	      0.37995376	      0.18193441	     -1.00073571	      0.17333069	      0.17355922	     -0.97045676	      0.17132959	      0.25328156	     -1.04453628	      0.19905530	      0.23410311	     -0.92291093	      0.06508541	      0.24619167	     -0.91722498	      0.07282587	      0.19063636	     -0.96635327	      0.08016729	      0.14870673	     -0.76957424	      0.86931880	      0.48001567	     -0.70275286	      0.46737522	      0.40949211	     -0.71729231	      0.47657359	      0.27601001	     -0.72874698	      0.40934291	      0.40638868	     -0.66957287	      0.40913086	      0.34864950	     -0.74208234	      0.04680784	      0.36420565	     -0.73969831	      0.06925965	      0.27793937	     -0.80553291	      0.02356959	      0.30964381	     -0.62016404	      0.02675582	      0.28270434	     -0.61071067	      0.04066814	      0.33521709	     -0.65065611	      0.01997642	      0.38496166	     -0.87450273	      1.47737080	      0.27775215	     -0.94065843	      1.21591395	      0.29366913	     -0.59674237	      1.20267639	      0.27373573	     -0.66958786	      1.37870244	      0.26993658	     -0.84682596	      1.04636830	      0.02268909	     -0.83860763	      1.03888030	      0.09804293	     -0.86772148	      1.02255496	      0.06999831	     -0.71925281	      0.82390216	      0.04518656	     -0.78737795	      0.79731420	      0.04321975	     -0.81931441	      1.07595863	      0.57812630	     -0.82697868	      1.05969134	      0.50077517	     -0.84300272	      1.04126363	      0.54787865	     -0.67863687	      0.85349099	      0.55067732	     -0.74582244	      0.82219930	      0.57048932
      0.32000000	     -0.67463581	      0.94880605	      0.18244635	     -0.87302818	      0.98249069	      0.25424580	     -0.87447239	      0.99263222	      0.33846425	     -0.67875867	      0.97775765	      0.42286944	     -0.78098864	      0.86401236	      0.13957556	     -0.69046743	      0.44420011	      0.13281471	     -0.67272585	      0.43610424	      0.25735727	     -0.72755547	      0.43104176	      0.13432295	     -0.68725281	      0.38260668	      0.18246514	     -0.97715942	      0.17007174	      0.17414514	     -0.94683229	      0.16868573	      0.25386223	     -1.02197681	      0.19395015	      0.23491146	     -0.89524082	      0.06473146	      0.24595173	     -0.88982439	      0.07319502	      0.19047500	     -0.93917355	      0.07896521	      0.14855908	     -0.76190739	      0.86980867	      0.48070708	     -0.70065245	      0.46702294	      0.40993421	     -0.71526671	      0.47646978	      0.27647763	     -0.72696939	      0.40911688	      0.40678100	     -0.66784884	      0.40869391	      0.34898814	     -0.74210643	      0.04670750	      0.36412861	     -0.73969056	      0.06926237	      0.27789010	     -0.80561798	      0.02362547	      0.30952423	     -0.62020661	      0.02672322	      0.28271305	     -0.61076242	      0.04055141	      0.33524966	     -0.65077254	      0.01986100	      0.38494278	     -0.86551447	      1.47839805	      0.27852878	     -0.93208502	      1.21708632	      0.29508635	     -0.58828409	      1.20318226	      0.27367544	     -0.66081887	      1.37933826	      0.26995542	     -0.84259883	      1.04785667	      0.02428440	     -0.83393446	      1.04040246	      0.09959161	     -0.86355977	      1.02464283	      0.07178684	     -0.71942571	      0.82289530	      0.04639379	     -0.78810036	      0.79772457	      0.04496235	     -0.80812604	      1.07688301	      0.57956593	     -0.81626377	      1.06045622	      0.50229692	     -0.83180791	      1.04194226	      0.54953605	     -0.66595854	      0.85546611	      0.55131373	     -0.73275042	      0.82366897	      0.57164528
      0.33000000	     -0.66642141	      0.95014399	      0.18323660	     -0.86484117	      0.98358667	      0.25507345	     -0.86633216	      0.99332926	      0.33933817	     -0.67067782	      0.97795669	      0.42379177	     -0.77214008	      0.86463934	      0.14008760	     -0.67276641	      0.44683132	      0.13349554	     -0.65483710	      0.43916748	      0.25803856	     -0.70954080	      0.43278392	      0.13500546	     -0.66808770	      0.38533171	      0.18314961	     -0.95280899	      0.16589884	      0.17483296	     -0.92245828	      0.16524365	      0.25455044	     -0.99864339	      0.18777923	      0.23573871	     -0.86659658	      0.06395735	      0.24606846	     -0.86152149	      0.07300704	      0.19065200	     -0.91105267	      0.07693025	      0.14873720	     -0.75431767	      0.87024015	      0.48127182	     -0.69860870	      0.46667682	      0.41034610	     -0.71325600	      0.47634880	      0.27690927	     -0.72523520	      0.40889276	      0.40714406	     -0.66615065	      0.40826320	      0.34931627	     -0.74208111	      0.04660818	      0.36407424	     -0.73961028	      0.06925323	      0.27786093	     -0.80562922	      0.02365737	      0.30940697	     -0.62016235	      0.02671056	      0.28280315	     -0.61075189	      0.04046623	      0.33536485	     -0.65084438	      0.01978062	      0.38499353	     -0.85654413	      1.47935935	      0.27923397	     -0.92352861	      1.21819034	      0.29636404	     -0.57984219	      1.20362720	      0.27359573	     -0.65206705	      1.37991224	      0.26995890	     -0.83833275	      1.04937263	      0.02591149	     -0.82920151	      1.04195085	      0.10116672	     -0.85933089	      1.02676087	      0.07361406	     -0.71958307	      0.82202073	      0.04766169	     -0.78877151	      0.79827166	      0.04678816	     -0.79704819	      1.07771642	      0.58096073	     -0.80557058	      1.06110204	      0.50377334	     -0.82068027	      1.04251632	      0.55113394	     -0.65332650	      0.85738318	      0.55211320	     -0.71973255	      0.82507613	      0.57289968
      0.34000000	     -0.65815679	      0.95136950	      0.18400334	     -0.85661707	      0.98459509	      0.25582899	     -0.85817153	      0.99395838	      0.34013555	     -0.66259438	      0.97809940	      0.42467796	     -0.76323413	      0.86515818	      0.14057840	     -0.65545120	      0.44943367	      0.13440642	     -0.63740526	      0.44225000	      0.25896121	     -0.69185774	      0.43436757	      0.13589274	     -0.64914328	      0.38807198	      0.18406041	     -0.92768586	      0.16085592	      0.17551300	     -0.89738517	      0.16102805	      0.25525201	     -0.97452703	      0.18062020	      0.23646693	     -0.83716952	      0.06271322	      0.24643037	     -0.83245555	      0.07222802	      0.19105994	     -0.88207497	      0.07411131	      0.14910824	     -0.74672964	      0.87062386	      0.48180332	     -0.69667737	      0.46634098	      0.41075803	     -0.71135296	      0.47623327	      0.27734046	     -0.72360061	      0.40867399	      0.40750708	     -0.66455017	      0.40785218	      0.34964687	     -0.74206278	      0.04651759	      0.36402367	     -0.73953821	      0.06925233	      0.27783553	     -0.80564201	      0.02368957	      0.30929866	     -0.62012520	      0.02672675	      0.28287233	     -0.61074210	      0.04039998	      0.33546042	     -0.65090563	      0.01970251	      0.38502668	     -0.84770904	      1.48021719	      0.27987977	     -0.91501608	      1.21916635	      0.29753856	     -0.57143582	      1.20407052	      0.27354790	     -0.64341349	      1.38045799	      0.26997735	     -0.83405663	      1.05089170	      0.02751085	     -0.82445129	      1.04348600	      0.10270863	     -0.85506908	      1.02886872	      0.07541145	     -0.71970774	      0.82127233	      0.04890580	     -0.78936926	      0.79893406	      0.04859434	     -0.78616685	      1.07844710	      0.58216141	     -0.79498201	      1.06165991	      0.50504432	     -0.80969205	      1.04297744	      0.55250225	     -0.64070907	      0.85932777	      0.55278465	     -0.70671932	      0.82645653	      0.57394391
      0.35000000	     -0.64963593	      0.95292639	      0.18497230	     -0.84834985	      0.98539818	      0.25644054	     -0.85015410	      0.99425700	      0.34079663	     -0.65478662	      0.97821615	      0.42578832	     -0.75407489	      0.86579252	      0.14102386	     -0.63876772	      0.45208423	      0.13538226	     -0.62068945	      0.44536216	      0.25995813	     -0.67474512	      0.43586881	      0.13680931	     -0.63067210	      0.39089287	      0.18500335	     -0.90194501	      0.15506788	      0.17585208	     -0.87178235	      0.15612063	      0.25563665	     -0.94987214	      0.17244954	      0.23650851	     -0.80680850	      0.06177430	      0.24754680	     -0.80247676	      0.07125412	      0.19213916	     -0.85201849	      0.07023331	      0.15006595	     -0.73908282	      0.87085973	      0.48230425	     -0.69451989	      0.46596965	      0.41106184	     -0.70934002	      0.47608931	      0.27767730	     -0.72177408	      0.40843959	      0.40778812	     -0.66281301	      0.40738670	      0.34984059	     -0.74212569	      0.04643114	      0.36391778	     -0.73961224	      0.06925202	      0.27775207	     -0.80577632	      0.02370989	      0.30913982	     -0.62011568	      0.02679639	      0.28304170	     -0.61075188	      0.04033178	      0.33566887	     -0.65107771	      0.01971591	      0.38513726	     -0.83891051	      1.48095752	      0.28041130	     -0.90657794	      1.22004046	      0.29866020	     -0.56310636	      1.20435575	      0.27351874	     -0.63481114	      1.38085436	      0.26995000	     -0.82989397	      1.05228462	      0.02925767	     -0.81965153	      1.04487146	      0.10437058	     -0.85078745	      1.03080138	      0.07739559	     -0.71965964	      0.82061521	      0.05003185	     -0.78973330	      0.79960698	      0.05043055	     -0.77520548	      1.07905666	      0.58329634	     -0.78429614	      1.06208803	      0.50625098	     -0.79864017	      1.04334913	      0.55380518	     -0.62827420	      0.86098174	      0.55349268	     -0.69393039	      0.82763990	      0.57501412
      0.36000000	     -0.64139768	      0.95380289	      0.18557864	     -0.84012094	      0.98616989	      0.25706844	     -0.84195728	      0.99473905	      0.34145376	     -0.64663999	      0.97826575	      0.42647808	     -0.74512213	      0.86600631	      0.14145156	     -0.62222348	      0.45447736	      0.13676456	     -0.60419726	      0.44832620	      0.26137747	     -0.65770144	      0.43703061	      0.13811742	     -0.61223124	      0.39355890	      0.18639373	     -0.87532027	      0.14866295	      0.17658066	     -0.84538363	      0.15070922	      0.25643103	     -0.92416370	      0.16373583	      0.23718412	     -0.77616187	      0.05978270	      0.24821237	     -0.77215882	      0.06965029	      0.19284774	     -0.82150518	      0.06644979	      0.15065446	     -0.73150682	      0.87115413	      0.48274572	     -0.69278934	      0.46566673	      0.41148400	     -0.70758892	      0.47599108	      0.27811287	     -0.72031739	      0.40824535	      0.40815626	     -0.66136954	      0.40702180	      0.35019863	     -0.74211253	      0.04636876	      0.36389316	     -0.73952126	      0.06927376	      0.27775208	     -0.80577391	      0.02376537	      0.30905205	     -0.62006154	      0.02684443	      0.28312450	     -0.61072038	      0.04027013	      0.33578379	     -0.65111766	      0.01962533	      0.38518178	     -0.83020074	      1.48159458	      0.28105630	     -0.89810347	      1.22076908	      0.29973486	     -0.55474446	      1.20466783	      0.27334982	     -0.62625714	      1.38124711	      0.26991954	     -0.82552770	      1.05373724	      0.03093027	     -0.81472001	      1.04631739	      0.10596328	     -0.84633393	      1.03280830	      0.07928369	     -0.71950946	      0.82008220	      0.05127189	     -0.78996806	      0.80042707	      0.05231279	     -0.76451929	      1.07954989	      0.58435708	     -0.77383827	      1.06240911	      0.50737713	     -0.78780698	      1.04356432	      0.55501187	     -0.61575353	      0.86279024	      0.55407976	     -0.68100041	      0.82885581	      0.57591746
      0.37000000	     -0.63302386	      0.95513176	      0.18618831	     -0.83190681	      0.98672079	      0.25758194	     -0.83387549	      0.99481663	      0.34201100	     -0.63864394	      0.97824339	      0.42721263	     -0.73595840	      0.86635872	      0.14169776	     -0.60636569	      0.45687665	      0.13819210	     -0.58847874	      0.45130444	      0.26285230	     -0.64126033	      0.43808073	      0.13944183	     -0.59432734	      0.39630856	      0.18781860	     -0.84799828	      0.14170763	      0.17706753	     -0.81838896	      0.14481155	      0.25700578	     -0.89775847	      0.15428019	      0.23737997	     -0.74478848	      0.05801682	      0.24939094	     -0.74108731	      0.06794590	      0.19401630	     -0.79001971	      0.06202307	      0.15163564	     -0.72384638	      0.87127186	      0.48303022	     -0.69070570	      0.46528505	      0.41180021	     -0.70548821	      0.47578885	      0.27844119	     -0.71855812	      0.40800174	      0.40843820	     -0.65963211	      0.40653054	      0.35046412	     -0.74216727	      0.04627345	      0.36389412	     -0.73948423	      0.06923361	      0.27777054	     -0.80584077	      0.02377526	      0.30897452	     -0.62003808	      0.02685499	      0.28334308	     -0.61074108	      0.04017699	      0.33603650	     -0.65125811	      0.01955130	      0.38534430	     -0.82151493	      1.48211082	      0.28173144	     -0.88971377	      1.22139147	      0.30080897	     -0.54647077	      1.20479748	      0.27324608	     -0.61775027	      1.38147362	      0.26995217	     -0.82118747	      1.05511194	      0.03266405	     -0.80971388	      1.04763717	      0.10759266	     -0.84182059	      1.03469042	      0.08124766	     -0.71924702	      0.81960475	      0.05234474	     -0.79004430	      0.80126257	      0.05411406	     -0.75388890	      1.07980510	      0.58523848	     -0.76331844	      1.06251142	      0.50830620	     -0.77700260	      1.04357688	      0.55599611	     -0.60345510	      0.86423891	      0.55469871	     -0.66835516	      0.82977880	      0.57674567
      0.38000000	     -0.62456190	      0.95572692	      0.18687280	     -0.82355893	      0.98716522	      0.25801464	     -0.82566847	      0.99503705	      0.34246147	     -0.63058412	      0.97819906	      0.42794787	     -0.72665237	      0.86632342	      0.14211501	     -0.59074492	      0.45888340	      0.14013448	     -0.57327497	      0.45388762	      0.26487822	     -0.62497811	      0.43868358	      0.14120472	     -0.57666708	      0.39875314	      0.18977977	     -0.81997769	      0.13429939	      0.17751889	     -0.79091525	      0.13848742	      0.25760826	     -0.87062124	      0.14437672	      0.23751780	     -0.71323791	      0.05570126	      0.25047142	     -0.70972517	      0.06580101	      0.19511537	     -0.75806136	      0.05744140	      0.15246201	     -0.71633567	      0.87140218	      0.48346015	     -0.68900406	      0.46498811	      0.41220082	     -0.70367038	      0.47570881	      0.27884624	     -0.71713304	      0.40782072	      0.40876100	     -0.65818172	      0.40617699	      0.35081729	     -0.74219453	      0.04624443	      0.36377845	     -0.73937051	      0.06929458	      0.27768342	     -0.80583335	      0.02385663	      0.30875184	     -0.61996116	      0.02699137	      0.28340486	     -0.61072007	      0.04018068	      0.33614149	     -0.65133511	      0.01949921	      0.38534518	     -0.81301181	      1.48245085	      0.28214485	     -0.88130747	      1.22178548	      0.30160969	     -0.53814982	      1.20497361	      0.27313125	     -0.60933720	      1.38168791	      0.26989269	     -0.81671741	      1.05639855	      0.03429069	     -0.80470424	      1.04891313	      0.10913362	     -0.83723748	      1.03649184	      0.08308128	     -0.71873385	      0.81920463	      0.05367622	     -0.78982787	      0.80212419	      0.05606823	     -0.74346137	      1.08006199	      0.58610120	     -0.75304109	      1.06259774	      0.50922603	     -0.76636048	      1.04353309	      0.55697923	     -0.59093385	      0.86603773	      0.55513067	     -0.65538456	      0.83090577	      0.57743395
      0.39000000	     -0.61596794	      0.95696191	      0.18753472	     -0.81526480	      0.98722507	      0.25834611	     -0.81760880	      0.99468714	      0.34282396	     -0.62265950	      0.97826428	      0.42869833	     -0.71714974	      0.86647628	      0.14236279	     -0.57592152	      0.46084523	      0.14195942	     -0.55881568	      0.45641450	      0.26677495	     -0.60938906	      0.43914801	      0.14286254	     -0.55962505	      0.40125762	      0.19160465	     -0.79127960	      0.12660523	      0.17787878	     -0.76278568	      0.13191658	      0.25810569	     -0.84268234	      0.13406204	      0.23744022	     -0.68119906	      0.05361167	      0.25196460	     -0.67785635	      0.06375660	      0.19660628	     -0.72534427	      0.05261386	      0.15363750	     -0.70861252	      0.87140030	      0.48372749	     -0.68699108	      0.46463585	      0.41250596	     -0.70157789	      0.47554391	      0.27915785	     -0.71544032	      0.40760924	      0.40901543	     -0.65648629	      0.40572525	      0.35108180	     -0.74227339	      0.04619979	      0.36371519	     -0.73931875	      0.06931015	      0.27764068	     -0.80588599	      0.02389434	      0.30859730	     -0.61990725	      0.02717861	      0.28354363	     -0.61070194	      0.04017698	      0.33633390	     -0.65143728	      0.01944788	      0.38541796	     -0.80431280	      1.48265936	      0.28256686	     -0.87294061	      1.22210588	      0.30235881	     -0.52986821	      1.20478201	      0.27316901	     -0.60080904	      1.38159589	      0.26995629	     -0.81229014	      1.05762822	      0.03599644	     -0.79965278	      1.05007358	      0.11072955	     -0.83261886	      1.03815300	      0.08500383	     -0.71793724	      0.81893002	      0.05482255	     -0.78927301	      0.80300888	      0.05791228	     -0.73306283	      1.07999818	      0.58687921	     -0.74275982	      1.06239657	      0.51005009	     -0.75575621	      1.04320803	      0.55785274	     -0.57864987	      0.86739477	      0.55549348	     -0.64269175	      0.83165514	      0.57800797
      0.40000000	     -0.60793490	      0.95650710	      0.18805100	     -0.80721858	      0.98734979	      0.25864913	     -0.80961260	      0.99496886	      0.34311156	     -0.61476926	      0.97825768	      0.42917060	     -0.70830843	      0.86585043	      0.14292025	     -0.56130613	      0.46227764	      0.14412389	     -0.54471450	      0.45837902	      0.26902655	     -0.59391040	      0.43906654	      0.14481911	     -0.54278136	      0.40333669	      0.19377961	     -0.76190410	      0.11867575	      0.17830262	     -0.73412140	      0.12509958	      0.25869744	     -0.81394404	      0.12358164	      0.23755290	     -0.64887987	      0.05088351	      0.25294480	     -0.64570311	      0.06118508	      0.19760565	     -0.69237877	      0.04785149	      0.15437166	     -0.70133681	      0.87150932	      0.48422892	     -0.68444392	      0.46454937	      0.41284588	     -0.69891543	      0.47567838	      0.27950347	     -0.71327821	      0.40770827	      0.40929337	     -0.65431767	      0.40550386	      0.35137767	     -0.74240099	      0.04652106	      0.36363616	     -0.73926966	      0.06969479	      0.27758494	     -0.80605012	      0.02448234	      0.30842702	     -0.62002361	      0.02727743	      0.28362345	     -0.61084822	      0.04019583	      0.33643855	     -0.65171065	      0.01954214	      0.38544871	     -0.79575483	      1.48277344	      0.28308806	     -0.86462496	      1.22229310	      0.30300072	     -0.52164457	      1.20459160	      0.27296836	     -0.59239553	      1.38148516	      0.26996125	     -0.80768191	      1.05892011	      0.03742327	     -0.79470837	      1.05135634	      0.11209783	     -0.82797942	      1.03987314	      0.08657938	     -0.71669480	      0.81892624	      0.05625277	     -0.78823825	      0.80406074	      0.05977038	     -0.72267544	      1.07972008	      0.58769984	     -0.73253907	      1.06197643	      0.51092462	     -0.74516751	      1.04265689	      0.55878421	     -0.56631237	      0.86863311	      0.55576916	     -0.62990388	      0.83225603	      0.57853785
      0.41000000	     -0.59951735	      0.95640391	      0.18830203	     -0.79879294	      0.98760170	      0.25876682	     -0.80125863	      0.99499776	      0.34324701	     -0.60655631	      0.97751786	      0.42947232	     -0.69891284	      0.86537377	      0.14293154	     -0.54723666	      0.46354843	      0.14651756	     -0.53156938	      0.46021868	      0.27155598	     -0.57888223	      0.43879350	      0.14691536	     -0.52657648	      0.40539621	      0.19627791	     -0.73209497	      0.11089122	      0.17852617	     -0.70534137	      0.11846592	      0.25916946	     -0.78486373	      0.11290093	      0.23725935	     -0.61625740	      0.04921440	      0.25420589	     -0.61312797	      0.05965518	      0.19889013	     -0.65862242	      0.04382726	      0.15524026	     -0.69379383	      0.87122104	      0.48429216	     -0.68259933	      0.46404070	      0.41304495	     -0.69700836	      0.47532239	      0.27970861	     -0.71170908	      0.40732034	      0.40945367	     -0.65275081	      0.40491473	      0.35154367	     -0.74230703	      0.04628767	      0.36353966	     -0.73906991	      0.06950865	      0.27750510	     -0.80592456	      0.02429184	      0.30824102	     -0.61984319	      0.02724636	      0.28372527	     -0.61074448	      0.04011124	      0.33656669	     -0.65168151	      0.01941325	      0.38549584	     -0.78736181	      1.48273340	      0.28366889	     -0.85616221	      1.22224452	      0.30371034	     -0.51327411	      1.20456430	      0.27262992	     -0.58403991	      1.38145631	      0.26989259	     -0.80277947	      1.06005725	      0.03908668	     -0.78912754	      1.05242064	      0.11363277	     -0.82282235	      1.04146410	      0.08846380	     -0.71552103	      0.81865651	      0.05740412	     -0.78726229	      0.80498471	      0.06165801	     -0.71246487	      1.07951190	      0.58847299	     -0.72252630	      1.06163769	      0.51175375	     -0.73478287	      1.04219130	      0.55967018	     -0.55429364	      0.86987730	      0.55592168	     -0.61744099	      0.83289875	      0.57895609
      0.42000000	     -0.59113336	      0.95694077	      0.18861330	     -0.79050576	      0.98772364	      0.25898667	     -0.79308897	      0.99461116	      0.34350633	     -0.59850780	      0.97660295	      0.42989627	     -0.68956784	      0.86518162	      0.14282223	     -0.53423352	      0.46478416	      0.14875864	     -0.51942952	      0.46198652	      0.27391523	     -0.56478403	      0.43842027	      0.14887755	     -0.51128096	      0.40756765	      0.19861152	     -0.70173698	      0.10323791	      0.17870980	     -0.67604521	      0.11197212	      0.25958079	     -0.75503823	      0.10222988	      0.23689490	     -0.58332240	      0.04804684	      0.25556557	     -0.58025412	      0.05855263	      0.20025869	     -0.62438096	      0.04014319	      0.15621900	     -0.68619938	      0.87068820	      0.48424935	     -0.68036122	      0.46337332	      0.41313104	     -0.69470977	      0.47479845	      0.27980038	     -0.70980414	      0.40680933	      0.40951463	     -0.65085908	      0.40412185	      0.35160358	     -0.74230727	      0.04596652	      0.36341767	     -0.73894714	      0.06921366	      0.27739489	     -0.80587611	      0.02396860	      0.30800649	     -0.61971130	      0.02723666	      0.28390995	     -0.61072719	      0.04005804	      0.33678154	     -0.65176682	      0.01931475	      0.38560543	     -0.77870907	      1.48265007	      0.28419847	     -0.84772132	      1.22223338	      0.30444862	     -0.50492420	      1.20420674	      0.27257374	     -0.57552046	      1.38116847	      0.26996803	     -0.79771177	      1.06101704	      0.04079377	     -0.78336183	      1.05326612	      0.11519683	     -0.81747207	      1.04283130	      0.09038786	     -0.71405658	      0.81831027	      0.05849665	     -0.78595863	      0.80578733	      0.06350602	     -0.70220538	      1.07909427	      0.58898275	     -0.71234076	      1.06114128	      0.51229164	     -0.72432241	      1.04156354	      0.56023306	     -0.54238475	      0.87079163	      0.55597060	     -0.60515862	      0.83326865	      0.57914499
      0.43000000	     -0.58258314	      0.95784514	      0.18907473	     -0.78233832	      0.98710741	      0.25900996	     -0.78520461	      0.99359912	      0.34355182	     -0.59076569	      0.97637739	      0.43042108	     -0.67981630	      0.86498607	      0.14280557	     -0.52177278	      0.46569243	      0.15110984	     -0.50793382	      0.46335021	      0.27638615	     -0.55111038	      0.43771159	      0.15092491	     -0.49651820	      0.40954165	      0.20106551	     -0.67079975	      0.09582361	      0.17885974	     -0.64629893	      0.10567164	      0.25997199	     -0.72448107	      0.09194632	      0.23658189	     -0.55039716	      0.04654251	      0.25661845	     -0.54739845	      0.05736286	      0.20136843	     -0.59014229	      0.03684856	      0.15689701	     -0.67855989	      0.87026916	      0.48426855	     -0.67773329	      0.46289892	      0.41323256	     -0.69186487	      0.47447429	      0.27989169	     -0.70757572	      0.40653531	      0.40956453	     -0.64858916	      0.40347665	      0.35171417	     -0.74244672	      0.04593716	      0.36328382	     -0.73884057	      0.06919635	      0.27727426	     -0.80593171	      0.02400518	      0.30776337	     -0.61964884	      0.02754262	      0.28395508	     -0.61069145	      0.04006443	      0.33690295	     -0.65185101	      0.01918999	      0.38556974	     -0.76994206	      1.48232988	      0.28410294	     -0.83945964	      1.22206481	      0.30457268	     -0.49668933	      1.20335086	      0.27280576	     -0.56694494	      1.38044535	      0.27001948	     -0.79277922	      1.06183445	      0.04232017	     -0.77788764	      1.05399213	      0.11660713	     -0.81233058	      1.04394647	      0.09210078	     -0.71192218	      0.81815178	      0.05959828	     -0.78392570	      0.80650839	      0.06523262	     -0.69196692	      1.07841927	      0.58966150	     -0.70232333	      1.06034224	      0.51302908	     -0.71391277	      1.04065127	      0.56102912	     -0.53043022	      0.87156302	      0.55594525	     -0.59274880	      0.83346563	      0.57940944
      0.44000000	     -0.57439881	      0.95733416	      0.18918893	     -0.77413282	      0.98698131	      0.25902243	     -0.77705086	      0.99330674	      0.34357512	     -0.58272908	      0.97539170	      0.43056620	     -0.67057830	      0.86429307	      0.14270984	     -0.50977448	      0.46616327	      0.15352271	     -0.49717387	      0.46420307	      0.27893619	     -0.53778973	      0.43660444	      0.15297601	     -0.48233151	      0.41120400	      0.20364291	     -0.63962275	      0.08882050	      0.17885362	     -0.61654390	      0.09971711	      0.26024835	     -0.69362836	      0.08188276	      0.23603569	     -0.51747277	      0.04586079	      0.25755828	     -0.51450012	      0.05696797	      0.20236380	     -0.55570808	      0.03441292	      0.15743325	     -0.67110631	      0.86967374	      0.48422590	     -0.67485626	      0.46231543	      0.41321569	     -0.68890771	      0.47403993	      0.27987938	     -0.70510831	      0.40616253	      0.40952824	     -0.64614472	      0.40271618	      0.35167627	     -0.74248499	      0.04583325	      0.36310937	     -0.73871767	      0.06909984	      0.27710872	     -0.80595761	      0.02399962	      0.30748160	     -0.61958767	      0.02753242	      0.28408577	     -0.61072117	      0.03999987	      0.33706176	     -0.65201652	      0.01915555	      0.38562632	     -0.76136583	      1.48198837	      0.28447094	     -0.83104759	      1.22177024	      0.30497921	     -0.48834777	      1.20280316	      0.27260762	     -0.55847199	      1.37995245	      0.27000045	     -0.78739221	      1.06266201	      0.04375136	     -0.77199739	      1.05474426	      0.11792764	     -0.80674745	      1.04512070	      0.09370025	     -0.70953966	      0.81799227	      0.06076356	     -0.78164310	      0.80729567	      0.06696822	     -0.68173728	      1.07768368	      0.59018667	     -0.69224443	      1.05951364	      0.51359677	     -0.70350806	      1.03970648	      0.56163510	     -0.51862648	      0.87217116	      0.55586901	     -0.58053954	      0.83354504	      0.57954141
      0.45000000	     -0.56615481	      0.95674855	      0.18930583	     -0.76591013	      0.98667392	      0.25895948	     -0.76891530	      0.99284562	      0.34352049	     -0.57473384	      0.97436725	      0.43070682	     -0.66125889	      0.86354305	      0.14258663	     -0.49834360	      0.46634847	      0.15589821	     -0.48707247	      0.46469868	      0.28144261	     -0.52492659	      0.43524886	      0.15497965	     -0.46875916	      0.41271435	      0.20621779	     -0.60821048	      0.08242334	      0.17888023	     -0.58667083	      0.09430403	      0.26055865	     -0.66238458	      0.07237968	      0.23557799	     -0.48460122	      0.04578598	      0.25828504	     -0.48171983	      0.05728859	      0.20316677	     -0.52138405	      0.03293785	      0.15778647	     -0.66360022	      0.86897555	      0.48415629	     -0.67173790	      0.46168326	      0.41313462	     -0.68573547	      0.47356231	      0.27980633	     -0.70242135	      0.40575853	      0.40943527	     -0.64349955	      0.40189633	      0.35156699	     -0.74248452	      0.04573436	      0.36289004	     -0.73856619	      0.06900491	      0.27689721	     -0.80596405	      0.02402005	      0.30717852	     -0.61952306	      0.02750308	      0.28410266	     -0.61072083	      0.03990346	      0.33710510	     -0.65212956	      0.01908140	      0.38558260	     -0.75274541	      1.48151547	      0.28471231	     -0.82263001	      1.22135429	      0.30525288	     -0.47998906	      1.20209245	      0.27243530	     -0.54996041	      1.37930403	      0.26995770	     -0.78177541	      1.06331427	      0.04508580	     -0.76594166	      1.05533727	      0.11916327	     -0.80096556	      1.04611409	      0.09518803	     -0.70681542	      0.81774172	      0.06197184	     -0.77900218	      0.80795281	      0.06868541	     -0.67162851	      1.07683637	      0.59065386	     -0.68232964	      1.05858764	      0.51410955	     -0.69324137	      1.03865630	      0.56218677	     -0.50698517	      0.87268123	      0.55559656	     -0.56847581	      0.83352652	      0.57950043
      0.46000000	     -0.55810136	      0.95525134	      0.18947998	     -0.75783733	      0.98613349	      0.25877055	     -0.76093254	      0.99258127	      0.34330770	     -0.56693741	      0.97365818	      0.43081288	     -0.65222986	      0.86240762	      0.14273904	     -0.48745935	      0.46605246	      0.15808158	     -0.47754303	      0.46453652	      0.28374194	     -0.51250411	      0.43346990	      0.15677111	     -0.45577731	      0.41383329	      0.20858236	     -0.57668577	      0.07654024	      0.17857058	     -0.55675619	      0.08926297	      0.26053041	     -0.63086815	      0.06334763	      0.23466230	     -0.45203343	      0.04635979	      0.25901543	     -0.44916704	      0.05814434	      0.20395597	     -0.48708690	      0.03195521	      0.15811065	     -0.65633663	      0.86845309	      0.48433033	     -0.66828171	      0.46128041	      0.41316124	     -0.68222249	      0.47333868	      0.27984309	     -0.69942453	      0.40560879	      0.40944429	     -0.64055346	      0.40129683	      0.35155614	     -0.74242421	      0.04594491	      0.36273415	     -0.73834292	      0.06922540	      0.27675159	     -0.80595543	      0.02446242	      0.30695037	     -0.61946813	      0.02752628	      0.28413546	     -0.61070693	      0.03989083	      0.33715306	     -0.65223573	      0.01916339	      0.38556835	     -0.74403475	      1.48094908	      0.28501343	     -0.81423149	      1.22086171	      0.30542405	     -0.47166444	      1.20117893	      0.27208883	     -0.54140614	      1.37848446	      0.26987148	     -0.77610741	      1.06399207	      0.04619708	     -0.75998771	      1.05597597	      0.12020864	     -0.79520839	      1.04705116	      0.09641308	     -0.70337512	      0.81775314	      0.06308791	     -0.77561821	      0.80865551	      0.07015835	     -0.66153675	      1.07573340	      0.59115598	     -0.67248454	      1.05740615	      0.51466533	     -0.68301759	      1.03735435	      0.56278647	     -0.49544073	      0.87291404	      0.55524757	     -0.55649645	      0.83324603	      0.57941849
      0.47000000	     -0.54963071	      0.95622210	      0.18939427	     -0.74966029	      0.98548175	      0.25854186	     -0.75295827	      0.99117256	      0.34312568	     -0.55904564	      0.97246798	      0.43086039	     -0.64189249	      0.86237591	      0.14192476	     -0.47754579	      0.46599554	      0.16076322	     -0.46985698	      0.46466130	      0.28658158	     -0.50089071	      0.43193186	      0.15893847	     -0.44408427	      0.41542856	      0.21174568	     -0.54481225	      0.07183605	      0.17881809	     -0.52714918	      0.08542864	      0.26115720	     -0.59918433	      0.05575260	      0.23467351	     -0.41935192	      0.04675178	      0.25865048	     -0.41676326	      0.05954762	      0.20380341	     -0.45375405	      0.03294867	      0.15743793	     -0.64859443	      0.86743398	      0.48371097	     -0.66487019	      0.46034973	      0.41289554	     -0.67857491	      0.47243746	      0.27955558	     -0.69649701	      0.40494636	      0.40918583	     -0.63760809	      0.40008860	      0.35135909	     -0.74254560	      0.04563452	      0.36267302	     -0.73817908	      0.06882088	      0.27667904	     -0.80595528	      0.02410301	      0.30679121	     -0.61936149	      0.02770264	      0.28427315	     -0.61065371	      0.03980724	      0.33735950	     -0.65226759	      0.01889933	      0.38562391	     -0.73519323	      1.48034452	      0.28487803	     -0.80589632	      1.22040385	      0.30540929	     -0.46335312	      1.20004634	      0.27223460	     -0.53275449	      1.37748365	      0.26988383	     -0.77006796	      1.06431347	      0.04738436	     -0.75353967	      1.05621590	      0.12129686	     -0.78900375	      1.04764564	      0.09773987	     -0.69985547	      0.81733616	      0.06410018	     -0.77214472	      0.80902332	      0.07164897	     -0.65138225	      1.07465049	      0.59140540	     -0.66255451	      1.05628820	      0.51495561	     -0.67275878	      1.03613435	      0.56310951	     -0.48416096	      0.87291005	      0.55467070	     -0.54485717	      0.83283471	      0.57907401
      0.48000000	     -0.54133490	      0.95571147	      0.18929153	     -0.74146431	      0.98464266	      0.25828829	     -0.74485414	      0.99017605	      0.34287892	     -0.55101204	      0.97150792	      0.43077710	     -0.63197271	      0.86171493	      0.14152160	     -0.46790695	      0.46535272	      0.16300528	     -0.46232618	      0.46398607	      0.28893440	     -0.48950286	      0.42994323	      0.16069046	     -0.43277778	      0.41645999	      0.21443428	     -0.51345234	      0.06787819	      0.17881821	     -0.49800372	      0.08213588	      0.26148942	     -0.56779943	      0.04874226	      0.23424155	     -0.38738968	      0.04861325	      0.25858746	     -0.38497417	      0.06199853	      0.20387332	     -0.42081343	      0.03458817	      0.15707803	     -0.64103247	      0.86659644	      0.48343724	     -0.66120653	      0.45966579	      0.41274238	     -0.67459377	      0.47183838	      0.27937789	     -0.69333897	      0.40455492	      0.40900025	     -0.63440815	      0.39913769	      0.35126599	     -0.74262098	      0.04566790	      0.36252108	     -0.73790861	      0.06878681	      0.27652719	     -0.80594380	      0.02426363	      0.30651930	     -0.61925463	      0.02784797	      0.28432307	     -0.61058919	      0.03970989	      0.33747109	     -0.65233672	      0.01873017	      0.38558870	     -0.72645106	      1.47956362	      0.28482041	     -0.79750157	      1.21971295	      0.30529149	     -0.45497975	      1.19890840	      0.27217344	     -0.52414592	      1.37643779	      0.26984301	     -0.76381623	      1.06458707	      0.04839212	     -0.74696500	      1.05642715	      0.12222480	     -0.78262870	      1.04816996	      0.09886365	     -0.69586006	      0.81697888	      0.06504961	     -0.76818482	      0.80936602	      0.07298651	     -0.64138776	      1.07337673	      0.59164762	     -0.65278116	      1.05497459	      0.51524007	     -0.66264435	      1.03470687	      0.56342366	     -0.47293553	      0.87282602	      0.55405997	     -0.53324290	      0.83230469	      0.57868981
      0.49000000	     -0.53296664	      0.95492291	      0.18927464	     -0.73321486	      0.98370585	      0.25798811	     -0.73673739	      0.98916442	      0.34257818	     -0.54302261	      0.97050579	      0.43075861	     -0.62192675	      0.86099272	      0.14118549	     -0.45868122	      0.46443043	      0.16508872	     -0.45541217	      0.46287440	      0.29109685	     -0.47846308	      0.42778667	      0.16226365	     -0.42209990	      0.41726736	      0.21704016	     -0.48253777	      0.06488049	      0.17887051	     -0.46947167	      0.07964617	      0.26186282	     -0.53680415	      0.04274750	      0.23385680	     -0.35616446	      0.05120674	      0.25842325	     -0.35397360	      0.06525663	      0.20386651	     -0.38880081	      0.03727934	      0.15664452	     -0.63346889	      0.86570391	      0.48323961	     -0.65731565	      0.45896099	      0.41260793	     -0.67042915	      0.47122656	      0.27922476	     -0.68997778	      0.40416511	      0.40884300	     -0.63103589	      0.39815695	      0.35117856	     -0.74270630	      0.04576324	      0.36240248	     -0.73766904	      0.06881114	      0.27640796	     -0.80598499	      0.02454470	      0.30630922	     -0.61922976	      0.02791098	      0.28433576	     -0.61058203	      0.03956610	      0.33753240	     -0.65244338	      0.01855297	      0.38553639	     -0.71764352	      1.47868817	      0.28467752	     -0.78905268	      1.21893217	      0.30510211	     -0.44654975	      1.19766593	      0.27208215	     -0.51547418	      1.37528928	      0.26974907	     -0.75725912	      1.06466042	      0.04919300	     -0.74019402	      1.05646667	      0.12297279	     -0.77601416	      1.04850389	      0.09975559	     -0.69149539	      0.81647412	      0.06598775	     -0.76385708	      0.80953767	      0.07420321	     -0.63148670	      1.07202713	      0.59172847	     -0.64307280	      1.05360315	      0.51535517	     -0.65262057	      1.03321619	      0.56355842	     -0.46185470	      0.87263609	      0.55331420	     -0.52179135	      0.83168280	      0.57813376
      0.50000000	     -0.52450231	      0.95416752	      0.18914604	     -0.72488244	      0.98263248	      0.25760697	     -0.72852944	      0.98801023	      0.34219694	     -0.53491361	      0.96951969	      0.43062973	     -0.61159956	      0.86032736	      0.14073830	     -0.44984582	      0.46330091	      0.16696517	     -0.44913493	      0.46143206	      0.29300944	     -0.46776295	      0.42554023	      0.16362139	     -0.41206580	      0.41791679	      0.21954671	     -0.45222508	      0.06289545	      0.17913335	     -0.44173095	      0.07803038	      0.26242367	     -0.50640910	      0.03790109	      0.23374240	     -0.32574795	      0.05434997	      0.25806961	     -0.32390680	      0.06921224	      0.20371558	     -0.35803825	      0.04105091	      0.15609665	     -0.62571758	      0.86478329	      0.48295087	     -0.65317897	      0.45824434	      0.41245789	     -0.66604097	      0.47057339	      0.27905608	     -0.68638742	      0.40378051	      0.40868920	     -0.62745499	      0.39714444	      0.35108395	     -0.74270794	      0.04590843	      0.36238049	     -0.73735553	      0.06885951	      0.27637911	     -0.80595358	      0.02486814	      0.30622416	     -0.61916225	      0.02801022	      0.28436549	     -0.61051373	      0.03947922	      0.33760244	     -0.65244878	      0.01841588	      0.38552003	     -0.70898797	      1.47771468	      0.28470753	     -0.78062647	      1.21801242	      0.30501217	     -0.43815784	      1.19645122	      0.27182807	     -0.50692024	      1.37413906	      0.26962917	     -0.75051542	      1.06458425	      0.04996484	     -0.73320408	      1.05635287	      0.12368305	     -0.76917429	      1.04865152	      0.10061753	     -0.68664942	      0.81591085	      0.06681031	     -0.75903101	      0.80956406	      0.07532181	     -0.62157354	      1.07055848	      0.59182232	     -0.63342832	      1.05213116	      0.51549107	     -0.64265343	      1.03164537	      0.56371973	     -0.45109342	      0.87208202	      0.55245788	     -0.51070008	      0.83079084	      0.57751121
      0.51000000	     -0.51589908	      0.95163750	      0.18936522	     -0.71625517	      0.98144169	      0.25732476	     -0.72001362	      0.98734571	      0.34187475	     -0.52662856	      0.96849203	      0.43073477	     -0.60260414	      0.85867370	      0.14106010	     -0.44111042	      0.46157090	      0.16772979	     -0.44135109	      0.45945538	      0.29377194	     -0.45728655	      0.42287759	      0.16416446	     -0.40174132	      0.41794567	      0.22054118	     -0.42360708	      0.06144331	      0.17913922	     -0.41458048	      0.07689981	      0.26254239	     -0.47688329	      0.03357147	      0.23331217	     -0.29732982	      0.05929785	      0.25878519	     -0.29580414	      0.07424838	      0.20444561	     -0.32827427	      0.04456010	      0.15659296	     -0.61823469	      0.86387543	      0.48324535	     -0.64898033	      0.45762022	      0.41247306	     -0.66143497	      0.47012661	      0.27904912	     -0.68273756	      0.40350549	      0.40861517	     -0.62375738	      0.39627526	      0.35113044	     -0.74268400	      0.04625452	      0.36206323	     -0.73691355	      0.06917705	      0.27608127	     -0.80587169	      0.02553823	      0.30567007	     -0.61898845	      0.02793887	      0.28459513	     -0.61052584	      0.03942904	      0.33785738	     -0.65273642	      0.01855733	      0.38561664	     -0.70025208	      1.47649395	      0.28455062	     -0.77193620	      1.21678187	      0.30456650	     -0.42940818	      1.19522908	      0.27199557	     -0.49816056	      1.37292058	      0.26977886	     -0.74338424	      1.06454932	      0.05043556	     -0.72615441	      1.05633384	      0.12417464	     -0.76217095	      1.04885417	      0.10111055	     -0.68134928	      0.81544826	      0.06777829	     -0.75377859	      0.80965056	      0.07627558	     -0.61226139	      1.06889151	      0.59157446	     -0.62404907	      1.05050394	      0.51522323	     -0.63308281	      1.02983167	      0.56341734	     -0.44022337	      0.87187459	      0.55169870	     -0.49947220	      0.83004137	      0.57670158
      0.52000000	     -0.50689519	      0.95179994	      0.18935160	     -0.70777501	      0.97993080	      0.25647314	     -0.71196986	      0.98551572	      0.34102428	     -0.51887046	      0.96774351	      0.43072444	     -0.59056691	      0.85862307	      0.14024455	     -0.43252709	      0.46033024	      0.16971236	     -0.43683408	      0.45748862	      0.29566684	     -0.44678955	      0.42077378	      0.16544522	     -0.39296176	      0.41840809	      0.22362515	     -0.39487226	      0.06149264	      0.18010639	     -0.38943056	      0.07692202	      0.26382493	     -0.44871626	      0.03129222	      0.23399786	     -0.26889471	      0.06194621	      0.25767476	     -0.26809525	      0.07867054	      0.20383895	     -0.30116715	      0.05052531	      0.15546876	     -0.61041236	      0.86291956	      0.48267417	     -0.64462946	      0.45687265	      0.41230083	     -0.65669158	      0.46933474	      0.27883668	     -0.67896294	      0.40312600	      0.40844923	     -0.61995633	      0.39517036	      0.35108756	     -0.74274358	      0.04649271	      0.36225780	     -0.73655767	      0.06923418	      0.27625664	     -0.80585510	      0.02594516	      0.30587747	     -0.61902586	      0.02817396	      0.28444367	     -0.61044914	      0.03933955	      0.33775668	     -0.65258683	      0.01822398	      0.38547309	     -0.69161451	      1.47536962	      0.28431965	     -0.76360689	      1.21573990	      0.30429751	     -0.42113320	      1.19377096	      0.27143465	     -0.48966503	      1.37154914	      0.26934157	     -0.73598965	      1.06384649	      0.05087881	     -0.71849356	      1.05562352	      0.12455433	     -0.75465196	      1.04841036	      0.10164383	     -0.67588681	      0.81429316	      0.06837683	     -0.74832695	      0.80910583	      0.07717115	     -0.60212716	      1.06728081	      0.59152838	     -0.61433415	      1.04888071	      0.51524609	     -0.62302986	      1.02818274	      0.56349054	     -0.42990160	      0.87064773	      0.55057852	     -0.48890658	      0.82868199	      0.57593350
      0.53000000	     -0.49866231	      0.95019851	      0.18878965	     -0.69939279	      0.97832828	      0.25635694	     -0.70337105	      0.98415562	      0.34090219	     -0.51001926	      0.96683414	      0.43014567	     -0.57970597	      0.85767534	      0.13991002	     -0.42338955	      0.45882632	      0.17100283	     -0.43099489	      0.45521406	      0.29678147	     -0.43599025	      0.41863342	      0.16619555	     -0.38371377	      0.41833629	      0.22581948	     -0.36890090	      0.06188095	      0.18102735	     -0.36641634	      0.07714215	      0.26491653	     -0.42293080	      0.02932805	      0.23421085	     -0.24266632	      0.06732054	      0.25755796	     -0.24127478	      0.08319427	      0.20347724	     -0.27500508	      0.05524728	      0.15544795	     -0.60280618	      0.86204252	      0.48246123	     -0.64038007	      0.45623997	      0.41239129	     -0.65130716	      0.46862260	      0.27882203	     -0.67531203	      0.40289831	      0.40836944	     -0.61598254	      0.39414533	      0.35145873	     -0.74299518	      0.04697318	      0.36226941	     -0.73590396	      0.06949622	      0.27628066	     -0.80577313	      0.02670814	      0.30562442	     -0.61900405	      0.02833553	      0.28450116	     -0.61054048	      0.03925766	      0.33788264	     -0.65276060	      0.01789499	      0.38541585	     -0.68263926	      1.47400901	      0.28387457	     -0.75492687	      1.21445537	      0.30377491	     -0.41243756	      1.19212714	      0.27131949	     -0.48078084	      1.36997684	      0.26913954	     -0.72866022	      1.06331720	      0.05125012	     -0.71107314	      1.05507986	      0.12490237	     -0.74730977	      1.04800519	      0.10206771	     -0.66965468	      0.81350770	      0.06886961	     -0.74210045	      0.80865231	      0.07780595	     -0.59263069	      1.06555206	      0.59119482	     -0.60495528	      1.04717875	      0.51492498	     -0.61343244	      1.02636814	      0.56316484	     -0.41955277	      0.86981718	      0.54956336	     -0.47828440	      0.82752353	      0.57500798
      0.54000000	     -0.48941423	      0.94854605	      0.18913913	     -0.69052316	      0.97660145	      0.25560294	     -0.69492966	      0.98275042	      0.34010417	     -0.50199371	      0.96609986	      0.43036947	     -0.56928348	      0.85646112	      0.13996587	     -0.41444671	      0.45708256	      0.17165920	     -0.42389532	      0.45296662	      0.29729733	     -0.42554241	      0.41636035	      0.16659639	     -0.37424715	      0.41804348	      0.22704385	     -0.34456868	      0.06253133	      0.18213878	     -0.34402282	      0.07774285	      0.26607199	     -0.39824338	      0.02801312	      0.23507953	     -0.21867313	      0.07170106	      0.25788532	     -0.21777816	      0.08805577	      0.20393757	     -0.25136175	      0.06005445	      0.15583717	     -0.59499936	      0.86110558	      0.48250862	     -0.63569350	      0.45560476	      0.41243449	     -0.64623846	      0.46804806	      0.27884015	     -0.67121898	      0.40266780	      0.40837379	     -0.61189374	      0.39319971	      0.35157322	     -0.74294260	      0.04752891	      0.36231936	     -0.73543760	      0.06992624	      0.27633288	     -0.80570570	      0.02761951	      0.30559950	     -0.61898295	      0.02839773	      0.28452677	     -0.61052147	      0.03923238	      0.33792641	     -0.65281261	      0.01790284	      0.38541135	     -0.67392819	      1.47258073	      0.28359399	     -0.74628115	      1.21302995	      0.30329304	     -0.40377925	      1.19064973	      0.27100678	     -0.47208386	      1.36851519	      0.26890173	     -0.72076329	      1.06250226	      0.05132384	     -0.70320916	      1.05430407	      0.12498832	     -0.73947896	      1.04740282	      0.10216187	     -0.66318803	      0.81239711	      0.06939738	     -0.73566164	      0.80797998	      0.07833531	     -0.58317382	      1.06372498	      0.59078587	     -0.59564924	      1.04540413	      0.51452794	     -0.60391795	      1.02448959	      0.56276213	     -0.40948010	      0.86869993	      0.54840841	     -0.46798012	      0.82614619	      0.57395271
      0.55000000	     -0.48040610	      0.94672737	      0.18924257	     -0.68171509	      0.97481239	      0.25508534	     -0.68633475	      0.98136133	      0.33954511	     -0.49359411	      0.96542300	      0.43035459	     -0.55894815	      0.85517104	      0.14005467	     -0.40503122	      0.45547529	      0.17222613	     -0.41630193	      0.45081936	      0.29769505	     -0.41482584	      0.41435908	      0.16692236	     -0.36456786	      0.41764670	      0.22816987	     -0.32231626	      0.06340662	      0.18328187	     -0.32359308	      0.07847655	      0.26723267	     -0.37578265	      0.02724934	      0.23589507	     -0.19683945	      0.07564893	      0.25848770	     -0.19624139	      0.09232517	      0.20463436	     -0.22976639	      0.06435173	      0.15647690	     -0.58714553	      0.86025015	      0.48257339	     -0.63098832	      0.45506494	      0.41257289	     -0.64091110	      0.46751637	      0.27893166	     -0.66712274	      0.40255697	      0.40843019	     -0.60771711	      0.39231954	      0.35184752	     -0.74298679	      0.04827326	      0.36242349	     -0.73490793	      0.07050141	      0.27644512	     -0.80567221	      0.02878998	      0.30561269	     -0.61902882	      0.02851348	      0.28447867	     -0.61053561	      0.03915147	      0.33791280	     -0.65288649	      0.01778918	      0.38532971	     -0.66514218	      1.47111080	      0.28315494	     -0.73757617	      1.21157252	      0.30272055	     -0.39504817	      1.18911848	      0.27076401	     -0.46330835	      1.36700072	      0.26863506	     -0.71257602	      1.06149425	      0.05128092	     -0.69507111	      1.05334008	      0.12496199	     -0.73136327	      1.04659145	      0.10213334	     -0.65628586	      0.81113481	      0.06980600	     -0.72878468	      0.80711081	      0.07872507	     -0.57385201	      1.06190043	      0.59012099	     -0.58638664	      1.04365977	      0.51385355	     -0.59452408	      1.02263958	      0.56206597	     -0.39962741	      0.86747407	      0.54718375	     -0.45795964	      0.82469863	      0.57274150
      0.56000000	     -0.47130072	      0.94508771	      0.18920710	     -0.67276156	      0.97303493	      0.25464279	     -0.67753125	      0.97979914	      0.33907726	     -0.48491699	      0.96439788	      0.43024687	     -0.54838778	      0.85391996	      0.13998816	     -0.39508551	      0.45404330	      0.17283912	     -0.40824156	      0.44888049	      0.29810452	     -0.40381060	      0.41264751	      0.16731374	     -0.35464797	      0.41716917	      0.22936631	     -0.30226341	      0.06425370	      0.18472670	     -0.30528897	      0.07914468	      0.26866463	     -0.35569118	      0.02673936	      0.23700460	     -0.17709236	      0.07912845	      0.25925331	     -0.17663933	      0.09589307	      0.20542600	     -0.21041082	      0.06809172	      0.15734117	     -0.57932237	      0.85922804	      0.48246322	     -0.62626438	      0.45434952	      0.41269830	     -0.63520617	      0.46670825	      0.27897925	     -0.66302469	      0.40229906	      0.40841346	     -0.60340877	      0.39120962	      0.35221382	     -0.74313630	      0.04894049	      0.36249211	     -0.73424568	      0.07092273	      0.27653063	     -0.80556765	      0.02978903	      0.30546128	     -0.61901807	      0.02866441	      0.28459855	     -0.61063639	      0.03918249	      0.33807401	     -0.65307352	      0.01769368	      0.38535645	     -0.65622720	      1.46955462	      0.28267034	     -0.72871210	      1.21002920	      0.30221791	     -0.38616926	      1.18751989	      0.27045997	     -0.45440100	      1.36541236	      0.26827572	     -0.70433237	      1.06032768	      0.05102461	     -0.68690773	      1.05219705	      0.12472730	     -0.72320268	      1.04554584	      0.10187671	     -0.64888663	      0.80980479	      0.06986445	     -0.72140556	      0.80603264	      0.07872996	     -0.56460807	      1.06016141	      0.58945643	     -0.57719013	      1.04198620	      0.51318116	     -0.58521295	      1.02086940	      0.56137354	     -0.38988177	      0.86629527	      0.54604071	     -0.44805920	      0.82331277	      0.57160390
      0.57000000	     -0.46233362	      0.94305773	      0.18922785	     -0.66375900	      0.97152774	      0.25454724	     -0.66853212	      0.97854145	      0.33896115	     -0.47595970	      0.96308018	      0.43020894	     -0.53927145	      0.85219032	      0.14016442	     -0.38487251	      0.45275614	      0.17326164	     -0.39819992	      0.44756087	      0.29850758	     -0.39289590	      0.41117515	      0.16777972	     -0.34395650	      0.41669423	      0.22992798	     -0.28505522	      0.06471893	      0.18599409	     -0.28853093	      0.07969060	      0.26990022	     -0.33783775	      0.02623444	      0.23823843	     -0.16032862	      0.08232114	      0.26067947	     -0.16007555	      0.09891748	      0.20679873	     -0.19323709	      0.07034758	      0.15873988	     -0.57088168	      0.85801559	      0.48257505	     -0.62116092	      0.45355237	      0.41272655	     -0.62991271	      0.46600230	      0.27900339	     -0.65853625	      0.40195169	      0.40843624	     -0.59904411	      0.39012771	      0.35225518	     -0.74294486	      0.04959214	      0.36253573	     -0.73376173	      0.07145315	      0.27657409	     -0.80549574	      0.03096689	      0.30543948	     -0.61895312	      0.02832782	      0.28482226	     -0.61057047	      0.03885089	      0.33829658	     -0.65322605	      0.01772444	      0.38554574	     -0.64716723	      1.46804969	      0.28200958	     -0.71967732	      1.20854002	      0.30167252	     -0.37708403	      1.18601057	      0.27047809	     -0.44531614	      1.36389943	      0.26802765	     -0.69558913	      1.05899404	      0.05059800	     -0.67832969	      1.05089252	      0.12434276	     -0.71459932	      1.04433857	      0.10142729	     -0.64101375	      0.80831225	      0.06983237	     -0.71356241	      0.80479422	      0.07855804	     -0.55570719	      1.05859455	      0.58837849	     -0.56811395	      1.04054973	      0.51204357	     -0.57617096	      1.01930178	      0.56017509	     -0.38040859	      0.86527311	      0.54485228	     -0.43851948	      0.82208181	      0.57021409
      0.58000000	     -0.45299408	      0.94126671	      0.18911077	     -0.65460040	      0.96985035	      0.25381945	     -0.65959269	      0.97714663	      0.33819673	     -0.46724582	      0.96209582	      0.42998728	     -0.52921102	      0.85067789	      0.14002858	     -0.37433822	      0.45147724	      0.17372392	     -0.38861981	      0.44607096	      0.29885571	     -0.38182212	      0.40977942	      0.16816223	     -0.33346825	      0.41591673	      0.23070956	     -0.26962940	      0.06475183	      0.18718972	     -0.27398538	      0.07965160	      0.27106757	     -0.32236462	      0.02561129	      0.23902016	     -0.14561337	      0.08386449	      0.26271388	     -0.14511195	      0.10040399	      0.20881740	     -0.17767845	      0.07149882	      0.16055256	     -0.56260454	      0.85702705	      0.48235606	     -0.61589782	      0.45291677	      0.41269965	     -0.62420922	      0.46532669	      0.27894468	     -0.65391384	      0.40180109	      0.40838755	     -0.59446545	      0.38913508	      0.35234387	     -0.74283221	      0.05052393	      0.36270611	     -0.73318589	      0.07216421	      0.27673934	     -0.80537128	      0.03231346	      0.30549801	     -0.61885712	      0.02844811	      0.28518266	     -0.61052019	      0.03895433	      0.33866744	     -0.65336138	      0.01805332	      0.38584889	     -0.63839247	      1.46653837	      0.28164788	     -0.71076318	      1.20697484	      0.30111239	     -0.36814807	      1.18465830	      0.27000468	     -0.43647898	      1.36251059	      0.26765513	     -0.68685673	      1.05780069	      0.05018204	     -0.66963571	      1.04970422	      0.12393634	     -0.70590460	      1.04320919	      0.10100690	     -0.63274553	      0.80703145	      0.06955339	     -0.70530458	      0.80365287	      0.07824770	     -0.54655801	      1.05677486	      0.58741098	     -0.55900495	      1.03887012	      0.51104963	     -0.56704376	      1.01754884	      0.55914923	     -0.37136502	      0.86345044	      0.54346362	     -0.42948317	      0.82024537	      0.56878531
      0.59000000	     -0.44367877	      0.94007427	      0.18898761	     -0.64555176	      0.96795508	      0.25316941	     -0.65077261	      0.97538596	      0.33752111	     -0.45858303	      0.96128760	      0.42979108	     -0.51893174	      0.84930286	      0.13986238	     -0.36285978	      0.45065413	      0.17454468	     -0.37805221	      0.44514087	      0.29956449	     -0.37013330	      0.40892755	      0.16891210	     -0.32227287	      0.41523811	      0.23182067	     -0.25667550	      0.06435400	      0.18865252	     -0.26171797	      0.07920322	      0.27250087	     -0.30964512	      0.02498326	      0.24030452	     -0.13284804	      0.08384229	      0.26405617	     -0.13229471	      0.10044244	      0.21017885	     -0.16502964	      0.07175475	      0.16189821	     -0.55443825	      0.85609994	      0.48207530	     -0.61053075	      0.45230084	      0.41281325	     -0.61803228	      0.46454563	      0.27899520	     -0.64922806	      0.40172230	      0.40842352	     -0.58970417	      0.38808564	      0.35268862	     -0.74296680	      0.05166181	      0.36304050	     -0.73260539	      0.07297937	      0.27707631	     -0.80535652	      0.03384861	      0.30581476	     -0.61902721	      0.02902184	      0.28499617	     -0.61056881	      0.03919125	      0.33852696	     -0.65333955	      0.01805439	      0.38566723	     -0.62933250	      1.46500554	      0.28093432	     -0.70185375	      1.20547820	      0.30032094	     -0.35919717	      1.18300074	      0.26979112	     -0.42744317	      1.36088367	      0.26729732	     -0.67741930	      1.05615516	      0.04950530	     -0.66045192	      1.04815735	      0.12332911	     -0.69664782	      1.04167959	      0.10028459	     -0.62372227	      0.80534620	      0.06946427	     -0.69631567	      0.80208618	      0.07791364	     -0.53779496	      1.05503251	      0.58644346	     -0.55016651	      1.03723356	      0.51004513	     -0.55821862	      1.01582436	      0.55810447	     -0.36234937	      0.86197811	      0.54232170	     -0.42043689	      0.81866502	      0.56752887
      0.60000000	     -0.43390919	      0.93857792	      0.18885256	     -0.63584547	      0.96658916	      0.25277796	     -0.64116304	      0.97407294	      0.33711893	     -0.44908956	      0.95994230	      0.42962543	     -0.50887922	      0.84778741	      0.13973013	     -0.35183018	      0.44960228	      0.17531548	     -0.36735195	      0.44419575	      0.30029948	     -0.35907283	      0.40787397	      0.16970151	     -0.31137939	      0.41424492	      0.23273070	     -0.24562685	      0.06333135	      0.19004069	     -0.25089242	      0.07825277	      0.27386250	     -0.29877493	      0.02406219	      0.24156606	     -0.12197173	      0.08272151	      0.26581177	     -0.12122296	      0.09925887	      0.21191751	     -0.15384851	      0.07056518	      0.16356644	     -0.54548664	      0.85498732	      0.48185317	     -0.60527753	      0.45168897	      0.41276771	     -0.61243223	      0.46391134	      0.27892862	     -0.64458987	      0.40159639	      0.40836412	     -0.58516296	      0.38716157	      0.35272681	     -0.74267251	      0.05270705	      0.36314311	     -0.73191981	      0.07381764	      0.27717590	     -0.80519112	      0.03560768	      0.30585177	     -0.61892004	      0.02851452	      0.28524680	     -0.61040603	      0.03862002	      0.33878088	     -0.65347592	      0.01801562	      0.38588451	     -0.62042024	      1.46354394	      0.28019899	     -0.69252649	      1.20391363	      0.29975406	     -0.34981657	      1.18197386	      0.26943268	     -0.41835284	      1.35974252	      0.26675790	     -0.66817018	      1.05468074	      0.04874154	     -0.65127716	      1.04668128	      0.12258223	     -0.68745096	      1.04021557	      0.09950099	     -0.61457498	      0.80385599	      0.06876428	     -0.68717805	      0.80062115	      0.07713993	     -0.52907718	      1.05385891	      0.58521707	     -0.54138653	      1.03620444	      0.50877519	     -0.54949960	      1.01471747	      0.55678902	     -0.35372724	      0.86075647	      0.54092332	     -0.41187027	      0.81744159	      0.56599908
      0.61000000	     -0.42482868	      0.93821863	      0.18793060	     -0.62675451	      0.96493691	      0.25243985	     -0.63190982	      0.97207073	      0.33682121	     -0.43954583	      0.95858395	      0.42881878	     -0.49891271	      0.84658579	      0.13893620	     -0.33946662	      0.44949981	      0.17610860	     -0.35528963	      0.44436070	      0.30106611	     -0.34705831	      0.40786983	      0.17052513	     -0.29942574	      0.41380082	      0.23364322	     -0.23722335	      0.06218958	      0.19137543	     -0.24249933	      0.07723614	      0.27517422	     -0.29084497	      0.02347819	      0.24271310	     -0.11353900	      0.08078986	      0.26772169	     -0.11219364	      0.09686274	      0.21369865	     -0.14490572	      0.06823527	      0.16536680	     -0.53729214	      0.85400974	      0.48097121	     -0.59985832	      0.45094681	      0.41297815	     -0.60531188	      0.46262056	      0.27901001	     -0.63988852	      0.40146389	      0.40836710	     -0.58008039	      0.38580334	      0.35347477	     -0.74305689	      0.05397258	      0.36370180	     -0.73100117	      0.07448284	      0.27776213	     -0.80502074	      0.03703507	      0.30627767	     -0.61906066	      0.02958931	      0.28506380	     -0.61052695	      0.03924339	      0.33867799	     -0.65337357	      0.01789226	      0.38565250	     -0.61097629	      1.46208859	      0.27953012	     -0.68331427	      1.20253197	      0.29920725	     -0.34061032	      1.18027959	      0.26904655	     -0.40899249	      1.35810551	      0.26623737	     -0.65839285	      1.05280798	      0.04780140	     -0.64172906	      1.04486209	      0.12169993	     -0.67782411	      1.03836683	      0.09850594	     -0.60474135	      0.80202245	      0.06814560	     -0.67736954	      0.79875925	      0.07628929	     -0.52045948	      1.05228735	      0.58381437	     -0.53250986	      1.03479041	      0.50729504	     -0.54083275	      1.01323186	      0.55523990	     -0.34524191	      0.85899481	      0.53982302	     -0.40354427	      0.81572599	      0.56460668
      0.62000000	     -0.41528278	      0.93736624	      0.18741363	     -0.61727007	      0.96360348	      0.25192789	     -0.62245449	      0.97058985	      0.33631982	     -0.43008302	      0.95731063	      0.42833194	     -0.48878341	      0.84532073	      0.13843651	     -0.32735663	      0.44917522	      0.17706616	     -0.34353536	      0.44425593	      0.30198696	     -0.33539452	      0.40767491	      0.17148001	     -0.28783628	      0.41299774	      0.23470827	     -0.23008260	      0.06060732	      0.19261706	     -0.23535873	      0.07573083	      0.27640198	     -0.28442772	      0.02275317	      0.24376167	     -0.10635396	      0.07716558	      0.26950380	     -0.10453840	      0.09320824	      0.21548553	     -0.13747229	      0.06506850	      0.16701808	     -0.52792642	      0.85288404	      0.48041340	     -0.59396724	      0.45032136	      0.41274356	     -0.59948610	      0.46195989	      0.27877504	     -0.63465018	      0.40137774	      0.40823878	     -0.57515181	      0.38486329	      0.35326015	     -0.74259547	      0.05528151	      0.36403322	     -0.73040653	      0.07555706	      0.27805665	     -0.80485034	      0.03905474	      0.30673673	     -0.61905882	      0.02938202	      0.28513822	     -0.61031380	      0.03897952	      0.33872852	     -0.65329869	      0.01813193	      0.38580277	     -0.60179316	      1.46076868	      0.27882028	     -0.67400053	      1.20118635	      0.29863753	     -0.33128386	      1.17909101	      0.26850597	     -0.39975602	      1.35688066	      0.26559500	     -0.64845328	      1.05104222	      0.04683247	     -0.63183904	      1.04309143	      0.12074163	     -0.66789928	      1.03653745	      0.09751101	     -0.59432184	      0.80035385	      0.06709440	     -0.66695087	      0.79694291	      0.07516972	     -0.51178406	      1.05107053	      0.58242635	     -0.52375266	      1.03374144	      0.50585600	     -0.53222938	      1.01214587	      0.55375332	     -0.33716585	      0.85723282	      0.53843372	     -0.39566409	      0.81413622	      0.56305532
      0.63000000	     -0.40563090	      0.93674639	      0.18675668	     -0.60763839	      0.96230624	      0.25147930	     -0.61278350	      0.96903788	      0.33589432	     -0.42031894	      0.95596356	      0.42774095	     -0.47866337	      0.84408401	      0.13781644	     -0.31511237	      0.44896482	      0.17799129	     -0.33139414	      0.44439162	      0.30291185	     -0.32378468	      0.40764796	      0.17243749	     -0.27614887	      0.41215655	      0.23567066	     -0.22464465	      0.05877806	      0.19375261	     -0.22966420	      0.07403198	      0.27752965	     -0.27975612	      0.02206348	      0.24479526	     -0.10075288	      0.07278304	      0.27108410	     -0.09845959	      0.08874071	      0.21705882	     -0.13173288	      0.06116059	      0.16850159	     -0.51839863	      0.85174581	      0.47973316	     -0.58781886	      0.44968293	      0.41247562	     -0.59322089	      0.46122693	      0.27849416	     -0.62918510	      0.40132526	      0.40804837	     -0.56995514	      0.38387548	      0.35306883	     -0.74217284	      0.05677956	      0.36433404	     -0.72972422	      0.07676415	      0.27832656	     -0.80463357	      0.04124525	      0.30709472	     -0.61900943	      0.02935868	      0.28534111	     -0.61011901	      0.03890453	      0.33891670	     -0.65329292	      0.01856674	      0.38604097	     -0.59251851	      1.45945133	      0.27795181	     -0.66456088	      1.19983701	      0.29794968	     -0.32180508	      1.17795292	      0.26811045	     -0.39039866	      1.35569207	      0.26498216	     -0.63816471	      1.04918502	      0.04572603	     -0.62169791	      1.04126036	      0.11967099	     -0.65769012	      1.03462918	      0.09635769	     -0.58351140	      0.79861710	      0.06607041	     -0.65615065	      0.79504104	      0.07398078	     -0.50337347	      1.04997258	      0.58088987	     -0.51513905	      1.03282023	      0.50424830	     -0.52383736	      1.01117458	      0.55208026	     -0.32922851	      0.85565522	      0.53712533	     -0.38794521	      0.81270719	      0.56148515
      0.64000000	     -0.39585524	      0.93639842	      0.18597519	     -0.59782941	      0.96114154	      0.25111780	     -0.60286105	      0.96750184	      0.33556846	     -0.41021935	      0.95455552	      0.42706117	     -0.46854668	      0.84295966	      0.13707665	     -0.30288711	      0.44887984	      0.17879144	     -0.31904511	      0.44475098	      0.30374354	     -0.31232426	      0.40779266	      0.17330325	     -0.26449467	      0.41134877	      0.23645082	     -0.22051051	      0.05693102	      0.19474219	     -0.22506285	      0.07235471	      0.27851484	     -0.27641354	      0.02161946	      0.24572405	     -0.09641941	      0.06792071	      0.27258088	     -0.09357913	      0.08370020	      0.21852927	     -0.12723098	      0.05670914	      0.16990196	     -0.50864969	      0.85063463	      0.47894506	     -0.58139889	      0.44907800	      0.41218327	     -0.58656700	      0.46047715	      0.27818018	     -0.62346708	      0.40134346	      0.40781688	     -0.56448688	      0.38289922	      0.35289349	     -0.74168081	      0.05848876	      0.36463022	     -0.72889201	      0.07813601	      0.27859493	     -0.80431254	      0.04369838	      0.30743499	     -0.61889264	      0.02942428	      0.28552469	     -0.60984768	      0.03885789	      0.33909430	     -0.65323015	      0.01904150	      0.38624916	     -0.58308904	      1.45821286	      0.27708975	     -0.65493650	      1.19856114	      0.29730213	     -0.31213851	      1.17692493	      0.26776831	     -0.38087416	      1.35460473	      0.26439602	     -0.62755485	      1.04731332	      0.04453736	     -0.61126286	      1.03941205	      0.11852353	     -0.64717183	      1.03267744	      0.09511135	     -0.57217795	      0.79690860	      0.06493732	     -0.64482667	      0.79310360	      0.07265142	     -0.49509528	      1.04901736	      0.57919294	     -0.50662394	      1.03208325	      0.50246689	     -0.51558986	      1.01037534	      0.55021807	     -0.32155507	      0.85410136	      0.53567616	     -0.38053767	      0.81134005	      0.55972004
      0.65000000	     -0.38584673	      0.93625155	      0.18513393	     -0.58778511	      0.96009550	      0.25072131	     -0.59269800	      0.96602903	      0.33521001	     -0.39987183	      0.95319032	      0.42632852	     -0.45820289	      0.84199473	      0.13624105	     -0.29082301	      0.44880429	      0.17945418	     -0.30688078	      0.44511716	      0.30443302	     -0.30109377	      0.40798630	      0.17402079	     -0.25309874	      0.41047767	      0.23709377	     -0.21733234	      0.05511981	      0.19552787	     -0.22140120	      0.07069056	      0.27929819	     -0.27411259	      0.02140277	      0.24639383	     -0.09313508	      0.06263803	      0.27402013	     -0.08964516	      0.07820811	      0.21994583	     -0.12369321	      0.05191196	      0.17121368	     -0.49863968	      0.84960294	      0.47807354	     -0.57468186	      0.44856421	      0.41187058	     -0.57961640	      0.45979332	      0.27784433	     -0.61747357	      0.40149289	      0.40757440	     -0.55877506	      0.38200509	      0.35270963	     -0.74113778	      0.06049171	      0.36498013	     -0.72800396	      0.07977067	      0.27891351	     -0.80398048	      0.04659901	      0.30786765	     -0.61885359	      0.02944981	      0.28564449	     -0.60958490	      0.03869663	      0.33920842	     -0.65318941	      0.01949481	      0.38641271	     -0.57388900	      1.45703043	      0.27631751	     -0.64527651	      1.19726979	      0.29675871	     -0.30243853	      1.17621604	      0.26726818	     -0.37148948	      1.35377034	      0.26373113	     -0.61682469	      1.04542869	      0.04319833	     -0.60063312	      1.03750507	      0.11720415	     -0.63646784	      1.03063152	      0.09371763	     -0.56030530	      0.79526004	      0.06336907	     -0.63294915	      0.79110153	      0.07094535	     -0.48676067	      1.04830618	      0.57771999	     -0.49813375	      1.03154483	      0.50093280	     -0.50735089	      1.00983020	      0.54862804	     -0.31411134	      0.85254027	      0.53445474	     -0.37339174	      0.81006436	      0.55827103
      0.66000000	     -0.37527974	      0.93711280	      0.18416978	     -0.57714552	      0.95896721	      0.25066746	     -0.58180720	      0.96404562	      0.33522609	     -0.38858770	      0.95161043	      0.42556401	     -0.44868151	      0.84103828	      0.13513217	     -0.27955908	      0.44864003	      0.17875941	     -0.29342280	      0.44598375	      0.30402672	     -0.29079342	      0.40809882	      0.17375355	     -0.24161190	      0.40975290	      0.23593372	     -0.21517485	      0.05342558	      0.19570831	     -0.21734173	      0.06951993	      0.27945046	     -0.27192012	      0.02156598	      0.24680718	     -0.09178748	      0.05775999	      0.27651429	     -0.08808736	      0.07358684	      0.22252858	     -0.12080328	      0.04650119	      0.17331867	     -0.48878342	      0.84876045	      0.47692361	     -0.56778413	      0.44807298	      0.41207185	     -0.57086851	      0.45855043	      0.27792944	     -0.61137866	      0.40179656	      0.40753349	     -0.55240316	      0.38083931	      0.35351389	     -0.74106990	      0.06297295	      0.36548994	     -0.72651942	      0.08145350	      0.27947603	     -0.80343947	      0.04972146	      0.30826919	     -0.61869752	      0.03055930	      0.28544094	     -0.60929523	      0.03901086	      0.33911286	     -0.65298931	      0.01950595	      0.38610962	     -0.56454140	      1.45571648	      0.27518827	     -0.63527062	      1.19580223	      0.29596253	     -0.29228426	      1.17564084	      0.26759514	     -0.36181700	      1.35299407	      0.26345989	     -0.60579174	      1.04360546	      0.04193835	     -0.58982194	      1.03566216	      0.11599024	     -0.62554866	      1.02861782	      0.09238001	     -0.54798835	      0.79371184	      0.06196488	     -0.62063216	      0.78914184	      0.06930070	     -0.47888418	      1.04775009	      0.57592191	     -0.48991430	      1.03124786	      0.49902864	     -0.49949431	      1.00947600	      0.54662028	     -0.30702108	      0.85119265	      0.53309379	     -0.36665206	      0.80897692	      0.55649385
      0.67000000	     -0.36485850	      0.93729544	      0.18335097	     -0.56673921	      0.95828119	      0.25008269	     -0.57136029	      0.96292812	      0.33466836	     -0.37805053	      0.95056127	      0.42482238	     -0.43778010	      0.84053534	      0.13420336	     -0.26793098	      0.44860937	      0.17923038	     -0.28206886	      0.44624992	      0.30447298	     -0.28002904	      0.40839962	      0.17420377	     -0.23092788	      0.40883360	      0.23646788	     -0.21311556	      0.05198121	      0.19615345	     -0.21503226	      0.06809559	      0.27989785	     -0.27088142	      0.02183116	      0.24705367	     -0.08986750	      0.05235184	      0.27746100	     -0.08550155	      0.06810973	      0.22350487	     -0.11881806	      0.04204299	      0.17414786	     -0.47834178	      0.84803220	      0.47597893	     -0.56003620	      0.44778977	      0.41171903	     -0.56308869	      0.45809699	      0.27756270	     -0.60438556	      0.40225716	      0.40730383	     -0.54584253	      0.38019168	      0.35325514	     -0.73997502	      0.06566265	      0.36596920	     -0.72520278	      0.08374585	      0.27990866	     -0.80271586	      0.05371507	      0.30892013	     -0.61853374	      0.03035772	      0.28553519	     -0.60878578	      0.03858154	      0.33918082	     -0.65276882	      0.02005164	      0.38630239	     -0.55524802	      1.45485076	      0.27441417	     -0.62538119	      1.19479277	      0.29540918	     -0.28236528	      1.17538314	      0.26687524	     -0.35229915	      1.35257651	      0.26265145	     -0.59450202	      1.04186667	      0.04063743	     -0.57851190	      1.03390460	      0.11468291	     -0.61418505	      1.02667533	      0.09104742	     -0.53515001	      0.79230633	      0.06028808	     -0.60776672	      0.78727183	      0.06758799	     -0.47060793	      1.04746889	      0.57432889	     -0.48160359	      1.03117605	      0.49738605	     -0.49144427	      1.00943481	      0.54493056	     -0.30027692	      0.84956409	      0.53155430	     -0.36030120	      0.80781973	      0.55479391
      0.68000000	     -0.35438215	      0.93785101	      0.18247451	     -0.55622071	      0.95783112	      0.24964101	     -0.56072811	      0.96191028	      0.33426209	     -0.36724968	      0.94949602	      0.42404701	     -0.42699997	      0.84026290	      0.13319091	     -0.25675739	      0.44865485	      0.17948046	     -0.27093166	      0.44666753	      0.30472542	     -0.26972413	      0.40879299	      0.17447711	     -0.22061857	      0.40804416	      0.23673476	     -0.21150995	      0.05085506	      0.19649618	     -0.21302224	      0.06702942	      0.28023729	     -0.27013990	      0.02245231	      0.24730734	     -0.08839667	      0.04738826	      0.27813068	     -0.08345270	      0.06300457	      0.22418326	     -0.11739370	      0.03790252	      0.17475174	     -0.46784351	      0.84740930	      0.47494644	     -0.55157732	      0.44747442	      0.41140078	     -0.55431190	      0.45750342	      0.27721650	     -0.59673710	      0.40278361	      0.40705525	     -0.53858521	      0.37945308	      0.35311569	     -0.73878637	      0.06877674	      0.36643093	     -0.72359109	      0.08635517	      0.28033946	     -0.80180054	      0.05831926	      0.30947951	     -0.61835992	      0.03012754	      0.28571447	     -0.60830314	      0.03806219	      0.33934664	     -0.65266039	      0.02063946	      0.38653976	     -0.54580879	      1.45414758	      0.27360085	     -0.61535397	      1.19395047	      0.29482686	     -0.27228411	      1.17529834	      0.26643666	     -0.34262198	      1.35232683	      0.26201271	     -0.58286122	      1.04025129	      0.03923034	     -0.56694023	      1.03226625	      0.11328825	     -0.60252939	      1.02484885	      0.08958377	     -0.52195082	      0.79104105	      0.05855942	     -0.59454541	      0.78553095	      0.06573476	     -0.46257351	      1.04741643	      0.57265675	     -0.47341679	      1.03135571	      0.49564351	     -0.48359004	      1.00963167	      0.54311831	     -0.29371898	      0.84819218	      0.53012606	     -0.35416659	      0.80691422	      0.55310000
      0.69000000	     -0.34362727	      0.93958139	      0.18118983	     -0.54527075	      0.95767790	      0.24946699	     -0.54943804	      0.96057734	      0.33415412	     -0.35552384	      0.94785859	      0.42295090	     -0.41613274	      0.84052308	      0.13158348	     -0.24662787	      0.44873857	      0.17907158	     -0.26044383	      0.44732280	      0.30436433	     -0.26041840	      0.40920270	      0.17420190	     -0.21114386	      0.40747345	      0.23630634	     -0.21020709	      0.05008962	      0.19678314	     -0.21108783	      0.06646230	      0.28049473	     -0.26947539	      0.02352068	      0.24756819	     -0.08730240	      0.04313188	      0.27900541	     -0.08174004	      0.05831514	      0.22499461	     -0.11612706	      0.03383088	      0.17556149	     -0.45762963	      0.84695625	      0.47328162	     -0.54261998	      0.44700130	      0.41155649	     -0.54343452	      0.45603443	      0.27727612	     -0.58868001	      0.40332411	      0.40697343	     -0.53041871	      0.37821830	      0.35395691	     -0.73799948	      0.07241497	      0.36707665	     -0.72131705	      0.08895536	      0.28105485	     -0.80060347	      0.06322222	      0.31002872	     -0.61811332	      0.03078906	      0.28562753	     -0.60789826	      0.03794260	      0.33933960	     -0.65253948	      0.02077848	      0.38635941	     -0.53655986	      1.45344117	      0.27262422	     -0.60514535	      1.19302015	      0.29422365	     -0.26196181	      1.17562589	      0.26641475	     -0.33296764	      1.35237592	      0.26154929	     -0.57110417	      1.03870549	      0.03781495	     -0.55532876	      1.03070392	      0.11190222	     -0.59079922	      1.02303340	      0.08809272	     -0.50820627	      0.78996043	      0.05683740	     -0.58077092	      0.78383562	      0.06381456	     -0.45463456	      1.04771288	      0.57096630	     -0.46523016	      1.03188280	      0.49387088	     -0.47579292	      1.01018863	      0.54126458	     -0.28725635	      0.84714512	      0.52888308	     -0.34815801	      0.80635420	      0.55152541
      0.70000000	     -0.33282520	      0.94083935	      0.18033737	     -0.53447058	      0.95766217	      0.24893388	     -0.53857191	      0.95986485	      0.33364522	     -0.34453350	      0.94712746	      0.42216754	     -0.40510548	      0.84084521	      0.13042724	     -0.23669565	      0.44872465	      0.17902477	     -0.25061338	      0.44765849	      0.30430971	     -0.25126046	      0.40952857	      0.17417079	     -0.20207210	      0.40674976	      0.23630544	     -0.20890084	      0.04941522	      0.19691559	     -0.20947412	      0.06583539	      0.28062055	     -0.26885842	      0.02439117	      0.24764606	     -0.08631041	      0.03915856	      0.27930143	     -0.08031470	      0.05426257	      0.22531479	     -0.11524426	      0.03069618	      0.17581600	     -0.44738259	      0.84691535	      0.47204889	     -0.53253437	      0.44678706	      0.41168469	     -0.53218302	      0.45511891	      0.27735697	     -0.57949131	      0.40416551	      0.40699463	     -0.52146850	      0.37740244	      0.35453012	     -0.73633980	      0.07668079	      0.36773618	     -0.71866042	      0.09236089	      0.28175239	     -0.79889189	      0.06944113	      0.31068348	     -0.61788133	      0.03063966	      0.28571152	     -0.60740233	      0.03727784	      0.33943891	     -0.65247056	      0.02122942	      0.38644541	     -0.52707597	      1.45311474	      0.27163330	     -0.59497034	      1.19253661	      0.29351958	     -0.25172005	      1.17603849	      0.26598987	     -0.32320183	      1.35258855	      0.26084183	     -0.55907446	      1.03737483	      0.03643590	     -0.54322708	      1.02932168	      0.11050222	     -0.57864232	      1.02141814	      0.08668283	     -0.49416734	      0.78909834	      0.05485528	     -0.56667819	      0.78236801	      0.06183390	     -0.44660168	      1.04823838	      0.56938984	     -0.45719397	      1.03263143	      0.49224849	     -0.46804941	      1.01100755	      0.53959787	     -0.28120180	      0.84602196	      0.52734025	     -0.34256185	      0.80584318	      0.54983900
      0.71000000	     -0.32186939	      0.94290406	      0.17916650	     -0.52347714	      0.95786830	      0.24830212	     -0.52743876	      0.95906105	      0.33304035	     -0.33317885	      0.94630907	      0.42107342	     -0.39362591	      0.84168889	      0.12881047	     -0.22744921	      0.44879309	      0.17881365	     -0.24180798	      0.44806379	      0.30405123	     -0.24271436	      0.40991747	      0.17393354	     -0.19380113	      0.40618678	      0.23623531	     -0.20762742	      0.04904121	      0.19696649	     -0.20815522	      0.06550890	      0.28066242	     -0.26829054	      0.02535670	      0.24759723	     -0.08543242	      0.03593569	      0.27938316	     -0.07904503	      0.05102873	      0.22543839	     -0.11450123	      0.02843286	      0.17586154	     -0.43734566	      0.84723913	      0.47031383	     -0.52177834	      0.44659352	      0.41242146	     -0.51936133	      0.45365858	      0.27804244	     -0.56962207	      0.40509500	      0.40745626	     -0.51157427	      0.37639396	      0.35605455	     -0.73413100	      0.08130089	      0.36894517	     -0.71487540	      0.09572798	      0.28308063	     -0.79622728	      0.07609552	      0.31188270	     -0.61825176	      0.03021410	      0.28502029	     -0.60760483	      0.03765377	      0.33860948	     -0.65231939	      0.02180656	      0.38602026	     -0.51775276	      1.45288910	      0.27030005	     -0.58478040	      1.19210871	      0.29244731	     -0.24140108	      1.17678395	      0.26586493	     -0.31349491	      1.35306993	      0.26022543	     -0.54689228	      1.03628060	      0.03520298	     -0.53085239	      1.02815503	      0.10921993	     -0.56624454	      1.01998462	      0.08544669	     -0.47966877	      0.78855454	      0.05279309	     -0.55210008	      0.78112817	      0.05989078	     -0.43847782	      1.04898596	      0.56796361	     -0.44918279	      1.03358258	      0.49079690	     -0.46027601	      1.01207454	      0.53812935	     -0.27533705	      0.84495780	      0.52579622	     -0.33715690	      0.80547515	      0.54826869
      0.72000000	     -0.31109173	      0.94436863	      0.17828652	     -0.51273634	      0.95827323	      0.24753581	     -0.51669226	      0.95890495	      0.33228034	     -0.32238492	      0.94617202	      0.42021144	     -0.38252564	      0.84243294	      0.12762835	     -0.21848950	      0.44877781	      0.17871558	     -0.23328413	      0.44828482	      0.30390357	     -0.23443667	      0.41023545	      0.17377449	     -0.18581761	      0.40552112	      0.23623963	     -0.20652766	      0.04873079	      0.19676916	     -0.20701530	      0.06517488	      0.28046997	     -0.26777151	      0.02610051	      0.24723125	     -0.08486426	      0.03345701	      0.27946900	     -0.07810399	      0.04854612	      0.22556859	     -0.11380355	      0.02662213	      0.17586488	     -0.42674389	      0.84756956	      0.46908762	     -0.50948230	      0.44636622	      0.41262931	     -0.50641404	      0.45281950	      0.27823281	     -0.55826118	      0.40609210	      0.40765926	     -0.50081428	      0.37565977	      0.35657933	     -0.73113346	      0.08660153	      0.36984566	     -0.71120611	      0.10016646	      0.28399386	     -0.79327454	      0.08414563	      0.31288660	     -0.61786117	      0.02977802	      0.28532141	     -0.60676466	      0.03646204	      0.33891897	     -0.65206977	      0.02249865	      0.38636134	     -0.50834106	      1.45302706	      0.26950031	     -0.57466928	      1.19208047	      0.29179513	     -0.23125654	      1.17765615	      0.26514063	     -0.30382061	      1.35374676	      0.25942869	     -0.53442911	      1.03527544	      0.03381913	     -0.51827249	      1.02712976	      0.10780848	     -0.55359716	      1.01866509	      0.08403561	     -0.46475311	      0.78818244	      0.05077924	     -0.53710321	      0.78002222	      0.05789931	     -0.43043291	      1.04988346	      0.56652529	     -0.44118321	      1.03467951	      0.48932533	     -0.45256925	      1.01328913	      0.53662992	     -0.26958609	      0.84402500	      0.52440927	     -0.33188910	      0.80525671	      0.54679096
      0.73000000	     -0.29982646	      0.94674687	      0.17731413	     -0.50147479	      0.95956360	      0.24676218	     -0.50543515	      0.95886757	      0.33150600	     -0.31113232	      0.94475988	      0.41923702	     -0.37175854	      0.84371860	      0.12578746	     -0.21118736	      0.44876958	      0.17788631	     -0.22580642	      0.44880289	      0.30309590	     -0.22772065	      0.41048427	      0.17306194	     -0.17909183	      0.40514617	      0.23546926	     -0.20550614	      0.04863753	      0.19686825	     -0.20561198	      0.06528241	      0.28053071	     -0.26705734	      0.02718386	      0.24745920	     -0.08397675	      0.03142282	      0.27943374	     -0.07701196	      0.04623385	      0.22548227	     -0.11317985	      0.02483700	      0.17588753	     -0.41753819	      0.84814857	      0.46698351	     -0.49636054	      0.44566649	      0.41413918	     -0.49026721	      0.45032611	      0.27977164	     -0.54613612	      0.40687500	      0.40861372	     -0.48864463	      0.37397525	      0.35913880	     -0.72841755	      0.09264320	      0.37092056	     -0.70626582	      0.10448043	      0.28535878	     -0.78950319	      0.09262572	      0.31377414	     -0.61727245	      0.03065222	      0.28497647	     -0.60618079	      0.03609118	      0.33871566	     -0.65202251	      0.02257599	      0.38577078	     -0.49899143	      1.45331503	      0.26835442	     -0.56426350	      1.19212714	      0.29093874	     -0.22074487	      1.17910502	      0.26493477	     -0.29403752	      1.35487983	      0.25881298	     -0.52189575	      1.03463370	      0.03256532	     -0.50557535	      1.02644072	      0.10651349	     -0.54084735	      1.01766656	      0.08276556	     -0.44962454	      0.78822827	      0.04873663	     -0.52187468	      0.77928547	      0.05593149	     -0.42246391	      1.05132941	      0.56512635	     -0.43329013	      1.03633276	      0.48789646	     -0.44495781	      1.01507702	      0.53517896	     -0.26406941	      0.84357304	      0.52300115	     -0.32686137	      0.80556622	      0.54532239
      0.74000000	     -0.28886110	      0.94897200	      0.17631134	     -0.49056343	      0.96067427	      0.24579929	     -0.49456724	      0.95895459	      0.33052648	     -0.30029099	      0.94406274	      0.41818674	     -0.36076033	      0.84505758	      0.12408670	     -0.20404475	      0.44872349	      0.17739370	     -0.21911329	      0.44909560	      0.30254943	     -0.22112037	      0.41070170	      0.17254543	     -0.17280476	      0.40467467	      0.23513304	     -0.20455086	      0.04857846	      0.19674248	     -0.20470298	      0.06529942	      0.28038970	     -0.26652824	      0.02787285	      0.24727022	     -0.08336069	      0.03008778	      0.27926741	     -0.07620064	      0.04487368	      0.22533460	     -0.11263360	      0.02400142	      0.17571034	     -0.40804294	      0.84894294	      0.46505337	     -0.48206567	      0.44508832	      0.41586607	     -0.47360854	      0.44814453	      0.28158050	     -0.53278068	      0.40779802	      0.40989924	     -0.47556071	      0.37257125	      0.36172889	     -0.72436292	      0.09914122	      0.37226755	     -0.70043437	      0.10937172	      0.28697746	     -0.78449550	      0.10198627	      0.31508772	     -0.61660780	      0.03139635	      0.28450983	     -0.60543556	      0.03615219	      0.33829710	     -0.65161827	      0.02334166	      0.38521571	     -0.48953177	      1.45373547	      0.26697285	     -0.55404873	      1.19237453	      0.28972432	     -0.21041828	      1.18039587	      0.26471520	     -0.28424392	      1.35593138	      0.25814745	     -0.50919166	      1.03409292	      0.03134215	     -0.49262954	      1.02585523	      0.10523158	     -0.52786711	      1.01675374	      0.08154458	     -0.43419107	      0.78844040	      0.04662582	     -0.50631987	      0.77867628	      0.05396896	     -0.41443290	      1.05269753	      0.56389013	     -0.42545314	      1.03787392	      0.48665428	     -0.43734238	      1.01679685	      0.53394543	     -0.25872495	      0.84293766	      0.52164411	     -0.32199013	      0.80575966	      0.54402486
      0.75000000	     -0.27818847	      0.95122506	      0.17511214	     -0.47990079	      0.96188129	      0.24473925	     -0.48389160	      0.95927293	      0.32944435	     -0.28958127	      0.94377884	      0.41692450	     -0.35016445	      0.84644158	      0.12234021	     -0.19782806	      0.44856263	      0.17682033	     -0.21322157	      0.44933807	      0.30193466	     -0.21539434	      0.41077375	      0.17198687	     -0.16733123	      0.40418858	      0.23471250	     -0.20382235	      0.04849725	      0.19678841	     -0.20396828	      0.06535118	      0.28040895	     -0.26610079	      0.02836803	      0.24736403	     -0.08263832	      0.02933646	      0.27894486	     -0.07538404	      0.04388783	      0.22496088	     -0.11223146	      0.02343507	      0.17546813	     -0.39853154	      0.85001207	      0.46307289	     -0.46662273	      0.44464070	      0.41796243	     -0.45589754	      0.44606273	      0.28381167	     -0.51816134	      0.40879823	      0.41153593	     -0.46126464	      0.37136475	      0.36466447	     -0.71840561	      0.10570804	      0.37375381	     -0.69279546	      0.11433506	      0.28877539	     -0.77736019	      0.11185892	      0.31627461	     -0.61652989	      0.03058174	      0.28404329	     -0.60533494	      0.03777534	      0.33755434	     -0.65109705	      0.02584302	      0.38511228	     -0.48010990	      1.45435884	      0.26546461	     -0.54397985	      1.19284572	      0.28829298	     -0.20023443	      1.18179196	      0.26446584	     -0.27452313	      1.35711456	      0.25744809	     -0.49645635	      1.03378740	      0.03020561	     -0.47958042	      1.02551447	      0.10402007	     -0.51478732	      1.01601917	      0.08042484	     -0.41825569	      0.78906173	      0.04446003	     -0.49022527	      0.77833207	      0.05201493	     -0.40636743	      1.05416611	      0.56282020	     -0.41771273	      1.03949448	      0.48560240	     -0.42971617	      1.01859313	      0.53292766	     -0.25326404	      0.84256677	      0.52020383	     -0.31691714	      0.80616900	      0.54276640
      0.76000000	     -0.26732336	      0.95335035	      0.17427539	     -0.46921029	      0.96355533	      0.24346263	     -0.47344263	      0.95996061	      0.32811988	     -0.27940566	      0.94308832	      0.41595113	     -0.33991771	      0.84792199	      0.12061239	     -0.19233884	      0.44838067	      0.17601393	     -0.20784990	      0.44957882	      0.30111041	     -0.21035583	      0.41079910	      0.17123309	     -0.16244040	      0.40374979	      0.23402123	     -0.20320504	      0.04845632	      0.19672564	     -0.20323212	      0.06546852	      0.28031425	     -0.26565221	      0.02879024	      0.24736567	     -0.08217229	      0.02893597	      0.27880417	     -0.07489677	      0.04339635	      0.22479861	     -0.11187094	      0.02304932	      0.17535684	     -0.38922308	      0.85082133	      0.46111867	     -0.44989193	      0.44383208	      0.42017543	     -0.43722870	      0.44376532	      0.28618620	     -0.50230747	      0.40965661	      0.41331027	     -0.44606057	      0.36992352	      0.36756093	     -0.71219620	      0.11322625	      0.37503915	     -0.68510823	      0.12026730	      0.29037331	     -0.76985982	      0.12276023	      0.31745009	     -0.61458886	      0.03212627	      0.28417720	     -0.60338513	      0.03793545	      0.33785435	     -0.64999492	      0.02762511	      0.38496626	     -0.47058728	      1.45519560	      0.26425365	     -0.53386126	      1.19354059	      0.28711567	     -0.19003904	      1.18331949	      0.26403652	     -0.26474454	      1.35845367	      0.25674385	     -0.48351127	      1.03360347	      0.02897590	     -0.46645552	      1.02534240	      0.10275034	     -0.50157876	      1.01544659	      0.07918177	     -0.40216662	      0.78985419	      0.04248304	     -0.47398003	      0.77817283	      0.05011209	     -0.39839072	      1.05580261	      0.56178077	     -0.40997274	      1.04127812	      0.48457029	     -0.42215107	      1.02055845	      0.53191720	     -0.24790507	      0.84236142	      0.51900676	     -0.31196983	      0.80676115	      0.54167640
      0.77000000	     -0.25666829	      0.95544714	      0.17345072	     -0.45874401	      0.96539953	      0.24212170	     -0.46325592	      0.96078816	      0.32671521	     -0.26954869	      0.94228280	      0.41494451	     -0.32994474	      0.84946941	      0.11883398	     -0.18757912	      0.44817402	      0.17519145	     -0.20328652	      0.44979268	      0.30025869	     -0.20599280	      0.41077132	      0.17045543	     -0.15825969	      0.40334679	      0.23333911	     -0.20270323	      0.04842651	      0.19669854	     -0.20269125	      0.06560986	      0.28025213	     -0.26531910	      0.02913724	      0.24738460	     -0.08181133	      0.02872470	      0.27869780	     -0.07452314	      0.04311122	      0.22467423	     -0.11160086	      0.02284676	      0.17527611	     -0.38006953	      0.85155217	      0.45911435	     -0.43222682	      0.44296082	      0.42264471	     -0.41776678	      0.44144472	      0.28884603	     -0.48543755	      0.41046614	      0.41533108	     -0.42994875	      0.36851824	      0.37064551	     -0.70465545	      0.12096679	      0.37631108	     -0.67620611	      0.12644695	      0.29197697	     -0.76080825	      0.13391132	      0.31854220	     -0.61185114	      0.03398118	      0.28449413	     -0.60076184	      0.03871807	      0.33830023	     -0.64815967	      0.03026362	      0.38499366	     -0.46116550	      1.45610876	      0.26281675	     -0.52391829	      1.19432757	      0.28567085	     -0.17999168	      1.18488157	      0.26385116	     -0.25507410	      1.35983645	      0.25613796	     -0.47053619	      1.03354240	      0.02777505	     -0.45329870	      1.02529301	      0.10150855	     -0.48832637	      1.01496012	      0.07796669	     -0.38580011	      0.79089678	      0.04047688	     -0.45742983	      0.77818225	      0.04818047	     -0.39048553	      1.05746061	      0.56083790	     -0.40231293	      1.04306021	      0.48364137	     -0.41463615	      1.02252971	      0.53101889	     -0.24251336	      0.84229444	      0.51792228	     -0.30695105	      0.80746205	      0.54072742
      0.78000000	     -0.24641276	      0.95746874	      0.17248677	     -0.44861689	      0.96701075	      0.24083725	     -0.45330641	      0.96161811	      0.32537488	     -0.25980020	      0.94207408	      0.41382105	     -0.32029514	      0.85094063	      0.11717629	     -0.18345172	      0.44783949	      0.17432060	     -0.19928315	      0.44986504	      0.29936627	     -0.20222635	      0.41059431	      0.16963896	     -0.15463485	      0.40285637	      0.23259215	     -0.20234342	      0.04829004	      0.19663695	     -0.20226469	      0.06564661	      0.28015470	     -0.26504852	      0.02922585	      0.24740895	     -0.08150577	      0.02876725	      0.27849675	     -0.07427939	      0.04309092	      0.22444817	     -0.11142454	      0.02278338	      0.17511845	     -0.37067549	      0.85243606	      0.45730312	     -0.41383614	      0.44243289	      0.42518035	     -0.39790969	      0.43965176	      0.29156863	     -0.46773737	      0.41155553	      0.41746418	     -0.41310362	      0.36760144	      0.37366208	     -0.69557933	      0.12891773	      0.37755380	     -0.66601234	      0.13298450	      0.29352468	     -0.75004042	      0.14541717	      0.31955740	     -0.60814108	      0.03600027	      0.28521030	     -0.59722165	      0.03956912	      0.33914115	     -0.64542203	      0.03358651	      0.38539308	     -0.45142542	      1.45714315	      0.26161010	     -0.51401775	      1.19531508	      0.28436691	     -0.17002628	      1.18615414	      0.26346765	     -0.24523565	      1.36104340	      0.25550715	     -0.45746685	      1.03351063	      0.02653696	     -0.44015061	      1.02530833	      0.10025726	     -0.47502807	      1.01448276	      0.07669190	     -0.36902558	      0.79214558	      0.03859788	     -0.44044774	      0.77829566	      0.04627099	     -0.38279079	      1.05906862	      0.55998208	     -0.39487419	      1.04479948	      0.48280083	     -0.40730809	      1.02441052	      0.53020223	     -0.23705016	      0.84243398	      0.51681179	     -0.30179541	      0.80826134	      0.53974359
      0.79000000	     -0.23625585	      0.95943805	      0.17163902	     -0.43866465	      0.96878859	      0.23940771	     -0.44365405	      0.96251612	      0.32386744	     -0.25049937	      0.94153170	      0.41275091	     -0.31079147	      0.85246231	      0.11544228	     -0.17979962	      0.44754642	      0.17346281	     -0.19591556	      0.44996403	      0.29846517	     -0.19889707	      0.41044096	      0.16880931	     -0.15152363	      0.40243944	      0.23189389	     -0.20208900	      0.04820722	      0.19655492	     -0.20206776	      0.06573661	      0.28003660	     -0.26493153	      0.02931686	      0.24732850	     -0.08138961	      0.02896285	      0.27843485	     -0.07416190	      0.04321920	      0.22436865	     -0.11129650	      0.02283803	      0.17506136	     -0.36149193	      0.85308104	      0.45542346	     -0.39463510	      0.44181910	      0.42781071	     -0.37744024	      0.43785439	      0.29438622	     -0.44914835	      0.41254619	      0.41971866	     -0.39545814	      0.36669741	      0.37669908	     -0.68521577	      0.13688537	      0.37882612	     -0.65468135	      0.13960041	      0.29508893	     -0.73790398	      0.15658617	      0.32059858	     -0.60303669	      0.03881161	      0.28610765	     -0.59237048	      0.04136838	      0.34014655	     -0.64120689	      0.03780631	      0.38597913	     -0.44176766	      1.45819370	      0.26022671	     -0.50427577	      1.19633249	      0.28283329	     -0.16019724	      1.18739391	      0.26331660	     -0.23549092	      1.36222971	      0.25498732	     -0.44435506	      1.03354105	      0.02521855	     -0.42704761	      1.02539049	      0.09894664	     -0.46173731	      1.01405784	      0.07531764	     -0.35214539	      0.79355072	      0.03674663	     -0.42334428	      0.77853751	      0.04430593	     -0.37512485	      1.06063478	      0.55930376	     -0.38742295	      1.04644423	      0.48214194	     -0.39996718	      1.02621994	      0.52957560	     -0.23145924	      0.84263029	      0.51606845	     -0.29648954	      0.80908958	      0.53912633
      0.80000000	     -0.22603354	      0.96106230	      0.17110704	     -0.42870929	      0.97108065	      0.23797647	     -0.43417473	      0.96378799	      0.32232474	     -0.24163603	      0.94024353	      0.41190072	     -0.30184252	      0.85395306	      0.11374773	     -0.17689074	      0.44723387	      0.17247316	     -0.19300598	      0.45009561	      0.29746623	     -0.19627247	      0.41023506	      0.16791217	     -0.14896199	      0.40208438	      0.23102490	     -0.20190569	      0.04810683	      0.19662980	     -0.20177711	      0.06585984	      0.28006412	     -0.26479183	      0.02949115	      0.24754008	     -0.08115372	      0.02895486	      0.27827618	     -0.07399880	      0.04307749	      0.22416523	     -0.11128469	      0.02268625	      0.17497641	     -0.35272428	      0.85337064	      0.45356218	     -0.37488783	      0.44109231	      0.43048258	     -0.35656210	      0.43605700	      0.29724485	     -0.42993090	      0.41339862	      0.42201915	     -0.37723547	      0.36578407	      0.37969328	     -0.67375686	      0.14475786	      0.37994821	     -0.64236651	      0.14620774	      0.29649653	     -0.72473248	      0.16707116	      0.32135715	     -0.59621908	      0.04237231	      0.28741973	     -0.58585428	      0.04438372	      0.34154027	     -0.63515354	      0.04315531	      0.38699774	     -0.43252292	      1.45925868	      0.25859804	     -0.49470026	      1.19730971	      0.28109982	     -0.15049990	      1.18895839	      0.26357267	     -0.22605125	      1.36365318	      0.25463964	     -0.43125120	      1.03365901	      0.02400072	     -0.41393816	      1.02555876	      0.09773306	     -0.44842411	      1.01367827	      0.07404474	     -0.33498275	      0.79522400	      0.03492581	     -0.40591581	      0.77895289	      0.04238065	     -0.36731092	      1.06225795	      0.55860685	     -0.37983031	      1.04814698	      0.48146602	     -0.39247164	      1.02810988	      0.52893909	     -0.22580439	      0.84285625	      0.51531391	     -0.29111921	      0.80998098	      0.53852545
      0.81000000	     -0.21637784	      0.96207255	      0.17059136	     -0.41925999	      0.97347058	      0.23660851	     -0.42520132	      0.96539685	      0.32085339	     -0.23333888	      0.93902402	      0.41108989	     -0.29328914	      0.85524412	      0.11225787	     -0.17408657	      0.44691605	      0.17176465	     -0.19055713	      0.45012090	      0.29670307	     -0.19372416	      0.41002528	      0.16721165	     -0.14665629	      0.40169133	      0.23048164	     -0.20177509	      0.04799648	      0.19659905	     -0.20178195	      0.06590813	      0.27999955	     -0.26481656	      0.02951034	      0.24749899	     -0.08109033	      0.02911090	      0.27816068	     -0.07392713	      0.04315202	      0.22402961	     -0.11127502	      0.02277856	      0.17488048	     -0.34419278	      0.85353391	      0.45200572	     -0.35464821	      0.44059417	      0.43280241	     -0.33571902	      0.43481520	      0.29967928	     -0.41012960	      0.41435602	      0.42411137	     -0.35850255	      0.36525709	      0.38216645	     -0.66087970	      0.15231446	      0.38112859	     -0.62899468	      0.15275950	      0.29785323	     -0.71043140	      0.17683884	      0.32225884	     -0.58756695	      0.04639879	      0.28895998	     -0.57738706	      0.04793786	      0.34313109	     -0.62691373	      0.04897883	      0.38834539	     -0.42309022	      1.46044524	      0.25659315	     -0.48529823	      1.19849585	      0.27900509	     -0.14097115	      1.19030331	      0.26408612	     -0.21654450	      1.36494457	      0.25433042	     -0.41787853	      1.03372964	      0.02264024	     -0.40062544	      1.02567873	      0.09639203	     -0.43488072	      1.01325565	      0.07261563	     -0.31761483	      0.79690916	      0.03306306	     -0.38826783	      0.77939258	      0.04035304	     -0.35949254	      1.06388464	      0.55803018	     -0.37232307	      1.04982508	      0.48093109	     -0.38501113	      1.03001060	      0.52846886	     -0.22031350	      0.84301896	      0.51463621	     -0.28589462	      0.81085849	      0.53809695
      0.82000000	     -0.20694336	      0.96352715	      0.17001073	     -0.41003077	      0.97530351	      0.23532664	     -0.41634316	      0.96653701	      0.31947524	     -0.22496370	      0.93850092	      0.41023440	     -0.28466658	      0.85659894	      0.11084588	     -0.17163432	      0.44661221	      0.17098500	     -0.18838999	      0.45015915	      0.29587624	     -0.19151206	      0.40981556	      0.16645160	     -0.14464687	      0.40133681	      0.22985268	     -0.20171525	      0.04789791	      0.19653143	     -0.20182199	      0.06597452	      0.27989627	     -0.26489373	      0.02958142	      0.24739538	     -0.08113786	      0.02922353	      0.27816605	     -0.07391659	      0.04312375	      0.22400635	     -0.11127250	      0.02270298	      0.17488295	     -0.33537383	      0.85388415	      0.45052616	     -0.33434421	      0.44065719	      0.43504306	     -0.31474486	      0.43420674	      0.30204782	     -0.39014882	      0.41569898	      0.42608687	     -0.33943487	      0.36532920	      0.38453673	     -0.64671969	      0.15954513	      0.38197891	     -0.61432597	      0.15909828	      0.29890012	     -0.69485300	      0.18593568	      0.32261814	     -0.57714480	      0.05030902	      0.29096371	     -0.56720880	      0.05161927	      0.34518609	     -0.61688711	      0.05515645	      0.39010672	     -0.41357306	      1.46157362	      0.25513379	     -0.47602697	      1.19966069	      0.27728639	     -0.13161846	      1.19131777	      0.26447995	     -0.20705742	      1.36598589	      0.25418033	     -0.40451726	      1.03374117	      0.02114204	     -0.38761930	      1.02577778	      0.09498549	     -0.42151943	      1.01276320	      0.07098424	     -0.30001006	      0.79874763	      0.03155952	     -0.37036409	      0.77989658	      0.03839835	     -0.35216977	      1.06525120	      0.55743567	     -0.36502146	      1.05124152	      0.48033103	     -0.37786217	      1.03155545	      0.52787376	     -0.21442579	      0.84344386	      0.51426831	     -0.28023593	      0.81174488	      0.53771581
