[2025-06-02 15:22:19.643] [info] Loaded model SUBJ01_2d from file SUBJ01_scaledModelAdjusted_2d.osim
[2025-06-02 15:25:11.848] [info] Storage: read data file = SUBJ01_walk_ik_2d.mot (nr=106 nc=13)
[2025-06-02 15:25:11.849] [info] Storage: read data file = SUBJ01_walk_ik_2d.mot (nr=106 nc=13)
[2025-06-02 15:25:38.668] [info] Loaded model SUBJ01_2d from file SUBJ01_scaledModelAdjusted_2d.osim
[2025-06-02 15:25:45.435] [info] Storage: read data file = SUBJ01_walk_ik_2d.mot (nr=106 nc=13)
[2025-06-02 15:25:47.479] [info] Storage: read data file = SUBJ01_walk_ik_2d.mot (nr=106 nc=13)
[2025-06-02 15:26:46.986] [info] Loaded model SUBJ01_2d from file SUBJ01_scaledModelAdjusted_2d.osim
[2025-06-02 15:45:49.621] [info] Loaded model SUBJ01_2d from file SUBJ01_exp-tracking_2d.osim
[2025-06-02 15:45:50.053] [info] ExternalForce::grf1 Data source being set to walk_grf
[2025-06-02 15:45:50.053] [info] ExternalForce::grf2 Data source being set to walk_grf
[2025-06-02 15:45:50.053] [info] ExternalForce::grf4 Data source being set to walk_grf
[2025-06-02 15:45:50.072] [info] ExternalForce::grf1 Data source being set to walk_grf
[2025-06-02 15:45:50.072] [info] ExternalForce::grf2 Data source being set to walk_grf
[2025-06-02 15:45:50.072] [info] ExternalForce::grf4 Data source being set to walk_grf
[2025-06-02 15:45:50.090] [info] ExternalForce::grf1 Data source being set to walk_grf
[2025-06-02 15:45:50.090] [info] ExternalForce::grf2 Data source being set to walk_grf
[2025-06-02 15:45:50.090] [info] ExternalForce::grf4 Data source being set to walk_grf
[2025-06-02 15:45:50.104] [info] ExternalForce::grf1 Data source being set to walk_grf
[2025-06-02 15:45:50.104] [info] ExternalForce::grf2 Data source being set to walk_grf
[2025-06-02 15:45:50.104] [info] ExternalForce::grf4 Data source being set to walk_grf
[2025-06-02 15:45:50.120] [info] ExternalForce::grf1 Data source being set to walk_grf
[2025-06-02 15:45:50.120] [info] ExternalForce::grf2 Data source being set to walk_grf
[2025-06-02 15:45:50.120] [info] ExternalForce::grf4 Data source being set to walk_grf
[2025-06-02 15:45:50.135] [info] ExternalForce::grf1 Data source being set to walk_grf
[2025-06-02 15:45:50.135] [info] ExternalForce::grf2 Data source being set to walk_grf
[2025-06-02 15:45:50.135] [info] ExternalForce::grf4 Data source being set to walk_grf
[2025-06-02 15:45:50.195] [info] ExternalForce::grf1 Data source being set to walk_grf
[2025-06-02 15:45:50.195] [info] ExternalForce::grf2 Data source being set to walk_grf
[2025-06-02 15:45:50.195] [info] ExternalForce::grf4 Data source being set to walk_grf
[2025-06-02 15:45:50.235] [info] ExternalForce::grf1 Data source being set to walk_grf
[2025-06-02 15:45:50.235] [info] ExternalForce::grf2 Data source being set to walk_grf
[2025-06-02 15:45:50.235] [info] ExternalForce::grf4 Data source being set to walk_grf
[2025-06-02 15:45:50.254] [info] ExternalForce::grf1 Data source being set to walk_grf
[2025-06-02 15:45:50.254] [info] ExternalForce::grf2 Data source being set to walk_grf
[2025-06-02 15:45:50.254] [info] ExternalForce::grf4 Data source being set to walk_grf
[2025-06-02 15:45:50.270] [info] ExternalForce::grf1 Data source being set to walk_grf
[2025-06-02 15:45:50.270] [info] ExternalForce::grf2 Data source being set to walk_grf
[2025-06-02 15:45:50.270] [info] ExternalForce::grf4 Data source being set to walk_grf
[2025-06-02 15:45:50.294] [info] ExternalForce::grf1 Data source being set to walk_grf
[2025-06-02 15:45:50.294] [info] ExternalForce::grf2 Data source being set to walk_grf
[2025-06-02 15:45:50.294] [info] ExternalForce::grf4 Data source being set to walk_grf
[2025-06-02 15:45:50.321] [info] ExternalForce::grf1 Data source being set to walk_grf
[2025-06-02 15:45:50.321] [info] ExternalForce::grf2 Data source being set to walk_grf
[2025-06-02 15:45:50.321] [info] ExternalForce::grf4 Data source being set to walk_grf
[2025-06-02 15:45:50.341] [info] ExternalForce::grf1 Data source being set to walk_grf
[2025-06-02 15:45:50.341] [info] ExternalForce::grf2 Data source being set to walk_grf
[2025-06-02 15:45:50.341] [info] ExternalForce::grf4 Data source being set to walk_grf
[2025-06-02 15:45:50.356] [info] ExternalForce::grf1 Data source being set to walk_grf
[2025-06-02 15:45:50.356] [info] ExternalForce::grf2 Data source being set to walk_grf
[2025-06-02 15:45:50.356] [info] ExternalForce::grf4 Data source being set to walk_grf
[2025-06-02 15:45:50.378] [info] ExternalForce::grf1 Data source being set to walk_grf
[2025-06-02 15:45:50.378] [info] ExternalForce::grf2 Data source being set to walk_grf
[2025-06-02 15:45:50.378] [info] ExternalForce::grf4 Data source being set to walk_grf
[2025-06-02 15:45:50.405] [info] ExternalForce::grf1 Data source being set to walk_grf
[2025-06-02 15:45:50.405] [info] ExternalForce::grf2 Data source being set to walk_grf
[2025-06-02 15:45:50.405] [info] ExternalForce::grf4 Data source being set to walk_grf
[2025-06-02 15:45:50.424] [info] ExternalForce::grf1 Data source being set to walk_grf
[2025-06-02 15:45:50.424] [info] ExternalForce::grf2 Data source being set to walk_grf
[2025-06-02 15:45:50.424] [info] ExternalForce::grf4 Data source being set to walk_grf
[2025-06-02 15:45:50.439] [info] ExternalForce::grf1 Data source being set to walk_grf
[2025-06-02 15:45:50.439] [info] ExternalForce::grf2 Data source being set to walk_grf
[2025-06-02 15:45:50.439] [info] ExternalForce::grf4 Data source being set to walk_grf
[2025-06-02 15:45:50.460] [info] ExternalForce::grf1 Data source being set to walk_grf
[2025-06-02 15:45:50.460] [info] ExternalForce::grf2 Data source being set to walk_grf
[2025-06-02 15:45:50.460] [info] ExternalForce::grf4 Data source being set to walk_grf
[2025-06-02 15:45:50.486] [info] ExternalForce::grf1 Data source being set to walk_grf
[2025-06-02 15:45:50.486] [info] ExternalForce::grf2 Data source being set to walk_grf
[2025-06-02 15:45:50.486] [info] ExternalForce::grf4 Data source being set to walk_grf
[2025-06-02 15:45:50.505] [info] ExternalForce::grf1 Data source being set to walk_grf
[2025-06-02 15:45:50.505] [info] ExternalForce::grf2 Data source being set to walk_grf
[2025-06-02 15:45:50.505] [info] ExternalForce::grf4 Data source being set to walk_grf
[2025-06-02 15:45:50.521] [info] ExternalForce::grf1 Data source being set to walk_grf
[2025-06-02 15:45:50.521] [info] ExternalForce::grf2 Data source being set to walk_grf
[2025-06-02 15:45:50.521] [info] ExternalForce::grf4 Data source being set to walk_grf
[2025-06-02 15:45:50.543] [info] ExternalForce::grf1 Data source being set to walk_grf
[2025-06-02 15:45:50.543] [info] ExternalForce::grf2 Data source being set to walk_grf
[2025-06-02 15:45:50.543] [info] ExternalForce::grf4 Data source being set to walk_grf
[2025-06-02 15:45:50.568] [info] ExternalForce::grf1 Data source being set to walk_grf
[2025-06-02 15:45:50.568] [info] ExternalForce::grf2 Data source being set to walk_grf
[2025-06-02 15:45:50.568] [info] ExternalForce::grf4 Data source being set to walk_grf
[2025-06-02 15:45:50.588] [info] ExternalForce::grf1 Data source being set to walk_grf
[2025-06-02 15:45:50.588] [info] ExternalForce::grf2 Data source being set to walk_grf
[2025-06-02 15:45:50.588] [info] ExternalForce::grf4 Data source being set to walk_grf
[2025-06-02 15:45:50.605] [info] ExternalForce::grf1 Data source being set to walk_grf
[2025-06-02 15:45:50.605] [info] ExternalForce::grf2 Data source being set to walk_grf
[2025-06-02 15:45:50.605] [info] ExternalForce::grf4 Data source being set to walk_grf
[2025-06-02 15:45:50.633] [info] ExternalForce::grf1 Data source being set to walk_grf
[2025-06-02 15:45:50.634] [info] ExternalForce::grf2 Data source being set to walk_grf
[2025-06-02 15:45:50.634] [info] ExternalForce::grf4 Data source being set to walk_grf
[2025-06-02 15:45:50.664] [info] ExternalForce::grf1 Data source being set to walk_grf
[2025-06-02 15:45:50.664] [info] ExternalForce::grf2 Data source being set to walk_grf
[2025-06-02 15:45:50.664] [info] ExternalForce::grf4 Data source being set to walk_grf
[2025-06-02 15:45:50.686] [info] ExternalForce::grf1 Data source being set to walk_grf
[2025-06-02 15:45:50.686] [info] ExternalForce::grf2 Data source being set to walk_grf
[2025-06-02 15:45:50.686] [info] ExternalForce::grf4 Data source being set to walk_grf
[2025-06-02 15:45:50.701] [info] ExternalForce::grf1 Data source being set to walk_grf
[2025-06-02 15:45:50.701] [info] ExternalForce::grf2 Data source being set to walk_grf
[2025-06-02 15:45:50.701] [info] ExternalForce::grf4 Data source being set to walk_grf
[2025-06-02 15:45:50.725] [info] ExternalForce::grf1 Data source being set to walk_grf
[2025-06-02 15:45:50.725] [info] ExternalForce::grf2 Data source being set to walk_grf
[2025-06-02 15:45:50.725] [info] ExternalForce::grf4 Data source being set to walk_grf
[2025-06-02 15:45:50.751] [info] ExternalForce::grf1 Data source being set to walk_grf
[2025-06-02 15:45:50.751] [info] ExternalForce::grf2 Data source being set to walk_grf
[2025-06-02 15:45:50.751] [info] ExternalForce::grf4 Data source being set to walk_grf
[2025-06-02 15:45:50.771] [info] ExternalForce::grf1 Data source being set to walk_grf
[2025-06-02 15:45:50.772] [info] ExternalForce::grf2 Data source being set to walk_grf
[2025-06-02 15:45:50.772] [info] ExternalForce::grf4 Data source being set to walk_grf
[2025-06-02 15:45:50.795] [info] ExternalForce::grf1 Data source being set to walk_grf
[2025-06-02 15:45:50.795] [info] ExternalForce::grf2 Data source being set to walk_grf
[2025-06-02 15:45:50.795] [info] ExternalForce::grf4 Data source being set to walk_grf
[2025-06-02 15:45:50.820] [info] ExternalForce::grf1 Data source being set to walk_grf
[2025-06-02 15:45:50.820] [info] ExternalForce::grf2 Data source being set to walk_grf
[2025-06-02 15:45:50.820] [info] ExternalForce::grf4 Data source being set to walk_grf
[2025-06-02 15:45:50.852] [info] ExternalForce::grf1 Data source being set to walk_grf
[2025-06-02 15:45:50.852] [info] ExternalForce::grf2 Data source being set to walk_grf
[2025-06-02 15:45:50.852] [info] ExternalForce::grf4 Data source being set to walk_grf
[2025-06-02 15:45:50.873] [info] ExternalForce::grf1 Data source being set to walk_grf
[2025-06-02 15:45:50.873] [info] ExternalForce::grf2 Data source being set to walk_grf
[2025-06-02 15:45:50.873] [info] ExternalForce::grf4 Data source being set to walk_grf
[2025-06-02 15:45:50.888] [info] ExternalForce::grf1 Data source being set to walk_grf
[2025-06-02 15:45:50.888] [info] ExternalForce::grf2 Data source being set to walk_grf
[2025-06-02 15:45:50.888] [info] ExternalForce::grf4 Data source being set to walk_grf
[2025-06-02 15:45:50.913] [info] ExternalForce::grf1 Data source being set to walk_grf
[2025-06-02 15:45:50.913] [info] ExternalForce::grf2 Data source being set to walk_grf
[2025-06-02 15:45:50.913] [info] ExternalForce::grf4 Data source being set to walk_grf
[2025-06-02 15:45:50.940] [info] ExternalForce::grf1 Data source being set to walk_grf
[2025-06-02 15:45:50.941] [info] ExternalForce::grf2 Data source being set to walk_grf
[2025-06-02 15:45:50.941] [info] ExternalForce::grf4 Data source being set to walk_grf
[2025-06-02 15:45:50.961] [info] ExternalForce::grf1 Data source being set to walk_grf
[2025-06-02 15:45:50.961] [info] ExternalForce::grf2 Data source being set to walk_grf
[2025-06-02 15:45:50.961] [info] ExternalForce::grf4 Data source being set to walk_grf
[2025-06-02 15:45:50.977] [info] ExternalForce::grf1 Data source being set to walk_grf
[2025-06-02 15:45:50.977] [info] ExternalForce::grf2 Data source being set to walk_grf
[2025-06-02 15:45:50.977] [info] ExternalForce::grf4 Data source being set to walk_grf
[2025-06-02 15:45:51.003] [info] ExternalForce::grf1 Data source being set to walk_grf
[2025-06-02 15:45:51.003] [info] ExternalForce::grf2 Data source being set to walk_grf
[2025-06-02 15:45:51.003] [info] ExternalForce::grf4 Data source being set to walk_grf
[2025-06-02 15:45:51.031] [info] ExternalForce::grf1 Data source being set to walk_grf
[2025-06-02 15:45:51.031] [info] ExternalForce::grf2 Data source being set to walk_grf
[2025-06-02 15:45:51.031] [info] ExternalForce::grf4 Data source being set to walk_grf
[2025-06-02 15:45:51.052] [info] ExternalForce::grf1 Data source being set to walk_grf
[2025-06-02 15:45:51.052] [info] ExternalForce::grf2 Data source being set to walk_grf
[2025-06-02 15:45:51.052] [info] ExternalForce::grf4 Data source being set to walk_grf
[2025-06-02 15:45:51.068] [info] ExternalForce::grf1 Data source being set to walk_grf
[2025-06-02 15:45:51.068] [info] ExternalForce::grf2 Data source being set to walk_grf
[2025-06-02 15:45:51.068] [info] ExternalForce::grf4 Data source being set to walk_grf
[2025-06-02 15:45:51.092] [info] ExternalForce::grf1 Data source being set to walk_grf
[2025-06-02 15:45:51.092] [info] ExternalForce::grf2 Data source being set to walk_grf
[2025-06-02 15:45:51.092] [info] ExternalForce::grf4 Data source being set to walk_grf
[2025-06-02 15:45:56.213] [info] Loaded model SUBJ01_2d from file SUBJ01_exp-tracking_2d.osim
[2025-06-02 15:45:56.239] [info] ExternalForce::grf1 Data source being set to walk_grf
[2025-06-02 15:45:56.239] [info] ExternalForce::grf2 Data source being set to walk_grf
[2025-06-02 15:45:56.239] [info] ExternalForce::grf4 Data source being set to walk_grf
[2025-06-02 15:45:56.254] [info] ExternalForce::grf1 Data source being set to walk_grf
[2025-06-02 15:45:56.254] [info] ExternalForce::grf2 Data source being set to walk_grf
[2025-06-02 15:45:56.254] [info] ExternalForce::grf4 Data source being set to walk_grf
[2025-06-02 15:45:56.268] [info] ExternalForce::grf1 Data source being set to walk_grf
[2025-06-02 15:45:56.268] [info] ExternalForce::grf2 Data source being set to walk_grf
[2025-06-02 15:45:56.268] [info] ExternalForce::grf4 Data source being set to walk_grf
[2025-06-02 15:45:56.282] [info] ExternalForce::grf1 Data source being set to walk_grf
[2025-06-02 15:45:56.282] [info] ExternalForce::grf2 Data source being set to walk_grf
[2025-06-02 15:45:56.282] [info] ExternalForce::grf4 Data source being set to walk_grf
[2025-06-02 15:45:56.296] [info] ExternalForce::grf1 Data source being set to walk_grf
[2025-06-02 15:45:56.296] [info] ExternalForce::grf2 Data source being set to walk_grf
[2025-06-02 15:45:56.296] [info] ExternalForce::grf4 Data source being set to walk_grf
[2025-06-02 15:45:56.320] [info] ExternalForce::grf1 Data source being set to walk_grf
[2025-06-02 15:45:56.320] [info] ExternalForce::grf2 Data source being set to walk_grf
[2025-06-02 15:45:56.320] [info] ExternalForce::grf4 Data source being set to walk_grf
[2025-06-02 15:45:58.903] [info] ExternalForce::grf1 Data source being set to walk_grf
[2025-06-02 15:45:58.903] [info] ExternalForce::grf2 Data source being set to walk_grf
[2025-06-02 15:45:58.903] [info] ExternalForce::grf4 Data source being set to walk_grf
[2025-06-02 15:45:58.923] [info] ExternalForce::grf1 Data source being set to walk_grf
[2025-06-02 15:45:58.923] [info] ExternalForce::grf2 Data source being set to walk_grf
[2025-06-02 15:45:58.923] [info] ExternalForce::grf4 Data source being set to walk_grf
[2025-06-02 15:45:58.941] [info] ExternalForce::grf1 Data source being set to walk_grf
[2025-06-02 15:45:58.941] [info] ExternalForce::grf2 Data source being set to walk_grf
[2025-06-02 15:45:58.941] [info] ExternalForce::grf4 Data source being set to walk_grf
[2025-06-02 15:45:58.964] [info] ExternalForce::grf1 Data source being set to walk_grf
[2025-06-02 15:45:58.964] [info] ExternalForce::grf2 Data source being set to walk_grf
[2025-06-02 15:45:58.964] [info] ExternalForce::grf4 Data source being set to walk_grf
[2025-06-02 15:45:58.989] [info] ExternalForce::grf1 Data source being set to walk_grf
[2025-06-02 15:45:58.989] [info] ExternalForce::grf2 Data source being set to walk_grf
[2025-06-02 15:45:58.989] [info] ExternalForce::grf4 Data source being set to walk_grf
[2025-06-02 15:45:59.009] [info] ExternalForce::grf1 Data source being set to walk_grf
[2025-06-02 15:45:59.009] [info] ExternalForce::grf2 Data source being set to walk_grf
[2025-06-02 15:45:59.009] [info] ExternalForce::grf4 Data source being set to walk_grf
[2025-06-02 15:45:59.025] [info] ExternalForce::grf1 Data source being set to walk_grf
[2025-06-02 15:45:59.025] [info] ExternalForce::grf2 Data source being set to walk_grf
[2025-06-02 15:45:59.025] [info] ExternalForce::grf4 Data source being set to walk_grf
[2025-06-02 15:45:59.050] [info] ExternalForce::grf1 Data source being set to walk_grf
[2025-06-02 15:45:59.050] [info] ExternalForce::grf2 Data source being set to walk_grf
[2025-06-02 15:45:59.050] [info] ExternalForce::grf4 Data source being set to walk_grf
[2025-06-02 15:46:01.908] [info] ExternalForce::grf1 Data source being set to walk_grf
[2025-06-02 15:46:01.908] [info] ExternalForce::grf2 Data source being set to walk_grf
[2025-06-02 15:46:01.908] [info] ExternalForce::grf4 Data source being set to walk_grf
[2025-06-02 15:46:01.928] [info] ExternalForce::grf1 Data source being set to walk_grf
[2025-06-02 15:46:01.928] [info] ExternalForce::grf2 Data source being set to walk_grf
[2025-06-02 15:46:01.928] [info] ExternalForce::grf4 Data source being set to walk_grf
[2025-06-02 15:46:01.943] [info] ExternalForce::grf1 Data source being set to walk_grf
[2025-06-02 15:46:01.943] [info] ExternalForce::grf2 Data source being set to walk_grf
[2025-06-02 15:46:01.943] [info] ExternalForce::grf4 Data source being set to walk_grf
[2025-06-02 15:46:01.967] [info] ExternalForce::grf1 Data source being set to walk_grf
[2025-06-02 15:46:01.967] [info] ExternalForce::grf2 Data source being set to walk_grf
[2025-06-02 15:46:01.967] [info] ExternalForce::grf4 Data source being set to walk_grf
[2025-06-02 15:46:01.991] [info] ExternalForce::grf1 Data source being set to walk_grf
[2025-06-02 15:46:01.991] [info] ExternalForce::grf2 Data source being set to walk_grf
[2025-06-02 15:46:01.991] [info] ExternalForce::grf4 Data source being set to walk_grf
[2025-06-02 15:46:02.010] [info] ExternalForce::grf1 Data source being set to walk_grf
[2025-06-02 15:46:02.010] [info] ExternalForce::grf2 Data source being set to walk_grf
[2025-06-02 15:46:02.010] [info] ExternalForce::grf4 Data source being set to walk_grf
[2025-06-02 15:46:02.024] [info] ExternalForce::grf1 Data source being set to walk_grf
[2025-06-02 15:46:02.024] [info] ExternalForce::grf2 Data source being set to walk_grf
[2025-06-02 15:46:02.024] [info] ExternalForce::grf4 Data source being set to walk_grf
[2025-06-02 15:46:02.045] [info] ExternalForce::grf1 Data source being set to walk_grf
[2025-06-02 15:46:02.045] [info] ExternalForce::grf2 Data source being set to walk_grf
[2025-06-02 15:46:02.045] [info] ExternalForce::grf4 Data source being set to walk_grf
[2025-06-02 15:46:02.075] [info] ExternalForce::grf1 Data source being set to walk_grf
[2025-06-02 15:46:02.075] [info] ExternalForce::grf2 Data source being set to walk_grf
[2025-06-02 15:46:02.075] [info] ExternalForce::grf4 Data source being set to walk_grf
[2025-06-02 15:46:02.097] [info] ExternalForce::grf1 Data source being set to walk_grf
[2025-06-02 15:46:02.097] [info] ExternalForce::grf2 Data source being set to walk_grf
[2025-06-02 15:46:02.097] [info] ExternalForce::grf4 Data source being set to walk_grf
[2025-06-02 15:46:02.112] [info] ExternalForce::grf1 Data source being set to walk_grf
[2025-06-02 15:46:02.112] [info] ExternalForce::grf2 Data source being set to walk_grf
[2025-06-02 15:46:02.112] [info] ExternalForce::grf4 Data source being set to walk_grf
[2025-06-02 15:46:02.135] [info] ExternalForce::grf1 Data source being set to walk_grf
[2025-06-02 15:46:02.135] [info] ExternalForce::grf2 Data source being set to walk_grf
[2025-06-02 15:46:02.135] [info] ExternalForce::grf4 Data source being set to walk_grf
[2025-06-02 15:46:02.160] [info] ExternalForce::grf1 Data source being set to walk_grf
[2025-06-02 15:46:02.160] [info] ExternalForce::grf2 Data source being set to walk_grf
[2025-06-02 15:46:02.160] [info] ExternalForce::grf4 Data source being set to walk_grf
[2025-06-02 15:46:02.188] [info] ExternalForce::grf1 Data source being set to walk_grf
[2025-06-02 15:46:02.188] [info] ExternalForce::grf2 Data source being set to walk_grf
[2025-06-02 15:46:02.188] [info] ExternalForce::grf4 Data source being set to walk_grf
[2025-06-02 15:46:02.205] [info] ExternalForce::grf1 Data source being set to walk_grf
[2025-06-02 15:46:02.205] [info] ExternalForce::grf2 Data source being set to walk_grf
[2025-06-02 15:46:02.205] [info] ExternalForce::grf4 Data source being set to walk_grf
[2025-06-02 15:46:02.234] [info] ExternalForce::grf1 Data source being set to walk_grf
[2025-06-02 15:46:02.234] [info] ExternalForce::grf2 Data source being set to walk_grf
[2025-06-02 15:46:02.234] [info] ExternalForce::grf4 Data source being set to walk_grf
[2025-06-02 15:46:02.265] [info] ExternalForce::grf1 Data source being set to walk_grf
[2025-06-02 15:46:02.265] [info] ExternalForce::grf2 Data source being set to walk_grf
[2025-06-02 15:46:02.265] [info] ExternalForce::grf4 Data source being set to walk_grf
[2025-06-02 15:46:02.289] [info] ExternalForce::grf1 Data source being set to walk_grf
[2025-06-02 15:46:02.289] [info] ExternalForce::grf2 Data source being set to walk_grf
[2025-06-02 15:46:02.289] [info] ExternalForce::grf4 Data source being set to walk_grf
[2025-06-02 15:46:02.313] [info] ExternalForce::grf1 Data source being set to walk_grf
[2025-06-02 15:46:02.313] [info] ExternalForce::grf2 Data source being set to walk_grf
[2025-06-02 15:46:02.313] [info] ExternalForce::grf4 Data source being set to walk_grf
[2025-06-02 15:46:02.342] [info] ExternalForce::grf1 Data source being set to walk_grf
[2025-06-02 15:46:02.342] [info] ExternalForce::grf2 Data source being set to walk_grf
[2025-06-02 15:46:02.342] [info] ExternalForce::grf4 Data source being set to walk_grf
[2025-06-02 15:46:02.370] [info] ExternalForce::grf1 Data source being set to walk_grf
[2025-06-02 15:46:02.371] [info] ExternalForce::grf2 Data source being set to walk_grf
[2025-06-02 15:46:02.371] [info] ExternalForce::grf4 Data source being set to walk_grf
[2025-06-02 15:46:02.393] [info] ExternalForce::grf1 Data source being set to walk_grf
[2025-06-02 15:46:02.393] [info] ExternalForce::grf2 Data source being set to walk_grf
[2025-06-02 15:46:02.393] [info] ExternalForce::grf4 Data source being set to walk_grf
[2025-06-02 15:46:02.409] [info] ExternalForce::grf1 Data source being set to walk_grf
[2025-06-02 15:46:02.409] [info] ExternalForce::grf2 Data source being set to walk_grf
[2025-06-02 15:46:02.409] [info] ExternalForce::grf4 Data source being set to walk_grf
[2025-06-02 15:46:02.435] [info] ExternalForce::grf1 Data source being set to walk_grf
[2025-06-02 15:46:02.435] [info] ExternalForce::grf2 Data source being set to walk_grf
[2025-06-02 15:46:02.435] [info] ExternalForce::grf4 Data source being set to walk_grf
[2025-06-02 15:46:02.461] [info] ExternalForce::grf1 Data source being set to walk_grf
[2025-06-02 15:46:02.461] [info] ExternalForce::grf2 Data source being set to walk_grf
[2025-06-02 15:46:02.461] [info] ExternalForce::grf4 Data source being set to walk_grf
[2025-06-02 15:46:02.482] [info] ExternalForce::grf1 Data source being set to walk_grf
[2025-06-02 15:46:02.482] [info] ExternalForce::grf2 Data source being set to walk_grf
[2025-06-02 15:46:02.482] [info] ExternalForce::grf4 Data source being set to walk_grf
[2025-06-02 15:46:02.499] [info] ExternalForce::grf1 Data source being set to walk_grf
[2025-06-02 15:46:02.500] [info] ExternalForce::grf2 Data source being set to walk_grf
[2025-06-02 15:46:02.500] [info] ExternalForce::grf4 Data source being set to walk_grf
[2025-06-02 15:46:02.526] [info] ExternalForce::grf1 Data source being set to walk_grf
[2025-06-02 15:46:02.526] [info] ExternalForce::grf2 Data source being set to walk_grf
[2025-06-02 15:46:02.526] [info] ExternalForce::grf4 Data source being set to walk_grf
[2025-06-02 15:46:02.552] [info] ExternalForce::grf1 Data source being set to walk_grf
[2025-06-02 15:46:02.552] [info] ExternalForce::grf2 Data source being set to walk_grf
[2025-06-02 15:46:02.552] [info] ExternalForce::grf4 Data source being set to walk_grf
[2025-06-02 15:46:02.577] [info] ExternalForce::grf1 Data source being set to walk_grf
[2025-06-02 15:46:02.577] [info] ExternalForce::grf2 Data source being set to walk_grf
[2025-06-02 15:46:02.577] [info] ExternalForce::grf4 Data source being set to walk_grf
[2025-06-02 15:46:02.596] [info] ExternalForce::grf1 Data source being set to walk_grf
[2025-06-02 15:46:02.596] [info] ExternalForce::grf2 Data source being set to walk_grf
[2025-06-02 15:46:02.596] [info] ExternalForce::grf4 Data source being set to walk_grf
[2025-06-02 15:46:02.622] [info] ExternalForce::grf1 Data source being set to walk_grf
[2025-06-02 15:46:02.622] [info] ExternalForce::grf2 Data source being set to walk_grf
[2025-06-02 15:46:02.622] [info] ExternalForce::grf4 Data source being set to walk_grf
[2025-06-02 15:46:04.579] [info] ExternalForce::grf1 Data source being set to walk_grf
[2025-06-02 15:46:04.579] [info] ExternalForce::grf2 Data source being set to walk_grf
[2025-06-02 15:46:04.579] [info] ExternalForce::grf4 Data source being set to walk_grf
[2025-06-02 15:46:04.598] [info] ExternalForce::grf1 Data source being set to walk_grf
[2025-06-02 15:46:04.598] [info] ExternalForce::grf2 Data source being set to walk_grf
[2025-06-02 15:46:04.598] [info] ExternalForce::grf4 Data source being set to walk_grf
[2025-06-02 15:46:04.614] [info] ExternalForce::grf1 Data source being set to walk_grf
[2025-06-02 15:46:04.614] [info] ExternalForce::grf2 Data source being set to walk_grf
[2025-06-02 15:46:04.614] [info] ExternalForce::grf4 Data source being set to walk_grf
[2025-06-02 15:46:04.639] [info] ExternalForce::grf1 Data source being set to walk_grf
[2025-06-02 15:46:04.639] [info] ExternalForce::grf2 Data source being set to walk_grf
[2025-06-02 15:46:04.639] [info] ExternalForce::grf4 Data source being set to walk_grf
[2025-06-02 15:46:04.666] [info] ExternalForce::grf1 Data source being set to walk_grf
[2025-06-02 15:46:04.666] [info] ExternalForce::grf2 Data source being set to walk_grf
[2025-06-02 15:46:04.666] [info] ExternalForce::grf4 Data source being set to walk_grf
[2025-06-02 15:46:04.685] [info] ExternalForce::grf1 Data source being set to walk_grf
[2025-06-02 15:46:04.685] [info] ExternalForce::grf2 Data source being set to walk_grf
[2025-06-02 15:46:04.685] [info] ExternalForce::grf4 Data source being set to walk_grf
[2025-06-02 15:46:04.700] [info] ExternalForce::grf1 Data source being set to walk_grf
[2025-06-02 15:46:04.701] [info] ExternalForce::grf2 Data source being set to walk_grf
[2025-06-02 15:46:04.701] [info] ExternalForce::grf4 Data source being set to walk_grf
[2025-06-02 15:46:04.724] [info] ExternalForce::grf1 Data source being set to walk_grf
[2025-06-02 15:46:04.724] [info] ExternalForce::grf2 Data source being set to walk_grf
[2025-06-02 15:46:04.724] [info] ExternalForce::grf4 Data source being set to walk_grf
[2025-06-02 15:46:08.294] [info] ExternalForce::grf1 Data source being set to walk_grf
[2025-06-02 15:46:08.294] [info] ExternalForce::grf2 Data source being set to walk_grf
[2025-06-02 15:46:08.294] [info] ExternalForce::grf4 Data source being set to walk_grf
[2025-06-02 15:46:08.320] [info] ExternalForce::grf1 Data source being set to walk_grf
[2025-06-02 15:46:08.320] [info] ExternalForce::grf2 Data source being set to walk_grf
[2025-06-02 15:46:08.320] [info] ExternalForce::grf4 Data source being set to walk_grf
[2025-06-02 15:46:08.348] [info] ExternalForce::grf1 Data source being set to walk_grf
[2025-06-02 15:46:08.348] [info] ExternalForce::grf2 Data source being set to walk_grf
[2025-06-02 15:46:08.348] [info] ExternalForce::grf4 Data source being set to walk_grf
[2025-06-02 15:46:08.377] [info] ExternalForce::grf1 Data source being set to walk_grf
[2025-06-02 15:46:08.377] [info] ExternalForce::grf2 Data source being set to walk_grf
[2025-06-02 15:46:08.377] [info] ExternalForce::grf4 Data source being set to walk_grf
[2025-06-02 15:46:08.407] [info] ExternalForce::grf1 Data source being set to walk_grf
[2025-06-02 15:46:08.407] [info] ExternalForce::grf2 Data source being set to walk_grf
[2025-06-02 15:46:08.407] [info] ExternalForce::grf4 Data source being set to walk_grf
[2025-06-02 15:46:08.428] [info] ExternalForce::grf1 Data source being set to walk_grf
[2025-06-02 15:46:08.428] [info] ExternalForce::grf2 Data source being set to walk_grf
[2025-06-02 15:46:08.428] [info] ExternalForce::grf4 Data source being set to walk_grf
[2025-06-02 15:46:08.444] [info] ExternalForce::grf1 Data source being set to walk_grf
[2025-06-02 15:46:08.444] [info] ExternalForce::grf2 Data source being set to walk_grf
[2025-06-02 15:46:08.444] [info] ExternalForce::grf4 Data source being set to walk_grf
[2025-06-02 15:46:08.472] [info] ExternalForce::grf1 Data source being set to walk_grf
[2025-06-02 15:46:08.473] [info] ExternalForce::grf2 Data source being set to walk_grf
[2025-06-02 15:46:08.473] [info] ExternalForce::grf4 Data source being set to walk_grf
[2025-06-02 15:46:08.482] [info] ========================================================================
[2025-06-02 15:46:08.482] [info] MocoCasADiSolver starting.
[2025-06-02 15:46:08.482] [info] Mon Jun  2 15:46:08 2025
[2025-06-02 15:46:08.482] [info] ------------------------------------------------------------------------
[2025-06-02 15:46:08.482] [cout] [info] Costs: (total: 3)
[2025-06-02 15:46:08.482] [cout] [info]   state_tracking. MocoStateTrackingGoal, enabled: true, mode: cost, weight: 1.0
[2025-06-02 15:46:08.482] [cout] [info]         state: /jointset/hip_l/hip_flexion_l/value, weight: 1.0
[2025-06-02 15:46:08.482] [cout] [info]         state: /jointset/knee_l/knee_angle_l/value, weight: 1.0
[2025-06-02 15:46:08.482] [cout] [info]         state: /jointset/ankle_l/ankle_angle_l/value, weight: 1.0
[2025-06-02 15:46:08.482] [cout] [info]         state: /jointset/hip_r/hip_flexion_r/value, weight: 1.0
[2025-06-02 15:46:08.482] [cout] [info]         state: /jointset/knee_r/knee_angle_r/value, weight: 1.0
[2025-06-02 15:46:08.482] [cout] [info]         state: /jointset/ankle_r/ankle_angle_r/value, weight: 1.0
[2025-06-02 15:46:08.482] [cout] [info]         state: /jointset/back/lumbar_ext/value, weight: 1.0
[2025-06-02 15:46:08.482] [cout] [info]   marker_tracking. MocoMarkerTrackingGoal, enabled: true, mode: cost, weight: 10.0
[2025-06-02 15:46:08.482] [cout] [info]         allow unused references: 
[2025-06-02 15:46:08.482] [cout] [info]         tracked marker(s):
[2025-06-02 15:46:08.482] [cout] [info]             C7, weight: 1.0
[2025-06-02 15:46:08.482] [cout] [info]             T10, weight: 1.0
[2025-06-02 15:46:08.482] [cout] [info]             CLAV, weight: 1.0
[2025-06-02 15:46:08.482] [cout] [info]             STRN, weight: 1.0
[2025-06-02 15:46:08.482] [cout] [info]             LSHO, weight: 1.0
[2025-06-02 15:46:08.482] [cout] [info]             RSHO, weight: 1.0
[2025-06-02 15:46:08.482] [cout] [info]             LASI, weight: 1.0
[2025-06-02 15:46:08.482] [cout] [info]             RASI, weight: 1.0
[2025-06-02 15:46:08.482] [cout] [info]             SACR, weight: 1.0
[2025-06-02 15:46:08.482] [cout] [info]             LTHI, weight: 1.0
[2025-06-02 15:46:08.482] [cout] [info]             LKNE, weight: 1.0
[2025-06-02 15:46:08.482] [cout] [info]             LTIB, weight: 1.0
[2025-06-02 15:46:08.482] [cout] [info]             LANK, weight: 1.0
[2025-06-02 15:46:08.482] [cout] [info]             LHEE, weight: 1.0
[2025-06-02 15:46:08.482] [cout] [info]             LTOE, weight: 1.0
[2025-06-02 15:46:08.482] [cout] [info]             RTHI, weight: 1.0
[2025-06-02 15:46:08.482] [cout] [info]             RKNE, weight: 1.0
[2025-06-02 15:46:08.482] [cout] [info]             RTIB, weight: 1.0
[2025-06-02 15:46:08.482] [cout] [info]             RANK, weight: 1.0
[2025-06-02 15:46:08.482] [cout] [info]             RHEE, weight: 1.0
[2025-06-02 15:46:08.482] [cout] [info]             RTOE, weight: 1.0
[2025-06-02 15:46:08.482] [cout] [info]   control_effort. MocoControlGoal, enabled: true, mode: cost, weight: 0.00100000
[2025-06-02 15:46:08.483] [cout] [info]         control: /forceset/pelvis_tx_residual, weight: 1.0
[2025-06-02 15:46:08.483] [cout] [info]         control: /forceset/pelvis_ty_residual, weight: 1.0
[2025-06-02 15:46:08.483] [cout] [info]         control: /forceset/pelvis_tilt_residual, weight: 1.0
[2025-06-02 15:46:08.483] [cout] [info]         control: /forceset/hip_flexion_r_torque, weight: 1.0
[2025-06-02 15:46:08.483] [cout] [info]         control: /forceset/knee_angle_r_torque, weight: 1.0
[2025-06-02 15:46:08.483] [cout] [info]         control: /forceset/ankle_angle_r_torque, weight: 1.0
[2025-06-02 15:46:08.483] [cout] [info]         control: /forceset/hip_flexion_l_torque, weight: 1.0
[2025-06-02 15:46:08.483] [cout] [info]         control: /forceset/knee_angle_l_torque, weight: 1.0
[2025-06-02 15:46:08.483] [cout] [info]         control: /forceset/ankle_angle_l_torque, weight: 1.0
[2025-06-02 15:46:08.483] [cout] [info]         control: /forceset/lumbar_ext_torque, weight: 1.0
[2025-06-02 15:46:08.483] [cout] [info] Endpoint constraints: none
[2025-06-02 15:46:08.483] [cout] [info] Kinematic constraints: none
[2025-06-02 15:46:08.483] [cout] [info] Path constraints: none
[2025-06-02 15:46:08.483] [cout] [info] States: (total: 20)
[2025-06-02 15:46:08.483] [cout] [info]   /jointset/ground_pelvis/pelvis_tilt/value. bounds: [-1.5708, 1.5708]
[2025-06-02 15:46:08.483] [cout] [info]   /jointset/ground_pelvis/pelvis_tx/value. bounds: [-5, 5]
[2025-06-02 15:46:08.483] [cout] [info]   /jointset/knee_r/knee_angle_r/speed. bounds: [-50, 50]
[2025-06-02 15:46:08.483] [cout] [info]   /jointset/ankle_l/ankle_angle_l/value. bounds: [-1.0472, 1.0472]
[2025-06-02 15:46:08.483] [cout] [info]   /jointset/ground_pelvis/pelvis_ty/value. bounds: [-1, 2]
[2025-06-02 15:46:08.483] [cout] [info]   /jointset/ankle_r/ankle_angle_r/value. bounds: [-1.5708, 1.5708]
[2025-06-02 15:46:08.483] [cout] [info]   /jointset/hip_r/hip_flexion_r/value. bounds: [-2.0944, 2.0944]
[2025-06-02 15:46:08.483] [cout] [info]   /jointset/back/lumbar_ext/speed. bounds: [-50, 50]
[2025-06-02 15:46:08.483] [cout] [info]   /jointset/knee_r/knee_angle_r/value. bounds: [-2.0944, 0]
[2025-06-02 15:46:08.483] [cout] [info]   /jointset/knee_l/knee_angle_l/speed. bounds: [-50, 50]
[2025-06-02 15:46:08.483] [cout] [info]   /jointset/hip_l/hip_flexion_l/value. bounds: [-2.0944, 2.0944]
[2025-06-02 15:46:08.483] [cout] [info]   /jointset/knee_l/knee_angle_l/value. bounds: [-2.0944, 0]
[2025-06-02 15:46:08.483] [cout] [info]   /jointset/back/lumbar_ext/value. bounds: [-1.5708, 1.5708]
[2025-06-02 15:46:08.483] [cout] [info]   /jointset/ground_pelvis/pelvis_tilt/speed. bounds: [-50, 50]
[2025-06-02 15:46:08.483] [cout] [info]   /jointset/ground_pelvis/pelvis_tx/speed. bounds: [-50, 50]
[2025-06-02 15:46:08.483] [cout] [info]   /jointset/ankle_l/ankle_angle_l/speed. bounds: [-50, 50]
[2025-06-02 15:46:08.483] [cout] [info]   /jointset/ground_pelvis/pelvis_ty/speed. bounds: [-50, 50]
[2025-06-02 15:46:08.483] [cout] [info]   /jointset/ankle_r/ankle_angle_r/speed. bounds: [-50, 50]
[2025-06-02 15:46:08.483] [cout] [info]   /jointset/hip_r/hip_flexion_r/speed. bounds: [-50, 50]
[2025-06-02 15:46:08.483] [cout] [info]   /jointset/hip_l/hip_flexion_l/speed. bounds: [-50, 50]
[2025-06-02 15:46:08.483] [cout] [info] Controls: (total: 10)
[2025-06-02 15:46:08.483] [cout] [info]   /forceset/pelvis_tx_residual. bounds: [-inf, inf]
[2025-06-02 15:46:08.483] [cout] [info]   /forceset/ankle_angle_r_torque. bounds: [-inf, inf]
[2025-06-02 15:46:08.483] [cout] [info]   /forceset/pelvis_ty_residual. bounds: [-inf, inf]
[2025-06-02 15:46:08.483] [cout] [info]   /forceset/pelvis_tilt_residual. bounds: [-inf, inf]
[2025-06-02 15:46:08.483] [cout] [info]   /forceset/hip_flexion_r_torque. bounds: [-inf, inf]
[2025-06-02 15:46:08.483] [cout] [info]   /forceset/knee_angle_r_torque. bounds: [-inf, inf]
[2025-06-02 15:46:08.483] [cout] [info]   /forceset/hip_flexion_l_torque. bounds: [-inf, inf]
[2025-06-02 15:46:08.483] [cout] [info]   /forceset/knee_angle_l_torque. bounds: [-inf, inf]
[2025-06-02 15:46:08.483] [cout] [info]   /forceset/ankle_angle_l_torque. bounds: [-inf, inf]
[2025-06-02 15:46:08.483] [cout] [info]   /forceset/lumbar_ext_torque. bounds: [-inf, inf]
[2025-06-02 15:46:08.483] [cout] [info] Parameters: none
[2025-06-02 15:46:08.503] [info] ExternalForce::grf1 Data source being set to walk_grf
[2025-06-02 15:46:08.503] [info] ExternalForce::grf2 Data source being set to walk_grf
[2025-06-02 15:46:08.503] [info] ExternalForce::grf4 Data source being set to walk_grf
[2025-06-02 15:46:08.523] [info] ExternalForce::grf1 Data source being set to walk_grf
[2025-06-02 15:46:08.523] [info] ExternalForce::grf2 Data source being set to walk_grf
[2025-06-02 15:46:08.523] [info] ExternalForce::grf4 Data source being set to walk_grf
[2025-06-02 15:46:08.538] [info] ExternalForce::grf1 Data source being set to walk_grf
[2025-06-02 15:46:08.538] [info] ExternalForce::grf2 Data source being set to walk_grf
[2025-06-02 15:46:08.538] [info] ExternalForce::grf4 Data source being set to walk_grf
[2025-06-02 15:46:08.580] [info] ExternalForce::grf1 Data source being set to walk_grf
[2025-06-02 15:46:08.580] [info] ExternalForce::grf2 Data source being set to walk_grf
[2025-06-02 15:46:08.580] [info] ExternalForce::grf4 Data source being set to walk_grf
[2025-06-02 15:46:08.650] [info] ExternalForce::grf1 Data source being set to walk_grf
[2025-06-02 15:46:08.650] [info] ExternalForce::grf2 Data source being set to walk_grf
[2025-06-02 15:46:08.650] [info] ExternalForce::grf4 Data source being set to walk_grf
[2025-06-02 15:46:08.699] [info] ExternalForce::grf1 Data source being set to walk_grf
[2025-06-02 15:46:08.699] [info] ExternalForce::grf2 Data source being set to walk_grf
[2025-06-02 15:46:08.699] [info] ExternalForce::grf4 Data source being set to walk_grf
[2025-06-02 15:46:08.726] [info] ExternalForce::grf1 Data source being set to walk_grf
[2025-06-02 15:46:08.726] [info] ExternalForce::grf2 Data source being set to walk_grf
[2025-06-02 15:46:08.726] [info] ExternalForce::grf4 Data source being set to walk_grf
[2025-06-02 15:46:08.768] [info] ExternalForce::grf1 Data source being set to walk_grf
[2025-06-02 15:46:08.768] [info] ExternalForce::grf2 Data source being set to walk_grf
[2025-06-02 15:46:08.768] [info] ExternalForce::grf4 Data source being set to walk_grf
[2025-06-02 15:46:08.809] [info] ExternalForce::grf1 Data source being set to walk_grf
[2025-06-02 15:46:08.809] [info] ExternalForce::grf2 Data source being set to walk_grf
[2025-06-02 15:46:08.809] [info] ExternalForce::grf4 Data source being set to walk_grf
[2025-06-02 15:46:08.843] [info] ExternalForce::grf1 Data source being set to walk_grf
[2025-06-02 15:46:08.843] [info] ExternalForce::grf2 Data source being set to walk_grf
[2025-06-02 15:46:08.843] [info] ExternalForce::grf4 Data source being set to walk_grf
[2025-06-02 15:46:08.864] [info] ExternalForce::grf1 Data source being set to walk_grf
[2025-06-02 15:46:08.864] [info] ExternalForce::grf2 Data source being set to walk_grf
[2025-06-02 15:46:08.864] [info] ExternalForce::grf4 Data source being set to walk_grf
[2025-06-02 15:46:08.893] [info] ExternalForce::grf1 Data source being set to walk_grf
[2025-06-02 15:46:08.893] [info] ExternalForce::grf2 Data source being set to walk_grf
[2025-06-02 15:46:08.893] [info] ExternalForce::grf4 Data source being set to walk_grf
[2025-06-02 15:46:08.926] [info] ExternalForce::grf1 Data source being set to walk_grf
[2025-06-02 15:46:08.926] [info] ExternalForce::grf2 Data source being set to walk_grf
[2025-06-02 15:46:08.926] [info] ExternalForce::grf4 Data source being set to walk_grf
[2025-06-02 15:46:08.954] [info] ExternalForce::grf1 Data source being set to walk_grf
[2025-06-02 15:46:08.955] [info] ExternalForce::grf2 Data source being set to walk_grf
[2025-06-02 15:46:08.955] [info] ExternalForce::grf4 Data source being set to walk_grf
[2025-06-02 15:46:08.976] [info] ExternalForce::grf1 Data source being set to walk_grf
[2025-06-02 15:46:08.976] [info] ExternalForce::grf2 Data source being set to walk_grf
[2025-06-02 15:46:08.976] [info] ExternalForce::grf4 Data source being set to walk_grf
[2025-06-02 15:46:09.006] [info] ExternalForce::grf1 Data source being set to walk_grf
[2025-06-02 15:46:09.006] [info] ExternalForce::grf2 Data source being set to walk_grf
[2025-06-02 15:46:09.006] [info] ExternalForce::grf4 Data source being set to walk_grf
[2025-06-02 15:46:09.041] [info] ExternalForce::grf1 Data source being set to walk_grf
[2025-06-02 15:46:09.041] [info] ExternalForce::grf2 Data source being set to walk_grf
[2025-06-02 15:46:09.041] [info] ExternalForce::grf4 Data source being set to walk_grf
[2025-06-02 15:46:09.064] [info] ExternalForce::grf1 Data source being set to walk_grf
[2025-06-02 15:46:09.064] [info] ExternalForce::grf2 Data source being set to walk_grf
[2025-06-02 15:46:09.064] [info] ExternalForce::grf4 Data source being set to walk_grf
[2025-06-02 15:46:09.086] [info] ExternalForce::grf1 Data source being set to walk_grf
[2025-06-02 15:46:09.086] [info] ExternalForce::grf2 Data source being set to walk_grf
[2025-06-02 15:46:09.086] [info] ExternalForce::grf4 Data source being set to walk_grf
[2025-06-02 15:46:09.114] [info] ExternalForce::grf1 Data source being set to walk_grf
[2025-06-02 15:46:09.115] [info] ExternalForce::grf2 Data source being set to walk_grf
[2025-06-02 15:46:09.115] [info] ExternalForce::grf4 Data source being set to walk_grf
[2025-06-02 15:46:09.152] [info] ExternalForce::grf1 Data source being set to walk_grf
[2025-06-02 15:46:09.153] [info] ExternalForce::grf2 Data source being set to walk_grf
[2025-06-02 15:46:09.153] [info] ExternalForce::grf4 Data source being set to walk_grf
[2025-06-02 15:46:09.184] [info] ExternalForce::grf1 Data source being set to walk_grf
[2025-06-02 15:46:09.184] [info] ExternalForce::grf2 Data source being set to walk_grf
[2025-06-02 15:46:09.184] [info] ExternalForce::grf4 Data source being set to walk_grf
[2025-06-02 15:46:09.207] [info] ExternalForce::grf1 Data source being set to walk_grf
[2025-06-02 15:46:09.207] [info] ExternalForce::grf2 Data source being set to walk_grf
[2025-06-02 15:46:09.207] [info] ExternalForce::grf4 Data source being set to walk_grf
[2025-06-02 15:46:09.240] [info] ExternalForce::grf1 Data source being set to walk_grf
[2025-06-02 15:46:09.240] [info] ExternalForce::grf2 Data source being set to walk_grf
[2025-06-02 15:46:09.240] [info] ExternalForce::grf4 Data source being set to walk_grf
[2025-06-02 15:46:09.268] [info] ExternalForce::grf1 Data source being set to walk_grf
[2025-06-02 15:46:09.268] [info] ExternalForce::grf2 Data source being set to walk_grf
[2025-06-02 15:46:09.268] [info] ExternalForce::grf4 Data source being set to walk_grf
[2025-06-02 15:46:09.308] [info] ExternalForce::grf1 Data source being set to walk_grf
[2025-06-02 15:46:09.308] [info] ExternalForce::grf2 Data source being set to walk_grf
[2025-06-02 15:46:09.308] [info] ExternalForce::grf4 Data source being set to walk_grf
[2025-06-02 15:46:09.325] [info] ExternalForce::grf1 Data source being set to walk_grf
[2025-06-02 15:46:09.325] [info] ExternalForce::grf2 Data source being set to walk_grf
[2025-06-02 15:46:09.325] [info] ExternalForce::grf4 Data source being set to walk_grf
[2025-06-02 15:46:09.356] [info] ExternalForce::grf1 Data source being set to walk_grf
[2025-06-02 15:46:09.356] [info] ExternalForce::grf2 Data source being set to walk_grf
[2025-06-02 15:46:09.356] [info] ExternalForce::grf4 Data source being set to walk_grf
[2025-06-02 15:46:09.389] [info] ExternalForce::grf1 Data source being set to walk_grf
[2025-06-02 15:46:09.389] [info] ExternalForce::grf2 Data source being set to walk_grf
[2025-06-02 15:46:09.389] [info] ExternalForce::grf4 Data source being set to walk_grf
[2025-06-02 15:46:09.414] [info] ExternalForce::grf1 Data source being set to walk_grf
[2025-06-02 15:46:09.414] [info] ExternalForce::grf2 Data source being set to walk_grf
[2025-06-02 15:46:09.414] [info] ExternalForce::grf4 Data source being set to walk_grf
[2025-06-02 15:46:09.441] [info] ExternalForce::grf1 Data source being set to walk_grf
[2025-06-02 15:46:09.441] [info] ExternalForce::grf2 Data source being set to walk_grf
[2025-06-02 15:46:09.441] [info] ExternalForce::grf4 Data source being set to walk_grf
[2025-06-02 15:46:09.469] [info] ExternalForce::grf1 Data source being set to walk_grf
[2025-06-02 15:46:09.469] [info] ExternalForce::grf2 Data source being set to walk_grf
[2025-06-02 15:46:09.469] [info] ExternalForce::grf4 Data source being set to walk_grf
[2025-06-02 15:46:09.478] [info] Number of threads: 8
[2025-06-02 15:46:32.839] [info] Set log level to Info.
[2025-06-02 15:46:32.842] [info] ------------------------------------------------------------------------
[2025-06-02 15:46:32.842] [info] Elapsed real time: 24 second(s).
[2025-06-02 15:46:32.842] [info] Mon Jun  2 15:46:32 2025
[2025-06-02 15:46:32.842] [info] MocoCasADiSolver succeeded!
[2025-06-02 15:46:32.842] [info] ========================================================================
[2025-06-02 15:46:59.485] [info] ExternalForce::grf1 Data source being set to walk_grf
[2025-06-02 15:46:59.486] [info] ExternalForce::grf2 Data source being set to walk_grf
[2025-06-02 15:46:59.486] [info] ExternalForce::grf4 Data source being set to walk_grf
[2025-06-02 15:46:59.519] [info] ExternalForce::grf1 Data source being set to walk_grf
[2025-06-02 15:46:59.519] [info] ExternalForce::grf2 Data source being set to walk_grf
[2025-06-02 15:46:59.519] [info] ExternalForce::grf4 Data source being set to walk_grf
[2025-06-02 15:46:59.580] [info] ExternalForce::grf1 Data source being set to walk_grf
[2025-06-02 15:46:59.580] [info] ExternalForce::grf2 Data source being set to walk_grf
[2025-06-02 15:46:59.580] [info] ExternalForce::grf4 Data source being set to walk_grf
[2025-06-02 15:47:19.822] [cout] [info] Exiting visualization.
[2025-06-03 15:57:20.307] [info] Loaded model SUBJ01_2d from file SUBJ01_scaledModelAdjusted_2d.osim
[2025-06-03 15:59:00.645] [info] Storage: read data file = SUBJ01_walk_ik_2d.mot (nr=106 nc=13)
[2025-06-03 15:59:00.647] [info] Storage: read data file = SUBJ01_walk_ik_2d.mot (nr=106 nc=13)
[2025-06-03 15:59:00.699] [info] Loaded model SUBJ01_2d from file SUBJ01_scaledModelAdjusted_2d.osim
[2025-06-03 15:59:19.404] [info] Loaded model SUBJ01_2d from file SUBJ01_exp-tracking_2d.osim
[2025-06-03 15:59:19.447] [info] ExternalForce::grf1 Data source being set to walk_grf
[2025-06-03 15:59:19.447] [info] ExternalForce::grf2 Data source being set to walk_grf
[2025-06-03 15:59:19.447] [info] ExternalForce::grf4 Data source being set to walk_grf
[2025-06-03 15:59:19.462] [info] ExternalForce::grf1 Data source being set to walk_grf
[2025-06-03 15:59:19.462] [info] ExternalForce::grf2 Data source being set to walk_grf
[2025-06-03 15:59:19.462] [info] ExternalForce::grf4 Data source being set to walk_grf
[2025-06-03 15:59:19.479] [info] ExternalForce::grf1 Data source being set to walk_grf
[2025-06-03 15:59:19.479] [info] ExternalForce::grf2 Data source being set to walk_grf
[2025-06-03 15:59:19.479] [info] ExternalForce::grf4 Data source being set to walk_grf
[2025-06-03 15:59:19.492] [info] ExternalForce::grf1 Data source being set to walk_grf
[2025-06-03 15:59:19.492] [info] ExternalForce::grf2 Data source being set to walk_grf
[2025-06-03 15:59:19.492] [info] ExternalForce::grf4 Data source being set to walk_grf
[2025-06-03 15:59:19.507] [info] ExternalForce::grf1 Data source being set to walk_grf
[2025-06-03 15:59:19.507] [info] ExternalForce::grf2 Data source being set to walk_grf
[2025-06-03 15:59:19.507] [info] ExternalForce::grf4 Data source being set to walk_grf
[2025-06-03 15:59:19.521] [info] ExternalForce::grf1 Data source being set to walk_grf
[2025-06-03 15:59:19.521] [info] ExternalForce::grf2 Data source being set to walk_grf
[2025-06-03 15:59:19.521] [info] ExternalForce::grf4 Data source being set to walk_grf
[2025-06-03 15:59:19.585] [info] ExternalForce::grf1 Data source being set to walk_grf
[2025-06-03 15:59:19.585] [info] ExternalForce::grf2 Data source being set to walk_grf
[2025-06-03 15:59:19.585] [info] ExternalForce::grf4 Data source being set to walk_grf
[2025-06-03 15:59:19.620] [info] ExternalForce::grf1 Data source being set to walk_grf
[2025-06-03 15:59:19.620] [info] ExternalForce::grf2 Data source being set to walk_grf
[2025-06-03 15:59:19.620] [info] ExternalForce::grf4 Data source being set to walk_grf
[2025-06-03 15:59:19.642] [info] ExternalForce::grf1 Data source being set to walk_grf
[2025-06-03 15:59:19.642] [info] ExternalForce::grf2 Data source being set to walk_grf
[2025-06-03 15:59:19.642] [info] ExternalForce::grf4 Data source being set to walk_grf
[2025-06-03 15:59:19.658] [info] ExternalForce::grf1 Data source being set to walk_grf
[2025-06-03 15:59:19.658] [info] ExternalForce::grf2 Data source being set to walk_grf
[2025-06-03 15:59:19.658] [info] ExternalForce::grf4 Data source being set to walk_grf
[2025-06-03 15:59:19.682] [info] ExternalForce::grf1 Data source being set to walk_grf
[2025-06-03 15:59:19.682] [info] ExternalForce::grf2 Data source being set to walk_grf
[2025-06-03 15:59:19.682] [info] ExternalForce::grf4 Data source being set to walk_grf
[2025-06-03 15:59:19.732] [info] ExternalForce::grf1 Data source being set to walk_grf
[2025-06-03 15:59:19.732] [info] ExternalForce::grf2 Data source being set to walk_grf
[2025-06-03 15:59:19.732] [info] ExternalForce::grf4 Data source being set to walk_grf
[2025-06-03 15:59:19.761] [info] ExternalForce::grf1 Data source being set to walk_grf
[2025-06-03 15:59:19.761] [info] ExternalForce::grf2 Data source being set to walk_grf
[2025-06-03 15:59:19.761] [info] ExternalForce::grf4 Data source being set to walk_grf
[2025-06-03 15:59:19.787] [info] ExternalForce::grf1 Data source being set to walk_grf
[2025-06-03 15:59:19.787] [info] ExternalForce::grf2 Data source being set to walk_grf
[2025-06-03 15:59:19.787] [info] ExternalForce::grf4 Data source being set to walk_grf
[2025-06-03 15:59:19.826] [info] ExternalForce::grf1 Data source being set to walk_grf
[2025-06-03 15:59:19.827] [info] ExternalForce::grf2 Data source being set to walk_grf
[2025-06-03 15:59:19.827] [info] ExternalForce::grf4 Data source being set to walk_grf
[2025-06-03 15:59:19.875] [info] ExternalForce::grf1 Data source being set to walk_grf
[2025-06-03 15:59:19.875] [info] ExternalForce::grf2 Data source being set to walk_grf
[2025-06-03 15:59:19.875] [info] ExternalForce::grf4 Data source being set to walk_grf
[2025-06-03 15:59:19.901] [info] ExternalForce::grf1 Data source being set to walk_grf
[2025-06-03 15:59:19.901] [info] ExternalForce::grf2 Data source being set to walk_grf
[2025-06-03 15:59:19.901] [info] ExternalForce::grf4 Data source being set to walk_grf
[2025-06-03 15:59:19.920] [info] ExternalForce::grf1 Data source being set to walk_grf
[2025-06-03 15:59:19.920] [info] ExternalForce::grf2 Data source being set to walk_grf
[2025-06-03 15:59:19.920] [info] ExternalForce::grf4 Data source being set to walk_grf
[2025-06-03 15:59:19.947] [info] ExternalForce::grf1 Data source being set to walk_grf
[2025-06-03 15:59:19.947] [info] ExternalForce::grf2 Data source being set to walk_grf
[2025-06-03 15:59:19.947] [info] ExternalForce::grf4 Data source being set to walk_grf
[2025-06-03 15:59:19.988] [info] ExternalForce::grf1 Data source being set to walk_grf
[2025-06-03 15:59:19.988] [info] ExternalForce::grf2 Data source being set to walk_grf
[2025-06-03 15:59:19.988] [info] ExternalForce::grf4 Data source being set to walk_grf
[2025-06-03 15:59:20.016] [info] ExternalForce::grf1 Data source being set to walk_grf
[2025-06-03 15:59:20.017] [info] ExternalForce::grf2 Data source being set to walk_grf
[2025-06-03 15:59:20.017] [info] ExternalForce::grf4 Data source being set to walk_grf
[2025-06-03 15:59:20.037] [info] ExternalForce::grf1 Data source being set to walk_grf
[2025-06-03 15:59:20.037] [info] ExternalForce::grf2 Data source being set to walk_grf
[2025-06-03 15:59:20.037] [info] ExternalForce::grf4 Data source being set to walk_grf
[2025-06-03 15:59:20.073] [info] ExternalForce::grf1 Data source being set to walk_grf
[2025-06-03 15:59:20.073] [info] ExternalForce::grf2 Data source being set to walk_grf
[2025-06-03 15:59:20.073] [info] ExternalForce::grf4 Data source being set to walk_grf
[2025-06-03 15:59:20.120] [info] ExternalForce::grf1 Data source being set to walk_grf
[2025-06-03 15:59:20.121] [info] ExternalForce::grf2 Data source being set to walk_grf
[2025-06-03 15:59:20.121] [info] ExternalForce::grf4 Data source being set to walk_grf
[2025-06-03 15:59:20.157] [info] ExternalForce::grf1 Data source being set to walk_grf
[2025-06-03 15:59:20.157] [info] ExternalForce::grf2 Data source being set to walk_grf
[2025-06-03 15:59:20.157] [info] ExternalForce::grf4 Data source being set to walk_grf
[2025-06-03 15:59:20.176] [info] ExternalForce::grf1 Data source being set to walk_grf
[2025-06-03 15:59:20.176] [info] ExternalForce::grf2 Data source being set to walk_grf
[2025-06-03 15:59:20.176] [info] ExternalForce::grf4 Data source being set to walk_grf
[2025-06-03 15:59:20.203] [info] ExternalForce::grf1 Data source being set to walk_grf
[2025-06-03 15:59:20.203] [info] ExternalForce::grf2 Data source being set to walk_grf
[2025-06-03 15:59:20.203] [info] ExternalForce::grf4 Data source being set to walk_grf
[2025-06-03 15:59:20.248] [info] ExternalForce::grf1 Data source being set to walk_grf
[2025-06-03 15:59:20.248] [info] ExternalForce::grf2 Data source being set to walk_grf
[2025-06-03 15:59:20.248] [info] ExternalForce::grf4 Data source being set to walk_grf
[2025-06-03 15:59:20.270] [info] ExternalForce::grf1 Data source being set to walk_grf
[2025-06-03 15:59:20.270] [info] ExternalForce::grf2 Data source being set to walk_grf
[2025-06-03 15:59:20.270] [info] ExternalForce::grf4 Data source being set to walk_grf
[2025-06-03 15:59:20.289] [info] ExternalForce::grf1 Data source being set to walk_grf
[2025-06-03 15:59:20.289] [info] ExternalForce::grf2 Data source being set to walk_grf
[2025-06-03 15:59:20.289] [info] ExternalForce::grf4 Data source being set to walk_grf
[2025-06-03 15:59:20.316] [info] ExternalForce::grf1 Data source being set to walk_grf
[2025-06-03 15:59:20.316] [info] ExternalForce::grf2 Data source being set to walk_grf
[2025-06-03 15:59:20.316] [info] ExternalForce::grf4 Data source being set to walk_grf
[2025-06-03 15:59:20.353] [info] ExternalForce::grf1 Data source being set to walk_grf
[2025-06-03 15:59:20.353] [info] ExternalForce::grf2 Data source being set to walk_grf
[2025-06-03 15:59:20.353] [info] ExternalForce::grf4 Data source being set to walk_grf
[2025-06-03 15:59:20.379] [info] ExternalForce::grf1 Data source being set to walk_grf
[2025-06-03 15:59:20.379] [info] ExternalForce::grf2 Data source being set to walk_grf
[2025-06-03 15:59:20.379] [info] ExternalForce::grf4 Data source being set to walk_grf
[2025-06-03 15:59:20.395] [info] ExternalForce::grf1 Data source being set to walk_grf
[2025-06-03 15:59:20.395] [info] ExternalForce::grf2 Data source being set to walk_grf
[2025-06-03 15:59:20.395] [info] ExternalForce::grf4 Data source being set to walk_grf
[2025-06-03 15:59:20.425] [info] ExternalForce::grf1 Data source being set to walk_grf
[2025-06-03 15:59:20.425] [info] ExternalForce::grf2 Data source being set to walk_grf
[2025-06-03 15:59:20.425] [info] ExternalForce::grf4 Data source being set to walk_grf
[2025-06-03 15:59:20.459] [info] ExternalForce::grf1 Data source being set to walk_grf
[2025-06-03 15:59:20.459] [info] ExternalForce::grf2 Data source being set to walk_grf
[2025-06-03 15:59:20.459] [info] ExternalForce::grf4 Data source being set to walk_grf
[2025-06-03 15:59:20.483] [info] ExternalForce::grf1 Data source being set to walk_grf
[2025-06-03 15:59:20.483] [info] ExternalForce::grf2 Data source being set to walk_grf
[2025-06-03 15:59:20.483] [info] ExternalForce::grf4 Data source being set to walk_grf
[2025-06-03 15:59:20.506] [info] ExternalForce::grf1 Data source being set to walk_grf
[2025-06-03 15:59:20.506] [info] ExternalForce::grf2 Data source being set to walk_grf
[2025-06-03 15:59:20.506] [info] ExternalForce::grf4 Data source being set to walk_grf
[2025-06-03 15:59:20.538] [info] ExternalForce::grf1 Data source being set to walk_grf
[2025-06-03 15:59:20.538] [info] ExternalForce::grf2 Data source being set to walk_grf
[2025-06-03 15:59:20.538] [info] ExternalForce::grf4 Data source being set to walk_grf
[2025-06-03 15:59:20.580] [info] ExternalForce::grf1 Data source being set to walk_grf
[2025-06-03 15:59:20.580] [info] ExternalForce::grf2 Data source being set to walk_grf
[2025-06-03 15:59:20.580] [info] ExternalForce::grf4 Data source being set to walk_grf
[2025-06-03 15:59:20.606] [info] ExternalForce::grf1 Data source being set to walk_grf
[2025-06-03 15:59:20.606] [info] ExternalForce::grf2 Data source being set to walk_grf
[2025-06-03 15:59:20.606] [info] ExternalForce::grf4 Data source being set to walk_grf
[2025-06-03 15:59:20.626] [info] ExternalForce::grf1 Data source being set to walk_grf
[2025-06-03 15:59:20.626] [info] ExternalForce::grf2 Data source being set to walk_grf
[2025-06-03 15:59:20.626] [info] ExternalForce::grf4 Data source being set to walk_grf
[2025-06-03 15:59:20.655] [info] ExternalForce::grf1 Data source being set to walk_grf
[2025-06-03 15:59:20.655] [info] ExternalForce::grf2 Data source being set to walk_grf
[2025-06-03 15:59:20.655] [info] ExternalForce::grf4 Data source being set to walk_grf
[2025-06-03 15:59:20.683] [info] ExternalForce::grf1 Data source being set to walk_grf
[2025-06-03 15:59:20.683] [info] ExternalForce::grf2 Data source being set to walk_grf
[2025-06-03 15:59:20.683] [info] ExternalForce::grf4 Data source being set to walk_grf
[2025-06-03 15:59:20.708] [info] ExternalForce::grf1 Data source being set to walk_grf
[2025-06-03 15:59:20.708] [info] ExternalForce::grf2 Data source being set to walk_grf
[2025-06-03 15:59:20.708] [info] ExternalForce::grf4 Data source being set to walk_grf
[2025-06-03 15:59:20.729] [info] ExternalForce::grf1 Data source being set to walk_grf
[2025-06-03 15:59:20.729] [info] ExternalForce::grf2 Data source being set to walk_grf
[2025-06-03 15:59:20.729] [info] ExternalForce::grf4 Data source being set to walk_grf
[2025-06-03 15:59:20.756] [info] ExternalForce::grf1 Data source being set to walk_grf
[2025-06-03 15:59:20.756] [info] ExternalForce::grf2 Data source being set to walk_grf
[2025-06-03 15:59:20.756] [info] ExternalForce::grf4 Data source being set to walk_grf
[2025-06-03 16:00:43.387] [info] Loaded model SUBJ01_2d from file SUBJ01_exp-tracking_2d.osim
[2025-06-03 16:00:43.784] [info] ExternalForce::grf1 Data source being set to walk_grf
[2025-06-03 16:00:43.784] [info] ExternalForce::grf2 Data source being set to walk_grf
[2025-06-03 16:00:43.784] [info] ExternalForce::grf4 Data source being set to walk_grf
[2025-06-03 16:00:43.817] [info] ExternalForce::grf1 Data source being set to walk_grf
[2025-06-03 16:00:43.817] [info] ExternalForce::grf2 Data source being set to walk_grf
[2025-06-03 16:00:43.817] [info] ExternalForce::grf4 Data source being set to walk_grf
[2025-06-03 16:00:43.834] [info] ExternalForce::grf1 Data source being set to walk_grf
[2025-06-03 16:00:43.834] [info] ExternalForce::grf2 Data source being set to walk_grf
[2025-06-03 16:00:43.834] [info] ExternalForce::grf4 Data source being set to walk_grf
[2025-06-03 16:00:43.852] [info] ExternalForce::grf1 Data source being set to walk_grf
[2025-06-03 16:00:43.852] [info] ExternalForce::grf2 Data source being set to walk_grf
[2025-06-03 16:00:43.852] [info] ExternalForce::grf4 Data source being set to walk_grf
[2025-06-03 16:00:43.867] [info] ExternalForce::grf1 Data source being set to walk_grf
[2025-06-03 16:00:43.868] [info] ExternalForce::grf2 Data source being set to walk_grf
[2025-06-03 16:00:43.868] [info] ExternalForce::grf4 Data source being set to walk_grf
[2025-06-03 16:00:43.891] [info] ExternalForce::grf1 Data source being set to walk_grf
[2025-06-03 16:00:43.891] [info] ExternalForce::grf2 Data source being set to walk_grf
[2025-06-03 16:00:43.891] [info] ExternalForce::grf4 Data source being set to walk_grf
[2025-06-03 16:01:06.412] [info] Loaded model SUBJ01_2d from file SUBJ01_exp-tracking_2d.osim
[2025-06-03 16:01:12.834] [info] Loaded model SUBJ01_2d from file SUBJ01_exp-tracking_2d.osim
[2025-06-03 16:01:33.489] [info] ========================================================================
[2025-06-03 16:01:33.489] [info] MocoCasADiSolver starting.
[2025-06-03 16:01:33.489] [info] Tue Jun  3 16:01:33 2025
[2025-06-03 16:01:33.489] [info] ------------------------------------------------------------------------
[2025-06-03 16:01:33.489] [cout] [info] Costs: (total: 4)
[2025-06-03 16:01:33.489] [cout] [info]   state_tracking. MocoStateTrackingGoal, enabled: true, mode: cost, weight: 1.0
[2025-06-03 16:01:33.489] [cout] [info]         state: /jointset/hip_l/hip_flexion_l/value, weight: 1.0
[2025-06-03 16:01:33.489] [cout] [info]         state: /jointset/knee_l/knee_angle_l/value, weight: 1.0
[2025-06-03 16:01:33.489] [cout] [info]         state: /jointset/ankle_l/ankle_angle_l/value, weight: 1.0
[2025-06-03 16:01:33.489] [cout] [info]         state: /jointset/hip_r/hip_flexion_r/value, weight: 1.0
[2025-06-03 16:01:33.489] [cout] [info]         state: /jointset/knee_r/knee_angle_r/value, weight: 1.0
[2025-06-03 16:01:33.489] [cout] [info]         state: /jointset/ankle_r/ankle_angle_r/value, weight: 1.0
[2025-06-03 16:01:33.489] [cout] [info]         state: /jointset/back/lumbar_ext/value, weight: 1.0
[2025-06-03 16:01:33.489] [cout] [info]   marker_tracking. MocoMarkerTrackingGoal, enabled: true, mode: cost, weight: 10.0
[2025-06-03 16:01:33.489] [cout] [info]         allow unused references: 
[2025-06-03 16:01:33.489] [cout] [info]         tracked marker(s):
[2025-06-03 16:01:33.489] [cout] [info]             C7, weight: 1.0
[2025-06-03 16:01:33.489] [cout] [info]             T10, weight: 1.0
[2025-06-03 16:01:33.489] [cout] [info]             CLAV, weight: 1.0
[2025-06-03 16:01:33.489] [cout] [info]             STRN, weight: 1.0
[2025-06-03 16:01:33.489] [cout] [info]             LSHO, weight: 1.0
[2025-06-03 16:01:33.489] [cout] [info]             RSHO, weight: 1.0
[2025-06-03 16:01:33.489] [cout] [info]             LASI, weight: 1.0
[2025-06-03 16:01:33.489] [cout] [info]             RASI, weight: 1.0
[2025-06-03 16:01:33.489] [cout] [info]             SACR, weight: 1.0
[2025-06-03 16:01:33.489] [cout] [info]             LTHI, weight: 1.0
[2025-06-03 16:01:33.489] [cout] [info]             LKNE, weight: 1.0
[2025-06-03 16:01:33.489] [cout] [info]             LTIB, weight: 1.0
[2025-06-03 16:01:33.489] [cout] [info]             LANK, weight: 1.0
[2025-06-03 16:01:33.489] [cout] [info]             LHEE, weight: 1.0
[2025-06-03 16:01:33.489] [cout] [info]             LTOE, weight: 1.0
[2025-06-03 16:01:33.489] [cout] [info]             RTHI, weight: 1.0
[2025-06-03 16:01:33.489] [cout] [info]             RKNE, weight: 1.0
[2025-06-03 16:01:33.489] [cout] [info]             RTIB, weight: 1.0
[2025-06-03 16:01:33.489] [cout] [info]             RANK, weight: 1.0
[2025-06-03 16:01:33.489] [cout] [info]             RHEE, weight: 1.0
[2025-06-03 16:01:33.489] [cout] [info]             RTOE, weight: 1.0
[2025-06-03 16:01:33.489] [cout] [info]   control_effort. MocoControlGoal, enabled: true, mode: cost, weight: 0.00100000
[2025-06-03 16:01:33.489] [cout] [info]         control: /forceset/pelvis_tx_residual, weight: 1.0
[2025-06-03 16:01:33.489] [cout] [info]         control: /forceset/pelvis_ty_residual, weight: 1.0
[2025-06-03 16:01:33.489] [cout] [info]         control: /forceset/pelvis_tilt_residual, weight: 1.0
[2025-06-03 16:01:33.489] [cout] [info]         control: /forceset/hip_flexion_r_torque, weight: 1.0
[2025-06-03 16:01:33.489] [cout] [info]         control: /forceset/knee_angle_r_torque, weight: 1.0
[2025-06-03 16:01:33.489] [cout] [info]         control: /forceset/ankle_angle_r_torque, weight: 1.0
[2025-06-03 16:01:33.489] [cout] [info]         control: /forceset/hip_flexion_l_torque, weight: 1.0
[2025-06-03 16:01:33.489] [cout] [info]         control: /forceset/knee_angle_l_torque, weight: 1.0
[2025-06-03 16:01:33.489] [cout] [info]         control: /forceset/ankle_angle_l_torque, weight: 1.0
[2025-06-03 16:01:33.489] [cout] [info]         control: /forceset/lumbar_ext_torque, weight: 1.0
[2025-06-03 16:01:33.489] [cout] [info]   contact. MocoContactTrackingGoal, enabled: true, mode: cost, weight: 0.1
[2025-06-03 16:01:33.489] [cout] [info]         projection type: plane
[2025-06-03 16:01:33.489] [cout] [info]         projection vector: ~[0,0,1]
[2025-06-03 16:01:33.489] [cout] [info]         group 0: ExternalForce: grf1
[2025-06-03 16:01:33.489] [cout] [info]             forces:
[2025-06-03 16:01:33.489] [cout] [info]                 /forceset/Contact_Foot_Ground_R1
[2025-06-03 16:01:33.489] [cout] [info]                 /forceset/Contact_Foot_Ground_R2
[2025-06-03 16:01:33.489] [cout] [info]                 /forceset/Contact_Foot_Ground_R3
[2025-06-03 16:01:33.489] [cout] [info]                 /forceset/Contact_Foot_Ground_R4
[2025-06-03 16:01:33.489] [cout] [info]                 /forceset/Contact_Foot_Ground_R5
[2025-06-03 16:01:33.489] [cout] [info]                 /forceset/Contact_Foot_Ground_R6
[2025-06-03 16:01:33.489] [cout] [info]                 /forceset/Contact_Foot_Ground_R7
[2025-06-03 16:01:33.489] [cout] [info]                 /forceset/Contact_Foot_Ground_R8
[2025-06-03 16:01:33.489] [cout] [info]         group 1: ExternalForce: grf2
[2025-06-03 16:01:33.489] [cout] [info]             forces:
[2025-06-03 16:01:33.489] [cout] [info]                 /forceset/Contact_Foot_Ground_L1
[2025-06-03 16:01:33.489] [cout] [info]                 /forceset/Contact_Foot_Ground_L2
[2025-06-03 16:01:33.489] [cout] [info]                 /forceset/Contact_Foot_Ground_L3
[2025-06-03 16:01:33.489] [cout] [info]                 /forceset/Contact_Foot_Ground_L4
[2025-06-03 16:01:33.489] [cout] [info]                 /forceset/Contact_Foot_Ground_L5
[2025-06-03 16:01:33.489] [cout] [info]                 /forceset/Contact_Foot_Ground_L6
[2025-06-03 16:01:33.489] [cout] [info]                 /forceset/Contact_Foot_Ground_L7
[2025-06-03 16:01:33.489] [cout] [info]                 /forceset/Contact_Foot_Ground_L8
[2025-06-03 16:01:33.489] [cout] [info]         group 2: ExternalForce: grf4
[2025-06-03 16:01:33.489] [cout] [info]             forces:
[2025-06-03 16:01:33.489] [cout] [info]                 /forceset/Contact_Foot_Ground_R1
[2025-06-03 16:01:33.489] [cout] [info]                 /forceset/Contact_Foot_Ground_R2
[2025-06-03 16:01:33.489] [cout] [info]                 /forceset/Contact_Foot_Ground_R3
[2025-06-03 16:01:33.489] [cout] [info]                 /forceset/Contact_Foot_Ground_R4
[2025-06-03 16:01:33.489] [cout] [info]                 /forceset/Contact_Foot_Ground_R5
[2025-06-03 16:01:33.489] [cout] [info]                 /forceset/Contact_Foot_Ground_R6
[2025-06-03 16:01:33.489] [cout] [info]                 /forceset/Contact_Foot_Ground_R7
[2025-06-03 16:01:33.489] [cout] [info]                 /forceset/Contact_Foot_Ground_R8
[2025-06-03 16:01:33.489] [cout] [info] Endpoint constraints: none
[2025-06-03 16:01:33.489] [cout] [info] Kinematic constraints: none
[2025-06-03 16:01:33.489] [cout] [info] Path constraints: none
[2025-06-03 16:01:33.489] [cout] [info] States: (total: 20)
[2025-06-03 16:01:33.489] [cout] [info]   /jointset/ground_pelvis/pelvis_tilt/value. bounds: [-1.5708, 1.5708]
[2025-06-03 16:01:33.489] [cout] [info]   /jointset/ground_pelvis/pelvis_tx/value. bounds: [-5, 5]
[2025-06-03 16:01:33.490] [cout] [info]   /jointset/knee_r/knee_angle_r/speed. bounds: [-50, 50]
[2025-06-03 16:01:33.490] [cout] [info]   /jointset/ankle_l/ankle_angle_l/value. bounds: [-1.0472, 1.0472]
[2025-06-03 16:01:33.490] [cout] [info]   /jointset/ground_pelvis/pelvis_ty/value. bounds: [-1, 2]
[2025-06-03 16:01:33.490] [cout] [info]   /jointset/ankle_r/ankle_angle_r/value. bounds: [-1.5708, 1.5708]
[2025-06-03 16:01:33.490] [cout] [info]   /jointset/hip_r/hip_flexion_r/value. bounds: [-2.0944, 2.0944]
[2025-06-03 16:01:33.490] [cout] [info]   /jointset/back/lumbar_ext/speed. bounds: [-50, 50]
[2025-06-03 16:01:33.490] [cout] [info]   /jointset/knee_r/knee_angle_r/value. bounds: [-2.0944, 0]
[2025-06-03 16:01:33.490] [cout] [info]   /jointset/knee_l/knee_angle_l/speed. bounds: [-50, 50]
[2025-06-03 16:01:33.490] [cout] [info]   /jointset/hip_l/hip_flexion_l/value. bounds: [-2.0944, 2.0944]
[2025-06-03 16:01:33.490] [cout] [info]   /jointset/knee_l/knee_angle_l/value. bounds: [-2.0944, 0]
[2025-06-03 16:01:33.490] [cout] [info]   /jointset/back/lumbar_ext/value. bounds: [-1.5708, 1.5708]
[2025-06-03 16:01:33.490] [cout] [info]   /jointset/ground_pelvis/pelvis_tilt/speed. bounds: [-50, 50]
[2025-06-03 16:01:33.490] [cout] [info]   /jointset/ground_pelvis/pelvis_tx/speed. bounds: [-50, 50]
[2025-06-03 16:01:33.490] [cout] [info]   /jointset/ankle_l/ankle_angle_l/speed. bounds: [-50, 50]
[2025-06-03 16:01:33.490] [cout] [info]   /jointset/ground_pelvis/pelvis_ty/speed. bounds: [-50, 50]
[2025-06-03 16:01:33.490] [cout] [info]   /jointset/ankle_r/ankle_angle_r/speed. bounds: [-50, 50]
[2025-06-03 16:01:33.490] [cout] [info]   /jointset/hip_r/hip_flexion_r/speed. bounds: [-50, 50]
[2025-06-03 16:01:33.490] [cout] [info]   /jointset/hip_l/hip_flexion_l/speed. bounds: [-50, 50]
[2025-06-03 16:01:33.490] [cout] [info] Controls: (total: 10)
[2025-06-03 16:01:33.490] [cout] [info]   /forceset/pelvis_tx_residual. bounds: [-inf, inf]
[2025-06-03 16:01:33.490] [cout] [info]   /forceset/ankle_angle_r_torque. bounds: [-inf, inf]
[2025-06-03 16:01:33.490] [cout] [info]   /forceset/pelvis_ty_residual. bounds: [-inf, inf]
[2025-06-03 16:01:33.490] [cout] [info]   /forceset/pelvis_tilt_residual. bounds: [-inf, inf]
[2025-06-03 16:01:33.490] [cout] [info]   /forceset/hip_flexion_r_torque. bounds: [-inf, inf]
[2025-06-03 16:01:33.490] [cout] [info]   /forceset/knee_angle_r_torque. bounds: [-inf, inf]
[2025-06-03 16:01:33.490] [cout] [info]   /forceset/hip_flexion_l_torque. bounds: [-inf, inf]
[2025-06-03 16:01:33.490] [cout] [info]   /forceset/knee_angle_l_torque. bounds: [-inf, inf]
[2025-06-03 16:01:33.490] [cout] [info]   /forceset/ankle_angle_l_torque. bounds: [-inf, inf]
[2025-06-03 16:01:33.490] [cout] [info]   /forceset/lumbar_ext_torque. bounds: [-inf, inf]
[2025-06-03 16:01:33.490] [cout] [info] Parameters: none
[2025-06-03 16:01:33.925] [info] Number of threads: 8
[2025-06-03 16:09:50.666] [info] Set log level to Info.
[2025-06-03 16:09:50.729] [info] ------------------------------------------------------------------------
[2025-06-03 16:09:50.730] [info] Elapsed real time: 497 second(s) (8 minute(s), 17 second(s)).
[2025-06-03 16:09:50.730] [info] Tue Jun  3 16:09:50 2025
[2025-06-03 16:09:50.730] [warning] MocoCasADiSolver did NOT succeed:
[2025-06-03 16:09:50.730] [warning]   Maximum_Iterations_Exceeded
[2025-06-03 16:09:50.730] [info] ========================================================================
[2025-06-03 16:11:57.718] [cout] [info] Exiting visualization.
[2025-06-03 16:13:18.106] [info] Loaded model SUBJ01_2d from file SUBJ01_scaledModelAdjusted_2d.osim
[2025-06-03 16:13:18.155] [info] Storage: read data file = SUBJ01_walk_ik_2d.mot (nr=106 nc=13)
[2025-06-03 16:13:18.157] [info] Storage: read data file = SUBJ01_walk_ik_2d.mot (nr=106 nc=13)
[2025-06-03 16:13:18.246] [info] Loaded model SUBJ01_2d from file SUBJ01_scaledModelAdjusted_2d.osim
[2025-06-03 16:13:18.478] [info] Loaded model SUBJ01_2d from file SUBJ01_exp-tracking_2d.osim
[2025-06-03 16:13:18.528] [info] ExternalForce::grf1 Data source being set to walk_grf
[2025-06-03 16:13:18.528] [info] ExternalForce::grf2 Data source being set to walk_grf
[2025-06-03 16:13:18.528] [info] ExternalForce::grf4 Data source being set to walk_grf
[2025-06-03 16:13:18.558] [info] ExternalForce::grf1 Data source being set to walk_grf
[2025-06-03 16:13:18.559] [info] ExternalForce::grf2 Data source being set to walk_grf
[2025-06-03 16:13:18.559] [info] ExternalForce::grf4 Data source being set to walk_grf
[2025-06-03 16:13:18.576] [info] ExternalForce::grf1 Data source being set to walk_grf
[2025-06-03 16:13:18.576] [info] ExternalForce::grf2 Data source being set to walk_grf
[2025-06-03 16:13:18.576] [info] ExternalForce::grf4 Data source being set to walk_grf
[2025-06-03 16:13:18.590] [info] ExternalForce::grf1 Data source being set to walk_grf
[2025-06-03 16:13:18.590] [info] ExternalForce::grf2 Data source being set to walk_grf
[2025-06-03 16:13:18.590] [info] ExternalForce::grf4 Data source being set to walk_grf
[2025-06-03 16:13:18.607] [info] ExternalForce::grf1 Data source being set to walk_grf
[2025-06-03 16:13:18.607] [info] ExternalForce::grf2 Data source being set to walk_grf
[2025-06-03 16:13:18.607] [info] ExternalForce::grf4 Data source being set to walk_grf
[2025-06-03 16:13:18.621] [info] ExternalForce::grf1 Data source being set to walk_grf
[2025-06-03 16:13:18.621] [info] ExternalForce::grf2 Data source being set to walk_grf
[2025-06-03 16:13:18.621] [info] ExternalForce::grf4 Data source being set to walk_grf
[2025-06-03 16:13:18.696] [info] ExternalForce::grf1 Data source being set to walk_grf
[2025-06-03 16:13:18.696] [info] ExternalForce::grf2 Data source being set to walk_grf
[2025-06-03 16:13:18.696] [info] ExternalForce::grf4 Data source being set to walk_grf
[2025-06-03 16:13:18.729] [info] ExternalForce::grf1 Data source being set to walk_grf
[2025-06-03 16:13:18.730] [info] ExternalForce::grf2 Data source being set to walk_grf
[2025-06-03 16:13:18.730] [info] ExternalForce::grf4 Data source being set to walk_grf
[2025-06-03 16:13:18.749] [info] ExternalForce::grf1 Data source being set to walk_grf
[2025-06-03 16:13:18.749] [info] ExternalForce::grf2 Data source being set to walk_grf
[2025-06-03 16:13:18.749] [info] ExternalForce::grf4 Data source being set to walk_grf
[2025-06-03 16:13:18.764] [info] ExternalForce::grf1 Data source being set to walk_grf
[2025-06-03 16:13:18.764] [info] ExternalForce::grf2 Data source being set to walk_grf
[2025-06-03 16:13:18.764] [info] ExternalForce::grf4 Data source being set to walk_grf
[2025-06-03 16:13:18.788] [info] ExternalForce::grf1 Data source being set to walk_grf
[2025-06-03 16:13:18.788] [info] ExternalForce::grf2 Data source being set to walk_grf
[2025-06-03 16:13:18.788] [info] ExternalForce::grf4 Data source being set to walk_grf
[2025-06-03 16:13:18.816] [info] ExternalForce::grf1 Data source being set to walk_grf
[2025-06-03 16:13:18.816] [info] ExternalForce::grf2 Data source being set to walk_grf
[2025-06-03 16:13:18.816] [info] ExternalForce::grf4 Data source being set to walk_grf
[2025-06-03 16:13:18.837] [info] ExternalForce::grf1 Data source being set to walk_grf
[2025-06-03 16:13:18.837] [info] ExternalForce::grf2 Data source being set to walk_grf
[2025-06-03 16:13:18.837] [info] ExternalForce::grf4 Data source being set to walk_grf
[2025-06-03 16:13:18.853] [info] ExternalForce::grf1 Data source being set to walk_grf
[2025-06-03 16:13:18.853] [info] ExternalForce::grf2 Data source being set to walk_grf
[2025-06-03 16:13:18.853] [info] ExternalForce::grf4 Data source being set to walk_grf
[2025-06-03 16:13:18.879] [info] ExternalForce::grf1 Data source being set to walk_grf
[2025-06-03 16:13:18.879] [info] ExternalForce::grf2 Data source being set to walk_grf
[2025-06-03 16:13:18.879] [info] ExternalForce::grf4 Data source being set to walk_grf
[2025-06-03 16:13:18.917] [info] ExternalForce::grf1 Data source being set to walk_grf
[2025-06-03 16:13:18.917] [info] ExternalForce::grf2 Data source being set to walk_grf
[2025-06-03 16:13:18.917] [info] ExternalForce::grf4 Data source being set to walk_grf
[2025-06-03 16:13:18.941] [info] ExternalForce::grf1 Data source being set to walk_grf
[2025-06-03 16:13:18.941] [info] ExternalForce::grf2 Data source being set to walk_grf
[2025-06-03 16:13:18.941] [info] ExternalForce::grf4 Data source being set to walk_grf
[2025-06-03 16:13:18.957] [info] ExternalForce::grf1 Data source being set to walk_grf
[2025-06-03 16:13:18.957] [info] ExternalForce::grf2 Data source being set to walk_grf
[2025-06-03 16:13:18.957] [info] ExternalForce::grf4 Data source being set to walk_grf
[2025-06-03 16:13:18.982] [info] ExternalForce::grf1 Data source being set to walk_grf
[2025-06-03 16:13:18.982] [info] ExternalForce::grf2 Data source being set to walk_grf
[2025-06-03 16:13:18.982] [info] ExternalForce::grf4 Data source being set to walk_grf
[2025-06-03 16:13:19.022] [info] ExternalForce::grf1 Data source being set to walk_grf
[2025-06-03 16:13:19.022] [info] ExternalForce::grf2 Data source being set to walk_grf
[2025-06-03 16:13:19.022] [info] ExternalForce::grf4 Data source being set to walk_grf
[2025-06-03 16:13:19.057] [info] ExternalForce::grf1 Data source being set to walk_grf
[2025-06-03 16:13:19.057] [info] ExternalForce::grf2 Data source being set to walk_grf
[2025-06-03 16:13:19.057] [info] ExternalForce::grf4 Data source being set to walk_grf
[2025-06-03 16:13:19.075] [info] ExternalForce::grf1 Data source being set to walk_grf
[2025-06-03 16:13:19.075] [info] ExternalForce::grf2 Data source being set to walk_grf
[2025-06-03 16:13:19.075] [info] ExternalForce::grf4 Data source being set to walk_grf
[2025-06-03 16:13:19.102] [info] ExternalForce::grf1 Data source being set to walk_grf
[2025-06-03 16:13:19.102] [info] ExternalForce::grf2 Data source being set to walk_grf
[2025-06-03 16:13:19.102] [info] ExternalForce::grf4 Data source being set to walk_grf
[2025-06-03 16:13:19.133] [info] ExternalForce::grf1 Data source being set to walk_grf
[2025-06-03 16:13:19.133] [info] ExternalForce::grf2 Data source being set to walk_grf
[2025-06-03 16:13:19.133] [info] ExternalForce::grf4 Data source being set to walk_grf
[2025-06-03 16:13:19.153] [info] ExternalForce::grf1 Data source being set to walk_grf
[2025-06-03 16:13:19.153] [info] ExternalForce::grf2 Data source being set to walk_grf
[2025-06-03 16:13:19.153] [info] ExternalForce::grf4 Data source being set to walk_grf
[2025-06-03 16:13:19.170] [info] ExternalForce::grf1 Data source being set to walk_grf
[2025-06-03 16:13:19.170] [info] ExternalForce::grf2 Data source being set to walk_grf
[2025-06-03 16:13:19.170] [info] ExternalForce::grf4 Data source being set to walk_grf
[2025-06-03 16:13:19.199] [info] ExternalForce::grf1 Data source being set to walk_grf
[2025-06-03 16:13:19.199] [info] ExternalForce::grf2 Data source being set to walk_grf
[2025-06-03 16:13:19.199] [info] ExternalForce::grf4 Data source being set to walk_grf
[2025-06-03 16:13:19.227] [info] ExternalForce::grf1 Data source being set to walk_grf
[2025-06-03 16:13:19.227] [info] ExternalForce::grf2 Data source being set to walk_grf
[2025-06-03 16:13:19.227] [info] ExternalForce::grf4 Data source being set to walk_grf
[2025-06-03 16:13:19.251] [info] ExternalForce::grf1 Data source being set to walk_grf
[2025-06-03 16:13:19.251] [info] ExternalForce::grf2 Data source being set to walk_grf
[2025-06-03 16:13:19.251] [info] ExternalForce::grf4 Data source being set to walk_grf
[2025-06-03 16:13:19.271] [info] ExternalForce::grf1 Data source being set to walk_grf
[2025-06-03 16:13:19.271] [info] ExternalForce::grf2 Data source being set to walk_grf
[2025-06-03 16:13:19.271] [info] ExternalForce::grf4 Data source being set to walk_grf
[2025-06-03 16:13:19.299] [info] ExternalForce::grf1 Data source being set to walk_grf
[2025-06-03 16:13:19.299] [info] ExternalForce::grf2 Data source being set to walk_grf
[2025-06-03 16:13:19.299] [info] ExternalForce::grf4 Data source being set to walk_grf
[2025-06-03 16:13:19.327] [info] ExternalForce::grf1 Data source being set to walk_grf
[2025-06-03 16:13:19.327] [info] ExternalForce::grf2 Data source being set to walk_grf
[2025-06-03 16:13:19.327] [info] ExternalForce::grf4 Data source being set to walk_grf
[2025-06-03 16:13:19.348] [info] ExternalForce::grf1 Data source being set to walk_grf
[2025-06-03 16:13:19.348] [info] ExternalForce::grf2 Data source being set to walk_grf
[2025-06-03 16:13:19.348] [info] ExternalForce::grf4 Data source being set to walk_grf
[2025-06-03 16:13:19.364] [info] ExternalForce::grf1 Data source being set to walk_grf
[2025-06-03 16:13:19.364] [info] ExternalForce::grf2 Data source being set to walk_grf
[2025-06-03 16:13:19.364] [info] ExternalForce::grf4 Data source being set to walk_grf
[2025-06-03 16:13:19.389] [info] ExternalForce::grf1 Data source being set to walk_grf
[2025-06-03 16:13:19.389] [info] ExternalForce::grf2 Data source being set to walk_grf
[2025-06-03 16:13:19.389] [info] ExternalForce::grf4 Data source being set to walk_grf
[2025-06-03 16:13:19.415] [info] ExternalForce::grf1 Data source being set to walk_grf
[2025-06-03 16:13:19.415] [info] ExternalForce::grf2 Data source being set to walk_grf
[2025-06-03 16:13:19.415] [info] ExternalForce::grf4 Data source being set to walk_grf
[2025-06-03 16:13:19.437] [info] ExternalForce::grf1 Data source being set to walk_grf
[2025-06-03 16:13:19.437] [info] ExternalForce::grf2 Data source being set to walk_grf
[2025-06-03 16:13:19.437] [info] ExternalForce::grf4 Data source being set to walk_grf
[2025-06-03 16:13:19.458] [info] ExternalForce::grf1 Data source being set to walk_grf
[2025-06-03 16:13:19.458] [info] ExternalForce::grf2 Data source being set to walk_grf
[2025-06-03 16:13:19.458] [info] ExternalForce::grf4 Data source being set to walk_grf
[2025-06-03 16:13:19.485] [info] ExternalForce::grf1 Data source being set to walk_grf
[2025-06-03 16:13:19.485] [info] ExternalForce::grf2 Data source being set to walk_grf
[2025-06-03 16:13:19.485] [info] ExternalForce::grf4 Data source being set to walk_grf
[2025-06-03 16:13:19.515] [info] ExternalForce::grf1 Data source being set to walk_grf
[2025-06-03 16:13:19.515] [info] ExternalForce::grf2 Data source being set to walk_grf
[2025-06-03 16:13:19.515] [info] ExternalForce::grf4 Data source being set to walk_grf
[2025-06-03 16:13:19.535] [info] ExternalForce::grf1 Data source being set to walk_grf
[2025-06-03 16:13:19.535] [info] ExternalForce::grf2 Data source being set to walk_grf
[2025-06-03 16:13:19.535] [info] ExternalForce::grf4 Data source being set to walk_grf
[2025-06-03 16:13:19.550] [info] ExternalForce::grf1 Data source being set to walk_grf
[2025-06-03 16:13:19.550] [info] ExternalForce::grf2 Data source being set to walk_grf
[2025-06-03 16:13:19.550] [info] ExternalForce::grf4 Data source being set to walk_grf
[2025-06-03 16:13:19.574] [info] ExternalForce::grf1 Data source being set to walk_grf
[2025-06-03 16:13:19.574] [info] ExternalForce::grf2 Data source being set to walk_grf
[2025-06-03 16:13:19.574] [info] ExternalForce::grf4 Data source being set to walk_grf
[2025-06-03 16:13:19.602] [info] ExternalForce::grf1 Data source being set to walk_grf
[2025-06-03 16:13:19.602] [info] ExternalForce::grf2 Data source being set to walk_grf
[2025-06-03 16:13:19.602] [info] ExternalForce::grf4 Data source being set to walk_grf
[2025-06-03 16:13:19.622] [info] ExternalForce::grf1 Data source being set to walk_grf
[2025-06-03 16:13:19.622] [info] ExternalForce::grf2 Data source being set to walk_grf
[2025-06-03 16:13:19.622] [info] ExternalForce::grf4 Data source being set to walk_grf
[2025-06-03 16:13:19.637] [info] ExternalForce::grf1 Data source being set to walk_grf
[2025-06-03 16:13:19.637] [info] ExternalForce::grf2 Data source being set to walk_grf
[2025-06-03 16:13:19.637] [info] ExternalForce::grf4 Data source being set to walk_grf
[2025-06-03 16:13:19.660] [info] ExternalForce::grf1 Data source being set to walk_grf
[2025-06-03 16:13:19.660] [info] ExternalForce::grf2 Data source being set to walk_grf
[2025-06-03 16:13:19.660] [info] ExternalForce::grf4 Data source being set to walk_grf
[2025-06-03 16:13:24.276] [info] Loaded model SUBJ01_2d from file SUBJ01_exp-tracking_2d.osim
[2025-06-03 16:13:24.299] [info] ExternalForce::grf1 Data source being set to walk_grf
[2025-06-03 16:13:24.299] [info] ExternalForce::grf2 Data source being set to walk_grf
[2025-06-03 16:13:24.299] [info] ExternalForce::grf4 Data source being set to walk_grf
[2025-06-03 16:13:24.313] [info] ExternalForce::grf1 Data source being set to walk_grf
[2025-06-03 16:13:24.313] [info] ExternalForce::grf2 Data source being set to walk_grf
[2025-06-03 16:13:24.313] [info] ExternalForce::grf4 Data source being set to walk_grf
[2025-06-03 16:13:24.328] [info] ExternalForce::grf1 Data source being set to walk_grf
[2025-06-03 16:13:24.328] [info] ExternalForce::grf2 Data source being set to walk_grf
[2025-06-03 16:13:24.328] [info] ExternalForce::grf4 Data source being set to walk_grf
[2025-06-03 16:13:24.341] [info] ExternalForce::grf1 Data source being set to walk_grf
[2025-06-03 16:13:24.341] [info] ExternalForce::grf2 Data source being set to walk_grf
[2025-06-03 16:13:24.341] [info] ExternalForce::grf4 Data source being set to walk_grf
[2025-06-03 16:13:24.356] [info] ExternalForce::grf1 Data source being set to walk_grf
[2025-06-03 16:13:24.356] [info] ExternalForce::grf2 Data source being set to walk_grf
[2025-06-03 16:13:24.356] [info] ExternalForce::grf4 Data source being set to walk_grf
[2025-06-03 16:13:24.380] [info] ExternalForce::grf1 Data source being set to walk_grf
[2025-06-03 16:13:24.381] [info] ExternalForce::grf2 Data source being set to walk_grf
[2025-06-03 16:13:24.381] [info] ExternalForce::grf4 Data source being set to walk_grf
[2025-06-03 16:13:24.404] [info] ExternalForce::grf1 Data source being set to walk_grf
[2025-06-03 16:13:24.404] [info] ExternalForce::grf2 Data source being set to walk_grf
[2025-06-03 16:13:24.404] [info] ExternalForce::grf4 Data source being set to walk_grf
[2025-06-03 16:13:24.425] [info] ExternalForce::grf1 Data source being set to walk_grf
[2025-06-03 16:13:24.425] [info] ExternalForce::grf2 Data source being set to walk_grf
[2025-06-03 16:13:24.425] [info] ExternalForce::grf4 Data source being set to walk_grf
[2025-06-03 16:13:24.454] [info] ExternalForce::grf1 Data source being set to walk_grf
[2025-06-03 16:13:24.454] [info] ExternalForce::grf2 Data source being set to walk_grf
[2025-06-03 16:13:24.454] [info] ExternalForce::grf4 Data source being set to walk_grf
[2025-06-03 16:13:24.479] [info] ExternalForce::grf1 Data source being set to walk_grf
[2025-06-03 16:13:24.479] [info] ExternalForce::grf2 Data source being set to walk_grf
[2025-06-03 16:13:24.479] [info] ExternalForce::grf4 Data source being set to walk_grf
[2025-06-03 16:13:24.504] [info] ExternalForce::grf1 Data source being set to walk_grf
[2025-06-03 16:13:24.504] [info] ExternalForce::grf2 Data source being set to walk_grf
[2025-06-03 16:13:24.504] [info] ExternalForce::grf4 Data source being set to walk_grf
[2025-06-03 16:13:24.526] [info] ExternalForce::grf1 Data source being set to walk_grf
[2025-06-03 16:13:24.526] [info] ExternalForce::grf2 Data source being set to walk_grf
[2025-06-03 16:13:24.526] [info] ExternalForce::grf4 Data source being set to walk_grf
[2025-06-03 16:13:24.541] [info] ExternalForce::grf1 Data source being set to walk_grf
[2025-06-03 16:13:24.541] [info] ExternalForce::grf2 Data source being set to walk_grf
[2025-06-03 16:13:24.541] [info] ExternalForce::grf4 Data source being set to walk_grf
[2025-06-03 16:13:24.585] [info] ExternalForce::grf1 Data source being set to walk_grf
[2025-06-03 16:13:24.585] [info] ExternalForce::grf2 Data source being set to walk_grf
[2025-06-03 16:13:24.585] [info] ExternalForce::grf4 Data source being set to walk_grf
[2025-06-03 16:13:24.615] [info] ExternalForce::grf1 Data source being set to walk_grf
[2025-06-03 16:13:24.615] [info] ExternalForce::grf2 Data source being set to walk_grf
[2025-06-03 16:13:24.615] [info] ExternalForce::grf4 Data source being set to walk_grf
[2025-06-03 16:13:24.636] [info] ExternalForce::grf1 Data source being set to walk_grf
[2025-06-03 16:13:24.636] [info] ExternalForce::grf2 Data source being set to walk_grf
[2025-06-03 16:13:24.636] [info] ExternalForce::grf4 Data source being set to walk_grf
[2025-06-03 16:13:24.652] [info] ExternalForce::grf1 Data source being set to walk_grf
[2025-06-03 16:13:24.652] [info] ExternalForce::grf2 Data source being set to walk_grf
[2025-06-03 16:13:24.652] [info] ExternalForce::grf4 Data source being set to walk_grf
[2025-06-03 16:13:24.679] [info] ExternalForce::grf1 Data source being set to walk_grf
[2025-06-03 16:13:24.679] [info] ExternalForce::grf2 Data source being set to walk_grf
[2025-06-03 16:13:24.679] [info] ExternalForce::grf4 Data source being set to walk_grf
[2025-06-03 16:13:24.725] [info] ExternalForce::grf1 Data source being set to walk_grf
[2025-06-03 16:13:24.725] [info] ExternalForce::grf2 Data source being set to walk_grf
[2025-06-03 16:13:24.725] [info] ExternalForce::grf4 Data source being set to walk_grf
[2025-06-03 16:13:24.764] [info] ExternalForce::grf1 Data source being set to walk_grf
[2025-06-03 16:13:24.764] [info] ExternalForce::grf2 Data source being set to walk_grf
[2025-06-03 16:13:24.764] [info] ExternalForce::grf4 Data source being set to walk_grf
[2025-06-03 16:13:24.780] [info] ExternalForce::grf1 Data source being set to walk_grf
[2025-06-03 16:13:24.780] [info] ExternalForce::grf2 Data source being set to walk_grf
[2025-06-03 16:13:24.780] [info] ExternalForce::grf4 Data source being set to walk_grf
[2025-06-03 16:13:24.804] [info] ExternalForce::grf1 Data source being set to walk_grf
[2025-06-03 16:13:24.804] [info] ExternalForce::grf2 Data source being set to walk_grf
[2025-06-03 16:13:24.804] [info] ExternalForce::grf4 Data source being set to walk_grf
[2025-06-03 16:13:24.831] [info] ExternalForce::grf1 Data source being set to walk_grf
[2025-06-03 16:13:24.831] [info] ExternalForce::grf2 Data source being set to walk_grf
[2025-06-03 16:13:24.831] [info] ExternalForce::grf4 Data source being set to walk_grf
[2025-06-03 16:13:24.852] [info] ExternalForce::grf1 Data source being set to walk_grf
[2025-06-03 16:13:24.852] [info] ExternalForce::grf2 Data source being set to walk_grf
[2025-06-03 16:13:24.852] [info] ExternalForce::grf4 Data source being set to walk_grf
[2025-06-03 16:13:24.871] [info] ExternalForce::grf1 Data source being set to walk_grf
[2025-06-03 16:13:24.871] [info] ExternalForce::grf2 Data source being set to walk_grf
[2025-06-03 16:13:24.871] [info] ExternalForce::grf4 Data source being set to walk_grf
[2025-06-03 16:13:24.895] [info] ExternalForce::grf1 Data source being set to walk_grf
[2025-06-03 16:13:24.895] [info] ExternalForce::grf2 Data source being set to walk_grf
[2025-06-03 16:13:24.895] [info] ExternalForce::grf4 Data source being set to walk_grf
[2025-06-03 16:13:24.922] [info] ExternalForce::grf1 Data source being set to walk_grf
[2025-06-03 16:13:24.922] [info] ExternalForce::grf2 Data source being set to walk_grf
[2025-06-03 16:13:24.922] [info] ExternalForce::grf4 Data source being set to walk_grf
[2025-06-03 16:13:24.945] [info] ExternalForce::grf1 Data source being set to walk_grf
[2025-06-03 16:13:24.945] [info] ExternalForce::grf2 Data source being set to walk_grf
[2025-06-03 16:13:24.945] [info] ExternalForce::grf4 Data source being set to walk_grf
[2025-06-03 16:13:24.967] [info] ExternalForce::grf1 Data source being set to walk_grf
[2025-06-03 16:13:24.967] [info] ExternalForce::grf2 Data source being set to walk_grf
[2025-06-03 16:13:24.967] [info] ExternalForce::grf4 Data source being set to walk_grf
[2025-06-03 16:13:24.999] [info] ExternalForce::grf1 Data source being set to walk_grf
[2025-06-03 16:13:24.999] [info] ExternalForce::grf2 Data source being set to walk_grf
[2025-06-03 16:13:24.999] [info] ExternalForce::grf4 Data source being set to walk_grf
[2025-06-03 16:13:25.028] [info] ExternalForce::grf1 Data source being set to walk_grf
[2025-06-03 16:13:25.028] [info] ExternalForce::grf2 Data source being set to walk_grf
[2025-06-03 16:13:25.028] [info] ExternalForce::grf4 Data source being set to walk_grf
[2025-06-03 16:13:25.051] [info] ExternalForce::grf1 Data source being set to walk_grf
[2025-06-03 16:13:25.051] [info] ExternalForce::grf2 Data source being set to walk_grf
[2025-06-03 16:13:25.051] [info] ExternalForce::grf4 Data source being set to walk_grf
[2025-06-03 16:13:25.073] [info] ExternalForce::grf1 Data source being set to walk_grf
[2025-06-03 16:13:25.073] [info] ExternalForce::grf2 Data source being set to walk_grf
[2025-06-03 16:13:25.073] [info] ExternalForce::grf4 Data source being set to walk_grf
[2025-06-03 16:13:25.099] [info] ExternalForce::grf1 Data source being set to walk_grf
[2025-06-03 16:13:25.099] [info] ExternalForce::grf2 Data source being set to walk_grf
[2025-06-03 16:13:25.100] [info] ExternalForce::grf4 Data source being set to walk_grf
[2025-06-03 16:13:25.127] [info] ExternalForce::grf1 Data source being set to walk_grf
[2025-06-03 16:13:25.127] [info] ExternalForce::grf2 Data source being set to walk_grf
[2025-06-03 16:13:25.127] [info] ExternalForce::grf4 Data source being set to walk_grf
[2025-06-03 16:13:25.148] [info] ExternalForce::grf1 Data source being set to walk_grf
[2025-06-03 16:13:25.148] [info] ExternalForce::grf2 Data source being set to walk_grf
[2025-06-03 16:13:25.148] [info] ExternalForce::grf4 Data source being set to walk_grf
[2025-06-03 16:13:25.164] [info] ExternalForce::grf1 Data source being set to walk_grf
[2025-06-03 16:13:25.164] [info] ExternalForce::grf2 Data source being set to walk_grf
[2025-06-03 16:13:25.164] [info] ExternalForce::grf4 Data source being set to walk_grf
[2025-06-03 16:13:25.188] [info] ExternalForce::grf1 Data source being set to walk_grf
[2025-06-03 16:13:25.188] [info] ExternalForce::grf2 Data source being set to walk_grf
[2025-06-03 16:13:25.188] [info] ExternalForce::grf4 Data source being set to walk_grf
[2025-06-03 16:13:25.217] [info] ExternalForce::grf1 Data source being set to walk_grf
[2025-06-03 16:13:25.217] [info] ExternalForce::grf2 Data source being set to walk_grf
[2025-06-03 16:13:25.217] [info] ExternalForce::grf4 Data source being set to walk_grf
[2025-06-03 16:13:25.243] [info] ExternalForce::grf1 Data source being set to walk_grf
[2025-06-03 16:13:25.243] [info] ExternalForce::grf2 Data source being set to walk_grf
[2025-06-03 16:13:25.243] [info] ExternalForce::grf4 Data source being set to walk_grf
[2025-06-03 16:13:25.261] [info] ExternalForce::grf1 Data source being set to walk_grf
[2025-06-03 16:13:25.261] [info] ExternalForce::grf2 Data source being set to walk_grf
[2025-06-03 16:13:25.261] [info] ExternalForce::grf4 Data source being set to walk_grf
[2025-06-03 16:13:25.291] [info] ExternalForce::grf1 Data source being set to walk_grf
[2025-06-03 16:13:25.291] [info] ExternalForce::grf2 Data source being set to walk_grf
[2025-06-03 16:13:25.291] [info] ExternalForce::grf4 Data source being set to walk_grf
[2025-06-03 16:13:25.319] [info] ExternalForce::grf1 Data source being set to walk_grf
[2025-06-03 16:13:25.319] [info] ExternalForce::grf2 Data source being set to walk_grf
[2025-06-03 16:13:25.319] [info] ExternalForce::grf4 Data source being set to walk_grf
[2025-06-03 16:13:25.344] [info] ExternalForce::grf1 Data source being set to walk_grf
[2025-06-03 16:13:25.344] [info] ExternalForce::grf2 Data source being set to walk_grf
[2025-06-03 16:13:25.344] [info] ExternalForce::grf4 Data source being set to walk_grf
[2025-06-03 16:13:25.360] [info] ExternalForce::grf1 Data source being set to walk_grf
[2025-06-03 16:13:25.360] [info] ExternalForce::grf2 Data source being set to walk_grf
[2025-06-03 16:13:25.360] [info] ExternalForce::grf4 Data source being set to walk_grf
[2025-06-03 16:13:25.384] [info] ExternalForce::grf1 Data source being set to walk_grf
[2025-06-03 16:13:25.384] [info] ExternalForce::grf2 Data source being set to walk_grf
[2025-06-03 16:13:25.384] [info] ExternalForce::grf4 Data source being set to walk_grf
[2025-06-03 16:13:25.467] [info] ExternalForce::grf1 Data source being set to walk_grf
[2025-06-03 16:13:25.467] [info] ExternalForce::grf2 Data source being set to walk_grf
[2025-06-03 16:13:25.467] [info] ExternalForce::grf4 Data source being set to walk_grf
[2025-06-03 16:13:25.494] [info] ExternalForce::grf1 Data source being set to walk_grf
[2025-06-03 16:13:25.494] [info] ExternalForce::grf2 Data source being set to walk_grf
[2025-06-03 16:13:25.494] [info] ExternalForce::grf4 Data source being set to walk_grf
[2025-06-03 16:13:25.509] [info] ExternalForce::grf1 Data source being set to walk_grf
[2025-06-03 16:13:25.509] [info] ExternalForce::grf2 Data source being set to walk_grf
[2025-06-03 16:13:25.509] [info] ExternalForce::grf4 Data source being set to walk_grf
[2025-06-03 16:13:25.532] [info] ExternalForce::grf1 Data source being set to walk_grf
[2025-06-03 16:13:25.532] [info] ExternalForce::grf2 Data source being set to walk_grf
[2025-06-03 16:13:25.532] [info] ExternalForce::grf4 Data source being set to walk_grf
[2025-06-03 16:13:25.562] [info] ExternalForce::grf1 Data source being set to walk_grf
[2025-06-03 16:13:25.562] [info] ExternalForce::grf2 Data source being set to walk_grf
[2025-06-03 16:13:25.562] [info] ExternalForce::grf4 Data source being set to walk_grf
[2025-06-03 16:13:25.581] [info] ExternalForce::grf1 Data source being set to walk_grf
[2025-06-03 16:13:25.581] [info] ExternalForce::grf2 Data source being set to walk_grf
[2025-06-03 16:13:25.581] [info] ExternalForce::grf4 Data source being set to walk_grf
[2025-06-03 16:13:25.597] [info] ExternalForce::grf1 Data source being set to walk_grf
[2025-06-03 16:13:25.597] [info] ExternalForce::grf2 Data source being set to walk_grf
[2025-06-03 16:13:25.597] [info] ExternalForce::grf4 Data source being set to walk_grf
[2025-06-03 16:13:25.620] [info] ExternalForce::grf1 Data source being set to walk_grf
[2025-06-03 16:13:25.620] [info] ExternalForce::grf2 Data source being set to walk_grf
[2025-06-03 16:13:25.620] [info] ExternalForce::grf4 Data source being set to walk_grf
[2025-06-03 16:13:27.803] [info] ExternalForce::grf1 Data source being set to walk_grf
[2025-06-03 16:13:27.803] [info] ExternalForce::grf2 Data source being set to walk_grf
[2025-06-03 16:13:27.803] [info] ExternalForce::grf4 Data source being set to walk_grf
[2025-06-03 16:13:27.821] [info] ExternalForce::grf1 Data source being set to walk_grf
[2025-06-03 16:13:27.821] [info] ExternalForce::grf2 Data source being set to walk_grf
[2025-06-03 16:13:27.821] [info] ExternalForce::grf4 Data source being set to walk_grf
[2025-06-03 16:13:27.836] [info] ExternalForce::grf1 Data source being set to walk_grf
[2025-06-03 16:13:27.836] [info] ExternalForce::grf2 Data source being set to walk_grf
[2025-06-03 16:13:27.836] [info] ExternalForce::grf4 Data source being set to walk_grf
[2025-06-03 16:13:27.858] [info] ExternalForce::grf1 Data source being set to walk_grf
[2025-06-03 16:13:27.858] [info] ExternalForce::grf2 Data source being set to walk_grf
[2025-06-03 16:13:27.858] [info] ExternalForce::grf4 Data source being set to walk_grf
[2025-06-03 16:13:27.885] [info] ExternalForce::grf1 Data source being set to walk_grf
[2025-06-03 16:13:27.885] [info] ExternalForce::grf2 Data source being set to walk_grf
[2025-06-03 16:13:27.885] [info] ExternalForce::grf4 Data source being set to walk_grf
[2025-06-03 16:13:27.903] [info] ExternalForce::grf1 Data source being set to walk_grf
[2025-06-03 16:13:27.903] [info] ExternalForce::grf2 Data source being set to walk_grf
[2025-06-03 16:13:27.903] [info] ExternalForce::grf4 Data source being set to walk_grf
[2025-06-03 16:13:27.917] [info] ExternalForce::grf1 Data source being set to walk_grf
[2025-06-03 16:13:27.917] [info] ExternalForce::grf2 Data source being set to walk_grf
[2025-06-03 16:13:27.917] [info] ExternalForce::grf4 Data source being set to walk_grf
[2025-06-03 16:13:27.938] [info] ExternalForce::grf1 Data source being set to walk_grf
[2025-06-03 16:13:27.938] [info] ExternalForce::grf2 Data source being set to walk_grf
[2025-06-03 16:13:27.938] [info] ExternalForce::grf4 Data source being set to walk_grf
[2025-06-03 16:13:27.946] [info] ========================================================================
[2025-06-03 16:13:27.946] [info] MocoCasADiSolver starting.
[2025-06-03 16:13:27.946] [info] Tue Jun  3 16:13:27 2025
[2025-06-03 16:13:27.946] [info] ------------------------------------------------------------------------
[2025-06-03 16:13:27.946] [cout] [info] Costs: (total: 3)
[2025-06-03 16:13:27.946] [cout] [info]   state_tracking. MocoStateTrackingGoal, enabled: true, mode: cost, weight: 1.0
[2025-06-03 16:13:27.946] [cout] [info]         state: /jointset/hip_l/hip_flexion_l/value, weight: 1.0
[2025-06-03 16:13:27.946] [cout] [info]         state: /jointset/knee_l/knee_angle_l/value, weight: 1.0
[2025-06-03 16:13:27.946] [cout] [info]         state: /jointset/ankle_l/ankle_angle_l/value, weight: 1.0
[2025-06-03 16:13:27.946] [cout] [info]         state: /jointset/hip_r/hip_flexion_r/value, weight: 1.0
[2025-06-03 16:13:27.946] [cout] [info]         state: /jointset/knee_r/knee_angle_r/value, weight: 1.0
[2025-06-03 16:13:27.946] [cout] [info]         state: /jointset/ankle_r/ankle_angle_r/value, weight: 1.0
[2025-06-03 16:13:27.946] [cout] [info]         state: /jointset/back/lumbar_ext/value, weight: 1.0
[2025-06-03 16:13:27.946] [cout] [info]   marker_tracking. MocoMarkerTrackingGoal, enabled: true, mode: cost, weight: 10.0
[2025-06-03 16:13:27.946] [cout] [info]         allow unused references: 
[2025-06-03 16:13:27.946] [cout] [info]         tracked marker(s):
[2025-06-03 16:13:27.946] [cout] [info]             C7, weight: 1.0
[2025-06-03 16:13:27.946] [cout] [info]             T10, weight: 1.0
[2025-06-03 16:13:27.946] [cout] [info]             CLAV, weight: 1.0
[2025-06-03 16:13:27.946] [cout] [info]             STRN, weight: 1.0
[2025-06-03 16:13:27.946] [cout] [info]             LSHO, weight: 1.0
[2025-06-03 16:13:27.946] [cout] [info]             RSHO, weight: 1.0
[2025-06-03 16:13:27.946] [cout] [info]             LASI, weight: 1.0
[2025-06-03 16:13:27.946] [cout] [info]             RASI, weight: 1.0
[2025-06-03 16:13:27.946] [cout] [info]             SACR, weight: 1.0
[2025-06-03 16:13:27.946] [cout] [info]             LTHI, weight: 1.0
[2025-06-03 16:13:27.946] [cout] [info]             LKNE, weight: 1.0
[2025-06-03 16:13:27.946] [cout] [info]             LTIB, weight: 1.0
[2025-06-03 16:13:27.946] [cout] [info]             LANK, weight: 1.0
[2025-06-03 16:13:27.946] [cout] [info]             LHEE, weight: 1.0
[2025-06-03 16:13:27.946] [cout] [info]             LTOE, weight: 1.0
[2025-06-03 16:13:27.946] [cout] [info]             RTHI, weight: 1.0
[2025-06-03 16:13:27.946] [cout] [info]             RKNE, weight: 1.0
[2025-06-03 16:13:27.946] [cout] [info]             RTIB, weight: 1.0
[2025-06-03 16:13:27.946] [cout] [info]             RANK, weight: 1.0
[2025-06-03 16:13:27.946] [cout] [info]             RHEE, weight: 1.0
[2025-06-03 16:13:27.946] [cout] [info]             RTOE, weight: 1.0
[2025-06-03 16:13:27.946] [cout] [info]   control_effort. MocoControlGoal, enabled: true, mode: cost, weight: 0.00100000
[2025-06-03 16:13:27.946] [cout] [info]         control: /forceset/pelvis_tx_residual, weight: 1.0
[2025-06-03 16:13:27.946] [cout] [info]         control: /forceset/pelvis_ty_residual, weight: 1.0
[2025-06-03 16:13:27.946] [cout] [info]         control: /forceset/pelvis_tilt_residual, weight: 1.0
[2025-06-03 16:13:27.946] [cout] [info]         control: /forceset/hip_flexion_r_torque, weight: 1.0
[2025-06-03 16:13:27.946] [cout] [info]         control: /forceset/knee_angle_r_torque, weight: 1.0
[2025-06-03 16:13:27.946] [cout] [info]         control: /forceset/ankle_angle_r_torque, weight: 1.0
[2025-06-03 16:13:27.946] [cout] [info]         control: /forceset/hip_flexion_l_torque, weight: 1.0
[2025-06-03 16:13:27.946] [cout] [info]         control: /forceset/knee_angle_l_torque, weight: 1.0
[2025-06-03 16:13:27.946] [cout] [info]         control: /forceset/ankle_angle_l_torque, weight: 1.0
[2025-06-03 16:13:27.946] [cout] [info]         control: /forceset/lumbar_ext_torque, weight: 1.0
[2025-06-03 16:13:27.946] [cout] [info] Endpoint constraints: none
[2025-06-03 16:13:27.946] [cout] [info] Kinematic constraints: none
[2025-06-03 16:13:27.946] [cout] [info] Path constraints: none
[2025-06-03 16:13:27.946] [cout] [info] States: (total: 20)
[2025-06-03 16:13:27.946] [cout] [info]   /jointset/ground_pelvis/pelvis_tilt/value. bounds: [-1.5708, 1.5708]
[2025-06-03 16:13:27.946] [cout] [info]   /jointset/ground_pelvis/pelvis_tx/value. bounds: [-5, 5]
[2025-06-03 16:13:27.946] [cout] [info]   /jointset/knee_r/knee_angle_r/speed. bounds: [-50, 50]
[2025-06-03 16:13:27.946] [cout] [info]   /jointset/ankle_l/ankle_angle_l/value. bounds: [-1.0472, 1.0472]
[2025-06-03 16:13:27.946] [cout] [info]   /jointset/ground_pelvis/pelvis_ty/value. bounds: [-1, 2]
[2025-06-03 16:13:27.947] [cout] [info]   /jointset/ankle_r/ankle_angle_r/value. bounds: [-1.5708, 1.5708]
[2025-06-03 16:13:27.947] [cout] [info]   /jointset/hip_r/hip_flexion_r/value. bounds: [-2.0944, 2.0944]
[2025-06-03 16:13:27.947] [cout] [info]   /jointset/back/lumbar_ext/speed. bounds: [-50, 50]
[2025-06-03 16:13:27.947] [cout] [info]   /jointset/knee_r/knee_angle_r/value. bounds: [-2.0944, 0]
[2025-06-03 16:13:27.947] [cout] [info]   /jointset/knee_l/knee_angle_l/speed. bounds: [-50, 50]
[2025-06-03 16:13:27.947] [cout] [info]   /jointset/hip_l/hip_flexion_l/value. bounds: [-2.0944, 2.0944]
[2025-06-03 16:13:27.947] [cout] [info]   /jointset/knee_l/knee_angle_l/value. bounds: [-2.0944, 0]
[2025-06-03 16:13:27.947] [cout] [info]   /jointset/back/lumbar_ext/value. bounds: [-1.5708, 1.5708]
[2025-06-03 16:13:27.947] [cout] [info]   /jointset/ground_pelvis/pelvis_tilt/speed. bounds: [-50, 50]
[2025-06-03 16:13:27.947] [cout] [info]   /jointset/ground_pelvis/pelvis_tx/speed. bounds: [-50, 50]
[2025-06-03 16:13:27.947] [cout] [info]   /jointset/ankle_l/ankle_angle_l/speed. bounds: [-50, 50]
[2025-06-03 16:13:27.947] [cout] [info]   /jointset/ground_pelvis/pelvis_ty/speed. bounds: [-50, 50]
[2025-06-03 16:13:27.947] [cout] [info]   /jointset/ankle_r/ankle_angle_r/speed. bounds: [-50, 50]
[2025-06-03 16:13:27.947] [cout] [info]   /jointset/hip_r/hip_flexion_r/speed. bounds: [-50, 50]
[2025-06-03 16:13:27.947] [cout] [info]   /jointset/hip_l/hip_flexion_l/speed. bounds: [-50, 50]
[2025-06-03 16:13:27.947] [cout] [info] Controls: (total: 10)
[2025-06-03 16:13:27.947] [cout] [info]   /forceset/pelvis_tx_residual. bounds: [-inf, inf]
[2025-06-03 16:13:27.947] [cout] [info]   /forceset/ankle_angle_r_torque. bounds: [-inf, inf]
[2025-06-03 16:13:27.947] [cout] [info]   /forceset/pelvis_ty_residual. bounds: [-inf, inf]
[2025-06-03 16:13:27.947] [cout] [info]   /forceset/pelvis_tilt_residual. bounds: [-inf, inf]
[2025-06-03 16:13:27.947] [cout] [info]   /forceset/hip_flexion_r_torque. bounds: [-inf, inf]
[2025-06-03 16:13:27.947] [cout] [info]   /forceset/knee_angle_r_torque. bounds: [-inf, inf]
[2025-06-03 16:13:27.947] [cout] [info]   /forceset/hip_flexion_l_torque. bounds: [-inf, inf]
[2025-06-03 16:13:27.947] [cout] [info]   /forceset/knee_angle_l_torque. bounds: [-inf, inf]
[2025-06-03 16:13:27.947] [cout] [info]   /forceset/ankle_angle_l_torque. bounds: [-inf, inf]
[2025-06-03 16:13:27.947] [cout] [info]   /forceset/lumbar_ext_torque. bounds: [-inf, inf]
[2025-06-03 16:13:27.947] [cout] [info] Parameters: none
[2025-06-03 16:13:27.964] [info] ExternalForce::grf1 Data source being set to walk_grf
[2025-06-03 16:13:27.964] [info] ExternalForce::grf2 Data source being set to walk_grf
[2025-06-03 16:13:27.964] [info] ExternalForce::grf4 Data source being set to walk_grf
[2025-06-03 16:13:27.985] [info] ExternalForce::grf1 Data source being set to walk_grf
[2025-06-03 16:13:27.985] [info] ExternalForce::grf2 Data source being set to walk_grf
[2025-06-03 16:13:27.985] [info] ExternalForce::grf4 Data source being set to walk_grf
[2025-06-03 16:13:28.001] [info] ExternalForce::grf1 Data source being set to walk_grf
[2025-06-03 16:13:28.001] [info] ExternalForce::grf2 Data source being set to walk_grf
[2025-06-03 16:13:28.001] [info] ExternalForce::grf4 Data source being set to walk_grf
[2025-06-03 16:13:28.024] [info] ExternalForce::grf1 Data source being set to walk_grf
[2025-06-03 16:13:28.024] [info] ExternalForce::grf2 Data source being set to walk_grf
[2025-06-03 16:13:28.024] [info] ExternalForce::grf4 Data source being set to walk_grf
[2025-06-03 16:13:28.051] [info] ExternalForce::grf1 Data source being set to walk_grf
[2025-06-03 16:13:28.051] [info] ExternalForce::grf2 Data source being set to walk_grf
[2025-06-03 16:13:28.051] [info] ExternalForce::grf4 Data source being set to walk_grf
[2025-06-03 16:13:28.070] [info] ExternalForce::grf1 Data source being set to walk_grf
[2025-06-03 16:13:28.071] [info] ExternalForce::grf2 Data source being set to walk_grf
[2025-06-03 16:13:28.071] [info] ExternalForce::grf4 Data source being set to walk_grf
[2025-06-03 16:13:28.105] [info] ExternalForce::grf1 Data source being set to walk_grf
[2025-06-03 16:13:28.105] [info] ExternalForce::grf2 Data source being set to walk_grf
[2025-06-03 16:13:28.105] [info] ExternalForce::grf4 Data source being set to walk_grf
[2025-06-03 16:13:28.155] [info] ExternalForce::grf1 Data source being set to walk_grf
[2025-06-03 16:13:28.155] [info] ExternalForce::grf2 Data source being set to walk_grf
[2025-06-03 16:13:28.155] [info] ExternalForce::grf4 Data source being set to walk_grf
[2025-06-03 16:13:28.192] [info] ExternalForce::grf1 Data source being set to walk_grf
[2025-06-03 16:13:28.192] [info] ExternalForce::grf2 Data source being set to walk_grf
[2025-06-03 16:13:28.192] [info] ExternalForce::grf4 Data source being set to walk_grf
[2025-06-03 16:13:28.218] [info] ExternalForce::grf1 Data source being set to walk_grf
[2025-06-03 16:13:28.218] [info] ExternalForce::grf2 Data source being set to walk_grf
[2025-06-03 16:13:28.218] [info] ExternalForce::grf4 Data source being set to walk_grf
[2025-06-03 16:13:28.239] [info] ExternalForce::grf1 Data source being set to walk_grf
[2025-06-03 16:13:28.239] [info] ExternalForce::grf2 Data source being set to walk_grf
[2025-06-03 16:13:28.239] [info] ExternalForce::grf4 Data source being set to walk_grf
[2025-06-03 16:13:28.267] [info] ExternalForce::grf1 Data source being set to walk_grf
[2025-06-03 16:13:28.267] [info] ExternalForce::grf2 Data source being set to walk_grf
[2025-06-03 16:13:28.267] [info] ExternalForce::grf4 Data source being set to walk_grf
[2025-06-03 16:13:28.300] [info] ExternalForce::grf1 Data source being set to walk_grf
[2025-06-03 16:13:28.300] [info] ExternalForce::grf2 Data source being set to walk_grf
[2025-06-03 16:13:28.301] [info] ExternalForce::grf4 Data source being set to walk_grf
[2025-06-03 16:13:28.330] [info] ExternalForce::grf1 Data source being set to walk_grf
[2025-06-03 16:13:28.330] [info] ExternalForce::grf2 Data source being set to walk_grf
[2025-06-03 16:13:28.330] [info] ExternalForce::grf4 Data source being set to walk_grf
[2025-06-03 16:13:28.351] [info] ExternalForce::grf1 Data source being set to walk_grf
[2025-06-03 16:13:28.351] [info] ExternalForce::grf2 Data source being set to walk_grf
[2025-06-03 16:13:28.351] [info] ExternalForce::grf4 Data source being set to walk_grf
[2025-06-03 16:13:28.383] [info] ExternalForce::grf1 Data source being set to walk_grf
[2025-06-03 16:13:28.383] [info] ExternalForce::grf2 Data source being set to walk_grf
[2025-06-03 16:13:28.383] [info] ExternalForce::grf4 Data source being set to walk_grf
[2025-06-03 16:13:28.418] [info] ExternalForce::grf1 Data source being set to walk_grf
[2025-06-03 16:13:28.418] [info] ExternalForce::grf2 Data source being set to walk_grf
[2025-06-03 16:13:28.418] [info] ExternalForce::grf4 Data source being set to walk_grf
[2025-06-03 16:13:28.442] [info] ExternalForce::grf1 Data source being set to walk_grf
[2025-06-03 16:13:28.442] [info] ExternalForce::grf2 Data source being set to walk_grf
[2025-06-03 16:13:28.442] [info] ExternalForce::grf4 Data source being set to walk_grf
[2025-06-03 16:13:28.464] [info] ExternalForce::grf1 Data source being set to walk_grf
[2025-06-03 16:13:28.465] [info] ExternalForce::grf2 Data source being set to walk_grf
[2025-06-03 16:13:28.465] [info] ExternalForce::grf4 Data source being set to walk_grf
[2025-06-03 16:13:28.496] [info] ExternalForce::grf1 Data source being set to walk_grf
[2025-06-03 16:13:28.496] [info] ExternalForce::grf2 Data source being set to walk_grf
[2025-06-03 16:13:28.496] [info] ExternalForce::grf4 Data source being set to walk_grf
[2025-06-03 16:13:28.530] [info] ExternalForce::grf1 Data source being set to walk_grf
[2025-06-03 16:13:28.530] [info] ExternalForce::grf2 Data source being set to walk_grf
[2025-06-03 16:13:28.530] [info] ExternalForce::grf4 Data source being set to walk_grf
[2025-06-03 16:13:28.560] [info] ExternalForce::grf1 Data source being set to walk_grf
[2025-06-03 16:13:28.560] [info] ExternalForce::grf2 Data source being set to walk_grf
[2025-06-03 16:13:28.561] [info] ExternalForce::grf4 Data source being set to walk_grf
[2025-06-03 16:13:28.577] [info] ExternalForce::grf1 Data source being set to walk_grf
[2025-06-03 16:13:28.577] [info] ExternalForce::grf2 Data source being set to walk_grf
[2025-06-03 16:13:28.577] [info] ExternalForce::grf4 Data source being set to walk_grf
[2025-06-03 16:13:28.614] [info] ExternalForce::grf1 Data source being set to walk_grf
[2025-06-03 16:13:28.614] [info] ExternalForce::grf2 Data source being set to walk_grf
[2025-06-03 16:13:28.614] [info] ExternalForce::grf4 Data source being set to walk_grf
[2025-06-03 16:13:28.655] [info] ExternalForce::grf1 Data source being set to walk_grf
[2025-06-03 16:13:28.655] [info] ExternalForce::grf2 Data source being set to walk_grf
[2025-06-03 16:13:28.655] [info] ExternalForce::grf4 Data source being set to walk_grf
[2025-06-03 16:13:28.689] [info] ExternalForce::grf1 Data source being set to walk_grf
[2025-06-03 16:13:28.689] [info] ExternalForce::grf2 Data source being set to walk_grf
[2025-06-03 16:13:28.689] [info] ExternalForce::grf4 Data source being set to walk_grf
[2025-06-03 16:13:28.708] [info] ExternalForce::grf1 Data source being set to walk_grf
[2025-06-03 16:13:28.708] [info] ExternalForce::grf2 Data source being set to walk_grf
[2025-06-03 16:13:28.708] [info] ExternalForce::grf4 Data source being set to walk_grf
[2025-06-03 16:13:28.737] [info] ExternalForce::grf1 Data source being set to walk_grf
[2025-06-03 16:13:28.737] [info] ExternalForce::grf2 Data source being set to walk_grf
[2025-06-03 16:13:28.737] [info] ExternalForce::grf4 Data source being set to walk_grf
[2025-06-03 16:13:28.774] [info] ExternalForce::grf1 Data source being set to walk_grf
[2025-06-03 16:13:28.774] [info] ExternalForce::grf2 Data source being set to walk_grf
[2025-06-03 16:13:28.774] [info] ExternalForce::grf4 Data source being set to walk_grf
[2025-06-03 16:13:28.802] [info] ExternalForce::grf1 Data source being set to walk_grf
[2025-06-03 16:13:28.802] [info] ExternalForce::grf2 Data source being set to walk_grf
[2025-06-03 16:13:28.802] [info] ExternalForce::grf4 Data source being set to walk_grf
[2025-06-03 16:13:28.826] [info] ExternalForce::grf1 Data source being set to walk_grf
[2025-06-03 16:13:28.826] [info] ExternalForce::grf2 Data source being set to walk_grf
[2025-06-03 16:13:28.826] [info] ExternalForce::grf4 Data source being set to walk_grf
[2025-06-03 16:13:28.861] [info] ExternalForce::grf1 Data source being set to walk_grf
[2025-06-03 16:13:28.861] [info] ExternalForce::grf2 Data source being set to walk_grf
[2025-06-03 16:13:28.861] [info] ExternalForce::grf4 Data source being set to walk_grf
[2025-06-03 16:13:28.871] [info] Number of threads: 8
[2025-06-03 16:14:17.878] [info] Set log level to Info.
[2025-06-03 16:14:17.881] [info] ------------------------------------------------------------------------
[2025-06-03 16:14:17.881] [info] Elapsed real time: 50 second(s).
[2025-06-03 16:14:17.881] [info] Tue Jun  3 16:14:17 2025
[2025-06-03 16:14:17.881] [info] MocoCasADiSolver succeeded!
[2025-06-03 16:14:17.881] [info] ========================================================================
[2025-06-03 16:14:29.304] [info] ExternalForce::grf1 Data source being set to walk_grf
[2025-06-03 16:14:29.304] [info] ExternalForce::grf2 Data source being set to walk_grf
[2025-06-03 16:14:29.304] [info] ExternalForce::grf4 Data source being set to walk_grf
[2025-06-03 16:14:29.336] [info] ExternalForce::grf1 Data source being set to walk_grf
[2025-06-03 16:14:29.336] [info] ExternalForce::grf2 Data source being set to walk_grf
[2025-06-03 16:14:29.336] [info] ExternalForce::grf4 Data source being set to walk_grf
[2025-06-03 16:14:29.395] [info] ExternalForce::grf1 Data source being set to walk_grf
[2025-06-03 16:14:29.395] [info] ExternalForce::grf2 Data source being set to walk_grf
[2025-06-03 16:14:29.395] [info] ExternalForce::grf4 Data source being set to walk_grf
[2025-06-03 16:14:34.225] [cout] [info] Exiting visualization.
[2025-06-03 16:14:44.135] [info] Loaded model SUBJ01_2d from file ..\data\SUBJ01\scaling\SUBJ01_scaledModelAdjusted_2d.osim
[2025-06-03 16:15:07.771] [info] Loaded model SUBJ01_2d from file ..\data\SUBJ01\scaling\SUBJ01_scaledModelAdjusted_2d.osim
