[2025-05-30 16:18:19.046] [info] Processing subject ...
[2025-05-30 16:18:19.046] [info] Step 1: Loading generic model
[2025-05-30 16:18:19.073] [info] Loaded model Denton2023_Crienkinge2023 from file c:\+GitRepos+\optimal-control-weights\datasets\Crienkinge2023\model\Denton2023_Crienkinge2023.osim
[2025-05-30 16:18:19.100] [info] Step 2: Scaling generic model
[2025-05-30 16:18:19.111] [info] Loaded marker file ..\data\SUBJ01\static\static.trc (33 markers, 82 frames)
[2025-05-30 16:18:19.111] [info] Measurement 'torso_depth'
[2025-05-30 16:18:19.111] [info] 	pair 0 (C7, CLAV): model = 0.136565, experimental = 0.177665
[2025-05-30 16:18:19.111] [info] 	pair 1 (T10, STRN): model = 0.200328, experimental = 0.272991
[2025-05-30 16:18:19.112] [info] 	overall scale factor = 1.33184
[2025-05-30 16:18:19.112] [info] Measurement 'torso_height'
[2025-05-30 16:18:19.112] [info] 	pair 0 (C7, T10): model = 0.26417, experimental = 0.230993
[2025-05-30 16:18:19.112] [info] 	pair 1 (CLAV, STRN): model = 0.166215, experimental = 0.167255
[2025-05-30 16:18:19.112] [info] 	overall scale factor = 0.940334
[2025-05-30 16:18:19.112] [info] Measurement 'torso_width'
[2025-05-30 16:18:19.112] [info] 	pair 0 (RSHO, LSHO): model = 0.278272, experimental = 0.343804
[2025-05-30 16:18:19.112] [info] 	overall scale factor = 1.2355
[2025-05-30 16:18:19.112] [info] Measurement 'pelvis_depth'
[2025-05-30 16:18:19.112] [info] 	pair 0 (RASI, SACR): model = 0.209427, experimental = 0.221943
[2025-05-30 16:18:19.112] [info] 	pair 1 (LASI, SACR): model = 0.209427, experimental = 0.226752
[2025-05-30 16:18:19.112] [info] 	overall scale factor = 1.07125
[2025-05-30 16:18:19.112] [info] Measurement 'pelvis_height'
[2025-05-30 16:18:19.112] [info] 	pair 0 (RASI, LASI): model = 0.256928, experimental = 0.281929
[2025-05-30 16:18:19.112] [info] 	overall scale factor = 1.09731
[2025-05-30 16:18:19.112] [info] Measurement 'pelvis_width'
[2025-05-30 16:18:19.112] [info] 	pair 0 (RASI, LASI): model = 0.256928, experimental = 0.281929
[2025-05-30 16:18:19.112] [info] 	overall scale factor = 1.09731
[2025-05-30 16:18:19.112] [info] Measurement 'l_thigh'
[2025-05-30 16:18:19.112] [info] 	pair 0 (LASI, LKNE): model = 0.504880, experimental = 0.454087
[2025-05-30 16:18:19.112] [info] 	overall scale factor = 0.899395
[2025-05-30 16:18:19.112] [info] Measurement 'l_patella'
[2025-05-30 16:18:19.112] [info] 	pair 0 (LASI, LKNE): model = 0.504880, experimental = 0.454087
[2025-05-30 16:18:19.112] [info] 	overall scale factor = 0.899395
[2025-05-30 16:18:19.112] [info] Measurement 'l_tibia'
[2025-05-30 16:18:19.112] [info] 	pair 0 (LKNE, LANK): model = 0.399858, experimental = 0.373586
[2025-05-30 16:18:19.112] [info] 	overall scale factor = 0.934296
[2025-05-30 16:18:19.112] [info] Measurement 'l_foot'
[2025-05-30 16:18:19.112] [info] 	pair 0 (LHEE, LTOE): model = 0.205925, experimental = 0.16716
[2025-05-30 16:18:19.112] [info] 	overall scale factor = 0.811751
[2025-05-30 16:18:19.112] [info] Measurement 'r_thigh'
[2025-05-30 16:18:19.112] [info] 	pair 0 (RASI, RKNE): model = 0.504880, experimental = 0.447983
[2025-05-30 16:18:19.112] [info] 	overall scale factor = 0.887307
[2025-05-30 16:18:19.112] [info] Measurement 'r_patella'
[2025-05-30 16:18:19.112] [info] 	pair 0 (RASI, RKNE): model = 0.504880, experimental = 0.447983
[2025-05-30 16:18:19.112] [info] 	overall scale factor = 0.887307
[2025-05-30 16:18:19.112] [info] Measurement 'r_tibia'
[2025-05-30 16:18:19.112] [info] 	pair 0 (RKNE, RANK): model = 0.399858, experimental = 0.382186
[2025-05-30 16:18:19.112] [info] 	overall scale factor = 0.955803
[2025-05-30 16:18:19.112] [info] Measurement 'r_foot'
[2025-05-30 16:18:19.112] [info] 	pair 0 (RHEE, RTOE): model = 0.205925, experimental = 0.169199
[2025-05-30 16:18:19.113] [info] 	overall scale factor = 0.821653
[2025-05-30 16:18:19.146] [info] Wrote model file '..\data\SUBJ01\scaling\SUBJ01_scaledModel_2d.osim' from model.
[2025-05-30 16:18:19.149] [info] Wrote scale file '..\data\SUBJ01\scaling\SUBJ01_scaleSet_2d.xml' for model model.
[2025-05-30 16:18:19.149] [info] Step 3: Placing markers on model
[2025-05-30 16:18:19.163] [info] Loaded marker file ..\data\SUBJ01\static\static.trc (33 markers, 82 frames)
[2025-05-30 16:18:19.163] [info] Averaged frames from time 0.1 to 0.2 in ..\data\SUBJ01\static\static.trc (frames 11 to 21)
[2025-05-30 16:18:19.164] [info] Deleted 16 unused markers from model model.
[2025-05-30 16:18:19.192] [info] Frame at (t = 0.1):	 total squared error = 0.525643, marker error: RMS = 0.201082, max = 0.249836 (RHEE)
[2025-05-30 16:18:19.192] [info] Moved markers in model model to match locations in marker file '..\data\SUBJ01\static\static.trc'.
[2025-05-30 16:18:19.208] [info] Wrote model file '..\data\SUBJ01\scaling\SUBJ01_scaledModelAdjusted_2d.osim' from model model.
[2025-05-30 19:43:38.814] [info] Processing subject ...
[2025-05-30 19:43:38.814] [info] Step 1: Loading generic model
[2025-05-30 19:43:38.851] [info] Loaded model Miller2021_Crienkinge2023 from file c:\+GitRepos+\optimal-control-weights\datasets\Crienkinge2023\model\Miller2021_Crienkinge2023.osim
[2025-05-30 19:43:38.877] [info] Step 2: Scaling generic model
[2025-05-30 19:43:38.893] [info] Loaded marker file ..\data\SUBJ01\static\static.trc (33 markers, 82 frames)
[2025-05-30 19:43:38.893] [info] Measurement 'torso_depth'
[2025-05-30 19:43:38.893] [info] 	pair 0 (C7, CLAV): model = 0.136565, experimental = 0.177766
[2025-05-30 19:43:38.893] [info] 	pair 1 (T10, STRN): model = 0.200328, experimental = 0.273446
[2025-05-30 19:43:38.893] [info] 	overall scale factor = 1.33334
[2025-05-30 19:43:38.893] [info] Measurement 'torso_height'
[2025-05-30 19:43:38.893] [info] 	pair 0 (C7, T10): model = 0.26417, experimental = 0.230914
[2025-05-30 19:43:38.893] [info] 	pair 1 (CLAV, STRN): model = 0.166215, experimental = 0.167186
[2025-05-30 19:43:38.893] [info] 	overall scale factor = 0.939974
[2025-05-30 19:43:38.893] [info] Measurement 'torso_width'
[2025-05-30 19:43:38.893] [info] 	pair 0 (RSHO, LSHO): model = 0.278272, experimental = 0.34416
[2025-05-30 19:43:38.893] [info] 	overall scale factor = 1.23678
[2025-05-30 19:43:38.893] [info] Measurement 'pelvis_depth'
[2025-05-30 19:43:38.893] [info] 	pair 0 (RASI, SACR): model = 0.209427, experimental = 0.221864
[2025-05-30 19:43:38.894] [info] 	pair 1 (LASI, SACR): model = 0.209427, experimental = 0.226713
[2025-05-30 19:43:38.894] [info] 	overall scale factor = 1.07097
[2025-05-30 19:43:38.894] [info] Measurement 'pelvis_height'
[2025-05-30 19:43:38.894] [info] 	pair 0 (RASI, LASI): model = 0.256928, experimental = 0.281719
[2025-05-30 19:43:38.894] [info] 	overall scale factor = 1.09649
[2025-05-30 19:43:38.894] [info] Measurement 'pelvis_width'
[2025-05-30 19:43:38.894] [info] 	pair 0 (RASI, LASI): model = 0.256928, experimental = 0.281719
[2025-05-30 19:43:38.894] [info] 	overall scale factor = 1.09649
[2025-05-30 19:43:38.894] [info] Measurement 'l_thigh'
[2025-05-30 19:43:38.894] [info] 	pair 0 (LASI, LKNE): model = 0.504880, experimental = 0.454182
[2025-05-30 19:43:38.894] [info] 	overall scale factor = 0.899584
[2025-05-30 19:43:38.894] [info] Measurement 'l_patella'
[2025-05-30 19:43:38.894] [info] 	pair 0 (LASI, LKNE): model = 0.504880, experimental = 0.454182
[2025-05-30 19:43:38.894] [info] 	overall scale factor = 0.899584
[2025-05-30 19:43:38.894] [info] Measurement 'l_tibia'
[2025-05-30 19:43:38.894] [info] 	pair 0 (LKNE, LANK): model = 0.399858, experimental = 0.373569
[2025-05-30 19:43:38.894] [info] 	overall scale factor = 0.934253
[2025-05-30 19:43:38.894] [info] Measurement 'l_foot'
[2025-05-30 19:43:38.894] [info] 	pair 0 (LHEE, LTOE): model = 0.205925, experimental = 0.167202
[2025-05-30 19:43:38.894] [info] 	overall scale factor = 0.811955
[2025-05-30 19:43:38.894] [info] Measurement 'r_thigh'
[2025-05-30 19:43:38.894] [info] 	pair 0 (RASI, RKNE): model = 0.504880, experimental = 0.448491
[2025-05-30 19:43:38.894] [info] 	overall scale factor = 0.888311
[2025-05-30 19:43:38.894] [info] Measurement 'r_patella'
[2025-05-30 19:43:38.894] [info] 	pair 0 (RASI, RKNE): model = 0.504880, experimental = 0.448491
[2025-05-30 19:43:38.894] [info] 	overall scale factor = 0.888311
[2025-05-30 19:43:38.894] [info] Measurement 'r_tibia'
[2025-05-30 19:43:38.894] [info] 	pair 0 (RKNE, RANK): model = 0.399858, experimental = 0.381873
[2025-05-30 19:43:38.894] [info] 	overall scale factor = 0.955022
[2025-05-30 19:43:38.894] [info] Measurement 'r_foot'
[2025-05-30 19:43:38.894] [info] 	pair 0 (RHEE, RTOE): model = 0.205925, experimental = 0.169272
[2025-05-30 19:43:38.894] [info] 	overall scale factor = 0.822007
[2025-05-30 19:43:38.955] [info] Wrote model file '..\data\SUBJ01\scaling\SUBJ01_scaledModel_3d.osim' from model.
[2025-05-30 19:43:38.959] [info] Wrote scale file '..\data\SUBJ01\scaling\SUBJ01_scaleSet_3d.xml' for model model.
[2025-05-30 19:43:38.959] [info] Step 3: Placing markers on model
[2025-05-30 19:43:38.968] [info] Loaded marker file ..\data\SUBJ01\static\static.trc (33 markers, 82 frames)
[2025-05-30 19:43:38.968] [info] Averaged frames from time 0.0 to 0.81 in ..\data\SUBJ01\static\static.trc (frames 1 to 82)
[2025-05-30 19:43:38.968] [info] Deleted 12 unused markers from model model.
[2025-05-30 19:43:39.035] [info] Frame at (t = 0.0):	 total squared error = 0.00124552, marker error: RMS = 0.00978821, max = 0.018487 (T10)
[2025-05-30 19:43:39.035] [info] Moved markers in model model to match locations in marker file '..\data\SUBJ01\static\static.trc'.
[2025-05-30 19:43:39.060] [info] Wrote model file '..\data\SUBJ01\scaling\SUBJ01_scaledModelAdjusted_3d.osim' from model model.
[2025-05-30 19:46:16.490] [info] Processing subject ...
[2025-05-30 19:46:16.490] [info] Step 1: Loading generic model
[2025-05-30 19:46:16.527] [info] Loaded model Miller2021_Crienkinge2023 from file c:\+GitRepos+\optimal-control-weights\datasets\Crienkinge2023\model\Miller2021_Crienkinge2023.osim
[2025-05-30 19:46:16.545] [info] Step 2: Scaling generic model
[2025-05-30 19:46:16.562] [info] Loaded marker file ..\data\SUBJ01\static\static.trc (33 markers, 82 frames)
[2025-05-30 19:46:16.562] [info] Measurement 'torso_depth'
[2025-05-30 19:46:16.562] [info] 	pair 0 (C7, CLAV): model = 0.136565, experimental = 0.177766
[2025-05-30 19:46:16.562] [info] 	pair 1 (T10, STRN): model = 0.200328, experimental = 0.273446
[2025-05-30 19:46:16.562] [info] 	overall scale factor = 1.33334
[2025-05-30 19:46:16.562] [info] Measurement 'torso_height'
[2025-05-30 19:46:16.562] [info] 	pair 0 (C7, T10): model = 0.26417, experimental = 0.230914
[2025-05-30 19:46:16.562] [info] 	pair 1 (CLAV, STRN): model = 0.166215, experimental = 0.167186
[2025-05-30 19:46:16.562] [info] 	overall scale factor = 0.939974
[2025-05-30 19:46:16.562] [info] Measurement 'torso_width'
[2025-05-30 19:46:16.562] [info] 	pair 0 (RSHO, LSHO): model = 0.278272, experimental = 0.34416
[2025-05-30 19:46:16.562] [info] 	overall scale factor = 1.23678
[2025-05-30 19:46:16.562] [info] Measurement 'pelvis_depth'
[2025-05-30 19:46:16.562] [info] 	pair 0 (RASI, SACR): model = 0.209427, experimental = 0.221864
[2025-05-30 19:46:16.562] [info] 	pair 1 (LASI, SACR): model = 0.209427, experimental = 0.226713
[2025-05-30 19:46:16.562] [info] 	overall scale factor = 1.07097
[2025-05-30 19:46:16.562] [info] Measurement 'pelvis_height'
[2025-05-30 19:46:16.562] [info] 	pair 0 (RASI, LASI): model = 0.256928, experimental = 0.281719
[2025-05-30 19:46:16.562] [info] 	overall scale factor = 1.09649
[2025-05-30 19:46:16.562] [info] Measurement 'pelvis_width'
[2025-05-30 19:46:16.562] [info] 	pair 0 (RASI, LASI): model = 0.256928, experimental = 0.281719
[2025-05-30 19:46:16.562] [info] 	overall scale factor = 1.09649
[2025-05-30 19:46:16.562] [info] Measurement 'l_thigh'
[2025-05-30 19:46:16.562] [info] 	pair 0 (LASI, LKNE): model = 0.504880, experimental = 0.454182
[2025-05-30 19:46:16.562] [info] 	overall scale factor = 0.899584
[2025-05-30 19:46:16.562] [info] Measurement 'l_patella'
[2025-05-30 19:46:16.562] [info] 	pair 0 (LASI, LKNE): model = 0.504880, experimental = 0.454182
[2025-05-30 19:46:16.562] [info] 	overall scale factor = 0.899584
[2025-05-30 19:46:16.562] [info] Measurement 'l_tibia'
[2025-05-30 19:46:16.563] [info] 	pair 0 (LKNE, LANK): model = 0.399858, experimental = 0.373569
[2025-05-30 19:46:16.563] [info] 	overall scale factor = 0.934253
[2025-05-30 19:46:16.563] [info] Measurement 'l_foot'
[2025-05-30 19:46:16.563] [info] 	pair 0 (LHEE, LTOE): model = 0.205925, experimental = 0.167202
[2025-05-30 19:46:16.563] [info] 	overall scale factor = 0.811955
[2025-05-30 19:46:16.563] [info] Measurement 'r_thigh'
[2025-05-30 19:46:16.563] [info] 	pair 0 (RASI, RKNE): model = 0.504880, experimental = 0.448491
[2025-05-30 19:46:16.563] [info] 	overall scale factor = 0.888311
[2025-05-30 19:46:16.563] [info] Measurement 'r_patella'
[2025-05-30 19:46:16.563] [info] 	pair 0 (RASI, RKNE): model = 0.504880, experimental = 0.448491
[2025-05-30 19:46:16.563] [info] 	overall scale factor = 0.888311
[2025-05-30 19:46:16.563] [info] Measurement 'r_tibia'
[2025-05-30 19:46:16.563] [info] 	pair 0 (RKNE, RANK): model = 0.399858, experimental = 0.381873
[2025-05-30 19:46:16.563] [info] 	overall scale factor = 0.955022
[2025-05-30 19:46:16.563] [info] Measurement 'r_foot'
[2025-05-30 19:46:16.563] [info] 	pair 0 (RHEE, RTOE): model = 0.205925, experimental = 0.169272
[2025-05-30 19:46:16.563] [info] 	overall scale factor = 0.822007
[2025-05-30 19:46:16.630] [info] Wrote model file '..\data\SUBJ01\scaling\SUBJ01_scaledModel_3d.osim' from model.
[2025-05-30 19:46:16.634] [info] Wrote scale file '..\data\SUBJ01\scaling\SUBJ01_scaleSet_3d.xml' for model model.
[2025-05-30 19:46:16.634] [info] Step 3: Placing markers on model
[2025-05-30 19:46:16.644] [info] Loaded marker file ..\data\SUBJ01\static\static.trc (33 markers, 82 frames)
[2025-05-30 19:46:16.644] [info] Averaged frames from time 0.0 to 0.81 in ..\data\SUBJ01\static\static.trc (frames 1 to 82)
[2025-05-30 19:46:16.644] [info] Deleted 12 unused markers from model model.
[2025-05-30 19:46:16.680] [info] Frame at (t = 0.0):	 total squared error = 0.00560680, marker error: RMS = 0.0193336, max = 0.0305141 (RTOE)
[2025-05-30 19:46:16.680] [info] Moved markers in model model to match locations in marker file '..\data\SUBJ01\static\static.trc'.
[2025-05-30 19:46:16.704] [info] Wrote model file '..\data\SUBJ01\scaling\SUBJ01_scaledModelAdjusted_3d.osim' from model model.
[2025-05-30 19:51:28.124] [info] Processing subject ...
[2025-05-30 19:51:28.124] [info] Step 1: Loading generic model
[2025-05-30 19:51:28.188] [info] Loaded model Miller2021_Crienkinge2023 from file c:\+GitRepos+\optimal-control-weights\datasets\Crienkinge2023\model\Miller2021_Crienkinge2023.osim
[2025-05-30 19:51:28.665] [info] Step 2: Scaling generic model
[2025-05-30 19:51:28.683] [info] Loaded marker file ..\data\SUBJ01\static\static.trc (33 markers, 82 frames)
[2025-05-30 19:51:28.683] [info] Measurement 'torso_depth'
[2025-05-30 19:51:28.683] [info] 	pair 0 (C7, CLAV): model = 0.136565, experimental = 0.177766
[2025-05-30 19:51:28.683] [info] 	pair 1 (T10, STRN): model = 0.200328, experimental = 0.273446
[2025-05-30 19:51:28.683] [info] 	overall scale factor = 1.33334
[2025-05-30 19:51:28.683] [info] Measurement 'torso_height'
[2025-05-30 19:51:28.683] [info] 	pair 0 (C7, T10): model = 0.26417, experimental = 0.230914
[2025-05-30 19:51:28.683] [info] 	pair 1 (CLAV, STRN): model = 0.166215, experimental = 0.167186
[2025-05-30 19:51:28.683] [info] 	overall scale factor = 0.939974
[2025-05-30 19:51:28.683] [info] Measurement 'torso_width'
[2025-05-30 19:51:28.683] [info] 	pair 0 (RSHO, LSHO): model = 0.278272, experimental = 0.34416
[2025-05-30 19:51:28.683] [info] 	overall scale factor = 1.23678
[2025-05-30 19:51:28.683] [info] Measurement 'pelvis_depth'
[2025-05-30 19:51:28.683] [info] 	pair 0 (RASI, SACR): model = 0.209427, experimental = 0.221864
[2025-05-30 19:51:28.683] [info] 	pair 1 (LASI, SACR): model = 0.209427, experimental = 0.226713
[2025-05-30 19:51:28.683] [info] 	overall scale factor = 1.07097
[2025-05-30 19:51:28.683] [info] Measurement 'pelvis_height'
[2025-05-30 19:51:28.683] [info] 	pair 0 (RASI, LASI): model = 0.256928, experimental = 0.281719
[2025-05-30 19:51:28.683] [info] 	overall scale factor = 1.09649
[2025-05-30 19:51:28.683] [info] Measurement 'pelvis_width'
[2025-05-30 19:51:28.683] [info] 	pair 0 (RASI, LASI): model = 0.256928, experimental = 0.281719
[2025-05-30 19:51:28.683] [info] 	overall scale factor = 1.09649
[2025-05-30 19:51:28.683] [info] Measurement 'l_thigh'
[2025-05-30 19:51:28.683] [info] 	pair 0 (LASI, LKNE): model = 0.504880, experimental = 0.454182
[2025-05-30 19:51:28.683] [info] 	overall scale factor = 0.899584
[2025-05-30 19:51:28.683] [info] Measurement 'l_patella'
[2025-05-30 19:51:28.683] [info] 	pair 0 (LASI, LKNE): model = 0.504880, experimental = 0.454182
[2025-05-30 19:51:28.683] [info] 	overall scale factor = 0.899584
[2025-05-30 19:51:28.683] [info] Measurement 'l_tibia'
[2025-05-30 19:51:28.683] [info] 	pair 0 (LKNE, LANK): model = 0.399858, experimental = 0.373569
[2025-05-30 19:51:28.683] [info] 	overall scale factor = 0.934253
[2025-05-30 19:51:28.683] [info] Measurement 'l_foot'
[2025-05-30 19:51:28.683] [info] 	pair 0 (LHEE, LTOE): model = 0.205925, experimental = 0.167202
[2025-05-30 19:51:28.683] [info] 	overall scale factor = 0.811955
[2025-05-30 19:51:28.683] [info] Measurement 'r_thigh'
[2025-05-30 19:51:28.683] [info] 	pair 0 (RASI, RKNE): model = 0.504880, experimental = 0.448491
[2025-05-30 19:51:28.683] [info] 	overall scale factor = 0.888311
[2025-05-30 19:51:28.683] [info] Measurement 'r_patella'
[2025-05-30 19:51:28.683] [info] 	pair 0 (RASI, RKNE): model = 0.504880, experimental = 0.448491
[2025-05-30 19:51:28.683] [info] 	overall scale factor = 0.888311
[2025-05-30 19:51:28.683] [info] Measurement 'r_tibia'
[2025-05-30 19:51:28.683] [info] 	pair 0 (RKNE, RANK): model = 0.399858, experimental = 0.381873
[2025-05-30 19:51:28.683] [info] 	overall scale factor = 0.955022
[2025-05-30 19:51:28.683] [info] Measurement 'r_foot'
[2025-05-30 19:51:28.683] [info] 	pair 0 (RHEE, RTOE): model = 0.205925, experimental = 0.169272
[2025-05-30 19:51:28.683] [info] 	overall scale factor = 0.822007
[2025-05-30 19:51:28.755] [info] Wrote model file '..\data\SUBJ01\scaling\SUBJ01_scaledModel_3d.osim' from model.
[2025-05-30 19:51:28.758] [info] Wrote scale file '..\data\SUBJ01\scaling\SUBJ01_scaleSet_3d.xml' for model model.
[2025-05-30 19:51:28.759] [info] Step 3: Placing markers on model
[2025-05-30 19:51:28.767] [info] Loaded marker file ..\data\SUBJ01\static\static.trc (33 markers, 82 frames)
[2025-05-30 19:51:28.768] [info] Averaged frames from time 0.0 to 0.81 in ..\data\SUBJ01\static\static.trc (frames 1 to 82)
[2025-05-30 19:51:28.768] [info] Deleted 12 unused markers from model model.
[2025-05-30 19:51:28.800] [info] Frame at (t = 0.0):	 total squared error = 0.00706628, marker error: RMS = 0.0217045, max = 0.031176 (RHEE)
[2025-05-30 19:51:28.800] [info] Moved markers in model model to match locations in marker file '..\data\SUBJ01\static\static.trc'.
[2025-05-30 19:51:28.826] [info] Wrote model file '..\data\SUBJ01\scaling\SUBJ01_scaledModelAdjusted_3d.osim' from model model.
[2025-05-30 19:53:34.588] [info] Processing subject ...
[2025-05-30 19:53:34.588] [info] Step 1: Loading generic model
[2025-05-30 19:53:34.664] [info] Loaded model Denton2023_Crienkinge2023 from file c:\+GitRepos+\optimal-control-weights\datasets\Crienkinge2023\model\Denton2023_Crienkinge2023.osim
[2025-05-30 19:53:34.750] [info] Step 2: Scaling generic model
[2025-05-30 19:53:34.757] [info] Loaded marker file ..\data\SUBJ01\static\static.trc (33 markers, 82 frames)
[2025-05-30 19:53:34.757] [info] Measurement 'torso_depth'
[2025-05-30 19:53:34.757] [info] 	pair 0 (C7, CLAV): model = 0.136565, experimental = 0.177766
[2025-05-30 19:53:34.757] [info] 	pair 1 (T10, STRN): model = 0.200328, experimental = 0.273446
[2025-05-30 19:53:34.757] [info] 	overall scale factor = 1.33334
[2025-05-30 19:53:34.757] [info] Measurement 'torso_height'
[2025-05-30 19:53:34.757] [info] 	pair 0 (C7, T10): model = 0.26417, experimental = 0.230914
[2025-05-30 19:53:34.757] [info] 	pair 1 (CLAV, STRN): model = 0.166215, experimental = 0.167186
[2025-05-30 19:53:34.757] [info] 	overall scale factor = 0.939974
[2025-05-30 19:53:34.757] [info] Measurement 'torso_width'
[2025-05-30 19:53:34.757] [info] 	pair 0 (RSHO, LSHO): model = 0.278272, experimental = 0.34416
[2025-05-30 19:53:34.757] [info] 	overall scale factor = 1.23678
[2025-05-30 19:53:34.757] [info] Measurement 'pelvis_depth'
[2025-05-30 19:53:34.757] [info] 	pair 0 (RASI, SACR): model = 0.209427, experimental = 0.221864
[2025-05-30 19:53:34.757] [info] 	pair 1 (LASI, SACR): model = 0.209427, experimental = 0.226713
[2025-05-30 19:53:34.757] [info] 	overall scale factor = 1.07097
[2025-05-30 19:53:34.757] [info] Measurement 'pelvis_height'
[2025-05-30 19:53:34.757] [info] 	pair 0 (RASI, LASI): model = 0.256928, experimental = 0.281719
[2025-05-30 19:53:34.757] [info] 	overall scale factor = 1.09649
[2025-05-30 19:53:34.757] [info] Measurement 'pelvis_width'
[2025-05-30 19:53:34.757] [info] 	pair 0 (RASI, LASI): model = 0.256928, experimental = 0.281719
[2025-05-30 19:53:34.757] [info] 	overall scale factor = 1.09649
[2025-05-30 19:53:34.757] [info] Measurement 'l_thigh'
[2025-05-30 19:53:34.757] [info] 	pair 0 (LASI, LKNE): model = 0.504880, experimental = 0.454182
[2025-05-30 19:53:34.757] [info] 	overall scale factor = 0.899584
[2025-05-30 19:53:34.757] [info] Measurement 'l_patella'
[2025-05-30 19:53:34.757] [info] 	pair 0 (LASI, LKNE): model = 0.504880, experimental = 0.454182
[2025-05-30 19:53:34.757] [info] 	overall scale factor = 0.899584
[2025-05-30 19:53:34.757] [info] Measurement 'l_tibia'
[2025-05-30 19:53:34.757] [info] 	pair 0 (LKNE, LANK): model = 0.399858, experimental = 0.373569
[2025-05-30 19:53:34.757] [info] 	overall scale factor = 0.934253
[2025-05-30 19:53:34.757] [info] Measurement 'l_foot'
[2025-05-30 19:53:34.757] [info] 	pair 0 (LHEE, LTOE): model = 0.205925, experimental = 0.167202
[2025-05-30 19:53:34.757] [info] 	overall scale factor = 0.811955
[2025-05-30 19:53:34.757] [info] Measurement 'r_thigh'
[2025-05-30 19:53:34.757] [info] 	pair 0 (RASI, RKNE): model = 0.504880, experimental = 0.448491
[2025-05-30 19:53:34.757] [info] 	overall scale factor = 0.888311
[2025-05-30 19:53:34.757] [info] Measurement 'r_patella'
[2025-05-30 19:53:34.758] [info] 	pair 0 (RASI, RKNE): model = 0.504880, experimental = 0.448491
[2025-05-30 19:53:34.758] [info] 	overall scale factor = 0.888311
[2025-05-30 19:53:34.758] [info] Measurement 'r_tibia'
[2025-05-30 19:53:34.758] [info] 	pair 0 (RKNE, RANK): model = 0.399858, experimental = 0.381873
[2025-05-30 19:53:34.758] [info] 	overall scale factor = 0.955022
[2025-05-30 19:53:34.758] [info] Measurement 'r_foot'
[2025-05-30 19:53:34.758] [info] 	pair 0 (RHEE, RTOE): model = 0.205925, experimental = 0.169272
[2025-05-30 19:53:34.758] [info] 	overall scale factor = 0.822007
[2025-05-30 19:53:34.786] [info] Wrote model file '..\data\SUBJ01\scaling\SUBJ01_scaledModel_2d.osim' from model.
[2025-05-30 19:53:34.790] [info] Wrote scale file '..\data\SUBJ01\scaling\SUBJ01_scaleSet_2d.xml' for model model.
[2025-05-30 19:54:19.420] [info] Loaded model model from file ..\data\SUBJ01\scaling\SUBJ01_scaledModelAdjusted_3d.osim
[2025-05-30 19:54:19.446] [info] Loaded model model from file ..\data\SUBJ01\scaling\SUBJ01_scaledModel_2d.osim
[2025-05-30 19:54:54.674] [info] Loaded model Miller2021_Crienkinge2023 from file ..\model\Miller2021_Crienkinge2023.osim
[2025-05-30 19:54:54.696] [info] Loaded model Denton2023_Crienkinge2023 from file ..\model\Denton2023_Crienkinge2023.osim
[2025-05-30 19:59:11.107] [info] Loaded model model from file ..\data\SUBJ01\scaling\SUBJ01_scaledModel_3d.osim
[2025-05-30 19:59:11.130] [info] Loaded model model from file ..\data\SUBJ01\scaling\SUBJ01_scaledModel_2d.osim
[2025-05-30 20:02:33.868] [info] Loaded model SUBJ01_3d from file ..\data\SUBJ01\scaling\SUBJ01_scaledModelAdjusted_3d.osim
[2025-05-30 20:02:33.881] [cout] [info] 
               MODEL: SUBJ01_3d
         coordinates: 25
              forces: 113
           actuators: 84
             muscles: 84
            analyses: 0
              probes: 0
              bodies: 14
              joints: 14
         constraints: 2
             markers: 21
         controllers: 0
  contact geometries: 13
misc modelcomponents: 0
[2025-05-30 20:02:33.881] [info] Running tool .
[2025-05-30 20:02:34.231] [info] Frame 0 (t = 0.94):	 total squared error = 0.00869482, marker error: RMS = 0.0208504, max = 0.0470420 (LSHO)
[2025-05-30 20:02:34.288] [info] Frame 1 (t = 0.95):	 total squared error = 0.00867295, marker error: RMS = 0.0208242, max = 0.0470056 (LSHO)
[2025-05-30 20:02:34.537] [info] Frame 2 (t = 0.96):	 total squared error = 0.00862133, marker error: RMS = 0.0207621, max = 0.0469053 (LSHO)
[2025-05-30 20:02:34.721] [info] Frame 3 (t = 0.97):	 total squared error = 0.00856281, marker error: RMS = 0.0206916, max = 0.0466737 (LSHO)
[2025-05-30 20:02:34.836] [info] Frame 4 (t = 0.98):	 total squared error = 0.00848244, marker error: RMS = 0.0205942, max = 0.0464769 (LSHO)
[2025-05-30 20:02:34.914] [info] Frame 5 (t = 0.99):	 total squared error = 0.00839319, marker error: RMS = 0.0204856, max = 0.0461292 (LSHO)
[2025-05-30 20:02:35.246] [info] Frame 6 (t = 1.0):	 total squared error = 0.00828250, marker error: RMS = 0.0203501, max = 0.0458802 (LSHO)
[2025-05-30 20:02:35.464] [info] Frame 7 (t = 1.01):	 total squared error = 0.00816246, marker error: RMS = 0.0202020, max = 0.0455132 (LSHO)
[2025-05-30 20:02:35.529] [info] Frame 8 (t = 1.02):	 total squared error = 0.00803474, marker error: RMS = 0.0200434, max = 0.0451231 (LSHO)
[2025-05-30 20:02:35.564] [info] Frame 9 (t = 1.03):	 total squared error = 0.00790727, marker error: RMS = 0.0198837, max = 0.0447050 (LSHO)
[2025-05-30 20:02:35.648] [info] Frame 10 (t = 1.04):	 total squared error = 0.00777068, marker error: RMS = 0.0197113, max = 0.0443279 (LSHO)
[2025-05-30 20:02:35.707] [info] Frame 11 (t = 1.05):	 total squared error = 0.00765009, marker error: RMS = 0.0195577, max = 0.0439672 (LSHO)
[2025-05-30 20:02:35.760] [info] Frame 12 (t = 1.06):	 total squared error = 0.00754430, marker error: RMS = 0.019422, max = 0.0436059 (LSHO)
[2025-05-30 20:02:35.802] [info] Frame 13 (t = 1.07):	 total squared error = 0.00745994, marker error: RMS = 0.0193131, max = 0.0433096 (LSHO)
[2025-05-30 20:02:35.864] [info] Frame 14 (t = 1.08):	 total squared error = 0.00738650, marker error: RMS = 0.0192178, max = 0.0430449 (LSHO)
[2025-05-30 20:02:35.891] [info] Frame 15 (t = 1.09):	 total squared error = 0.00734163, marker error: RMS = 0.0191594, max = 0.0428779 (LSHO)
[2025-05-30 20:02:35.963] [info] Frame 16 (t = 1.1):	 total squared error = 0.00731024, marker error: RMS = 0.0191184, max = 0.042658 (LSHO)
[2025-05-30 20:02:35.995] [info] Frame 17 (t = 1.11):	 total squared error = 0.00729684, marker error: RMS = 0.0191008, max = 0.0425169 (LSHO)
[2025-05-30 20:02:36.024] [info] Frame 18 (t = 1.12):	 total squared error = 0.00729484, marker error: RMS = 0.0190982, max = 0.0423732 (LSHO)
[2025-05-30 20:02:36.051] [info] Frame 19 (t = 1.13):	 total squared error = 0.00730074, marker error: RMS = 0.0191059, max = 0.0422504 (LSHO)
[2025-05-30 20:02:36.082] [info] Frame 20 (t = 1.14):	 total squared error = 0.00731166, marker error: RMS = 0.0191202, max = 0.0421068 (LSHO)
[2025-05-30 20:02:36.111] [info] Frame 21 (t = 1.15):	 total squared error = 0.00732494, marker error: RMS = 0.0191376, max = 0.0420064 (LSHO)
[2025-05-30 20:02:36.135] [info] Frame 22 (t = 1.16):	 total squared error = 0.00733709, marker error: RMS = 0.0191534, max = 0.0418202 (LSHO)
[2025-05-30 20:02:36.192] [info] Frame 23 (t = 1.17):	 total squared error = 0.00734172, marker error: RMS = 0.0191595, max = 0.0416372 (LSHO)
[2025-05-30 20:02:36.260] [info] Frame 24 (t = 1.18):	 total squared error = 0.00734486, marker error: RMS = 0.0191636, max = 0.0414581 (LSHO)
[2025-05-30 20:02:36.371] [info] Frame 25 (t = 1.19):	 total squared error = 0.00734301, marker error: RMS = 0.0191612, max = 0.0412456 (LSHO)
[2025-05-30 20:02:36.430] [info] Frame 26 (t = 1.2):	 total squared error = 0.00734113, marker error: RMS = 0.0191587, max = 0.0410764 (LSHO)
[2025-05-30 20:02:36.454] [info] Frame 27 (t = 1.21):	 total squared error = 0.00734424, marker error: RMS = 0.0191628, max = 0.0409337 (LSHO)
[2025-05-30 20:02:36.538] [info] Frame 28 (t = 1.22):	 total squared error = 0.00734116, marker error: RMS = 0.0191588, max = 0.0407173 (LSHO)
[2025-05-30 20:02:36.570] [info] Frame 29 (t = 1.23):	 total squared error = 0.00735012, marker error: RMS = 0.0191704, max = 0.0404818 (RSHO)
[2025-05-30 20:02:36.625] [info] Frame 30 (t = 1.24):	 total squared error = 0.00736140, marker error: RMS = 0.0191851, max = 0.0405195 (RSHO)
[2025-05-30 20:02:36.656] [info] Frame 31 (t = 1.25):	 total squared error = 0.00738177, marker error: RMS = 0.0192117, max = 0.0408810 (RSHO)
[2025-05-30 20:02:36.701] [info] Frame 32 (t = 1.26):	 total squared error = 0.00740634, marker error: RMS = 0.0192436, max = 0.0411321 (RSHO)
[2025-05-30 20:02:36.749] [info] Frame 33 (t = 1.27):	 total squared error = 0.00743948, marker error: RMS = 0.0192866, max = 0.0416728 (RSHO)
[2025-05-30 20:02:36.850] [info] Frame 34 (t = 1.28):	 total squared error = 0.00747170, marker error: RMS = 0.0193283, max = 0.0417694 (RSHO)
[2025-05-30 20:02:36.895] [info] Frame 35 (t = 1.29):	 total squared error = 0.00751484, marker error: RMS = 0.0193841, max = 0.0421926 (RSHO)
[2025-05-30 20:02:36.935] [info] Frame 36 (t = 1.3):	 total squared error = 0.00756463, marker error: RMS = 0.0194482, max = 0.0425573 (RSHO)
[2025-05-30 20:02:37.001] [info] Frame 37 (t = 1.31):	 total squared error = 0.00761371, marker error: RMS = 0.0195112, max = 0.042654 (RSHO)
[2025-05-30 20:02:37.058] [info] Frame 38 (t = 1.32):	 total squared error = 0.00767164, marker error: RMS = 0.0195853, max = 0.0428705 (RSHO)
[2025-05-30 20:02:37.092] [info] Frame 39 (t = 1.33):	 total squared error = 0.00773704, marker error: RMS = 0.0196686, max = 0.0432676 (RSHO)
[2025-05-30 20:02:37.145] [info] Frame 40 (t = 1.34):	 total squared error = 0.00780152, marker error: RMS = 0.0197503, max = 0.0434509 (RSHO)
[2025-05-30 20:02:37.207] [info] Frame 41 (t = 1.35):	 total squared error = 0.00786423, marker error: RMS = 0.0198296, max = 0.0435766 (RSHO)
[2025-05-30 20:02:37.240] [info] Frame 42 (t = 1.36):	 total squared error = 0.00792456, marker error: RMS = 0.0199055, max = 0.0440250 (RSHO)
[2025-05-30 20:02:37.329] [info] Frame 43 (t = 1.37):	 total squared error = 0.00796424, marker error: RMS = 0.0199553, max = 0.0440302 (RSHO)
[2025-05-30 20:02:37.361] [info] Frame 44 (t = 1.38):	 total squared error = 0.00799503, marker error: RMS = 0.0199938, max = 0.0444941 (RSHO)
[2025-05-30 20:02:37.398] [info] Frame 45 (t = 1.39):	 total squared error = 0.00800795, marker error: RMS = 0.0200099, max = 0.0444627 (RSHO)
[2025-05-30 20:02:37.449] [info] Frame 46 (t = 1.4):	 total squared error = 0.00801999, marker error: RMS = 0.0200250, max = 0.0445519 (RSHO)
[2025-05-30 20:02:37.487] [info] Frame 47 (t = 1.41):	 total squared error = 0.00804228, marker error: RMS = 0.0200528, max = 0.0447428 (RSHO)
[2025-05-30 20:02:37.516] [info] Frame 48 (t = 1.42):	 total squared error = 0.00807907, marker error: RMS = 0.0200986, max = 0.0448871 (RSHO)
[2025-05-30 20:02:37.576] [info] Frame 49 (t = 1.43):	 total squared error = 0.00812507, marker error: RMS = 0.0201557, max = 0.0448994 (RSHO)
[2025-05-30 20:02:37.633] [info] Frame 50 (t = 1.44):	 total squared error = 0.00817201, marker error: RMS = 0.0202139, max = 0.0449848 (RSHO)
[2025-05-30 20:02:37.669] [info] Frame 51 (t = 1.45):	 total squared error = 0.00820780, marker error: RMS = 0.0202581, max = 0.0450028 (RSHO)
[2025-05-30 20:02:37.702] [info] Frame 52 (t = 1.46):	 total squared error = 0.00822393, marker error: RMS = 0.0202780, max = 0.0450704 (RSHO)
[2025-05-30 20:02:37.728] [info] Frame 53 (t = 1.47):	 total squared error = 0.00821772, marker error: RMS = 0.0202703, max = 0.0449387 (RSHO)
[2025-05-30 20:02:37.755] [info] Frame 54 (t = 1.48):	 total squared error = 0.00819444, marker error: RMS = 0.0202416, max = 0.0447616 (RSHO)
[2025-05-30 20:02:37.810] [info] Frame 55 (t = 1.49):	 total squared error = 0.00815643, marker error: RMS = 0.0201946, max = 0.0450063 (RSHO)
[2025-05-30 20:02:37.875] [info] Frame 56 (t = 1.5):	 total squared error = 0.00811747, marker error: RMS = 0.0201463, max = 0.0449805 (RSHO)
[2025-05-30 20:02:37.898] [info] Frame 57 (t = 1.51):	 total squared error = 0.00808141, marker error: RMS = 0.0201015, max = 0.0448688 (RSHO)
[2025-05-30 20:02:37.955] [info] Frame 58 (t = 1.52):	 total squared error = 0.00804220, marker error: RMS = 0.0200527, max = 0.0448729 (RSHO)
[2025-05-30 20:02:37.982] [info] Frame 59 (t = 1.53):	 total squared error = 0.00800666, marker error: RMS = 0.0200083, max = 0.0447015 (RSHO)
[2025-05-30 20:02:38.030] [info] Frame 60 (t = 1.54):	 total squared error = 0.00795999, marker error: RMS = 0.0199499, max = 0.0445461 (RSHO)
[2025-05-30 20:02:38.080] [info] Frame 61 (t = 1.55):	 total squared error = 0.00790592, marker error: RMS = 0.0198821, max = 0.0444637 (RSHO)
[2025-05-30 20:02:38.109] [info] Frame 62 (t = 1.56):	 total squared error = 0.00784292, marker error: RMS = 0.0198027, max = 0.0441678 (RSHO)
[2025-05-30 20:02:38.140] [info] Frame 63 (t = 1.57):	 total squared error = 0.00777109, marker error: RMS = 0.0197118, max = 0.0439088 (RSHO)
[2025-05-30 20:02:38.182] [info] Frame 64 (t = 1.58):	 total squared error = 0.00769114, marker error: RMS = 0.0196101, max = 0.0437538 (RSHO)
[2025-05-30 20:02:38.235] [info] Frame 65 (t = 1.59):	 total squared error = 0.00761723, marker error: RMS = 0.0195157, max = 0.0434433 (RSHO)
[2025-05-30 20:02:38.272] [info] Frame 66 (t = 1.6):	 total squared error = 0.00755424, marker error: RMS = 0.0194348, max = 0.0430545 (RSHO)
[2025-05-30 20:02:38.298] [info] Frame 67 (t = 1.61):	 total squared error = 0.00750928, marker error: RMS = 0.0193769, max = 0.0427532 (RSHO)
[2025-05-30 20:02:38.342] [info] Frame 68 (t = 1.62):	 total squared error = 0.00747494, marker error: RMS = 0.0193325, max = 0.0425766 (RSHO)
[2025-05-30 20:02:38.371] [info] Frame 69 (t = 1.63):	 total squared error = 0.00746379, marker error: RMS = 0.0193181, max = 0.0422564 (RSHO)
[2025-05-30 20:02:38.397] [info] Frame 70 (t = 1.64):	 total squared error = 0.00746681, marker error: RMS = 0.019322, max = 0.0419578 (RSHO)
[2025-05-30 20:02:38.439] [info] Frame 71 (t = 1.65):	 total squared error = 0.00747490, marker error: RMS = 0.0193325, max = 0.0419786 (RSHO)
[2025-05-30 20:02:38.477] [info] Frame 72 (t = 1.66):	 total squared error = 0.00749694, marker error: RMS = 0.019361, max = 0.0417424 (RSHO)
[2025-05-30 20:02:38.502] [info] Frame 73 (t = 1.67):	 total squared error = 0.00752623, marker error: RMS = 0.0193988, max = 0.0415966 (RSHO)
[2025-05-30 20:02:38.536] [info] Frame 74 (t = 1.68):	 total squared error = 0.00755728, marker error: RMS = 0.0194387, max = 0.0413034 (RSHO)
[2025-05-30 20:02:38.563] [info] Frame 75 (t = 1.69):	 total squared error = 0.00759206, marker error: RMS = 0.0194834, max = 0.0411058 (RSHO)
[2025-05-30 20:02:38.627] [info] Frame 76 (t = 1.7):	 total squared error = 0.00762778, marker error: RMS = 0.0195292, max = 0.0407851 (RSHO)
[2025-05-30 20:02:38.702] [info] Frame 77 (t = 1.71):	 total squared error = 0.00766410, marker error: RMS = 0.0195756, max = 0.0408182 (LSHO)
[2025-05-30 20:02:38.787] [info] Frame 78 (t = 1.72):	 total squared error = 0.00770323, marker error: RMS = 0.0196255, max = 0.0413838 (LSHO)
[2025-05-30 20:02:38.891] [info] Frame 79 (t = 1.73):	 total squared error = 0.00774162, marker error: RMS = 0.0196744, max = 0.0415798 (LSHO)
[2025-05-30 20:02:38.932] [info] Frame 80 (t = 1.74):	 total squared error = 0.00778955, marker error: RMS = 0.0197352, max = 0.0419156 (LSHO)
[2025-05-30 20:02:38.964] [info] Frame 81 (t = 1.75):	 total squared error = 0.00784331, marker error: RMS = 0.0198032, max = 0.0422359 (LSHO)
[2025-05-30 20:02:39.005] [info] Frame 82 (t = 1.76):	 total squared error = 0.00790455, marker error: RMS = 0.0198803, max = 0.0427082 (LSHO)
[2025-05-30 20:02:39.052] [info] Frame 83 (t = 1.77):	 total squared error = 0.00797519, marker error: RMS = 0.019969, max = 0.0430769 (LSHO)
[2025-05-30 20:02:39.078] [info] Frame 84 (t = 1.78):	 total squared error = 0.00805618, marker error: RMS = 0.0200701, max = 0.0435175 (LSHO)
[2025-05-30 20:02:39.102] [info] Frame 85 (t = 1.79):	 total squared error = 0.00814402, marker error: RMS = 0.0201792, max = 0.0439497 (LSHO)
[2025-05-30 20:02:39.143] [info] Frame 86 (t = 1.8):	 total squared error = 0.00822910, marker error: RMS = 0.0202844, max = 0.0442378 (LSHO)
[2025-05-30 20:02:39.181] [info] Frame 87 (t = 1.81):	 total squared error = 0.00831846, marker error: RMS = 0.0203942, max = 0.0445887 (LSHO)
[2025-05-30 20:02:39.208] [info] Frame 88 (t = 1.82):	 total squared error = 0.00840691, marker error: RMS = 0.0205023, max = 0.0449299 (LSHO)
[2025-05-30 20:02:39.249] [info] Frame 89 (t = 1.83):	 total squared error = 0.00848555, marker error: RMS = 0.0205980, max = 0.0451833 (LSHO)
[2025-05-30 20:02:39.275] [info] Frame 90 (t = 1.84):	 total squared error = 0.00855698, marker error: RMS = 0.0206845, max = 0.0454841 (LSHO)
[2025-05-30 20:02:39.314] [info] Frame 91 (t = 1.85):	 total squared error = 0.00861150, marker error: RMS = 0.0207503, max = 0.0456233 (LSHO)
[2025-05-30 20:02:39.370] [info] Frame 92 (t = 1.86):	 total squared error = 0.00864897, marker error: RMS = 0.0207954, max = 0.045884 (LSHO)
[2025-05-30 20:02:39.401] [info] Frame 93 (t = 1.87):	 total squared error = 0.00866965, marker error: RMS = 0.0208202, max = 0.0460851 (LSHO)
[2025-05-30 20:02:39.475] [info] Frame 94 (t = 1.88):	 total squared error = 0.00866612, marker error: RMS = 0.0208160, max = 0.0461975 (LSHO)
[2025-05-30 20:02:39.508] [info] Frame 95 (t = 1.89):	 total squared error = 0.00865003, marker error: RMS = 0.0207967, max = 0.0464023 (LSHO)
[2025-05-30 20:02:39.536] [info] Frame 96 (t = 1.9):	 total squared error = 0.00862317, marker error: RMS = 0.0207644, max = 0.0465026 (LSHO)
[2025-05-30 20:02:39.591] [info] Frame 97 (t = 1.91):	 total squared error = 0.00858396, marker error: RMS = 0.0207171, max = 0.0466258 (LSHO)
[2025-05-30 20:02:39.643] [info] Frame 98 (t = 1.92):	 total squared error = 0.00855128, marker error: RMS = 0.0206776, max = 0.046771 (LSHO)
[2025-05-30 20:02:39.686] [info] Frame 99 (t = 1.93):	 total squared error = 0.00852932, marker error: RMS = 0.0206511, max = 0.0469214 (LSHO)
[2025-05-30 20:02:39.718] [info] Frame 100 (t = 1.94):	 total squared error = 0.00852327, marker error: RMS = 0.0206437, max = 0.0470823 (LSHO)
[2025-05-30 20:02:39.746] [info] Frame 101 (t = 1.95):	 total squared error = 0.00852992, marker error: RMS = 0.0206518, max = 0.0471913 (LSHO)
[2025-05-30 20:02:39.794] [info] Frame 102 (t = 1.96):	 total squared error = 0.00852838, marker error: RMS = 0.0206499, max = 0.047252 (LSHO)
[2025-05-30 20:02:39.817] [info] Frame 103 (t = 1.97):	 total squared error = 0.00853639, marker error: RMS = 0.0206596, max = 0.0473562 (LSHO)
[2025-05-30 20:02:39.858] [info] Frame 104 (t = 1.98):	 total squared error = 0.00853299, marker error: RMS = 0.0206555, max = 0.0473392 (LSHO)
[2025-05-30 20:02:39.873] [info] Frame 105 (t = 1.99):	 total squared error = 0.00852392, marker error: RMS = 0.0206445, max = 0.0475111 (LSHO)
[2025-05-30 20:02:39.912] [info] Frame 106 (t = 2.0):	 total squared error = 0.00849487, marker error: RMS = 0.0206093, max = 0.0473316 (LSHO)
[2025-05-30 20:02:39.936] [info] InverseKinematicsTool completed 107 frames in 6 second(s).
[2025-05-30 20:06:25.956] [info] Processing subject ...
[2025-05-30 20:06:25.956] [info] Step 1: Loading generic model
[2025-05-30 20:06:25.987] [info] Loaded model Miller2021_Crienkinge2023 from file c:\+GitRepos+\optimal-control-weights\datasets\Crienkinge2023\model\Miller2021_Crienkinge2023.osim
[2025-05-30 20:06:26.004] [info] Step 2: Scaling generic model
[2025-05-30 20:06:26.021] [info] Loaded marker file ..\data\SUBJ01\static\static.trc (33 markers, 82 frames)
[2025-05-30 20:06:26.021] [info] Measurement 'torso_depth'
[2025-05-30 20:06:26.021] [info] 	pair 0 (C7, CLAV): model = 0.136565, experimental = 0.177766
[2025-05-30 20:06:26.021] [info] 	pair 1 (T10, STRN): model = 0.200328, experimental = 0.273446
[2025-05-30 20:06:26.021] [info] 	overall scale factor = 1.33334
[2025-05-30 20:06:26.021] [info] Measurement 'torso_height'
[2025-05-30 20:06:26.021] [info] 	pair 0 (C7, T10): model = 0.26417, experimental = 0.230914
[2025-05-30 20:06:26.021] [info] 	pair 1 (CLAV, STRN): model = 0.166215, experimental = 0.167186
[2025-05-30 20:06:26.021] [info] 	overall scale factor = 0.939974
[2025-05-30 20:06:26.021] [info] Measurement 'torso_width'
[2025-05-30 20:06:26.021] [info] 	pair 0 (RSHO, LSHO): model = 0.278272, experimental = 0.34416
[2025-05-30 20:06:26.021] [info] 	overall scale factor = 1.23678
[2025-05-30 20:06:26.021] [info] Measurement 'pelvis_depth'
[2025-05-30 20:06:26.021] [info] 	pair 0 (RASI, SACR): model = 0.209427, experimental = 0.221864
[2025-05-30 20:06:26.021] [info] 	pair 1 (LASI, SACR): model = 0.209427, experimental = 0.226713
[2025-05-30 20:06:26.021] [info] 	overall scale factor = 1.07097
[2025-05-30 20:06:26.021] [info] Measurement 'pelvis_height'
[2025-05-30 20:06:26.021] [info] 	pair 0 (RASI, LASI): model = 0.256928, experimental = 0.281719
[2025-05-30 20:06:26.021] [info] 	overall scale factor = 1.09649
[2025-05-30 20:06:26.021] [info] Measurement 'pelvis_width'
[2025-05-30 20:06:26.021] [info] 	pair 0 (RASI, LASI): model = 0.256928, experimental = 0.281719
[2025-05-30 20:06:26.021] [info] 	overall scale factor = 1.09649
[2025-05-30 20:06:26.021] [info] Measurement 'l_thigh'
[2025-05-30 20:06:26.021] [info] 	pair 0 (LASI, LKNE): model = 0.504880, experimental = 0.454182
[2025-05-30 20:06:26.021] [info] 	overall scale factor = 0.899584
[2025-05-30 20:06:26.021] [info] Measurement 'l_patella'
[2025-05-30 20:06:26.021] [info] 	pair 0 (LASI, LKNE): model = 0.504880, experimental = 0.454182
[2025-05-30 20:06:26.021] [info] 	overall scale factor = 0.899584
[2025-05-30 20:06:26.021] [info] Measurement 'l_tibia'
[2025-05-30 20:06:26.021] [info] 	pair 0 (LKNE, LANK): model = 0.399858, experimental = 0.373569
[2025-05-30 20:06:26.021] [info] 	overall scale factor = 0.934253
[2025-05-30 20:06:26.021] [info] Measurement 'l_foot'
[2025-05-30 20:06:26.021] [info] 	pair 0 (LHEE, LTOE): model = 0.205925, experimental = 0.167202
[2025-05-30 20:06:26.021] [info] 	overall scale factor = 0.811955
[2025-05-30 20:06:26.021] [info] Measurement 'r_thigh'
[2025-05-30 20:06:26.021] [info] 	pair 0 (RASI, RKNE): model = 0.504880, experimental = 0.448491
[2025-05-30 20:06:26.021] [info] 	overall scale factor = 0.888311
[2025-05-30 20:06:26.021] [info] Measurement 'r_patella'
[2025-05-30 20:06:26.021] [info] 	pair 0 (RASI, RKNE): model = 0.504880, experimental = 0.448491
[2025-05-30 20:06:26.021] [info] 	overall scale factor = 0.888311
[2025-05-30 20:06:26.021] [info] Measurement 'r_tibia'
[2025-05-30 20:06:26.021] [info] 	pair 0 (RKNE, RANK): model = 0.399858, experimental = 0.381873
[2025-05-30 20:06:26.021] [info] 	overall scale factor = 0.955022
[2025-05-30 20:06:26.021] [info] Measurement 'r_foot'
[2025-05-30 20:06:26.021] [info] 	pair 0 (RHEE, RTOE): model = 0.205925, experimental = 0.169272
[2025-05-30 20:06:26.021] [info] 	overall scale factor = 0.822007
[2025-05-30 20:06:26.090] [info] Wrote model file '..\data\SUBJ01\scaling\SUBJ01_scaledModel_3d.osim' from model.
[2025-05-30 20:06:26.093] [info] Wrote scale file '..\data\SUBJ01\scaling\SUBJ01_scaleSet_3d.xml' for model model.
[2025-05-30 20:06:26.093] [info] Step 3: Placing markers on model
[2025-05-30 20:06:26.102] [info] Loaded marker file ..\data\SUBJ01\static\static.trc (33 markers, 82 frames)
[2025-05-30 20:06:26.102] [info] Averaged frames from time 0.0 to 0.81 in ..\data\SUBJ01\static\static.trc (frames 1 to 82)
[2025-05-30 20:06:26.102] [info] Deleted 12 unused markers from model model.
[2025-05-30 20:06:26.130] [info] Frame at (t = 0.0):	 total squared error = 0.00791707, marker error: RMS = 0.0162451, max = 0.034986 (RHEE)
[2025-05-30 20:06:26.130] [info] Moved markers in model model to match locations in marker file '..\data\SUBJ01\static\static.trc'.
[2025-05-30 20:06:26.155] [info] Wrote model file '..\data\SUBJ01\scaling\SUBJ01_scaledModelAdjusted_3d.osim' from model model.
[2025-05-30 20:06:26.179] [info] Processing subject ...
[2025-05-30 20:06:26.179] [info] Step 1: Loading generic model
[2025-05-30 20:06:26.213] [info] Loaded model Denton2023_Crienkinge2023 from file c:\+GitRepos+\optimal-control-weights\datasets\Crienkinge2023\model\Denton2023_Crienkinge2023.osim
[2025-05-30 20:06:26.295] [info] Step 2: Scaling generic model
[2025-05-30 20:06:26.309] [info] Loaded marker file ..\data\SUBJ01\static\static.trc (33 markers, 82 frames)
[2025-05-30 20:06:26.309] [info] Measurement 'torso_depth'
[2025-05-30 20:06:26.309] [info] 	pair 0 (C7, CLAV): model = 0.136565, experimental = 0.177766
[2025-05-30 20:06:26.309] [info] 	pair 1 (T10, STRN): model = 0.200328, experimental = 0.273446
[2025-05-30 20:06:26.309] [info] 	overall scale factor = 1.33334
[2025-05-30 20:06:26.309] [info] Measurement 'torso_height'
[2025-05-30 20:06:26.309] [info] 	pair 0 (C7, T10): model = 0.26417, experimental = 0.230914
[2025-05-30 20:06:26.309] [info] 	pair 1 (CLAV, STRN): model = 0.166215, experimental = 0.167186
[2025-05-30 20:06:26.309] [info] 	overall scale factor = 0.939974
[2025-05-30 20:06:26.309] [info] Measurement 'torso_width'
[2025-05-30 20:06:26.309] [info] 	pair 0 (RSHO, LSHO): model = 0.278272, experimental = 0.34416
[2025-05-30 20:06:26.309] [info] 	overall scale factor = 1.23678
[2025-05-30 20:06:26.309] [info] Measurement 'pelvis_depth'
[2025-05-30 20:06:26.309] [info] 	pair 0 (RASI, SACR): model = 0.209427, experimental = 0.221864
[2025-05-30 20:06:26.309] [info] 	pair 1 (LASI, SACR): model = 0.209427, experimental = 0.226713
[2025-05-30 20:06:26.309] [info] 	overall scale factor = 1.07097
[2025-05-30 20:06:26.309] [info] Measurement 'pelvis_height'
[2025-05-30 20:06:26.309] [info] 	pair 0 (RASI, LASI): model = 0.256928, experimental = 0.281719
[2025-05-30 20:06:26.309] [info] 	overall scale factor = 1.09649
[2025-05-30 20:06:26.309] [info] Measurement 'pelvis_width'
[2025-05-30 20:06:26.309] [info] 	pair 0 (RASI, LASI): model = 0.256928, experimental = 0.281719
[2025-05-30 20:06:26.309] [info] 	overall scale factor = 1.09649
[2025-05-30 20:06:26.309] [info] Measurement 'l_thigh'
[2025-05-30 20:06:26.309] [info] 	pair 0 (LASI, LKNE): model = 0.504880, experimental = 0.454182
[2025-05-30 20:06:26.309] [info] 	overall scale factor = 0.899584
[2025-05-30 20:06:26.309] [info] Measurement 'l_patella'
[2025-05-30 20:06:26.309] [info] 	pair 0 (LASI, LKNE): model = 0.504880, experimental = 0.454182
[2025-05-30 20:06:26.309] [info] 	overall scale factor = 0.899584
[2025-05-30 20:06:26.309] [info] Measurement 'l_tibia'
[2025-05-30 20:06:26.309] [info] 	pair 0 (LKNE, LANK): model = 0.399858, experimental = 0.373569
[2025-05-30 20:06:26.309] [info] 	overall scale factor = 0.934253
[2025-05-30 20:06:26.309] [info] Measurement 'l_foot'
[2025-05-30 20:06:26.309] [info] 	pair 0 (LHEE, LTOE): model = 0.205925, experimental = 0.167202
[2025-05-30 20:06:26.309] [info] 	overall scale factor = 0.811955
[2025-05-30 20:06:26.309] [info] Measurement 'r_thigh'
[2025-05-30 20:06:26.309] [info] 	pair 0 (RASI, RKNE): model = 0.504880, experimental = 0.448491
[2025-05-30 20:06:26.309] [info] 	overall scale factor = 0.888311
[2025-05-30 20:06:26.309] [info] Measurement 'r_patella'
[2025-05-30 20:06:26.309] [info] 	pair 0 (RASI, RKNE): model = 0.504880, experimental = 0.448491
[2025-05-30 20:06:26.310] [info] 	overall scale factor = 0.888311
[2025-05-30 20:06:26.310] [info] Measurement 'r_tibia'
[2025-05-30 20:06:26.310] [info] 	pair 0 (RKNE, RANK): model = 0.399858, experimental = 0.381873
[2025-05-30 20:06:26.310] [info] 	overall scale factor = 0.955022
[2025-05-30 20:06:26.310] [info] Measurement 'r_foot'
[2025-05-30 20:06:26.310] [info] 	pair 0 (RHEE, RTOE): model = 0.205925, experimental = 0.169272
[2025-05-30 20:06:26.310] [info] 	overall scale factor = 0.822007
[2025-05-30 20:06:26.339] [info] Wrote model file '..\data\SUBJ01\scaling\SUBJ01_scaledModel_2d.osim' from model.
[2025-05-30 20:06:26.342] [info] Wrote scale file '..\data\SUBJ01\scaling\SUBJ01_scaleSet_2d.xml' for model model.
[2025-05-30 20:06:26.417] [info] Loaded model model from file ..\data\SUBJ01\scaling\SUBJ01_scaledModelAdjusted_3d.osim
[2025-05-30 20:06:26.469] [info] Loaded model model from file ..\data\SUBJ01\scaling\SUBJ01_scaledModel_2d.osim
[2025-05-30 20:06:26.508] [info] Loaded model Miller2021_Crienkinge2023 from file ..\model\Miller2021_Crienkinge2023.osim
[2025-05-30 20:06:26.531] [info] Loaded model Denton2023_Crienkinge2023 from file ..\model\Denton2023_Crienkinge2023.osim
[2025-05-30 20:06:26.631] [info] Loaded model model from file ..\data\SUBJ01\scaling\SUBJ01_scaledModel_3d.osim
[2025-05-30 20:06:26.654] [info] Loaded model model from file ..\data\SUBJ01\scaling\SUBJ01_scaledModel_2d.osim
[2025-05-30 20:06:47.092] [info] Processing subject ...
[2025-05-30 20:06:47.092] [info] Step 1: Loading generic model
[2025-05-30 20:06:47.125] [info] Loaded model Miller2021_Crienkinge2023 from file c:\+GitRepos+\optimal-control-weights\datasets\Crienkinge2023\model\Miller2021_Crienkinge2023.osim
[2025-05-30 20:06:47.143] [info] Step 2: Scaling generic model
[2025-05-30 20:06:47.160] [info] Loaded marker file ..\data\SUBJ01\static\static.trc (33 markers, 82 frames)
[2025-05-30 20:06:47.160] [info] Measurement 'torso_depth'
[2025-05-30 20:06:47.160] [info] 	pair 0 (C7, CLAV): model = 0.136565, experimental = 0.177766
[2025-05-30 20:06:47.160] [info] 	pair 1 (T10, STRN): model = 0.200328, experimental = 0.273446
[2025-05-30 20:06:47.160] [info] 	overall scale factor = 1.33334
[2025-05-30 20:06:47.160] [info] Measurement 'torso_height'
[2025-05-30 20:06:47.160] [info] 	pair 0 (C7, T10): model = 0.26417, experimental = 0.230914
[2025-05-30 20:06:47.160] [info] 	pair 1 (CLAV, STRN): model = 0.166215, experimental = 0.167186
[2025-05-30 20:06:47.160] [info] 	overall scale factor = 0.939974
[2025-05-30 20:06:47.160] [info] Measurement 'torso_width'
[2025-05-30 20:06:47.160] [info] 	pair 0 (RSHO, LSHO): model = 0.278272, experimental = 0.34416
[2025-05-30 20:06:47.160] [info] 	overall scale factor = 1.23678
[2025-05-30 20:06:47.160] [info] Measurement 'pelvis_depth'
[2025-05-30 20:06:47.160] [info] 	pair 0 (RASI, SACR): model = 0.209427, experimental = 0.221864
[2025-05-30 20:06:47.160] [info] 	pair 1 (LASI, SACR): model = 0.209427, experimental = 0.226713
[2025-05-30 20:06:47.160] [info] 	overall scale factor = 1.07097
[2025-05-30 20:06:47.160] [info] Measurement 'pelvis_height'
[2025-05-30 20:06:47.160] [info] 	pair 0 (RASI, LASI): model = 0.256928, experimental = 0.281719
[2025-05-30 20:06:47.160] [info] 	overall scale factor = 1.09649
[2025-05-30 20:06:47.160] [info] Measurement 'pelvis_width'
[2025-05-30 20:06:47.160] [info] 	pair 0 (RASI, LASI): model = 0.256928, experimental = 0.281719
[2025-05-30 20:06:47.160] [info] 	overall scale factor = 1.09649
[2025-05-30 20:06:47.161] [info] Measurement 'l_thigh'
[2025-05-30 20:06:47.161] [info] 	pair 0 (LASI, LKNE): model = 0.504880, experimental = 0.454182
[2025-05-30 20:06:47.161] [info] 	overall scale factor = 0.899584
[2025-05-30 20:06:47.161] [info] Measurement 'l_patella'
[2025-05-30 20:06:47.161] [info] 	pair 0 (LASI, LKNE): model = 0.504880, experimental = 0.454182
[2025-05-30 20:06:47.161] [info] 	overall scale factor = 0.899584
[2025-05-30 20:06:47.161] [info] Measurement 'l_tibia'
[2025-05-30 20:06:47.161] [info] 	pair 0 (LKNE, LANK): model = 0.399858, experimental = 0.373569
[2025-05-30 20:06:47.161] [info] 	overall scale factor = 0.934253
[2025-05-30 20:06:47.161] [info] Measurement 'l_foot'
[2025-05-30 20:06:47.161] [info] 	pair 0 (LHEE, LTOE): model = 0.205925, experimental = 0.167202
[2025-05-30 20:06:47.161] [info] 	overall scale factor = 0.811955
[2025-05-30 20:06:47.161] [info] Measurement 'r_thigh'
[2025-05-30 20:06:47.161] [info] 	pair 0 (RASI, RKNE): model = 0.504880, experimental = 0.448491
[2025-05-30 20:06:47.161] [info] 	overall scale factor = 0.888311
[2025-05-30 20:06:47.161] [info] Measurement 'r_patella'
[2025-05-30 20:06:47.161] [info] 	pair 0 (RASI, RKNE): model = 0.504880, experimental = 0.448491
[2025-05-30 20:06:47.161] [info] 	overall scale factor = 0.888311
[2025-05-30 20:06:47.161] [info] Measurement 'r_tibia'
[2025-05-30 20:06:47.161] [info] 	pair 0 (RKNE, RANK): model = 0.399858, experimental = 0.381873
[2025-05-30 20:06:47.161] [info] 	overall scale factor = 0.955022
[2025-05-30 20:06:47.161] [info] Measurement 'r_foot'
[2025-05-30 20:06:47.161] [info] 	pair 0 (RHEE, RTOE): model = 0.205925, experimental = 0.169272
[2025-05-30 20:06:47.161] [info] 	overall scale factor = 0.822007
[2025-05-30 20:06:47.227] [info] Wrote model file '..\data\SUBJ01\scaling\SUBJ01_scaledModel_3d.osim' from model.
[2025-05-30 20:06:47.230] [info] Wrote scale file '..\data\SUBJ01\scaling\SUBJ01_scaleSet_3d.xml' for model model.
[2025-05-30 20:06:47.230] [info] Step 3: Placing markers on model
[2025-05-30 20:06:47.238] [info] Loaded marker file ..\data\SUBJ01\static\static.trc (33 markers, 82 frames)
[2025-05-30 20:06:47.238] [info] Averaged frames from time 0.0 to 0.81 in ..\data\SUBJ01\static\static.trc (frames 1 to 82)
[2025-05-30 20:06:47.238] [info] Deleted 12 unused markers from model model.
[2025-05-30 20:06:47.269] [info] Frame at (t = 0.0):	 total squared error = 0.00715819, marker error: RMS = 0.0218452, max = 0.0312957 (RHEE)
[2025-05-30 20:06:47.269] [info] Moved markers in model model to match locations in marker file '..\data\SUBJ01\static\static.trc'.
[2025-05-30 20:06:47.295] [info] Wrote model file '..\data\SUBJ01\scaling\SUBJ01_scaledModelAdjusted_3d.osim' from model model.
[2025-05-30 20:06:56.777] [info] Processing subject ...
[2025-05-30 20:06:56.777] [info] Step 1: Loading generic model
[2025-05-30 20:06:56.791] [info] Loaded model Denton2023_Crienkinge2023 from file c:\+GitRepos+\optimal-control-weights\datasets\Crienkinge2023\model\Denton2023_Crienkinge2023.osim
[2025-05-30 20:06:56.796] [info] Step 2: Scaling generic model
[2025-05-30 20:06:56.803] [info] Loaded marker file ..\data\SUBJ01\static\static.trc (33 markers, 82 frames)
[2025-05-30 20:06:56.803] [info] Measurement 'torso_depth'
[2025-05-30 20:06:56.803] [info] 	pair 0 (C7, CLAV): model = 0.136565, experimental = 0.177766
[2025-05-30 20:06:56.803] [info] 	pair 1 (T10, STRN): model = 0.200328, experimental = 0.273446
[2025-05-30 20:06:56.803] [info] 	overall scale factor = 1.33334
[2025-05-30 20:06:56.803] [info] Measurement 'torso_height'
[2025-05-30 20:06:56.803] [info] 	pair 0 (C7, T10): model = 0.26417, experimental = 0.230914
[2025-05-30 20:06:56.803] [info] 	pair 1 (CLAV, STRN): model = 0.166215, experimental = 0.167186
[2025-05-30 20:06:56.803] [info] 	overall scale factor = 0.939974
[2025-05-30 20:06:56.803] [info] Measurement 'torso_width'
[2025-05-30 20:06:56.803] [info] 	pair 0 (RSHO, LSHO): model = 0.278272, experimental = 0.34416
[2025-05-30 20:06:56.803] [info] 	overall scale factor = 1.23678
[2025-05-30 20:06:56.803] [info] Measurement 'pelvis_depth'
[2025-05-30 20:06:56.803] [info] 	pair 0 (RASI, SACR): model = 0.209427, experimental = 0.221864
[2025-05-30 20:06:56.803] [info] 	pair 1 (LASI, SACR): model = 0.209427, experimental = 0.226713
[2025-05-30 20:06:56.803] [info] 	overall scale factor = 1.07097
[2025-05-30 20:06:56.803] [info] Measurement 'pelvis_height'
[2025-05-30 20:06:56.803] [info] 	pair 0 (RASI, LASI): model = 0.256928, experimental = 0.281719
[2025-05-30 20:06:56.803] [info] 	overall scale factor = 1.09649
[2025-05-30 20:06:56.803] [info] Measurement 'pelvis_width'
[2025-05-30 20:06:56.803] [info] 	pair 0 (RASI, LASI): model = 0.256928, experimental = 0.281719
[2025-05-30 20:06:56.803] [info] 	overall scale factor = 1.09649
[2025-05-30 20:06:56.803] [info] Measurement 'l_thigh'
[2025-05-30 20:06:56.803] [info] 	pair 0 (LASI, LKNE): model = 0.504880, experimental = 0.454182
[2025-05-30 20:06:56.803] [info] 	overall scale factor = 0.899584
[2025-05-30 20:06:56.803] [info] Measurement 'l_patella'
[2025-05-30 20:06:56.803] [info] 	pair 0 (LASI, LKNE): model = 0.504880, experimental = 0.454182
[2025-05-30 20:06:56.803] [info] 	overall scale factor = 0.899584
[2025-05-30 20:06:56.803] [info] Measurement 'l_tibia'
[2025-05-30 20:06:56.803] [info] 	pair 0 (LKNE, LANK): model = 0.399858, experimental = 0.373569
[2025-05-30 20:06:56.803] [info] 	overall scale factor = 0.934253
[2025-05-30 20:06:56.803] [info] Measurement 'l_foot'
[2025-05-30 20:06:56.803] [info] 	pair 0 (LHEE, LTOE): model = 0.205925, experimental = 0.167202
[2025-05-30 20:06:56.803] [info] 	overall scale factor = 0.811955
[2025-05-30 20:06:56.803] [info] Measurement 'r_thigh'
[2025-05-30 20:06:56.803] [info] 	pair 0 (RASI, RKNE): model = 0.504880, experimental = 0.448491
[2025-05-30 20:06:56.803] [info] 	overall scale factor = 0.888311
[2025-05-30 20:06:56.803] [info] Measurement 'r_patella'
[2025-05-30 20:06:56.803] [info] 	pair 0 (RASI, RKNE): model = 0.504880, experimental = 0.448491
[2025-05-30 20:06:56.803] [info] 	overall scale factor = 0.888311
[2025-05-30 20:06:56.803] [info] Measurement 'r_tibia'
[2025-05-30 20:06:56.803] [info] 	pair 0 (RKNE, RANK): model = 0.399858, experimental = 0.381873
[2025-05-30 20:06:56.803] [info] 	overall scale factor = 0.955022
[2025-05-30 20:06:56.803] [info] Measurement 'r_foot'
[2025-05-30 20:06:56.803] [info] 	pair 0 (RHEE, RTOE): model = 0.205925, experimental = 0.169272
[2025-05-30 20:06:56.803] [info] 	overall scale factor = 0.822007
[2025-05-30 20:06:56.826] [info] Wrote model file '..\data\SUBJ01\scaling\SUBJ01_scaledModel_2d.osim' from model.
[2025-05-30 20:06:56.829] [info] Wrote scale file '..\data\SUBJ01\scaling\SUBJ01_scaleSet_2d.xml' for model model.
[2025-05-30 20:06:56.899] [info] Loaded model model from file ..\data\SUBJ01\scaling\SUBJ01_scaledModelAdjusted_3d.osim
[2025-05-30 20:06:56.955] [info] Loaded model model from file ..\data\SUBJ01\scaling\SUBJ01_scaledModel_2d.osim
[2025-05-30 20:06:56.992] [info] Loaded model Miller2021_Crienkinge2023 from file ..\model\Miller2021_Crienkinge2023.osim
[2025-05-30 20:06:57.012] [info] Loaded model Denton2023_Crienkinge2023 from file ..\model\Denton2023_Crienkinge2023.osim
[2025-05-30 20:06:57.108] [info] Loaded model model from file ..\data\SUBJ01\scaling\SUBJ01_scaledModel_3d.osim
[2025-05-30 20:06:57.145] [info] Loaded model model from file ..\data\SUBJ01\scaling\SUBJ01_scaledModel_2d.osim
[2025-05-30 20:07:16.905] [info] Loaded model SUBJ01_3d from file ..\data\SUBJ01\scaling\SUBJ01_scaledModelAdjusted_3d.osim
[2025-05-30 20:07:16.914] [cout] [info] 
               MODEL: SUBJ01_3d
         coordinates: 25
              forces: 113
           actuators: 84
             muscles: 84
            analyses: 0
              probes: 0
              bodies: 14
              joints: 14
         constraints: 2
             markers: 21
         controllers: 0
  contact geometries: 13
misc modelcomponents: 0
[2025-05-30 20:07:16.914] [info] Running tool .
[2025-05-30 20:07:17.043] [info] Frame 0 (t = 0.94):	 total squared error = 0.00903769, marker error: RMS = 0.0212576, max = 0.0474282 (LSHO)
[2025-05-30 20:07:17.068] [info] Frame 1 (t = 0.95):	 total squared error = 0.00897836, marker error: RMS = 0.0211877, max = 0.0473576 (LSHO)
[2025-05-30 20:07:17.100] [info] Frame 2 (t = 0.96):	 total squared error = 0.00888818, marker error: RMS = 0.0210810, max = 0.047138 (LSHO)
[2025-05-30 20:07:17.259] [info] Frame 3 (t = 0.97):	 total squared error = 0.00877631, marker error: RMS = 0.0209479, max = 0.0469572 (LSHO)
[2025-05-30 20:07:17.442] [info] Frame 4 (t = 0.98):	 total squared error = 0.00864986, marker error: RMS = 0.0207965, max = 0.0467161 (LSHO)
[2025-05-30 20:07:17.503] [info] Frame 5 (t = 0.99):	 total squared error = 0.00851486, marker error: RMS = 0.0206335, max = 0.046432 (LSHO)
[2025-05-30 20:07:17.684] [info] Frame 6 (t = 1.0):	 total squared error = 0.00837289, marker error: RMS = 0.0204608, max = 0.0460451 (LSHO)
[2025-05-30 20:07:17.735] [info] Frame 7 (t = 1.01):	 total squared error = 0.00822624, marker error: RMS = 0.0202808, max = 0.0456158 (LSHO)
[2025-05-30 20:07:17.837] [info] Frame 8 (t = 1.02):	 total squared error = 0.00807620, marker error: RMS = 0.0200950, max = 0.0451483 (LSHO)
[2025-05-30 20:07:17.967] [info] Frame 9 (t = 1.03):	 total squared error = 0.00792986, marker error: RMS = 0.0199121, max = 0.0449199 (LSHO)
[2025-05-30 20:07:18.068] [info] Frame 10 (t = 1.04):	 total squared error = 0.00778829, marker error: RMS = 0.0197336, max = 0.0443263 (LSHO)
[2025-05-30 20:07:18.146] [info] Frame 11 (t = 1.05):	 total squared error = 0.00766420, marker error: RMS = 0.0195757, max = 0.0440435 (LSHO)
[2025-05-30 20:07:18.223] [info] Frame 12 (t = 1.06):	 total squared error = 0.00756104, marker error: RMS = 0.0194436, max = 0.0436579 (LSHO)
[2025-05-30 20:07:18.303] [info] Frame 13 (t = 1.07):	 total squared error = 0.00748785, marker error: RMS = 0.0193492, max = 0.0433192 (LSHO)
[2025-05-30 20:07:18.329] [info] Frame 14 (t = 1.08):	 total squared error = 0.00744325, marker error: RMS = 0.0192915, max = 0.0430278 (LSHO)
[2025-05-30 20:07:18.356] [info] Frame 15 (t = 1.09):	 total squared error = 0.00742284, marker error: RMS = 0.019265, max = 0.0427941 (LSHO)
[2025-05-30 20:07:18.376] [info] Frame 16 (t = 1.1):	 total squared error = 0.00741789, marker error: RMS = 0.0192586, max = 0.0426552 (LSHO)
[2025-05-30 20:07:18.398] [info] Frame 17 (t = 1.11):	 total squared error = 0.00742290, marker error: RMS = 0.0192651, max = 0.0425104 (LSHO)
[2025-05-30 20:07:18.433] [info] Frame 18 (t = 1.12):	 total squared error = 0.00743167, marker error: RMS = 0.0192765, max = 0.042414 (LSHO)
[2025-05-30 20:07:18.444] [info] Frame 19 (t = 1.13):	 total squared error = 0.00745033, marker error: RMS = 0.0193007, max = 0.0425387 (LSHO)
[2025-05-30 20:07:18.479] [info] Frame 20 (t = 1.14):	 total squared error = 0.00744882, marker error: RMS = 0.0192987, max = 0.0421217 (LSHO)
[2025-05-30 20:07:18.506] [info] Frame 21 (t = 1.15):	 total squared error = 0.00745398, marker error: RMS = 0.0193054, max = 0.0419808 (LSHO)
[2025-05-30 20:07:18.527] [info] Frame 22 (t = 1.16):	 total squared error = 0.00745574, marker error: RMS = 0.0193077, max = 0.0417994 (LSHO)
[2025-05-30 20:07:18.546] [info] Frame 23 (t = 1.17):	 total squared error = 0.00745492, marker error: RMS = 0.0193066, max = 0.0416219 (LSHO)
[2025-05-30 20:07:18.559] [info] Frame 24 (t = 1.18):	 total squared error = 0.00745538, marker error: RMS = 0.0193072, max = 0.0415542 (LSHO)
[2025-05-30 20:07:18.577] [info] Frame 25 (t = 1.19):	 total squared error = 0.00745144, marker error: RMS = 0.0193021, max = 0.0412155 (LSHO)
[2025-05-30 20:07:18.591] [info] Frame 26 (t = 1.2):	 total squared error = 0.00745559, marker error: RMS = 0.0193075, max = 0.0411514 (LSHO)
[2025-05-30 20:07:18.643] [info] Frame 27 (t = 1.21):	 total squared error = 0.00745951, marker error: RMS = 0.0193126, max = 0.0408990 (LSHO)
[2025-05-30 20:07:18.657] [info] Frame 28 (t = 1.22):	 total squared error = 0.00747816, marker error: RMS = 0.0193367, max = 0.0407122 (LSHO)
[2025-05-30 20:07:18.686] [info] Frame 29 (t = 1.23):	 total squared error = 0.00749979, marker error: RMS = 0.0193646, max = 0.0408437 (RSHO)
[2025-05-30 20:07:18.713] [info] Frame 30 (t = 1.24):	 total squared error = 0.00753314, marker error: RMS = 0.0194077, max = 0.0412364 (RSHO)
[2025-05-30 20:07:18.739] [info] Frame 31 (t = 1.25):	 total squared error = 0.00757680, marker error: RMS = 0.0194638, max = 0.0416717 (RSHO)
[2025-05-30 20:07:18.756] [info] Frame 32 (t = 1.26):	 total squared error = 0.00763090, marker error: RMS = 0.0195332, max = 0.0422262 (RSHO)
[2025-05-30 20:07:18.799] [info] Frame 33 (t = 1.27):	 total squared error = 0.00769182, marker error: RMS = 0.019611, max = 0.0425139 (RSHO)
[2025-05-30 20:07:18.823] [info] Frame 34 (t = 1.28):	 total squared error = 0.00776231, marker error: RMS = 0.0197007, max = 0.0428973 (RSHO)
[2025-05-30 20:07:18.845] [info] Frame 35 (t = 1.29):	 total squared error = 0.00784148, marker error: RMS = 0.0198009, max = 0.0433619 (RSHO)
[2025-05-30 20:07:18.872] [info] Frame 36 (t = 1.3):	 total squared error = 0.00792505, marker error: RMS = 0.0199061, max = 0.0436556 (RSHO)
[2025-05-30 20:07:18.897] [info] Frame 37 (t = 1.31):	 total squared error = 0.00801649, marker error: RMS = 0.0200206, max = 0.0440191 (RSHO)
[2025-05-30 20:07:18.925] [info] Frame 38 (t = 1.32):	 total squared error = 0.00811391, marker error: RMS = 0.0201419, max = 0.0443219 (RSHO)
[2025-05-30 20:07:18.945] [info] Frame 39 (t = 1.33):	 total squared error = 0.00821787, marker error: RMS = 0.0202705, max = 0.0449266 (RSHO)
[2025-05-30 20:07:18.977] [info] Frame 40 (t = 1.34):	 total squared error = 0.00832372, marker error: RMS = 0.0204006, max = 0.0450738 (RSHO)
[2025-05-30 20:07:18.996] [info] Frame 41 (t = 1.35):	 total squared error = 0.00843318, marker error: RMS = 0.0205343, max = 0.0455381 (RSHO)
[2025-05-30 20:07:19.014] [info] Frame 42 (t = 1.36):	 total squared error = 0.00853604, marker error: RMS = 0.0206592, max = 0.0460567 (RSHO)
[2025-05-30 20:07:19.044] [info] Frame 43 (t = 1.37):	 total squared error = 0.00862303, marker error: RMS = 0.0207642, max = 0.0459945 (RSHO)
[2025-05-30 20:07:19.089] [info] Frame 44 (t = 1.38):	 total squared error = 0.00869750, marker error: RMS = 0.0208537, max = 0.0462611 (RSHO)
[2025-05-30 20:07:19.107] [info] Frame 45 (t = 1.39):	 total squared error = 0.00876144, marker error: RMS = 0.0209302, max = 0.0466265 (RSHO)
[2025-05-30 20:07:19.135] [info] Frame 46 (t = 1.4):	 total squared error = 0.00881117, marker error: RMS = 0.0209895, max = 0.0466609 (RSHO)
[2025-05-30 20:07:19.159] [info] Frame 47 (t = 1.41):	 total squared error = 0.00886900, marker error: RMS = 0.0210583, max = 0.0469781 (RSHO)
[2025-05-30 20:07:19.184] [info] Frame 48 (t = 1.42):	 total squared error = 0.00893286, marker error: RMS = 0.0211339, max = 0.0470102 (RSHO)
[2025-05-30 20:07:19.198] [info] Frame 49 (t = 1.43):	 total squared error = 0.00900241, marker error: RMS = 0.021216, max = 0.0472264 (RSHO)
[2025-05-30 20:07:19.228] [info] Frame 50 (t = 1.44):	 total squared error = 0.00905946, marker error: RMS = 0.0212832, max = 0.0471148 (RSHO)
[2025-05-30 20:07:19.248] [info] Frame 51 (t = 1.45):	 total squared error = 0.00909433, marker error: RMS = 0.0213241, max = 0.0471239 (RSHO)
[2025-05-30 20:07:19.275] [info] Frame 52 (t = 1.46):	 total squared error = 0.00909243, marker error: RMS = 0.0213219, max = 0.0471085 (RSHO)
[2025-05-30 20:07:19.295] [info] Frame 53 (t = 1.47):	 total squared error = 0.00905167, marker error: RMS = 0.021274, max = 0.0469332 (RSHO)
[2025-05-30 20:07:19.321] [info] Frame 54 (t = 1.48):	 total squared error = 0.00897631, marker error: RMS = 0.0211853, max = 0.0469542 (RSHO)
[2025-05-30 20:07:19.337] [info] Frame 55 (t = 1.49):	 total squared error = 0.00888012, marker error: RMS = 0.0210715, max = 0.0468113 (RSHO)
[2025-05-30 20:07:19.360] [info] Frame 56 (t = 1.5):	 total squared error = 0.00877466, marker error: RMS = 0.0209460, max = 0.0466475 (RSHO)
[2025-05-30 20:07:19.376] [info] Frame 57 (t = 1.51):	 total squared error = 0.00867286, marker error: RMS = 0.0208241, max = 0.0464583 (RSHO)
[2025-05-30 20:07:19.395] [info] Frame 58 (t = 1.52):	 total squared error = 0.00857887, marker error: RMS = 0.0207110, max = 0.0462482 (RSHO)
[2025-05-30 20:07:19.419] [info] Frame 59 (t = 1.53):	 total squared error = 0.00849085, marker error: RMS = 0.0206044, max = 0.0460722 (RSHO)
[2025-05-30 20:07:19.437] [info] Frame 60 (t = 1.54):	 total squared error = 0.00840510, marker error: RMS = 0.0205001, max = 0.0457688 (RSHO)
[2025-05-30 20:07:19.466] [info] Frame 61 (t = 1.55):	 total squared error = 0.00831137, marker error: RMS = 0.0203855, max = 0.0454907 (RSHO)
[2025-05-30 20:07:19.489] [info] Frame 62 (t = 1.56):	 total squared error = 0.00820885, marker error: RMS = 0.0202594, max = 0.0451568 (RSHO)
[2025-05-30 20:07:19.509] [info] Frame 63 (t = 1.57):	 total squared error = 0.00809379, marker error: RMS = 0.0201169, max = 0.0448285 (RSHO)
[2025-05-30 20:07:19.536] [info] Frame 64 (t = 1.58):	 total squared error = 0.00796843, marker error: RMS = 0.0199605, max = 0.0443861 (RSHO)
[2025-05-30 20:07:19.562] [info] Frame 65 (t = 1.59):	 total squared error = 0.00784449, marker error: RMS = 0.0198047, max = 0.0439628 (RSHO)
[2025-05-30 20:07:19.592] [info] Frame 66 (t = 1.6):	 total squared error = 0.00773015, marker error: RMS = 0.0196598, max = 0.0435685 (RSHO)
[2025-05-30 20:07:19.620] [info] Frame 67 (t = 1.61):	 total squared error = 0.00763317, marker error: RMS = 0.0195361, max = 0.0431645 (RSHO)
[2025-05-30 20:07:19.642] [info] Frame 68 (t = 1.62):	 total squared error = 0.00756145, marker error: RMS = 0.0194441, max = 0.0427999 (RSHO)
[2025-05-30 20:07:19.662] [info] Frame 69 (t = 1.63):	 total squared error = 0.00751627, marker error: RMS = 0.0193859, max = 0.0424542 (RSHO)
[2025-05-30 20:07:19.682] [info] Frame 70 (t = 1.64):	 total squared error = 0.00749558, marker error: RMS = 0.0193592, max = 0.0421504 (RSHO)
[2025-05-30 20:07:19.714] [info] Frame 71 (t = 1.65):	 total squared error = 0.00749442, marker error: RMS = 0.0193577, max = 0.0419547 (RSHO)
[2025-05-30 20:07:19.736] [info] Frame 72 (t = 1.66):	 total squared error = 0.00750941, marker error: RMS = 0.0193771, max = 0.0417463 (RSHO)
[2025-05-30 20:07:19.758] [info] Frame 73 (t = 1.67):	 total squared error = 0.00753342, marker error: RMS = 0.0194080, max = 0.0414965 (RSHO)
[2025-05-30 20:07:19.777] [info] Frame 74 (t = 1.68):	 total squared error = 0.00756255, marker error: RMS = 0.0194455, max = 0.0412375 (RSHO)
[2025-05-30 20:07:19.795] [info] Frame 75 (t = 1.69):	 total squared error = 0.00759344, marker error: RMS = 0.0194852, max = 0.0410330 (RSHO)
[2025-05-30 20:07:19.805] [info] Frame 76 (t = 1.7):	 total squared error = 0.00763472, marker error: RMS = 0.0195381, max = 0.0409361 (RSHO)
[2025-05-30 20:07:19.835] [info] Frame 77 (t = 1.71):	 total squared error = 0.00765531, marker error: RMS = 0.0195644, max = 0.0409796 (LSHO)
[2025-05-30 20:07:19.855] [info] Frame 78 (t = 1.72):	 total squared error = 0.00768925, marker error: RMS = 0.0196077, max = 0.0412855 (LSHO)
[2025-05-30 20:07:19.877] [info] Frame 79 (t = 1.73):	 total squared error = 0.00772532, marker error: RMS = 0.0196537, max = 0.0415323 (LSHO)
[2025-05-30 20:07:19.894] [info] Frame 80 (t = 1.74):	 total squared error = 0.00776984, marker error: RMS = 0.0197102, max = 0.0418963 (LSHO)
[2025-05-30 20:07:19.917] [info] Frame 81 (t = 1.75):	 total squared error = 0.00782173, marker error: RMS = 0.0197759, max = 0.0422423 (LSHO)
[2025-05-30 20:07:19.930] [info] Frame 82 (t = 1.76):	 total squared error = 0.00789171, marker error: RMS = 0.0198642, max = 0.0425751 (LSHO)
[2025-05-30 20:07:19.988] [info] Frame 83 (t = 1.77):	 total squared error = 0.00795547, marker error: RMS = 0.0199443, max = 0.0430754 (LSHO)
[2025-05-30 20:07:20.013] [info] Frame 84 (t = 1.78):	 total squared error = 0.00803670, marker error: RMS = 0.0200458, max = 0.0435783 (LSHO)
[2025-05-30 20:07:20.035] [info] Frame 85 (t = 1.79):	 total squared error = 0.00812270, marker error: RMS = 0.0201528, max = 0.0438674 (LSHO)
[2025-05-30 20:07:20.056] [info] Frame 86 (t = 1.8):	 total squared error = 0.00821480, marker error: RMS = 0.0202667, max = 0.0442668 (LSHO)
[2025-05-30 20:07:20.081] [info] Frame 87 (t = 1.81):	 total squared error = 0.00830462, marker error: RMS = 0.0203772, max = 0.0445852 (LSHO)
[2025-05-30 20:07:20.106] [info] Frame 88 (t = 1.82):	 total squared error = 0.00839329, marker error: RMS = 0.0204857, max = 0.0449241 (LSHO)
[2025-05-30 20:07:20.129] [info] Frame 89 (t = 1.83):	 total squared error = 0.00847580, marker error: RMS = 0.0205862, max = 0.0452127 (LSHO)
[2025-05-30 20:07:20.147] [info] Frame 90 (t = 1.84):	 total squared error = 0.00854968, marker error: RMS = 0.0206757, max = 0.0454436 (LSHO)
[2025-05-30 20:07:20.174] [info] Frame 91 (t = 1.85):	 total squared error = 0.00860765, marker error: RMS = 0.0207457, max = 0.0456964 (LSHO)
[2025-05-30 20:07:20.191] [info] Frame 92 (t = 1.86):	 total squared error = 0.00865221, marker error: RMS = 0.0207993, max = 0.0457251 (LSHO)
[2025-05-30 20:07:20.211] [info] Frame 93 (t = 1.87):	 total squared error = 0.00867672, marker error: RMS = 0.0208287, max = 0.0461699 (LSHO)
[2025-05-30 20:07:20.236] [info] Frame 94 (t = 1.88):	 total squared error = 0.00868596, marker error: RMS = 0.0208398, max = 0.0462584 (LSHO)
[2025-05-30 20:07:20.267] [info] Frame 95 (t = 1.89):	 total squared error = 0.00868248, marker error: RMS = 0.0208356, max = 0.0463806 (LSHO)
[2025-05-30 20:07:20.289] [info] Frame 96 (t = 1.9):	 total squared error = 0.00867384, marker error: RMS = 0.0208253, max = 0.0465723 (LSHO)
[2025-05-30 20:07:20.316] [info] Frame 97 (t = 1.91):	 total squared error = 0.00866373, marker error: RMS = 0.0208131, max = 0.0467542 (LSHO)
[2025-05-30 20:07:20.338] [info] Frame 98 (t = 1.92):	 total squared error = 0.00866502, marker error: RMS = 0.0208147, max = 0.0469058 (LSHO)
[2025-05-30 20:07:20.360] [info] Frame 99 (t = 1.93):	 total squared error = 0.00868139, marker error: RMS = 0.0208343, max = 0.0470800 (LSHO)
[2025-05-30 20:07:20.384] [info] Frame 100 (t = 1.94):	 total squared error = 0.00871558, marker error: RMS = 0.0208753, max = 0.0472309 (LSHO)
[2025-05-30 20:07:20.415] [info] Frame 101 (t = 1.95):	 total squared error = 0.00876548, marker error: RMS = 0.0209350, max = 0.0474041 (LSHO)
[2025-05-30 20:07:20.435] [info] Frame 102 (t = 1.96):	 total squared error = 0.00882371, marker error: RMS = 0.0210044, max = 0.0475147 (LSHO)
[2025-05-30 20:07:20.454] [info] Frame 103 (t = 1.97):	 total squared error = 0.00887654, marker error: RMS = 0.0210672, max = 0.0476681 (LSHO)
[2025-05-30 20:07:20.483] [info] Frame 104 (t = 1.98):	 total squared error = 0.00891035, marker error: RMS = 0.0211073, max = 0.0476688 (LSHO)
[2025-05-30 20:07:20.505] [info] Frame 105 (t = 1.99):	 total squared error = 0.00891578, marker error: RMS = 0.0211137, max = 0.0476792 (LSHO)
[2025-05-30 20:07:20.528] [info] Frame 106 (t = 2.0):	 total squared error = 0.00888677, marker error: RMS = 0.0210793, max = 0.0476425 (LSHO)
[2025-05-30 20:07:20.542] [info] InverseKinematicsTool completed 107 frames in 3 second(s).
[2025-05-30 20:09:13.010] [info] Loaded model SUBJ01_2d from file ..\data\SUBJ01\scaling\SUBJ01_scaledModelAdjusted_2d.osim
[2025-05-30 20:11:59.021] [info] Loaded model SUBJ01_2d from file ..\data\SUBJ01\scaling\SUBJ01_scaledModelAdjusted_2d.osim
[2025-05-30 20:11:59.025] [cout] [info] 
               MODEL: SUBJ01_2d
         coordinates: 12
              forces: 48
           actuators: 18
             muscles: 18
            analyses: 0
              probes: 0
              bodies: 12
              joints: 12
         constraints: 0
             markers: 37
         controllers: 0
  contact geometries: 17
misc modelcomponents: 0
[2025-05-30 20:11:59.025] [info] Running tool .
[2025-05-30 20:11:59.048] [info] Frame 0 (t = 0.94):	 total squared error = 0.0188926, marker error: RMS = 0.0307348, max = 0.0711849 (RTIB)
[2025-05-30 20:11:59.054] [info] Frame 1 (t = 0.95):	 total squared error = 0.0190186, marker error: RMS = 0.0308371, max = 0.0720115 (RTIB)
[2025-05-30 20:11:59.065] [info] Frame 2 (t = 0.96):	 total squared error = 0.0192040, marker error: RMS = 0.0309871, max = 0.0726335 (RTIB)
[2025-05-30 20:11:59.075] [info] Frame 3 (t = 0.97):	 total squared error = 0.0194435, marker error: RMS = 0.0311797, max = 0.0731841 (RTIB)
[2025-05-30 20:11:59.089] [info] Frame 4 (t = 0.98):	 total squared error = 0.0196974, marker error: RMS = 0.0313826, max = 0.0732205 (RTIB)
[2025-05-30 20:11:59.105] [info] Frame 5 (t = 0.99):	 total squared error = 0.0198426, marker error: RMS = 0.0314981, max = 0.0725209 (RTIB)
[2025-05-30 20:11:59.118] [info] Frame 6 (t = 1.0):	 total squared error = 0.0198763, marker error: RMS = 0.0315248, max = 0.0721484 (RTIB)
[2025-05-30 20:11:59.129] [info] Frame 7 (t = 1.01):	 total squared error = 0.0198584, marker error: RMS = 0.0315107, max = 0.071919 (RTIB)
[2025-05-30 20:11:59.146] [info] Frame 8 (t = 1.02):	 total squared error = 0.0198189, marker error: RMS = 0.0314793, max = 0.0716268 (RTIB)
[2025-05-30 20:11:59.160] [info] Frame 9 (t = 1.03):	 total squared error = 0.0197794, marker error: RMS = 0.0314479, max = 0.0713908 (RTIB)
[2025-05-30 20:11:59.168] [info] Frame 10 (t = 1.04):	 total squared error = 0.0197499, marker error: RMS = 0.0314244, max = 0.0711378 (RTIB)
[2025-05-30 20:11:59.178] [info] Frame 11 (t = 1.05):	 total squared error = 0.0197339, marker error: RMS = 0.0314117, max = 0.0708997 (RTIB)
[2025-05-30 20:11:59.187] [info] Frame 12 (t = 1.06):	 total squared error = 0.0197301, marker error: RMS = 0.0314087, max = 0.0706509 (RTIB)
[2025-05-30 20:11:59.195] [info] Frame 13 (t = 1.07):	 total squared error = 0.0197387, marker error: RMS = 0.0314155, max = 0.0704046 (RTIB)
[2025-05-30 20:11:59.209] [info] Frame 14 (t = 1.08):	 total squared error = 0.0197311, marker error: RMS = 0.0314095, max = 0.0701733 (RTIB)
[2025-05-30 20:11:59.217] [info] Frame 15 (t = 1.09):	 total squared error = 0.0197211, marker error: RMS = 0.0314015, max = 0.0699036 (RTIB)
[2025-05-30 20:11:59.232] [info] Frame 16 (t = 1.1):	 total squared error = 0.0196972, marker error: RMS = 0.0313825, max = 0.069678 (RTIB)
[2025-05-30 20:11:59.242] [info] Frame 17 (t = 1.11):	 total squared error = 0.0196609, marker error: RMS = 0.0313535, max = 0.0694288 (RTIB)
[2025-05-30 20:11:59.251] [info] Frame 18 (t = 1.12):	 total squared error = 0.0196161, marker error: RMS = 0.0313178, max = 0.0692115 (RTIB)
[2025-05-30 20:11:59.260] [info] Frame 19 (t = 1.13):	 total squared error = 0.0195676, marker error: RMS = 0.0312791, max = 0.0690731 (RTIB)
[2025-05-30 20:11:59.267] [info] Frame 20 (t = 1.14):	 total squared error = 0.0195226, marker error: RMS = 0.0312431, max = 0.0690237 (RTIB)
[2025-05-30 20:11:59.275] [info] Frame 21 (t = 1.15):	 total squared error = 0.0194854, marker error: RMS = 0.0312133, max = 0.0690644 (RTIB)
[2025-05-30 20:11:59.291] [info] Frame 22 (t = 1.16):	 total squared error = 0.0194589, marker error: RMS = 0.0311921, max = 0.0691484 (RTIB)
[2025-05-30 20:11:59.303] [info] Frame 23 (t = 1.17):	 total squared error = 0.0194462, marker error: RMS = 0.0311819, max = 0.0694035 (RTIB)
[2025-05-30 20:11:59.313] [info] Frame 24 (t = 1.18):	 total squared error = 0.0194466, marker error: RMS = 0.0311822, max = 0.0696907 (RTIB)
[2025-05-30 20:11:59.326] [info] Frame 25 (t = 1.19):	 total squared error = 0.0194519, marker error: RMS = 0.0311864, max = 0.0699075 (RTIB)
[2025-05-30 20:11:59.342] [info] Frame 26 (t = 1.2):	 total squared error = 0.0194647, marker error: RMS = 0.0311967, max = 0.0701830 (RTIB)
[2025-05-30 20:11:59.359] [info] Frame 27 (t = 1.21):	 total squared error = 0.0194714, marker error: RMS = 0.0312021, max = 0.0704494 (RTIB)
[2025-05-30 20:11:59.389] [info] Frame 28 (t = 1.22):	 total squared error = 0.0194106, marker error: RMS = 0.0311533, max = 0.0698863 (RTIB)
[2025-05-30 20:11:59.400] [info] Frame 29 (t = 1.23):	 total squared error = 0.0192681, marker error: RMS = 0.0310388, max = 0.0701425 (RTIB)
[2025-05-30 20:11:59.415] [info] Frame 30 (t = 1.24):	 total squared error = 0.0191213, marker error: RMS = 0.0309203, max = 0.0699963 (RTIB)
[2025-05-30 20:11:59.427] [info] Frame 31 (t = 1.25):	 total squared error = 0.0189989, marker error: RMS = 0.0308212, max = 0.0701678 (RTIB)
[2025-05-30 20:11:59.441] [info] Frame 32 (t = 1.26):	 total squared error = 0.0188919, marker error: RMS = 0.0307343, max = 0.0701548 (RTIB)
[2025-05-30 20:11:59.452] [info] Frame 33 (t = 1.27):	 total squared error = 0.0188034, marker error: RMS = 0.0306622, max = 0.0701970 (RTIB)
[2025-05-30 20:11:59.464] [info] Frame 34 (t = 1.28):	 total squared error = 0.0187316, marker error: RMS = 0.0306036, max = 0.0701633 (RTIB)
[2025-05-30 20:11:59.482] [info] Frame 35 (t = 1.29):	 total squared error = 0.0186739, marker error: RMS = 0.0305564, max = 0.0700942 (RTIB)
[2025-05-30 20:11:59.488] [info] Frame 36 (t = 1.3):	 total squared error = 0.0186312, marker error: RMS = 0.0305215, max = 0.0700295 (RTIB)
[2025-05-30 20:11:59.499] [info] Frame 37 (t = 1.31):	 total squared error = 0.0185939, marker error: RMS = 0.0304909, max = 0.0697838 (RTIB)
[2025-05-30 20:11:59.510] [info] Frame 38 (t = 1.32):	 total squared error = 0.0185615, marker error: RMS = 0.0304643, max = 0.0694118 (RTIB)
[2025-05-30 20:11:59.520] [info] Frame 39 (t = 1.33):	 total squared error = 0.0185266, marker error: RMS = 0.0304356, max = 0.0689136 (RTIB)
[2025-05-30 20:11:59.531] [info] Frame 40 (t = 1.34):	 total squared error = 0.0184816, marker error: RMS = 0.0303987, max = 0.0682633 (RTIB)
[2025-05-30 20:11:59.543] [info] Frame 41 (t = 1.35):	 total squared error = 0.0184191, marker error: RMS = 0.0303473, max = 0.0674158 (RTIB)
[2025-05-30 20:11:59.559] [info] Frame 42 (t = 1.36):	 total squared error = 0.018334, marker error: RMS = 0.0302770, max = 0.0664762 (RTIB)
[2025-05-30 20:11:59.570] [info] Frame 43 (t = 1.37):	 total squared error = 0.0182261, marker error: RMS = 0.0301878, max = 0.0655196 (RTIB)
[2025-05-30 20:11:59.578] [info] Frame 44 (t = 1.38):	 total squared error = 0.0181108, marker error: RMS = 0.0300922, max = 0.064817 (RTIB)
[2025-05-30 20:11:59.591] [info] Frame 45 (t = 1.39):	 total squared error = 0.0179878, marker error: RMS = 0.0299898, max = 0.0640184 (RTIB)
[2025-05-30 20:11:59.597] [info] Frame 46 (t = 1.4):	 total squared error = 0.0179072, marker error: RMS = 0.0299225, max = 0.0637105 (RTIB)
[2025-05-30 20:11:59.609] [info] Frame 47 (t = 1.41):	 total squared error = 0.0178672, marker error: RMS = 0.0298891, max = 0.0633512 (RTIB)
[2025-05-30 20:11:59.616] [info] Frame 48 (t = 1.42):	 total squared error = 0.0178994, marker error: RMS = 0.0299161, max = 0.0632099 (RTIB)
[2025-05-30 20:11:59.631] [info] Frame 49 (t = 1.43):	 total squared error = 0.0179909, marker error: RMS = 0.0299924, max = 0.0630993 (RTIB)
[2025-05-30 20:11:59.637] [info] Frame 50 (t = 1.44):	 total squared error = 0.0181398, marker error: RMS = 0.0301163, max = 0.0628925 (RTIB)
[2025-05-30 20:11:59.646] [info] Frame 51 (t = 1.45):	 total squared error = 0.0183185, marker error: RMS = 0.0302642, max = 0.0629735 (RTIB)
[2025-05-30 20:11:59.654] [info] Frame 52 (t = 1.46):	 total squared error = 0.0185138, marker error: RMS = 0.0304252, max = 0.0629616 (RTIB)
[2025-05-30 20:11:59.664] [info] Frame 53 (t = 1.47):	 total squared error = 0.018698, marker error: RMS = 0.0305762, max = 0.0631926 (RTIB)
[2025-05-30 20:11:59.671] [info] Frame 54 (t = 1.48):	 total squared error = 0.0188615, marker error: RMS = 0.0307095, max = 0.0633843 (RTIB)
[2025-05-30 20:11:59.686] [info] Frame 55 (t = 1.49):	 total squared error = 0.0189852, marker error: RMS = 0.0308100, max = 0.0639822 (RTIB)
[2025-05-30 20:11:59.700] [info] Frame 56 (t = 1.5):	 total squared error = 0.0190826, marker error: RMS = 0.0308890, max = 0.0645575 (RTIB)
[2025-05-30 20:11:59.705] [info] Frame 57 (t = 1.51):	 total squared error = 0.0191671, marker error: RMS = 0.0309573, max = 0.0651215 (RTIB)
[2025-05-30 20:11:59.721] [info] Frame 58 (t = 1.52):	 total squared error = 0.0192288, marker error: RMS = 0.0310071, max = 0.065957 (RTIB)
[2025-05-30 20:11:59.736] [info] Frame 59 (t = 1.53):	 total squared error = 0.0192943, marker error: RMS = 0.0310599, max = 0.0668347 (RTIB)
[2025-05-30 20:11:59.750] [info] Frame 60 (t = 1.54):	 total squared error = 0.0193542, marker error: RMS = 0.0311081, max = 0.0677922 (RTIB)
[2025-05-30 20:11:59.762] [info] Frame 61 (t = 1.55):	 total squared error = 0.0194036, marker error: RMS = 0.0311477, max = 0.0687709 (RTIB)
[2025-05-30 20:11:59.782] [info] Frame 62 (t = 1.56):	 total squared error = 0.0194427, marker error: RMS = 0.031179, max = 0.0696896 (RTIB)
[2025-05-30 20:11:59.799] [info] Frame 63 (t = 1.57):	 total squared error = 0.0194741, marker error: RMS = 0.0312043, max = 0.0705469 (RTIB)
[2025-05-30 20:11:59.812] [info] Frame 64 (t = 1.58):	 total squared error = 0.0195002, marker error: RMS = 0.0312252, max = 0.0712446 (RTIB)
[2025-05-30 20:11:59.824] [info] Frame 65 (t = 1.59):	 total squared error = 0.0195229, marker error: RMS = 0.0312433, max = 0.0718983 (RTIB)
[2025-05-30 20:11:59.842] [info] Frame 66 (t = 1.6):	 total squared error = 0.0195434, marker error: RMS = 0.0312597, max = 0.0723623 (RTIB)
[2025-05-30 20:11:59.853] [info] Frame 67 (t = 1.61):	 total squared error = 0.0195637, marker error: RMS = 0.031276, max = 0.0726604 (RTIB)
[2025-05-30 20:11:59.865] [info] Frame 68 (t = 1.62):	 total squared error = 0.0195841, marker error: RMS = 0.0312922, max = 0.0728789 (RTIB)
[2025-05-30 20:11:59.877] [info] Frame 69 (t = 1.63):	 total squared error = 0.0196034, marker error: RMS = 0.0313077, max = 0.0729666 (RTIB)
[2025-05-30 20:11:59.889] [info] Frame 70 (t = 1.64):	 total squared error = 0.0196189, marker error: RMS = 0.03132, max = 0.0729361 (RTIB)
[2025-05-30 20:11:59.902] [info] Frame 71 (t = 1.65):	 total squared error = 0.0196258, marker error: RMS = 0.0313255, max = 0.0728231 (RTIB)
[2025-05-30 20:11:59.908] [info] Frame 72 (t = 1.66):	 total squared error = 0.0196257, marker error: RMS = 0.0313255, max = 0.0725813 (RTIB)
[2025-05-30 20:11:59.917] [info] Frame 73 (t = 1.67):	 total squared error = 0.0195916, marker error: RMS = 0.0312983, max = 0.0723943 (RTIB)
[2025-05-30 20:11:59.927] [info] Frame 74 (t = 1.68):	 total squared error = 0.0195383, marker error: RMS = 0.0312556, max = 0.0721951 (RTIB)
[2025-05-30 20:11:59.935] [info] Frame 75 (t = 1.69):	 total squared error = 0.0194619, marker error: RMS = 0.0311945, max = 0.0717484 (RTIB)
[2025-05-30 20:11:59.946] [info] Frame 76 (t = 1.7):	 total squared error = 0.0193613, marker error: RMS = 0.0311137, max = 0.0716149 (RTIB)
[2025-05-30 20:11:59.957] [info] Frame 77 (t = 1.71):	 total squared error = 0.0192479, marker error: RMS = 0.0310225, max = 0.0712723 (RTIB)
[2025-05-30 20:11:59.965] [info] Frame 78 (t = 1.72):	 total squared error = 0.019132, marker error: RMS = 0.0309290, max = 0.0709552 (RTIB)
[2025-05-30 20:11:59.971] [info] Frame 79 (t = 1.73):	 total squared error = 0.0190275, marker error: RMS = 0.0308444, max = 0.0706094 (RTIB)
[2025-05-30 20:11:59.982] [info] Frame 80 (t = 1.74):	 total squared error = 0.0189419, marker error: RMS = 0.0307749, max = 0.0702926 (RTIB)
[2025-05-30 20:11:59.990] [info] Frame 81 (t = 1.75):	 total squared error = 0.0188897, marker error: RMS = 0.0307325, max = 0.0699793 (RTIB)
[2025-05-30 20:12:00.007] [info] Frame 82 (t = 1.76):	 total squared error = 0.0188703, marker error: RMS = 0.0307167, max = 0.0697011 (RTIB)
[2025-05-30 20:12:00.020] [info] Frame 83 (t = 1.77):	 total squared error = 0.0188888, marker error: RMS = 0.0307318, max = 0.0694365 (RTIB)
[2025-05-30 20:12:00.037] [info] Frame 84 (t = 1.78):	 total squared error = 0.0189421, marker error: RMS = 0.0307751, max = 0.0692258 (RTIB)
[2025-05-30 20:12:00.046] [info] Frame 85 (t = 1.79):	 total squared error = 0.0190273, marker error: RMS = 0.0308442, max = 0.0689526 (RTIB)
[2025-05-30 20:12:00.059] [info] Frame 86 (t = 1.8):	 total squared error = 0.0191359, marker error: RMS = 0.0309321, max = 0.0688957 (RTIB)
[2025-05-30 20:12:00.076] [info] Frame 87 (t = 1.81):	 total squared error = 0.0192657, marker error: RMS = 0.0310368, max = 0.068782 (RTIB)
[2025-05-30 20:12:00.092] [info] Frame 88 (t = 1.82):	 total squared error = 0.01941, marker error: RMS = 0.0311528, max = 0.0687076 (RTIB)
[2025-05-30 20:12:00.101] [info] Frame 89 (t = 1.83):	 total squared error = 0.0195626, marker error: RMS = 0.031275, max = 0.0686843 (RTIB)
[2025-05-30 20:12:00.106] [info] Frame 90 (t = 1.84):	 total squared error = 0.0197198, marker error: RMS = 0.0314004, max = 0.0686055 (RTIB)
[2025-05-30 20:12:00.120] [info] Frame 91 (t = 1.85):	 total squared error = 0.019864, marker error: RMS = 0.031515, max = 0.0687343 (RTIB)
[2025-05-30 20:12:00.135] [info] Frame 92 (t = 1.86):	 total squared error = 0.0199947, marker error: RMS = 0.0316186, max = 0.0688448 (RTIB)
[2025-05-30 20:12:00.147] [info] Frame 93 (t = 1.87):	 total squared error = 0.0201002, marker error: RMS = 0.0317019, max = 0.0689705 (RTIB)
[2025-05-30 20:12:00.154] [info] Frame 94 (t = 1.88):	 total squared error = 0.0201750, marker error: RMS = 0.0317608, max = 0.0688455 (RTIB)
[2025-05-30 20:12:00.171] [info] Frame 95 (t = 1.89):	 total squared error = 0.0202005, marker error: RMS = 0.0317809, max = 0.0693668 (RTIB)
[2025-05-30 20:12:00.185] [info] Frame 96 (t = 1.9):	 total squared error = 0.0201811, marker error: RMS = 0.0317657, max = 0.0696977 (RTIB)
[2025-05-30 20:12:00.198] [info] Frame 97 (t = 1.91):	 total squared error = 0.0201072, marker error: RMS = 0.0317074, max = 0.0700470 (RTIB)
[2025-05-30 20:12:00.211] [info] Frame 98 (t = 1.92):	 total squared error = 0.0199715, marker error: RMS = 0.0316002, max = 0.0706354 (RTIB)
[2025-05-30 20:12:00.223] [info] Frame 99 (t = 1.93):	 total squared error = 0.0197931, marker error: RMS = 0.0314588, max = 0.0709715 (RTIB)
[2025-05-30 20:12:00.236] [info] Frame 100 (t = 1.94):	 total squared error = 0.0196348, marker error: RMS = 0.0313327, max = 0.0711155 (RTIB)
[2025-05-30 20:12:00.249] [info] Frame 101 (t = 1.95):	 total squared error = 0.0195421, marker error: RMS = 0.0312587, max = 0.0710533 (RTIB)
[2025-05-30 20:12:00.260] [info] Frame 102 (t = 1.96):	 total squared error = 0.0195107, marker error: RMS = 0.0312336, max = 0.0711367 (RTIB)
[2025-05-30 20:12:00.270] [info] Frame 103 (t = 1.97):	 total squared error = 0.0195177, marker error: RMS = 0.0312391, max = 0.071471 (RTIB)
[2025-05-30 20:12:00.277] [info] Frame 104 (t = 1.98):	 total squared error = 0.0195544, marker error: RMS = 0.0312685, max = 0.0719695 (RTIB)
[2025-05-30 20:12:00.288] [info] Frame 105 (t = 1.99):	 total squared error = 0.0196162, marker error: RMS = 0.0313179, max = 0.0724417 (RTIB)
[2025-05-30 20:12:00.293] [info] Frame 106 (t = 2.0):	 total squared error = 0.0197209, marker error: RMS = 0.0314014, max = 0.0731476 (RTIB)
[2025-05-30 20:12:00.305] [info] InverseKinematicsTool completed 107 frames in 1 second(s).
[2025-05-30 20:14:52.628] [info] Processing subject ...
[2025-05-30 20:14:52.628] [info] Step 1: Loading generic model
[2025-05-30 20:14:52.657] [info] Loaded model Miller2021_Crienkinge2023 from file c:\+GitRepos+\optimal-control-weights\datasets\Crienkinge2023\model\Miller2021_Crienkinge2023.osim
[2025-05-30 20:14:52.674] [info] Step 2: Scaling generic model
[2025-05-30 20:14:52.691] [info] Loaded marker file ..\data\SUBJ01\static\static.trc (33 markers, 82 frames)
[2025-05-30 20:14:52.691] [info] Measurement 'torso_depth'
[2025-05-30 20:14:52.691] [info] 	pair 0 (C7, CLAV): model = 0.136565, experimental = 0.177766
[2025-05-30 20:14:52.691] [info] 	pair 1 (T10, STRN): model = 0.200328, experimental = 0.273446
[2025-05-30 20:14:52.691] [info] 	overall scale factor = 1.33334
[2025-05-30 20:14:52.691] [info] Measurement 'torso_height'
[2025-05-30 20:14:52.691] [info] 	pair 0 (C7, T10): model = 0.26417, experimental = 0.230914
[2025-05-30 20:14:52.691] [info] 	pair 1 (CLAV, STRN): model = 0.166215, experimental = 0.167186
[2025-05-30 20:14:52.691] [info] 	overall scale factor = 0.939974
[2025-05-30 20:14:52.691] [info] Measurement 'torso_width'
[2025-05-30 20:14:52.691] [info] 	pair 0 (RSHO, LSHO): model = 0.278272, experimental = 0.34416
[2025-05-30 20:14:52.691] [info] 	overall scale factor = 1.23678
[2025-05-30 20:14:52.691] [info] Measurement 'pelvis_depth'
[2025-05-30 20:14:52.691] [info] 	pair 0 (RASI, SACR): model = 0.209427, experimental = 0.221864
[2025-05-30 20:14:52.691] [info] 	pair 1 (LASI, SACR): model = 0.209427, experimental = 0.226713
[2025-05-30 20:14:52.691] [info] 	overall scale factor = 1.07097
[2025-05-30 20:14:52.691] [info] Measurement 'pelvis_height'
[2025-05-30 20:14:52.691] [info] 	pair 0 (RASI, LASI): model = 0.256928, experimental = 0.281719
[2025-05-30 20:14:52.691] [info] 	overall scale factor = 1.09649
[2025-05-30 20:14:52.691] [info] Measurement 'pelvis_width'
[2025-05-30 20:14:52.691] [info] 	pair 0 (RASI, LASI): model = 0.256928, experimental = 0.281719
[2025-05-30 20:14:52.691] [info] 	overall scale factor = 1.09649
[2025-05-30 20:14:52.691] [info] Measurement 'l_thigh'
[2025-05-30 20:14:52.691] [info] 	pair 0 (LASI, LKNE): model = 0.504880, experimental = 0.454182
[2025-05-30 20:14:52.691] [info] 	overall scale factor = 0.899584
[2025-05-30 20:14:52.691] [info] Measurement 'l_patella'
[2025-05-30 20:14:52.691] [info] 	pair 0 (LASI, LKNE): model = 0.504880, experimental = 0.454182
[2025-05-30 20:14:52.691] [info] 	overall scale factor = 0.899584
[2025-05-30 20:14:52.691] [info] Measurement 'l_tibia'
[2025-05-30 20:14:52.691] [info] 	pair 0 (LKNE, LANK): model = 0.399858, experimental = 0.373569
[2025-05-30 20:14:52.691] [info] 	overall scale factor = 0.934253
[2025-05-30 20:14:52.691] [info] Measurement 'l_foot'
[2025-05-30 20:14:52.691] [info] 	pair 0 (LHEE, LTOE): model = 0.205925, experimental = 0.167202
[2025-05-30 20:14:52.691] [info] 	overall scale factor = 0.811955
[2025-05-30 20:14:52.691] [info] Measurement 'r_thigh'
[2025-05-30 20:14:52.691] [info] 	pair 0 (RASI, RKNE): model = 0.504880, experimental = 0.448491
[2025-05-30 20:14:52.691] [info] 	overall scale factor = 0.888311
[2025-05-30 20:14:52.691] [info] Measurement 'r_patella'
[2025-05-30 20:14:52.691] [info] 	pair 0 (RASI, RKNE): model = 0.504880, experimental = 0.448491
[2025-05-30 20:14:52.691] [info] 	overall scale factor = 0.888311
[2025-05-30 20:14:52.691] [info] Measurement 'r_tibia'
[2025-05-30 20:14:52.691] [info] 	pair 0 (RKNE, RANK): model = 0.399858, experimental = 0.381873
[2025-05-30 20:14:52.691] [info] 	overall scale factor = 0.955022
[2025-05-30 20:14:52.691] [info] Measurement 'r_foot'
[2025-05-30 20:14:52.691] [info] 	pair 0 (RHEE, RTOE): model = 0.205925, experimental = 0.169272
[2025-05-30 20:14:52.691] [info] 	overall scale factor = 0.822007
[2025-05-30 20:14:52.755] [info] Wrote model file '..\data\SUBJ01\scaling\SUBJ01_scaledModel_3d.osim' from model.
[2025-05-30 20:14:52.758] [info] Wrote scale file '..\data\SUBJ01\scaling\SUBJ01_scaleSet_3d.xml' for model model.
[2025-05-30 20:14:52.759] [info] Step 3: Placing markers on model
[2025-05-30 20:14:52.767] [info] Loaded marker file ..\data\SUBJ01\static\static.trc (33 markers, 82 frames)
[2025-05-30 20:14:52.767] [info] Averaged frames from time 0.0 to 0.81 in ..\data\SUBJ01\static\static.trc (frames 1 to 82)
[2025-05-30 20:14:52.767] [info] Deleted 12 unused markers from model model.
[2025-05-30 20:14:52.794] [info] Frame at (t = 0.0):	 total squared error = 0.00715819, marker error: RMS = 0.0218452, max = 0.0312957 (RHEE)
[2025-05-30 20:14:52.794] [info] Moved markers in model model to match locations in marker file '..\data\SUBJ01\static\static.trc'.
[2025-05-30 20:14:52.819] [info] Wrote model file '..\data\SUBJ01\scaling\SUBJ01_scaledModelAdjusted_3d.osim' from model model.
[2025-05-30 20:14:52.840] [info] Processing subject ...
[2025-05-30 20:14:52.840] [info] Step 1: Loading generic model
[2025-05-30 20:14:52.855] [info] Loaded model Denton2023_Crienkinge2023 from file c:\+GitRepos+\optimal-control-weights\datasets\Crienkinge2023\model\Denton2023_Crienkinge2023.osim
[2025-05-30 20:14:52.862] [info] Step 2: Scaling generic model
[2025-05-30 20:14:52.869] [info] Loaded marker file ..\data\SUBJ01\static\static.trc (33 markers, 82 frames)
[2025-05-30 20:14:52.869] [info] Measurement 'torso_depth'
[2025-05-30 20:14:52.869] [info] 	pair 0 (C7, CLAV): model = 0.136565, experimental = 0.177766
[2025-05-30 20:14:52.869] [info] 	pair 1 (T10, STRN): model = 0.200328, experimental = 0.273446
[2025-05-30 20:14:52.869] [info] 	overall scale factor = 1.33334
[2025-05-30 20:14:52.869] [info] Measurement 'torso_height'
[2025-05-30 20:14:52.869] [info] 	pair 0 (C7, T10): model = 0.26417, experimental = 0.230914
[2025-05-30 20:14:52.869] [info] 	pair 1 (CLAV, STRN): model = 0.166215, experimental = 0.167186
[2025-05-30 20:14:52.869] [info] 	overall scale factor = 0.939974
[2025-05-30 20:14:52.869] [info] Measurement 'torso_width'
[2025-05-30 20:14:52.869] [info] 	pair 0 (RSHO, LSHO): model = 0.278272, experimental = 0.34416
[2025-05-30 20:14:52.869] [info] 	overall scale factor = 1.23678
[2025-05-30 20:14:52.869] [info] Measurement 'pelvis_depth'
[2025-05-30 20:14:52.869] [info] 	pair 0 (RASI, SACR): model = 0.209427, experimental = 0.221864
[2025-05-30 20:14:52.869] [info] 	pair 1 (LASI, SACR): model = 0.209427, experimental = 0.226713
[2025-05-30 20:14:52.869] [info] 	overall scale factor = 1.07097
[2025-05-30 20:14:52.869] [info] Measurement 'pelvis_height'
[2025-05-30 20:14:52.869] [info] 	pair 0 (RASI, LASI): model = 0.256928, experimental = 0.281719
[2025-05-30 20:14:52.869] [info] 	overall scale factor = 1.09649
[2025-05-30 20:14:52.869] [info] Measurement 'pelvis_width'
[2025-05-30 20:14:52.869] [info] 	pair 0 (RASI, LASI): model = 0.256928, experimental = 0.281719
[2025-05-30 20:14:52.869] [info] 	overall scale factor = 1.09649
[2025-05-30 20:14:52.869] [info] Measurement 'l_thigh'
[2025-05-30 20:14:52.869] [info] 	pair 0 (LASI, LKNE): model = 0.504880, experimental = 0.454182
[2025-05-30 20:14:52.869] [info] 	overall scale factor = 0.899584
[2025-05-30 20:14:52.869] [info] Measurement 'l_patella'
[2025-05-30 20:14:52.869] [info] 	pair 0 (LASI, LKNE): model = 0.504880, experimental = 0.454182
[2025-05-30 20:14:52.869] [info] 	overall scale factor = 0.899584
[2025-05-30 20:14:52.869] [info] Measurement 'l_tibia'
[2025-05-30 20:14:52.869] [info] 	pair 0 (LKNE, LANK): model = 0.399858, experimental = 0.373569
[2025-05-30 20:14:52.869] [info] 	overall scale factor = 0.934253
[2025-05-30 20:14:52.869] [info] Measurement 'l_foot'
[2025-05-30 20:14:52.869] [info] 	pair 0 (LHEE, LTOE): model = 0.205925, experimental = 0.167202
[2025-05-30 20:14:52.869] [info] 	overall scale factor = 0.811955
[2025-05-30 20:14:52.869] [info] Measurement 'r_thigh'
[2025-05-30 20:14:52.869] [info] 	pair 0 (RASI, RKNE): model = 0.504880, experimental = 0.448491
[2025-05-30 20:14:52.869] [info] 	overall scale factor = 0.888311
[2025-05-30 20:14:52.869] [info] Measurement 'r_patella'
[2025-05-30 20:14:52.869] [info] 	pair 0 (RASI, RKNE): model = 0.504880, experimental = 0.448491
[2025-05-30 20:14:52.869] [info] 	overall scale factor = 0.888311
[2025-05-30 20:14:52.869] [info] Measurement 'r_tibia'
[2025-05-30 20:14:52.869] [info] 	pair 0 (RKNE, RANK): model = 0.399858, experimental = 0.381873
[2025-05-30 20:14:52.869] [info] 	overall scale factor = 0.955022
[2025-05-30 20:14:52.869] [info] Measurement 'r_foot'
[2025-05-30 20:14:52.869] [info] 	pair 0 (RHEE, RTOE): model = 0.205925, experimental = 0.169272
[2025-05-30 20:14:52.869] [info] 	overall scale factor = 0.822007
[2025-05-30 20:14:52.897] [info] Wrote model file '..\data\SUBJ01\scaling\SUBJ01_scaledModel_2d.osim' from model.
[2025-05-30 20:14:52.902] [info] Wrote scale file '..\data\SUBJ01\scaling\SUBJ01_scaleSet_2d.xml' for model model.
[2025-05-30 20:14:52.961] [info] Loaded model model from file ..\data\SUBJ01\scaling\SUBJ01_scaledModelAdjusted_3d.osim
[2025-05-30 20:14:53.017] [info] Loaded model model from file ..\data\SUBJ01\scaling\SUBJ01_scaledModel_2d.osim
[2025-05-30 20:14:53.055] [info] Loaded model Miller2021_Crienkinge2023 from file ..\model\Miller2021_Crienkinge2023.osim
[2025-05-30 20:14:53.074] [info] Loaded model Denton2023_Crienkinge2023 from file ..\model\Denton2023_Crienkinge2023.osim
[2025-05-30 20:14:53.175] [info] Loaded model model from file ..\data\SUBJ01\scaling\SUBJ01_scaledModel_3d.osim
[2025-05-30 20:14:53.201] [info] Loaded model model from file ..\data\SUBJ01\scaling\SUBJ01_scaledModel_2d.osim
[2025-05-30 20:15:02.025] [info] Loaded model SUBJ01_3d from file ..\data\SUBJ01\scaling\SUBJ01_scaledModelAdjusted_3d.osim
[2025-05-30 20:15:02.031] [cout] [info] 
               MODEL: SUBJ01_3d
         coordinates: 25
              forces: 113
           actuators: 84
             muscles: 84
            analyses: 0
              probes: 0
              bodies: 14
              joints: 14
         constraints: 2
             markers: 21
         controllers: 0
  contact geometries: 13
misc modelcomponents: 0
[2025-05-30 20:15:02.031] [info] Running tool .
[2025-05-30 20:15:02.119] [info] Frame 0 (t = 0.94):	 total squared error = 0.00903769, marker error: RMS = 0.0212576, max = 0.0474282 (LSHO)
[2025-05-30 20:15:02.143] [info] Frame 1 (t = 0.95):	 total squared error = 0.00897836, marker error: RMS = 0.0211877, max = 0.0473576 (LSHO)
[2025-05-30 20:15:02.171] [info] Frame 2 (t = 0.96):	 total squared error = 0.00888818, marker error: RMS = 0.0210810, max = 0.047138 (LSHO)
[2025-05-30 20:15:02.201] [info] Frame 3 (t = 0.97):	 total squared error = 0.00877631, marker error: RMS = 0.0209479, max = 0.0469572 (LSHO)
[2025-05-30 20:15:02.239] [info] Frame 4 (t = 0.98):	 total squared error = 0.00864986, marker error: RMS = 0.0207965, max = 0.0467161 (LSHO)
[2025-05-30 20:15:02.270] [info] Frame 5 (t = 0.99):	 total squared error = 0.00851486, marker error: RMS = 0.0206335, max = 0.046432 (LSHO)
[2025-05-30 20:15:02.304] [info] Frame 6 (t = 1.0):	 total squared error = 0.00837289, marker error: RMS = 0.0204608, max = 0.0460451 (LSHO)
[2025-05-30 20:15:02.338] [info] Frame 7 (t = 1.01):	 total squared error = 0.00822624, marker error: RMS = 0.0202808, max = 0.0456158 (LSHO)
[2025-05-30 20:15:02.376] [info] Frame 8 (t = 1.02):	 total squared error = 0.00807620, marker error: RMS = 0.0200950, max = 0.0451483 (LSHO)
[2025-05-30 20:15:02.404] [info] Frame 9 (t = 1.03):	 total squared error = 0.00792986, marker error: RMS = 0.0199121, max = 0.0449199 (LSHO)
[2025-05-30 20:15:02.441] [info] Frame 10 (t = 1.04):	 total squared error = 0.00778829, marker error: RMS = 0.0197336, max = 0.0443263 (LSHO)
[2025-05-30 20:15:02.473] [info] Frame 11 (t = 1.05):	 total squared error = 0.00766420, marker error: RMS = 0.0195757, max = 0.0440435 (LSHO)
[2025-05-30 20:15:02.516] [info] Frame 12 (t = 1.06):	 total squared error = 0.00756104, marker error: RMS = 0.0194436, max = 0.0436579 (LSHO)
[2025-05-30 20:15:02.550] [info] Frame 13 (t = 1.07):	 total squared error = 0.00748785, marker error: RMS = 0.0193492, max = 0.0433192 (LSHO)
[2025-05-30 20:15:02.583] [info] Frame 14 (t = 1.08):	 total squared error = 0.00744325, marker error: RMS = 0.0192915, max = 0.0430278 (LSHO)
[2025-05-30 20:15:02.605] [info] Frame 15 (t = 1.09):	 total squared error = 0.00742284, marker error: RMS = 0.019265, max = 0.0427941 (LSHO)
[2025-05-30 20:15:02.631] [info] Frame 16 (t = 1.1):	 total squared error = 0.00741789, marker error: RMS = 0.0192586, max = 0.0426552 (LSHO)
[2025-05-30 20:15:02.669] [info] Frame 17 (t = 1.11):	 total squared error = 0.00742290, marker error: RMS = 0.0192651, max = 0.0425104 (LSHO)
[2025-05-30 20:15:02.712] [info] Frame 18 (t = 1.12):	 total squared error = 0.00743167, marker error: RMS = 0.0192765, max = 0.042414 (LSHO)
[2025-05-30 20:15:02.725] [info] Frame 19 (t = 1.13):	 total squared error = 0.00745033, marker error: RMS = 0.0193007, max = 0.0425387 (LSHO)
[2025-05-30 20:15:02.760] [info] Frame 20 (t = 1.14):	 total squared error = 0.00744882, marker error: RMS = 0.0192987, max = 0.0421217 (LSHO)
[2025-05-30 20:15:02.783] [info] Frame 21 (t = 1.15):	 total squared error = 0.00745398, marker error: RMS = 0.0193054, max = 0.0419808 (LSHO)
[2025-05-30 20:15:02.815] [info] Frame 22 (t = 1.16):	 total squared error = 0.00745574, marker error: RMS = 0.0193077, max = 0.0417994 (LSHO)
[2025-05-30 20:15:02.847] [info] Frame 23 (t = 1.17):	 total squared error = 0.00745492, marker error: RMS = 0.0193066, max = 0.0416219 (LSHO)
[2025-05-30 20:15:02.861] [info] Frame 24 (t = 1.18):	 total squared error = 0.00745538, marker error: RMS = 0.0193072, max = 0.0415542 (LSHO)
[2025-05-30 20:15:02.885] [info] Frame 25 (t = 1.19):	 total squared error = 0.00745144, marker error: RMS = 0.0193021, max = 0.0412155 (LSHO)
[2025-05-30 20:15:02.903] [info] Frame 26 (t = 1.2):	 total squared error = 0.00745559, marker error: RMS = 0.0193075, max = 0.0411514 (LSHO)
[2025-05-30 20:15:02.949] [info] Frame 27 (t = 1.21):	 total squared error = 0.00745951, marker error: RMS = 0.0193126, max = 0.0408990 (LSHO)
[2025-05-30 20:15:02.967] [info] Frame 28 (t = 1.22):	 total squared error = 0.00747816, marker error: RMS = 0.0193367, max = 0.0407122 (LSHO)
[2025-05-30 20:15:03.009] [info] Frame 29 (t = 1.23):	 total squared error = 0.00749979, marker error: RMS = 0.0193646, max = 0.0408437 (RSHO)
[2025-05-30 20:15:03.043] [info] Frame 30 (t = 1.24):	 total squared error = 0.00753314, marker error: RMS = 0.0194077, max = 0.0412364 (RSHO)
[2025-05-30 20:15:03.076] [info] Frame 31 (t = 1.25):	 total squared error = 0.00757680, marker error: RMS = 0.0194638, max = 0.0416717 (RSHO)
[2025-05-30 20:15:03.095] [info] Frame 32 (t = 1.26):	 total squared error = 0.00763090, marker error: RMS = 0.0195332, max = 0.0422262 (RSHO)
[2025-05-30 20:15:03.142] [info] Frame 33 (t = 1.27):	 total squared error = 0.00769182, marker error: RMS = 0.019611, max = 0.0425139 (RSHO)
[2025-05-30 20:15:03.176] [info] Frame 34 (t = 1.28):	 total squared error = 0.00776231, marker error: RMS = 0.0197007, max = 0.0428973 (RSHO)
[2025-05-30 20:15:03.200] [info] Frame 35 (t = 1.29):	 total squared error = 0.00784148, marker error: RMS = 0.0198009, max = 0.0433619 (RSHO)
[2025-05-30 20:15:03.233] [info] Frame 36 (t = 1.3):	 total squared error = 0.00792505, marker error: RMS = 0.0199061, max = 0.0436556 (RSHO)
[2025-05-30 20:15:03.264] [info] Frame 37 (t = 1.31):	 total squared error = 0.00801649, marker error: RMS = 0.0200206, max = 0.0440191 (RSHO)
[2025-05-30 20:15:03.289] [info] Frame 38 (t = 1.32):	 total squared error = 0.00811391, marker error: RMS = 0.0201419, max = 0.0443219 (RSHO)
[2025-05-30 20:15:03.321] [info] Frame 39 (t = 1.33):	 total squared error = 0.00821787, marker error: RMS = 0.0202705, max = 0.0449266 (RSHO)
[2025-05-30 20:15:03.351] [info] Frame 40 (t = 1.34):	 total squared error = 0.00832372, marker error: RMS = 0.0204006, max = 0.0450738 (RSHO)
[2025-05-30 20:15:03.373] [info] Frame 41 (t = 1.35):	 total squared error = 0.00843318, marker error: RMS = 0.0205343, max = 0.0455381 (RSHO)
[2025-05-30 20:15:03.391] [info] Frame 42 (t = 1.36):	 total squared error = 0.00853604, marker error: RMS = 0.0206592, max = 0.0460567 (RSHO)
[2025-05-30 20:15:03.426] [info] Frame 43 (t = 1.37):	 total squared error = 0.00862303, marker error: RMS = 0.0207642, max = 0.0459945 (RSHO)
[2025-05-30 20:15:03.478] [info] Frame 44 (t = 1.38):	 total squared error = 0.00869750, marker error: RMS = 0.0208537, max = 0.0462611 (RSHO)
[2025-05-30 20:15:03.499] [info] Frame 45 (t = 1.39):	 total squared error = 0.00876144, marker error: RMS = 0.0209302, max = 0.0466265 (RSHO)
[2025-05-30 20:15:03.523] [info] Frame 46 (t = 1.4):	 total squared error = 0.00881117, marker error: RMS = 0.0209895, max = 0.0466609 (RSHO)
[2025-05-30 20:15:03.541] [info] Frame 47 (t = 1.41):	 total squared error = 0.00886900, marker error: RMS = 0.0210583, max = 0.0469781 (RSHO)
[2025-05-30 20:15:03.557] [info] Frame 48 (t = 1.42):	 total squared error = 0.00893286, marker error: RMS = 0.0211339, max = 0.0470102 (RSHO)
[2025-05-30 20:15:03.569] [info] Frame 49 (t = 1.43):	 total squared error = 0.00900241, marker error: RMS = 0.021216, max = 0.0472264 (RSHO)
[2025-05-30 20:15:03.591] [info] Frame 50 (t = 1.44):	 total squared error = 0.00905946, marker error: RMS = 0.0212832, max = 0.0471148 (RSHO)
[2025-05-30 20:15:03.611] [info] Frame 51 (t = 1.45):	 total squared error = 0.00909433, marker error: RMS = 0.0213241, max = 0.0471239 (RSHO)
[2025-05-30 20:15:03.638] [info] Frame 52 (t = 1.46):	 total squared error = 0.00909243, marker error: RMS = 0.0213219, max = 0.0471085 (RSHO)
[2025-05-30 20:15:03.655] [info] Frame 53 (t = 1.47):	 total squared error = 0.00905167, marker error: RMS = 0.021274, max = 0.0469332 (RSHO)
[2025-05-30 20:15:03.679] [info] Frame 54 (t = 1.48):	 total squared error = 0.00897631, marker error: RMS = 0.0211853, max = 0.0469542 (RSHO)
[2025-05-30 20:15:03.694] [info] Frame 55 (t = 1.49):	 total squared error = 0.00888012, marker error: RMS = 0.0210715, max = 0.0468113 (RSHO)
[2025-05-30 20:15:03.716] [info] Frame 56 (t = 1.5):	 total squared error = 0.00877466, marker error: RMS = 0.0209460, max = 0.0466475 (RSHO)
[2025-05-30 20:15:03.747] [info] Frame 57 (t = 1.51):	 total squared error = 0.00867286, marker error: RMS = 0.0208241, max = 0.0464583 (RSHO)
[2025-05-30 20:15:03.773] [info] Frame 58 (t = 1.52):	 total squared error = 0.00857887, marker error: RMS = 0.0207110, max = 0.0462482 (RSHO)
[2025-05-30 20:15:03.803] [info] Frame 59 (t = 1.53):	 total squared error = 0.00849085, marker error: RMS = 0.0206044, max = 0.0460722 (RSHO)
[2025-05-30 20:15:03.826] [info] Frame 60 (t = 1.54):	 total squared error = 0.00840510, marker error: RMS = 0.0205001, max = 0.0457688 (RSHO)
[2025-05-30 20:15:03.867] [info] Frame 61 (t = 1.55):	 total squared error = 0.00831137, marker error: RMS = 0.0203855, max = 0.0454907 (RSHO)
[2025-05-30 20:15:03.896] [info] Frame 62 (t = 1.56):	 total squared error = 0.00820885, marker error: RMS = 0.0202594, max = 0.0451568 (RSHO)
[2025-05-30 20:15:03.917] [info] Frame 63 (t = 1.57):	 total squared error = 0.00809379, marker error: RMS = 0.0201169, max = 0.0448285 (RSHO)
[2025-05-30 20:15:03.957] [info] Frame 64 (t = 1.58):	 total squared error = 0.00796843, marker error: RMS = 0.0199605, max = 0.0443861 (RSHO)
[2025-05-30 20:15:03.989] [info] Frame 65 (t = 1.59):	 total squared error = 0.00784449, marker error: RMS = 0.0198047, max = 0.0439628 (RSHO)
[2025-05-30 20:15:04.014] [info] Frame 66 (t = 1.6):	 total squared error = 0.00773015, marker error: RMS = 0.0196598, max = 0.0435685 (RSHO)
[2025-05-30 20:15:04.047] [info] Frame 67 (t = 1.61):	 total squared error = 0.00763317, marker error: RMS = 0.0195361, max = 0.0431645 (RSHO)
[2025-05-30 20:15:04.083] [info] Frame 68 (t = 1.62):	 total squared error = 0.00756145, marker error: RMS = 0.0194441, max = 0.0427999 (RSHO)
[2025-05-30 20:15:04.120] [info] Frame 69 (t = 1.63):	 total squared error = 0.00751627, marker error: RMS = 0.0193859, max = 0.0424542 (RSHO)
[2025-05-30 20:15:04.147] [info] Frame 70 (t = 1.64):	 total squared error = 0.00749558, marker error: RMS = 0.0193592, max = 0.0421504 (RSHO)
[2025-05-30 20:15:04.198] [info] Frame 71 (t = 1.65):	 total squared error = 0.00749442, marker error: RMS = 0.0193577, max = 0.0419547 (RSHO)
[2025-05-30 20:15:04.222] [info] Frame 72 (t = 1.66):	 total squared error = 0.00750941, marker error: RMS = 0.0193771, max = 0.0417463 (RSHO)
[2025-05-30 20:15:04.243] [info] Frame 73 (t = 1.67):	 total squared error = 0.00753342, marker error: RMS = 0.0194080, max = 0.0414965 (RSHO)
[2025-05-30 20:15:04.261] [info] Frame 74 (t = 1.68):	 total squared error = 0.00756255, marker error: RMS = 0.0194455, max = 0.0412375 (RSHO)
[2025-05-30 20:15:04.281] [info] Frame 75 (t = 1.69):	 total squared error = 0.00759344, marker error: RMS = 0.0194852, max = 0.0410330 (RSHO)
[2025-05-30 20:15:04.291] [info] Frame 76 (t = 1.7):	 total squared error = 0.00763472, marker error: RMS = 0.0195381, max = 0.0409361 (RSHO)
[2025-05-30 20:15:04.316] [info] Frame 77 (t = 1.71):	 total squared error = 0.00765531, marker error: RMS = 0.0195644, max = 0.0409796 (LSHO)
[2025-05-30 20:15:04.333] [info] Frame 78 (t = 1.72):	 total squared error = 0.00768925, marker error: RMS = 0.0196077, max = 0.0412855 (LSHO)
[2025-05-30 20:15:04.355] [info] Frame 79 (t = 1.73):	 total squared error = 0.00772532, marker error: RMS = 0.0196537, max = 0.0415323 (LSHO)
[2025-05-30 20:15:04.373] [info] Frame 80 (t = 1.74):	 total squared error = 0.00776984, marker error: RMS = 0.0197102, max = 0.0418963 (LSHO)
[2025-05-30 20:15:04.400] [info] Frame 81 (t = 1.75):	 total squared error = 0.00782173, marker error: RMS = 0.0197759, max = 0.0422423 (LSHO)
[2025-05-30 20:15:04.412] [info] Frame 82 (t = 1.76):	 total squared error = 0.00789171, marker error: RMS = 0.0198642, max = 0.0425751 (LSHO)
[2025-05-30 20:15:04.444] [info] Frame 83 (t = 1.77):	 total squared error = 0.00795547, marker error: RMS = 0.0199443, max = 0.0430754 (LSHO)
[2025-05-30 20:15:04.481] [info] Frame 84 (t = 1.78):	 total squared error = 0.00803670, marker error: RMS = 0.0200458, max = 0.0435783 (LSHO)
[2025-05-30 20:15:04.509] [info] Frame 85 (t = 1.79):	 total squared error = 0.00812270, marker error: RMS = 0.0201528, max = 0.0438674 (LSHO)
[2025-05-30 20:15:04.534] [info] Frame 86 (t = 1.8):	 total squared error = 0.00821480, marker error: RMS = 0.0202667, max = 0.0442668 (LSHO)
[2025-05-30 20:15:04.582] [info] Frame 87 (t = 1.81):	 total squared error = 0.00830462, marker error: RMS = 0.0203772, max = 0.0445852 (LSHO)
[2025-05-30 20:15:04.632] [info] Frame 88 (t = 1.82):	 total squared error = 0.00839329, marker error: RMS = 0.0204857, max = 0.0449241 (LSHO)
[2025-05-30 20:15:04.678] [info] Frame 89 (t = 1.83):	 total squared error = 0.00847580, marker error: RMS = 0.0205862, max = 0.0452127 (LSHO)
[2025-05-30 20:15:04.707] [info] Frame 90 (t = 1.84):	 total squared error = 0.00854968, marker error: RMS = 0.0206757, max = 0.0454436 (LSHO)
[2025-05-30 20:15:04.754] [info] Frame 91 (t = 1.85):	 total squared error = 0.00860765, marker error: RMS = 0.0207457, max = 0.0456964 (LSHO)
[2025-05-30 20:15:04.789] [info] Frame 92 (t = 1.86):	 total squared error = 0.00865221, marker error: RMS = 0.0207993, max = 0.0457251 (LSHO)
[2025-05-30 20:15:04.822] [info] Frame 93 (t = 1.87):	 total squared error = 0.00867672, marker error: RMS = 0.0208287, max = 0.0461699 (LSHO)
[2025-05-30 20:15:04.876] [info] Frame 94 (t = 1.88):	 total squared error = 0.00868596, marker error: RMS = 0.0208398, max = 0.0462584 (LSHO)
[2025-05-30 20:15:04.910] [info] Frame 95 (t = 1.89):	 total squared error = 0.00868248, marker error: RMS = 0.0208356, max = 0.0463806 (LSHO)
[2025-05-30 20:15:04.942] [info] Frame 96 (t = 1.9):	 total squared error = 0.00867384, marker error: RMS = 0.0208253, max = 0.0465723 (LSHO)
[2025-05-30 20:15:04.989] [info] Frame 97 (t = 1.91):	 total squared error = 0.00866373, marker error: RMS = 0.0208131, max = 0.0467542 (LSHO)
[2025-05-30 20:15:05.018] [info] Frame 98 (t = 1.92):	 total squared error = 0.00866502, marker error: RMS = 0.0208147, max = 0.0469058 (LSHO)
[2025-05-30 20:15:05.048] [info] Frame 99 (t = 1.93):	 total squared error = 0.00868139, marker error: RMS = 0.0208343, max = 0.0470800 (LSHO)
[2025-05-30 20:15:05.091] [info] Frame 100 (t = 1.94):	 total squared error = 0.00871558, marker error: RMS = 0.0208753, max = 0.0472309 (LSHO)
[2025-05-30 20:15:05.153] [info] Frame 101 (t = 1.95):	 total squared error = 0.00876548, marker error: RMS = 0.0209350, max = 0.0474041 (LSHO)
[2025-05-30 20:15:05.197] [info] Frame 102 (t = 1.96):	 total squared error = 0.00882371, marker error: RMS = 0.0210044, max = 0.0475147 (LSHO)
[2025-05-30 20:15:05.227] [info] Frame 103 (t = 1.97):	 total squared error = 0.00887654, marker error: RMS = 0.0210672, max = 0.0476681 (LSHO)
[2025-05-30 20:15:05.301] [info] Frame 104 (t = 1.98):	 total squared error = 0.00891035, marker error: RMS = 0.0211073, max = 0.0476688 (LSHO)
[2025-05-30 20:15:05.327] [info] Frame 105 (t = 1.99):	 total squared error = 0.00891578, marker error: RMS = 0.0211137, max = 0.0476792 (LSHO)
[2025-05-30 20:15:05.361] [info] Frame 106 (t = 2.0):	 total squared error = 0.00888677, marker error: RMS = 0.0210793, max = 0.0476425 (LSHO)
[2025-05-30 20:15:05.378] [info] InverseKinematicsTool completed 107 frames in 3 second(s).
[2025-05-30 20:15:05.513] [info] Loaded model SUBJ01_2d from file ..\data\SUBJ01\scaling\SUBJ01_scaledModelAdjusted_2d.osim
[2025-05-30 20:15:05.584] [info] Loaded model SUBJ01_2d from file ..\data\SUBJ01\scaling\SUBJ01_scaledModelAdjusted_2d.osim
[2025-05-30 20:15:05.591] [cout] [info] 
               MODEL: SUBJ01_2d
         coordinates: 12
              forces: 48
           actuators: 18
             muscles: 18
            analyses: 0
              probes: 0
              bodies: 12
              joints: 12
         constraints: 0
             markers: 37
         controllers: 0
  contact geometries: 17
misc modelcomponents: 0
[2025-05-30 20:15:05.591] [info] Running tool .
[2025-05-30 20:15:05.685] [info] Frame 0 (t = 0.94):	 total squared error = 0.0188925, marker error: RMS = 0.0307347, max = 0.0712039 (RTIB)
[2025-05-30 20:15:05.702] [info] Frame 1 (t = 0.95):	 total squared error = 0.0190196, marker error: RMS = 0.0308380, max = 0.0720579 (RTIB)
[2025-05-30 20:15:05.715] [info] Frame 2 (t = 0.96):	 total squared error = 0.0192039, marker error: RMS = 0.0309870, max = 0.0726152 (RTIB)
[2025-05-30 20:15:05.733] [info] Frame 3 (t = 0.97):	 total squared error = 0.0194451, marker error: RMS = 0.031181, max = 0.073296 (RTIB)
[2025-05-30 20:15:05.754] [info] Frame 4 (t = 0.98):	 total squared error = 0.0196974, marker error: RMS = 0.0313826, max = 0.0732060 (RTIB)
[2025-05-30 20:15:05.778] [info] Frame 5 (t = 0.99):	 total squared error = 0.0198426, marker error: RMS = 0.0314981, max = 0.0725053 (RTIB)
[2025-05-30 20:15:05.794] [info] Frame 6 (t = 1.0):	 total squared error = 0.0198762, marker error: RMS = 0.0315248, max = 0.0721481 (RTIB)
[2025-05-30 20:15:05.825] [info] Frame 7 (t = 1.01):	 total squared error = 0.0198578, marker error: RMS = 0.0315101, max = 0.0718898 (RTIB)
[2025-05-30 20:15:05.843] [info] Frame 8 (t = 1.02):	 total squared error = 0.0198189, marker error: RMS = 0.0314793, max = 0.0716291 (RTIB)
[2025-05-30 20:15:05.856] [info] Frame 9 (t = 1.03):	 total squared error = 0.0197799, marker error: RMS = 0.0314483, max = 0.0714039 (RTIB)
[2025-05-30 20:15:05.871] [info] Frame 10 (t = 1.04):	 total squared error = 0.0197499, marker error: RMS = 0.0314245, max = 0.0711266 (RTIB)
[2025-05-30 20:15:05.895] [info] Frame 11 (t = 1.05):	 total squared error = 0.0197338, marker error: RMS = 0.0314116, max = 0.0708814 (RTIB)
[2025-05-30 20:15:05.910] [info] Frame 12 (t = 1.06):	 total squared error = 0.01973, marker error: RMS = 0.0314086, max = 0.0706615 (RTIB)
[2025-05-30 20:15:05.927] [info] Frame 13 (t = 1.07):	 total squared error = 0.0197321, marker error: RMS = 0.0314103, max = 0.0704090 (RTIB)
[2025-05-30 20:15:05.944] [info] Frame 14 (t = 1.08):	 total squared error = 0.0197313, marker error: RMS = 0.0314096, max = 0.0701429 (RTIB)
[2025-05-30 20:15:05.958] [info] Frame 15 (t = 1.09):	 total squared error = 0.019721, marker error: RMS = 0.0314014, max = 0.0699195 (RTIB)
[2025-05-30 20:15:05.971] [info] Frame 16 (t = 1.1):	 total squared error = 0.0196981, marker error: RMS = 0.0313832, max = 0.0696572 (RTIB)
[2025-05-30 20:15:05.990] [info] Frame 17 (t = 1.11):	 total squared error = 0.0196608, marker error: RMS = 0.0313534, max = 0.0694509 (RTIB)
[2025-05-30 20:15:06.006] [info] Frame 18 (t = 1.12):	 total squared error = 0.0196157, marker error: RMS = 0.0313175, max = 0.0692235 (RTIB)
[2025-05-30 20:15:06.019] [info] Frame 19 (t = 1.13):	 total squared error = 0.0195676, marker error: RMS = 0.0312791, max = 0.0690799 (RTIB)
[2025-05-30 20:15:06.032] [info] Frame 20 (t = 1.14):	 total squared error = 0.0195226, marker error: RMS = 0.0312431, max = 0.0690207 (RTIB)
[2025-05-30 20:15:06.050] [info] Frame 21 (t = 1.15):	 total squared error = 0.0194851, marker error: RMS = 0.0312131, max = 0.0690458 (RTIB)
[2025-05-30 20:15:06.061] [info] Frame 22 (t = 1.16):	 total squared error = 0.0194593, marker error: RMS = 0.0311924, max = 0.0691868 (RTIB)
[2025-05-30 20:15:06.071] [info] Frame 23 (t = 1.17):	 total squared error = 0.0194472, marker error: RMS = 0.0311827, max = 0.069445 (RTIB)
[2025-05-30 20:15:06.084] [info] Frame 24 (t = 1.18):	 total squared error = 0.0194478, marker error: RMS = 0.0311832, max = 0.0697947 (RTIB)
[2025-05-30 20:15:06.102] [info] Frame 25 (t = 1.19):	 total squared error = 0.019452, marker error: RMS = 0.0311866, max = 0.0698839 (RTIB)
[2025-05-30 20:15:06.127] [info] Frame 26 (t = 1.2):	 total squared error = 0.0194646, marker error: RMS = 0.0311966, max = 0.0701937 (RTIB)
[2025-05-30 20:15:06.152] [info] Frame 27 (t = 1.21):	 total squared error = 0.0194714, marker error: RMS = 0.0312021, max = 0.0704506 (RTIB)
[2025-05-30 20:15:06.187] [info] Frame 28 (t = 1.22):	 total squared error = 0.0194106, marker error: RMS = 0.0311533, max = 0.069886 (RTIB)
[2025-05-30 20:15:06.206] [info] Frame 29 (t = 1.23):	 total squared error = 0.0192606, marker error: RMS = 0.0310327, max = 0.0699405 (RTIB)
[2025-05-30 20:15:06.221] [info] Frame 30 (t = 1.24):	 total squared error = 0.0191213, marker error: RMS = 0.0309203, max = 0.069993 (RTIB)
[2025-05-30 20:15:06.239] [info] Frame 31 (t = 1.25):	 total squared error = 0.0189979, marker error: RMS = 0.0308204, max = 0.0700785 (RTIB)
[2025-05-30 20:15:06.253] [info] Frame 32 (t = 1.26):	 total squared error = 0.0188925, marker error: RMS = 0.0307347, max = 0.0701753 (RTIB)
[2025-05-30 20:15:06.280] [info] Frame 33 (t = 1.27):	 total squared error = 0.0188032, marker error: RMS = 0.0306620, max = 0.0701666 (RTIB)
[2025-05-30 20:15:06.287] [info] Frame 34 (t = 1.28):	 total squared error = 0.0187345, marker error: RMS = 0.0306060, max = 0.0701746 (RTIB)
[2025-05-30 20:15:06.303] [info] Frame 35 (t = 1.29):	 total squared error = 0.0186739, marker error: RMS = 0.0305564, max = 0.0700969 (RTIB)
[2025-05-30 20:15:06.311] [info] Frame 36 (t = 1.3):	 total squared error = 0.0186315, marker error: RMS = 0.0305217, max = 0.0700142 (RTIB)
[2025-05-30 20:15:06.323] [info] Frame 37 (t = 1.31):	 total squared error = 0.0185936, marker error: RMS = 0.0304907, max = 0.0697659 (RTIB)
[2025-05-30 20:15:06.332] [info] Frame 38 (t = 1.32):	 total squared error = 0.0185632, marker error: RMS = 0.0304657, max = 0.0694867 (RTIB)
[2025-05-30 20:15:06.339] [info] Frame 39 (t = 1.33):	 total squared error = 0.0185319, marker error: RMS = 0.0304400, max = 0.0690537 (RTIB)
[2025-05-30 20:15:06.351] [info] Frame 40 (t = 1.34):	 total squared error = 0.0184816, marker error: RMS = 0.0303987, max = 0.0682515 (RTIB)
[2025-05-30 20:15:06.359] [info] Frame 41 (t = 1.35):	 total squared error = 0.0184226, marker error: RMS = 0.0303501, max = 0.0675502 (RTIB)
[2025-05-30 20:15:06.371] [info] Frame 42 (t = 1.36):	 total squared error = 0.018334, marker error: RMS = 0.0302771, max = 0.0664794 (RTIB)
[2025-05-30 20:15:06.384] [info] Frame 43 (t = 1.37):	 total squared error = 0.0182261, marker error: RMS = 0.0301878, max = 0.0655196 (RTIB)
[2025-05-30 20:15:06.395] [info] Frame 44 (t = 1.38):	 total squared error = 0.0181044, marker error: RMS = 0.0300869, max = 0.0646735 (RTIB)
[2025-05-30 20:15:06.409] [info] Frame 45 (t = 1.39):	 total squared error = 0.0179878, marker error: RMS = 0.0299899, max = 0.0640222 (RTIB)
[2025-05-30 20:15:06.422] [info] Frame 46 (t = 1.4):	 total squared error = 0.0179013, marker error: RMS = 0.0299176, max = 0.0635959 (RTIB)
[2025-05-30 20:15:06.430] [info] Frame 47 (t = 1.41):	 total squared error = 0.0178704, marker error: RMS = 0.0298918, max = 0.0633788 (RTIB)
[2025-05-30 20:15:06.445] [info] Frame 48 (t = 1.42):	 total squared error = 0.0178972, marker error: RMS = 0.0299142, max = 0.0632070 (RTIB)
[2025-05-30 20:15:06.459] [info] Frame 49 (t = 1.43):	 total squared error = 0.0179912, marker error: RMS = 0.0299927, max = 0.0630938 (RTIB)
[2025-05-30 20:15:06.467] [info] Frame 50 (t = 1.44):	 total squared error = 0.0181413, marker error: RMS = 0.0301175, max = 0.0628746 (RTIB)
[2025-05-30 20:15:06.488] [info] Frame 51 (t = 1.45):	 total squared error = 0.0183183, marker error: RMS = 0.0302641, max = 0.0629934 (RTIB)
[2025-05-30 20:15:06.501] [info] Frame 52 (t = 1.46):	 total squared error = 0.0185143, marker error: RMS = 0.0304256, max = 0.062954 (RTIB)
[2025-05-30 20:15:06.516] [info] Frame 53 (t = 1.47):	 total squared error = 0.0186979, marker error: RMS = 0.0305761, max = 0.0632006 (RTIB)
[2025-05-30 20:15:06.525] [info] Frame 54 (t = 1.48):	 total squared error = 0.0188605, marker error: RMS = 0.0307087, max = 0.0634156 (RTIB)
[2025-05-30 20:15:06.540] [info] Frame 55 (t = 1.49):	 total squared error = 0.0189851, marker error: RMS = 0.0308100, max = 0.0639938 (RTIB)
[2025-05-30 20:15:06.552] [info] Frame 56 (t = 1.5):	 total squared error = 0.0190875, marker error: RMS = 0.0308930, max = 0.0644274 (RTIB)
[2025-05-30 20:15:06.569] [info] Frame 57 (t = 1.51):	 total squared error = 0.0191601, marker error: RMS = 0.0309516, max = 0.0652171 (RTIB)
[2025-05-30 20:15:06.612] [info] Frame 58 (t = 1.52):	 total squared error = 0.0192287, marker error: RMS = 0.0310070, max = 0.0659681 (RTIB)
[2025-05-30 20:15:06.637] [info] Frame 59 (t = 1.53):	 total squared error = 0.0192943, marker error: RMS = 0.0310599, max = 0.0668243 (RTIB)
[2025-05-30 20:15:06.654] [info] Frame 60 (t = 1.54):	 total squared error = 0.0193542, marker error: RMS = 0.0311080, max = 0.0677967 (RTIB)
[2025-05-30 20:15:06.674] [info] Frame 61 (t = 1.55):	 total squared error = 0.0194036, marker error: RMS = 0.0311477, max = 0.0687705 (RTIB)
[2025-05-30 20:15:06.694] [info] Frame 62 (t = 1.56):	 total squared error = 0.0194427, marker error: RMS = 0.0311791, max = 0.0697126 (RTIB)
[2025-05-30 20:15:06.717] [info] Frame 63 (t = 1.57):	 total squared error = 0.0194741, marker error: RMS = 0.0312043, max = 0.0705125 (RTIB)
[2025-05-30 20:15:06.738] [info] Frame 64 (t = 1.58):	 total squared error = 0.0195002, marker error: RMS = 0.0312251, max = 0.0712734 (RTIB)
[2025-05-30 20:15:06.763] [info] Frame 65 (t = 1.59):	 total squared error = 0.0195227, marker error: RMS = 0.0312432, max = 0.0718909 (RTIB)
[2025-05-30 20:15:06.773] [info] Frame 66 (t = 1.6):	 total squared error = 0.0195446, marker error: RMS = 0.0312607, max = 0.0722883 (RTIB)
[2025-05-30 20:15:06.794] [info] Frame 67 (t = 1.61):	 total squared error = 0.0195636, marker error: RMS = 0.0312759, max = 0.0726826 (RTIB)
[2025-05-30 20:15:06.807] [info] Frame 68 (t = 1.62):	 total squared error = 0.019584, marker error: RMS = 0.0312922, max = 0.072919 (RTIB)
[2025-05-30 20:15:06.826] [info] Frame 69 (t = 1.63):	 total squared error = 0.0196034, marker error: RMS = 0.0313077, max = 0.072949 (RTIB)
[2025-05-30 20:15:06.836] [info] Frame 70 (t = 1.64):	 total squared error = 0.0196286, marker error: RMS = 0.0313277, max = 0.0726959 (RTIB)
[2025-05-30 20:15:06.856] [info] Frame 71 (t = 1.65):	 total squared error = 0.0196259, marker error: RMS = 0.0313256, max = 0.072834 (RTIB)
[2025-05-30 20:15:06.874] [info] Frame 72 (t = 1.66):	 total squared error = 0.0196182, marker error: RMS = 0.0313195, max = 0.0726554 (RTIB)
[2025-05-30 20:15:06.887] [info] Frame 73 (t = 1.67):	 total squared error = 0.0195904, marker error: RMS = 0.0312973, max = 0.072454 (RTIB)
[2025-05-30 20:15:06.897] [info] Frame 74 (t = 1.68):	 total squared error = 0.0195409, marker error: RMS = 0.0312577, max = 0.0719838 (RTIB)
[2025-05-30 20:15:06.926] [info] Frame 75 (t = 1.69):	 total squared error = 0.0194607, marker error: RMS = 0.0311935, max = 0.0719249 (RTIB)
[2025-05-30 20:15:06.942] [info] Frame 76 (t = 1.7):	 total squared error = 0.0193614, marker error: RMS = 0.0311139, max = 0.0715899 (RTIB)
[2025-05-30 20:15:06.959] [info] Frame 77 (t = 1.71):	 total squared error = 0.0192479, marker error: RMS = 0.0310225, max = 0.071269 (RTIB)
[2025-05-30 20:15:06.981] [info] Frame 78 (t = 1.72):	 total squared error = 0.0191319, marker error: RMS = 0.0309289, max = 0.0709393 (RTIB)
[2025-05-30 20:15:07.002] [info] Frame 79 (t = 1.73):	 total squared error = 0.0190260, marker error: RMS = 0.0308431, max = 0.0706086 (RTIB)
[2025-05-30 20:15:07.019] [info] Frame 80 (t = 1.74):	 total squared error = 0.0189419, marker error: RMS = 0.0307749, max = 0.0702854 (RTIB)
[2025-05-30 20:15:07.036] [info] Frame 81 (t = 1.75):	 total squared error = 0.0188901, marker error: RMS = 0.0307328, max = 0.0699894 (RTIB)
[2025-05-30 20:15:07.055] [info] Frame 82 (t = 1.76):	 total squared error = 0.0188702, marker error: RMS = 0.0307166, max = 0.0696956 (RTIB)
[2025-05-30 20:15:07.072] [info] Frame 83 (t = 1.77):	 total squared error = 0.0188908, marker error: RMS = 0.0307333, max = 0.0694056 (RTIB)
[2025-05-30 20:15:07.097] [info] Frame 84 (t = 1.78):	 total squared error = 0.0189421, marker error: RMS = 0.0307751, max = 0.0692251 (RTIB)
[2025-05-30 20:15:07.126] [info] Frame 85 (t = 1.79):	 total squared error = 0.0190262, marker error: RMS = 0.0308433, max = 0.0690326 (RTIB)
[2025-05-30 20:15:07.142] [info] Frame 86 (t = 1.8):	 total squared error = 0.0191374, marker error: RMS = 0.0309334, max = 0.0687813 (RTIB)
[2025-05-30 20:15:07.162] [info] Frame 87 (t = 1.81):	 total squared error = 0.0192657, marker error: RMS = 0.0310368, max = 0.0687786 (RTIB)
[2025-05-30 20:15:07.181] [info] Frame 88 (t = 1.82):	 total squared error = 0.01941, marker error: RMS = 0.0311528, max = 0.0687067 (RTIB)
[2025-05-30 20:15:07.206] [info] Frame 89 (t = 1.83):	 total squared error = 0.0195625, marker error: RMS = 0.031275, max = 0.0686794 (RTIB)
[2025-05-30 20:15:07.213] [info] Frame 90 (t = 1.84):	 total squared error = 0.0197196, marker error: RMS = 0.0314003, max = 0.0686176 (RTIB)
[2025-05-30 20:15:07.231] [info] Frame 91 (t = 1.85):	 total squared error = 0.0198636, marker error: RMS = 0.0315148, max = 0.0687283 (RTIB)
[2025-05-30 20:15:07.240] [info] Frame 92 (t = 1.86):	 total squared error = 0.0199979, marker error: RMS = 0.0316211, max = 0.0685723 (RTIB)
[2025-05-30 20:15:07.258] [info] Frame 93 (t = 1.87):	 total squared error = 0.0201003, marker error: RMS = 0.0317020, max = 0.0689707 (RTIB)
[2025-05-30 20:15:07.270] [info] Frame 94 (t = 1.88):	 total squared error = 0.0201757, marker error: RMS = 0.0317613, max = 0.0687992 (RTIB)
[2025-05-30 20:15:07.287] [info] Frame 95 (t = 1.89):	 total squared error = 0.0202004, marker error: RMS = 0.0317808, max = 0.0693812 (RTIB)
[2025-05-30 20:15:07.301] [info] Frame 96 (t = 1.9):	 total squared error = 0.0201819, marker error: RMS = 0.0317663, max = 0.0697017 (RTIB)
[2025-05-30 20:15:07.317] [info] Frame 97 (t = 1.91):	 total squared error = 0.0201067, marker error: RMS = 0.0317071, max = 0.0700653 (RTIB)
[2025-05-30 20:15:07.337] [info] Frame 98 (t = 1.92):	 total squared error = 0.0199715, marker error: RMS = 0.0316002, max = 0.0706315 (RTIB)
[2025-05-30 20:15:07.357] [info] Frame 99 (t = 1.93):	 total squared error = 0.0197929, marker error: RMS = 0.0314587, max = 0.0710011 (RTIB)
[2025-05-30 20:15:07.381] [info] Frame 100 (t = 1.94):	 total squared error = 0.0196348, marker error: RMS = 0.0313327, max = 0.0710819 (RTIB)
[2025-05-30 20:15:07.407] [info] Frame 101 (t = 1.95):	 total squared error = 0.0195422, marker error: RMS = 0.0312587, max = 0.0710496 (RTIB)
[2025-05-30 20:15:07.436] [info] Frame 102 (t = 1.96):	 total squared error = 0.01951, marker error: RMS = 0.031233, max = 0.071183 (RTIB)
[2025-05-30 20:15:07.455] [info] Frame 103 (t = 1.97):	 total squared error = 0.0195177, marker error: RMS = 0.0312392, max = 0.0714321 (RTIB)
[2025-05-30 20:15:07.471] [info] Frame 104 (t = 1.98):	 total squared error = 0.0195527, marker error: RMS = 0.0312672, max = 0.0718837 (RTIB)
[2025-05-30 20:15:07.487] [info] Frame 105 (t = 1.99):	 total squared error = 0.0196171, marker error: RMS = 0.0313186, max = 0.0725106 (RTIB)
[2025-05-30 20:15:07.509] [info] Frame 106 (t = 2.0):	 total squared error = 0.0197202, marker error: RMS = 0.0314008, max = 0.0730660 (RTIB)
[2025-05-30 20:15:07.523] [info] InverseKinematicsTool completed 107 frames in 2 second(s).
[2025-05-30 20:19:07.913] [info] Processing subject ...
[2025-05-30 20:19:07.913] [info] Step 1: Loading generic model
[2025-05-30 20:19:07.975] [info] Loaded model Miller2021_Crienkinge2023 from file c:\+GitRepos+\optimal-control-weights\datasets\Crienkinge2023\model\Miller2021_Crienkinge2023.osim
[2025-05-30 20:19:08.419] [info] Step 2: Scaling generic model
[2025-05-30 20:19:08.437] [info] Loaded marker file ..\data\SUBJ01\static\static.trc (33 markers, 82 frames)
[2025-05-30 20:19:08.437] [info] Measurement 'torso_depth'
[2025-05-30 20:19:08.437] [info] 	pair 0 (C7, CLAV): model = 0.136565, experimental = 0.177766
[2025-05-30 20:19:08.437] [info] 	pair 1 (T10, STRN): model = 0.200328, experimental = 0.273446
[2025-05-30 20:19:08.437] [info] 	overall scale factor = 1.33334
[2025-05-30 20:19:08.437] [info] Measurement 'torso_height'
[2025-05-30 20:19:08.437] [info] 	pair 0 (C7, T10): model = 0.26417, experimental = 0.230914
[2025-05-30 20:19:08.437] [info] 	pair 1 (CLAV, STRN): model = 0.166215, experimental = 0.167186
[2025-05-30 20:19:08.437] [info] 	overall scale factor = 0.939974
[2025-05-30 20:19:08.437] [info] Measurement 'torso_width'
[2025-05-30 20:19:08.437] [info] 	pair 0 (RSHO, LSHO): model = 0.278272, experimental = 0.34416
[2025-05-30 20:19:08.437] [info] 	overall scale factor = 1.23678
[2025-05-30 20:19:08.437] [info] Measurement 'pelvis_depth'
[2025-05-30 20:19:08.437] [info] 	pair 0 (RASI, SACR): model = 0.209427, experimental = 0.221864
[2025-05-30 20:19:08.437] [info] 	pair 1 (LASI, SACR): model = 0.209427, experimental = 0.226713
[2025-05-30 20:19:08.437] [info] 	overall scale factor = 1.07097
[2025-05-30 20:19:08.437] [info] Measurement 'pelvis_height'
[2025-05-30 20:19:08.437] [info] 	pair 0 (RASI, LASI): model = 0.256928, experimental = 0.281719
[2025-05-30 20:19:08.437] [info] 	overall scale factor = 1.09649
[2025-05-30 20:19:08.437] [info] Measurement 'pelvis_width'
[2025-05-30 20:19:08.437] [info] 	pair 0 (RASI, LASI): model = 0.256928, experimental = 0.281719
[2025-05-30 20:19:08.437] [info] 	overall scale factor = 1.09649
[2025-05-30 20:19:08.437] [info] Measurement 'l_thigh'
[2025-05-30 20:19:08.437] [info] 	pair 0 (LASI, LKNE): model = 0.504880, experimental = 0.454182
[2025-05-30 20:19:08.437] [info] 	overall scale factor = 0.899584
[2025-05-30 20:19:08.437] [info] Measurement 'l_patella'
[2025-05-30 20:19:08.437] [info] 	pair 0 (LASI, LKNE): model = 0.504880, experimental = 0.454182
[2025-05-30 20:19:08.437] [info] 	overall scale factor = 0.899584
[2025-05-30 20:19:08.437] [info] Measurement 'l_tibia'
[2025-05-30 20:19:08.437] [info] 	pair 0 (LKNE, LANK): model = 0.399858, experimental = 0.373569
[2025-05-30 20:19:08.437] [info] 	overall scale factor = 0.934253
[2025-05-30 20:19:08.437] [info] Measurement 'l_foot'
[2025-05-30 20:19:08.437] [info] 	pair 0 (LHEE, LTOE): model = 0.205925, experimental = 0.167202
[2025-05-30 20:19:08.437] [info] 	overall scale factor = 0.811955
[2025-05-30 20:19:08.437] [info] Measurement 'r_thigh'
[2025-05-30 20:19:08.437] [info] 	pair 0 (RASI, RKNE): model = 0.504880, experimental = 0.448491
[2025-05-30 20:19:08.437] [info] 	overall scale factor = 0.888311
[2025-05-30 20:19:08.437] [info] Measurement 'r_patella'
[2025-05-30 20:19:08.437] [info] 	pair 0 (RASI, RKNE): model = 0.504880, experimental = 0.448491
[2025-05-30 20:19:08.437] [info] 	overall scale factor = 0.888311
[2025-05-30 20:19:08.437] [info] Measurement 'r_tibia'
[2025-05-30 20:19:08.437] [info] 	pair 0 (RKNE, RANK): model = 0.399858, experimental = 0.381873
[2025-05-30 20:19:08.437] [info] 	overall scale factor = 0.955022
[2025-05-30 20:19:08.438] [info] Measurement 'r_foot'
[2025-05-30 20:19:08.438] [info] 	pair 0 (RHEE, RTOE): model = 0.205925, experimental = 0.169272
[2025-05-30 20:19:08.438] [info] 	overall scale factor = 0.822007
[2025-05-30 20:19:08.508] [info] Wrote model file '..\data\SUBJ01\scaling\SUBJ01_scaledModel_3d.osim' from model.
[2025-05-30 20:19:08.511] [info] Wrote scale file '..\data\SUBJ01\scaling\SUBJ01_scaleSet_3d.xml' for model model.
[2025-05-30 20:19:08.512] [info] Step 3: Placing markers on model
[2025-05-30 20:19:08.520] [info] Loaded marker file ..\data\SUBJ01\static\static.trc (33 markers, 82 frames)
[2025-05-30 20:19:08.520] [info] Averaged frames from time 0.0 to 0.81 in ..\data\SUBJ01\static\static.trc (frames 1 to 82)
[2025-05-30 20:19:08.520] [info] Deleted 12 unused markers from model model.
[2025-05-30 20:19:08.548] [info] Frame at (t = 0.0):	 total squared error = 0.00715819, marker error: RMS = 0.0218452, max = 0.0312957 (RHEE)
[2025-05-30 20:19:08.548] [info] Moved markers in model model to match locations in marker file '..\data\SUBJ01\static\static.trc'.
[2025-05-30 20:19:08.574] [info] Wrote model file '..\data\SUBJ01\scaling\SUBJ01_scaledModelAdjusted_3d.osim' from model model.
[2025-05-30 20:19:08.598] [info] Processing subject ...
[2025-05-30 20:19:08.598] [info] Step 1: Loading generic model
[2025-05-30 20:19:08.638] [info] Loaded model Denton2023_Crienkinge2023 from file c:\+GitRepos+\optimal-control-weights\datasets\Crienkinge2023\model\Denton2023_Crienkinge2023.osim
[2025-05-30 20:19:08.708] [info] Step 2: Scaling generic model
[2025-05-30 20:19:08.715] [info] Loaded marker file ..\data\SUBJ01\static\static.trc (33 markers, 82 frames)
[2025-05-30 20:19:08.715] [info] Measurement 'torso_depth'
[2025-05-30 20:19:08.715] [info] 	pair 0 (C7, CLAV): model = 0.136565, experimental = 0.177766
[2025-05-30 20:19:08.716] [info] 	pair 1 (T10, STRN): model = 0.200328, experimental = 0.273446
[2025-05-30 20:19:08.716] [info] 	overall scale factor = 1.33334
[2025-05-30 20:19:08.716] [info] Measurement 'torso_height'
[2025-05-30 20:19:08.716] [info] 	pair 0 (C7, T10): model = 0.26417, experimental = 0.230914
[2025-05-30 20:19:08.716] [info] 	pair 1 (CLAV, STRN): model = 0.166215, experimental = 0.167186
[2025-05-30 20:19:08.716] [info] 	overall scale factor = 0.939974
[2025-05-30 20:19:08.716] [info] Measurement 'torso_width'
[2025-05-30 20:19:08.716] [info] 	pair 0 (RSHO, LSHO): model = 0.278272, experimental = 0.34416
[2025-05-30 20:19:08.716] [info] 	overall scale factor = 1.23678
[2025-05-30 20:19:08.716] [info] Measurement 'pelvis_depth'
[2025-05-30 20:19:08.716] [info] 	pair 0 (RASI, SACR): model = 0.209427, experimental = 0.221864
[2025-05-30 20:19:08.716] [info] 	pair 1 (LASI, SACR): model = 0.209427, experimental = 0.226713
[2025-05-30 20:19:08.716] [info] 	overall scale factor = 1.07097
[2025-05-30 20:19:08.716] [info] Measurement 'pelvis_height'
[2025-05-30 20:19:08.716] [info] 	pair 0 (RASI, LASI): model = 0.256928, experimental = 0.281719
[2025-05-30 20:19:08.716] [info] 	overall scale factor = 1.09649
[2025-05-30 20:19:08.716] [info] Measurement 'pelvis_width'
[2025-05-30 20:19:08.716] [info] 	pair 0 (RASI, LASI): model = 0.256928, experimental = 0.281719
[2025-05-30 20:19:08.716] [info] 	overall scale factor = 1.09649
[2025-05-30 20:19:08.716] [info] Measurement 'l_thigh'
[2025-05-30 20:19:08.716] [info] 	pair 0 (LASI, LKNE): model = 0.504880, experimental = 0.454182
[2025-05-30 20:19:08.716] [info] 	overall scale factor = 0.899584
[2025-05-30 20:19:08.716] [info] Measurement 'l_patella'
[2025-05-30 20:19:08.716] [info] 	pair 0 (LASI, LKNE): model = 0.504880, experimental = 0.454182
[2025-05-30 20:19:08.716] [info] 	overall scale factor = 0.899584
[2025-05-30 20:19:08.716] [info] Measurement 'l_tibia'
[2025-05-30 20:19:08.716] [info] 	pair 0 (LKNE, LANK): model = 0.399858, experimental = 0.373569
[2025-05-30 20:19:08.716] [info] 	overall scale factor = 0.934253
[2025-05-30 20:19:08.716] [info] Measurement 'l_foot'
[2025-05-30 20:19:08.716] [info] 	pair 0 (LHEE, LTOE): model = 0.205925, experimental = 0.167202
[2025-05-30 20:19:08.716] [info] 	overall scale factor = 0.811955
[2025-05-30 20:19:08.716] [info] Measurement 'r_thigh'
[2025-05-30 20:19:08.716] [info] 	pair 0 (RASI, RKNE): model = 0.504880, experimental = 0.448491
[2025-05-30 20:19:08.716] [info] 	overall scale factor = 0.888311
[2025-05-30 20:19:08.716] [info] Measurement 'r_patella'
[2025-05-30 20:19:08.716] [info] 	pair 0 (RASI, RKNE): model = 0.504880, experimental = 0.448491
[2025-05-30 20:19:08.716] [info] 	overall scale factor = 0.888311
[2025-05-30 20:19:08.716] [info] Measurement 'r_tibia'
[2025-05-30 20:19:08.716] [info] 	pair 0 (RKNE, RANK): model = 0.399858, experimental = 0.381873
[2025-05-30 20:19:08.716] [info] 	overall scale factor = 0.955022
[2025-05-30 20:19:08.716] [info] Measurement 'r_foot'
[2025-05-30 20:19:08.716] [info] 	pair 0 (RHEE, RTOE): model = 0.205925, experimental = 0.169272
[2025-05-30 20:19:08.716] [info] 	overall scale factor = 0.822007
[2025-05-30 20:19:08.741] [info] Wrote model file '..\data\SUBJ01\scaling\SUBJ01_scaledModel_2d.osim' from model.
[2025-05-30 20:19:08.744] [info] Wrote scale file '..\data\SUBJ01\scaling\SUBJ01_scaleSet_2d.xml' for model model.
[2025-05-30 20:19:20.768] [info] Loaded model model from file ..\data\SUBJ01\scaling\SUBJ01_scaledModelAdjusted_3d.osim
[2025-05-30 20:19:20.818] [info] Loaded model model from file ..\data\SUBJ01\scaling\SUBJ01_scaledModel_2d.osim
[2025-05-30 20:19:20.856] [info] Loaded model Miller2021_Crienkinge2023 from file ..\model\Miller2021_Crienkinge2023.osim
[2025-05-30 20:19:20.877] [info] Loaded model Denton2023_Crienkinge2023 from file ..\model\Denton2023_Crienkinge2023.osim
[2025-05-30 20:19:20.963] [info] Loaded model model from file ..\data\SUBJ01\scaling\SUBJ01_scaledModel_3d.osim
[2025-05-30 20:19:20.983] [info] Loaded model model from file ..\data\SUBJ01\scaling\SUBJ01_scaledModel_2d.osim
[2025-05-30 20:21:44.605] [info] Loaded model SUBJ01_3d from file ..\data\SUBJ01\scaling\SUBJ01_scaledModelAdjusted_3d.osim
[2025-05-30 20:21:44.611] [cout] [info] 
               MODEL: SUBJ01_3d
         coordinates: 25
              forces: 113
           actuators: 84
             muscles: 84
            analyses: 0
              probes: 0
              bodies: 14
              joints: 14
         constraints: 2
             markers: 21
         controllers: 0
  contact geometries: 13
misc modelcomponents: 0
[2025-05-30 20:21:44.612] [info] Running tool .
[2025-05-30 20:21:44.698] [info] Frame 0 (t = 0.94):	 total squared error = 0.00903769, marker error: RMS = 0.0212576, max = 0.0474282 (LSHO)
[2025-05-30 20:21:44.721] [info] Frame 1 (t = 0.95):	 total squared error = 0.00897836, marker error: RMS = 0.0211877, max = 0.0473576 (LSHO)
[2025-05-30 20:21:44.748] [info] Frame 2 (t = 0.96):	 total squared error = 0.00888818, marker error: RMS = 0.0210810, max = 0.047138 (LSHO)
[2025-05-30 20:21:44.780] [info] Frame 3 (t = 0.97):	 total squared error = 0.00877631, marker error: RMS = 0.0209479, max = 0.0469572 (LSHO)
[2025-05-30 20:21:44.827] [info] Frame 4 (t = 0.98):	 total squared error = 0.00864986, marker error: RMS = 0.0207965, max = 0.0467161 (LSHO)
[2025-05-30 20:21:44.847] [info] Frame 5 (t = 0.99):	 total squared error = 0.00851486, marker error: RMS = 0.0206335, max = 0.046432 (LSHO)
[2025-05-30 20:21:44.878] [info] Frame 6 (t = 1.0):	 total squared error = 0.00837289, marker error: RMS = 0.0204608, max = 0.0460451 (LSHO)
[2025-05-30 20:21:44.904] [info] Frame 7 (t = 1.01):	 total squared error = 0.00822624, marker error: RMS = 0.0202808, max = 0.0456158 (LSHO)
[2025-05-30 20:21:44.939] [info] Frame 8 (t = 1.02):	 total squared error = 0.00807620, marker error: RMS = 0.0200950, max = 0.0451483 (LSHO)
[2025-05-30 20:21:44.961] [info] Frame 9 (t = 1.03):	 total squared error = 0.00792986, marker error: RMS = 0.0199121, max = 0.0449199 (LSHO)
[2025-05-30 20:21:44.986] [info] Frame 10 (t = 1.04):	 total squared error = 0.00778829, marker error: RMS = 0.0197336, max = 0.0443263 (LSHO)
[2025-05-30 20:21:45.008] [info] Frame 11 (t = 1.05):	 total squared error = 0.00766420, marker error: RMS = 0.0195757, max = 0.0440435 (LSHO)
[2025-05-30 20:21:45.043] [info] Frame 12 (t = 1.06):	 total squared error = 0.00756104, marker error: RMS = 0.0194436, max = 0.0436579 (LSHO)
[2025-05-30 20:21:45.077] [info] Frame 13 (t = 1.07):	 total squared error = 0.00748785, marker error: RMS = 0.0193492, max = 0.0433192 (LSHO)
[2025-05-30 20:21:45.103] [info] Frame 14 (t = 1.08):	 total squared error = 0.00744325, marker error: RMS = 0.0192915, max = 0.0430278 (LSHO)
[2025-05-30 20:21:45.122] [info] Frame 15 (t = 1.09):	 total squared error = 0.00742284, marker error: RMS = 0.019265, max = 0.0427941 (LSHO)
[2025-05-30 20:21:45.142] [info] Frame 16 (t = 1.1):	 total squared error = 0.00741789, marker error: RMS = 0.0192586, max = 0.0426552 (LSHO)
[2025-05-30 20:21:45.166] [info] Frame 17 (t = 1.11):	 total squared error = 0.00742290, marker error: RMS = 0.0192651, max = 0.0425104 (LSHO)
[2025-05-30 20:21:45.196] [info] Frame 18 (t = 1.12):	 total squared error = 0.00743167, marker error: RMS = 0.0192765, max = 0.042414 (LSHO)
[2025-05-30 20:21:45.210] [info] Frame 19 (t = 1.13):	 total squared error = 0.00745033, marker error: RMS = 0.0193007, max = 0.0425387 (LSHO)
[2025-05-30 20:21:45.243] [info] Frame 20 (t = 1.14):	 total squared error = 0.00744882, marker error: RMS = 0.0192987, max = 0.0421217 (LSHO)
[2025-05-30 20:21:45.263] [info] Frame 21 (t = 1.15):	 total squared error = 0.00745398, marker error: RMS = 0.0193054, max = 0.0419808 (LSHO)
[2025-05-30 20:21:45.287] [info] Frame 22 (t = 1.16):	 total squared error = 0.00745574, marker error: RMS = 0.0193077, max = 0.0417994 (LSHO)
[2025-05-30 20:21:45.318] [info] Frame 23 (t = 1.17):	 total squared error = 0.00745492, marker error: RMS = 0.0193066, max = 0.0416219 (LSHO)
[2025-05-30 20:21:45.330] [info] Frame 24 (t = 1.18):	 total squared error = 0.00745538, marker error: RMS = 0.0193072, max = 0.0415542 (LSHO)
[2025-05-30 20:21:45.347] [info] Frame 25 (t = 1.19):	 total squared error = 0.00745144, marker error: RMS = 0.0193021, max = 0.0412155 (LSHO)
[2025-05-30 20:21:45.361] [info] Frame 26 (t = 1.2):	 total squared error = 0.00745559, marker error: RMS = 0.0193075, max = 0.0411514 (LSHO)
[2025-05-30 20:21:45.396] [info] Frame 27 (t = 1.21):	 total squared error = 0.00745951, marker error: RMS = 0.0193126, max = 0.0408990 (LSHO)
[2025-05-30 20:21:45.410] [info] Frame 28 (t = 1.22):	 total squared error = 0.00747816, marker error: RMS = 0.0193367, max = 0.0407122 (LSHO)
[2025-05-30 20:21:45.439] [info] Frame 29 (t = 1.23):	 total squared error = 0.00749979, marker error: RMS = 0.0193646, max = 0.0408437 (RSHO)
[2025-05-30 20:21:45.471] [info] Frame 30 (t = 1.24):	 total squared error = 0.00753314, marker error: RMS = 0.0194077, max = 0.0412364 (RSHO)
[2025-05-30 20:21:45.502] [info] Frame 31 (t = 1.25):	 total squared error = 0.00757680, marker error: RMS = 0.0194638, max = 0.0416717 (RSHO)
[2025-05-30 20:21:45.524] [info] Frame 32 (t = 1.26):	 total squared error = 0.00763090, marker error: RMS = 0.0195332, max = 0.0422262 (RSHO)
[2025-05-30 20:21:45.565] [info] Frame 33 (t = 1.27):	 total squared error = 0.00769182, marker error: RMS = 0.019611, max = 0.0425139 (RSHO)
[2025-05-30 20:21:45.601] [info] Frame 34 (t = 1.28):	 total squared error = 0.00776231, marker error: RMS = 0.0197007, max = 0.0428973 (RSHO)
[2025-05-30 20:21:45.623] [info] Frame 35 (t = 1.29):	 total squared error = 0.00784148, marker error: RMS = 0.0198009, max = 0.0433619 (RSHO)
[2025-05-30 20:21:45.648] [info] Frame 36 (t = 1.3):	 total squared error = 0.00792505, marker error: RMS = 0.0199061, max = 0.0436556 (RSHO)
[2025-05-30 20:21:45.673] [info] Frame 37 (t = 1.31):	 total squared error = 0.00801649, marker error: RMS = 0.0200206, max = 0.0440191 (RSHO)
[2025-05-30 20:21:45.697] [info] Frame 38 (t = 1.32):	 total squared error = 0.00811391, marker error: RMS = 0.0201419, max = 0.0443219 (RSHO)
[2025-05-30 20:21:45.715] [info] Frame 39 (t = 1.33):	 total squared error = 0.00821787, marker error: RMS = 0.0202705, max = 0.0449266 (RSHO)
[2025-05-30 20:21:45.739] [info] Frame 40 (t = 1.34):	 total squared error = 0.00832372, marker error: RMS = 0.0204006, max = 0.0450738 (RSHO)
[2025-05-30 20:21:45.756] [info] Frame 41 (t = 1.35):	 total squared error = 0.00843318, marker error: RMS = 0.0205343, max = 0.0455381 (RSHO)
[2025-05-30 20:21:45.772] [info] Frame 42 (t = 1.36):	 total squared error = 0.00853604, marker error: RMS = 0.0206592, max = 0.0460567 (RSHO)
[2025-05-30 20:21:45.801] [info] Frame 43 (t = 1.37):	 total squared error = 0.00862303, marker error: RMS = 0.0207642, max = 0.0459945 (RSHO)
[2025-05-30 20:21:45.830] [info] Frame 44 (t = 1.38):	 total squared error = 0.00869750, marker error: RMS = 0.0208537, max = 0.0462611 (RSHO)
[2025-05-30 20:21:45.846] [info] Frame 45 (t = 1.39):	 total squared error = 0.00876144, marker error: RMS = 0.0209302, max = 0.0466265 (RSHO)
[2025-05-30 20:21:45.870] [info] Frame 46 (t = 1.4):	 total squared error = 0.00881117, marker error: RMS = 0.0209895, max = 0.0466609 (RSHO)
[2025-05-30 20:21:45.892] [info] Frame 47 (t = 1.41):	 total squared error = 0.00886900, marker error: RMS = 0.0210583, max = 0.0469781 (RSHO)
[2025-05-30 20:21:45.911] [info] Frame 48 (t = 1.42):	 total squared error = 0.00893286, marker error: RMS = 0.0211339, max = 0.0470102 (RSHO)
[2025-05-30 20:21:45.924] [info] Frame 49 (t = 1.43):	 total squared error = 0.00900241, marker error: RMS = 0.021216, max = 0.0472264 (RSHO)
[2025-05-30 20:21:45.949] [info] Frame 50 (t = 1.44):	 total squared error = 0.00905946, marker error: RMS = 0.0212832, max = 0.0471148 (RSHO)
[2025-05-30 20:21:45.969] [info] Frame 51 (t = 1.45):	 total squared error = 0.00909433, marker error: RMS = 0.0213241, max = 0.0471239 (RSHO)
[2025-05-30 20:21:45.998] [info] Frame 52 (t = 1.46):	 total squared error = 0.00909243, marker error: RMS = 0.0213219, max = 0.0471085 (RSHO)
[2025-05-30 20:21:46.017] [info] Frame 53 (t = 1.47):	 total squared error = 0.00905167, marker error: RMS = 0.021274, max = 0.0469332 (RSHO)
[2025-05-30 20:21:46.043] [info] Frame 54 (t = 1.48):	 total squared error = 0.00897631, marker error: RMS = 0.0211853, max = 0.0469542 (RSHO)
[2025-05-30 20:21:46.060] [info] Frame 55 (t = 1.49):	 total squared error = 0.00888012, marker error: RMS = 0.0210715, max = 0.0468113 (RSHO)
[2025-05-30 20:21:46.087] [info] Frame 56 (t = 1.5):	 total squared error = 0.00877466, marker error: RMS = 0.0209460, max = 0.0466475 (RSHO)
[2025-05-30 20:21:46.104] [info] Frame 57 (t = 1.51):	 total squared error = 0.00867286, marker error: RMS = 0.0208241, max = 0.0464583 (RSHO)
[2025-05-30 20:21:46.128] [info] Frame 58 (t = 1.52):	 total squared error = 0.00857887, marker error: RMS = 0.0207110, max = 0.0462482 (RSHO)
[2025-05-30 20:21:46.153] [info] Frame 59 (t = 1.53):	 total squared error = 0.00849085, marker error: RMS = 0.0206044, max = 0.0460722 (RSHO)
[2025-05-30 20:21:46.170] [info] Frame 60 (t = 1.54):	 total squared error = 0.00840510, marker error: RMS = 0.0205001, max = 0.0457688 (RSHO)
[2025-05-30 20:21:46.196] [info] Frame 61 (t = 1.55):	 total squared error = 0.00831137, marker error: RMS = 0.0203855, max = 0.0454907 (RSHO)
[2025-05-30 20:21:46.216] [info] Frame 62 (t = 1.56):	 total squared error = 0.00820885, marker error: RMS = 0.0202594, max = 0.0451568 (RSHO)
[2025-05-30 20:21:46.236] [info] Frame 63 (t = 1.57):	 total squared error = 0.00809379, marker error: RMS = 0.0201169, max = 0.0448285 (RSHO)
[2025-05-30 20:21:46.262] [info] Frame 64 (t = 1.58):	 total squared error = 0.00796843, marker error: RMS = 0.0199605, max = 0.0443861 (RSHO)
[2025-05-30 20:21:46.287] [info] Frame 65 (t = 1.59):	 total squared error = 0.00784449, marker error: RMS = 0.0198047, max = 0.0439628 (RSHO)
[2025-05-30 20:21:46.310] [info] Frame 66 (t = 1.6):	 total squared error = 0.00773015, marker error: RMS = 0.0196598, max = 0.0435685 (RSHO)
[2025-05-30 20:21:46.340] [info] Frame 67 (t = 1.61):	 total squared error = 0.00763317, marker error: RMS = 0.0195361, max = 0.0431645 (RSHO)
[2025-05-30 20:21:46.390] [info] Frame 68 (t = 1.62):	 total squared error = 0.00756145, marker error: RMS = 0.0194441, max = 0.0427999 (RSHO)
[2025-05-30 20:21:46.411] [info] Frame 69 (t = 1.63):	 total squared error = 0.00751627, marker error: RMS = 0.0193859, max = 0.0424542 (RSHO)
[2025-05-30 20:21:46.433] [info] Frame 70 (t = 1.64):	 total squared error = 0.00749558, marker error: RMS = 0.0193592, max = 0.0421504 (RSHO)
[2025-05-30 20:21:46.464] [info] Frame 71 (t = 1.65):	 total squared error = 0.00749442, marker error: RMS = 0.0193577, max = 0.0419547 (RSHO)
[2025-05-30 20:21:46.491] [info] Frame 72 (t = 1.66):	 total squared error = 0.00750941, marker error: RMS = 0.0193771, max = 0.0417463 (RSHO)
[2025-05-30 20:21:46.519] [info] Frame 73 (t = 1.67):	 total squared error = 0.00753342, marker error: RMS = 0.0194080, max = 0.0414965 (RSHO)
[2025-05-30 20:21:46.545] [info] Frame 74 (t = 1.68):	 total squared error = 0.00756255, marker error: RMS = 0.0194455, max = 0.0412375 (RSHO)
[2025-05-30 20:21:46.565] [info] Frame 75 (t = 1.69):	 total squared error = 0.00759344, marker error: RMS = 0.0194852, max = 0.0410330 (RSHO)
[2025-05-30 20:21:46.576] [info] Frame 76 (t = 1.7):	 total squared error = 0.00763472, marker error: RMS = 0.0195381, max = 0.0409361 (RSHO)
[2025-05-30 20:21:46.605] [info] Frame 77 (t = 1.71):	 total squared error = 0.00765531, marker error: RMS = 0.0195644, max = 0.0409796 (LSHO)
[2025-05-30 20:21:46.622] [info] Frame 78 (t = 1.72):	 total squared error = 0.00768925, marker error: RMS = 0.0196077, max = 0.0412855 (LSHO)
[2025-05-30 20:21:46.648] [info] Frame 79 (t = 1.73):	 total squared error = 0.00772532, marker error: RMS = 0.0196537, max = 0.0415323 (LSHO)
[2025-05-30 20:21:46.666] [info] Frame 80 (t = 1.74):	 total squared error = 0.00776984, marker error: RMS = 0.0197102, max = 0.0418963 (LSHO)
[2025-05-30 20:21:46.690] [info] Frame 81 (t = 1.75):	 total squared error = 0.00782173, marker error: RMS = 0.0197759, max = 0.0422423 (LSHO)
[2025-05-30 20:21:46.704] [info] Frame 82 (t = 1.76):	 total squared error = 0.00789171, marker error: RMS = 0.0198642, max = 0.0425751 (LSHO)
[2025-05-30 20:21:46.732] [info] Frame 83 (t = 1.77):	 total squared error = 0.00795547, marker error: RMS = 0.0199443, max = 0.0430754 (LSHO)
[2025-05-30 20:21:46.754] [info] Frame 84 (t = 1.78):	 total squared error = 0.00803670, marker error: RMS = 0.0200458, max = 0.0435783 (LSHO)
[2025-05-30 20:21:46.778] [info] Frame 85 (t = 1.79):	 total squared error = 0.00812270, marker error: RMS = 0.0201528, max = 0.0438674 (LSHO)
[2025-05-30 20:21:46.798] [info] Frame 86 (t = 1.8):	 total squared error = 0.00821480, marker error: RMS = 0.0202667, max = 0.0442668 (LSHO)
[2025-05-30 20:21:46.822] [info] Frame 87 (t = 1.81):	 total squared error = 0.00830462, marker error: RMS = 0.0203772, max = 0.0445852 (LSHO)
[2025-05-30 20:21:46.847] [info] Frame 88 (t = 1.82):	 total squared error = 0.00839329, marker error: RMS = 0.0204857, max = 0.0449241 (LSHO)
[2025-05-30 20:21:46.871] [info] Frame 89 (t = 1.83):	 total squared error = 0.00847580, marker error: RMS = 0.0205862, max = 0.0452127 (LSHO)
[2025-05-30 20:21:46.888] [info] Frame 90 (t = 1.84):	 total squared error = 0.00854968, marker error: RMS = 0.0206757, max = 0.0454436 (LSHO)
[2025-05-30 20:21:46.915] [info] Frame 91 (t = 1.85):	 total squared error = 0.00860765, marker error: RMS = 0.0207457, max = 0.0456964 (LSHO)
[2025-05-30 20:21:46.931] [info] Frame 92 (t = 1.86):	 total squared error = 0.00865221, marker error: RMS = 0.0207993, max = 0.0457251 (LSHO)
[2025-05-30 20:21:46.951] [info] Frame 93 (t = 1.87):	 total squared error = 0.00867672, marker error: RMS = 0.0208287, max = 0.0461699 (LSHO)
[2025-05-30 20:21:46.975] [info] Frame 94 (t = 1.88):	 total squared error = 0.00868596, marker error: RMS = 0.0208398, max = 0.0462584 (LSHO)
[2025-05-30 20:21:47.003] [info] Frame 95 (t = 1.89):	 total squared error = 0.00868248, marker error: RMS = 0.0208356, max = 0.0463806 (LSHO)
[2025-05-30 20:21:47.022] [info] Frame 96 (t = 1.9):	 total squared error = 0.00867384, marker error: RMS = 0.0208253, max = 0.0465723 (LSHO)
[2025-05-30 20:21:47.048] [info] Frame 97 (t = 1.91):	 total squared error = 0.00866373, marker error: RMS = 0.0208131, max = 0.0467542 (LSHO)
[2025-05-30 20:21:47.070] [info] Frame 98 (t = 1.92):	 total squared error = 0.00866502, marker error: RMS = 0.0208147, max = 0.0469058 (LSHO)
[2025-05-30 20:21:47.090] [info] Frame 99 (t = 1.93):	 total squared error = 0.00868139, marker error: RMS = 0.0208343, max = 0.0470800 (LSHO)
[2025-05-30 20:21:47.113] [info] Frame 100 (t = 1.94):	 total squared error = 0.00871558, marker error: RMS = 0.0208753, max = 0.0472309 (LSHO)
[2025-05-30 20:21:47.141] [info] Frame 101 (t = 1.95):	 total squared error = 0.00876548, marker error: RMS = 0.0209350, max = 0.0474041 (LSHO)
[2025-05-30 20:21:47.161] [info] Frame 102 (t = 1.96):	 total squared error = 0.00882371, marker error: RMS = 0.0210044, max = 0.0475147 (LSHO)
[2025-05-30 20:21:47.181] [info] Frame 103 (t = 1.97):	 total squared error = 0.00887654, marker error: RMS = 0.0210672, max = 0.0476681 (LSHO)
[2025-05-30 20:21:47.208] [info] Frame 104 (t = 1.98):	 total squared error = 0.00891035, marker error: RMS = 0.0211073, max = 0.0476688 (LSHO)
[2025-05-30 20:21:47.232] [info] Frame 105 (t = 1.99):	 total squared error = 0.00891578, marker error: RMS = 0.0211137, max = 0.0476792 (LSHO)
[2025-05-30 20:21:47.255] [info] Frame 106 (t = 2.0):	 total squared error = 0.00888677, marker error: RMS = 0.0210793, max = 0.0476425 (LSHO)
[2025-05-30 20:21:47.267] [info] InverseKinematicsTool completed 107 frames in 3 second(s).
[2025-05-30 20:21:53.882] [info] Loaded model SUBJ01_2d from file ..\data\SUBJ01\scaling\SUBJ01_scaledModelAdjusted_2d.osim
[2025-05-30 20:21:59.153] [info] Loaded model SUBJ01_2d from file ..\data\SUBJ01\scaling\SUBJ01_scaledModelAdjusted_2d.osim
[2025-05-30 20:21:59.157] [cout] [info] 
               MODEL: SUBJ01_2d
         coordinates: 12
              forces: 48
           actuators: 18
             muscles: 18
            analyses: 0
              probes: 0
              bodies: 12
              joints: 12
         constraints: 0
             markers: 37
         controllers: 0
  contact geometries: 17
misc modelcomponents: 0
[2025-05-30 20:21:59.157] [info] Running tool .
[2025-05-30 20:21:59.228] [info] Frame 0 (t = 0.94):	 total squared error = 0.0124999, marker error: RMS = 0.0249999, max = 0.0601283 (LSHO)
[2025-05-30 20:21:59.244] [info] Frame 1 (t = 0.95):	 total squared error = 0.0124728, marker error: RMS = 0.0249728, max = 0.0606145 (LSHO)
[2025-05-30 20:21:59.256] [info] Frame 2 (t = 0.96):	 total squared error = 0.0123603, marker error: RMS = 0.0248599, max = 0.0610743 (LSHO)
[2025-05-30 20:21:59.272] [info] Frame 3 (t = 0.97):	 total squared error = 0.0121723, marker error: RMS = 0.0246701, max = 0.0614538 (LSHO)
[2025-05-30 20:21:59.288] [info] Frame 4 (t = 0.98):	 total squared error = 0.0119312, marker error: RMS = 0.0244246, max = 0.0617524 (LSHO)
[2025-05-30 20:21:59.301] [info] Frame 5 (t = 0.99):	 total squared error = 0.0116626, marker error: RMS = 0.0241481, max = 0.0619859 (LSHO)
[2025-05-30 20:21:59.312] [info] Frame 6 (t = 1.0):	 total squared error = 0.0113873, marker error: RMS = 0.0238614, max = 0.0621656 (LSHO)
[2025-05-30 20:21:59.326] [info] Frame 7 (t = 1.01):	 total squared error = 0.011123, marker error: RMS = 0.0235828, max = 0.0622527 (LSHO)
[2025-05-30 20:21:59.339] [info] Frame 8 (t = 1.02):	 total squared error = 0.0108800, marker error: RMS = 0.0233238, max = 0.062252 (LSHO)
[2025-05-30 20:21:59.354] [info] Frame 9 (t = 1.03):	 total squared error = 0.0106655, marker error: RMS = 0.0230928, max = 0.0620930 (LSHO)
[2025-05-30 20:21:59.366] [info] Frame 10 (t = 1.04):	 total squared error = 0.0104846, marker error: RMS = 0.0228961, max = 0.0619078 (LSHO)
[2025-05-30 20:21:59.379] [info] Frame 11 (t = 1.05):	 total squared error = 0.0103378, marker error: RMS = 0.0227352, max = 0.0616165 (LSHO)
[2025-05-30 20:21:59.398] [info] Frame 12 (t = 1.06):	 total squared error = 0.0102274, marker error: RMS = 0.0226135, max = 0.0612583 (LSHO)
[2025-05-30 20:21:59.413] [info] Frame 13 (t = 1.07):	 total squared error = 0.0101510, marker error: RMS = 0.0225288, max = 0.0608341 (LSHO)
[2025-05-30 20:21:59.441] [info] Frame 14 (t = 1.08):	 total squared error = 0.0101029, marker error: RMS = 0.0224755, max = 0.0603384 (LSHO)
[2025-05-30 20:21:59.457] [info] Frame 15 (t = 1.09):	 total squared error = 0.0100774, marker error: RMS = 0.022447, max = 0.0598201 (LSHO)
[2025-05-30 20:21:59.468] [info] Frame 16 (t = 1.1):	 total squared error = 0.0100744, marker error: RMS = 0.0224437, max = 0.0593348 (LSHO)
[2025-05-30 20:21:59.487] [info] Frame 17 (t = 1.11):	 total squared error = 0.0100607, marker error: RMS = 0.0224285, max = 0.0585896 (LSHO)
[2025-05-30 20:21:59.512] [info] Frame 18 (t = 1.12):	 total squared error = 0.0100547, marker error: RMS = 0.0224218, max = 0.0578953 (LSHO)
[2025-05-30 20:21:59.526] [info] Frame 19 (t = 1.13):	 total squared error = 0.0100466, marker error: RMS = 0.0224127, max = 0.0572159 (LSHO)
[2025-05-30 20:21:59.539] [info] Frame 20 (t = 1.14):	 total squared error = 0.0100164, marker error: RMS = 0.022379, max = 0.0563133 (LSHO)
[2025-05-30 20:21:59.556] [info] Frame 21 (t = 1.15):	 total squared error = 0.00997505, marker error: RMS = 0.0223328, max = 0.0553716 (LSHO)
[2025-05-30 20:21:59.567] [info] Frame 22 (t = 1.16):	 total squared error = 0.00991963, marker error: RMS = 0.0222706, max = 0.05439 (LSHO)
[2025-05-30 20:21:59.584] [info] Frame 23 (t = 1.17):	 total squared error = 0.00985093, marker error: RMS = 0.0221934, max = 0.0533941 (LSHO)
[2025-05-30 20:21:59.593] [info] Frame 24 (t = 1.18):	 total squared error = 0.00977621, marker error: RMS = 0.0221091, max = 0.0523107 (LSHO)
[2025-05-30 20:21:59.610] [info] Frame 25 (t = 1.19):	 total squared error = 0.00970042, marker error: RMS = 0.0220232, max = 0.0513228 (LSHO)
[2025-05-30 20:21:59.623] [info] Frame 26 (t = 1.2):	 total squared error = 0.00963336, marker error: RMS = 0.0219469, max = 0.0502892 (LSHO)
[2025-05-30 20:21:59.636] [info] Frame 27 (t = 1.21):	 total squared error = 0.00958019, marker error: RMS = 0.0218863, max = 0.0492961 (LSHO)
[2025-05-30 20:21:59.647] [info] Frame 28 (t = 1.22):	 total squared error = 0.00954852, marker error: RMS = 0.0218501, max = 0.0483003 (LSHO)
[2025-05-30 20:21:59.663] [info] Frame 29 (t = 1.23):	 total squared error = 0.00953864, marker error: RMS = 0.0218388, max = 0.0474841 (LSHO)
[2025-05-30 20:21:59.678] [info] Frame 30 (t = 1.24):	 total squared error = 0.00955554, marker error: RMS = 0.0218581, max = 0.0466382 (LSHO)
[2025-05-30 20:21:59.690] [info] Frame 31 (t = 1.25):	 total squared error = 0.00959864, marker error: RMS = 0.0219074, max = 0.0459428 (LSHO)
[2025-05-30 20:21:59.703] [info] Frame 32 (t = 1.26):	 total squared error = 0.00966826, marker error: RMS = 0.0219867, max = 0.0452397 (LSHO)
[2025-05-30 20:21:59.716] [info] Frame 33 (t = 1.27):	 total squared error = 0.00976163, marker error: RMS = 0.0220926, max = 0.044686 (LSHO)
[2025-05-30 20:21:59.730] [info] Frame 34 (t = 1.28):	 total squared error = 0.00987765, marker error: RMS = 0.0222235, max = 0.0441946 (LSHO)
[2025-05-30 20:21:59.744] [info] Frame 35 (t = 1.29):	 total squared error = 0.0100144, marker error: RMS = 0.0223768, max = 0.0437471 (LSHO)
[2025-05-30 20:21:59.759] [info] Frame 36 (t = 1.3):	 total squared error = 0.0101684, marker error: RMS = 0.0225481, max = 0.0436815 (RSHO)
[2025-05-30 20:21:59.776] [info] Frame 37 (t = 1.31):	 total squared error = 0.0103353, marker error: RMS = 0.0227325, max = 0.044183 (RSHO)
[2025-05-30 20:21:59.790] [info] Frame 38 (t = 1.32):	 total squared error = 0.0105102, marker error: RMS = 0.022924, max = 0.0446365 (RSHO)
[2025-05-30 20:21:59.797] [info] Frame 39 (t = 1.33):	 total squared error = 0.0106899, marker error: RMS = 0.0231191, max = 0.0450296 (RSHO)
[2025-05-30 20:21:59.814] [info] Frame 40 (t = 1.34):	 total squared error = 0.0108563, marker error: RMS = 0.0232984, max = 0.045368 (RSHO)
[2025-05-30 20:21:59.822] [info] Frame 41 (t = 1.35):	 total squared error = 0.0110131, marker error: RMS = 0.023466, max = 0.0456656 (RSHO)
[2025-05-30 20:21:59.834] [info] Frame 42 (t = 1.36):	 total squared error = 0.0111349, marker error: RMS = 0.0235955, max = 0.0458703 (RSHO)
[2025-05-30 20:21:59.847] [info] Frame 43 (t = 1.37):	 total squared error = 0.0112217, marker error: RMS = 0.0236872, max = 0.0459978 (RSHO)
[2025-05-30 20:21:59.860] [info] Frame 44 (t = 1.38):	 total squared error = 0.0112677, marker error: RMS = 0.0237358, max = 0.0460325 (RSHO)
[2025-05-30 20:21:59.872] [info] Frame 45 (t = 1.39):	 total squared error = 0.0112785, marker error: RMS = 0.0237471, max = 0.0460065 (RSHO)
[2025-05-30 20:21:59.887] [info] Frame 46 (t = 1.4):	 total squared error = 0.0112678, marker error: RMS = 0.0237359, max = 0.0458737 (RSHO)
[2025-05-30 20:21:59.900] [info] Frame 47 (t = 1.41):	 total squared error = 0.0112548, marker error: RMS = 0.0237221, max = 0.0457488 (RSHO)
[2025-05-30 20:21:59.918] [info] Frame 48 (t = 1.42):	 total squared error = 0.0112511, marker error: RMS = 0.0237182, max = 0.0456308 (RSHO)
[2025-05-30 20:21:59.931] [info] Frame 49 (t = 1.43):	 total squared error = 0.0112599, marker error: RMS = 0.0237275, max = 0.0455786 (RSHO)
[2025-05-30 20:21:59.936] [info] Frame 50 (t = 1.44):	 total squared error = 0.0112814, marker error: RMS = 0.0237502, max = 0.0456973 (RSHO)
[2025-05-30 20:21:59.950] [info] Frame 51 (t = 1.45):	 total squared error = 0.0113058, marker error: RMS = 0.0237758, max = 0.045766 (RSHO)
[2025-05-30 20:21:59.967] [info] Frame 52 (t = 1.46):	 total squared error = 0.0113201, marker error: RMS = 0.0237909, max = 0.0460009 (RSHO)
[2025-05-30 20:21:59.975] [info] Frame 53 (t = 1.47):	 total squared error = 0.0113157, marker error: RMS = 0.0237862, max = 0.046211 (RSHO)
[2025-05-30 20:21:59.989] [info] Frame 54 (t = 1.48):	 total squared error = 0.0112717, marker error: RMS = 0.0237399, max = 0.0464716 (RSHO)
[2025-05-30 20:22:00.000] [info] Frame 55 (t = 1.49):	 total squared error = 0.0111966, marker error: RMS = 0.0236607, max = 0.0466432 (RSHO)
[2025-05-30 20:22:00.015] [info] Frame 56 (t = 1.5):	 total squared error = 0.0110827, marker error: RMS = 0.0235401, max = 0.0468844 (RSHO)
[2025-05-30 20:22:00.030] [info] Frame 57 (t = 1.51):	 total squared error = 0.0109482, marker error: RMS = 0.0233968, max = 0.0470535 (RSHO)
[2025-05-30 20:22:00.044] [info] Frame 58 (t = 1.52):	 total squared error = 0.0107992, marker error: RMS = 0.0232371, max = 0.047165 (RSHO)
[2025-05-30 20:22:00.064] [info] Frame 59 (t = 1.53):	 total squared error = 0.0106425, marker error: RMS = 0.0230678, max = 0.0472249 (RSHO)
[2025-05-30 20:22:00.080] [info] Frame 60 (t = 1.54):	 total squared error = 0.0104820, marker error: RMS = 0.0228932, max = 0.0472058 (RSHO)
[2025-05-30 20:22:00.095] [info] Frame 61 (t = 1.55):	 total squared error = 0.0103204, marker error: RMS = 0.022716, max = 0.0471092 (RSHO)
[2025-05-30 20:22:00.108] [info] Frame 62 (t = 1.56):	 total squared error = 0.0101616, marker error: RMS = 0.0225406, max = 0.046937 (RSHO)
[2025-05-30 20:22:00.122] [info] Frame 63 (t = 1.57):	 total squared error = 0.0100114, marker error: RMS = 0.0223734, max = 0.0467899 (LSHO)
[2025-05-30 20:22:00.135] [info] Frame 64 (t = 1.58):	 total squared error = 0.00987740, marker error: RMS = 0.0222232, max = 0.0469759 (LSHO)
[2025-05-30 20:22:00.150] [info] Frame 65 (t = 1.59):	 total squared error = 0.00976725, marker error: RMS = 0.0220989, max = 0.0471821 (LSHO)
[2025-05-30 20:22:00.161] [info] Frame 66 (t = 1.6):	 total squared error = 0.00968750, marker error: RMS = 0.0220085, max = 0.0474357 (LSHO)
[2025-05-30 20:22:00.176] [info] Frame 67 (t = 1.61):	 total squared error = 0.00964150, marker error: RMS = 0.0219562, max = 0.0477623 (LSHO)
[2025-05-30 20:22:00.197] [info] Frame 68 (t = 1.62):	 total squared error = 0.00962832, marker error: RMS = 0.0219412, max = 0.0481064 (LSHO)
[2025-05-30 20:22:00.222] [info] Frame 69 (t = 1.63):	 total squared error = 0.00964438, marker error: RMS = 0.0219595, max = 0.0485225 (LSHO)
[2025-05-30 20:22:00.232] [info] Frame 70 (t = 1.64):	 total squared error = 0.00968825, marker error: RMS = 0.0220094, max = 0.0490779 (LSHO)
[2025-05-30 20:22:00.248] [info] Frame 71 (t = 1.65):	 total squared error = 0.00974162, marker error: RMS = 0.0220699, max = 0.0494982 (LSHO)
[2025-05-30 20:22:00.262] [info] Frame 72 (t = 1.66):	 total squared error = 0.00981170, marker error: RMS = 0.0221492, max = 0.0501397 (LSHO)
[2025-05-30 20:22:00.272] [info] Frame 73 (t = 1.67):	 total squared error = 0.00989176, marker error: RMS = 0.0222393, max = 0.0507738 (LSHO)
[2025-05-30 20:22:00.281] [info] Frame 74 (t = 1.68):	 total squared error = 0.00998089, marker error: RMS = 0.0223393, max = 0.0515194 (LSHO)
[2025-05-30 20:22:00.293] [info] Frame 75 (t = 1.69):	 total squared error = 0.0100770, marker error: RMS = 0.0224467, max = 0.0522458 (LSHO)
[2025-05-30 20:22:00.305] [info] Frame 76 (t = 1.7):	 total squared error = 0.0101850, marker error: RMS = 0.0225665, max = 0.0530043 (LSHO)
[2025-05-30 20:22:00.314] [info] Frame 77 (t = 1.71):	 total squared error = 0.0103074, marker error: RMS = 0.0227018, max = 0.0537117 (LSHO)
[2025-05-30 20:22:00.328] [info] Frame 78 (t = 1.72):	 total squared error = 0.0104440, marker error: RMS = 0.0228517, max = 0.0546892 (LSHO)
[2025-05-30 20:22:00.343] [info] Frame 79 (t = 1.73):	 total squared error = 0.0105990, marker error: RMS = 0.0230207, max = 0.0555533 (LSHO)
[2025-05-30 20:22:00.359] [info] Frame 80 (t = 1.74):	 total squared error = 0.0107712, marker error: RMS = 0.0232069, max = 0.0564333 (LSHO)
[2025-05-30 20:22:00.376] [info] Frame 81 (t = 1.75):	 total squared error = 0.0109579, marker error: RMS = 0.0234072, max = 0.0573105 (LSHO)
[2025-05-30 20:22:00.397] [info] Frame 82 (t = 1.76):	 total squared error = 0.0111536, marker error: RMS = 0.0236153, max = 0.0581264 (LSHO)
[2025-05-30 20:22:00.414] [info] Frame 83 (t = 1.77):	 total squared error = 0.0113522, marker error: RMS = 0.0238246, max = 0.0589182 (LSHO)
[2025-05-30 20:22:00.430] [info] Frame 84 (t = 1.78):	 total squared error = 0.0115468, marker error: RMS = 0.0240279, max = 0.0596377 (LSHO)
[2025-05-30 20:22:00.445] [info] Frame 85 (t = 1.79):	 total squared error = 0.0117311, marker error: RMS = 0.0242189, max = 0.0602867 (LSHO)
[2025-05-30 20:22:00.458] [info] Frame 86 (t = 1.8):	 total squared error = 0.0119, marker error: RMS = 0.0243926, max = 0.0608466 (LSHO)
[2025-05-30 20:22:00.470] [info] Frame 87 (t = 1.81):	 total squared error = 0.0120500, marker error: RMS = 0.0245459, max = 0.0613331 (LSHO)
[2025-05-30 20:22:00.484] [info] Frame 88 (t = 1.82):	 total squared error = 0.0121787, marker error: RMS = 0.0246766, max = 0.0617194 (LSHO)
[2025-05-30 20:22:00.497] [info] Frame 89 (t = 1.83):	 total squared error = 0.0122842, marker error: RMS = 0.0247833, max = 0.0620348 (LSHO)
[2025-05-30 20:22:00.509] [info] Frame 90 (t = 1.84):	 total squared error = 0.012365, marker error: RMS = 0.0248646, max = 0.0622748 (LSHO)
[2025-05-30 20:22:00.517] [info] Frame 91 (t = 1.85):	 total squared error = 0.0124247, marker error: RMS = 0.0249246, max = 0.0624538 (LSHO)
[2025-05-30 20:22:00.528] [info] Frame 92 (t = 1.86):	 total squared error = 0.0124506, marker error: RMS = 0.0249506, max = 0.0626128 (LSHO)
[2025-05-30 20:22:00.536] [info] Frame 93 (t = 1.87):	 total squared error = 0.0124608, marker error: RMS = 0.0249608, max = 0.0626968 (LSHO)
[2025-05-30 20:22:00.543] [info] Frame 94 (t = 1.88):	 total squared error = 0.0124568, marker error: RMS = 0.0249568, max = 0.0627523 (LSHO)
[2025-05-30 20:22:00.554] [info] Frame 95 (t = 1.89):	 total squared error = 0.0124428, marker error: RMS = 0.0249427, max = 0.0629411 (LSHO)
[2025-05-30 20:22:00.563] [info] Frame 96 (t = 1.9):	 total squared error = 0.0124399, marker error: RMS = 0.0249398, max = 0.0630947 (LSHO)
[2025-05-30 20:22:00.575] [info] Frame 97 (t = 1.91):	 total squared error = 0.0124555, marker error: RMS = 0.0249555, max = 0.0632361 (LSHO)
[2025-05-30 20:22:00.587] [info] Frame 98 (t = 1.92):	 total squared error = 0.0124958, marker error: RMS = 0.0249958, max = 0.0634793 (LSHO)
[2025-05-30 20:22:00.599] [info] Frame 99 (t = 1.93):	 total squared error = 0.0125589, marker error: RMS = 0.0250588, max = 0.0636422 (LSHO)
[2025-05-30 20:22:00.609] [info] Frame 100 (t = 1.94):	 total squared error = 0.0126394, marker error: RMS = 0.025139, max = 0.063917 (LSHO)
[2025-05-30 20:22:00.624] [info] Frame 101 (t = 1.95):	 total squared error = 0.0127174, marker error: RMS = 0.0252164, max = 0.0641474 (LSHO)
[2025-05-30 20:22:00.639] [info] Frame 102 (t = 1.96):	 total squared error = 0.0127986, marker error: RMS = 0.0252969, max = 0.0644246 (LSHO)
[2025-05-30 20:22:00.661] [info] Frame 103 (t = 1.97):	 total squared error = 0.0128796, marker error: RMS = 0.0253768, max = 0.0646279 (LSHO)
[2025-05-30 20:22:00.673] [info] Frame 104 (t = 1.98):	 total squared error = 0.0129711, marker error: RMS = 0.0254668, max = 0.0648963 (LSHO)
[2025-05-30 20:22:00.684] [info] Frame 105 (t = 1.99):	 total squared error = 0.0130661, marker error: RMS = 0.0255598, max = 0.0651434 (LSHO)
[2025-05-30 20:22:00.699] [info] Frame 106 (t = 2.0):	 total squared error = 0.0130918, marker error: RMS = 0.025585, max = 0.0654163 (LSHO)
[2025-05-30 20:22:00.709] [info] InverseKinematicsTool completed 107 frames in 1 second(s).
[2025-05-30 20:29:17.930] [info] Loaded model SUBJ01_3d from file SUBJ01_scaledModelAdjusted_3d.osim
[2025-05-30 20:30:09.833] [info] Storage: read data file = walk_ik_3d.mot (nr=107 nc=26)
[2025-05-30 20:30:15.166] [info] Storage: read data file = walk_ik_3d.mot (nr=107 nc=26)
[2025-05-30 20:31:54.200] [info] Loaded model SUBJ01_3d from file SUBJ01_exp-tracking_3d.osim
[2025-05-30 20:31:54.228] [info] ExternalForce::grf1 Data source being set to walk_grf
[2025-05-30 20:31:54.228] [info] ExternalForce::grf2 Data source being set to walk_grf
[2025-05-30 20:31:54.228] [info] ExternalForce::grf4 Data source being set to walk_grf
[2025-05-30 20:31:54.244] [info] ExternalForce::grf1 Data source being set to walk_grf
[2025-05-30 20:31:54.245] [info] ExternalForce::grf2 Data source being set to walk_grf
[2025-05-30 20:31:54.245] [info] ExternalForce::grf4 Data source being set to walk_grf
[2025-05-30 20:31:54.262] [info] ExternalForce::grf1 Data source being set to walk_grf
[2025-05-30 20:31:54.262] [info] ExternalForce::grf2 Data source being set to walk_grf
[2025-05-30 20:31:54.262] [info] ExternalForce::grf4 Data source being set to walk_grf
[2025-05-30 20:31:54.276] [info] ExternalForce::grf1 Data source being set to walk_grf
[2025-05-30 20:31:54.276] [info] ExternalForce::grf2 Data source being set to walk_grf
[2025-05-30 20:31:54.276] [info] ExternalForce::grf4 Data source being set to walk_grf
[2025-05-30 20:31:54.292] [info] ExternalForce::grf1 Data source being set to walk_grf
[2025-05-30 20:31:54.292] [info] ExternalForce::grf2 Data source being set to walk_grf
[2025-05-30 20:31:54.292] [info] ExternalForce::grf4 Data source being set to walk_grf
[2025-05-30 20:31:54.307] [info] ExternalForce::grf1 Data source being set to walk_grf
[2025-05-30 20:31:54.307] [info] ExternalForce::grf2 Data source being set to walk_grf
[2025-05-30 20:31:54.307] [info] ExternalForce::grf4 Data source being set to walk_grf
[2025-05-30 20:31:54.324] [info] ExternalForce::grf1 Data source being set to walk_grf
[2025-05-30 20:31:54.324] [info] ExternalForce::grf2 Data source being set to walk_grf
[2025-05-30 20:31:54.324] [info] ExternalForce::grf4 Data source being set to walk_grf
[2025-05-30 20:31:54.340] [info] ExternalForce::grf1 Data source being set to walk_grf
[2025-05-30 20:31:54.340] [info] ExternalForce::grf2 Data source being set to walk_grf
[2025-05-30 20:31:54.340] [info] ExternalForce::grf4 Data source being set to walk_grf
[2025-05-30 20:31:54.357] [info] ExternalForce::grf1 Data source being set to walk_grf
[2025-05-30 20:31:54.357] [info] ExternalForce::grf2 Data source being set to walk_grf
[2025-05-30 20:31:54.357] [info] ExternalForce::grf4 Data source being set to walk_grf
[2025-05-30 20:31:54.373] [info] ExternalForce::grf1 Data source being set to walk_grf
[2025-05-30 20:31:54.373] [info] ExternalForce::grf2 Data source being set to walk_grf
[2025-05-30 20:31:54.373] [info] ExternalForce::grf4 Data source being set to walk_grf
[2025-05-30 20:31:54.431] [info] ExternalForce::grf1 Data source being set to walk_grf
[2025-05-30 20:31:54.431] [info] ExternalForce::grf2 Data source being set to walk_grf
[2025-05-30 20:31:54.431] [info] ExternalForce::grf4 Data source being set to walk_grf
[2025-05-30 20:31:54.470] [info] ExternalForce::grf1 Data source being set to walk_grf
[2025-05-30 20:31:54.470] [info] ExternalForce::grf2 Data source being set to walk_grf
[2025-05-30 20:31:54.470] [info] ExternalForce::grf4 Data source being set to walk_grf
[2025-05-30 20:31:54.500] [info] ExternalForce::grf1 Data source being set to walk_grf
[2025-05-30 20:31:54.500] [info] ExternalForce::grf2 Data source being set to walk_grf
[2025-05-30 20:31:54.500] [info] ExternalForce::grf4 Data source being set to walk_grf
[2025-05-30 20:31:54.521] [info] ExternalForce::grf1 Data source being set to walk_grf
[2025-05-30 20:31:54.521] [info] ExternalForce::grf2 Data source being set to walk_grf
[2025-05-30 20:31:54.521] [info] ExternalForce::grf4 Data source being set to walk_grf
[2025-05-30 20:31:54.555] [info] ExternalForce::grf1 Data source being set to walk_grf
[2025-05-30 20:31:54.555] [info] ExternalForce::grf2 Data source being set to walk_grf
[2025-05-30 20:31:54.555] [info] ExternalForce::grf4 Data source being set to walk_grf
[2025-05-30 20:31:54.590] [info] ExternalForce::grf1 Data source being set to walk_grf
[2025-05-30 20:31:54.590] [info] ExternalForce::grf2 Data source being set to walk_grf
[2025-05-30 20:31:54.590] [info] ExternalForce::grf4 Data source being set to walk_grf
[2025-05-30 20:31:54.617] [info] ExternalForce::grf1 Data source being set to walk_grf
[2025-05-30 20:31:54.617] [info] ExternalForce::grf2 Data source being set to walk_grf
[2025-05-30 20:31:54.617] [info] ExternalForce::grf4 Data source being set to walk_grf
[2025-05-30 20:31:54.639] [info] ExternalForce::grf1 Data source being set to walk_grf
[2025-05-30 20:31:54.639] [info] ExternalForce::grf2 Data source being set to walk_grf
[2025-05-30 20:31:54.639] [info] ExternalForce::grf4 Data source being set to walk_grf
[2025-05-30 20:31:54.670] [info] ExternalForce::grf1 Data source being set to walk_grf
[2025-05-30 20:31:54.670] [info] ExternalForce::grf2 Data source being set to walk_grf
[2025-05-30 20:31:54.670] [info] ExternalForce::grf4 Data source being set to walk_grf
[2025-05-30 20:31:54.721] [info] ExternalForce::grf1 Data source being set to walk_grf
[2025-05-30 20:31:54.721] [info] ExternalForce::grf2 Data source being set to walk_grf
[2025-05-30 20:31:54.721] [info] ExternalForce::grf4 Data source being set to walk_grf
[2025-05-30 20:31:54.744] [info] ExternalForce::grf1 Data source being set to walk_grf
[2025-05-30 20:31:54.744] [info] ExternalForce::grf2 Data source being set to walk_grf
[2025-05-30 20:31:54.744] [info] ExternalForce::grf4 Data source being set to walk_grf
[2025-05-30 20:31:54.764] [info] ExternalForce::grf1 Data source being set to walk_grf
[2025-05-30 20:31:54.764] [info] ExternalForce::grf2 Data source being set to walk_grf
[2025-05-30 20:31:54.764] [info] ExternalForce::grf4 Data source being set to walk_grf
[2025-05-30 20:31:54.795] [info] ExternalForce::grf1 Data source being set to walk_grf
[2025-05-30 20:31:54.795] [info] ExternalForce::grf2 Data source being set to walk_grf
[2025-05-30 20:31:54.795] [info] ExternalForce::grf4 Data source being set to walk_grf
[2025-05-30 20:31:54.835] [info] ExternalForce::grf1 Data source being set to walk_grf
[2025-05-30 20:31:54.835] [info] ExternalForce::grf2 Data source being set to walk_grf
[2025-05-30 20:31:54.835] [info] ExternalForce::grf4 Data source being set to walk_grf
[2025-05-30 20:31:54.859] [info] ExternalForce::grf1 Data source being set to walk_grf
[2025-05-30 20:31:54.859] [info] ExternalForce::grf2 Data source being set to walk_grf
[2025-05-30 20:31:54.859] [info] ExternalForce::grf4 Data source being set to walk_grf
[2025-05-30 20:31:54.880] [info] ExternalForce::grf1 Data source being set to walk_grf
[2025-05-30 20:31:54.880] [info] ExternalForce::grf2 Data source being set to walk_grf
[2025-05-30 20:31:54.880] [info] ExternalForce::grf4 Data source being set to walk_grf
[2025-05-30 20:31:54.910] [info] ExternalForce::grf1 Data source being set to walk_grf
[2025-05-30 20:31:54.910] [info] ExternalForce::grf2 Data source being set to walk_grf
[2025-05-30 20:31:54.910] [info] ExternalForce::grf4 Data source being set to walk_grf
[2025-05-30 20:31:54.945] [info] ExternalForce::grf1 Data source being set to walk_grf
[2025-05-30 20:31:54.945] [info] ExternalForce::grf2 Data source being set to walk_grf
[2025-05-30 20:31:54.945] [info] ExternalForce::grf4 Data source being set to walk_grf
[2025-05-30 20:31:54.970] [info] ExternalForce::grf1 Data source being set to walk_grf
[2025-05-30 20:31:54.970] [info] ExternalForce::grf2 Data source being set to walk_grf
[2025-05-30 20:31:54.970] [info] ExternalForce::grf4 Data source being set to walk_grf
[2025-05-30 20:31:54.990] [info] ExternalForce::grf1 Data source being set to walk_grf
[2025-05-30 20:31:54.990] [info] ExternalForce::grf2 Data source being set to walk_grf
[2025-05-30 20:31:54.990] [info] ExternalForce::grf4 Data source being set to walk_grf
[2025-05-30 20:31:55.020] [info] ExternalForce::grf1 Data source being set to walk_grf
[2025-05-30 20:31:55.021] [info] ExternalForce::grf2 Data source being set to walk_grf
[2025-05-30 20:31:55.021] [info] ExternalForce::grf4 Data source being set to walk_grf
[2025-05-30 20:31:55.069] [info] ExternalForce::grf1 Data source being set to walk_grf
[2025-05-30 20:31:55.069] [info] ExternalForce::grf2 Data source being set to walk_grf
[2025-05-30 20:31:55.069] [info] ExternalForce::grf4 Data source being set to walk_grf
[2025-05-30 20:31:55.104] [info] ExternalForce::grf1 Data source being set to walk_grf
[2025-05-30 20:31:55.104] [info] ExternalForce::grf2 Data source being set to walk_grf
[2025-05-30 20:31:55.104] [info] ExternalForce::grf4 Data source being set to walk_grf
[2025-05-30 20:31:55.123] [info] ExternalForce::grf1 Data source being set to walk_grf
[2025-05-30 20:31:55.123] [info] ExternalForce::grf2 Data source being set to walk_grf
[2025-05-30 20:31:55.123] [info] ExternalForce::grf4 Data source being set to walk_grf
[2025-05-30 20:31:55.154] [info] ExternalForce::grf1 Data source being set to walk_grf
[2025-05-30 20:31:55.154] [info] ExternalForce::grf2 Data source being set to walk_grf
[2025-05-30 20:31:55.154] [info] ExternalForce::grf4 Data source being set to walk_grf
[2025-05-30 20:31:55.191] [info] ExternalForce::grf1 Data source being set to walk_grf
[2025-05-30 20:31:55.191] [info] ExternalForce::grf2 Data source being set to walk_grf
[2025-05-30 20:31:55.191] [info] ExternalForce::grf4 Data source being set to walk_grf
[2025-05-30 20:31:55.220] [info] ExternalForce::grf1 Data source being set to walk_grf
[2025-05-30 20:31:55.221] [info] ExternalForce::grf2 Data source being set to walk_grf
[2025-05-30 20:31:55.221] [info] ExternalForce::grf4 Data source being set to walk_grf
[2025-05-30 20:31:55.243] [info] ExternalForce::grf1 Data source being set to walk_grf
[2025-05-30 20:31:55.244] [info] ExternalForce::grf2 Data source being set to walk_grf
[2025-05-30 20:31:55.244] [info] ExternalForce::grf4 Data source being set to walk_grf
[2025-05-30 20:31:55.279] [info] ExternalForce::grf1 Data source being set to walk_grf
[2025-05-30 20:31:55.279] [info] ExternalForce::grf2 Data source being set to walk_grf
[2025-05-30 20:31:55.279] [info] ExternalForce::grf4 Data source being set to walk_grf
[2025-05-30 20:31:55.321] [info] ExternalForce::grf1 Data source being set to walk_grf
[2025-05-30 20:31:55.321] [info] ExternalForce::grf2 Data source being set to walk_grf
[2025-05-30 20:31:55.321] [info] ExternalForce::grf4 Data source being set to walk_grf
[2025-05-30 20:31:55.346] [info] ExternalForce::grf1 Data source being set to walk_grf
[2025-05-30 20:31:55.346] [info] ExternalForce::grf2 Data source being set to walk_grf
[2025-05-30 20:31:55.346] [info] ExternalForce::grf4 Data source being set to walk_grf
[2025-05-30 20:31:55.365] [info] ExternalForce::grf1 Data source being set to walk_grf
[2025-05-30 20:31:55.365] [info] ExternalForce::grf2 Data source being set to walk_grf
[2025-05-30 20:31:55.365] [info] ExternalForce::grf4 Data source being set to walk_grf
[2025-05-30 20:31:55.400] [info] ExternalForce::grf1 Data source being set to walk_grf
[2025-05-30 20:31:55.400] [info] ExternalForce::grf2 Data source being set to walk_grf
[2025-05-30 20:31:55.400] [info] ExternalForce::grf4 Data source being set to walk_grf
[2025-05-30 20:31:55.431] [info] ExternalForce::grf1 Data source being set to walk_grf
[2025-05-30 20:31:55.431] [info] ExternalForce::grf2 Data source being set to walk_grf
[2025-05-30 20:31:55.431] [info] ExternalForce::grf4 Data source being set to walk_grf
[2025-05-30 20:31:55.454] [info] ExternalForce::grf1 Data source being set to walk_grf
[2025-05-30 20:31:55.455] [info] ExternalForce::grf2 Data source being set to walk_grf
[2025-05-30 20:31:55.455] [info] ExternalForce::grf4 Data source being set to walk_grf
[2025-05-30 20:31:55.473] [info] ExternalForce::grf1 Data source being set to walk_grf
[2025-05-30 20:31:55.473] [info] ExternalForce::grf2 Data source being set to walk_grf
[2025-05-30 20:31:55.473] [info] ExternalForce::grf4 Data source being set to walk_grf
[2025-05-30 20:31:55.504] [info] ExternalForce::grf1 Data source being set to walk_grf
[2025-05-30 20:31:55.504] [info] ExternalForce::grf2 Data source being set to walk_grf
[2025-05-30 20:31:55.504] [info] ExternalForce::grf4 Data source being set to walk_grf
[2025-05-30 20:31:55.542] [info] ExternalForce::grf1 Data source being set to walk_grf
[2025-05-30 20:31:55.542] [info] ExternalForce::grf2 Data source being set to walk_grf
[2025-05-30 20:31:55.542] [info] ExternalForce::grf4 Data source being set to walk_grf
[2025-05-30 20:31:55.575] [info] ExternalForce::grf1 Data source being set to walk_grf
[2025-05-30 20:31:55.575] [info] ExternalForce::grf2 Data source being set to walk_grf
[2025-05-30 20:31:55.575] [info] ExternalForce::grf4 Data source being set to walk_grf
[2025-05-30 20:31:55.596] [info] ExternalForce::grf1 Data source being set to walk_grf
[2025-05-30 20:31:55.596] [info] ExternalForce::grf2 Data source being set to walk_grf
[2025-05-30 20:31:55.596] [info] ExternalForce::grf4 Data source being set to walk_grf
[2025-05-30 20:31:55.630] [info] ExternalForce::grf1 Data source being set to walk_grf
[2025-05-30 20:31:55.630] [info] ExternalForce::grf2 Data source being set to walk_grf
[2025-05-30 20:31:55.630] [info] ExternalForce::grf4 Data source being set to walk_grf
[2025-05-30 20:33:24.938] [info] Loaded model SUBJ01_3d from file SUBJ01_exp-tracking_3d.osim
[2025-05-30 20:33:24.968] [info] ExternalForce::grf1 Data source being set to walk_grf
[2025-05-30 20:33:24.968] [info] ExternalForce::grf2 Data source being set to walk_grf
[2025-05-30 20:33:24.968] [info] ExternalForce::grf4 Data source being set to walk_grf
[2025-05-30 20:33:24.993] [info] ExternalForce::grf1 Data source being set to walk_grf
[2025-05-30 20:33:24.993] [info] ExternalForce::grf2 Data source being set to walk_grf
[2025-05-30 20:33:24.993] [info] ExternalForce::grf4 Data source being set to walk_grf
[2025-05-30 20:33:25.021] [info] ExternalForce::grf1 Data source being set to walk_grf
[2025-05-30 20:33:25.021] [info] ExternalForce::grf2 Data source being set to walk_grf
[2025-05-30 20:33:25.021] [info] ExternalForce::grf4 Data source being set to walk_grf
[2025-05-30 20:33:25.037] [info] ExternalForce::grf1 Data source being set to walk_grf
[2025-05-30 20:33:25.037] [info] ExternalForce::grf2 Data source being set to walk_grf
[2025-05-30 20:33:25.037] [info] ExternalForce::grf4 Data source being set to walk_grf
[2025-05-30 20:33:25.054] [info] ExternalForce::grf1 Data source being set to walk_grf
[2025-05-30 20:33:25.054] [info] ExternalForce::grf2 Data source being set to walk_grf
[2025-05-30 20:33:25.054] [info] ExternalForce::grf4 Data source being set to walk_grf
[2025-05-30 20:33:25.069] [info] ExternalForce::grf1 Data source being set to walk_grf
[2025-05-30 20:33:25.069] [info] ExternalForce::grf2 Data source being set to walk_grf
[2025-05-30 20:33:25.069] [info] ExternalForce::grf4 Data source being set to walk_grf
[2025-05-30 20:33:25.085] [info] ExternalForce::grf1 Data source being set to walk_grf
[2025-05-30 20:33:25.085] [info] ExternalForce::grf2 Data source being set to walk_grf
[2025-05-30 20:33:25.085] [info] ExternalForce::grf4 Data source being set to walk_grf
[2025-05-30 20:33:25.100] [info] ExternalForce::grf1 Data source being set to walk_grf
[2025-05-30 20:33:25.100] [info] ExternalForce::grf2 Data source being set to walk_grf
[2025-05-30 20:33:25.100] [info] ExternalForce::grf4 Data source being set to walk_grf
[2025-05-30 20:33:25.116] [info] ExternalForce::grf1 Data source being set to walk_grf
[2025-05-30 20:33:25.116] [info] ExternalForce::grf2 Data source being set to walk_grf
[2025-05-30 20:33:25.116] [info] ExternalForce::grf4 Data source being set to walk_grf
[2025-05-30 20:33:30.922] [info] ExternalForce::grf1 Data source being set to walk_grf
[2025-05-30 20:33:30.922] [info] ExternalForce::grf2 Data source being set to walk_grf
[2025-05-30 20:33:30.922] [info] ExternalForce::grf4 Data source being set to walk_grf
[2025-05-30 20:34:16.531] [info] Loaded model SUBJ01_3d from file SUBJ01_exp-tracking_3d.osim
[2025-05-30 20:34:17.254] [info] ExternalForce::grf1 Data source being set to walk_grf
[2025-05-30 20:34:17.254] [info] ExternalForce::grf2 Data source being set to walk_grf
[2025-05-30 20:34:17.254] [info] ExternalForce::grf4 Data source being set to walk_grf
[2025-05-30 20:34:17.296] [info] ExternalForce::grf1 Data source being set to walk_grf
[2025-05-30 20:34:17.296] [info] ExternalForce::grf2 Data source being set to walk_grf
[2025-05-30 20:34:17.296] [info] ExternalForce::grf4 Data source being set to walk_grf
[2025-05-30 20:34:17.335] [info] ExternalForce::grf1 Data source being set to walk_grf
[2025-05-30 20:34:17.335] [info] ExternalForce::grf2 Data source being set to walk_grf
[2025-05-30 20:34:17.335] [info] ExternalForce::grf4 Data source being set to walk_grf
[2025-05-30 20:34:17.389] [info] ExternalForce::grf1 Data source being set to walk_grf
[2025-05-30 20:34:17.389] [info] ExternalForce::grf2 Data source being set to walk_grf
[2025-05-30 20:34:17.389] [info] ExternalForce::grf4 Data source being set to walk_grf
[2025-05-30 20:34:17.430] [info] ExternalForce::grf1 Data source being set to walk_grf
[2025-05-30 20:34:17.431] [info] ExternalForce::grf2 Data source being set to walk_grf
[2025-05-30 20:34:17.431] [info] ExternalForce::grf4 Data source being set to walk_grf
[2025-05-30 20:34:17.479] [info] ExternalForce::grf1 Data source being set to walk_grf
[2025-05-30 20:34:17.479] [info] ExternalForce::grf2 Data source being set to walk_grf
[2025-05-30 20:34:17.479] [info] ExternalForce::grf4 Data source being set to walk_grf
[2025-05-30 20:34:17.549] [info] ExternalForce::grf1 Data source being set to walk_grf
[2025-05-30 20:34:17.549] [info] ExternalForce::grf2 Data source being set to walk_grf
[2025-05-30 20:34:17.549] [info] ExternalForce::grf4 Data source being set to walk_grf
[2025-05-30 20:34:17.605] [info] ExternalForce::grf1 Data source being set to walk_grf
[2025-05-30 20:34:17.605] [info] ExternalForce::grf2 Data source being set to walk_grf
[2025-05-30 20:34:17.605] [info] ExternalForce::grf4 Data source being set to walk_grf
[2025-05-30 20:34:17.668] [info] ExternalForce::grf1 Data source being set to walk_grf
[2025-05-30 20:34:17.668] [info] ExternalForce::grf2 Data source being set to walk_grf
[2025-05-30 20:34:17.668] [info] ExternalForce::grf4 Data source being set to walk_grf
[2025-05-30 20:34:17.767] [info] ExternalForce::grf1 Data source being set to walk_grf
[2025-05-30 20:34:17.767] [info] ExternalForce::grf2 Data source being set to walk_grf
[2025-05-30 20:34:17.767] [info] ExternalForce::grf4 Data source being set to walk_grf
[2025-05-30 20:36:13.039] [info] ExternalForce::grf1 Data source being set to walk_grf
[2025-05-30 20:36:13.039] [info] ExternalForce::grf2 Data source being set to walk_grf
[2025-05-30 20:36:13.039] [info] ExternalForce::grf4 Data source being set to walk_grf
[2025-05-30 20:36:13.063] [info] ExternalForce::grf1 Data source being set to walk_grf
[2025-05-30 20:36:13.063] [info] ExternalForce::grf2 Data source being set to walk_grf
[2025-05-30 20:36:13.063] [info] ExternalForce::grf4 Data source being set to walk_grf
[2025-05-30 20:36:13.080] [info] ExternalForce::grf1 Data source being set to walk_grf
[2025-05-30 20:36:13.080] [info] ExternalForce::grf2 Data source being set to walk_grf
[2025-05-30 20:36:13.080] [info] ExternalForce::grf4 Data source being set to walk_grf
[2025-05-30 20:36:13.108] [info] ExternalForce::grf1 Data source being set to walk_grf
[2025-05-30 20:36:13.108] [info] ExternalForce::grf2 Data source being set to walk_grf
[2025-05-30 20:36:13.108] [info] ExternalForce::grf4 Data source being set to walk_grf
[2025-05-30 20:36:13.138] [info] ExternalForce::grf1 Data source being set to walk_grf
[2025-05-30 20:36:13.138] [info] ExternalForce::grf2 Data source being set to walk_grf
[2025-05-30 20:36:13.138] [info] ExternalForce::grf4 Data source being set to walk_grf
[2025-05-30 20:36:13.159] [info] ExternalForce::grf1 Data source being set to walk_grf
[2025-05-30 20:36:13.159] [info] ExternalForce::grf2 Data source being set to walk_grf
[2025-05-30 20:36:13.159] [info] ExternalForce::grf4 Data source being set to walk_grf
[2025-05-30 20:36:13.176] [info] ExternalForce::grf1 Data source being set to walk_grf
[2025-05-30 20:36:13.176] [info] ExternalForce::grf2 Data source being set to walk_grf
[2025-05-30 20:36:13.176] [info] ExternalForce::grf4 Data source being set to walk_grf
[2025-05-30 20:36:13.204] [info] ExternalForce::grf1 Data source being set to walk_grf
[2025-05-30 20:36:13.204] [info] ExternalForce::grf2 Data source being set to walk_grf
[2025-05-30 20:36:13.204] [info] ExternalForce::grf4 Data source being set to walk_grf
[2025-05-30 20:36:15.642] [info] ExternalForce::grf1 Data source being set to walk_grf
[2025-05-30 20:36:15.642] [info] ExternalForce::grf2 Data source being set to walk_grf
[2025-05-30 20:36:15.642] [info] ExternalForce::grf4 Data source being set to walk_grf
[2025-05-30 20:36:15.664] [info] ExternalForce::grf1 Data source being set to walk_grf
[2025-05-30 20:36:15.664] [info] ExternalForce::grf2 Data source being set to walk_grf
[2025-05-30 20:36:15.664] [info] ExternalForce::grf4 Data source being set to walk_grf
[2025-05-30 20:36:15.681] [info] ExternalForce::grf1 Data source being set to walk_grf
[2025-05-30 20:36:15.682] [info] ExternalForce::grf2 Data source being set to walk_grf
[2025-05-30 20:36:15.682] [info] ExternalForce::grf4 Data source being set to walk_grf
[2025-05-30 20:36:15.707] [info] ExternalForce::grf1 Data source being set to walk_grf
[2025-05-30 20:36:15.707] [info] ExternalForce::grf2 Data source being set to walk_grf
[2025-05-30 20:36:15.707] [info] ExternalForce::grf4 Data source being set to walk_grf
[2025-05-30 20:36:15.736] [info] ExternalForce::grf1 Data source being set to walk_grf
[2025-05-30 20:36:15.736] [info] ExternalForce::grf2 Data source being set to walk_grf
[2025-05-30 20:36:15.736] [info] ExternalForce::grf4 Data source being set to walk_grf
[2025-05-30 20:36:15.759] [info] ExternalForce::grf1 Data source being set to walk_grf
[2025-05-30 20:36:15.759] [info] ExternalForce::grf2 Data source being set to walk_grf
[2025-05-30 20:36:15.759] [info] ExternalForce::grf4 Data source being set to walk_grf
[2025-05-30 20:36:15.777] [info] ExternalForce::grf1 Data source being set to walk_grf
[2025-05-30 20:36:15.777] [info] ExternalForce::grf2 Data source being set to walk_grf
[2025-05-30 20:36:15.777] [info] ExternalForce::grf4 Data source being set to walk_grf
[2025-05-30 20:36:15.805] [info] ExternalForce::grf1 Data source being set to walk_grf
[2025-05-30 20:36:15.805] [info] ExternalForce::grf2 Data source being set to walk_grf
[2025-05-30 20:36:15.805] [info] ExternalForce::grf4 Data source being set to walk_grf
[2025-05-30 20:36:15.836] [info] ExternalForce::grf1 Data source being set to walk_grf
[2025-05-30 20:36:15.836] [info] ExternalForce::grf2 Data source being set to walk_grf
[2025-05-30 20:36:15.836] [info] ExternalForce::grf4 Data source being set to walk_grf
[2025-05-30 20:36:15.860] [info] ExternalForce::grf1 Data source being set to walk_grf
[2025-05-30 20:36:15.860] [info] ExternalForce::grf2 Data source being set to walk_grf
[2025-05-30 20:36:15.860] [info] ExternalForce::grf4 Data source being set to walk_grf
[2025-05-30 20:36:15.878] [info] ExternalForce::grf1 Data source being set to walk_grf
[2025-05-30 20:36:15.878] [info] ExternalForce::grf2 Data source being set to walk_grf
[2025-05-30 20:36:15.878] [info] ExternalForce::grf4 Data source being set to walk_grf
[2025-05-30 20:36:15.912] [info] ExternalForce::grf1 Data source being set to walk_grf
[2025-05-30 20:36:15.912] [info] ExternalForce::grf2 Data source being set to walk_grf
[2025-05-30 20:36:15.912] [info] ExternalForce::grf4 Data source being set to walk_grf
[2025-05-30 20:36:15.949] [info] ExternalForce::grf1 Data source being set to walk_grf
[2025-05-30 20:36:15.949] [info] ExternalForce::grf2 Data source being set to walk_grf
[2025-05-30 20:36:15.949] [info] ExternalForce::grf4 Data source being set to walk_grf
[2025-05-30 20:36:15.974] [info] ExternalForce::grf1 Data source being set to walk_grf
[2025-05-30 20:36:15.974] [info] ExternalForce::grf2 Data source being set to walk_grf
[2025-05-30 20:36:15.974] [info] ExternalForce::grf4 Data source being set to walk_grf
[2025-05-30 20:36:15.994] [info] ExternalForce::grf1 Data source being set to walk_grf
[2025-05-30 20:36:15.994] [info] ExternalForce::grf2 Data source being set to walk_grf
[2025-05-30 20:36:15.994] [info] ExternalForce::grf4 Data source being set to walk_grf
[2025-05-30 20:36:16.025] [info] ExternalForce::grf1 Data source being set to walk_grf
[2025-05-30 20:36:16.025] [info] ExternalForce::grf2 Data source being set to walk_grf
[2025-05-30 20:36:16.025] [info] ExternalForce::grf4 Data source being set to walk_grf
[2025-05-30 20:36:16.065] [info] ExternalForce::grf1 Data source being set to walk_grf
[2025-05-30 20:36:16.065] [info] ExternalForce::grf2 Data source being set to walk_grf
[2025-05-30 20:36:16.065] [info] ExternalForce::grf4 Data source being set to walk_grf
[2025-05-30 20:36:16.090] [info] ExternalForce::grf1 Data source being set to walk_grf
[2025-05-30 20:36:16.090] [info] ExternalForce::grf2 Data source being set to walk_grf
[2025-05-30 20:36:16.090] [info] ExternalForce::grf4 Data source being set to walk_grf
[2025-05-30 20:36:16.108] [info] ExternalForce::grf1 Data source being set to walk_grf
[2025-05-30 20:36:16.108] [info] ExternalForce::grf2 Data source being set to walk_grf
[2025-05-30 20:36:16.108] [info] ExternalForce::grf4 Data source being set to walk_grf
[2025-05-30 20:36:16.140] [info] ExternalForce::grf1 Data source being set to walk_grf
[2025-05-30 20:36:16.140] [info] ExternalForce::grf2 Data source being set to walk_grf
[2025-05-30 20:36:16.140] [info] ExternalForce::grf4 Data source being set to walk_grf
[2025-05-30 20:36:16.172] [info] ExternalForce::grf1 Data source being set to walk_grf
[2025-05-30 20:36:16.172] [info] ExternalForce::grf2 Data source being set to walk_grf
[2025-05-30 20:36:16.172] [info] ExternalForce::grf4 Data source being set to walk_grf
[2025-05-30 20:36:16.196] [info] ExternalForce::grf1 Data source being set to walk_grf
[2025-05-30 20:36:16.196] [info] ExternalForce::grf2 Data source being set to walk_grf
[2025-05-30 20:36:16.196] [info] ExternalForce::grf4 Data source being set to walk_grf
[2025-05-30 20:36:16.215] [info] ExternalForce::grf1 Data source being set to walk_grf
[2025-05-30 20:36:16.215] [info] ExternalForce::grf2 Data source being set to walk_grf
[2025-05-30 20:36:16.215] [info] ExternalForce::grf4 Data source being set to walk_grf
[2025-05-30 20:36:16.247] [info] ExternalForce::grf1 Data source being set to walk_grf
[2025-05-30 20:36:16.247] [info] ExternalForce::grf2 Data source being set to walk_grf
[2025-05-30 20:36:16.247] [info] ExternalForce::grf4 Data source being set to walk_grf
[2025-05-30 20:36:16.299] [info] ExternalForce::grf1 Data source being set to walk_grf
[2025-05-30 20:36:16.299] [info] ExternalForce::grf2 Data source being set to walk_grf
[2025-05-30 20:36:16.299] [info] ExternalForce::grf4 Data source being set to walk_grf
[2025-05-30 20:36:16.325] [info] ExternalForce::grf1 Data source being set to walk_grf
[2025-05-30 20:36:16.325] [info] ExternalForce::grf2 Data source being set to walk_grf
[2025-05-30 20:36:16.325] [info] ExternalForce::grf4 Data source being set to walk_grf
[2025-05-30 20:36:16.345] [info] ExternalForce::grf1 Data source being set to walk_grf
[2025-05-30 20:36:16.345] [info] ExternalForce::grf2 Data source being set to walk_grf
[2025-05-30 20:36:16.345] [info] ExternalForce::grf4 Data source being set to walk_grf
[2025-05-30 20:36:16.375] [info] ExternalForce::grf1 Data source being set to walk_grf
[2025-05-30 20:36:16.375] [info] ExternalForce::grf2 Data source being set to walk_grf
[2025-05-30 20:36:16.375] [info] ExternalForce::grf4 Data source being set to walk_grf
[2025-05-30 20:36:16.414] [info] ExternalForce::grf1 Data source being set to walk_grf
[2025-05-30 20:36:16.414] [info] ExternalForce::grf2 Data source being set to walk_grf
[2025-05-30 20:36:16.414] [info] ExternalForce::grf4 Data source being set to walk_grf
[2025-05-30 20:36:16.444] [info] ExternalForce::grf1 Data source being set to walk_grf
[2025-05-30 20:36:16.444] [info] ExternalForce::grf2 Data source being set to walk_grf
[2025-05-30 20:36:16.444] [info] ExternalForce::grf4 Data source being set to walk_grf
[2025-05-30 20:36:16.462] [info] ExternalForce::grf1 Data source being set to walk_grf
[2025-05-30 20:36:16.462] [info] ExternalForce::grf2 Data source being set to walk_grf
[2025-05-30 20:36:16.462] [info] ExternalForce::grf4 Data source being set to walk_grf
[2025-05-30 20:36:16.492] [info] ExternalForce::grf1 Data source being set to walk_grf
[2025-05-30 20:36:16.492] [info] ExternalForce::grf2 Data source being set to walk_grf
[2025-05-30 20:36:16.492] [info] ExternalForce::grf4 Data source being set to walk_grf
[2025-05-30 20:36:28.458] [info] ExternalForce::grf1 Data source being set to walk_grf
[2025-05-30 20:36:28.458] [info] ExternalForce::grf2 Data source being set to walk_grf
[2025-05-30 20:36:28.458] [info] ExternalForce::grf4 Data source being set to walk_grf
[2025-05-30 20:36:28.487] [info] ExternalForce::grf1 Data source being set to walk_grf
[2025-05-30 20:36:28.487] [info] ExternalForce::grf2 Data source being set to walk_grf
[2025-05-30 20:36:28.487] [info] ExternalForce::grf4 Data source being set to walk_grf
[2025-05-30 20:36:28.510] [info] ExternalForce::grf1 Data source being set to walk_grf
[2025-05-30 20:36:28.510] [info] ExternalForce::grf2 Data source being set to walk_grf
[2025-05-30 20:36:28.510] [info] ExternalForce::grf4 Data source being set to walk_grf
[2025-05-30 20:36:28.545] [info] ExternalForce::grf1 Data source being set to walk_grf
[2025-05-30 20:36:28.545] [info] ExternalForce::grf2 Data source being set to walk_grf
[2025-05-30 20:36:28.545] [info] ExternalForce::grf4 Data source being set to walk_grf
[2025-05-30 20:36:28.589] [info] ExternalForce::grf1 Data source being set to walk_grf
[2025-05-30 20:36:28.589] [info] ExternalForce::grf2 Data source being set to walk_grf
[2025-05-30 20:36:28.590] [info] ExternalForce::grf4 Data source being set to walk_grf
[2025-05-30 20:36:28.620] [info] ExternalForce::grf1 Data source being set to walk_grf
[2025-05-30 20:36:28.620] [info] ExternalForce::grf2 Data source being set to walk_grf
[2025-05-30 20:36:28.620] [info] ExternalForce::grf4 Data source being set to walk_grf
[2025-05-30 20:36:28.644] [info] ExternalForce::grf1 Data source being set to walk_grf
[2025-05-30 20:36:28.644] [info] ExternalForce::grf2 Data source being set to walk_grf
[2025-05-30 20:36:28.644] [info] ExternalForce::grf4 Data source being set to walk_grf
[2025-05-30 20:36:28.682] [info] ExternalForce::grf1 Data source being set to walk_grf
[2025-05-30 20:36:28.682] [info] ExternalForce::grf2 Data source being set to walk_grf
[2025-05-30 20:36:28.682] [info] ExternalForce::grf4 Data source being set to walk_grf
[2025-05-30 20:36:31.213] [info] ExternalForce::grf1 Data source being set to walk_grf
[2025-05-30 20:36:31.213] [info] ExternalForce::grf2 Data source being set to walk_grf
[2025-05-30 20:36:31.213] [info] ExternalForce::grf4 Data source being set to walk_grf
[2025-05-30 20:36:31.245] [info] ExternalForce::grf1 Data source being set to walk_grf
[2025-05-30 20:36:31.245] [info] ExternalForce::grf2 Data source being set to walk_grf
[2025-05-30 20:36:31.245] [info] ExternalForce::grf4 Data source being set to walk_grf
[2025-05-30 20:36:31.272] [info] ExternalForce::grf1 Data source being set to walk_grf
[2025-05-30 20:36:31.272] [info] ExternalForce::grf2 Data source being set to walk_grf
[2025-05-30 20:36:31.272] [info] ExternalForce::grf4 Data source being set to walk_grf
[2025-05-30 20:36:31.313] [info] ExternalForce::grf1 Data source being set to walk_grf
[2025-05-30 20:36:31.313] [info] ExternalForce::grf2 Data source being set to walk_grf
[2025-05-30 20:36:31.313] [info] ExternalForce::grf4 Data source being set to walk_grf
[2025-05-30 20:36:31.359] [info] ExternalForce::grf1 Data source being set to walk_grf
[2025-05-30 20:36:31.359] [info] ExternalForce::grf2 Data source being set to walk_grf
[2025-05-30 20:36:31.359] [info] ExternalForce::grf4 Data source being set to walk_grf
[2025-05-30 20:36:31.391] [info] ExternalForce::grf1 Data source being set to walk_grf
[2025-05-30 20:36:31.391] [info] ExternalForce::grf2 Data source being set to walk_grf
[2025-05-30 20:36:31.391] [info] ExternalForce::grf4 Data source being set to walk_grf
[2025-05-30 20:36:31.423] [info] ExternalForce::grf1 Data source being set to walk_grf
[2025-05-30 20:36:31.423] [info] ExternalForce::grf2 Data source being set to walk_grf
[2025-05-30 20:36:31.423] [info] ExternalForce::grf4 Data source being set to walk_grf
[2025-05-30 20:36:31.549] [info] ExternalForce::grf1 Data source being set to walk_grf
[2025-05-30 20:36:31.549] [info] ExternalForce::grf2 Data source being set to walk_grf
[2025-05-30 20:36:31.549] [info] ExternalForce::grf4 Data source being set to walk_grf
[2025-05-30 20:36:31.671] [info] ========================================================================
[2025-05-30 20:36:31.672] [info] MocoCasADiSolver starting.
[2025-05-30 20:36:31.672] [info] Fri May 30 20:36:31 2025
[2025-05-30 20:36:31.672] [info] ------------------------------------------------------------------------
[2025-05-30 20:36:31.672] [cout] [info] Costs: (total: 2)
[2025-05-30 20:36:31.672] [cout] [info]   marker_tracking. MocoMarkerTrackingGoal, enabled: true, mode: cost, weight: 10.0
[2025-05-30 20:36:31.672] [cout] [info]         allow unused references: 
[2025-05-30 20:36:31.672] [cout] [info]         tracked marker(s):
[2025-05-30 20:36:31.672] [cout] [info]             LFHD, weight: 1.0
[2025-05-30 20:36:31.672] [cout] [info]             RFHD, weight: 1.0
[2025-05-30 20:36:31.672] [cout] [info]             LBHD, weight: 1.0
[2025-05-30 20:36:31.672] [cout] [info]             RBHD, weight: 1.0
[2025-05-30 20:36:31.672] [cout] [info]             C7, weight: 1.0
[2025-05-30 20:36:31.672] [cout] [info]             T10, weight: 1.0
[2025-05-30 20:36:31.672] [cout] [info]             CLAV, weight: 1.0
[2025-05-30 20:36:31.672] [cout] [info]             STRN, weight: 1.0
[2025-05-30 20:36:31.672] [cout] [info]             LSHO, weight: 1.0
[2025-05-30 20:36:31.672] [cout] [info]             LELB, weight: 1.0
[2025-05-30 20:36:31.672] [cout] [info]             LWRA, weight: 1.0
[2025-05-30 20:36:31.672] [cout] [info]             LWRB, weight: 1.0
[2025-05-30 20:36:31.672] [cout] [info]             LFIN, weight: 1.0
[2025-05-30 20:36:31.672] [cout] [info]             RSHO, weight: 1.0
[2025-05-30 20:36:31.672] [cout] [info]             RELB, weight: 1.0
[2025-05-30 20:36:31.672] [cout] [info]             RWRA, weight: 1.0
[2025-05-30 20:36:31.672] [cout] [info]             RWRB, weight: 1.0
[2025-05-30 20:36:31.672] [cout] [info]             RFIN, weight: 1.0
[2025-05-30 20:36:31.672] [cout] [info]             LASI, weight: 1.0
[2025-05-30 20:36:31.673] [cout] [info]             RASI, weight: 1.0
[2025-05-30 20:36:31.673] [cout] [info]             SACR, weight: 1.0
[2025-05-30 20:36:31.673] [cout] [info]             LTHI, weight: 1.0
[2025-05-30 20:36:31.673] [cout] [info]             LKNE, weight: 1.0
[2025-05-30 20:36:31.673] [cout] [info]             LTIB, weight: 1.0
[2025-05-30 20:36:31.673] [cout] [info]             LANK, weight: 1.0
[2025-05-30 20:36:31.673] [cout] [info]             LHEE, weight: 1.0
[2025-05-30 20:36:31.673] [cout] [info]             LTOE, weight: 1.0
[2025-05-30 20:36:31.673] [cout] [info]             RTHI, weight: 1.0
[2025-05-30 20:36:31.673] [cout] [info]             RKNE, weight: 1.0
[2025-05-30 20:36:31.673] [cout] [info]             RTIB, weight: 1.0
[2025-05-30 20:36:31.673] [cout] [info]             RANK, weight: 1.0
[2025-05-30 20:36:31.673] [cout] [info]             RHEE, weight: 1.0
[2025-05-30 20:36:31.673] [cout] [info]             RTOE, weight: 1.0
[2025-05-30 20:36:31.673] [cout] [info]   control_effort. MocoControlGoal, enabled: true, mode: cost, weight: 0.00100000
[2025-05-30 20:36:31.673] [cout] [info]         control: /forceset/pelvis_tx_residual, weight: 1.0
[2025-05-30 20:36:31.673] [cout] [info]         control: /forceset/pelvis_ty_residual, weight: 1.0
[2025-05-30 20:36:31.673] [cout] [info]         control: /forceset/pelvis_tz_residual, weight: 1.0
[2025-05-30 20:36:31.673] [cout] [info]         control: /forceset/pelvis_tilt_residual, weight: 1.0
[2025-05-30 20:36:31.673] [cout] [info]         control: /forceset/pelvis_list_residual, weight: 1.0
[2025-05-30 20:36:31.673] [cout] [info]         control: /forceset/pelvis_rotation_residual, weight: 1.0
[2025-05-30 20:36:31.673] [cout] [info]         control: /forceset/hip_flexion_r_torque, weight: 1.0
[2025-05-30 20:36:31.673] [cout] [info]         control: /forceset/hip_adduction_r_torque, weight: 1.0
[2025-05-30 20:36:31.673] [cout] [info]         control: /forceset/hip_rotation_r_torque, weight: 1.0
[2025-05-30 20:36:31.673] [cout] [info]         control: /forceset/knee_angle_r_torque, weight: 1.0
[2025-05-30 20:36:31.673] [cout] [info]         control: /forceset/ankle_angle_r_torque, weight: 1.0
[2025-05-30 20:36:31.673] [cout] [info]         control: /forceset/hip_flexion_l_torque, weight: 1.0
[2025-05-30 20:36:31.673] [cout] [info]         control: /forceset/hip_adduction_l_torque, weight: 1.0
[2025-05-30 20:36:31.673] [cout] [info]         control: /forceset/hip_rotation_l_torque, weight: 1.0
[2025-05-30 20:36:31.673] [cout] [info]         control: /forceset/knee_angle_l_torque, weight: 1.0
[2025-05-30 20:36:31.673] [cout] [info]         control: /forceset/ankle_angle_l_torque, weight: 1.0
[2025-05-30 20:36:31.673] [cout] [info]         control: /forceset/lumbar_ext_torque, weight: 1.0
[2025-05-30 20:36:31.673] [cout] [info]         control: /forceset/lumbar_bend_torque, weight: 1.0
[2025-05-30 20:36:31.673] [cout] [info]         control: /forceset/lumbar_rota_torque, weight: 1.0
[2025-05-30 20:36:31.674] [cout] [info] Endpoint constraints: none
[2025-05-30 20:36:31.674] [cout] [info] Kinematic constraints: (total: 2)
[2025-05-30 20:36:31.716] [cout] [info]   kinematic_constraint_cid21. MocoConstraintInfo. number of scalar equations: 3. bounds: 0, 0, 0
[2025-05-30 20:36:31.716] [cout] [info]   kinematic_constraint_cid22. MocoConstraintInfo. number of scalar equations: 3. bounds: 0, 0, 0
[2025-05-30 20:36:31.716] [cout] [info] Path constraints: none
[2025-05-30 20:36:31.716] [cout] [info] States: (total: 42)
[2025-05-30 20:36:31.716] [cout] [info]   /jointset/ground_pelvis/pelvis_tilt/value. bounds: [-1.5708, 1.5708]
[2025-05-30 20:36:31.716] [cout] [info]   /jointset/ground_pelvis/pelvis_list/value. bounds: [-1.5708, 1.5708]
[2025-05-30 20:36:31.716] [cout] [info]   /jointset/ground_pelvis/pelvis_rotation/value. bounds: [-1.5708, 1.5708]
[2025-05-30 20:36:31.716] [cout] [info]   /jointset/ground_pelvis/pelvis_tx/value. bounds: [-5, 5]
[2025-05-30 20:36:31.716] [cout] [info]   /jointset/knee_r/knee_angle_r/speed. bounds: [-50, 50]
[2025-05-30 20:36:31.716] [cout] [info]   /jointset/ankle_l/ankle_angle_l/value. bounds: [-0.698132, 0.523599]
[2025-05-30 20:36:31.716] [cout] [info]   /jointset/ground_pelvis/pelvis_ty/value. bounds: [-3, 3]
[2025-05-30 20:36:31.716] [cout] [info]   /jointset/hip_l/hip_rotation_l/value. bounds: [-0.698132, 0.698132]
[2025-05-30 20:36:31.716] [cout] [info]   /jointset/ground_pelvis/pelvis_tz/value. bounds: [-3, 3]
[2025-05-30 20:36:31.716] [cout] [info]   /jointset/knee_l/knee_angle_l/speed. bounds: [-50, 50]
[2025-05-30 20:36:31.716] [cout] [info]   /jointset/hip_l/hip_flexion_l/value. bounds: [-0.523599, 2.0944]
[2025-05-30 20:36:31.716] [cout] [info]   /jointset/hip_l/hip_adduction_l/value. bounds: [-0.872665, 0.523599]
[2025-05-30 20:36:31.716] [cout] [info]   /jointset/hip_r/hip_adduction_r/speed. bounds: [-50, 50]
[2025-05-30 20:36:31.716] [cout] [info]   /jointset/ankle_r/ankle_angle_r/value. bounds: [-0.698132, 0.523599]
[2025-05-30 20:36:31.716] [cout] [info]   /jointset/hip_r/hip_flexion_r/value. bounds: [-0.523599, 2.0944]
[2025-05-30 20:36:31.716] [cout] [info]   /jointset/lumbar/lumbar_ext/speed. bounds: [-50, 50]
[2025-05-30 20:36:31.716] [cout] [info]   /jointset/hip_r/hip_adduction_r/value. bounds: [-0.872665, 0.523599]
[2025-05-30 20:36:31.716] [cout] [info]   /jointset/lumbar/lumbar_rota/value. bounds: [-1.5708, 1.5708]
[2025-05-30 20:36:31.716] [cout] [info]   /jointset/hip_r/hip_rotation_r/value. bounds: [-0.698132, 0.698132]
[2025-05-30 20:36:31.717] [cout] [info]   /jointset/knee_l/knee_angle_l/value. bounds: [-2.0944, 0]
[2025-05-30 20:36:31.717] [cout] [info]   /jointset/knee_r/knee_angle_r/value. bounds: [-2.0944, 0]
[2025-05-30 20:36:31.717] [cout] [info]   /jointset/lumbar/lumbar_ext/value. bounds: [-1.5708, 1.5708]
[2025-05-30 20:36:31.717] [cout] [info]   /jointset/lumbar/lumbar_bend/value. bounds: [-1.5708, 1.5708]
[2025-05-30 20:36:31.717] [cout] [info]   /jointset/ground_pelvis/pelvis_tilt/speed. bounds: [-50, 50]
[2025-05-30 20:36:31.717] [cout] [info]   /jointset/ground_pelvis/pelvis_list/speed. bounds: [-50, 50]
[2025-05-30 20:36:31.717] [cout] [info]   /jointset/ground_pelvis/pelvis_rotation/speed. bounds: [-50, 50]
[2025-05-30 20:36:31.717] [cout] [info]   /jointset/ground_pelvis/pelvis_tx/speed. bounds: [-50, 50]
[2025-05-30 20:36:31.717] [cout] [info]   /jointset/ankle_l/ankle_angle_l/speed. bounds: [-50, 50]
[2025-05-30 20:36:31.717] [cout] [info]   /jointset/ground_pelvis/pelvis_ty/speed. bounds: [-50, 50]
[2025-05-30 20:36:31.717] [cout] [info]   /jointset/hip_l/hip_rotation_l/speed. bounds: [-50, 50]
[2025-05-30 20:36:31.717] [cout] [info]   /jointset/ground_pelvis/pelvis_tz/speed. bounds: [-50, 50]
[2025-05-30 20:36:31.717] [cout] [info]   /jointset/hip_l/hip_flexion_l/speed. bounds: [-50, 50]
[2025-05-30 20:36:31.717] [cout] [info]   /jointset/hip_l/hip_adduction_l/speed. bounds: [-50, 50]
[2025-05-30 20:36:31.717] [cout] [info]   /jointset/ankle_r/ankle_angle_r/speed. bounds: [-50, 50]
[2025-05-30 20:36:31.717] [cout] [info]   /jointset/hip_r/hip_flexion_r/speed. bounds: [-50, 50]
[2025-05-30 20:36:31.717] [cout] [info]   /jointset/lumbar/lumbar_rota/speed. bounds: [-50, 50]
[2025-05-30 20:36:31.717] [cout] [info]   /jointset/hip_r/hip_rotation_r/speed. bounds: [-50, 50]
[2025-05-30 20:36:31.717] [cout] [info]   /jointset/patellofemoral_l/knee_angle_l_beta/value. bounds: [-10, 10]
[2025-05-30 20:36:31.717] [cout] [info]   /jointset/patellofemoral_l/knee_angle_l_beta/speed. bounds: [-50, 50]
[2025-05-30 20:36:31.717] [cout] [info]   /jointset/patellofemoral_r/knee_angle_r_beta/value. bounds: [-10, 10]
[2025-05-30 20:36:31.717] [cout] [info]   /jointset/patellofemoral_r/knee_angle_r_beta/speed. bounds: [-50, 50]
[2025-05-30 20:36:31.717] [cout] [info]   /jointset/lumbar/lumbar_bend/speed. bounds: [-50, 50]
[2025-05-30 20:36:31.717] [cout] [info] Controls: (total: 19)
[2025-05-30 20:36:31.717] [cout] [info]   /forceset/pelvis_tx_residual. bounds: [-inf, inf]
[2025-05-30 20:36:31.717] [cout] [info]   /forceset/ankle_angle_r_torque. bounds: [-inf, inf]
[2025-05-30 20:36:31.717] [cout] [info]   /forceset/pelvis_ty_residual. bounds: [-inf, inf]
[2025-05-30 20:36:31.717] [cout] [info]   /forceset/pelvis_tz_residual. bounds: [-inf, inf]
[2025-05-30 20:36:31.717] [cout] [info]   /forceset/pelvis_tilt_residual. bounds: [-inf, inf]
[2025-05-30 20:36:31.717] [cout] [info]   /forceset/pelvis_list_residual. bounds: [-inf, inf]
[2025-05-30 20:36:31.717] [cout] [info]   /forceset/pelvis_rotation_residual. bounds: [-inf, inf]
[2025-05-30 20:36:31.717] [cout] [info]   /forceset/hip_adduction_l_torque. bounds: [-inf, inf]
[2025-05-30 20:36:31.717] [cout] [info]   /forceset/hip_flexion_r_torque. bounds: [-inf, inf]
[2025-05-30 20:36:31.717] [cout] [info]   /forceset/hip_flexion_l_torque. bounds: [-inf, inf]
[2025-05-30 20:36:31.718] [cout] [info]   /forceset/hip_adduction_r_torque. bounds: [-inf, inf]
[2025-05-30 20:36:31.718] [cout] [info]   /forceset/hip_rotation_r_torque. bounds: [-inf, inf]
[2025-05-30 20:36:31.718] [cout] [info]   /forceset/knee_angle_r_torque. bounds: [-inf, inf]
[2025-05-30 20:36:31.718] [cout] [info]   /forceset/hip_rotation_l_torque. bounds: [-inf, inf]
[2025-05-30 20:36:31.718] [cout] [info]   /forceset/knee_angle_l_torque. bounds: [-inf, inf]
[2025-05-30 20:36:31.718] [cout] [info]   /forceset/ankle_angle_l_torque. bounds: [-inf, inf]
[2025-05-30 20:36:31.718] [cout] [info]   /forceset/lumbar_ext_torque. bounds: [-inf, inf]
[2025-05-30 20:36:31.718] [cout] [info]   /forceset/lumbar_bend_torque. bounds: [-inf, inf]
[2025-05-30 20:36:31.718] [cout] [info]   /forceset/lumbar_rota_torque. bounds: [-inf, inf]
[2025-05-30 20:36:31.718] [cout] [info] Parameters: none
[2025-05-30 20:36:31.798] [info] ExternalForce::grf1 Data source being set to walk_grf
[2025-05-30 20:36:31.798] [info] ExternalForce::grf2 Data source being set to walk_grf
[2025-05-30 20:36:31.798] [info] ExternalForce::grf4 Data source being set to walk_grf
[2025-05-30 20:36:31.864] [info] ExternalForce::grf1 Data source being set to walk_grf
[2025-05-30 20:36:31.864] [info] ExternalForce::grf2 Data source being set to walk_grf
[2025-05-30 20:36:31.864] [info] ExternalForce::grf4 Data source being set to walk_grf
[2025-05-30 20:36:31.911] [info] ExternalForce::grf1 Data source being set to walk_grf
[2025-05-30 20:36:31.911] [info] ExternalForce::grf2 Data source being set to walk_grf
[2025-05-30 20:36:31.911] [info] ExternalForce::grf4 Data source being set to walk_grf
[2025-05-30 20:36:31.977] [info] ExternalForce::grf1 Data source being set to walk_grf
[2025-05-30 20:36:31.977] [info] ExternalForce::grf2 Data source being set to walk_grf
[2025-05-30 20:36:31.977] [info] ExternalForce::grf4 Data source being set to walk_grf
[2025-05-30 20:36:32.031] [info] ExternalForce::grf1 Data source being set to walk_grf
[2025-05-30 20:36:32.031] [info] ExternalForce::grf2 Data source being set to walk_grf
[2025-05-30 20:36:32.031] [info] ExternalForce::grf4 Data source being set to walk_grf
[2025-05-30 20:36:32.091] [info] ExternalForce::grf1 Data source being set to walk_grf
[2025-05-30 20:36:32.091] [info] ExternalForce::grf2 Data source being set to walk_grf
[2025-05-30 20:36:32.091] [info] ExternalForce::grf4 Data source being set to walk_grf
[2025-05-30 20:36:32.122] [info] ExternalForce::grf1 Data source being set to walk_grf
[2025-05-30 20:36:32.122] [info] ExternalForce::grf2 Data source being set to walk_grf
[2025-05-30 20:36:32.122] [info] ExternalForce::grf4 Data source being set to walk_grf
[2025-05-30 20:36:32.168] [info] ExternalForce::grf1 Data source being set to walk_grf
[2025-05-30 20:36:32.168] [info] ExternalForce::grf2 Data source being set to walk_grf
[2025-05-30 20:36:32.168] [info] ExternalForce::grf4 Data source being set to walk_grf
[2025-05-30 20:36:32.220] [info] ExternalForce::grf1 Data source being set to walk_grf
[2025-05-30 20:36:32.220] [info] ExternalForce::grf2 Data source being set to walk_grf
[2025-05-30 20:36:32.220] [info] ExternalForce::grf4 Data source being set to walk_grf
[2025-05-30 20:36:32.315] [info] ExternalForce::grf1 Data source being set to walk_grf
[2025-05-30 20:36:32.315] [info] ExternalForce::grf2 Data source being set to walk_grf
[2025-05-30 20:36:32.315] [info] ExternalForce::grf4 Data source being set to walk_grf
[2025-05-30 20:36:32.408] [info] ExternalForce::grf1 Data source being set to walk_grf
[2025-05-30 20:36:32.408] [info] ExternalForce::grf2 Data source being set to walk_grf
[2025-05-30 20:36:32.408] [info] ExternalForce::grf4 Data source being set to walk_grf
[2025-05-30 20:36:32.582] [info] ExternalForce::grf1 Data source being set to walk_grf
[2025-05-30 20:36:32.611] [info] ExternalForce::grf2 Data source being set to walk_grf
[2025-05-30 20:36:32.611] [info] ExternalForce::grf4 Data source being set to walk_grf
[2025-05-30 20:36:32.773] [info] ExternalForce::grf1 Data source being set to walk_grf
[2025-05-30 20:36:32.773] [info] ExternalForce::grf2 Data source being set to walk_grf
[2025-05-30 20:36:32.773] [info] ExternalForce::grf4 Data source being set to walk_grf
[2025-05-30 20:36:32.880] [info] ExternalForce::grf1 Data source being set to walk_grf
[2025-05-30 20:36:32.880] [info] ExternalForce::grf2 Data source being set to walk_grf
[2025-05-30 20:36:32.880] [info] ExternalForce::grf4 Data source being set to walk_grf
[2025-05-30 20:36:33.009] [info] ExternalForce::grf1 Data source being set to walk_grf
[2025-05-30 20:36:33.009] [info] ExternalForce::grf2 Data source being set to walk_grf
[2025-05-30 20:36:33.009] [info] ExternalForce::grf4 Data source being set to walk_grf
[2025-05-30 20:36:33.242] [info] ExternalForce::grf1 Data source being set to walk_grf
[2025-05-30 20:36:33.242] [info] ExternalForce::grf2 Data source being set to walk_grf
[2025-05-30 20:36:33.242] [info] ExternalForce::grf4 Data source being set to walk_grf
[2025-05-30 20:36:33.488] [info] ExternalForce::grf1 Data source being set to walk_grf
[2025-05-30 20:36:33.488] [info] ExternalForce::grf2 Data source being set to walk_grf
[2025-05-30 20:36:33.488] [info] ExternalForce::grf4 Data source being set to walk_grf
[2025-05-30 20:36:33.547] [info] ExternalForce::grf1 Data source being set to walk_grf
[2025-05-30 20:36:33.547] [info] ExternalForce::grf2 Data source being set to walk_grf
[2025-05-30 20:36:33.547] [info] ExternalForce::grf4 Data source being set to walk_grf
[2025-05-30 20:36:33.610] [info] ExternalForce::grf1 Data source being set to walk_grf
[2025-05-30 20:36:33.610] [info] ExternalForce::grf2 Data source being set to walk_grf
[2025-05-30 20:36:33.610] [info] ExternalForce::grf4 Data source being set to walk_grf
[2025-05-30 20:36:33.744] [info] ExternalForce::grf1 Data source being set to walk_grf
[2025-05-30 20:36:33.744] [info] ExternalForce::grf2 Data source being set to walk_grf
[2025-05-30 20:36:33.744] [info] ExternalForce::grf4 Data source being set to walk_grf
[2025-05-30 20:36:33.852] [info] ExternalForce::grf1 Data source being set to walk_grf
[2025-05-30 20:36:33.852] [info] ExternalForce::grf2 Data source being set to walk_grf
[2025-05-30 20:36:33.852] [info] ExternalForce::grf4 Data source being set to walk_grf
[2025-05-30 20:36:33.900] [info] ExternalForce::grf1 Data source being set to walk_grf
[2025-05-30 20:36:33.900] [info] ExternalForce::grf2 Data source being set to walk_grf
[2025-05-30 20:36:33.900] [info] ExternalForce::grf4 Data source being set to walk_grf
[2025-05-30 20:36:33.940] [info] ExternalForce::grf1 Data source being set to walk_grf
[2025-05-30 20:36:33.940] [info] ExternalForce::grf2 Data source being set to walk_grf
[2025-05-30 20:36:33.940] [info] ExternalForce::grf4 Data source being set to walk_grf
[2025-05-30 20:36:34.000] [info] ExternalForce::grf1 Data source being set to walk_grf
[2025-05-30 20:36:34.001] [info] ExternalForce::grf2 Data source being set to walk_grf
[2025-05-30 20:36:34.001] [info] ExternalForce::grf4 Data source being set to walk_grf
[2025-05-30 20:36:34.067] [info] ExternalForce::grf1 Data source being set to walk_grf
[2025-05-30 20:36:34.067] [info] ExternalForce::grf2 Data source being set to walk_grf
[2025-05-30 20:36:34.067] [info] ExternalForce::grf4 Data source being set to walk_grf
[2025-05-30 20:36:34.128] [info] ExternalForce::grf1 Data source being set to walk_grf
[2025-05-30 20:36:34.128] [info] ExternalForce::grf2 Data source being set to walk_grf
[2025-05-30 20:36:34.128] [info] ExternalForce::grf4 Data source being set to walk_grf
[2025-05-30 20:36:34.167] [info] ExternalForce::grf1 Data source being set to walk_grf
[2025-05-30 20:36:34.167] [info] ExternalForce::grf2 Data source being set to walk_grf
[2025-05-30 20:36:34.167] [info] ExternalForce::grf4 Data source being set to walk_grf
[2025-05-30 20:36:34.224] [info] ExternalForce::grf1 Data source being set to walk_grf
[2025-05-30 20:36:34.224] [info] ExternalForce::grf2 Data source being set to walk_grf
[2025-05-30 20:36:34.224] [info] ExternalForce::grf4 Data source being set to walk_grf
[2025-05-30 20:36:34.293] [info] ExternalForce::grf1 Data source being set to walk_grf
[2025-05-30 20:36:34.294] [info] ExternalForce::grf2 Data source being set to walk_grf
[2025-05-30 20:36:34.294] [info] ExternalForce::grf4 Data source being set to walk_grf
[2025-05-30 20:36:34.344] [info] ExternalForce::grf1 Data source being set to walk_grf
[2025-05-30 20:36:34.344] [info] ExternalForce::grf2 Data source being set to walk_grf
[2025-05-30 20:36:34.344] [info] ExternalForce::grf4 Data source being set to walk_grf
[2025-05-30 20:36:34.383] [info] ExternalForce::grf1 Data source being set to walk_grf
[2025-05-30 20:36:34.383] [info] ExternalForce::grf2 Data source being set to walk_grf
[2025-05-30 20:36:34.384] [info] ExternalForce::grf4 Data source being set to walk_grf
[2025-05-30 20:36:34.453] [info] ExternalForce::grf1 Data source being set to walk_grf
[2025-05-30 20:36:34.454] [info] ExternalForce::grf2 Data source being set to walk_grf
[2025-05-30 20:36:34.454] [info] ExternalForce::grf4 Data source being set to walk_grf
[2025-05-30 20:36:34.503] [info] Number of threads: 8
[2025-05-30 20:40:58.315] [info] Set log level to Info.
[2025-05-30 20:40:58.324] [info] ------------------------------------------------------------------------
[2025-05-30 20:40:58.325] [info] Elapsed real time: 267 second(s) (4 minute(s), 27 second(s)).
[2025-05-30 20:40:58.325] [info] Fri May 30 20:40:58 2025
[2025-05-30 20:40:58.325] [info] MocoCasADiSolver succeeded!
[2025-05-30 20:40:58.325] [info] ========================================================================
[2025-05-30 21:19:32.985] [info] ExternalForce::grf1 Data source being set to walk_grf
[2025-05-30 21:19:32.985] [info] ExternalForce::grf2 Data source being set to walk_grf
[2025-05-30 21:19:32.985] [info] ExternalForce::grf4 Data source being set to walk_grf
[2025-05-30 21:19:33.056] [info] ExternalForce::grf1 Data source being set to walk_grf
[2025-05-30 21:19:33.056] [info] ExternalForce::grf2 Data source being set to walk_grf
[2025-05-30 21:19:33.056] [info] ExternalForce::grf4 Data source being set to walk_grf
[2025-05-30 21:19:33.139] [info] ExternalForce::grf1 Data source being set to walk_grf
[2025-05-30 21:19:33.139] [info] ExternalForce::grf2 Data source being set to walk_grf
[2025-05-30 21:19:33.139] [info] ExternalForce::grf4 Data source being set to walk_grf
[2025-05-30 21:20:08.586] [cout] [info] Exiting visualization.
[2025-06-02 11:14:18.946] [error] IO.OpenFile(const string&,const string&): failed to open ..\data\SUBJ01\dynamic/walk_grf.mot.
[2025-06-02 11:27:32.682] [info] Processing subject ...
[2025-06-02 11:27:32.682] [info] Step 1: Loading generic model
[2025-06-02 11:27:32.738] [info] Loaded model Miller2021_Crienkinge2023 from file c:\+GitRepos+\optimal-control-weights\datasets\Crienkinge2023\model\Miller2021_Crienkinge2023.osim
[2025-06-02 11:27:33.265] [info] Step 2: Scaling generic model
[2025-06-02 11:27:33.286] [info] Loaded marker file ..\data\SUBJ01\static\static.trc (33 markers, 82 frames)
[2025-06-02 11:27:33.286] [info] Measurement 'torso_depth'
[2025-06-02 11:27:33.286] [info] 	pair 0 (C7, CLAV): model = 0.136565, experimental = 0.177766
[2025-06-02 11:27:33.286] [info] 	pair 1 (T10, STRN): model = 0.200328, experimental = 0.273446
[2025-06-02 11:27:33.286] [info] 	overall scale factor = 1.33334
[2025-06-02 11:27:33.286] [info] Measurement 'torso_height'
[2025-06-02 11:27:33.286] [info] 	pair 0 (C7, T10): model = 0.26417, experimental = 0.230914
[2025-06-02 11:27:33.286] [info] 	pair 1 (CLAV, STRN): model = 0.166215, experimental = 0.167186
[2025-06-02 11:27:33.286] [info] 	overall scale factor = 0.939974
[2025-06-02 11:27:33.286] [info] Measurement 'torso_width'
[2025-06-02 11:27:33.286] [info] 	pair 0 (RSHO, LSHO): model = 0.278272, experimental = 0.34416
[2025-06-02 11:27:33.286] [info] 	overall scale factor = 1.23678
[2025-06-02 11:27:33.286] [info] Measurement 'pelvis_depth'
[2025-06-02 11:27:33.286] [info] 	pair 0 (RASI, SACR): model = 0.209427, experimental = 0.221864
[2025-06-02 11:27:33.286] [info] 	pair 1 (LASI, SACR): model = 0.209427, experimental = 0.226713
[2025-06-02 11:27:33.286] [info] 	overall scale factor = 1.07097
[2025-06-02 11:27:33.286] [info] Measurement 'pelvis_height'
[2025-06-02 11:27:33.286] [info] 	pair 0 (RASI, LASI): model = 0.256928, experimental = 0.281719
[2025-06-02 11:27:33.286] [info] 	overall scale factor = 1.09649
[2025-06-02 11:27:33.286] [info] Measurement 'pelvis_width'
[2025-06-02 11:27:33.286] [info] 	pair 0 (RASI, LASI): model = 0.256928, experimental = 0.281719
[2025-06-02 11:27:33.286] [info] 	overall scale factor = 1.09649
[2025-06-02 11:27:33.286] [info] Measurement 'l_thigh'
[2025-06-02 11:27:33.286] [info] 	pair 0 (LASI, LKNE): model = 0.504880, experimental = 0.454182
[2025-06-02 11:27:33.286] [info] 	overall scale factor = 0.899584
[2025-06-02 11:27:33.286] [info] Measurement 'l_patella'
[2025-06-02 11:27:33.286] [info] 	pair 0 (LASI, LKNE): model = 0.504880, experimental = 0.454182
[2025-06-02 11:27:33.286] [info] 	overall scale factor = 0.899584
[2025-06-02 11:27:33.286] [info] Measurement 'l_tibia'
[2025-06-02 11:27:33.286] [info] 	pair 0 (LKNE, LANK): model = 0.399858, experimental = 0.373569
[2025-06-02 11:27:33.286] [info] 	overall scale factor = 0.934253
[2025-06-02 11:27:33.286] [info] Measurement 'l_foot'
[2025-06-02 11:27:33.286] [info] 	pair 0 (LHEE, LTOE): model = 0.205925, experimental = 0.167202
[2025-06-02 11:27:33.286] [info] 	overall scale factor = 0.811955
[2025-06-02 11:27:33.286] [info] Measurement 'r_thigh'
[2025-06-02 11:27:33.286] [info] 	pair 0 (RASI, RKNE): model = 0.504880, experimental = 0.448491
[2025-06-02 11:27:33.286] [info] 	overall scale factor = 0.888311
[2025-06-02 11:27:33.286] [info] Measurement 'r_patella'
[2025-06-02 11:27:33.286] [info] 	pair 0 (RASI, RKNE): model = 0.504880, experimental = 0.448491
[2025-06-02 11:27:33.286] [info] 	overall scale factor = 0.888311
[2025-06-02 11:27:33.286] [info] Measurement 'r_tibia'
[2025-06-02 11:27:33.286] [info] 	pair 0 (RKNE, RANK): model = 0.399858, experimental = 0.381873
[2025-06-02 11:27:33.286] [info] 	overall scale factor = 0.955022
[2025-06-02 11:27:33.286] [info] Measurement 'r_foot'
[2025-06-02 11:27:33.286] [info] 	pair 0 (RHEE, RTOE): model = 0.205925, experimental = 0.169272
[2025-06-02 11:27:33.286] [info] 	overall scale factor = 0.822007
[2025-06-02 11:27:33.355] [info] Wrote model file '..\data\SUBJ01\scaling\SUBJ01_scaledModel_3d.osim' from model.
[2025-06-02 11:27:33.358] [info] Wrote scale file '..\data\SUBJ01\scaling\SUBJ01_scaleSet_3d.xml' for model model.
[2025-06-02 11:27:33.359] [info] Step 3: Placing markers on model
[2025-06-02 11:27:33.369] [info] Loaded marker file ..\data\SUBJ01\static\static.trc (33 markers, 82 frames)
[2025-06-02 11:27:33.370] [info] Averaged frames from time 0.0 to 0.81 in ..\data\SUBJ01\static\static.trc (frames 1 to 82)
[2025-06-02 11:27:33.370] [info] Deleted 12 unused markers from model model.
[2025-06-02 11:27:33.400] [info] Frame at (t = 0.0):	 total squared error = 0.00715819, marker error: RMS = 0.0218452, max = 0.0312957 (RHEE)
[2025-06-02 11:27:33.400] [info] Moved markers in model model to match locations in marker file '..\data\SUBJ01\static\static.trc'.
[2025-06-02 11:27:33.424] [info] Wrote model file '..\data\SUBJ01\scaling\SUBJ01_scaledModelAdjusted_3d.osim' from model model.
[2025-06-02 11:27:38.340] [info] Processing subject ...
[2025-06-02 11:27:38.340] [info] Step 1: Loading generic model
[2025-06-02 11:27:38.392] [info] Loaded model Denton2023_Crienkinge2023 from file c:\+GitRepos+\optimal-control-weights\datasets\Crienkinge2023\model\Denton2023_Crienkinge2023.osim
[2025-06-02 11:27:38.482] [info] Step 2: Scaling generic model
[2025-06-02 11:27:38.489] [info] Loaded marker file ..\data\SUBJ01\static\static.trc (33 markers, 82 frames)
[2025-06-02 11:27:38.489] [info] Measurement 'torso_depth'
[2025-06-02 11:27:38.489] [info] 	pair 0 (C7, CLAV): model = 0.136565, experimental = 0.177766
[2025-06-02 11:27:38.489] [info] 	pair 1 (T10, STRN): model = 0.200328, experimental = 0.273446
[2025-06-02 11:27:38.489] [info] 	overall scale factor = 1.33334
[2025-06-02 11:27:38.489] [info] Measurement 'torso_height'
[2025-06-02 11:27:38.489] [info] 	pair 0 (C7, T10): model = 0.26417, experimental = 0.230914
[2025-06-02 11:27:38.489] [info] 	pair 1 (CLAV, STRN): model = 0.166215, experimental = 0.167186
[2025-06-02 11:27:38.489] [info] 	overall scale factor = 0.939974
[2025-06-02 11:27:38.489] [info] Measurement 'torso_width'
[2025-06-02 11:27:38.489] [info] 	pair 0 (RSHO, LSHO): model = 0.278272, experimental = 0.34416
[2025-06-02 11:27:38.489] [info] 	overall scale factor = 1.23678
[2025-06-02 11:27:38.489] [info] Measurement 'pelvis_depth'
[2025-06-02 11:27:38.489] [info] 	pair 0 (RASI, SACR): model = 0.209427, experimental = 0.221864
[2025-06-02 11:27:38.489] [info] 	pair 1 (LASI, SACR): model = 0.209427, experimental = 0.226713
[2025-06-02 11:27:38.489] [info] 	overall scale factor = 1.07097
[2025-06-02 11:27:38.489] [info] Measurement 'pelvis_height'
[2025-06-02 11:27:38.489] [info] 	pair 0 (RASI, LASI): model = 0.256928, experimental = 0.281719
[2025-06-02 11:27:38.489] [info] 	overall scale factor = 1.09649
[2025-06-02 11:27:38.489] [info] Measurement 'pelvis_width'
[2025-06-02 11:27:38.489] [info] 	pair 0 (RASI, LASI): model = 0.256928, experimental = 0.281719
[2025-06-02 11:27:38.489] [info] 	overall scale factor = 1.09649
[2025-06-02 11:27:38.489] [info] Measurement 'l_thigh'
[2025-06-02 11:27:38.489] [info] 	pair 0 (LASI, LKNE): model = 0.504880, experimental = 0.454182
[2025-06-02 11:27:38.489] [info] 	overall scale factor = 0.899584
[2025-06-02 11:27:38.489] [info] Measurement 'l_patella'
[2025-06-02 11:27:38.489] [info] 	pair 0 (LASI, LKNE): model = 0.504880, experimental = 0.454182
[2025-06-02 11:27:38.489] [info] 	overall scale factor = 0.899584
[2025-06-02 11:27:38.489] [info] Measurement 'l_tibia'
[2025-06-02 11:27:38.489] [info] 	pair 0 (LKNE, LANK): model = 0.399858, experimental = 0.373569
[2025-06-02 11:27:38.489] [info] 	overall scale factor = 0.934253
[2025-06-02 11:27:38.489] [info] Measurement 'l_foot'
[2025-06-02 11:27:38.489] [info] 	pair 0 (LHEE, LTOE): model = 0.205925, experimental = 0.167202
[2025-06-02 11:27:38.489] [info] 	overall scale factor = 0.811955
[2025-06-02 11:27:38.489] [info] Measurement 'r_thigh'
[2025-06-02 11:27:38.489] [info] 	pair 0 (RASI, RKNE): model = 0.504880, experimental = 0.448491
[2025-06-02 11:27:38.489] [info] 	overall scale factor = 0.888311
[2025-06-02 11:27:38.489] [info] Measurement 'r_patella'
[2025-06-02 11:27:38.489] [info] 	pair 0 (RASI, RKNE): model = 0.504880, experimental = 0.448491
[2025-06-02 11:27:38.489] [info] 	overall scale factor = 0.888311
[2025-06-02 11:27:38.489] [info] Measurement 'r_tibia'
[2025-06-02 11:27:38.489] [info] 	pair 0 (RKNE, RANK): model = 0.399858, experimental = 0.381873
[2025-06-02 11:27:38.489] [info] 	overall scale factor = 0.955022
[2025-06-02 11:27:38.489] [info] Measurement 'r_foot'
[2025-06-02 11:27:38.489] [info] 	pair 0 (RHEE, RTOE): model = 0.205925, experimental = 0.169272
[2025-06-02 11:27:38.489] [info] 	overall scale factor = 0.822007
[2025-06-02 11:27:38.514] [info] Wrote model file '..\data\SUBJ01\scaling\SUBJ01_scaledModel_2d.osim' from model.
[2025-06-02 11:27:38.517] [info] Wrote scale file '..\data\SUBJ01\scaling\SUBJ01_scaleSet_2d.xml' for model model.
[2025-06-02 11:27:49.435] [info] Loaded model model from file ..\data\SUBJ01\scaling\SUBJ01_scaledModelAdjusted_3d.osim
[2025-06-02 11:27:49.486] [info] Loaded model model from file ..\data\SUBJ01\scaling\SUBJ01_scaledModel_2d.osim
[2025-06-02 11:27:49.521] [info] Loaded model Miller2021_Crienkinge2023 from file ..\model\Miller2021_Crienkinge2023.osim
[2025-06-02 11:27:49.541] [info] Loaded model Denton2023_Crienkinge2023 from file ..\model\Denton2023_Crienkinge2023.osim
[2025-06-02 11:27:57.286] [info] Loaded model model from file ..\data\SUBJ01\scaling\SUBJ01_scaledModel_3d.osim
[2025-06-02 11:27:57.308] [info] Loaded model model from file ..\data\SUBJ01\scaling\SUBJ01_scaledModel_2d.osim
[2025-06-02 11:29:04.681] [info] Loaded model SUBJ01_3d from file ..\data\SUBJ01\scaling\SUBJ01_scaledModelAdjusted_3d.osim
[2025-06-02 11:29:04.688] [cout] [info] 
               MODEL: SUBJ01_3d
         coordinates: 25
              forces: 113
           actuators: 84
             muscles: 84
            analyses: 0
              probes: 0
              bodies: 14
              joints: 14
         constraints: 2
             markers: 21
         controllers: 0
  contact geometries: 13
misc modelcomponents: 0
[2025-06-02 11:29:04.688] [info] Running tool .
[2025-06-02 11:29:04.762] [info] Frame 0 (t = 0.95):	 total squared error = 0.00897847, marker error: RMS = 0.0211878, max = 0.0473346 (LSHO)
[2025-06-02 11:29:04.779] [info] Frame 1 (t = 0.96):	 total squared error = 0.00888847, marker error: RMS = 0.0210814, max = 0.0471935 (LSHO)
[2025-06-02 11:29:04.804] [info] Frame 2 (t = 0.97):	 total squared error = 0.00877645, marker error: RMS = 0.0209481, max = 0.0469759 (LSHO)
[2025-06-02 11:29:04.825] [info] Frame 3 (t = 0.98):	 total squared error = 0.00865038, marker error: RMS = 0.0207971, max = 0.0467184 (LSHO)
[2025-06-02 11:29:04.844] [info] Frame 4 (t = 0.99):	 total squared error = 0.00851513, marker error: RMS = 0.0206339, max = 0.0464441 (LSHO)
[2025-06-02 11:29:04.870] [info] Frame 5 (t = 1.0):	 total squared error = 0.00837192, marker error: RMS = 0.0204596, max = 0.0460419 (LSHO)
[2025-06-02 11:29:04.895] [info] Frame 6 (t = 1.01):	 total squared error = 0.00822527, marker error: RMS = 0.0202796, max = 0.0456449 (LSHO)
[2025-06-02 11:29:04.925] [info] Frame 7 (t = 1.02):	 total squared error = 0.00807631, marker error: RMS = 0.0200952, max = 0.0451813 (LSHO)
[2025-06-02 11:29:04.962] [info] Frame 8 (t = 1.03):	 total squared error = 0.00792835, marker error: RMS = 0.0199102, max = 0.0448239 (LSHO)
[2025-06-02 11:29:04.985] [info] Frame 9 (t = 1.04):	 total squared error = 0.00778990, marker error: RMS = 0.0197356, max = 0.0443459 (LSHO)
[2025-06-02 11:29:05.005] [info] Frame 10 (t = 1.05):	 total squared error = 0.00766333, marker error: RMS = 0.0195746, max = 0.0439473 (LSHO)
[2025-06-02 11:29:05.037] [info] Frame 11 (t = 1.06):	 total squared error = 0.00756104, marker error: RMS = 0.0194436, max = 0.0436414 (LSHO)
[2025-06-02 11:29:05.058] [info] Frame 12 (t = 1.07):	 total squared error = 0.00748896, marker error: RMS = 0.0193507, max = 0.0433108 (LSHO)
[2025-06-02 11:29:05.094] [info] Frame 13 (t = 1.08):	 total squared error = 0.00744287, marker error: RMS = 0.019291, max = 0.0430581 (LSHO)
[2025-06-02 11:29:05.118] [info] Frame 14 (t = 1.09):	 total squared error = 0.00742208, marker error: RMS = 0.0192641, max = 0.0428742 (LSHO)
[2025-06-02 11:29:05.141] [info] Frame 15 (t = 1.1):	 total squared error = 0.00741769, marker error: RMS = 0.0192584, max = 0.0426336 (LSHO)
[2025-06-02 11:29:05.160] [info] Frame 16 (t = 1.11):	 total squared error = 0.00742313, marker error: RMS = 0.0192654, max = 0.0424951 (LSHO)
[2025-06-02 11:29:05.179] [info] Frame 17 (t = 1.12):	 total squared error = 0.00743234, marker error: RMS = 0.0192774, max = 0.0424659 (LSHO)
[2025-06-02 11:29:05.202] [info] Frame 18 (t = 1.13):	 total squared error = 0.00744171, marker error: RMS = 0.0192895, max = 0.0422197 (LSHO)
[2025-06-02 11:29:05.222] [info] Frame 19 (t = 1.14):	 total squared error = 0.00744929, marker error: RMS = 0.0192993, max = 0.0421569 (LSHO)
[2025-06-02 11:29:05.244] [info] Frame 20 (t = 1.15):	 total squared error = 0.00745420, marker error: RMS = 0.0193057, max = 0.0419479 (LSHO)
[2025-06-02 11:29:05.255] [info] Frame 21 (t = 1.16):	 total squared error = 0.00746003, marker error: RMS = 0.0193132, max = 0.0419846 (LSHO)
[2025-06-02 11:29:05.276] [info] Frame 22 (t = 1.17):	 total squared error = 0.00745500, marker error: RMS = 0.0193067, max = 0.0416025 (LSHO)
[2025-06-02 11:29:05.292] [info] Frame 23 (t = 1.18):	 total squared error = 0.00745514, marker error: RMS = 0.0193069, max = 0.0415558 (LSHO)
[2025-06-02 11:29:05.320] [info] Frame 24 (t = 1.19):	 total squared error = 0.00745069, marker error: RMS = 0.0193011, max = 0.041251 (LSHO)
[2025-06-02 11:29:05.334] [info] Frame 25 (t = 1.2):	 total squared error = 0.00745456, marker error: RMS = 0.0193062, max = 0.0411967 (LSHO)
[2025-06-02 11:29:05.363] [info] Frame 26 (t = 1.21):	 total squared error = 0.00745953, marker error: RMS = 0.0193126, max = 0.0408903 (LSHO)
[2025-06-02 11:29:05.377] [info] Frame 27 (t = 1.22):	 total squared error = 0.00747831, marker error: RMS = 0.0193369, max = 0.0407155 (LSHO)
[2025-06-02 11:29:05.402] [info] Frame 28 (t = 1.23):	 total squared error = 0.00749954, marker error: RMS = 0.0193643, max = 0.0408722 (RSHO)
[2025-06-02 11:29:05.429] [info] Frame 29 (t = 1.24):	 total squared error = 0.00753311, marker error: RMS = 0.0194076, max = 0.0412463 (RSHO)
[2025-06-02 11:29:05.448] [info] Frame 30 (t = 1.25):	 total squared error = 0.00757753, marker error: RMS = 0.0194648, max = 0.041648 (RSHO)
[2025-06-02 11:29:05.466] [info] Frame 31 (t = 1.26):	 total squared error = 0.00763067, marker error: RMS = 0.0195329, max = 0.0420941 (RSHO)
[2025-06-02 11:29:05.477] [info] Frame 32 (t = 1.27):	 total squared error = 0.00769977, marker error: RMS = 0.0196211, max = 0.0425153 (RSHO)
[2025-06-02 11:29:05.500] [info] Frame 33 (t = 1.28):	 total squared error = 0.00776673, marker error: RMS = 0.0197063, max = 0.042962 (RSHO)
[2025-06-02 11:29:05.518] [info] Frame 34 (t = 1.29):	 total squared error = 0.00784126, marker error: RMS = 0.0198006, max = 0.0432533 (RSHO)
[2025-06-02 11:29:05.545] [info] Frame 35 (t = 1.3):	 total squared error = 0.00792518, marker error: RMS = 0.0199063, max = 0.0436096 (RSHO)
[2025-06-02 11:29:05.569] [info] Frame 36 (t = 1.31):	 total squared error = 0.00801635, marker error: RMS = 0.0200204, max = 0.0440094 (RSHO)
[2025-06-02 11:29:05.593] [info] Frame 37 (t = 1.32):	 total squared error = 0.00811377, marker error: RMS = 0.0201417, max = 0.0443642 (RSHO)
[2025-06-02 11:29:05.622] [info] Frame 38 (t = 1.33):	 total squared error = 0.00821655, marker error: RMS = 0.0202689, max = 0.0447101 (RSHO)
[2025-06-02 11:29:05.649] [info] Frame 39 (t = 1.34):	 total squared error = 0.00832343, marker error: RMS = 0.0204003, max = 0.0450614 (RSHO)
[2025-06-02 11:29:05.674] [info] Frame 40 (t = 1.35):	 total squared error = 0.00843301, marker error: RMS = 0.0205341, max = 0.0455203 (RSHO)
[2025-06-02 11:29:05.691] [info] Frame 41 (t = 1.36):	 total squared error = 0.00853722, marker error: RMS = 0.0206606, max = 0.0459344 (RSHO)
[2025-06-02 11:29:05.724] [info] Frame 42 (t = 1.37):	 total squared error = 0.00862300, marker error: RMS = 0.0207642, max = 0.0459792 (RSHO)
[2025-06-02 11:29:05.760] [info] Frame 43 (t = 1.38):	 total squared error = 0.00869745, marker error: RMS = 0.0208536, max = 0.0462414 (RSHO)
[2025-06-02 11:29:05.775] [info] Frame 44 (t = 1.39):	 total squared error = 0.00876132, marker error: RMS = 0.0209300, max = 0.0466207 (RSHO)
[2025-06-02 11:29:05.798] [info] Frame 45 (t = 1.4):	 total squared error = 0.00881116, marker error: RMS = 0.0209895, max = 0.0466684 (RSHO)
[2025-06-02 11:29:05.825] [info] Frame 46 (t = 1.41):	 total squared error = 0.00886771, marker error: RMS = 0.0210567, max = 0.0468195 (RSHO)
[2025-06-02 11:29:05.846] [info] Frame 47 (t = 1.42):	 total squared error = 0.00893232, marker error: RMS = 0.0211333, max = 0.0470019 (RSHO)
[2025-06-02 11:29:05.858] [info] Frame 48 (t = 1.43):	 total squared error = 0.00900180, marker error: RMS = 0.0212153, max = 0.0471872 (RSHO)
[2025-06-02 11:29:05.878] [info] Frame 49 (t = 1.44):	 total squared error = 0.00905946, marker error: RMS = 0.0212832, max = 0.0471307 (RSHO)
[2025-06-02 11:29:05.900] [info] Frame 50 (t = 1.45):	 total squared error = 0.00909402, marker error: RMS = 0.0213237, max = 0.047119 (RSHO)
[2025-06-02 11:29:05.928] [info] Frame 51 (t = 1.46):	 total squared error = 0.00909243, marker error: RMS = 0.0213219, max = 0.0471171 (RSHO)
[2025-06-02 11:29:05.945] [info] Frame 52 (t = 1.47):	 total squared error = 0.00905189, marker error: RMS = 0.0212743, max = 0.0471848 (RSHO)
[2025-06-02 11:29:05.966] [info] Frame 53 (t = 1.48):	 total squared error = 0.00897690, marker error: RMS = 0.021186, max = 0.0468864 (RSHO)
[2025-06-02 11:29:05.981] [info] Frame 54 (t = 1.49):	 total squared error = 0.00888078, marker error: RMS = 0.0210722, max = 0.0467467 (RSHO)
[2025-06-02 11:29:05.995] [info] Frame 55 (t = 1.5):	 total squared error = 0.00877576, marker error: RMS = 0.0209473, max = 0.046549 (RSHO)
[2025-06-02 11:29:06.013] [info] Frame 56 (t = 1.51):	 total squared error = 0.00867324, marker error: RMS = 0.0208245, max = 0.0464337 (RSHO)
[2025-06-02 11:29:06.033] [info] Frame 57 (t = 1.52):	 total squared error = 0.00857879, marker error: RMS = 0.0207109, max = 0.0462729 (RSHO)
[2025-06-02 11:29:06.049] [info] Frame 58 (t = 1.53):	 total squared error = 0.00849172, marker error: RMS = 0.0206055, max = 0.0460742 (RSHO)
[2025-06-02 11:29:06.078] [info] Frame 59 (t = 1.54):	 total squared error = 0.00840419, marker error: RMS = 0.0204990, max = 0.0457653 (RSHO)
[2025-06-02 11:29:06.095] [info] Frame 60 (t = 1.55):	 total squared error = 0.00831227, marker error: RMS = 0.0203866, max = 0.0455028 (RSHO)
[2025-06-02 11:29:06.114] [info] Frame 61 (t = 1.56):	 total squared error = 0.00820963, marker error: RMS = 0.0202603, max = 0.0451659 (RSHO)
[2025-06-02 11:29:06.143] [info] Frame 62 (t = 1.57):	 total squared error = 0.00809190, marker error: RMS = 0.0201145, max = 0.0447908 (RSHO)
[2025-06-02 11:29:06.165] [info] Frame 63 (t = 1.58):	 total squared error = 0.00796920, marker error: RMS = 0.0199615, max = 0.0444095 (RSHO)
[2025-06-02 11:29:06.184] [info] Frame 64 (t = 1.59):	 total squared error = 0.00784606, marker error: RMS = 0.0198066, max = 0.0439404 (RSHO)
[2025-06-02 11:29:06.210] [info] Frame 65 (t = 1.6):	 total squared error = 0.00772975, marker error: RMS = 0.0196593, max = 0.0435746 (RSHO)
[2025-06-02 11:29:06.232] [info] Frame 66 (t = 1.61):	 total squared error = 0.00763388, marker error: RMS = 0.019537, max = 0.0431739 (RSHO)
[2025-06-02 11:29:06.260] [info] Frame 67 (t = 1.62):	 total squared error = 0.00756094, marker error: RMS = 0.0194434, max = 0.0428031 (RSHO)
[2025-06-02 11:29:06.281] [info] Frame 68 (t = 1.63):	 total squared error = 0.00751616, marker error: RMS = 0.0193858, max = 0.0424731 (RSHO)
[2025-06-02 11:29:06.306] [info] Frame 69 (t = 1.64):	 total squared error = 0.00749475, marker error: RMS = 0.0193581, max = 0.0422079 (RSHO)
[2025-06-02 11:29:06.331] [info] Frame 70 (t = 1.65):	 total squared error = 0.00749444, marker error: RMS = 0.0193577, max = 0.0419451 (RSHO)
[2025-06-02 11:29:06.356] [info] Frame 71 (t = 1.66):	 total squared error = 0.00750910, marker error: RMS = 0.0193767, max = 0.0417054 (RSHO)
[2025-06-02 11:29:06.376] [info] Frame 72 (t = 1.67):	 total squared error = 0.00753344, marker error: RMS = 0.0194080, max = 0.0413632 (RSHO)
[2025-06-02 11:29:06.394] [info] Frame 73 (t = 1.68):	 total squared error = 0.00756247, marker error: RMS = 0.0194454, max = 0.0412289 (RSHO)
[2025-06-02 11:29:06.412] [info] Frame 74 (t = 1.69):	 total squared error = 0.00759347, marker error: RMS = 0.0194852, max = 0.0410137 (RSHO)
[2025-06-02 11:29:06.421] [info] Frame 75 (t = 1.7):	 total squared error = 0.00763498, marker error: RMS = 0.0195384, max = 0.0409444 (RSHO)
[2025-06-02 11:29:06.446] [info] Frame 76 (t = 1.71):	 total squared error = 0.00765533, marker error: RMS = 0.0195644, max = 0.0409738 (LSHO)
[2025-06-02 11:29:06.463] [info] Frame 77 (t = 1.72):	 total squared error = 0.00768926, marker error: RMS = 0.0196077, max = 0.0412846 (LSHO)
[2025-06-02 11:29:06.484] [info] Frame 78 (t = 1.73):	 total squared error = 0.00772533, marker error: RMS = 0.0196537, max = 0.0415195 (LSHO)
[2025-06-02 11:29:06.507] [info] Frame 79 (t = 1.74):	 total squared error = 0.00776884, marker error: RMS = 0.0197089, max = 0.0419011 (LSHO)
[2025-06-02 11:29:06.522] [info] Frame 80 (t = 1.75):	 total squared error = 0.00782277, marker error: RMS = 0.0197772, max = 0.0422864 (LSHO)
[2025-06-02 11:29:06.545] [info] Frame 81 (t = 1.76):	 total squared error = 0.00788363, marker error: RMS = 0.019854, max = 0.0426872 (LSHO)
[2025-06-02 11:29:06.563] [info] Frame 82 (t = 1.77):	 total squared error = 0.00795756, marker error: RMS = 0.0199469, max = 0.0431562 (LSHO)
[2025-06-02 11:29:06.583] [info] Frame 83 (t = 1.78):	 total squared error = 0.00803956, marker error: RMS = 0.0200494, max = 0.0435288 (LSHO)
[2025-06-02 11:29:06.614] [info] Frame 84 (t = 1.79):	 total squared error = 0.00812265, marker error: RMS = 0.0201527, max = 0.0438509 (LSHO)
[2025-06-02 11:29:06.634] [info] Frame 85 (t = 1.8):	 total squared error = 0.00821465, marker error: RMS = 0.0202665, max = 0.0442485 (LSHO)
[2025-06-02 11:29:06.662] [info] Frame 86 (t = 1.81):	 total squared error = 0.00830459, marker error: RMS = 0.0203772, max = 0.044586 (LSHO)
[2025-06-02 11:29:06.683] [info] Frame 87 (t = 1.82):	 total squared error = 0.00839438, marker error: RMS = 0.0204870, max = 0.0449326 (LSHO)
[2025-06-02 11:29:06.707] [info] Frame 88 (t = 1.83):	 total squared error = 0.00847588, marker error: RMS = 0.0205863, max = 0.0451221 (LSHO)
[2025-06-02 11:29:06.736] [info] Frame 89 (t = 1.84):	 total squared error = 0.00854837, marker error: RMS = 0.0206741, max = 0.0455048 (LSHO)
[2025-06-02 11:29:06.753] [info] Frame 90 (t = 1.85):	 total squared error = 0.00860903, marker error: RMS = 0.0207473, max = 0.0457377 (LSHO)
[2025-06-02 11:29:06.781] [info] Frame 91 (t = 1.86):	 total squared error = 0.00865070, marker error: RMS = 0.0207975, max = 0.045912 (LSHO)
[2025-06-02 11:29:06.812] [info] Frame 92 (t = 1.87):	 total squared error = 0.00867640, marker error: RMS = 0.0208283, max = 0.0460968 (LSHO)
[2025-06-02 11:29:06.838] [info] Frame 93 (t = 1.88):	 total squared error = 0.00868597, marker error: RMS = 0.0208398, max = 0.0463040 (LSHO)
[2025-06-02 11:29:06.867] [info] Frame 94 (t = 1.89):	 total squared error = 0.00868252, marker error: RMS = 0.0208357, max = 0.046423 (LSHO)
[2025-06-02 11:29:06.887] [info] Frame 95 (t = 1.9):	 total squared error = 0.00867384, marker error: RMS = 0.0208253, max = 0.0465713 (LSHO)
[2025-06-02 11:29:06.910] [info] Frame 96 (t = 1.91):	 total squared error = 0.00866386, marker error: RMS = 0.0208133, max = 0.0467392 (LSHO)
[2025-06-02 11:29:06.933] [info] Frame 97 (t = 1.92):	 total squared error = 0.00866461, marker error: RMS = 0.0208142, max = 0.046938 (LSHO)
[2025-06-02 11:29:06.955] [info] Frame 98 (t = 1.93):	 total squared error = 0.00868155, marker error: RMS = 0.0208345, max = 0.0470832 (LSHO)
[2025-06-02 11:29:06.978] [info] Frame 99 (t = 1.94):	 total squared error = 0.00871566, marker error: RMS = 0.0208754, max = 0.0472552 (LSHO)
[2025-06-02 11:29:07.000] [info] Frame 100 (t = 1.95):	 total squared error = 0.00876611, marker error: RMS = 0.0209357, max = 0.0473928 (LSHO)
[2025-06-02 11:29:07.020] [info] Frame 101 (t = 1.96):	 total squared error = 0.00882380, marker error: RMS = 0.0210045, max = 0.0475021 (LSHO)
[2025-06-02 11:29:07.041] [info] Frame 102 (t = 1.97):	 total squared error = 0.00887657, marker error: RMS = 0.0210672, max = 0.047645 (LSHO)
[2025-06-02 11:29:07.070] [info] Frame 103 (t = 1.98):	 total squared error = 0.00891032, marker error: RMS = 0.0211072, max = 0.0476332 (LSHO)
[2025-06-02 11:29:07.089] [info] Frame 104 (t = 1.99):	 total squared error = 0.00891601, marker error: RMS = 0.021114, max = 0.0477299 (LSHO)
[2025-06-02 11:29:07.102] [info] Frame 105 (t = 2.0):	 total squared error = 0.00889217, marker error: RMS = 0.0210857, max = 0.0477038 (LSHO)
[2025-06-02 11:29:07.113] [info] InverseKinematicsTool completed 106 frames in 2 second(s).
[2025-06-02 11:29:41.018] [info] Loaded model SUBJ01_2d from file ..\data\SUBJ01\scaling\SUBJ01_scaledModelAdjusted_2d.osim
[2025-06-02 11:30:07.752] [info] Loaded model SUBJ01_2d from file ..\data\SUBJ01\scaling\SUBJ01_scaledModelAdjusted_2d.osim
[2025-06-02 11:30:07.758] [cout] [info] 
               MODEL: SUBJ01_2d
         coordinates: 12
              forces: 48
           actuators: 18
             muscles: 18
            analyses: 0
              probes: 0
              bodies: 12
              joints: 12
         constraints: 0
             markers: 37
         controllers: 0
  contact geometries: 17
misc modelcomponents: 0
[2025-06-02 11:30:07.759] [info] Running tool .
[2025-06-02 11:30:07.808] [info] Frame 0 (t = 0.95):	 total squared error = 0.0124729, marker error: RMS = 0.0249729, max = 0.0606399 (LSHO)
[2025-06-02 11:30:07.826] [info] Frame 1 (t = 0.96):	 total squared error = 0.0123604, marker error: RMS = 0.02486, max = 0.0610312 (LSHO)
[2025-06-02 11:30:07.845] [info] Frame 2 (t = 0.97):	 total squared error = 0.0121723, marker error: RMS = 0.0246701, max = 0.0614241 (LSHO)
[2025-06-02 11:30:07.861] [info] Frame 3 (t = 0.98):	 total squared error = 0.0119316, marker error: RMS = 0.024425, max = 0.0617599 (LSHO)
[2025-06-02 11:30:07.879] [info] Frame 4 (t = 0.99):	 total squared error = 0.0116627, marker error: RMS = 0.0241482, max = 0.0619874 (LSHO)
[2025-06-02 11:30:07.893] [info] Frame 5 (t = 1.0):	 total squared error = 0.0113873, marker error: RMS = 0.0238614, max = 0.0621586 (LSHO)
[2025-06-02 11:30:07.911] [info] Frame 6 (t = 1.01):	 total squared error = 0.0111231, marker error: RMS = 0.023583, max = 0.0622396 (LSHO)
[2025-06-02 11:30:07.931] [info] Frame 7 (t = 1.02):	 total squared error = 0.0108804, marker error: RMS = 0.0233243, max = 0.0622402 (LSHO)
[2025-06-02 11:30:07.947] [info] Frame 8 (t = 1.03):	 total squared error = 0.0106659, marker error: RMS = 0.0230932, max = 0.0621088 (LSHO)
[2025-06-02 11:30:07.963] [info] Frame 9 (t = 1.04):	 total squared error = 0.0104848, marker error: RMS = 0.0228963, max = 0.0619105 (LSHO)
[2025-06-02 11:30:07.988] [info] Frame 10 (t = 1.05):	 total squared error = 0.0103378, marker error: RMS = 0.0227352, max = 0.0616016 (LSHO)
[2025-06-02 11:30:08.016] [info] Frame 11 (t = 1.06):	 total squared error = 0.0102274, marker error: RMS = 0.0226135, max = 0.0612541 (LSHO)
[2025-06-02 11:30:08.048] [info] Frame 12 (t = 1.07):	 total squared error = 0.0101513, marker error: RMS = 0.0225292, max = 0.0608463 (LSHO)
[2025-06-02 11:30:08.066] [info] Frame 13 (t = 1.08):	 total squared error = 0.0101030, marker error: RMS = 0.0224756, max = 0.0603459 (LSHO)
[2025-06-02 11:30:08.091] [info] Frame 14 (t = 1.09):	 total squared error = 0.0100772, marker error: RMS = 0.0224468, max = 0.0598121 (LSHO)
[2025-06-02 11:30:08.107] [info] Frame 15 (t = 1.1):	 total squared error = 0.0100660, marker error: RMS = 0.0224344, max = 0.0592627 (LSHO)
[2025-06-02 11:30:08.138] [info] Frame 16 (t = 1.11):	 total squared error = 0.0100607, marker error: RMS = 0.0224284, max = 0.058592 (LSHO)
[2025-06-02 11:30:08.196] [info] Frame 17 (t = 1.12):	 total squared error = 0.0100547, marker error: RMS = 0.0224218, max = 0.0578937 (LSHO)
[2025-06-02 11:30:08.216] [info] Frame 18 (t = 1.13):	 total squared error = 0.0100466, marker error: RMS = 0.0224127, max = 0.0572126 (LSHO)
[2025-06-02 11:30:08.236] [info] Frame 19 (t = 1.14):	 total squared error = 0.0100164, marker error: RMS = 0.022379, max = 0.0563126 (LSHO)
[2025-06-02 11:30:08.261] [info] Frame 20 (t = 1.15):	 total squared error = 0.00997506, marker error: RMS = 0.0223328, max = 0.0553801 (LSHO)
[2025-06-02 11:30:08.287] [info] Frame 21 (t = 1.16):	 total squared error = 0.00991956, marker error: RMS = 0.0222706, max = 0.0544121 (LSHO)
[2025-06-02 11:30:08.321] [info] Frame 22 (t = 1.17):	 total squared error = 0.00985094, marker error: RMS = 0.0221934, max = 0.0533953 (LSHO)
[2025-06-02 11:30:08.350] [info] Frame 23 (t = 1.18):	 total squared error = 0.00977621, marker error: RMS = 0.0221091, max = 0.0523192 (LSHO)
[2025-06-02 11:30:08.385] [info] Frame 24 (t = 1.19):	 total squared error = 0.00970042, marker error: RMS = 0.0220232, max = 0.0513219 (LSHO)
[2025-06-02 11:30:08.410] [info] Frame 25 (t = 1.2):	 total squared error = 0.00963345, marker error: RMS = 0.021947, max = 0.0502775 (LSHO)
[2025-06-02 11:30:08.441] [info] Frame 26 (t = 1.21):	 total squared error = 0.00958138, marker error: RMS = 0.0218876, max = 0.049268 (LSHO)
[2025-06-02 11:30:08.472] [info] Frame 27 (t = 1.22):	 total squared error = 0.00954751, marker error: RMS = 0.0218489, max = 0.0483372 (LSHO)
[2025-06-02 11:30:08.493] [info] Frame 28 (t = 1.23):	 total squared error = 0.00953936, marker error: RMS = 0.0218396, max = 0.0474598 (LSHO)
[2025-06-02 11:30:08.558] [info] Frame 29 (t = 1.24):	 total squared error = 0.00955551, marker error: RMS = 0.0218581, max = 0.0466722 (LSHO)
[2025-06-02 11:30:08.615] [info] Frame 30 (t = 1.25):	 total squared error = 0.00959929, marker error: RMS = 0.0219081, max = 0.0459142 (LSHO)
[2025-06-02 11:30:08.703] [info] Frame 31 (t = 1.26):	 total squared error = 0.00966846, marker error: RMS = 0.0219869, max = 0.0452401 (LSHO)
[2025-06-02 11:30:08.731] [info] Frame 32 (t = 1.27):	 total squared error = 0.00976159, marker error: RMS = 0.0220925, max = 0.0446854 (LSHO)
[2025-06-02 11:30:08.758] [info] Frame 33 (t = 1.28):	 total squared error = 0.00987764, marker error: RMS = 0.0222235, max = 0.0441947 (LSHO)
[2025-06-02 11:30:08.796] [info] Frame 34 (t = 1.29):	 total squared error = 0.0100144, marker error: RMS = 0.0223768, max = 0.0437471 (LSHO)
[2025-06-02 11:30:08.845] [info] Frame 35 (t = 1.3):	 total squared error = 0.0101684, marker error: RMS = 0.0225481, max = 0.0436815 (RSHO)
[2025-06-02 11:30:08.885] [info] Frame 36 (t = 1.31):	 total squared error = 0.0103353, marker error: RMS = 0.0227325, max = 0.044183 (RSHO)
[2025-06-02 11:30:08.918] [info] Frame 37 (t = 1.32):	 total squared error = 0.0105102, marker error: RMS = 0.022924, max = 0.0446365 (RSHO)
[2025-06-02 11:30:08.936] [info] Frame 38 (t = 1.33):	 total squared error = 0.0106899, marker error: RMS = 0.0231191, max = 0.0450296 (RSHO)
[2025-06-02 11:30:09.012] [info] Frame 39 (t = 1.34):	 total squared error = 0.0108563, marker error: RMS = 0.0232984, max = 0.045368 (RSHO)
[2025-06-02 11:30:09.063] [info] Frame 40 (t = 1.35):	 total squared error = 0.0110131, marker error: RMS = 0.023466, max = 0.0456656 (RSHO)
[2025-06-02 11:30:09.116] [info] Frame 41 (t = 1.36):	 total squared error = 0.0111349, marker error: RMS = 0.0235955, max = 0.0458703 (RSHO)
[2025-06-02 11:30:09.218] [info] Frame 42 (t = 1.37):	 total squared error = 0.0112217, marker error: RMS = 0.0236872, max = 0.0459978 (RSHO)
[2025-06-02 11:30:09.252] [info] Frame 43 (t = 1.38):	 total squared error = 0.0112677, marker error: RMS = 0.0237358, max = 0.0460325 (RSHO)
[2025-06-02 11:30:09.273] [info] Frame 44 (t = 1.39):	 total squared error = 0.0112785, marker error: RMS = 0.0237471, max = 0.0460065 (RSHO)
[2025-06-02 11:30:09.301] [info] Frame 45 (t = 1.4):	 total squared error = 0.0112678, marker error: RMS = 0.0237359, max = 0.0458737 (RSHO)
[2025-06-02 11:30:09.324] [info] Frame 46 (t = 1.41):	 total squared error = 0.0112548, marker error: RMS = 0.0237221, max = 0.0457488 (RSHO)
[2025-06-02 11:30:09.339] [info] Frame 47 (t = 1.42):	 total squared error = 0.0112511, marker error: RMS = 0.0237182, max = 0.0456308 (RSHO)
[2025-06-02 11:30:09.357] [info] Frame 48 (t = 1.43):	 total squared error = 0.0112599, marker error: RMS = 0.0237275, max = 0.0455786 (RSHO)
[2025-06-02 11:30:09.368] [info] Frame 49 (t = 1.44):	 total squared error = 0.0112814, marker error: RMS = 0.0237502, max = 0.0456973 (RSHO)
[2025-06-02 11:30:09.387] [info] Frame 50 (t = 1.45):	 total squared error = 0.0113058, marker error: RMS = 0.0237758, max = 0.045766 (RSHO)
[2025-06-02 11:30:09.418] [info] Frame 51 (t = 1.46):	 total squared error = 0.0113201, marker error: RMS = 0.0237909, max = 0.0460009 (RSHO)
[2025-06-02 11:30:09.434] [info] Frame 52 (t = 1.47):	 total squared error = 0.0113157, marker error: RMS = 0.0237862, max = 0.046211 (RSHO)
[2025-06-02 11:30:09.465] [info] Frame 53 (t = 1.48):	 total squared error = 0.0112717, marker error: RMS = 0.0237399, max = 0.0464716 (RSHO)
[2025-06-02 11:30:09.475] [info] Frame 54 (t = 1.49):	 total squared error = 0.0111966, marker error: RMS = 0.0236607, max = 0.0466432 (RSHO)
[2025-06-02 11:30:09.494] [info] Frame 55 (t = 1.5):	 total squared error = 0.0110827, marker error: RMS = 0.0235401, max = 0.0468844 (RSHO)
[2025-06-02 11:30:09.509] [info] Frame 56 (t = 1.51):	 total squared error = 0.0109482, marker error: RMS = 0.0233968, max = 0.0470535 (RSHO)
[2025-06-02 11:30:09.528] [info] Frame 57 (t = 1.52):	 total squared error = 0.0107992, marker error: RMS = 0.0232371, max = 0.047165 (RSHO)
[2025-06-02 11:30:09.553] [info] Frame 58 (t = 1.53):	 total squared error = 0.0106425, marker error: RMS = 0.0230678, max = 0.0472249 (RSHO)
[2025-06-02 11:30:09.572] [info] Frame 59 (t = 1.54):	 total squared error = 0.0104820, marker error: RMS = 0.0228932, max = 0.0472058 (RSHO)
[2025-06-02 11:30:09.587] [info] Frame 60 (t = 1.55):	 total squared error = 0.0103204, marker error: RMS = 0.022716, max = 0.0471092 (RSHO)
[2025-06-02 11:30:09.606] [info] Frame 61 (t = 1.56):	 total squared error = 0.0101616, marker error: RMS = 0.0225406, max = 0.046937 (RSHO)
[2025-06-02 11:30:09.623] [info] Frame 62 (t = 1.57):	 total squared error = 0.0100114, marker error: RMS = 0.0223734, max = 0.0467899 (LSHO)
[2025-06-02 11:30:09.655] [info] Frame 63 (t = 1.58):	 total squared error = 0.00987740, marker error: RMS = 0.0222232, max = 0.0469759 (LSHO)
[2025-06-02 11:30:09.678] [info] Frame 64 (t = 1.59):	 total squared error = 0.00976725, marker error: RMS = 0.0220989, max = 0.0471821 (LSHO)
[2025-06-02 11:30:09.698] [info] Frame 65 (t = 1.6):	 total squared error = 0.00968750, marker error: RMS = 0.0220085, max = 0.0474357 (LSHO)
[2025-06-02 11:30:09.719] [info] Frame 66 (t = 1.61):	 total squared error = 0.00964150, marker error: RMS = 0.0219562, max = 0.0477623 (LSHO)
[2025-06-02 11:30:09.743] [info] Frame 67 (t = 1.62):	 total squared error = 0.00962832, marker error: RMS = 0.0219412, max = 0.0481064 (LSHO)
[2025-06-02 11:30:09.769] [info] Frame 68 (t = 1.63):	 total squared error = 0.00964438, marker error: RMS = 0.0219595, max = 0.0485225 (LSHO)
[2025-06-02 11:30:09.786] [info] Frame 69 (t = 1.64):	 total squared error = 0.00968825, marker error: RMS = 0.0220094, max = 0.0490779 (LSHO)
[2025-06-02 11:30:09.803] [info] Frame 70 (t = 1.65):	 total squared error = 0.00974162, marker error: RMS = 0.0220699, max = 0.0494982 (LSHO)
[2025-06-02 11:30:09.828] [info] Frame 71 (t = 1.66):	 total squared error = 0.00981170, marker error: RMS = 0.0221492, max = 0.0501397 (LSHO)
[2025-06-02 11:30:09.841] [info] Frame 72 (t = 1.67):	 total squared error = 0.00989176, marker error: RMS = 0.0222393, max = 0.0507738 (LSHO)
[2025-06-02 11:30:09.855] [info] Frame 73 (t = 1.68):	 total squared error = 0.00998089, marker error: RMS = 0.0223393, max = 0.0515194 (LSHO)
[2025-06-02 11:30:09.873] [info] Frame 74 (t = 1.69):	 total squared error = 0.0100770, marker error: RMS = 0.0224467, max = 0.0522458 (LSHO)
[2025-06-02 11:30:09.893] [info] Frame 75 (t = 1.7):	 total squared error = 0.0101850, marker error: RMS = 0.0225665, max = 0.0530043 (LSHO)
[2025-06-02 11:30:09.909] [info] Frame 76 (t = 1.71):	 total squared error = 0.0103074, marker error: RMS = 0.0227018, max = 0.0537117 (LSHO)
[2025-06-02 11:30:09.932] [info] Frame 77 (t = 1.72):	 total squared error = 0.0104440, marker error: RMS = 0.0228517, max = 0.0546892 (LSHO)
[2025-06-02 11:30:09.955] [info] Frame 78 (t = 1.73):	 total squared error = 0.0105990, marker error: RMS = 0.0230207, max = 0.0555533 (LSHO)
[2025-06-02 11:30:09.986] [info] Frame 79 (t = 1.74):	 total squared error = 0.0107712, marker error: RMS = 0.0232069, max = 0.0564333 (LSHO)
[2025-06-02 11:30:10.016] [info] Frame 80 (t = 1.75):	 total squared error = 0.0109579, marker error: RMS = 0.0234072, max = 0.0573105 (LSHO)
[2025-06-02 11:30:10.038] [info] Frame 81 (t = 1.76):	 total squared error = 0.0111536, marker error: RMS = 0.0236153, max = 0.0581264 (LSHO)
[2025-06-02 11:30:10.059] [info] Frame 82 (t = 1.77):	 total squared error = 0.0113522, marker error: RMS = 0.0238246, max = 0.0589182 (LSHO)
[2025-06-02 11:30:10.081] [info] Frame 83 (t = 1.78):	 total squared error = 0.0115468, marker error: RMS = 0.0240279, max = 0.0596377 (LSHO)
[2025-06-02 11:30:10.098] [info] Frame 84 (t = 1.79):	 total squared error = 0.0117311, marker error: RMS = 0.0242189, max = 0.0602867 (LSHO)
[2025-06-02 11:30:10.113] [info] Frame 85 (t = 1.8):	 total squared error = 0.0119, marker error: RMS = 0.0243926, max = 0.0608466 (LSHO)
[2025-06-02 11:30:10.126] [info] Frame 86 (t = 1.81):	 total squared error = 0.0120500, marker error: RMS = 0.0245459, max = 0.0613331 (LSHO)
[2025-06-02 11:30:10.142] [info] Frame 87 (t = 1.82):	 total squared error = 0.0121787, marker error: RMS = 0.0246766, max = 0.0617194 (LSHO)
[2025-06-02 11:30:10.161] [info] Frame 88 (t = 1.83):	 total squared error = 0.0122842, marker error: RMS = 0.0247833, max = 0.0620348 (LSHO)
[2025-06-02 11:30:10.178] [info] Frame 89 (t = 1.84):	 total squared error = 0.012365, marker error: RMS = 0.0248646, max = 0.0622748 (LSHO)
[2025-06-02 11:30:10.193] [info] Frame 90 (t = 1.85):	 total squared error = 0.0124247, marker error: RMS = 0.0249246, max = 0.0624538 (LSHO)
[2025-06-02 11:30:10.212] [info] Frame 91 (t = 1.86):	 total squared error = 0.0124506, marker error: RMS = 0.0249506, max = 0.0626128 (LSHO)
[2025-06-02 11:30:10.226] [info] Frame 92 (t = 1.87):	 total squared error = 0.0124608, marker error: RMS = 0.0249608, max = 0.0626968 (LSHO)
[2025-06-02 11:30:10.236] [info] Frame 93 (t = 1.88):	 total squared error = 0.0124568, marker error: RMS = 0.0249568, max = 0.0627523 (LSHO)
[2025-06-02 11:30:10.268] [info] Frame 94 (t = 1.89):	 total squared error = 0.0124428, marker error: RMS = 0.0249427, max = 0.0629411 (LSHO)
[2025-06-02 11:30:10.281] [info] Frame 95 (t = 1.9):	 total squared error = 0.0124399, marker error: RMS = 0.0249398, max = 0.0630947 (LSHO)
[2025-06-02 11:30:10.297] [info] Frame 96 (t = 1.91):	 total squared error = 0.0124555, marker error: RMS = 0.0249555, max = 0.0632361 (LSHO)
[2025-06-02 11:30:10.310] [info] Frame 97 (t = 1.92):	 total squared error = 0.0124958, marker error: RMS = 0.0249958, max = 0.0634793 (LSHO)
[2025-06-02 11:30:10.326] [info] Frame 98 (t = 1.93):	 total squared error = 0.0125589, marker error: RMS = 0.0250588, max = 0.0636422 (LSHO)
[2025-06-02 11:30:10.341] [info] Frame 99 (t = 1.94):	 total squared error = 0.0126394, marker error: RMS = 0.025139, max = 0.063917 (LSHO)
[2025-06-02 11:30:10.362] [info] Frame 100 (t = 1.95):	 total squared error = 0.0127174, marker error: RMS = 0.0252164, max = 0.0641474 (LSHO)
[2025-06-02 11:30:10.388] [info] Frame 101 (t = 1.96):	 total squared error = 0.0127986, marker error: RMS = 0.0252969, max = 0.0644246 (LSHO)
[2025-06-02 11:30:10.412] [info] Frame 102 (t = 1.97):	 total squared error = 0.0128796, marker error: RMS = 0.0253768, max = 0.0646279 (LSHO)
[2025-06-02 11:30:10.423] [info] Frame 103 (t = 1.98):	 total squared error = 0.0129711, marker error: RMS = 0.0254668, max = 0.0648963 (LSHO)
[2025-06-02 11:30:10.433] [info] Frame 104 (t = 1.99):	 total squared error = 0.0130661, marker error: RMS = 0.0255598, max = 0.0651434 (LSHO)
[2025-06-02 11:30:10.448] [info] Frame 105 (t = 2.0):	 total squared error = 0.0130918, marker error: RMS = 0.025585, max = 0.0654163 (LSHO)
[2025-06-02 11:30:10.462] [info] InverseKinematicsTool completed 106 frames in 3 second(s).
[2025-06-02 11:34:26.176] [info] Loaded model SUBJ01_3d from file SUBJ01_scaledModelAdjusted_3d.osim
[2025-06-02 11:34:51.940] [info] Storage: read data file = SUBJ01_walk_ik_3d.mot (nr=106 nc=26)
[2025-06-02 11:35:07.109] [info] Storage: read data file = SUBJ01_walk_ik_3d.mot (nr=106 nc=26)
[2025-06-02 11:42:34.870] [info] Loaded model SUBJ01_3d from file SUBJ01_exp-tracking_3d.osim
[2025-06-02 11:42:35.496] [info] ExternalForce::grf1 Data source being set to walk_grf
[2025-06-02 11:42:35.496] [info] ExternalForce::grf2 Data source being set to walk_grf
[2025-06-02 11:42:35.496] [info] ExternalForce::grf4 Data source being set to walk_grf
[2025-06-02 11:42:35.526] [info] ExternalForce::grf1 Data source being set to walk_grf
[2025-06-02 11:42:35.526] [info] ExternalForce::grf2 Data source being set to walk_grf
[2025-06-02 11:42:35.526] [info] ExternalForce::grf4 Data source being set to walk_grf
[2025-06-02 11:42:35.560] [info] ExternalForce::grf1 Data source being set to walk_grf
[2025-06-02 11:42:35.560] [info] ExternalForce::grf2 Data source being set to walk_grf
[2025-06-02 11:42:35.560] [info] ExternalForce::grf4 Data source being set to walk_grf
[2025-06-02 11:42:35.587] [info] ExternalForce::grf1 Data source being set to walk_grf
[2025-06-02 11:42:35.587] [info] ExternalForce::grf2 Data source being set to walk_grf
[2025-06-02 11:42:35.587] [info] ExternalForce::grf4 Data source being set to walk_grf
[2025-06-02 11:42:35.620] [info] ExternalForce::grf1 Data source being set to walk_grf
[2025-06-02 11:42:35.620] [info] ExternalForce::grf2 Data source being set to walk_grf
[2025-06-02 11:42:35.620] [info] ExternalForce::grf4 Data source being set to walk_grf
[2025-06-02 11:42:35.653] [info] ExternalForce::grf1 Data source being set to walk_grf
[2025-06-02 11:42:35.654] [info] ExternalForce::grf2 Data source being set to walk_grf
[2025-06-02 11:42:35.654] [info] ExternalForce::grf4 Data source being set to walk_grf
[2025-06-02 11:42:35.697] [info] ExternalForce::grf1 Data source being set to walk_grf
[2025-06-02 11:42:35.697] [info] ExternalForce::grf2 Data source being set to walk_grf
[2025-06-02 11:42:35.697] [info] ExternalForce::grf4 Data source being set to walk_grf
[2025-06-02 11:42:35.718] [info] ExternalForce::grf1 Data source being set to walk_grf
[2025-06-02 11:42:35.718] [info] ExternalForce::grf2 Data source being set to walk_grf
[2025-06-02 11:42:35.718] [info] ExternalForce::grf4 Data source being set to walk_grf
[2025-06-02 11:42:35.747] [info] ExternalForce::grf1 Data source being set to walk_grf
[2025-06-02 11:42:35.748] [info] ExternalForce::grf2 Data source being set to walk_grf
[2025-06-02 11:42:35.748] [info] ExternalForce::grf4 Data source being set to walk_grf
[2025-06-02 11:42:35.786] [info] ExternalForce::grf1 Data source being set to walk_grf
[2025-06-02 11:42:35.786] [info] ExternalForce::grf2 Data source being set to walk_grf
[2025-06-02 11:42:35.786] [info] ExternalForce::grf4 Data source being set to walk_grf
[2025-06-02 11:43:18.544] [info] Loaded model SUBJ01_3d from file SUBJ01_exp-tracking_3d.osim
[2025-06-02 11:43:18.567] [info] ExternalForce::grf1 Data source being set to walk_grf
[2025-06-02 11:43:18.567] [info] ExternalForce::grf2 Data source being set to walk_grf
[2025-06-02 11:43:18.567] [info] ExternalForce::grf4 Data source being set to walk_grf
[2025-06-02 11:43:18.581] [info] ExternalForce::grf1 Data source being set to walk_grf
[2025-06-02 11:43:18.581] [info] ExternalForce::grf2 Data source being set to walk_grf
[2025-06-02 11:43:18.581] [info] ExternalForce::grf4 Data source being set to walk_grf
[2025-06-02 11:43:18.595] [info] ExternalForce::grf1 Data source being set to walk_grf
[2025-06-02 11:43:18.595] [info] ExternalForce::grf2 Data source being set to walk_grf
[2025-06-02 11:43:18.595] [info] ExternalForce::grf4 Data source being set to walk_grf
[2025-06-02 11:43:18.607] [info] ExternalForce::grf1 Data source being set to walk_grf
[2025-06-02 11:43:18.607] [info] ExternalForce::grf2 Data source being set to walk_grf
[2025-06-02 11:43:18.607] [info] ExternalForce::grf4 Data source being set to walk_grf
[2025-06-02 11:43:18.620] [info] ExternalForce::grf1 Data source being set to walk_grf
[2025-06-02 11:43:18.620] [info] ExternalForce::grf2 Data source being set to walk_grf
[2025-06-02 11:43:18.620] [info] ExternalForce::grf4 Data source being set to walk_grf
[2025-06-02 11:43:18.633] [info] ExternalForce::grf1 Data source being set to walk_grf
[2025-06-02 11:43:18.633] [info] ExternalForce::grf2 Data source being set to walk_grf
[2025-06-02 11:43:18.633] [info] ExternalForce::grf4 Data source being set to walk_grf
[2025-06-02 11:43:18.646] [info] ExternalForce::grf1 Data source being set to walk_grf
[2025-06-02 11:43:18.646] [info] ExternalForce::grf2 Data source being set to walk_grf
[2025-06-02 11:43:18.646] [info] ExternalForce::grf4 Data source being set to walk_grf
[2025-06-02 11:43:18.658] [info] ExternalForce::grf1 Data source being set to walk_grf
[2025-06-02 11:43:18.658] [info] ExternalForce::grf2 Data source being set to walk_grf
[2025-06-02 11:43:18.658] [info] ExternalForce::grf4 Data source being set to walk_grf
[2025-06-02 11:43:18.670] [info] ExternalForce::grf1 Data source being set to walk_grf
[2025-06-02 11:43:18.670] [info] ExternalForce::grf2 Data source being set to walk_grf
[2025-06-02 11:43:18.670] [info] ExternalForce::grf4 Data source being set to walk_grf
[2025-06-02 11:43:18.685] [info] ExternalForce::grf1 Data source being set to walk_grf
[2025-06-02 11:43:18.685] [info] ExternalForce::grf2 Data source being set to walk_grf
[2025-06-02 11:43:18.685] [info] ExternalForce::grf4 Data source being set to walk_grf
[2025-06-02 11:43:18.774] [info] ExternalForce::grf1 Data source being set to walk_grf
[2025-06-02 11:43:18.774] [info] ExternalForce::grf2 Data source being set to walk_grf
[2025-06-02 11:43:18.774] [info] ExternalForce::grf4 Data source being set to walk_grf
[2025-06-02 11:43:18.808] [info] ExternalForce::grf1 Data source being set to walk_grf
[2025-06-02 11:43:18.808] [info] ExternalForce::grf2 Data source being set to walk_grf
[2025-06-02 11:43:18.808] [info] ExternalForce::grf4 Data source being set to walk_grf
[2025-06-02 11:43:18.826] [info] ExternalForce::grf1 Data source being set to walk_grf
[2025-06-02 11:43:18.826] [info] ExternalForce::grf2 Data source being set to walk_grf
[2025-06-02 11:43:18.826] [info] ExternalForce::grf4 Data source being set to walk_grf
[2025-06-02 11:43:18.855] [info] ExternalForce::grf1 Data source being set to walk_grf
[2025-06-02 11:43:18.855] [info] ExternalForce::grf2 Data source being set to walk_grf
[2025-06-02 11:43:18.855] [info] ExternalForce::grf4 Data source being set to walk_grf
[2025-06-02 11:43:18.898] [info] ExternalForce::grf1 Data source being set to walk_grf
[2025-06-02 11:43:18.898] [info] ExternalForce::grf2 Data source being set to walk_grf
[2025-06-02 11:43:18.898] [info] ExternalForce::grf4 Data source being set to walk_grf
[2025-06-02 11:43:18.945] [info] ExternalForce::grf1 Data source being set to walk_grf
[2025-06-02 11:43:18.945] [info] ExternalForce::grf2 Data source being set to walk_grf
[2025-06-02 11:43:18.945] [info] ExternalForce::grf4 Data source being set to walk_grf
[2025-06-02 11:43:18.972] [info] ExternalForce::grf1 Data source being set to walk_grf
[2025-06-02 11:43:18.972] [info] ExternalForce::grf2 Data source being set to walk_grf
[2025-06-02 11:43:18.972] [info] ExternalForce::grf4 Data source being set to walk_grf
[2025-06-02 11:43:18.988] [info] ExternalForce::grf1 Data source being set to walk_grf
[2025-06-02 11:43:18.989] [info] ExternalForce::grf2 Data source being set to walk_grf
[2025-06-02 11:43:18.989] [info] ExternalForce::grf4 Data source being set to walk_grf
[2025-06-02 11:43:19.023] [info] ExternalForce::grf1 Data source being set to walk_grf
[2025-06-02 11:43:19.023] [info] ExternalForce::grf2 Data source being set to walk_grf
[2025-06-02 11:43:19.023] [info] ExternalForce::grf4 Data source being set to walk_grf
[2025-06-02 11:43:19.057] [info] ExternalForce::grf1 Data source being set to walk_grf
[2025-06-02 11:43:19.057] [info] ExternalForce::grf2 Data source being set to walk_grf
[2025-06-02 11:43:19.057] [info] ExternalForce::grf4 Data source being set to walk_grf
[2025-06-02 11:43:19.091] [info] ExternalForce::grf1 Data source being set to walk_grf
[2025-06-02 11:43:19.091] [info] ExternalForce::grf2 Data source being set to walk_grf
[2025-06-02 11:43:19.091] [info] ExternalForce::grf4 Data source being set to walk_grf
[2025-06-02 11:43:19.107] [info] ExternalForce::grf1 Data source being set to walk_grf
[2025-06-02 11:43:19.107] [info] ExternalForce::grf2 Data source being set to walk_grf
[2025-06-02 11:43:19.107] [info] ExternalForce::grf4 Data source being set to walk_grf
[2025-06-02 11:43:19.140] [info] ExternalForce::grf1 Data source being set to walk_grf
[2025-06-02 11:43:19.140] [info] ExternalForce::grf2 Data source being set to walk_grf
[2025-06-02 11:43:19.140] [info] ExternalForce::grf4 Data source being set to walk_grf
[2025-06-02 11:43:19.180] [info] ExternalForce::grf1 Data source being set to walk_grf
[2025-06-02 11:43:19.181] [info] ExternalForce::grf2 Data source being set to walk_grf
[2025-06-02 11:43:19.181] [info] ExternalForce::grf4 Data source being set to walk_grf
[2025-06-02 11:43:19.209] [info] ExternalForce::grf1 Data source being set to walk_grf
[2025-06-02 11:43:19.209] [info] ExternalForce::grf2 Data source being set to walk_grf
[2025-06-02 11:43:19.209] [info] ExternalForce::grf4 Data source being set to walk_grf
[2025-06-02 11:43:19.228] [info] ExternalForce::grf1 Data source being set to walk_grf
[2025-06-02 11:43:19.228] [info] ExternalForce::grf2 Data source being set to walk_grf
[2025-06-02 11:43:19.228] [info] ExternalForce::grf4 Data source being set to walk_grf
[2025-06-02 11:43:19.261] [info] ExternalForce::grf1 Data source being set to walk_grf
[2025-06-02 11:43:19.261] [info] ExternalForce::grf2 Data source being set to walk_grf
[2025-06-02 11:43:19.261] [info] ExternalForce::grf4 Data source being set to walk_grf
[2025-06-02 11:43:19.296] [info] ExternalForce::grf1 Data source being set to walk_grf
[2025-06-02 11:43:19.296] [info] ExternalForce::grf2 Data source being set to walk_grf
[2025-06-02 11:43:19.296] [info] ExternalForce::grf4 Data source being set to walk_grf
[2025-06-02 11:43:19.321] [info] ExternalForce::grf1 Data source being set to walk_grf
[2025-06-02 11:43:19.321] [info] ExternalForce::grf2 Data source being set to walk_grf
[2025-06-02 11:43:19.321] [info] ExternalForce::grf4 Data source being set to walk_grf
[2025-06-02 11:43:19.338] [info] ExternalForce::grf1 Data source being set to walk_grf
[2025-06-02 11:43:19.338] [info] ExternalForce::grf2 Data source being set to walk_grf
[2025-06-02 11:43:19.338] [info] ExternalForce::grf4 Data source being set to walk_grf
[2025-06-02 11:43:19.374] [info] ExternalForce::grf1 Data source being set to walk_grf
[2025-06-02 11:43:19.374] [info] ExternalForce::grf2 Data source being set to walk_grf
[2025-06-02 11:43:19.374] [info] ExternalForce::grf4 Data source being set to walk_grf
[2025-06-02 11:43:19.416] [info] ExternalForce::grf1 Data source being set to walk_grf
[2025-06-02 11:43:19.416] [info] ExternalForce::grf2 Data source being set to walk_grf
[2025-06-02 11:43:19.416] [info] ExternalForce::grf4 Data source being set to walk_grf
[2025-06-02 11:43:19.461] [info] ExternalForce::grf1 Data source being set to walk_grf
[2025-06-02 11:43:19.461] [info] ExternalForce::grf2 Data source being set to walk_grf
[2025-06-02 11:43:19.461] [info] ExternalForce::grf4 Data source being set to walk_grf
[2025-06-02 11:43:19.496] [info] ExternalForce::grf1 Data source being set to walk_grf
[2025-06-02 11:43:19.496] [info] ExternalForce::grf2 Data source being set to walk_grf
[2025-06-02 11:43:19.496] [info] ExternalForce::grf4 Data source being set to walk_grf
[2025-06-02 11:43:19.523] [info] ExternalForce::grf1 Data source being set to walk_grf
[2025-06-02 11:43:19.523] [info] ExternalForce::grf2 Data source being set to walk_grf
[2025-06-02 11:43:19.523] [info] ExternalForce::grf4 Data source being set to walk_grf
[2025-06-02 11:43:19.564] [info] ExternalForce::grf1 Data source being set to walk_grf
[2025-06-02 11:43:19.564] [info] ExternalForce::grf2 Data source being set to walk_grf
[2025-06-02 11:43:19.564] [info] ExternalForce::grf4 Data source being set to walk_grf
[2025-06-02 11:43:19.587] [info] ExternalForce::grf1 Data source being set to walk_grf
[2025-06-02 11:43:19.588] [info] ExternalForce::grf2 Data source being set to walk_grf
[2025-06-02 11:43:19.588] [info] ExternalForce::grf4 Data source being set to walk_grf
[2025-06-02 11:43:19.610] [info] ExternalForce::grf1 Data source being set to walk_grf
[2025-06-02 11:43:19.610] [info] ExternalForce::grf2 Data source being set to walk_grf
[2025-06-02 11:43:19.610] [info] ExternalForce::grf4 Data source being set to walk_grf
[2025-06-02 11:43:19.642] [info] ExternalForce::grf1 Data source being set to walk_grf
[2025-06-02 11:43:19.642] [info] ExternalForce::grf2 Data source being set to walk_grf
[2025-06-02 11:43:19.642] [info] ExternalForce::grf4 Data source being set to walk_grf
[2025-06-02 11:43:19.688] [info] ExternalForce::grf1 Data source being set to walk_grf
[2025-06-02 11:43:19.688] [info] ExternalForce::grf2 Data source being set to walk_grf
[2025-06-02 11:43:19.688] [info] ExternalForce::grf4 Data source being set to walk_grf
[2025-06-02 11:43:19.711] [info] ExternalForce::grf1 Data source being set to walk_grf
[2025-06-02 11:43:19.711] [info] ExternalForce::grf2 Data source being set to walk_grf
[2025-06-02 11:43:19.711] [info] ExternalForce::grf4 Data source being set to walk_grf
[2025-06-02 11:43:19.735] [info] ExternalForce::grf1 Data source being set to walk_grf
[2025-06-02 11:43:19.735] [info] ExternalForce::grf2 Data source being set to walk_grf
[2025-06-02 11:43:19.735] [info] ExternalForce::grf4 Data source being set to walk_grf
[2025-06-02 11:43:19.769] [info] ExternalForce::grf1 Data source being set to walk_grf
[2025-06-02 11:43:19.769] [info] ExternalForce::grf2 Data source being set to walk_grf
[2025-06-02 11:43:19.769] [info] ExternalForce::grf4 Data source being set to walk_grf
[2025-06-02 11:43:19.810] [info] ExternalForce::grf1 Data source being set to walk_grf
[2025-06-02 11:43:19.810] [info] ExternalForce::grf2 Data source being set to walk_grf
[2025-06-02 11:43:19.810] [info] ExternalForce::grf4 Data source being set to walk_grf
[2025-06-02 11:43:19.838] [info] ExternalForce::grf1 Data source being set to walk_grf
[2025-06-02 11:43:19.838] [info] ExternalForce::grf2 Data source being set to walk_grf
[2025-06-02 11:43:19.838] [info] ExternalForce::grf4 Data source being set to walk_grf
[2025-06-02 11:43:19.856] [info] ExternalForce::grf1 Data source being set to walk_grf
[2025-06-02 11:43:19.856] [info] ExternalForce::grf2 Data source being set to walk_grf
[2025-06-02 11:43:19.856] [info] ExternalForce::grf4 Data source being set to walk_grf
[2025-06-02 11:43:19.881] [info] ExternalForce::grf1 Data source being set to walk_grf
[2025-06-02 11:43:19.881] [info] ExternalForce::grf2 Data source being set to walk_grf
[2025-06-02 11:43:19.881] [info] ExternalForce::grf4 Data source being set to walk_grf
[2025-06-02 11:43:19.909] [info] ExternalForce::grf1 Data source being set to walk_grf
[2025-06-02 11:43:19.909] [info] ExternalForce::grf2 Data source being set to walk_grf
[2025-06-02 11:43:19.909] [info] ExternalForce::grf4 Data source being set to walk_grf
[2025-06-02 11:43:19.930] [info] ExternalForce::grf1 Data source being set to walk_grf
[2025-06-02 11:43:19.930] [info] ExternalForce::grf2 Data source being set to walk_grf
[2025-06-02 11:43:19.930] [info] ExternalForce::grf4 Data source being set to walk_grf
[2025-06-02 11:43:19.945] [info] ExternalForce::grf1 Data source being set to walk_grf
[2025-06-02 11:43:19.945] [info] ExternalForce::grf2 Data source being set to walk_grf
[2025-06-02 11:43:19.945] [info] ExternalForce::grf4 Data source being set to walk_grf
[2025-06-02 11:43:19.972] [info] ExternalForce::grf1 Data source being set to walk_grf
[2025-06-02 11:43:19.972] [info] ExternalForce::grf2 Data source being set to walk_grf
[2025-06-02 11:43:19.972] [info] ExternalForce::grf4 Data source being set to walk_grf
[2025-06-02 11:43:25.720] [info] Loaded model SUBJ01_3d from file SUBJ01_exp-tracking_3d.osim
[2025-06-02 11:43:25.743] [info] ExternalForce::grf1 Data source being set to walk_grf
[2025-06-02 11:43:25.743] [info] ExternalForce::grf2 Data source being set to walk_grf
[2025-06-02 11:43:25.743] [info] ExternalForce::grf4 Data source being set to walk_grf
[2025-06-02 11:43:25.769] [info] ExternalForce::grf1 Data source being set to walk_grf
[2025-06-02 11:43:25.769] [info] ExternalForce::grf2 Data source being set to walk_grf
[2025-06-02 11:43:25.769] [info] ExternalForce::grf4 Data source being set to walk_grf
[2025-06-02 11:43:25.796] [info] ExternalForce::grf1 Data source being set to walk_grf
[2025-06-02 11:43:25.796] [info] ExternalForce::grf2 Data source being set to walk_grf
[2025-06-02 11:43:25.796] [info] ExternalForce::grf4 Data source being set to walk_grf
[2025-06-02 11:43:25.822] [info] ExternalForce::grf1 Data source being set to walk_grf
[2025-06-02 11:43:25.822] [info] ExternalForce::grf2 Data source being set to walk_grf
[2025-06-02 11:43:25.822] [info] ExternalForce::grf4 Data source being set to walk_grf
[2025-06-02 11:43:25.849] [info] ExternalForce::grf1 Data source being set to walk_grf
[2025-06-02 11:43:25.849] [info] ExternalForce::grf2 Data source being set to walk_grf
[2025-06-02 11:43:25.849] [info] ExternalForce::grf4 Data source being set to walk_grf
[2025-06-02 11:43:25.875] [info] ExternalForce::grf1 Data source being set to walk_grf
[2025-06-02 11:43:25.875] [info] ExternalForce::grf2 Data source being set to walk_grf
[2025-06-02 11:43:25.875] [info] ExternalForce::grf4 Data source being set to walk_grf
[2025-06-02 11:43:25.902] [info] ExternalForce::grf1 Data source being set to walk_grf
[2025-06-02 11:43:25.903] [info] ExternalForce::grf2 Data source being set to walk_grf
[2025-06-02 11:43:25.903] [info] ExternalForce::grf4 Data source being set to walk_grf
[2025-06-02 11:43:25.930] [info] ExternalForce::grf1 Data source being set to walk_grf
[2025-06-02 11:43:25.930] [info] ExternalForce::grf2 Data source being set to walk_grf
[2025-06-02 11:43:25.930] [info] ExternalForce::grf4 Data source being set to walk_grf
[2025-06-02 11:43:25.958] [info] ExternalForce::grf1 Data source being set to walk_grf
[2025-06-02 11:43:25.958] [info] ExternalForce::grf2 Data source being set to walk_grf
[2025-06-02 11:43:25.958] [info] ExternalForce::grf4 Data source being set to walk_grf
[2025-06-02 11:43:25.982] [info] ExternalForce::grf1 Data source being set to walk_grf
[2025-06-02 11:43:25.982] [info] ExternalForce::grf2 Data source being set to walk_grf
[2025-06-02 11:43:25.982] [info] ExternalForce::grf4 Data source being set to walk_grf
[2025-06-02 11:43:35.115] [info] ExternalForce::grf1 Data source being set to walk_grf
[2025-06-02 11:43:35.115] [info] ExternalForce::grf2 Data source being set to walk_grf
[2025-06-02 11:43:35.115] [info] ExternalForce::grf4 Data source being set to walk_grf
[2025-06-02 11:43:35.134] [info] ExternalForce::grf1 Data source being set to walk_grf
[2025-06-02 11:43:35.134] [info] ExternalForce::grf2 Data source being set to walk_grf
[2025-06-02 11:43:35.134] [info] ExternalForce::grf4 Data source being set to walk_grf
[2025-06-02 11:43:35.149] [info] ExternalForce::grf1 Data source being set to walk_grf
[2025-06-02 11:43:35.149] [info] ExternalForce::grf2 Data source being set to walk_grf
[2025-06-02 11:43:35.149] [info] ExternalForce::grf4 Data source being set to walk_grf
[2025-06-02 11:43:35.172] [info] ExternalForce::grf1 Data source being set to walk_grf
[2025-06-02 11:43:35.172] [info] ExternalForce::grf2 Data source being set to walk_grf
[2025-06-02 11:43:35.172] [info] ExternalForce::grf4 Data source being set to walk_grf
[2025-06-02 11:43:35.197] [info] ExternalForce::grf1 Data source being set to walk_grf
[2025-06-02 11:43:35.197] [info] ExternalForce::grf2 Data source being set to walk_grf
[2025-06-02 11:43:35.197] [info] ExternalForce::grf4 Data source being set to walk_grf
[2025-06-02 11:43:35.216] [info] ExternalForce::grf1 Data source being set to walk_grf
[2025-06-02 11:43:35.216] [info] ExternalForce::grf2 Data source being set to walk_grf
[2025-06-02 11:43:35.216] [info] ExternalForce::grf4 Data source being set to walk_grf
[2025-06-02 11:43:35.231] [info] ExternalForce::grf1 Data source being set to walk_grf
[2025-06-02 11:43:35.231] [info] ExternalForce::grf2 Data source being set to walk_grf
[2025-06-02 11:43:35.231] [info] ExternalForce::grf4 Data source being set to walk_grf
[2025-06-02 11:43:35.255] [info] ExternalForce::grf1 Data source being set to walk_grf
[2025-06-02 11:43:35.255] [info] ExternalForce::grf2 Data source being set to walk_grf
[2025-06-02 11:43:35.255] [info] ExternalForce::grf4 Data source being set to walk_grf
[2025-06-02 11:43:38.791] [info] ExternalForce::grf1 Data source being set to walk_grf
[2025-06-02 11:43:38.791] [info] ExternalForce::grf2 Data source being set to walk_grf
[2025-06-02 11:43:38.791] [info] ExternalForce::grf4 Data source being set to walk_grf
[2025-06-02 11:43:38.810] [info] ExternalForce::grf1 Data source being set to walk_grf
[2025-06-02 11:43:38.811] [info] ExternalForce::grf2 Data source being set to walk_grf
[2025-06-02 11:43:38.811] [info] ExternalForce::grf4 Data source being set to walk_grf
[2025-06-02 11:43:38.827] [info] ExternalForce::grf1 Data source being set to walk_grf
[2025-06-02 11:43:38.827] [info] ExternalForce::grf2 Data source being set to walk_grf
[2025-06-02 11:43:38.827] [info] ExternalForce::grf4 Data source being set to walk_grf
[2025-06-02 11:43:38.851] [info] ExternalForce::grf1 Data source being set to walk_grf
[2025-06-02 11:43:38.851] [info] ExternalForce::grf2 Data source being set to walk_grf
[2025-06-02 11:43:38.851] [info] ExternalForce::grf4 Data source being set to walk_grf
[2025-06-02 11:43:38.879] [info] ExternalForce::grf1 Data source being set to walk_grf
[2025-06-02 11:43:38.879] [info] ExternalForce::grf2 Data source being set to walk_grf
[2025-06-02 11:43:38.879] [info] ExternalForce::grf4 Data source being set to walk_grf
[2025-06-02 11:43:38.898] [info] ExternalForce::grf1 Data source being set to walk_grf
[2025-06-02 11:43:38.898] [info] ExternalForce::grf2 Data source being set to walk_grf
[2025-06-02 11:43:38.898] [info] ExternalForce::grf4 Data source being set to walk_grf
[2025-06-02 11:43:38.914] [info] ExternalForce::grf1 Data source being set to walk_grf
[2025-06-02 11:43:38.914] [info] ExternalForce::grf2 Data source being set to walk_grf
[2025-06-02 11:43:38.914] [info] ExternalForce::grf4 Data source being set to walk_grf
[2025-06-02 11:43:38.938] [info] ExternalForce::grf1 Data source being set to walk_grf
[2025-06-02 11:43:38.938] [info] ExternalForce::grf2 Data source being set to walk_grf
[2025-06-02 11:43:38.938] [info] ExternalForce::grf4 Data source being set to walk_grf
[2025-06-02 11:43:38.966] [info] ExternalForce::grf1 Data source being set to walk_grf
[2025-06-02 11:43:38.966] [info] ExternalForce::grf2 Data source being set to walk_grf
[2025-06-02 11:43:38.966] [info] ExternalForce::grf4 Data source being set to walk_grf
[2025-06-02 11:43:38.987] [info] ExternalForce::grf1 Data source being set to walk_grf
[2025-06-02 11:43:38.987] [info] ExternalForce::grf2 Data source being set to walk_grf
[2025-06-02 11:43:38.987] [info] ExternalForce::grf4 Data source being set to walk_grf
[2025-06-02 11:43:39.002] [info] ExternalForce::grf1 Data source being set to walk_grf
[2025-06-02 11:43:39.002] [info] ExternalForce::grf2 Data source being set to walk_grf
[2025-06-02 11:43:39.002] [info] ExternalForce::grf4 Data source being set to walk_grf
[2025-06-02 11:43:39.027] [info] ExternalForce::grf1 Data source being set to walk_grf
[2025-06-02 11:43:39.027] [info] ExternalForce::grf2 Data source being set to walk_grf
[2025-06-02 11:43:39.027] [info] ExternalForce::grf4 Data source being set to walk_grf
[2025-06-02 11:43:39.056] [info] ExternalForce::grf1 Data source being set to walk_grf
[2025-06-02 11:43:39.056] [info] ExternalForce::grf2 Data source being set to walk_grf
[2025-06-02 11:43:39.056] [info] ExternalForce::grf4 Data source being set to walk_grf
[2025-06-02 11:43:39.081] [info] ExternalForce::grf1 Data source being set to walk_grf
[2025-06-02 11:43:39.081] [info] ExternalForce::grf2 Data source being set to walk_grf
[2025-06-02 11:43:39.081] [info] ExternalForce::grf4 Data source being set to walk_grf
[2025-06-02 11:43:39.103] [info] ExternalForce::grf1 Data source being set to walk_grf
[2025-06-02 11:43:39.103] [info] ExternalForce::grf2 Data source being set to walk_grf
[2025-06-02 11:43:39.103] [info] ExternalForce::grf4 Data source being set to walk_grf
[2025-06-02 11:43:39.147] [info] ExternalForce::grf1 Data source being set to walk_grf
[2025-06-02 11:43:39.147] [info] ExternalForce::grf2 Data source being set to walk_grf
[2025-06-02 11:43:39.147] [info] ExternalForce::grf4 Data source being set to walk_grf
[2025-06-02 11:43:39.185] [info] ExternalForce::grf1 Data source being set to walk_grf
[2025-06-02 11:43:39.185] [info] ExternalForce::grf2 Data source being set to walk_grf
[2025-06-02 11:43:39.185] [info] ExternalForce::grf4 Data source being set to walk_grf
[2025-06-02 11:43:39.208] [info] ExternalForce::grf1 Data source being set to walk_grf
[2025-06-02 11:43:39.208] [info] ExternalForce::grf2 Data source being set to walk_grf
[2025-06-02 11:43:39.208] [info] ExternalForce::grf4 Data source being set to walk_grf
[2025-06-02 11:43:39.230] [info] ExternalForce::grf1 Data source being set to walk_grf
[2025-06-02 11:43:39.230] [info] ExternalForce::grf2 Data source being set to walk_grf
[2025-06-02 11:43:39.230] [info] ExternalForce::grf4 Data source being set to walk_grf
[2025-06-02 11:43:39.264] [info] ExternalForce::grf1 Data source being set to walk_grf
[2025-06-02 11:43:39.264] [info] ExternalForce::grf2 Data source being set to walk_grf
[2025-06-02 11:43:39.264] [info] ExternalForce::grf4 Data source being set to walk_grf
[2025-06-02 11:43:39.306] [info] ExternalForce::grf1 Data source being set to walk_grf
[2025-06-02 11:43:39.306] [info] ExternalForce::grf2 Data source being set to walk_grf
[2025-06-02 11:43:39.306] [info] ExternalForce::grf4 Data source being set to walk_grf
[2025-06-02 11:43:39.332] [info] ExternalForce::grf1 Data source being set to walk_grf
[2025-06-02 11:43:39.332] [info] ExternalForce::grf2 Data source being set to walk_grf
[2025-06-02 11:43:39.332] [info] ExternalForce::grf4 Data source being set to walk_grf
[2025-06-02 11:43:39.352] [info] ExternalForce::grf1 Data source being set to walk_grf
[2025-06-02 11:43:39.352] [info] ExternalForce::grf2 Data source being set to walk_grf
[2025-06-02 11:43:39.352] [info] ExternalForce::grf4 Data source being set to walk_grf
[2025-06-02 11:43:39.379] [info] ExternalForce::grf1 Data source being set to walk_grf
[2025-06-02 11:43:39.379] [info] ExternalForce::grf2 Data source being set to walk_grf
[2025-06-02 11:43:39.379] [info] ExternalForce::grf4 Data source being set to walk_grf
[2025-06-02 11:43:39.415] [info] ExternalForce::grf1 Data source being set to walk_grf
[2025-06-02 11:43:39.415] [info] ExternalForce::grf2 Data source being set to walk_grf
[2025-06-02 11:43:39.415] [info] ExternalForce::grf4 Data source being set to walk_grf
[2025-06-02 11:43:39.439] [info] ExternalForce::grf1 Data source being set to walk_grf
[2025-06-02 11:43:39.439] [info] ExternalForce::grf2 Data source being set to walk_grf
[2025-06-02 11:43:39.439] [info] ExternalForce::grf4 Data source being set to walk_grf
[2025-06-02 11:43:39.456] [info] ExternalForce::grf1 Data source being set to walk_grf
[2025-06-02 11:43:39.456] [info] ExternalForce::grf2 Data source being set to walk_grf
[2025-06-02 11:43:39.456] [info] ExternalForce::grf4 Data source being set to walk_grf
[2025-06-02 11:43:39.483] [info] ExternalForce::grf1 Data source being set to walk_grf
[2025-06-02 11:43:39.483] [info] ExternalForce::grf2 Data source being set to walk_grf
[2025-06-02 11:43:39.483] [info] ExternalForce::grf4 Data source being set to walk_grf
[2025-06-02 11:43:39.521] [info] ExternalForce::grf1 Data source being set to walk_grf
[2025-06-02 11:43:39.521] [info] ExternalForce::grf2 Data source being set to walk_grf
[2025-06-02 11:43:39.521] [info] ExternalForce::grf4 Data source being set to walk_grf
[2025-06-02 11:43:39.542] [info] ExternalForce::grf1 Data source being set to walk_grf
[2025-06-02 11:43:39.542] [info] ExternalForce::grf2 Data source being set to walk_grf
[2025-06-02 11:43:39.542] [info] ExternalForce::grf4 Data source being set to walk_grf
[2025-06-02 11:43:39.569] [info] ExternalForce::grf1 Data source being set to walk_grf
[2025-06-02 11:43:39.569] [info] ExternalForce::grf2 Data source being set to walk_grf
[2025-06-02 11:43:39.569] [info] ExternalForce::grf4 Data source being set to walk_grf
[2025-06-02 11:43:39.601] [info] ExternalForce::grf1 Data source being set to walk_grf
[2025-06-02 11:43:39.602] [info] ExternalForce::grf2 Data source being set to walk_grf
[2025-06-02 11:43:39.602] [info] ExternalForce::grf4 Data source being set to walk_grf
[2025-06-02 11:43:56.142] [info] ExternalForce::grf1 Data source being set to walk_grf
[2025-06-02 11:43:56.142] [info] ExternalForce::grf2 Data source being set to walk_grf
[2025-06-02 11:43:56.142] [info] ExternalForce::grf4 Data source being set to walk_grf
[2025-06-02 11:43:56.162] [info] ExternalForce::grf1 Data source being set to walk_grf
[2025-06-02 11:43:56.162] [info] ExternalForce::grf2 Data source being set to walk_grf
[2025-06-02 11:43:56.162] [info] ExternalForce::grf4 Data source being set to walk_grf
[2025-06-02 11:43:56.177] [info] ExternalForce::grf1 Data source being set to walk_grf
[2025-06-02 11:43:56.177] [info] ExternalForce::grf2 Data source being set to walk_grf
[2025-06-02 11:43:56.177] [info] ExternalForce::grf4 Data source being set to walk_grf
[2025-06-02 11:43:56.199] [info] ExternalForce::grf1 Data source being set to walk_grf
[2025-06-02 11:43:56.199] [info] ExternalForce::grf2 Data source being set to walk_grf
[2025-06-02 11:43:56.199] [info] ExternalForce::grf4 Data source being set to walk_grf
[2025-06-02 11:43:56.227] [info] ExternalForce::grf1 Data source being set to walk_grf
[2025-06-02 11:43:56.227] [info] ExternalForce::grf2 Data source being set to walk_grf
[2025-06-02 11:43:56.227] [info] ExternalForce::grf4 Data source being set to walk_grf
[2025-06-02 11:43:56.244] [info] ExternalForce::grf1 Data source being set to walk_grf
[2025-06-02 11:43:56.244] [info] ExternalForce::grf2 Data source being set to walk_grf
[2025-06-02 11:43:56.244] [info] ExternalForce::grf4 Data source being set to walk_grf
[2025-06-02 11:43:56.259] [info] ExternalForce::grf1 Data source being set to walk_grf
[2025-06-02 11:43:56.259] [info] ExternalForce::grf2 Data source being set to walk_grf
[2025-06-02 11:43:56.259] [info] ExternalForce::grf4 Data source being set to walk_grf
[2025-06-02 11:43:56.282] [info] ExternalForce::grf1 Data source being set to walk_grf
[2025-06-02 11:43:56.282] [info] ExternalForce::grf2 Data source being set to walk_grf
[2025-06-02 11:43:56.282] [info] ExternalForce::grf4 Data source being set to walk_grf
[2025-06-02 11:44:01.998] [info] ExternalForce::grf1 Data source being set to walk_grf
[2025-06-02 11:44:01.998] [info] ExternalForce::grf2 Data source being set to walk_grf
[2025-06-02 11:44:01.998] [info] ExternalForce::grf4 Data source being set to walk_grf
[2025-06-02 11:44:02.015] [info] ExternalForce::grf1 Data source being set to walk_grf
[2025-06-02 11:44:02.015] [info] ExternalForce::grf2 Data source being set to walk_grf
[2025-06-02 11:44:02.015] [info] ExternalForce::grf4 Data source being set to walk_grf
[2025-06-02 11:44:02.029] [info] ExternalForce::grf1 Data source being set to walk_grf
[2025-06-02 11:44:02.029] [info] ExternalForce::grf2 Data source being set to walk_grf
[2025-06-02 11:44:02.029] [info] ExternalForce::grf4 Data source being set to walk_grf
[2025-06-02 11:44:02.052] [info] ExternalForce::grf1 Data source being set to walk_grf
[2025-06-02 11:44:02.052] [info] ExternalForce::grf2 Data source being set to walk_grf
[2025-06-02 11:44:02.052] [info] ExternalForce::grf4 Data source being set to walk_grf
[2025-06-02 11:44:02.080] [info] ExternalForce::grf1 Data source being set to walk_grf
[2025-06-02 11:44:02.080] [info] ExternalForce::grf2 Data source being set to walk_grf
[2025-06-02 11:44:02.080] [info] ExternalForce::grf4 Data source being set to walk_grf
[2025-06-02 11:44:02.098] [info] ExternalForce::grf1 Data source being set to walk_grf
[2025-06-02 11:44:02.098] [info] ExternalForce::grf2 Data source being set to walk_grf
[2025-06-02 11:44:02.098] [info] ExternalForce::grf4 Data source being set to walk_grf
[2025-06-02 11:44:02.112] [info] ExternalForce::grf1 Data source being set to walk_grf
[2025-06-02 11:44:02.112] [info] ExternalForce::grf2 Data source being set to walk_grf
[2025-06-02 11:44:02.112] [info] ExternalForce::grf4 Data source being set to walk_grf
[2025-06-02 11:44:02.134] [info] ExternalForce::grf1 Data source being set to walk_grf
[2025-06-02 11:44:02.134] [info] ExternalForce::grf2 Data source being set to walk_grf
[2025-06-02 11:44:02.134] [info] ExternalForce::grf4 Data source being set to walk_grf
[2025-06-02 11:44:02.145] [info] ========================================================================
[2025-06-02 11:44:02.145] [info] MocoCasADiSolver starting.
[2025-06-02 11:44:02.145] [info] Mon Jun  2 11:44:02 2025
[2025-06-02 11:44:02.145] [info] ------------------------------------------------------------------------
[2025-06-02 11:44:02.145] [cout] [info] Costs: (total: 3)
[2025-06-02 11:44:02.145] [cout] [info]   state_tracking. MocoStateTrackingGoal, enabled: true, mode: cost, weight: 1.0
[2025-06-02 11:44:02.145] [cout] [info]         state: /jointset/hip_l/hip_flexion_l/value, weight: 1.0
[2025-06-02 11:44:02.145] [cout] [info]         state: /jointset/knee_l/knee_angle_l/value, weight: 1.0
[2025-06-02 11:44:02.145] [cout] [info]         state: /jointset/ankle_l/ankle_angle_l/value, weight: 1.0
[2025-06-02 11:44:02.145] [cout] [info]         state: /jointset/hip_r/hip_flexion_r/value, weight: 1.0
[2025-06-02 11:44:02.145] [cout] [info]         state: /jointset/knee_r/knee_angle_r/value, weight: 1.0
[2025-06-02 11:44:02.145] [cout] [info]         state: /jointset/ankle_r/ankle_angle_r/value, weight: 1.0
[2025-06-02 11:44:02.145] [cout] [info]         state: /jointset/lumbar/lumbar_ext/value, weight: 1.0
[2025-06-02 11:44:02.145] [cout] [info]   marker_tracking. MocoMarkerTrackingGoal, enabled: true, mode: cost, weight: 10.0
[2025-06-02 11:44:02.145] [cout] [info]         allow unused references: 
[2025-06-02 11:44:02.145] [cout] [info]         tracked marker(s):
[2025-06-02 11:44:02.145] [cout] [info]             LFHD, weight: 1.0
[2025-06-02 11:44:02.145] [cout] [info]             RFHD, weight: 1.0
[2025-06-02 11:44:02.145] [cout] [info]             LBHD, weight: 1.0
[2025-06-02 11:44:02.145] [cout] [info]             RBHD, weight: 1.0
[2025-06-02 11:44:02.145] [cout] [info]             C7, weight: 1.0
[2025-06-02 11:44:02.145] [cout] [info]             T10, weight: 1.0
[2025-06-02 11:44:02.145] [cout] [info]             CLAV, weight: 1.0
[2025-06-02 11:44:02.145] [cout] [info]             STRN, weight: 1.0
[2025-06-02 11:44:02.145] [cout] [info]             LSHO, weight: 1.0
[2025-06-02 11:44:02.145] [cout] [info]             LELB, weight: 1.0
[2025-06-02 11:44:02.145] [cout] [info]             LWRA, weight: 1.0
[2025-06-02 11:44:02.145] [cout] [info]             LWRB, weight: 1.0
[2025-06-02 11:44:02.145] [cout] [info]             LFIN, weight: 1.0
[2025-06-02 11:44:02.145] [cout] [info]             RSHO, weight: 1.0
[2025-06-02 11:44:02.145] [cout] [info]             RELB, weight: 1.0
[2025-06-02 11:44:02.145] [cout] [info]             RWRA, weight: 1.0
[2025-06-02 11:44:02.145] [cout] [info]             RWRB, weight: 1.0
[2025-06-02 11:44:02.145] [cout] [info]             RFIN, weight: 1.0
[2025-06-02 11:44:02.145] [cout] [info]             LASI, weight: 1.0
[2025-06-02 11:44:02.145] [cout] [info]             RASI, weight: 1.0
[2025-06-02 11:44:02.145] [cout] [info]             SACR, weight: 1.0
[2025-06-02 11:44:02.145] [cout] [info]             LTHI, weight: 1.0
[2025-06-02 11:44:02.145] [cout] [info]             LKNE, weight: 1.0
[2025-06-02 11:44:02.145] [cout] [info]             LTIB, weight: 1.0
[2025-06-02 11:44:02.145] [cout] [info]             LANK, weight: 1.0
[2025-06-02 11:44:02.145] [cout] [info]             LHEE, weight: 1.0
[2025-06-02 11:44:02.145] [cout] [info]             LTOE, weight: 1.0
[2025-06-02 11:44:02.145] [cout] [info]             RTHI, weight: 1.0
[2025-06-02 11:44:02.145] [cout] [info]             RKNE, weight: 1.0
[2025-06-02 11:44:02.145] [cout] [info]             RTIB, weight: 1.0
[2025-06-02 11:44:02.145] [cout] [info]             RANK, weight: 1.0
[2025-06-02 11:44:02.145] [cout] [info]             RHEE, weight: 1.0
[2025-06-02 11:44:02.145] [cout] [info]             RTOE, weight: 1.0
[2025-06-02 11:44:02.145] [cout] [info]   control_effort. MocoControlGoal, enabled: true, mode: cost, weight: 0.00100000
[2025-06-02 11:44:02.145] [cout] [info]         control: /forceset/pelvis_tx_residual, weight: 1.0
[2025-06-02 11:44:02.145] [cout] [info]         control: /forceset/pelvis_ty_residual, weight: 1.0
[2025-06-02 11:44:02.145] [cout] [info]         control: /forceset/pelvis_tz_residual, weight: 1.0
[2025-06-02 11:44:02.145] [cout] [info]         control: /forceset/pelvis_tilt_residual, weight: 1.0
[2025-06-02 11:44:02.145] [cout] [info]         control: /forceset/pelvis_list_residual, weight: 1.0
[2025-06-02 11:44:02.145] [cout] [info]         control: /forceset/pelvis_rotation_residual, weight: 1.0
[2025-06-02 11:44:02.145] [cout] [info]         control: /forceset/hip_flexion_r_torque, weight: 1.0
[2025-06-02 11:44:02.145] [cout] [info]         control: /forceset/hip_adduction_r_torque, weight: 1.0
[2025-06-02 11:44:02.145] [cout] [info]         control: /forceset/hip_rotation_r_torque, weight: 1.0
[2025-06-02 11:44:02.145] [cout] [info]         control: /forceset/knee_angle_r_torque, weight: 1.0
[2025-06-02 11:44:02.145] [cout] [info]         control: /forceset/ankle_angle_r_torque, weight: 1.0
[2025-06-02 11:44:02.145] [cout] [info]         control: /forceset/hip_flexion_l_torque, weight: 1.0
[2025-06-02 11:44:02.145] [cout] [info]         control: /forceset/hip_adduction_l_torque, weight: 1.0
[2025-06-02 11:44:02.145] [cout] [info]         control: /forceset/hip_rotation_l_torque, weight: 1.0
[2025-06-02 11:44:02.145] [cout] [info]         control: /forceset/knee_angle_l_torque, weight: 1.0
[2025-06-02 11:44:02.145] [cout] [info]         control: /forceset/ankle_angle_l_torque, weight: 1.0
[2025-06-02 11:44:02.145] [cout] [info]         control: /forceset/lumbar_ext_torque, weight: 1.0
[2025-06-02 11:44:02.145] [cout] [info]         control: /forceset/lumbar_bend_torque, weight: 1.0
[2025-06-02 11:44:02.145] [cout] [info]         control: /forceset/lumbar_rota_torque, weight: 1.0
[2025-06-02 11:44:02.145] [cout] [info] Endpoint constraints: none
[2025-06-02 11:44:02.145] [cout] [info] Kinematic constraints: (total: 2)
[2025-06-02 11:44:02.147] [cout] [info]   kinematic_constraint_cid21. MocoConstraintInfo. number of scalar equations: 3. bounds: 0, 0, 0
[2025-06-02 11:44:02.147] [cout] [info]   kinematic_constraint_cid22. MocoConstraintInfo. number of scalar equations: 3. bounds: 0, 0, 0
[2025-06-02 11:44:02.147] [cout] [info] Path constraints: none
[2025-06-02 11:44:02.147] [cout] [info] States: (total: 42)
[2025-06-02 11:44:02.147] [cout] [info]   /jointset/ground_pelvis/pelvis_tilt/value. bounds: [-1.5708, 1.5708]
[2025-06-02 11:44:02.147] [cout] [info]   /jointset/ground_pelvis/pelvis_list/value. bounds: [-1.5708, 1.5708]
[2025-06-02 11:44:02.147] [cout] [info]   /jointset/ground_pelvis/pelvis_rotation/value. bounds: [-1.5708, 1.5708]
[2025-06-02 11:44:02.147] [cout] [info]   /jointset/ground_pelvis/pelvis_tx/value. bounds: [-5, 5]
[2025-06-02 11:44:02.147] [cout] [info]   /jointset/knee_r/knee_angle_r/speed. bounds: [-50, 50]
[2025-06-02 11:44:02.147] [cout] [info]   /jointset/ankle_l/ankle_angle_l/value. bounds: [-0.698132, 0.523599]
[2025-06-02 11:44:02.147] [cout] [info]   /jointset/ground_pelvis/pelvis_ty/value. bounds: [-3, 3]
[2025-06-02 11:44:02.147] [cout] [info]   /jointset/hip_l/hip_rotation_l/value. bounds: [-0.698132, 0.698132]
[2025-06-02 11:44:02.147] [cout] [info]   /jointset/ground_pelvis/pelvis_tz/value. bounds: [-3, 3]
[2025-06-02 11:44:02.147] [cout] [info]   /jointset/knee_l/knee_angle_l/speed. bounds: [-50, 50]
[2025-06-02 11:44:02.147] [cout] [info]   /jointset/hip_l/hip_flexion_l/value. bounds: [-0.523599, 2.0944]
[2025-06-02 11:44:02.147] [cout] [info]   /jointset/hip_l/hip_adduction_l/value. bounds: [-0.872665, 0.523599]
[2025-06-02 11:44:02.147] [cout] [info]   /jointset/hip_r/hip_adduction_r/speed. bounds: [-50, 50]
[2025-06-02 11:44:02.147] [cout] [info]   /jointset/ankle_r/ankle_angle_r/value. bounds: [-0.698132, 0.523599]
[2025-06-02 11:44:02.147] [cout] [info]   /jointset/hip_r/hip_flexion_r/value. bounds: [-0.523599, 2.0944]
[2025-06-02 11:44:02.147] [cout] [info]   /jointset/lumbar/lumbar_ext/speed. bounds: [-50, 50]
[2025-06-02 11:44:02.147] [cout] [info]   /jointset/hip_r/hip_adduction_r/value. bounds: [-0.872665, 0.523599]
[2025-06-02 11:44:02.147] [cout] [info]   /jointset/lumbar/lumbar_rota/value. bounds: [-1.5708, 1.5708]
[2025-06-02 11:44:02.147] [cout] [info]   /jointset/hip_r/hip_rotation_r/value. bounds: [-0.698132, 0.698132]
[2025-06-02 11:44:02.147] [cout] [info]   /jointset/knee_l/knee_angle_l/value. bounds: [-2.0944, 0]
[2025-06-02 11:44:02.147] [cout] [info]   /jointset/knee_r/knee_angle_r/value. bounds: [-2.0944, 0]
[2025-06-02 11:44:02.147] [cout] [info]   /jointset/lumbar/lumbar_ext/value. bounds: [-1.5708, 1.5708]
[2025-06-02 11:44:02.147] [cout] [info]   /jointset/lumbar/lumbar_bend/value. bounds: [-1.5708, 1.5708]
[2025-06-02 11:44:02.147] [cout] [info]   /jointset/ground_pelvis/pelvis_tilt/speed. bounds: [-50, 50]
[2025-06-02 11:44:02.147] [cout] [info]   /jointset/ground_pelvis/pelvis_list/speed. bounds: [-50, 50]
[2025-06-02 11:44:02.147] [cout] [info]   /jointset/ground_pelvis/pelvis_rotation/speed. bounds: [-50, 50]
[2025-06-02 11:44:02.147] [cout] [info]   /jointset/ground_pelvis/pelvis_tx/speed. bounds: [-50, 50]
[2025-06-02 11:44:02.147] [cout] [info]   /jointset/ankle_l/ankle_angle_l/speed. bounds: [-50, 50]
[2025-06-02 11:44:02.147] [cout] [info]   /jointset/ground_pelvis/pelvis_ty/speed. bounds: [-50, 50]
[2025-06-02 11:44:02.147] [cout] [info]   /jointset/hip_l/hip_rotation_l/speed. bounds: [-50, 50]
[2025-06-02 11:44:02.147] [cout] [info]   /jointset/ground_pelvis/pelvis_tz/speed. bounds: [-50, 50]
[2025-06-02 11:44:02.147] [cout] [info]   /jointset/hip_l/hip_flexion_l/speed. bounds: [-50, 50]
[2025-06-02 11:44:02.147] [cout] [info]   /jointset/hip_l/hip_adduction_l/speed. bounds: [-50, 50]
[2025-06-02 11:44:02.147] [cout] [info]   /jointset/ankle_r/ankle_angle_r/speed. bounds: [-50, 50]
[2025-06-02 11:44:02.147] [cout] [info]   /jointset/hip_r/hip_flexion_r/speed. bounds: [-50, 50]
[2025-06-02 11:44:02.147] [cout] [info]   /jointset/lumbar/lumbar_rota/speed. bounds: [-50, 50]
[2025-06-02 11:44:02.147] [cout] [info]   /jointset/hip_r/hip_rotation_r/speed. bounds: [-50, 50]
[2025-06-02 11:44:02.147] [cout] [info]   /jointset/patellofemoral_l/knee_angle_l_beta/value. bounds: [-10, 10]
[2025-06-02 11:44:02.147] [cout] [info]   /jointset/patellofemoral_l/knee_angle_l_beta/speed. bounds: [-50, 50]
[2025-06-02 11:44:02.147] [cout] [info]   /jointset/patellofemoral_r/knee_angle_r_beta/value. bounds: [-10, 10]
[2025-06-02 11:44:02.147] [cout] [info]   /jointset/patellofemoral_r/knee_angle_r_beta/speed. bounds: [-50, 50]
[2025-06-02 11:44:02.147] [cout] [info]   /jointset/lumbar/lumbar_bend/speed. bounds: [-50, 50]
[2025-06-02 11:44:02.147] [cout] [info] Controls: (total: 19)
[2025-06-02 11:44:02.147] [cout] [info]   /forceset/pelvis_tx_residual. bounds: [-inf, inf]
[2025-06-02 11:44:02.147] [cout] [info]   /forceset/ankle_angle_r_torque. bounds: [-inf, inf]
[2025-06-02 11:44:02.147] [cout] [info]   /forceset/pelvis_ty_residual. bounds: [-inf, inf]
[2025-06-02 11:44:02.147] [cout] [info]   /forceset/pelvis_tz_residual. bounds: [-inf, inf]
[2025-06-02 11:44:02.147] [cout] [info]   /forceset/pelvis_tilt_residual. bounds: [-inf, inf]
[2025-06-02 11:44:02.147] [cout] [info]   /forceset/pelvis_list_residual. bounds: [-inf, inf]
[2025-06-02 11:44:02.147] [cout] [info]   /forceset/pelvis_rotation_residual. bounds: [-inf, inf]
[2025-06-02 11:44:02.147] [cout] [info]   /forceset/hip_adduction_l_torque. bounds: [-inf, inf]
[2025-06-02 11:44:02.147] [cout] [info]   /forceset/hip_flexion_r_torque. bounds: [-inf, inf]
[2025-06-02 11:44:02.147] [cout] [info]   /forceset/hip_flexion_l_torque. bounds: [-inf, inf]
[2025-06-02 11:44:02.147] [cout] [info]   /forceset/hip_adduction_r_torque. bounds: [-inf, inf]
[2025-06-02 11:44:02.147] [cout] [info]   /forceset/hip_rotation_r_torque. bounds: [-inf, inf]
[2025-06-02 11:44:02.147] [cout] [info]   /forceset/knee_angle_r_torque. bounds: [-inf, inf]
[2025-06-02 11:44:02.147] [cout] [info]   /forceset/hip_rotation_l_torque. bounds: [-inf, inf]
[2025-06-02 11:44:02.147] [cout] [info]   /forceset/knee_angle_l_torque. bounds: [-inf, inf]
[2025-06-02 11:44:02.147] [cout] [info]   /forceset/ankle_angle_l_torque. bounds: [-inf, inf]
[2025-06-02 11:44:02.147] [cout] [info]   /forceset/lumbar_ext_torque. bounds: [-inf, inf]
[2025-06-02 11:44:02.147] [cout] [info]   /forceset/lumbar_bend_torque. bounds: [-inf, inf]
[2025-06-02 11:44:02.147] [cout] [info]   /forceset/lumbar_rota_torque. bounds: [-inf, inf]
[2025-06-02 11:44:02.147] [cout] [info] Parameters: none
[2025-06-02 11:44:02.165] [info] ExternalForce::grf1 Data source being set to walk_grf
[2025-06-02 11:44:02.165] [info] ExternalForce::grf2 Data source being set to walk_grf
[2025-06-02 11:44:02.165] [info] ExternalForce::grf4 Data source being set to walk_grf
[2025-06-02 11:44:02.183] [info] ExternalForce::grf1 Data source being set to walk_grf
[2025-06-02 11:44:02.183] [info] ExternalForce::grf2 Data source being set to walk_grf
[2025-06-02 11:44:02.183] [info] ExternalForce::grf4 Data source being set to walk_grf
[2025-06-02 11:44:02.197] [info] ExternalForce::grf1 Data source being set to walk_grf
[2025-06-02 11:44:02.197] [info] ExternalForce::grf2 Data source being set to walk_grf
[2025-06-02 11:44:02.197] [info] ExternalForce::grf4 Data source being set to walk_grf
[2025-06-02 11:44:02.220] [info] ExternalForce::grf1 Data source being set to walk_grf
[2025-06-02 11:44:02.220] [info] ExternalForce::grf2 Data source being set to walk_grf
[2025-06-02 11:44:02.220] [info] ExternalForce::grf4 Data source being set to walk_grf
[2025-06-02 11:44:02.247] [info] ExternalForce::grf1 Data source being set to walk_grf
[2025-06-02 11:44:02.247] [info] ExternalForce::grf2 Data source being set to walk_grf
[2025-06-02 11:44:02.247] [info] ExternalForce::grf4 Data source being set to walk_grf
[2025-06-02 11:44:02.268] [info] ExternalForce::grf1 Data source being set to walk_grf
[2025-06-02 11:44:02.268] [info] ExternalForce::grf2 Data source being set to walk_grf
[2025-06-02 11:44:02.268] [info] ExternalForce::grf4 Data source being set to walk_grf
[2025-06-02 11:44:02.286] [info] ExternalForce::grf1 Data source being set to walk_grf
[2025-06-02 11:44:02.286] [info] ExternalForce::grf2 Data source being set to walk_grf
[2025-06-02 11:44:02.286] [info] ExternalForce::grf4 Data source being set to walk_grf
[2025-06-02 11:44:02.317] [info] ExternalForce::grf1 Data source being set to walk_grf
[2025-06-02 11:44:02.317] [info] ExternalForce::grf2 Data source being set to walk_grf
[2025-06-02 11:44:02.317] [info] ExternalForce::grf4 Data source being set to walk_grf
[2025-06-02 11:44:02.352] [info] ExternalForce::grf1 Data source being set to walk_grf
[2025-06-02 11:44:02.352] [info] ExternalForce::grf2 Data source being set to walk_grf
[2025-06-02 11:44:02.352] [info] ExternalForce::grf4 Data source being set to walk_grf
[2025-06-02 11:44:02.380] [info] ExternalForce::grf1 Data source being set to walk_grf
[2025-06-02 11:44:02.380] [info] ExternalForce::grf2 Data source being set to walk_grf
[2025-06-02 11:44:02.380] [info] ExternalForce::grf4 Data source being set to walk_grf
[2025-06-02 11:44:02.395] [info] ExternalForce::grf1 Data source being set to walk_grf
[2025-06-02 11:44:02.396] [info] ExternalForce::grf2 Data source being set to walk_grf
[2025-06-02 11:44:02.396] [info] ExternalForce::grf4 Data source being set to walk_grf
[2025-06-02 11:44:02.424] [info] ExternalForce::grf1 Data source being set to walk_grf
[2025-06-02 11:44:02.424] [info] ExternalForce::grf2 Data source being set to walk_grf
[2025-06-02 11:44:02.424] [info] ExternalForce::grf4 Data source being set to walk_grf
[2025-06-02 11:44:02.458] [info] ExternalForce::grf1 Data source being set to walk_grf
[2025-06-02 11:44:02.458] [info] ExternalForce::grf2 Data source being set to walk_grf
[2025-06-02 11:44:02.458] [info] ExternalForce::grf4 Data source being set to walk_grf
[2025-06-02 11:44:02.478] [info] ExternalForce::grf1 Data source being set to walk_grf
[2025-06-02 11:44:02.478] [info] ExternalForce::grf2 Data source being set to walk_grf
[2025-06-02 11:44:02.478] [info] ExternalForce::grf4 Data source being set to walk_grf
[2025-06-02 11:44:02.494] [info] ExternalForce::grf1 Data source being set to walk_grf
[2025-06-02 11:44:02.494] [info] ExternalForce::grf2 Data source being set to walk_grf
[2025-06-02 11:44:02.494] [info] ExternalForce::grf4 Data source being set to walk_grf
[2025-06-02 11:44:02.519] [info] ExternalForce::grf1 Data source being set to walk_grf
[2025-06-02 11:44:02.519] [info] ExternalForce::grf2 Data source being set to walk_grf
[2025-06-02 11:44:02.519] [info] ExternalForce::grf4 Data source being set to walk_grf
[2025-06-02 11:44:02.552] [info] ExternalForce::grf1 Data source being set to walk_grf
[2025-06-02 11:44:02.552] [info] ExternalForce::grf2 Data source being set to walk_grf
[2025-06-02 11:44:02.552] [info] ExternalForce::grf4 Data source being set to walk_grf
[2025-06-02 11:44:02.578] [info] ExternalForce::grf1 Data source being set to walk_grf
[2025-06-02 11:44:02.578] [info] ExternalForce::grf2 Data source being set to walk_grf
[2025-06-02 11:44:02.578] [info] ExternalForce::grf4 Data source being set to walk_grf
[2025-06-02 11:44:02.593] [info] ExternalForce::grf1 Data source being set to walk_grf
[2025-06-02 11:44:02.594] [info] ExternalForce::grf2 Data source being set to walk_grf
[2025-06-02 11:44:02.594] [info] ExternalForce::grf4 Data source being set to walk_grf
[2025-06-02 11:44:02.619] [info] ExternalForce::grf1 Data source being set to walk_grf
[2025-06-02 11:44:02.619] [info] ExternalForce::grf2 Data source being set to walk_grf
[2025-06-02 11:44:02.619] [info] ExternalForce::grf4 Data source being set to walk_grf
[2025-06-02 11:44:02.667] [info] ExternalForce::grf1 Data source being set to walk_grf
[2025-06-02 11:44:02.667] [info] ExternalForce::grf2 Data source being set to walk_grf
[2025-06-02 11:44:02.667] [info] ExternalForce::grf4 Data source being set to walk_grf
[2025-06-02 11:44:02.704] [info] ExternalForce::grf1 Data source being set to walk_grf
[2025-06-02 11:44:02.704] [info] ExternalForce::grf2 Data source being set to walk_grf
[2025-06-02 11:44:02.704] [info] ExternalForce::grf4 Data source being set to walk_grf
[2025-06-02 11:44:02.730] [info] ExternalForce::grf1 Data source being set to walk_grf
[2025-06-02 11:44:02.730] [info] ExternalForce::grf2 Data source being set to walk_grf
[2025-06-02 11:44:02.730] [info] ExternalForce::grf4 Data source being set to walk_grf
[2025-06-02 11:44:02.759] [info] ExternalForce::grf1 Data source being set to walk_grf
[2025-06-02 11:44:02.759] [info] ExternalForce::grf2 Data source being set to walk_grf
[2025-06-02 11:44:02.759] [info] ExternalForce::grf4 Data source being set to walk_grf
[2025-06-02 11:44:02.788] [info] ExternalForce::grf1 Data source being set to walk_grf
[2025-06-02 11:44:02.788] [info] ExternalForce::grf2 Data source being set to walk_grf
[2025-06-02 11:44:02.788] [info] ExternalForce::grf4 Data source being set to walk_grf
[2025-06-02 11:44:02.807] [info] ExternalForce::grf1 Data source being set to walk_grf
[2025-06-02 11:44:02.808] [info] ExternalForce::grf2 Data source being set to walk_grf
[2025-06-02 11:44:02.808] [info] ExternalForce::grf4 Data source being set to walk_grf
[2025-06-02 11:44:02.824] [info] ExternalForce::grf1 Data source being set to walk_grf
[2025-06-02 11:44:02.824] [info] ExternalForce::grf2 Data source being set to walk_grf
[2025-06-02 11:44:02.824] [info] ExternalForce::grf4 Data source being set to walk_grf
[2025-06-02 11:44:02.849] [info] ExternalForce::grf1 Data source being set to walk_grf
[2025-06-02 11:44:02.849] [info] ExternalForce::grf2 Data source being set to walk_grf
[2025-06-02 11:44:02.849] [info] ExternalForce::grf4 Data source being set to walk_grf
[2025-06-02 11:44:02.877] [info] ExternalForce::grf1 Data source being set to walk_grf
[2025-06-02 11:44:02.877] [info] ExternalForce::grf2 Data source being set to walk_grf
[2025-06-02 11:44:02.877] [info] ExternalForce::grf4 Data source being set to walk_grf
[2025-06-02 11:44:02.897] [info] ExternalForce::grf1 Data source being set to walk_grf
[2025-06-02 11:44:02.897] [info] ExternalForce::grf2 Data source being set to walk_grf
[2025-06-02 11:44:02.897] [info] ExternalForce::grf4 Data source being set to walk_grf
[2025-06-02 11:44:02.912] [info] ExternalForce::grf1 Data source being set to walk_grf
[2025-06-02 11:44:02.912] [info] ExternalForce::grf2 Data source being set to walk_grf
[2025-06-02 11:44:02.912] [info] ExternalForce::grf4 Data source being set to walk_grf
[2025-06-02 11:44:02.939] [info] ExternalForce::grf1 Data source being set to walk_grf
[2025-06-02 11:44:02.940] [info] ExternalForce::grf2 Data source being set to walk_grf
[2025-06-02 11:44:02.940] [info] ExternalForce::grf4 Data source being set to walk_grf
[2025-06-02 11:44:02.951] [info] Number of threads: 8
[2025-06-02 11:47:54.521] [info] Set log level to Info.
[2025-06-02 11:47:54.530] [info] ------------------------------------------------------------------------
[2025-06-02 11:47:54.531] [info] Elapsed real time: 232 second(s) (3 minute(s), 52 second(s)).
[2025-06-02 11:47:54.531] [info] Mon Jun  2 11:47:54 2025
[2025-06-02 11:47:54.531] [info] MocoCasADiSolver succeeded!
[2025-06-02 11:47:54.531] [info] ========================================================================
[2025-06-02 11:50:59.228] [info] ExternalForce::grf1 Data source being set to walk_grf
[2025-06-02 11:50:59.228] [info] ExternalForce::grf2 Data source being set to walk_grf
[2025-06-02 11:50:59.228] [info] ExternalForce::grf4 Data source being set to walk_grf
[2025-06-02 11:50:59.276] [info] ExternalForce::grf1 Data source being set to walk_grf
[2025-06-02 11:50:59.276] [info] ExternalForce::grf2 Data source being set to walk_grf
[2025-06-02 11:50:59.276] [info] ExternalForce::grf4 Data source being set to walk_grf
[2025-06-02 11:50:59.346] [info] ExternalForce::grf1 Data source being set to walk_grf
[2025-06-02 11:50:59.346] [info] ExternalForce::grf2 Data source being set to walk_grf
[2025-06-02 11:50:59.346] [info] ExternalForce::grf4 Data source being set to walk_grf
[2025-06-02 11:51:44.881] [cout] [info] Exiting visualization.
[2025-06-02 15:13:19.650] [info] Loaded model SUBJ01_3d from file C:\+GitRepos+\optimal-control-weights\datasets\Crienkinge2023\code\..\data\SUBJ01\model\SUBJ01_model_3d.osim
[2025-06-02 15:13:19.651] [warning] Couldn't find file 'r_pelvis.vtp'.
[2025-06-02 15:13:19.651] [warning] Couldn't find file 'l_pelvis.vtp'.
[2025-06-02 15:13:19.651] [warning] Couldn't find file 'sacrum.vtp'.
[2025-06-02 15:13:19.651] [warning] Couldn't find file 'l_femur.vtp'.
[2025-06-02 15:13:19.651] [warning] Couldn't find file 'r_femur.vtp'.
[2025-06-02 15:13:19.652] [warning] Couldn't find file 'l_tibia.vtp'.
[2025-06-02 15:13:19.652] [warning] Couldn't find file 'l_fibula.vtp'.
[2025-06-02 15:13:19.652] [warning] Couldn't find file 'r_tibia.vtp'.
[2025-06-02 15:13:19.652] [warning] Couldn't find file 'r_fibula.vtp'.
[2025-06-02 15:13:19.652] [warning] Couldn't find file 'l_patella.vtp'.
[2025-06-02 15:13:19.653] [warning] Couldn't find file 'r_patella.vtp'.
[2025-06-02 15:13:19.653] [warning] Couldn't find file 'l_talus.vtp'.
[2025-06-02 15:13:19.653] [warning] Couldn't find file 'r_talus.vtp'.
[2025-06-02 15:13:19.653] [warning] Couldn't find file 'l_foot.vtp'.
[2025-06-02 15:13:19.653] [warning] Couldn't find file 'r_foot.vtp'.
[2025-06-02 15:13:19.653] [warning] Couldn't find file 'l_bofoot.vtp'.
[2025-06-02 15:13:19.654] [warning] Couldn't find file 'r_bofoot.vtp'.
[2025-06-02 15:13:19.654] [warning] Couldn't find file 'hat_spine.vtp'.
[2025-06-02 15:13:19.654] [warning] Couldn't find file 'hat_jaw.vtp'.
[2025-06-02 15:13:19.654] [warning] Couldn't find file 'hat_skull.vtp'.
[2025-06-02 15:13:19.654] [warning] Couldn't find file 'hat_ribs_scap.vtp'.
[2025-06-02 15:14:49.990] [info] Loaded model SUBJ01_3d from file C:\+GitRepos+\optimal-control-weights\datasets\Crienkinge2023\code\..\data\SUBJ01\model\SUBJ01_model_3d.osim
[2025-06-02 15:14:49.990] [warning] Couldn't find file 'r_pelvis.vtp'.
[2025-06-02 15:14:49.990] [warning] Couldn't find file 'l_pelvis.vtp'.
[2025-06-02 15:14:49.991] [warning] Couldn't find file 'sacrum.vtp'.
[2025-06-02 15:14:49.991] [warning] Couldn't find file 'l_femur.vtp'.
[2025-06-02 15:14:49.991] [warning] Couldn't find file 'r_femur.vtp'.
[2025-06-02 15:14:49.991] [warning] Couldn't find file 'l_tibia.vtp'.
[2025-06-02 15:14:49.991] [warning] Couldn't find file 'l_fibula.vtp'.
[2025-06-02 15:14:49.991] [warning] Couldn't find file 'r_tibia.vtp'.
[2025-06-02 15:14:49.991] [warning] Couldn't find file 'r_fibula.vtp'.
[2025-06-02 15:14:49.991] [warning] Couldn't find file 'l_patella.vtp'.
[2025-06-02 15:14:49.991] [warning] Couldn't find file 'r_patella.vtp'.
[2025-06-02 15:14:49.991] [warning] Couldn't find file 'l_talus.vtp'.
[2025-06-02 15:14:49.992] [warning] Couldn't find file 'r_talus.vtp'.
[2025-06-02 15:14:49.992] [warning] Couldn't find file 'l_foot.vtp'.
[2025-06-02 15:14:49.992] [warning] Couldn't find file 'r_foot.vtp'.
[2025-06-02 15:14:49.992] [warning] Couldn't find file 'l_bofoot.vtp'.
[2025-06-02 15:14:49.992] [warning] Couldn't find file 'r_bofoot.vtp'.
[2025-06-02 15:14:49.992] [warning] Couldn't find file 'hat_spine.vtp'.
[2025-06-02 15:14:49.992] [warning] Couldn't find file 'hat_jaw.vtp'.
[2025-06-02 15:14:49.992] [warning] Couldn't find file 'hat_skull.vtp'.
[2025-06-02 15:14:49.992] [warning] Couldn't find file 'hat_ribs_scap.vtp'.
[2025-06-02 15:14:50.173] [info] Loaded model SUBJ01_3d from file C:\+GitRepos+\optimal-control-weights\datasets\Crienkinge2023\code\..\data\SUBJ01\model\SUBJ01_model_3d.osim
[2025-06-02 15:14:50.173] [warning] Couldn't find file 'r_pelvis.vtp'.
[2025-06-02 15:14:50.174] [warning] Couldn't find file 'l_pelvis.vtp'.
[2025-06-02 15:14:50.174] [warning] Couldn't find file 'sacrum.vtp'.
[2025-06-02 15:14:50.174] [warning] Couldn't find file 'l_femur.vtp'.
[2025-06-02 15:14:50.174] [warning] Couldn't find file 'r_femur.vtp'.
[2025-06-02 15:14:50.174] [warning] Couldn't find file 'l_tibia.vtp'.
[2025-06-02 15:14:50.174] [warning] Couldn't find file 'l_fibula.vtp'.
[2025-06-02 15:14:50.174] [warning] Couldn't find file 'r_tibia.vtp'.
[2025-06-02 15:14:50.174] [warning] Couldn't find file 'r_fibula.vtp'.
[2025-06-02 15:14:50.174] [warning] Couldn't find file 'l_patella.vtp'.
[2025-06-02 15:14:50.175] [warning] Couldn't find file 'r_patella.vtp'.
[2025-06-02 15:14:50.175] [warning] Couldn't find file 'l_talus.vtp'.
[2025-06-02 15:14:50.175] [warning] Couldn't find file 'r_talus.vtp'.
[2025-06-02 15:14:50.175] [warning] Couldn't find file 'l_foot.vtp'.
[2025-06-02 15:14:50.175] [warning] Couldn't find file 'r_foot.vtp'.
[2025-06-02 15:14:50.175] [warning] Couldn't find file 'l_bofoot.vtp'.
[2025-06-02 15:14:50.175] [warning] Couldn't find file 'r_bofoot.vtp'.
[2025-06-02 15:14:50.175] [warning] Couldn't find file 'hat_spine.vtp'.
[2025-06-02 15:14:50.175] [warning] Couldn't find file 'hat_jaw.vtp'.
[2025-06-02 15:14:50.175] [warning] Couldn't find file 'hat_skull.vtp'.
[2025-06-02 15:14:50.175] [warning] Couldn't find file 'hat_ribs_scap.vtp'.
[2025-06-02 15:14:50.211] [info] AbstractTool SUBJ01_walk_ik_3d loading model C:\+GitRepos+\optimal-control-weights\datasets\Crienkinge2023\code\..\data\SUBJ01\model\SUBJ01_model_3d.osim
[2025-06-02 15:14:50.243] [info] Loaded model SUBJ01_3d from file C:\+GitRepos+\optimal-control-weights\datasets\Crienkinge2023\code\..\data\SUBJ01\model\SUBJ01_model_3d.osim
[2025-06-02 15:14:50.243] [warning] Couldn't find file 'r_pelvis.vtp'.
[2025-06-02 15:14:50.244] [warning] Couldn't find file 'l_pelvis.vtp'.
[2025-06-02 15:14:50.244] [warning] Couldn't find file 'sacrum.vtp'.
[2025-06-02 15:14:50.244] [warning] Couldn't find file 'l_femur.vtp'.
[2025-06-02 15:14:50.244] [warning] Couldn't find file 'r_femur.vtp'.
[2025-06-02 15:14:50.244] [warning] Couldn't find file 'l_tibia.vtp'.
[2025-06-02 15:14:50.244] [warning] Couldn't find file 'l_fibula.vtp'.
[2025-06-02 15:14:50.244] [warning] Couldn't find file 'r_tibia.vtp'.
[2025-06-02 15:14:50.244] [warning] Couldn't find file 'r_fibula.vtp'.
[2025-06-02 15:14:50.244] [warning] Couldn't find file 'l_patella.vtp'.
[2025-06-02 15:14:50.244] [warning] Couldn't find file 'r_patella.vtp'.
[2025-06-02 15:14:50.245] [warning] Couldn't find file 'l_talus.vtp'.
[2025-06-02 15:14:50.245] [warning] Couldn't find file 'r_talus.vtp'.
[2025-06-02 15:14:50.245] [warning] Couldn't find file 'l_foot.vtp'.
[2025-06-02 15:14:50.245] [warning] Couldn't find file 'r_foot.vtp'.
[2025-06-02 15:14:50.245] [warning] Couldn't find file 'l_bofoot.vtp'.
[2025-06-02 15:14:50.245] [warning] Couldn't find file 'r_bofoot.vtp'.
[2025-06-02 15:14:50.245] [warning] Couldn't find file 'hat_spine.vtp'.
[2025-06-02 15:14:50.245] [warning] Couldn't find file 'hat_jaw.vtp'.
[2025-06-02 15:14:50.245] [warning] Couldn't find file 'hat_skull.vtp'.
[2025-06-02 15:14:50.245] [warning] Couldn't find file 'hat_ribs_scap.vtp'.
[2025-06-02 15:14:50.255] [info] No external loads will be applied (external loads file not specified).
[2025-06-02 15:14:50.272] [info] Loading coordinates from file 'C:\+GitRepos+\optimal-control-weights\datasets\Crienkinge2023\code\..\data\SUBJ01\mrs\3d\SUBJ01_walk_ik_3d.mot'.
[2025-06-02 15:14:50.274] [warning] Model::formCompleteStorages():  Did not find column /jointset/subtalar_l/subtalar_angle_l/value in storage object.
[2025-06-02 15:14:50.274] [warning] Model::formCompleteStorages():  Did not find column /jointset/subtalar_r/subtalar_angle_r/value in storage object.
[2025-06-02 15:14:50.274] [warning] Model::formCompleteStorages():  Did not find column /jointset/mtp_l/mtp_angle_l/value in storage object.
[2025-06-02 15:14:50.274] [warning] Model::formCompleteStorages():  Did not find column /jointset/mtp_r/mtp_angle_r/value in storage object.
[2025-06-02 15:14:50.572] [info] Found 101 state vectors with time stamps ranging from 0.95 to 2.0.
[2025-06-02 15:14:50.572] [info] Executing the analyses from 0.960500 to 2.0...
[2025-06-02 15:14:55.718] [info] Printing results of investigation SUBJ01_walk_ik_3d to C:\+GitRepos+\optimal-control-weights\datasets\Crienkinge2023\code\..\data\SUBJ01\mrs\3d\results\MuscleAnalysis
[2025-06-02 15:15:52.987] [info] Loaded model SUBJ01_3d from file C:\+GitRepos+\optimal-control-weights\datasets\Crienkinge2023\code\..\data\SUBJ01\model\SUBJ01_model_3d.osim
[2025-06-02 15:15:52.989] [warning] Couldn't find file 'r_pelvis.vtp'.
[2025-06-02 15:15:52.989] [warning] Couldn't find file 'l_pelvis.vtp'.
[2025-06-02 15:15:52.990] [warning] Couldn't find file 'sacrum.vtp'.
[2025-06-02 15:15:52.990] [warning] Couldn't find file 'l_femur.vtp'.
[2025-06-02 15:15:52.990] [warning] Couldn't find file 'r_femur.vtp'.
[2025-06-02 15:15:52.991] [warning] Couldn't find file 'l_tibia.vtp'.
[2025-06-02 15:15:52.991] [warning] Couldn't find file 'l_fibula.vtp'.
[2025-06-02 15:15:52.991] [warning] Couldn't find file 'r_tibia.vtp'.
[2025-06-02 15:15:52.992] [warning] Couldn't find file 'r_fibula.vtp'.
[2025-06-02 15:15:52.992] [warning] Couldn't find file 'l_patella.vtp'.
[2025-06-02 15:15:52.992] [warning] Couldn't find file 'r_patella.vtp'.
[2025-06-02 15:15:52.992] [warning] Couldn't find file 'l_talus.vtp'.
[2025-06-02 15:15:52.993] [warning] Couldn't find file 'r_talus.vtp'.
[2025-06-02 15:15:52.993] [warning] Couldn't find file 'l_foot.vtp'.
[2025-06-02 15:15:52.994] [warning] Couldn't find file 'r_foot.vtp'.
[2025-06-02 15:15:52.994] [warning] Couldn't find file 'l_bofoot.vtp'.
[2025-06-02 15:15:52.994] [warning] Couldn't find file 'r_bofoot.vtp'.
[2025-06-02 15:15:52.995] [warning] Couldn't find file 'hat_spine.vtp'.
[2025-06-02 15:15:52.995] [warning] Couldn't find file 'hat_jaw.vtp'.
[2025-06-02 15:15:52.995] [warning] Couldn't find file 'hat_skull.vtp'.
[2025-06-02 15:15:52.995] [warning] Couldn't find file 'hat_ribs_scap.vtp'.
[2025-06-02 15:15:57.221] [info] Loaded model SUBJ01_3d from file C:\+GitRepos+\optimal-control-weights\datasets\Crienkinge2023\code\..\data\SUBJ01\model\SUBJ01_model_3d.osim
[2025-06-02 15:15:57.222] [warning] Couldn't find file 'r_pelvis.vtp'.
[2025-06-02 15:15:57.222] [warning] Couldn't find file 'l_pelvis.vtp'.
[2025-06-02 15:15:57.222] [warning] Couldn't find file 'sacrum.vtp'.
[2025-06-02 15:15:57.222] [warning] Couldn't find file 'l_femur.vtp'.
[2025-06-02 15:15:57.222] [warning] Couldn't find file 'r_femur.vtp'.
[2025-06-02 15:15:57.222] [warning] Couldn't find file 'l_tibia.vtp'.
[2025-06-02 15:15:57.223] [warning] Couldn't find file 'l_fibula.vtp'.
[2025-06-02 15:15:57.223] [warning] Couldn't find file 'r_tibia.vtp'.
[2025-06-02 15:15:57.223] [warning] Couldn't find file 'r_fibula.vtp'.
[2025-06-02 15:15:57.223] [warning] Couldn't find file 'l_patella.vtp'.
[2025-06-02 15:15:57.223] [warning] Couldn't find file 'r_patella.vtp'.
[2025-06-02 15:15:57.223] [warning] Couldn't find file 'l_talus.vtp'.
[2025-06-02 15:15:57.223] [warning] Couldn't find file 'r_talus.vtp'.
[2025-06-02 15:15:57.223] [warning] Couldn't find file 'l_foot.vtp'.
[2025-06-02 15:15:57.224] [warning] Couldn't find file 'r_foot.vtp'.
[2025-06-02 15:15:57.224] [warning] Couldn't find file 'l_bofoot.vtp'.
[2025-06-02 15:15:57.224] [warning] Couldn't find file 'r_bofoot.vtp'.
[2025-06-02 15:15:57.224] [warning] Couldn't find file 'hat_spine.vtp'.
[2025-06-02 15:15:57.224] [warning] Couldn't find file 'hat_jaw.vtp'.
[2025-06-02 15:15:57.224] [warning] Couldn't find file 'hat_skull.vtp'.
[2025-06-02 15:15:57.224] [warning] Couldn't find file 'hat_ribs_scap.vtp'.
[2025-06-02 15:15:57.336] [info] Loaded model SUBJ01_3d from file C:\+GitRepos+\optimal-control-weights\datasets\Crienkinge2023\code\..\data\SUBJ01\model\SUBJ01_model_3d.osim
[2025-06-02 15:15:57.337] [warning] Couldn't find file 'r_pelvis.vtp'.
[2025-06-02 15:15:57.337] [warning] Couldn't find file 'l_pelvis.vtp'.
[2025-06-02 15:15:57.337] [warning] Couldn't find file 'sacrum.vtp'.
[2025-06-02 15:15:57.337] [warning] Couldn't find file 'l_femur.vtp'.
[2025-06-02 15:15:57.337] [warning] Couldn't find file 'r_femur.vtp'.
[2025-06-02 15:15:57.337] [warning] Couldn't find file 'l_tibia.vtp'.
[2025-06-02 15:15:57.338] [warning] Couldn't find file 'l_fibula.vtp'.
[2025-06-02 15:15:57.338] [warning] Couldn't find file 'r_tibia.vtp'.
[2025-06-02 15:15:57.338] [warning] Couldn't find file 'r_fibula.vtp'.
[2025-06-02 15:15:57.338] [warning] Couldn't find file 'l_patella.vtp'.
[2025-06-02 15:15:57.338] [warning] Couldn't find file 'r_patella.vtp'.
[2025-06-02 15:15:57.338] [warning] Couldn't find file 'l_talus.vtp'.
[2025-06-02 15:15:57.338] [warning] Couldn't find file 'r_talus.vtp'.
[2025-06-02 15:15:57.338] [warning] Couldn't find file 'l_foot.vtp'.
[2025-06-02 15:15:57.338] [warning] Couldn't find file 'r_foot.vtp'.
[2025-06-02 15:15:57.338] [warning] Couldn't find file 'l_bofoot.vtp'.
[2025-06-02 15:15:57.338] [warning] Couldn't find file 'r_bofoot.vtp'.
[2025-06-02 15:15:57.339] [warning] Couldn't find file 'hat_spine.vtp'.
[2025-06-02 15:15:57.339] [warning] Couldn't find file 'hat_jaw.vtp'.
[2025-06-02 15:15:57.339] [warning] Couldn't find file 'hat_skull.vtp'.
[2025-06-02 15:15:57.339] [warning] Couldn't find file 'hat_ribs_scap.vtp'.
[2025-06-02 15:15:57.350] [info] AbstractTool SUBJ01_walk_ik_3d loading model C:\+GitRepos+\optimal-control-weights\datasets\Crienkinge2023\code\..\data\SUBJ01\model\SUBJ01_model_3d.osim
[2025-06-02 15:15:57.383] [info] Loaded model SUBJ01_3d from file C:\+GitRepos+\optimal-control-weights\datasets\Crienkinge2023\code\..\data\SUBJ01\model\SUBJ01_model_3d.osim
[2025-06-02 15:15:57.384] [warning] Couldn't find file 'r_pelvis.vtp'.
[2025-06-02 15:15:57.384] [warning] Couldn't find file 'l_pelvis.vtp'.
[2025-06-02 15:15:57.384] [warning] Couldn't find file 'sacrum.vtp'.
[2025-06-02 15:15:57.384] [warning] Couldn't find file 'l_femur.vtp'.
[2025-06-02 15:15:57.384] [warning] Couldn't find file 'r_femur.vtp'.
[2025-06-02 15:15:57.384] [warning] Couldn't find file 'l_tibia.vtp'.
[2025-06-02 15:15:57.384] [warning] Couldn't find file 'l_fibula.vtp'.
[2025-06-02 15:15:57.384] [warning] Couldn't find file 'r_tibia.vtp'.
[2025-06-02 15:15:57.384] [warning] Couldn't find file 'r_fibula.vtp'.
[2025-06-02 15:15:57.385] [warning] Couldn't find file 'l_patella.vtp'.
[2025-06-02 15:15:57.385] [warning] Couldn't find file 'r_patella.vtp'.
[2025-06-02 15:15:57.385] [warning] Couldn't find file 'l_talus.vtp'.
[2025-06-02 15:15:57.385] [warning] Couldn't find file 'r_talus.vtp'.
[2025-06-02 15:15:57.385] [warning] Couldn't find file 'l_foot.vtp'.
[2025-06-02 15:15:57.385] [warning] Couldn't find file 'r_foot.vtp'.
[2025-06-02 15:15:57.385] [warning] Couldn't find file 'l_bofoot.vtp'.
[2025-06-02 15:15:57.385] [warning] Couldn't find file 'r_bofoot.vtp'.
[2025-06-02 15:15:57.385] [warning] Couldn't find file 'hat_spine.vtp'.
[2025-06-02 15:15:57.385] [warning] Couldn't find file 'hat_jaw.vtp'.
[2025-06-02 15:15:57.386] [warning] Couldn't find file 'hat_skull.vtp'.
[2025-06-02 15:15:57.386] [warning] Couldn't find file 'hat_ribs_scap.vtp'.
[2025-06-02 15:15:57.392] [info] No external loads will be applied (external loads file not specified).
[2025-06-02 15:15:57.409] [info] Loading coordinates from file 'C:\+GitRepos+\optimal-control-weights\datasets\Crienkinge2023\code\..\data\SUBJ01\mrs\3d\SUBJ01_walk_ik_3d.mot'.
[2025-06-02 15:15:57.411] [warning] Model::formCompleteStorages():  Did not find column /jointset/subtalar_l/subtalar_angle_l/value in storage object.
[2025-06-02 15:15:57.411] [warning] Model::formCompleteStorages():  Did not find column /jointset/subtalar_r/subtalar_angle_r/value in storage object.
[2025-06-02 15:15:57.411] [warning] Model::formCompleteStorages():  Did not find column /jointset/mtp_l/mtp_angle_l/value in storage object.
[2025-06-02 15:15:57.411] [warning] Model::formCompleteStorages():  Did not find column /jointset/mtp_r/mtp_angle_r/value in storage object.
[2025-06-02 15:15:57.736] [info] Found 101 state vectors with time stamps ranging from 0.95 to 2.0.
[2025-06-02 15:15:57.736] [info] Executing the analyses from 0.960500 to 2.0...
[2025-06-02 15:16:02.730] [info] Printing results of investigation SUBJ01_walk_ik_3d to C:\+GitRepos+\optimal-control-weights\datasets\Crienkinge2023\code\..\data\SUBJ01\mrs\3d\results\MuscleAnalysis
[2025-06-02 15:50:37.853] [info] Processing subject ...
[2025-06-02 15:50:37.853] [info] Step 1: Loading generic model
[2025-06-02 15:50:37.914] [info] Loaded model Miller2021_Crienkinge2023 from file c:\+GitRepos+\optimal-control-weights\datasets\Crienkinge2023\model\Miller2021_Crienkinge2023.osim
[2025-06-02 15:50:38.038] [info] Step 2: Scaling generic model
[2025-06-02 15:50:38.060] [info] Loaded marker file ..\data\SUBJ01\static\static.trc (33 markers, 82 frames)
[2025-06-02 15:50:38.060] [info] Measurement 'torso_depth'
[2025-06-02 15:50:38.060] [info] 	pair 0 (C7, CLAV): model = 0.136565, experimental = 0.177766
[2025-06-02 15:50:38.060] [info] 	pair 1 (T10, STRN): model = 0.200328, experimental = 0.273446
[2025-06-02 15:50:38.060] [info] 	overall scale factor = 1.33334
[2025-06-02 15:50:38.060] [info] Measurement 'torso_height'
[2025-06-02 15:50:38.060] [info] 	pair 0 (C7, T10): model = 0.26417, experimental = 0.230914
[2025-06-02 15:50:38.060] [info] 	pair 1 (CLAV, STRN): model = 0.166215, experimental = 0.167186
[2025-06-02 15:50:38.060] [info] 	overall scale factor = 0.939974
[2025-06-02 15:50:38.060] [info] Measurement 'torso_width'
[2025-06-02 15:50:38.060] [info] 	pair 0 (RSHO, LSHO): model = 0.278272, experimental = 0.34416
[2025-06-02 15:50:38.060] [info] 	overall scale factor = 1.23678
[2025-06-02 15:50:38.060] [info] Measurement 'pelvis_depth'
[2025-06-02 15:50:38.060] [info] 	pair 0 (RASI, SACR): model = 0.209427, experimental = 0.221864
[2025-06-02 15:50:38.060] [info] 	pair 1 (LASI, SACR): model = 0.209427, experimental = 0.226713
[2025-06-02 15:50:38.060] [info] 	overall scale factor = 1.07097
[2025-06-02 15:50:38.060] [info] Measurement 'pelvis_height'
[2025-06-02 15:50:38.060] [info] 	pair 0 (RASI, LASI): model = 0.256928, experimental = 0.281719
[2025-06-02 15:50:38.060] [info] 	overall scale factor = 1.09649
[2025-06-02 15:50:38.060] [info] Measurement 'pelvis_width'
[2025-06-02 15:50:38.060] [info] 	pair 0 (RASI, LASI): model = 0.256928, experimental = 0.281719
[2025-06-02 15:50:38.060] [info] 	overall scale factor = 1.09649
[2025-06-02 15:50:38.060] [info] Measurement 'l_thigh'
[2025-06-02 15:50:38.060] [info] 	pair 0 (LASI, LKNE): model = 0.504880, experimental = 0.454182
[2025-06-02 15:50:38.060] [info] 	overall scale factor = 0.899584
[2025-06-02 15:50:38.060] [info] Measurement 'l_patella'
[2025-06-02 15:50:38.060] [info] 	pair 0 (LASI, LKNE): model = 0.504880, experimental = 0.454182
[2025-06-02 15:50:38.060] [info] 	overall scale factor = 0.899584
[2025-06-02 15:50:38.060] [info] Measurement 'l_tibia'
[2025-06-02 15:50:38.060] [info] 	pair 0 (LKNE, LANK): model = 0.399858, experimental = 0.373569
[2025-06-02 15:50:38.060] [info] 	overall scale factor = 0.934253
[2025-06-02 15:50:38.060] [info] Measurement 'l_foot'
[2025-06-02 15:50:38.060] [info] 	pair 0 (LHEE, LTOE): model = 0.205925, experimental = 0.167202
[2025-06-02 15:50:38.060] [info] 	overall scale factor = 0.811955
[2025-06-02 15:50:38.060] [info] Measurement 'r_thigh'
[2025-06-02 15:50:38.060] [info] 	pair 0 (RASI, RKNE): model = 0.504880, experimental = 0.448491
[2025-06-02 15:50:38.060] [info] 	overall scale factor = 0.888311
[2025-06-02 15:50:38.060] [info] Measurement 'r_patella'
[2025-06-02 15:50:38.060] [info] 	pair 0 (RASI, RKNE): model = 0.504880, experimental = 0.448491
[2025-06-02 15:50:38.060] [info] 	overall scale factor = 0.888311
[2025-06-02 15:50:38.060] [info] Measurement 'r_tibia'
[2025-06-02 15:50:38.060] [info] 	pair 0 (RKNE, RANK): model = 0.399858, experimental = 0.381873
[2025-06-02 15:50:38.060] [info] 	overall scale factor = 0.955022
[2025-06-02 15:50:38.060] [info] Measurement 'r_foot'
[2025-06-02 15:50:38.060] [info] 	pair 0 (RHEE, RTOE): model = 0.205925, experimental = 0.169272
[2025-06-02 15:50:38.060] [info] 	overall scale factor = 0.822007
[2025-06-02 15:50:38.157] [info] Wrote model file '..\data\SUBJ01\scaling\SUBJ01_scaledModel_3d.osim' from model.
[2025-06-02 15:50:38.162] [info] Wrote scale file '..\data\SUBJ01\scaling\SUBJ01_scaleSet_3d.xml' for model model.
[2025-06-02 15:50:38.162] [info] Step 3: Placing markers on model
[2025-06-02 15:50:38.176] [info] Loaded marker file ..\data\SUBJ01\static\static.trc (33 markers, 82 frames)
[2025-06-02 15:50:38.176] [info] Averaged frames from time 0.0 to 0.81 in ..\data\SUBJ01\static\static.trc (frames 1 to 82)
[2025-06-02 15:50:38.176] [info] Deleted 12 unused markers from model model.
[2025-06-02 15:50:38.215] [info] Frame at (t = 0.0):	 total squared error = 0.00715819, marker error: RMS = 0.0218452, max = 0.0312957 (RHEE)
[2025-06-02 15:50:38.215] [info] Moved markers in model model to match locations in marker file '..\data\SUBJ01\static\static.trc'.
[2025-06-02 15:50:38.247] [info] Wrote model file '..\data\SUBJ01\scaling\SUBJ01_scaledModelAdjusted_3d.osim' from model model.
[2025-06-02 15:50:38.280] [info] Processing subject ...
[2025-06-02 15:50:38.280] [info] Step 1: Loading generic model
[2025-06-02 15:50:38.321] [info] Loaded model Denton2023_Crienkinge2023 from file c:\+GitRepos+\optimal-control-weights\datasets\Crienkinge2023\model\Denton2023_Crienkinge2023.osim
[2025-06-02 15:50:38.331] [info] Step 2: Scaling generic model
[2025-06-02 15:50:38.344] [info] Loaded marker file ..\data\SUBJ01\static\static.trc (33 markers, 82 frames)
[2025-06-02 15:50:38.344] [info] Measurement 'torso_depth'
[2025-06-02 15:50:38.344] [info] 	pair 0 (C7, CLAV): model = 0.136565, experimental = 0.177766
[2025-06-02 15:50:38.344] [info] 	pair 1 (T10, STRN): model = 0.200328, experimental = 0.273446
[2025-06-02 15:50:38.344] [info] 	overall scale factor = 1.33334
[2025-06-02 15:50:38.344] [info] Measurement 'torso_height'
[2025-06-02 15:50:38.344] [info] 	pair 0 (C7, T10): model = 0.26417, experimental = 0.230914
[2025-06-02 15:50:38.344] [info] 	pair 1 (CLAV, STRN): model = 0.166215, experimental = 0.167186
[2025-06-02 15:50:38.344] [info] 	overall scale factor = 0.939974
[2025-06-02 15:50:38.344] [info] Measurement 'torso_width'
[2025-06-02 15:50:38.344] [info] 	pair 0 (RSHO, LSHO): model = 0.278272, experimental = 0.34416
[2025-06-02 15:50:38.344] [info] 	overall scale factor = 1.23678
[2025-06-02 15:50:38.344] [info] Measurement 'pelvis_depth'
[2025-06-02 15:50:38.344] [info] 	pair 0 (RASI, SACR): model = 0.209427, experimental = 0.221864
[2025-06-02 15:50:38.344] [info] 	pair 1 (LASI, SACR): model = 0.209427, experimental = 0.226713
[2025-06-02 15:50:38.344] [info] 	overall scale factor = 1.07097
[2025-06-02 15:50:38.344] [info] Measurement 'pelvis_height'
[2025-06-02 15:50:38.344] [info] 	pair 0 (RASI, LASI): model = 0.256928, experimental = 0.281719
[2025-06-02 15:50:38.344] [info] 	overall scale factor = 1.09649
[2025-06-02 15:50:38.344] [info] Measurement 'pelvis_width'
[2025-06-02 15:50:38.344] [info] 	pair 0 (RASI, LASI): model = 0.256928, experimental = 0.281719
[2025-06-02 15:50:38.344] [info] 	overall scale factor = 1.09649
[2025-06-02 15:50:38.344] [info] Measurement 'l_thigh'
[2025-06-02 15:50:38.344] [info] 	pair 0 (LASI, LKNE): model = 0.504880, experimental = 0.454182
[2025-06-02 15:50:38.344] [info] 	overall scale factor = 0.899584
[2025-06-02 15:50:38.344] [info] Measurement 'l_patella'
[2025-06-02 15:50:38.344] [info] 	pair 0 (LASI, LKNE): model = 0.504880, experimental = 0.454182
[2025-06-02 15:50:38.344] [info] 	overall scale factor = 0.899584
[2025-06-02 15:50:38.344] [info] Measurement 'l_tibia'
[2025-06-02 15:50:38.344] [info] 	pair 0 (LKNE, LANK): model = 0.399858, experimental = 0.373569
[2025-06-02 15:50:38.344] [info] 	overall scale factor = 0.934253
[2025-06-02 15:50:38.344] [info] Measurement 'l_foot'
[2025-06-02 15:50:38.344] [info] 	pair 0 (LHEE, LTOE): model = 0.205925, experimental = 0.167202
[2025-06-02 15:50:38.344] [info] 	overall scale factor = 0.811955
[2025-06-02 15:50:38.344] [info] Measurement 'r_thigh'
[2025-06-02 15:50:38.344] [info] 	pair 0 (RASI, RKNE): model = 0.504880, experimental = 0.448491
[2025-06-02 15:50:38.344] [info] 	overall scale factor = 0.888311
[2025-06-02 15:50:38.344] [info] Measurement 'r_patella'
[2025-06-02 15:50:38.344] [info] 	pair 0 (RASI, RKNE): model = 0.504880, experimental = 0.448491
[2025-06-02 15:50:38.344] [info] 	overall scale factor = 0.888311
[2025-06-02 15:50:38.344] [info] Measurement 'r_tibia'
[2025-06-02 15:50:38.344] [info] 	pair 0 (RKNE, RANK): model = 0.399858, experimental = 0.381873
[2025-06-02 15:50:38.344] [info] 	overall scale factor = 0.955022
[2025-06-02 15:50:38.344] [info] Measurement 'r_foot'
[2025-06-02 15:50:38.344] [info] 	pair 0 (RHEE, RTOE): model = 0.205925, experimental = 0.169272
[2025-06-02 15:50:38.344] [info] 	overall scale factor = 0.822007
[2025-06-02 15:50:38.372] [info] Wrote model file '..\data\SUBJ01\scaling\SUBJ01_scaledModel_2d.osim' from model.
[2025-06-02 15:50:38.375] [info] Wrote scale file '..\data\SUBJ01\scaling\SUBJ01_scaleSet_2d.xml' for model model.
[2025-06-02 15:50:38.450] [info] Loaded model model from file ..\data\SUBJ01\scaling\SUBJ01_scaledModelAdjusted_3d.osim
[2025-06-02 15:50:38.499] [info] Loaded model model from file ..\data\SUBJ01\scaling\SUBJ01_scaledModel_2d.osim
[2025-06-02 15:50:38.540] [info] Loaded model Miller2021_Crienkinge2023 from file ..\model\Miller2021_Crienkinge2023.osim
[2025-06-02 15:50:38.560] [info] Loaded model Denton2023_Crienkinge2023 from file ..\model\Denton2023_Crienkinge2023.osim
[2025-06-02 15:50:38.657] [info] Loaded model model from file ..\data\SUBJ01\scaling\SUBJ01_scaledModel_3d.osim
[2025-06-02 15:50:38.679] [info] Loaded model model from file ..\data\SUBJ01\scaling\SUBJ01_scaledModel_2d.osim
[2025-06-02 15:50:42.119] [info] Loaded model SUBJ01_3d from file ..\data\SUBJ01\scaling\SUBJ01_scaledModelAdjusted_3d.osim
[2025-06-02 15:50:42.128] [cout] [info] 
               MODEL: SUBJ01_3d
         coordinates: 25
              forces: 113
           actuators: 84
             muscles: 84
            analyses: 0
              probes: 0
              bodies: 14
              joints: 14
         constraints: 2
             markers: 21
         controllers: 0
  contact geometries: 13
misc modelcomponents: 0
[2025-06-02 15:50:42.128] [info] Running tool .
[2025-06-02 15:50:42.199] [info] Frame 0 (t = 0.95):	 total squared error = 0.00897847, marker error: RMS = 0.0211878, max = 0.0473346 (LSHO)
[2025-06-02 15:50:42.221] [info] Frame 1 (t = 0.96):	 total squared error = 0.00888847, marker error: RMS = 0.0210814, max = 0.0471935 (LSHO)
[2025-06-02 15:50:42.249] [info] Frame 2 (t = 0.97):	 total squared error = 0.00877645, marker error: RMS = 0.0209481, max = 0.0469759 (LSHO)
[2025-06-02 15:50:42.271] [info] Frame 3 (t = 0.98):	 total squared error = 0.00865038, marker error: RMS = 0.0207971, max = 0.0467184 (LSHO)
[2025-06-02 15:50:42.295] [info] Frame 4 (t = 0.99):	 total squared error = 0.00851513, marker error: RMS = 0.0206339, max = 0.0464441 (LSHO)
[2025-06-02 15:50:42.322] [info] Frame 5 (t = 1.0):	 total squared error = 0.00837192, marker error: RMS = 0.0204596, max = 0.0460419 (LSHO)
[2025-06-02 15:50:42.359] [info] Frame 6 (t = 1.01):	 total squared error = 0.00822527, marker error: RMS = 0.0202796, max = 0.0456449 (LSHO)
[2025-06-02 15:50:42.392] [info] Frame 7 (t = 1.02):	 total squared error = 0.00807631, marker error: RMS = 0.0200952, max = 0.0451813 (LSHO)
[2025-06-02 15:50:42.421] [info] Frame 8 (t = 1.03):	 total squared error = 0.00792835, marker error: RMS = 0.0199102, max = 0.0448239 (LSHO)
[2025-06-02 15:50:42.445] [info] Frame 9 (t = 1.04):	 total squared error = 0.00778990, marker error: RMS = 0.0197356, max = 0.0443459 (LSHO)
[2025-06-02 15:50:42.466] [info] Frame 10 (t = 1.05):	 total squared error = 0.00766333, marker error: RMS = 0.0195746, max = 0.0439473 (LSHO)
[2025-06-02 15:50:42.498] [info] Frame 11 (t = 1.06):	 total squared error = 0.00756104, marker error: RMS = 0.0194436, max = 0.0436414 (LSHO)
[2025-06-02 15:50:42.525] [info] Frame 12 (t = 1.07):	 total squared error = 0.00748896, marker error: RMS = 0.0193507, max = 0.0433108 (LSHO)
[2025-06-02 15:50:42.553] [info] Frame 13 (t = 1.08):	 total squared error = 0.00744287, marker error: RMS = 0.019291, max = 0.0430581 (LSHO)
[2025-06-02 15:50:42.595] [info] Frame 14 (t = 1.09):	 total squared error = 0.00742208, marker error: RMS = 0.0192641, max = 0.0428742 (LSHO)
[2025-06-02 15:50:42.619] [info] Frame 15 (t = 1.1):	 total squared error = 0.00741769, marker error: RMS = 0.0192584, max = 0.0426336 (LSHO)
[2025-06-02 15:50:42.640] [info] Frame 16 (t = 1.11):	 total squared error = 0.00742313, marker error: RMS = 0.0192654, max = 0.0424951 (LSHO)
[2025-06-02 15:50:42.660] [info] Frame 17 (t = 1.12):	 total squared error = 0.00743234, marker error: RMS = 0.0192774, max = 0.0424659 (LSHO)
[2025-06-02 15:50:42.678] [info] Frame 18 (t = 1.13):	 total squared error = 0.00744171, marker error: RMS = 0.0192895, max = 0.0422197 (LSHO)
[2025-06-02 15:50:42.701] [info] Frame 19 (t = 1.14):	 total squared error = 0.00744929, marker error: RMS = 0.0192993, max = 0.0421569 (LSHO)
[2025-06-02 15:50:42.721] [info] Frame 20 (t = 1.15):	 total squared error = 0.00745420, marker error: RMS = 0.0193057, max = 0.0419479 (LSHO)
[2025-06-02 15:50:42.732] [info] Frame 21 (t = 1.16):	 total squared error = 0.00746003, marker error: RMS = 0.0193132, max = 0.0419846 (LSHO)
[2025-06-02 15:50:42.755] [info] Frame 22 (t = 1.17):	 total squared error = 0.00745500, marker error: RMS = 0.0193067, max = 0.0416025 (LSHO)
[2025-06-02 15:50:42.768] [info] Frame 23 (t = 1.18):	 total squared error = 0.00745514, marker error: RMS = 0.0193069, max = 0.0415558 (LSHO)
[2025-06-02 15:50:42.803] [info] Frame 24 (t = 1.19):	 total squared error = 0.00745069, marker error: RMS = 0.0193011, max = 0.041251 (LSHO)
[2025-06-02 15:50:42.826] [info] Frame 25 (t = 1.2):	 total squared error = 0.00745456, marker error: RMS = 0.0193062, max = 0.0411967 (LSHO)
[2025-06-02 15:50:42.860] [info] Frame 26 (t = 1.21):	 total squared error = 0.00745953, marker error: RMS = 0.0193126, max = 0.0408903 (LSHO)
[2025-06-02 15:50:42.879] [info] Frame 27 (t = 1.22):	 total squared error = 0.00747831, marker error: RMS = 0.0193369, max = 0.0407155 (LSHO)
[2025-06-02 15:50:42.905] [info] Frame 28 (t = 1.23):	 total squared error = 0.00749954, marker error: RMS = 0.0193643, max = 0.0408722 (RSHO)
[2025-06-02 15:50:42.941] [info] Frame 29 (t = 1.24):	 total squared error = 0.00753311, marker error: RMS = 0.0194076, max = 0.0412463 (RSHO)
[2025-06-02 15:50:42.972] [info] Frame 30 (t = 1.25):	 total squared error = 0.00757753, marker error: RMS = 0.0194648, max = 0.041648 (RSHO)
[2025-06-02 15:50:42.991] [info] Frame 31 (t = 1.26):	 total squared error = 0.00763067, marker error: RMS = 0.0195329, max = 0.0420941 (RSHO)
[2025-06-02 15:50:43.002] [info] Frame 32 (t = 1.27):	 total squared error = 0.00769977, marker error: RMS = 0.0196211, max = 0.0425153 (RSHO)
[2025-06-02 15:50:43.021] [info] Frame 33 (t = 1.28):	 total squared error = 0.00776673, marker error: RMS = 0.0197063, max = 0.042962 (RSHO)
[2025-06-02 15:50:43.039] [info] Frame 34 (t = 1.29):	 total squared error = 0.00784126, marker error: RMS = 0.0198006, max = 0.0432533 (RSHO)
[2025-06-02 15:50:43.065] [info] Frame 35 (t = 1.3):	 total squared error = 0.00792518, marker error: RMS = 0.0199063, max = 0.0436096 (RSHO)
[2025-06-02 15:50:43.089] [info] Frame 36 (t = 1.31):	 total squared error = 0.00801635, marker error: RMS = 0.0200204, max = 0.0440094 (RSHO)
[2025-06-02 15:50:43.120] [info] Frame 37 (t = 1.32):	 total squared error = 0.00811377, marker error: RMS = 0.0201417, max = 0.0443642 (RSHO)
[2025-06-02 15:50:43.149] [info] Frame 38 (t = 1.33):	 total squared error = 0.00821655, marker error: RMS = 0.0202689, max = 0.0447101 (RSHO)
[2025-06-02 15:50:43.183] [info] Frame 39 (t = 1.34):	 total squared error = 0.00832343, marker error: RMS = 0.0204003, max = 0.0450614 (RSHO)
[2025-06-02 15:50:43.204] [info] Frame 40 (t = 1.35):	 total squared error = 0.00843301, marker error: RMS = 0.0205341, max = 0.0455203 (RSHO)
[2025-06-02 15:50:43.223] [info] Frame 41 (t = 1.36):	 total squared error = 0.00853722, marker error: RMS = 0.0206606, max = 0.0459344 (RSHO)
[2025-06-02 15:50:43.258] [info] Frame 42 (t = 1.37):	 total squared error = 0.00862300, marker error: RMS = 0.0207642, max = 0.0459792 (RSHO)
[2025-06-02 15:50:43.319] [info] Frame 43 (t = 1.38):	 total squared error = 0.00869745, marker error: RMS = 0.0208536, max = 0.0462414 (RSHO)
[2025-06-02 15:50:43.348] [info] Frame 44 (t = 1.39):	 total squared error = 0.00876132, marker error: RMS = 0.0209300, max = 0.0466207 (RSHO)
[2025-06-02 15:50:43.382] [info] Frame 45 (t = 1.4):	 total squared error = 0.00881116, marker error: RMS = 0.0209895, max = 0.0466684 (RSHO)
[2025-06-02 15:50:43.419] [info] Frame 46 (t = 1.41):	 total squared error = 0.00886771, marker error: RMS = 0.0210567, max = 0.0468195 (RSHO)
[2025-06-02 15:50:43.444] [info] Frame 47 (t = 1.42):	 total squared error = 0.00893232, marker error: RMS = 0.0211333, max = 0.0470019 (RSHO)
[2025-06-02 15:50:43.457] [info] Frame 48 (t = 1.43):	 total squared error = 0.00900180, marker error: RMS = 0.0212153, max = 0.0471872 (RSHO)
[2025-06-02 15:50:43.478] [info] Frame 49 (t = 1.44):	 total squared error = 0.00905946, marker error: RMS = 0.0212832, max = 0.0471307 (RSHO)
[2025-06-02 15:50:43.500] [info] Frame 50 (t = 1.45):	 total squared error = 0.00909402, marker error: RMS = 0.0213237, max = 0.047119 (RSHO)
[2025-06-02 15:50:43.527] [info] Frame 51 (t = 1.46):	 total squared error = 0.00909243, marker error: RMS = 0.0213219, max = 0.0471171 (RSHO)
[2025-06-02 15:50:43.546] [info] Frame 52 (t = 1.47):	 total squared error = 0.00905189, marker error: RMS = 0.0212743, max = 0.0471848 (RSHO)
[2025-06-02 15:50:43.573] [info] Frame 53 (t = 1.48):	 total squared error = 0.00897690, marker error: RMS = 0.021186, max = 0.0468864 (RSHO)
[2025-06-02 15:50:43.593] [info] Frame 54 (t = 1.49):	 total squared error = 0.00888078, marker error: RMS = 0.0210722, max = 0.0467467 (RSHO)
[2025-06-02 15:50:43.608] [info] Frame 55 (t = 1.5):	 total squared error = 0.00877576, marker error: RMS = 0.0209473, max = 0.046549 (RSHO)
[2025-06-02 15:50:43.624] [info] Frame 56 (t = 1.51):	 total squared error = 0.00867324, marker error: RMS = 0.0208245, max = 0.0464337 (RSHO)
[2025-06-02 15:50:43.644] [info] Frame 57 (t = 1.52):	 total squared error = 0.00857879, marker error: RMS = 0.0207109, max = 0.0462729 (RSHO)
[2025-06-02 15:50:43.660] [info] Frame 58 (t = 1.53):	 total squared error = 0.00849172, marker error: RMS = 0.0206055, max = 0.0460742 (RSHO)
[2025-06-02 15:50:43.690] [info] Frame 59 (t = 1.54):	 total squared error = 0.00840419, marker error: RMS = 0.0204990, max = 0.0457653 (RSHO)
[2025-06-02 15:50:43.709] [info] Frame 60 (t = 1.55):	 total squared error = 0.00831227, marker error: RMS = 0.0203866, max = 0.0455028 (RSHO)
[2025-06-02 15:50:43.730] [info] Frame 61 (t = 1.56):	 total squared error = 0.00820963, marker error: RMS = 0.0202603, max = 0.0451659 (RSHO)
[2025-06-02 15:50:43.763] [info] Frame 62 (t = 1.57):	 total squared error = 0.00809190, marker error: RMS = 0.0201145, max = 0.0447908 (RSHO)
[2025-06-02 15:50:43.788] [info] Frame 63 (t = 1.58):	 total squared error = 0.00796920, marker error: RMS = 0.0199615, max = 0.0444095 (RSHO)
[2025-06-02 15:50:43.809] [info] Frame 64 (t = 1.59):	 total squared error = 0.00784606, marker error: RMS = 0.0198066, max = 0.0439404 (RSHO)
[2025-06-02 15:50:43.839] [info] Frame 65 (t = 1.6):	 total squared error = 0.00772975, marker error: RMS = 0.0196593, max = 0.0435746 (RSHO)
[2025-06-02 15:50:43.862] [info] Frame 66 (t = 1.61):	 total squared error = 0.00763388, marker error: RMS = 0.019537, max = 0.0431739 (RSHO)
[2025-06-02 15:50:43.892] [info] Frame 67 (t = 1.62):	 total squared error = 0.00756094, marker error: RMS = 0.0194434, max = 0.0428031 (RSHO)
[2025-06-02 15:50:43.912] [info] Frame 68 (t = 1.63):	 total squared error = 0.00751616, marker error: RMS = 0.0193858, max = 0.0424731 (RSHO)
[2025-06-02 15:50:43.939] [info] Frame 69 (t = 1.64):	 total squared error = 0.00749475, marker error: RMS = 0.0193581, max = 0.0422079 (RSHO)
[2025-06-02 15:50:43.963] [info] Frame 70 (t = 1.65):	 total squared error = 0.00749444, marker error: RMS = 0.0193577, max = 0.0419451 (RSHO)
[2025-06-02 15:50:43.991] [info] Frame 71 (t = 1.66):	 total squared error = 0.00750910, marker error: RMS = 0.0193767, max = 0.0417054 (RSHO)
[2025-06-02 15:50:44.011] [info] Frame 72 (t = 1.67):	 total squared error = 0.00753344, marker error: RMS = 0.0194080, max = 0.0413632 (RSHO)
[2025-06-02 15:50:44.030] [info] Frame 73 (t = 1.68):	 total squared error = 0.00756247, marker error: RMS = 0.0194454, max = 0.0412289 (RSHO)
[2025-06-02 15:50:44.051] [info] Frame 74 (t = 1.69):	 total squared error = 0.00759347, marker error: RMS = 0.0194852, max = 0.0410137 (RSHO)
[2025-06-02 15:50:44.062] [info] Frame 75 (t = 1.7):	 total squared error = 0.00763498, marker error: RMS = 0.0195384, max = 0.0409444 (RSHO)
[2025-06-02 15:50:44.086] [info] Frame 76 (t = 1.71):	 total squared error = 0.00765533, marker error: RMS = 0.0195644, max = 0.0409738 (LSHO)
[2025-06-02 15:50:44.105] [info] Frame 77 (t = 1.72):	 total squared error = 0.00768926, marker error: RMS = 0.0196077, max = 0.0412846 (LSHO)
[2025-06-02 15:50:44.126] [info] Frame 78 (t = 1.73):	 total squared error = 0.00772533, marker error: RMS = 0.0196537, max = 0.0415195 (LSHO)
[2025-06-02 15:50:44.149] [info] Frame 79 (t = 1.74):	 total squared error = 0.00776884, marker error: RMS = 0.0197089, max = 0.0419011 (LSHO)
[2025-06-02 15:50:44.164] [info] Frame 80 (t = 1.75):	 total squared error = 0.00782277, marker error: RMS = 0.0197772, max = 0.0422864 (LSHO)
[2025-06-02 15:50:44.189] [info] Frame 81 (t = 1.76):	 total squared error = 0.00788363, marker error: RMS = 0.019854, max = 0.0426872 (LSHO)
[2025-06-02 15:50:44.208] [info] Frame 82 (t = 1.77):	 total squared error = 0.00795756, marker error: RMS = 0.0199469, max = 0.0431562 (LSHO)
[2025-06-02 15:50:44.227] [info] Frame 83 (t = 1.78):	 total squared error = 0.00803956, marker error: RMS = 0.0200494, max = 0.0435288 (LSHO)
[2025-06-02 15:50:44.257] [info] Frame 84 (t = 1.79):	 total squared error = 0.00812265, marker error: RMS = 0.0201527, max = 0.0438509 (LSHO)
[2025-06-02 15:50:44.278] [info] Frame 85 (t = 1.8):	 total squared error = 0.00821465, marker error: RMS = 0.0202665, max = 0.0442485 (LSHO)
[2025-06-02 15:50:44.304] [info] Frame 86 (t = 1.81):	 total squared error = 0.00830459, marker error: RMS = 0.0203772, max = 0.044586 (LSHO)
[2025-06-02 15:50:44.324] [info] Frame 87 (t = 1.82):	 total squared error = 0.00839438, marker error: RMS = 0.0204870, max = 0.0449326 (LSHO)
[2025-06-02 15:50:44.347] [info] Frame 88 (t = 1.83):	 total squared error = 0.00847588, marker error: RMS = 0.0205863, max = 0.0451221 (LSHO)
[2025-06-02 15:50:44.375] [info] Frame 89 (t = 1.84):	 total squared error = 0.00854837, marker error: RMS = 0.0206741, max = 0.0455048 (LSHO)
[2025-06-02 15:50:44.394] [info] Frame 90 (t = 1.85):	 total squared error = 0.00860903, marker error: RMS = 0.0207473, max = 0.0457377 (LSHO)
[2025-06-02 15:50:44.422] [info] Frame 91 (t = 1.86):	 total squared error = 0.00865070, marker error: RMS = 0.0207975, max = 0.045912 (LSHO)
[2025-06-02 15:50:44.454] [info] Frame 92 (t = 1.87):	 total squared error = 0.00867640, marker error: RMS = 0.0208283, max = 0.0460968 (LSHO)
[2025-06-02 15:50:44.480] [info] Frame 93 (t = 1.88):	 total squared error = 0.00868597, marker error: RMS = 0.0208398, max = 0.0463040 (LSHO)
[2025-06-02 15:50:44.510] [info] Frame 94 (t = 1.89):	 total squared error = 0.00868252, marker error: RMS = 0.0208357, max = 0.046423 (LSHO)
[2025-06-02 15:50:44.529] [info] Frame 95 (t = 1.9):	 total squared error = 0.00867384, marker error: RMS = 0.0208253, max = 0.0465713 (LSHO)
[2025-06-02 15:50:44.553] [info] Frame 96 (t = 1.91):	 total squared error = 0.00866386, marker error: RMS = 0.0208133, max = 0.0467392 (LSHO)
[2025-06-02 15:50:44.577] [info] Frame 97 (t = 1.92):	 total squared error = 0.00866461, marker error: RMS = 0.0208142, max = 0.046938 (LSHO)
[2025-06-02 15:50:44.600] [info] Frame 98 (t = 1.93):	 total squared error = 0.00868155, marker error: RMS = 0.0208345, max = 0.0470832 (LSHO)
[2025-06-02 15:50:44.623] [info] Frame 99 (t = 1.94):	 total squared error = 0.00871566, marker error: RMS = 0.0208754, max = 0.0472552 (LSHO)
[2025-06-02 15:50:44.654] [info] Frame 100 (t = 1.95):	 total squared error = 0.00876611, marker error: RMS = 0.0209357, max = 0.0473928 (LSHO)
[2025-06-02 15:50:44.674] [info] Frame 101 (t = 1.96):	 total squared error = 0.00882380, marker error: RMS = 0.0210045, max = 0.0475021 (LSHO)
[2025-06-02 15:50:44.693] [info] Frame 102 (t = 1.97):	 total squared error = 0.00887657, marker error: RMS = 0.0210672, max = 0.047645 (LSHO)
[2025-06-02 15:50:44.722] [info] Frame 103 (t = 1.98):	 total squared error = 0.00891032, marker error: RMS = 0.0211072, max = 0.0476332 (LSHO)
[2025-06-02 15:50:44.741] [info] Frame 104 (t = 1.99):	 total squared error = 0.00891601, marker error: RMS = 0.021114, max = 0.0477299 (LSHO)
[2025-06-02 15:50:44.752] [info] Frame 105 (t = 2.0):	 total squared error = 0.00889217, marker error: RMS = 0.0210857, max = 0.0477038 (LSHO)
[2025-06-02 15:50:44.765] [info] InverseKinematicsTool completed 106 frames in 3 second(s).
[2025-06-02 15:50:44.878] [info] Loaded model SUBJ01_2d from file ..\data\SUBJ01\scaling\SUBJ01_scaledModelAdjusted_2d.osim
[2025-06-02 15:50:44.933] [info] Loaded model SUBJ01_2d from file ..\data\SUBJ01\scaling\SUBJ01_scaledModelAdjusted_2d.osim
[2025-06-02 15:50:44.937] [cout] [info] 
               MODEL: SUBJ01_2d
         coordinates: 12
              forces: 48
           actuators: 18
             muscles: 18
            analyses: 0
              probes: 0
              bodies: 12
              joints: 12
         constraints: 0
             markers: 37
         controllers: 0
  contact geometries: 17
misc modelcomponents: 0
[2025-06-02 15:50:44.937] [info] Running tool .
[2025-06-02 15:50:44.994] [info] Frame 0 (t = 0.95):	 total squared error = 0.0124729, marker error: RMS = 0.0249729, max = 0.0606399 (LSHO)
[2025-06-02 15:50:45.006] [info] Frame 1 (t = 0.96):	 total squared error = 0.0123604, marker error: RMS = 0.02486, max = 0.0610312 (LSHO)
[2025-06-02 15:50:45.019] [info] Frame 2 (t = 0.97):	 total squared error = 0.0121723, marker error: RMS = 0.0246701, max = 0.0614241 (LSHO)
[2025-06-02 15:50:45.031] [info] Frame 3 (t = 0.98):	 total squared error = 0.0119316, marker error: RMS = 0.024425, max = 0.0617599 (LSHO)
[2025-06-02 15:50:45.043] [info] Frame 4 (t = 0.99):	 total squared error = 0.0116627, marker error: RMS = 0.0241482, max = 0.0619874 (LSHO)
[2025-06-02 15:50:45.054] [info] Frame 5 (t = 1.0):	 total squared error = 0.0113873, marker error: RMS = 0.0238614, max = 0.0621586 (LSHO)
[2025-06-02 15:50:45.066] [info] Frame 6 (t = 1.01):	 total squared error = 0.0111231, marker error: RMS = 0.023583, max = 0.0622396 (LSHO)
[2025-06-02 15:50:45.078] [info] Frame 7 (t = 1.02):	 total squared error = 0.0108804, marker error: RMS = 0.0233243, max = 0.0622402 (LSHO)
[2025-06-02 15:50:45.092] [info] Frame 8 (t = 1.03):	 total squared error = 0.0106659, marker error: RMS = 0.0230932, max = 0.0621088 (LSHO)
[2025-06-02 15:50:45.105] [info] Frame 9 (t = 1.04):	 total squared error = 0.0104848, marker error: RMS = 0.0228963, max = 0.0619105 (LSHO)
[2025-06-02 15:50:45.117] [info] Frame 10 (t = 1.05):	 total squared error = 0.0103378, marker error: RMS = 0.0227352, max = 0.0616016 (LSHO)
[2025-06-02 15:50:45.131] [info] Frame 11 (t = 1.06):	 total squared error = 0.0102274, marker error: RMS = 0.0226135, max = 0.0612541 (LSHO)
[2025-06-02 15:50:45.143] [info] Frame 12 (t = 1.07):	 total squared error = 0.0101513, marker error: RMS = 0.0225292, max = 0.0608463 (LSHO)
[2025-06-02 15:50:45.156] [info] Frame 13 (t = 1.08):	 total squared error = 0.0101030, marker error: RMS = 0.0224756, max = 0.0603459 (LSHO)
[2025-06-02 15:50:45.173] [info] Frame 14 (t = 1.09):	 total squared error = 0.0100772, marker error: RMS = 0.0224468, max = 0.0598121 (LSHO)
[2025-06-02 15:50:45.185] [info] Frame 15 (t = 1.1):	 total squared error = 0.0100660, marker error: RMS = 0.0224344, max = 0.0592627 (LSHO)
[2025-06-02 15:50:45.201] [info] Frame 16 (t = 1.11):	 total squared error = 0.0100607, marker error: RMS = 0.0224284, max = 0.058592 (LSHO)
[2025-06-02 15:50:45.216] [info] Frame 17 (t = 1.12):	 total squared error = 0.0100547, marker error: RMS = 0.0224218, max = 0.0578937 (LSHO)
[2025-06-02 15:50:45.227] [info] Frame 18 (t = 1.13):	 total squared error = 0.0100466, marker error: RMS = 0.0224127, max = 0.0572126 (LSHO)
[2025-06-02 15:50:45.240] [info] Frame 19 (t = 1.14):	 total squared error = 0.0100164, marker error: RMS = 0.022379, max = 0.0563126 (LSHO)
[2025-06-02 15:50:45.252] [info] Frame 20 (t = 1.15):	 total squared error = 0.00997506, marker error: RMS = 0.0223328, max = 0.0553801 (LSHO)
[2025-06-02 15:50:45.264] [info] Frame 21 (t = 1.16):	 total squared error = 0.00991956, marker error: RMS = 0.0222706, max = 0.0544121 (LSHO)
[2025-06-02 15:50:45.276] [info] Frame 22 (t = 1.17):	 total squared error = 0.00985094, marker error: RMS = 0.0221934, max = 0.0533953 (LSHO)
[2025-06-02 15:50:45.284] [info] Frame 23 (t = 1.18):	 total squared error = 0.00977621, marker error: RMS = 0.0221091, max = 0.0523192 (LSHO)
[2025-06-02 15:50:45.298] [info] Frame 24 (t = 1.19):	 total squared error = 0.00970042, marker error: RMS = 0.0220232, max = 0.0513219 (LSHO)
[2025-06-02 15:50:45.309] [info] Frame 25 (t = 1.2):	 total squared error = 0.00963345, marker error: RMS = 0.021947, max = 0.0502775 (LSHO)
[2025-06-02 15:50:45.319] [info] Frame 26 (t = 1.21):	 total squared error = 0.00958138, marker error: RMS = 0.0218876, max = 0.049268 (LSHO)
[2025-06-02 15:50:45.335] [info] Frame 27 (t = 1.22):	 total squared error = 0.00954751, marker error: RMS = 0.0218489, max = 0.0483372 (LSHO)
[2025-06-02 15:50:45.346] [info] Frame 28 (t = 1.23):	 total squared error = 0.00953936, marker error: RMS = 0.0218396, max = 0.0474598 (LSHO)
[2025-06-02 15:50:45.362] [info] Frame 29 (t = 1.24):	 total squared error = 0.00955551, marker error: RMS = 0.0218581, max = 0.0466722 (LSHO)
[2025-06-02 15:50:45.377] [info] Frame 30 (t = 1.25):	 total squared error = 0.00959929, marker error: RMS = 0.0219081, max = 0.0459142 (LSHO)
[2025-06-02 15:50:45.390] [info] Frame 31 (t = 1.26):	 total squared error = 0.00966846, marker error: RMS = 0.0219869, max = 0.0452401 (LSHO)
[2025-06-02 15:50:45.401] [info] Frame 32 (t = 1.27):	 total squared error = 0.00976159, marker error: RMS = 0.0220925, max = 0.0446854 (LSHO)
[2025-06-02 15:50:45.414] [info] Frame 33 (t = 1.28):	 total squared error = 0.00987764, marker error: RMS = 0.0222235, max = 0.0441947 (LSHO)
[2025-06-02 15:50:45.428] [info] Frame 34 (t = 1.29):	 total squared error = 0.0100144, marker error: RMS = 0.0223768, max = 0.0437471 (LSHO)
[2025-06-02 15:50:45.443] [info] Frame 35 (t = 1.3):	 total squared error = 0.0101684, marker error: RMS = 0.0225481, max = 0.0436815 (RSHO)
[2025-06-02 15:50:45.458] [info] Frame 36 (t = 1.31):	 total squared error = 0.0103353, marker error: RMS = 0.0227325, max = 0.044183 (RSHO)
[2025-06-02 15:50:45.472] [info] Frame 37 (t = 1.32):	 total squared error = 0.0105102, marker error: RMS = 0.022924, max = 0.0446365 (RSHO)
[2025-06-02 15:50:45.479] [info] Frame 38 (t = 1.33):	 total squared error = 0.0106899, marker error: RMS = 0.0231191, max = 0.0450296 (RSHO)
[2025-06-02 15:50:45.496] [info] Frame 39 (t = 1.34):	 total squared error = 0.0108563, marker error: RMS = 0.0232984, max = 0.045368 (RSHO)
[2025-06-02 15:50:45.504] [info] Frame 40 (t = 1.35):	 total squared error = 0.0110131, marker error: RMS = 0.023466, max = 0.0456656 (RSHO)
[2025-06-02 15:50:45.517] [info] Frame 41 (t = 1.36):	 total squared error = 0.0111349, marker error: RMS = 0.0235955, max = 0.0458703 (RSHO)
[2025-06-02 15:50:45.530] [info] Frame 42 (t = 1.37):	 total squared error = 0.0112217, marker error: RMS = 0.0236872, max = 0.0459978 (RSHO)
[2025-06-02 15:50:45.543] [info] Frame 43 (t = 1.38):	 total squared error = 0.0112677, marker error: RMS = 0.0237358, max = 0.0460325 (RSHO)
[2025-06-02 15:50:45.554] [info] Frame 44 (t = 1.39):	 total squared error = 0.0112785, marker error: RMS = 0.0237471, max = 0.0460065 (RSHO)
[2025-06-02 15:50:45.568] [info] Frame 45 (t = 1.4):	 total squared error = 0.0112678, marker error: RMS = 0.0237359, max = 0.0458737 (RSHO)
[2025-06-02 15:50:45.579] [info] Frame 46 (t = 1.41):	 total squared error = 0.0112548, marker error: RMS = 0.0237221, max = 0.0457488 (RSHO)
[2025-06-02 15:50:45.589] [info] Frame 47 (t = 1.42):	 total squared error = 0.0112511, marker error: RMS = 0.0237182, max = 0.0456308 (RSHO)
[2025-06-02 15:50:45.602] [info] Frame 48 (t = 1.43):	 total squared error = 0.0112599, marker error: RMS = 0.0237275, max = 0.0455786 (RSHO)
[2025-06-02 15:50:45.607] [info] Frame 49 (t = 1.44):	 total squared error = 0.0112814, marker error: RMS = 0.0237502, max = 0.0456973 (RSHO)
[2025-06-02 15:50:45.619] [info] Frame 50 (t = 1.45):	 total squared error = 0.0113058, marker error: RMS = 0.0237758, max = 0.045766 (RSHO)
[2025-06-02 15:50:45.636] [info] Frame 51 (t = 1.46):	 total squared error = 0.0113201, marker error: RMS = 0.0237909, max = 0.0460009 (RSHO)
[2025-06-02 15:50:45.643] [info] Frame 52 (t = 1.47):	 total squared error = 0.0113157, marker error: RMS = 0.0237862, max = 0.046211 (RSHO)
[2025-06-02 15:50:45.656] [info] Frame 53 (t = 1.48):	 total squared error = 0.0112717, marker error: RMS = 0.0237399, max = 0.0464716 (RSHO)
[2025-06-02 15:50:45.664] [info] Frame 54 (t = 1.49):	 total squared error = 0.0111966, marker error: RMS = 0.0236607, max = 0.0466432 (RSHO)
[2025-06-02 15:50:45.677] [info] Frame 55 (t = 1.5):	 total squared error = 0.0110827, marker error: RMS = 0.0235401, max = 0.0468844 (RSHO)
[2025-06-02 15:50:45.690] [info] Frame 56 (t = 1.51):	 total squared error = 0.0109482, marker error: RMS = 0.0233968, max = 0.0470535 (RSHO)
[2025-06-02 15:50:45.700] [info] Frame 57 (t = 1.52):	 total squared error = 0.0107992, marker error: RMS = 0.0232371, max = 0.047165 (RSHO)
[2025-06-02 15:50:45.714] [info] Frame 58 (t = 1.53):	 total squared error = 0.0106425, marker error: RMS = 0.0230678, max = 0.0472249 (RSHO)
[2025-06-02 15:50:45.726] [info] Frame 59 (t = 1.54):	 total squared error = 0.0104820, marker error: RMS = 0.0228932, max = 0.0472058 (RSHO)
[2025-06-02 15:50:45.738] [info] Frame 60 (t = 1.55):	 total squared error = 0.0103204, marker error: RMS = 0.022716, max = 0.0471092 (RSHO)
[2025-06-02 15:50:45.750] [info] Frame 61 (t = 1.56):	 total squared error = 0.0101616, marker error: RMS = 0.0225406, max = 0.046937 (RSHO)
[2025-06-02 15:50:45.763] [info] Frame 62 (t = 1.57):	 total squared error = 0.0100114, marker error: RMS = 0.0223734, max = 0.0467899 (LSHO)
[2025-06-02 15:50:45.775] [info] Frame 63 (t = 1.58):	 total squared error = 0.00987740, marker error: RMS = 0.0222232, max = 0.0469759 (LSHO)
[2025-06-02 15:50:45.790] [info] Frame 64 (t = 1.59):	 total squared error = 0.00976725, marker error: RMS = 0.0220989, max = 0.0471821 (LSHO)
[2025-06-02 15:50:45.803] [info] Frame 65 (t = 1.6):	 total squared error = 0.00968750, marker error: RMS = 0.0220085, max = 0.0474357 (LSHO)
[2025-06-02 15:50:45.816] [info] Frame 66 (t = 1.61):	 total squared error = 0.00964150, marker error: RMS = 0.0219562, max = 0.0477623 (LSHO)
[2025-06-02 15:50:45.830] [info] Frame 67 (t = 1.62):	 total squared error = 0.00962832, marker error: RMS = 0.0219412, max = 0.0481064 (LSHO)
[2025-06-02 15:50:45.849] [info] Frame 68 (t = 1.63):	 total squared error = 0.00964438, marker error: RMS = 0.0219595, max = 0.0485225 (LSHO)
[2025-06-02 15:50:45.858] [info] Frame 69 (t = 1.64):	 total squared error = 0.00968825, marker error: RMS = 0.0220094, max = 0.0490779 (LSHO)
[2025-06-02 15:50:45.871] [info] Frame 70 (t = 1.65):	 total squared error = 0.00974162, marker error: RMS = 0.0220699, max = 0.0494982 (LSHO)
[2025-06-02 15:50:45.885] [info] Frame 71 (t = 1.66):	 total squared error = 0.00981170, marker error: RMS = 0.0221492, max = 0.0501397 (LSHO)
[2025-06-02 15:50:45.896] [info] Frame 72 (t = 1.67):	 total squared error = 0.00989176, marker error: RMS = 0.0222393, max = 0.0507738 (LSHO)
[2025-06-02 15:50:45.905] [info] Frame 73 (t = 1.68):	 total squared error = 0.00998089, marker error: RMS = 0.0223393, max = 0.0515194 (LSHO)
[2025-06-02 15:50:45.916] [info] Frame 74 (t = 1.69):	 total squared error = 0.0100770, marker error: RMS = 0.0224467, max = 0.0522458 (LSHO)
[2025-06-02 15:50:45.927] [info] Frame 75 (t = 1.7):	 total squared error = 0.0101850, marker error: RMS = 0.0225665, max = 0.0530043 (LSHO)
[2025-06-02 15:50:45.937] [info] Frame 76 (t = 1.71):	 total squared error = 0.0103074, marker error: RMS = 0.0227018, max = 0.0537117 (LSHO)
[2025-06-02 15:50:45.953] [info] Frame 77 (t = 1.72):	 total squared error = 0.0104440, marker error: RMS = 0.0228517, max = 0.0546892 (LSHO)
[2025-06-02 15:50:45.969] [info] Frame 78 (t = 1.73):	 total squared error = 0.0105990, marker error: RMS = 0.0230207, max = 0.0555533 (LSHO)
[2025-06-02 15:50:45.986] [info] Frame 79 (t = 1.74):	 total squared error = 0.0107712, marker error: RMS = 0.0232069, max = 0.0564333 (LSHO)
[2025-06-02 15:50:46.002] [info] Frame 80 (t = 1.75):	 total squared error = 0.0109579, marker error: RMS = 0.0234072, max = 0.0573105 (LSHO)
[2025-06-02 15:50:46.017] [info] Frame 81 (t = 1.76):	 total squared error = 0.0111536, marker error: RMS = 0.0236153, max = 0.0581264 (LSHO)
[2025-06-02 15:50:46.034] [info] Frame 82 (t = 1.77):	 total squared error = 0.0113522, marker error: RMS = 0.0238246, max = 0.0589182 (LSHO)
[2025-06-02 15:50:46.050] [info] Frame 83 (t = 1.78):	 total squared error = 0.0115468, marker error: RMS = 0.0240279, max = 0.0596377 (LSHO)
[2025-06-02 15:50:46.066] [info] Frame 84 (t = 1.79):	 total squared error = 0.0117311, marker error: RMS = 0.0242189, max = 0.0602867 (LSHO)
[2025-06-02 15:50:46.080] [info] Frame 85 (t = 1.8):	 total squared error = 0.0119, marker error: RMS = 0.0243926, max = 0.0608466 (LSHO)
[2025-06-02 15:50:46.091] [info] Frame 86 (t = 1.81):	 total squared error = 0.0120500, marker error: RMS = 0.0245459, max = 0.0613331 (LSHO)
[2025-06-02 15:50:46.104] [info] Frame 87 (t = 1.82):	 total squared error = 0.0121787, marker error: RMS = 0.0246766, max = 0.0617194 (LSHO)
[2025-06-02 15:50:46.117] [info] Frame 88 (t = 1.83):	 total squared error = 0.0122842, marker error: RMS = 0.0247833, max = 0.0620348 (LSHO)
[2025-06-02 15:50:46.129] [info] Frame 89 (t = 1.84):	 total squared error = 0.012365, marker error: RMS = 0.0248646, max = 0.0622748 (LSHO)
[2025-06-02 15:50:46.136] [info] Frame 90 (t = 1.85):	 total squared error = 0.0124247, marker error: RMS = 0.0249246, max = 0.0624538 (LSHO)
[2025-06-02 15:50:46.147] [info] Frame 91 (t = 1.86):	 total squared error = 0.0124506, marker error: RMS = 0.0249506, max = 0.0626128 (LSHO)
[2025-06-02 15:50:46.155] [info] Frame 92 (t = 1.87):	 total squared error = 0.0124608, marker error: RMS = 0.0249608, max = 0.0626968 (LSHO)
[2025-06-02 15:50:46.163] [info] Frame 93 (t = 1.88):	 total squared error = 0.0124568, marker error: RMS = 0.0249568, max = 0.0627523 (LSHO)
[2025-06-02 15:50:46.173] [info] Frame 94 (t = 1.89):	 total squared error = 0.0124428, marker error: RMS = 0.0249427, max = 0.0629411 (LSHO)
[2025-06-02 15:50:46.184] [info] Frame 95 (t = 1.9):	 total squared error = 0.0124399, marker error: RMS = 0.0249398, max = 0.0630947 (LSHO)
[2025-06-02 15:50:46.197] [info] Frame 96 (t = 1.91):	 total squared error = 0.0124555, marker error: RMS = 0.0249555, max = 0.0632361 (LSHO)
[2025-06-02 15:50:46.210] [info] Frame 97 (t = 1.92):	 total squared error = 0.0124958, marker error: RMS = 0.0249958, max = 0.0634793 (LSHO)
[2025-06-02 15:50:46.222] [info] Frame 98 (t = 1.93):	 total squared error = 0.0125589, marker error: RMS = 0.0250588, max = 0.0636422 (LSHO)
[2025-06-02 15:50:46.235] [info] Frame 99 (t = 1.94):	 total squared error = 0.0126394, marker error: RMS = 0.025139, max = 0.063917 (LSHO)
[2025-06-02 15:50:46.251] [info] Frame 100 (t = 1.95):	 total squared error = 0.0127174, marker error: RMS = 0.0252164, max = 0.0641474 (LSHO)
[2025-06-02 15:50:46.267] [info] Frame 101 (t = 1.96):	 total squared error = 0.0127986, marker error: RMS = 0.0252969, max = 0.0644246 (LSHO)
[2025-06-02 15:50:46.289] [info] Frame 102 (t = 1.97):	 total squared error = 0.0128796, marker error: RMS = 0.0253768, max = 0.0646279 (LSHO)
[2025-06-02 15:50:46.308] [info] Frame 103 (t = 1.98):	 total squared error = 0.0129711, marker error: RMS = 0.0254668, max = 0.0648963 (LSHO)
[2025-06-02 15:50:46.318] [info] Frame 104 (t = 1.99):	 total squared error = 0.0130661, marker error: RMS = 0.0255598, max = 0.0651434 (LSHO)
[2025-06-02 15:50:46.333] [info] Frame 105 (t = 2.0):	 total squared error = 0.0130918, marker error: RMS = 0.025585, max = 0.0654163 (LSHO)
[2025-06-02 15:50:46.346] [info] InverseKinematicsTool completed 106 frames in 1 second(s).
[2025-06-02 15:51:13.517] [info] Loaded model SUBJ01_2d from file SUBJ01_scaledModelAdjusted_2d.osim
[2025-06-02 15:51:13.576] [info] Storage: read data file = SUBJ01_walk_ik_2d.mot (nr=106 nc=13)
[2025-06-02 15:51:13.577] [info] Storage: read data file = SUBJ01_walk_ik_2d.mot (nr=106 nc=13)
[2025-06-02 15:51:13.673] [info] Loaded model SUBJ01_2d from file SUBJ01_scaledModelAdjusted_2d.osim
[2025-06-02 15:51:20.077] [info] Loaded model SUBJ01_2d from file SUBJ01_exp-tracking_2d.osim
[2025-06-02 15:51:20.125] [info] ExternalForce::grf1 Data source being set to walk_grf
[2025-06-02 15:51:20.125] [info] ExternalForce::grf2 Data source being set to walk_grf
[2025-06-02 15:51:20.125] [info] ExternalForce::grf4 Data source being set to walk_grf
[2025-06-02 15:51:20.145] [info] ExternalForce::grf1 Data source being set to walk_grf
[2025-06-02 15:51:20.145] [info] ExternalForce::grf2 Data source being set to walk_grf
[2025-06-02 15:51:20.145] [info] ExternalForce::grf4 Data source being set to walk_grf
[2025-06-02 15:51:20.161] [info] ExternalForce::grf1 Data source being set to walk_grf
[2025-06-02 15:51:20.161] [info] ExternalForce::grf2 Data source being set to walk_grf
[2025-06-02 15:51:20.161] [info] ExternalForce::grf4 Data source being set to walk_grf
[2025-06-02 15:51:20.175] [info] ExternalForce::grf1 Data source being set to walk_grf
[2025-06-02 15:51:20.175] [info] ExternalForce::grf2 Data source being set to walk_grf
[2025-06-02 15:51:20.175] [info] ExternalForce::grf4 Data source being set to walk_grf
[2025-06-02 15:51:20.190] [info] ExternalForce::grf1 Data source being set to walk_grf
[2025-06-02 15:51:20.191] [info] ExternalForce::grf2 Data source being set to walk_grf
[2025-06-02 15:51:20.191] [info] ExternalForce::grf4 Data source being set to walk_grf
[2025-06-02 15:51:20.206] [info] ExternalForce::grf1 Data source being set to walk_grf
[2025-06-02 15:51:20.206] [info] ExternalForce::grf2 Data source being set to walk_grf
[2025-06-02 15:51:20.206] [info] ExternalForce::grf4 Data source being set to walk_grf
[2025-06-02 15:51:20.285] [info] ExternalForce::grf1 Data source being set to walk_grf
[2025-06-02 15:51:20.285] [info] ExternalForce::grf2 Data source being set to walk_grf
[2025-06-02 15:51:20.285] [info] ExternalForce::grf4 Data source being set to walk_grf
[2025-06-02 15:51:20.343] [info] ExternalForce::grf1 Data source being set to walk_grf
[2025-06-02 15:51:20.343] [info] ExternalForce::grf2 Data source being set to walk_grf
[2025-06-02 15:51:20.343] [info] ExternalForce::grf4 Data source being set to walk_grf
[2025-06-02 15:51:20.373] [info] ExternalForce::grf1 Data source being set to walk_grf
[2025-06-02 15:51:20.373] [info] ExternalForce::grf2 Data source being set to walk_grf
[2025-06-02 15:51:20.373] [info] ExternalForce::grf4 Data source being set to walk_grf
[2025-06-02 15:51:20.402] [info] ExternalForce::grf1 Data source being set to walk_grf
[2025-06-02 15:51:20.402] [info] ExternalForce::grf2 Data source being set to walk_grf
[2025-06-02 15:51:20.402] [info] ExternalForce::grf4 Data source being set to walk_grf
[2025-06-02 15:51:20.438] [info] ExternalForce::grf1 Data source being set to walk_grf
[2025-06-02 15:51:20.438] [info] ExternalForce::grf2 Data source being set to walk_grf
[2025-06-02 15:51:20.438] [info] ExternalForce::grf4 Data source being set to walk_grf
[2025-06-02 15:51:20.484] [info] ExternalForce::grf1 Data source being set to walk_grf
[2025-06-02 15:51:20.484] [info] ExternalForce::grf2 Data source being set to walk_grf
[2025-06-02 15:51:20.484] [info] ExternalForce::grf4 Data source being set to walk_grf
[2025-06-02 15:51:20.512] [info] ExternalForce::grf1 Data source being set to walk_grf
[2025-06-02 15:51:20.512] [info] ExternalForce::grf2 Data source being set to walk_grf
[2025-06-02 15:51:20.512] [info] ExternalForce::grf4 Data source being set to walk_grf
[2025-06-02 15:51:20.538] [info] ExternalForce::grf1 Data source being set to walk_grf
[2025-06-02 15:51:20.538] [info] ExternalForce::grf2 Data source being set to walk_grf
[2025-06-02 15:51:20.538] [info] ExternalForce::grf4 Data source being set to walk_grf
[2025-06-02 15:51:20.575] [info] ExternalForce::grf1 Data source being set to walk_grf
[2025-06-02 15:51:20.575] [info] ExternalForce::grf2 Data source being set to walk_grf
[2025-06-02 15:51:20.575] [info] ExternalForce::grf4 Data source being set to walk_grf
[2025-06-02 15:51:20.619] [info] ExternalForce::grf1 Data source being set to walk_grf
[2025-06-02 15:51:20.619] [info] ExternalForce::grf2 Data source being set to walk_grf
[2025-06-02 15:51:20.619] [info] ExternalForce::grf4 Data source being set to walk_grf
[2025-06-02 15:51:20.655] [info] ExternalForce::grf1 Data source being set to walk_grf
[2025-06-02 15:51:20.655] [info] ExternalForce::grf2 Data source being set to walk_grf
[2025-06-02 15:51:20.655] [info] ExternalForce::grf4 Data source being set to walk_grf
[2025-06-02 15:51:20.684] [info] ExternalForce::grf1 Data source being set to walk_grf
[2025-06-02 15:51:20.684] [info] ExternalForce::grf2 Data source being set to walk_grf
[2025-06-02 15:51:20.684] [info] ExternalForce::grf4 Data source being set to walk_grf
[2025-06-02 15:51:20.721] [info] ExternalForce::grf1 Data source being set to walk_grf
[2025-06-02 15:51:20.721] [info] ExternalForce::grf2 Data source being set to walk_grf
[2025-06-02 15:51:20.721] [info] ExternalForce::grf4 Data source being set to walk_grf
[2025-06-02 15:51:20.764] [info] ExternalForce::grf1 Data source being set to walk_grf
[2025-06-02 15:51:20.764] [info] ExternalForce::grf2 Data source being set to walk_grf
[2025-06-02 15:51:20.764] [info] ExternalForce::grf4 Data source being set to walk_grf
[2025-06-02 15:51:20.796] [info] ExternalForce::grf1 Data source being set to walk_grf
[2025-06-02 15:51:20.796] [info] ExternalForce::grf2 Data source being set to walk_grf
[2025-06-02 15:51:20.796] [info] ExternalForce::grf4 Data source being set to walk_grf
[2025-06-02 15:51:20.826] [info] ExternalForce::grf1 Data source being set to walk_grf
[2025-06-02 15:51:20.826] [info] ExternalForce::grf2 Data source being set to walk_grf
[2025-06-02 15:51:20.826] [info] ExternalForce::grf4 Data source being set to walk_grf
[2025-06-02 15:51:20.864] [info] ExternalForce::grf1 Data source being set to walk_grf
[2025-06-02 15:51:20.864] [info] ExternalForce::grf2 Data source being set to walk_grf
[2025-06-02 15:51:20.864] [info] ExternalForce::grf4 Data source being set to walk_grf
[2025-06-02 15:51:20.912] [info] ExternalForce::grf1 Data source being set to walk_grf
[2025-06-02 15:51:20.912] [info] ExternalForce::grf2 Data source being set to walk_grf
[2025-06-02 15:51:20.912] [info] ExternalForce::grf4 Data source being set to walk_grf
[2025-06-02 15:51:20.941] [info] ExternalForce::grf1 Data source being set to walk_grf
[2025-06-02 15:51:20.941] [info] ExternalForce::grf2 Data source being set to walk_grf
[2025-06-02 15:51:20.941] [info] ExternalForce::grf4 Data source being set to walk_grf
[2025-06-02 15:51:20.961] [info] ExternalForce::grf1 Data source being set to walk_grf
[2025-06-02 15:51:20.961] [info] ExternalForce::grf2 Data source being set to walk_grf
[2025-06-02 15:51:20.961] [info] ExternalForce::grf4 Data source being set to walk_grf
[2025-06-02 15:51:20.994] [info] ExternalForce::grf1 Data source being set to walk_grf
[2025-06-02 15:51:20.994] [info] ExternalForce::grf2 Data source being set to walk_grf
[2025-06-02 15:51:20.994] [info] ExternalForce::grf4 Data source being set to walk_grf
[2025-06-02 15:51:21.038] [info] ExternalForce::grf1 Data source being set to walk_grf
[2025-06-02 15:51:21.038] [info] ExternalForce::grf2 Data source being set to walk_grf
[2025-06-02 15:51:21.038] [info] ExternalForce::grf4 Data source being set to walk_grf
[2025-06-02 15:51:21.074] [info] ExternalForce::grf1 Data source being set to walk_grf
[2025-06-02 15:51:21.074] [info] ExternalForce::grf2 Data source being set to walk_grf
[2025-06-02 15:51:21.074] [info] ExternalForce::grf4 Data source being set to walk_grf
[2025-06-02 15:51:21.096] [info] ExternalForce::grf1 Data source being set to walk_grf
[2025-06-02 15:51:21.097] [info] ExternalForce::grf2 Data source being set to walk_grf
[2025-06-02 15:51:21.097] [info] ExternalForce::grf4 Data source being set to walk_grf
[2025-06-02 15:51:21.126] [info] ExternalForce::grf1 Data source being set to walk_grf
[2025-06-02 15:51:21.126] [info] ExternalForce::grf2 Data source being set to walk_grf
[2025-06-02 15:51:21.126] [info] ExternalForce::grf4 Data source being set to walk_grf
[2025-06-02 15:51:21.166] [info] ExternalForce::grf1 Data source being set to walk_grf
[2025-06-02 15:51:21.166] [info] ExternalForce::grf2 Data source being set to walk_grf
[2025-06-02 15:51:21.166] [info] ExternalForce::grf4 Data source being set to walk_grf
[2025-06-02 15:51:21.195] [info] ExternalForce::grf1 Data source being set to walk_grf
[2025-06-02 15:51:21.195] [info] ExternalForce::grf2 Data source being set to walk_grf
[2025-06-02 15:51:21.195] [info] ExternalForce::grf4 Data source being set to walk_grf
[2025-06-02 15:51:21.216] [info] ExternalForce::grf1 Data source being set to walk_grf
[2025-06-02 15:51:21.216] [info] ExternalForce::grf2 Data source being set to walk_grf
[2025-06-02 15:51:21.216] [info] ExternalForce::grf4 Data source being set to walk_grf
[2025-06-02 15:51:21.247] [info] ExternalForce::grf1 Data source being set to walk_grf
[2025-06-02 15:51:21.247] [info] ExternalForce::grf2 Data source being set to walk_grf
[2025-06-02 15:51:21.247] [info] ExternalForce::grf4 Data source being set to walk_grf
[2025-06-02 15:51:21.274] [info] ExternalForce::grf1 Data source being set to walk_grf
[2025-06-02 15:51:21.274] [info] ExternalForce::grf2 Data source being set to walk_grf
[2025-06-02 15:51:21.274] [info] ExternalForce::grf4 Data source being set to walk_grf
[2025-06-02 15:51:21.296] [info] ExternalForce::grf1 Data source being set to walk_grf
[2025-06-02 15:51:21.296] [info] ExternalForce::grf2 Data source being set to walk_grf
[2025-06-02 15:51:21.296] [info] ExternalForce::grf4 Data source being set to walk_grf
[2025-06-02 15:51:21.314] [info] ExternalForce::grf1 Data source being set to walk_grf
[2025-06-02 15:51:21.314] [info] ExternalForce::grf2 Data source being set to walk_grf
[2025-06-02 15:51:21.314] [info] ExternalForce::grf4 Data source being set to walk_grf
[2025-06-02 15:51:21.340] [info] ExternalForce::grf1 Data source being set to walk_grf
[2025-06-02 15:51:21.340] [info] ExternalForce::grf2 Data source being set to walk_grf
[2025-06-02 15:51:21.340] [info] ExternalForce::grf4 Data source being set to walk_grf
[2025-06-02 15:51:21.368] [info] ExternalForce::grf1 Data source being set to walk_grf
[2025-06-02 15:51:21.368] [info] ExternalForce::grf2 Data source being set to walk_grf
[2025-06-02 15:51:21.368] [info] ExternalForce::grf4 Data source being set to walk_grf
[2025-06-02 15:51:21.389] [info] ExternalForce::grf1 Data source being set to walk_grf
[2025-06-02 15:51:21.389] [info] ExternalForce::grf2 Data source being set to walk_grf
[2025-06-02 15:51:21.389] [info] ExternalForce::grf4 Data source being set to walk_grf
[2025-06-02 15:51:21.404] [info] ExternalForce::grf1 Data source being set to walk_grf
[2025-06-02 15:51:21.404] [info] ExternalForce::grf2 Data source being set to walk_grf
[2025-06-02 15:51:21.404] [info] ExternalForce::grf4 Data source being set to walk_grf
[2025-06-02 15:51:21.428] [info] ExternalForce::grf1 Data source being set to walk_grf
[2025-06-02 15:51:21.428] [info] ExternalForce::grf2 Data source being set to walk_grf
[2025-06-02 15:51:21.428] [info] ExternalForce::grf4 Data source being set to walk_grf
[2025-06-02 15:51:21.452] [info] ExternalForce::grf1 Data source being set to walk_grf
[2025-06-02 15:51:21.452] [info] ExternalForce::grf2 Data source being set to walk_grf
[2025-06-02 15:51:21.452] [info] ExternalForce::grf4 Data source being set to walk_grf
[2025-06-02 15:51:21.475] [info] ExternalForce::grf1 Data source being set to walk_grf
[2025-06-02 15:51:21.475] [info] ExternalForce::grf2 Data source being set to walk_grf
[2025-06-02 15:51:21.475] [info] ExternalForce::grf4 Data source being set to walk_grf
[2025-06-02 15:51:21.491] [info] ExternalForce::grf1 Data source being set to walk_grf
[2025-06-02 15:51:21.491] [info] ExternalForce::grf2 Data source being set to walk_grf
[2025-06-02 15:51:21.491] [info] ExternalForce::grf4 Data source being set to walk_grf
[2025-06-02 15:51:21.514] [info] ExternalForce::grf1 Data source being set to walk_grf
[2025-06-02 15:51:21.514] [info] ExternalForce::grf2 Data source being set to walk_grf
[2025-06-02 15:51:21.514] [info] ExternalForce::grf4 Data source being set to walk_grf
[2025-06-02 15:51:21.603] [info] Loaded model SUBJ01_2d from file SUBJ01_exp-tracking_2d.osim
[2025-06-02 15:51:21.626] [info] ExternalForce::grf1 Data source being set to walk_grf
[2025-06-02 15:51:21.626] [info] ExternalForce::grf2 Data source being set to walk_grf
[2025-06-02 15:51:21.626] [info] ExternalForce::grf4 Data source being set to walk_grf
[2025-06-02 15:51:21.640] [info] ExternalForce::grf1 Data source being set to walk_grf
[2025-06-02 15:51:21.640] [info] ExternalForce::grf2 Data source being set to walk_grf
[2025-06-02 15:51:21.640] [info] ExternalForce::grf4 Data source being set to walk_grf
[2025-06-02 15:51:21.655] [info] ExternalForce::grf1 Data source being set to walk_grf
[2025-06-02 15:51:21.655] [info] ExternalForce::grf2 Data source being set to walk_grf
[2025-06-02 15:51:21.655] [info] ExternalForce::grf4 Data source being set to walk_grf
[2025-06-02 15:51:21.669] [info] ExternalForce::grf1 Data source being set to walk_grf
[2025-06-02 15:51:21.670] [info] ExternalForce::grf2 Data source being set to walk_grf
[2025-06-02 15:51:21.670] [info] ExternalForce::grf4 Data source being set to walk_grf
[2025-06-02 15:51:21.691] [info] ExternalForce::grf1 Data source being set to walk_grf
[2025-06-02 15:51:21.691] [info] ExternalForce::grf2 Data source being set to walk_grf
[2025-06-02 15:51:21.691] [info] ExternalForce::grf4 Data source being set to walk_grf
[2025-06-02 15:51:21.713] [info] ExternalForce::grf1 Data source being set to walk_grf
[2025-06-02 15:51:21.713] [info] ExternalForce::grf2 Data source being set to walk_grf
[2025-06-02 15:51:21.713] [info] ExternalForce::grf4 Data source being set to walk_grf
[2025-06-02 15:51:21.737] [info] ExternalForce::grf1 Data source being set to walk_grf
[2025-06-02 15:51:21.737] [info] ExternalForce::grf2 Data source being set to walk_grf
[2025-06-02 15:51:21.737] [info] ExternalForce::grf4 Data source being set to walk_grf
[2025-06-02 15:51:21.757] [info] ExternalForce::grf1 Data source being set to walk_grf
[2025-06-02 15:51:21.757] [info] ExternalForce::grf2 Data source being set to walk_grf
[2025-06-02 15:51:21.757] [info] ExternalForce::grf4 Data source being set to walk_grf
[2025-06-02 15:51:21.776] [info] ExternalForce::grf1 Data source being set to walk_grf
[2025-06-02 15:51:21.776] [info] ExternalForce::grf2 Data source being set to walk_grf
[2025-06-02 15:51:21.776] [info] ExternalForce::grf4 Data source being set to walk_grf
[2025-06-02 15:51:21.799] [info] ExternalForce::grf1 Data source being set to walk_grf
[2025-06-02 15:51:21.799] [info] ExternalForce::grf2 Data source being set to walk_grf
[2025-06-02 15:51:21.799] [info] ExternalForce::grf4 Data source being set to walk_grf
[2025-06-02 15:51:21.824] [info] ExternalForce::grf1 Data source being set to walk_grf
[2025-06-02 15:51:21.824] [info] ExternalForce::grf2 Data source being set to walk_grf
[2025-06-02 15:51:21.824] [info] ExternalForce::grf4 Data source being set to walk_grf
[2025-06-02 15:51:21.845] [info] ExternalForce::grf1 Data source being set to walk_grf
[2025-06-02 15:51:21.845] [info] ExternalForce::grf2 Data source being set to walk_grf
[2025-06-02 15:51:21.845] [info] ExternalForce::grf4 Data source being set to walk_grf
[2025-06-02 15:51:21.862] [info] ExternalForce::grf1 Data source being set to walk_grf
[2025-06-02 15:51:21.862] [info] ExternalForce::grf2 Data source being set to walk_grf
[2025-06-02 15:51:21.862] [info] ExternalForce::grf4 Data source being set to walk_grf
[2025-06-02 15:51:21.885] [info] ExternalForce::grf1 Data source being set to walk_grf
[2025-06-02 15:51:21.885] [info] ExternalForce::grf2 Data source being set to walk_grf
[2025-06-02 15:51:21.885] [info] ExternalForce::grf4 Data source being set to walk_grf
[2025-06-02 15:51:21.914] [info] ExternalForce::grf1 Data source being set to walk_grf
[2025-06-02 15:51:21.914] [info] ExternalForce::grf2 Data source being set to walk_grf
[2025-06-02 15:51:21.914] [info] ExternalForce::grf4 Data source being set to walk_grf
[2025-06-02 15:51:21.934] [info] ExternalForce::grf1 Data source being set to walk_grf
[2025-06-02 15:51:21.934] [info] ExternalForce::grf2 Data source being set to walk_grf
[2025-06-02 15:51:21.934] [info] ExternalForce::grf4 Data source being set to walk_grf
[2025-06-02 15:51:21.950] [info] ExternalForce::grf1 Data source being set to walk_grf
[2025-06-02 15:51:21.950] [info] ExternalForce::grf2 Data source being set to walk_grf
[2025-06-02 15:51:21.950] [info] ExternalForce::grf4 Data source being set to walk_grf
[2025-06-02 15:51:21.975] [info] ExternalForce::grf1 Data source being set to walk_grf
[2025-06-02 15:51:21.975] [info] ExternalForce::grf2 Data source being set to walk_grf
[2025-06-02 15:51:21.975] [info] ExternalForce::grf4 Data source being set to walk_grf
[2025-06-02 15:51:22.002] [info] ExternalForce::grf1 Data source being set to walk_grf
[2025-06-02 15:51:22.002] [info] ExternalForce::grf2 Data source being set to walk_grf
[2025-06-02 15:51:22.002] [info] ExternalForce::grf4 Data source being set to walk_grf
[2025-06-02 15:51:22.023] [info] ExternalForce::grf1 Data source being set to walk_grf
[2025-06-02 15:51:22.023] [info] ExternalForce::grf2 Data source being set to walk_grf
[2025-06-02 15:51:22.023] [info] ExternalForce::grf4 Data source being set to walk_grf
[2025-06-02 15:51:22.039] [info] ExternalForce::grf1 Data source being set to walk_grf
[2025-06-02 15:51:22.039] [info] ExternalForce::grf2 Data source being set to walk_grf
[2025-06-02 15:51:22.039] [info] ExternalForce::grf4 Data source being set to walk_grf
[2025-06-02 15:51:22.063] [info] ExternalForce::grf1 Data source being set to walk_grf
[2025-06-02 15:51:22.063] [info] ExternalForce::grf2 Data source being set to walk_grf
[2025-06-02 15:51:22.063] [info] ExternalForce::grf4 Data source being set to walk_grf
[2025-06-02 15:51:22.090] [info] ExternalForce::grf1 Data source being set to walk_grf
[2025-06-02 15:51:22.090] [info] ExternalForce::grf2 Data source being set to walk_grf
[2025-06-02 15:51:22.090] [info] ExternalForce::grf4 Data source being set to walk_grf
[2025-06-02 15:51:22.110] [info] ExternalForce::grf1 Data source being set to walk_grf
[2025-06-02 15:51:22.110] [info] ExternalForce::grf2 Data source being set to walk_grf
[2025-06-02 15:51:22.110] [info] ExternalForce::grf4 Data source being set to walk_grf
[2025-06-02 15:51:22.126] [info] ExternalForce::grf1 Data source being set to walk_grf
[2025-06-02 15:51:22.126] [info] ExternalForce::grf2 Data source being set to walk_grf
[2025-06-02 15:51:22.126] [info] ExternalForce::grf4 Data source being set to walk_grf
[2025-06-02 15:51:22.152] [info] ExternalForce::grf1 Data source being set to walk_grf
[2025-06-02 15:51:22.152] [info] ExternalForce::grf2 Data source being set to walk_grf
[2025-06-02 15:51:22.152] [info] ExternalForce::grf4 Data source being set to walk_grf
[2025-06-02 15:51:22.192] [info] ExternalForce::grf1 Data source being set to walk_grf
[2025-06-02 15:51:22.192] [info] ExternalForce::grf2 Data source being set to walk_grf
[2025-06-02 15:51:22.192] [info] ExternalForce::grf4 Data source being set to walk_grf
[2025-06-02 15:51:22.227] [info] ExternalForce::grf1 Data source being set to walk_grf
[2025-06-02 15:51:22.227] [info] ExternalForce::grf2 Data source being set to walk_grf
[2025-06-02 15:51:22.227] [info] ExternalForce::grf4 Data source being set to walk_grf
[2025-06-02 15:51:22.243] [info] ExternalForce::grf1 Data source being set to walk_grf
[2025-06-02 15:51:22.243] [info] ExternalForce::grf2 Data source being set to walk_grf
[2025-06-02 15:51:22.243] [info] ExternalForce::grf4 Data source being set to walk_grf
[2025-06-02 15:51:22.268] [info] ExternalForce::grf1 Data source being set to walk_grf
[2025-06-02 15:51:22.268] [info] ExternalForce::grf2 Data source being set to walk_grf
[2025-06-02 15:51:22.268] [info] ExternalForce::grf4 Data source being set to walk_grf
[2025-06-02 15:51:22.299] [info] ExternalForce::grf1 Data source being set to walk_grf
[2025-06-02 15:51:22.300] [info] ExternalForce::grf2 Data source being set to walk_grf
[2025-06-02 15:51:22.300] [info] ExternalForce::grf4 Data source being set to walk_grf
[2025-06-02 15:51:22.321] [info] ExternalForce::grf1 Data source being set to walk_grf
[2025-06-02 15:51:22.321] [info] ExternalForce::grf2 Data source being set to walk_grf
[2025-06-02 15:51:22.321] [info] ExternalForce::grf4 Data source being set to walk_grf
[2025-06-02 15:51:22.337] [info] ExternalForce::grf1 Data source being set to walk_grf
[2025-06-02 15:51:22.337] [info] ExternalForce::grf2 Data source being set to walk_grf
[2025-06-02 15:51:22.337] [info] ExternalForce::grf4 Data source being set to walk_grf
[2025-06-02 15:51:22.367] [info] ExternalForce::grf1 Data source being set to walk_grf
[2025-06-02 15:51:22.367] [info] ExternalForce::grf2 Data source being set to walk_grf
[2025-06-02 15:51:22.367] [info] ExternalForce::grf4 Data source being set to walk_grf
[2025-06-02 15:51:22.393] [info] ExternalForce::grf1 Data source being set to walk_grf
[2025-06-02 15:51:22.393] [info] ExternalForce::grf2 Data source being set to walk_grf
[2025-06-02 15:51:22.393] [info] ExternalForce::grf4 Data source being set to walk_grf
[2025-06-02 15:51:22.414] [info] ExternalForce::grf1 Data source being set to walk_grf
[2025-06-02 15:51:22.414] [info] ExternalForce::grf2 Data source being set to walk_grf
[2025-06-02 15:51:22.414] [info] ExternalForce::grf4 Data source being set to walk_grf
[2025-06-02 15:51:22.430] [info] ExternalForce::grf1 Data source being set to walk_grf
[2025-06-02 15:51:22.430] [info] ExternalForce::grf2 Data source being set to walk_grf
[2025-06-02 15:51:22.430] [info] ExternalForce::grf4 Data source being set to walk_grf
[2025-06-02 15:51:22.455] [info] ExternalForce::grf1 Data source being set to walk_grf
[2025-06-02 15:51:22.455] [info] ExternalForce::grf2 Data source being set to walk_grf
[2025-06-02 15:51:22.455] [info] ExternalForce::grf4 Data source being set to walk_grf
[2025-06-02 15:51:22.485] [info] ExternalForce::grf1 Data source being set to walk_grf
[2025-06-02 15:51:22.485] [info] ExternalForce::grf2 Data source being set to walk_grf
[2025-06-02 15:51:22.485] [info] ExternalForce::grf4 Data source being set to walk_grf
[2025-06-02 15:51:22.506] [info] ExternalForce::grf1 Data source being set to walk_grf
[2025-06-02 15:51:22.506] [info] ExternalForce::grf2 Data source being set to walk_grf
[2025-06-02 15:51:22.506] [info] ExternalForce::grf4 Data source being set to walk_grf
[2025-06-02 15:51:22.521] [info] ExternalForce::grf1 Data source being set to walk_grf
[2025-06-02 15:51:22.521] [info] ExternalForce::grf2 Data source being set to walk_grf
[2025-06-02 15:51:22.521] [info] ExternalForce::grf4 Data source being set to walk_grf
[2025-06-02 15:51:22.548] [info] ExternalForce::grf1 Data source being set to walk_grf
[2025-06-02 15:51:22.548] [info] ExternalForce::grf2 Data source being set to walk_grf
[2025-06-02 15:51:22.548] [info] ExternalForce::grf4 Data source being set to walk_grf
[2025-06-02 15:51:22.577] [info] ExternalForce::grf1 Data source being set to walk_grf
[2025-06-02 15:51:22.578] [info] ExternalForce::grf2 Data source being set to walk_grf
[2025-06-02 15:51:22.578] [info] ExternalForce::grf4 Data source being set to walk_grf
[2025-06-02 15:51:22.601] [info] ExternalForce::grf1 Data source being set to walk_grf
[2025-06-02 15:51:22.601] [info] ExternalForce::grf2 Data source being set to walk_grf
[2025-06-02 15:51:22.601] [info] ExternalForce::grf4 Data source being set to walk_grf
[2025-06-02 15:51:22.625] [info] ExternalForce::grf1 Data source being set to walk_grf
[2025-06-02 15:51:22.625] [info] ExternalForce::grf2 Data source being set to walk_grf
[2025-06-02 15:51:22.625] [info] ExternalForce::grf4 Data source being set to walk_grf
[2025-06-02 15:51:22.650] [info] ExternalForce::grf1 Data source being set to walk_grf
[2025-06-02 15:51:22.650] [info] ExternalForce::grf2 Data source being set to walk_grf
[2025-06-02 15:51:22.650] [info] ExternalForce::grf4 Data source being set to walk_grf
[2025-06-02 15:51:22.740] [info] ExternalForce::grf1 Data source being set to walk_grf
[2025-06-02 15:51:22.740] [info] ExternalForce::grf2 Data source being set to walk_grf
[2025-06-02 15:51:22.740] [info] ExternalForce::grf4 Data source being set to walk_grf
[2025-06-02 15:51:22.759] [info] ExternalForce::grf1 Data source being set to walk_grf
[2025-06-02 15:51:22.759] [info] ExternalForce::grf2 Data source being set to walk_grf
[2025-06-02 15:51:22.759] [info] ExternalForce::grf4 Data source being set to walk_grf
[2025-06-02 15:51:22.774] [info] ExternalForce::grf1 Data source being set to walk_grf
[2025-06-02 15:51:22.774] [info] ExternalForce::grf2 Data source being set to walk_grf
[2025-06-02 15:51:22.774] [info] ExternalForce::grf4 Data source being set to walk_grf
[2025-06-02 15:51:22.797] [info] ExternalForce::grf1 Data source being set to walk_grf
[2025-06-02 15:51:22.797] [info] ExternalForce::grf2 Data source being set to walk_grf
[2025-06-02 15:51:22.797] [info] ExternalForce::grf4 Data source being set to walk_grf
[2025-06-02 15:51:22.826] [info] ExternalForce::grf1 Data source being set to walk_grf
[2025-06-02 15:51:22.826] [info] ExternalForce::grf2 Data source being set to walk_grf
[2025-06-02 15:51:22.826] [info] ExternalForce::grf4 Data source being set to walk_grf
[2025-06-02 15:51:22.845] [info] ExternalForce::grf1 Data source being set to walk_grf
[2025-06-02 15:51:22.845] [info] ExternalForce::grf2 Data source being set to walk_grf
[2025-06-02 15:51:22.845] [info] ExternalForce::grf4 Data source being set to walk_grf
[2025-06-02 15:51:22.860] [info] ExternalForce::grf1 Data source being set to walk_grf
[2025-06-02 15:51:22.860] [info] ExternalForce::grf2 Data source being set to walk_grf
[2025-06-02 15:51:22.860] [info] ExternalForce::grf4 Data source being set to walk_grf
[2025-06-02 15:51:22.884] [info] ExternalForce::grf1 Data source being set to walk_grf
[2025-06-02 15:51:22.884] [info] ExternalForce::grf2 Data source being set to walk_grf
[2025-06-02 15:51:22.884] [info] ExternalForce::grf4 Data source being set to walk_grf
[2025-06-02 15:51:28.893] [info] ExternalForce::grf1 Data source being set to walk_grf
[2025-06-02 15:51:28.894] [info] ExternalForce::grf2 Data source being set to walk_grf
[2025-06-02 15:51:28.894] [info] ExternalForce::grf4 Data source being set to walk_grf
[2025-06-02 15:51:28.930] [info] ExternalForce::grf1 Data source being set to walk_grf
[2025-06-02 15:51:28.930] [info] ExternalForce::grf2 Data source being set to walk_grf
[2025-06-02 15:51:28.930] [info] ExternalForce::grf4 Data source being set to walk_grf
[2025-06-02 15:51:28.974] [info] ExternalForce::grf1 Data source being set to walk_grf
[2025-06-02 15:51:28.974] [info] ExternalForce::grf2 Data source being set to walk_grf
[2025-06-02 15:51:28.974] [info] ExternalForce::grf4 Data source being set to walk_grf
[2025-06-02 15:51:29.026] [info] ExternalForce::grf1 Data source being set to walk_grf
[2025-06-02 15:51:29.026] [info] ExternalForce::grf2 Data source being set to walk_grf
[2025-06-02 15:51:29.026] [info] ExternalForce::grf4 Data source being set to walk_grf
[2025-06-02 15:51:29.091] [info] ExternalForce::grf1 Data source being set to walk_grf
[2025-06-02 15:51:29.091] [info] ExternalForce::grf2 Data source being set to walk_grf
[2025-06-02 15:51:29.091] [info] ExternalForce::grf4 Data source being set to walk_grf
[2025-06-02 15:51:29.137] [info] ExternalForce::grf1 Data source being set to walk_grf
[2025-06-02 15:51:29.137] [info] ExternalForce::grf2 Data source being set to walk_grf
[2025-06-02 15:51:29.137] [info] ExternalForce::grf4 Data source being set to walk_grf
[2025-06-02 15:51:29.193] [info] ExternalForce::grf1 Data source being set to walk_grf
[2025-06-02 15:51:29.193] [info] ExternalForce::grf2 Data source being set to walk_grf
[2025-06-02 15:51:29.193] [info] ExternalForce::grf4 Data source being set to walk_grf
[2025-06-02 15:51:29.242] [info] ExternalForce::grf1 Data source being set to walk_grf
[2025-06-02 15:51:29.242] [info] ExternalForce::grf2 Data source being set to walk_grf
[2025-06-02 15:51:29.242] [info] ExternalForce::grf4 Data source being set to walk_grf
[2025-06-02 15:51:29.260] [info] ========================================================================
[2025-06-02 15:51:29.260] [info] MocoCasADiSolver starting.
[2025-06-02 15:51:29.260] [info] Mon Jun  2 15:51:29 2025
[2025-06-02 15:51:29.260] [info] ------------------------------------------------------------------------
[2025-06-02 15:51:29.260] [cout] [info] Costs: (total: 3)
[2025-06-02 15:51:29.260] [cout] [info]   state_tracking. MocoStateTrackingGoal, enabled: true, mode: cost, weight: 1.0
[2025-06-02 15:51:29.260] [cout] [info]         state: /jointset/hip_l/hip_flexion_l/value, weight: 1.0
[2025-06-02 15:51:29.260] [cout] [info]         state: /jointset/knee_l/knee_angle_l/value, weight: 1.0
[2025-06-02 15:51:29.260] [cout] [info]         state: /jointset/ankle_l/ankle_angle_l/value, weight: 1.0
[2025-06-02 15:51:29.260] [cout] [info]         state: /jointset/hip_r/hip_flexion_r/value, weight: 1.0
[2025-06-02 15:51:29.260] [cout] [info]         state: /jointset/knee_r/knee_angle_r/value, weight: 1.0
[2025-06-02 15:51:29.260] [cout] [info]         state: /jointset/ankle_r/ankle_angle_r/value, weight: 1.0
[2025-06-02 15:51:29.260] [cout] [info]         state: /jointset/back/lumbar_ext/value, weight: 1.0
[2025-06-02 15:51:29.260] [cout] [info]   marker_tracking. MocoMarkerTrackingGoal, enabled: true, mode: cost, weight: 10.0
[2025-06-02 15:51:29.260] [cout] [info]         allow unused references: 
[2025-06-02 15:51:29.260] [cout] [info]         tracked marker(s):
[2025-06-02 15:51:29.260] [cout] [info]             C7, weight: 1.0
[2025-06-02 15:51:29.260] [cout] [info]             T10, weight: 1.0
[2025-06-02 15:51:29.260] [cout] [info]             CLAV, weight: 1.0
[2025-06-02 15:51:29.261] [cout] [info]             STRN, weight: 1.0
[2025-06-02 15:51:29.261] [cout] [info]             LSHO, weight: 1.0
[2025-06-02 15:51:29.261] [cout] [info]             RSHO, weight: 1.0
[2025-06-02 15:51:29.261] [cout] [info]             LASI, weight: 1.0
[2025-06-02 15:51:29.261] [cout] [info]             RASI, weight: 1.0
[2025-06-02 15:51:29.261] [cout] [info]             SACR, weight: 1.0
[2025-06-02 15:51:29.261] [cout] [info]             LTHI, weight: 1.0
[2025-06-02 15:51:29.261] [cout] [info]             LKNE, weight: 1.0
[2025-06-02 15:51:29.261] [cout] [info]             LTIB, weight: 1.0
[2025-06-02 15:51:29.261] [cout] [info]             LANK, weight: 1.0
[2025-06-02 15:51:29.261] [cout] [info]             LHEE, weight: 1.0
[2025-06-02 15:51:29.261] [cout] [info]             LTOE, weight: 1.0
[2025-06-02 15:51:29.261] [cout] [info]             RTHI, weight: 1.0
[2025-06-02 15:51:29.261] [cout] [info]             RKNE, weight: 1.0
[2025-06-02 15:51:29.261] [cout] [info]             RTIB, weight: 1.0
[2025-06-02 15:51:29.261] [cout] [info]             RANK, weight: 1.0
[2025-06-02 15:51:29.261] [cout] [info]             RHEE, weight: 1.0
[2025-06-02 15:51:29.261] [cout] [info]             RTOE, weight: 1.0
[2025-06-02 15:51:29.261] [cout] [info]   control_effort. MocoControlGoal, enabled: true, mode: cost, weight: 0.00100000
[2025-06-02 15:51:29.261] [cout] [info]         control: /forceset/pelvis_tx_residual, weight: 1.0
[2025-06-02 15:51:29.261] [cout] [info]         control: /forceset/pelvis_ty_residual, weight: 1.0
[2025-06-02 15:51:29.261] [cout] [info]         control: /forceset/pelvis_tilt_residual, weight: 1.0
[2025-06-02 15:51:29.261] [cout] [info]         control: /forceset/hip_flexion_r_torque, weight: 1.0
[2025-06-02 15:51:29.261] [cout] [info]         control: /forceset/knee_angle_r_torque, weight: 1.0
[2025-06-02 15:51:29.261] [cout] [info]         control: /forceset/ankle_angle_r_torque, weight: 1.0
[2025-06-02 15:51:29.261] [cout] [info]         control: /forceset/hip_flexion_l_torque, weight: 1.0
[2025-06-02 15:51:29.261] [cout] [info]         control: /forceset/knee_angle_l_torque, weight: 1.0
[2025-06-02 15:51:29.261] [cout] [info]         control: /forceset/ankle_angle_l_torque, weight: 1.0
[2025-06-02 15:51:29.261] [cout] [info]         control: /forceset/lumbar_ext_torque, weight: 1.0
[2025-06-02 15:51:29.261] [cout] [info] Endpoint constraints: none
[2025-06-02 15:51:29.261] [cout] [info] Kinematic constraints: none
[2025-06-02 15:51:29.262] [cout] [info] Path constraints: none
[2025-06-02 15:51:29.262] [cout] [info] States: (total: 20)
[2025-06-02 15:51:29.356] [cout] [info]   /jointset/ground_pelvis/pelvis_tilt/value. bounds: [-1.5708, 1.5708]
[2025-06-02 15:51:29.356] [cout] [info]   /jointset/ground_pelvis/pelvis_tx/value. bounds: [-5, 5]
[2025-06-02 15:51:29.356] [cout] [info]   /jointset/knee_r/knee_angle_r/speed. bounds: [-50, 50]
[2025-06-02 15:51:29.356] [cout] [info]   /jointset/ankle_l/ankle_angle_l/value. bounds: [-1.0472, 1.0472]
[2025-06-02 15:51:29.356] [cout] [info]   /jointset/ground_pelvis/pelvis_ty/value. bounds: [-1, 2]
[2025-06-02 15:51:29.356] [cout] [info]   /jointset/ankle_r/ankle_angle_r/value. bounds: [-1.5708, 1.5708]
[2025-06-02 15:51:29.356] [cout] [info]   /jointset/hip_r/hip_flexion_r/value. bounds: [-2.0944, 2.0944]
[2025-06-02 15:51:29.356] [cout] [info]   /jointset/back/lumbar_ext/speed. bounds: [-50, 50]
[2025-06-02 15:51:29.356] [cout] [info]   /jointset/knee_r/knee_angle_r/value. bounds: [-2.0944, 0]
[2025-06-02 15:51:29.356] [cout] [info]   /jointset/knee_l/knee_angle_l/speed. bounds: [-50, 50]
[2025-06-02 15:51:29.356] [cout] [info]   /jointset/hip_l/hip_flexion_l/value. bounds: [-2.0944, 2.0944]
[2025-06-02 15:51:29.356] [cout] [info]   /jointset/knee_l/knee_angle_l/value. bounds: [-2.0944, 0]
[2025-06-02 15:51:29.356] [cout] [info]   /jointset/back/lumbar_ext/value. bounds: [-1.5708, 1.5708]
[2025-06-02 15:51:29.357] [cout] [info]   /jointset/ground_pelvis/pelvis_tilt/speed. bounds: [-50, 50]
[2025-06-02 15:51:29.357] [cout] [info]   /jointset/ground_pelvis/pelvis_tx/speed. bounds: [-50, 50]
[2025-06-02 15:51:29.357] [cout] [info]   /jointset/ankle_l/ankle_angle_l/speed. bounds: [-50, 50]
[2025-06-02 15:51:29.357] [cout] [info]   /jointset/ground_pelvis/pelvis_ty/speed. bounds: [-50, 50]
[2025-06-02 15:51:29.357] [cout] [info]   /jointset/ankle_r/ankle_angle_r/speed. bounds: [-50, 50]
[2025-06-02 15:51:29.357] [cout] [info]   /jointset/hip_r/hip_flexion_r/speed. bounds: [-50, 50]
[2025-06-02 15:51:29.357] [cout] [info]   /jointset/hip_l/hip_flexion_l/speed. bounds: [-50, 50]
[2025-06-02 15:51:29.357] [cout] [info] Controls: (total: 10)
[2025-06-02 15:51:29.357] [cout] [info]   /forceset/pelvis_tx_residual. bounds: [-inf, inf]
[2025-06-02 15:51:29.357] [cout] [info]   /forceset/ankle_angle_r_torque. bounds: [-inf, inf]
[2025-06-02 15:51:29.357] [cout] [info]   /forceset/pelvis_ty_residual. bounds: [-inf, inf]
[2025-06-02 15:51:29.357] [cout] [info]   /forceset/pelvis_tilt_residual. bounds: [-inf, inf]
[2025-06-02 15:51:29.357] [cout] [info]   /forceset/hip_flexion_r_torque. bounds: [-inf, inf]
[2025-06-02 15:51:29.357] [cout] [info]   /forceset/knee_angle_r_torque. bounds: [-inf, inf]
[2025-06-02 15:51:29.357] [cout] [info]   /forceset/hip_flexion_l_torque. bounds: [-inf, inf]
[2025-06-02 15:51:29.357] [cout] [info]   /forceset/knee_angle_l_torque. bounds: [-inf, inf]
[2025-06-02 15:51:29.357] [cout] [info]   /forceset/ankle_angle_l_torque. bounds: [-inf, inf]
[2025-06-02 15:51:29.357] [cout] [info]   /forceset/lumbar_ext_torque. bounds: [-inf, inf]
[2025-06-02 15:51:29.357] [cout] [info] Parameters: none
[2025-06-02 15:51:29.402] [info] ExternalForce::grf1 Data source being set to walk_grf
[2025-06-02 15:51:29.403] [info] ExternalForce::grf2 Data source being set to walk_grf
[2025-06-02 15:51:29.403] [info] ExternalForce::grf4 Data source being set to walk_grf
[2025-06-02 15:51:29.479] [info] ExternalForce::grf1 Data source being set to walk_grf
[2025-06-02 15:51:29.479] [info] ExternalForce::grf2 Data source being set to walk_grf
[2025-06-02 15:51:29.479] [info] ExternalForce::grf4 Data source being set to walk_grf
[2025-06-02 15:51:29.523] [info] ExternalForce::grf1 Data source being set to walk_grf
[2025-06-02 15:51:29.524] [info] ExternalForce::grf2 Data source being set to walk_grf
[2025-06-02 15:51:29.524] [info] ExternalForce::grf4 Data source being set to walk_grf
[2025-06-02 15:51:29.609] [info] ExternalForce::grf1 Data source being set to walk_grf
[2025-06-02 15:51:29.609] [info] ExternalForce::grf2 Data source being set to walk_grf
[2025-06-02 15:51:29.609] [info] ExternalForce::grf4 Data source being set to walk_grf
[2025-06-02 15:51:29.752] [info] ExternalForce::grf1 Data source being set to walk_grf
[2025-06-02 15:51:29.752] [info] ExternalForce::grf2 Data source being set to walk_grf
[2025-06-02 15:51:29.752] [info] ExternalForce::grf4 Data source being set to walk_grf
[2025-06-02 15:51:29.917] [info] ExternalForce::grf1 Data source being set to walk_grf
[2025-06-02 15:51:29.917] [info] ExternalForce::grf2 Data source being set to walk_grf
[2025-06-02 15:51:29.917] [info] ExternalForce::grf4 Data source being set to walk_grf
[2025-06-02 15:51:29.976] [info] ExternalForce::grf1 Data source being set to walk_grf
[2025-06-02 15:51:29.976] [info] ExternalForce::grf2 Data source being set to walk_grf
[2025-06-02 15:51:29.976] [info] ExternalForce::grf4 Data source being set to walk_grf
[2025-06-02 15:51:30.153] [info] ExternalForce::grf1 Data source being set to walk_grf
[2025-06-02 15:51:30.153] [info] ExternalForce::grf2 Data source being set to walk_grf
[2025-06-02 15:51:30.153] [info] ExternalForce::grf4 Data source being set to walk_grf
[2025-06-02 15:51:30.286] [info] ExternalForce::grf1 Data source being set to walk_grf
[2025-06-02 15:51:30.286] [info] ExternalForce::grf2 Data source being set to walk_grf
[2025-06-02 15:51:30.287] [info] ExternalForce::grf4 Data source being set to walk_grf
[2025-06-02 15:51:30.415] [info] ExternalForce::grf1 Data source being set to walk_grf
[2025-06-02 15:51:30.415] [info] ExternalForce::grf2 Data source being set to walk_grf
[2025-06-02 15:51:30.415] [info] ExternalForce::grf4 Data source being set to walk_grf
[2025-06-02 15:51:30.495] [info] ExternalForce::grf1 Data source being set to walk_grf
[2025-06-02 15:51:30.496] [info] ExternalForce::grf2 Data source being set to walk_grf
[2025-06-02 15:51:30.496] [info] ExternalForce::grf4 Data source being set to walk_grf
[2025-06-02 15:51:30.582] [info] ExternalForce::grf1 Data source being set to walk_grf
[2025-06-02 15:51:30.582] [info] ExternalForce::grf2 Data source being set to walk_grf
[2025-06-02 15:51:30.582] [info] ExternalForce::grf4 Data source being set to walk_grf
[2025-06-02 15:51:30.712] [info] ExternalForce::grf1 Data source being set to walk_grf
[2025-06-02 15:51:30.712] [info] ExternalForce::grf2 Data source being set to walk_grf
[2025-06-02 15:51:30.712] [info] ExternalForce::grf4 Data source being set to walk_grf
[2025-06-02 15:51:30.789] [info] ExternalForce::grf1 Data source being set to walk_grf
[2025-06-02 15:51:30.789] [info] ExternalForce::grf2 Data source being set to walk_grf
[2025-06-02 15:51:30.789] [info] ExternalForce::grf4 Data source being set to walk_grf
[2025-06-02 15:51:30.841] [info] ExternalForce::grf1 Data source being set to walk_grf
[2025-06-02 15:51:30.841] [info] ExternalForce::grf2 Data source being set to walk_grf
[2025-06-02 15:51:30.841] [info] ExternalForce::grf4 Data source being set to walk_grf
[2025-06-02 15:51:30.942] [info] ExternalForce::grf1 Data source being set to walk_grf
[2025-06-02 15:51:30.942] [info] ExternalForce::grf2 Data source being set to walk_grf
[2025-06-02 15:51:30.942] [info] ExternalForce::grf4 Data source being set to walk_grf
[2025-06-02 15:51:31.040] [info] ExternalForce::grf1 Data source being set to walk_grf
[2025-06-02 15:51:31.040] [info] ExternalForce::grf2 Data source being set to walk_grf
[2025-06-02 15:51:31.040] [info] ExternalForce::grf4 Data source being set to walk_grf
[2025-06-02 15:51:31.118] [info] ExternalForce::grf1 Data source being set to walk_grf
[2025-06-02 15:51:31.118] [info] ExternalForce::grf2 Data source being set to walk_grf
[2025-06-02 15:51:31.118] [info] ExternalForce::grf4 Data source being set to walk_grf
[2025-06-02 15:51:31.189] [info] ExternalForce::grf1 Data source being set to walk_grf
[2025-06-02 15:51:31.189] [info] ExternalForce::grf2 Data source being set to walk_grf
[2025-06-02 15:51:31.189] [info] ExternalForce::grf4 Data source being set to walk_grf
[2025-06-02 15:51:31.279] [info] ExternalForce::grf1 Data source being set to walk_grf
[2025-06-02 15:51:31.279] [info] ExternalForce::grf2 Data source being set to walk_grf
[2025-06-02 15:51:31.279] [info] ExternalForce::grf4 Data source being set to walk_grf
[2025-06-02 15:51:31.367] [info] ExternalForce::grf1 Data source being set to walk_grf
[2025-06-02 15:51:31.367] [info] ExternalForce::grf2 Data source being set to walk_grf
[2025-06-02 15:51:31.367] [info] ExternalForce::grf4 Data source being set to walk_grf
[2025-06-02 15:51:31.474] [info] ExternalForce::grf1 Data source being set to walk_grf
[2025-06-02 15:51:31.474] [info] ExternalForce::grf2 Data source being set to walk_grf
[2025-06-02 15:51:31.474] [info] ExternalForce::grf4 Data source being set to walk_grf
[2025-06-02 15:51:31.547] [info] ExternalForce::grf1 Data source being set to walk_grf
[2025-06-02 15:51:31.547] [info] ExternalForce::grf2 Data source being set to walk_grf
[2025-06-02 15:51:31.547] [info] ExternalForce::grf4 Data source being set to walk_grf
[2025-06-02 15:51:31.648] [info] ExternalForce::grf1 Data source being set to walk_grf
[2025-06-02 15:51:31.648] [info] ExternalForce::grf2 Data source being set to walk_grf
[2025-06-02 15:51:31.648] [info] ExternalForce::grf4 Data source being set to walk_grf
[2025-06-02 15:51:31.778] [info] ExternalForce::grf1 Data source being set to walk_grf
[2025-06-02 15:51:31.778] [info] ExternalForce::grf2 Data source being set to walk_grf
[2025-06-02 15:51:31.778] [info] ExternalForce::grf4 Data source being set to walk_grf
[2025-06-02 15:51:31.897] [info] ExternalForce::grf1 Data source being set to walk_grf
[2025-06-02 15:51:31.897] [info] ExternalForce::grf2 Data source being set to walk_grf
[2025-06-02 15:51:31.897] [info] ExternalForce::grf4 Data source being set to walk_grf
[2025-06-02 15:51:32.039] [info] ExternalForce::grf1 Data source being set to walk_grf
[2025-06-02 15:51:32.039] [info] ExternalForce::grf2 Data source being set to walk_grf
[2025-06-02 15:51:32.040] [info] ExternalForce::grf4 Data source being set to walk_grf
[2025-06-02 15:51:32.151] [info] ExternalForce::grf1 Data source being set to walk_grf
[2025-06-02 15:51:32.151] [info] ExternalForce::grf2 Data source being set to walk_grf
[2025-06-02 15:51:32.151] [info] ExternalForce::grf4 Data source being set to walk_grf
[2025-06-02 15:51:32.498] [info] ExternalForce::grf1 Data source being set to walk_grf
[2025-06-02 15:51:32.498] [info] ExternalForce::grf2 Data source being set to walk_grf
[2025-06-02 15:51:32.498] [info] ExternalForce::grf4 Data source being set to walk_grf
[2025-06-02 15:51:32.701] [info] ExternalForce::grf1 Data source being set to walk_grf
[2025-06-02 15:51:32.702] [info] ExternalForce::grf2 Data source being set to walk_grf
[2025-06-02 15:51:32.702] [info] ExternalForce::grf4 Data source being set to walk_grf
[2025-06-02 15:51:32.873] [info] ExternalForce::grf1 Data source being set to walk_grf
[2025-06-02 15:51:32.873] [info] ExternalForce::grf2 Data source being set to walk_grf
[2025-06-02 15:51:32.873] [info] ExternalForce::grf4 Data source being set to walk_grf
[2025-06-02 15:51:33.022] [info] ExternalForce::grf1 Data source being set to walk_grf
[2025-06-02 15:51:33.022] [info] ExternalForce::grf2 Data source being set to walk_grf
[2025-06-02 15:51:33.022] [info] ExternalForce::grf4 Data source being set to walk_grf
[2025-06-02 15:51:33.110] [info] Number of threads: 8
[2025-06-02 15:52:40.173] [info] Set log level to Info.
[2025-06-02 15:52:40.177] [info] ------------------------------------------------------------------------
[2025-06-02 15:52:40.178] [info] Elapsed real time: 71 second(s) (1 minute(s), 11 second(s)).
[2025-06-02 15:52:40.178] [info] Mon Jun  2 15:52:40 2025
[2025-06-02 15:52:40.178] [info] MocoCasADiSolver succeeded!
[2025-06-02 15:52:40.178] [info] ========================================================================
[2025-06-02 15:52:51.908] [info] ExternalForce::grf1 Data source being set to walk_grf
[2025-06-02 15:52:51.908] [info] ExternalForce::grf2 Data source being set to walk_grf
[2025-06-02 15:52:51.908] [info] ExternalForce::grf4 Data source being set to walk_grf
[2025-06-02 15:52:51.956] [info] ExternalForce::grf1 Data source being set to walk_grf
[2025-06-02 15:52:51.956] [info] ExternalForce::grf2 Data source being set to walk_grf
[2025-06-02 15:52:51.956] [info] ExternalForce::grf4 Data source being set to walk_grf
[2025-06-02 15:52:52.048] [info] ExternalForce::grf1 Data source being set to walk_grf
[2025-06-02 15:52:52.048] [info] ExternalForce::grf2 Data source being set to walk_grf
[2025-06-02 15:52:52.048] [info] ExternalForce::grf4 Data source being set to walk_grf
[2025-06-02 15:53:04.974] [cout] [info] Exiting visualization.
[2025-06-02 15:53:17.257] [info] Loaded model SUBJ01_2d from file ..\data\SUBJ01\scaling\SUBJ01_scaledModelAdjusted_2d.osim
[2025-06-02 15:54:50.398] [info] Loaded model SUBJ01_2d from file ..\data\SUBJ01\scaling\SUBJ01_scaledModelAdjusted_2d.osim
[2025-06-02 15:56:24.284] [info] Loaded model SUBJ01_2d from file ..\data\SUBJ01\scaling\SUBJ01_scaledModelAdjusted_2d.osim
[2025-06-02 16:19:47.390] [info] Loaded model SUBJ01_2d from file C:\+GitRepos+\optimal-control-weights\datasets\Crienkinge2023\code\..\data\SUBJ01\model\SUBJ01_model_2d.osim
[2025-06-02 16:19:47.391] [warning] Couldn't find file 'sacrum.vtp'.
[2025-06-02 16:19:47.392] [warning] Couldn't find file 'pelvis.vtp'.
[2025-06-02 16:19:47.392] [warning] Couldn't find file 'l_pelvis.vtp'.
[2025-06-02 16:19:47.392] [warning] Couldn't find file 'r_femur.vtp'.
[2025-06-02 16:19:47.392] [warning] Couldn't find file 'r_tibia.vtp'.
[2025-06-02 16:19:47.392] [warning] Couldn't find file 'r_fibula.vtp'.
[2025-06-02 16:19:47.392] [warning] Couldn't find file 'talus.vtp'.
[2025-06-02 16:19:47.392] [warning] Couldn't find file 'foot.vtp'.
[2025-06-02 16:19:47.392] [warning] Couldn't find file 'bofoot.vtp'.
[2025-06-02 16:19:47.392] [warning] Couldn't find file 'l_femur.vtp'.
[2025-06-02 16:19:47.392] [warning] Couldn't find file 'l_tibia.vtp'.
[2025-06-02 16:19:47.393] [warning] Couldn't find file 'l_fibula.vtp'.
[2025-06-02 16:19:47.393] [warning] Couldn't find file 'l_talus.vtp'.
[2025-06-02 16:19:47.393] [warning] Couldn't find file 'l_foot.vtp'.
[2025-06-02 16:19:47.393] [warning] Couldn't find file 'l_bofoot.vtp'.
[2025-06-02 16:19:47.393] [warning] Couldn't find file 'hat_spine.vtp'.
[2025-06-02 16:19:47.393] [warning] Couldn't find file 'hat_jaw.vtp'.
[2025-06-02 16:19:47.393] [warning] Couldn't find file 'hat_skull.vtp'.
[2025-06-02 16:19:47.393] [warning] Couldn't find file 'hat_ribs_scap.vtp'.
[2025-06-02 16:19:50.380] [info] Loaded model SUBJ01_2d from file C:\+GitRepos+\optimal-control-weights\datasets\Crienkinge2023\code\..\data\SUBJ01\model\SUBJ01_model_2d.osim
[2025-06-02 16:19:50.380] [warning] Couldn't find file 'sacrum.vtp'.
[2025-06-02 16:19:50.381] [warning] Couldn't find file 'pelvis.vtp'.
[2025-06-02 16:19:50.381] [warning] Couldn't find file 'l_pelvis.vtp'.
[2025-06-02 16:19:50.381] [warning] Couldn't find file 'r_femur.vtp'.
[2025-06-02 16:19:50.381] [warning] Couldn't find file 'r_tibia.vtp'.
[2025-06-02 16:19:50.381] [warning] Couldn't find file 'r_fibula.vtp'.
[2025-06-02 16:19:50.381] [warning] Couldn't find file 'talus.vtp'.
[2025-06-02 16:19:50.381] [warning] Couldn't find file 'foot.vtp'.
[2025-06-02 16:19:50.381] [warning] Couldn't find file 'bofoot.vtp'.
[2025-06-02 16:19:50.381] [warning] Couldn't find file 'l_femur.vtp'.
[2025-06-02 16:19:50.382] [warning] Couldn't find file 'l_tibia.vtp'.
[2025-06-02 16:19:50.382] [warning] Couldn't find file 'l_fibula.vtp'.
[2025-06-02 16:19:50.382] [warning] Couldn't find file 'l_talus.vtp'.
[2025-06-02 16:19:50.382] [warning] Couldn't find file 'l_foot.vtp'.
[2025-06-02 16:19:50.382] [warning] Couldn't find file 'l_bofoot.vtp'.
[2025-06-02 16:19:50.382] [warning] Couldn't find file 'hat_spine.vtp'.
[2025-06-02 16:19:50.382] [warning] Couldn't find file 'hat_jaw.vtp'.
[2025-06-02 16:19:50.382] [warning] Couldn't find file 'hat_skull.vtp'.
[2025-06-02 16:19:50.382] [warning] Couldn't find file 'hat_ribs_scap.vtp'.
[2025-06-02 16:19:50.488] [info] Loaded model SUBJ01_2d from file C:\+GitRepos+\optimal-control-weights\datasets\Crienkinge2023\code\..\data\SUBJ01\model\SUBJ01_model_2d.osim
[2025-06-02 16:19:50.489] [warning] Couldn't find file 'sacrum.vtp'.
[2025-06-02 16:19:50.489] [warning] Couldn't find file 'pelvis.vtp'.
[2025-06-02 16:19:50.489] [warning] Couldn't find file 'l_pelvis.vtp'.
[2025-06-02 16:19:50.489] [warning] Couldn't find file 'r_femur.vtp'.
[2025-06-02 16:19:50.489] [warning] Couldn't find file 'r_tibia.vtp'.
[2025-06-02 16:19:50.489] [warning] Couldn't find file 'r_fibula.vtp'.
[2025-06-02 16:19:50.489] [warning] Couldn't find file 'talus.vtp'.
[2025-06-02 16:19:50.489] [warning] Couldn't find file 'foot.vtp'.
[2025-06-02 16:19:50.490] [warning] Couldn't find file 'bofoot.vtp'.
[2025-06-02 16:19:50.490] [warning] Couldn't find file 'l_femur.vtp'.
[2025-06-02 16:19:50.490] [warning] Couldn't find file 'l_tibia.vtp'.
[2025-06-02 16:19:50.490] [warning] Couldn't find file 'l_fibula.vtp'.
[2025-06-02 16:19:50.490] [warning] Couldn't find file 'l_talus.vtp'.
[2025-06-02 16:19:50.490] [warning] Couldn't find file 'l_foot.vtp'.
[2025-06-02 16:19:50.490] [warning] Couldn't find file 'l_bofoot.vtp'.
[2025-06-02 16:19:50.490] [warning] Couldn't find file 'hat_spine.vtp'.
[2025-06-02 16:19:50.490] [warning] Couldn't find file 'hat_jaw.vtp'.
[2025-06-02 16:19:50.490] [warning] Couldn't find file 'hat_skull.vtp'.
[2025-06-02 16:19:50.491] [warning] Couldn't find file 'hat_ribs_scap.vtp'.
[2025-06-02 16:19:50.522] [info] AbstractTool SUBJ01_walk_ik_2d loading model C:\+GitRepos+\optimal-control-weights\datasets\Crienkinge2023\code\..\data\SUBJ01\model\SUBJ01_model_2d.osim
[2025-06-02 16:19:50.553] [info] Loaded model SUBJ01_2d from file C:\+GitRepos+\optimal-control-weights\datasets\Crienkinge2023\code\..\data\SUBJ01\model\SUBJ01_model_2d.osim
[2025-06-02 16:19:50.553] [warning] Couldn't find file 'sacrum.vtp'.
[2025-06-02 16:19:50.553] [warning] Couldn't find file 'pelvis.vtp'.
[2025-06-02 16:19:50.553] [warning] Couldn't find file 'l_pelvis.vtp'.
[2025-06-02 16:19:50.553] [warning] Couldn't find file 'r_femur.vtp'.
[2025-06-02 16:19:50.553] [warning] Couldn't find file 'r_tibia.vtp'.
[2025-06-02 16:19:50.553] [warning] Couldn't find file 'r_fibula.vtp'.
[2025-06-02 16:19:50.554] [warning] Couldn't find file 'talus.vtp'.
[2025-06-02 16:19:50.554] [warning] Couldn't find file 'foot.vtp'.
[2025-06-02 16:19:50.554] [warning] Couldn't find file 'bofoot.vtp'.
[2025-06-02 16:19:50.554] [warning] Couldn't find file 'l_femur.vtp'.
[2025-06-02 16:19:50.554] [warning] Couldn't find file 'l_tibia.vtp'.
[2025-06-02 16:19:50.554] [warning] Couldn't find file 'l_fibula.vtp'.
[2025-06-02 16:19:50.554] [warning] Couldn't find file 'l_talus.vtp'.
[2025-06-02 16:19:50.554] [warning] Couldn't find file 'l_foot.vtp'.
[2025-06-02 16:19:50.555] [warning] Couldn't find file 'l_bofoot.vtp'.
[2025-06-02 16:19:50.555] [warning] Couldn't find file 'hat_spine.vtp'.
[2025-06-02 16:19:50.555] [warning] Couldn't find file 'hat_jaw.vtp'.
[2025-06-02 16:19:50.555] [warning] Couldn't find file 'hat_skull.vtp'.
[2025-06-02 16:19:50.555] [warning] Couldn't find file 'hat_ribs_scap.vtp'.
[2025-06-02 16:19:50.568] [info] No external loads will be applied (external loads file not specified).
[2025-06-02 16:19:50.588] [info] Loading coordinates from file 'C:\+GitRepos+\optimal-control-weights\datasets\Crienkinge2023\code\..\data\SUBJ01\mrs\2d\SUBJ01_walk_ik_2d.mot'.
[2025-06-02 16:19:50.589] [warning] Model::formCompleteStorages():  Did not find column /jointset/mtp_r/mtp_angle_r/value in storage object.
[2025-06-02 16:19:50.589] [warning] Model::formCompleteStorages():  Did not find column /jointset/mtp_l/mtp_angle_l/value in storage object.
[2025-06-02 16:19:50.607] [info] Found 101 state vectors with time stamps ranging from 0.95 to 2.0.
[2025-06-02 16:19:50.607] [info] Executing the analyses from 0.960500 to 2.0...
[2025-06-02 16:19:50.790] [info] Printing results of investigation SUBJ01_walk_ik_2d to C:\+GitRepos+\optimal-control-weights\datasets\Crienkinge2023\code\..\data\SUBJ01\mrs\2d\results\MuscleAnalysis
[2025-06-02 16:21:01.107] [info] Loaded model SUBJ01_2d from file C:\+GitRepos+\optimal-control-weights\datasets\Crienkinge2023\code\..\data\SUBJ01\model\SUBJ01_model_2d.osim
[2025-06-02 16:21:01.107] [warning] Couldn't find file 'sacrum.vtp'.
[2025-06-02 16:21:01.107] [warning] Couldn't find file 'pelvis.vtp'.
[2025-06-02 16:21:01.107] [warning] Couldn't find file 'l_pelvis.vtp'.
[2025-06-02 16:21:01.107] [warning] Couldn't find file 'r_femur.vtp'.
[2025-06-02 16:21:01.108] [warning] Couldn't find file 'r_tibia.vtp'.
[2025-06-02 16:21:01.108] [warning] Couldn't find file 'r_fibula.vtp'.
[2025-06-02 16:21:01.108] [warning] Couldn't find file 'talus.vtp'.
[2025-06-02 16:21:01.108] [warning] Couldn't find file 'foot.vtp'.
[2025-06-02 16:21:01.108] [warning] Couldn't find file 'bofoot.vtp'.
[2025-06-02 16:21:01.108] [warning] Couldn't find file 'l_femur.vtp'.
[2025-06-02 16:21:01.108] [warning] Couldn't find file 'l_tibia.vtp'.
[2025-06-02 16:21:01.108] [warning] Couldn't find file 'l_fibula.vtp'.
[2025-06-02 16:21:01.108] [warning] Couldn't find file 'l_talus.vtp'.
[2025-06-02 16:21:01.108] [warning] Couldn't find file 'l_foot.vtp'.
[2025-06-02 16:21:01.108] [warning] Couldn't find file 'l_bofoot.vtp'.
[2025-06-02 16:21:01.109] [warning] Couldn't find file 'hat_spine.vtp'.
[2025-06-02 16:21:01.109] [warning] Couldn't find file 'hat_jaw.vtp'.
[2025-06-02 16:21:01.109] [warning] Couldn't find file 'hat_skull.vtp'.
[2025-06-02 16:21:01.109] [warning] Couldn't find file 'hat_ribs_scap.vtp'.
[2025-06-02 16:21:01.142] [info] Loaded model SUBJ01_2d from file C:\+GitRepos+\optimal-control-weights\datasets\Crienkinge2023\code\..\data\SUBJ01\model\SUBJ01_model_2d.osim
[2025-06-02 16:21:01.142] [warning] Couldn't find file 'sacrum.vtp'.
[2025-06-02 16:21:01.142] [warning] Couldn't find file 'pelvis.vtp'.
[2025-06-02 16:21:01.142] [warning] Couldn't find file 'l_pelvis.vtp'.
[2025-06-02 16:21:01.142] [warning] Couldn't find file 'r_femur.vtp'.
[2025-06-02 16:21:01.142] [warning] Couldn't find file 'r_tibia.vtp'.
[2025-06-02 16:21:01.142] [warning] Couldn't find file 'r_fibula.vtp'.
[2025-06-02 16:21:01.143] [warning] Couldn't find file 'talus.vtp'.
[2025-06-02 16:21:01.143] [warning] Couldn't find file 'foot.vtp'.
[2025-06-02 16:21:01.143] [warning] Couldn't find file 'bofoot.vtp'.
[2025-06-02 16:21:01.143] [warning] Couldn't find file 'l_femur.vtp'.
[2025-06-02 16:21:01.143] [warning] Couldn't find file 'l_tibia.vtp'.
[2025-06-02 16:21:01.143] [warning] Couldn't find file 'l_fibula.vtp'.
[2025-06-02 16:21:01.143] [warning] Couldn't find file 'l_talus.vtp'.
[2025-06-02 16:21:01.143] [warning] Couldn't find file 'l_foot.vtp'.
[2025-06-02 16:21:01.143] [warning] Couldn't find file 'l_bofoot.vtp'.
[2025-06-02 16:21:01.143] [warning] Couldn't find file 'hat_spine.vtp'.
[2025-06-02 16:21:01.143] [warning] Couldn't find file 'hat_jaw.vtp'.
[2025-06-02 16:21:01.144] [warning] Couldn't find file 'hat_skull.vtp'.
[2025-06-02 16:21:01.144] [warning] Couldn't find file 'hat_ribs_scap.vtp'.
[2025-06-02 16:21:01.155] [info] AbstractTool SUBJ01_walk_ik_2d loading model C:\+GitRepos+\optimal-control-weights\datasets\Crienkinge2023\code\..\data\SUBJ01\model\SUBJ01_model_2d.osim
[2025-06-02 16:21:01.175] [info] Loaded model SUBJ01_2d from file C:\+GitRepos+\optimal-control-weights\datasets\Crienkinge2023\code\..\data\SUBJ01\model\SUBJ01_model_2d.osim
[2025-06-02 16:21:01.175] [warning] Couldn't find file 'sacrum.vtp'.
[2025-06-02 16:21:01.176] [warning] Couldn't find file 'pelvis.vtp'.
[2025-06-02 16:21:01.176] [warning] Couldn't find file 'l_pelvis.vtp'.
[2025-06-02 16:21:01.176] [warning] Couldn't find file 'r_femur.vtp'.
[2025-06-02 16:21:01.176] [warning] Couldn't find file 'r_tibia.vtp'.
[2025-06-02 16:21:01.176] [warning] Couldn't find file 'r_fibula.vtp'.
[2025-06-02 16:21:01.176] [warning] Couldn't find file 'talus.vtp'.
[2025-06-02 16:21:01.176] [warning] Couldn't find file 'foot.vtp'.
[2025-06-02 16:21:01.176] [warning] Couldn't find file 'bofoot.vtp'.
[2025-06-02 16:21:01.176] [warning] Couldn't find file 'l_femur.vtp'.
[2025-06-02 16:21:01.176] [warning] Couldn't find file 'l_tibia.vtp'.
[2025-06-02 16:21:01.176] [warning] Couldn't find file 'l_fibula.vtp'.
[2025-06-02 16:21:01.177] [warning] Couldn't find file 'l_talus.vtp'.
[2025-06-02 16:21:01.177] [warning] Couldn't find file 'l_foot.vtp'.
[2025-06-02 16:21:01.177] [warning] Couldn't find file 'l_bofoot.vtp'.
[2025-06-02 16:21:01.177] [warning] Couldn't find file 'hat_spine.vtp'.
[2025-06-02 16:21:01.177] [warning] Couldn't find file 'hat_jaw.vtp'.
[2025-06-02 16:21:01.177] [warning] Couldn't find file 'hat_skull.vtp'.
[2025-06-02 16:21:01.177] [warning] Couldn't find file 'hat_ribs_scap.vtp'.
[2025-06-02 16:21:01.186] [info] No external loads will be applied (external loads file not specified).
[2025-06-02 16:21:01.199] [info] Loading coordinates from file 'C:\+GitRepos+\optimal-control-weights\datasets\Crienkinge2023\code\..\data\SUBJ01\mrs\2d\SUBJ01_walk_ik_2d.mot'.
[2025-06-02 16:21:01.201] [warning] Model::formCompleteStorages():  Did not find column /jointset/mtp_r/mtp_angle_r/value in storage object.
[2025-06-02 16:21:01.201] [warning] Model::formCompleteStorages():  Did not find column /jointset/mtp_l/mtp_angle_l/value in storage object.
[2025-06-02 16:21:01.219] [info] Found 101 state vectors with time stamps ranging from 0.95 to 2.0.
[2025-06-02 16:21:01.219] [info] Executing the analyses from 0.960500 to 2.0...
[2025-06-02 16:21:01.390] [info] Printing results of investigation SUBJ01_walk_ik_2d to C:\+GitRepos+\optimal-control-weights\datasets\Crienkinge2023\code\..\data\SUBJ01\mrs\2d\results\MuscleAnalysis
[2025-06-02 16:23:05.821] [info] Loaded model SUBJ01_2d from file C:\+GitRepos+\optimal-control-weights\datasets\Crienkinge2023\code\..\data\SUBJ01\model\SUBJ01_model_2d.osim
[2025-06-02 16:23:05.821] [warning] Couldn't find file 'sacrum.vtp'.
[2025-06-02 16:23:05.821] [warning] Couldn't find file 'pelvis.vtp'.
[2025-06-02 16:23:05.822] [warning] Couldn't find file 'l_pelvis.vtp'.
[2025-06-02 16:23:05.822] [warning] Couldn't find file 'r_femur.vtp'.
[2025-06-02 16:23:05.822] [warning] Couldn't find file 'r_tibia.vtp'.
[2025-06-02 16:23:05.822] [warning] Couldn't find file 'r_fibula.vtp'.
[2025-06-02 16:23:05.822] [warning] Couldn't find file 'talus.vtp'.
[2025-06-02 16:23:05.822] [warning] Couldn't find file 'foot.vtp'.
[2025-06-02 16:23:05.822] [warning] Couldn't find file 'bofoot.vtp'.
[2025-06-02 16:23:05.822] [warning] Couldn't find file 'l_femur.vtp'.
[2025-06-02 16:23:05.822] [warning] Couldn't find file 'l_tibia.vtp'.
[2025-06-02 16:23:05.823] [warning] Couldn't find file 'l_fibula.vtp'.
[2025-06-02 16:23:05.823] [warning] Couldn't find file 'l_talus.vtp'.
[2025-06-02 16:23:05.823] [warning] Couldn't find file 'l_foot.vtp'.
[2025-06-02 16:23:05.823] [warning] Couldn't find file 'l_bofoot.vtp'.
[2025-06-02 16:23:05.824] [warning] Couldn't find file 'hat_spine.vtp'.
[2025-06-02 16:23:05.824] [warning] Couldn't find file 'hat_jaw.vtp'.
[2025-06-02 16:23:05.824] [warning] Couldn't find file 'hat_skull.vtp'.
[2025-06-02 16:23:05.824] [warning] Couldn't find file 'hat_ribs_scap.vtp'.
[2025-06-02 16:24:15.667] [info] Loaded model SUBJ01_2d from file C:\+GitRepos+\optimal-control-weights\datasets\Crienkinge2023\code\..\data\SUBJ01\model\SUBJ01_model_2d.osim
[2025-06-02 16:24:15.667] [warning] Couldn't find file 'sacrum.vtp'.
[2025-06-02 16:24:15.668] [warning] Couldn't find file 'pelvis.vtp'.
[2025-06-02 16:24:15.668] [warning] Couldn't find file 'l_pelvis.vtp'.
[2025-06-02 16:24:15.668] [warning] Couldn't find file 'r_femur.vtp'.
[2025-06-02 16:24:15.668] [warning] Couldn't find file 'r_tibia.vtp'.
[2025-06-02 16:24:15.668] [warning] Couldn't find file 'r_fibula.vtp'.
[2025-06-02 16:24:15.668] [warning] Couldn't find file 'talus.vtp'.
[2025-06-02 16:24:15.668] [warning] Couldn't find file 'foot.vtp'.
[2025-06-02 16:24:15.668] [warning] Couldn't find file 'bofoot.vtp'.
[2025-06-02 16:24:15.668] [warning] Couldn't find file 'l_femur.vtp'.
[2025-06-02 16:24:15.668] [warning] Couldn't find file 'l_tibia.vtp'.
[2025-06-02 16:24:15.668] [warning] Couldn't find file 'l_fibula.vtp'.
[2025-06-02 16:24:15.669] [warning] Couldn't find file 'l_talus.vtp'.
[2025-06-02 16:24:15.669] [warning] Couldn't find file 'l_foot.vtp'.
[2025-06-02 16:24:15.669] [warning] Couldn't find file 'l_bofoot.vtp'.
[2025-06-02 16:24:15.669] [warning] Couldn't find file 'hat_spine.vtp'.
[2025-06-02 16:24:15.669] [warning] Couldn't find file 'hat_jaw.vtp'.
[2025-06-02 16:24:15.669] [warning] Couldn't find file 'hat_skull.vtp'.
[2025-06-02 16:24:15.669] [warning] Couldn't find file 'hat_ribs_scap.vtp'.
[2025-06-02 16:24:15.707] [info] Loaded model SUBJ01_2d from file C:\+GitRepos+\optimal-control-weights\datasets\Crienkinge2023\code\..\data\SUBJ01\model\SUBJ01_model_2d.osim
[2025-06-02 16:24:15.707] [warning] Couldn't find file 'sacrum.vtp'.
[2025-06-02 16:24:15.707] [warning] Couldn't find file 'pelvis.vtp'.
[2025-06-02 16:24:15.708] [warning] Couldn't find file 'l_pelvis.vtp'.
[2025-06-02 16:24:15.708] [warning] Couldn't find file 'r_femur.vtp'.
[2025-06-02 16:24:15.708] [warning] Couldn't find file 'r_tibia.vtp'.
[2025-06-02 16:24:15.708] [warning] Couldn't find file 'r_fibula.vtp'.
[2025-06-02 16:24:15.708] [warning] Couldn't find file 'talus.vtp'.
[2025-06-02 16:24:15.708] [warning] Couldn't find file 'foot.vtp'.
[2025-06-02 16:24:15.708] [warning] Couldn't find file 'bofoot.vtp'.
[2025-06-02 16:24:15.708] [warning] Couldn't find file 'l_femur.vtp'.
[2025-06-02 16:24:15.708] [warning] Couldn't find file 'l_tibia.vtp'.
[2025-06-02 16:24:15.708] [warning] Couldn't find file 'l_fibula.vtp'.
[2025-06-02 16:24:15.709] [warning] Couldn't find file 'l_talus.vtp'.
[2025-06-02 16:24:15.709] [warning] Couldn't find file 'l_foot.vtp'.
[2025-06-02 16:24:15.709] [warning] Couldn't find file 'l_bofoot.vtp'.
[2025-06-02 16:24:15.709] [warning] Couldn't find file 'hat_spine.vtp'.
[2025-06-02 16:24:15.709] [warning] Couldn't find file 'hat_jaw.vtp'.
[2025-06-02 16:24:15.709] [warning] Couldn't find file 'hat_skull.vtp'.
[2025-06-02 16:24:15.709] [warning] Couldn't find file 'hat_ribs_scap.vtp'.
[2025-06-02 16:24:15.727] [info] AbstractTool SUBJ01_walk_ik_2d loading model C:\+GitRepos+\optimal-control-weights\datasets\Crienkinge2023\code\..\data\SUBJ01\model\SUBJ01_model_2d.osim
[2025-06-02 16:24:15.750] [info] Loaded model SUBJ01_2d from file C:\+GitRepos+\optimal-control-weights\datasets\Crienkinge2023\code\..\data\SUBJ01\model\SUBJ01_model_2d.osim
[2025-06-02 16:24:15.751] [warning] Couldn't find file 'sacrum.vtp'.
[2025-06-02 16:24:15.751] [warning] Couldn't find file 'pelvis.vtp'.
[2025-06-02 16:24:15.751] [warning] Couldn't find file 'l_pelvis.vtp'.
[2025-06-02 16:24:15.751] [warning] Couldn't find file 'r_femur.vtp'.
[2025-06-02 16:24:15.752] [warning] Couldn't find file 'r_tibia.vtp'.
[2025-06-02 16:24:15.752] [warning] Couldn't find file 'r_fibula.vtp'.
[2025-06-02 16:24:15.752] [warning] Couldn't find file 'talus.vtp'.
[2025-06-02 16:24:15.752] [warning] Couldn't find file 'foot.vtp'.
[2025-06-02 16:24:15.752] [warning] Couldn't find file 'bofoot.vtp'.
[2025-06-02 16:24:15.752] [warning] Couldn't find file 'l_femur.vtp'.
[2025-06-02 16:24:15.753] [warning] Couldn't find file 'l_tibia.vtp'.
[2025-06-02 16:24:15.753] [warning] Couldn't find file 'l_fibula.vtp'.
[2025-06-02 16:24:15.753] [warning] Couldn't find file 'l_talus.vtp'.
[2025-06-02 16:24:15.753] [warning] Couldn't find file 'l_foot.vtp'.
[2025-06-02 16:24:15.753] [warning] Couldn't find file 'l_bofoot.vtp'.
[2025-06-02 16:24:15.753] [warning] Couldn't find file 'hat_spine.vtp'.
[2025-06-02 16:24:15.753] [warning] Couldn't find file 'hat_jaw.vtp'.
[2025-06-02 16:24:15.754] [warning] Couldn't find file 'hat_skull.vtp'.
[2025-06-02 16:24:15.754] [warning] Couldn't find file 'hat_ribs_scap.vtp'.
[2025-06-02 16:24:15.764] [info] No external loads will be applied (external loads file not specified).
[2025-06-02 16:24:15.777] [info] Loading coordinates from file 'C:\+GitRepos+\optimal-control-weights\datasets\Crienkinge2023\code\..\data\SUBJ01\mrs\2d\SUBJ01_walk_ik_2d.mot'.
[2025-06-02 16:24:15.779] [warning] Model::formCompleteStorages():  Did not find column /jointset/mtp_r/mtp_angle_r/value in storage object.
[2025-06-02 16:24:15.779] [warning] Model::formCompleteStorages():  Did not find column /jointset/mtp_l/mtp_angle_l/value in storage object.
[2025-06-02 16:24:15.798] [info] Found 101 state vectors with time stamps ranging from 0.95 to 2.0.
[2025-06-02 16:24:15.798] [info] Executing the analyses from 0.960500 to 2.0...
[2025-06-02 16:24:15.977] [info] Printing results of investigation SUBJ01_walk_ik_2d to C:\+GitRepos+\optimal-control-weights\datasets\Crienkinge2023\code\..\data\SUBJ01\mrs\2d\results\MuscleAnalysis
[2025-06-02 16:28:23.869] [info] Loaded model SUBJ01_2d from file C:\+GitRepos+\optimal-control-weights\datasets\Crienkinge2023\code\..\data\SUBJ01\model\SUBJ01_model_2d.osim
[2025-06-02 16:28:23.869] [warning] Couldn't find file 'sacrum.vtp'.
[2025-06-02 16:28:23.870] [warning] Couldn't find file 'pelvis.vtp'.
[2025-06-02 16:28:23.870] [warning] Couldn't find file 'l_pelvis.vtp'.
[2025-06-02 16:28:23.870] [warning] Couldn't find file 'r_femur.vtp'.
[2025-06-02 16:28:23.870] [warning] Couldn't find file 'r_tibia.vtp'.
[2025-06-02 16:28:23.870] [warning] Couldn't find file 'r_fibula.vtp'.
[2025-06-02 16:28:23.870] [warning] Couldn't find file 'talus.vtp'.
[2025-06-02 16:28:23.870] [warning] Couldn't find file 'foot.vtp'.
[2025-06-02 16:28:23.870] [warning] Couldn't find file 'bofoot.vtp'.
[2025-06-02 16:28:23.870] [warning] Couldn't find file 'l_femur.vtp'.
[2025-06-02 16:28:23.871] [warning] Couldn't find file 'l_tibia.vtp'.
[2025-06-02 16:28:23.871] [warning] Couldn't find file 'l_fibula.vtp'.
[2025-06-02 16:28:23.871] [warning] Couldn't find file 'l_talus.vtp'.
[2025-06-02 16:28:23.871] [warning] Couldn't find file 'l_foot.vtp'.
[2025-06-02 16:28:23.871] [warning] Couldn't find file 'l_bofoot.vtp'.
[2025-06-02 16:28:23.871] [warning] Couldn't find file 'hat_spine.vtp'.
[2025-06-02 16:28:23.871] [warning] Couldn't find file 'hat_jaw.vtp'.
[2025-06-02 16:28:23.871] [warning] Couldn't find file 'hat_skull.vtp'.
[2025-06-02 16:28:23.871] [warning] Couldn't find file 'hat_ribs_scap.vtp'.
[2025-06-02 16:28:27.222] [info] Loaded model SUBJ01_2d from file C:\+GitRepos+\optimal-control-weights\datasets\Crienkinge2023\code\..\data\SUBJ01\model\SUBJ01_model_2d.osim
[2025-06-02 16:28:27.222] [warning] Couldn't find file 'sacrum.vtp'.
[2025-06-02 16:28:27.223] [warning] Couldn't find file 'pelvis.vtp'.
[2025-06-02 16:28:27.223] [warning] Couldn't find file 'l_pelvis.vtp'.
[2025-06-02 16:28:27.223] [warning] Couldn't find file 'r_femur.vtp'.
[2025-06-02 16:28:27.223] [warning] Couldn't find file 'r_tibia.vtp'.
[2025-06-02 16:28:27.223] [warning] Couldn't find file 'r_fibula.vtp'.
[2025-06-02 16:28:27.223] [warning] Couldn't find file 'talus.vtp'.
[2025-06-02 16:28:27.223] [warning] Couldn't find file 'foot.vtp'.
[2025-06-02 16:28:27.223] [warning] Couldn't find file 'bofoot.vtp'.
[2025-06-02 16:28:27.224] [warning] Couldn't find file 'l_femur.vtp'.
[2025-06-02 16:28:27.224] [warning] Couldn't find file 'l_tibia.vtp'.
[2025-06-02 16:28:27.224] [warning] Couldn't find file 'l_fibula.vtp'.
[2025-06-02 16:28:27.224] [warning] Couldn't find file 'l_talus.vtp'.
[2025-06-02 16:28:27.224] [warning] Couldn't find file 'l_foot.vtp'.
[2025-06-02 16:28:27.224] [warning] Couldn't find file 'l_bofoot.vtp'.
[2025-06-02 16:28:27.224] [warning] Couldn't find file 'hat_spine.vtp'.
[2025-06-02 16:28:27.224] [warning] Couldn't find file 'hat_jaw.vtp'.
[2025-06-02 16:28:27.224] [warning] Couldn't find file 'hat_skull.vtp'.
[2025-06-02 16:28:27.225] [warning] Couldn't find file 'hat_ribs_scap.vtp'.
[2025-06-02 16:28:27.284] [info] Loaded model SUBJ01_2d from file C:\+GitRepos+\optimal-control-weights\datasets\Crienkinge2023\code\..\data\SUBJ01\model\SUBJ01_model_2d.osim
[2025-06-02 16:28:27.284] [warning] Couldn't find file 'sacrum.vtp'.
[2025-06-02 16:28:27.284] [warning] Couldn't find file 'pelvis.vtp'.
[2025-06-02 16:28:27.285] [warning] Couldn't find file 'l_pelvis.vtp'.
[2025-06-02 16:28:27.285] [warning] Couldn't find file 'r_femur.vtp'.
[2025-06-02 16:28:27.285] [warning] Couldn't find file 'r_tibia.vtp'.
[2025-06-02 16:28:27.285] [warning] Couldn't find file 'r_fibula.vtp'.
[2025-06-02 16:28:27.285] [warning] Couldn't find file 'talus.vtp'.
[2025-06-02 16:28:27.285] [warning] Couldn't find file 'foot.vtp'.
[2025-06-02 16:28:27.286] [warning] Couldn't find file 'bofoot.vtp'.
[2025-06-02 16:28:27.286] [warning] Couldn't find file 'l_femur.vtp'.
[2025-06-02 16:28:27.286] [warning] Couldn't find file 'l_tibia.vtp'.
[2025-06-02 16:28:27.286] [warning] Couldn't find file 'l_fibula.vtp'.
[2025-06-02 16:28:27.286] [warning] Couldn't find file 'l_talus.vtp'.
[2025-06-02 16:28:27.286] [warning] Couldn't find file 'l_foot.vtp'.
[2025-06-02 16:28:27.286] [warning] Couldn't find file 'l_bofoot.vtp'.
[2025-06-02 16:28:27.286] [warning] Couldn't find file 'hat_spine.vtp'.
[2025-06-02 16:28:27.286] [warning] Couldn't find file 'hat_jaw.vtp'.
[2025-06-02 16:28:27.287] [warning] Couldn't find file 'hat_skull.vtp'.
[2025-06-02 16:28:27.287] [warning] Couldn't find file 'hat_ribs_scap.vtp'.
[2025-06-02 16:28:27.311] [info] AbstractTool SUBJ01_walk_ik_2d loading model C:\+GitRepos+\optimal-control-weights\datasets\Crienkinge2023\code\..\data\SUBJ01\model\SUBJ01_model_2d.osim
[2025-06-02 16:28:27.335] [info] Loaded model SUBJ01_2d from file C:\+GitRepos+\optimal-control-weights\datasets\Crienkinge2023\code\..\data\SUBJ01\model\SUBJ01_model_2d.osim
[2025-06-02 16:28:27.335] [warning] Couldn't find file 'sacrum.vtp'.
[2025-06-02 16:28:27.336] [warning] Couldn't find file 'pelvis.vtp'.
[2025-06-02 16:28:27.336] [warning] Couldn't find file 'l_pelvis.vtp'.
[2025-06-02 16:28:27.336] [warning] Couldn't find file 'r_femur.vtp'.
[2025-06-02 16:28:27.336] [warning] Couldn't find file 'r_tibia.vtp'.
[2025-06-02 16:28:27.337] [warning] Couldn't find file 'r_fibula.vtp'.
[2025-06-02 16:28:27.337] [warning] Couldn't find file 'talus.vtp'.
[2025-06-02 16:28:27.337] [warning] Couldn't find file 'foot.vtp'.
[2025-06-02 16:28:27.337] [warning] Couldn't find file 'bofoot.vtp'.
[2025-06-02 16:28:27.337] [warning] Couldn't find file 'l_femur.vtp'.
[2025-06-02 16:28:27.338] [warning] Couldn't find file 'l_tibia.vtp'.
[2025-06-02 16:28:27.338] [warning] Couldn't find file 'l_fibula.vtp'.
[2025-06-02 16:28:27.338] [warning] Couldn't find file 'l_talus.vtp'.
[2025-06-02 16:28:27.338] [warning] Couldn't find file 'l_foot.vtp'.
[2025-06-02 16:28:27.339] [warning] Couldn't find file 'l_bofoot.vtp'.
[2025-06-02 16:28:27.339] [warning] Couldn't find file 'hat_spine.vtp'.
[2025-06-02 16:28:27.339] [warning] Couldn't find file 'hat_jaw.vtp'.
[2025-06-02 16:28:27.339] [warning] Couldn't find file 'hat_skull.vtp'.
[2025-06-02 16:28:27.340] [warning] Couldn't find file 'hat_ribs_scap.vtp'.
[2025-06-02 16:28:27.347] [info] No external loads will be applied (external loads file not specified).
[2025-06-02 16:28:27.359] [info] Loading coordinates from file 'C:\+GitRepos+\optimal-control-weights\datasets\Crienkinge2023\code\..\data\SUBJ01\mrs\2d\SUBJ01_walk_ik_2d.mot'.
[2025-06-02 16:28:27.360] [info] Storage: read data file = C:\+GitRepos+\optimal-control-weights\datasets\Crienkinge2023\code\..\data\SUBJ01\mrs\2d\SUBJ01_walk_ik_2d.mot (nr=56 nc=17)
[2025-06-02 16:28:27.371] [info] Found 56 state vectors with time stamps ranging from 0.22 to 0.77.
[2025-06-02 16:28:27.371] [info] Executing the analyses from 0.23 to 0.77...
[2025-06-02 16:28:27.542] [info] Printing results of investigation SUBJ01_walk_ik_2d to C:\+GitRepos+\optimal-control-weights\datasets\Crienkinge2023\code\..\data\SUBJ01\mrs\2d\results\MuscleAnalysis
[2025-06-02 16:29:53.976] [info] Loaded model SUBJ01_2d from file C:\+GitRepos+\optimal-control-weights\datasets\Crienkinge2023\data\SUBJ01\model\SUBJ01_model_2d.osim
[2025-06-02 16:29:53.977] [warning] Couldn't find file 'sacrum.vtp'.
[2025-06-02 16:29:53.977] [warning] Couldn't find file 'pelvis.vtp'.
[2025-06-02 16:29:53.977] [warning] Couldn't find file 'l_pelvis.vtp'.
[2025-06-02 16:29:53.977] [warning] Couldn't find file 'r_femur.vtp'.
[2025-06-02 16:29:53.977] [warning] Couldn't find file 'r_tibia.vtp'.
[2025-06-02 16:29:53.977] [warning] Couldn't find file 'r_fibula.vtp'.
[2025-06-02 16:29:53.977] [warning] Couldn't find file 'talus.vtp'.
[2025-06-02 16:29:53.977] [warning] Couldn't find file 'foot.vtp'.
[2025-06-02 16:29:53.978] [warning] Couldn't find file 'bofoot.vtp'.
[2025-06-02 16:29:53.978] [warning] Couldn't find file 'l_femur.vtp'.
[2025-06-02 16:29:53.978] [warning] Couldn't find file 'l_tibia.vtp'.
[2025-06-02 16:29:53.978] [warning] Couldn't find file 'l_fibula.vtp'.
[2025-06-02 16:29:53.978] [warning] Couldn't find file 'l_talus.vtp'.
[2025-06-02 16:29:53.978] [warning] Couldn't find file 'l_foot.vtp'.
[2025-06-02 16:29:53.978] [warning] Couldn't find file 'l_bofoot.vtp'.
[2025-06-02 16:29:53.978] [warning] Couldn't find file 'hat_spine.vtp'.
[2025-06-02 16:29:53.978] [warning] Couldn't find file 'hat_jaw.vtp'.
[2025-06-02 16:29:53.979] [warning] Couldn't find file 'hat_skull.vtp'.
[2025-06-02 16:29:53.979] [warning] Couldn't find file 'hat_ribs_scap.vtp'.
[2025-06-02 16:32:27.237] [info] Loaded model SUBJ01_2d from file C:\+GitRepos+\optimal-control-weights\datasets\Crienkinge2023\code\..\data\SUBJ01\model\SUBJ01_model_2d.osim
[2025-06-02 16:32:27.237] [warning] Couldn't find file 'sacrum.vtp'.
[2025-06-02 16:32:27.237] [warning] Couldn't find file 'pelvis.vtp'.
[2025-06-02 16:32:27.238] [warning] Couldn't find file 'l_pelvis.vtp'.
[2025-06-02 16:32:27.238] [warning] Couldn't find file 'r_femur.vtp'.
[2025-06-02 16:32:27.238] [warning] Couldn't find file 'r_tibia.vtp'.
[2025-06-02 16:32:27.238] [warning] Couldn't find file 'r_fibula.vtp'.
[2025-06-02 16:32:27.238] [warning] Couldn't find file 'talus.vtp'.
[2025-06-02 16:32:27.238] [warning] Couldn't find file 'foot.vtp'.
[2025-06-02 16:32:27.238] [warning] Couldn't find file 'bofoot.vtp'.
[2025-06-02 16:32:27.238] [warning] Couldn't find file 'l_femur.vtp'.
[2025-06-02 16:32:27.238] [warning] Couldn't find file 'l_tibia.vtp'.
[2025-06-02 16:32:27.238] [warning] Couldn't find file 'l_fibula.vtp'.
[2025-06-02 16:32:27.238] [warning] Couldn't find file 'l_talus.vtp'.
[2025-06-02 16:32:27.239] [warning] Couldn't find file 'l_foot.vtp'.
[2025-06-02 16:32:27.239] [warning] Couldn't find file 'l_bofoot.vtp'.
[2025-06-02 16:32:27.239] [warning] Couldn't find file 'hat_spine.vtp'.
[2025-06-02 16:32:27.239] [warning] Couldn't find file 'hat_jaw.vtp'.
[2025-06-02 16:32:27.239] [warning] Couldn't find file 'hat_skull.vtp'.
[2025-06-02 16:32:27.239] [warning] Couldn't find file 'hat_ribs_scap.vtp'.
[2025-06-02 16:32:30.718] [info] Loaded model SUBJ01_2d from file C:\+GitRepos+\optimal-control-weights\datasets\Crienkinge2023\code\..\data\SUBJ01\model\SUBJ01_model_2d.osim
[2025-06-02 16:32:30.719] [warning] Couldn't find file 'sacrum.vtp'.
[2025-06-02 16:32:30.719] [warning] Couldn't find file 'pelvis.vtp'.
[2025-06-02 16:32:30.719] [warning] Couldn't find file 'l_pelvis.vtp'.
[2025-06-02 16:32:30.719] [warning] Couldn't find file 'r_femur.vtp'.
[2025-06-02 16:32:30.719] [warning] Couldn't find file 'r_tibia.vtp'.
[2025-06-02 16:32:30.719] [warning] Couldn't find file 'r_fibula.vtp'.
[2025-06-02 16:32:30.719] [warning] Couldn't find file 'talus.vtp'.
[2025-06-02 16:32:30.719] [warning] Couldn't find file 'foot.vtp'.
[2025-06-02 16:32:30.720] [warning] Couldn't find file 'bofoot.vtp'.
[2025-06-02 16:32:30.720] [warning] Couldn't find file 'l_femur.vtp'.
[2025-06-02 16:32:30.720] [warning] Couldn't find file 'l_tibia.vtp'.
[2025-06-02 16:32:30.720] [warning] Couldn't find file 'l_fibula.vtp'.
[2025-06-02 16:32:30.720] [warning] Couldn't find file 'l_talus.vtp'.
[2025-06-02 16:32:30.720] [warning] Couldn't find file 'l_foot.vtp'.
[2025-06-02 16:32:30.720] [warning] Couldn't find file 'l_bofoot.vtp'.
[2025-06-02 16:32:30.720] [warning] Couldn't find file 'hat_spine.vtp'.
[2025-06-02 16:32:30.720] [warning] Couldn't find file 'hat_jaw.vtp'.
[2025-06-02 16:32:30.721] [warning] Couldn't find file 'hat_skull.vtp'.
[2025-06-02 16:32:30.721] [warning] Couldn't find file 'hat_ribs_scap.vtp'.
[2025-06-02 16:32:30.754] [info] Loaded model SUBJ01_2d from file C:\+GitRepos+\optimal-control-weights\datasets\Crienkinge2023\code\..\data\SUBJ01\model\SUBJ01_model_2d.osim
[2025-06-02 16:32:30.754] [warning] Couldn't find file 'sacrum.vtp'.
[2025-06-02 16:32:30.754] [warning] Couldn't find file 'pelvis.vtp'.
[2025-06-02 16:32:30.754] [warning] Couldn't find file 'l_pelvis.vtp'.
[2025-06-02 16:32:30.755] [warning] Couldn't find file 'r_femur.vtp'.
[2025-06-02 16:32:30.755] [warning] Couldn't find file 'r_tibia.vtp'.
[2025-06-02 16:32:30.755] [warning] Couldn't find file 'r_fibula.vtp'.
[2025-06-02 16:32:30.755] [warning] Couldn't find file 'talus.vtp'.
[2025-06-02 16:32:30.755] [warning] Couldn't find file 'foot.vtp'.
[2025-06-02 16:32:30.755] [warning] Couldn't find file 'bofoot.vtp'.
[2025-06-02 16:32:30.755] [warning] Couldn't find file 'l_femur.vtp'.
[2025-06-02 16:32:30.755] [warning] Couldn't find file 'l_tibia.vtp'.
[2025-06-02 16:32:30.755] [warning] Couldn't find file 'l_fibula.vtp'.
[2025-06-02 16:32:30.755] [warning] Couldn't find file 'l_talus.vtp'.
[2025-06-02 16:32:30.755] [warning] Couldn't find file 'l_foot.vtp'.
[2025-06-02 16:32:30.756] [warning] Couldn't find file 'l_bofoot.vtp'.
[2025-06-02 16:32:30.756] [warning] Couldn't find file 'hat_spine.vtp'.
[2025-06-02 16:32:30.756] [warning] Couldn't find file 'hat_jaw.vtp'.
[2025-06-02 16:32:30.756] [warning] Couldn't find file 'hat_skull.vtp'.
[2025-06-02 16:32:30.756] [warning] Couldn't find file 'hat_ribs_scap.vtp'.
[2025-06-02 16:32:30.782] [info] AbstractTool SUBJ01_walk_ik_2d loading model C:\+GitRepos+\optimal-control-weights\datasets\Crienkinge2023\code\..\data\SUBJ01\model\SUBJ01_model_2d.osim
[2025-06-02 16:32:30.800] [info] Loaded model SUBJ01_2d from file C:\+GitRepos+\optimal-control-weights\datasets\Crienkinge2023\code\..\data\SUBJ01\model\SUBJ01_model_2d.osim
[2025-06-02 16:32:30.800] [warning] Couldn't find file 'sacrum.vtp'.
[2025-06-02 16:32:30.800] [warning] Couldn't find file 'pelvis.vtp'.
[2025-06-02 16:32:30.800] [warning] Couldn't find file 'l_pelvis.vtp'.
[2025-06-02 16:32:30.801] [warning] Couldn't find file 'r_femur.vtp'.
[2025-06-02 16:32:30.801] [warning] Couldn't find file 'r_tibia.vtp'.
[2025-06-02 16:32:30.801] [warning] Couldn't find file 'r_fibula.vtp'.
[2025-06-02 16:32:30.801] [warning] Couldn't find file 'talus.vtp'.
[2025-06-02 16:32:30.801] [warning] Couldn't find file 'foot.vtp'.
[2025-06-02 16:32:30.801] [warning] Couldn't find file 'bofoot.vtp'.
[2025-06-02 16:32:30.801] [warning] Couldn't find file 'l_femur.vtp'.
[2025-06-02 16:32:30.801] [warning] Couldn't find file 'l_tibia.vtp'.
[2025-06-02 16:32:30.801] [warning] Couldn't find file 'l_fibula.vtp'.
[2025-06-02 16:32:30.801] [warning] Couldn't find file 'l_talus.vtp'.
[2025-06-02 16:32:30.802] [warning] Couldn't find file 'l_foot.vtp'.
[2025-06-02 16:32:30.802] [warning] Couldn't find file 'l_bofoot.vtp'.
[2025-06-02 16:32:30.802] [warning] Couldn't find file 'hat_spine.vtp'.
[2025-06-02 16:32:30.802] [warning] Couldn't find file 'hat_jaw.vtp'.
[2025-06-02 16:32:30.802] [warning] Couldn't find file 'hat_skull.vtp'.
[2025-06-02 16:32:30.802] [warning] Couldn't find file 'hat_ribs_scap.vtp'.
[2025-06-02 16:32:30.807] [info] No external loads will be applied (external loads file not specified).
[2025-06-02 16:32:30.815] [info] Loading coordinates from file 'C:\+GitRepos+\optimal-control-weights\datasets\Crienkinge2023\code\..\data\SUBJ01\mrs\2d\SUBJ01_walk_ik_2d.sto'.
[2025-06-02 16:32:30.816] [warning] Model::formCompleteStorages():  Did not find column /jointset/mtp_r/mtp_angle_r/value in storage object.
[2025-06-02 16:32:30.816] [warning] Model::formCompleteStorages():  Did not find column /jointset/mtp_l/mtp_angle_l/value in storage object.
[2025-06-02 16:32:30.831] [info] Found 101 state vectors with time stamps ranging from 0.95 to 2.0.
[2025-06-02 16:32:30.831] [info] Executing the analyses from 0.960500 to 2.0...
[2025-06-02 16:32:30.997] [info] Printing results of investigation SUBJ01_walk_ik_2d to C:\+GitRepos+\optimal-control-weights\datasets\Crienkinge2023\code\..\data\SUBJ01\mrs\2d\results\MuscleAnalysis
[2025-06-02 16:34:42.260] [info] Loaded model SUBJ01_2d from file C:\+GitRepos+\optimal-control-weights\datasets\Crienkinge2023\code\..\data\SUBJ01\model\SUBJ01_model_2d.osim
[2025-06-02 16:34:42.261] [warning] Couldn't find file 'sacrum.vtp'.
[2025-06-02 16:34:42.261] [warning] Couldn't find file 'pelvis.vtp'.
[2025-06-02 16:34:42.261] [warning] Couldn't find file 'l_pelvis.vtp'.
[2025-06-02 16:34:42.261] [warning] Couldn't find file 'r_femur.vtp'.
[2025-06-02 16:34:42.261] [warning] Couldn't find file 'r_tibia.vtp'.
[2025-06-02 16:34:42.261] [warning] Couldn't find file 'r_fibula.vtp'.
[2025-06-02 16:34:42.261] [warning] Couldn't find file 'talus.vtp'.
[2025-06-02 16:34:42.261] [warning] Couldn't find file 'foot.vtp'.
[2025-06-02 16:34:42.262] [warning] Couldn't find file 'bofoot.vtp'.
[2025-06-02 16:34:42.262] [warning] Couldn't find file 'l_femur.vtp'.
[2025-06-02 16:34:42.262] [warning] Couldn't find file 'l_tibia.vtp'.
[2025-06-02 16:34:42.262] [warning] Couldn't find file 'l_fibula.vtp'.
[2025-06-02 16:34:42.262] [warning] Couldn't find file 'l_talus.vtp'.
[2025-06-02 16:34:42.262] [warning] Couldn't find file 'l_foot.vtp'.
[2025-06-02 16:34:42.262] [warning] Couldn't find file 'l_bofoot.vtp'.
[2025-06-02 16:34:42.262] [warning] Couldn't find file 'hat_spine.vtp'.
[2025-06-02 16:34:42.262] [warning] Couldn't find file 'hat_jaw.vtp'.
[2025-06-02 16:34:42.262] [warning] Couldn't find file 'hat_skull.vtp'.
[2025-06-02 16:34:42.262] [warning] Couldn't find file 'hat_ribs_scap.vtp'.
[2025-06-02 16:34:44.373] [info] Loaded model SUBJ01_2d from file C:\+GitRepos+\optimal-control-weights\datasets\Crienkinge2023\code\..\data\SUBJ01\model\SUBJ01_model_2d.osim
[2025-06-02 16:34:44.373] [warning] Couldn't find file 'sacrum.vtp'.
[2025-06-02 16:34:44.373] [warning] Couldn't find file 'pelvis.vtp'.
[2025-06-02 16:34:44.374] [warning] Couldn't find file 'l_pelvis.vtp'.
[2025-06-02 16:34:44.374] [warning] Couldn't find file 'r_femur.vtp'.
[2025-06-02 16:34:44.374] [warning] Couldn't find file 'r_tibia.vtp'.
[2025-06-02 16:34:44.374] [warning] Couldn't find file 'r_fibula.vtp'.
[2025-06-02 16:34:44.374] [warning] Couldn't find file 'talus.vtp'.
[2025-06-02 16:34:44.374] [warning] Couldn't find file 'foot.vtp'.
[2025-06-02 16:34:44.374] [warning] Couldn't find file 'bofoot.vtp'.
[2025-06-02 16:34:44.374] [warning] Couldn't find file 'l_femur.vtp'.
[2025-06-02 16:34:44.375] [warning] Couldn't find file 'l_tibia.vtp'.
[2025-06-02 16:34:44.375] [warning] Couldn't find file 'l_fibula.vtp'.
[2025-06-02 16:34:44.375] [warning] Couldn't find file 'l_talus.vtp'.
[2025-06-02 16:34:44.375] [warning] Couldn't find file 'l_foot.vtp'.
[2025-06-02 16:34:44.375] [warning] Couldn't find file 'l_bofoot.vtp'.
[2025-06-02 16:34:44.375] [warning] Couldn't find file 'hat_spine.vtp'.
[2025-06-02 16:34:44.375] [warning] Couldn't find file 'hat_jaw.vtp'.
[2025-06-02 16:34:44.375] [warning] Couldn't find file 'hat_skull.vtp'.
[2025-06-02 16:34:44.375] [warning] Couldn't find file 'hat_ribs_scap.vtp'.
[2025-06-02 16:34:44.399] [info] Loaded model SUBJ01_2d from file C:\+GitRepos+\optimal-control-weights\datasets\Crienkinge2023\code\..\data\SUBJ01\model\SUBJ01_model_2d.osim
[2025-06-02 16:34:44.400] [warning] Couldn't find file 'sacrum.vtp'.
[2025-06-02 16:34:44.400] [warning] Couldn't find file 'pelvis.vtp'.
[2025-06-02 16:34:44.400] [warning] Couldn't find file 'l_pelvis.vtp'.
[2025-06-02 16:34:44.400] [warning] Couldn't find file 'r_femur.vtp'.
[2025-06-02 16:34:44.400] [warning] Couldn't find file 'r_tibia.vtp'.
[2025-06-02 16:34:44.400] [warning] Couldn't find file 'r_fibula.vtp'.
[2025-06-02 16:34:44.400] [warning] Couldn't find file 'talus.vtp'.
[2025-06-02 16:34:44.401] [warning] Couldn't find file 'foot.vtp'.
[2025-06-02 16:34:44.401] [warning] Couldn't find file 'bofoot.vtp'.
[2025-06-02 16:34:44.401] [warning] Couldn't find file 'l_femur.vtp'.
[2025-06-02 16:34:44.401] [warning] Couldn't find file 'l_tibia.vtp'.
[2025-06-02 16:34:44.401] [warning] Couldn't find file 'l_fibula.vtp'.
[2025-06-02 16:34:44.401] [warning] Couldn't find file 'l_talus.vtp'.
[2025-06-02 16:34:44.401] [warning] Couldn't find file 'l_foot.vtp'.
[2025-06-02 16:34:44.401] [warning] Couldn't find file 'l_bofoot.vtp'.
[2025-06-02 16:34:44.402] [warning] Couldn't find file 'hat_spine.vtp'.
[2025-06-02 16:34:44.402] [warning] Couldn't find file 'hat_jaw.vtp'.
[2025-06-02 16:34:44.402] [warning] Couldn't find file 'hat_skull.vtp'.
[2025-06-02 16:34:44.402] [warning] Couldn't find file 'hat_ribs_scap.vtp'.
[2025-06-02 16:34:44.425] [info] AbstractTool SUBJ01_walk_ik_2d loading model C:\+GitRepos+\optimal-control-weights\datasets\Crienkinge2023\code\..\data\SUBJ01\model\SUBJ01_model_2d.osim
[2025-06-02 16:34:44.439] [info] Loaded model SUBJ01_2d from file C:\+GitRepos+\optimal-control-weights\datasets\Crienkinge2023\code\..\data\SUBJ01\model\SUBJ01_model_2d.osim
[2025-06-02 16:34:44.439] [warning] Couldn't find file 'sacrum.vtp'.
[2025-06-02 16:34:44.439] [warning] Couldn't find file 'pelvis.vtp'.
[2025-06-02 16:34:44.439] [warning] Couldn't find file 'l_pelvis.vtp'.
[2025-06-02 16:34:44.440] [warning] Couldn't find file 'r_femur.vtp'.
[2025-06-02 16:34:44.440] [warning] Couldn't find file 'r_tibia.vtp'.
[2025-06-02 16:34:44.440] [warning] Couldn't find file 'r_fibula.vtp'.
[2025-06-02 16:34:44.440] [warning] Couldn't find file 'talus.vtp'.
[2025-06-02 16:34:44.440] [warning] Couldn't find file 'foot.vtp'.
[2025-06-02 16:34:44.440] [warning] Couldn't find file 'bofoot.vtp'.
[2025-06-02 16:34:44.440] [warning] Couldn't find file 'l_femur.vtp'.
[2025-06-02 16:34:44.440] [warning] Couldn't find file 'l_tibia.vtp'.
[2025-06-02 16:34:44.440] [warning] Couldn't find file 'l_fibula.vtp'.
[2025-06-02 16:34:44.440] [warning] Couldn't find file 'l_talus.vtp'.
[2025-06-02 16:34:44.440] [warning] Couldn't find file 'l_foot.vtp'.
[2025-06-02 16:34:44.441] [warning] Couldn't find file 'l_bofoot.vtp'.
[2025-06-02 16:34:44.441] [warning] Couldn't find file 'hat_spine.vtp'.
[2025-06-02 16:34:44.441] [warning] Couldn't find file 'hat_jaw.vtp'.
[2025-06-02 16:34:44.441] [warning] Couldn't find file 'hat_skull.vtp'.
[2025-06-02 16:34:44.441] [warning] Couldn't find file 'hat_ribs_scap.vtp'.
[2025-06-02 16:34:44.448] [info] No external loads will be applied (external loads file not specified).
[2025-06-02 16:34:44.455] [info] Loading coordinates from file 'C:\+GitRepos+\optimal-control-weights\datasets\Crienkinge2023\code\..\data\SUBJ01\mrs\2d\SUBJ01_walk_ik_2d.mot'.
[2025-06-02 16:34:44.456] [info] Storage: read data file = C:\+GitRepos+\optimal-control-weights\datasets\Crienkinge2023\code\..\data\SUBJ01\mrs\2d\SUBJ01_walk_ik_2d.mot (nr=101 nc=10)
[2025-06-02 16:34:44.456] [warning] Storage: Inconsistent headers in file C:\+GitRepos+\optimal-control-weights\datasets\Crienkinge2023\code\..\data\SUBJ01\mrs\2d\SUBJ01_walk_ik_2d.mot. nColumns=10 but 11 were found
[2025-06-02 16:34:44.456] [warning] Model::formCompleteStorages():  Did not find column /jointset/mtp_r/mtp_angle_r/value in storage object.
[2025-06-02 16:34:44.456] [warning] Model::formCompleteStorages():  Did not find column /jointset/mtp_l/mtp_angle_l/value in storage object.
[2025-06-02 16:36:01.977] [info] Loaded model SUBJ01_2d from file ..\data\SUBJ01\scaling\SUBJ01_scaledModelAdjusted_2d.osim
[2025-06-02 16:38:10.773] [info] Loaded model SUBJ01_2d from file C:\+GitRepos+\optimal-control-weights\datasets\Crienkinge2023\code\..\data\SUBJ01\model\SUBJ01_model_2d.osim
[2025-06-02 16:38:10.774] [warning] Couldn't find file 'sacrum.vtp'.
[2025-06-02 16:38:10.774] [warning] Couldn't find file 'pelvis.vtp'.
[2025-06-02 16:38:10.774] [warning] Couldn't find file 'l_pelvis.vtp'.
[2025-06-02 16:38:10.774] [warning] Couldn't find file 'r_femur.vtp'.
[2025-06-02 16:38:10.774] [warning] Couldn't find file 'r_tibia.vtp'.
[2025-06-02 16:38:10.774] [warning] Couldn't find file 'r_fibula.vtp'.
[2025-06-02 16:38:10.774] [warning] Couldn't find file 'talus.vtp'.
[2025-06-02 16:38:10.774] [warning] Couldn't find file 'foot.vtp'.
[2025-06-02 16:38:10.774] [warning] Couldn't find file 'bofoot.vtp'.
[2025-06-02 16:38:10.775] [warning] Couldn't find file 'l_femur.vtp'.
[2025-06-02 16:38:10.775] [warning] Couldn't find file 'l_tibia.vtp'.
[2025-06-02 16:38:10.775] [warning] Couldn't find file 'l_fibula.vtp'.
[2025-06-02 16:38:10.775] [warning] Couldn't find file 'l_talus.vtp'.
[2025-06-02 16:38:10.775] [warning] Couldn't find file 'l_foot.vtp'.
[2025-06-02 16:38:10.775] [warning] Couldn't find file 'l_bofoot.vtp'.
[2025-06-02 16:38:10.775] [warning] Couldn't find file 'hat_spine.vtp'.
[2025-06-02 16:38:10.775] [warning] Couldn't find file 'hat_jaw.vtp'.
[2025-06-02 16:38:10.775] [warning] Couldn't find file 'hat_skull.vtp'.
[2025-06-02 16:38:10.776] [warning] Couldn't find file 'hat_ribs_scap.vtp'.
[2025-06-02 16:38:14.695] [info] Loaded model SUBJ01_2d from file C:\+GitRepos+\optimal-control-weights\datasets\Crienkinge2023\code\..\data\SUBJ01\model\SUBJ01_model_2d.osim
[2025-06-02 16:38:14.695] [warning] Couldn't find file 'sacrum.vtp'.
[2025-06-02 16:38:14.696] [warning] Couldn't find file 'pelvis.vtp'.
[2025-06-02 16:38:14.696] [warning] Couldn't find file 'l_pelvis.vtp'.
[2025-06-02 16:38:14.696] [warning] Couldn't find file 'r_femur.vtp'.
[2025-06-02 16:38:14.696] [warning] Couldn't find file 'r_tibia.vtp'.
[2025-06-02 16:38:14.696] [warning] Couldn't find file 'r_fibula.vtp'.
[2025-06-02 16:38:14.696] [warning] Couldn't find file 'talus.vtp'.
[2025-06-02 16:38:14.696] [warning] Couldn't find file 'foot.vtp'.
[2025-06-02 16:38:14.697] [warning] Couldn't find file 'bofoot.vtp'.
[2025-06-02 16:38:14.697] [warning] Couldn't find file 'l_femur.vtp'.
[2025-06-02 16:38:14.697] [warning] Couldn't find file 'l_tibia.vtp'.
[2025-06-02 16:38:14.697] [warning] Couldn't find file 'l_fibula.vtp'.
[2025-06-02 16:38:14.697] [warning] Couldn't find file 'l_talus.vtp'.
[2025-06-02 16:38:14.697] [warning] Couldn't find file 'l_foot.vtp'.
[2025-06-02 16:38:14.697] [warning] Couldn't find file 'l_bofoot.vtp'.
[2025-06-02 16:38:14.698] [warning] Couldn't find file 'hat_spine.vtp'.
[2025-06-02 16:38:14.698] [warning] Couldn't find file 'hat_jaw.vtp'.
[2025-06-02 16:38:14.698] [warning] Couldn't find file 'hat_skull.vtp'.
[2025-06-02 16:38:14.698] [warning] Couldn't find file 'hat_ribs_scap.vtp'.
[2025-06-02 16:38:14.735] [info] Loaded model SUBJ01_2d from file C:\+GitRepos+\optimal-control-weights\datasets\Crienkinge2023\code\..\data\SUBJ01\model\SUBJ01_model_2d.osim
[2025-06-02 16:38:14.735] [warning] Couldn't find file 'sacrum.vtp'.
[2025-06-02 16:38:14.735] [warning] Couldn't find file 'pelvis.vtp'.
[2025-06-02 16:38:14.735] [warning] Couldn't find file 'l_pelvis.vtp'.
[2025-06-02 16:38:14.735] [warning] Couldn't find file 'r_femur.vtp'.
[2025-06-02 16:38:14.736] [warning] Couldn't find file 'r_tibia.vtp'.
[2025-06-02 16:38:14.736] [warning] Couldn't find file 'r_fibula.vtp'.
[2025-06-02 16:38:14.736] [warning] Couldn't find file 'talus.vtp'.
[2025-06-02 16:38:14.736] [warning] Couldn't find file 'foot.vtp'.
[2025-06-02 16:38:14.736] [warning] Couldn't find file 'bofoot.vtp'.
[2025-06-02 16:38:14.736] [warning] Couldn't find file 'l_femur.vtp'.
[2025-06-02 16:38:14.737] [warning] Couldn't find file 'l_tibia.vtp'.
[2025-06-02 16:38:14.737] [warning] Couldn't find file 'l_fibula.vtp'.
[2025-06-02 16:38:14.737] [warning] Couldn't find file 'l_talus.vtp'.
[2025-06-02 16:38:14.737] [warning] Couldn't find file 'l_foot.vtp'.
[2025-06-02 16:38:14.737] [warning] Couldn't find file 'l_bofoot.vtp'.
[2025-06-02 16:38:14.737] [warning] Couldn't find file 'hat_spine.vtp'.
[2025-06-02 16:38:14.737] [warning] Couldn't find file 'hat_jaw.vtp'.
[2025-06-02 16:38:14.738] [warning] Couldn't find file 'hat_skull.vtp'.
[2025-06-02 16:38:14.738] [warning] Couldn't find file 'hat_ribs_scap.vtp'.
[2025-06-02 16:38:14.765] [info] AbstractTool SUBJ01_walk_ik_2d loading model C:\+GitRepos+\optimal-control-weights\datasets\Crienkinge2023\code\..\data\SUBJ01\model\SUBJ01_model_2d.osim
[2025-06-02 16:38:14.790] [info] Loaded model SUBJ01_2d from file C:\+GitRepos+\optimal-control-weights\datasets\Crienkinge2023\code\..\data\SUBJ01\model\SUBJ01_model_2d.osim
[2025-06-02 16:38:14.791] [warning] Couldn't find file 'sacrum.vtp'.
[2025-06-02 16:38:14.791] [warning] Couldn't find file 'pelvis.vtp'.
[2025-06-02 16:38:14.791] [warning] Couldn't find file 'l_pelvis.vtp'.
[2025-06-02 16:38:14.791] [warning] Couldn't find file 'r_femur.vtp'.
[2025-06-02 16:38:14.791] [warning] Couldn't find file 'r_tibia.vtp'.
[2025-06-02 16:38:14.791] [warning] Couldn't find file 'r_fibula.vtp'.
[2025-06-02 16:38:14.792] [warning] Couldn't find file 'talus.vtp'.
[2025-06-02 16:38:14.792] [warning] Couldn't find file 'foot.vtp'.
[2025-06-02 16:38:14.792] [warning] Couldn't find file 'bofoot.vtp'.
[2025-06-02 16:38:14.792] [warning] Couldn't find file 'l_femur.vtp'.
[2025-06-02 16:38:14.793] [warning] Couldn't find file 'l_tibia.vtp'.
[2025-06-02 16:38:14.793] [warning] Couldn't find file 'l_fibula.vtp'.
[2025-06-02 16:38:14.793] [warning] Couldn't find file 'l_talus.vtp'.
[2025-06-02 16:38:14.793] [warning] Couldn't find file 'l_foot.vtp'.
[2025-06-02 16:38:14.793] [warning] Couldn't find file 'l_bofoot.vtp'.
[2025-06-02 16:38:14.794] [warning] Couldn't find file 'hat_spine.vtp'.
[2025-06-02 16:38:14.794] [warning] Couldn't find file 'hat_jaw.vtp'.
[2025-06-02 16:38:14.794] [warning] Couldn't find file 'hat_skull.vtp'.
[2025-06-02 16:38:14.794] [warning] Couldn't find file 'hat_ribs_scap.vtp'.
[2025-06-02 16:38:14.803] [info] No external loads will be applied (external loads file not specified).
[2025-06-02 16:38:14.813] [info] Loading coordinates from file 'C:\+GitRepos+\optimal-control-weights\datasets\Crienkinge2023\code\..\data\SUBJ01\mrs\2d\SUBJ01_walk_ik_2d.mot'.
[2025-06-02 16:38:14.813] [info] Storage: read data file = C:\+GitRepos+\optimal-control-weights\datasets\Crienkinge2023\code\..\data\SUBJ01\mrs\2d\SUBJ01_walk_ik_2d.mot (nr=106 nc=13)
[2025-06-02 16:38:14.832] [info] Found 106 state vectors with time stamps ranging from 0.95 to 2.0.
[2025-06-02 16:38:14.832] [info] Executing the analyses from 0.96 to 2.0...
[2025-06-02 16:38:15.088] [info] Printing results of investigation SUBJ01_walk_ik_2d to C:\+GitRepos+\optimal-control-weights\datasets\Crienkinge2023\code\..\data\SUBJ01\mrs\2d\results\MuscleAnalysis
[2025-06-02 16:41:24.183] [info] Loaded model SUBJ01_2d from file C:\+GitRepos+\optimal-control-weights\datasets\Crienkinge2023\code\..\data\SUBJ01\model\SUBJ01_model_2d.osim
[2025-06-02 16:41:24.183] [warning] Couldn't find file 'sacrum.vtp'.
[2025-06-02 16:41:24.184] [warning] Couldn't find file 'pelvis.vtp'.
[2025-06-02 16:41:24.184] [warning] Couldn't find file 'l_pelvis.vtp'.
[2025-06-02 16:41:24.184] [warning] Couldn't find file 'r_femur.vtp'.
[2025-06-02 16:41:24.184] [warning] Couldn't find file 'r_tibia.vtp'.
[2025-06-02 16:41:24.185] [warning] Couldn't find file 'r_fibula.vtp'.
[2025-06-02 16:41:24.185] [warning] Couldn't find file 'talus.vtp'.
[2025-06-02 16:41:24.185] [warning] Couldn't find file 'foot.vtp'.
[2025-06-02 16:41:24.185] [warning] Couldn't find file 'bofoot.vtp'.
[2025-06-02 16:41:24.185] [warning] Couldn't find file 'l_femur.vtp'.
[2025-06-02 16:41:24.185] [warning] Couldn't find file 'l_tibia.vtp'.
[2025-06-02 16:41:24.186] [warning] Couldn't find file 'l_fibula.vtp'.
[2025-06-02 16:41:24.186] [warning] Couldn't find file 'l_talus.vtp'.
[2025-06-02 16:41:24.186] [warning] Couldn't find file 'l_foot.vtp'.
[2025-06-02 16:41:24.186] [warning] Couldn't find file 'l_bofoot.vtp'.
[2025-06-02 16:41:24.186] [warning] Couldn't find file 'hat_spine.vtp'.
[2025-06-02 16:41:24.186] [warning] Couldn't find file 'hat_jaw.vtp'.
[2025-06-02 16:41:24.187] [warning] Couldn't find file 'hat_skull.vtp'.
[2025-06-02 16:41:24.187] [warning] Couldn't find file 'hat_ribs_scap.vtp'.
[2025-06-02 16:41:59.595] [info] Loaded model SUBJ01_2d from file C:\+GitRepos+\optimal-control-weights\datasets\Crienkinge2023\code\..\data\SUBJ01\model\SUBJ01_model_2d.osim
[2025-06-02 16:41:59.596] [warning] Couldn't find file 'sacrum.vtp'.
[2025-06-02 16:41:59.596] [warning] Couldn't find file 'pelvis.vtp'.
[2025-06-02 16:41:59.596] [warning] Couldn't find file 'l_pelvis.vtp'.
[2025-06-02 16:41:59.596] [warning] Couldn't find file 'r_femur.vtp'.
[2025-06-02 16:41:59.596] [warning] Couldn't find file 'r_tibia.vtp'.
[2025-06-02 16:41:59.596] [warning] Couldn't find file 'r_fibula.vtp'.
[2025-06-02 16:41:59.596] [warning] Couldn't find file 'talus.vtp'.
[2025-06-02 16:41:59.596] [warning] Couldn't find file 'foot.vtp'.
[2025-06-02 16:41:59.597] [warning] Couldn't find file 'bofoot.vtp'.
[2025-06-02 16:41:59.597] [warning] Couldn't find file 'l_femur.vtp'.
[2025-06-02 16:41:59.597] [warning] Couldn't find file 'l_tibia.vtp'.
[2025-06-02 16:41:59.597] [warning] Couldn't find file 'l_fibula.vtp'.
[2025-06-02 16:41:59.597] [warning] Couldn't find file 'l_talus.vtp'.
[2025-06-02 16:41:59.597] [warning] Couldn't find file 'l_foot.vtp'.
[2025-06-02 16:41:59.598] [warning] Couldn't find file 'l_bofoot.vtp'.
[2025-06-02 16:41:59.598] [warning] Couldn't find file 'hat_spine.vtp'.
[2025-06-02 16:41:59.598] [warning] Couldn't find file 'hat_jaw.vtp'.
[2025-06-02 16:41:59.598] [warning] Couldn't find file 'hat_skull.vtp'.
[2025-06-02 16:41:59.598] [warning] Couldn't find file 'hat_ribs_scap.vtp'.
[2025-06-02 16:41:59.635] [info] Loaded model SUBJ01_2d from file C:\+GitRepos+\optimal-control-weights\datasets\Crienkinge2023\code\..\data\SUBJ01\model\SUBJ01_model_2d.osim
[2025-06-02 16:41:59.636] [warning] Couldn't find file 'sacrum.vtp'.
[2025-06-02 16:41:59.636] [warning] Couldn't find file 'pelvis.vtp'.
[2025-06-02 16:41:59.636] [warning] Couldn't find file 'l_pelvis.vtp'.
[2025-06-02 16:41:59.636] [warning] Couldn't find file 'r_femur.vtp'.
[2025-06-02 16:41:59.636] [warning] Couldn't find file 'r_tibia.vtp'.
[2025-06-02 16:41:59.636] [warning] Couldn't find file 'r_fibula.vtp'.
[2025-06-02 16:41:59.636] [warning] Couldn't find file 'talus.vtp'.
[2025-06-02 16:41:59.636] [warning] Couldn't find file 'foot.vtp'.
[2025-06-02 16:41:59.636] [warning] Couldn't find file 'bofoot.vtp'.
[2025-06-02 16:41:59.636] [warning] Couldn't find file 'l_femur.vtp'.
[2025-06-02 16:41:59.636] [warning] Couldn't find file 'l_tibia.vtp'.
[2025-06-02 16:41:59.637] [warning] Couldn't find file 'l_fibula.vtp'.
[2025-06-02 16:41:59.637] [warning] Couldn't find file 'l_talus.vtp'.
[2025-06-02 16:41:59.637] [warning] Couldn't find file 'l_foot.vtp'.
[2025-06-02 16:41:59.637] [warning] Couldn't find file 'l_bofoot.vtp'.
[2025-06-02 16:41:59.637] [warning] Couldn't find file 'hat_spine.vtp'.
[2025-06-02 16:41:59.637] [warning] Couldn't find file 'hat_jaw.vtp'.
[2025-06-02 16:41:59.637] [warning] Couldn't find file 'hat_skull.vtp'.
[2025-06-02 16:41:59.637] [warning] Couldn't find file 'hat_ribs_scap.vtp'.
[2025-06-02 16:41:59.658] [info] AbstractTool SUBJ01_walk_ik_2d loading model C:\+GitRepos+\optimal-control-weights\datasets\Crienkinge2023\code\..\data\SUBJ01\model\SUBJ01_model_2d.osim
[2025-06-02 16:41:59.675] [info] Loaded model SUBJ01_2d from file C:\+GitRepos+\optimal-control-weights\datasets\Crienkinge2023\code\..\data\SUBJ01\model\SUBJ01_model_2d.osim
[2025-06-02 16:41:59.676] [warning] Couldn't find file 'sacrum.vtp'.
[2025-06-02 16:41:59.676] [warning] Couldn't find file 'pelvis.vtp'.
[2025-06-02 16:41:59.676] [warning] Couldn't find file 'l_pelvis.vtp'.
[2025-06-02 16:41:59.676] [warning] Couldn't find file 'r_femur.vtp'.
[2025-06-02 16:41:59.676] [warning] Couldn't find file 'r_tibia.vtp'.
[2025-06-02 16:41:59.676] [warning] Couldn't find file 'r_fibula.vtp'.
[2025-06-02 16:41:59.677] [warning] Couldn't find file 'talus.vtp'.
[2025-06-02 16:41:59.677] [warning] Couldn't find file 'foot.vtp'.
[2025-06-02 16:41:59.677] [warning] Couldn't find file 'bofoot.vtp'.
[2025-06-02 16:41:59.677] [warning] Couldn't find file 'l_femur.vtp'.
[2025-06-02 16:41:59.677] [warning] Couldn't find file 'l_tibia.vtp'.
[2025-06-02 16:41:59.677] [warning] Couldn't find file 'l_fibula.vtp'.
[2025-06-02 16:41:59.677] [warning] Couldn't find file 'l_talus.vtp'.
[2025-06-02 16:41:59.677] [warning] Couldn't find file 'l_foot.vtp'.
[2025-06-02 16:41:59.677] [warning] Couldn't find file 'l_bofoot.vtp'.
[2025-06-02 16:41:59.678] [warning] Couldn't find file 'hat_spine.vtp'.
[2025-06-02 16:41:59.678] [warning] Couldn't find file 'hat_jaw.vtp'.
[2025-06-02 16:41:59.678] [warning] Couldn't find file 'hat_skull.vtp'.
[2025-06-02 16:41:59.678] [warning] Couldn't find file 'hat_ribs_scap.vtp'.
[2025-06-02 16:41:59.682] [info] No external loads will be applied (external loads file not specified).
[2025-06-02 16:41:59.690] [info] Loading coordinates from file 'C:\+GitRepos+\optimal-control-weights\datasets\Crienkinge2023\code\..\data\SUBJ01\mrs\2d\SUBJ01_walk_ik_2d.mot'.
[2025-06-02 16:41:59.691] [warning] Model::formCompleteStorages():  Did not find column /jointset/mtp_r/mtp_angle_r/value in storage object.
[2025-06-02 16:41:59.691] [warning] Model::formCompleteStorages():  Did not find column /jointset/mtp_l/mtp_angle_l/value in storage object.
[2025-06-02 16:41:59.707] [info] Found 101 state vectors with time stamps ranging from 0.95 to 2.0.
[2025-06-02 16:41:59.707] [info] Executing the analyses from 0.971 to 1.9895...
[2025-06-02 16:41:59.875] [info] Printing results of investigation SUBJ01_walk_ik_2d to C:\+GitRepos+\optimal-control-weights\datasets\Crienkinge2023\code\..\data\SUBJ01\mrs\2d\results\MuscleAnalysis
[2025-06-02 16:43:22.226] [info] Loaded model SUBJ01_2d from file C:\+GitRepos+\optimal-control-weights\datasets\Crienkinge2023\data\SUBJ01\model\SUBJ01_model_2d.osim
[2025-06-02 16:43:22.226] [warning] Couldn't find file 'sacrum.vtp'.
[2025-06-02 16:43:22.226] [warning] Couldn't find file 'pelvis.vtp'.
[2025-06-02 16:43:22.226] [warning] Couldn't find file 'l_pelvis.vtp'.
[2025-06-02 16:43:22.227] [warning] Couldn't find file 'r_femur.vtp'.
[2025-06-02 16:43:22.227] [warning] Couldn't find file 'r_tibia.vtp'.
[2025-06-02 16:43:22.227] [warning] Couldn't find file 'r_fibula.vtp'.
[2025-06-02 16:43:22.227] [warning] Couldn't find file 'talus.vtp'.
[2025-06-02 16:43:22.227] [warning] Couldn't find file 'foot.vtp'.
[2025-06-02 16:43:22.227] [warning] Couldn't find file 'bofoot.vtp'.
[2025-06-02 16:43:22.227] [warning] Couldn't find file 'l_femur.vtp'.
[2025-06-02 16:43:22.227] [warning] Couldn't find file 'l_tibia.vtp'.
[2025-06-02 16:43:22.228] [warning] Couldn't find file 'l_fibula.vtp'.
[2025-06-02 16:43:22.228] [warning] Couldn't find file 'l_talus.vtp'.
[2025-06-02 16:43:22.228] [warning] Couldn't find file 'l_foot.vtp'.
[2025-06-02 16:43:22.228] [warning] Couldn't find file 'l_bofoot.vtp'.
[2025-06-02 16:43:22.228] [warning] Couldn't find file 'hat_spine.vtp'.
[2025-06-02 16:43:22.228] [warning] Couldn't find file 'hat_jaw.vtp'.
[2025-06-02 16:43:22.228] [warning] Couldn't find file 'hat_skull.vtp'.
[2025-06-02 16:43:22.228] [warning] Couldn't find file 'hat_ribs_scap.vtp'.
[2025-06-03 14:44:40.496] [info] Loaded model SUBJ01_2d from file ..\data\SUBJ01\scaling\SUBJ01_scaledModelAdjusted_2d.osim
[2025-06-03 14:45:06.913] [info] Loaded model SUBJ01_2d from file ..\data\SUBJ01\scaling\SUBJ01_scaledModelAdjusted_2d.osim
[2025-06-03 16:59:35.197] [info] Loaded model SUBJ01_2d from file ..\data\SUBJ01\scaling\SUBJ01_scaledModelAdjusted_2d.osim
[2025-06-04 16:46:20.857] [info] Loaded model Denton2023_Crienkinge2023 from file ..\model\Denton2023_Crienkinge2023.osim
[2025-06-04 16:46:21.265] [info] Loaded model SUBJ01_2d from file ..\data\SUBJ01\scaling\SUBJ01_scaledModelAdjusted_2d.osim
[2025-06-04 17:13:34.126] [info] Loaded model Denton2023_Crienkinge2023 from file ..\model\Denton2023_Crienkinge2023.osim
[2025-06-04 17:13:34.709] [info] Loaded model SUBJ01_2d from file ..\data\SUBJ01\scaling\SUBJ01_scaledModelAdjusted_2d.osim
[2025-06-04 19:03:24.765] [info] Loaded model Denton2023_Crienkinge2023 from file ..\model\Denton2023_Crienkinge2023.osim
[2025-06-04 19:03:25.169] [info] Loaded model SUBJ01_2d from file ..\data\SUBJ01\scaling\SUBJ01_scaledModelAdjusted_2d.osim
[2025-06-04 19:06:08.045] [info] 'hamstrings_r' Parameter update for the damped-model: ActiveForceLengthCurve minimum value was 0.1 but is now 0.0.
[2025-06-04 19:06:08.046] [info] 'bifemsh_r' Parameter update for the damped-model: ActiveForceLengthCurve minimum value was 0.1 but is now 0.0.
[2025-06-04 19:06:08.047] [warning] ForceSet 'forceset' has subcomponents with duplicate name 'bifemsh_r'. The duplicate is being renamed to 'bifemsh_r_0'.
[2025-06-04 19:06:08.047] [info] 'glut_max_r' Parameter update for the damped-model: ActiveForceLengthCurve minimum value was 0.1 but is now 0.0.
[2025-06-04 19:06:08.047] [warning] ForceSet 'forceset' has subcomponents with duplicate name 'glut_max_r'. The duplicate is being renamed to 'glut_max_r_0'.
[2025-06-04 19:06:08.048] [info] 'iliopsoas_r' Parameter update for the damped-model: ActiveForceLengthCurve minimum value was 0.1 but is now 0.0.
[2025-06-04 19:06:08.048] [info] 'rect_fem_r' Parameter update for the damped-model: ActiveForceLengthCurve minimum value was 0.1 but is now 0.0.
[2025-06-04 19:06:08.048] [warning] ForceSet 'forceset' has subcomponents with duplicate name 'rect_fem_r'. The duplicate is being renamed to 'rect_fem_r_0'.
[2025-06-04 19:06:08.049] [info] 'vasti_r' Parameter update for the damped-model: ActiveForceLengthCurve minimum value was 0.1 but is now 0.0.
[2025-06-04 19:06:08.049] [warning] ForceSet 'forceset' has subcomponents with duplicate name 'vasti_r'. The duplicate is being renamed to 'vasti_r_0'.
[2025-06-04 19:06:08.049] [info] 'gastroc_r' Parameter update for the damped-model: ActiveForceLengthCurve minimum value was 0.1 but is now 0.0.
[2025-06-04 19:06:08.050] [info] 'soleus_r' Parameter update for the damped-model: ActiveForceLengthCurve minimum value was 0.1 but is now 0.0.
[2025-06-04 19:06:08.050] [warning] ForceSet 'forceset' has subcomponents with duplicate name 'soleus_r'. The duplicate is being renamed to 'soleus_r_0'.
[2025-06-04 19:06:08.051] [info] 'dorsiflexors_r' Parameter update for the damped-model: ActiveForceLengthCurve minimum value was 0.1 but is now 0.0.
[2025-06-04 19:06:08.051] [warning] ForceSet 'forceset' has subcomponents with duplicate name 'dorsiflexors_r'. The duplicate is being renamed to 'dorsiflexors_r_0'.
[2025-06-04 19:06:08.051] [info] 'hamstrings_l' Parameter update for the damped-model: ActiveForceLengthCurve minimum value was 0.1 but is now 0.0.
[2025-06-04 19:06:08.052] [info] 'bifemsh_l' Parameter update for the damped-model: ActiveForceLengthCurve minimum value was 0.1 but is now 0.0.
[2025-06-04 19:06:08.052] [warning] ForceSet 'forceset' has subcomponents with duplicate name 'bifemsh_l'. The duplicate is being renamed to 'bifemsh_l_0'.
[2025-06-04 19:06:08.053] [info] 'glut_max_l' Parameter update for the damped-model: ActiveForceLengthCurve minimum value was 0.1 but is now 0.0.
[2025-06-04 19:06:08.053] [warning] ForceSet 'forceset' has subcomponents with duplicate name 'glut_max_l'. The duplicate is being renamed to 'glut_max_l_0'.
[2025-06-04 19:06:08.053] [info] 'iliopsoas_l' Parameter update for the damped-model: ActiveForceLengthCurve minimum value was 0.1 but is now 0.0.
[2025-06-04 19:06:08.054] [info] 'rect_fem_l' Parameter update for the damped-model: ActiveForceLengthCurve minimum value was 0.1 but is now 0.0.
[2025-06-04 19:06:08.054] [warning] ForceSet 'forceset' has subcomponents with duplicate name 'rect_fem_l'. The duplicate is being renamed to 'rect_fem_l_0'.
[2025-06-04 19:06:08.056] [info] 'vasti_l' Parameter update for the damped-model: ActiveForceLengthCurve minimum value was 0.1 but is now 0.0.
[2025-06-04 19:06:08.056] [warning] ForceSet 'forceset' has subcomponents with duplicate name 'vasti_l'. The duplicate is being renamed to 'vasti_l_0'.
[2025-06-04 19:06:08.057] [info] 'gastroc_l' Parameter update for the damped-model: ActiveForceLengthCurve minimum value was 0.1 but is now 0.0.
[2025-06-04 19:06:08.057] [info] 'soleus_l' Parameter update for the damped-model: ActiveForceLengthCurve minimum value was 0.1 but is now 0.0.
[2025-06-04 19:06:08.058] [warning] ForceSet 'forceset' has subcomponents with duplicate name 'soleus_l'. The duplicate is being renamed to 'soleus_l_0'.
[2025-06-04 19:06:08.058] [info] 'dorsiflexors_l' Parameter update for the damped-model: ActiveForceLengthCurve minimum value was 0.1 but is now 0.0.
[2025-06-04 19:06:08.058] [warning] ForceSet 'forceset' has subcomponents with duplicate name 'dorsiflexors_l'. The duplicate is being renamed to 'dorsiflexors_l_0'.
[2025-06-04 19:06:27.715] [info] Loaded model Denton2023_Crienkinge2023 from file ..\model\Denton2023_Crienkinge2023.osim
[2025-06-04 19:06:27.735] [info] Loaded model SUBJ01_2d from file ..\data\SUBJ01\scaling\SUBJ01_scaledModelAdjusted_2d.osim
[2025-06-04 19:06:54.990] [info] 'hamstrings_r' Parameter update for the damped-model: ActiveForceLengthCurve minimum value was 0.1 but is now 0.0.
[2025-06-04 19:06:54.990] [info] 'bifemsh_r' Parameter update for the damped-model: ActiveForceLengthCurve minimum value was 0.1 but is now 0.0.
[2025-06-04 19:06:54.990] [warning] ForceSet 'forceset' has subcomponents with duplicate name 'bifemsh_r'. The duplicate is being renamed to 'bifemsh_r_0'.
[2025-06-04 19:06:54.991] [info] 'glut_max_r' Parameter update for the damped-model: ActiveForceLengthCurve minimum value was 0.1 but is now 0.0.
[2025-06-04 19:06:54.991] [warning] ForceSet 'forceset' has subcomponents with duplicate name 'glut_max_r'. The duplicate is being renamed to 'glut_max_r_0'.
[2025-06-04 19:06:54.991] [info] 'iliopsoas_r' Parameter update for the damped-model: ActiveForceLengthCurve minimum value was 0.1 but is now 0.0.
[2025-06-04 19:06:54.992] [info] 'rect_fem_r' Parameter update for the damped-model: ActiveForceLengthCurve minimum value was 0.1 but is now 0.0.
[2025-06-04 19:06:54.992] [warning] ForceSet 'forceset' has subcomponents with duplicate name 'rect_fem_r'. The duplicate is being renamed to 'rect_fem_r_0'.
[2025-06-04 19:06:54.992] [info] 'vasti_r' Parameter update for the damped-model: ActiveForceLengthCurve minimum value was 0.1 but is now 0.0.
[2025-06-04 19:06:54.992] [warning] ForceSet 'forceset' has subcomponents with duplicate name 'vasti_r'. The duplicate is being renamed to 'vasti_r_0'.
[2025-06-04 19:06:54.993] [info] 'gastroc_r' Parameter update for the damped-model: ActiveForceLengthCurve minimum value was 0.1 but is now 0.0.
[2025-06-04 19:06:54.994] [info] 'soleus_r' Parameter update for the damped-model: ActiveForceLengthCurve minimum value was 0.1 but is now 0.0.
[2025-06-04 19:06:54.994] [warning] ForceSet 'forceset' has subcomponents with duplicate name 'soleus_r'. The duplicate is being renamed to 'soleus_r_0'.
[2025-06-04 19:06:54.994] [info] 'dorsiflexors_r' Parameter update for the damped-model: ActiveForceLengthCurve minimum value was 0.1 but is now 0.0.
[2025-06-04 19:06:54.994] [warning] ForceSet 'forceset' has subcomponents with duplicate name 'dorsiflexors_r'. The duplicate is being renamed to 'dorsiflexors_r_0'.
[2025-06-04 19:06:54.995] [info] 'hamstrings_l' Parameter update for the damped-model: ActiveForceLengthCurve minimum value was 0.1 but is now 0.0.
[2025-06-04 19:06:54.996] [info] 'bifemsh_l' Parameter update for the damped-model: ActiveForceLengthCurve minimum value was 0.1 but is now 0.0.
[2025-06-04 19:06:54.996] [warning] ForceSet 'forceset' has subcomponents with duplicate name 'bifemsh_l'. The duplicate is being renamed to 'bifemsh_l_0'.
[2025-06-04 19:06:54.996] [info] 'glut_max_l' Parameter update for the damped-model: ActiveForceLengthCurve minimum value was 0.1 but is now 0.0.
[2025-06-04 19:06:54.996] [warning] ForceSet 'forceset' has subcomponents with duplicate name 'glut_max_l'. The duplicate is being renamed to 'glut_max_l_0'.
[2025-06-04 19:06:54.997] [info] 'iliopsoas_l' Parameter update for the damped-model: ActiveForceLengthCurve minimum value was 0.1 but is now 0.0.
[2025-06-04 19:06:54.998] [info] 'rect_fem_l' Parameter update for the damped-model: ActiveForceLengthCurve minimum value was 0.1 but is now 0.0.
[2025-06-04 19:06:54.998] [warning] ForceSet 'forceset' has subcomponents with duplicate name 'rect_fem_l'. The duplicate is being renamed to 'rect_fem_l_0'.
[2025-06-04 19:06:54.999] [info] 'vasti_l' Parameter update for the damped-model: ActiveForceLengthCurve minimum value was 0.1 but is now 0.0.
[2025-06-04 19:06:54.999] [warning] ForceSet 'forceset' has subcomponents with duplicate name 'vasti_l'. The duplicate is being renamed to 'vasti_l_0'.
[2025-06-04 19:06:55.000] [info] 'gastroc_l' Parameter update for the damped-model: ActiveForceLengthCurve minimum value was 0.1 but is now 0.0.
[2025-06-04 19:06:55.001] [info] 'soleus_l' Parameter update for the damped-model: ActiveForceLengthCurve minimum value was 0.1 but is now 0.0.
[2025-06-04 19:06:55.001] [warning] ForceSet 'forceset' has subcomponents with duplicate name 'soleus_l'. The duplicate is being renamed to 'soleus_l_0'.
[2025-06-04 19:06:55.002] [info] 'dorsiflexors_l' Parameter update for the damped-model: ActiveForceLengthCurve minimum value was 0.1 but is now 0.0.
[2025-06-04 19:06:55.002] [warning] ForceSet 'forceset' has subcomponents with duplicate name 'dorsiflexors_l'. The duplicate is being renamed to 'dorsiflexors_l_0'.
[2025-06-04 19:07:14.702] [info] Loaded model Denton2023_Crienkinge2023 from file ..\model\Denton2023_Crienkinge2023.osim
[2025-06-04 19:07:14.719] [info] Loaded model SUBJ01_2d from file ..\data\SUBJ01\scaling\SUBJ01_scaledModelAdjusted_2d.osim
[2025-06-04 19:07:20.671] [info] 'hamstrings_r' Parameter update for the damped-model: ActiveForceLengthCurve minimum value was 0.1 but is now 0.0.
[2025-06-04 19:07:20.671] [info] 'bifemsh_r' Parameter update for the damped-model: ActiveForceLengthCurve minimum value was 0.1 but is now 0.0.
[2025-06-04 19:07:20.671] [warning] ForceSet 'forceset' has subcomponents with duplicate name 'bifemsh_r'. The duplicate is being renamed to 'bifemsh_r_0'.
[2025-06-04 19:07:20.672] [info] 'glut_max_r' Parameter update for the damped-model: ActiveForceLengthCurve minimum value was 0.1 but is now 0.0.
[2025-06-04 19:07:20.672] [warning] ForceSet 'forceset' has subcomponents with duplicate name 'glut_max_r'. The duplicate is being renamed to 'glut_max_r_0'.
[2025-06-04 19:07:20.672] [info] 'iliopsoas_r' Parameter update for the damped-model: ActiveForceLengthCurve minimum value was 0.1 but is now 0.0.
[2025-06-04 19:07:20.673] [info] 'rect_fem_r' Parameter update for the damped-model: ActiveForceLengthCurve minimum value was 0.1 but is now 0.0.
[2025-06-04 19:07:20.673] [warning] ForceSet 'forceset' has subcomponents with duplicate name 'rect_fem_r'. The duplicate is being renamed to 'rect_fem_r_0'.
[2025-06-04 19:07:20.674] [info] 'vasti_r' Parameter update for the damped-model: ActiveForceLengthCurve minimum value was 0.1 but is now 0.0.
[2025-06-04 19:07:20.674] [warning] ForceSet 'forceset' has subcomponents with duplicate name 'vasti_r'. The duplicate is being renamed to 'vasti_r_0'.
[2025-06-04 19:07:20.674] [info] 'gastroc_r' Parameter update for the damped-model: ActiveForceLengthCurve minimum value was 0.1 but is now 0.0.
[2025-06-04 19:07:20.675] [info] 'soleus_r' Parameter update for the damped-model: ActiveForceLengthCurve minimum value was 0.1 but is now 0.0.
[2025-06-04 19:07:20.675] [warning] ForceSet 'forceset' has subcomponents with duplicate name 'soleus_r'. The duplicate is being renamed to 'soleus_r_0'.
[2025-06-04 19:07:20.675] [info] 'dorsiflexors_r' Parameter update for the damped-model: ActiveForceLengthCurve minimum value was 0.1 but is now 0.0.
[2025-06-04 19:07:20.676] [warning] ForceSet 'forceset' has subcomponents with duplicate name 'dorsiflexors_r'. The duplicate is being renamed to 'dorsiflexors_r_0'.
[2025-06-04 19:07:20.676] [info] 'hamstrings_l' Parameter update for the damped-model: ActiveForceLengthCurve minimum value was 0.1 but is now 0.0.
[2025-06-04 19:07:20.677] [info] 'bifemsh_l' Parameter update for the damped-model: ActiveForceLengthCurve minimum value was 0.1 but is now 0.0.
[2025-06-04 19:07:20.677] [warning] ForceSet 'forceset' has subcomponents with duplicate name 'bifemsh_l'. The duplicate is being renamed to 'bifemsh_l_0'.
[2025-06-04 19:07:20.679] [info] 'glut_max_l' Parameter update for the damped-model: ActiveForceLengthCurve minimum value was 0.1 but is now 0.0.
[2025-06-04 19:07:20.679] [warning] ForceSet 'forceset' has subcomponents with duplicate name 'glut_max_l'. The duplicate is being renamed to 'glut_max_l_0'.
[2025-06-04 19:07:20.680] [info] 'iliopsoas_l' Parameter update for the damped-model: ActiveForceLengthCurve minimum value was 0.1 but is now 0.0.
[2025-06-04 19:07:20.681] [info] 'rect_fem_l' Parameter update for the damped-model: ActiveForceLengthCurve minimum value was 0.1 but is now 0.0.
[2025-06-04 19:07:20.681] [warning] ForceSet 'forceset' has subcomponents with duplicate name 'rect_fem_l'. The duplicate is being renamed to 'rect_fem_l_0'.
[2025-06-04 19:07:20.682] [info] 'vasti_l' Parameter update for the damped-model: ActiveForceLengthCurve minimum value was 0.1 but is now 0.0.
[2025-06-04 19:07:20.682] [warning] ForceSet 'forceset' has subcomponents with duplicate name 'vasti_l'. The duplicate is being renamed to 'vasti_l_0'.
[2025-06-04 19:07:20.683] [info] 'gastroc_l' Parameter update for the damped-model: ActiveForceLengthCurve minimum value was 0.1 but is now 0.0.
[2025-06-04 19:07:20.684] [info] 'soleus_l' Parameter update for the damped-model: ActiveForceLengthCurve minimum value was 0.1 but is now 0.0.
[2025-06-04 19:07:20.684] [warning] ForceSet 'forceset' has subcomponents with duplicate name 'soleus_l'. The duplicate is being renamed to 'soleus_l_0'.
[2025-06-04 19:07:20.685] [info] 'dorsiflexors_l' Parameter update for the damped-model: ActiveForceLengthCurve minimum value was 0.1 but is now 0.0.
[2025-06-04 19:07:20.685] [warning] ForceSet 'forceset' has subcomponents with duplicate name 'dorsiflexors_l'. The duplicate is being renamed to 'dorsiflexors_l_0'.
[2025-06-04 19:07:26.362] [info] Loaded model Denton2023_Crienkinge2023 from file ..\model\Denton2023_Crienkinge2023.osim
[2025-06-04 19:07:26.385] [info] Loaded model SUBJ01_2d from file ..\data\SUBJ01\scaling\SUBJ01_scaledModelAdjusted_2d.osim
[2025-06-04 19:08:33.575] [info] Loaded model Denton2023_Crienkinge2023 from file ..\model\Denton2023_Crienkinge2023.osim
[2025-06-04 19:08:33.594] [info] Loaded model SUBJ01_2d from file ..\data\SUBJ01\scaling\SUBJ01_scaledModelAdjusted_2d.osim
[2025-06-04 19:10:15.731] [info] Loaded model Denton2023_Crienkinge2023 from file ..\model\Denton2023_Crienkinge2023.osim
[2025-06-04 19:10:16.182] [info] Loaded model SUBJ01_2d from file ..\data\SUBJ01\scaling\SUBJ01_scaledModelAdjusted_2d.osim
[2025-06-04 19:12:25.001] [info] Loaded model Denton2023_Crienkinge2023 from file ..\model\Denton2023_Crienkinge2023.osim
[2025-06-04 19:12:25.023] [info] Loaded model SUBJ01_2d from file ..\data\SUBJ01\scaling\SUBJ01_scaledModelAdjusted_2d.osim
[2025-06-04 19:30:44.009] [info] Loaded model Denton2023_Crienkinge2023 from file ..\model\Denton2023_Crienkinge2023.osim
[2025-06-04 19:30:44.489] [info] Loaded model SUBJ01_2d from file ..\data\SUBJ01\scaling\SUBJ01_scaledModelAdjusted_2d.osim
[2025-06-04 19:32:05.018] [info] Loaded model Denton2023_Crienkinge2023 from file ..\model\Denton2023_Crienkinge2023.osim
[2025-06-04 19:32:05.035] [info] Loaded model SUBJ01_2d from file ..\data\SUBJ01\scaling\SUBJ01_scaledModelAdjusted_2d.osim
[2025-06-04 19:35:06.003] [info] Loaded model Denton2023_Crienkinge2023 from file ..\model\Denton2023_Crienkinge2023.osim
[2025-06-04 19:35:06.020] [info] Loaded model SUBJ01_2d from file ..\data\SUBJ01\scaling\SUBJ01_scaledModelAdjusted_2d.osim
[2025-06-04 19:39:32.837] [info] Loaded model Denton2023_Crienkinge2023 from file ..\model\Denton2023_Crienkinge2023.osim
[2025-06-04 19:39:33.326] [info] Loaded model SUBJ01_2d from file ..\data\SUBJ01\scaling\SUBJ01_scaledModelAdjusted_2d.osim
[2025-06-04 19:41:43.792] [info] Loaded model Denton2023_Crienkinge2023 from file ..\model\Denton2023_Crienkinge2023.osim
[2025-06-04 19:41:43.810] [info] Loaded model SUBJ01_2d from file ..\data\SUBJ01\scaling\SUBJ01_scaledModelAdjusted_2d.osim
[2025-06-04 19:42:12.142] [info] Loaded model Denton2023_Crienkinge2023 from file ..\model\Denton2023_Crienkinge2023.osim
[2025-06-04 19:42:12.160] [info] Loaded model SUBJ01_2d from file ..\data\SUBJ01\scaling\SUBJ01_scaledModelAdjusted_2d.osim
[2025-06-04 19:44:49.945] [info] 'hamstrings_r' Parameter update for the damped-model: ActiveForceLengthCurve minimum value was 0.1 but is now 0.0.
[2025-06-04 19:44:49.945] [info] 'bifemsh_r' Parameter update for the damped-model: ActiveForceLengthCurve minimum value was 0.1 but is now 0.0.
[2025-06-04 19:44:49.945] [info] 'glut_max_r' Parameter update for the damped-model: ActiveForceLengthCurve minimum value was 0.1 but is now 0.0.
[2025-06-04 19:44:49.945] [info] 'iliopsoas_r' Parameter update for the damped-model: ActiveForceLengthCurve minimum value was 0.1 but is now 0.0.
[2025-06-04 19:44:49.946] [info] 'rect_fem_r' Parameter update for the damped-model: ActiveForceLengthCurve minimum value was 0.1 but is now 0.0.
[2025-06-04 19:44:49.946] [info] 'vasti_r' Parameter update for the damped-model: ActiveForceLengthCurve minimum value was 0.1 but is now 0.0.
[2025-06-04 19:44:49.946] [info] 'gastroc_r' Parameter update for the damped-model: ActiveForceLengthCurve minimum value was 0.1 but is now 0.0.
[2025-06-04 19:44:49.946] [info] 'soleus_r' Parameter update for the damped-model: ActiveForceLengthCurve minimum value was 0.1 but is now 0.0.
[2025-06-04 19:44:49.946] [info] 'dorsiflexors_r' Parameter update for the damped-model: ActiveForceLengthCurve minimum value was 0.1 but is now 0.0.
[2025-06-04 19:44:49.946] [info] 'hamstrings_l' Parameter update for the damped-model: ActiveForceLengthCurve minimum value was 0.1 but is now 0.0.
[2025-06-04 19:44:49.946] [info] 'bifemsh_l' Parameter update for the damped-model: ActiveForceLengthCurve minimum value was 0.1 but is now 0.0.
[2025-06-04 19:44:49.946] [info] 'glut_max_l' Parameter update for the damped-model: ActiveForceLengthCurve minimum value was 0.1 but is now 0.0.
[2025-06-04 19:44:49.946] [info] 'iliopsoas_l' Parameter update for the damped-model: ActiveForceLengthCurve minimum value was 0.1 but is now 0.0.
[2025-06-04 19:44:49.946] [info] 'rect_fem_l' Parameter update for the damped-model: ActiveForceLengthCurve minimum value was 0.1 but is now 0.0.
[2025-06-04 19:44:49.946] [info] 'vasti_l' Parameter update for the damped-model: ActiveForceLengthCurve minimum value was 0.1 but is now 0.0.
[2025-06-04 19:44:49.947] [info] 'gastroc_l' Parameter update for the damped-model: ActiveForceLengthCurve minimum value was 0.1 but is now 0.0.
[2025-06-04 19:44:49.947] [info] 'soleus_l' Parameter update for the damped-model: ActiveForceLengthCurve minimum value was 0.1 but is now 0.0.
[2025-06-04 19:44:49.947] [info] 'dorsiflexors_l' Parameter update for the damped-model: ActiveForceLengthCurve minimum value was 0.1 but is now 0.0.
[2025-06-04 19:45:36.572] [info] 'hamstrings_r' Parameter update for the damped-model: ActiveForceLengthCurve minimum value was 0.1 but is now 0.0.
[2025-06-04 19:45:36.572] [info] 'bifemsh_r' Parameter update for the damped-model: ActiveForceLengthCurve minimum value was 0.1 but is now 0.0.
[2025-06-04 19:45:36.573] [info] 'glut_max_r' Parameter update for the damped-model: ActiveForceLengthCurve minimum value was 0.1 but is now 0.0.
[2025-06-04 19:45:36.573] [info] 'iliopsoas_r' Parameter update for the damped-model: ActiveForceLengthCurve minimum value was 0.1 but is now 0.0.
[2025-06-04 19:45:36.573] [info] 'rect_fem_r' Parameter update for the damped-model: ActiveForceLengthCurve minimum value was 0.1 but is now 0.0.
[2025-06-04 19:45:36.573] [info] 'vasti_r' Parameter update for the damped-model: ActiveForceLengthCurve minimum value was 0.1 but is now 0.0.
[2025-06-04 19:45:36.573] [info] 'gastroc_r' Parameter update for the damped-model: ActiveForceLengthCurve minimum value was 0.1 but is now 0.0.
[2025-06-04 19:45:36.573] [info] 'soleus_r' Parameter update for the damped-model: ActiveForceLengthCurve minimum value was 0.1 but is now 0.0.
[2025-06-04 19:45:36.574] [info] 'dorsiflexors_r' Parameter update for the damped-model: ActiveForceLengthCurve minimum value was 0.1 but is now 0.0.
[2025-06-04 19:45:36.574] [info] 'hamstrings_l' Parameter update for the damped-model: ActiveForceLengthCurve minimum value was 0.1 but is now 0.0.
[2025-06-04 19:45:36.574] [info] 'bifemsh_l' Parameter update for the damped-model: ActiveForceLengthCurve minimum value was 0.1 but is now 0.0.
[2025-06-04 19:45:36.574] [info] 'glut_max_l' Parameter update for the damped-model: ActiveForceLengthCurve minimum value was 0.1 but is now 0.0.
[2025-06-04 19:45:36.574] [info] 'iliopsoas_l' Parameter update for the damped-model: ActiveForceLengthCurve minimum value was 0.1 but is now 0.0.
[2025-06-04 19:45:36.575] [info] 'rect_fem_l' Parameter update for the damped-model: ActiveForceLengthCurve minimum value was 0.1 but is now 0.0.
[2025-06-04 19:45:36.575] [info] 'vasti_l' Parameter update for the damped-model: ActiveForceLengthCurve minimum value was 0.1 but is now 0.0.
[2025-06-04 19:45:36.575] [info] 'gastroc_l' Parameter update for the damped-model: ActiveForceLengthCurve minimum value was 0.1 but is now 0.0.
[2025-06-04 19:45:36.575] [info] 'soleus_l' Parameter update for the damped-model: ActiveForceLengthCurve minimum value was 0.1 but is now 0.0.
[2025-06-04 19:45:36.575] [info] 'dorsiflexors_l' Parameter update for the damped-model: ActiveForceLengthCurve minimum value was 0.1 but is now 0.0.
[2025-06-04 19:49:55.889] [info] Loaded model Denton2023_Crienkinge2023 from file ..\model\Denton2023_Crienkinge2023_MillardMuscles.osim
[2025-06-04 19:49:55.916] [info] Loaded model SUBJ01_2d from file ..\data\SUBJ01\scaling\SUBJ01_scaledModelAdjusted_2d_MillardMuscles.osim
[2025-06-06 14:30:59.866] [info] Loaded model Denton2023_Crienkinge2023 from file ..\model\Denton2023_Crienkinge2023.osim
[2025-06-06 14:30:59.914] [info] Loaded model SUBJ01_2d from file ..\data\SUBJ01\scaling\SUBJ01_scaledModelAdjusted_2d.osim
[2025-06-06 14:32:42.544] [info] 'hamstrings_r' Parameter update for the damped-model: ActiveForceLengthCurve minimum value was 0.1 but is now 0.0.
[2025-06-06 14:32:42.545] [info] 'bifemsh_r' Parameter update for the damped-model: ActiveForceLengthCurve minimum value was 0.1 but is now 0.0.
[2025-06-06 14:32:42.545] [info] 'glut_max_r' Parameter update for the damped-model: ActiveForceLengthCurve minimum value was 0.1 but is now 0.0.
[2025-06-06 14:32:42.545] [info] 'iliopsoas_r' Parameter update for the damped-model: ActiveForceLengthCurve minimum value was 0.1 but is now 0.0.
[2025-06-06 14:32:42.545] [info] 'rect_fem_r' Parameter update for the damped-model: ActiveForceLengthCurve minimum value was 0.1 but is now 0.0.
[2025-06-06 14:32:42.545] [info] 'vasti_r' Parameter update for the damped-model: ActiveForceLengthCurve minimum value was 0.1 but is now 0.0.
[2025-06-06 14:32:42.545] [info] 'gastroc_r' Parameter update for the damped-model: ActiveForceLengthCurve minimum value was 0.1 but is now 0.0.
[2025-06-06 14:32:42.545] [info] 'soleus_r' Parameter update for the damped-model: ActiveForceLengthCurve minimum value was 0.1 but is now 0.0.
[2025-06-06 14:32:42.545] [info] 'dorsiflexors_r' Parameter update for the damped-model: ActiveForceLengthCurve minimum value was 0.1 but is now 0.0.
[2025-06-06 14:32:42.545] [info] 'hamstrings_l' Parameter update for the damped-model: ActiveForceLengthCurve minimum value was 0.1 but is now 0.0.
[2025-06-06 14:32:42.545] [info] 'bifemsh_l' Parameter update for the damped-model: ActiveForceLengthCurve minimum value was 0.1 but is now 0.0.
[2025-06-06 14:32:42.545] [info] 'glut_max_l' Parameter update for the damped-model: ActiveForceLengthCurve minimum value was 0.1 but is now 0.0.
[2025-06-06 14:32:42.545] [info] 'iliopsoas_l' Parameter update for the damped-model: ActiveForceLengthCurve minimum value was 0.1 but is now 0.0.
[2025-06-06 14:32:42.545] [info] 'rect_fem_l' Parameter update for the damped-model: ActiveForceLengthCurve minimum value was 0.1 but is now 0.0.
[2025-06-06 14:32:42.545] [info] 'vasti_l' Parameter update for the damped-model: ActiveForceLengthCurve minimum value was 0.1 but is now 0.0.
[2025-06-06 14:32:42.545] [info] 'gastroc_l' Parameter update for the damped-model: ActiveForceLengthCurve minimum value was 0.1 but is now 0.0.
[2025-06-06 14:32:42.546] [info] 'soleus_l' Parameter update for the damped-model: ActiveForceLengthCurve minimum value was 0.1 but is now 0.0.
[2025-06-06 14:32:42.546] [info] 'dorsiflexors_l' Parameter update for the damped-model: ActiveForceLengthCurve minimum value was 0.1 but is now 0.0.
[2025-06-06 14:32:42.550] [info] 'hamstrings_r' Parameter update for the damped-model: ActiveForceLengthCurve minimum value was 0.1 but is now 0.0.
[2025-06-06 14:32:42.550] [info] 'bifemsh_r' Parameter update for the damped-model: ActiveForceLengthCurve minimum value was 0.1 but is now 0.0.
[2025-06-06 14:32:42.550] [info] 'glut_max_r' Parameter update for the damped-model: ActiveForceLengthCurve minimum value was 0.1 but is now 0.0.
[2025-06-06 14:32:42.550] [info] 'iliopsoas_r' Parameter update for the damped-model: ActiveForceLengthCurve minimum value was 0.1 but is now 0.0.
[2025-06-06 14:32:42.550] [info] 'rect_fem_r' Parameter update for the damped-model: ActiveForceLengthCurve minimum value was 0.1 but is now 0.0.
[2025-06-06 14:32:42.550] [info] 'vasti_r' Parameter update for the damped-model: ActiveForceLengthCurve minimum value was 0.1 but is now 0.0.
[2025-06-06 14:32:42.550] [info] 'gastroc_r' Parameter update for the damped-model: ActiveForceLengthCurve minimum value was 0.1 but is now 0.0.
[2025-06-06 14:32:42.550] [info] 'soleus_r' Parameter update for the damped-model: ActiveForceLengthCurve minimum value was 0.1 but is now 0.0.
[2025-06-06 14:32:42.550] [info] 'dorsiflexors_r' Parameter update for the damped-model: ActiveForceLengthCurve minimum value was 0.1 but is now 0.0.
[2025-06-06 14:32:42.550] [info] 'hamstrings_l' Parameter update for the damped-model: ActiveForceLengthCurve minimum value was 0.1 but is now 0.0.
[2025-06-06 14:32:42.550] [info] 'bifemsh_l' Parameter update for the damped-model: ActiveForceLengthCurve minimum value was 0.1 but is now 0.0.
[2025-06-06 14:32:42.550] [info] 'glut_max_l' Parameter update for the damped-model: ActiveForceLengthCurve minimum value was 0.1 but is now 0.0.
[2025-06-06 14:32:42.550] [info] 'iliopsoas_l' Parameter update for the damped-model: ActiveForceLengthCurve minimum value was 0.1 but is now 0.0.
[2025-06-06 14:32:42.550] [info] 'rect_fem_l' Parameter update for the damped-model: ActiveForceLengthCurve minimum value was 0.1 but is now 0.0.
[2025-06-06 14:32:42.550] [info] 'vasti_l' Parameter update for the damped-model: ActiveForceLengthCurve minimum value was 0.1 but is now 0.0.
[2025-06-06 14:32:42.551] [info] 'gastroc_l' Parameter update for the damped-model: ActiveForceLengthCurve minimum value was 0.1 but is now 0.0.
[2025-06-06 14:32:42.551] [info] 'soleus_l' Parameter update for the damped-model: ActiveForceLengthCurve minimum value was 0.1 but is now 0.0.
[2025-06-06 14:32:42.551] [info] 'dorsiflexors_l' Parameter update for the damped-model: ActiveForceLengthCurve minimum value was 0.1 but is now 0.0.
[2025-06-06 14:34:54.585] [info] Loaded model Denton2023_Crienkinge2023 from file ..\model\Denton2023_Crienkinge2023_MillardMuscles.osim
[2025-06-06 14:34:55.093] [info] Loaded model SUBJ01_2d from file ..\data\SUBJ01\scaling\SUBJ01_scaledModelAdjusted_2d_MillardMuscles.osim
