Model Marker Locations from IK
version=1
nRows=63
nColumns=121
inDegrees=no
endheader
time	L_IAS_tx	L_IAS_ty	L_IAS_tz	L_IPS_tx	L_IPS_ty	L_IPS_tz	R_IPS_tx	R_IPS_ty	R_IPS_tz	R_IAS_tx	R_IAS_ty	R_IAS_tz	L_FTC_tx	L_FTC_ty	L_FTC_tz	L_FLE_tx	L_FLE_ty	L_FLE_tz	L_FME_tx	L_FME_ty	L_FME_tz	L_FAX_tx	L_FAX_ty	L_FAX_tz	L_TTC_tx	L_TTC_ty	L_TTC_tz	L_FAL_tx	L_FAL_ty	L_FAL_tz	L_TAM_tx	L_TAM_ty	L_TAM_tz	L_FCC_tx	L_FCC_ty	L_FCC_tz	L_FM1_tx	L_FM1_ty	L_FM1_tz	L_FM2_tx	L_FM2_ty	L_FM2_tz	L_FM5_tx	L_FM5_ty	L_FM5_tz	R_FTC_tx	R_FTC_ty	R_FTC_tz	R_FLE_tx	R_FLE_ty	R_FLE_tz	R_FME_tx	R_FME_ty	R_FME_tz	R_FAX_tx	R_FAX_ty	R_FAX_tz	R_TTC_tx	R_TTC_ty	R_TTC_tz	R_FAL_tx	R_FAL_ty	R_FAL_tz	R_TAM_tx	R_TAM_ty	R_TAM_tz	R_FCC_tx	R_FCC_ty	R_FCC_tz	R_FM1_tx	R_FM1_ty	R_FM1_tz	R_FM2_tx	R_FM2_ty	R_FM2_tz	R_FM5_tx	R_FM5_ty	R_FM5_tz	CV7_tx	CV7_ty	CV7_tz	TV10_tx	TV10_ty	TV10_tz	SXS_tx	SXS_ty	SXS_tz	SJN_tx	SJN_ty	SJN_tz	L_HLE_tx	L_HLE_ty	L_HLE_tz	L_HME_tx	L_HME_ty	L_HME_tz	L_UOA_tx	L_UOA_ty	L_UOA_tz	L_RSP_tx	L_RSP_ty	L_RSP_tz	L_UHE_tx	L_UHE_ty	L_UHE_tz	R_HLE_tx	R_HLE_ty	R_HLE_tz	R_HME_tx	R_HME_ty	R_HME_tz	R_UOA_tx	R_UOA_ty	R_UOA_tz	R_RSP_tx	R_RSP_ty	R_RSP_tz	R_UHE_tx	R_UHE_ty	R_UHE_tz
      0.17000000	      0.07106519	      0.99030596	     -0.29484747	     -0.12443856	      0.93933190	     -0.23016066	     -0.13024311	      0.92477770	     -0.14056252	      0.05449462	      0.94875729	     -0.03906668	      0.03296340	      0.84132415	     -0.36407200	      0.16228570	      0.46654739	     -0.29425352	      0.13520766	      0.46909845	     -0.16245446	      0.15236682	      0.42226340	     -0.31325466	      0.20313507	      0.41556054	     -0.23839964	      0.16927487	      0.04251153	     -0.26377725	      0.16147881	      0.06192601	     -0.17706963	      0.10095312	      0.01804186	     -0.20932267	      0.28568392	      0.02509830	     -0.15023674	      0.30751555	      0.03867892	     -0.20475338	      0.26786199	      0.01987451	     -0.26913745	     -0.01734295	      0.82454703	     -0.00485481	     -0.04886674	      0.42983320	     -0.04125892	     -0.04445507	      0.42952738	     -0.17958330	     -0.09157726	      0.41136832	     -0.03490999	     -0.06262432	      0.35047322	     -0.09378924	     -0.37467247	      0.14570222	     -0.07325332	     -0.35160782	      0.14929964	     -0.15976420	     -0.42904422	      0.17737870	     -0.13481114	     -0.31782938	      0.03493637	     -0.18219453	     -0.29479135	      0.03002776	     -0.12857488	     -0.33835302	      0.03903399	     -0.06645594	     -0.07481288	      1.47468546	     -0.18246478	     -0.13647428	      1.19031951	     -0.17456948	      0.07007931	      1.21202904	     -0.17895705	      0.04071898	      1.39127639	     -0.18274998	     -0.10148551	      1.05469208	     -0.41995473	     -0.07978480	      1.04900381	     -0.34013184	     -0.11335683	      1.02746061	     -0.37063242	      0.01275702	      0.82650116	     -0.40381863	     -0.05366357	      0.80585124	     -0.39481886	     -0.05485083	      1.05674657	      0.05990733	     -0.03815999	      1.05153575	     -0.01544648	     -0.06568397	      1.02305933	      0.01087649	      0.10207401	      0.85449037	      0.04677242	      0.04259571	      0.82094345	      0.04222861
      0.18000000	      0.08270189	      0.99252921	     -0.29551711	     -0.11260343	      0.94009138	     -0.23140346	     -0.11854753	      0.92542924	     -0.14183207	      0.06573293	      0.95067237	     -0.03981270	      0.04550185	      0.84289557	     -0.36484149	      0.16950407	      0.46651281	     -0.29401808	      0.14152297	      0.46945306	     -0.16241589	      0.15908702	      0.42238002	     -0.31309404	      0.20921549	      0.41493957	     -0.23787839	      0.17013039	      0.04242160	     -0.26354586	      0.16199617	      0.06194494	     -0.17689377	      0.10132375	      0.01831586	     -0.20936801	      0.28586763	      0.02473989	     -0.14969369	      0.30789465	      0.03835850	     -0.20412218	      0.26839873	      0.01973754	     -0.26865630	     -0.00515818	      0.82642144	     -0.00570223	     -0.02771933	      0.43084693	     -0.03931512	     -0.02246740	      0.42961485	     -0.17760499	     -0.07064292	      0.41322571	     -0.03311604	     -0.04251055	      0.35142722	     -0.09144930	     -0.35857231	      0.15283341	     -0.07164018	     -0.33491320	      0.15545964	     -0.15802536	     -0.41122638	      0.18634662	     -0.13331254	     -0.30560556	      0.03983733	     -0.18093590	     -0.28314864	      0.03374490	     -0.12719130	     -0.32677237	      0.04404264	     -0.06531707	     -0.06300614	      1.47574518	     -0.18334891	     -0.12496034	      1.19142999	     -0.17593229	      0.08163474	      1.21296185	     -0.17906091	      0.05245308	      1.39223598	     -0.18296530	     -0.08837487	      1.05580006	     -0.42147406	     -0.06728804	      1.05003810	     -0.34149208	     -0.10060560	      1.02849227	     -0.37227209	      0.02596788	      0.82770101	     -0.40471821	     -0.04049798	      0.80697222	     -0.39624968	     -0.04598313	      1.05787326	      0.05824145	     -0.02843012	      1.05271017	     -0.01691949	     -0.05652715	      1.02445325	      0.00901221	      0.10914376	      0.85415923	      0.04642679	      0.04939669	      0.82120901	      0.04110880
      0.19000000	      0.09516573	      0.99456091	     -0.29534310	     -0.10078442	      0.94245850	     -0.23294653	     -0.10732862	      0.92683559	     -0.14357963	      0.07648365	      0.94996132	     -0.04022245	      0.05761994	      0.84458681	     -0.36600829	      0.17609133	      0.46669355	     -0.29377458	      0.14692719	      0.47010052	     -0.16244078	      0.16526806	      0.42268986	     -0.31292007	      0.21459036	      0.41463806	     -0.23723589	      0.17079551	      0.04265410	     -0.26304377	      0.16211486	      0.06234642	     -0.17648298	      0.10140518	      0.01888412	     -0.20900861	      0.28620881	      0.02419745	     -0.14970742	      0.30822865	      0.03813523	     -0.20405797	      0.26847359	      0.02037028	     -0.26867424	      0.00591960	      0.82705649	     -0.00722352	     -0.00557018	      0.43072096	     -0.03729268	      0.00035558	      0.42837878	     -0.17554098	     -0.04865861	      0.41395192	     -0.03118097	     -0.02142350	      0.35120147	     -0.08892076	     -0.34133550	      0.15884986	     -0.06932234	     -0.31719429	      0.16039148	     -0.15560023	     -0.39229667	      0.19405836	     -0.13074009	     -0.29187940	      0.04457314	     -0.18006732	     -0.27019767	      0.03683602	     -0.12621611	     -0.31409572	      0.04755144	     -0.06460738	     -0.05129789	      1.47721553	     -0.18455475	     -0.11324644	      1.19289592	     -0.17726191	      0.09336072	      1.21446458	     -0.17905337	      0.06417190	      1.39372908	     -0.18332853	     -0.07589581	      1.05730128	     -0.42281127	     -0.05526521	      1.05144872	     -0.34271697	     -0.08830362	      1.02975840	     -0.37371902	      0.03962596	      0.82978784	     -0.40591406	     -0.02676086	      0.80864925	     -0.39784813	     -0.03715773	      1.05980050	      0.05640498	     -0.01836316	      1.05461158	     -0.01845338	     -0.04718404	      1.02663369	      0.00695625	      0.11597223	      0.85447316	      0.04680013	      0.05596595	      0.82218792	      0.04042683
      0.20000000	      0.10638053	      0.99654821	     -0.29584140	     -0.08947040	      0.94333828	     -0.23407109	     -0.09621721	      0.92770207	     -0.14472159	      0.08712006	      0.95191067	     -0.04077040	      0.06938976	      0.84605625	     -0.36656146	      0.18175789	      0.46641654	     -0.29373571	      0.15181754	      0.47021617	     -0.16258747	      0.17052379	      0.42253239	     -0.31293786	      0.21927494	      0.41392876	     -0.23694496	      0.17126325	      0.04247669	     -0.26291295	      0.16227558	      0.06230244	     -0.17641397	      0.10153486	      0.01885816	     -0.20905690	      0.28625315	      0.02427603	     -0.14946295	      0.30835493	      0.03826300	     -0.20376759	      0.26870931	      0.02053370	     -0.26846084	      0.01770661	      0.82880421	     -0.00778613	      0.01613417	      0.43212479	     -0.03537211	      0.02263918	      0.42906229	     -0.17358028	     -0.02703471	      0.41592824	     -0.02936829	     -0.00035432	      0.35256483	     -0.08669617	     -0.32279675	      0.16442981	     -0.06764286	     -0.29825731	      0.16525914	     -0.15381813	     -0.37264956	      0.20054815	     -0.12915613	     -0.27538095	      0.04908170	     -0.17860862	     -0.25418860	      0.04070170	     -0.12465890	     -0.29823625	      0.05206597	     -0.06327362	     -0.03962683	      1.47837465	     -0.18543916	     -0.10206484	      1.19414996	     -0.17863663	      0.10458291	      1.21539964	     -0.17894771	      0.07570221	      1.39470969	     -0.18340154	     -0.06272401	      1.05841705	     -0.42451903	     -0.04291514	      1.05247792	     -0.34422391	     -0.07559179	      1.03075601	     -0.37559209	      0.05310712	      0.83111947	     -0.40677813	     -0.01331083	      0.80982098	     -0.39942019	     -0.02846833	      1.06100300	      0.05508785	     -0.00883708	      1.05580443	     -0.01955478	     -0.03818178	      1.02805045	      0.00547871	      0.12298333	      0.85438154	      0.04685105	      0.06276960	      0.82264078	      0.03974179
      0.21000000	      0.11738196	      0.99832055	     -0.29640825	     -0.07841948	      0.94427207	     -0.23521173	     -0.08538721	      0.92872189	     -0.14586417	      0.09749079	      0.95392859	     -0.04134280	      0.08036876	      0.84733169	     -0.36711673	      0.18661711	      0.46599300	     -0.29398270	      0.15647103	      0.47029288	     -0.16289705	      0.17493087	      0.42219899	     -0.31315112	      0.22344359	      0.41318049	     -0.23705381	      0.17151907	      0.04222643	     -0.26260817	      0.16257995	      0.06226631	     -0.17615352	      0.10166342	      0.01886804	     -0.20864012	      0.28653918	      0.02421620	     -0.14946026	      0.30854219	      0.03815541	     -0.20381725	      0.26873256	      0.02045867	     -0.26841863	      0.02903011	      0.83060998	     -0.00829640	      0.03779733	      0.43385029	     -0.03325447	      0.04507853	      0.43005608	     -0.17140576	     -0.00541181	      0.41809572	     -0.02741919	      0.02098591	      0.35420018	     -0.08428546	     -0.30337429	      0.16929111	     -0.06622915	     -0.27832560	      0.16946567	     -0.15226160	     -0.35244413	      0.20571082	     -0.12802674	     -0.25651556	      0.05326604	     -0.17696550	     -0.23579282	      0.04467755	     -0.12286634	     -0.28018632	      0.05640416	     -0.06179919	     -0.02814084	      1.47959943	     -0.18623172	     -0.09108261	      1.19547354	     -0.17996553	      0.11559717	      1.21638699	     -0.17894875	      0.08703679	      1.39574591	     -0.18349949	     -0.04965647	      1.05958638	     -0.42617879	     -0.03057611	      1.05355735	     -0.34571412	     -0.06289073	      1.03176461	     -0.37741538	      0.06683994	      0.83267268	     -0.40779771	      0.00043921	      0.81111043	     -0.40108043	     -0.01980212	      1.06221196	      0.05407812	      0.00055002	      1.05694923	     -0.02036668	     -0.02928282	      1.02944777	      0.00434604	      0.12987177	      0.85426043	      0.04707732	      0.06944234	      0.82308149	      0.03933993
      0.22000000	      0.12929121	      0.99983398	     -0.29594026	     -0.06727697	      0.94615454	     -0.23691545	     -0.07517081	      0.93021288	     -0.14771402	      0.10675620	      0.95432442	     -0.04129198	      0.09107021	      0.84858956	     -0.36765347	      0.19085490	      0.46555550	     -0.29427492	      0.16061616	      0.47039689	     -0.16322950	      0.17873317	      0.42183391	     -0.31337968	      0.22707658	      0.41248640	     -0.23721436	      0.17156180	      0.04200887	     -0.26212645	      0.16272889	      0.06229830	     -0.17571910	      0.10166457	      0.01882972	     -0.20788151	      0.28700314	      0.02430598	     -0.14976588	      0.30877220	      0.03816749	     -0.20423682	      0.26854044	      0.02065895	     -0.26862763	      0.03933831	      0.83150922	     -0.00897646	      0.05986530	      0.43502849	     -0.03133027	      0.06764693	      0.43056338	     -0.16943422	      0.01666132	      0.41966680	     -0.02558544	      0.04273147	      0.35529846	     -0.08206832	     -0.28326384	      0.17324301	     -0.06446727	     -0.25788274	      0.17282475	     -0.15040140	     -0.33217861	      0.20935668	     -0.12633502	     -0.23524295	      0.05758838	     -0.17537435	     -0.21496125	      0.04875272	     -0.12114801	     -0.25993825	      0.05992219	     -0.06040423	     -0.01682378	      1.48105302	     -0.18722549	     -0.08011382	      1.19699511	     -0.18140084	      0.12657639	      1.21768564	     -0.17895159	      0.09824166	      1.39707531	     -0.18369680	     -0.03695991	      1.06103598	     -0.42791221	     -0.01872270	      1.05493331	     -0.34725780	     -0.05055917	      1.03295389	     -0.37933403	      0.08096780	      0.83490551	     -0.40879964	      0.01466514	      0.81283230	     -0.40281289	     -0.01097669	      1.06372920	      0.05314724	      0.01010772	      1.05837457	     -0.02108691	     -0.02025270	      1.03118949	      0.00329989	      0.13654867	      0.85422140	      0.04737225	      0.07586100	      0.82371473	      0.03900211
      0.23000000	      0.14007074	      1.00111352	     -0.29628408	     -0.05674518	      0.94740311	     -0.23811928	     -0.06507378	      0.93166893	     -0.14892055	      0.11629463	      0.95619627	     -0.04164349	      0.10116490	      0.84965680	     -0.36800788	      0.19482980	      0.46507464	     -0.29465980	      0.16463852	      0.47037759	     -0.16362130	      0.18227023	      0.42143656	     -0.31371143	      0.23052392	      0.41173784	     -0.23753313	      0.17152681	      0.04176549	     -0.26194429	      0.16288551	      0.06225402	     -0.17556454	      0.10159744	      0.01886946	     -0.20753608	      0.28720482	      0.02434663	     -0.14990318	      0.30893601	      0.03786930	     -0.20447433	      0.26846467	      0.02034322	     -0.26871003	      0.04980793	      0.83311902	     -0.00924637	      0.08146779	      0.43725194	     -0.02936935	      0.08989319	      0.43226916	     -0.16741780	      0.03832161	      0.42204156	     -0.02376801	      0.06446831	      0.35739435	     -0.07989590	     -0.26214817	      0.17636986	     -0.06320044	     -0.23635977	      0.17556860	     -0.14901050	     -0.31119870	      0.21172246	     -0.12540418	     -0.21201127	      0.06108328	     -0.17348832	     -0.19201858	      0.05253602	     -0.11910864	     -0.23754837	      0.06327167	     -0.05869938	     -0.00560940	      1.48247861	     -0.18791934	     -0.06949618	      1.19854274	     -0.18268911	      0.13721617	      1.21882083	     -0.17898212	      0.10926608	      1.39826989	     -0.18376242	     -0.02367406	      1.06227064	     -0.42977155	     -0.00623963	      1.05606715	     -0.34894749	     -0.03768807	      1.03405565	     -0.38138402	      0.09469806	      0.83643843	     -0.40988091	      0.02840194	      0.81416508	     -0.40460533	     -0.00236780	      1.06504352	      0.05253858	      0.01925267	      1.05957904	     -0.02153320	     -0.01152051	      1.03266400	      0.00261273	      0.14335289	      0.85426080	      0.04770464	      0.08245596	      0.82430785	      0.03886753
      0.24000000	      0.15054751	      1.00222918	     -0.29677097	     -0.04647215	      0.94855274	     -0.23926836	     -0.05519278	      0.93321207	     -0.15003855	      0.12565223	      0.95843533	     -0.04204168	      0.11085694	      0.85062187	     -0.36827323	      0.19833479	      0.46455042	     -0.29510937	      0.16836286	      0.47030981	     -0.16403979	      0.18534602	      0.42098484	     -0.31408483	      0.23361573	      0.41099043	     -0.23795492	      0.17143236	      0.04149833	     -0.26172286	      0.16308021	      0.06219102	     -0.17536334	      0.10155558	      0.01885988	     -0.20709367	      0.28743110	      0.02449841	     -0.15001146	      0.30908685	      0.03764930	     -0.20470333	      0.26837295	      0.01999265	     -0.26874972	      0.06021955	      0.83483584	     -0.00935059	      0.10288183	      0.43991556	     -0.02767874	      0.11178846	      0.43457812	     -0.16568372	      0.05984959	      0.42466202	     -0.02217798	      0.08628357	      0.35990442	     -0.07804344	     -0.24012267	      0.17844353	     -0.06198600	     -0.21403866	      0.17745212	     -0.14770467	     -0.28965722	      0.21268120	     -0.12455324	     -0.18723961	      0.06378034	     -0.17139103	     -0.16735157	      0.05582189	     -0.11688377	     -0.21334448	      0.06600744	     -0.05673062	      0.00541324	      1.48394402	     -0.18840514	     -0.05910026	      1.20013738	     -0.18390522	      0.14763041	      1.21997326	     -0.17901596	      0.12008589	      1.39948713	     -0.18371668	     -0.01034753	      1.06357350	     -0.43159916	      0.00621616	      1.05727798	     -0.35059927	     -0.02477737	      1.03519039	     -0.38342288	      0.10879512	      0.83822146	     -0.41085199	      0.04254514	      0.81564311	     -0.40635005	      0.00609787	      1.06627089	      0.05198379	      0.02829416	      1.06069798	     -0.02190939	     -0.00288076	      1.03403150	      0.00197687	      0.15016692	      0.85434194	      0.04818100	      0.08909915	      0.82489309	      0.03884278
      0.25000000	      0.16054447	      1.00329581	     -0.29751635	     -0.03650680	      0.94955866	     -0.24017900	     -0.04542552	      0.93477116	     -0.15087541	      0.13508369	      0.96108109	     -0.04257645	      0.12031774	      0.85159508	     -0.36848726	      0.20151816	      0.46410244	     -0.29560082	      0.17166235	      0.47025834	     -0.16452276	      0.18815533	      0.42060312	     -0.31452008	      0.23639041	      0.41034591	     -0.23840316	      0.17141967	      0.04130070	     -0.26165262	      0.16327066	      0.06216852	     -0.17531584	      0.10152329	      0.01897145	     -0.20690239	      0.28752378	      0.02443230	     -0.15006648	      0.30916929	      0.03730442	     -0.20482867	      0.26831969	      0.01957029	     -0.26876716	      0.07058048	      0.83677120	     -0.00934439	      0.12402180	      0.44308855	     -0.02595795	      0.13349389	      0.43745182	     -0.16391337	      0.08115149	      0.42759274	     -0.02057749	      0.10819692	      0.36285532	     -0.07617303	     -0.21715207	      0.17943846	     -0.06090154	     -0.19073159	      0.17838710	     -0.14651639	     -0.26726330	      0.21232096	     -0.12392670	     -0.16118622	      0.06550527	     -0.16918553	     -0.14130316	      0.05846576	     -0.11455017	     -0.18772839	      0.06806019	     -0.05463240	      0.01633764	      1.48541553	     -0.18887541	     -0.04888169	      1.20175918	     -0.18513783	      0.15785964	      1.22109359	     -0.17888147	      0.13077526	      1.40067845	     -0.18354407	      0.00309315	      1.06483955	     -0.43339746	      0.01881336	      1.05841932	     -0.35223942	     -0.01173749	      1.03627775	     -0.38544185	      0.12294530	      0.83993279	     -0.41189800	      0.05674653	      0.81706764	     -0.40815416	      0.01429984	      1.06749935	      0.05140233	      0.03713971	      1.06182803	     -0.02228695	      0.00558926	      1.03536023	      0.00131227	      0.15706773	      0.85467876	      0.04880150	      0.09589814	      0.82562464	      0.03890963
      0.26000000	      0.17086136	      1.00382954	     -0.29811190	     -0.02652680	      0.95085011	     -0.24123000	     -0.03585960	      0.93675810	     -0.15185630	      0.14421851	      0.96360027	     -0.04297183	      0.12932397	      0.85226833	     -0.36854621	      0.20457976	      0.46350202	     -0.29606300	      0.17525594	      0.47007987	     -0.16488538	      0.19076747	      0.42007773	     -0.31487802	      0.23919861	      0.40954263	     -0.23892373	      0.17120135	      0.04099549	     -0.26140651	      0.16353640	      0.06204878	     -0.17507043	      0.10148513	      0.01892552	     -0.20629796	      0.28783894	      0.02449423	     -0.15035483	      0.30929786	      0.03700745	     -0.20527342	      0.26809431	      0.01913348	     -0.26894530	      0.08040827	      0.83859952	     -0.00918521	      0.14466585	      0.44647732	     -0.02432340	      0.15473951	      0.44065702	     -0.16222857	      0.10200440	      0.43057317	     -0.01907487	      0.12991410	      0.36599692	     -0.07443017	     -0.19364678	      0.17937203	     -0.06006219	     -0.16687855	      0.17841171	     -0.14557002	     -0.24468152	      0.21029021	     -0.12362944	     -0.13320394	      0.06683241	     -0.16684821	     -0.11333054	      0.06095762	     -0.11207187	     -0.16028688	      0.06962478	     -0.05242727	      0.02719498	      1.48707489	     -0.18925456	     -0.03863533	      1.20355128	     -0.18622357	      0.16812310	      1.22243775	     -0.17920988	      0.14143417	      1.40208708	     -0.18366482	      0.01627993	      1.06629523	     -0.43525160	      0.03119860	      1.05978920	     -0.35394922	      0.00111456	      1.03754125	     -0.38750758	      0.13718511	      0.84202543	     -0.41298491	      0.07108379	      0.81877442	     -0.40996564	      0.02273649	      1.06892735	      0.05104163	      0.04607908	      1.06306850	     -0.02247524	      0.01413442	      1.03689523	      0.00090306	      0.16365320	      0.85487365	      0.04947288	      0.10229821	      0.82636579	      0.03914931
      0.27000000	      0.18082310	      1.00399053	     -0.29872762	     -0.01705580	      0.95258980	     -0.24210287	     -0.02675562	      0.93919492	     -0.15266107	      0.15313249	      0.96575142	     -0.04339315	      0.13748717	      0.85282759	     -0.36862526	      0.20739566	      0.46297902	     -0.29660175	      0.17874486	      0.46993074	     -0.16529476	      0.19312757	      0.41963805	     -0.31530766	      0.24183374	      0.40880904	     -0.23957089	      0.17085664	      0.04077955	     -0.26131124	      0.16376470	      0.06198751	     -0.17496404	      0.10135909	      0.01901571	     -0.20597864	      0.28803683	      0.02510881	     -0.15029718	      0.30963165	      0.03656862	     -0.20539214	      0.26821650	      0.01824134	     -0.26879731	      0.08970488	      0.84020639	     -0.00903418	      0.16532741	      0.45007222	     -0.02298325	      0.17585875	      0.44418277	     -0.16085128	      0.12293245	      0.43361890	     -0.01782313	      0.15185140	      0.36933798	     -0.07300383	     -0.16923738	      0.17844660	     -0.05924140	     -0.14222250	      0.17771619	     -0.14467390	     -0.22113289	      0.20749416	     -0.12326179	     -0.10414406	      0.06740514	     -0.16434161	     -0.08463229	      0.06176305	     -0.10941102	     -0.13217033	      0.06979047	     -0.05013885	      0.03790468	      1.48896740	     -0.18871689	     -0.02858878	      1.20559219	     -0.18635778	      0.17824362	      1.22396350	     -0.18021045	      0.15196438	      1.40368990	     -0.18393171	      0.03007064	      1.06768056	     -0.43735866	      0.04400938	      1.06116435	     -0.35588338	      0.01446370	      1.03886715	     -0.38986270	      0.15157336	      0.84388413	     -0.41380613	      0.08552407	      0.82038757	     -0.41168194	      0.03093352	      1.07058787	      0.05050334	      0.05487501	      1.06446166	     -0.02279883	      0.02254365	      1.03852580	      0.00032287	      0.17040737	      0.85558085	      0.05046481	      0.10895957	      0.82746694	      0.03962572
      0.28000000	      0.19048189	      1.00455770	     -0.29985877	     -0.00745313	      0.95368789	     -0.24295140	     -0.01722651	      0.94106337	     -0.15340562	      0.16258128	      0.96851777	     -0.04422746	      0.14637468	      0.85353516	     -0.36889255	      0.21025190	      0.46261685	     -0.29706590	      0.18179102	      0.46996017	     -0.16573892	      0.19563277	      0.41933955	     -0.31569873	      0.24434628	      0.40829416	     -0.23999793	      0.17085079	      0.04072246	     -0.26110630	      0.16399631	      0.06210782	     -0.17478369	      0.10132980	      0.01935848	     -0.20561431	      0.28818321	      0.02482052	     -0.15033960	      0.30972879	      0.03605459	     -0.20550029	      0.26809064	      0.01782029	     -0.26878610	      0.09963285	      0.84220090	     -0.00907096	      0.18537027	      0.45411339	     -0.02152874	      0.19656459	      0.44808218	     -0.15933840	      0.14329182	      0.43691306	     -0.01649507	      0.17359270	      0.37303312	     -0.07139919	     -0.14404145	      0.17639202	     -0.05844701	     -0.11667209	      0.17594432	     -0.14376856	     -0.19681034	      0.20314784	     -0.12305835	     -0.07431341	      0.06715558	     -0.16186827	     -0.05477823	      0.06298825	     -0.10681445	     -0.10277476	      0.07000284	     -0.04778375	      0.04839161	      1.49054319	     -0.18906560	     -0.01863218	      1.20728706	     -0.18757215	      0.18819449	      1.22526787	     -0.18019963	      0.16226572	      1.40504829	     -0.18376700	      0.04323777	      1.06917898	     -0.43893582	      0.05645598	      1.06253629	     -0.35735074	      0.02736655	      1.04012484	     -0.39165356	      0.16598257	      0.84611565	     -0.41482158	      0.10007429	      0.82217670	     -0.41336014	      0.03884576	      1.07188415	      0.04999727	      0.06347986	      1.06561289	     -0.02306275	      0.03079178	      1.03986285	     -0.00024573	      0.17718705	      0.85615459	      0.05139198	      0.11569858	      0.82836337	      0.03996716
      0.29000000	      0.19994493	      1.00433065	     -0.30108251	      0.00178760	      0.95505223	     -0.24355194	     -0.00801507	      0.94347581	     -0.15386784	      0.17196071	      0.97128281	     -0.04505632	      0.15454400	      0.85381570	     -0.36892559	      0.21328091	      0.46204857	     -0.29733660	      0.18519280	      0.46973668	     -0.16594911	      0.19824904	      0.41886915	     -0.31589977	      0.24705326	      0.40750323	     -0.24030491	      0.17057686	      0.04051108	     -0.26090161	      0.16409913	      0.06202793	     -0.17458257	      0.10116572	      0.01939260	     -0.20517490	      0.28839425	      0.02498327	     -0.15053263	      0.30989812	      0.03565430	     -0.20582124	      0.26794760	      0.01734665	     -0.26887918	      0.10905583	      0.84407383	     -0.00883949	      0.20498067	      0.45834989	     -0.02039339	      0.21676583	      0.45240001	     -0.15815732	      0.16328687	      0.44025184	     -0.01547699	      0.19514839	      0.37697853	     -0.07019978	     -0.11819415	      0.17351844	     -0.05806001	     -0.09053508	      0.17356306	     -0.14328925	     -0.17182718	      0.19785709	     -0.12337110	     -0.04314989	      0.06622370	     -0.15893145	     -0.02397572	      0.06277061	     -0.10370157	     -0.07255020	      0.06932142	     -0.04509183	      0.05871579	      1.49233134	     -0.18831369	     -0.00879212	      1.20918727	     -0.18755831	      0.19810803	      1.22678153	     -0.18141801	      0.17247148	      1.40661947	     -0.18408461	      0.05668559	      1.07065736	     -0.44082295	      0.06903141	      1.06400487	     -0.35910210	      0.04049693	      1.04148636	     -0.39378052	      0.18054399	      0.84835020	     -0.41559727	      0.11476859	      0.82401324	     -0.41495000	      0.04687481	      1.07343199	      0.04932988	      0.07224160	      1.06685325	     -0.02345185	      0.03914088	      1.04133716	     -0.00095194	      0.18383258	      0.85683551	      0.05262232	      0.12230455	      0.82939870	      0.04057109
      0.30000000	      0.20938370	      1.00455891	     -0.30228619	      0.01114336	      0.95637073	     -0.24412158	      0.00141336	      0.94555435	     -0.15433474	      0.18160695	      0.97368079	     -0.04596670	      0.16286503	      0.85437242	     -0.36921988	      0.21564614	      0.46171578	     -0.29786576	      0.18788701	      0.46978668	     -0.16643132	      0.20029303	      0.41858249	     -0.31632959	      0.24919804	      0.40707745	     -0.24082097	      0.17064801	      0.04047916	     -0.26061219	      0.16447729	      0.06218093	     -0.17431696	      0.10127675	      0.01975665	     -0.20467762	      0.28869836	      0.02473935	     -0.15053064	      0.31012138	      0.03515852	     -0.20589861	      0.26792179	      0.01690908	     -0.26880705	      0.11874979	      0.84584685	     -0.00891498	      0.22410000	      0.46255466	     -0.01923250	      0.23651565	      0.45658424	     -0.15694015	      0.18286431	      0.44339708	     -0.01441505	      0.21653840	      0.38083748	     -0.06887241	     -0.09149155	      0.16938840	     -0.05730662	     -0.06354543	      0.16994467	     -0.14244037	     -0.14592547	      0.19111382	     -0.12317390	     -0.01157128	      0.06460288	     -0.15644843	      0.00754152	      0.06268233	     -0.10112280	     -0.04145640	      0.06804158	     -0.04274492	      0.06908070	      1.49395763	     -0.18862370	      0.00112035	      1.21092082	     -0.18852958	      0.20802197	      1.22817661	     -0.18153703	      0.18268217	      1.40805870	     -0.18405780	      0.06959558	      1.07212362	     -0.44224636	      0.08142953	      1.06534095	     -0.36046051	      0.05332576	      1.04264852	     -0.39538696	      0.19527525	      0.85085868	     -0.41678155	      0.12972237	      0.82592059	     -0.41663656	      0.05475909	      1.07497034	      0.04891713	      0.08073345	      1.06818982	     -0.02363141	      0.04732122	      1.04285424	     -0.00139154	      0.19068861	      0.85775467	      0.05366019	      0.12914247	      0.83058627	      0.04110392
      0.31000000	      0.21866246	      1.00436679	     -0.30366811	      0.02034835	      0.95765629	     -0.24455718	      0.01079365	      0.94774363	     -0.15464728	      0.19138611	      0.97606856	     -0.04699731	      0.17102622	      0.85466725	     -0.36946109	      0.21821765	      0.46126885	     -0.29827710	      0.19069437	      0.46969534	     -0.16681537	      0.20253968	      0.41820006	     -0.31666503	      0.25148016	      0.40650278	     -0.24120895	      0.17066112	      0.04036440	     -0.26036806	      0.16474536	      0.06222554	     -0.17409520	      0.10132004	      0.01995381	     -0.20425082	      0.28891956	      0.02456604	     -0.15057406	      0.31025355	      0.03478294	     -0.20601406	      0.26783793	      0.01655983	     -0.26878469	      0.12833754	      0.84753503	     -0.00893253	      0.24271000	      0.46681282	     -0.01828955	      0.25573082	      0.46092941	     -0.15594504	      0.20201511	      0.44645762	     -0.01356131	      0.23768145	      0.38480222	     -0.06778102	     -0.06404981	      0.16443238	     -0.05672160	     -0.03586295	      0.16563522	     -0.14176925	     -0.11922238	      0.18335023	     -0.12324099	      0.02085937	      0.06233321	     -0.15368617	      0.03982191	      0.06209739	     -0.09827607	     -0.00957270	      0.06647820	     -0.04015141	      0.07950018	      1.49555597	     -0.18871298	      0.01105397	      1.21263684	     -0.18929364	      0.21796967	      1.22952346	     -0.18183234	      0.19294410	      1.40945329	     -0.18406879	      0.08247852	      1.07358242	     -0.44352503	      0.09381965	      1.06670360	     -0.36167742	      0.06615634	      1.04381759	     -0.39683738	      0.21007438	      0.85344593	     -0.41774090	      0.14476408	      0.82788113	     -0.41808008	      0.06255422	      1.07650295	      0.04838181	      0.08921305	      1.06948511	     -0.02389537	      0.05544634	      1.04435473	     -0.00195810	      0.19727901	      0.85857921	      0.05476667	      0.13571920	      0.83171759	      0.04163072
      0.32000000	      0.22788029	      1.00418125	     -0.30506203	      0.02954160	      0.95889107	     -0.24493699	      0.02023100	      0.94976089	     -0.15491867	      0.20130078	      0.97811682	     -0.04808175	      0.17896853	      0.85492753	     -0.36982702	      0.22046843	      0.46085779	     -0.29881085	      0.19339731	      0.46967142	     -0.16728064	      0.20446203	      0.41783625	     -0.31707931	      0.25357201	      0.40601347	     -0.24175303	      0.17072931	      0.04028052	     -0.25999035	      0.16519773	      0.06233017	     -0.17373998	      0.10150122	      0.02022481	     -0.20359993	      0.28932877	      0.02440977	     -0.15058163	      0.31052190	      0.03437115	     -0.20612206	      0.26782063	      0.01614390	     -0.26869752	      0.13787441	      0.84901834	     -0.00910997	      0.26092039	      0.47098383	     -0.01733306	      0.27468490	      0.46518500	     -0.15491976	      0.22084360	      0.44933161	     -0.01271844	      0.25869399	      0.38872219	     -0.06663595	     -0.03584118	      0.15879317	     -0.05621462	     -0.00736091	      0.16069334	     -0.14115173	     -0.09153987	      0.17487431	     -0.12340366	      0.05399198	      0.05960124	     -0.15097754	      0.07265249	      0.06098183	     -0.09548167	      0.02281424	      0.06434563	     -0.03766879	      0.08965549	      1.49702254	     -0.18881510	      0.02089519	      1.21418130	     -0.18995678	      0.22782045	      1.23082454	     -0.18221876	      0.20299786	      1.41078569	     -0.18418063	      0.09517932	      1.07487601	     -0.44481538	      0.10609052	      1.06790395	     -0.36291723	      0.07888540	      1.04478177	     -0.39829093	      0.22507305	      0.85610436	     -0.41880264	      0.16006009	      0.82980194	     -0.41958242	      0.07042222	      1.07798454	      0.04799440	      0.09763687	      1.07071342	     -0.02405022	      0.06359211	      1.04575158	     -0.00234422	      0.20424341	      0.85955240	      0.05591237	      0.14269215	      0.83289845	      0.04232123
      0.33000000	      0.23661142	      1.00368013	     -0.30660450	      0.03848707	      0.95955488	     -0.24492664	      0.02959191	      0.95166309	     -0.15474937	      0.21121793	      0.98115100	     -0.04917044	      0.18691969	      0.85497922	     -0.36970224	      0.22323839	      0.46034236	     -0.29899727	      0.19653966	      0.46943947	     -0.16741025	      0.20685134	      0.41742345	     -0.31720418	      0.25605048	      0.40529517	     -0.24198473	      0.17051741	      0.04016018	     -0.25977903	      0.16534756	      0.06230672	     -0.17353104	      0.10141637	      0.02029358	     -0.20319072	      0.28948381	      0.02470538	     -0.15063698	      0.31061980	      0.03422904	     -0.20627588	      0.26771493	      0.01582694	     -0.26866061	      0.14775326	      0.85076507	     -0.00875041	      0.27843157	      0.47530415	     -0.01713437	      0.29261805	      0.46995064	     -0.15469626	      0.23907675	      0.45223094	     -0.01258219	      0.27913502	      0.39298022	     -0.06641472	     -0.00710212	      0.15278319	     -0.05638396	      0.02143235	      0.15566147	     -0.14127535	     -0.06330155	      0.16607699	     -0.12437933	      0.08863104	      0.05664026	     -0.14732952	      0.10642734	      0.05769505	     -0.09154339	      0.05571307	      0.06122374	     -0.03450740	      0.09974752	      1.49832719	     -0.18710000	      0.03051793	      1.21560326	     -0.18880244	      0.23756692	      1.23188356	     -0.18426309	      0.21300891	      1.41189096	     -0.18477586	      0.10849704	      1.07598653	     -0.44656465	      0.11837255	      1.06907318	     -0.36453020	      0.09189245	      1.04578234	     -0.40031402	      0.23996617	      0.85838317	     -0.41892722	      0.17519826	      0.83152777	     -0.42066363	      0.07813498	      1.07937532	      0.04696755	      0.10621896	      1.07160567	     -0.02469036	      0.07178299	      1.04681806	     -0.00334403	      0.21108283	      0.86051369	      0.05775412	      0.14964934	      0.83396561	      0.04344205
      0.34000000	      0.24548510	      1.00324507	     -0.30806965	      0.04754490	      0.96034344	     -0.24495403	      0.03909356	      0.95333255	     -0.15466136	      0.22135860	      0.98323070	     -0.05030614	      0.19483912	      0.85503110	     -0.36990798	      0.22549599	      0.45987324	     -0.29943165	      0.19917074	      0.46930297	     -0.16779281	      0.20879001	      0.41701617	     -0.31754467	      0.25810648	      0.40472469	     -0.24242860	      0.17052951	      0.04003958	     -0.25949157	      0.16569296	      0.06233624	     -0.17326293	      0.10152998	      0.02045441	     -0.20268225	      0.28974249	      0.02462126	     -0.15063223	      0.31075137	      0.03395975	     -0.20635060	      0.26764639	      0.01548338	     -0.26857522	      0.15755303	      0.85204722	     -0.00878773	      0.29552651	      0.47919633	     -0.01675942	      0.31027759	      0.47413871	     -0.15427312	      0.25699852	      0.45461176	     -0.01227260	      0.29944708	      0.39684441	     -0.06588516	      0.02261933	      0.14584981	     -0.05613647	      0.05125015	      0.14966581	     -0.14095843	     -0.03391848	      0.15609176	     -0.12487045	      0.12317300	      0.05311550	     -0.14429881	      0.14053777	      0.05586491	     -0.08843453	      0.08934037	      0.05867121	     -0.03179139	      0.10995098	      1.49945636	     -0.18709557	      0.04031704	      1.21683506	     -0.18927928	      0.24738618	      1.23281112	     -0.18458116	      0.22308674	      1.41285417	     -0.18483181	      0.12091195	      1.07699758	     -0.44768891	      0.13032194	      1.06999093	     -0.36560767	      0.10435931	      1.04642256	     -0.40160520	      0.25498417	      0.86101684	     -0.41970491	      0.19058510	      0.83332130	     -0.42190179	      0.08599370	      1.08062317	      0.04665220	      0.11459598	      1.07257183	     -0.02476922	      0.07990521	      1.04794636	     -0.00363709	      0.21809244	      0.86132741	      0.05900801	      0.15668491	      0.83494980	      0.04427550
      0.35000000	      0.25451130	      1.00282295	     -0.30950802	      0.05678726	      0.96084867	     -0.24510446	      0.04873073	      0.95470202	     -0.15471279	      0.23151190	      0.98527576	     -0.05146188	      0.20292886	      0.85502977	     -0.37013964	      0.22784723	      0.45942411	     -0.29991339	      0.20204629	      0.46918892	     -0.16819519	      0.21078515	      0.41663948	     -0.31791509	      0.26029491	      0.40415930	     -0.24295747	      0.17050588	      0.03997518	     -0.25920425	      0.16610766	      0.06241771	     -0.17298998	      0.10168031	      0.02065623	     -0.20210759	      0.29005998	      0.02469068	     -0.15070714	      0.31088600	      0.03383963	     -0.20652551	      0.26754829	      0.01521912	     -0.26854517	      0.16732840	      0.85323638	     -0.00891292	      0.31182264	      0.48285250	     -0.01634331	      0.32734983	      0.47812121	     -0.15378316	      0.27422930	      0.45667288	     -0.01196951	      0.31925346	      0.40059668	     -0.06527558	      0.05299081	      0.13840024	     -0.05610164	      0.08179704	      0.14321855	     -0.14081312	     -0.00362968	      0.14540768	     -0.12567773	      0.15862226	      0.04954161	     -0.14109996	      0.17531090	      0.05393439	     -0.08513475	      0.12347290	      0.05598902	     -0.02904468	      0.12013947	      1.50036139	     -0.18684073	      0.05014702	      1.21783389	     -0.18962055	      0.25723970	      1.23353795	     -0.18504437	      0.23316746	      1.41361161	     -0.18486267	      0.13318952	      1.07796167	     -0.44882585	      0.14202556	      1.07086011	     -0.36668899	      0.11665378	      1.04700007	     -0.40293257	      0.26997279	      0.86374405	     -0.42028873	      0.20598321	      0.83516242	     -0.42303347	      0.09386963	      1.08158825	      0.04639094	      0.12296717	      1.07323133	     -0.02479494	      0.08803340	      1.04876286	     -0.00386443	      0.22516496	      0.86190253	      0.06036098	      0.16379244	      0.83566981	      0.04522927
      0.36000000	      0.26331842	      1.00256996	     -0.31048385	      0.06602878	      0.96076004	     -0.24465692	      0.05842592	      0.95560110	     -0.15416423	      0.24161412	      0.98784244	     -0.05214935	      0.21097428	      0.85515662	     -0.36977115	      0.22976471	      0.45907800	     -0.30030790	      0.20484095	      0.46904516	     -0.16843606	      0.21231994	      0.41637116	     -0.31818770	      0.26223306	      0.40367269	     -0.24353486	      0.17045327	      0.03995185	     -0.25901793	      0.16671217	      0.06246169	     -0.17279019	      0.10192462	      0.02092092	     -0.20160094	      0.29038916	      0.02476590	     -0.15073550	      0.31104579	      0.03363589	     -0.20666173	      0.26752109	      0.01470465	     -0.26845597	      0.17769489	      0.85447300	     -0.00839527	      0.32755348	      0.48623976	     -0.01643944	      0.34342727	      0.48207672	     -0.15385808	      0.29103129	      0.45838425	     -0.01209354	      0.33854884	      0.40430511	     -0.06529863	      0.08412358	      0.13060589	     -0.05616321	      0.11278282	      0.13661700	     -0.14084830	      0.02740148	      0.13451403	     -0.12641530	      0.19473438	      0.04602762	     -0.13801449	      0.21067465	      0.05121863	     -0.08189966	      0.15815314	      0.05267470	     -0.02643016	      0.13042252	      1.50095857	     -0.18648019	      0.05988843	      1.21856657	     -0.18933570	      0.26703296	      1.23387857	     -0.18592626	      0.24329805	      1.41399600	     -0.18530053	      0.14561388	      1.07820081	     -0.44998393	      0.15391209	      1.07107691	     -0.36779293	      0.12914311	      1.04690920	     -0.40425833	      0.28515580	      0.86585847	     -0.42073262	      0.22159778	      0.83638226	     -0.42399477	      0.10180144	      1.08269594	      0.04604296	      0.13113560	      1.07396814	     -0.02500115	      0.09603370	      1.04965055	     -0.00414150	      0.23239989	      0.86267694	      0.06137096	      0.17102803	      0.83654562	      0.04606218
      0.37000000	      0.27276568	      1.00214258	     -0.31142650	      0.07540693	      0.96147611	     -0.24509237	      0.06797491	      0.95652682	     -0.15457379	      0.25154908	      0.98801359	     -0.05301807	      0.21901052	      0.85502588	     -0.37039636	      0.23207825	      0.45872283	     -0.30090092	      0.20772163	      0.46908687	     -0.16895372	      0.21427084	      0.41608677	     -0.31863956	      0.26439355	      0.40322942	     -0.24415454	      0.17037812	      0.04003706	     -0.25859442	      0.16710333	      0.06273080	     -0.17239591	      0.10200828	      0.02139462	     -0.20086523	      0.29068047	      0.02473348	     -0.15074434	      0.31114826	      0.03337840	     -0.20677515	      0.26731888	      0.01442322	     -0.26834631	      0.18699159	      0.85451991	     -0.00905877	      0.34282244	      0.48875652	     -0.01626329	      0.35949733	      0.48484868	     -0.15359452	      0.30745458	      0.45925981	     -0.01199257	      0.35759494	      0.40719012	     -0.06479355	      0.11567067	      0.12237634	     -0.05581093	      0.14441945	      0.12938353	     -0.14038904	      0.05918257	      0.12271193	     -0.12663607	      0.23128124	      0.04327305	     -0.13541122	      0.24645053	      0.05002321	     -0.07924859	      0.19343362	      0.04965253	     -0.02423436	      0.14039918	      1.50151670	     -0.18655226	      0.06974345	      1.21915885	     -0.18975669	      0.27689343	      1.23437689	     -0.18625892	      0.25323653	      1.41450378	     -0.18543410	      0.15756336	      1.07871143	     -0.45086999	      0.16543155	      1.07153347	     -0.36864141	      0.14124744	      1.04700542	     -0.40528386	      0.30024444	      0.86851237	     -0.42112412	      0.23718859	      0.83802317	     -0.42479542	      0.10992994	      1.08349118	      0.04624032	      0.13944452	      1.07446580	     -0.02469180	      0.10420126	      1.05030750	     -0.00387569	      0.23980279	      0.86311421	      0.06258971	      0.17840155	      0.83712259	      0.04716138
      0.38000000	      0.28118325	      1.00138193	     -0.31276444	      0.08462058	      0.96046878	     -0.24425395	      0.07791649	      0.95692826	     -0.15361254	      0.26204470	      0.99127462	     -0.05400539	      0.22732476	      0.85473621	     -0.36973015	      0.23439067	      0.45813302	     -0.30108264	      0.21078649	      0.46861122	     -0.16900776	      0.21618505	      0.41561281	     -0.31874619	      0.26661423	      0.40242365	     -0.24452651	      0.17027096	      0.03982612	     -0.25856614	      0.16758621	      0.06251566	     -0.17234613	      0.10221236	      0.02126259	     -0.20055643	      0.29092275	      0.02501543	     -0.15091612	      0.31119511	      0.03349842	     -0.20704265	      0.26726736	      0.01409732	     -0.26840444	      0.19774620	      0.85585269	     -0.00828803	      0.35692219	      0.49156018	     -0.01677280	      0.37397788	      0.48843808	     -0.15407738	      0.32290501	      0.46027065	     -0.01255960	      0.37566189	      0.41074945	     -0.06526267	      0.14824616	      0.11421545	     -0.05651039	      0.17673638	      0.12261744	     -0.14104893	      0.09212265	      0.11123307	     -0.12828192	      0.26850795	      0.03980963	     -0.13182543	      0.28258310	      0.04788787	     -0.07555337	      0.22866610	      0.04737169	     -0.02142219	      0.15071965	      1.50161217	     -0.18615395	      0.07944585	      1.21941222	     -0.18957249	      0.28664039	      1.23418093	     -0.18688095	      0.26337359	      1.41435626	     -0.18564313	      0.16974874	      1.07865022	     -0.45212516	      0.17666189	      1.07141385	     -0.36981590	      0.15333089	      1.04652941	     -0.40679086	      0.31547238	      0.87074296	     -0.42093254	      0.25298501	      0.83921156	     -0.42542810	      0.11798840	      1.08396029	      0.04615095	      0.14779078	      1.07456198	     -0.02461220	      0.11238729	      1.05053862	     -0.00388044	      0.24731102	      0.86337102	      0.06402116	      0.18594080	      0.83742813	      0.04838878
      0.39000000	      0.29065274	      1.00101958	     -0.31328082	      0.09442503	      0.95949527	     -0.24418038	      0.08782882	      0.95679188	     -0.15350224	      0.27182217	      0.99330206	     -0.05441689	      0.23588597	      0.85464055	     -0.36928934	      0.23648343	      0.45782236	     -0.30152904	      0.21419709	      0.46842372	     -0.16923523	      0.21779336	      0.41542206	     -0.31903365	      0.26883809	      0.40189901	     -0.24529641	      0.17007068	      0.03992186	     -0.25847360	      0.16834582	      0.06261087	     -0.17222891	      0.10247497	      0.02168384	     -0.20008264	      0.29108533	      0.02527654	     -0.15086255	      0.31113002	      0.03352363	     -0.20710589	      0.26711244	      0.01350335	     -0.26820385	      0.20817659	      0.85646038	     -0.00785783	      0.37057526	      0.49361697	     -0.01731033	      0.38799508	      0.49116222	     -0.15458274	      0.33799648	      0.46060528	     -0.01312516	      0.39324982	      0.41370967	     -0.06567154	      0.18092027	      0.10619496	     -0.05685128	      0.20909633	      0.11589381	     -0.14135626	      0.12529559	      0.09967572	     -0.12919082	      0.30679521	      0.03857240	     -0.12861891	      0.31970956	      0.04590572	     -0.07196774	      0.26475941	      0.04413636	     -0.01891263	      0.16103718	      1.50138921	     -0.18541487	      0.08929497	      1.21931063	     -0.18904636	      0.29652769	      1.23375175	     -0.18805200	      0.27355454	      1.41395844	     -0.18610078	      0.18177473	      1.07844904	     -0.45317027	      0.18801541	      1.07118241	     -0.37080995	      0.16539443	      1.04598648	     -0.40802558	      0.33030239	      0.87269342	     -0.42089443	      0.26834340	      0.84022565	     -0.42599711	      0.12615813	      1.08423364	      0.04605415	      0.15603446	      1.07441296	     -0.02462041	      0.12052023	      1.05053287	     -0.00386834	      0.25492891	      0.86341979	      0.06519507	      0.19354598	      0.83752256	      0.04953689
      0.40000000	      0.29966784	      0.99997343	     -0.31396028	      0.10365048	      0.95939079	     -0.24371286	      0.09749306	      0.95710730	     -0.15299233	      0.28208989	      0.99345464	     -0.05497532	      0.24406890	      0.85402890	     -0.36926621	      0.23920313	      0.45720287	     -0.30172425	      0.21722623	      0.46803982	     -0.16939776	      0.22017256	      0.41491456	     -0.31917106	      0.27126116	      0.40110792	     -0.24551681	      0.17010385	      0.03977597	     -0.25826507	      0.16868366	      0.06253444	     -0.17203314	      0.10260219	      0.02174111	     -0.19969172	      0.29131666	      0.02518231	     -0.15093273	      0.31122334	      0.03334249	     -0.20723773	      0.26704249	      0.01325889	     -0.26819690	      0.21778913	      0.85603889	     -0.00791045	      0.38377452	      0.49483444	     -0.01782097	      0.40174341	      0.49296623	     -0.15503182	      0.35276917	      0.46012281	     -0.01367620	      0.41054224	      0.41602421	     -0.06593362	      0.21435938	      0.09796812	     -0.05701553	      0.24227077	      0.10891500	     -0.14145586	      0.15959047	      0.08765774	     -0.12994556	      0.34453776	      0.03729994	     -0.12602180	      0.35636198	      0.04614339	     -0.06934822	      0.30090897	      0.04245125	     -0.01691898	      0.17138856	      1.50132479	     -0.18539254	      0.09924156	      1.21934957	     -0.18903071	      0.30649494	      1.23349362	     -0.18807173	      0.28378039	      1.41373292	     -0.18610417	      0.19361567	      1.07814480	     -0.45419439	      0.19897082	      1.07079154	     -0.37177945	      0.17719322	      1.04522790	     -0.40927814	      0.34525134	      0.87487231	     -0.42051061	      0.28393282	      0.84133027	     -0.42634845	      0.13458666	      1.08466322	      0.04635645	      0.16453083	      1.07456939	     -0.02425088	      0.12889915	      1.05085151	     -0.00350410	      0.26257021	      0.86345378	      0.06621599	      0.20112759	      0.83772428	      0.05051544
      0.41000000	      0.30867134	      0.99945523	     -0.31471516	      0.11347901	      0.95743238	     -0.24303189	      0.10774585	      0.95632017	     -0.15226165	      0.29230456	      0.99628015	     -0.05558829	      0.25321215	      0.85373183	     -0.36845827	      0.24194313	      0.45688612	     -0.30180256	      0.22094923	      0.46777972	     -0.16932121	      0.22242843	      0.41476215	     -0.31915992	      0.27390778	      0.40049945	     -0.24586552	      0.16988149	      0.03996909	     -0.25821435	      0.16922230	      0.06266454	     -0.17195664	      0.10272893	      0.02215327	     -0.19934535	      0.29147867	      0.02556157	     -0.15105501	      0.31120962	      0.03345619	     -0.20745964	      0.26688757	      0.01297584	     -0.26818385	      0.22881546	      0.85687427	     -0.00717294	      0.39565627	      0.49611127	     -0.01867158	      0.41398226	      0.49505130	     -0.15584383	      0.36641816	      0.45964078	     -0.01456120	      0.42666556	      0.41875545	     -0.06663703	      0.24849190	      0.09027459	     -0.05761465	      0.27592281	      0.10263918	     -0.14201673	      0.19469243	      0.07672654	     -0.13119519	      0.38277022	      0.03608061	     -0.12302984	      0.39338798	      0.04497886	     -0.06612643	      0.33704659	      0.04018858	     -0.01474361	      0.18167057	      1.50057750	     -0.18491602	      0.10899705	      1.21873912	     -0.18867632	      0.31627774	      1.23250990	     -0.18880368	      0.29389893	      1.41278575	     -0.18638879	      0.20545195	      1.07733033	     -0.45504560	      0.21025503	      1.06991846	     -0.37260188	      0.18915560	      1.04404131	     -0.41029089	      0.35997608	      0.87638704	     -0.42044645	      0.29924314	      0.84188343	     -0.42678053	      0.14284897	      1.08442445	      0.04652252	      0.17275337	      1.07397570	     -0.02405002	      0.13707681	      1.05035972	     -0.00322654	      0.27055110	      0.86313323	      0.06732562	      0.20909290	      0.83739335	      0.05170326
      0.42000000	      0.31751926	      0.99820958	     -0.31541140	      0.12283150	      0.95653026	     -0.24217231	      0.11768422	      0.95606262	     -0.15136135	      0.30282504	      0.99687458	     -0.05616830	      0.26181243	      0.85288750	     -0.36810472	      0.24537091	      0.45617166	     -0.30175180	      0.22463662	      0.46723516	     -0.16924364	      0.22546054	      0.41421507	     -0.31908929	      0.27691071	      0.39951682	     -0.24586048	      0.16984253	      0.03987405	     -0.25809082	      0.16948304	      0.06257023	     -0.17183153	      0.10278999	      0.02215830	     -0.19907168	      0.29159822	      0.02573459	     -0.15116211	      0.31118984	      0.03359560	     -0.20761998	      0.26677310	      0.01295477	     -0.26822055	      0.23883930	      0.85648618	     -0.00695020	      0.40731059	      0.49651459	     -0.01943617	      0.42616023	      0.49615428	     -0.15654107	      0.37992847	      0.45840046	     -0.01536207	      0.44253764	      0.42079933	     -0.06712594	      0.28282587	      0.08296233	     -0.05789311	      0.30983204	      0.09663351	     -0.14223062	      0.23030163	      0.06597557	     -0.13199102	      0.42059556	      0.03605521	     -0.12065962	      0.43004208	      0.04576677	     -0.06368276	      0.37324222	      0.03896422	     -0.01303698	      0.19208620	      1.50003088	     -0.18472202	      0.11895268	      1.21831046	     -0.18840285	      0.32625474	      1.23174761	     -0.18888546	      0.30417038	      1.41205885	     -0.18640264	      0.21724579	      1.07655471	     -0.45608420	      0.22098437	      1.06904952	     -0.37359379	      0.20081800	      1.04283733	     -0.41159006	      0.37458901	      0.87812561	     -0.41961585	      0.31454285	      0.84260180	     -0.42680106	      0.15157590	      1.08440233	      0.04690733	      0.18143332	      1.07369777	     -0.02364676	      0.14565882	      1.05025584	     -0.00278565	      0.27839381	      0.86264173	      0.06813064	      0.21683784	      0.83711256	      0.05254750
      0.43000000	      0.32664212	      0.99712646	     -0.31576473	      0.13258023	      0.95470834	     -0.24129903	      0.12781035	      0.95510902	     -0.15046714	      0.31302529	      0.99827030	     -0.05646190	      0.27080443	      0.85215090	     -0.36728883	      0.24875374	      0.45558214	     -0.30168791	      0.22881813	      0.46666731	     -0.16905906	      0.22835246	      0.41382812	     -0.31897359	      0.28005465	      0.39858096	     -0.24603510	      0.16971414	      0.03992388	     -0.25812508	      0.17001231	      0.06251621	     -0.17183829	      0.10291128	      0.02245543	     -0.19894972	      0.29159120	      0.02590403	     -0.15106222	      0.31110935	      0.03354813	     -0.20757528	      0.26670698	      0.01246629	     -0.26803440	      0.24945414	      0.85635350	     -0.00627599	      0.41814912	      0.49655663	     -0.02063682	      0.43721108	      0.49702066	     -0.15771204	      0.39274345	      0.45686587	     -0.01656395	      0.45746238	      0.42277393	     -0.06816291	      0.31709417	      0.07646307	     -0.05854588	      0.34342071	      0.09149053	     -0.14286752	      0.26591582	      0.05614361	     -0.13304660	      0.45871738	      0.03787554	     -0.11817089	      0.46709288	      0.04641714	     -0.06084023	      0.40957614	      0.03767598	     -0.01131336	      0.20238313	      1.49900050	     -0.18408872	      0.12881349	      1.21739031	     -0.18750370	      0.33612084	      1.23053336	     -0.18992488	      0.31431994	      1.41087183	     -0.18696122	      0.22905424	      1.07533509	     -0.45686733	      0.23218916	      1.06780639	     -0.37435393	      0.21276191	      1.04128027	     -0.41253034	      0.38925632	      0.87942797	     -0.41918482	      0.32985937	      0.84293457	     -0.42688824	      0.16037260	      1.08418722	      0.04718673	      0.19002750	      1.07308297	     -0.02339100	      0.15420469	      1.04981383	     -0.00238493	      0.28650847	      0.86209700	      0.06906333	      0.22485405	      0.83668523	      0.05367880
      0.44000000	      0.33554701	      0.99593751	     -0.31635846	      0.14223669	      0.95302213	     -0.24024114	      0.13807728	      0.95412350	     -0.14938504	      0.32367289	      0.99908165	     -0.05698651	      0.27992042	      0.85121870	     -0.36674597	      0.25260308	      0.45492030	     -0.30149392	      0.23300431	      0.46614433	     -0.16882655	      0.23176255	      0.41336754	     -0.31876100	      0.28344655	      0.39760882	     -0.24591840	      0.16971940	      0.04000884	     -0.25793903	      0.17038065	      0.06256617	     -0.17164511	      0.10299340	      0.02278433	     -0.19858688	      0.29183180	      0.02579515	     -0.15124059	      0.31121720	      0.03333124	     -0.20781383	      0.26658332	      0.01233505	     -0.26813212	      0.26008074	      0.85594076	     -0.00589633	      0.42840147	      0.49603516	     -0.02183729	      0.44773439	      0.49720591	     -0.15887035	      0.40511202	      0.45484171	     -0.01773237	      0.47183093	      0.42442614	     -0.06908149	      0.35184903	      0.07055642	     -0.05871349	      0.37745878	      0.08684402	     -0.14302188	      0.30218223	      0.04708476	     -0.13351002	      0.49577570	      0.03952619	     -0.11655644	      0.50319358	      0.04874322	     -0.05919849	      0.44565856	      0.03763469	     -0.01016975	      0.21285428	      1.49791980	     -0.18380259	      0.13881275	      1.21643194	     -0.18710265	      0.34613630	      1.22923273	     -0.18993517	      0.32463937	      1.40960663	     -0.18690787	      0.24063008	      1.07402647	     -0.45737374	      0.24323636	      1.06642314	     -0.37484878	      0.22450155	      1.03957768	     -0.41317563	      0.40370326	      0.88068434	     -0.41868730	      0.34497608	      0.84321435	     -0.42682536	      0.16911753	      1.08370631	      0.04761432	      0.19870098	      1.07235027	     -0.02295333	      0.16281831	      1.04921215	     -0.00188826	      0.29466990	      0.86133078	      0.06996228	      0.23294899	      0.83603744	      0.05464933
      0.45000000	      0.34477508	      0.99433695	     -0.31655475	      0.15194730	      0.95157271	     -0.23913951	      0.14827625	      0.95320995	     -0.14827045	      0.33429513	      0.99901088	     -0.05714578	      0.28910757	      0.84997041	     -0.36608611	      0.25706270	      0.45397696	     -0.30113375	      0.23757278	      0.46533516	     -0.16846176	      0.23577342	      0.41266102	     -0.31842731	      0.28727789	      0.39630588	     -0.24558902	      0.16971390	      0.03995621	     -0.25782499	      0.17060919	      0.06245575	     -0.17151809	      0.10301144	      0.02284556	     -0.19837650	      0.29192909	      0.02587594	     -0.15136811	      0.31121040	      0.03339432	     -0.20797926	      0.26647123	      0.01236676	     -0.26820854	      0.27029451	      0.85491927	     -0.00544552	      0.43821318	      0.49490223	     -0.02302590	      0.45786987	      0.49682338	     -0.16000442	      0.41710987	      0.45233741	     -0.01890558	      0.48563842	      0.42570327	     -0.06997134	      0.38634056	      0.06550163	     -0.05894202	      0.41122394	      0.08301987	     -0.14322120	      0.33840496	      0.03895816	     -0.13396007	      0.53216342	      0.04252123	     -0.11541276	      0.53866994	      0.05223290	     -0.05802581	      0.48138417	      0.03838419	     -0.00940433	      0.22316825	      1.49680801	     -0.18362931	      0.14887377	      1.21538348	     -0.18663210	      0.35620303	      1.22800038	     -0.18984596	      0.33486998	      1.40839483	     -0.18688481	      0.25230481	      1.07260182	     -0.45817840	      0.25400779	      1.06489936	     -0.37563906	      0.23615282	      1.03774774	     -0.41419809	      0.41805765	      0.88189916	     -0.41774438	      0.36006775	      0.84345242	     -0.42658348	      0.17820380	      1.08324546	      0.04798061	      0.20783173	      1.07164943	     -0.02252933	      0.17182500	      1.04869129	     -0.00147589	      0.30281125	      0.86039317	      0.07086478	      0.24100873	      0.83532626	      0.05550873
      0.46000000	      0.35388347	      0.99292412	     -0.31676707	      0.16182971	      0.94947955	     -0.23782165	      0.15871626	      0.95177336	     -0.14694597	      0.34499532	      0.99947239	     -0.05733922	      0.29852122	      0.84880540	     -0.36526013	      0.26163021	      0.45316271	     -0.30074337	      0.24250798	      0.46459701	     -0.16802442	      0.23984371	      0.41210618	     -0.31804212	      0.29129366	      0.39509936	     -0.24531463	      0.16973365	      0.04009842	     -0.25770818	      0.17103610	      0.06249488	     -0.17137966	      0.10308163	      0.02329798	     -0.19820162	      0.29201700	      0.02586926	     -0.15123467	      0.31131441	      0.03310623	     -0.20787700	      0.26649403	      0.01200160	     -0.26801889	      0.28114197	      0.85415003	     -0.00481105	      0.44741149	      0.49347738	     -0.02450132	      0.46712451	      0.49613133	     -0.16145951	      0.42859577	      0.44965047	     -0.02031201	      0.49864714	      0.42693470	     -0.07120456	      0.42067812	      0.06155410	     -0.05917210	      0.44461375	      0.08024671	     -0.14347348	      0.37438593	      0.03226388	     -0.13426901	      0.56780222	      0.04619743	     -0.11480240	      0.57362056	      0.05615875	     -0.05738435	      0.51682366	      0.03968262	     -0.00900931	      0.23364047	      1.49533506	     -0.18314867	      0.15896057	      1.21400886	     -0.18578191	      0.36628697	      1.22635264	     -0.19006326	      0.34520729	      1.40677490	     -0.18698376	      0.26386895	      1.07083036	     -0.45849478	      0.26516069	      1.06308219	     -0.37595226	      0.24791922	      1.03566182	     -0.41461891	      0.43213017	      0.88252581	     -0.41715131	      0.37476776	      0.84322666	     -0.42632960	      0.18720599	      1.08261945	      0.04819499	      0.21674500	      1.07076196	     -0.02230878	      0.18067654	      1.04793566	     -0.00119479	      0.31120350	      0.85947370	      0.07154827	      0.24933306	      0.83452850	      0.05626770
      0.47000000	      0.36302418	      0.99108770	     -0.31694275	      0.17157314	      0.94779480	     -0.23646493	      0.16908337	      0.95052518	     -0.14558209	      0.35591649	      0.99888229	     -0.05749446	      0.30759972	      0.84728296	     -0.36461505	      0.26671872	      0.45200284	     -0.30028102	      0.24787831	      0.46355505	     -0.16753198	      0.24441098	      0.41123723	     -0.31759243	      0.29571873	      0.39352063	     -0.24493396	      0.16970553	      0.04008268	     -0.25751935	      0.17137772	      0.06238243	     -0.17117216	      0.10313228	      0.02344779	     -0.19786294	      0.29216008	      0.02590054	     -0.15135686	      0.31131016	      0.03311343	     -0.20805224	      0.26633720	      0.01197504	     -0.26806824	      0.29192191	      0.85282735	     -0.00429308	      0.45665965	      0.49157624	     -0.02613636	      0.47606116	      0.49481847	     -0.16312636	      0.44014813	      0.44665857	     -0.02179292	      0.51133679	      0.42778812	     -0.07267842	      0.45440673	      0.05859588	     -0.05915105	      0.47715550	      0.07829756	     -0.14355121	      0.40963467	      0.02667320	     -0.13408347	      0.60217468	      0.05080695	     -0.11488651	      0.60759210	      0.06103954	     -0.05747694	      0.55175123	      0.04179630	     -0.00901056	      0.24396889	      1.49391692	     -0.18280442	      0.16910069	      1.21263670	     -0.18495920	      0.37641557	      1.22484606	     -0.19009793	      0.35546295	      1.40528352	     -0.18704256	      0.27541128	      1.06905496	     -0.45891871	      0.27601947	      1.06125642	     -0.37637306	      0.25954130	      1.03355471	     -0.41519423	      0.44613148	      0.88330804	     -0.41607128	      0.38947317	      0.84312109	     -0.42576431	      0.19670614	      1.08195469	      0.04863669	      0.22620418	      1.06985374	     -0.02184286	      0.19000726	      1.04724705	     -0.00071285	      0.31949828	      0.85817607	      0.07230081	      0.25749976	      0.83354458	      0.05703047
      0.48000000	      0.37221376	      0.98931212	     -0.31704118	      0.18150093	      0.94571186	     -0.23499188	      0.17964243	      0.94889590	     -0.14410870	      0.36690821	      0.99840178	     -0.05759192	      0.31692122	      0.84575475	     -0.36387295	      0.27195728	      0.45087361	     -0.29981342	      0.25349293	      0.46250464	     -0.16701843	      0.24910689	      0.41041834	     -0.31713410	      0.30030596	      0.39195416	     -0.24458519	      0.16973431	      0.04018228	     -0.25737933	      0.17184018	      0.06235290	     -0.17100838	      0.10321518	      0.02386436	     -0.19765876	      0.29223331	      0.02584860	     -0.15121054	      0.31137220	      0.03284453	     -0.20793688	      0.26632607	      0.01161618	     -0.26786619	      0.30313666	      0.85154371	     -0.00364495	      0.46553885	      0.48938770	     -0.02786420	      0.48439243	      0.49315396	     -0.16491729	      0.45136482	      0.44352142	     -0.02333301	      0.52338416	      0.42850160	     -0.07433175	      0.48749142	      0.05673716	     -0.05917132	      0.50888239	      0.07734451	     -0.14371015	      0.44410238	      0.02245384	     -0.13381026	      0.63533850	      0.05594981	     -0.11564673	      0.64055079	      0.06650053	     -0.05827576	      0.58596437	      0.04462233	     -0.00949910	      0.25439675	      1.49222248	     -0.18221677	      0.17930779	      1.21099795	     -0.18390973	      0.38660170	      1.22305077	     -0.19014680	      0.36580052	      1.40350458	     -0.18702319	      0.28696094	      1.06706364	     -0.45905734	      0.28713980	      1.05921838	     -0.37651407	      0.27126465	      1.03128330	     -0.41543542	      0.45990160	      0.88361213	     -0.41521153	      0.40385896	      0.84265266	     -0.42524417	      0.20608121	      1.08111531	      0.04895806	      0.23551777	      1.06877777	     -0.02150617	      0.19923292	      1.04633032	     -0.00034327	      0.32804313	      0.85692224	      0.07300019	      0.26595857	      0.83248615	      0.05776552
      0.49000000	      0.38164869	      0.98752404	     -0.31664890	      0.19114994	      0.94436409	     -0.23387270	      0.18967590	      0.94742667	     -0.14297830	      0.37744066	      0.99626697	     -0.05716760	      0.32580925	      0.84407699	     -0.36340728	      0.27786731	      0.44956351	     -0.29924210	      0.25969340	      0.46134932	     -0.16642069	      0.25444553	      0.40945434	     -0.31657111	      0.30543695	      0.39018873	     -0.24408437	      0.16976681	      0.04035792	     -0.25705036	      0.17227188	      0.06242300	     -0.17066305	      0.10328207	      0.02436493	     -0.19716828	      0.29239461	      0.02566758	     -0.15124634	      0.31137285	      0.03268059	     -0.20802451	      0.26610383	      0.01159238	     -0.26783524	      0.31409492	      0.84947660	     -0.00307672	      0.47496235	      0.48680303	     -0.02967696	      0.49239207	      0.49076574	     -0.16691286	      0.46308113	      0.44017922	     -0.02480107	      0.53535380	      0.42873166	     -0.07636528	      0.51954082	      0.05567555	     -0.05887188	      0.53906068	      0.07689951	     -0.14371037	      0.47713451	      0.01897661	     -0.13278981	      0.66671118	      0.06196014	     -0.11744489	      0.67223794	      0.07278231	     -0.06015398	      0.61953701	      0.04823042	     -0.01058271	      0.26481195	      1.49066428	     -0.18188531	      0.18949644	      1.20949749	     -0.18300708	      0.39678010	      1.22137836	     -0.18988191	      0.37613075	      1.40185230	     -0.18691751	      0.29856741	      1.06501625	     -0.45908687	      0.29830322	      1.05714956	     -0.37654586	      0.28301814	      1.02898080	     -0.41555273	      0.47356594	      0.88379033	     -0.41414097	      0.41812522	      0.84209823	     -0.42449498	      0.21578815	      1.08029831	      0.04929585	      0.24527681	      1.06777021	     -0.02111295	      0.20884045	      1.04553307	      0.00000578	      0.33650784	      0.85546750	      0.07364590	      0.27431539	      0.83136047	      0.05832731
      0.50000000	      0.39087111	      0.98543582	     -0.31695945	      0.20133265	      0.94183919	     -0.23223069	      0.20065018	      0.94544742	     -0.14134693	      0.38892283	      0.99573645	     -0.05750851	      0.33522839	      0.84227474	     -0.36268989	      0.28356620	      0.44818753	     -0.29879326	      0.26601478	      0.45999874	     -0.16589041	      0.25952803	      0.40844832	     -0.31610857	      0.31048169	      0.38832079	     -0.24382977	      0.16973490	      0.04050664	     -0.25693518	      0.17285103	      0.06238011	     -0.17051902	      0.10340514	      0.02482394	     -0.19697946	      0.29243001	      0.02588320	     -0.15097727	      0.31140693	      0.03258804	     -0.20779310	      0.26613693	      0.01117468	     -0.26748744	      0.32610690	      0.84819997	     -0.00237804	      0.48358699	      0.48423351	     -0.03147199	      0.49999243	      0.48852631	     -0.16882418	      0.47398086	      0.43696832	     -0.02637198	      0.54646088	      0.42914509	     -0.07832096	      0.55054440	      0.05585348	     -0.05925190	      0.56842352	      0.07771825	     -0.14428906	      0.50918090	      0.01726820	     -0.13270932	      0.69687361	      0.06766803	     -0.11939828	      0.70238236	      0.07912106	     -0.06222840	      0.65129937	      0.05249470	     -0.01203817	      0.27528871	      1.48863247	     -0.18106816	      0.19987935	      1.20748948	     -0.18177686	      0.40711766	      1.21930763	     -0.18999567	      0.38654459	      1.39978718	     -0.18684801	      0.31006290	      1.06284652	     -0.45902773	      0.30931057	      1.05494501	     -0.37649306	      0.29462162	      1.02658125	     -0.41559946	      0.48690293	      0.88371292	     -0.41290398	      0.43204235	      0.84135131	     -0.42362406	      0.22561770	      1.07903074	      0.04973545	      0.25500825	      1.06627919	     -0.02067426	      0.21846979	      1.04423697	      0.00047984	      0.34524877	      0.85363923	      0.07427919	      0.28293593	      0.82981479	      0.05900777
      0.51000000	      0.40064133	      0.98344272	     -0.31627964	      0.21115130	      0.94055715	     -0.23108098	      0.21080567	      0.94376557	     -0.14018031	      0.39965462	      0.99260197	     -0.05678046	      0.34399859	      0.84037297	     -0.36227017	      0.28960086	      0.44667944	     -0.29821715	      0.27253470	      0.45861859	     -0.16526255	      0.26496180	      0.40731732	     -0.31551074	      0.31577438	      0.38635556	     -0.24336989	      0.16979942	      0.04070348	     -0.25648705	      0.17344219	      0.06244078	     -0.17005713	      0.10356616	      0.02542316	     -0.19627487	      0.29275288	      0.02542518	     -0.15110497	      0.31148638	      0.03217674	     -0.20799600	      0.26586096	      0.01104307	     -0.26751918	      0.33760860	      0.84566944	     -0.00168031	      0.49353615	      0.48122298	     -0.03303939	      0.50773446	      0.48537112	     -0.17064168	      0.48604108	      0.43351609	     -0.02754037	      0.55805014	      0.42875748	     -0.08050548	      0.57994835	      0.05620274	     -0.05928377	      0.59554896	      0.07831861	     -0.14470367	      0.53912965	      0.01545603	     -0.13168629	      0.72460297	      0.07427534	     -0.12269110	      0.73090437	      0.08599089	     -0.06565646	      0.68226237	      0.05708402	     -0.01431599	      0.28565698	      1.48689205	     -0.18070049	      0.21023568	      1.20575139	     -0.18060787	      0.41743205	      1.21754832	     -0.18985087	      0.39688053	      1.39803336	     -0.18688278	      0.32128888	      1.06055088	     -0.45859826	      0.32060048	      1.05269966	     -0.37605823	      0.30626759	      1.02408517	     -0.41512959	      0.50037818	      0.88371555	     -0.41227069	      0.44606872	      0.84063570	     -0.42293457	      0.23566874	      1.07822199	      0.05024884	      0.26487936	      1.06530225	     -0.02020508	      0.22825645	      1.04346779	      0.00101356	      0.35409885	      0.85217990	      0.07463005	      0.29162950	      0.82869938	      0.05946576
      0.52000000	      0.41038423	      0.98137024	     -0.31592161	      0.22113277	      0.93899367	     -0.22994157	      0.22122922	      0.94195845	     -0.13903203	      0.41065958	      0.98983394	     -0.05639709	      0.35301976	      0.83838658	     -0.36192566	      0.29604910	      0.44509362	     -0.29764906	      0.27945706	      0.45717123	     -0.16464696	      0.27078320	      0.40614295	     -0.31492322	      0.32140478	      0.38429586	     -0.24291087	      0.16987381	      0.04104418	     -0.25605421	      0.17404716	      0.06263319	     -0.16961111	      0.10372215	      0.02620148	     -0.19563070	      0.29300910	      0.02515939	     -0.15110536	      0.31155207	      0.03189891	     -0.20806021	      0.26563139	      0.01097643	     -0.26743074	      0.34966358	      0.84348183	     -0.00102829	      0.50348238	      0.47832273	     -0.03444421	      0.51521951	      0.48214120	     -0.17228778	      0.49797478	      0.43030087	     -0.02854640	      0.56924100	      0.42831023	     -0.08267971	      0.60767793	      0.05721134	     -0.05954654	      0.62089296	      0.07939830	     -0.14534952	      0.56715862	      0.01452067	     -0.13080651	      0.75030800	      0.08062154	     -0.12647629	      0.75754568	      0.09267393	     -0.06962324	      0.71140023	      0.06191129	     -0.01707087	      0.29627456	      1.48502066	     -0.18030774	      0.22075645	      1.20390693	     -0.17957284	      0.42791663	      1.21561995	     -0.18969216	      0.40744047	      1.39611557	     -0.18684927	      0.33260660	      1.05821989	     -0.45806535	      0.33179870	      1.05044798	     -0.37551890	      0.31784209	      1.02161262	     -0.41457704	      0.51342618	      0.88331724	     -0.41111652	      0.45959903	      0.83964720	     -0.42182522	      0.24600568	      1.07708506	      0.05078051	      0.27510033	      1.06400076	     -0.01969102	      0.23835736	      1.04240476	      0.00155218	      0.36301047	      0.85028956	      0.07503758	      0.30037876	      0.82721797	      0.05991539
      0.53000000	      0.41961292	      0.97920273	     -0.31616829	      0.23157372	      0.93578676	     -0.22807307	      0.23252445	      0.93935806	     -0.13719025	      0.42232703	      0.98939793	     -0.05672007	      0.36194418	      0.83662797	     -0.36104755	      0.30215279	      0.44365510	     -0.29737805	      0.28743118	      0.45541188	     -0.16412726	      0.27602943	      0.40522527	     -0.31449979	      0.32715228	      0.38216743	     -0.24322281	      0.16947487	      0.04168014	     -0.25596403	      0.17510131	      0.06279699	     -0.16948667	      0.10397274	      0.02713403	     -0.19528101	      0.29305902	      0.02625078	     -0.15069251	      0.31150701	      0.03235895	     -0.20774932	      0.26562540	      0.01046138	     -0.26679755	      0.36352134	      0.84264595	      0.00014303	      0.51307926	      0.47594525	     -0.03564865	      0.52200115	      0.47937772	     -0.17371316	      0.50950013	      0.42769580	     -0.02939474	      0.57973621	      0.42834295	     -0.08489002	      0.63413019	      0.05932905	     -0.06045709	      0.64475623	      0.08150502	     -0.14662184	      0.59327177	      0.01534703	     -0.13076456	      0.77471119	      0.08455674	     -0.13050773	      0.78211787	      0.09825774	     -0.07405122	      0.73781384	      0.06700867	     -0.02021682	      0.30657315	      1.48251784	     -0.17923995	      0.23111944	      1.20138835	     -0.17805521	      0.43818828	      1.21314943	     -0.18984969	      0.41769996	      1.39363921	     -0.18673571	      0.34446599	      1.05567350	     -0.45783167	      0.34292154	      1.04787191	     -0.37529851	      0.32956398	      1.01895189	     -0.41449994	      0.52613422	      0.88212146	     -0.40918002	      0.47274210	      0.83805446	     -0.42042681	      0.25624999	      1.07527073	      0.05116571	      0.28535845	      1.06196339	     -0.01925834	      0.24847174	      1.04058459	      0.00195764	      0.37199305	      0.84786632	      0.07577434	      0.30925678	      0.82511940	      0.06059382
      0.54000000	      0.42964820	      0.97711942	     -0.31564270	      0.24173500	      0.93415968	     -0.22705632	      0.24300353	      0.93743559	     -0.13616626	      0.43326953	      0.98647135	     -0.05617378	      0.37116774	      0.83462939	     -0.36065740	      0.30885582	      0.44207749	     -0.29680816	      0.29463476	      0.45393042	     -0.16351153	      0.28209414	      0.40410283	     -0.31390677	      0.33298386	      0.38011077	     -0.24277145	      0.16958709	      0.04233121	     -0.25552154	      0.17576250	      0.06325387	     -0.16903444	      0.10414605	      0.02832853	     -0.19462697	      0.29332340	      0.02592452	     -0.15071011	      0.31158039	      0.03203692	     -0.20782787	      0.26534447	      0.01050793	     -0.26673510	      0.37578938	      0.84043591	      0.00083894	      0.52381602	      0.47327391	     -0.03655358	      0.53010349	      0.47622063	     -0.17477433	      0.52179150	      0.42491827	     -0.03000051	      0.59094596	      0.42754144	     -0.08678108	      0.65780225	      0.06063788	     -0.06150380	      0.66612616	      0.08266450	     -0.14795951	      0.61690515	      0.01512086	     -0.13061463	      0.79601348	      0.08988438	     -0.13526582	      0.80446606	      0.10390909	     -0.07903616	      0.76265861	      0.07130934	     -0.02401900	      0.31724591	      1.48056185	     -0.17876115	      0.24173533	      1.19945062	     -0.17700512	      0.44875730	      1.21115389	     -0.18964934	      0.42832176	      1.39165114	     -0.18662296	      0.35567987	      1.05333211	     -0.45702387	      0.35418032	      1.04564023	     -0.37447959	      0.34105259	      1.01653552	     -0.41363008	      0.53873187	      0.88132150	     -0.40808051	      0.48570029	      0.83680106	     -0.41924705	      0.26693645	      1.07388941	      0.05182314	      0.29588179	      1.06045735	     -0.01864445	      0.25888960	      1.03931814	      0.00261067	      0.38121099	      0.84570872	      0.07609277	      0.31830004	      0.82339925	      0.06098617
      0.55000000	      0.43929198	      0.97536571	     -0.31529253	      0.25192612	      0.93217331	     -0.22566605	      0.25374162	      0.93525821	     -0.13477859	      0.44447480	      0.98417234	     -0.05583103	      0.38004001	      0.83299879	     -0.36020615	      0.31553957	      0.44078061	     -0.29647946	      0.30252593	      0.45250465	     -0.16304815	      0.28802192	      0.40333059	     -0.31347515	      0.33900237	      0.37822926	     -0.24278899	      0.16949567	      0.04346264	     -0.25523456	      0.17668843	      0.06402415	     -0.16873947	      0.10438709	      0.02998676	     -0.19414081	      0.29347765	      0.02658037	     -0.15040927	      0.31163535	      0.03230688	     -0.20759863	      0.26523183	      0.01053437	     -0.26628415	      0.38863175	      0.83863895	      0.00155716	      0.53459375	      0.47080846	     -0.03735102	      0.53818956	      0.47322724	     -0.17567821	      0.53393314	      0.42240316	     -0.03054446	      0.60190362	      0.42668235	     -0.08863882	      0.67955675	      0.06193904	     -0.06296314	      0.68562467	      0.08375076	     -0.14966077	      0.63817045	      0.01537378	     -0.13098325	      0.81562382	      0.09301960	     -0.14008307	      0.82484119	      0.10779359	     -0.08416632	      0.78500811	      0.07465744	     -0.02801638	      0.32784516	      1.47849511	     -0.17814140	      0.25226327	      1.19740771	     -0.17575207	      0.45922606	      1.20903841	     -0.18939273	      0.43885685	      1.38954446	     -0.18644506	      0.36722196	      1.05088380	     -0.45641017	      0.36537850	      1.04324729	     -0.37386771	      0.35258929	      1.01404462	     -0.41305668	      0.55095579	      0.87988731	     -0.40647841	      0.49821427	      0.83507733	     -0.41785855	      0.27795268	      1.07229189	      0.05259616	      0.30676500	      1.05874223	     -0.01790342	      0.26962901	      1.03789477	      0.00336137	      0.39038982	      0.84315922	      0.07644789	      0.32727890	      0.82140093	      0.06137150
      0.56000000	      0.44948398	      0.97306439	     -0.31519949	      0.26238800	      0.93032023	     -0.22479768	      0.26457899	      0.93343435	     -0.13391949	      0.45573874	      0.98195445	     -0.05576446	      0.38951834	      0.83096095	     -0.35984992	      0.32224459	      0.43922697	     -0.29601248	      0.30985647	      0.45099697	     -0.16252569	      0.29408274	      0.40226117	     -0.31296174	      0.34485716	      0.37621144	     -0.24247071	      0.16968173	      0.04437110	     -0.25478562	      0.17749658	      0.06469664	     -0.16828873	      0.10463937	      0.03161935	     -0.19346790	      0.29380144	      0.02602327	     -0.15043037	      0.31179077	      0.03165663	     -0.20768215	      0.26494473	      0.01043272	     -0.26621687	      0.40144156	      0.83693009	      0.00213436	      0.54643977	      0.46885972	     -0.03808678	      0.54740387	      0.47072986	     -0.17646584	      0.54674899	      0.42045373	     -0.03107155	      0.61352857	      0.42575983	     -0.09044819	      0.69856677	      0.06266966	     -0.06473905	      0.70259811	      0.08420587	     -0.15162398	      0.65682970	      0.01498975	     -0.13166325	      0.83229710	      0.09631406	     -0.14507170	      0.84245965	      0.11145235	     -0.08941681	      0.80470673	      0.07756709	     -0.03228537	      0.33874528	      1.47654125	     -0.17753162	      0.26310758	      1.19547120	     -0.17488160	      0.47001707	      1.20705546	     -0.18934552	      0.44970212	      1.38756583	     -0.18629060	      0.37826426	      1.04878185	     -0.45507802	      0.37664853	      1.04136170	     -0.37251106	      0.36393597	      1.01196402	     -0.41158426	      0.56310785	      0.87900116	     -0.40509043	      0.51060541	      0.83384712	     -0.41621324	      0.28888249	      1.07066680	      0.05345330	      0.31742984	      1.05700139	     -0.01713168	      0.28022854	      1.03638402	      0.00422694	      0.39993701	      0.84081177	      0.07680881	      0.33664278	      0.81947487	      0.06189952
      0.57000000	      0.46003642	      0.97123735	     -0.31466536	      0.27324360	      0.92831297	     -0.22372364	      0.27569317	      0.93143295	     -0.13285225	      0.46702934	      0.98014413	     -0.05524975	      0.39890964	      0.82951368	     -0.35914840	      0.32905227	      0.43815918	     -0.29575995	      0.31820221	      0.44962070	     -0.16211253	      0.30007652	      0.40178982	     -0.31256729	      0.35104133	      0.37450383	     -0.24268396	      0.16952250	      0.04607360	     -0.25454146	      0.17857003	      0.06589858	     -0.16804854	      0.10493751	      0.03387373	     -0.19298938	      0.29402452	      0.02715250	     -0.15018952	      0.31190531	      0.03223575	     -0.20752673	      0.26483266	      0.01073326	     -0.26577729	      0.41421534	      0.83529312	      0.00294140	      0.55779704	      0.46682861	     -0.03872660	      0.55665625	      0.46841644	     -0.17710784	      0.55887338	      0.41842378	     -0.03162373	      0.62466679	      0.42460768	     -0.09200783	      0.71555066	      0.06289528	     -0.06688425	      0.71795234	      0.08430348	     -0.15386109	      0.67312861	      0.01479105	     -0.13296690	      0.84757948	      0.09698711	     -0.14995407	      0.85838206	      0.11269622	     -0.09457862	      0.82212415	      0.07860622	     -0.03660681	      0.34934715	      1.47460606	     -0.17704452	      0.27391223	      1.19348632	     -0.17392696	      0.48076138	      1.20520172	     -0.18912940	      0.46033343	      1.38570030	     -0.18613161	      0.38971090	      1.04656583	     -0.45407501	      0.38794368	      1.03930351	     -0.37149712	      0.37538136	      1.00981556	     -0.41054552	      0.57481535	      0.87728082	     -0.40337958	      0.52243174	      0.83199758	     -0.41453735	      0.30023173	      1.06901524	      0.05441431	      0.32857449	      1.05526415	     -0.01623645	      0.29126375	      1.03493253	      0.00517127	      0.40949883	      0.83824917	      0.07716345	      0.34599782	      0.81746403	      0.06235434
      0.58000000	      0.47112360	      0.96898536	     -0.31416451	      0.28442730	      0.92632230	     -0.22290218	      0.28695629	      0.92977212	     -0.13204489	      0.47834324	      0.97883373	     -0.05478915	      0.40859863	      0.82797440	     -0.35821584	      0.33589447	      0.43702703	     -0.29552013	      0.32663894	      0.44807100	     -0.16171771	      0.30610919	      0.40127667	     -0.31218329	      0.35726921	      0.37271659	     -0.24295474	      0.16949647	      0.04780601	     -0.25438337	      0.17980546	      0.06705714	     -0.16790198	      0.10534356	      0.03630961	     -0.19263205	      0.29430529	      0.02780896	     -0.14997014	      0.31212061	      0.03226627	     -0.20737976	      0.26476785	      0.01065872	     -0.26536380	      0.42680384	      0.83385939	      0.00388740	      0.56988793	      0.46537594	     -0.03929717	      0.56706743	      0.46687982	     -0.17765531	      0.57134999	      0.41697413	     -0.03218465	      0.63636703	      0.42356851	     -0.09336104	      0.72998782	      0.06249140	     -0.06916603	      0.73119563	      0.08386741	     -0.15617556	      0.68696365	      0.01416456	     -0.13457107	      0.86035502	      0.09672827	     -0.15478516	      0.87145427	      0.11321280	     -0.09969451	      0.83670822	      0.07884096	     -0.04096817	      0.36024618	      1.47280103	     -0.17639473	      0.28500447	      1.19163126	     -0.17312428	      0.49179315	      1.20348651	     -0.18902501	      0.47125854	      1.38397068	     -0.18589148	      0.40076718	      1.04473881	     -0.45271438	      0.39913955	      1.03769152	     -0.37011499	      0.38654671	      1.00810128	     -0.40907162	      0.58610106	      0.87574957	     -0.40187320	      0.53373868	      0.83039564	     -0.41284186	      0.31162402	      1.06734772	      0.05535543	      0.33970981	      1.05352983	     -0.01538486	      0.30232957	      1.03343835	      0.00610284	      0.41937972	      0.83581231	      0.07744678	      0.35569074	      0.81549942	      0.06279037
      0.59000000	      0.48190113	      0.96730593	     -0.31372698	      0.29545800	      0.92464915	     -0.22194564	      0.29820628	      0.92823634	     -0.13110003	      0.48974680	      0.97754646	     -0.05438499	      0.41909587	      0.82654734	     -0.35751121	      0.34340677	      0.43614504	     -0.29495168	      0.33447785	      0.44716902	     -0.16112542	      0.31300463	      0.40095468	     -0.31163180	      0.36370223	      0.37137442	     -0.24249153	      0.17005202	      0.04994183	     -0.25418703	      0.18078930	      0.06888233	     -0.16768917	      0.10578407	      0.03943210	     -0.19236735	      0.29461903	      0.02772484	     -0.14997895	      0.31241851	      0.03202293	     -0.20740562	      0.26464402	      0.01129395	     -0.26536445	      0.43939575	      0.83250094	      0.00460121	      0.58228631	      0.46412216	     -0.04009084	      0.57789202	      0.46557876	     -0.17840845	      0.58383109	      0.41572392	     -0.03297892	      0.64814816	      0.42229501	     -0.09489327	      0.74202657	      0.06122284	     -0.07164112	      0.74224513	      0.08256901	     -0.15866608	      0.69819508	      0.01291975	     -0.13643627	      0.87124252	      0.09538127	     -0.15921158	      0.88310809	      0.11187983	     -0.10428509	      0.84929932	      0.07741953	     -0.04506560	      0.37127690	      1.47122978	     -0.17582924	      0.29608067	      1.19005039	     -0.17234678	      0.50283883	      1.20193021	     -0.18862151	      0.48228453	      1.38241236	     -0.18550066	      0.41166903	      1.04298485	     -0.45120875	      0.41022563	      1.03617427	     -0.36858609	      0.39755602	      1.00647451	     -0.40743237	      0.59715155	      0.87418176	     -0.40029252	      0.54477468	      0.82878724	     -0.41102142	      0.32313584	      1.06583330	      0.05621846	      0.35110905	      1.05197322	     -0.01455817	      0.31362988	      1.03210723	      0.00693769	      0.42942680	      0.83358158	      0.07782767	      0.36558826	      0.81372037	      0.06320292
      0.60000000	      0.49346651	      0.96539081	     -0.31321907	      0.30711842	      0.92308249	     -0.22108410	      0.30993766	      0.92710747	     -0.13025902	      0.50151476	      0.97688114	     -0.05393566	      0.42965203	      0.82537393	     -0.35647744	      0.35099078	      0.43544514	     -0.29463537	      0.34317005	      0.44609656	     -0.16070962	      0.31983555	      0.40091821	     -0.31124617	      0.37039774	      0.37006284	     -0.24256555	      0.17037014	      0.05255847	     -0.25422900	      0.18205322	      0.07093051	     -0.16773111	      0.10628975	      0.04302913	     -0.19234881	      0.29493061	      0.02849314	     -0.14988708	      0.31280040	      0.03204480	     -0.20734292	      0.26467047	      0.01171132	     -0.26514758	      0.45140307	      0.83121587	      0.00546044	      0.59464808	      0.46316624	     -0.04078192	      0.59001882	      0.46510938	     -0.17908588	      0.59593280	      0.41474606	     -0.03383378	      0.66018025	      0.42112134	     -0.09584082	      0.75184340	      0.05939542	     -0.07395109	      0.75204161	      0.08102858	     -0.16090520	      0.70735583	      0.01175145	     -0.13844690	      0.88021118	      0.09233424	     -0.16368775	      0.89227178	      0.10927773	     -0.10893948	      0.85962989	      0.07446322	     -0.04927415	      0.38224149	      1.46992656	     -0.17554007	      0.30744237	      1.18864217	     -0.17198552	      0.51420187	      1.20080783	     -0.18803049	      0.49338666	      1.38126219	     -0.18503461	      0.42240368	      1.04150981	     -0.44952202	      0.42134719	      1.03499680	     -0.36686952	      0.40844125	      1.00518253	     -0.40554901	      0.60784233	      0.87257155	     -0.39889570	      0.55533710	      0.82722981	     -0.40921255	      0.33498683	      1.06437073	      0.05742781	      0.36272301	      1.05054527	     -0.01344881	      0.32516735	      1.03093717	      0.00810275	      0.43954734	      0.83125363	      0.07803454	      0.37550573	      0.81195965	      0.06353890
      0.61000000	      0.50481318	      0.96405317	     -0.31271149	      0.31866437	      0.92175134	     -0.22017161	      0.32160815	      0.92607308	     -0.12936412	      0.51321696	      0.97639068	     -0.05347829	      0.44095321	      0.82436916	     -0.35560923	      0.35930631	      0.43500417	     -0.29408544	      0.35155805	      0.44560758	     -0.16015167	      0.32755582	      0.40109733	     -0.31077429	      0.37744430	      0.36917117	     -0.24209040	      0.17134007	      0.05560287	     -0.25442190	      0.18328856	      0.07361888	     -0.16788538	      0.10697185	      0.04746754	     -0.19265025	      0.29513579	      0.02840205	     -0.14989425	      0.31317875	      0.03161587	     -0.20731585	      0.26468030	      0.01250066	     -0.26522810	      0.46408422	      0.83035181	      0.00627688	      0.60741928	      0.46254938	     -0.04162363	      0.60169539	      0.46468391	     -0.17988379	      0.60826712	      0.41412776	     -0.03473242	      0.67207917	      0.41984577	     -0.09725105	      0.75985665	      0.05709411	     -0.07643582	      0.75959509	      0.07881149	     -0.16336876	      0.71414519	      0.01016792	     -0.14053007	      0.88782972	      0.08821047	     -0.16753365	      0.90064936	      0.10496639	     -0.11290024	      0.86819602	      0.07050477	     -0.05292798	      0.39341828	      1.46882260	     -0.17485797	      0.31881849	      1.18748577	     -0.17126414	      0.52555341	      1.19979733	     -0.18751326	      0.50461563	      1.38023679	     -0.18447415	      0.43318409	      1.04036761	     -0.44781982	      0.43235352	      1.03410825	     -0.36514515	      0.41923441	      1.00424225	     -0.40370535	      0.61816328	      0.87091485	     -0.39723728	      0.56546281	      0.82573891	     -0.40728244	      0.34688416	      1.06312570	      0.05835790	      0.37455027	      1.04929736	     -0.01254554	      0.33689317	      1.02990409	      0.00899003	      0.44999659	      0.82932626	      0.07843713	      0.38582144	      0.81048425	      0.06393753
      0.62000000	      0.51719238	      0.96229137	     -0.31207754	      0.33088947	      0.92083780	     -0.21946391	      0.33374879	      0.92572066	     -0.12868216	      0.52535504	      0.97623072	     -0.05291783	      0.45239536	      0.82347060	     -0.35442154	      0.36803633	      0.43456440	     -0.29365954	      0.36095006	      0.44483815	     -0.15966343	      0.33557951	      0.40138119	     -0.31036003	      0.38500751	      0.36815965	     -0.24195814	      0.17229936	      0.05905083	     -0.25472827	      0.18490710	      0.07649404	     -0.16816794	      0.10790292	      0.05231550	     -0.19299759	      0.29548878	      0.02878212	     -0.14997694	      0.31365775	      0.03139364	     -0.20738936	      0.26476845	      0.01328008	     -0.26529492	      0.47591590	      0.82940658	      0.00722950	      0.62014975	      0.46217332	     -0.04231189	      0.61478986	      0.46505803	     -0.18057303	      0.62025589	      0.41373736	     -0.03565277	      0.68430177	      0.41869663	     -0.09799684	      0.76602729	      0.05444933	     -0.07871546	      0.76633061	      0.07658023	     -0.16554392	      0.71939564	      0.00883880	     -0.14277412	      0.89393612	      0.08299241	     -0.17121890	      0.90696227	      0.09983421	     -0.11666080	      0.87486825	      0.06535108	     -0.05650782	      0.40435541	      1.46816069	     -0.17477171	      0.33050520	      1.18662543	     -0.17123620	      0.53726632	      1.19948498	     -0.18670897	      0.51582820	      1.37986932	     -0.18389403	      0.44355406	      1.03956784	     -0.44576503	      0.44338337	      1.03369027	     -0.36305834	      0.42978784	      1.00372520	     -0.40137323	      0.62805293	      0.86936648	     -0.39594929	      0.57503182	      0.82442845	     -0.40535383	      0.35916149	      1.06208681	      0.05969573	      0.38655680	      1.04838439	     -0.01133718	      0.34884695	      1.02923549	      0.01026487	      0.46054100	      0.82743617	      0.07844273	      0.39615825	      0.80918753	      0.06410544
      0.63000000	      0.52929346	      0.96128344	     -0.31148048	      0.34310870	      0.91995554	     -0.21857356	      0.34600045	      0.92529898	     -0.12781878	      0.53754868	      0.97653765	     -0.05239778	      0.46452861	      0.82291797	     -0.35335505	      0.37761769	      0.43449290	     -0.29311430	      0.37051087	      0.44465189	     -0.15911053	      0.34455334	      0.40202486	     -0.30993367	      0.39314003	      0.36762432	     -0.24151179	      0.17392421	      0.06313931	     -0.25527419	      0.18674476	      0.08014008	     -0.16865711	      0.10918809	      0.05827577	     -0.19375011	      0.29574369	      0.02863370	     -0.15011198	      0.31418141	      0.03077034	     -0.20745832	      0.26494277	      0.01430794	     -0.26556052	      0.48867538	      0.82905365	      0.00817231	      0.63314714	      0.46214723	     -0.04306841	      0.62732540	      0.46548549	     -0.18130065	      0.63240920	      0.41373000	     -0.03653117	      0.69630542	      0.41758733	     -0.09910629	      0.77092755	      0.05175725	     -0.08102814	      0.77133948	      0.07409692	     -0.16780268	      0.72286160	      0.00753810	     -0.14493988	      0.89909381	      0.07697205	     -0.17427500	      0.91276904	      0.09346587	     -0.11976944	      0.88017388	      0.05969006	     -0.05948474	      0.41548602	      1.46761931	     -0.17410380	      0.34221882	      1.18593184	     -0.17056273	      0.54893583	      1.19922071	     -0.18626051	      0.52712997	      1.37955982	     -0.18337316	      0.45399024	      1.03909344	     -0.44374717	      0.45431324	      1.03353947	     -0.36101858	      0.44028638	      1.00354965	     -0.39914518	      0.63764510	      0.86783608	     -0.39444519	      0.58425804	      0.82323528	     -0.40337265	      0.37153253	      1.06134306	      0.06062695	      0.39888160	      1.04765683	     -0.01042690	      0.36106443	      1.02873352	      0.01114678	      0.47138023	      0.82600372	      0.07880625	      0.40686800	      0.80823558	      0.06444747
      0.64000000	      0.54183963	      0.96026223	     -0.31081874	      0.35563358	      0.91945402	     -0.21772496	      0.35849046	      0.92536138	     -0.12700404	      0.54999533	      0.97712631	     -0.05183269	      0.47693896	      0.82251532	     -0.35215646	      0.38798753	      0.43444833	     -0.29259013	      0.38086758	      0.44442617	     -0.15857344	      0.35430147	      0.40275805	     -0.30954593	      0.40197475	      0.36709672	     -0.24112705	      0.17596932	      0.06767279	     -0.25605869	      0.18901237	      0.08416074	     -0.16937572	      0.11092148	      0.06493577	     -0.19480639	      0.29598428	      0.02842591	     -0.15028395	      0.31474382	      0.03001774	     -0.20754356	      0.26523202	      0.01534857	     -0.26589351	      0.50147228	      0.82899212	      0.00923963	      0.64617898	      0.46241102	     -0.04364030	      0.64000891	      0.46622518	     -0.18184513	      0.64447476	      0.41403755	     -0.03722229	      0.70824877	      0.41662670	     -0.09998713	      0.77475011	      0.04917992	     -0.08303525	      0.77539375	      0.07172259	     -0.16975586	      0.72512323	      0.00661534	     -0.14677952	      0.90317685	      0.07043116	     -0.17711820	      0.91756652	      0.08652036	     -0.12267569	      0.88438979	      0.05359009	     -0.06224062	      0.42651557	      1.46744724	     -0.17342611	      0.35409475	      1.18553964	     -0.16999346	      0.56077053	      1.19945540	     -0.18569086	      0.53842325	      1.37972706	     -0.18273249	      0.46427692	      1.03908455	     -0.44153997	      0.46523498	      1.03387603	     -0.35879382	      0.45064828	      1.00389024	     -0.39669714	      0.64679443	      0.86639887	     -0.39301806	      0.59293578	      0.82225470	     -0.40136366	      0.38403393	      1.06086655	      0.06160028	      0.41133433	      1.04724895	     -0.00948547	      0.37342163	      1.02853179	      0.01205689	      0.48241478	      0.82486987	      0.07905737	      0.41777798	      0.80757572	      0.06468010
      0.65000000	      0.55494177	      0.95912359	     -0.31003526	      0.36839913	      0.91980218	     -0.21697548	      0.37115264	      0.92624218	     -0.12628761	      0.56280237	      0.97750822	     -0.05114357	      0.48925393	      0.82229876	     -0.35092155	      0.39928302	      0.43431808	     -0.29233216	      0.39231989	      0.44394811	     -0.15828180	      0.36495505	      0.40347253	     -0.30942055	      0.41173306	      0.36643524	     -0.24111481	      0.17873867	      0.07248390	     -0.25731138	      0.19211487	      0.08832782	     -0.17055909	      0.11349775	      0.07210128	     -0.19645662	      0.29591854	      0.02814403	     -0.15011840	      0.31506586	      0.02980652	     -0.20724750	      0.26566321	      0.01647500	     -0.26600946	      0.51438049	      0.82912287	      0.01040351	      0.65936979	      0.46287893	     -0.04401616	      0.65252079	      0.46699804	     -0.18218025	      0.65667480	      0.41458434	     -0.03764318	      0.72014135	      0.41576252	     -0.10076102	      0.77816527	      0.04684808	     -0.08456545	      0.77885060	      0.06947156	     -0.17126469	      0.72678000	      0.00601217	     -0.14797499	      0.90632712	      0.06313944	     -0.17998098	      0.92112164	      0.07955781	     -0.12574564	      0.88762238	      0.04775576	     -0.06488577	      0.43755432	      1.46787529	     -0.17348213	      0.36622405	      1.18568676	     -0.17030749	      0.57297884	      1.20040295	     -0.18412147	      0.54989015	      1.38058823	     -0.18163049	      0.47413493	      1.03944244	     -0.43906530	      0.47604896	      1.03461991	     -0.35631235	      0.46071132	      1.00459731	     -0.39388880	      0.65554242	      0.86521412	     -0.39191462	      0.60115978	      0.82155922	     -0.39939047	      0.39658118	      1.06066402	      0.06281809	      0.42386669	      1.04730737	     -0.00832286	      0.38588981	      1.02873142	      0.01316243	      0.49373169	      0.82409473	      0.07904648	      0.42898296	      0.80725468	      0.06463383
      0.66000000	      0.56760186	      0.95892503	     -0.30951979	      0.38130026	      0.91960317	     -0.21597858	      0.38414500	      0.92662805	     -0.12533696	      0.57572290	      0.97897935	     -0.05076013	      0.50261284	      0.82246138	     -0.34981812	      0.41173816	      0.43459078	     -0.29189855	      0.40429991	      0.44411689	     -0.15786629	      0.37684669	      0.40460896	     -0.30922751	      0.42233364	      0.36629156	     -0.24075611	      0.18226024	      0.07820369	     -0.25881829	      0.19555999	      0.09353682	     -0.17196252	      0.11664102	      0.08077537	     -0.19864319	      0.29607534	      0.02807816	     -0.15005764	      0.31589705	      0.02862990	     -0.20697788	      0.26656202	      0.01741466	     -0.26623656	      0.52840290	      0.83010579	      0.01149387	      0.67245295	      0.46370361	     -0.04433664	      0.66446094	      0.46791137	     -0.18243665	      0.66872818	      0.41552434	     -0.03790629	      0.73163275	      0.41511477	     -0.10159380	      0.78076420	      0.04490094	     -0.08563275	      0.78122048	      0.06745220	     -0.17235231	      0.72744275	      0.00576616	     -0.14841913	      0.90841485	      0.05664269	     -0.18262176	      0.92436119	      0.07262611	     -0.12858328	      0.89055079	      0.04199276	     -0.06729748	      0.44875184	      1.46814226	     -0.17258984	      0.37832772	      1.18572442	     -0.16958040	      0.58502598	      1.20111303	     -0.18350722	      0.56136177	      1.38122153	     -0.18086970	      0.48422605	      1.04004052	     -0.43697174	      0.48659105	      1.03549632	     -0.35421469	      0.47072487	      1.00554946	     -0.39161344	      0.66400621	      0.86401760	     -0.39027759	      0.60910238	      0.82094697	     -0.39732033	      0.40914524	      1.06066635	      0.06355817	      0.43651858	      1.04738009	     -0.00756221	      0.39846017	      1.02891084	      0.01384279	      0.50547398	      0.82374899	      0.07944316	      0.44068170	      0.80717477	      0.06491849
      0.67000000	      0.58118196	      0.95807764	     -0.30844568	      0.39437311	      0.92063873	     -0.21514382	      0.39702090	      0.92827356	     -0.12454557	      0.58874075	      0.97987320	     -0.04980982	      0.51487913	      0.82285936	     -0.34827465	      0.42521231	      0.43446973	     -0.29197323	      0.41851253	      0.44324415	     -0.15785074	      0.38959661	      0.40550928	     -0.30936946	      0.43430213	      0.36552287	     -0.24133917	      0.18663613	      0.08400759	     -0.26049122	      0.20065003	      0.09837183	     -0.17358212	      0.12132951	      0.08966068	     -0.20063231	      0.29572269	      0.02718825	     -0.14986902	      0.31589968	      0.02870004	     -0.20664684	      0.26687544	      0.01885888	     -0.26640548	      0.54201211	      0.83094638	      0.01298999	      0.68574010	      0.46471613	     -0.04476541	      0.67621473	      0.46904105	     -0.18276452	      0.68101112	      0.41668104	     -0.03825605	      0.74312603	      0.41468985	     -0.10268450	      0.78333430	      0.04338955	     -0.08699015	      0.78331474	      0.06587383	     -0.17372830	      0.72794535	      0.00608447	     -0.14938044	      0.91070040	      0.04933509	     -0.18430467	      0.92723656	      0.06548793	     -0.13049432	      0.89233225	      0.03699851	     -0.06878907	      0.45959995	      1.46920844	     -0.17251025	      0.39060897	      1.18643593	     -0.16961176	      0.59730941	      1.20287094	     -0.18225118	      0.57270470	      1.38285833	     -0.17997606	      0.49379716	      1.04118660	     -0.43419216	      0.49751532	      1.03705962	     -0.35146299	      0.48065314	      1.00713945	     -0.38843411	      0.67211504	      0.86315411	     -0.38957013	      0.61655810	      0.82075460	     -0.39547075	      0.42205937	      1.06125872	      0.06456890	      0.44951979	      1.04818546	     -0.00655739	      0.41137888	      1.02984897	      0.01475363	      0.51728776	      0.82386511	      0.07956651	      0.45241999	      0.80768695	      0.06493267
      0.68000000	      0.59443477	      0.95782977	     -0.30771286	      0.40763029	      0.92122371	     -0.21407238	      0.41028945	      0.92963566	     -0.12354331	      0.60202601	      0.98184381	     -0.04927450	      0.52796649	      0.82357255	     -0.34681052	      0.43986020	      0.43459354	     -0.29213779	      0.43350928	      0.44269552	     -0.15795602	      0.40360924	      0.40664654	     -0.30967012	      0.44731798	      0.36508240	     -0.24193841	      0.19238702	      0.09023774	     -0.26259552	      0.20684678	      0.10368517	     -0.17561280	      0.12745747	      0.09943380	     -0.20324015	      0.29521791	      0.02611129	     -0.14962035	      0.31598886	      0.02888563	     -0.20613573	      0.26756468	      0.02057242	     -0.26661141	      0.55644936	      0.83257504	      0.01441425	      0.69854894	      0.46598361	     -0.04505384	      0.68734424	      0.47031983	     -0.18292639	      0.69282547	      0.41811784	     -0.03839868	      0.75403355	      0.41451314	     -0.10362006	      0.78540167	      0.04236964	     -0.08773957	      0.78480493	      0.06470991	     -0.17451287	      0.72801174	      0.00677654	     -0.14941110	      0.91207674	      0.04367687	     -0.18607779	      0.92991171	      0.05911837	     -0.13247380	      0.89440462	      0.03232883	     -0.07035246	      0.47053130	      1.47018470	     -0.17186257	      0.40289211	      1.18708424	     -0.16912045	      0.60953042	      1.20451211	     -0.18144177	      0.58405987	      1.38437907	     -0.17917158	      0.50338675	      1.04252530	     -0.43158130	      0.50821504	      1.03874472	     -0.34889293	      0.49045306	      1.00892813	     -0.38550420	      0.67985835	      0.86227584	     -0.38858143	      0.62364181	      0.82063320	     -0.39355153	      0.43483688	      1.06192778	      0.06530037	      0.46248738	      1.04897025	     -0.00577344	      0.42426077	      1.03070859	      0.01541260	      0.52943648	      0.82428080	      0.08000663	      0.46455707	      0.80831943	      0.06518752
      0.69000000	      0.60715221	      0.95827892	     -0.30725494	      0.42074650	      0.92166560	     -0.21282595	      0.42362174	      0.93076559	     -0.12237007	      0.61536032	      0.98425716	     -0.04902550	      0.54159968	      0.82445494	     -0.34560951	      0.45586793	      0.43478946	     -0.29206166	      0.44927955	      0.44250491	     -0.15786856	      0.41904395	      0.40791655	     -0.30982704	      0.46131979	      0.36484572	     -0.24212716	      0.19877547	      0.09742968	     -0.26482618	      0.21330600	      0.11009641	     -0.17773812	      0.13426041	      0.11056252	     -0.20628486	      0.29591643	      0.02663223	     -0.14987024	      0.31744604	      0.02754452	     -0.20616199	      0.26926400	      0.02174293	     -0.26712224	      0.57131613	      0.83461175	      0.01559628	      0.71119414	      0.46739937	     -0.04529075	      0.69816656	      0.47160850	     -0.18300697	      0.70450077	      0.41973085	     -0.03841034	      0.76468558	      0.41447288	     -0.10446634	      0.78735624	      0.04173118	     -0.08783514	      0.78607916	      0.06383095	     -0.17466266	      0.72809719	      0.00761813	     -0.14853699	      0.91258749	      0.03892795	     -0.18804936	      0.93163709	      0.05406419	     -0.13477723	      0.89629192	      0.02854522	     -0.07203174	      0.48171704	      1.47114458	     -0.17090604	      0.41513312	      1.18779340	     -0.16823341	      0.62168203	      1.20599593	     -0.18092808	      0.59554910	      1.38576560	     -0.17848609	      0.51295558	      1.04389174	     -0.42921615	      0.51850469	      1.04041285	     -0.34655978	      0.50003819	      1.01072564	     -0.38290350	      0.68740129	      0.86149868	     -0.38703991	      0.63058380	      0.82060681	     -0.39136857	      0.44766486	      1.06271257	      0.06595940	      0.47537281	      1.04984120	     -0.00510769	      0.43711408	      1.03161021	      0.01602867	      0.54194856	      0.82493061	      0.08037171	      0.47705517	      0.80908660	      0.06548800
      0.70000000	      0.61978516	      0.95881149	     -0.30679186	      0.43377427	      0.92241361	     -0.21150492	      0.43690062	      0.93222967	     -0.12113227	      0.62871010	      0.98683394	     -0.04880005	      0.55486751	      0.82559624	     -0.34435437	      0.47321025	      0.43485368	     -0.29230787	      0.46681241	      0.44192966	     -0.15807032	      0.43577421	      0.40915421	     -0.31023415	      0.47673011	      0.36442698	     -0.24279746	      0.20636032	      0.10507904	     -0.26718848	      0.22123386	      0.11676822	     -0.18002167	      0.14284343	      0.12246356	     -0.20937573	      0.29697836	      0.02735288	     -0.15024506	      0.31899556	      0.02616730	     -0.20634279	      0.27104752	      0.02297972	     -0.26767911	      0.58608281	      0.83684408	      0.01679097	      0.72336843	      0.46889523	     -0.04553333	      0.70847641	      0.47299853	     -0.18306362	      0.71575982	      0.42143669	     -0.03841082	      0.77486011	      0.41461014	     -0.10529734	      0.78924928	      0.04149760	     -0.08777850	      0.78723820	      0.06336679	     -0.17465050	      0.72826746	      0.00873700	     -0.14756024	      0.91301289	      0.03488035	     -0.18953629	      0.93311719	      0.04982056	     -0.13659745	      0.89789512	      0.02561560	     -0.07326484	      0.49281351	      1.47236389	     -0.16992029	      0.42732881	      1.18875622	     -0.16729380	      0.63377745	      1.20776396	     -0.18043165	      0.60695695	      1.38742979	     -0.17780957	      0.52236268	      1.04553254	     -0.42675374	      0.52890291	      1.04234709	     -0.34415804	      0.50959113	      1.01282278	     -0.38016738	      0.69468506	      0.86084297	     -0.38592080	      0.63722721	      0.82077500	     -0.38942276	      0.46056982	      1.06374895	      0.06662580	      0.48837244	      1.05095637	     -0.00441854	      0.45008905	      1.03272737	      0.01665965	      0.55475424	      0.82592579	      0.08088626	      0.48986859	      0.81013017	      0.06591758
      0.71000000	      0.63380270	      0.95763300	     -0.30514942	      0.44700712	      0.92442516	     -0.21023311	      0.44986705	      0.93528428	     -0.11997102	      0.64196709	      0.98863313	     -0.04747323	      0.56628325	      0.82690044	     -0.34192052	      0.49100642	      0.43432876	     -0.29419874	      0.48683345	      0.43938408	     -0.15978240	      0.45279022	      0.40989877	     -0.31193983	      0.49353158	      0.36299198	     -0.24586781	      0.21588204	      0.11144423	     -0.27016930	      0.23238373	      0.12130586	     -0.18306961	      0.15463023	      0.13263284	     -0.21264325	      0.29669968	      0.02725626	     -0.14917451	      0.31916962	      0.02963302	     -0.20505448	      0.27199795	      0.02564392	     -0.26694341	      0.60094842	      0.83887008	      0.01904881	      0.73551974	      0.47045181	     -0.04634661	      0.71699472	      0.47440137	     -0.18343934	      0.72718732	      0.42321249	     -0.03884240	      0.78429693	      0.41491644	     -0.10727426	      0.79133442	      0.04164520	     -0.08867354	      0.78742812	      0.06325720	     -0.17554535	      0.72803586	      0.01004164	     -0.14750826	      0.91447331	      0.03057716	     -0.18955812	      0.93575512	      0.04477724	     -0.13687648	      0.89915303	      0.02392736	     -0.07313431	      0.50332689	      1.47431890	     -0.16977479	      0.43970250	      1.19028723	     -0.16724485	      0.64611159	      1.21064532	     -0.17889689	      0.61808450	      1.39013276	     -0.17671372	      0.53125820	      1.04782376	     -0.42368282	      0.53973443	      1.04494495	     -0.34125202	      0.51911637	      1.01558337	     -0.37665092	      0.70157496	      0.86062567	     -0.38601561	      0.64341863	      0.82147019	     -0.38796476	      0.47325902	      1.06536390	      0.06714418	      0.50163995	      1.05278108	     -0.00370870	      0.46325652	      1.03446657	      0.01707463	      0.56781401	      0.82772148	      0.08165752	      0.50305997	      0.81184663	      0.06621037
      0.72000000	      0.64611706	      0.95813825	     -0.30474460	      0.45980137	      0.92551885	     -0.20868788	      0.46305934	      0.93716798	     -0.11853786	      0.65541778	      0.99139369	     -0.04738830	      0.57896786	      0.82832507	     -0.34058940	      0.51029402	      0.43426033	     -0.29527522	      0.50684684	      0.43828521	     -0.16080352	      0.47149193	      0.41106626	     -0.31304196	      0.51112539	      0.36242475	     -0.24755295	      0.22612931	      0.11931936	     -0.27271444	      0.24328568	      0.12794871	     -0.18561045	      0.16702424	      0.14490182	     -0.21580791	      0.29927734	      0.02921822	     -0.14964818	      0.32193995	      0.02898492	     -0.20550039	      0.27468922	      0.02745923	     -0.26743875	      0.61548959	      0.84126808	      0.02021587	      0.74642188	      0.47180320	     -0.04664562	      0.72605313	      0.47576718	     -0.18347614	      0.73729369	      0.42477906	     -0.03889503	      0.79325516	      0.41514763	     -0.10809620	      0.79300238	      0.04186059	     -0.08850924	      0.78831189	      0.06331901	     -0.17538032	      0.72832405	      0.01126246	     -0.14650034	      0.91470026	      0.02807711	     -0.19053372	      0.93678728	      0.04219033	     -0.13816108	      0.90043497	      0.02245973	     -0.07392163	      0.51434494	      1.47581192	     -0.16874572	      0.45182240	      1.19153620	     -0.16615692	      0.65810940	      1.21269478	     -0.17852318	      0.62940026	      1.39207181	     -0.17613719	      0.54035769	      1.04975363	     -0.42121950	      0.55001610	      1.04713126	     -0.33891027	      0.52848515	      1.01797062	     -0.37390142	      0.70846603	      0.86026762	     -0.38518737	      0.64971126	      0.82197889	     -0.38616737	      0.48605181	      1.06682362	      0.06766297	      0.51457140	      1.05429210	     -0.00314330	      0.47621182	      1.03586653	      0.01759005	      0.58131180	      0.82947624	      0.08242670	      0.51663071	      0.81339364	      0.06688911
      0.73000000	      0.65828142	      0.95843500	     -0.30427562	      0.47242337	      0.92665906	     -0.20705664	      0.47608982	      0.93917069	     -0.11703798	      0.66874823	      0.99415267	     -0.04729433	      0.59132761	      0.82973399	     -0.33912635	      0.53047407	      0.43406398	     -0.29671665	      0.52800502	      0.43687247	     -0.16219253	      0.49110361	      0.41213194	     -0.31444083	      0.52972998	      0.36172791	     -0.24968704	      0.23765865	      0.12721619	     -0.27527396	      0.25561448	      0.13449459	     -0.18820775	      0.18118339	      0.15687964	     -0.21888899	      0.30309624	      0.03209354	     -0.15016295	      0.32554544	      0.02941451	     -0.20603757	      0.27813905	      0.03009131	     -0.26787199	      0.62993494	      0.84367783	      0.02145914	      0.75663266	      0.47302738	     -0.04698028	      0.73420991	      0.47703221	     -0.18348806	      0.74679111	      0.42621433	     -0.03896472	      0.80147709	      0.41536665	     -0.10900060	      0.79456549	      0.04219931	     -0.08837791	      0.78892191	      0.06352620	     -0.17522469	      0.72858458	      0.01236472	     -0.14554671	      0.91487571	      0.02616094	     -0.19121206	      0.93762512	      0.04036737	     -0.13914908	      0.90148519	      0.02180857	     -0.07444227	      0.52520822	      1.47732348	     -0.16771302	      0.46380725	      1.19280387	     -0.16507362	      0.66996990	      1.21477622	     -0.17807801	      0.64056656	      1.39403824	     -0.17550951	      0.54924268	      1.05171964	     -0.41871245	      0.56018426	      1.04933032	     -0.33655684	      0.53771841	      1.02037488	     -0.37110180	      0.71521484	      0.86004293	     -0.38449611	      0.65590634	      0.82260489	     -0.38442946	      0.49880091	      1.06825527	      0.06811894	      0.52751690	      1.05579740	     -0.00262091	      0.48919484	      1.03720622	      0.01804200	      0.59510652	      0.83134955	      0.08325316	      0.53053408	      0.81495735	      0.06758770
      0.74000000	      0.67056989	      0.95774812	     -0.30332101	      0.48478050	      0.92801375	     -0.20532802	      0.48867585	      0.94170686	     -0.11549112	      0.68169016	      0.99683861	     -0.04685861	      0.60292068	      0.83097038	     -0.33699855	      0.55127440	      0.43355300	     -0.29893830	      0.55031461	      0.43462778	     -0.16436994	      0.51135860	      0.41285220	     -0.31651138	      0.54934136	      0.36059972	     -0.25285131	      0.25097769	      0.13413036	     -0.27828453	      0.27004541	      0.13977550	     -0.19133359	      0.19735254	      0.16687788	     -0.22212729	      0.30762102	      0.03520631	     -0.15031632	      0.33025280	      0.03435465	     -0.20617502	      0.28297751	      0.03514157	     -0.26810843	      0.64454368	      0.84615882	      0.02320231	      0.76626174	      0.47430414	     -0.04769787	      0.74054413	      0.47831010	     -0.18362339	      0.75586722	      0.42769650	     -0.03929912	      0.80861605	      0.41573252	     -0.11062708	      0.79593691	      0.04279373	     -0.08865364	      0.78850931	      0.06397286	     -0.17540228	      0.72829085	      0.01341940	     -0.14476213	      0.91548138	      0.02501582	     -0.19120883	      0.93919948	      0.03838636	     -0.13935718	      0.90258740	      0.02195120	     -0.07434230	      0.53631393	      1.47894194	     -0.16709298	      0.47583171	      1.19422649	     -0.16435999	      0.68192282	      1.21685992	     -0.17736465	      0.65194083	      1.39602693	     -0.17485747	      0.55779781	      1.05370981	     -0.41624017	      0.57021773	      1.05149908	     -0.33429000	      0.54673099	      1.02276209	     -0.36831734	      0.72162878	      0.85982872	     -0.38426127	      0.66179738	      0.82325415	     -0.38299021	      0.51156692	      1.06973477	      0.06864260	      0.54054868	      1.05735697	     -0.00200286	      0.50224833	      1.03860922	      0.01855867	      0.60888074	      0.83327060	      0.08422701	      0.54442892	      0.81658031	      0.06838067
      0.75000000	      0.68184413	      0.95854493	     -0.30308209	      0.49679229	      0.92897216	     -0.20365513	      0.50121752	      0.94340532	     -0.11395872	      0.69447709	      0.99974808	     -0.04702078	      0.61499598	      0.83255272	     -0.33583115	      0.57264101	      0.43376104	     -0.30079194	      0.57259587	      0.43369386	     -0.16621588	      0.53230287	      0.41418857	     -0.31826796	      0.56937601	      0.36044834	     -0.25531411	      0.26524012	      0.14177925	     -0.28063782	      0.28501688	      0.14618989	     -0.19377392	      0.21457553	      0.17776884	     -0.22471828	      0.31500232	      0.03927300	     -0.15150765	      0.33712574	      0.03614955	     -0.20748903	      0.28958266	      0.03943543	     -0.26913461	      0.65838257	      0.84857930	      0.02411476	      0.77472298	      0.47522552	     -0.04792610	      0.74725090	      0.47938716	     -0.18350323	      0.76372773	      0.42880695	     -0.03929725	      0.81532115	      0.41588570	     -0.11130012	      0.79708997	      0.04323282	     -0.08840062	      0.78883283	      0.06436781	     -0.17508500	      0.72850604	      0.01428430	     -0.14378179	      0.91537612	      0.02447487	     -0.19180588	      0.93959525	      0.03797337	     -0.14021966	      0.90341532	      0.02210120	     -0.07482409	      0.54733983	      1.48034597	     -0.16603616	      0.48745712	      1.19550528	     -0.16315633	      0.69343835	      1.21856931	     -0.17711070	      0.66309968	      1.39767299	     -0.17437882	      0.56650682	      1.05547045	     -0.41412342	      0.58007425	      1.05340671	     -0.33235156	      0.55575589	      1.02490347	     -0.36596375	      0.72821420	      0.85957728	     -0.38374308	      0.66791947	      0.82381705	     -0.38153819	      0.52432268	      1.07104356	      0.06936973	      0.55320005	      1.05872406	     -0.00132865	      0.51506348	      1.03973901	      0.01934245	      0.62324029	      0.83524567	      0.08512241	      0.55887115	      0.81808759	      0.06944045
      0.76000000	      0.69260678	      0.95818106	     -0.30278974	      0.50827806	      0.93024659	     -0.20156205	      0.51345318	      0.94570760	     -0.11207731	      0.70738047	      1.00231849	     -0.04733267	      0.62595527	      0.83366254	     -0.33423580	      0.59453827	      0.43353619	     -0.30311718	      0.59579425	      0.43204613	     -0.16855521	      0.55376715	      0.41514733	     -0.32039481	      0.59006697	      0.35982063	     -0.25837145	      0.28022840	      0.14921864	     -0.28292675	      0.30095109	      0.15220665	     -0.19622292	      0.23237281	      0.18748442	     -0.22698258	      0.32492892	      0.04421875	     -0.15296549	      0.34622013	      0.03962789	     -0.20916804	      0.29816275	      0.04468760	     -0.27029256	      0.67175603	      0.85080180	      0.02529497	      0.78228238	      0.47595439	     -0.04813093	      0.75286835	      0.48037239	     -0.18329190	      0.77079379	      0.42969686	     -0.03929295	      0.82113842	      0.41601907	     -0.11203626	      0.79822030	      0.04366593	     -0.08848134	      0.78896898	      0.06483740	     -0.17505634	      0.72864699	      0.01512762	     -0.14322855	      0.91555852	      0.02368617	     -0.19199682	      0.94013154	      0.03739044	     -0.14063270	      0.90400396	      0.02260003	     -0.07495518	      0.55825582	      1.48186755	     -0.16509346	      0.49897423	      1.19690339	     -0.16199881	      0.70485584	      1.22039412	     -0.17669184	      0.67415608	      1.39943456	     -0.17385122	      0.57508807	      1.05728474	     -0.41211782	      0.58988813	      1.05531002	     -0.33055784	      0.56469395	      1.02708054	     -0.36372831	      0.73453374	      0.85929419	     -0.38355041	      0.67378182	      0.82439275	     -0.38035602	      0.53699776	      1.07247064	      0.06980759	      0.56611812	      1.06018823	     -0.00079751	      0.52805971	      1.04095848	      0.01981234	      0.63757046	      0.83741699	      0.08633309	      0.57337201	      0.81974837	      0.07051889
      0.77000000	      0.70326839	      0.95924989	     -0.30260538	      0.51968084	      0.93113798	     -0.20008813	      0.52534048	      0.94713058	     -0.11072623	      0.71942527	      1.00490486	     -0.04749900	      0.63754471	      0.83526769	     -0.33336501	      0.61656348	      0.43422699	     -0.30538932	      0.61878960	      0.43166570	     -0.17085603	      0.57548972	      0.41679353	     -0.32249985	      0.61109967	      0.36025067	     -0.26117731	      0.29680374	      0.15627134	     -0.28498063	      0.31822827	      0.15815806	     -0.19841654	      0.25151703	      0.19650778	     -0.22892160	      0.33670955	      0.04891732	     -0.15470650	      0.35727499	      0.04306350	     -0.21106174	      0.30901062	      0.05023812	     -0.27181036	      0.68446434	      0.85286514	      0.02595606	      0.78870409	      0.47635701	     -0.04816362	      0.75804297	      0.48109370	     -0.18303634	      0.77671846	      0.43024597	     -0.03919169	      0.82618449	      0.41591951	     -0.11241133	      0.79887624	      0.04388760	     -0.08846467	      0.78905252	      0.06514274	     -0.17495607	      0.72874970	      0.01551418	     -0.14283300	      0.91556250	      0.02384821	     -0.19219678	      0.94032316	      0.03766896	     -0.14095412	      0.90436539	      0.02317604	     -0.07511729	      0.56932523	      1.48314933	     -0.16417854	      0.51022528	      1.19814990	     -0.16086603	      0.71601979	      1.22176427	     -0.17654785	      0.68522982	      1.40078609	     -0.17351592	      0.58354938	      1.05882225	     -0.41034306	      0.59937657	      1.05693002	     -0.32897420	      0.57344522	      1.02894091	     -0.36175678	      0.74096324	      0.85903158	     -0.38318719	      0.67983266	      0.82488668	     -0.37915125	      0.54978267	      1.07356433	      0.07073583	      0.57856746	      1.06134824	     -0.00001823	      0.54079027	      1.04180385	      0.02084463	      0.65254634	      0.83944307	      0.08723325	      0.58842743	      0.82114421	      0.07181812
      0.78000000	      0.71331417	      0.95987343	     -0.30254825	      0.53063577	      0.93222330	     -0.19829601	      0.53702727	      0.94883125	     -0.10909584	      0.73156034	      1.00728507	     -0.04790359	      0.64837681	      0.83665761	     -0.33241703	      0.63876623	      0.43495812	     -0.30788851	      0.64214838	      0.43127883	     -0.17340525	      0.59741343	      0.41843316	     -0.32476538	      0.63247923	      0.36073077	     -0.26421424	      0.31412369	      0.16299836	     -0.28674740	      0.33635545	      0.16378250	     -0.20037005	      0.27097227	      0.20446465	     -0.23027602	      0.35093899	      0.05364687	     -0.15683353	      0.37074035	      0.04714395	     -0.21339090	      0.32218745	      0.05614820	     -0.27366410	      0.69667043	      0.85479008	      0.02663444	      0.79427711	      0.47661800	     -0.04804375	      0.76260718	      0.48176143	     -0.18266823	      0.78183629	      0.43063138	     -0.03899293	      0.83056298	      0.41580074	     -0.11260689	      0.79935915	      0.04407871	     -0.08860719	      0.78908773	      0.06548555	     -0.17500913	      0.72875252	      0.01595128	     -0.14274683	      0.91565424	      0.02383171	     -0.19221409	      0.94051033	      0.03770788	     -0.14103265	      0.90450699	      0.02364233	     -0.07512806	      0.58034098	      1.48451289	     -0.16324552	      0.52133784	      1.19949681	     -0.15965163	      0.72704742	      1.22316925	     -0.17632853	      0.69622218	      1.40218237	     -0.17314484	      0.59199375	      1.06037662	     -0.40873124	      0.60881115	      1.05851607	     -0.32756052	      0.58216333	      1.03079488	     -0.35997203	      0.74731105	      0.85878455	     -0.38298079	      0.68581663	      0.82540562	     -0.37814414	      0.56254123	      1.07473787	      0.07155680	      0.59109955	      1.06258625	      0.00069994	      0.55359116	      1.04270566	      0.02176429	      0.66763904	      0.84165174	      0.08822595	      0.60364478	      0.82267065	      0.07312090
      0.79000000	      0.72317467	      0.96142423	     -0.30236309	      0.54131942	      0.93314693	     -0.19684762	      0.54822473	      0.94996387	     -0.10772494	      0.74288766	      1.00943249	     -0.04793964	      0.65947616	      0.83831041	     -0.33187264	      0.66088852	      0.43633800	     -0.31013133	      0.66505094	      0.43182165	     -0.17569547	      0.61936709	      0.42052530	     -0.32684789	      0.65393458	      0.36194872	     -0.26685213	      0.33249947	      0.16916312	     -0.28851515	      0.35527718	      0.16910744	     -0.20227661	      0.29065923	      0.21124233	     -0.23164250	      0.36761720	      0.05842794	     -0.15916431	      0.38692067	      0.05172726	     -0.21587052	      0.33819090	      0.06198764	     -0.27579925	      0.70865746	      0.85654558	      0.02706456	      0.79928306	      0.47669960	     -0.04791576	      0.76636791	      0.48215099	     -0.18222908	      0.78645943	      0.43082798	     -0.03873561	      0.83432908	      0.41553012	     -0.11281478	      0.79977746	      0.04412551	     -0.08848919	      0.78888040	      0.06563227	     -0.17478962	      0.72867083	      0.01607691	     -0.14219235	      0.91537157	      0.02412931	     -0.19254538	      0.94047461	      0.03805220	     -0.14149733	      0.90477565	      0.02407777	     -0.07540803	      0.59134038	      1.48573655	     -0.16249953	      0.53213663	      1.20076917	     -0.15838098	      0.73775234	      1.22427019	     -0.17640373	      0.70708984	      1.40330925	     -0.17310933	      0.60013600	      1.06159059	     -0.40743342	      0.61783608	      1.05975800	     -0.32644996	      0.59058891	      1.03224642	     -0.35852349	      0.75382074	      0.85860896	     -0.38293921	      0.69206301	      0.82583353	     -0.37738370	      0.57576988	      1.07574070	      0.07277491	      0.60377071	      1.06362726	      0.00168938	      0.56658564	      1.04350327	      0.02311481	      0.68270260	      0.84345063	      0.08901278	      0.61872493	      0.82395949	      0.07449858
