Model Marker Locations from IK
version=1
nRows=106
nColumns=61
inDegrees=no
endheader
time	C7_tx	C7_ty	C7_tz	T10_tx	T10_ty	T10_tz	CLAV_tx	CLAV_ty	CLAV_tz	STRN_tx	STRN_ty	STRN_tz	LSHO_tx	LSHO_ty	LSHO_tz	RSHO_tx	RSHO_ty	RSHO_tz	LASI_tx	LASI_ty	LASI_tz	RASI_tx	RASI_ty	RASI_tz	SACR_tx	SACR_ty	SACR_tz	LTHI_tx	LTHI_ty	LTHI_tz	LTIB_tx	LTIB_ty	LTIB_tz	LANK_tx	LANK_ty	LANK_tz	LHEE_tx	LHEE_ty	LHEE_tz	LTOE_tx	LTOE_ty	LTOE_tz	RTHI_tx	RTHI_ty	RTHI_tz	RKNE_tx	RKNE_ty	RKNE_tz	RTIB_tx	RTIB_ty	RTIB_tz	RANK_tx	RANK_ty	RANK_tz	RHEE_tx	RHEE_ty	RHEE_tz	RTOE_tx	RTOE_ty	RTOE_tz
      0.95000000	     -0.15075347	      1.33949139	     -0.20702760	     -0.21446597	      1.09937783	     -0.20626405	      0.00037301	      1.25315800	     -0.21960650	      0.04692936	      1.09367891	     -0.22553064	     -0.03839516	      1.29430844	     -0.39062196	     -0.01322143	      1.28872000	     -0.04742888	      0.00032394	      0.83801830	     -0.34363744	     -0.01872732	      0.86284964	     -0.06366285	     -0.18542879	      0.86325906	     -0.21677924	     -0.01740867	      0.57622021	     -0.40937840	      0.12581795	      0.19993978	     -0.35677283	      0.19166976	      0.06125579	     -0.30469403	      0.13049111	      0.03518436	     -0.24804938	      0.29678189	      0.07397254	     -0.28083530	     -0.11359875	      0.55964529	     -0.02201125	     -0.15075635	      0.39530411	     -0.10286188	     -0.27068664	      0.18674982	     -0.08283041	     -0.33958540	      0.06626447	     -0.14237843	     -0.41142905	      0.07563954	     -0.19716326	     -0.24545810	      0.03472479	     -0.16000214
      0.96000000	     -0.13873583	      1.33830747	     -0.20781165	     -0.20256131	      1.09822637	     -0.20648668	      0.01230641	      1.25188220	     -0.22076584	      0.05876588	      1.09237197	     -0.22661181	     -0.02700902	      1.29280240	     -0.39171159	     -0.00069961	      1.28770155	     -0.04859611	      0.01195848	      0.83854969	     -0.34508126	     -0.00591397	      0.86109880	     -0.06483596	     -0.17333706	      0.86171173	     -0.21716229	     -0.00489433	      0.57570125	     -0.41108737	      0.13282462	      0.19966971	     -0.35712036	      0.19494925	      0.05960688	     -0.30415959	      0.13277806	      0.03627921	     -0.24755586	      0.30054610	      0.06843630	     -0.27998839	     -0.10123720	      0.55844985	     -0.02296652	     -0.13908674	      0.39393298	     -0.10313602	     -0.26487555	      0.18894622	     -0.08256440	     -0.33730692	      0.07039673	     -0.14180496	     -0.40880473	      0.08275343	     -0.19630319	     -0.24460344	      0.03466548	     -0.15987780
      0.97000000	     -0.12665599	      1.33747744	     -0.20853546	     -0.19050983	      1.09740658	     -0.20678772	      0.02432632	      1.25102029	     -0.22196682	      0.07074202	      1.09149881	     -0.22785331	     -0.01560150	      1.29180953	     -0.39280190	      0.01194819	      1.28697902	     -0.04977987	      0.02380926	      0.83897811	     -0.34643019	      0.00661660	      0.85945212	     -0.06598315	     -0.16120913	      0.86071579	     -0.21786173	      0.00794408	      0.57560678	     -0.41289381	      0.13959972	      0.19983496	     -0.35772613	      0.19753841	      0.05832457	     -0.30387608	      0.13428106	      0.03742039	     -0.24762505	      0.30329528	      0.06358328	     -0.27895812	     -0.08830367	      0.55735805	     -0.02397076	     -0.12612641	      0.39249723	     -0.10344331	     -0.25810159	      0.19154688	     -0.08228726	     -0.33440838	      0.07528526	     -0.14119598	     -0.40548715	      0.09087738	     -0.19525333	     -0.24346809	      0.03516397	     -0.15993812
      0.98000000	     -0.11450770	      1.33700084	     -0.20927479	     -0.17847857	      1.09696509	     -0.20704863	      0.03638091	      1.25045144	     -0.22315731	      0.08269301	      1.09089987	     -0.22904426	     -0.00413799	      1.29108408	     -0.39389050	      0.02463861	      1.28659527	     -0.05096457	      0.03556580	      0.84014210	     -0.34790087	      0.01933531	      0.85822034	     -0.06723191	     -0.14906555	      0.85995476	     -0.21846788	      0.02090368	      0.57597908	     -0.41478405	      0.14608285	      0.20006489	     -0.35846861	      0.19984045	      0.05722178	     -0.30380715	      0.13540328	      0.03859536	     -0.24820175	      0.30553429	      0.05899273	     -0.27772206	     -0.07480396	      0.55666454	     -0.02496196	     -0.11209670	      0.39129095	     -0.10361539	     -0.25039260	      0.19475307	     -0.08194052	     -0.33052858	      0.08094502	     -0.14055520	     -0.40077926	      0.10037180	     -0.19419299	     -0.24193622	      0.03556414	     -0.15998511
      0.99000000	     -0.10232540	      1.33685854	     -0.20998174	     -0.16641746	      1.09685898	     -0.20737317	      0.04846937	      1.25021802	     -0.22430843	      0.09467576	      1.09063740	     -0.23023844	      0.00740111	      1.29075309	     -0.39493352	      0.03732287	      1.28648863	     -0.05210275	      0.04734177	      0.84170966	     -0.34949092	      0.03196705	      0.85705927	     -0.06861137	     -0.13693664	      0.85957926	     -0.21927447	      0.03369921	      0.57662407	     -0.41684103	      0.15218666	      0.20041020	     -0.35929371	      0.20177913	      0.05636848	     -0.30384571	      0.13622114	      0.03973959	     -0.24898324	      0.30721793	      0.05509037	     -0.27648801	     -0.06080922	      0.55617539	     -0.02603915	     -0.09673658	      0.39003096	     -0.10369730	     -0.24164430	      0.19844632	     -0.08156923	     -0.32569332	      0.08736243	     -0.13992895	     -0.39468699	      0.11097156	     -0.19319871	     -0.24003595	      0.03625788	     -0.15999866
      1.00000000	     -0.09012847	      1.33721980	     -0.21063147	     -0.15427286	      1.09723864	     -0.20764452	      0.06058920	      1.25053140	     -0.22547062	      0.10673156	      1.09093524	     -0.23148050	      0.01889493	      1.29097847	     -0.39596472	      0.05009498	      1.28690462	     -0.05324560	      0.05897358	      0.84335400	     -0.35108589	      0.04421823	      0.85539360	     -0.07001180	     -0.12499479	      0.86004848	     -0.22027645	      0.04599391	      0.57758494	     -0.41904427	      0.15795035	      0.20076756	     -0.36016951	      0.20362212	      0.05571740	     -0.30398720	      0.13680437	      0.04072389	     -0.25023821	      0.30856964	      0.05182543	     -0.27484528	     -0.04654414	      0.55568518	     -0.02714523	     -0.07959063	      0.38835694	     -0.10353060	     -0.23167323	      0.20256289	     -0.08113483	     -0.31984063	      0.09464025	     -0.13934943	     -0.38710972	      0.12253059	     -0.19242563	     -0.23762440	      0.03772251	     -0.15982117
      1.01000000	     -0.07797235	      1.33775728	     -0.21125528	     -0.14223155	      1.09781048	     -0.20798796	      0.07265435	      1.25098550	     -0.22652475	      0.11869547	      1.09136334	     -0.23261964	      0.03045990	      1.29139460	     -0.39690476	      0.06270562	      1.28742436	     -0.05428123	      0.07061700	      0.84566492	     -0.35282035	      0.05660949	      0.85424135	     -0.07158104	     -0.11301706	      0.86050884	     -0.22131991	      0.05809388	      0.57869162	     -0.42129365	      0.16329452	      0.20118684	     -0.36101207	      0.20513654	      0.05525859	     -0.30412532	      0.13730770	      0.04165858	     -0.25126594	      0.30957430	      0.04928539	     -0.27358435	     -0.03177675	      0.55566467	     -0.02823377	     -0.06168121	      0.38709813	     -0.10317762	     -0.22060702	      0.20726759	     -0.08066210	     -0.31258687	      0.10254193	     -0.13881681	     -0.37755479	      0.13500544	     -0.19171153	     -0.23458752	      0.03940822	     -0.15972944
      1.02000000	     -0.06587065	      1.33847890	     -0.21179863	     -0.13027107	      1.09857270	     -0.20833653	      0.08465739	      1.25161174	     -0.22749266	      0.13058065	      1.09196038	     -0.23371077	      0.04200336	      1.29203927	     -0.39775383	      0.07522207	      1.28806502	     -0.05522331	      0.08212409	      0.84829054	     -0.35466203	      0.06895982	      0.85320516	     -0.07329419	     -0.10113077	      0.86115139	     -0.22242577	      0.06959804	      0.57982396	     -0.42360480	      0.16811800	      0.20159091	     -0.36176922	      0.20637611	      0.05495895	     -0.30417325	      0.13774947	      0.04248631	     -0.25199944	      0.31033078	      0.04746445	     -0.27256572	     -0.01656740	      0.55590459	     -0.02930361	     -0.04267723	      0.38598763	     -0.10259781	     -0.20829074	      0.21244267	     -0.08016247	     -0.30390823	      0.11105911	     -0.13837240	     -0.36604074	      0.14812721	     -0.19112860	     -0.23079106	      0.04172617	     -0.15970149
      1.03000000	     -0.05385227	      1.33942830	     -0.21235823	     -0.11843288	      1.09957157	     -0.20882597	      0.09658214	      1.25244689	     -0.22831506	      0.14237121	      1.09276093	     -0.23463365	      0.05367728	      1.29293366	     -0.39849911	      0.08746069	      1.28888097	     -0.05602474	      0.09345337	      0.85098822	     -0.35650698	      0.08102320	      0.85223573	     -0.07506560	     -0.08945656	      0.86210726	     -0.22363673	      0.08054474	      0.58100572	     -0.42587701	      0.17254132	      0.20188899	     -0.36244586	      0.20750087	      0.05469977	     -0.30417860	      0.13812429	      0.04312741	     -0.25270464	      0.31095327	      0.04605255	     -0.27151016	     -0.00103871	      0.55638829	     -0.03031634	     -0.02269283	      0.38507917	     -0.10179935	     -0.19469580	      0.21802767	     -0.07954914	     -0.29379187	      0.12011019	     -0.13787464	     -0.35286347	      0.16138337	     -0.19052272	     -0.22577813	      0.04522577	     -0.15957035
      1.04000000	     -0.04195193	      1.34038593	     -0.21278523	     -0.10670493	      1.10057489	     -0.20930660	      0.10839008	      1.25330371	     -0.22905989	      0.15404934	      1.09358814	     -0.23556658	      0.06522340	      1.29393927	     -0.39914224	      0.09959141	      1.28962618	     -0.05672923	      0.10480687	      0.85392342	     -0.35839396	      0.09304487	      0.85146809	     -0.07693181	     -0.07780419	      0.86299675	     -0.22495839	      0.09107627	      0.58212433	     -0.42820144	      0.17645351	      0.20228468	     -0.36303019	      0.20817312	      0.05465073	     -0.30403872	      0.13831670	      0.04374517	     -0.25289481	      0.31125099	      0.04540920	     -0.27086764	      0.01471012	      0.55721203	     -0.03120720	     -0.00205040	      0.38451665	     -0.10064008	     -0.17995825	      0.22390568	     -0.07891994	     -0.28208783	      0.12934834	     -0.13755597	     -0.33762612	      0.17461264	     -0.19020210	     -0.21959784	      0.04919754	     -0.15951493
      1.05000000	     -0.03016660	      1.34168741	     -0.21325122	     -0.09503262	      1.10190617	     -0.20982425	      0.12011952	      1.25453977	     -0.22969100	      0.16569605	      1.09480505	     -0.23630683	      0.07682937	      1.29527155	     -0.39971894	      0.11148347	      1.29079012	     -0.05733693	      0.11596178	      0.85663849	     -0.36009473	      0.10447603	      0.85016232	     -0.07868498	     -0.06647121	      0.86458470	     -0.22634408	      0.10074447	      0.58333290	     -0.43046692	      0.17993881	      0.20228948	     -0.36359370	      0.20898987	      0.05435820	     -0.30397591	      0.13849598	      0.04392525	     -0.25349069	      0.31159763	      0.04467273	     -0.26984066	      0.03055369	      0.55805204	     -0.03213994	      0.01960967	      0.38404190	     -0.09941724	     -0.16381914	      0.22994701	     -0.07822963	     -0.26888004	      0.13885989	     -0.13717935	     -0.32120875	      0.18730423	     -0.18986665	     -0.21134490	      0.05465549	     -0.15927956
      1.06000000	     -0.01851886	      1.34301702	     -0.21361306	     -0.08356647	      1.10328106	     -0.21047184	      0.13170589	      1.25577456	     -0.23011082	      0.17716378	      1.09601304	     -0.23689358	      0.08849144	      1.29672941	     -0.40010443	      0.12305156	      1.29183833	     -0.05771852	      0.12676111	      0.85902047	     -0.36187949	      0.11568322	      0.84912295	     -0.08055293	     -0.05541889	      0.86624462	     -0.22774360	      0.10978856	      0.58435366	     -0.43257588	      0.18305891	      0.20228545	     -0.36399125	      0.20960779	      0.05414075	     -0.30373998	      0.13858973	      0.04425970	     -0.25377218	      0.31180931	      0.04397737	     -0.26883730	      0.04670993	      0.55912719	     -0.03310923	      0.04178582	      0.38408247	     -0.09838276	     -0.14642827	      0.23609122	     -0.07759969	     -0.25415650	      0.14833877	     -0.13679315	     -0.30371136	      0.19933399	     -0.18944414	     -0.20097370	      0.06104031	     -0.15909362
      1.07000000	     -0.00705618	      1.34423226	     -0.21391081	     -0.07234557	      1.10455656	     -0.21122026	      0.14309424	      1.25686729	     -0.23043689	      0.18839786	      1.09707193	     -0.23745069	      0.10005360	      1.29814871	     -0.40039561	      0.13434115	      1.29265220	     -0.05799148	      0.13771859	      0.86169011	     -0.36357624	      0.12687981	      0.84894170	     -0.08235513	     -0.04435239	      0.86747786	     -0.22922284	      0.11880928	      0.58530359	     -0.43454715	      0.18583995	      0.20239708	     -0.36434315	      0.20981376	      0.05406699	     -0.30347156	      0.13859695	      0.04437228	     -0.25351351	      0.31181748	      0.04412624	     -0.26856842	      0.06310398	      0.56075102	     -0.03385743	      0.06397434	      0.38491128	     -0.09714382	     -0.12810654	      0.24216753	     -0.07690834	     -0.23788772	      0.15722199	     -0.13642367	     -0.28470014	      0.21042264	     -0.18906053	     -0.18884429	      0.06722997	     -0.15891359
      1.08000000	      0.00433207	      1.34571176	     -0.21422346	     -0.06117416	      1.10609107	     -0.21193331	      0.15442418	      1.25823499	     -0.23068773	      0.19959367	      1.09840880	     -0.23786238	      0.11162358	      1.29978326	     -0.40064203	      0.14549686	      1.29379587	     -0.05820491	      0.14827131	      0.86373456	     -0.36509930	      0.13752191	      0.84826021	     -0.08401158	     -0.03367584	      0.86936989	     -0.23057177	      0.12692680	      0.58622282	     -0.43631403	      0.18837686	      0.20225121	     -0.36462288	      0.21027734	      0.05381733	     -0.30322531	      0.13868515	      0.04452265	     -0.25361951	      0.31197669	      0.04362932	     -0.26780773	      0.07943901	      0.56235449	     -0.03474711	      0.08671926	      0.38605487	     -0.09631802	     -0.10858127	      0.24801443	     -0.07632607	     -0.22027213	      0.16570836	     -0.13599676	     -0.26527340	      0.22035732	     -0.18859937	     -0.17408682	      0.07411555	     -0.15860477
      1.09000000	      0.01551487	      1.34707623	     -0.21456220	     -0.05028024	      1.10753036	     -0.21278316	      0.16553909	      1.25944638	     -0.23082995	      0.21053479	      1.09957776	     -0.23814986	      0.12316231	      1.30130523	     -0.40081424	      0.15627395	      1.29475415	     -0.05831295	      0.15887270	      0.86592851	     -0.36648398	      0.14810476	      0.84836530	     -0.08551975	     -0.02306071	      0.87086671	     -0.23191048	      0.13508216	      0.58707873	     -0.43786073	      0.19069121	      0.20222974	     -0.36482961	      0.21041524	      0.05369454	     -0.30294127	      0.13869773	      0.04440757	     -0.25328603	      0.31197837	      0.04393452	     -0.26762691	      0.09596741	      0.56439200	     -0.03546261	      0.10939731	      0.38792357	     -0.09549649	     -0.08825063	      0.25351076	     -0.07575162	     -0.20132365	      0.17322964	     -0.13557772	     -0.24480709	      0.22901057	     -0.18814028	     -0.15749050	      0.08039239	     -0.15831120
      1.10000000	      0.02656313	      1.34854943	     -0.21478422	     -0.03950146	      1.10907374	     -0.21366731	      0.17652630	      1.26078759	     -0.23090266	      0.22136102	      1.10088501	     -0.23846452	      0.13457869	      1.30305797	     -0.40089157	      0.16691204	      1.29573571	     -0.05833154	      0.16930037	      0.86777221	     -0.36788198	      0.15843950	      0.84867013	     -0.08702175	     -0.01263154	      0.87256902	     -0.23330134	      0.14293780	      0.58787653	     -0.43925978	      0.19290216	      0.20214003	     -0.36502072	      0.21059787	      0.05352915	     -0.30270235	      0.13869779	      0.04440896	     -0.25311140	      0.31198937	      0.04389513	     -0.26731794	      0.11244399	      0.56672373	     -0.03623760	      0.13215680	      0.39040949	     -0.09497625	     -0.06703358	      0.25855750	     -0.07528088	     -0.18110601	      0.17973576	     -0.13515026	     -0.22380314	      0.23611378	     -0.18770485	     -0.13854420	      0.08629942	     -0.15790734
      1.11000000	      0.03748867	      1.35001613	     -0.21502028	     -0.02890803	      1.11063006	     -0.21460628	      0.18737973	      1.26208120	     -0.23086374	      0.23201761	      1.10213301	     -0.23862297	      0.14601059	      1.30476422	     -0.40089130	      0.17728548	      1.29668222	     -0.05825009	      0.17951427	      0.86942853	     -0.36917598	      0.16861832	      0.84928843	     -0.08838964	     -0.00239491	      0.87421996	     -0.23456443	      0.15068940	      0.58863138	     -0.44041895	      0.19506185	      0.20208909	     -0.36514887	      0.21073797	      0.05340474	     -0.30246607	      0.13865743	      0.04442797	     -0.25294446	      0.31195999	      0.04389369	     -0.26701560	      0.12899227	      0.56927446	     -0.03701674	      0.15492109	      0.39344583	     -0.09478804	     -0.04504072	      0.26304426	     -0.07491090	     -0.15976064	      0.18509991	     -0.13469170	     -0.20223582	      0.24173606	     -0.18718418	     -0.11770888	      0.09148280	     -0.15751135
      1.12000000	      0.04817719	      1.35152252	     -0.21541393	     -0.01839969	      1.11218629	     -0.21567758	      0.19807016	      1.26350020	     -0.23074576	      0.24262185	      1.10353112	     -0.23856937	      0.15747539	      1.30648938	     -0.40088279	      0.18724856	      1.29782960	     -0.05812194	      0.18976942	      0.87081301	     -0.37028476	      0.17868817	      0.84998278	     -0.08955602	      0.00783057	      0.87597977	     -0.23572721	      0.15829115	      0.58933539	     -0.44136988	      0.19714312	      0.20198788	     -0.36525198	      0.21088237	      0.05323473	     -0.30227863	      0.13862056	      0.04440423	     -0.25284336	      0.31193663	      0.04379230	     -0.26674403	      0.14538277	      0.57203581	     -0.03771882	      0.17756140	      0.39699520	     -0.09473509	     -0.02241274	      0.26687095	     -0.07462550	     -0.13734130	      0.18914280	     -0.13428694	     -0.18009435	      0.24567656	     -0.18674508	     -0.09500690	      0.09573269	     -0.15710923
      1.13000000	      0.05877554	      1.35301344	     -0.21567271	     -0.00803740	      1.11374462	     -0.21659189	      0.20863197	      1.26486932	     -0.23065809	      0.25305111	      1.10487019	     -0.23861979	      0.16865353	      1.30820490	     -0.40085317	      0.19726265	      1.29889899	     -0.05801013	      0.19970547	      0.87210659	     -0.37142334	      0.18880342	      0.85098586	     -0.09070930	      0.01789820	      0.87765670	     -0.23670330	      0.16568234	      0.59000451	     -0.44216197	      0.19914704	      0.20196328	     -0.36528229	      0.21101070	      0.05316010	     -0.30204640	      0.13861166	      0.04451397	     -0.25263757	      0.31192925	      0.04372555	     -0.26651037	      0.16189222	      0.57495554	     -0.03857627	      0.20004998	      0.40100230	     -0.09523131	      0.00084701	      0.26997383	     -0.07455497	     -0.11396159	      0.19183017	     -0.13390379	     -0.15748961	      0.24799685	     -0.18621661	     -0.07075318	      0.09894758	     -0.15684948
      1.14000000	      0.06920245	      1.35446422	     -0.21612450	      0.00226180	      1.11523404	     -0.21762704	      0.21908027	      1.26625249	     -0.23048509	      0.26344832	      1.10623727	     -0.23840809	      0.17994541	      1.30979628	     -0.40082304	      0.20689914	      1.30010000	     -0.05785669	      0.20967070	      0.87326046	     -0.37239909	      0.19898741	      0.85208975	     -0.09168040	      0.02801261	      0.87927537	     -0.23749788	      0.17303966	      0.59063593	     -0.44277446	      0.20111224	      0.20192554	     -0.36531263	      0.21113391	      0.05306936	     -0.30188304	      0.13861661	      0.04461472	     -0.25248036	      0.31193076	      0.04359037	     -0.26638070	      0.17835487	      0.57799039	     -0.03939062	      0.22230916	      0.40536813	     -0.09591593	      0.02461819	      0.27232203	     -0.07456972	     -0.08965890	      0.19312207	     -0.13354292	     -0.13434266	      0.24863138	     -0.18569326	     -0.04500566	      0.10106775	     -0.15662095
      1.15000000	      0.07952042	      1.35584802	     -0.21646882	      0.01247354	      1.11665205	     -0.21856486	      0.22941740	      1.26758264	     -0.23028963	      0.27374361	      1.10755629	     -0.23822220	      0.19104379	      1.31136030	     -0.40074079	      0.21650224	      1.30121792	     -0.05767311	      0.21956027	      0.87438355	     -0.37335607	      0.20930801	      0.85348712	     -0.09260076	      0.03812802	      0.88073069	     -0.23816646	      0.18043512	      0.59123556	     -0.44325102	      0.20299325	      0.20193207	     -0.36532431	      0.21112041	      0.05302535	     -0.30174249	      0.13849320	      0.04485612	     -0.25233359	      0.31179923	      0.04334092	     -0.26629020	      0.19480288	      0.58116376	     -0.04020942	      0.24422156	      0.41005472	     -0.09682237	      0.04879736	      0.27392842	     -0.07470166	     -0.06452542	      0.19304845	     -0.13323461	     -0.11066781	      0.24763697	     -0.18519233	     -0.01797700	      0.10208566	     -0.15647733
      1.16000000	      0.08971648	      1.35702206	     -0.21710443	      0.02248813	      1.11788194	     -0.21970091	      0.23962013	      1.26864021	     -0.23008303	      0.28386176	      1.10858118	     -0.23782601	      0.20228499	      1.31252419	     -0.40073735	      0.22571778	      1.30221015	     -0.05753048	      0.22928742	      0.87560857	     -0.37429790	      0.22000376	      0.85554141	     -0.09344840	      0.04825837	      0.88165216	     -0.23855500	      0.18759409	      0.59172444	     -0.44356702	      0.20481878	      0.20220294	     -0.36525884	      0.21109755	      0.05326934	     -0.30153076	      0.13864062	      0.04600488	     -0.25169131	      0.31183213	      0.04248994	     -0.26667157	      0.21132411	      0.58441898	     -0.04076776	      0.26570843	      0.41489814	     -0.09760583	      0.07324969	      0.27475421	     -0.07493454	     -0.03860855	      0.19163940	     -0.13315301	     -0.08616877	      0.24524435	     -0.18488855	      0.00989089	      0.10180005	     -0.15664684
      1.17000000	      0.09973149	      1.35835718	     -0.21747659	      0.03273920	      1.11915621	     -0.22052841	      0.24977280	      1.27012438	     -0.22986519	      0.29419759	      1.11011213	     -0.23752571	      0.21313718	      1.31409095	     -0.40064981	      0.23509060	      1.30356250	     -0.05735164	      0.23923343	      0.87645107	     -0.37514555	      0.23035881	      0.85627375	     -0.09429072	      0.05848044	      0.88329360	     -0.23907309	      0.19487710	      0.59227967	     -0.44397100	      0.20654457	      0.20183049	     -0.36520320	      0.21119691	      0.05288576	     -0.30136173	      0.13848703	      0.04513979	     -0.25176070	      0.31174111	      0.04299625	     -0.26626902	      0.22734918	      0.58753953	     -0.04193088	      0.28686256	      0.41987155	     -0.09912477	      0.09815884	      0.27494119	     -0.07527929	     -0.01197269	      0.18909141	     -0.13281700	     -0.06179780	      0.24094648	     -0.18439679	      0.03963036	      0.10120717	     -0.15635080
      1.18000000	      0.10970728	      1.35930635	     -0.21805886	      0.04273300	      1.12010575	     -0.22150895	      0.25981862	      1.27107298	     -0.22956336	      0.30428706	      1.11106060	     -0.23696382	      0.22419126	      1.31504198	     -0.40056054	      0.24411925	      1.30450889	     -0.05713898	      0.24896658	      0.87748097	     -0.37596102	      0.24114408	      0.85781947	     -0.09503835	      0.06867744	      0.88406768	     -0.23926202	      0.20182297	      0.59269354	     -0.44427463	      0.20821376	      0.20216368	     -0.36512310	      0.21108446	      0.05323478	     -0.30113987	      0.13858887	      0.04639537	     -0.25105722	      0.31170642	      0.04223485	     -0.26671174	      0.24352996	      0.59059923	     -0.04270508	      0.30753908	      0.42474653	     -0.10033537	      0.12322570	      0.27440279	     -0.07567261	      0.01533760	      0.18544239	     -0.13273340	     -0.03632783	      0.23575813	     -0.18406219	      0.06952886	      0.09923880	     -0.15652753
      1.19000000	      0.11963303	      1.36045839	     -0.21853796	      0.05291755	      1.12118867	     -0.22220287	      0.26988447	      1.27237318	     -0.22932667	      0.31454822	      1.11240329	     -0.23646484	      0.23499056	      1.31624266	     -0.40050056	      0.25336727	      1.30585700	     -0.05698801	      0.25867471	      0.87852176	     -0.37677646	      0.25210271	      0.85880326	     -0.09582575	      0.07901657	      0.88530491	     -0.23925876	      0.20890599	      0.59327956	     -0.44450235	      0.20963779	      0.20169575	     -0.36502320	      0.21114448	      0.05276763	     -0.30099152	      0.13842936	      0.04557016	     -0.25112266	      0.31160652	      0.04242245	     -0.26634844	      0.25917966	      0.59362885	     -0.04365213	      0.32748561	      0.42964468	     -0.10169545	      0.14840403	      0.27322094	     -0.07613530	      0.04327476	      0.18069232	     -0.13266865	     -0.01073364	      0.22873770	     -0.18391646	      0.10099336	      0.09696872	     -0.15643314
      1.20000000	      0.12945657	      1.36119328	     -0.21918379	      0.06297673	      1.12186169	     -0.22308327	      0.27984683	      1.27323555	     -0.22903793	      0.32469394	      1.11330112	     -0.23581159	      0.24591409	      1.31696386	     -0.40044102	      0.26229368	      1.30681527	     -0.05682037	      0.26855988	      0.87926275	     -0.37739766	      0.26299368	      0.85989709	     -0.09640068	      0.08937040	      0.88595178	     -0.23926525	      0.21569679	      0.59358550	     -0.44470966	      0.21116402	      0.20197834	     -0.36489387	      0.21099384	      0.05309012	     -0.30075199	      0.13854241	      0.04665130	     -0.25034524	      0.31156182	      0.04182030	     -0.26686818	      0.27475537	      0.59638365	     -0.04444598	      0.34695807	      0.43427619	     -0.10304187	      0.17382696	      0.27137810	     -0.07660138	      0.07188069	      0.17504953	     -0.13261472	      0.01576896	      0.22092166	     -0.18363910	      0.13273611	      0.09368883	     -0.15658701
      1.21000000	      0.13932236	      1.36198572	     -0.21954387	      0.07297238	      1.12262188	     -0.22366919	      0.28979418	      1.27409690	     -0.22874616	      0.33474479	      1.11418218	     -0.23529550	      0.25656153	      1.31777116	     -0.40030013	      0.27150150	      1.30770650	     -0.05661142	      0.27819826	      0.88047940	     -0.37817742	      0.27431038	      0.86154209	     -0.09712302	      0.09975226	      0.88643496	     -0.23905253	      0.22281561	      0.59409311	     -0.44474728	      0.21232185	      0.20140212	     -0.36476233	      0.21094976	      0.05250951	     -0.30064512	      0.13839519	      0.04571717	     -0.25028814	      0.31144167	      0.04184154	     -0.26677932	      0.29016892	      0.59919818	     -0.04511168	      0.36569442	      0.43878202	     -0.10417173	      0.19925106	      0.26907668	     -0.07706860	      0.10106042	      0.16870293	     -0.13268726	      0.04270417	      0.21186002	     -0.18367498	      0.16557992	      0.09032806	     -0.15660366
      1.22000000	      0.14905856	      1.36239002	     -0.22007864	      0.08306464	      1.12292881	     -0.22426395	      0.29969497	      1.27470372	     -0.22848593	      0.34490012	      1.11484577	     -0.23465815	      0.26720327	      1.31815307	     -0.40023884	      0.28055076	      1.30846615	     -0.05647374	      0.28812610	      0.88100119	     -0.37862988	      0.28521113	      0.86193322	     -0.09757254	      0.11015749	      0.88683120	     -0.23888953	      0.22948144	      0.59431226	     -0.44498657	      0.21380113	      0.20180842	     -0.36465586	      0.21076101	      0.05298652	     -0.30043195	      0.13851622	      0.04699438	     -0.24948512	      0.31137107	      0.04131083	     -0.26740048	      0.30493314	      0.60143944	     -0.04584670	      0.38389051	      0.44284934	     -0.10534837	      0.22490278	      0.26616500	     -0.07751484	      0.13091987	      0.16160985	     -0.13269781	      0.07050215	      0.20202061	     -0.18357490	      0.19884168	      0.08623257	     -0.15667846
      1.23000000	      0.15889309	      1.36288035	     -0.22044487	      0.09305722	      1.12337875	     -0.22480468	      0.30961378	      1.27527946	     -0.22820728	      0.35493739	      1.11544575	     -0.23413405	      0.27779326	      1.31864335	     -0.40010738	      0.28975247	      1.30909704	     -0.05628725	      0.29763773	      0.88163323	     -0.37933909	      0.29662114	      0.86348638	     -0.09820750	      0.12054072	      0.88702306	     -0.23847826	      0.23638389	      0.59454014	     -0.44482237	      0.21481243	      0.20115908	     -0.36450007	      0.21060719	      0.05232626	     -0.30036725	      0.13833920	      0.04585409	     -0.24935134	      0.31120147	      0.04140043	     -0.26754098	      0.31955584	      0.60382214	     -0.04621233	      0.40121779	      0.44679386	     -0.10620383	      0.25049321	      0.26295804	     -0.07793534	      0.16132427	      0.15413512	     -0.13285526	      0.09886697	      0.19141278	     -0.18373071	      0.23290053	      0.08228288	     -0.15676790
      1.24000000	      0.16872656	      1.36307445	     -0.22085576	      0.10303273	      1.12353506	     -0.22528140	      0.31952368	      1.27554472	     -0.22790347	      0.36495403	      1.11572931	     -0.23349693	      0.28840772	      1.31874009	     -0.39997489	      0.29891856	      1.30950406	     -0.05609896	      0.30740231	      0.88261407	     -0.37989567	      0.30785988	      0.86437229	     -0.09876875	      0.13095985	      0.88686422	     -0.23817703	      0.24298556	      0.59489853	     -0.44497386	      0.21568204	      0.20091532	     -0.36435072	      0.21044593	      0.05212155	     -0.30020316	      0.13834251	      0.04585419	     -0.24886438	      0.31110552	      0.04096757	     -0.26786768	      0.33380199	      0.60570866	     -0.04673057	      0.41800439	      0.45012193	     -0.10696564	      0.27618529	      0.25926300	     -0.07831160	      0.19233911	      0.14617421	     -0.13299678	      0.12809414	      0.18018031	     -0.18397080	      0.26741419	      0.07796231	     -0.15671779
      1.25000000	      0.17845004	      1.36310930	     -0.22122526	      0.11314498	      1.12346388	     -0.22566510	      0.32940769	      1.27580787	     -0.22763958	      0.37510637	      1.11605820	     -0.23291644	      0.29885369	      1.31879354	     -0.39986415	      0.30812214	      1.30989601	     -0.05594357	      0.31727380	      0.88260319	     -0.38023398	      0.31880635	      0.86446285	     -0.09910431	      0.14137568	      0.88691973	     -0.23784228	      0.24951940	      0.59487194	     -0.44498792	      0.21683740	      0.20078293	     -0.36422524	      0.21025198	      0.05203669	     -0.30009180	      0.13833595	      0.04604050	     -0.24838053	      0.31097378	      0.04054652	     -0.26833186	      0.34730417	      0.60719544	     -0.04719175	      0.43398703	      0.45313581	     -0.10783205	      0.30200329	      0.25528770	     -0.07869489	      0.22397269	      0.13797421	     -0.13308698	      0.15797408	      0.16845369	     -0.18408029	      0.30251238	      0.07378950	     -0.15671804
      1.26000000	      0.18836567	      1.36298294	     -0.22153101	      0.12316269	      1.12330972	     -0.22597040	      0.33937464	      1.27573183	     -0.22739882	      0.38514817	      1.11599462	     -0.23239638	      0.30934352	      1.31855936	     -0.39975470	      0.31753985	      1.30995848	     -0.05579935	      0.32684196	      0.88289917	     -0.38072724	      0.32989164	      0.86478425	     -0.09960829	      0.15166639	      0.88658207	     -0.23742989	      0.25599864	      0.59493328	     -0.44505683	      0.21776247	      0.20059763	     -0.36410241	      0.21000236	      0.05190071	     -0.29998598	      0.13825820	      0.04601758	     -0.24793894	      0.31078625	      0.04029730	     -0.26875754	      0.36050168	      0.60840487	     -0.04756486	      0.44925864	      0.45562079	     -0.10843160	      0.32782781	      0.25102489	     -0.07899257	      0.25621440	      0.12960366	     -0.13319709	      0.18875164	      0.15640896	     -0.18433902	      0.33808958	      0.06963808	     -0.15658449
      1.27000000	      0.19806669	      1.36242430	     -0.22188616	      0.13333339	      1.12261826	     -0.22601540	      0.34925508	      1.27545285	     -0.22726535	      0.39534566	      1.11579485	     -0.23186437	      0.31951308	      1.31789937	     -0.39976557	      0.32698517	      1.30995910	     -0.05577784	      0.33687833	      0.88281437	     -0.38082916	      0.34060835	      0.86328926	     -0.09981284	      0.16208030	      0.88618225	     -0.23706379	      0.26232196	      0.59481407	     -0.44544317	      0.21905937	      0.20108800	     -0.36402580	      0.20970561	      0.05253201	     -0.29979547	      0.13837599	      0.04745431	     -0.24705958	      0.31062013	      0.03985147	     -0.26955885	      0.37283398	      0.60880537	     -0.04797238	      0.46410276	      0.45746200	     -0.10872374	      0.35364247	      0.24662462	     -0.07916291	      0.28889690	      0.12137049	     -0.13328446	      0.22023997	      0.14418941	     -0.18481003	      0.37410832	      0.06607609	     -0.15610181
      1.28000000	      0.20810851	      1.36223028	     -0.22209766	      0.14345780	      1.12240406	     -0.22634676	      0.35933736	      1.27530180	     -0.22701385	      0.40548791	      1.11565607	     -0.23143404	      0.33008324	      1.31769091	     -0.39961157	      0.33656016	      1.30984985	     -0.05560139	      0.34634272	      0.88214104	     -0.38126784	      0.35160073	      0.86375145	     -0.10019936	      0.17231648	      0.88592773	     -0.23657953	      0.26860238	      0.59449173	     -0.44509911	      0.21984576	      0.20033414	     -0.36383577	      0.20953387	      0.05177079	     -0.29976934	      0.13826249	      0.04638714	     -0.24687711	      0.31047386	      0.03949205	     -0.26985021	      0.38501099	      0.60951197	     -0.04809709	      0.47755266	      0.45915304	     -0.10936508	      0.37953588	      0.24213146	     -0.07947533	      0.32233293	      0.11317118	     -0.13339003	      0.25255770	      0.13202337	     -0.18496595	      0.41052684	      0.06263526	     -0.15611527
      1.29000000	      0.21817570	      1.36163169	     -0.22230075	      0.15336110	      1.12184792	     -0.22644781	      0.36935242	      1.27458885	     -0.22677751	      0.41539727	      1.11490527	     -0.23092429	      0.34052665	      1.31681816	     -0.39948645	      0.34620553	      1.30933301	     -0.05545424	      0.35595208	      0.88272625	     -0.38158085	      0.36260184	      0.86395795	     -0.10056689	      0.18253890	      0.88483161	     -0.23612427	      0.27495267	      0.59471289	     -0.44516843	      0.22042705	      0.20021324	     -0.36365655	      0.20933759	      0.05167918	     -0.29965211	      0.13828987	      0.04643786	     -0.24639801	      0.31035983	      0.03916042	     -0.27029428	      0.39700193	      0.60954235	     -0.04827217	      0.49065650	      0.45986751	     -0.10952408	      0.40527722	      0.23741032	     -0.07959677	      0.35612185	      0.10515593	     -0.13346934	      0.28573307	      0.11997346	     -0.18546881	      0.44713790	      0.05949237	     -0.15560510
      1.30000000	      0.22822147	      1.36090265	     -0.22252349	      0.16344055	      1.12110585	     -0.22643693	      0.37941528	      1.27387048	     -0.22661372	      0.42548482	      1.11418629	     -0.23045086	      0.35088320	      1.31584765	     -0.39943286	      0.35596869	      1.30885885	     -0.05538093	      0.36582625	      0.88274887	     -0.38163036	      0.37328100	      0.86318176	     -0.10069110	      0.19279739	      0.88393498	     -0.23570646	      0.28115732	      0.59474109	     -0.44523925	      0.22111829	      0.20011419	     -0.36347183	      0.20918814	      0.05162312	     -0.29951883	      0.13834526	      0.04666505	     -0.24593515	      0.31026473	      0.03865421	     -0.27066538	      0.40820320	      0.60906001	     -0.04846614	      0.50305557	      0.46013376	     -0.10969960	      0.43099155	      0.23286509	     -0.07968760	      0.39034169	      0.09772353	     -0.13348421	      0.31957196	      0.10826677	     -0.18596808	      0.48403332	      0.05737208	     -0.15492753
      1.31000000	      0.23838071	      1.36007038	     -0.22263507	      0.17363672	      1.12026073	     -0.22636801	      0.38959103	      1.27305430	     -0.22644776	      0.43568660	      1.11337228	     -0.23005642	      0.36126312	      1.31484086	     -0.39934665	      0.36593193	      1.30822447	     -0.05528146	      0.37565385	      0.88214749	     -0.38166333	      0.38387487	      0.86213706	     -0.10077668	      0.20302316	      0.88309479	     -0.23526687	      0.28752357	      0.59445672	     -0.44519602	      0.22213155	      0.20006269	     -0.36328563	      0.20904151	      0.05164441	     -0.29939060	      0.13837753	      0.04698255	     -0.24549772	      0.31014322	      0.03821448	     -0.27102673	      0.41882833	      0.60818190	     -0.04861338	      0.51461505	      0.45989975	     -0.10995540	      0.45657744	      0.22851534	     -0.07976002	      0.42485969	      0.09094829	     -0.13341650	      0.35395406	      0.09712598	     -0.18635836	      0.52095226	      0.05615820	     -0.15419372
      1.32000000	      0.24859252	      1.35913109	     -0.22269227	      0.18387032	      1.11931280	     -0.22624326	      0.39981298	      1.27212285	     -0.22627505	      0.44592406	      1.11244082	     -0.22967889	      0.37164410	      1.31373226	     -0.39924264	      0.37599064	      1.30746438	     -0.05516670	      0.38549456	      0.88126430	     -0.38161949	      0.39440669	      0.86096514	     -0.10077464	      0.21323297	      0.88218960	     -0.23478875	      0.29400333	      0.59403841	     -0.44506358	      0.22330121	      0.20007996	     -0.36309130	      0.20889627	      0.05175125	     -0.29927121	      0.13841002	      0.04740862	     -0.24506765	      0.31000903	      0.03781380	     -0.27140735	      0.42892752	      0.60688329	     -0.04867726	      0.52537234	      0.45909342	     -0.11017593	      0.48193072	      0.22439771	     -0.07977512	      0.45956646	      0.08494171	     -0.13326896	      0.38884633	      0.08672806	     -0.18671682	      0.55776737	      0.05589160	     -0.15330848
      1.33000000	      0.25891609	      1.35810660	     -0.22267038	      0.19413996	      1.11830050	     -0.22605760	      0.41011828	      1.27106015	     -0.22609252	      0.45619404	      1.11136458	     -0.22933562	      0.38205931	      1.31253092	     -0.39911126	      0.38620508	      1.30655084	     -0.05502772	      0.39541150	      0.88023072	     -0.38147564	      0.40482908	      0.85976527	     -0.10065935	      0.22342256	      0.88119226	     -0.23432586	      0.30058071	      0.59356448	     -0.44484926	      0.22456714	      0.20011748	     -0.36288209	      0.20882552	      0.05188170	     -0.29916187	      0.13850584	      0.04787106	     -0.24466867	      0.30993453	      0.03739467	     -0.27177055	      0.43851471	      0.60518300	     -0.04868184	      0.53530991	      0.45770838	     -0.11038646	      0.50689752	      0.22060013	     -0.07972720	      0.49423397	      0.07985279	     -0.13301460	      0.42403789	      0.07718574	     -0.18704375	      0.59424628	      0.05679290	     -0.15219328
      1.34000000	      0.26932678	      1.35702029	     -0.22259322	      0.20450803	      1.11722332	     -0.22580731	      0.42051416	      1.26994363	     -0.22589908	      0.46656183	      1.11023712	     -0.22899959	      0.39251563	      1.31128026	     -0.39895971	      0.39655512	      1.30557630	     -0.05487021	      0.40526703	      0.87878410	     -0.38129690	      0.41525033	      0.85834695	     -0.10049809	      0.23360793	      0.88024941	     -0.23376661	      0.30738196	      0.59286094	     -0.44455366	      0.22619016	      0.20028024	     -0.36269907	      0.20875704	      0.05219263	     -0.29907472	      0.13858290	      0.04857241	     -0.24430625	      0.30982840	      0.03708282	     -0.27214563	      0.44752902	      0.60305165	     -0.04865302	      0.54439078	      0.45575140	     -0.11066891	      0.53132703	      0.21719989	     -0.07965546	      0.52860316	      0.07580652	     -0.13266699	      0.45923321	      0.06890472	     -0.18726408	      0.63005452	      0.05858674	     -0.15100197
      1.35000000	      0.27981983	      1.35587191	     -0.22246928	      0.21505977	      1.11605457	     -0.22532635	      0.43102824	      1.26882778	     -0.22566830	      0.47711487	      1.10912828	     -0.22854269	      0.40299699	      1.30990592	     -0.39878517	      0.40708269	      1.30470311	     -0.05468828	      0.41517936	      0.87706483	     -0.38087976	      0.42544598	      0.85585501	     -0.10014847	      0.24377386	      0.87955426	     -0.23306861	      0.31435552	      0.59199246	     -0.44435388	      0.22816068	      0.20041723	     -0.36261485	      0.20885384	      0.05254676	     -0.29902648	      0.13862047	      0.04944014	     -0.24425618	      0.30977150	      0.03671454	     -0.27213889	      0.45599673	      0.60044003	     -0.04885818	      0.55282362	      0.45328667	     -0.11127596	      0.55516995	      0.21434649	     -0.07954615	      0.56231359	      0.07292383	     -0.13206591	      0.49399821	      0.06150994	     -0.18717855	      0.66483767	      0.06204910	     -0.14956325
      1.36000000	      0.29040798	      1.35463985	     -0.22209276	      0.22561830	      1.11482897	     -0.22481702	      0.44160355	      1.26757770	     -0.22540634	      0.48766951	      1.10787214	     -0.22827540	      0.41341565	      1.30860670	     -0.39850943	      0.41782134	      1.30350739	     -0.05441494	      0.42514524	      0.87512928	     -0.38056869	      0.43577144	      0.85396606	     -0.09984727	      0.25400875	      0.87863548	     -0.23246674	      0.32168169	      0.59097268	     -0.44401900	      0.23034750	      0.20064023	     -0.36255537	      0.20893438	      0.05302357	     -0.29905176	      0.13869044	      0.05044168	     -0.24420862	      0.30970148	      0.03641912	     -0.27232718	      0.46413268	      0.59754380	     -0.04893748	      0.56040907	      0.45024868	     -0.11187033	      0.57803346	      0.21191610	     -0.07941291	      0.59507487	      0.07115013	     -0.13141541	      0.52810427	      0.05571340	     -0.18706045	      0.69831798	      0.06610724	     -0.14806581
      1.37000000	      0.30111351	      1.35322087	     -0.22173827	      0.23603256	      1.11349049	     -0.22460180	      0.45220289	      1.26597740	     -0.22512577	      0.49807467	      1.10621788	     -0.22809950	      0.42404179	      1.30714738	     -0.39819974	      0.42848703	      1.30183041	     -0.05410905	      0.43536618	      0.87284887	     -0.38013878	      0.44632161	      0.85395866	     -0.09926789	      0.26435902	      0.87700950	     -0.23190444	      0.32953440	      0.58979097	     -0.44304752	      0.23284104	      0.20125867	     -0.36236030	      0.20885709	      0.05390751	     -0.29915970	      0.13904013	      0.05177430	     -0.24364865	      0.30963102	      0.03638816	     -0.27354973	      0.47220187	      0.59441204	     -0.04842990	      0.56687798	      0.44647037	     -0.11226743	      0.59960977	      0.20969091	     -0.07925267	      0.62656490	      0.07031830	     -0.13081258	      0.56113290	      0.05151891	     -0.18700653	      0.73029015	      0.07042272	     -0.14663586
      1.38000000	      0.31186237	      1.35173157	     -0.22125357	      0.24675950	      1.11200601	     -0.22402098	      0.46294118	      1.26447579	     -0.22479211	      0.50879717	      1.10471231	     -0.22779677	      0.43459912	      1.30562862	     -0.39784063	      0.43941018	      1.30034981	     -0.05375427	      0.44565347	      0.87038121	     -0.37957442	      0.45684088	      0.85233096	     -0.09865745	      0.27483286	      0.87576485	     -0.23116447	      0.33760555	      0.58843615	     -0.44240418	      0.23570014	      0.20175609	     -0.36238020	      0.20901918	      0.05479267	     -0.29935806	      0.13927410	      0.05328465	     -0.24365931	      0.30961219	      0.03626953	     -0.27411392	      0.48009151	      0.59095952	     -0.04836058	      0.57336037	      0.44250766	     -0.11307920	      0.62005232	      0.20811770	     -0.07912801	      0.65602373	      0.07055168	     -0.13003354	      0.59215211	      0.04841510	     -0.18662728	      0.75988609	      0.07578121	     -0.14518181
      1.39000000	      0.32261698	      1.35016979	     -0.22078260	      0.25776130	      1.11037303	     -0.22315726	      0.47378220	      1.26306734	     -0.22440687	      0.51980129	      1.10334811	     -0.22726655	      0.44517095	      1.30396826	     -0.39747081	      0.45043729	      1.29913642	     -0.05338455	      0.45608337	      0.86810766	     -0.37887949	      0.46749379	      0.84930410	     -0.09802090	      0.28552892	      0.87475451	     -0.23021485	      0.34576543	      0.58715482	     -0.44210927	      0.23864550	      0.20212075	     -0.36260306	      0.20945111	      0.05559248	     -0.29968197	      0.13946643	      0.05482968	     -0.24422828	      0.30971788	      0.03603905	     -0.27411839	      0.48813575	      0.58731621	     -0.04859867	      0.58059610	      0.43865192	     -0.11398634	      0.63920579	      0.20703225	     -0.07905225	      0.68293255	      0.07147649	     -0.12927507	      0.62074652	      0.04616066	     -0.18633971	      0.78660691	      0.08171820	     -0.14359262
      1.40000000	      0.33355377	      1.34833371	     -0.21997030	      0.26860160	      1.10856547	     -0.22257617	      0.48467905	      1.26117850	     -0.22397221	      0.53063159	      1.10144583	     -0.22713584	      0.45579285	      1.30233601	     -0.39692961	      0.46163544	      1.29701373	     -0.05285989	      0.46689932	      0.86517947	     -0.37822813	      0.47836433	      0.84871716	     -0.09722481	      0.29635302	      0.87284305	     -0.22960308	      0.35493579	      0.58544374	     -0.44113405	      0.24222675	      0.20300465	     -0.36273367	      0.20965419	      0.05705915	     -0.30011697	      0.13989882	      0.05704020	     -0.24427020	      0.30971442	      0.03620709	     -0.27526548	      0.49669097	      0.58394429	     -0.04813727	      0.58729866	      0.43462698	     -0.11462128	      0.65669463	      0.20605923	     -0.07897414	      0.70744111	      0.07277505	     -0.12867170	      0.64657991	      0.04549317	     -0.18599884	      0.81103830	      0.08633918	     -0.14256653
      1.41000000	      0.34448739	      1.34646288	     -0.21916666	      0.27971626	      1.10664548	     -0.22175577	      0.49567276	      1.25942635	     -0.22347051	      0.54174323	      1.09973062	     -0.22678025	      0.46644982	      1.30063175	     -0.39635992	      0.47290317	      1.29517421	     -0.05230324	      0.47787414	      0.86246490	     -0.37749170	      0.48935619	      0.84677007	     -0.09644518	      0.30740081	      0.87121028	     -0.22884265	      0.36418718	      0.58382727	     -0.44054898	      0.24591469	      0.20377588	     -0.36311586	      0.21017449	      0.05847176	     -0.30073588	      0.14034221	      0.05932051	     -0.24492896	      0.30987703	      0.03629529	     -0.27591036	      0.50576925	      0.58072050	     -0.04787109	      0.59574778	      0.43134932	     -0.11508457	      0.67281149	      0.20528757	     -0.07901201	      0.72872424	      0.07395104	     -0.12834970	      0.66920519	      0.04496096	     -0.18615201	      0.83206156	      0.09059886	     -0.14147194
      1.42000000	      0.35549520	      1.34461176	     -0.21827875	      0.29096555	      1.10472913	     -0.22085380	      0.50676170	      1.25773239	     -0.22289580	      0.55298989	      1.09808549	     -0.22635872	      0.47718144	      1.29898239	     -0.39571380	      0.48426745	      1.29338295	     -0.05167184	      0.48908445	      0.85997161	     -0.37671649	      0.50042178	      0.84458484	     -0.09564705	      0.31860853	      0.86962908	     -0.22812688	      0.37382851	      0.58228215	     -0.44007652	      0.24971963	      0.20452133	     -0.36359040	      0.21088418	      0.05991384	     -0.30144225	      0.14074004	      0.06177781	     -0.24601809	      0.31008770	      0.03631842	     -0.27610547	      0.51554928	      0.57792848	     -0.04752801	      0.60582574	      0.42894201	     -0.11519429	      0.68757709	      0.20452174	     -0.07909807	      0.74689588	      0.07463869	     -0.12830581	      0.68853577	      0.04458398	     -0.18672122	      0.84998893	      0.09351500	     -0.14046155
      1.43000000	      0.36664211	      1.34273836	     -0.21733783	      0.30226304	      1.10281561	     -0.21994377	      0.51795580	      1.25596012	     -0.22229777	      0.56428069	      1.09634549	     -0.22595062	      0.48802056	      1.29730125	     -0.39503285	      0.49576380	      1.29148675	     -0.05100863	      0.50090336	      0.85796290	     -0.37570807	      0.51115028	      0.84234524	     -0.09460950	      0.32989432	      0.86791149	     -0.22775162	      0.38373950	      0.58105343	     -0.43975159	      0.25357059	      0.20550629	     -0.36411579	      0.21184987	      0.06160343	     -0.30220248	      0.14140400	      0.06466792	     -0.24721338	      0.31047746	      0.03633267	     -0.27625369	      0.52604722	      0.57561414	     -0.04710342	      0.61762209	      0.42748433	     -0.11490560	      0.70104446	      0.20359959	     -0.07929423	      0.76200594	      0.07454017	     -0.12866110	      0.70452859	      0.04420298	     -0.18782327	      0.86498873	      0.09456255	     -0.13967994
      1.44000000	      0.37784550	      1.34087068	     -0.21626947	      0.31374144	      1.10087926	     -0.21929810	      0.52925560	      1.25427715	     -0.22150779	      0.57576198	      1.09472358	     -0.22550592	      0.49914813	      1.29592108	     -0.39414017	      0.50714614	      1.28944338	     -0.05013362	      0.51265596	      0.85525095	     -0.37506331	      0.52281867	      0.84139043	     -0.09386956	      0.34159663	      0.86606560	     -0.22722580	      0.39407802	      0.57948197	     -0.43902954	      0.25779636	      0.20658870	     -0.36468762	      0.21282342	      0.06350271	     -0.30315921	      0.14221680	      0.06770303	     -0.24842164	      0.31088305	      0.03653048	     -0.27691778	      0.53738824	      0.57386712	     -0.04604832	      0.63057140	      0.42679276	     -0.11395683	      0.71311864	      0.20239499	     -0.07958566	      0.77432486	      0.07367145	     -0.12952340	      0.71757242	      0.04376378	     -0.18966182	      0.87732695	      0.09399808	     -0.13910168
      1.45000000	      0.38913954	      1.33900589	     -0.21510216	      0.32532312	      1.09894339	     -0.21854410	      0.54064942	      1.25260633	     -0.22064927	      0.58734511	      1.09311739	     -0.22500372	      0.51033327	      1.29455298	     -0.39317181	      0.51865463	      1.28740884	     -0.04918612	      0.52463185	      0.85291676	     -0.37439453	      0.53440766	      0.83995897	     -0.09314403	      0.35337577	      0.86426838	     -0.22682531	      0.40481659	      0.57802320	     -0.43857632	      0.26246677	      0.20800852	     -0.36533766	      0.21413026	      0.06589318	     -0.30411087	      0.14330701	      0.07154951	     -0.24978311	      0.31145331	      0.03689188	     -0.27731004	      0.54952295	      0.57257243	     -0.04503636	      0.64486854	      0.42678802	     -0.11272430	      0.72427233	      0.20103761	     -0.07993973	      0.78415159	      0.07200914	     -0.13069261	      0.72769430	      0.04298574	     -0.19164307	      0.88725277	      0.09179690	     -0.13910844
      1.46000000	      0.40047592	      1.33722077	     -0.21391032	      0.33714408	      1.09703653	     -0.21778300	      0.55215794	      1.25113895	     -0.21968792	      0.59917448	      1.09175351	     -0.22436707	      0.52168166	      1.29335330	     -0.39211692	      0.53016758	      1.28556957	     -0.04814913	      0.53686286	      0.85084394	     -0.37383764	      0.54634735	      0.83820402	     -0.09256270	      0.36548324	      0.86264395	     -0.22644713	      0.41587374	      0.57667483	     -0.43831422	      0.26742467	      0.20954716	     -0.36604061	      0.21579998	      0.06847976	     -0.30507515	      0.14467649	      0.07585017	     -0.25137983	      0.31220085	      0.03721462	     -0.27735953	      0.56237036	      0.57164896	     -0.04403469	      0.66022430	      0.42729705	     -0.11121109	      0.73452455	      0.19957438	     -0.08034197	      0.79177117	      0.06976623	     -0.13213382	      0.73529996	      0.04200848	     -0.19379872	      0.89503009	      0.08833245	     -0.13956130
      1.47000000	      0.41191487	      1.33545308	     -0.21255859	      0.34903928	      1.09515824	     -0.21696681	      0.56375439	      1.24967812	     -0.21874836	      0.61107078	      1.09039586	     -0.22389535	      0.53297853	      1.29227514	     -0.39102997	      0.54191551	      1.28362707	     -0.04709426	      0.54955687	      0.84909399	     -0.37322255	      0.55861171	      0.83732556	     -0.09189564	      0.37789161	      0.86075866	     -0.22615402	      0.42731457	      0.57564726	     -0.43790624	      0.27258492	      0.21146613	     -0.36669590	      0.21781192	      0.07144605	     -0.30606415	      0.14659403	      0.08078697	     -0.25287206	      0.31314950	      0.03743573	     -0.27761082	      0.57600961	      0.57109661	     -0.04282138	      0.67583690	      0.42788647	     -0.10953647	      0.74400132	      0.19801754	     -0.08073156	      0.79779862	      0.06721070	     -0.13369520	      0.74084543	      0.04128587	     -0.19578049	      0.90140035	      0.08352573	     -0.14065125
      1.48000000	      0.42337264	      1.33384438	     -0.21127469	      0.36111318	      1.09340316	     -0.21638989	      0.57543778	      1.24847070	     -0.21747358	      0.62316530	      1.08932267	     -0.22296499	      0.54479325	      1.29143404	     -0.38968763	      0.55327441	      1.28192114	     -0.04576321	      0.56243960	      0.84773020	     -0.37280236	      0.57132898	      0.83648822	     -0.09144865	      0.39062552	      0.85904108	     -0.22588006	      0.43915935	      0.57481895	     -0.43765304	      0.27822887	      0.21370730	     -0.36732331	      0.22032408	      0.07483613	     -0.30695987	      0.14905829	      0.08648219	     -0.25440108	      0.31434207	      0.03772211	     -0.27754819	      0.59025488	      0.57080565	     -0.04181333	      0.69158871	      0.42844745	     -0.10807896	      0.75289214	      0.19646418	     -0.08119339	      0.80252997	      0.06449021	     -0.13531072	      0.74479936	      0.04046139	     -0.19751363	      0.90642933	      0.07822169	     -0.14227565
      1.49000000	      0.43493661	      1.33238409	     -0.20989651	      0.37325420	      1.09180895	     -0.21566442	      0.58720760	      1.24739084	     -0.21626762	      0.63531752	      1.08837236	     -0.22216066	      0.55651817	      1.29073305	     -0.38837871	      0.56490668	      1.28033697	     -0.04447757	      0.57541606	      0.84658394	     -0.37231145	      0.58424501	      0.83614305	     -0.09092497	      0.40348155	      0.85737416	     -0.22549090	      0.45155868	      0.57409970	     -0.43724880	      0.28457928	      0.21632732	     -0.36791499	      0.22338240	      0.07874132	     -0.30785713	      0.15219878	      0.09305130	     -0.25600194	      0.31575472	      0.03805386	     -0.27737480	      0.60491337	      0.57074346	     -0.04079973	      0.70697103	      0.42882332	     -0.10689394	      0.76136944	      0.19498174	     -0.08166795	      0.80649887	      0.06183806	     -0.13685694	      0.74762301	      0.03988433	     -0.19876676	      0.91069659	      0.07249324	     -0.14449901
      1.50000000	      0.44655219	      1.33117758	     -0.20853909	      0.38553343	      1.09044939	     -0.21494489	      0.59906127	      1.24661600	     -0.21495928	      0.64761156	      1.08774406	     -0.22118395	      0.56842666	      1.29028626	     -0.38699720	      0.57649755	      1.27908963	     -0.04311359	      0.58843721	      0.84575128	     -0.37186980	      0.59750736	      0.83601868	     -0.09046560	      0.41654492	      0.85597435	     -0.22495926	      0.46426771	      0.57361557	     -0.43685158	      0.29160913	      0.21929877	     -0.36851441	      0.22713404	      0.08308222	     -0.30876555	      0.15624389	      0.10046764	     -0.25767269	      0.31745058	      0.03828271	     -0.27710208	      0.61992767	      0.57092244	     -0.03989196	      0.72221084	      0.42915247	     -0.10595982	      0.76950284	      0.19367604	     -0.08207760	      0.80977811	      0.05936985	     -0.13819781	      0.74962728	      0.03939827	     -0.19957904	      0.91413668	      0.06694037	     -0.14685893
      1.51000000	      0.45824654	      1.33028442	     -0.20708898	      0.39790067	      1.08940413	     -0.21412084	      0.61099356	      1.24616296	     -0.21363315	      0.65998867	      1.08744234	     -0.22022201	      0.58033138	      1.29017145	     -0.38557994	      0.58824607	      1.27815049	     -0.04172053	      0.60152439	      0.84518707	     -0.37137240	      0.61088312	      0.83627723	     -0.08995040	      0.42970354	      0.85489571	     -0.22434344	      0.47753659	      0.57326696	     -0.43635204	      0.29958733	      0.22265430	     -0.36908947	      0.23167390	      0.08797098	     -0.30967500	      0.16129543	      0.10884175	     -0.25947315	      0.31941489	      0.03858660	     -0.27663455	      0.63502594	      0.57130930	     -0.03909503	      0.73692884	      0.42937364	     -0.10539436	      0.77734340	      0.19256681	     -0.08249835	      0.81268568	      0.05719311	     -0.13937199	      0.75114758	      0.03911927	     -0.19998011	      0.91707986	      0.06169587	     -0.14940248
      1.52000000	      0.46998963	      1.32969916	     -0.20568722	      0.41033061	      1.08866574	     -0.21330813	      0.62297891	      1.24602469	     -0.21230247	      0.67242772	      1.08745842	     -0.21921073	      0.59232447	      1.29033375	     -0.38417344	      0.60000902	      1.27756029	     -0.04033595	      0.61462768	      0.84473031	     -0.37078555	      0.62432999	      0.83695073	     -0.08934167	      0.44291729	      0.85415240	     -0.22360898	      0.49118737	      0.57305026	     -0.43572584	      0.30864698	      0.22643989	     -0.36967722	      0.23714749	      0.09345676	     -0.31064147	      0.16775569	      0.11834335	     -0.26129216	      0.32161321	      0.03874386	     -0.27625365	      0.65007236	      0.57190391	     -0.03828129	      0.75118227	      0.42960647	     -0.10501779	      0.78488624	      0.19172449	     -0.08286943	      0.81527180	      0.05541241	     -0.14036259	      0.75235164	      0.03910537	     -0.20007986	      0.91956065	      0.05703152	     -0.15190182
      1.53000000	      0.48182303	      1.32939923	     -0.20417976	      0.42270870	      1.08825234	     -0.21242950	      0.63500238	      1.24608565	     -0.21094947	      0.68480998	      1.08764879	     -0.21823882	      0.60431061	      1.29075850	     -0.38271957	      0.61189945	      1.27713630	     -0.03891253	      0.62764482	      0.84450890	     -0.37013836	      0.63771059	      0.83826118	     -0.08866907	      0.45604278	      0.85361406	     -0.22281553	      0.50530664	      0.57300488	     -0.43499750	      0.31894999	      0.23076781	     -0.37027445	      0.24369044	      0.09969494	     -0.31164157	      0.17579813	      0.12885009	     -0.26300977	      0.32426825	      0.03930878	     -0.27608794	      0.66506220	      0.57272953	     -0.03749735	      0.76484494	      0.42981171	     -0.10490237	      0.79220053	      0.19111607	     -0.08318802	      0.81770531	      0.05399126	     -0.14111918	      0.75337030	      0.03936792	     -0.19978017	      0.92177132	      0.05281342	     -0.15437490
      1.54000000	      0.49362681	      1.32936159	     -0.20278535	      0.43517315	      1.08807473	     -0.21162886	      0.64703641	      1.24647975	     -0.20964046	      0.69727901	      1.08819579	     -0.21725878	      0.61634086	      1.29146328	     -0.38132879	      0.62373169	      1.27707266	     -0.03754874	      0.64040589	      0.84340061	     -0.36933803	      0.65096460	      0.83964913	     -0.08784246	      0.46905217	      0.85367136	     -0.22180298	      0.51960293	      0.57253322	     -0.43400269	      0.33098532	      0.23556747	     -0.37092810	      0.25140972	      0.10686998	     -0.31273369	      0.18572812	      0.14048497	     -0.26444196	      0.32743676	      0.04046329	     -0.27654107	      0.67952097	      0.57369784	     -0.03651416	      0.77761011	      0.43009397	     -0.10493917	      0.79919305	      0.19082076	     -0.08347699	      0.81994046	      0.05303679	     -0.14174232	      0.75413529	      0.03988837	     -0.19914671	      0.92364091	      0.04939710	     -0.15697147
      1.55000000	      0.50551058	      1.32966485	     -0.20132341	      0.44744048	      1.08830558	     -0.21070165	      0.65905061	      1.24704453	     -0.20841140	      0.70954419	      1.08885901	     -0.21640562	      0.62823380	      1.29237097	     -0.37998778	      0.63574641	      1.27720688	     -0.03624362	      0.65339819	      0.84362064	     -0.36842514	      0.66408596	      0.84203785	     -0.08691389	      0.48202208	      0.85364865	     -0.22089939	      0.53470212	      0.57288062	     -0.43308327	      0.34385496	      0.24072495	     -0.37166548	      0.26045531	      0.11425274	     -0.31394902	      0.19746119	      0.15264253	     -0.26633931	      0.33086472	      0.04159987	     -0.27659076	      0.69383278	      0.57480050	     -0.03561964	      0.78998727	      0.43032272	     -0.10494511	      0.80567372	      0.19060003	     -0.08374360	      0.82184920	      0.05232407	     -0.14229136	      0.75490126	      0.04045699	     -0.19874551	      0.92513863	      0.04666324	     -0.15897062
      1.56000000	      0.51734603	      1.33018548	     -0.20002965	      0.45962642	      1.08875597	     -0.20975723	      0.67100458	      1.24780109	     -0.20729311	      0.72172717	      1.08970207	     -0.21554482	      0.64006575	      1.29334385	     -0.37879023	      0.64771211	      1.27766676	     -0.03507203	      0.66620295	      0.84356405	     -0.36721272	      0.67695848	      0.84469595	     -0.08570188	      0.49479905	      0.85392812	     -0.21974250	      0.54997683	      0.57327259	     -0.43198996	      0.35830078	      0.24635739	     -0.37248981	      0.27099933	      0.12232741	     -0.31524531	      0.21143982	      0.16536727	     -0.26796462	      0.33513357	      0.04351996	     -0.27719238	      0.70755214	      0.57591014	     -0.03449560	      0.80144098	      0.43048581	     -0.10493837	      0.81171022	      0.19047516	     -0.08398628	      0.82355605	      0.05187035	     -0.14279199	      0.75552020	      0.04108616	     -0.19827793	      0.92638049	      0.04457594	     -0.16091609
      1.57000000	      0.52904863	      1.33088399	     -0.19875120	      0.47191527	      1.08933185	     -0.20888674	      0.68290366	      1.24889148	     -0.20628474	      0.73400843	      1.09093339	     -0.21487043	      0.65172272	      1.29467838	     -0.37767297	      0.65966866	      1.27837793	     -0.03399057	      0.67877937	      0.84229653	     -0.36592555	      0.68959835	      0.84706758	     -0.08445530	      0.50742665	      0.85488630	     -0.21856912	      0.56531992	      0.57310659	     -0.43077913	      0.37450616	      0.25227670	     -0.37346692	      0.28297958	      0.13113287	     -0.31664291	      0.22720775	      0.17827755	     -0.26934867	      0.34075620	      0.04691178	     -0.27839556	      0.72041011	      0.57704331	     -0.03325737	      0.81177278	      0.43068672	     -0.10507760	      0.81734990	      0.19053519	     -0.08421995	      0.82511131	      0.05170893	     -0.14318397	      0.75589988	      0.04189431	     -0.19749039	      0.92740139	      0.04295948	     -0.16303143
      1.58000000	      0.54077845	      1.33178458	     -0.19756739	      0.48387962	      1.09018474	     -0.20788371	      0.69470772	      1.24995769	     -0.20538005	      0.74596327	      1.09206110	     -0.21419514	      0.66326435	      1.29589159	     -0.37668097	      0.67165932	      1.27924034	     -0.03302606	      0.69143267	      0.84252760	     -0.36446959	      0.70198594	      0.85016173	     -0.08305235	      0.51988308	      0.85554308	     -0.21737944	      0.58126275	      0.57389171	     -0.42976279	      0.39154807	      0.25840015	     -0.37453695	      0.29653500	      0.13978636	     -0.31809940	      0.24497511	      0.19088955	     -0.27101351	      0.34723729	      0.05051177	     -0.27929527	      0.73284291	      0.57804971	     -0.03201319	      0.82161760	      0.43065132	     -0.10493989	      0.82227537	      0.19042420	     -0.08442612	      0.82624756	      0.05154634	     -0.14364510	      0.75627321	      0.04244400	     -0.19728736	      0.92809147	      0.04192772	     -0.16443100
      1.59000000	      0.55238609	      1.33279325	     -0.19646381	      0.49574144	      1.09114042	     -0.20693653	      0.70639502	      1.25114556	     -0.20457563	      0.75781360	      1.09331489	     -0.21361866	      0.67465692	      1.29721237	     -0.37578649	      0.68355926	      1.28023350	     -0.03216039	      0.70390344	      0.84243100	     -0.36293132	      0.71405735	      0.85321043	     -0.08160230	      0.53211437	      0.85645924	     -0.21621425	      0.59733642	      0.57465209	     -0.42880107	      0.40999488	      0.26469496	     -0.37574286	      0.31166396	      0.14867651	     -0.31959431	      0.26436265	      0.20303849	     -0.27248540	      0.35562327	      0.05526067	     -0.28056490	      0.74437166	      0.57891395	     -0.03068832	      0.83035185	      0.43043353	     -0.10475928	      0.82663830	      0.19021376	     -0.08461607	      0.82722053	      0.05138879	     -0.14408889	      0.75657398	      0.04286356	     -0.19713395	      0.92865185	      0.04116016	     -0.16570741
      1.60000000	      0.56386235	      1.33396240	     -0.19546429	      0.50756472	      1.09222850	     -0.20593713	      0.71797837	      1.25255394	     -0.20393848	      0.76961869	      1.09480639	     -0.21316659	      0.68581168	      1.29865576	     -0.37505990	      0.69545923	      1.28152284	     -0.03146156	      0.71604123	      0.84167790	     -0.36118986	      0.72575131	      0.85578826	     -0.07999255	      0.54404259	      0.85788331	     -0.21494339	      0.61344828	      0.57515867	     -0.42773936	      0.42985039	      0.27100808	     -0.37700088	      0.32829569	      0.15767245	     -0.32111181	      0.28468474	      0.21440119	     -0.27379968	      0.36660543	      0.06126473	     -0.28218342	      0.75498614	      0.57967194	     -0.02929889	      0.83800742	      0.43015314	     -0.10464564	      0.83060546	      0.19000150	     -0.08477839	      0.82810144	      0.05127960	     -0.14444154	      0.75670521	      0.04340717	     -0.19671045	      0.92909427	      0.04031793	     -0.16715049
      1.61000000	      0.57526202	      1.33522420	     -0.19454120	      0.51907198	      1.09345934	     -0.20487638	      0.72940125	      1.25390117	     -0.20340450	      0.78110547	      1.09618236	     -0.21276516	      0.69677857	      1.29998780	     -0.37444368	      0.70730015	      1.28285497	     -0.03087098	      0.72809145	      0.84205329	     -0.35951387	      0.73730746	      0.85885380	     -0.07844782	      0.55580492	      0.85900930	     -0.21369198	      0.63006783	      0.57631946	     -0.42688751	      0.45055235	      0.27721015	     -0.37826860	      0.34643563	      0.16611657	     -0.32259242	      0.30639250	      0.22487660	     -0.27522023	      0.37926944	      0.06723267	     -0.28355124	      0.76507358	      0.58024502	     -0.02792621	      0.84504543	      0.42957278	     -0.10426697	      0.83384520	      0.18952597	     -0.08491789	      0.82860218	      0.05101466	     -0.14489167	      0.75682802	      0.04339139	     -0.19691388	      0.92930750	      0.04005160	     -0.16791392
      1.62000000	      0.58649743	      1.33659927	     -0.19371510	      0.53053659	      1.09477327	     -0.20386175	      0.74069798	      1.25543935	     -0.20299700	      0.79254403	      1.09777447	     -0.21248080	      0.70754989	      1.30146807	     -0.37395072	      0.71904671	      1.28439290	     -0.03040641	      0.73989096	      0.84178869	     -0.35772095	      0.74846216	      0.86139858	     -0.07681652	      0.56728937	      0.86059518	     -0.21249980	      0.64673719	      0.57721316	     -0.42592839	      0.47245093	      0.28319124	     -0.37948219	      0.36595862	      0.17425322	     -0.32404027	      0.32842622	      0.23423002	     -0.27644223	      0.39501431	      0.07385266	     -0.28522812	      0.77421756	      0.58071394	     -0.02653157	      0.85106245	      0.42895457	     -0.10392338	      0.83676124	      0.18903238	     -0.08501533	      0.82914217	      0.05074499	     -0.14525049	      0.75691314	      0.04365749	     -0.19683990	      0.92954176	      0.03931743	     -0.16887841
      1.63000000	      0.59768457	      1.33805518	     -0.19298677	      0.54168372	      1.09622225	     -0.20273997	      0.75185131	      1.25688255	     -0.20270875	      0.80366131	      1.09920796	     -0.21222817	      0.71813923	      1.30276504	     -0.37359148	      0.73077183	      1.28598540	     -0.03007249	      0.75144503	      0.84260240	     -0.35603552	      0.75953074	      0.86431402	     -0.07527131	      0.57856365	      0.86187929	     -0.21120939	      0.66390243	      0.57862262	     -0.42504810	      0.49505337	      0.28883665	     -0.38055608	      0.38676079	      0.18154346	     -0.32539450	      0.35122452	      0.24244648	     -0.27771581	      0.41267570	      0.08003904	     -0.28663997	      0.78309045	      0.58107344	     -0.02522615	      0.85659241	      0.42809794	     -0.10346611	      0.83910657	      0.18833831	     -0.08505479	      0.82930200	      0.05031423	     -0.14557710	      0.75685606	      0.04328302	     -0.19710030	      0.92950917	      0.03917095	     -0.16925575
      1.64000000	      0.60875780	      1.33961497	     -0.19229269	      0.55287314	      1.09774243	     -0.20172460	      0.76293962	      1.25853295	     -0.20251865	      0.81481361	      1.10088566	     -0.21214103	      0.72859478	      1.30430716	     -0.37330440	      0.74245285	      1.28771099	     -0.02982375	      0.76287629	      0.84266306	     -0.35429248	      0.77032725	      0.86690978	     -0.07371825	      0.58968558	      0.86361965	     -0.21007051	      0.68098093	      0.57986183	     -0.42399890	      0.51857277	      0.29410767	     -0.38148192	      0.40880989	      0.18815844	     -0.32662956	      0.37431600	      0.24942097	     -0.27867858	      0.43313654	      0.08608103	     -0.28828437	      0.79097751	      0.58141940	     -0.02377615	      0.86116740	      0.42732717	     -0.10286153	      0.84109106	      0.18771255	     -0.08502604	      0.82952817	      0.04996994	     -0.14587831	      0.75686485	      0.04340606	     -0.19725862	      0.92955401	      0.03850073	     -0.16976834
      1.65000000	      0.61968099	      1.34127530	     -0.19165908	      0.56380552	      1.09938271	     -0.20061962	      0.77383706	      1.26021097	     -0.20240059	      0.82570284	      1.10256323	     -0.21205969	      0.73881857	      1.30579966	     -0.37309913	      0.75401768	      1.28956641	     -0.02965787	      0.77405474	      0.84340865	     -0.35263544	      0.78094363	      0.86945442	     -0.07220813	      0.60057644	      0.86530776	     -0.20889998	      0.69842300	      0.58136334	     -0.42290720	      0.54269553	      0.29881042	     -0.38215997	      0.43192360	      0.19367624	     -0.32776978	      0.39767889	      0.25503696	     -0.27971299	      0.45558402	      0.09139162	     -0.28967592	      0.79861282	      0.58172175	     -0.02250424	      0.86538259	      0.42648515	     -0.10230983	      0.84281359	      0.18704033	     -0.08495497	      0.82962329	      0.04956540	     -0.14608096	      0.75682413	      0.04321595	     -0.19743896	      0.92951360	      0.03810709	     -0.16998770
      1.66000000	      0.63053710	      1.34299462	     -0.19109647	      0.57460925	      1.10109540	     -0.19953605	      0.78464257	      1.26190624	     -0.20236927	      0.83645788	      1.10424318	     -0.21204930	      0.74893039	      1.30729090	     -0.37297844	      0.76553072	      1.29147207	     -0.02958271	      0.78514571	      0.84444300	     -0.35103463	      0.79142047	      0.87206312	     -0.07074359	      0.61134505	      0.86698003	     -0.20778804	      0.71604792	      0.58308318	     -0.42172256	      0.56728691	      0.30294010	     -0.38260849	      0.45599248	      0.19806736	     -0.32878311	      0.42127569	      0.25921066	     -0.28063794	      0.47999796	      0.09588003	     -0.29097537	      0.80587901	      0.58202930	     -0.02127624	      0.86909885	      0.42563878	     -0.10171748	      0.84422494	      0.18636853	     -0.08483341	      0.82961537	      0.04915643	     -0.14622662	      0.75675113	      0.04298621	     -0.19764771	      0.92941027	      0.03774082	     -0.17003196
      1.67000000	      0.64130805	      1.34476754	     -0.19058509	      0.58531905	      1.10286746	     -0.19858332	      0.79536161	      1.26364754	     -0.20232997	      0.84712151	      1.10596806	     -0.21203895	      0.75904347	      1.30886725	     -0.37285500	      0.77687357	      1.29338772	     -0.02950546	      0.79628599	      0.84580978	     -0.34957684	      0.80171865	      0.87459618	     -0.06938557	      0.62204286	      0.86866693	     -0.20691969	      0.73393483	      0.58494081	     -0.42049734	      0.59232083	      0.30640932	     -0.38275793	      0.48094943	      0.20127695	     -0.32960245	      0.44507864	      0.26194914	     -0.28148319	      0.50616841	      0.09949934	     -0.29197921	      0.81273618	      0.58231858	     -0.02021139	      0.87233742	      0.42477072	     -0.10115521	      0.84534976	      0.18567796	     -0.08468313	      0.82954610	      0.04870299	     -0.14630965	      0.75670070	      0.04264798	     -0.19789781	      0.92929177	      0.03737752	     -0.16986446
      1.68000000	      0.65201457	      1.34662135	     -0.19017683	      0.59591300	      1.10472516	     -0.19747280	      0.80598694	      1.26542991	     -0.20247944	      0.85765189	      1.10771606	     -0.21213573	      0.76890061	      1.31034777	     -0.37291889	      0.78830193	      1.29549383	     -0.02962691	      0.80725390	      0.84745324	     -0.34802630	      0.81187437	      0.87699261	     -0.06789885	      0.63258423	      0.87039152	     -0.20590481	      0.75181389	      0.58704439	     -0.41907347	      0.61762076	      0.30911668	     -0.38266107	      0.50672807	      0.20306170	     -0.33034414	      0.46913408	      0.26297555	     -0.28233314	      0.53389865	      0.10195653	     -0.29284439	      0.81947962	      0.58261973	     -0.01920651	      0.87535367	      0.42397769	     -0.10067019	      0.84640345	      0.18506800	     -0.08453618	      0.82944251	      0.04831742	     -0.14635310	      0.75656617	      0.04245166	     -0.19801811	      0.92911764	      0.03694192	     -0.16978769
      1.69000000	      0.66259154	      1.34848482	     -0.18971103	      0.60645790	      1.10657956	     -0.19643768	      0.81650662	      1.26727686	     -0.20260724	      0.86812749	      1.10955039	     -0.21229305	      0.77864651	      1.31197326	     -0.37293475	      0.79960675	      1.29756552	     -0.02971540	      0.81840339	      0.84933738	     -0.34660317	      0.82186782	      0.87924004	     -0.06649758	      0.64313424	      0.87213321	     -0.20519861	      0.76989543	      0.58924718	     -0.41760019	      0.64315589	      0.31107062	     -0.38231554	      0.53318163	      0.20358835	     -0.33098198	      0.49337473	      0.26251613	     -0.28325588	      0.56284872	      0.10344928	     -0.29341282	      0.82586785	      0.58291253	     -0.01834500	      0.87805758	      0.42321132	     -0.10018200	      0.84726673	      0.18448772	     -0.08433984	      0.82934586	      0.04793405	     -0.14632099	      0.75653030	      0.04221859	     -0.19818007	      0.92899633	      0.03651949	     -0.16946928
      1.70000000	      0.67321663	      1.35016541	     -0.18927006	      0.61685929	      1.10829262	     -0.19525215	      0.82699170	      1.26881581	     -0.20292169	      0.87843434	      1.11103284	     -0.21263543	      0.78817488	      1.31324821	     -0.37310286	      0.81112191	      1.29941530	     -0.02998696	      0.82983260	      0.85203312	     -0.34512242	      0.83131521	      0.88092979	     -0.06489376	      0.65353123	      0.87345955	     -0.20479097	      0.78760680	      0.59188621	     -0.41667724	      0.66860575	      0.31227685	     -0.38204177	      0.56042624	      0.20267849	     -0.33137320	      0.51885793	      0.26070810	     -0.28397541	      0.59220892	      0.10335421	     -0.29353836	      0.83183819	      0.58300163	     -0.01731881	      0.88197997	      0.42256813	     -0.09900374	      0.84786375	      0.18423117	     -0.08405264	      0.82886898	      0.04805433	     -0.14654099	      0.75660716	      0.04323221	     -0.19929265	      0.92863834	      0.03563936	     -0.16848769
      1.71000000	      0.68354184	      1.35191563	     -0.18898211	      0.62744628	      1.10997693	     -0.19475579	      0.83738127	      1.27073446	     -0.20290852	      0.88898284	      1.11300587	     -0.21266243	      0.79817456	      1.31505512	     -0.37302945	      0.82182214	      1.30138491	     -0.02995460	      0.84097901	      0.85299909	     -0.34392192	      0.84168894	      0.88366931	     -0.06387880	      0.66428956	      0.87526429	     -0.20421053	      0.80569648	      0.59389634	     -0.41445542	      0.69442944	      0.31269619	     -0.38100434	      0.58800203	      0.20081329	     -0.33163497	      0.54268063	      0.25668496	     -0.28449103	      0.62461434	      0.10361869	     -0.29395924	      0.83810267	      0.58351548	     -0.01672976	      0.88282826	      0.42188981	     -0.09920581	      0.84856818	      0.18354668	     -0.08400431	      0.82905909	      0.04737512	     -0.14634553	      0.75649214	      0.04212230	     -0.19872953	      0.92871351	      0.03560494	     -0.16875207
      1.72000000	      0.69395924	      1.35366755	     -0.18872012	      0.63792229	      1.11170287	     -0.19394901	      0.84777439	      1.27251599	     -0.20308057	      0.89939221	      1.11479024	     -0.21279430	      0.80794572	      1.31658172	     -0.37312322	      0.83282326	      1.30340776	     -0.03011595	      0.85239657	      0.85533689	     -0.34266895	      0.85136923	      0.88520150	     -0.06253976	      0.67483126	      0.87688225	     -0.20395869	      0.82338661	      0.59642478	     -0.41297660	      0.72009657	      0.31220183	     -0.38006515	      0.61636238	      0.19737275	     -0.33173906	      0.56802271	      0.25141387	     -0.28520858	      0.65666909	      0.10206921	     -0.29357842	      0.84403182	      0.58365147	     -0.01628639	      0.88520533	      0.42116943	     -0.09892938	      0.84917963	      0.18305455	     -0.08387927	      0.82889320	      0.04703459	     -0.14630330	      0.75648306	      0.04194433	     -0.19899008	      0.92855998	      0.03510739	     -0.16826368
      1.73000000	      0.70427460	      1.35498940	     -0.18837134	      0.64831526	      1.11300056	     -0.19330465	      0.85806670	      1.27389440	     -0.20328740	      0.90971055	      1.11618595	     -0.21314281	      0.81757557	      1.31788564	     -0.37319283	      0.84375945	      1.30483975	     -0.03027790	      0.86414954	      0.85733504	     -0.34143588	      0.86121935	      0.88766867	     -0.06137053	      0.68560082	      0.87782520	     -0.20383252	      0.84108419	      0.59884640	     -0.41129234	      0.74562522	      0.31104087	     -0.37899160	      0.64507973	      0.19303829	     -0.33157952	      0.59334119	      0.24451304	     -0.28537668	      0.69016160	      0.10031010	     -0.29333796	      0.85007033	      0.58401414	     -0.01564362	      0.88701688	      0.42067597	     -0.09859619	      0.84961125	      0.18272997	     -0.08377678	      0.82879452	      0.04684815	     -0.14632693	      0.75654261	      0.04197711	     -0.19928804	      0.92848153	      0.03468772	     -0.16790022
      1.74000000	      0.71461241	      1.35633465	     -0.18817422	      0.65868187	      1.11433051	     -0.19266389	      0.86837043	      1.27525119	     -0.20349867	      0.92001115	      1.11754143	     -0.21334943	      0.82732286	      1.31905041	     -0.37332016	      0.85461618	      1.30638202	     -0.03047760	      0.87591296	      0.85982890	     -0.34021322	      0.87095807	      0.88968364	     -0.06012492	      0.69633562	      0.87873403	     -0.20372604	      0.85844898	      0.60143221	     -0.40977137	      0.77106475	      0.30901139	     -0.37782540	      0.67443461	      0.18745397	     -0.33126015	      0.61951054	      0.23629454	     -0.28559525	      0.72392932	      0.09744336	     -0.29260457	      0.85603872	      0.58424923	     -0.01521595	      0.88885890	      0.42014108	     -0.09838378	      0.85003300	      0.18238660	     -0.08370437	      0.82870511	      0.04661777	     -0.14632762	      0.75664195	      0.04197071	     -0.19959773	      0.92841921	      0.03416637	     -0.16745758
      1.75000000	      0.72486358	      1.35759916	     -0.18799487	      0.66919625	      1.11552749	     -0.19209871	      0.87867057	      1.27667575	     -0.20366989	      0.93046316	      1.11901541	     -0.21351427	      0.83710105	      1.32026624	     -0.37341812	      0.86536213	      1.30795607	     -0.03064092	      0.88752290	      0.86153794	     -0.33907026	      0.88060391	      0.89055568	     -0.05893563	      0.70699163	      0.87999233	     -0.20378510	      0.87513169	      0.60367056	     -0.40826928	      0.79657469	      0.30621493	     -0.37648226	      0.70443769	      0.18090860	     -0.33075472	      0.64619416	      0.22673291	     -0.28579263	      0.75852177	      0.09413475	     -0.29147581	      0.86183819	      0.58422370	     -0.01490119	      0.89132835	      0.41953674	     -0.09817225	      0.85062521	      0.18207134	     -0.08361077	      0.82851216	      0.04645625	     -0.14629478	      0.75665572	      0.04195879	     -0.19992892	      0.92824577	      0.03383107	     -0.16688173
      1.76000000	      0.73516573	      1.35842509	     -0.18775465	      0.67954231	      1.11633934	     -0.19161596	      0.88894615	      1.27753119	     -0.20383746	      0.94074664	      1.11987919	     -0.21377351	      0.84688550	      1.32105274	     -0.37348236	      0.87612125	      1.30886911	     -0.03078239	      0.89952001	      0.86370925	     -0.33791942	      0.89042551	      0.89270664	     -0.05784486	      0.71790446	      0.88024237	     -0.20384249	      0.89174708	      0.60595683	     -0.40685687	      0.82174183	      0.30267937	     -0.37519251	      0.73479033	      0.17354741	     -0.32995664	      0.67331751	      0.21569490	     -0.28531885	      0.79408448	      0.09071232	     -0.29049157	      0.86789213	      0.58447930	     -0.01449766	      0.89283137	      0.41918259	     -0.09804745	      0.85096885	      0.18188469	     -0.08356995	      0.82847919	      0.04634937	     -0.14629251	      0.75679831	      0.04203231	     -0.20019775	      0.92823758	      0.03346155	     -0.16648663
      1.77000000	      0.74540173	      1.35934468	     -0.18763223	      0.69006519	      1.11718883	     -0.19120995	      0.89924987	      1.27862544	     -0.20394327	      0.95122307	      1.12102905	     -0.21385959	      0.85681871	      1.32196986	     -0.37354124	      0.88671111	      1.31007636	     -0.03088774	      0.91105651	      0.86493938	     -0.33688914	      0.90011182	      0.89318738	     -0.05680419	      0.72856057	      0.88120911	     -0.20398051	      0.90747176	      0.60786744	     -0.40546834	      0.84717956	      0.29848732	     -0.37372058	      0.76604871	      0.16542598	     -0.32906215	      0.70150415	      0.20383016	     -0.28513006	      0.82998377	      0.08673703	     -0.28890488	      0.87373258	      0.58432618	     -0.01428758	      0.89532777	      0.41861742	     -0.09795233	      0.85165014	      0.18162831	     -0.08351859	      0.82835587	      0.04623709	     -0.14625870	      0.75683974	      0.04208344	     -0.20045837	      0.92811138	      0.03312583	     -0.16600393
      1.78000000	      0.75563538	      1.35995293	     -0.18751277	      0.70054345	      1.11773723	     -0.19080244	      0.90953292	      1.27938197	     -0.20408879	      0.96164918	      1.12183263	     -0.21400201	      0.86670151	      1.32256138	     -0.37362824	      0.89732397	      1.31094319	     -0.03102976	      0.92273433	      0.86616345	     -0.33582368	      0.90990928	      0.89395256	     -0.05577262	      0.73934179	      0.88167321	     -0.20406330	      0.92283616	      0.60960492	     -0.40413865	      0.87244757	      0.29364044	     -0.37225084	      0.79778717	      0.15672491	     -0.32795781	      0.73030517	      0.19079556	     -0.28454659	      0.86664168	      0.08292180	     -0.28731594	      0.87979356	      0.58417787	     -0.01406402	      0.89749752	      0.41811879	     -0.09794779	      0.85228798	      0.18139845	     -0.08350598	      0.82825853	      0.04613069	     -0.14623513	      0.75683207	      0.04210294	     -0.20061667	      0.92799247	      0.03284357	     -0.16569241
      1.79000000	      0.76592947	      1.36005815	     -0.18731872	      0.71083208	      1.11784108	     -0.19040951	      0.91979148	      1.27948254	     -0.20419920	      0.97188725	      1.12193021	     -0.21417233	      0.87659502	      1.32260551	     -0.37366038	      0.90795482	      1.31110107	     -0.03112477	      0.93461784	      0.86801850	     -0.33487282	      0.92001739	      0.89580755	     -0.05490870	      0.75037545	      0.88103041	     -0.20403088	      0.93817475	      0.61125414	     -0.40303342	      0.89763943	      0.28816281	     -0.37090123	      0.83013664	      0.14757903	     -0.32661258	      0.76029900	      0.17720345	     -0.28340956	      0.90364249	      0.07882116	     -0.28578195	      0.88598814	      0.58429691	     -0.01373103	      0.89886163	      0.41794046	     -0.09790550	      0.85262204	      0.18138916	     -0.08350812	      0.82835288	      0.04616947	     -0.14624860	      0.75712982	      0.04246301	     -0.20090199	      0.92810730	      0.03235977	     -0.16532185
      1.80000000	      0.77621696	      1.36030955	     -0.18725190	      0.72139615	      1.11802756	     -0.19016820	      0.93015248	      1.27990406	     -0.20427277	      0.98241887	      1.12240748	     -0.21423372	      0.88671102	      1.32289919	     -0.37370380	      0.91847865	      1.31158843	     -0.03119932	      0.94597240	      0.86823701	     -0.33399574	      0.92985657	      0.89574429	     -0.05408693	      0.76102480	      0.88139468	     -0.20416724	      0.95231854	      0.61231403	     -0.40185676	      0.92311914	      0.28233719	     -0.36936991	      0.86335563	      0.13825139	     -0.32521658	      0.79120028	      0.16306832	     -0.28255805	      0.94118206	      0.07511381	     -0.28379570	      0.89195712	      0.58388596	     -0.01352205	      0.90153978	      0.41738437	     -0.09784836	      0.85340226	      0.18119745	     -0.08348803	      0.82822534	      0.04615013	     -0.14624207	      0.75712752	      0.04265062	     -0.20113133	      0.92794869	      0.03205592	     -0.16494845
      1.81000000	      0.78655772	      1.36010764	     -0.18719092	      0.73177882	      1.11781358	     -0.18988229	      0.94048940	      1.27971913	     -0.20432634	      0.99277411	      1.12222550	     -0.21423770	      0.89685374	      1.32259102	     -0.37373869	      0.92899991	      1.31151899	     -0.03126173	      0.95751098	      0.86926671	     -0.33316937	      0.94002194	      0.89656276	     -0.05332232	      0.77193161	      0.88070979	     -0.20408207	      0.96637657	      0.61328182	     -0.40093297	      0.94845371	      0.27604855	     -0.36794139	      0.89706913	      0.12883105	     -0.32357313	      0.82312849	      0.14861424	     -0.28111219	      0.97906246	      0.07169867	     -0.28191993	      0.89824163	      0.58366189	     -0.01330816	      0.90342841	      0.41709790	     -0.09789580	      0.85400213	      0.18115822	     -0.08351936	      0.82832228	      0.04619600	     -0.14625270	      0.75736143	      0.04295748	     -0.20134502	      0.92803076	      0.03167784	     -0.16465616
      1.82000000	      0.79689950	      1.35994220	     -0.18711074	      0.74236303	      1.11759318	     -0.18977807	      0.95090702	      1.27970757	     -0.20428595	      1.00334699	      1.12226612	     -0.21420608	      0.90718133	      1.32252942	     -0.37368775	      0.93943365	      1.31150224	     -0.03121932	      0.96864146	      0.86882620	     -0.33252287	      0.95001973	      0.89611545	     -0.05274824	      0.78253892	      0.88071175	     -0.20423118	      0.97943893	      0.61365676	     -0.39997670	      0.97402620	      0.26961968	     -0.36638897	      0.93151355	      0.11964664	     -0.32186174	      0.85601840	      0.13420686	     -0.27983694	      1.01714747	      0.06886576	     -0.27967788	      0.90436289	      0.58307204	     -0.01315610	      0.90633892	      0.41651134	     -0.09788603	      0.85495714	      0.18097992	     -0.08350775	      0.82828996	      0.04620573	     -0.14623340	      0.75741891	      0.04322040	     -0.20150874	      0.92794369	      0.03132652	     -0.16434481
      1.83000000	      0.80736480	      1.35942072	     -0.18708473	      0.75284702	      1.11706449	     -0.18946314	      0.96136020	      1.27918356	     -0.20435646	      1.01380312	      1.12173748	     -0.21418703	      0.91744152	      1.32184214	     -0.37374953	      0.95007729	      1.31114004	     -0.03130712	      0.97987653	      0.86912698	     -0.33179381	      0.96030843	      0.89618113	     -0.05206094	      0.79334739	      0.87987236	     -0.20402216	      0.99238960	      0.61395101	     -0.39918609	      0.99949522	      0.26302590	     -0.36496818	      0.96635628	      0.11081394	     -0.32007675	      0.88983199	      0.12001623	     -0.27822390	      1.05532052	      0.06667509	     -0.27764696	      0.91073588	      0.58255467	     -0.01295071	      0.90874336	      0.41611582	     -0.09791938	      0.85573479	      0.18092914	     -0.08356448	      0.82835403	      0.04629908	     -0.14629221	      0.75762155	      0.04359299	     -0.20178623	      0.92797472	      0.03099345	     -0.16407189
      1.84000000	      0.81787964	      1.35879248	     -0.18720917	      0.76337530	      1.11643178	     -0.18943398	      0.97188698	      1.27855053	     -0.20435161	      1.02434241	      1.12109994	     -0.21404234	      0.92804336	      1.32108212	     -0.37379604	      0.96052356	      1.31063383	     -0.03133100	      0.99075868	      0.86859438	     -0.33128654	      0.97056912	      0.89569989	     -0.05160282	      0.80394785	      0.87917905	     -0.20391365	      1.00434434	      0.61372990	     -0.39855994	      1.02487310	      0.25647234	     -0.36353804	      1.00160201	      0.10259174	     -0.31813839	      0.92450198	      0.10634745	     -0.27635160	      1.09347574	      0.06536816	     -0.27555875	      0.91720842	      0.58185136	     -0.01280999	      0.91173715	      0.41559131	     -0.09797569	      0.85680955	      0.18083496	     -0.08362802	      0.82843615	      0.04640958	     -0.14635356	      0.75776877	      0.04401119	     -0.20198646	      0.92798480	      0.03066829	     -0.16391035
      1.85000000	      0.82841383	      1.35809655	     -0.18727937	      0.77408681	      1.11569562	     -0.18945884	      0.98248363	      1.27796287	     -0.20436701	      1.03505613	      1.12054828	     -0.21400796	      0.93864821	      1.32042198	     -0.37383174	      0.97105675	      1.31007922	     -0.03135671	      1.00150037	      0.86679118	     -0.33074130	      0.98073816	      0.89461636	     -0.05117019	      0.81442173	      0.87884423	     -0.20389303	      1.01552314	      0.61297308	     -0.39777992	      1.05016382	      0.25025331	     -0.36209280	      1.03692017	      0.09531661	     -0.31625467	      0.95962676	      0.09356028	     -0.27455527	      1.13116661	      0.06518675	     -0.27351230	      0.92363536	      0.58091684	     -0.01252823	      0.91533049	      0.41488213	     -0.09790411	      0.85817782	      0.18064603	     -0.08365899	      0.82851952	      0.04652552	     -0.14644276	      0.75784266	      0.04447696	     -0.20213771	      0.92795857	      0.03037194	     -0.16388924
      1.86000000	      0.83909000	      1.35711853	     -0.18738963	      0.78462523	      1.11474611	     -0.18928279	      0.99311245	      1.27687772	     -0.20440118	      1.04559460	      1.11942228	     -0.21386569	      0.94928272	      1.31916563	     -0.37391019	      0.98172260	      1.30920068	     -0.03142692	      1.01225426	      0.86643328	     -0.33038698	      0.99124602	      0.89381863	     -0.05079082	      0.82506736	      0.87762833	     -0.20361982	      1.02629014	      0.61214832	     -0.39763017	      1.07477432	      0.24405742	     -0.36085739	      1.07197212	      0.08881389	     -0.31423654	      0.99512141	      0.08176849	     -0.27218748	      1.16825853	      0.06578573	     -0.27179814	      0.93041512	      0.58002057	     -0.01247670	      0.91880754	      0.41425301	     -0.09798644	      0.85935934	      0.18057888	     -0.08377421	      0.82861458	      0.04670655	     -0.14656501	      0.75811592	      0.04489362	     -0.20256242	      0.92800510	      0.03019933	     -0.16353593
      1.87000000	      0.84979573	      1.35605976	     -0.18756451	      0.79532623	      1.11368703	     -0.18927381	      1.00382240	      1.27580133	     -0.20445433	      1.05630438	      1.11833685	     -0.21376831	      0.96005357	      1.31794812	     -0.37401421	      0.99237209	      1.30826949	     -0.03151126	      1.02284629	      0.86487728	     -0.33004957	      1.00173565	      0.89255944	     -0.05049035	      0.83561029	      0.87669964	     -0.20341193	      1.03611639	      0.61070592	     -0.39736438	      1.09886127	      0.23834799	     -0.35959629	      1.10647183	      0.08348531	     -0.31225138	      1.03051317	      0.07125452	     -0.26968402	      1.20434723	      0.06760210	     -0.27034734	      0.93725410	      0.57891476	     -0.01234017	      0.92264797	      0.41348255	     -0.09803951	      0.86085940	      0.18040689	     -0.08389604	      0.82878181	      0.04686553	     -0.14672485	      0.75829409	      0.04537040	     -0.20281357	      0.92806299	      0.02997515	     -0.16353471
      1.88000000	      0.86061357	      1.35492364	     -0.18773238	      0.80610785	      1.11255829	     -0.18932889	      1.01463630	      1.27463197	     -0.20449969	      1.06709879	      1.11715414	     -0.21369692	      0.97095782	      1.31668766	     -0.37410549	      1.00310539	      1.30720160	     -0.03158106	      1.03327398	      0.86277829	     -0.32978997	      1.01216032	      0.89092462	     -0.05027734	      0.84603550	      0.87585794	     -0.20327968	      1.04505454	      0.60877178	     -0.39717018	      1.12210931	      0.23311187	     -0.35834183	      1.14002959	      0.07932417	     -0.31027817	      1.06539956	      0.06225304	     -0.26697964	      1.23907076	      0.07034894	     -0.26917738	      0.94428561	      0.57762246	     -0.01220061	      0.92723761	      0.41250248	     -0.09805102	      0.86264511	      0.18017875	     -0.08403911	      0.82892392	      0.04707920	     -0.14694473	      0.75843246	      0.04590311	     -0.20313271	      0.92807614	      0.02985928	     -0.16357342
      1.89000000	      0.87154933	      1.35367247	     -0.18793838	      0.81687481	      1.11134359	     -0.18927744	      1.02551433	      1.27325628	     -0.20463899	      1.07786624	      1.11573251	     -0.21367842	      0.98184668	      1.31516631	     -0.37428363	      1.01402489	      1.30601337	     -0.03175301	      1.04356727	      0.86091265	     -0.32961505	      1.02270117	      0.88918573	     -0.05009662	      0.85644375	      0.87477876	     -0.20301845	      1.05323703	      0.60645811	     -0.39710709	      1.14416842	      0.22820020	     -0.35706583	      1.17224072	      0.07616750	     -0.30828146	      1.09935920	      0.05474882	     -0.26394324	      1.27213843	      0.07371570	     -0.26837664	      0.95156061	      0.57624582	     -0.01211258	      0.93223650	      0.41143764	     -0.09807988	      0.86450290	      0.17999971	     -0.08423705	      0.82901158	      0.04740650	     -0.14723811	      0.75857712	      0.04658321	     -0.20360901	      0.92803466	      0.02980531	     -0.16355946
      1.90000000	      0.88251877	      1.35231134	     -0.18818296	      0.82781608	      1.10998829	     -0.18942350	      1.03647826	      1.27186939	     -0.20481021	      1.08881377	      1.11433533	     -0.21376483	      0.99285561	      1.31370653	     -0.37448441	      1.02495183	      1.30470733	     -0.03194203	      1.05389321	      0.85799743	     -0.32941886	      1.03321034	      0.88725303	     -0.04998794	      0.86686901	      0.87387870	     -0.20291231	      1.06081660	      0.60354421	     -0.39677226	      1.16504689	      0.22392365	     -0.35568060	      1.20253345	      0.07410673	     -0.30636979	      1.13175367	      0.04862265	     -0.26073987	      1.30295959	      0.07806629	     -0.26806560	      0.95902902	      0.57471376	     -0.01196861	      0.93732799	      0.41031424	     -0.09815097	      0.86672371	      0.17972786	     -0.08444738	      0.82928137	      0.04771693	     -0.14754186	      0.75863570	      0.04734048	     -0.20374375	      0.92809878	      0.02972053	     -0.16408112
      1.91000000	      0.89367443	      1.35098148	     -0.18846627	      0.83867780	      1.10872356	     -0.18939138	      1.04753443	      1.27033170	     -0.20500744	      1.09967790	      1.11272299	     -0.21376651	      1.00394390	      1.31200499	     -0.37473021	      1.03606683	      1.30340435	     -0.03218009	      1.06399782	      0.85616675	     -0.32949032	      1.04384856	      0.88498940	     -0.04997542	      0.87723093	      0.87274803	     -0.20269376	      1.06760515	      0.60045395	     -0.39681997	      1.18416533	      0.21968696	     -0.35427176	      1.23083598	      0.07264730	     -0.30444105	      1.16222672	      0.04418025	     -0.25739544	      1.33167473	      0.08172742	     -0.26786660	      0.96680624	      0.57306930	     -0.01204293	      0.94366656	      0.40884869	     -0.09819211	      0.86899273	      0.17954069	     -0.08469743	      0.82933187	      0.04823494	     -0.14790774	      0.75884046	      0.04826445	     -0.20444292	      0.92800381	      0.02978472	     -0.16390177
      1.92000000	      0.90488985	      1.34954157	     -0.18879223	      0.84967851	      1.10733175	     -0.18949493	      1.05867897	      1.26874012	     -0.20525219	      1.11068304	      1.11107718	     -0.21386289	      1.01513233	      1.31029458	     -0.37501535	      1.04723364	      1.30198322	     -0.03245607	      1.07416507	      0.85364151	     -0.32953459	      1.05447328	      0.88261389	     -0.05000257	      0.88763864	      0.87168081	     -0.20258321	      1.07414937	      0.59691602	     -0.39651885	      1.20177413	      0.21593094	     -0.35260514	      1.25650413	      0.07180236	     -0.30247043	      1.19018718	      0.04075617	     -0.25385386	      1.35756803	      0.08567339	     -0.26793062	      0.97485395	      0.57128647	     -0.01209692	      0.95012145	      0.40732523	     -0.09829754	      0.87158166	      0.17930841	     -0.08497139	      0.82952663	      0.04880078	     -0.14828693	      0.75895419	      0.04937755	     -0.20483604	      0.92797484	      0.02980088	     -0.16421465
      1.93000000	      0.91619662	      1.34808034	     -0.18916635	      0.86079163	      1.10591408	     -0.18958235	      1.06991389	      1.26713829	     -0.20560664	      1.12178827	      1.10942464	     -0.21406953	      1.02632538	      1.30854370	     -0.37539548	      1.05857150	      1.30057759	     -0.03284160	      1.08443079	      0.85113402	     -0.32961274	      1.06513252	      0.87998585	     -0.05004081	      0.89813123	      0.87063357	     -0.20254418	      1.08060968	      0.59322062	     -0.39614449	      1.21772614	      0.21254796	     -0.35079210	      1.27936853	      0.07129778	     -0.30048789	      1.21526430	      0.03836603	     -0.25023991	      1.38059506	      0.08913819	     -0.26812822	      0.98314258	      0.56936229	     -0.01222427	      0.95706859	      0.40560474	     -0.09841678	      0.87436204	      0.17906639	     -0.08522890	      0.82972399	      0.04946275	     -0.14863291	      0.75906828	      0.05066521	     -0.20518802	      0.92792012	      0.02980934	     -0.16450128
      1.94000000	      0.92761788	      1.34660275	     -0.18953025	      0.87193418	      1.10450010	     -0.18967473	      1.08123419	      1.26546725	     -0.20596065	      1.13292313	      1.10768551	     -0.21428801	      1.03761341	      1.30675072	     -0.37577089	      1.07001160	      1.29909461	     -0.03322429	      1.09459932	      0.84891263	     -0.32995247	      1.07595971	      0.87724139	     -0.05028238	      0.90865216	      0.86950338	     -0.20254033	      1.08719337	      0.58952224	     -0.39581983	      1.23200000	      0.20927129	     -0.34884317	      1.29940531	      0.07072424	     -0.29841352	      1.23711738	      0.03675674	     -0.24673040	      1.40084323	      0.09129593	     -0.26797623	      0.99178197	      0.56742526	     -0.01243328	      0.96502494	      0.40369119	     -0.09846090	      0.87734289	      0.17903426	     -0.08546739	      0.82985811	      0.05050242	     -0.14898501	      0.75930204	      0.05245847	     -0.20577303	      0.92778846	      0.02995345	     -0.16445507
      1.95000000	      0.93909694	      1.34502233	     -0.19000580	      0.88323506	      1.10296080	     -0.18978257	      1.09264112	      1.26375166	     -0.20644234	      1.14420771	      1.10592083	     -0.21459612	      1.04892304	      1.30483874	     -0.37627519	      1.08157317	      1.29761967	     -0.03374301	      1.10498899	      0.84665694	     -0.33030651	      1.08709048	      0.87450191	     -0.05053944	      0.91943715	      0.86825270	     -0.20248510	      1.09451086	      0.58595611	     -0.39540479	      1.24489040	      0.20646337	     -0.34686057	      1.31637528	      0.07000852	     -0.29634425	      1.25562690	      0.03558060	     -0.24324425	      1.41806485	      0.09249866	     -0.26786758	      1.00079624	      0.56544428	     -0.01264935	      0.97312545	      0.40178741	     -0.09853470	      0.88055195	      0.17910771	     -0.08568107	      0.83016824	      0.05172729	     -0.14928482	      0.75963291	      0.05464887	     -0.20615420	      0.92775950	      0.03000264	     -0.16459298
      1.96000000	      0.95065078	      1.34341528	     -0.19045390	      0.89462539	      1.10139206	     -0.18990318	      1.10412516	      1.26202182	     -0.20693476	      1.15557763	      1.10414685	     -0.21495379	      1.06028269	      1.30294391	     -0.37677538	      1.09323490	      1.29609516	     -0.03426453	      1.11558092	      0.84460243	     -0.33074030	      1.09834107	      0.87179072	     -0.05086729	      0.93038436	      0.86691905	     -0.20252805	      1.10265881	      0.58268467	     -0.39508371	      1.25646696	      0.20386817	     -0.34488855	      1.33050990	      0.06885552	     -0.29418215	      1.27078317	      0.03457628	     -0.23993514	      1.43252752	      0.09222049	     -0.26728421	      1.01022608	      0.56349229	     -0.01288884	      0.98186833	      0.39982920	     -0.09853792	      0.88403657	      0.17942149	     -0.08578654	      0.83056334	      0.05333929	     -0.14945460	      0.76008808	      0.05741675	     -0.20641195	      0.92774522	      0.03014671	     -0.16459388
      1.97000000	      0.96222242	      1.34177762	     -0.19101043	      0.90614345	      1.09976777	     -0.19013447	      1.11567051	      1.26032972	     -0.20746705	      1.16708388	      1.10243353	     -0.21531740	      1.07175317	      1.30105277	     -0.37733617	      1.10487323	      1.29461773	     -0.03483349	      1.12654989	      0.84276903	     -0.33120468	      1.10977422	      0.86911117	     -0.05122257	      0.94161280	      0.86550370	     -0.20269171	      1.11195698	      0.57983552	     -0.39494918	      1.26698467	      0.20156629	     -0.34302775	      1.34197392	      0.06722067	     -0.29194177	      1.28273100	      0.03358498	     -0.23684425	      1.44437365	      0.09053332	     -0.26618029	      1.02007813	      0.56155457	     -0.01319530	      0.99106814	      0.39785481	     -0.09855539	      0.88780640	      0.17995665	     -0.08585649	      0.83112539	      0.05530238	     -0.14956130	      0.76072190	      0.06077728	     -0.20654911	      0.92779792	      0.03029015	     -0.16462702
      1.98000000	      0.97392283	      1.34015409	     -0.19151294	      0.91792710	      1.09812648	     -0.19028780	      1.12737006	      1.25874051	     -0.20814641	      1.17882322	      1.10085345	     -0.21591927	      1.08314889	      1.29927085	     -0.37798279	      1.11685609	      1.29320572	     -0.03553064	      1.13778095	      0.84062193	     -0.33160811	      1.12139643	      0.86641295	     -0.05155153	      0.95309466	      0.86422920	     -0.20289196	      1.12221211	      0.57735329	     -0.39489811	      1.27666014	      0.19980317	     -0.34135409	      1.35101026	      0.06531743	     -0.28970571	      1.29181403	      0.03274787	     -0.23395908	      1.45384550	      0.08777521	     -0.26477881	      1.03047254	      0.55959219	     -0.01339794	      1.00100927	      0.39582118	     -0.09846559	      0.89207580	      0.18072975	     -0.08577111	      0.83190688	      0.05772851	     -0.14949019	      0.76150780	      0.06482873	     -0.20635181	      0.92794164	      0.03065767	     -0.16471722
      1.99000000	      0.98559376	      1.33847802	     -0.19222941	      0.92971708	      1.09642552	     -0.19056531	      1.13907146	      1.25711143	     -0.20881168	      1.19059746	      1.09923662	     -0.21634745	      1.09473551	      1.29733405	     -0.37869129	      1.12863717	      1.29186220	     -0.03624834	      1.14971017	      0.83971167	     -0.33203564	      1.13337975	      0.86415075	     -0.05185470	      0.96503383	      0.86247002	     -0.20315242	      1.13384076	      0.57545872	     -0.39521782	      1.28554693	      0.19818109	     -0.33996640	      1.35805698	      0.06297316	     -0.28759256	      1.29846304	      0.03206711	     -0.23138956	      1.46147915	      0.08352141	     -0.26317424	      1.04130901	      0.55792739	     -0.01367059	      1.01124480	      0.39403218	     -0.09828760	      0.89655592	      0.18198071	     -0.08560034	      0.83311631	      0.06063781	     -0.14932665	      0.76300060	      0.06981950	     -0.20621352	      0.92832420	      0.03067687	     -0.16453275
      2.00000000	      0.99749213	      1.33698813	     -0.19272703	      0.94161769	      1.09493780	     -0.19070938	      1.15093944	      1.25560343	     -0.20950055	      1.20245124	      1.09772056	     -0.21696409	      1.10629786	      1.29564875	     -0.37934200	      1.14081597	      1.29053457	     -0.03695511	      1.16154787	      0.83903794	     -0.33268377	      1.14560015	      0.86222285	     -0.05237422	      0.97702380	      0.86084302	     -0.20341821	      1.14666478	      0.57426548	     -0.39578412	      1.29410899	      0.19671235	     -0.33888878	      1.36382861	      0.06040265	     -0.28559008	      1.30312854	      0.03103539	     -0.22981262	      1.46754141	      0.07867487	     -0.26032408	      1.05323621	      0.55630599	     -0.01425974	      1.02176576	      0.39251282	     -0.09856243	      0.90180534	      0.18346127	     -0.08530716	      0.83472111	      0.06393238	     -0.14872859	      0.76444131	      0.07549470	     -0.20490982	      0.92880952	      0.03089369	     -0.16497032
