PathFileType	4	(X/Y/Z)	..\data\2015002\dynamic\2015002_C4_04.trc
DataRate	CameraRate	NumFrames	NumMarkers	Units	OrigDataRate	OrigDataStartFrame	OrigNumFrames
100.000000	100.000000	168	52	mm	100.000000	0	168
Frame#	Time	L_IAS			L_IPS			R_IPS			R_IAS			L_FTC			L_FLE			L_FME			L_FAX			L_TTC			L_FAL			L_TAM			L_FCC			L_FM1			L_FM2			L_FM5			R_FTC			R_FLE			R_FME			R_FAX			R_TTC			R_FAL			R_TAM			R_FCC			R_FM1			R_FM2			R_FM5			CV7			TV10			SXS			SJN			L_SIA			L_SRS			L_SAA			L_SAE			L_HLE			L_HME			L_UOA			L_RSP			L_UHE			L_HM2			L_HM5			R_SIA			R_SRS			R_SAA			R_SAE			R_HLE			R_HME			R_UOA			R_RSP			R_UHE			R_HM2			R_HM5			
		X1	Y1	Z1	X2	Y2	Z2	X3	Y3	Z3	X4	Y4	Z4	X5	Y5	Z5	X6	Y6	Z6	X7	Y7	Z7	X8	Y8	Z8	X9	Y9	Z9	X10	Y10	Z10	X11	Y11	Z11	X12	Y12	Z12	X13	Y13	Z13	X14	Y14	Z14	X15	Y15	Z15	X16	Y16	Z16	X17	Y17	Z17	X18	Y18	Z18	X19	Y19	Z19	X20	Y20	Z20	X21	Y21	Z21	X22	Y22	Z22	X23	Y23	Z23	X24	Y24	Z24	X25	Y25	Z25	X26	Y26	Z26	X27	Y27	Z27	X28	Y28	Z28	X29	Y29	Z29	X30	Y30	Z30	X31	Y31	Z31	X32	Y32	Z32	X33	Y33	Z33	X34	Y34	Z34	X35	Y35	Z35	X36	Y36	Z36	X37	Y37	Z37	X38	Y38	Z38	X39	Y39	Z39	X40	Y40	Z40	X41	Y41	Z41	X42	Y42	Z42	X43	Y43	Z43	X44	Y44	Z44	X45	Y45	Z45	X46	Y46	Z46	X47	Y47	Z47	X48	Y48	Z48	X49	Y49	Z49	X50	Y50	Z50	X51	Y51	Z51	X52	Y52	Z52	

1	0	-291.7501525878907	951.4653320312502	-389.1155700683595	-483.6760253906251	959.5806274414065	-313.0740661621094	-483.7747802734376	961.9523925781252	-211.3397979736329	-291.5735168457032	945.8562011718752	-137.7378540039063	-351.0181579589844	871.2574462890627	-460.6472778320314	-193.2973785400391	478.346649169922	-442.0369567871095	-175.2032012939453	475.8174438476564	-305.7227172851563	-190.4516754150391	415.3238525390626	-438.0850219726564	-118.618034362793	426.6826782226564	-390.338592529297	-65.79135894775392	77.98052215576173	-405.7266540527345	-35.88921356201173	107.9042358398438	-320.8997192382813	-86.03699493408205	8.951560974121096	-330.3070068359376	104.7148056030274	92.16133880615236	-338.7118530273438	91.25649261474611	104.5001678466797	-395.3787536621095	57.8851890563965	65.52742767333986	-440.8444213867189	-377.2801208496094	852.6185302734377	-78.1797561645508	-477.8434143066407	451.789520263672	-154.2858428955078	-456.9642333984376	448.8267211914064	-287.9035339355469	-511.6345214843751	402.1196289062501	-162.6800689697266	-446.7915649414064	370.7867431640626	-209.230697631836	-648.1801757812501	77.34606170654298	-233.7804870605469	-597.7967529296876	88.29766845703126	-316.4130859375001	-690.7701416015626	34.52623748779298	-304.0315551757813	-484.064666748047	9.014044761657717	-287.3541564941407	-480.6758728027345	31.26949882507325	-227.335678100586	-550.4898681640626	16.78064918518067	-174.0650329589844	-410.0795898437501	1449.454833984375	-274.0719299316407	-500.6119079589845	1200.51025390625	-255.5616607666016	-251.430404663086	1140.59375	-266.4405517578126	-293.3910827636719	1347.5302734375	-273.8191223144532	-516.3538818359376	1223.2294921875	-362.6105651855469	-476.9846801757814	1377.392578125	-350.1813659667969	-431.4050903320314	1376.4775390625	-442.7051391601564	-387.5559387207032	1362.165283203125	-478.6132202148439	-491.867401123047	1069.119995117188	-512.1103515625001	-509.5139770507814	1060.691284179688	-428.9939880371095	-529.2612304687501	1042.036376953125	-494.8587341308595	-427.8071594238282	811.3975219726565	-514.9270019531251	-491.2969970703126	823.708923339844	-559.1490478515626	-423.0552062988282	707.1500854492189	-523.5449218750001	-515.5870971679689	742.5604248046876	-562.9500732421876	-488.1396789550782	1228.749755859375	-131.5742492675782	-460.2841796875001	1378.072021484375	-157.0927276611328	-393.6623535156251	1385.135864257813	-80.11011505126955	-345.0664062500001	1387.005004882813	-66.80587005615236	-241.3668670654297	1091.453247070313	-3.078913211822511	-278.3552246093751	1058.181274414063	-84.11794281005861	-251.2352294921876	1022.385498046875	-28.56652450561524	-19.0464153289795	1002.613891601563	-127.4506301879883	-29.21049308776856	959.6407470703127	-63.63451766967775	79.87774658203126	974.3264770507815	-137.3777313232422	29.46635246276856	905.8333129882815	-76.85488891601564	
2	0.01	-277.4390869140626	949.1354980468752	-389.2678527832032	-469.4308166503907	957.3476562500002	-313.9086608886719	-469.759002685547	959.8223876953127	-212.230453491211	-277.7559204101563	943.9030761718752	-137.6910247802735	-337.0872802734376	868.6231689453127	-460.9672241210939	-181.5022430419922	475.374481201172	-440.1166381835939	-163.26806640625	473.7701721191407	-303.4675292968751	-177.1541137695313	412.6809997558595	-435.9103088378907	-105.1232833862305	425.838592529297	-388.0859680175782	-42.88802719116212	78.12047576904298	-402.8779602050782	-13.93377876281739	108.9682312011719	-318.0718383789063	-61.6725425720215	8.550619125366213	-327.5141906738282	127.1588439941407	97.25274658203128	-334.5462646484376	114.1194076538086	108.5994262695313	-391.5159301757814	82.14768218994142	68.21250152587892	-436.8873291015626	-364.5522766113282	851.2172851562502	-78.20764923095705	-470.1755371093751	451.9634704589845	-154.1573944091797	-447.4930114746095	448.1481018066407	-287.4130859375001	-504.7764587402345	402.922332763672	-162.6618041992188	-440.0333557128907	370.1006164550782	-208.3987884521485	-647.1611938476564	80.40599822998048	-233.9603271484376	-596.0396118164064	90.53768920898439	-316.2584838867188	-690.1283569335939	38.44559860229493	-304.4795227050782	-483.7079467773439	9.079308509826662	-287.1373596191407	-480.5039367675782	31.38138389587403	-227.0923614501954	-550.5880737304689	17.02201080322266	-174.4172058105469	-396.5188598632814	1447.285766601563	-275.1727294921876	-486.7295532226564	1198.345458984375	-256.2406616210938	-237.4410095214844	1138.603759765625	-267.1657714843751	-279.4854736328126	1345.575927734375	-275.1207275390626	-502.6335449218751	1220.729125976563	-363.1228942871094	-463.374481201172	1375.051025390625	-351.0107116699219	-417.9728393554689	1374.101440429688	-443.4788818359376	-374.4264221191407	1359.768676757813	-479.5510864257814	-481.5804748535157	1067.639282226563	-511.577362060547	-498.4009704589845	1059.461669921875	-428.313201904297	-519.1042480468751	1041.052612304688	-493.9110412597657	-420.4743652343751	809.2977294921877	-515.2107543945314	-484.4968872070314	822.2759399414065	-558.4353027343751	-417.4790649414064	704.7959594726564	-523.3941650390626	-509.9844360351564	741.4827270507814	-561.6575317382814	-474.3826293945314	1226.485595703125	-132.5129089355469	-446.651824951172	1376.008056640625	-158.0754089355469	-379.9907836914063	1383.171020507813	-81.09637451171876	-331.4091186523438	1385.134643554688	-67.75343322753908	-227.1742706298829	1089.8408203125	-2.811178922653199	-264.6897583007813	1056.169677734375	-83.73134613037111	-236.9096069335938	1020.493713378906	-28.15004348754884	-5.110910415649415	1004.79150390625	-128.726303100586	-14.15128517150879	961.4797973632815	-64.96896362304689	94.29930114746095	978.8845214843752	-139.0321350097657	45.65581130981446	909.0565185546877	-78.72277069091798	
3	0.02	-263.0751647949219	947.0388183593752	-389.5019531250001	-455.1179199218751	955.3286132812502	-314.7246398925782	-455.5111694335939	957.8302001953127	-213.1043243408204	-263.6777954101563	942.0809326171877	-137.6693420410157	-322.9291381835938	866.4969482421877	-461.3513183593751	-168.7069244384766	473.0720214843751	-438.4723510742189	-150.532943725586	472.3515930175782	-301.5603942871094	-163.3453521728516	410.5451660156251	-434.0086364746095	-91.2549285888672	425.0841369628907	-385.9555664062501	-23.23917198181153	78.06735992431642	-399.983612060547	4.922742366790772	109.4619903564453	-315.1421813964844	-41.55654525756837	8.451593399047853	-324.7270507812501	146.1654052734375	100.2720794677735	-330.2415161132813	133.6779022216797	110.8136444091797	-387.4639892578126	102.7440338134766	69.4959182739258	-432.737518310547	-351.4309692382813	849.8533325195315	-78.3540725708008	-461.8315429687501	452.2555541992189	-153.9049072265625	-437.3161010742189	447.4298706054689	-286.7404479980469	-497.2774047851564	403.850555419922	-162.4903717041016	-432.7213134765626	369.4318542480469	-207.4412689208985	-645.9071044921876	83.86375427246095	-233.8311157226563	-594.1166992187501	93.08605194091798	-315.8346252441407	-689.4288330078126	42.92130279541016	-304.5852050781251	-483.375457763672	9.041372299194338	-286.9361877441407	-480.3066406250001	31.46239471435548	-226.8493652343751	-550.5911254882814	17.19060134887696	-174.70458984375	-382.8636474609376	1445.244506835938	-276.3539733886719	-472.7214355468751	1196.315673828125	-256.8701782226563	-223.3395385742188	1136.731079101563	-267.9503784179688	-265.5099792480469	1343.759399414063	-276.4966735839844	-488.8319702148439	1218.332641601563	-363.6690368652344	-449.7036437988282	1372.816284179688	-351.8900146484376	-404.5184936523439	1371.797973632813	-444.3243408203126	-361.2597656250001	1357.449829101563	-480.5705871582032	-470.9182739257814	1066.138061523438	-511.078582763672	-486.9210815429689	1058.192993164063	-427.6809387207032	-508.5398559570314	1040.026245117188	-493.0067749023439	-412.5938720703126	807.2615356445315	-515.4891357421876	-477.1407165527345	820.858581542969	-557.7109985351564	-411.3045043945314	702.5106201171876	-523.1967773437501	-503.7658691406251	740.4361572265626	-560.3364257812501	-460.4758911132814	1224.362548828125	-133.4658660888672	-432.8995361328126	1374.086547851563	-159.1227111816407	-366.1864013671876	1381.350341796875	-82.16379547119142	-317.6254272460938	1383.399169921875	-68.76148223876955	-213.3271942138672	1088.192626953125	-2.569146394729615	-251.3807983398438	1054.184692382813	-83.35717010498048	-223.0385131835938	1018.654541015625	-27.73806762695313	8.306295394897463	1006.307312011719	-129.8719329833985	0.3005892336368561	962.7715454101565	-66.12930297851564	108.0829315185547	982.5732421875002	-140.5383453369141	61.15354537963869	911.5325317382815	-80.38815307617189	
4	0.03	-248.6775360107422	945.255065917969	-389.8395080566407	-440.7426757812501	953.5672607421877	-315.4813537597657	-441.026092529297	956.014343261719	-213.9151458740235	-249.3133544921876	940.4031372070315	-137.7083282470703	-308.5446166992188	864.9651489257815	-461.8133850097657	-154.8503723144532	471.5139465332032	-437.1709289550782	-136.9687042236328	471.5661621093751	-300.0946350097657	-148.9812316894532	408.9695434570314	-432.4795837402345	-76.96956634521486	424.4303588867189	-384.0528869628907	-6.739698410034181	77.71245574951173	-397.1851806640626	20.80978965759278	109.2939453125	-312.2544555664063	-25.60623931884766	8.564130783081056	-322.0686035156251	161.9156799316407	101.0509567260742	-325.9622497558594	150.0781707763672	110.9826736450196	-383.3842163085938	119.7706146240235	69.21556854248048	-428.565399169922	-337.9035034179688	848.529235839844	-78.61499786376955	-452.7361450195314	452.6263427734376	-153.4902496337891	-426.4222412109376	446.6436767578126	-285.8501586914063	-489.0732421875001	404.8737182617189	-162.1268768310547	-424.8022460937501	368.7606201171876	-206.3269958496094	-644.3432617187501	87.72599029541017	-233.3553314208985	-591.9667968750001	95.94937896728517	-315.1058349609376	-688.5932006835939	48.0039405822754	-304.3092041015626	-483.102996826172	8.878603935241701	-286.7755737304688	-480.1007385253907	31.48200798034669	-226.6284790039063	-550.5006103515626	17.26967811584473	-174.9179840087891	-369.1089782714844	1443.367919921875	-277.6116333007813	-458.5938720703126	1194.461669921875	-257.4304199218751	-209.1217651367188	1135.019287109375	-268.8116760253907	-251.4761352539063	1342.115234375	-277.9434814453126	-474.9640502929689	1216.08447265625	-364.2192077636719	-435.9773254394532	1370.7265625	-352.8090515136719	-391.0650024414064	1369.600952148438	-445.2346496582032	-348.0661926269532	1355.237426757813	-481.6669921875001	-459.864715576172	1064.6298828125	-510.6246643066407	-475.0724182128907	1056.899780273438	-427.1094665527345	-497.5530700683595	1038.96728515625	-492.1619262695314	-404.1453247070314	805.291687011719	-515.7440795898439	-469.1848754882814	819.4653320312502	-556.9962158203126	-404.5006713867189	700.3040771484376	-522.9486694335939	-496.8897094726564	739.4287109375001	-559.0193481445314	-446.4147949218751	1222.435180664063	-134.4117279052735	-419.0151977539064	1372.354125976563	-160.2220001220703	-352.2264099121094	1379.724365234375	-83.30870056152345	-303.6896362304688	1381.846557617188	-69.83621215820314	-199.8610229492188	1086.560302734375	-2.35980772972107	-238.4376831054688	1052.278198242188	-83.00547027587892	-209.6427307128907	1016.913024902344	-27.35140228271485	21.22314834594727	1007.15234375	-130.8736877441407	14.13747310638428	963.494567871094	-67.1073455810547	121.2573928833008	985.3439941406252	-141.8775634765625	75.95993041992189	913.2036132812502	-81.83882141113283	
5	0.04	-234.2621002197266	943.8609619140627	-390.2969970703126	-426.3063964843751	952.0984497070315	-316.1377258300782	-426.3052978515626	954.4077148437502	-214.615951538086	-234.6509552001954	938.8835449218752	-137.8430786132813	-293.9448242187501	864.089782714844	-462.3643188476564	-139.9512023925782	470.7333984375001	-436.2700195312501	-122.6107254028321	471.3860473632814	-299.1462097167969	-134.0660400390625	407.985076904297	-431.4112548828126	-62.26828002929689	423.8880004882814	-382.4836120605469	6.824297904968263	77.01318359375001	-394.6275939941407	33.9491081237793	108.4593734741211	-309.5592956542969	-13.5625057220459	8.835221290588381	-319.6646728515626	174.6797943115235	99.59148406982425	-321.8727111816407	163.5598907470703	109.105712890625	-379.4439392089844	133.4512176513672	67.34797668457033	-424.5565795898439	-323.9650268554688	847.248718261719	-78.98226928710939	-442.8056030273439	453.0240783691407	-152.8777160644532	-414.7891845703126	445.7567138671876	-284.7106323242188	-480.090545654297	405.9528198242189	-161.5355834960938	-416.2081909179689	368.0653686523438	-205.0225524902344	-642.3786621093751	92.0005569458008	-232.5153503417969	-589.5079345703126	99.13383483886722	-314.0510864257813	-687.5112915039064	53.75107955932619	-303.6359252929688	-482.9301147460939	8.583657264709474	-286.6847229003907	-479.9072265625001	31.41251373291016	-226.4571075439454	-550.3242797851564	17.26313781738282	-175.0590209960938	-355.2533874511719	1441.691162109375	-278.9379272460938	-444.3568725585939	1192.820556640625	-257.9049682617188	-194.7844848632813	1133.516235351563	-269.7652893066407	-237.395248413086	1340.678833007813	-279.4579162597657	-461.0444641113282	1214.026489257813	-364.7413940429688	-422.2027587890626	1368.817993164063	-353.7543640136719	-377.6387634277344	1367.546875	-446.1989135742189	-334.8587036132813	1353.162719726563	-482.8311462402345	-448.4091186523439	1063.132568359375	-510.2241821289064	-462.855682373047	1055.600830078125	-426.6078491210939	-486.1343688964845	1037.888671875	-491.3888549804689	-395.1062622070314	803.396179199219	-515.9561767578126	-460.5848083496095	818.108581542969	-556.3106079101564	-397.0323181152345	698.1933593750001	-522.6472778320314	-489.3120117187501	738.4714965820314	-557.7399902343751	-432.1979064941407	1220.757446289063	-135.3236846923828	-404.9881286621095	1370.854248046875	-161.3570098876953	-338.0899963378907	1378.342407226563	-84.52415466308595	-289.5782775878907	1380.522705078125	-70.98252105712892	-186.8032379150391	1084.997314453125	-2.189556360244751	-225.8643646240235	1050.505249023438	-82.68711090087892	-196.7386779785157	1015.313171386719	-27.00864410400391	33.6560401916504	1007.322387695313	-131.7186889648438	27.34940338134766	963.6325683593752	-67.89627075195314	133.8509979248047	987.149597167969	-143.0296020507813	90.06396484375001	914.024108886719	-83.05938720703126	
6	0.05	-219.8407592773438	942.9241943359377	-390.8838806152345	-411.8080139160157	950.9468383789065	-316.6567382812501	-411.3588867187501	953.036315917969	-215.1641540527344	-219.6969909667969	937.5369262695315	-138.1045379638672	-279.1517639160157	863.9042968750002	-463.0109863281251	-124.1045608520508	470.7205505371095	-435.8104553222657	-107.5558624267578	471.7568664550782	-298.7648620605469	-118.6519012451172	407.597137451172	-430.869354248047	-47.19702148437501	423.4667358398439	-381.3411865234376	17.75346183776856	75.98824310302736	-392.4429931640626	44.63233184814454	107.0323486328125	-307.1975097656251	-5.013738632202149	9.240472793579103	-317.6306457519532	184.7932586669922	96.06129455566409	-318.1221313476563	174.4343719482422	105.3387298583985	-375.8015441894532	144.1160125732422	64.00790405273439	-420.8958435058595	-309.6181335449219	846.0167236328127	-79.44468688964845	-431.9507141113282	453.3882446289064	-152.0364990234375	-402.3798828125001	444.7337341308595	-283.2963867187501	-470.2479553222657	407.0426330566407	-160.686019897461	-406.8567504882814	367.3245239257813	-203.4946289062501	-639.9071044921876	96.69903564453128	-231.3164520263672	-586.6376342773439	102.6462554931641	-312.6670837402344	-686.0412597656251	60.22548294067384	-302.5763244628907	-482.8946533203126	8.170131683349611	-286.6939392089844	-479.747528076172	31.23470687866212	-226.3654937744141	-550.0722656250001	17.20336532592774	-175.140121459961	-341.3001403808594	1440.24609375	-280.3214721679688	-430.0241088867189	1191.424438476563	-258.2821044921876	-180.3271179199219	1132.271728515625	-270.8222045898438	-223.2782287597657	1339.48486328125	-281.0359497070313	-447.0864868164064	1212.195434570313	-365.2044067382813	-408.3897094726564	1367.12255859375	-354.7100524902344	-364.2675476074219	1365.674194335938	-447.202850341797	-321.6519470214844	1351.258666992188	-484.0498962402345	-436.546844482422	1061.66796875	-509.8831176757814	-450.2743530273439	1054.318237304688	-426.1816406250001	-474.2804565429689	1036.806396484375	-490.6959228515626	-385.4518127441407	801.588806152344	-516.1071166992189	-451.2964782714845	816.8039550781252	-555.6722412109376	-388.8601379394532	696.2014160156251	-522.2910156250001	-480.9873962402345	737.5776367187501	-556.5310668945314	-417.8285217285157	1219.38037109375	-136.1709747314453	-390.8113403320314	1369.626098632813	-162.5085144042969	-323.7619934082032	1377.249145507813	-85.7998733520508	-275.2740783691407	1379.46923828125	-72.20279693603517	-174.1703186035157	1083.556396484375	-2.064252853393555	-213.6579895019532	1048.921142578125	-82.4136199951172	-184.3370971679688	1013.896667480469	-26.72495269775391	45.61955261230469	1006.817932128906	-132.3952331542969	39.92463302612305	963.1743164062502	-68.49077606201173	145.8905944824219	987.9449462890627	-143.973373413086	103.4415893554688	913.962097167969	-84.03195953369142	
7	0.06	-205.4212951660157	942.496765136719	-391.6015625000001	-397.2461853027345	950.126647949219	-317.0101623535157	-396.206512451172	951.9178466796877	-215.5268554687501	-204.4781036376954	936.3789672851565	-138.5163879394532	-264.1982116699219	864.4099731445315	-463.755828857422	-107.4727249145508	471.4238891601564	-435.8089294433595	-91.95330810546876	472.6046142578126	-298.9667053222657	-102.8350830078125	407.7830810546876	-430.8873901367189	-31.8438892364502	423.1724243164064	-380.6939086914063	26.4065055847168	74.70520782470705	-390.7341613769532	53.19411849975587	105.1480560302735	-305.2824401855469	0.5658113360404969	9.772234916687013	-316.0578002929688	192.6302032470704	90.76992797851564	-314.8309936523438	183.0581817626953	99.97422027587893	-372.5912780761719	152.1709899902344	59.4321632385254	-417.7492675781251	-294.8723449707032	844.8395996093752	-79.98927307128908	-420.0816040039064	453.6539306640626	-150.9427795410157	-389.1412658691407	443.539276123047	-281.5901184082032	-459.4589233398439	408.0941467285157	-159.5547180175782	-396.6537170410157	366.5181579589844	-201.7128295898438	-636.8098754882814	101.8383941650391	-229.7874298095704	-583.2355957031251	106.4950332641602	-310.9698181152344	-684.0128784179689	67.49123382568361	-301.1683349609376	-483.0252075195314	7.678374767303469	-286.8298339843751	-479.6377258300782	30.94415664672852	-226.3823852539063	-549.7510986328126	17.15753746032715	-175.1826934814453	-327.2585754394532	1439.059936523438	-281.7474060058594	-415.613006591797	1190.298950195313	-258.5561828613282	-165.7532501220703	1131.333740234375	-271.9861755371094	-209.1362304687501	1338.564819335938	-282.6713256835938	-433.1009216308595	1210.620361328125	-365.5810241699219	-394.5503845214845	1365.6669921875	-355.6589355468751	-350.9773864746094	1364.021484375	-448.2301330566407	-308.4608764648438	1349.558959960938	-485.3065185546876	-424.279754638672	1060.261474609375	-509.6049194335939	-437.3349609375001	1053.076782226563	-425.8328552246095	-461.9945373535157	1035.7392578125	-490.0880126953126	-375.1549987792969	799.8889160156252	-516.1813354492189	-441.2786560058595	815.5695800781252	-555.0963134765626	-379.9417114257813	694.3549804687501	-521.8784790039064	-471.8702087402345	736.7608032226564	-555.4229125976564	-403.3157348632814	1218.34765625	-136.9215393066407	-376.4839782714844	1368.701171875	-163.6556243896485	-309.2367858886719	1376.482543945313	-87.1223831176758	-260.7702331542969	1378.721801757813	-73.49583435058595	-161.9653625488282	1082.287109375	-1.989252209663392	-201.8080444335938	1047.580078125	-82.19702148437501	-172.4418334960938	1012.701721191406	-26.5111312866211	57.12622833251955	1005.6435546875	-132.8926696777344	51.85040283203126	962.1136474609377	-68.88710784912111	157.4002532958985	987.6885375976565	-144.6875762939453	116.0554580688477	913.0001220703127	-84.73701477050783	
8	0.07000000000000001	-191.0078887939453	942.6096191406252	-392.4434204101564	-382.6217041015626	949.641296386719	-317.1827087402344	-380.8784790039063	951.0615234375002	-215.6854858398438	-189.0416717529297	935.425964355469	-139.0927734375	-249.1275482177735	865.574157714844	-464.5970153808595	-90.27093505859376	472.7536010742189	-436.2526245117189	-75.99121856689455	473.8421020507814	-299.7297668457032	-86.75022125244142	408.491180419922	-431.4588317871095	-16.33381652832032	423.0033264160157	-380.5731201171876	33.16893768310548	73.26330566406251	-389.5603332519532	59.98436737060548	102.9786453247071	-303.8843688964844	3.768047809600831	10.42747402191162	-315.0012512207032	198.5762481689454	84.13033294677736	-312.0792236328126	189.8056793212891	93.40626525878908	-369.9099731445313	158.0622253417969	53.95016860961915	-415.2468261718751	-279.7442016601563	843.7243652343752	-80.60255432128908	-407.1136474609376	453.7566528320314	-149.5816650390625	-375.0060119628907	442.1405639648439	-279.5847473144532	-447.6356506347657	409.057830810547	-158.1267395019532	-385.4976196289064	365.6295776367188	-199.6529235839844	-632.9592895507814	107.44140625	-227.9788818359376	-579.1680908203126	110.6905212402344	-308.9942321777344	-681.2341308593751	75.6077117919922	-299.4744262695313	-483.3320617675782	7.179282665252687	-287.1096496582032	-479.5809326171876	30.55734443664551	-226.529525756836	-549.3555908203126	17.23113250732422	-175.213134765625	-313.1448059082032	1438.154541015625	-283.1980895996094	-401.1441650390626	1189.46142578125	-258.7286071777344	-151.0718536376953	1130.744384765625	-273.2519531250001	-194.9810180664063	1337.945678710938	-284.3544006347657	-419.0954895019532	1209.3212890625	-365.8512878417969	-380.6991882324219	1364.4716796875	-356.5838012695313	-337.7894897460938	1362.62548828125	-449.264129638672	-295.2990722656251	1348.095703125	-486.5818481445314	-411.6159057617189	1058.940551757813	-509.3907165527345	-424.0475463867189	1051.9033203125	-425.5603942871095	-449.2859802246095	1034.7080078125	-489.5669860839845	-364.1877136230469	798.320983886719	-516.1674804687501	-430.4950561523439	814.424743652344	-554.5942993164064	-370.2327575683594	692.6817626953126	-521.4077148437501	-461.9157714843751	736.0336303710939	-554.4411621093751	-388.6755371093751	1217.692504882813	-137.5453338623047	-362.0134582519532	1368.100952148438	-164.7773590087891	-294.5216674804688	1376.070190429688	-88.47564697265626	-246.0739746093751	1378.306762695313	-74.85599517822267	-150.1771240234375	1081.232788085938	-1.969347357749939	-190.2963104248047	1046.531127929688	-82.04937744140626	-161.0491180419922	1011.76171875	-26.37301635742188	68.18637847900392	1003.807861328125	-133.201400756836	63.1139373779297	960.4500122070315	-69.08262634277345	168.3995666503907	986.343688964844	-145.1516265869141	127.8566436767578	911.1359863281252	-85.15428161621095	
9	0.08	-176.6021575927735	943.2685546875002	-393.3956298828126	-367.9397277832032	949.4841308593752	-317.1752319335938	-365.4160766601563	950.4678955078127	-215.639389038086	-173.4539184570313	934.6936035156252	-139.8372039794922	-233.992172241211	867.3310546875002	-465.5290832519532	-72.75099945068361	474.5870666503907	-437.0963134765626	-59.88144683837892	475.3740539550782	-300.9922790527344	-70.56288146972658	409.6418762207032	-432.5336303710939	-0.8210070729255678	422.9463195800782	-380.9645080566407	38.4233512878418	71.77481079101564	-388.9285278320314	65.34315490722658	100.7067565917969	-303.0201110839844	5.199830055236817	11.19805431365967	-314.4725036621094	203.0044250488282	76.61136627197267	-309.8989562988282	195.0440216064454	86.08623504638673	-367.8071899414063	162.2402038574219	47.94596099853516	-413.4677734375001	-264.2580261230469	842.678161621094	-81.27178192138673	-392.9739685058595	453.6378784179689	-147.9486236572266	-359.8972778320313	440.5106811523439	-277.2851562500001	-434.6943664550782	409.8870849609376	-156.396484375	-373.2864074707032	364.6467285156251	-197.3001556396485	-628.2237548828126	113.5354843139649	-225.9590911865235	-574.2941894531251	115.2448654174805	-306.7919921875001	-677.5006713867189	84.6217498779297	-297.5763244628907	-483.7966308593751	6.774951457977297	-287.5346679687501	-479.558074951172	30.11676025390626	-226.8154296875001	-548.8601074218751	17.56747627258301	-175.2574310302735	-298.9815368652344	1437.545166015625	-284.6542663574219	-386.6407775878907	1188.919921875	-258.8088989257813	-136.2981414794922	1130.536376953125	-274.6046142578126	-180.8256072998047	1337.646728515625	-286.0709838867188	-405.0744934082032	1208.30810546875	-366.0055541992188	-366.8522338867188	1363.550170898438	-357.4691162109376	-324.7164916992188	1361.519165039063	-450.2899169921876	-282.1767883300782	1346.898803710938	-487.8554992675782	-398.5690917968751	1057.734008789063	-509.2398071289064	-410.4256896972657	1050.82568359375	-425.3606872558595	-436.1699829101564	1033.734130859375	-489.1326904296876	-352.5220642089844	796.913024902344	-516.0593872070314	-418.9163513183595	813.3884277343752	-554.1727905273439	-359.6887817382813	691.2080688476564	-520.8763427734376	-451.0824584960939	735.4061279296876	-553.6052856445314	-373.9313659667969	1217.43408203125	-138.018539428711	-347.4168701171876	1367.835815429688	-165.8545379638672	-279.6390075683594	1376.027221679688	-89.84191131591798	-231.2089538574219	1378.239990234375	-76.27264404296876	-138.7803039550782	1080.428833007813	-2.008613109588623	-179.0973663330078	1045.816284179688	-81.98217010498048	-150.1470489501953	1011.10400390625	-26.31116676330567	78.80791473388673	1001.323364257813	-133.3126831054688	73.70368957519533	958.188903808594	-69.0752639770508	178.9019622802735	983.880798339844	-145.3467407226563	138.7882690429688	908.3831176757815	-85.26376342773439	
10	0.09	-162.2046966552735	944.4522094726565	-394.4386291503907	-353.2116394042969	949.6395263671877	-317.0065002441407	-349.8713378906251	950.1291503906252	-215.4076690673829	-157.7960205078125	934.195495605469	-140.7423858642578	-218.8511199951172	869.5848388671877	-466.5435791015626	-55.18434906005861	476.776824951172	-438.2634582519532	-43.84496307373048	477.101287841797	-302.6552124023438	-54.46107482910158	411.1317443847657	-434.0191955566407	14.52036285400391	422.9752502441407	-381.8043518066407	42.52471542358399	70.34812927246095	-388.7918090820314	69.58113098144533	98.50095367431643	-302.6497192382813	5.435320854187013	12.06513404846192	-314.4377136230469	206.2563476562501	68.68846893310548	-308.2727050781251	199.1130828857422	78.47561645507814	-366.2810058593751	165.1285247802735	41.81686019897462	-412.431854248047	-248.4475708007813	841.7078247070315	-81.98591613769533	-377.6082763671876	453.2505798339845	-146.0505065917969	-343.7363586425782	438.6329040527345	-274.7094421386719	-420.5608825683595	410.5422973632814	-154.3684844970703	-359.9255676269532	363.5637512207032	-194.6525268554688	-622.4733886718751	120.1499176025391	-223.8081054687501	-568.4727783203126	120.1709442138672	-304.4275817871094	-672.6079101562501	94.55873107910158	-295.5680541992188	-484.361297607422	6.595217704772951	-288.0841979980469	-479.5181579589845	29.69387817382813	-227.2294158935547	-548.2086791992189	18.34245872497559	-175.3347625732422	-284.7970886230469	1437.239624023438	-286.0960083007813	-372.1278381347657	1188.674072265625	-258.8150024414063	-121.4540252685547	1130.729248046875	-276.0200500488282	-166.6844329833985	1337.6787109375	-287.8021545410157	-391.0390625000001	1207.581298828125	-366.0468139648438	-353.0260925292969	1362.908813476563	-358.3026123046876	-311.7594604492188	1360.7294921875	-451.2963256835939	-269.0995178222657	1345.992919921875	-489.1074218750001	-385.1575317382814	1056.669311523438	-509.1503295898439	-396.4869079589845	1049.87158203125	-425.2286071777345	-422.6662902832032	1032.83935546875	-488.7840270996095	-340.1323547363282	795.695007324219	-515.8562011718751	-406.5222778320314	812.4781494140627	-553.8328857421876	-348.2664184570313	689.9570312500001	-520.2821044921876	-439.333709716797	734.8837890625001	-552.9269409179689	-359.1146240234376	1217.574462890625	-138.3277435302735	-332.7216796875001	1367.903198242188	-166.8718566894532	-264.6273803710938	1376.354248046875	-91.2028045654297	-216.2162475585938	1378.524536132813	-77.72996520996095	-127.7370986938477	1079.900024414063	-2.110170841217041	-168.1802062988282	1045.466674804688	-82.00532531738283	-139.7154846191407	1010.748474121094	-26.32090759277344	88.99618530273439	998.2067871093752	-133.218505859375	83.61074066162111	955.3427734375002	-68.86260986328126	188.9128875732422	980.2794189453127	-145.257064819336	148.7908782958985	904.7698974609377	-85.04661560058595	
11	0.1	-147.8167724609375	946.1126708984377	-395.5486450195314	-338.4564514160157	950.0840454101565	-316.7127380371094	-334.3059692382813	950.0299072265627	-215.0287628173829	-142.1586151123047	933.9415283203127	-141.7909698486328	-203.7661895751954	872.2159423828127	-467.6297302246095	-37.84594345092774	479.1605834960939	-439.6514282226564	-28.09970474243165	478.9237365722657	-304.5883789062501	-38.64576721191407	412.8404541015626	-435.7872009277345	29.50679779052735	423.0517578125001	-382.9818725585938	45.78266143798829	69.07474517822267	-389.0555114746095	72.96678161621095	96.49651336669925	-302.6817626953126	4.977529525756837	12.99807357788086	-314.8222656250001	208.6297302246094	60.79935455322267	-307.1376647949219	202.3115692138672	71.00225067138673	-365.2802734375001	167.1003723144532	35.93412399291993	-412.0978393554689	-232.3579559326172	840.8197021484377	-82.73632049560548	-360.9868164062501	452.564666748047	-143.9058074951172	-326.4521789550782	436.504852294922	-271.8893432617188	-405.1767578125001	410.9949951171876	-152.0575408935547	-345.3368225097657	362.3820495605469	-191.7235870361328	-615.5854492187501	127.3115921020508	-221.6107177734376	-561.5698242187501	125.4803848266602	-301.9729003906251	-666.3641967773439	105.4133834838867	-293.5475769042969	-484.919891357422	6.789590358734133	-288.7109069824219	-479.3690795898439	29.38902854919434	-227.7367706298829	-547.3067626953126	19.75400924682618	-175.4511871337891	-270.6232299804688	1437.238647460938	-287.5043029785157	-357.6314697265626	1188.715576171875	-258.7729797363282	-106.5678863525391	1131.326416015625	-277.4666137695313	-152.5733642578125	1338.041870117188	-289.5243225097657	-376.9877319335938	1207.133178710938	-365.9918518066407	-339.2365417480469	1362.548095703125	-359.0769042968751	-298.9057312011719	1360.275146484375	-452.277557373047	-256.0662841796876	1345.39697265625	-490.3194885253907	-371.4026184082032	1055.771362304688	-509.1200256347657	-382.2525939941407	1049.066650390625	-425.1585998535157	-408.7979125976564	1032.043579101563	-488.5200195312501	-326.9968261718751	794.696228027344	-515.5621948242189	-393.3028869628907	811.7080688476565	-553.5702514648439	-335.9249267578126	688.9473876953126	-519.6246337890626	-426.6399536132814	734.4670410156251	-552.4095458984376	-344.2644653320313	1218.0986328125	-138.4736328125	-317.9653320312501	1368.28857421875	-167.8196868896485	-249.5409240722657	1377.036987304688	-92.54048156738283	-201.1534118652344	1379.150268554688	-79.20718383789064	-116.9999237060547	1079.6591796875	-2.275920391082764	-157.5103912353516	1045.499755859375	-82.12619018554689	-129.7264404296875	1010.706237792969	-26.39271354675294	98.75373840332034	994.4790039062502	-132.9114685058594	92.83017730712892	951.9319458007815	-68.44094848632814	198.4281616210938	975.531433105469	-144.87060546875	157.8090057373047	900.3388671875002	-84.48594665527345	
12	0.11	-133.4421539306641	948.178649902344	-396.6993408203126	-323.7012023925782	950.7890625000002	-316.3450317382813	-318.7894897460938	950.148864746094	-214.5578002929688	-126.6349868774414	933.9365234375002	-142.9568481445313	-188.7974548339844	875.0903930664065	-468.7748107910157	-20.99957084655762	481.5732727050782	-441.1404724121095	-12.85145854949952	480.7439575195314	-306.6402587890626	-23.32050704956055	414.6406555175782	-437.685028076172	43.95695877075196	423.129119873047	-384.3487243652345	48.45115280151369	68.02096557617189	-389.5901794433595	75.72060394287111	94.78376770019533	-302.9859313964844	4.232602119445802	13.95711421966553	-315.5206298828126	210.3721160888672	53.30996322631837	-306.3965759277344	204.8892364501954	64.0252151489258	-364.7135009765626	168.463851928711	30.60996818542481	-412.3699645996095	-216.0473175048829	840.0200195312502	-83.51693725585939	-343.1085510253907	451.5717773437501	-141.5440216064453	-307.9913024902344	434.143280029297	-268.8695678710938	-388.5048217773439	411.2321166992189	-149.4887237548828	-329.4661254882813	361.1114807128907	-188.5439910888672	-607.4500732421876	135.0394592285157	-219.4491577148438	-553.4652099609376	131.1805419921875	-299.5013122558594	-658.6029663085939	117.1414413452149	-291.6083374023438	-485.311248779297	7.514718532562258	-289.3389892578126	-478.9703369140626	29.32733535766602	-228.2761383056641	-546.0151367187501	22.00652122497559	-175.5945739746094	-256.4924011230469	1437.535888671875	-288.8620910644532	-343.1784057617188	1189.0302734375	-258.7160034179688	-91.67404937744142	1132.314086914063	-278.9073486328126	-138.5091247558594	1338.726440429688	-291.2103881835938	-362.9177246093751	1206.949829101563	-365.8713989257813	-325.4971008300782	1362.46337890625	-359.7907409667969	-286.1283264160157	1360.16552734375	-453.2341613769532	-243.0688171386719	1345.121704101563	-491.4769287109376	-357.3269958496094	1055.060913085938	-509.1469726562501	-367.7476196289063	1048.434204101563	-425.1458740234376	-394.5894165039064	1031.364013671875	-488.3410949707032	-313.0999450683594	793.9436645507815	-515.1855468750001	-379.2594909667969	811.0882568359377	-553.3750000000001	-322.6275024414063	688.1930541992189	-518.9071655273439	-412.9808959960939	734.1505737304689	-552.0475463867189	-329.4274902343751	1218.974487304688	-138.4735717773438	-303.1937561035157	1368.966552734375	-168.6953277587891	-234.4468078613282	1378.046875	-93.83867645263673	-186.0916748046875	1380.093872070313	-80.6792449951172	-106.5150909423828	1079.705810546875	-2.506312131881714	-147.0529174804688	1045.916870117188	-82.34825134277345	-120.1449050903321	1010.979064941406	-26.51303291320801	108.0799713134766	990.165222167969	-132.3847198486328	101.3622589111328	947.9856567382815	-67.80430603027345	207.4326934814454	969.6438598632815	-144.1799621582032	165.7979583740235	895.1461181640627	-83.56728363037111	
13	0.12	-119.0887451171875	950.5603027343752	-397.8632812500001	-308.9805297851563	951.722839355469	-315.9645385742188	-303.3960571289063	950.4603271484377	-214.0616149902344	-111.3141632080078	934.179870605469	-144.2068023681641	-173.9986572265625	878.0714111328127	-469.9641113281251	-4.884429931640626	483.8601379394532	-442.6054077148439	1.713059306144715	482.4714660644532	-308.6507873535157	-8.680152893066408	416.4088439941407	-439.5513000488282	57.70330810546876	423.158172607422	-385.7344665527345	50.7248992919922	67.22454071044923	-390.249237060547	78.0149612426758	93.40435028076173	-303.4113769531251	3.49799132347107	14.89839267730713	-316.4096984863282	211.6800537109376	46.4935646057129	-305.9328002929688	207.0442962646485	57.81152725219728	-364.4634094238282	169.4562225341797	26.0741081237793	-413.1119689941407	-199.5878295898438	839.3157958984377	-84.32408142089845	-324.0035400390626	450.2891540527345	-139.0041198730469	-288.3270874023438	431.5875549316407	-265.7055664062501	-370.5338134765626	411.2596130371095	-146.69677734375	-312.2902526855469	359.7714843750001	-185.1616973876953	-597.9744262695314	143.3382263183594	-217.3965911865235	-544.0573730468751	137.2706298828125	-297.0815124511719	-649.1943359375001	129.6531524658203	-289.8316955566407	-485.316375732422	8.918344497680666	-289.8655700683594	-478.1293029785157	29.65037155151368	-228.7600708007813	-544.1473999023439	25.29116821289063	-175.7317962646485	-242.4345855712891	1438.118896484375	-290.1554565429688	-328.7955017089844	1189.600463867188	-258.6819458007813	-76.81165313720705	1133.661865234375	-280.3031921386719	-124.5086669921875	1339.712646484375	-292.8312072753907	-348.8264160156251	1207.0146484375	-365.7287597656251	-311.8174133300782	1362.646850585938	-360.4497375488282	-273.3870849609376	1360.399780273438	-454.1730957031251	-230.0912170410157	1345.169677734375	-492.5693969726564	-342.9524841308594	1054.55224609375	-509.2306213378907	-352.9997863769532	1047.992797851563	-425.1875610351564	-380.0650024414063	1030.814208984375	-488.2497863769532	-298.4336547851563	793.4595947265627	-514.7375488281251	-364.4046936035157	810.6238403320315	-553.2323608398439	-308.3428039550782	687.7041625976564	-518.1378784179689	-398.3468322753907	733.9238281250001	-551.8269653320314	-314.6565246582032	1220.156127929688	-138.3623046875	-288.4591369628907	1369.904418945313	-169.5034942626953	-219.421371459961	1379.34326171875	-95.08363342285158	-171.1111450195313	1381.3203125	-82.11793518066408	-96.22712707519534	1080.026123046875	-2.800229072570801	-136.7755584716797	1046.702758789063	-82.67001342773439	-110.9303665161133	1011.559448242188	-26.66553497314454	116.970573425293	985.2952880859377	-131.6319580078125	109.2132263183594	943.5429687500002	-66.9436492919922	215.8997192382813	962.6421508789065	-143.182373046875	172.7295227050782	889.259948730469	-82.27869415283205	
14	0.13	-104.7696685791016	953.1567993164065	-399.013153076172	-294.3351745605469	952.8538208007815	-315.6361083984376	-288.2006225585938	950.936950683594	-213.6121978759766	-96.27443695068362	934.6657714843752	-145.5023345947266	-159.4131927490235	881.0320434570315	-471.180633544922	10.29698276519776	485.8892211914064	-443.9279174804689	15.43227481842041	484.0280151367189	-310.4658508300782	5.100783824920655	418.0364379882814	-441.2324218750001	70.60298156738283	423.0936584472657	-386.9664916992189	52.74133682250978	66.69528961181642	-390.8880310058595	79.97802734375001	92.35472869873048	-303.8073120117188	2.963495492935181	15.7797441482544	-317.3638000488282	212.7020874023438	40.52350616455079	-305.6273498535157	208.9248199462891	52.52598190307619	-364.4041137695313	170.2454528808594	22.46151924133301	-414.1654357910157	-183.0652923583985	838.716491699219	-85.15575408935548	-303.7324523925782	448.7615051269532	-136.3317565917969	-267.4663696289063	428.9019775390626	-262.4597167968751	-351.2814636230469	411.1048889160157	-143.7251129150391	-293.8202819824219	358.3915405273438	-181.6398010253907	-587.0863037109376	152.1916656494141	-215.5116729736329	-533.2663574218751	143.7372283935547	-294.7719116210938	-638.0523681640626	142.8097534179688	-288.2809753417969	-484.6612243652345	11.12146377563477	-290.1665344238282	-476.6021728515626	30.50373077392579	-229.0795288085938	-541.4727783203126	29.76376342773438	-175.8089599609375	-228.4745330810547	1438.970581054688	-291.3740844726563	-314.5096435546876	1190.407104492188	-258.7106628417969	-62.02316284179689	1135.325073242188	-281.6158142089844	-110.5880355834961	1340.972778320313	-294.3573608398438	-334.7133483886719	1207.311767578125	-365.6172180175782	-298.2023010253907	1363.088989257813	-361.0664367675782	-260.6323242187501	1360.96728515625	-455.1063842773439	-217.1102600097657	1345.535400390625	-493.5916442871095	-328.2983093261719	1054.253784179688	-509.3720092773439	-338.0388793945313	1047.756469726563	-425.2836303710939	-365.2465515136719	1030.403686523438	-488.2515563964845	-282.9988403320313	793.2604980468752	-514.2306518554689	-348.7616577148438	810.3152465820315	-553.1240234375001	-293.0467834472657	687.4873046875001	-517.3306884765626	-382.7399291992188	733.7723999023439	-551.7265625000001	-300.0086364746094	1221.588134765625	-138.1902160644532	-273.8166198730469	1371.06494140625	-170.2557525634766	-204.5444793701172	1380.876586914063	-96.26457214355472	-156.2948760986328	1382.785522460938	-83.49350738525392	-86.08359527587892	1080.59423828125	-3.155045270919801	-126.6520309448242	1047.824951171875	-83.08419799804689	-102.0388412475586	1012.43115234375	-26.83272743225098	125.4168548583985	979.9036865234377	-130.6475219726563	116.3955383300782	938.6531982421877	-65.84641265869142	223.7906494140626	954.572937011719	-141.8794555664063	178.5960845947266	882.7602539062502	-80.6103973388672	
15	0.14	-90.50360107421876	955.8638305664065	-400.1224670410157	-279.8097534179688	954.1533813476565	-315.4209289550782	-273.2740478515626	951.5526123046877	-213.2791595458985	-81.5781936645508	935.384948730469	-146.801498413086	-145.0714569091797	883.8665161132815	-472.4045715332032	24.38931465148926	487.5615234375001	-445.0078430175782	28.17628288269044	485.3535461425782	-311.9515686035157	17.87929153442383	419.4387207031251	-442.5984802246095	82.54693603515626	422.8999023437501	-387.8906555175782	54.58682250976564	66.41881561279298	-391.3814086914064	81.70005798339845	91.59527587890626	-304.0422973632813	2.72265100479126	16.56597137451172	-318.2683410644532	213.5446472167969	35.47810363769532	-305.3749084472657	210.6331329345704	48.23341751098634	-364.4183654785157	170.9377746582032	19.81181907653809	-415.3699645996095	-166.5768585205078	838.2351074218752	-86.01078033447267	-282.3837280273438	447.0606384277345	-133.5758361816407	-245.4529266357422	426.175506591797	-259.1964111328126	-330.7959594726563	410.8180541992189	-140.6240997314453	-274.1020507812501	357.0115051269532	-178.0523223876953	-574.7359008789064	161.5562286376953	-213.8347473144532	-521.0350952148439	150.5497589111328	-292.6160888671876	-625.1394042968751	156.4235992431641	-286.9975585937501	-483.0254211425782	14.20104503631592	-290.1066589355469	-474.1009216308595	32.02156066894532	-229.1119689941407	-537.7235717773439	35.52249908447266	-175.7550659179688	-214.6297607421876	1440.070190429688	-292.5113525390626	-300.3471679687501	1191.431884765625	-258.8403625488282	-47.35247039794923	1137.248168945313	-282.8106689453126	-96.76139831542972	1342.472412109375	-295.7611389160157	-320.5823669433594	1207.828247070313	-365.5958862304688	-284.6513366699219	1363.780639648438	-361.6593017578126	-247.8098907470704	1361.848876953125	-456.0488586425782	-204.0966186523438	1346.205810546875	-494.5430908203126	-313.3792114257813	1054.1669921875	-509.5744934082032	-322.8953247070313	1047.734130859375	-425.4372863769532	-350.1520996093751	1030.137817382813	-488.3548889160157	-266.8058166503907	793.3564453125002	-513.6768188476564	-332.3623046875001	810.158874511719	-553.0294189453126	-276.7248229980469	687.5473632812501	-516.5042114257814	-366.1742248535157	733.6801147460939	-551.7192382812501	-285.5425720214844	1223.211303710938	-138.0194091796875	-259.3207702636719	1372.410766601563	-170.968994140625	-189.8935089111328	1382.593383789063	-97.37397766113284	-141.7218933105469	1384.439331054688	-84.77664947509767	-76.03980255126955	1081.373779296875	-3.5668842792511	-116.6648941040039	1049.237182617188	-83.5774383544922	-93.42539978027345	1013.571044921875	-26.99782180786134	133.405014038086	974.0296020507815	-129.4264831542969	122.9275131225586	933.376647949219	-64.49657440185548	231.0559387207032	945.5061035156252	-140.276107788086	183.4120788574219	875.7380371093752	-78.55403137207033	
16	0.15	-76.31423187255861	958.581970214844	-401.1664428710939	-265.4497070312501	955.5982055664065	-315.3694152832032	-258.6779174804688	952.285339355469	-213.1222229003907	-67.26864624023439	936.3262939453127	-148.0609283447266	-130.9900665283203	886.499206542969	-473.6129150390626	37.29216003417969	488.8176879882814	-445.7718505859376	39.85400772094727	486.410858154297	-313.0072631835938	29.55337142944337	420.560516357422	-443.5558166503907	93.46633911132814	422.5546875000001	-388.3901367187501	56.30584716796876	66.36214447021486	-391.6370544433595	83.24047851562501	91.06270599365236	-304.0194396972657	2.791109561920166	17.23263740539551	-319.0312194824219	214.2789001464844	31.35456657409669	-305.0955200195313	212.2322692871094	44.91127395629884	-364.4111022949219	171.5889892578125	18.07917594909668	-416.5812072753907	-150.2268524169922	837.8895263671877	-86.88794708251955	-260.0686645507813	445.2825012207032	-130.7845458984375	-222.3666687011719	423.5184020996095	-255.9759979248047	-309.1553649902344	410.4704895019532	-137.4488525390625	-253.2133026123047	355.6812438964844	-174.4777069091797	-560.8965454101564	171.3556518554688	-212.3856658935547	-507.3287963867189	157.6565704345703	-290.6396484375001	-610.4660034179689	170.2627410888672	-285.9985961914063	-480.0574340820314	18.17594528198243	-289.5529174804688	-470.306121826172	34.30973052978516	-228.7330017089844	-532.6093139648439	42.58834075927735	-175.4888458251953	-200.9098815917969	1441.39501953125	-293.5640869140626	-286.3331604003907	1192.658325195313	-259.1041259765626	-32.84275436401368	1139.36962890625	-283.8591003417969	-83.04011535644533	1344.173706054688	-297.0183105468751	-306.4429016113282	1208.5576171875	-365.7250366210938	-271.1593322753907	1364.713500976563	-362.2510070800782	-234.8678131103516	1363.01904296875	-457.0148925781251	-191.0168762207032	1347.162109375	-495.4273071289064	-298.2043762207032	1054.288208007813	-509.8436279296876	-307.5985717773438	1047.929931640625	-425.6552734375001	-334.7944946289063	1030.018188476563	-488.5712280273439	-249.8741607666016	793.7508544921877	-513.0858764648439	-315.2447509765626	810.1486816406252	-552.9279785156251	-259.3736877441407	687.8880615234376	-515.6799316406251	-348.6751403808594	733.6318969726564	-551.7750854492189	-271.3153076171876	1224.967895507813	-137.9176177978516	-245.0219268798829	1373.90771484375	-171.6629791259766	-175.5368347167969	1384.43994140625	-98.40736389160159	-127.4605178833008	1386.229614257813	-85.94063568115236	-66.06304168701173	1082.322021484375	-4.031049251556397	-106.8073959350586	1050.881958007813	-84.13091278076173	-85.04702758789064	1014.950927734375	-27.14661598205567	140.9155883789063	967.7175292968752	-127.9647064208985	128.8324127197266	927.7841796875002	-62.87526702880861	237.6371154785157	935.5359497070315	-138.3791656494141	187.2134094238282	868.2949829101565	-76.10180664062501	
17	0.16	-62.22889328002931	961.2247314453127	-402.1226196289064	-251.2980041503907	957.1717529296877	-315.5155029296876	-244.4597473144532	953.1199951171877	-213.1848144531251	-53.36872482299806	937.479187011719	-149.2378692626953	-117.1730422973633	888.8891601562502	-474.7794494628907	48.9640579223633	489.6397399902345	-446.1783142089845	50.41988754272462	487.1878967285157	-313.5746154785157	40.06878280639649	421.3781738281251	-444.0545959472657	103.3354644775391	422.0509033203126	-388.398651123047	57.91181945800783	66.48026275634767	-391.6029357910157	84.63465881347658	90.68350219726564	-303.6851196289063	3.128459930419923	17.76791000366211	-319.5899658203126	214.9480133056641	28.0883903503418	-304.7405700683594	213.7534332275391	42.46917724609376	-364.3179321289063	172.217514038086	17.15033149719239	-417.6841430664064	-134.1207733154297	837.702819824219	-87.78521728515626	-236.9149322509766	443.5412597656251	-128.0014801025391	-198.3191986083985	421.0559082031251	-252.8493652343751	-286.4652099609376	410.1512756347657	-134.256332397461	-231.2575988769532	354.4599304199219	-170.9913787841797	-545.5645751953126	181.4773712158203	-211.1631774902344	-492.1342163085939	164.9823303222657	-288.8487243652344	-594.0877075195314	184.0597381591797	-285.2767333984376	-475.3950195312501	22.99839401245118	-288.3902282714844	-464.8850402832032	37.42989730834962	-227.8302001953126	-525.8343505859376	50.89097976684572	-174.9278869628907	-187.3171691894532	1442.921264648438	-294.5318298339844	-272.4904785156251	1194.072265625	-259.5268554687501	-18.53413963317871	1141.627197265625	-284.7399291992188	-69.43210601806642	1346.036987304688	-298.1093139648438	-292.3112182617188	1209.49951171875	-366.0604858398438	-257.7174377441407	1365.880493164063	-362.8658142089844	-221.7626190185547	1364.447875976563	-458.0152587890626	-177.8359375	1348.381958007813	-496.250457763672	-282.7769470214844	1054.608764648438	-510.1869201660157	-292.1754760742188	1048.343383789063	-425.9475708007814	-319.1809692382813	1030.043579101563	-488.9141540527345	-232.2320709228516	794.441345214844	-512.4641113281251	-297.4502563476563	810.2779541015627	-552.8013305664064	-241.0037231445313	688.5131225585939	-514.8790893554689	-330.2778015136719	733.6165161132814	-551.8638305664064	-257.3782043457032	1226.807250976563	-137.9508514404297	-230.9627227783204	1375.527099609375	-172.3575134277344	-161.5283660888672	1386.367065429688	-99.36281585693362	-113.5625610351563	1388.106079101563	-86.96340942382814	-56.1356544494629	1083.393310546875	-4.542528152465821	-97.08404541015628	1052.696655273438	-84.72203826904298	-76.86547088623048	1016.540344238281	-27.26918601989747	147.9234924316407	961.017761230469	-126.2589111328125	134.1372375488282	921.9566040039065	-60.9620933532715	243.4701232910157	924.7805175781252	-136.1956634521485	190.054672241211	860.5426025390627	-73.24566650390626	
18	0.17	-48.27665328979494	963.724548339844	-402.971649169922	-237.3921508789063	958.8645019531252	-315.8729553222657	-230.6490783691407	954.0507812500002	-213.4896087646485	-39.88212966918946	938.835144042969	-150.2922515869141	-103.6145324707032	891.0294189453127	-475.8756713867189	59.42172622680665	490.0484619140626	-446.2183532714845	59.87797927856447	487.6964416503907	-313.6418457031251	49.42208862304689	421.8975219726564	-444.0906677246095	112.1707839965821	421.3959045410157	-387.9060363769532	59.39818191528322	66.72266387939455	-391.2684936523439	85.89979553222658	90.38621520996095	-303.0311279296876	3.660311698913575	18.17245292663575	-319.9143981933594	215.5738983154297	25.57445144653321	-304.2927246093751	215.2039794921876	40.77191543579102	-364.1071472167969	172.8175048828125	16.86739730834961	-418.6002502441407	-118.3578109741211	837.7026367187502	-88.69918060302736	-213.0596008300782	441.9611206054689	-125.2625503540039	-173.446044921875	418.9193115234376	-249.8531188964844	-262.8539123535157	409.9607849121095	-131.1020812988282	-208.356430053711	353.4145202636719	-167.657943725586	-528.7582397460939	191.7715301513672	-210.1456909179688	-475.4585571289064	172.4275512695313	-287.2304382324219	-576.0988769531251	197.524398803711	-284.8008728027344	-468.6895751953126	28.55265998840333	-286.5369262695313	-457.5134887695314	41.38676452636719	-226.3174591064454	-517.1189575195314	60.26283264160158	-173.9989929199219	-173.8481750488282	1444.625122070313	-295.4158020019532	-258.8379516601563	1195.66064453125	-260.1228942871094	-4.461437225341798	1143.961791992188	-285.4398803710938	-55.9417190551758	1348.023193359375	-299.0203247070313	-278.2098999023438	1210.660034179688	-366.6484375000001	-244.3149566650391	1367.275512695313	-363.5268554687501	-208.464584350586	1366.10400390625	-459.0541076660157	-164.5200347900391	1349.841064453125	-497.0197143554689	-267.0943298339844	1055.1171875	-510.6136169433595	-276.6486816406251	1048.970336914063	-426.3269348144532	-303.3132629394532	1030.210083007813	-489.398651123047	-213.9151916503907	795.4205322265627	-511.813201904297	-279.0198974609376	810.5411376953127	-552.6355590820314	-221.640365600586	689.4265747070314	-514.1193237304689	-311.0246887207032	733.6290893554689	-551.9583740234376	-243.7732238769532	1228.689575195313	-138.1758728027344	-217.1752929687501	1377.246704101563	-173.0696105957032	-147.9032592773438	1388.3330078125	-100.240348815918	-100.0592651367188	1390.02392578125	-87.82928466796876	-46.25646209716798	1084.543212890625	-5.096435546875001	-87.50946044921876	1054.618896484375	-85.32723236083986	-68.84986114501955	1018.308532714844	-27.3611068725586	154.3987579345703	953.9873046875002	-124.3066787719727	138.8712158203125	915.9837646484377	-58.73693847656251	248.4899139404297	913.3797607421877	-133.7310638427735	192.0052185058594	852.6013183593752	-69.97690582275392	
19	0.18	-34.48607635498048	966.037292480469	-403.6982727050782	-223.7612609863282	960.6724853515627	-316.4344787597657	-217.2552947998047	955.0816040039065	-214.0364227294922	-26.79599952697755	940.3884887695315	-151.189208984375	-90.30282592773439	892.941833496094	-476.8724060058595	68.73413848876955	490.0963439941407	-445.9131469726564	68.28128051757814	487.9676208496095	-313.2423095703126	57.65941238403322	422.148895263672	-443.701629638672	120.0262451171875	420.6092224121095	-386.9556579589845	60.74869537353517	67.03929901123048	-390.6601562500001	87.03984832763673	90.11106872558595	-302.0901794433594	4.298189163208009	18.45763206481934	-320.0050659179688	216.1632995605469	23.68691062927246	-303.7613220214844	216.5751190185547	39.66234207153321	-363.7768554687501	173.3705139160157	17.05180168151856	-419.2890014648439	-103.0227508544922	837.9196777343752	-89.62451171875001	-188.6424102783203	440.6664123535157	-122.5941009521485	-147.8972473144532	417.2355346679689	-247.0069427490235	-238.4669952392579	410.001922607422	-128.0366516113282	-184.6402893066407	352.6175842285157	-164.5247802734375	-510.5161437988282	202.0530395507813	-209.293197631836	-457.3287963867189	179.8704833984375	-285.7550659179688	-556.6245117187501	210.359115600586	-284.5181579589844	-459.6311950683595	34.66137313842774	-283.9582824707032	-447.8986206054689	46.12053680419923	-224.1481628417969	-506.2200012207032	70.44273376464845	-172.6483001708985	-160.4958801269532	1446.483032226563	-296.2178344726563	-245.389144897461	1197.410522460938	-260.8950805664063	9.347884178161623	1146.32177734375	-285.9537353515626	-42.56993865966798	1350.096069335938	-299.7434387207032	-264.1666564941407	1212.04931640625	-367.5205993652344	-230.9412536621094	1368.891845703125	-364.2532043457032	-194.960922241211	1367.955932617188	-460.1271972656251	-151.0397033691407	1351.515502929688	-497.7413940429689	-251.1492614746094	1055.800415039063	-511.1338195800782	-261.0351562500001	1049.802734375	-426.8082275390626	-287.1883544921876	1030.511962890625	-490.0397949218751	-194.9651489257813	796.677429199219	-511.1297302246095	-259.9915161132813	810.9356689453127	-552.4232177734376	-201.3248901367188	690.6328125000001	-513.4110107421876	-290.9627990722657	733.6732788085939	-552.0378417968751	-230.529525756836	1230.588012695313	-138.6335906982422	-203.6792907714844	1379.05126953125	-173.8109893798828	-134.6757507324219	1390.305908203125	-101.0410995483399	-86.95950317382814	1391.9453125	-88.53002166748048	-36.44033813476563	1085.732055664063	-5.688256740570069	-78.10562133789064	1056.591918945313	-85.92530822753908	-60.97872161865236	1020.226379394531	-27.42407798767091	160.3083038330078	946.6904296875002	-122.1063919067383	143.0644989013672	909.961853027344	-56.18222045898439	252.6363525390626	901.4917602539065	-130.9876403808594	193.1447448730469	844.5980224609377	-66.28643798828126	
20	0.19	-20.88309478759766	968.1439208984377	-404.2924804687501	-210.4240264892579	962.5954589843752	-317.1734313964844	-204.2673950195313	956.2259521484377	-214.8030548095704	-14.08444786071778	942.135925292969	-151.9015350341797	-77.2245559692383	894.6682128906252	-477.741912841797	77.01200103759767	489.8574829101564	-445.3085021972657	75.72506713867189	488.0449829101564	-312.4475708007813	64.87081909179689	422.1798095703126	-442.9582824707032	126.9856185913086	419.718963623047	-385.6340637207032	61.94597244262697	67.38529205322267	-389.8327026367189	88.04972076416017	89.81577301025392	-300.9265747070313	4.955626964569093	18.64261054992676	-319.8880920410157	216.7132873535157	22.29583740234375	-303.1747131347657	217.8491210937501	38.98152542114259	-363.3483276367188	173.8549346923828	17.52621841430664	-419.7439270019532	-88.17817687988283	838.3843994140627	-90.55355834960939	-163.7997283935547	439.7711486816407	-120.0122833251953	-121.8276062011719	416.1170043945314	-244.3133087158204	-213.4596862792969	410.3699645996095	-125.1022567749024	-160.239990234375	352.1439819335938	-161.6180725097657	-490.8953857421876	212.1070251464844	-208.5503540039063	-437.7911376953126	187.1711578369141	-284.3797302246094	-535.8112792968751	222.2753295898438	-284.3569946289063	-447.9715881347657	41.09873580932618	-280.6749877929688	-435.8003540039064	51.5059051513672	-221.3250579833985	-492.9493713378907	81.08951568603517	-170.8495635986328	-147.2520751953125	1448.47216796875	-296.9395446777344	-232.1506652832032	1199.307495117188	-261.8346862792969	22.8752727508545	1148.664794921875	-286.2835998535157	-29.31502151489259	1352.222900390625	-300.2765197753907	-250.2116699218751	1213.677978515625	-368.6910095214844	-217.5876464843751	1370.72119140625	-365.0574340820313	-181.256332397461	1369.973388671875	-461.2212524414064	-137.3724670410157	1353.382690429688	-498.4193420410157	-234.9313964843751	1056.64453125	-511.7578125000001	-245.3453216552735	1050.828735351563	-427.4078369140626	-270.7999267578126	1030.942016601563	-490.8517456054689	-175.4279937744141	798.1984863281252	-510.4053039550782	-240.3973236083985	811.4624633789065	-552.1644287109376	-180.1142883300782	692.1360473632814	-512.7547607421876	-270.1406860351563	733.7617187500001	-552.0899658203126	-217.6612548828126	1232.489013671875	-139.3443908691407	-190.4810943603516	1380.930908203125	-174.5863800048828	-121.839111328125	1392.263305664063	-101.7666931152344	-74.25035095214845	1393.841186523438	-89.06507873535158	-26.71616172790528	1086.9267578125	-6.313790798187258	-68.89807891845705	1058.569702148438	-86.50085449218751	-53.2411575317383	1022.267456054688	-27.46585655212403	165.6189575195313	939.1993408203127	-119.6572875976563	146.747055053711	903.990905761719	-53.28535842895509	255.8605194091797	889.287536621094	-127.9632415771485	193.5586242675782	836.663269042969	-62.16577911376955	
21	0.2	-7.489166736602785	970.0491943359377	-404.7506103515626	-197.3874511718751	964.6331787109377	-318.0481262207032	-191.6558685302735	957.5042114257815	-215.7484588623047	-1.712196707725525	944.0747680664065	-152.4123840332032	-64.36830902099611	896.259460449219	-478.4607238769532	84.39393615722658	489.4161682128907	-444.4674377441407	82.33449554443361	487.9765625000001	-311.3560791015626	71.18082427978517	422.046844482422	-441.9532470703126	133.1528625488282	418.7576293945314	-384.0552978515626	62.97773742675783	67.72425842285158	-388.8583068847657	88.9190139770508	89.47741699218751	-299.6241455078126	5.559690952301026	18.75088119506836	-319.6077575683594	217.2158660888672	21.27952957153321	-302.5712585449219	219.0054779052735	38.5843734741211	-362.8575744628907	174.2526092529297	18.13218879699707	-419.9856872558595	-73.85796356201173	839.1243896484377	-91.47583770751955	-138.6599884033203	439.3693237304689	-117.5238800048828	-95.3879852294922	415.6527404785157	-241.7596282958985	-187.9892883300782	411.1420898437501	-122.3299026489258	-135.2792510986328	352.0661315917969	-158.9421997070313	-469.9691162109376	221.6974639892579	-207.8505554199219	-416.9100646972657	194.177474975586	-283.0532531738282	-513.8179931640626	233.0088958740235	-284.2314147949219	-433.5415039062501	47.60874938964844	-276.7658996582032	-421.0482177734376	57.35800933837892	-217.9049530029297	-477.1873779296876	91.80421447753908	-168.6094818115235	-134.1092071533203	1450.56982421875	-297.5815124511719	-219.1214447021485	1201.334106445313	-262.9227905273438	36.1120834350586	1150.959350585938	-286.4381103515626	-16.17337799072266	1354.375366210938	-300.6227111816407	-236.3743438720704	1215.553466796875	-370.1543579101563	-204.2487182617188	1372.750854492188	-365.9440917968751	-167.3714904785157	1372.127563476563	-462.3145446777345	-123.5050811767578	1355.421997070313	-499.0538024902345	-218.4293212890626	1057.635864257813	-512.4952392578126	-229.582504272461	1052.0322265625	-428.1427307128907	-254.1400299072266	1031.490844726563	-491.8465270996095	-155.3526916503907	799.968688964844	-509.6274414062501	-220.2624969482422	812.1265869140627	-551.8675537109376	-158.0798797607422	693.9393310546876	-512.1399536132814	-248.6056213378907	733.9157104492189	-552.1127929687501	-205.1664123535157	1234.39013671875	-140.3062896728516	-177.5742950439453	1382.879150390625	-175.3928680419922	-109.3678512573242	1394.192260742188	-102.4185867309571	-61.89998626708986	1395.691162109375	-89.44102478027345	-17.12358474731446	1088.102294921875	-6.968760013580324	-59.91180419921876	1060.518798828125	-87.04666137695314	-45.63703536987305	1024.407836914063	-27.49947738647462	170.3012237548828	931.593688964844	-116.959587097168	149.9478607177735	898.1707153320315	-50.04118728637697	258.1311645507813	876.9450683593752	-124.6507720947266	193.3336944580079	828.9274902343752	-57.608943939209	
22	0.21	5.680055618286134	971.777770996094	-405.0761718750001	-184.646469116211	966.7824707031252	-319.0072631835938	-179.3761596679688	958.939636230469	-216.8179321289063	10.36225700378418	946.2003173828127	-152.7176818847657	-51.72711563110353	897.7652587890627	-479.0122375488282	91.03142547607423	488.8554687500001	-443.4623107910157	88.24861907958986	487.8078002929689	-310.0793457031251	76.73598480224611	421.8076171875001	-440.7883300781251	138.6417541503907	417.7581481933595	-382.3428649902344	63.84050750732423	68.03005981445314	-387.8150634765626	89.63549041748048	89.09095764160158	-298.2732849121094	6.057835102081301	18.80682182312012	-319.2181396484376	217.6617736816407	20.53237342834473	-301.9910583496094	220.0258026123047	38.35000228881837	-362.3464355468751	174.5527648925782	18.74215888977051	-420.0529174804689	-60.06314086914064	840.1604614257815	-92.37761688232423	-113.3402328491211	439.5271606445314	-115.1280899047852	-68.71905517578126	415.9024353027345	-239.3224334716797	-162.2076721191407	412.3686828613282	-119.7375869750977	-109.8693923950196	352.4481506347657	-156.4825286865235	-447.8236389160157	230.5783996582032	-207.1208190917969	-394.7666625976564	200.7322692871094	-281.7215270996094	-490.8058471679689	242.3328399658204	-284.0467529296876	-416.2599487304689	53.92599868774415	-272.3632812500001	-403.5519104003907	63.44504547119142	-213.9969787597657	-458.8895568847657	102.1583862304688	-165.9690551757813	-121.0618362426758	1452.753173828125	-298.1428222656251	-206.2925262451172	1203.468139648438	-264.1322326660157	49.05989456176759	1153.183837890625	-286.4313964843751	-3.140457630157472	1356.529663085938	-300.7893981933594	-222.6796875000001	1217.675415039063	-371.8860778808594	-190.92333984375	1374.96337890625	-366.9087524414063	-153.339828491211	1374.390869140625	-463.3785705566407	-109.4349060058594	1357.614013671875	-499.6407165527345	-201.6326446533204	1058.760498046875	-513.3543090820314	-213.7431793212891	1053.392211914063	-429.0298767089845	-237.2008361816407	1032.147583007813	-493.0332031250001	-134.7897644042969	801.9719848632815	-508.7810668945314	-199.604965209961	812.936462402344	-551.5485229492189	-135.30517578125	696.0437011718751	-511.5448303222657	-226.4014739990235	734.1633911132814	-552.1152954101564	-193.0275115966797	1236.297729492188	-141.4959716796875	-164.9414215087891	1384.890502929688	-176.2202911376953	-97.22161102294925	1396.086181640625	-102.9976882934571	-49.8623733520508	1397.481567382813	-89.67005920410158	-7.709251403808596	1089.240844726563	-7.648136138916017	-51.1676712036133	1062.420288085938	-87.56456756591798	-38.17607879638673	1026.625854492188	-27.54187011718751	174.3340148925782	923.959899902344	-114.0148468017578	152.6945190429688	892.5960693359377	-46.45402145385743	259.4400939941407	864.6423339843752	-121.0384368896485	192.5547180175782	821.5159912109377	-52.61499023437501	
23	0.22	18.61549377441407	973.3682250976565	-405.2801513671876	-172.1844635009766	969.0332641601565	-319.9962158203126	-167.3736267089844	960.552917480469	-217.9493408203126	22.18419647216797	948.5032958984377	-152.8278503417969	-39.29923629760743	899.2250976562502	-479.3889770507814	97.07439422607425	488.2480468750001	-442.3669738769532	93.6038284301758	487.5766601562501	-308.7279357910157	81.69106292724611	421.5142822265626	-439.5628356933595	143.5662841796875	416.7505187988282	-380.6128540039063	64.54091644287111	68.28712463378908	-386.776824951172	90.18822479248048	88.66530609130861	-296.9592285156251	6.42055130004883	18.83275222778321	-318.7749633789063	218.0433044433594	19.96870231628418	-301.4688415527344	220.8973541259766	38.18691635131837	-361.8547668457032	174.7535705566407	19.26566696166993	-419.9931945800782	-46.76088333129884	841.5041503906252	-93.24171447753908	-87.94409942626955	440.2785644531251	-112.8188934326172	-41.94768905639649	416.8936767578126	-236.9729766845704	-136.2545776367188	414.0668334960939	-117.3297119140625	-84.10630798339845	353.3395385742188	-154.2107696533203	-424.5548706054689	238.5067596435547	-206.2874145507813	-371.4556884765626	206.680892944336	-280.3331298828126	-466.9297790527345	250.0656890869141	-283.7067871093751	-396.1344299316407	59.79622268676759	-267.6412963867188	-383.3041687011719	69.50616455078126	-209.7538146972657	-438.0862121582032	111.725341796875	-163.0005035400391	-108.1070251464844	1454.998779296875	-298.6210021972657	-193.6476440429688	1205.682739257813	-265.4304504394532	61.7301368713379	1155.325927734375	-286.2817993164063	9.788422584533693	1358.666259765625	-300.7872314453126	-209.1453399658204	1220.032470703125	-373.8446960449219	-177.6147155761719	1377.33447265625	-367.9385375976563	-139.2031555175782	1376.736083984375	-464.3806762695314	-95.17031097412111	1359.940551757813	-500.1716918945314	-184.5338134765625	1060.004516601563	-514.3411865234376	-197.8178253173829	1054.8828125	-430.0853271484376	-219.9763183593751	1032.89892578125	-494.4171752929689	-113.7902908325196	804.1919555664065	-507.8503417968751	-178.4363708496094	813.902770996094	-551.2298583984376	-111.882568359375	698.4468383789064	-510.938201904297	-203.5673065185547	734.5371093750001	-552.1163940429689	-181.2135772705078	1238.221313476563	-142.8724212646485	-152.5565185546875	1386.958129882813	-177.0526275634766	-85.3502883911133	1397.942749023438	-103.5041198730469	-38.08320999145509	1399.203979492188	-89.76798248291017	1.477151036262512	1090.33154296875	-8.345287322998049	-42.67993545532227	1064.267700195313	-88.06455230712892	-30.87596702575684	1028.900756835938	-27.61196517944337	177.7092437744141	916.3887939453127	-110.8264312744141	155.0131072998047	887.3524169921877	-42.53910827636719	259.8060607910157	852.5506591796877	-117.11083984375	191.3012390136719	814.5443115234377	-47.19105911254884	
24	0.23	31.31485557556153	974.8655395507815	-405.3803710937501	-159.9745788574219	971.3666992187502	-320.9626159667969	-155.5889129638672	962.356140136719	-219.0795593261719	33.8009262084961	950.9673461914065	-152.7681732177735	-27.08740234375001	900.663513183594	-479.5939331054689	102.6593399047852	487.6495971679689	-441.2498779296876	98.52002716064456	487.3107299804689	-307.3993225097657	86.19536590576173	421.2089233398439	-438.3639221191407	148.0326080322266	415.759246826172	-378.9608154296876	65.09498596191408	68.4896926879883	-385.8050842285157	90.57051849365236	88.21817779541017	-295.7525329589844	6.64059352874756	18.84679603576661	-318.3287658691407	218.355941772461	19.52347183227539	-301.0294189453126	221.614974975586	38.03365707397462	-361.4147033691407	174.8616638183594	19.65007019042969	-419.8546142578126	-33.88695144653321	843.1550292968752	-94.04775238037111	-62.56095504760744	441.623992919922	-110.587646484375	-15.18614482879639	418.6221923828126	-234.6830444335938	-110.2523269653321	416.2178955078126	-115.0981216430664	-58.07002639770509	354.7699279785157	-152.091796875	-400.2641906738282	245.2554473876954	-205.2819213867188	-347.0812377929688	211.878158569336	-278.8440856933594	-442.3302001953126	256.0747680664063	-283.1214599609376	-373.2521972656251	64.99425506591798	-262.7985839843751	-360.3756103515626	75.27259826660158	-205.3564453125001	-414.8747863769532	120.1109161376953	-159.7999267578125	-95.24411010742189	1457.282348632813	-299.0120849609376	-181.1646881103516	1207.946533203125	-266.7823791503907	74.14306640625001	1157.380615234375	-286.0107727050782	22.61754226684571	1360.768676757813	-300.6290893554688	-195.7794799804688	1222.599731445313	-375.9752197265626	-164.3299713134766	1379.832763671875	-369.0130615234376	-125.0071563720703	1379.135864257813	-465.2872619628907	-80.73020935058595	1362.382568359375	-500.6346130371095	-167.1294860839844	1061.353759765625	-515.4594116210939	-181.7925109863282	1056.472534179688	-431.3235473632814	-202.4634094238282	1033.729370117188	-496.0000305175782	-92.40488433837892	806.6118774414065	-506.8211059570314	-156.7640838623047	815.036804199219	-550.9379882812501	-87.90960693359376	701.1417846679689	-510.2824096679689	-180.1370391845703	735.0703735351564	-552.1431884765626	-169.6833953857422	1240.170288085938	-144.3825378417969	-140.388412475586	1389.07177734375	-177.8699951171875	-73.69960784912111	1399.76025390625	-103.9371032714844	-26.5062656402588	1400.8525390625	-89.75177001953126	10.38668346405029	1091.367553710938	-9.051110267639162	-34.45494461059571	1066.064086914063	-88.56211090087892	-23.7596492767334	1031.211547851563	-27.72848320007325	180.4361114501953	908.9729003906252	-107.4002151489258	156.9283294677735	882.5108032226565	-38.32322692871094	259.2766723632813	840.8280029296877	-112.8509368896485	189.6455535888672	808.112731933594	-41.35555648803712	
25	0.24	43.78239440917969	976.3137817382815	-405.4004821777345	-147.9817047119141	973.7532958984377	-321.8609313964844	-143.9631958007813	964.3477172851565	-220.1502380371094	45.26041793823243	953.567321777344	-152.5776062011719	-15.09672737121582	902.0877075195315	-479.6411437988282	107.9011001586914	487.0961303710939	-440.1690673828126	103.0920944213867	487.0272827148439	-306.1693115234376	90.38101959228517	420.9212646484376	-437.2601928710939	152.1336364746094	414.801971435547	-377.4540405273438	65.5259475708008	68.64014434814455	-384.944061279297	90.78223419189455	87.77097320556642	-294.7032775878907	6.729722499847414	18.86174964904786	-317.9198608398438	218.599349975586	19.15071296691895	-300.6854248046876	222.1817932128907	37.85604858398438	-361.0472717285157	174.8905944824219	19.87690925598145	-419.6798095703126	-21.35163688659668	845.0999145507815	-94.77294921875001	-37.26591873168946	443.5327758789064	-108.4254150390625	11.4668083190918	421.0550231933595	-232.4298706054688	-84.30266571044923	418.7691040039064	-113.0243148803711	-31.82635688781739	356.7456359863282	-150.0903625488282	-375.0536193847657	250.6253356933594	-204.0469207763672	-321.7509460449219	216.1941223144532	-277.2216796875001	-417.1266479492189	260.2744750976563	-282.2150878906251	-347.7648315429688	69.33760070800783	-258.0375671386719	-334.9029541015626	80.48919677734376	-200.9946899414063	-389.4059143066407	126.9805068969727	-156.4766845703125	-82.47366333007814	1459.577880859375	-299.3111267089844	-168.8177337646485	1210.22412109375	-268.1530151367188	86.32621002197267	1159.347412109375	-285.6415100097657	35.35056304931641	1362.823120117188	-300.3289184570313	-182.5800476074219	1225.33837890625	-378.2139587402344	-151.0791168212891	1382.42041015625	-370.1063537597657	-110.796859741211	1381.562133789063	-466.0669860839845	-66.14257812500001	1364.919067382813	-501.0149841308595	-149.4213256835938	1062.792358398438	-516.7097167968751	-165.650863647461	1058.125	-432.756561279297	-184.6627349853516	1034.62109375	-497.779510498047	-70.6830520629883	809.214538574219	-505.6831054687501	-134.5940704345703	816.348571777344	-550.7010498046876	-63.48497390747072	704.1163940429689	-509.5373840332032	-156.1400299072266	735.7943115234376	-552.2279052734376	-158.389389038086	1242.148193359375	-145.9676513671875	-128.4037170410157	1391.216186523438	-178.6510925292969	-62.21647262573244	1401.534545898438	-104.2951049804688	-15.07938194274903	1402.421508789063	-89.6371536254883	18.97455024719239	1092.344848632813	-9.753293037414553	-26.49089431762696	1067.818359375	-89.0746536254883	-16.85212707519532	1033.5361328125	-27.90759658813477	182.5441589355469	901.8023071289065	-103.7452545166016	158.4637908935547	878.124450683594	-33.84434890747071	257.9279479980469	829.6131591796877	-108.2425689697266	187.6513671875	802.3018798828127	-35.14091110229493	
26	0.25	56.02834701538087	977.7490234375002	-405.368133544922	-136.1650085449219	976.153503417969	-322.6550903320313	-132.44287109375	966.5083007812502	-221.1121368408204	56.6100196838379	956.268737792969	-152.3056793212891	-3.331938743591309	903.4896240234377	-479.5547180175782	112.8886108398438	486.6042480468751	-439.1689453125001	107.3876647949219	486.7349243164064	-305.0878601074219	94.35452270507814	420.6685791015626	-436.2984619140626	155.9460754394532	413.8890075683595	-376.1296997070313	65.86130523681642	68.74691772460939	-384.2187500000001	90.83147430419923	87.34444427490236	-293.8383789062501	6.713927745819094	18.8849105834961	-317.5756530761719	218.7773132324219	18.82064247131348	-300.4376220703126	222.6085815429688	37.64218902587891	-360.7615051269532	174.8583221435547	19.9552059173584	-419.5018005371095	-9.048602104187013	847.312683105469	-95.39373779296876	-12.12075233459473	445.9485473632814	-106.3248519897461	37.92369461059571	424.1352539062501	-230.1995849609376	-58.48568344116212	421.6387634277345	-111.082878112793	-5.430457115173341	359.2485351562501	-148.1765441894532	-349.0204772949219	254.4546508789063	-202.5409088134766	-295.5691833496094	219.5180969238282	-275.4465026855469	-391.412322998047	262.6206665039063	-280.9329223632813	-319.8689880371094	72.69455718994142	-253.5429077148438	-307.0728149414063	84.93374633789064	-196.8460083007813	-361.8658447265626	132.0798797607422	-153.1409149169922	-69.79608154296876	1461.858032226563	-299.5126647949219	-156.579345703125	1212.478515625	-269.5100402832032	98.31242370605472	1161.228759765625	-285.1976623535157	47.99065399169923	1364.817016601563	-299.9009704589844	-169.535140991211	1228.197265625	-380.4937438964844	-137.8736572265625	1385.053955078125	-371.1892089843751	-96.61286163330081	1383.986206054688	-466.6942749023439	-51.44240570068361	1367.525756835938	-501.2972106933595	-131.4162139892578	1064.303344726563	-518.0895996093751	-149.3764343261719	1059.80029296875	-434.3931884765626	-166.5787963867188	1035.554931640625	-499.7497558593751	-48.67251205444337	811.9825439453127	-504.4317626953126	-111.9339675903321	817.845153808594	-550.5454711914064	-38.70439910888673	707.3530273437501	-508.6651916503907	-131.6027069091797	736.7349243164064	-552.4042968750001	-147.2816467285157	1244.150268554688	-147.5698699951172	-116.5696334838867	1393.369995117188	-179.3756256103516	-50.85352325439455	1403.257690429688	-104.5759582519532	-3.759388208389283	1403.903564453125	-89.43655395507814	27.20296096801759	1093.26025390625	-10.43588161468506	-18.77815818786621	1069.539916992188	-89.61746215820314	-10.1771183013916	1035.85107421875	-28.16071510314942	184.0846710205078	894.9607543945315	-99.87435150146487	159.6424255371094	874.226013183594	-29.15028190612794	255.8616790771485	819.0217895507815	-103.2734451293946	185.373291015625	797.169128417969	-28.59551239013673	
27	0.26	68.06820678710939	979.194030761719	-405.3127746582032	-124.480712890625	978.519226074219	-323.3197326660157	-120.9827957153321	968.799743652344	-221.9279785156251	67.89492797851564	959.0285644531252	-152.0078735351563	8.205498695373537	904.8494262695315	-479.3672180175782	117.684555053711	486.1741638183595	-438.279266357422	111.4508590698242	486.4361267089845	-304.1791381835938	98.19239807128909	420.4570922851564	-435.5035095214845	159.5302124023438	413.0237426757814	-374.9980163574219	66.12965393066408	68.82214355468751	-383.6357727050782	90.73530578613283	86.95568847656251	-293.1625061035157	6.627946853637697	18.91875648498536	-317.3099060058594	218.8972930908204	18.51620674133301	-300.2767028808594	222.9124450683594	37.39635848999024	-360.5554809570313	174.7847595214844	19.91314506530762	-419.3424377441407	3.134404420852662	849.7551879882815	-95.88789367675783	12.82452201843262	448.7964477539064	-104.2814102172852	64.10591125488283	427.7876281738282	-227.9884948730469	-32.86108398437501	424.7248535156251	-109.2452774047852	21.06835174560547	362.2376708984376	-146.3290100097657	-322.2522888183594	256.6254272460938	-200.7415313720704	-268.6298522949219	221.7606201171876	-273.5129394531251	-365.2504272460938	263.1022949218751	-279.2461242675782	-289.7861633300782	74.98680877685548	-249.4620208740235	-277.1030578613282	88.43163299560548	-193.0557556152344	-332.4575500488282	135.2478637695313	-149.8910522460938	-57.2101173400879	1464.094360351563	-299.6112060546876	-144.4231414794922	1214.672729492188	-270.8253173828126	110.1377487182617	1163.026977539063	-284.7019348144532	60.54091644287111	1366.73828125	-299.3589172363282	-156.6244354248047	1231.114990234375	-382.7490234375001	-124.7248687744141	1387.6865234375	-372.2312622070313	-82.48838806152345	1386.379028320313	-467.1517639160157	-36.66908645629884	1370.174438476563	-501.4664306640626	-113.1258697509766	1065.868530273438	-519.5935058593751	-132.9549102783203	1061.4560546875	-436.2384338378907	-148.2196502685547	1036.510620117188	-501.9019775390626	-26.41861534118653	814.8979492187502	-503.0698242187501	-88.7963104248047	819.529479980469	-550.4932861328126	-13.65697002410889	710.8286743164064	-507.6344299316407	-106.5507736206055	737.9109497070314	-552.7036743164064	-136.3115234375	1246.161010742188	-149.1376190185547	-104.855827331543	1395.506469726563	-180.0261993408203	-39.57232284545899	1404.916137695313	-104.7772445678711	7.484569549560549	1405.288330078125	-89.15766906738283	35.04335403442384	1094.1103515625	-11.07923126220703	-11.3000020980835	1071.2353515625	-90.20012664794923	-3.753970384597779	1038.131225585938	-28.49259567260743	185.1302337646485	888.5213012695315	-95.80431365966798	160.4872589111328	870.8264770507815	-24.29644775390626	253.201156616211	809.1434326171877	-97.93814086914065	182.857406616211	792.7460937500002	-21.78435897827149	
28	0.27	79.92191314697267	980.655212402344	-405.2634582519532	-112.8851470947266	980.7969970703127	-323.8395996093751	-109.5481185913086	971.1660766601565	-222.5735778808594	79.15640258789064	961.796325683594	-151.7397918701172	19.51975822448731	906.1402587890627	-479.116668701172	122.3280639648438	485.7939758300782	-437.5155334472657	115.310043334961	486.130096435547	-303.4450073242188	101.9411926269532	420.2844543457032	-434.8805541992189	162.9313507080078	412.2033996582032	-374.0488281250001	66.35778808593751	68.8794631958008	-383.1861877441407	90.51934051513673	86.61653900146486	-292.6613159179688	6.509757518768312	18.96219825744629	-317.1239624023438	218.9696197509766	18.22962379455567	-300.1866455078126	223.114974975586	37.13284301757813	-360.4188842773438	174.6893463134766	19.78947067260743	-419.2127075195314	15.30427932739258	852.3792114257815	-96.23701477050784	37.52935409545899	451.9911193847657	-102.2938690185547	89.94168853759767	431.9243164062501	-225.8026275634766	-7.471288681030275	427.9149169921876	-107.4836578369141	47.62119674682618	365.6524963378907	-144.5359191894532	-294.8217773437501	257.0662536621094	-198.6465759277344	-241.0094909667969	222.8537139892579	-271.4272155761719	-338.6718750000001	261.7327880859376	-277.1534423828126	-257.7439575195313	76.1869583129883	-245.8903198242188	-245.2250213623047	90.86456298828126	-189.7215118408203	-301.3834533691407	136.4203033447266	-146.8030090332032	-44.71153640747071	1466.257690429688	-299.6017456054688	-132.3256988525391	1216.771484375	-272.0761718750001	121.8392868041992	1164.742797851563	-284.1749877929688	73.00498962402345	1368.574584960938	-298.7153320312501	-143.8213043212891	1234.025024414063	-384.9204711914064	-111.6423568725586	1390.27001953125	-373.2035217285157	-68.4474334716797	1388.713012695313	-467.4324951171876	-21.86372566223145	1372.833129882813	-501.509979248047	-94.56610107421876	1067.468139648438	-521.2128295898439	-116.3760528564453	1063.050170898438	-438.2926635742189	-129.5962677001953	1037.46826171875	-504.2248840332032	-3.963752508163453	817.9424438476565	-501.6076965332032	-65.20127105712892	821.3992309570315	-550.5595092773439	11.57802963256836	714.5158691406251	-506.424041748047	-81.01193237304689	739.3327026367189	-553.1507568359376	-125.4343872070313	1248.15380859375	-150.6294708251953	-93.23548889160158	1397.593383789063	-180.589828491211	-28.34508514404298	1406.491088867188	-104.8966674804688	18.66960716247559	1406.562377929688	-88.80294036865236	42.47792053222657	1094.890991210938	-11.66042995452881	-4.033473014831544	1072.9052734375	-90.82384490966798	2.404827117919922	1040.351318359375	-28.90005683898926	185.7721405029297	882.5429687500002	-91.55577087402345	161.0224151611328	867.9160156250002	-19.34296226501465	250.085189819336	800.0405883789065	-92.24084472656251	180.1425170898438	789.0379638671877	-14.78814506530762	
29	0.28	91.61301422119142	982.1216430664065	-405.2464294433595	-101.3375244140625	982.932067871094	-324.2083129882813	-98.1145935058594	973.537536621094	-223.0375213623047	90.42999267578126	964.5164184570315	-151.5513458251953	30.62217330932618	907.3328247070315	-478.8432922363282	126.8395690917969	485.4444885253907	-436.8812561035157	118.9871215820313	485.8148193359376	-302.8707885742188	105.6212768554688	420.1426696777345	-434.4190979003907	166.1826934814453	411.4204101562501	-373.2592773437501	66.56841278076173	68.93196868896486	-382.8500671386719	90.21611785888673	86.33321380615236	-292.3067016601563	6.395518302917482	19.01207733154297	-317.0092468261719	219.0065307617188	17.95933151245118	-300.1480407714844	223.2400817871094	36.87041473388673	-360.3362121582032	174.5893249511719	19.62567901611328	-419.1144409179689	27.55226135253907	855.1290283203127	-96.42887115478518	61.95981216430665	455.4441223144532	-100.3642196655274	115.3645858764649	436.4502258300782	-223.6556396484376	17.65402603149414	431.096160888672	-105.7740936279297	74.17452239990236	369.4178771972657	-142.7937927246094	-266.7830810546876	255.7520141601563	-196.2727966308594	-212.7615356445313	222.7499542236329	-269.2044067382813	-311.6745300292969	258.5422668457032	-274.6798706054688	-223.9613952636719	76.31214904785158	-242.8623046875001	-211.6680908203126	92.17306518554689	-186.883285522461	-268.8320312500001	135.625732421875	-143.9222564697266	-32.29237365722657	1468.318725585938	-299.4801940917969	-120.2681427001953	1218.744018554688	-273.2454833984376	133.4531860351563	1166.373291015625	-283.6341247558594	85.38774871826173	1370.312133789063	-297.9811096191407	-131.0952911376953	1236.859741210938	-386.9586181640626	-98.63259887695315	1392.757690429688	-374.0798950195313	-54.50389862060548	1390.96240234375	-467.5407104492189	-7.066485881805422	1375.466674804688	-501.4187622070314	-75.75597381591798	1069.082153320313	-522.9360351562501	-99.63488769531253	1064.542724609375	-440.5513610839845	-110.7218093872071	1038.4091796875	-506.7050781250001	18.65323638916016	821.0975341796877	-500.0631713867189	-41.17872619628907	823.4468383789065	-550.7502441406251	36.9335060119629	718.3843383789064	-505.0258789062501	-55.01853561401369	741.0018310546876	-553.7603759765626	-114.6113510131836	1250.092407226563	-152.016342163086	-81.68546295166017	1399.5947265625	-181.0584869384766	-17.15480041503907	1407.959594726563	-104.9324264526367	29.79960632324219	1407.709594726563	-88.3699188232422	49.5004234313965	1095.597900390625	-12.15417957305909	3.049438953399659	1074.542846679688	-91.48006439208986	8.295289993286135	1042.4873046875	-29.37143898010255	186.1161804199219	877.0683593750002	-87.1524124145508	161.2744293212891	865.4666748046877	-14.3512830734253	246.6614379882813	791.749450683594	-86.19760131835939	177.2622833251953	786.0244750976565	-7.700745582580568	
30	0.29	103.1677856445313	983.5666503906252	-405.2832031250001	-89.80239105224611	984.872985839844	-324.4263000488282	-86.66757202148439	975.8365478515627	-223.3198394775391	101.744010925293	967.1313476562502	-151.4813232421875	41.53174209594727	908.3990478515627	-478.5855407714845	131.2268371582032	485.1036376953126	-436.3702697753907	122.5056076049805	485.4884033203126	-302.4317321777344	109.2335586547852	420.0204467773439	-434.0974731445314	169.3085632324219	410.663787841797	-372.6011657714844	66.77872467041017	68.99056243896486	-382.6011962890626	89.86251068115236	86.10681915283205	-292.0625610351563	6.315301895141603	19.06463241577149	-316.9505615234376	219.0211181640626	17.70750808715821	-300.1415405273438	223.3121185302735	36.62788009643555	-360.2899780273438	174.4984436035157	19.45975303649903	-419.0429077148439	39.94598388671876	857.944274902344	-96.45925903320315	86.08531951904298	459.0700073242189	-98.4971618652344	140.3125305175782	441.2672119140626	-221.5661621093751	42.4926872253418	434.164276123047	-104.0988998413086	100.6660385131836	373.4495239257813	-141.1047058105469	-238.1694335937501	252.7012481689454	-193.6524505615235	-183.9127502441407	221.4213409423829	-266.8639831542969	-284.2235107421876	253.5724487304688	-271.8725280761719	-188.6381072998047	75.41549682617189	-240.3496246337891	-176.6479034423828	92.35364532470705	-184.5205383300782	-234.9690856933594	132.9743041992188	-141.2595672607422	-19.94077110290528	1470.249267578125	-299.2436828613282	-108.2366027832032	1220.56396484375	-274.3215942382813	145.0130920410157	1167.91064453125	-283.0925903320313	97.695915222168	1371.936279296875	-297.1651611328126	-118.414665222168	1239.555786132813	-388.8262329101564	-85.69798278808595	1395.106689453125	-374.8388061523438	-40.66176223754884	1393.105346679688	-467.4914550781251	7.68574094772339	1378.038208007813	-501.1878356933595	-56.71703720092775	1070.691040039063	-524.7490234375001	-82.73217010498048	1065.898803710938	-443.0046386718751	-91.61116790771486	1039.317016601563	-509.327362060547	41.39761352539063	824.3448486328127	-498.4602050781251	-16.76926231384278	825.6597900390627	-551.0615844726564	62.3560256958008	722.4027099609376	-503.4459533691407	-28.60986518859864	742.9120483398439	-554.5344848632814	-103.809928894043	1251.9326171875	-153.2817687988282	-70.18577575683595	1401.47265625	-181.4290161132813	-5.994024276733399	1409.296264648438	-104.8836288452149	40.86745071411134	1408.712280273438	-87.85245513916017	56.11633682250978	1096.2275390625	-12.53410625457764	9.980307579040529	1076.133544921875	-92.15042877197267	13.92266464233399	1044.517211914063	-29.88695144653321	186.2769775390625	872.122497558594	-82.61972808837892	161.2737731933594	863.435974121094	-9.380763053894045	243.0796508789063	784.2822265625002	-79.83756256103517	174.2479095458985	783.6622314453127	-0.6252267360687257	
31	0.3	114.6143112182617	984.9512939453127	-405.3887634277345	-78.25138092041017	986.5759277343752	-324.4991455078126	-75.20009613037111	977.985046386719	-223.4299316406251	113.1187438964844	969.5844726562502	-151.5535888671875	52.27467346191408	909.3140869140627	-478.3763427734376	135.4911804199219	484.7498779296876	-435.9698181152345	125.895492553711	485.1493225097657	-302.0988769531251	112.7676162719727	419.9053649902345	-433.8877563476564	172.3274230957032	409.9205322265626	-372.0464782714844	66.99976348876955	69.06279754638673	-382.4118957519532	89.49624633789064	85.93438720703126	-291.8907165527344	6.289855957031252	19.11665725708008	-316.9297790527344	219.0264739990235	17.47820663452149	-300.1503601074219	223.3541107177735	36.42095565795899	-360.2635498046876	174.4263916015625	19.32180976867676	-418.9896545410157	52.524959564209	860.7631835937502	-96.33295440673831	109.8750534057617	462.7898864746095	-96.699333190918	164.7272338867188	446.2770080566407	-219.5547027587891	67.0247268676758	437.0298461914064	-102.4479141235352	127.0224533081055	377.6598205566407	-139.472900390625	-208.9920806884766	247.9719390869141	-190.8282318115235	-154.4619750976563	218.858627319336	-264.4251708984376	-256.2530822753907	246.8745269775391	-268.7940368652344	-151.9484100341797	73.57696533203126	-238.2654113769532	-140.3585815429688	91.45214080810548	-182.5557403564453	-199.9338989257813	128.6419372558594	-138.7904968261719	-7.641508579254152	1472.022827148438	-298.8906860351563	-96.22196197509768	1222.211181640625	-275.2974548339844	156.548812866211	1169.342163085938	-282.5588378906251	109.9384918212891	1373.430419921875	-296.2743225097657	-105.7489089965821	1242.058349609375	-390.4991455078126	-72.83633422851564	1397.280517578125	-375.4637756347657	-26.91609382629395	1395.12451171875	-467.3088684082032	22.36124420166016	1380.510986328125	-500.8169555664064	-37.4729118347168	1072.276489257813	-526.6351928710939	-65.67373657226564	1067.08984375	-445.6370849609376	-72.28060913085939	1040.179077148438	-512.0746459960939	64.2391815185547	827.6665039062502	-496.827117919922	7.975872516632082	828.021423339844	-551.4796142578126	87.80623626708986	726.5408325195314	-501.7039794921876	-1.833698272705079	745.0500488281251	-555.4607543945314	-93.00366973876955	1253.626831054688	-154.4207916259766	-58.7186737060547	1403.188842773438	-181.7023010253907	5.137397766113282	1410.475463867188	-104.7505569458008	51.85853195190431	1409.553344726563	-87.24246215820314	62.34241104125978	1096.777954101563	-12.77439403533936	16.79241180419922	1077.657348632813	-92.8080520629883	19.30130577087403	1046.423461914063	-30.41992759704591	186.3716735839844	867.713562011719	-77.98339843750001	161.0561828613282	861.7722167968752	-4.485469341278077	239.485092163086	777.6299438476565	-73.20323181152345	171.1309814453125	781.8884887695315	6.331295013427736	
32	0.31	125.9814987182617	986.2287597656252	-405.5701599121095	-66.6641082763672	988.007995605469	-324.4358825683594	-63.71055603027345	979.9116821289065	-223.3841857910157	124.5663223266602	971.8234863281252	-151.77490234375	62.88318252563478	910.0579223632815	-478.2396545410157	139.6330108642578	484.3645324707032	-435.6629943847657	129.193832397461	484.7963256835939	-301.8436584472657	116.2100601196289	419.7851867675782	-433.7597961425782	175.2544403076172	409.1772460937501	-371.5704956054688	67.23658752441408	69.15217590332033	-382.2570800781251	89.15232849121095	85.8100051879883	-291.7558288574219	6.328607559204103	19.16622924804688	-316.9289855957032	219.0347290039063	17.2760124206543	-300.1619567871094	223.3863372802735	36.26041793823243	-360.2432861328126	174.3787689208985	19.23175048828125	-418.9450073242189	65.29985809326173	863.5254516601565	-96.0637130737305	133.2944641113282	466.5332641601564	-94.9785614013672	188.5538177490235	451.3831481933595	-217.6410827636719	91.22762298583986	439.6216430664064	-100.8187942504883	153.1593627929688	381.9626464843751	-137.9017791748047	-179.2410736083985	241.6568145751954	-187.8471374511719	-124.381591796875	215.0719451904297	-261.9026184082032	-227.6697082519532	238.5105895996094	-265.5144958496094	-114.0389633178711	70.89537048339845	-236.4742279052735	-102.9685821533203	89.55532836914064	-180.863510131836	-163.8394012451172	122.8526992797852	-136.4584655761719	4.622943878173829	1473.615478515625	-298.4212341308594	-84.21872711181642	1223.670532226563	-276.1696166992188	168.085678100586	1170.649536132813	-282.0362548828126	122.126953125	1374.77734375	-295.3131713867188	-93.07082366943361	1244.32421875	-391.9659423828126	-60.04086685180665	1399.249389648438	-375.9439392089844	-13.25473499298096	1397.007690429688	-467.0233764648439	36.93492126464844	1382.849975585938	-500.3099975585939	-18.04918098449707	1073.822875976563	-528.5758666992189	-48.46927642822267	1068.095092773438	-448.427947998047	-52.74794006347658	1040.985595703125	-514.9272460937501	87.15249633789064	831.0459594726565	-495.1941833496095	32.99598693847657	830.5123291015627	-551.9816284179689	113.2582321166992	730.7719726562501	-499.8313293457032	25.25325202941895	747.3973999023439	-556.5124511718751	-82.17107391357423	1255.126708984375	-155.437744140625	-47.26765060424805	1404.707153320313	-181.8821868896485	16.23522377014161	1411.473510742188	-104.5348510742188	62.75506591796876	1410.21728515625	-86.53185272216798	68.20579528808595	1097.250244140625	-12.85161972045899	23.51864814758301	1079.090698242188	-93.41989898681642	24.45390701293946	1048.193237304688	-30.93886756896973	186.5135192871094	863.8338623046877	-73.26758575439455	160.66357421875	860.4189453125002	0.2884119749069214	236.0131835937501	771.766296386719	-66.34937286376955	167.9464111328125	780.6259765625002	13.06344795227051	
33	0.32	137.2980346679688	987.3498535156252	-405.8258666992189	-55.02826309204103	989.149841308594	-324.2479858398438	-52.20024871826173	981.5585937500002	-223.2035064697266	136.0915069580078	973.802917480469	-152.1348876953125	73.39373779296876	910.615417480469	-478.1875915527345	143.6561279296875	483.9329833984376	-435.430877685547	132.4415893554688	484.4276428222657	-301.6408081054688	119.5515213012696	419.6487121582032	-433.6846923828126	178.1031646728516	408.421356201172	-371.1528930664063	67.48904418945314	69.25805664062501	-382.1170654296876	88.85973358154298	85.7258758544922	-291.6291503906251	6.429080486297609	19.21299552917481	-316.9332275390626	219.056381225586	17.10512351989746	-300.1688232421876	223.4253997802735	36.15137481689454	-360.2197265625001	174.357421875	19.19870567321778	-418.9005126953126	78.25526428222658	866.1748046875002	-95.67323303222658	156.3021392822266	470.2372436523439	-93.3433303833008	211.7404327392579	456.4912719726564	-215.8424682617188	115.0726394653321	441.8873596191407	-99.2165222167969	178.9832916259766	386.2774047851564	-136.3917541503907	-148.8871307373047	233.8787536621094	-184.7543487548828	-93.62166595458986	210.0930938720704	-259.3027954101563	-198.3563842773438	228.5576629638672	-262.1033020019532	-75.02957916259767	67.48282623291017	-234.8058319091797	-64.61947631835939	86.7825164794922	-179.283920288086	-126.7751159667969	115.8613739013672	-134.1805725097657	16.87106704711914	1475.006591796875	-297.8369140625001	-72.22350311279298	1224.93212890625	-276.9371032714844	179.6440582275391	1171.81005859375	-281.5232238769532	134.2750549316407	1375.95849609375	-294.2842102050782	-80.35823059082033	1246.323974609375	-393.2266845703126	-47.30064010620118	1400.9921875	-376.2736816406251	0.339543104171753	1398.746948242188	-466.667938232422	51.38924789428712	1385.024291992188	-499.6743164062501	1.526417136192322	1075.317626953125	-530.5504760742189	-31.13057136535645	1068.902221679688	-451.3511657714845	-33.03287506103516	1041.730834960938	-517.8629150390626	110.11669921875	834.4680786132815	-493.5913085937501	58.22318649291994	833.111755371094	-552.5379028320314	138.6977691650391	735.0747070312501	-497.8677368164064	52.58604049682619	749.9317626953126	-557.6495971679689	-71.29412841796876	1256.388061523438	-156.3433532714844	-35.81664657592774	1405.9951171875	-181.9740905761719	27.29389953613282	1412.271118164063	-104.239486694336	73.54056549072267	1410.692260742188	-85.71441650390626	73.74291992187501	1097.648681640625	-12.74660396575928	30.18951797485352	1080.40966796875	-93.94983673095705	29.41037368774415	1049.8193359375	-31.410062789917	186.8060455322266	860.4626464843752	-68.49343872070314	160.1443176269532	859.319763183594	4.904353141784669	232.7851104736329	766.6516723632814	-59.34071350097658	164.7347564697266	779.7879028320315	19.47347640991211	
34	0.33	148.5914764404297	988.268005371094	-406.1455383300782	-43.33885574340821	989.9963989257815	-323.9485778808594	-40.67122650146485	982.885925292969	-222.9109954833985	147.6931304931641	975.4866943359377	-152.6075744628907	83.84492492675783	910.9761962890627	-478.2188415527345	147.5702667236328	483.4450073242189	-435.2542114257814	135.6782379150391	484.0405883789064	-301.4694519042969	122.7914505004883	419.4861755371095	-433.6370544433595	180.8867492675782	407.6424255371095	-370.7772521972657	67.7529983520508	69.37615203857423	-381.9790344238282	88.63904571533205	85.67315673828126	-291.4906616210938	6.577861785888674	19.25810241699219	-316.9321289062501	219.0995788574219	16.96866035461426	-300.1680908203126	223.4835052490235	36.09343338012696	-360.1879577636719	174.361083984375	19.22193336486817	-418.8501892089845	91.35485839843751	868.6612548828127	-95.18917083740236	178.8474884033203	473.844696044922	-91.80254364013673	234.2378082275391	461.5090332031251	-214.172592163086	138.5224761962891	443.7914123535157	-97.65228271484378	204.3952789306641	390.5317687988282	-134.9396362304688	-117.8846588134766	224.7868194580079	-181.5875396728516	-62.11631774902345	203.9791717529297	-256.6219787597657	-168.1783905029297	217.1138916015626	-258.6213378906251	-35.01615905761719	63.4623374938965	-233.0713958740235	-25.42702293395997	83.27848052978517	-177.6381530761719	-88.81148529052736	107.9384460449219	-131.85546875	29.12093162536622	1476.1796875	-297.1406555175782	-60.23337173461915	1225.989990234375	-277.6001281738282	191.2395477294922	1172.797729492188	-281.0136413574219	146.3983764648438	1376.956176757813	-293.1882324218751	-67.59508514404298	1248.0419921875	-394.2903442382814	-34.60134887695313	1402.495483398438	-376.4522399902344	13.88669586181641	1400.338134765625	-466.273651123047	65.71486663818361	1387.00830078125	-498.9194335937501	21.22362709045411	1076.751342773438	-532.5371704101564	-13.66991424560547	1069.506958007813	-454.3757324218751	-13.15759754180909	1042.41162109375	-520.8556518554689	133.1149291992188	837.9204711914065	-492.0458984375001	83.58536529541017	835.7991333007815	-553.1149902343751	164.1195220947266	739.4346923828126	-495.8571777343751	80.09337615966798	752.6286621093751	-558.8221435546876	-60.35669708251955	1257.373291015625	-157.1517639160157	-24.34971046447755	1407.02587890625	-181.98388671875	38.30943679809571	1412.85400390625	-103.8686141967774	84.20399475097658	1410.970336914063	-84.7872772216797	78.99822998046876	1097.98046875	-12.44607639312744	36.83161544799805	1081.592651367188	-94.3621292114258	34.2065658569336	1051.300170898438	-31.80051040649415	187.3383483886719	857.5684814453127	-63.67815017700197	159.5526428222657	858.4219360351565	9.336293220520021	229.9049530029297	762.2362060546876	-52.24847412109376	161.5436706542969	779.2832641601565	25.47661399841309	
35	0.34	159.8873443603516	988.9437255859377	-406.510711669922	-31.5968360900879	990.5557861328127	-323.5520019531251	-29.12450981140137	983.8743286132815	-222.5299835205079	159.3659820556641	976.8492431640627	-153.1545715332032	94.27517700195314	911.1342773437502	-478.3186340332032	151.391830444336	482.8946533203126	-435.1144409179689	138.9359893798828	483.6314697265626	-301.3131408691407	125.9400177001953	419.2896728515626	-433.5962524414064	183.6184539794922	406.832733154297	-370.4302368164063	68.02180480957033	69.49954223632814	-381.8372802734376	88.5012893676758	85.64267730712892	-291.3296508789063	6.753104209899904	19.30392265319825	-316.9205017089844	219.1694793701172	16.86816787719727	-300.1607360839844	223.5681915283204	36.0814437866211	-360.1472778320313	174.3860626220703	19.29273414611817	-418.7913818359376	104.5477676391602	870.9423828125002	-94.64242553710939	200.8697204589844	477.3013610839845	-90.36558532714845	255.998764038086	466.3452758789064	-212.6418609619141	161.5304718017578	445.3118286132814	-96.1420822143555	229.2952423095704	394.6626586914064	-133.539306640625	-86.17578887939455	214.5533447265626	-178.3724975585938	-29.79183387756348	196.8172302246094	-253.8455047607422	-136.9903106689453	204.3053588867188	-255.1147766113282	5.924914836883546	58.96837997436525	-231.080307006836	14.51626300811768	79.20851898193361	-175.744873046875	-50.00454711914064	99.35865783691409	-129.3725738525391	41.38903427124024	1477.122314453125	-296.3366088867188	-48.24460220336915	1226.841064453125	-278.1589965820313	202.8833312988282	1173.585205078125	-280.4976501464844	158.5135192871094	1377.753295898438	-292.0246887207032	-54.77183151245119	1249.47607421875	-395.1722412109376	-21.92639350891114	1403.752807617188	-376.4828186035157	27.40708732604981	1401.7783203125	-465.8655700683595	79.91080474853517	1388.7822265625	-498.0558166503907	41.0094108581543	1078.118774414063	-534.5130615234376	3.901131868362428	1069.912475585938	-457.4660034179689	6.852740764617922	1043.027587890625	-523.8760375976564	156.1334228515625	841.3934326171877	-490.5810852050782	109.0096511840821	838.5554809570315	-553.6785888671876	189.5235748291016	743.8447265625001	-493.8434448242189	107.700439453125	755.4625244140626	-559.9739379882814	-49.34321212768556	1258.054931640625	-157.8775939941407	-12.85107898712159	1407.779418945313	-181.9168395996094	49.28175735473634	1413.2138671875	-103.4272918701172	94.74310302734376	1411.048706054688	-83.75184631347658	84.02291107177736	1098.255737304688	-11.94395542144776	43.46699523925782	1082.623291015625	-94.62480926513673	38.88313293457032	1052.639282226563	-32.08076858520509	188.1819305419922	855.1118774414065	-58.83462142944337	158.9473114013672	857.6787109375002	13.56848239898682	227.4579010009766	758.4633178710939	-45.14611816406251	158.4283447265625	779.0218505859377	31.00543785095216	
36	0.35	171.2085571289063	989.3479003906252	-406.8962707519532	-19.80729866027832	990.8474121093752	-323.0732727050782	-17.55875968933106	984.5244750976565	-222.0823669433594	171.1029357910157	977.876403808594	-153.7292022705078	104.720573425293	911.0876464843752	-478.4603271484376	155.1427917480469	482.2795715332032	-434.9946289062501	142.2357788085938	483.1956481933595	-301.1589660644532	129.0172119140625	419.0534667968751	-433.546844482422	186.3117828369141	405.9877319335939	-370.1007385253907	68.28775024414064	69.62007141113283	-381.6921386718751	88.44807434082033	85.62541961669923	-291.1437683105469	6.928337097167971	19.35364532470703	-316.8979797363282	219.2678527832032	16.80316925048828	-300.1500549316407	223.6822509765626	36.1065788269043	-360.1003723144532	174.4270782470703	19.39694976806641	-418.7248535156251	117.7750930786133	872.9841918945315	-94.06400299072267	222.2985229492188	480.5533752441407	-89.04264068603517	276.9776916503907	470.909637451172	-211.2584381103516	184.041259765625	446.4361572265626	-94.70519256591798	253.5863037109376	398.6167907714845	-132.1833801269532	-53.6952476501465	203.3716430664063	-175.120590209961	3.4240300655365	188.7289123535157	-250.948959350586	-104.6446990966797	190.2923431396485	-251.6104583740235	47.73128890991212	54.1498146057129	-228.6562957763672	55.13729858398439	74.75531005859376	-173.4360809326172	-10.40038108825684	90.39353942871095	-126.6215209960938	53.68944931030275	1477.826538085938	-295.4297180175782	-36.25181961059571	1227.484497070313	-278.6134948730469	214.5829162597657	1174.146118164063	-279.9624023437501	170.6372528076172	1378.335083007813	-290.7922973632813	-41.8850212097168	1250.634399414063	-395.8909301757814	-9.258074760437013	1404.763671875	-376.3717041015626	40.9194564819336	1403.064086914063	-465.4593200683595	93.98430633544923	1390.3330078125	-497.0933837890626	60.84795379638673	1079.416870117188	-536.4550170898439	21.57243537902832	1070.127807617188	-460.5823974609376	26.96969032287598	1043.579223632813	-526.8909301757814	179.1602325439453	844.8807373046877	-489.2147216796876	134.425765991211	841.3640747070315	-554.1973266601564	214.9115905761719	748.3049926757814	-491.8661499023439	135.3322296142578	758.4077148437501	-561.0479736328126	-38.23785400390626	1258.416381835938	-158.5335845947266	-1.305666923522949	1408.243774414063	-181.7769622802735	60.21630096435548	1413.3486328125	-102.9210586547852	105.1666793823242	1410.928588867188	-82.61408996582033	88.87361907958986	1098.485229492188	-11.24207782745362	50.11362457275392	1083.4912109375	-94.71261596679689	43.48446655273438	1053.843505859375	-32.2274284362793	189.3891906738282	853.0478515625002	-53.97186660766603	158.3896636962891	857.050231933594	17.59447479248047	225.5098419189454	755.2720336914064	-38.10470962524415	155.4506225585938	778.9184570312502	36.01285552978516	
37	0.36	182.5748138427735	989.4636230468752	-407.2722167968751	-7.977375507354738	990.898376464844	-322.5276794433594	-5.969494819641114	984.8542480468752	-221.5874633789063	182.8969421386719	978.5645751953127	-154.2810211181641	115.2131042480469	910.8379516601565	-478.6087646484376	158.8485260009766	481.6005249023439	-434.8798828125001	145.5861053466797	482.7286071777345	-300.9966125488282	132.0496520996094	418.7741088867189	-433.4781799316407	188.9805603027344	405.1058654785157	-369.7794494628907	68.54344177246095	69.7299270629883	-381.5481567382813	88.47308349609376	85.61302185058595	-290.9372558593751	7.077085971832277	19.41092872619629	-316.8677368164063	219.3927459716797	16.77082633972168	-300.1400451660157	223.8239135742188	36.15756607055665	-360.0518493652344	174.4778289794922	19.51765441894532	-418.6541748046876	130.975814819336	874.760681152344	-93.48192596435548	243.0567016601563	483.5451965332032	-87.84505462646486	297.1304016113282	475.1123962402345	-210.0297088623047	205.9929809570313	447.1579895019532	-93.36257171630861	277.1784057617188	402.3499450683595	-130.8653106689453	-20.37618446350098	191.4544830322266	-171.8280181884766	37.59210205078126	179.8737945556641	-247.9004516601563	-71.00222778320314	175.2738647460938	-248.1140441894532	90.34814453125001	49.17361450195314	-225.6519165039063	96.37751770019534	70.11708831787111	-170.5713043212891	29.96099090576173	81.30755615234376	-123.5016555786133	66.03330230712892	1478.288208007813	-294.4254150390626	-24.24779319763184	1227.920288085938	-278.9621582031251	226.3431091308594	1174.457275390625	-279.3933410644532	182.7854156494141	1378.689453125	-289.4894714355469	-28.93620300292969	1251.532470703125	-396.4652099609376	3.421132564544679	1405.532104492188	-376.1272583007813	54.43936920166017	1404.189697265625	-465.0588684082032	107.9502105712891	1391.653442382813	-496.0404052734376	80.70108795166017	1080.644897460938	-538.3395996093751	39.33542633056641	1070.167114257813	-463.6821289062501	47.16149520874024	1044.067626953125	-529.8641967773439	202.1839752197266	848.3792114257815	-487.9591674804689	159.7689819335938	844.2112426757815	-554.6451416015626	240.2832031250001	752.8214111328126	-489.957489013672	162.9169311523438	761.4395751953126	-561.9916381835939	-27.02446365356446	1258.453247070313	-159.1286010742188	10.3002872467041	1408.414916992188	-181.5665588378907	71.12477111816408	1413.260864257813	-102.3554382324219	115.4953689575196	1410.615356445313	-81.38417816162111	93.61120605468751	1098.6796875	-10.35025215148926	56.78683471679689	1084.19287109375	-94.6091766357422	48.05783081054689	1054.922485351563	-32.22492599487305	190.9934387207032	851.327819824219	-49.09600067138673	157.9413146972657	856.503845214844	21.41549682617188	224.1075897216797	752.5988769531251	-31.18843841552735	152.6771697998047	778.8964843750002	40.47356796264649	
38	0.37	194.0023956298829	989.2864379882815	-407.6062011718751	3.885898351669312	990.7395629882815	-321.9299621582032	5.651178359985352	984.8941040039065	-221.061019897461	194.7427215576172	978.9197387695315	-154.7604675292969	125.7795181274414	910.3896484375002	-478.7247009277345	162.534912109375	480.8607788085939	-434.7578430175782	148.9849700927735	482.2265625000001	-300.8177185058594	135.0663757324219	418.4509277343751	-433.3836059570314	191.6389312744141	404.1878967285157	-369.4590148925782	68.7829055786133	69.82329559326173	-381.4116210937501	88.5643997192383	85.59839630126955	-290.7182617187501	7.177574634552004	19.47964859008789	-316.8346862792969	219.5382995605469	16.76574516296387	-300.1341247558594	223.9873504638672	36.22191238403321	-360.0072326660157	174.5316009521485	19.6377182006836	-418.5848693847657	144.0919189453125	876.2524414062502	-92.91857910156251	263.0646972656251	486.2189941406251	-86.78562927246095	316.4143676757813	478.8658142089845	-208.9638824462891	227.3205718994141	447.4747924804689	-92.13537597656251	299.9915466308594	405.8264770507814	-129.5816497802735	13.84289360046387	179.0322265625	-168.4772491455078	72.75176239013673	170.4506378173828	-244.6645507812501	-35.94334793090821	159.4894409179688	-244.6101074218751	133.7208404541016	44.22778701782227	-221.9603424072266	138.186767578125	65.50589752197267	-167.0492248535157	71.04187774658205	72.35671234130861	-119.9305572509766	78.42848968505861	1478.5068359375	-293.3291931152344	-12.22364234924317	1228.148803710938	-279.2020568847657	238.1670074462891	1174.501220703125	-278.7749633789063	194.9721374511719	1378.808471679688	-288.1148986816407	-15.93041896820069	1252.189208984375	-396.911590576172	16.12735748291016	1406.064453125	-375.7588195800782	67.97830200195314	1405.14599609375	-464.6561584472657	121.8296508789063	1392.7412109375	-494.9027404785157	100.5291595458985	1081.802978515625	-540.1441040039064	57.18274688720705	1070.046508789063	-466.7204895019532	67.39343261718751	1044.4931640625	-532.7578125000001	225.1926727294922	851.888610839844	-486.8211059570314	184.9822540283203	847.0859375000002	-555.0032348632814	265.6333312988282	757.4032592773439	-488.1405639648439	190.388656616211	764.5354614257814	-562.7612915039064	-15.68717384338379	1258.171997070313	-159.6663970947266	21.97863006591797	1408.29638671875	-181.2859649658203	82.02503204345705	1412.95703125	-101.735336303711	125.7611083984375	1410.11669921875	-80.07558441162111	98.29942321777347	1098.847045898438	-9.285618782043459	63.50140762329103	1084.731079101563	-94.30819702148439	52.6525115966797	1055.885864257813	-32.06652450561524	193.0106201171876	849.9010009765627	-44.21168518066407	157.6620635986328	856.012878417969	25.03845596313477	223.2801666259766	750.3789672851564	-24.45085716247559	150.1768493652344	778.890319824219	44.38401412963868	
39	0.38	205.503890991211	988.8233642578127	-407.8659057617189	15.77751350402832	990.4013671875002	-321.2934875488282	17.31431961059571	984.6811523437502	-220.5145721435547	206.6379089355469	978.955505371094	-155.1229858398438	136.4407653808594	909.749694824219	-478.769744873047	166.2257995605469	480.0656127929689	-434.6187133789064	152.4241943359375	481.687469482422	-300.6151123046876	138.0946197509766	418.0860900878907	-433.2592163085939	194.3015441894532	403.2364196777345	-369.1346435546876	69.00244903564455	69.89767456054689	-381.2882995605469	88.7075653076172	85.57638549804689	-290.4963073730469	7.216635227203371	19.56394004821778	-316.8037414550782	219.6951141357422	16.7800407409668	-300.1339111328126	224.1632690429688	36.28705215454102	-359.9713745117188	174.5818023681641	19.74200630187989	-418.5230712890626	157.0725555419922	877.4449462890627	-92.38894653320314	282.2466735839844	488.5156555175782	-85.8783645629883	334.7899475097657	482.0859985351564	-208.0712585449219	247.9603881835938	447.3867492675782	-91.04347991943361	321.9588012695313	409.0189514160157	-128.3340301513672	49.01010894775392	166.3504028320313	-165.0401306152344	108.9113159179688	160.6950225830078	-241.2067871093751	0.6186634302139283	143.2171325683594	-241.0648498535157	177.7865600585938	39.5217399597168	-217.5243225097657	180.5158386230469	61.14493560791017	-162.8165435791016	112.8028259277344	63.78820037841798	-115.8515701293946	90.87966918945314	1478.484985351563	-292.1463317871094	-0.1694529801607132	1228.170654296875	-279.3286743164063	250.0569915771485	1174.267944335938	-278.0921020507813	207.2089996337891	1378.687866210938	-286.6679382324219	-2.874623060226441	1252.6240234375	-397.2424926757814	28.87423324584962	1406.3681640625	-375.2758789062501	81.5433807373047	1405.92041015625	-464.2324829101564	135.6480560302735	1393.598388671875	-493.683319091797	120.2923278808594	1082.890380859375	-541.8466796875001	75.10750579833986	1069.783569335938	-469.6522216796876	87.62854766845705	1044.85498046875	-535.5328369140626	248.1727752685547	855.4104614257815	-485.802215576172	210.0172729492188	849.9795532226565	-555.2609252929689	290.9503479003907	762.0609130859376	-486.4288940429689	217.6893463134766	767.6749877929689	-563.3255004882814	-4.211719036102296	1257.5888671875	-160.1449890136719	33.73889541625977	1407.898803710938	-180.9335327148438	92.9402313232422	1412.4462890625	-101.0644149780274	136.0052337646485	1409.441772460938	-78.70361328125001	103.0035629272461	1098.992309570313	-8.071372032165529	70.2737503051758	1085.113403320313	-93.81359100341798	57.3190269470215	1056.74267578125	-31.75437927246094	195.4419555664063	848.715515136719	-39.32378387451173	157.6081695556641	855.5556640625002	28.47393226623536	223.0403900146485	748.5471801757814	-17.93232345581055	148.017807006836	778.846862792969	47.76102828979493	
40	0.39	217.0881042480469	988.090515136719	-408.0213012695314	27.69591903686524	989.9099731445315	-320.6289672851563	29.03346633911134	984.253112792969	-219.9550170898438	218.5836181640626	978.690612792969	-155.3323669433594	147.2119445800782	908.9271240234377	-478.7106323242189	169.9413757324219	479.222137451172	-434.4552307128907	155.8952789306641	481.1114807128907	-300.3828125000001	141.156967163086	417.6846313476564	-433.1026611328126	196.9840087890626	402.255096435547	-368.8044738769532	69.2011184692383	69.9549026489258	-381.1813354492188	88.8887405395508	85.54457092285158	-290.2797241210938	7.192059993743898	19.66859245300293	-316.7778320312501	219.8508453369141	16.8038330078125	-300.1387939453126	224.3399810791016	36.34138107299805	-359.9477233886719	174.6222686767578	19.81906509399414	-418.4744567871095	169.877426147461	878.3265380859377	-91.89978790283205	300.5375671386719	490.3774414062501	-85.13777923583986	352.2222900390626	484.696502685547	-207.3647766113282	267.8556823730469	446.8970336914064	-90.10400390625001	343.0290832519532	411.907684326172	-127.1306228637696	85.15106201171876	153.6655578613282	-161.4826049804688	146.0392303466797	150.872787475586	-237.4989471435547	38.72398757934571	126.7674713134766	-237.430892944336	222.4652557373047	35.2827377319336	-212.3415679931641	223.3076629638672	57.26372146606447	-157.873046875	155.1973876953125	55.83945846557619	-111.2396926879883	103.388412475586	1478.227294921875	-290.8816223144532	11.92497253417969	1227.986083984375	-279.3362121582032	262.0155944824219	1173.755859375	-277.3308410644532	219.5046539306641	1378.327880859375	-285.1488342285157	10.22367763519287	1252.85302734375	-397.4648742675782	41.67199325561524	1406.45068359375	-374.6871948242188	95.13762664794923	1406.497924804688	-463.761688232422	149.4326782226563	1394.229614257813	-492.382293701172	139.9520568847657	1083.905151367188	-543.4267578125001	93.10237884521486	1069.394775390625	-472.4332580566407	107.8286819458008	1045.150390625	-538.1514892578126	271.1085205078126	858.946960449219	-484.8996887207032	234.8345642089844	852.884704589844	-555.4147338867189	316.2156982421876	766.8027954101564	-484.8275146484376	244.7696075439454	770.8411865234377	-563.6670532226564	7.412878036499025	1256.727661132813	-160.5565795898438	45.5881576538086	1407.23779296875	-180.5056610107422	103.8973083496094	1411.738037109375	-100.3444061279297	146.2752838134766	1408.599853515625	-77.28368377685548	107.7890014648438	1099.115112304688	-6.734967708587648	77.12371826171876	1085.350708007813	-93.13861083984376	62.10828781127931	1057.4990234375	-31.29874801635743	198.2775573730469	847.719177246094	-34.43894577026368	157.8312225341797	855.113708496094	31.73434638977051	223.3870849609376	747.0382080078126	-11.65889167785645	146.2645416259766	778.7260742187502	50.63944625854494	
41	0.4	228.7601928710938	987.1103515625002	-408.0468750000001	39.64369201660157	989.2849731445315	-319.9434509277344	40.82358932495118	983.6429443359377	-219.3841247558594	230.5843505859376	978.1463012695315	-155.3629150390625	158.1024475097657	907.9326782226565	-478.5226135253907	173.6976318359375	478.3390197753907	-434.2623596191407	159.3952941894532	480.5008850097657	-300.1159667968751	144.2701568603516	417.2541503906251	-432.9123535156251	199.7034606933594	401.2481994628907	-368.4696960449219	69.38108062744142	70.00171661376955	-381.0898437500001	89.09762573242189	85.5040740966797	-290.0739135742188	7.11294746398926	19.79983139038086	-316.7567443847657	219.9914245605469	16.82619667053223	-300.1462097167969	224.5045013427735	36.37521362304688	-359.9378051757813	174.6476287841797	19.86221504211426	-418.4432067871095	182.4794464111328	878.886413574219	-91.44974517822267	317.8901672363282	491.7517700195314	-84.57751464843751	368.6846618652344	486.632537841797	-206.8596801757813	286.9628906250001	446.0128784179689	-89.32973480224611	363.1703491210938	414.4808349609376	-125.9866485595703	122.2587127685547	141.2391510009766	-157.7703094482422	184.0566711425782	141.2690582275391	-233.5240936279297	78.35253906250001	110.4728927612305	-233.6539306640626	267.6499328613282	31.74772834777833	-206.4665527343751	266.4875183105469	54.09042739868165	-152.2730712890625	198.1651916503907	48.73519897460939	-106.1055450439453	115.9535140991211	1477.740234375	-289.5390930175782	24.06933975219727	1227.594970703125	-279.2177734375001	274.0458984375001	1172.971801757813	-276.4794006347657	231.8645782470704	1377.732788085938	-283.5587768554688	23.35739326477051	1252.887573242188	-397.5799560546876	54.52684020996095	1406.318237304688	-373.9999084472657	108.7605743408203	1406.863037109375	-463.2142639160157	163.2095947265625	1394.641357421875	-490.9973754882814	159.4725646972657	1084.843017578125	-544.8655395507814	111.1586151123047	1068.89453125	-475.0224609375001	127.9557495117188	1045.374877929688	-540.5780639648439	293.9815368652344	862.4995117187502	-484.1068115234376	259.4027404785157	855.7943115234377	-555.4673461914064	341.4044189453126	771.6331176757815	-483.3345642089845	271.5883789062501	774.0203247070315	-563.7828979492189	19.19264793395996	1255.61669921875	-160.8881378173828	57.53110885620119	1406.33251953125	-179.9969482421875	114.9251251220703	1410.841796875	-99.57450103759768	156.6212158203125	1407.599243164063	-75.82946777343751	112.7198562622071	1099.210327148438	-5.306018352508546	84.07575988769533	1085.45458984375	-92.30404663085939	67.07079315185548	1058.157836914063	-30.71643638610841	201.5002746582032	846.860290527344	-29.56696510314942	158.377914428711	854.6708984375002	34.83257675170899	224.3075256347657	745.7871093750001	-5.642763614654542	144.9755401611328	778.5008544921877	53.06909561157228	
42	0.41	240.5220031738282	985.9087524414065	-407.9229431152345	51.62732696533205	988.5379028320315	-319.2391052246094	52.69987106323244	982.8750000000002	-218.7983551025391	242.6473541259766	977.344177246094	-155.2005920410157	169.1163787841797	906.778991699219	-478.1911926269532	177.5073547363282	477.4263305664064	-434.0368652343751	162.9318389892578	479.859832763672	-299.8111572265626	147.4459991455078	416.8045349121095	-432.6865234375001	202.4793548583985	400.2202148437501	-368.1342773437501	69.54756927490236	70.0498504638672	-381.0084533691407	89.32952117919923	85.46029663085939	-289.8802795410157	6.998034954071047	19.96634292602539	-316.7362976074219	220.1027832031251	16.83659553527832	-300.1524047851563	224.6441497802735	36.38154220581055	-359.9409790039063	174.653564453125	19.87002563476563	-418.4312133789064	194.8664703369141	879.1127929687502	-91.03027343750001	334.2816162109376	492.5961914062501	-84.20857238769533	384.162567138672	487.8459777832032	-206.5720520019532	305.2578735351563	444.7469787597657	-88.72763061523439	382.3721008300782	416.7340393066407	-124.9239654541016	160.2828369140625	129.3291778564453	-153.8745269775391	222.8318481445313	132.1730651855469	-229.2812805175782	119.4115142822266	94.67321014404298	-229.6807708740235	313.1972351074219	29.1504306793213	-200.0082702636719	309.9526672363282	51.84088516235353	-146.1229858398438	241.6231536865235	42.68149185180665	-100.4972000122071	128.571517944336	1477.031005859375	-288.1217041015626	36.27220153808594	1226.997436523438	-278.9656982421876	286.1519470214844	1171.930541992188	-275.5290527343751	244.2911834716797	1376.910522460938	-281.8999328613282	36.52036666870118	1252.733276367188	-397.5834960937501	67.44062805175783	1405.975830078125	-373.2189941406251	122.4088516235352	1407.001708984375	-462.5612792968751	177.0008697509766	1394.840698242188	-489.5245666503907	178.8221130371094	1085.697387695313	-546.1463012695314	129.2652435302735	1068.2939453125	-477.3833923339845	147.9730682373047	1045.521850585938	-542.7811279296876	316.7710266113282	866.0676269531252	-483.413787841797	283.6971740722657	858.700622558594	-555.4255371093751	366.4863281250001	776.5503540039065	-481.9436950683595	298.1120300292969	777.2015380859377	-563.6822509765626	31.12752532958985	1254.286376953125	-161.1222381591797	69.57025146484376	1405.203979492188	-179.400390625	126.0523910522461	1409.765625	-98.75092315673831	167.091293334961	1406.447021484375	-74.35127258300783	117.8575515747071	1099.26708984375	-3.814071416854859	91.15914916992189	1085.435668945313	-91.33582305908205	72.25579071044923	1058.717407226563	-30.02869987487794	205.0896911621094	846.0881347656252	-24.72162628173829	159.2902221679688	854.2119140625002	37.78105926513673	225.7801361083985	744.7296752929689	0.1159152463078499	144.2015075683594	778.1560668945315	55.11135482788087	
43	0.42	252.3726806640626	984.5118408203127	-407.6367797851564	63.65625000000001	987.6721801757815	-318.5126342773438	64.67636871337892	981.9631958007815	-218.1886749267579	254.7815856933594	976.3040771484377	-154.8427886962891	180.2529907226563	905.4808349609377	-477.7120361328126	181.3819274902344	476.4954528808595	-433.7768554687501	166.5263214111328	479.1937866210939	-299.4663696289063	150.693603515625	416.347381591797	-432.4229431152345	205.3338623046876	399.1759033203126	-367.8039855957032	69.70877075195314	70.11566162109376	-380.9276733398438	89.58636474609376	85.4232635498047	-289.6961975097657	6.872471809387209	20.18029212951661	-316.7082519531251	220.1729431152344	16.82659912109375	-300.1536865234376	224.7479553222657	36.35667800903321	-359.9550781250001	174.6370544433594	19.8462085723877	-418.4378662109376	207.0424499511719	878.9930419921877	-90.62705993652345	349.7190551757813	492.8832397460939	-84.03733825683595	398.6588745117189	488.310272216797	-206.5167236328126	322.7413635253907	443.1192016601564	-88.29757690429689	400.6474914550782	418.6697692871095	-123.969352722168	199.1196594238282	118.1795959472657	-149.7780914306641	262.1764526367188	123.859619140625	-224.7891998291016	161.7254791259766	79.69768524169923	-225.4681396484376	358.9190368652344	27.70433044433594	-193.1242218017579	353.5626525878907	50.70455551147462	-139.5747833251953	285.4551696777344	37.85656356811524	-94.49949645996095	141.2373352050782	1476.10791015625	-286.6312866210938	48.54048919677736	1226.193725585938	-278.5720520019532	298.3383789062501	1170.653442382813	-274.4746398925782	256.7841491699219	1375.871704101563	-280.1751403808594	49.70746994018556	1252.390502929688	-397.4665832519532	80.41088867187501	1405.427001953125	-372.3468322753907	136.0766296386719	1406.903076171875	-461.7778320312501	190.822006225586	1394.834716796875	-487.9591064453126	197.973861694336	1086.45947265625	-547.2546997070314	147.4084167480469	1067.600830078125	-479.4857482910157	167.8465881347657	1045.583740234375	-544.7341308593751	339.4540710449219	869.647399902344	-482.8085327148439	307.6983032226563	861.594421386719	-555.2982788085939	391.4280090332032	781.5462646484377	-480.6463012695314	324.3128051757813	780.3765869140627	-563.3844604492189	43.21117019653321	1252.766479492188	-161.2384796142578	81.70616912841798	1403.872924804688	-178.707748413086	137.3056945800782	1408.51611328125	-97.86672210693362	177.7282257080078	1405.14794921875	-72.85475158691408	123.2595901489258	1099.269897460938	-2.286483049392701	98.40749359130862	1085.301879882813	-90.26217651367189	77.71046447753908	1059.172485351563	-29.25879096984864	209.0255584716797	845.353942871094	-19.92105102539063	160.6061401367188	853.7222900390627	40.59137725830079	227.7776184082032	743.8027343750001	5.626234054565431	143.9845733642578	777.686706542969	56.83560180664064	
44	0.43	264.3096618652344	982.944519042969	-407.1827697753907	75.74134826660158	986.684997558594	-317.7547302246094	76.76480865478517	980.9107666015627	-217.5407104492188	266.9963989257813	975.0424804687502	-154.2971496582032	191.5074462890625	904.0552978515627	-477.089813232422	185.3337860107422	475.5591125488282	-433.4812927246095	170.2152252197266	478.5086975097657	-299.0815124511719	154.0222320556641	415.8954162597657	-432.118865966797	208.2922515869141	398.1202697753907	-367.4851684570313	69.87534332275392	70.21942138671876	-380.8351745605469	89.87641906738283	85.4077606201172	-289.5155334472657	6.763711929321291	20.45801734924317	-316.6613159179688	220.1939086914063	16.79157829284668	-300.1478576660157	224.808334350586	36.30060577392579	-359.9768981933594	174.5965270996094	19.79895973205567	-418.4600830078126	219.0274810791016	878.5135498046877	-90.22171020507814	364.2433776855469	492.6046752929689	-84.06359863281251	412.1991577148439	488.0249633789064	-206.7041931152344	339.4428710937501	441.1578063964845	-88.0315628051758	418.0345764160157	420.2965698242189	-123.1519012451172	238.6029205322266	108.0083389282227	-145.4804229736328	301.8452148437501	116.5692367553711	-220.0883178710938	205.0304412841797	65.84547424316408	-220.991195678711	404.5765380859376	27.58291053771973	-186.0103759765625	397.1311340332032	50.82823562622072	-132.8161010742188	329.5015258789063	34.39879608154298	-88.23082733154298	153.9449005126953	1474.9794921875	-285.0682373046876	60.87926101684572	1225.18505859375	-278.0291137695313	310.6102600097657	1169.165649414063	-273.3144836425782	269.3409118652344	1374.629516601563	-278.3876037597657	62.91442108154298	1251.854858398438	-397.2168884277345	93.43125152587892	1404.673950195313	-371.3827514648438	149.7559509277344	1406.561157226563	-460.8451538085939	204.6799926757813	1394.630004882813	-486.2963256835939	216.9063720703126	1087.118896484375	-548.1791381835939	165.5711822509766	1066.819091796875	-481.3062133789064	187.5460205078125	1045.551879882813	-546.4168701171876	362.0060729980469	873.2312011718752	-482.2771301269532	331.3902282714844	864.464538574219	-555.0946655273439	416.1943359375001	786.6060791015627	-479.4334106445314	350.1674194335938	783.5386352539065	-562.9152221679689	55.4319305419922	1251.083374023438	-161.2149200439453	93.93779754638673	1402.359008789063	-177.9098510742188	148.7077789306641	1407.098510742188	-96.91197204589847	188.566390991211	1403.705078125	-71.34030151367189	128.9785308837891	1099.199584960938	-0.746554732322693	105.8574600219727	1085.057373046875	-89.11085510253908	83.47920227050783	1059.513549804688	-28.42943191528321	213.2908630371094	844.6115722656252	-15.18745613098145	162.3605499267578	853.187683105469	43.27428817749024	230.2701721191407	742.9453125000001	10.90312385559082	144.3579406738282	777.0960693359377	58.31563568115236	
45	0.44	276.3298034667969	981.2288208007815	-406.5625305175782	87.89339447021486	985.5693359375002	-316.9503784179688	88.97349548339845	979.7124633789065	-216.8353729248047	279.3002014160157	973.5722656250002	-153.5794372558594	202.8714447021485	902.5222778320315	-476.3356933593751	189.3787231445313	474.6309204101564	-433.1495361328126	174.0491638183594	477.8108520507814	-298.6580810546876	157.4442749023438	415.4619750976564	-431.7711486816407	211.3826293945313	397.0586242675782	-367.1832275390626	70.0597381591797	70.38425445556642	-380.7176513671876	90.21280670166017	85.43287658691408	-289.3302612304688	6.697261333465578	20.8202075958252	-316.5827941894532	220.1634063720704	16.73198127746582	-300.1351318359376	224.8221588134766	36.21707916259766	-360.0033264160157	174.5320739746094	19.73986244201661	-418.4927673339845	230.8570556640626	877.6622314453127	-89.79360198974611	377.9312133789063	491.7745056152345	-84.2789993286133	424.8371887207032	487.0187072753907	-207.1374053955079	355.4215698242188	438.9004821777345	-87.9136199951172	434.5962219238282	421.6277160644532	-122.4996414184571	278.4977416992188	98.99446868896487	-141.0016174316407	341.5387573242188	110.488510131836	-215.2413177490235	248.9729309082032	53.36627578735353	-216.2508239746094	449.8777465820314	28.89900398254395	-178.8880920410157	440.4209289550782	52.29899215698244	-126.0574645996094	373.5493774414063	32.39303588867188	-81.83740234375001	166.68798828125	1473.655151367188	-283.4315185546876	73.29163360595705	1223.974365234375	-277.3297729492188	322.9723815917969	1167.4951171875	-272.0502319335938	281.9574584960938	1373.19873046875	-276.5404052734376	76.13741302490236	1251.119750976563	-396.8199157714845	106.4921951293946	1403.718872070313	-370.3231201171876	163.4368896484375	1405.974731445313	-459.7512207031251	218.5724182128907	1394.232177734375	-484.5325622558595	235.603500366211	1087.664184570313	-548.9107055664064	183.7334136962891	1065.949340820313	-482.829071044922	207.045394897461	1045.417724609375	-547.8154907226564	384.4014587402345	876.8073730468752	-481.8046264648439	354.7590332031251	867.298278808594	-554.8229980468751	440.7501831054689	791.7092285156252	-478.2969970703126	375.6553649902344	786.6813964843752	-562.3035888671876	67.77489471435548	1249.2587890625	-161.0297088623047	106.2626266479492	1400.679809570313	-176.9968872070313	160.2761535644532	1405.51708984375	-95.87422180175783	199.6298217773438	1402.119995117188	-69.80297851562501	135.0611419677735	1099.034301757813	0.7879310846328738	113.5471420288086	1084.701904296875	-87.90647125244142	89.60289764404298	1059.728759765625	-27.5604362487793	217.8739013671876	843.8187255859377	-10.54640293121338	164.5859832763672	852.5938110351565	45.84004592895509	233.2286224365235	742.0992431640626	15.96384048461914	145.3465118408203	776.3931274414065	59.62623596191408	
46	0.45	288.4308776855469	979.3840942382815	-405.7840576171876	100.1218185424805	984.3170166015627	-316.0794982910157	101.3065643310547	978.3579711914065	-216.0498809814454	291.6994323730469	971.9025878906252	-152.7109680175782	214.3340911865235	900.9042968750002	-475.4643859863282	193.537826538086	473.7251586914064	-432.7810668945314	178.090087890625	477.1062927246095	-298.1992797851563	160.9773406982422	415.0603637695314	-431.3768310546876	214.6353607177735	395.9968566894532	-366.9015197753907	70.27524566650392	70.63496398925783	-380.5632324218751	90.61114501953126	85.52126312255861	-289.1322631835938	6.692898273468019	21.29145050048828	-316.4611816406251	220.0856933593751	16.65386772155762	-300.1188049316407	224.791732788086	36.11335754394532	-360.0321350097657	174.4455261230469	19.68240737915039	-418.5296936035157	242.5800933837891	876.4315185546877	-89.32155609130861	390.8940429687501	490.430389404297	-84.66586303710939	436.6591186523439	485.3506774902345	-207.8085937500001	370.7645874023438	436.394500732422	-87.92046356201173	450.418426513672	422.6798706054689	-122.0357666015625	318.4986877441407	91.26598358154298	-136.3848419189453	380.9105224609376	105.7334060668946	-210.3316345214844	293.1152343750001	42.44354629516602	-211.2789001464844	494.4798583984376	31.68557739257813	-171.9886779785157	483.143035888672	55.12828063964845	-119.5174560546875	417.3261108398439	31.85699272155762	-75.48532104492189	179.4608764648438	1472.144897460938	-281.7184448242188	85.77894592285158	1222.567138671875	-276.4680175781251	335.4287109375001	1165.669189453125	-270.6860351562501	294.6288757324219	1371.594970703125	-274.6358337402344	89.37275695800783	1250.178588867188	-396.2602844238282	119.582145690918	1402.564697265625	-369.1614074707032	177.1079864501953	1405.147705078125	-458.4905395507814	232.4877471923829	1393.646484375	-482.6658020019532	254.0539550781251	1088.084594726563	-549.4431152343751	201.8721160888672	1064.989868164063	-484.0457763671876	226.3232574462891	1045.173095703125	-548.9225463867189	406.6138000488282	880.3601684570315	-481.3753356933595	377.7915954589844	870.0815429687502	-554.4893798828126	465.0613708496095	796.8311767578127	-477.2308349609376	400.7579040527345	789.7982177734377	-561.5787353515626	80.22441864013673	1247.308471679688	-160.6626129150391	118.6769485473633	1398.850708007813	-175.9587707519532	172.0221252441407	1403.775756835938	-94.73917388916017	210.9316711425782	1400.393920898438	-68.23308563232423	141.5478668212891	1098.751098632813	2.305683851242066	121.5141754150391	1084.230590820313	-86.66841125488283	96.11836242675784	1059.803833007813	-26.66671752929688	222.7696838378907	842.9373168945315	-6.025634765625002	167.3131866455078	851.9267578125002	48.29885864257814	236.6273956298829	741.2105102539064	20.82472610473633	146.9676361083985	775.5904541015627	60.8399124145508	
47	0.46	300.6127319335938	977.4276123046877	-404.8607177734376	112.4339752197266	982.921569824219	-315.1185607910157	113.7636032104492	976.8356933593752	-215.1595916748047	304.1977233886719	970.0405883789065	-151.7156372070313	225.8829498291016	899.2264404296877	-474.4913024902345	197.8385009765626	472.8562927246095	-432.3752441406251	182.40673828125	476.4011230468751	-297.7093811035157	164.6454620361328	414.7033691406251	-430.9334411621095	218.0821075439454	394.9410705566407	-366.6404113769532	70.53494262695314	70.99672698974611	-380.3638916015626	91.08666992187501	85.69799041748048	-288.9158935546876	6.761817932128908	21.89929389953614	-316.2887878417969	219.9715728759766	16.5684986114502	-300.1049194335938	224.7249450683594	35.99955749511719	-360.0626831054688	174.3405914306641	19.6402816772461	-418.5643920898439	254.2560729980469	874.8223876953127	-88.78530883789064	403.274871826172	488.6330871582032	-85.19679260253908	447.7857971191407	483.1094665527345	-208.6967163085938	385.5819396972657	433.6960449218751	-88.02288055419923	465.6075134277345	423.4715576171876	-121.7748641967774	358.2334289550782	84.88967132568361	-131.6969299316407	419.5779418945314	102.3375778198242	-205.4598541259766	336.9468688964844	33.18267822265626	-206.1406402587891	537.9968872070314	35.88045883178712	-165.5368347167969	524.9610595703126	59.23940277099611	-113.4070663452149	460.4976501464845	32.72984313964844	-69.35091400146486	192.2591094970704	1470.460693359375	-279.9246826171876	98.34097290039065	1220.972290039063	-275.4394531250001	347.9819946289063	1163.71435546875	-269.2271728515626	307.3504333496094	1369.834838867188	-272.6749572753907	102.6166076660157	1249.026489257813	-395.5228576660157	132.6888275146485	1401.216186523438	-367.8885803222657	190.7567901611328	1404.088989257813	-457.0628356933595	246.4066314697266	1392.8779296875	-480.6961059570314	272.2503356933594	1088.369750976563	-549.7726440429689	219.9618682861329	1063.937133789063	-484.9542236328126	245.3623046875001	1044.81103515625	-549.7365112304689	428.616180419922	883.8704833984377	-480.9732360839845	400.474578857422	872.7994384765627	-554.0977172851564	489.0953369140626	801.9446411132815	-476.2304687500001	425.457000732422	792.881774902344	-560.7675781250001	92.76643371582033	1245.24267578125	-160.0962982177735	131.1760406494141	1396.88525390625	-174.7855377197266	183.9503021240235	1401.879760742188	-93.49157714843751	222.4745178222657	1398.527954101563	-66.61705780029298	148.4726257324219	1098.327270507813	3.802333116531373	129.7938537597657	1083.635375976563	-85.40935516357423	103.0578536987305	1059.723876953125	-25.75683403015137	227.9805603027344	841.9343261718752	-1.653651833534241	170.5715026855469	851.1729125976565	50.66136932373048	240.4469604492188	740.2304687500001	25.4985523223877	149.2325286865235	774.7014160156252	62.02394866943361	
48	0.47	312.8781127929688	975.3760375976565	-403.8098449707032	124.8351821899414	981.380798339844	-314.0424499511719	126.3397293090821	975.1375732421877	-214.1402435302735	316.7956237792969	967.9931640625002	-150.6170654296875	237.5051879882813	897.515563964844	-473.4299316406251	202.3147888183594	472.0382690429689	-431.9312744140626	187.0691070556641	475.7012634277345	-297.1929321289063	168.4793853759766	414.4025878906251	-430.4394836425782	221.7546386718751	393.8975524902345	-366.3964843750001	70.85062408447267	71.4940643310547	-380.1179504394532	91.65142822265626	85.98925781250001	-288.6797790527344	6.905020713806154	22.673095703125	-316.0649414062501	219.8374938964844	16.49096488952637	-300.1015319824219	224.6349182128907	35.88763809204102	-360.0964965820313	174.222900390625	19.62554740905762	-418.5912170410157	265.9513854980469	872.8489379882815	-88.16658782958986	415.2416992187501	486.464324951172	-85.83492279052736	458.3721618652345	480.4099121093751	-209.7657470703126	399.9992675781251	430.8686828613282	-88.18753051757814	480.2854003906251	424.0222167968751	-121.7195587158203	397.2734375000001	79.8646926879883	-127.0265121459961	457.1375427246095	100.2476348876953	-200.7383880615235	379.9025573730469	25.60579299926759	-200.9334564208985	580.0126953125001	41.31745529174805	-159.7344970703125	565.5011596679689	64.46063232421876	-107.9147033691407	502.6727294921876	34.86539840698243	-63.60982131958009	205.0800476074219	1468.616455078125	-278.0444641113282	110.9763641357422	1219.203247070313	-274.2417602539063	360.6333618164063	1161.654052734375	-267.6787109375001	320.1180419921876	1367.935791015625	-270.6567993164063	115.8649215698242	1247.663696289063	-394.5936889648439	145.8007965087891	1399.681518554688	-366.4938659667969	204.3710021972657	1402.811645507813	-455.471649169922	260.3046264648438	1391.932373046875	-478.625701904297	290.1878967285157	1088.511474609375	-549.8975830078126	237.9754791259766	1062.786987304688	-485.5575561523439	264.1485290527344	1044.326538085938	-550.2604980468751	450.3811340332032	887.3171386718752	-480.5821838378907	422.793670654297	875.437438964844	-553.6494140625001	512.8209228515626	807.0219726562502	-475.2930297851564	449.7346496582032	795.9235839843752	-559.8932495117189	105.3899536132813	1243.067749023438	-159.3174591064453	143.7545166015625	1394.79638671875	-173.4676513671875	196.0584106445313	1399.835571289063	-92.11598968505861	234.2515563964844	1396.524658203125	-64.93867492675783	155.862777709961	1097.741577148438	5.280299663543702	138.4174957275391	1082.9052734375	-84.13462066650392	110.4486236572266	1059.474609375	-24.83223152160645	233.5160675048829	840.7823486328127	2.541825294494629	174.3889770507813	850.3189697265627	52.93906021118165	244.6755371093751	739.1168823242189	29.99265098571778	152.1476745605469	773.7386474609377	63.23789596557619	
49	0.48	325.2329711914063	973.247009277344	-402.6507568359376	137.3292999267578	979.6984863281252	-312.8272094726563	139.0261383056641	973.2624511718752	-212.9707794189454	329.4908142089844	965.7700195312502	-149.4360809326172	249.1892547607422	895.7989501953127	-472.2901306152345	207.0070800781251	471.2838134765626	-431.4483947753907	192.1426239013672	475.0127258300782	-296.6539916992188	172.515869140625	414.1682128906251	-429.8948059082032	225.6838531494141	392.8722534179689	-366.1625976562501	71.23203277587892	72.15005493164064	-379.8317260742188	92.31201934814455	86.42105865478517	-288.4289550781251	7.113158226013185	23.64299011230469	-315.7983398437501	219.7038269042969	16.43802642822266	-300.1174011230469	224.5388488769532	35.79002380371094	-360.1371459960938	174.100082397461	19.64691352844239	-418.6062316894532	277.7349853515626	870.542907714844	-87.44970703125001	426.9786071777345	484.0228271484376	-86.53494262695314	468.6028137207032	477.3872985839845	-210.9645690917969	414.1489868164064	427.9810180664064	-88.37882232666017	494.5838012695314	424.3510131835939	-121.8580551147461	435.1513061523439	76.12135314941408	-122.4796142578125	493.1834106445314	99.32646179199222	-196.2843322753907	421.385955810547	19.65435791015625	-195.7820892333985	620.0992431640626	47.7259750366211	-154.7465362548828	604.3676757812501	70.52596282958986	-103.1929092407227	543.4143676757814	38.03197479248048	-58.42573547363283	217.9233856201172	1466.629638671875	-276.0705566406251	123.6830291748047	1217.279052734375	-272.8753662109376	373.3825378417969	1159.509033203125	-266.0439453125001	332.9291687011719	1365.916625976563	-268.5780944824219	129.1136322021485	1246.096313476563	-393.4607543945314	158.9088745117188	1397.973876953125	-364.9655151367188	217.9398651123047	1401.332763671875	-453.722625732422	274.1554565429688	1390.817138671875	-476.4585571289064	307.8629455566407	1088.504272460938	-549.8178710937501	255.8846282958985	1061.536499023438	-485.8624877929689	282.6699523925782	1043.71728515625	-550.5012207031251	471.8802490234376	890.6779785156252	-480.1865539550782	444.732879638672	877.9817504882815	-553.1439208984376	536.2081298828126	812.0366821289065	-474.416717529297	473.5723266601564	798.914489746094	-558.9742431640626	118.0874176025391	1240.7880859375	-158.3175659179688	156.4065704345703	1392.597778320313	-171.9964599609375	208.3374633789063	1397.653198242188	-90.59766387939455	246.2484130859376	1394.389282226563	-63.18028259277345	163.7393341064453	1096.975952148438	6.748137950897219	147.4112548828125	1082.02880859375	-82.84229278564455	118.3127517700196	1059.043090820313	-23.88721084594727	239.3924865722657	839.4597167968752	6.535356044769289	178.7922821044922	849.3523559570315	55.1444435119629	249.3100738525391	737.8350830078126	34.3078727722168	155.7166595458985	772.7122192382815	64.53157806396486	
50	0.49	337.6865539550782	971.0603027343752	-401.4027404785157	149.9196472167969	977.8858032226565	-311.4527587890626	151.8111267089844	971.2189941406252	-211.6361389160157	342.2788391113282	963.3869628906252	-148.1886901855469	260.9266967773438	894.1029052734377	-471.0770568847657	211.9613647460938	470.6036987304689	-430.9260559082032	197.683090209961	474.3415832519532	-296.0948791503907	176.7969512939453	414.0084838867189	-429.3008728027345	229.8992156982422	391.8704223632814	-365.9279479980469	71.68662261962892	72.98619842529298	-379.5207824707032	93.06849670410158	87.0181121826172	-288.1756591796876	7.367952823638918	24.83934783935548	-315.5087585449219	219.5927124023438	16.42537498474121	-300.1605224609376	224.4564514160157	35.71792602539063	-360.1899108886719	173.981674194336	19.70833206176758	-418.6078186035157	289.6741027832032	867.9565429687502	-86.62173461914064	438.6746520996095	481.4189453125001	-87.24472045898439	478.6838378906251	474.1902160644532	-212.2282409667969	428.161346435547	425.1041259765626	-88.56055450439455	508.6377563476564	424.4768066406251	-122.1629486083985	471.3845825195314	73.52621459960939	-118.1724624633789	527.3276367187501	99.36475372314456	-192.2111968994141	460.7979125976564	15.19949913024903	-190.8299560546875	657.8384399414064	54.74067687988283	-150.6894836425782	641.1631469726564	77.0850067138672	-99.34814453125003	582.2587890625001	41.92072296142579	-53.93920516967775	230.7914276123047	1464.521728515625	-273.9947204589844	136.4586639404297	1215.224609375	-271.3436279296876	386.2278442382814	1157.2978515625	-264.3231506347657	345.7832336425782	1363.798217773438	-266.4328918457032	142.3591461181641	1244.338745117188	-392.1146240234376	172.0076599121094	1396.1123046875	-363.2920837402344	231.4558868408204	1399.673950195313	-451.8223876953126	287.9352416992188	1389.542846679688	-474.2000427246095	325.2713317871094	1088.34619140625	-549.5346679687501	273.6604919433594	1060.185180664063	-485.8777465820314	300.9154052734376	1042.98388671875	-550.4673461914064	493.0841674804689	893.9316406250002	-479.771453857422	466.2739257812501	880.4204101562502	-552.5788574218751	559.2271728515626	816.965026855469	-473.6001586914064	496.9503173828126	801.8447265625002	-558.0242309570314	130.8538513183594	1238.409545898438	-157.0935211181641	169.1264038085938	1390.305297851563	-170.364730834961	220.7722167968751	1395.346435546875	-88.92327880859376	258.4451904296876	1392.130493164063	-61.32411193847658	172.1173248291016	1096.016479492188	8.219414710998537	156.7952423095703	1080.994873046875	-81.52404785156251	126.6669845581055	1058.419189453125	-22.90960693359375	245.6318511962891	837.9509277343752	10.30511569976807	183.8067932128907	848.2617797851565	57.29104232788087	254.3563995361329	736.3592529296876	38.4383888244629	159.9419403076172	771.629089355469	65.94377899169923	
51	0.5	350.2508239746094	968.8391723632815	-400.0829162597657	162.6100769042969	975.9616699218752	-309.9058837890626	164.6815338134766	969.0275878906252	-210.1299133300782	355.1541137695313	960.868835449219	-146.8846893310547	272.7142639160157	892.451354980469	-469.791229248047	217.2287139892579	470.0059509277345	-430.3643798828126	203.733139038086	473.6937866210939	-295.5157165527344	181.3689880371094	413.929656982422	-428.6607666015626	234.429183959961	390.8959960937501	-365.6791076660157	72.22017669677736	74.02283477783205	-379.2097167968751	93.91480255126955	87.80312347412111	-287.9392700195313	7.645232677459719	26.29298973083497	-315.2270202636719	219.5253906250001	16.46464538574219	-300.2367858886719	224.4076232910157	35.67954254150391	-360.2608947753907	173.8787841796875	19.80812072753907	-418.5968322753907	301.8297424316407	865.1638793945315	-85.67217254638673	450.5114746093751	478.7683105468751	-87.9075393676758	488.830780029297	470.971893310547	-213.4809722900391	442.1563415527345	422.308563232422	-88.69697570800783	522.5783691406251	424.4184570312501	-122.5917053222657	505.5045471191407	71.89360809326173	-114.221908569336	559.2212524414064	100.1000442504883	-188.6199340820313	497.5679931640626	12.05886554718018	-186.2270660400391	692.8461914062501	61.92171859741212	-147.6243743896485	675.5115356445314	83.72266387939455	-96.43439483642581	618.7402343750001	46.16323471069337	-50.25738525390626	243.6890869140626	1462.319580078125	-271.8080444335938	149.3011932373047	1213.071533203125	-269.6535949707032	399.1669006347657	1155.037841796875	-262.5126647949219	358.6819458007813	1361.6044921875	-264.2126159667969	155.5990142822266	1242.4140625	-390.5492553710939	185.0964813232422	1394.123413085938	-361.4635620117188	244.9165191650391	1397.861572265625	-449.7775878906251	301.6263122558594	1388.124633789063	-471.8560791015626	342.4069519042969	1088.039306640625	-549.0495605468751	291.2743225097657	1058.736450195313	-485.6124572753907	318.8728942871094	1042.131103515625	-550.1680908203126	513.9619750976564	897.0590820312502	-479.3233337402345	487.3957519531251	882.7432250976565	-551.9506835937501	581.8477172851564	821.7871704101565	-472.842010498047	519.8472290039064	804.7047119140627	-557.0520019531251	143.6853179931641	1235.943237304688	-155.6479187011719	181.9085998535157	1387.939086914063	-168.5672149658203	233.3419647216797	1392.933837890625	-87.08163452148439	270.8184814453126	1389.76171875	-59.35338973999025	181.0062408447266	1094.854614257813	9.711233139038088	166.5832061767578	1079.795166015625	-80.16658782958986	135.5227966308594	1057.596923828125	-21.8820915222168	252.2610931396485	836.2468261718752	13.83395290374756	189.4566040039063	847.0378417968752	59.39309310913087	259.8286743164063	734.6729125976564	42.37221145629884	164.8268280029297	770.4929809570315	67.50161743164064	
52	0.51	362.9400634765626	966.6106567382815	-398.7041625976564	175.4058532714844	973.9524536132815	-308.1827087402344	177.6244506835938	966.7203369140627	-208.4561462402344	368.1110229492188	958.2524414062502	-145.5269317626953	284.5559082031251	890.8640747070315	-468.429168701172	222.8648986816407	469.4953918457032	-429.7646789550782	210.3213958740235	473.0749511718751	-294.9140930175782	186.2822265625	413.9357910156251	-427.9794311523439	239.302474975586	389.951385498047	-365.4015197753907	72.83829498291017	75.28018951416017	-378.9306945800782	94.84107971191408	88.79653167724611	-287.7453308105469	7.919495582580568	28.03629875183106	-314.9934387207032	219.5193328857422	16.56053543090821	-300.3483276367188	224.4101257324219	35.67825317382813	-360.3557434082032	173.8036041259766	19.93886947631836	-418.5762939453126	314.2529602050782	862.2597656250002	-84.59246063232423	462.6510009765626	476.1849365234376	-88.46466064453126	499.254119873047	467.8814697265626	-214.6404418945313	456.2373352050782	419.6619567871095	-88.75335693359376	536.5260009765626	424.195770263672	-123.0888977050782	537.0866699218751	71.00305938720705	-110.734130859375	588.5737915039064	101.2411880493164	-185.5901794433594	531.1873168945314	10.01775074005127	-182.115478515625	724.7965698242189	68.78504180908205	-145.5541534423828	707.0833129882814	89.9879608154297	-94.4509735107422	652.4209594726564	50.35799789428712	-47.44533920288087	256.6236877441407	1460.055786132813	-269.5016479492188	162.2091827392578	1210.857788085938	-267.8161010742188	412.1970214843751	1152.746948242188	-260.6047363281251	371.6291809082032	1359.363159179688	-261.9063415527344	168.8327178955078	1240.355102539063	-388.7627258300782	198.180160522461	1392.041625976563	-359.4728698730469	258.3255615234376	1395.928100585938	-447.5945434570314	315.2206420898438	1386.583618164063	-469.4322509765626	359.2606506347657	1087.591064453125	-548.3641357421876	308.6977233886719	1057.199340820313	-485.0746154785157	336.5285034179688	1041.168334960938	-549.6119384765626	534.4810180664064	900.045104980469	-478.8302612304689	508.073944091797	884.9426879882815	-551.2546386718751	604.0379638671876	826.4876708984377	-472.1407165527345	542.2391357421876	807.4855957031252	-556.0624389648439	156.576889038086	1233.407470703125	-153.9893798828125	194.7483520507813	1385.524658203125	-166.6012573242188	246.0214385986329	1390.439697265625	-85.06433105468751	283.3432922363282	1387.301879882813	-57.25343704223634	190.4105072021485	1093.48828125	11.24252510070801	176.7825622558594	1078.426147460938	-78.75338745117189	144.8865509033203	1056.575561523438	-20.7839469909668	259.3110046386719	834.3452758789065	17.11009407043457	195.7646942138672	845.6743164062502	61.46505355834962	265.7483520507813	732.7698974609376	46.09226608276368	170.3772888183594	769.3049926757815	69.22060394287111	
53	0.52	375.7701721191407	964.4057617187502	-397.2736206054689	188.3140563964844	971.8912353515627	-306.2903747558594	190.62890625	964.3408203125002	-206.630111694336	381.1450500488282	955.5882568359377	-144.1112823486328	296.4642944335938	889.3560180664065	-466.9848022460939	228.9306640625001	469.0731201171876	-429.1301879882814	217.4644622802735	472.4897766113282	-294.2857055664063	191.5909576416016	414.0289611816407	-427.2635803222657	244.5508117675782	389.0372314453126	-365.0815124511719	73.54898834228517	76.77975463867189	-378.7206420898438	95.83787536621095	90.01680755615236	-287.6228332519532	8.169786453247072	30.10516548156739	-314.8539123535157	219.5853271484376	16.70840835571289	-300.4926757812501	224.4769744873047	35.71106719970704	-360.4781188964844	173.7684326171875	20.0882682800293	-418.5501098632814	326.9817810058594	859.3555908203127	-83.37539672851564	475.2241821289064	473.774627685547	-88.85815429687501	510.1438598632814	465.0553283691407	-215.6231842041016	470.4866027832032	417.227020263672	-88.69609832763673	550.5837402343751	423.8308410644532	-123.5901184082032	565.7804565429689	70.6205520629883	-107.7929382324219	615.1695556640626	102.4959411621094	-183.1726226806641	561.2402343750001	8.85154438018799	-178.6138305664063	753.4436645507814	74.84073638916017	-144.42578125	735.6182250976564	95.4302444458008	-93.34472656250001	682.9229736328126	54.10376358032228	-45.51965332031251	269.6042480468751	1457.769287109375	-267.0674133300782	175.1821594238282	1208.62744140625	-265.8460388183594	425.3159179687501	1150.446411132813	-258.5878295898438	384.6306762695314	1357.106689453125	-259.5016174316407	182.0626373291016	1238.203735351563	-386.7583923339845	211.2688751220704	1389.909545898438	-357.3168945312501	271.6940002441407	1393.91259765625	-445.2793273925782	328.7224121093751	1384.948364257813	-466.933074951172	375.8195190429688	1087.015014648438	-547.4793701171876	325.9028015136719	1055.589965820313	-484.2700195312501	353.8653564453126	1040.110961914063	-548.8054199218751	554.6068725585939	902.879333496094	-478.2821350097657	528.2804565429689	887.0134887695315	-550.4852294921876	625.7641601562501	831.055847167969	-471.494354248047	564.0985717773439	810.1794433593752	-555.0563354492189	169.5208892822266	1230.8310546875	-152.1324310302735	207.6414947509766	1383.093627929688	-164.4674224853516	258.7819824218751	1387.894287109375	-82.86646270751955	295.9945373535157	1384.776123046875	-55.01257324218751	200.3298645019532	1091.9228515625	12.83227825164795	187.3946685791016	1076.889770507813	-77.26670837402345	154.759765625	1055.360229492188	-19.59312629699707	266.8154296875001	832.2520141601565	20.12741279602051	202.7532196044922	844.1692504882815	63.52084350585939	272.1429443359376	730.6548461914064	49.57785034179689	176.6036376953125	768.0649414062502	71.10536956787111	
54	0.53	388.757781982422	962.2589111328127	-395.7915344238282	201.3436126708985	969.8169555664065	-304.2475280761719	203.6875000000001	961.941833496094	-204.6775360107422	394.2535705566407	952.941101074219	-142.627182006836	308.4615783691407	887.9368896484377	-465.4509582519532	235.4924316406251	468.736297607422	-428.4667358398439	225.1719055175782	471.9410095214845	-293.6256408691407	197.3542785644532	414.2091674804689	-426.5217895507814	250.2124023437501	388.1525268554689	-364.7091979980469	74.3660125732422	78.54570770263673	-378.6170959472657	96.90197753906253	91.48109436035158	-287.6009216308594	8.386516571044924	32.54150009155274	-314.8544311523438	219.7247772216797	16.89284896850586	-300.6617431640626	224.6141662597657	35.76754760742188	-360.6279907226563	173.7845916748047	20.2409725189209	-418.5217895507814	340.0387878417969	856.5728759765627	-82.01467895507814	488.3222961425782	471.628875732422	-89.03372955322267	521.6544189453126	462.6096191406251	-216.3503875732422	484.9625549316407	415.0600891113282	-88.49261474609376	564.8320922851564	423.3496093750001	-124.0270233154297	591.3348388671876	70.5212860107422	-105.4492568969727	638.8789062500001	103.5981826782227	-181.3834838867188	587.4320678710939	8.346450805664064	-175.8030242919922	778.638366699219	79.63600158691408	-144.13671875	760.9454956054689	99.63918304443362	-93.01614379882814	709.9583129882814	57.03632736206056	-44.44517135620118	282.6405334472657	1455.50439453125	-264.4989624023438	188.220687866211	1206.429077148438	-263.7621459960938	438.5220642089845	1148.161987304688	-256.4480590820313	397.6931457519532	1354.873291015625	-256.9853515625001	195.2947235107422	1236.0107421875	-384.5459899902345	224.3775939941407	1387.77734375	-354.9976196289063	285.0398254394532	1391.862182617188	-442.837860107422	342.1485595703126	1383.255859375	-464.3614196777345	392.066864013672	1086.330932617188	-546.3952636718751	342.8621215820313	1053.932495117188	-483.2011108398439	370.8633422851563	1038.980224609375	-547.7525024414064	574.3029174804689	905.5564575195315	-477.6703491210939	547.9831542968751	888.952575683594	-549.6358642578126	646.9903564453126	835.4851074218752	-470.9007263183595	585.3941650390626	812.779235839844	-554.0314331054689	182.5056304931641	1228.252807617188	-150.097396850586	220.5843811035157	1380.68408203125	-162.1701049804688	271.5929565429688	1385.333862304688	-80.48731231689455	308.7477111816407	1382.215942382813	-52.62292861938478	210.7597045898438	1090.171997070313	14.49783706665039	198.4153747558594	1075.196166992188	-75.68952941894533	165.1393737792969	1053.96337890625	-18.28839874267578	274.8105773925782	829.9812011718752	22.88528060913086	210.4438629150391	842.5267333984377	65.57299804687501	279.0446777343751	728.3436279296876	52.80635452270509	183.5216979980469	766.7727050781251	73.15087890625001	
55	0.54	401.9193725585939	960.2070312500002	-394.250946044922	214.5044708251954	967.7727050781252	-302.0833129882813	216.7975006103516	959.5832519531252	-202.6324462890626	407.4363098144532	950.3889160156252	-141.0588684082032	320.5793762207032	886.611511230469	-463.8209838867189	242.6233215332032	468.4779663085939	-427.783660888672	233.4537353515626	471.4282531738282	-292.9305419921876	203.6373138427735	414.4743652343751	-425.7647094726564	256.3359069824219	387.2945251464845	-364.2817077636719	75.31291961669923	80.60610198974611	-378.6530761718751	98.04335784912112	93.20616912841798	-287.7046508789063	8.578689575195314	35.39587783813477	-315.0339050292969	219.9275970458985	17.08752632141114	-300.8415527343751	224.8188171386719	35.82953262329102	-360.8000793457032	173.8611907958985	20.38155937194825	-418.4923095703126	353.4299621582032	854.0344848632815	-80.5047073364258	501.9913024902345	469.8203125000001	-88.94351959228517	533.8921508789064	460.6342773437501	-216.7535400390626	499.6983337402345	413.2100830078126	-88.11140441894533	579.3241577148439	422.7822875976564	-124.3328018188477	613.6160888671876	70.51052856445314	-103.7137069702149	659.6636962890626	104.3317108154297	-180.2022552490235	609.6104736328126	8.315793037414553	-173.7156372070313	800.3392333984377	82.7980422973633	-144.5450592041016	782.9971313476565	102.2841339111328	-93.32881927490236	733.3543090820314	58.86408615112306	-44.13568878173829	295.7416687011719	1453.310424804688	-261.7926025390626	201.3263244628907	1204.314331054688	-261.5863952636719	451.8150024414064	1145.9267578125	-254.1708221435547	410.8233642578126	1352.706176757813	-254.3451690673829	208.5390625000001	1233.83447265625	-382.1428222656251	237.5247192382813	1385.701049804688	-352.5227355957032	298.3872985839844	1389.83154296875	-440.2766113281251	355.5280456542969	1381.55224609375	-461.7181701660157	407.9826049804689	1085.565795898438	-545.1105346679689	359.5484313964844	1052.260131835938	-481.866668701172	387.4989318847657	1037.804321289063	-546.4541625976564	593.5310668945314	908.0764160156252	-476.9874877929689	567.1461791992189	890.7590942382815	-548.6991577148439	667.6781616210939	839.7724609375002	-470.3576049804689	606.0900878906251	815.2791748046877	-552.9822998046876	195.5151519775391	1225.721557617188	-147.9098815917969	233.5733642578126	1378.339111328125	-159.7178802490235	284.4232177734376	1382.800170898438	-77.93096923828126	321.5795593261719	1379.659057617188	-50.08114624023439	221.6914062500001	1088.258666992188	16.2534351348877	209.8356475830079	1073.3642578125	-74.00735473632814	176.018051147461	1052.404907226563	-16.85137176513672	283.3342285156251	827.5567626953127	25.38796424865723	218.8579711914063	840.7578125000002	67.63171386718751	286.4895935058594	725.8631591796876	55.75500106811525	191.1536865234375	765.4302368164064	75.34404754638673	
56	0.55	415.2697143554689	958.2882080078127	-392.6384582519532	227.8063354492188	965.804382324219	-299.8351745605469	229.9613037109376	957.3289184570315	-200.5335693359376	420.6950988769532	948.0192871093752	-139.3871307373047	332.8570556640626	885.380798339844	-462.0901184082032	250.4039306640626	468.287078857422	-427.0942993164064	242.329086303711	470.9459838867189	-292.2009582519532	210.5125427246094	414.8203735351564	-425.0050048828126	262.9843139648438	386.4590454101564	-363.8061828613282	76.42717742919923	82.99344635009767	-378.8518066406251	99.29232025146487	95.2092971801758	-287.9508056640626	8.780844688415529	38.72966384887696	-315.4165039062501	220.1711883544922	17.25676345825196	-301.0126953125001	225.0783691406251	35.87189483642579	-360.9828186035157	174.0041961669922	20.4984188079834	-418.4583435058595	367.1447143554688	851.8547973632815	-78.8406219482422	516.2302856445314	468.3995971679689	-88.54864501953126	546.9067382812501	459.1887817382814	-216.7791900634766	514.7014160156251	411.7169799804689	-87.52260589599611	594.0828857421876	422.1632080078126	-124.4472732543946	632.6165161132814	70.43979644775392	-102.5539855957032	677.5765380859376	104.5476226806641	-179.5730438232422	627.7775878906251	8.610128402709963	-172.3310241699219	818.614685058594	84.0714569091797	-145.4825134277344	801.8132934570315	103.1476440429688	-94.12145233154298	753.0697631835939	59.39732742309572	-44.45919418334962	308.9147949218751	1451.239501953125	-258.9482421875001	214.5013275146485	1202.33544921875	-259.3431701660157	465.1949768066407	1143.781127929688	-251.7431335449219	424.0267028808595	1350.653564453125	-251.5709533691407	221.8098754882813	1231.738891601563	-379.5745239257813	250.7300872802735	1383.740844726563	-349.9058837890626	311.7647399902344	1387.883056640625	-437.6029663085939	368.8989562988282	1379.891723632813	-459.002410888672	423.5443115234376	1084.753784179688	-543.6226806640626	375.9345703125001	1050.614868164063	-480.2615051269532	403.7457885742189	1036.618530273438	-544.9086914062501	612.2520141601564	910.4434204101565	-476.227020263672	585.7305908203126	892.433776855469	-547.6663818359376	687.7876586914064	843.9169921875002	-469.8626098632814	626.1458129882814	817.6738891601565	-551.9008178710939	208.5301361083985	1223.293701171875	-145.5998687744141	246.6042785644532	1376.105834960938	-157.1237487792969	297.2426757812501	1380.339599609375	-75.20693206787111	334.4679565429688	1377.14892578125	-47.38891220092774	233.1123809814454	1086.214477539063	18.10906982421875	221.6421508789063	1071.421997070313	-72.20963287353517	187.3845672607422	1050.712768554688	-15.26819610595703	292.4250488281251	825.0127563476565	27.64369201660157	228.0166473388672	838.8815917968752	69.70389556884767	294.5170288085938	723.2512817382814	58.40263748168947	199.5282287597657	764.0429077148439	77.66551971435548	
57	0.5600000000000001	428.820281982422	956.5401611328127	-390.9352416992189	241.2567443847657	963.9590454101565	-297.5450744628907	243.1862030029297	955.2432861328127	-198.4198150634766	434.0333251953126	945.924499511719	-137.5914001464844	345.3392333984376	884.243103027344	-460.2561950683595	258.9224853515626	468.1484985351564	-426.4162902832032	251.8349761962891	470.4816894531251	-291.4440002441407	218.0606231689454	415.2403564453126	-424.257537841797	270.2374267578126	385.6404113769532	-363.3023681640626	77.76380920410158	85.74462890625001	-379.2218017578126	100.7057418823242	97.50882720947268	-288.3440246582032	9.058914184570314	42.61594390869141	-316.0044860839844	220.4207916259766	17.35896492004395	-301.1511840820313	225.3710327148438	35.86462783813477	-361.1578369140626	174.2161102294922	20.58843994140625	-418.4107055664064	381.1562500000001	850.129821777344	-77.01847076416017	530.9932861328126	467.3938903808595	-87.8216018676758	560.6865234375001	458.3002929687501	-216.3925933837891	529.9536132812501	410.6100463867189	-86.69919586181642	609.0986938476564	421.5287170410157	-124.3210220336914	648.4512939453126	70.21579742431642	-101.8979797363282	692.7529296875001	104.1731872558594	-179.4100799560547	642.0905761718751	9.120505332946779	-171.57763671875	833.6370849609377	83.34487152099611	-146.7688751220703	817.5389404296877	102.1482543945313	-95.22130584716798	769.1999511718752	58.56673049926759	-45.24790191650391	322.1633605957032	1449.344848632813	-255.9702453613282	227.7481079101563	1200.542358398438	-257.0579528808594	478.6626586914064	1141.77392578125	-249.1560516357422	437.305877685547	1348.767333984375	-248.6563568115235	235.1251220703126	1229.790649414063	-376.8754577636719	264.0125732421876	1381.95751953125	-347.1662292480469	325.2019958496094	1386.083984375	-434.8256835937501	382.3042907714844	1378.336181640625	-456.2117309570314	438.7284545898439	1083.935546875	-541.9279785156251	391.9933471679689	1049.047241210938	-478.3770141601564	419.5760498046876	1035.463989257813	-543.1119384765626	630.4263916015626	912.6655883789065	-475.3828125000001	603.6951293945314	893.978698730469	-546.5275878906251	707.2781372070314	847.918151855469	-469.413299560547	645.5170288085939	819.957946777344	-550.7763061523439	221.529769897461	1221.028930664063	-143.2005004882813	259.6716613769532	1374.03271484375	-154.4051208496094	310.0242614746094	1378.001831054688	-72.33044433593751	347.3917236328126	1374.733520507813	-44.55332183837891	245.0063781738282	1084.080200195313	20.06981658935547	233.818099975586	1069.407104492188	-70.29082489013673	199.2240142822266	1048.921630859375	-13.53078937530518	302.1216430664063	822.3941040039065	29.66348457336426	237.9405212402344	836.9257812500002	71.79238891601564	303.1695251464844	720.5557861328126	60.73139572143556	208.6798248291016	762.6208496093751	80.09138488769533	
58	0.5700000000000001	442.5769348144532	954.998474121094	-389.119110107422	254.8589477539063	962.2827758789065	-295.2552490234376	256.4832763671876	953.3883056640627	-196.3254852294922	447.4547119140626	944.1942138671877	-135.6522521972657	358.0718688964844	883.1959228515627	-458.319793701172	268.2735900878907	468.0431213378907	-425.7713012695314	262.0332641601563	470.013885498047	-290.6752624511719	226.3704681396485	415.7244567871095	-423.539031982422	278.1924438476563	384.8311157226564	-362.8036804199219	79.39792633056642	88.89997863769533	-379.7531433105469	102.3712615966797	100.1240921020508	-288.8742370605469	9.514117240905763	47.13854217529298	-316.7728576660157	220.6319122314454	17.35194778442383	-301.2304077148438	225.6678619384766	35.77635192871094	-361.3004760742188	174.4967041015625	20.66204452514649	-418.3335571289064	395.423309326172	848.928649902344	-75.03527069091798	546.1947021484376	466.8067016601564	-86.74822998046876	575.1604614257814	457.9634704589845	-215.5796508789063	545.4112548828126	409.9054260253907	-85.61919403076173	624.3292846679689	420.9137573242189	-123.9181900024414	661.3450927734376	69.80141448974611	-101.642692565918	705.3981323242189	103.21142578125	-179.6068878173828	652.8490600585939	9.775410652160646	-171.3423614501953	845.6687011718752	80.66250610351564	-148.2268371582032	830.4109497070315	99.34890747070315	-96.45801544189456	781.9687500000002	56.4280471801758	-46.31246185302735	335.4859008789063	1447.677734375	-252.8679656982422	241.0686035156251	1198.980224609375	-254.7555694580079	492.218231201172	1139.960083007813	-246.4068298339844	450.6597900390626	1347.100463867188	-245.6002197265626	248.5051879882813	1228.056640625	-374.0879211425782	277.3876037597657	1380.409423828125	-344.3276977539063	338.7268676757813	1384.503662109375	-431.9551696777345	395.786834716797	1376.951538085938	-453.3431091308595	453.5123291015626	1083.157470703125	-540.0222167968751	407.6978149414064	1047.614379882813	-476.2020568847657	434.9615783691407	1034.386962890625	-541.0584106445314	648.0162353515626	914.7532348632815	-474.449188232422	620.9984130859376	895.3969726562502	-545.2719116210939	726.1095581054689	851.774108886719	-469.0068359375001	664.1569213867189	822.1253662109377	-549.5958251953126	234.4945983886719	1218.986083984375	-140.7462615966797	272.7683410644532	1372.166137695313	-151.5833435058594	322.7453002929688	1375.83740234375	-69.32250213623048	360.3306274414063	1372.4638671875	-41.58702087402344	257.3535766601563	1081.904052734375	22.13562774658203	246.3439025878907	1067.365844726563	-68.25087738037111	211.5181732177735	1047.07275390625	-11.63749504089356	312.4615173339844	819.7559204101565	31.45993232727051	248.6490936279297	834.9261474609377	73.89530181884767	312.4931030273438	717.8330688476564	62.72821426391603	218.6473999023438	761.1793212890626	82.5946731567383	
59	0.58	456.5377197265626	953.694519042969	-387.166717529297	268.6099243164063	960.8188476562502	-293.0033874511719	269.8656005859376	951.8198242187502	-194.2757720947266	460.9622192382814	942.9078369140627	-133.5536499023438	371.0974121093751	882.2369384765627	-456.2837219238282	278.5554809570313	467.9479064941407	-425.1841125488282	273.0142822265626	469.510711669922	-289.9197387695313	235.5376739501954	416.258758544922	-422.8676757812501	286.9615783691407	384.0213928222657	-362.3565673828126	81.42539215087892	92.5015106201172	-380.4154663085938	104.4083938598633	103.0746459960938	-289.5155334472657	10.28407001495362	52.38869094848634	-317.6665039062501	220.754867553711	17.19988441467286	-301.2240600585938	225.9367218017579	35.57925033569337	-361.3814086914063	174.8450775146485	20.74808883666993	-418.2048645019532	409.8919372558595	848.2873535156252	-72.88909912109376	561.7158813476564	466.6191406250001	-85.32940673828126	590.2036743164064	458.1426696777345	-214.3475646972657	561.0056762695314	409.6030883789064	-84.26863861083986	639.7008666992189	420.3475341796876	-123.2181854248047	671.6094970703126	69.2089080810547	-101.6675720214844	715.7693481445314	101.7317504882813	-180.0478973388672	660.4712524414064	10.53299522399903	-171.485580444336	855.0407714843752	76.21839904785158	-149.69580078125	840.7385864257815	94.94929504394533	-97.67655944824222	791.7088012695315	53.15207290649415	-47.45919418334962	348.8748474121094	1446.284423828125	-249.6559448242188	254.4633483886719	1197.686157226563	-252.4584960937501	505.8601684570314	1138.399047851563	-243.5006866455079	464.0825195312501	1345.704956054688	-242.4077911376954	261.9711914062501	1226.599609375	-371.2606811523438	290.8644409179688	1379.1484375	-341.4173889160157	352.3615417480469	1383.2099609375	-429.0035400390626	409.3833618164064	1375.805053710938	-450.3941650390626	467.8757934570314	1082.468994140625	-537.9012451171876	423.0219116210939	1046.37744140625	-473.7247009277345	449.8760986328126	1033.436157226563	-538.7423706054689	664.9868774414064	916.718200683594	-473.4210205078126	637.6009521484376	896.6924438476565	-543.8875732421876	744.2441406250001	855.479675292969	-468.6394042968751	682.0181274414064	824.168884277344	-548.3443603515626	247.4096679687501	1217.21826171875	-138.2708892822266	285.8850708007813	1370.54833984375	-148.6829986572266	335.3892517089844	1373.895874023438	-66.2094192504883	373.2651977539063	1370.391723632813	-38.5080680847168	270.1308288574219	1079.740478515625	24.30159950256348	259.1979370117188	1065.351196289063	-66.09524536132814	224.2458953857422	1045.211791992188	-9.593092918395998	323.4797973632813	817.1621093750002	33.04610443115235	260.1598510742188	832.9251708984377	76.00572204589845	322.5374450683594	715.1460571289064	64.38614654541017	229.4722137451172	759.7386474609376	85.14651489257814	
60	0.59	470.6907348632814	952.653991699219	-385.0562133789064	282.4988098144532	959.6050415039065	-290.8181762695313	283.3458557128907	950.5845947265627	-192.2833099365235	474.5568847656251	942.1271972656252	-131.2850036621094	384.4499816894532	881.3652343750002	-454.1518859863282	289.8652954101563	467.8362426757814	-424.680633544922	284.8959655761719	468.9295349121095	-289.2112426757813	245.6614990234376	416.8250122070314	-422.2618713378907	296.6668701171876	383.1986083984376	-362.0171508789063	83.96133422851564	96.59055328369143	-381.1583862304688	106.9657516479492	106.3786544799805	-290.2269897460938	11.5404281616211	58.45913314819337	-318.6010131835938	220.7418365478516	16.88128852844239	-301.1094055175782	226.1482849121094	35.25519943237305	-361.3694763183594	175.2632141113282	20.89798545837403	-417.9978942871095	424.4981994628907	848.2064208984377	-70.57906341552736	577.4135131835939	466.7918090820314	-83.58213806152345	605.6482543945314	458.7757263183595	-212.7241668701172	576.6441650390626	409.6842651367189	-82.6450881958008	655.1105957031251	419.8488769531251	-122.2166290283203	679.6131591796876	68.48742675781251	-101.8501892089844	724.1552734375001	99.85356140136722	-180.6209259033203	665.4585571289064	11.37084007263184	-171.8589019775391	862.1291503906252	70.33374786376955	-151.0433349609375	848.878356933594	89.2628631591797	-98.74808502197268	798.8320922851565	49.00141906738283	-48.50831222534181	362.3161926269532	1445.203125	-246.3536376953126	267.9305725097657	1196.687377929688	-250.1848297119141	519.5842285156251	1137.150146484375	-240.4517364501954	477.5629882812501	1344.627685546875	-239.0914154052735	275.5423583984376	1225.474609375	-368.4459838867188	304.4442443847657	1378.216674804688	-338.4640808105469	366.1189880371094	1382.263549804688	-425.9845275878907	423.1194152832032	1374.96044921875	-447.3641967773439	481.8032226562501	1081.92041015625	-535.5621337890626	437.9414062500001	1045.398071289063	-470.9343566894532	464.2971191406251	1032.660278320313	-536.1594848632814	681.3087158203126	918.5720214843752	-472.2940673828126	653.4680175781251	897.8692626953127	-542.3631591796876	761.6483764648439	859.0244750976565	-468.3055114746095	699.0556030273439	826.0793457031252	-547.0057373046876	260.2675476074219	1215.76806640625	-135.8049011230469	299.0106201171876	1369.213500976563	-145.7307434082032	347.9466247558594	1372.222412109375	-63.02191162109376	386.1775512695314	1368.567016601563	-35.33944320678712	283.3120422363282	1077.64697265625	26.55865287780762	272.3572387695313	1063.420654296875	-63.83432388305665	237.3833618164063	1043.386596679688	-7.408194065093996	335.2078247070313	814.6829223632815	34.43477249145509	272.4868469238282	830.9702758789065	78.11170196533205	333.3557128906251	712.5616455078126	65.70540618896486	241.195053100586	758.3228759765626	87.71681213378908	
61	0.6	485.0124816894532	951.894470214844	-382.7694702148438	296.5061035156251	958.6712646484377	-288.7160034179688	296.9336853027344	949.7177734375002	-190.3463592529297	488.2368774414064	941.8901367187502	-128.8428955078125	398.1504516601564	880.5806884765627	-451.9277648925782	302.2928771972657	467.6787109375001	-424.285125732422	297.8173217773438	468.2183837890626	-288.5896606445313	256.8399658203126	417.4000244140626	-421.738739013672	307.4318542480469	382.3468627929688	-361.8458557128907	87.13618469238283	101.2048873901367	-381.9141540527344	110.2143478393555	110.0508575439453	-290.9552612304688	13.48270702362061	65.43589019775392	-319.4672851562501	220.556137084961	16.39716148376465	-300.8713684082032	226.2837219238282	34.80248641967774	-361.2355346679688	175.7610626220703	21.18836784362793	-417.6841125488282	439.1714172363282	848.651794433594	-68.10550689697267	593.1276245117189	467.2676696777345	-81.53992462158205	621.2965087890626	459.7794189453126	-210.7561340332032	592.2114257812501	410.1097106933595	-80.7610549926758	670.4315185546876	419.4227600097657	-120.9258651733399	685.7506103515626	67.70741271972658	-102.0812683105469	730.8556518554689	97.72553253173831	-181.2286682128907	668.3552246093751	12.27563285827637	-172.322982788086	867.327819824219	63.42031478881837	-152.173324584961	855.2073364257815	82.6816864013672	-99.57764434814456	803.794860839844	44.29748916625977	-49.31077957153322	375.7895812988282	1444.4619140625	-242.9847259521485	281.4653320312501	1195.999389648438	-247.9465637207032	533.3822021484376	1136.268432617188	-237.2830352783204	491.084930419922	1343.907592773438	-235.6707305908204	289.2332763671876	1224.724609375	-365.6956787109376	318.1182250976563	1377.642578125	-335.4960327148438	380.0000305175782	1381.713500976563	-422.913299560547	437.0048828125001	1374.473022460938	-444.2557067871095	495.2851562500001	1081.55908203125	-533.0043334960939	452.4354858398439	1044.734130859375	-467.8241271972657	478.207977294922	1032.104248046875	-533.3080444335939	696.9600219726564	920.3247680664065	-471.0656127929689	668.5726318359376	898.9317626953127	-540.6879882812501	778.294616699219	862.391296386719	-467.9971618652345	715.2296142578126	827.8455200195315	-545.5628662109376	273.0705566406251	1214.664184570313	-133.3731842041016	312.1324157714844	1368.185546875	-142.753890991211	360.4156799316407	1370.855712890625	-59.79352951049806	399.0520019531251	1367.035034179688	-32.10815048217774	296.8688049316407	1075.681396484375	28.89452362060548	285.7981872558594	1061.6328125	-61.48243331909181	250.9047241210938	1041.644409179688	-5.098072052001954	347.6717529296876	812.3909301757815	35.63801956176759	285.6391906738282	829.1105957031252	80.19666290283205	345.0035705566407	710.1476440429689	66.69398498535158	253.8529815673829	756.9581298828126	90.27451324462892	
62	0.61	499.4672851562501	951.4238891601565	-380.2947082519532	310.6034545898438	958.0371093750002	-286.6988220214844	310.6329345703126	949.2407836914065	-188.4487915039063	501.9966735839845	942.2070312500002	-126.2321014404297	412.202362060547	879.8838500976565	-449.613250732422	315.9135437011719	467.4443359375001	-424.0167541503907	311.9268493652344	467.3193969726564	-288.0964050292969	269.1636962890626	417.9562072753907	-421.3119201660157	319.3715209960938	381.4472656250001	-361.8994750976563	91.08956146240236	106.3757400512696	-382.6023559570313	114.3372573852539	114.100341796875	-291.6386108398438	16.32836341857911	73.38839721679689	-320.1393432617188	220.1833801269532	15.77813339233399	-300.5064392089844	226.3435058593751	34.24245071411134	-360.9569091796876	176.3625946044922	21.72161293029786	-417.2365112304689	453.8381347656251	849.5598754882815	-65.47067260742189	608.6890869140626	467.9758300781251	-79.25205993652345	636.9348754882814	461.0559387207032	-208.5062103271485	607.5722045898439	410.8200073242189	-78.6464309692383	685.5188598632814	419.0588378906251	-119.3751296997071	690.4113159179689	66.94495391845705	-102.2765884399414	736.1627197265626	95.50404357910158	-181.7971801757813	669.7059326171876	13.23474884033203	-172.7620391845703	871.024353027344	55.93545532226564	-153.02978515625	860.0971679687502	75.63414764404298	-100.1080932617188	807.0617675781252	39.38262557983399	-49.76147842407228	389.2691040039064	1444.076171875	-239.5760955810547	295.0586242675782	1195.625366210938	-245.7481842041016	547.2412109375001	1135.799072265625	-234.0256652832032	504.6275634765626	1343.572021484375	-232.1723022460938	303.0506286621094	1224.37744140625	-363.0566711425782	331.8672180175782	1377.439819335938	-332.5390319824219	393.9911499023439	1381.592651367188	-419.8059387207032	451.0310363769532	1374.384643554688	-441.075653076172	508.3197326660157	1081.425170898438	-530.2304687500001	466.488250732422	1044.434692382813	-464.3937072753907	491.5999145507814	1031.805419921875	-530.1906127929689	711.9283447265626	921.9834594726565	-469.7348937988282	682.8983764648439	899.8839111328127	-538.8538208007814	794.1631469726565	865.5552978515627	-467.702850341797	730.5092773437501	829.4536132812502	-543.9990844726564	285.8317260742188	1213.918701171875	-130.9927368164063	325.2372131347657	1367.476684570313	-139.7787017822266	372.8023071289063	1369.82470703125	-56.55870437622072	411.8765258789064	1365.833129882813	-28.8438949584961	310.7710876464844	1073.8974609375	31.2949333190918	299.4970703125001	1060.042724609375	-59.05640411376955	264.7827453613282	1040.028564453125	-2.681081295013428	360.8911132812501	810.3565673828127	36.66729736328126	299.6192932128907	827.393493652344	82.24016571044923	357.5373229980469	707.9698486328126	67.36785888671876	267.4757995605469	755.6695556640626	92.78757476806642	
63	0.62	514.0076904296876	951.239196777344	-377.6284790039063	324.7546997070313	957.709655761719	-284.7540893554688	324.4395446777344	949.1604614257815	-186.5621032714844	515.8266601562501	943.0596313476565	-123.4661636352539	426.5890197753907	879.2739868164065	-447.207733154297	330.7807312011719	467.1028137207032	-423.8858947753907	327.3666381835938	466.1748657226564	-287.7683410644532	282.7087707519532	418.4629211425782	-420.9889221191407	332.5814208984376	380.4795227050782	-362.2223510742188	95.96242523193361	112.1249313354492	-383.1361999511719	119.5166168212891	118.5286407470703	-292.2121887207032	20.2996997833252	82.35894012451173	-320.4851379394532	219.6433258056641	15.08931350708008	-300.0259094238282	226.3569946289063	33.62490463256837	-360.5222778320313	177.1125640869141	22.62360954284668	-416.6338806152345	468.4270629882814	850.8458251953127	-62.67979049682619	623.9276123046876	468.8363647460939	-76.78160095214845	652.3480224609376	462.5000915527345	-206.0495300292969	622.5767211914064	411.7385864257814	-76.34918212890626	700.2183837890626	418.7323303222657	-117.6100769042969	693.9542846679689	66.26856231689455	-102.3837051391602	740.3458862304689	93.33386230468751	-182.2801055908203	670.0171508789064	14.23093414306641	-173.0933227539063	873.5789184570315	48.33524322509767	-153.5962219238282	863.8918457031252	68.54164886474611	-100.3198394775391	809.0732421875002	34.58275222778321	-49.80671310424806	402.725067138672	1444.047729492188	-236.1563720703126	308.6967468261719	1195.556884765625	-243.5859375000001	561.1432495117189	1135.7724609375	-230.7170867919922	518.1667480468751	1343.634643554688	-228.628646850586	316.9903259277344	1224.443481445313	-360.5657043457032	345.6616821289063	1377.605712890625	-329.6146240234376	408.0638732910157	1381.914184570313	-416.6792602539064	465.1695251464845	1374.719604492188	-437.836395263672	520.9134521484376	1081.548095703125	-527.2476806640626	480.0906066894532	1044.535766601563	-460.6517028808595	504.4734802246095	1031.789794921875	-526.8151245117189	726.2124633789064	923.5506591796877	-468.3036193847657	696.4415283203126	900.728698730469	-536.8558959960939	809.2435302734377	868.4837036132815	-467.4070434570314	744.8751831054689	830.8872070312502	-542.2989501953126	298.5737915039063	1213.527587890625	-128.6708221435547	338.3124084472657	1367.086547851563	-136.8286590576172	385.119598388672	1369.146850585938	-53.35044479370119	424.6439819335939	1364.988403320313	-25.5774154663086	324.9885253906251	1072.341430664063	33.74481582641602	313.4308471679688	1058.698608398438	-56.57394409179689	278.9895935058594	1038.575561523438	-0.1768272668123246	374.8777465820313	808.6429443359377	37.5338249206543	314.4211120605469	825.861022949219	84.21897125244142	371.0110778808594	706.0884399414064	67.75074005126955	282.0826110839844	754.4792480468751	95.22273254394533	
64	0.63	528.5764160156251	951.325866699219	-374.7774353027344	338.9170837402344	957.6823730468752	-282.8565368652344	338.3398437500001	949.4688110351565	-184.649154663086	529.7128295898439	944.4031982421877	-120.5673522949219	441.272430419922	878.748474121094	-444.7081909179689	346.9194946289063	466.6277160644532	-423.8910522460939	344.2539367675782	464.7355346679689	-287.6310119628907	297.5297546386719	418.889129638672	-420.7688598632814	347.1279296875001	379.4247741699219	-362.8376159667969	101.8884735107422	118.4625244140625	-383.4299011230469	125.9196395874024	123.3285903930664	-292.6131591796876	25.60869216918946	92.35282135009767	-320.3782653808594	219.0015258789063	14.43155002593994	-299.4578857421876	226.3911285400391	33.03126907348634	-359.9355773925782	178.0827178955078	24.03834342956544	-415.8643493652345	482.8740539550782	852.4138183593752	-59.74253463745119	638.6794433593751	469.766326904297	-74.20195770263673	667.3306274414064	464.0067138671876	-203.4691772460938	637.0675659179689	412.7777709960939	-73.93356323242189	714.3762207031251	418.4078063964845	-115.691146850586	696.6887207031251	65.73009490966798	-102.3828964233399	743.6415405273439	91.33351898193361	-182.6586151123047	669.7268676757814	15.24039936065674	-173.2706604003907	875.3083496093752	41.03239440917969	-153.8908233642578	866.8906250000002	61.78009033203126	-100.2268447875977	810.2198486328127	30.17558288574219	-49.44506072998048	416.1261596679689	1444.365844726563	-232.754379272461	322.3611450195313	1195.77587890625	-241.4479980468751	575.0653686523439	1136.200561523438	-227.3986968994141	531.6763305664064	1344.093383789063	-225.0767059326172	331.0350646972657	1224.9140625	-358.2450866699219	359.4633483886719	1378.121948242188	-326.7385864257813	422.1755371093751	1382.669555664063	-413.5503845214845	479.3731384277345	1375.48193359375	-434.5565490722657	533.0814819335939	1081.942626953125	-524.0682373046876	493.241912841797	1045.055419921875	-456.6176147460939	516.8395385742189	1032.070068359375	-523.1961059570314	739.8227539062501	925.023376464844	-466.7760314941407	709.2128295898439	901.467712402344	-534.6943359375001	823.534851074219	871.1365966796877	-467.0899047851564	758.3220825195314	832.1279907226565	-540.4495849609376	311.3266601562501	1213.471313476563	-126.4039154052735	351.3471984863282	1367.003662109375	-133.922607421875	397.386444091797	1368.827026367188	-50.19795608520509	437.353485107422	1364.51513671875	-22.33856964111328	339.4916992187501	1071.048583984375	36.22943878173829	327.5776367187501	1057.636962890625	-54.05195236206056	293.4982299804688	1037.312866210938	2.39569091796875	389.634490966797	807.3017578125002	38.24910736083985	330.0286865234376	824.546325683594	86.10836029052736	385.4732055664064	704.5557861328126	67.87318420410158	297.6788330078126	753.4030151367189	97.54536437988284	
65	0.64	543.1086425781251	951.6586914062502	-371.7596435546876	353.0434875488282	957.9353637695315	-280.9717102050782	352.3101501464844	950.1448364257815	-182.6692352294922	543.6365356445314	946.1710205078127	-117.5660629272461	456.1936950683595	878.3015747070315	-442.1103515625001	364.3220520019532	466.000457763672	-424.0164489746095	362.6629638671876	462.9702453613282	-287.6925048828126	313.6533508300782	419.2073974609376	-420.6404418945314	363.0405578613282	378.2697753906251	-363.7399902343751	108.9856643676758	125.3850936889649	-383.4059143066407	133.6853485107422	128.484115600586	-292.7858581542969	32.44126892089844	103.330436706543	-319.7101135253907	218.3786163330079	13.9380578994751	-298.8472290039063	226.5577087402344	32.57418060302735	-359.2189941406251	179.3768615722657	26.11903381347657	-414.9284973144532	497.1274719238282	854.168151855469	-56.67457199096681	652.7955932617189	470.6863098144532	-71.59217071533205	681.6974487304689	465.4774780273439	-200.8512420654297	650.8900146484376	413.8466796875001	-71.47574615478517	727.8491821289064	418.044647216797	-113.6902618408203	698.8632812500001	65.36013793945314	-102.282829284668	746.2477416992189	89.58660125732423	-182.9371490478516	669.1846313476564	16.23384284973145	-173.2823486328125	876.4763793945315	34.36391067504884	-153.9581451416016	869.3374633789065	55.6507034301758	-99.86966705322268	810.825134277344	26.36810684204102	-48.72169876098634	429.4421691894532	1445.007934570313	-229.3975982666016	336.0285949707032	1196.257080078125	-239.3157043457032	588.9803466796876	1137.07421875	-224.1133117675782	545.1300659179689	1344.931030273438	-221.5559997558594	345.1530151367188	1225.763061523438	-356.0991516113282	373.2273864746094	1378.957641601563	-323.9202270507813	436.2714843750001	1383.829223632813	-410.4364318847657	493.5790100097657	1376.6533203125	-431.2608947753907	544.8474121093751	1082.607177734375	-520.7096557617189	505.9510192871095	1045.99169921875	-452.3227844238282	528.7197265625001	1032.642944335938	-519.3548583984376	752.7808227539064	926.392028808594	-465.1590270996095	721.2373657226564	902.1004028320315	-532.3748779296876	837.0461425781252	873.4683837890627	-466.7274475097657	770.8599243164065	833.1555175781252	-538.4416503906251	324.1230468750001	1213.71875	-124.1775741577149	364.3338012695313	1367.206787109375	-131.0735015869141	409.6264648437501	1368.857543945313	-47.1244125366211	450.011444091797	1364.414184570313	-19.1544246673584	354.2539978027344	1070.04052734375	38.73535537719727	341.9178161621094	1056.8798828125	-51.50501251220705	308.2835998535157	1036.256713867188	5.019739151000977	405.1548461914064	806.369323730469	38.82543182373048	346.4153747558594	823.4713134765627	87.88359832763673	400.9624328613282	703.4137573242189	67.77120971679689	314.2540588378907	752.4491577148439	99.71963500976565	
66	0.65	557.5361938476564	952.2039184570315	-368.6053466796876	367.0850219726563	958.436950683594	-279.0608520507813	366.3171691894532	951.1563110351565	-180.5838623046875	557.5750122070314	948.280456542969	-114.4995040893555	471.2754211425782	877.9248046875002	-439.4105224609376	382.9459533691407	465.2148742675782	-424.2319641113282	382.6095275878907	460.8758850097657	-287.9389648437501	331.0738830566407	419.3987121582032	-420.5812377929689	380.3078918457032	377.0120544433594	-364.8920288085938	117.3490371704102	132.87451171875	-383.0016174316407	142.9139556884766	133.9710540771485	-292.6855773925782	40.94285583496094	115.2024307250977	-318.4003295898438	217.9557647705079	13.76585960388184	-298.2530822753907	227.0172424316407	32.39270019531251	-358.4132995605469	181.1336212158203	29.01598930358887	-413.8406982421876	511.1521301269532	856.0236816406252	-53.49881744384767	666.1501464843751	471.5269775390626	-69.03134155273439	695.2909545898439	466.8272094726564	-198.2796936035157	663.9035034179689	414.8605346679689	-69.05732727050783	740.5144042968751	417.6034240722657	-111.6858062744141	700.6630859375001	65.16761016845705	-102.112533569336	748.3233032226564	88.1390838623047	-183.1366882324219	668.6431884765626	17.17942047119141	-173.1448516845703	877.2896728515627	28.57127380371094	-153.8589935302735	871.4162597656252	50.36277389526369	-99.3068771362305	811.137878417969	23.28528785705567	-47.71735763549805	442.646697998047	1445.942626953125	-226.1107482910157	349.6716613769532	1196.971557617188	-237.1657257080079	602.8580932617189	1138.363403320313	-220.9025115966797	558.5032348632814	1346.116088867188	-218.1064605712891	359.2977600097657	1226.948120117188	-354.1127929687501	386.9058837890626	1380.072021484375	-321.1624145507813	450.2889404296876	1385.344360351563	-407.3542480468751	507.7131652832032	1378.195434570313	-427.9800109863282	556.2420654296876	1083.523193359375	-517.1947631835939	518.2366333007814	1047.320678710938	-447.8101501464845	540.1454467773439	1033.490112304688	-515.3196411132814	765.1178588867189	927.640319824219	-463.4617309570314	732.5536499023439	902.6235351562502	-529.9100341796876	849.795349121094	875.4307250976565	-466.2925720214845	782.5140380859377	833.9488525390627	-536.2703857421876	336.9935302734376	1214.231811523438	-121.96728515625	377.2682495117188	1367.668823242188	-128.2872924804688	421.8662719726564	1369.219116210938	-44.14524459838868	462.6318664550782	1364.672729492188	-16.04760169982911	369.2533569335938	1069.323974609375	41.25099182128907	356.4348144531251	1056.43310546875	-48.94423675537111	323.3242492675782	1035.412231445313	7.68210554122925	421.4223632812501	805.865173339844	39.27603912353516	363.5438232421876	822.6452636718752	89.52144622802736	417.5040283203126	702.6925659179689	67.4842987060547	331.7810058593751	751.6173095703126	101.7091522216797	
67	0.66	571.7912597656251	952.9224243164065	-365.3565063476563	380.9936828613282	959.1465454101565	-277.0863952636719	380.3198852539063	952.4632568359377	-178.3622436523438	571.5018310546876	950.6401977539065	-111.409912109375	486.4254760742189	877.6085205078127	-436.607879638672	402.7153930664064	464.2817993164064	-424.4945373535157	404.0415039062501	458.4854125976564	-288.3329467773438	349.7512817382813	419.4579162597657	-420.5581054687501	398.8775329589845	375.6649475097657	-366.2242736816407	127.045639038086	140.8970947265625	-382.1745605468751	153.6604919433594	139.7584228515625	-292.2814025878907	51.20693588256837	127.828857421875	-316.4046936035157	217.9744567871094	14.08216762542725	-297.7437133789063	227.9788055419922	32.64262390136719	-357.5755310058594	183.5260314941407	32.86173248291016	-412.6289367675782	524.9318847656251	857.9139404296877	-50.24603271484376	678.6475830078126	472.2344665527345	-66.59282684326173	707.9870605468751	467.988494873047	-195.8314514160157	675.9925537109376	415.7486877441407	-66.75769805908205	752.2775878906251	417.0518798828126	-109.7562103271485	702.2133789062501	65.14247894287111	-101.9117431640625	749.9911499023439	87.00181579589845	-183.2868804931641	668.2612304687501	18.04658126831055	-172.8938598632813	877.899353027344	23.79350852966309	-153.6600494384766	873.2528076171877	46.02863693237305	-98.60611724853518	811.3330688476565	20.96995162963868	-46.53404235839844	455.7193603515626	1447.132934570313	-222.9145965576172	363.2601928710938	1197.889404296875	-234.9730987548829	616.6668090820314	1140.018310546875	-217.804428100586	571.7741088867189	1347.605590820313	-214.7663269042969	373.4101562500001	1228.41552734375	-352.2522888183594	400.4512939453126	1381.419311523438	-318.4622802734376	464.1618041992189	1387.15185546875	-404.3200988769532	521.6966552734376	1380.051513671875	-424.748748779297	567.3021240234376	1084.656616210938	-513.5510253906251	530.1267089843751	1048.99853515625	-443.1325073242189	551.1564941406251	1034.579956054688	-511.1250305175782	776.871765136719	928.7454223632815	-461.6948242187501	743.2108764648439	903.031188964844	-527.3186645507814	861.8074951171877	876.975769042969	-465.7565002441407	793.3232421875002	834.4871826171877	-533.9366455078126	349.9616088867188	1214.970825195313	-119.7405395507813	390.1508178710939	1368.35986328125	-125.5627746582032	434.1343994140626	1369.883056640625	-41.26705551147462	475.2361450195314	1365.265747070313	-13.03512573242188	384.4739685058595	1068.891479492188	43.76697540283204	371.1161804199219	1056.28564453125	-46.37664413452149	338.6037292480469	1034.773315429688	10.37380027770996	438.4111938476564	805.791442871094	39.61489868164063	381.3669128417969	822.0650634765627	91.00170135498048	435.1064758300782	702.4099731445314	67.05285644531251	350.2161254882813	750.8995361328126	103.4783020019532	
68	0.67	585.8109741210939	953.7745361328127	-362.0653381347657	394.7254638671876	960.018981933594	-275.0169982910157	394.2723693847657	954.0208129882815	-175.9860229492188	585.3880004882814	953.1575317382815	-108.3422241210938	501.542449951172	877.344177246094	-433.7065429687501	423.5252990722657	463.2324523925782	-424.7520446777345	426.8369140625001	455.8724670410157	-288.8152465820313	369.6114807128907	419.3986206054689	-420.5293579101564	418.6596984863282	374.2613525390626	-367.6403808593751	138.1122589111328	149.402587890625	-380.9057312011719	165.9334564208985	145.8098449707032	-291.5574645996094	63.26811599731447	141.0224761962891	-313.7200317382813	218.7292022705079	15.04675483703614	-297.3886718750001	229.6945953369141	33.48210525512696	-356.7733764648438	186.7576599121094	37.75451660156251	-411.3323059082032	538.4696655273439	859.795593261719	-46.95447158813477	690.2275390625001	472.7738342285157	-64.33894348144533	719.6983642578126	468.9145812988282	-193.5721282958985	687.0765991210939	416.4606018066407	-64.64635467529298	763.0777587890626	416.3691711425782	-107.9729232788086	703.5883178710939	65.26046752929689	-101.7214889526367	751.3433227539064	86.15679168701173	-183.4186706542969	668.1142578125001	18.80971336364746	-172.5748596191407	878.4062500000002	20.07176017761231	-153.424560546875	874.921325683594	42.66959762573243	-97.83592224121097	811.5190429687502	19.39222526550293	-45.27998733520509	468.6473083496095	1448.539184570313	-219.825180053711	376.7625122070313	1198.982421875	-232.7143554687501	630.3746948242189	1141.97412109375	-214.8521118164063	584.9253540039064	1349.348022460938	-211.5701141357422	387.4216918945314	1230.104248046875	-350.4683837890626	413.8203735351564	1382.952514648438	-315.8126220703126	477.8257446289064	1389.179443359375	-401.3492431640626	535.4523315429689	1382.15234375	-421.6041564941407	578.0676269531251	1085.9609375	-509.809295654297	541.6564331054689	1050.963745117188	-438.3497924804689	561.7984008789064	1035.87060546875	-506.811004638672	788.0836181640627	929.6791992187502	-459.8699951171876	753.2651977539064	903.3149414062502	-524.6254882812501	873.1121826171877	878.0596923828127	-465.0907287597657	803.337097167969	834.751403808594	-531.4472656250001	363.0399169921876	1215.89892578125	-117.4598159790039	402.9856567382814	1369.250854492188	-122.8921203613282	446.460174560547	1370.814575195313	-38.48746490478516	487.8518066406251	1366.158813476563	-10.12793731689453	399.9075317382814	1068.722534179688	46.27605819702149	385.954315185547	1056.411010742188	-43.80511856079102	354.1116027832032	1034.324951171875	13.09013366699219	456.086883544922	806.1347656250002	39.85604476928712	399.8301391601564	821.7171630859377	92.30854797363283	453.7593383789064	702.5717773437501	66.51541900634767	369.5017395019532	750.2819824218751	104.9943389892578	
69	0.68	599.5413818359376	954.7241821289065	-358.7915954589844	408.2429809570314	961.0097656250002	-272.8317260742188	408.1273498535157	955.7829589843752	-173.4519653320313	599.2035522460939	955.7448730468752	-105.3414382934571	516.5219116210939	877.1277465820315	-430.7172851562501	445.247772216797	462.1205444335939	-424.9483947753907	450.8101806640626	453.150848388672	-289.3101501464844	390.5498962402345	419.2567138671876	-420.4481201171876	439.5344238281251	372.8555297851563	-369.0264587402344	150.5560913085938	158.3226776123047	-379.2009277343751	179.6985168457032	152.0842590332032	-290.5131225585938	77.10057067871095	154.556137084961	-310.3851318359376	220.5531158447266	16.79227256774903	-297.2489624023438	232.4491729736329	35.05371856689454	-356.0764160156251	191.0548858642578	43.74179458618165	-409.996307373047	551.7853393554689	861.6492919921877	-43.66848373413087	700.8666992187501	473.1298217773439	-62.31672286987306	730.3759765625001	469.5805053710939	-191.5524139404297	697.1150512695314	416.968719482422	-62.77658843994142	772.8897094726565	415.5483398437501	-106.3938827514649	704.8228759765626	65.48857879638673	-101.576530456543	752.4473876953126	85.56542968750001	-183.5585632324219	668.2116088867189	19.4509563446045	-172.2344055175782	878.869323730469	17.36273956298828	-153.205322265625	876.4548950195315	40.23030471801759	-97.05915832519534	811.749206542969	18.46570014953614	-44.05609130859376	481.425750732422	1450.1220703125	-216.8535308837891	390.147674560547	1200.225830078125	-230.370590209961	643.9513549804689	1144.155883789063	-212.0725860595704	597.9441528320314	1351.287841796875	-208.5469055175782	401.2596740722657	1231.951171875	-348.7016906738282	426.9770507812501	1384.627685546875	-313.2037658691407	491.2234802246095	1391.352416992188	-398.4556884765626	548.9110717773439	1384.421630859375	-418.5826110839845	588.5795288085939	1087.382934570313	-506.0027160644532	552.8653564453126	1053.143432617188	-433.525115966797	572.1190795898439	1037.314453125	-502.4210815429689	798.7938232421877	930.4102172851565	-457.9991149902345	762.7752075195314	903.4646606445315	-521.8602905273439	883.7413330078127	878.6463623046877	-464.2693786621095	812.6121826171877	834.7260742187502	-528.8153686523439	376.2280273437501	1216.986083984375	-115.0865173339844	415.7797851562501	1370.316528320313	-120.2622375488282	458.8727111816407	1371.975830078125	-35.79587936401368	500.5103759765626	1367.31103515625	-7.331130504608156	415.5537719726564	1068.787353515625	48.77281951904298	400.9469604492189	1056.770874023438	-41.22895050048829	369.8441467285157	1034.045288085938	15.83019065856934	474.4078063964845	806.8687133789065	40.0125961303711	418.8746948242189	821.5802001953127	93.43177032470705	473.432098388672	703.1725463867189	65.9055862426758	389.5696411132814	749.7480468750001	106.2300262451172	
70	0.6900000000000001	612.9412841796876	955.743347167969	-355.5982666015626	421.517791748047	962.0801391601565	-270.5222473144532	421.8398437500001	957.7045898437502	-170.7726593017578	612.9190063476564	958.325134277344	-102.4497222900391	531.2634887695314	876.9627075195315	-427.6578674316407	467.7398681640626	461.0216369628907	-425.0292968750001	475.7265930175782	450.4683532714845	-289.7329406738282	412.4371337890626	419.0912170410157	-420.2665100097657	461.3606262207032	371.5216979980469	-370.2632446289063	164.3579711914063	167.5690460205078	-377.0897521972657	194.8863830566407	158.5355834960938	-289.1620178222657	92.62185668945314	168.1736297607422	-306.4788513183594	223.7969055175782	19.40522193908692	-297.3663330078126	236.5437622070313	37.46505355834962	-355.5451965332032	196.6559753417969	50.80571365356447	-408.6666259765626	564.9105834960939	863.4763183593752	-40.43597793579102	710.5770874023439	473.305145263672	-60.55525970458986	740.0088500976564	469.981903076172	-189.8058013916016	706.1095581054689	417.2678527832032	-61.18118286132814	781.7224121093752	414.5963745117189	-105.0585479736328	705.9258422851564	65.79040527343751	-101.5004425048828	753.3522949218751	85.17736816406251	-183.7249450683594	668.5161743164064	19.96171951293946	-171.9133758544922	879.3152465820315	15.55799865722657	-153.0405731201172	877.8574829101565	38.5984001159668	-96.32827758789065	812.0366210937502	18.06708717346192	-42.94552993774415	494.0572509765626	1451.8447265625	-214.0057678222657	403.3871154785157	1201.59912109375	-227.9297027587891	657.3688964843751	1146.484985351563	-209.4865875244141	610.8228149414064	1353.36865234375	-205.7191467285157	414.852996826172	1233.895874023438	-346.8891296386719	439.894989013672	1386.405883789063	-310.6256408691407	504.309051513672	1393.599609375	-395.6516113281251	562.0177612304689	1386.782836914063	-415.717010498047	598.8767089843751	1088.867431640625	-502.1652221679689	563.7935180664064	1055.458984375	-428.720916748047	582.1651000976564	1038.86279296875	-498.0005798339845	809.038513183594	930.9063110351565	-456.093719482422	771.7971801757815	903.4696044921877	-519.0556030273439	893.7259521484377	878.7102050781252	-463.2713928222657	821.2073364257815	834.4007568359377	-526.0602416992189	389.512176513672	1218.211303710938	-112.585205078125	428.5418090820314	1371.536376953125	-117.6568374633789	471.399871826172	1373.328979492188	-33.1752052307129	513.2446899414064	1368.67919921875	-4.644849777221681	431.420379638672	1069.05029296875	51.2531204223633	416.0970153808595	1057.31884765625	-38.64480209350587	385.8042297363282	1033.908325195313	18.5958251953125	493.3273925781251	807.9578857421877	40.09552764892579	438.4415283203126	821.629089355469	94.3675994873047	494.074676513672	704.1972656250001	65.2493133544922	410.3458557128907	749.2821655273439	107.1666259765625	
71	0.7000000000000001	625.9848632812501	956.815612792969	-352.5467224121094	434.5321350097657	963.201110839844	-268.0932006835938	435.3707275390626	959.743591308594	-167.9748992919922	626.5072021484376	960.8362426757815	-99.70354461669925	545.6778564453126	876.862487792969	-424.5526733398439	490.8516235351564	460.0294189453126	-424.9477539062501	501.3220214843751	447.994842529297	-289.9993591308594	435.1264648437501	418.9820251464845	-419.9399414062501	483.9861450195314	370.3496398925782	-371.2391967773438	179.4776611328125	177.0311279296875	-374.6230163574219	211.4029693603516	165.1113891601563	-287.5302429199219	109.7015533447266	181.6029968261719	-302.1152648925782	228.8034973144532	22.9106616973877	-297.7527160644532	242.2770385742188	40.7705421447754	-355.2195129394532	203.7975769042969	58.85269165039064	-407.381561279297	577.8829345703126	865.2918701171877	-37.30506896972657	719.4007568359376	473.3171691894532	-59.0647659301758	748.6210327148439	470.1325988769532	-188.3474273681641	714.1008300781251	417.3721313476564	-59.87081527709962	789.6148681640627	413.5323486328126	-103.9852600097657	706.8919067382814	66.1306838989258	-101.5035552978516	754.0938720703126	84.93855285644533	-183.9266510009766	668.9638061523439	20.34287834167481	-171.6426239013672	879.7485351562502	14.50599193572998	-152.952392578125	879.116149902344	37.62626266479493	-95.68252563476564	812.3674316406252	18.05615043640137	-42.00732803344727	506.550262451172	1453.674560546875	-211.2836303710938	416.4566040039064	1203.085205078125	-225.3877563476563	670.6035156250001	1148.885131835938	-207.1086425781251	623.5579223632814	1355.537475585938	-203.1019897460938	428.1383361816407	1235.884643554688	-344.9710998535157	452.5586242675782	1388.255004882813	-308.0693664550782	517.0506591796876	1395.858642578125	-392.946990966797	574.7348022460939	1389.164794921875	-413.0336914062501	608.9928588867189	1090.36279296875	-498.3300781250001	574.4773559570314	1057.83349609375	-423.9947509765626	591.9778442382814	1040.470336914063	-493.5943298339845	818.8462524414065	931.1377563476565	-454.1646728515626	780.3806762695315	903.320007324219	-516.2453613281251	903.093933105469	878.2386474609377	-462.0825195312501	829.1790771484377	833.7715454101565	-523.2066650390626	402.8667907714845	1219.562744140625	-109.9277954101563	441.2800292968751	1372.895874023438	-115.0588684082032	484.0669555664064	1374.8388671875	-30.60435295104981	526.0856323242189	1370.220947265625	-2.065694093704224	447.5216369628907	1069.473754882813	53.71351623535158	431.411590576172	1058.00537109375	-36.04800033569337	402.0006713867189	1033.887084960938	21.39032936096192	512.7962036132814	809.3618164062502	40.11254119873048	458.4754943847657	821.8386840820315	95.11909484863283	515.6188354492189	705.6234130859376	64.56262969970705	431.7557983398439	748.8732910156251	107.7966842651367	
72	0.71	638.6634521484376	957.937194824219	-349.6909790039063	447.279754638672	964.3568115234377	-265.5604553222657	448.6894531250001	961.8621215820315	-165.0959777832032	639.9444580078126	963.2327270507815	-97.13101196289065	559.6938476562501	876.851013183594	-421.4310913085939	514.4335937500001	459.2492980957032	-424.6680908203126	527.3258056640626	445.906463623047	-290.0341491699219	458.4624023437501	419.0239562988282	-419.4312133789064	507.2575988769532	369.4373168945313	-371.8625793457032	195.8599395751954	186.5746002197266	-371.8689575195313	229.1403045654297	171.750717163086	-285.6539611816407	128.173324584961	194.5709075927735	-297.4363403320313	235.8813934326172	27.26335525512696	-298.3822021484376	249.9245147705079	44.95758819580079	-355.1073608398438	212.6999206542969	67.70920562744142	-406.164764404297	590.7388305664064	867.1167602539065	-34.32019042968751	727.4027709960939	473.1932983398439	-57.83740234375001	756.2672119140626	470.060272216797	-187.1743774414063	721.1624755859376	417.3099975585939	-58.835018157959	796.629577636719	412.3841857910157	-103.1711959838867	707.7113647460939	66.47869110107423	-101.5833816528321	754.6989746093751	84.79779052734376	-184.1634063720703	669.4805297851564	20.60380744934082	-171.4408874511719	880.160339355469	14.03413486480713	-152.9476165771485	880.2120361328127	37.15205764770509	-95.14688873291017	812.7141113281252	18.29345321655274	-41.27401733398438	518.9171752929689	1455.583251953125	-208.6853790283204	429.3377990722657	1204.669921875	-222.7490997314454	683.6364135742189	1151.288452148438	-204.9475402832032	636.1496582031251	1357.746948242188	-200.7030029296876	441.0658569335939	1237.873168945313	-342.8977050781251	464.9632263183595	1390.149780273438	-305.5286560058594	529.4321289062501	1398.079833984375	-390.3491210937501	587.0443725585939	1391.507202148438	-410.5502014160157	618.9543457031251	1091.826049804688	-494.5284729003907	584.9462890625001	1060.198364257813	-419.396209716797	601.5905761718751	1042.098388671875	-489.2444763183595	828.2363281250002	931.0800781250002	-452.2219848632814	788.5656738281252	903.008728027344	-513.4623413085939	911.8682250976565	877.2329711914065	-460.6968994140626	836.5782470703127	832.8424072265627	-520.2839965820314	416.2572631835939	1221.036254882813	-107.0971374511719	454.0008544921876	1374.384765625	-112.4530410766602	496.8949584960939	1376.474731445313	-28.06120491027833	539.0586547851564	1371.898071289063	0.411604940891266	463.8765258789064	1070.021850585938	56.15065383911134	446.9006652832032	1058.781860351563	-33.43387603759766	418.446990966797	1033.955688476563	24.21696472167969	532.7643432617189	811.0388183593752	40.06708145141602	478.928924560547	822.187683105469	95.69593048095705	537.9810791015626	707.4229125976564	63.85030364990236	453.7293701171876	748.5181884765626	108.1261138916016	
73	0.72	650.9858398437501	959.1171875000002	-347.0725708007813	459.7657775878907	965.5449218750002	-262.9480895996094	461.7758178710939	964.0269775390627	-162.1788024902344	653.2113647460939	965.4866943359377	-94.74963378906251	573.2639160156251	876.961853027344	-418.3252563476564	538.3429565429689	458.7888793945314	-424.1681213378907	553.4829101562501	444.3675537109376	-289.7788085937501	482.2890625000001	419.317596435547	-418.7134399414064	531.0286865234376	368.8818359375001	-372.0700988769532	213.4405212402344	196.0413513183594	-368.9082031250001	247.986068725586	178.3818969726563	-283.5762939453126	147.8489990234375	206.8168029785157	-292.6030578613282	245.2806854248047	32.34717178344727	-299.1864929199219	259.7189331054688	49.93957901000978	-355.1773986816407	223.5522003173829	77.12529754638673	-405.0191955566407	603.5072631835939	868.969421386719	-31.51827621459962	734.6622924804689	472.9663391113282	-56.84963989257814	763.0261230468751	469.8020935058595	-186.267578125	727.3918457031251	417.1184692382814	-58.04539489746095	802.845153808594	411.184783935547	-102.594711303711	708.3773803710939	66.8102493286133	-101.7269439697266	755.1885375976564	84.71141815185548	-184.4274444580078	669.9962158203126	20.76058769226075	-171.3150329589844	880.5360107421877	13.96860599517823	-153.0203552246094	881.1285400390627	37.01783752441407	-94.7324905395508	813.045349121094	18.65417671203614	-40.75285720825196	531.1717529296876	1457.546875	-206.2067413330079	442.0193176269532	1206.340576171875	-220.0256042480469	696.4548339843751	1153.640258789063	-203.0065612792969	648.6007690429689	1359.957763671875	-198.522689819336	453.6033020019532	1239.828735351563	-340.6338806152344	477.1139221191407	1392.071166992188	-303.0007324218751	541.4527587890626	1400.227294921875	-387.8623046875001	598.9481811523439	1393.763305664063	-408.2740478515626	628.7778930664064	1093.224853515625	-490.7883911132814	595.2193603515626	1062.497924804688	-414.9644470214845	611.0258789062501	1043.716918945313	-484.9885253906251	837.218200683594	930.7168579101565	-450.2749633789064	796.3802490234377	902.532409667969	-510.7364807128907	920.0660400390627	875.7082519531252	-459.1178588867189	843.4465332031252	831.6258544921877	-517.3251953125001	429.6439819335939	1222.63330078125	-104.0893783569336	466.7076110839845	1375.995727539063	-109.8280487060547	509.8984375000001	1378.211181640625	-25.52578735351563	552.1810302734376	1373.678466796875	2.792488336563111	480.5061950683595	1070.663330078125	58.56076049804689	462.575164794922	1059.605346679688	-30.79898834228516	435.159393310547	1034.091430664063	27.07754707336426	553.1836547851564	812.9495849609377	39.95779418945313	499.7643432617189	822.6611328125002	96.1136169433594	561.0664672851564	709.5643310546876	63.10554504394533	476.2049255371095	748.2234497070314	108.1751480102539	
74	0.73	662.9773559570314	960.3750000000002	-344.7160034179688	472.0057983398439	966.7757568359377	-260.2847595214844	474.6206359863282	966.2100219726565	-159.266586303711	666.2936401367189	967.5864868164065	-92.56495666503908	586.3683471679689	877.2347412109377	-415.2675170898439	562.4479370117189	458.7475891113282	-423.4392700195314	579.5730590820314	443.513641357422	-289.1964416503907	506.4579467773439	419.9581909179689	-417.7716674804689	555.1667480468751	368.7698059082032	-371.8313903808594	232.1510925292969	205.2519683837891	-365.8280944824219	267.8311767578126	184.9210968017578	-281.3437500000001	168.5330810546875	218.1054229736329	-287.7844238281251	257.1749572753907	37.98294830322266	-300.0561218261719	271.8342285156251	55.55749893188478	-355.3559265136719	236.4992675781251	86.78643035888673	-403.9238586425782	616.2050170898439	870.8588867187502	-28.9255599975586	741.2646484375001	472.6705322265626	-56.06584930419923	768.992858886719	469.3997802734376	-185.594711303711	732.8994140625001	416.8378295898439	-57.46039962768556	808.3483886718752	409.9680480957032	-102.2194137573242	708.8899536132814	67.10861968994142	-101.9142837524414	755.5797729492189	84.64597320556642	-184.7060241699219	670.4535522460939	20.83377075195313	-171.2615661621094	880.860778808594	14.15027618408203	-153.155517578125	881.856872558594	37.0833969116211	-94.43820953369142	813.3334960937502	19.03728866577149	-40.42980194091798	543.3271484375001	1459.545654296875	-203.8420867919922	454.4972534179689	1208.084106445313	-217.2350769042969	709.0530395507814	1155.901489257813	-201.2836914062501	660.9156494140626	1362.139526367188	-196.5551757812501	465.7385253906251	1241.729858398438	-338.1624450683594	489.0237121582032	1394.00439453125	-300.4862670898438	553.1256713867189	1402.279541015625	-385.4876098632814	610.4652099609376	1395.901733398438	-406.2021789550782	638.4702758789064	1094.53955078125	-487.1338195800782	605.3045654296876	1064.69287109375	-410.7272338867189	620.2948608398439	1045.3056640625	-480.8576660156251	845.7919921875002	930.0415649414065	-448.3323364257814	803.8403320312502	901.8925781250002	-508.0931396484376	927.698669433594	873.6919555664065	-457.3580017089845	849.8154296875002	830.1425781250002	-514.3649902343751	442.9867553710939	1224.356323242188	-100.9149627685547	479.3995666503907	1377.72216796875	-107.1781539916992	523.0836181640626	1380.027709960938	-22.98318862915039	565.4597167968751	1375.53662109375	5.081101417541505	497.4310302734376	1071.373901367188	60.93930816650392	478.444793701172	1060.441040039063	-28.1421298980713	452.1547851562501	1034.275634765625	29.97127342224122	574.0087280273439	815.0594482421877	39.7784538269043	520.9556274414064	823.252380371094	96.39201354980472	584.7727661132814	712.0145263671876	62.31092834472658	499.131805419922	748.0065917968751	107.9776611328125	
75	0.74	674.6775512695314	961.7369384765627	-342.6262512207032	484.0239868164064	968.068542480469	-257.5999450683594	487.2250976562501	968.3878173828127	-156.3982238769532	679.1821899414064	969.5341796875002	-90.57012939453126	599.0176391601564	877.711364746094	-412.2880859375001	586.6306762695314	459.2057189941407	-422.4847412109376	605.4238281250001	443.4376220703126	-288.2739257812501	530.8339233398439	421.023651123047	-416.6033020019532	579.5564575195314	369.1686096191407	-371.1488342285157	251.9226379394532	214.0113525390626	-362.7163391113282	288.5747985839844	191.2722778320313	-279.0024108886719	190.03662109375	228.2361450195313	-283.1453552246094	271.6515502929688	43.94356536865235	-300.8473510742188	286.3748779296876	61.59042358398439	-355.5306701660157	251.6317138671876	96.33344268798831	-402.8339233398439	628.8341674804689	872.7811279296877	-26.55546188354493	747.2932128906251	472.338348388672	-55.44261932373048	774.2710571289065	468.895477294922	-185.1142883300782	737.7980346679689	416.5067443847657	-57.03094863891603	813.226501464844	408.7655639648439	-101.9991683959961	709.2574462890626	67.36424255371095	-102.122314453125	755.8875122070314	84.57907104492189	-184.9840087890625	670.8131713867189	20.8460865020752	-171.2693786621094	881.1236572265627	14.44582653045655	-153.3326721191407	882.3988037109377	37.23520278930665	-94.25307464599611	813.5589599609377	19.37000465393067	-40.27516555786134	555.3941650390626	1461.561889648438	-201.5853118896485	466.7750244140626	1209.885498046875	-214.3992767333985	721.4328002929689	1158.050903320313	-199.7716827392579	673.0991821289064	1364.270629882813	-194.7894134521485	477.4797363281251	1243.565307617188	-335.4849243164063	500.7115783691407	1395.937866210938	-297.9891967773438	564.4752807617189	1404.227416992188	-383.2229919433594	621.6282958984376	1397.905639648438	-404.3221740722657	648.0278930664064	1095.761596679688	-483.5841674804689	615.1983032226564	1066.760498046875	-406.7009582519532	629.3972778320314	1046.852661132813	-476.8758850097657	853.9505004882815	929.058044433594	-446.4024047851564	810.9504394531252	901.0957031250002	-505.5519104003907	934.7727661132815	871.2219238281252	-455.4387207031251	855.705749511719	828.420837402344	-511.4386291503907	456.248748779297	1226.205810546875	-97.59795379638675	492.0718994140626	1379.555541992188	-104.5040588378907	536.4461059570314	1381.907958984375	-20.4259204864502	578.8901367187501	1377.453857421875	7.279262542724611	514.6676635742189	1072.136474609375	63.28082656860353	494.5164184570314	1061.264526367188	-25.46494865417481	469.4485473632814	1034.49462890625	32.89385986328126	595.1980590820314	817.340026855469	39.51845169067384	542.4877319335939	823.9634399414065	96.55351257324222	608.9949340820314	714.7404174804689	61.44033432006837	522.4711303710939	747.8953247070314	107.5789337158203	
76	0.75	686.1369628906251	963.2309570312502	-340.7879028320313	495.8507080078126	969.4470214843752	-254.9213104248047	499.599334716797	970.5416259765627	-153.6048431396485	691.8728637695314	971.3421630859377	-88.74658966064455	611.2514648437501	878.429382324219	-409.4130859375001	610.7884521484376	460.2156066894532	-421.3168029785157	630.9168701171876	444.1817626953126	-287.0209655761719	555.2993774414064	422.5640869140626	-415.2167053222657	604.1018676757814	370.1197814941407	-370.0529479980469	272.6875000000001	222.1171569824219	-359.6542663574219	310.1273803710938	197.3288116455079	-276.5939331054688	212.1892700195313	237.0486145019532	-278.8335571289063	288.7112731933594	49.97382736206056	-301.3956298828126	303.3717956542969	67.77385711669923	-355.5608520507813	268.9800720214844	105.3886184692383	-401.6843566894532	641.3814086914064	874.717956542969	-24.40784454345704	752.8240966796876	471.9983825683595	-54.93333435058595	778.9655761718752	468.3286743164064	-184.7799224853516	742.1928100585939	416.1592102050782	-56.70604324340822	817.5615234375002	407.6040649414064	-101.8832702636719	709.4958496093751	67.57387542724611	-102.3285064697266	756.1245727539064	84.49879455566408	-185.2463531494141	671.0545043945314	20.82038116455078	-171.3227691650391	881.3188476562502	14.75387859344483	-153.529769897461	882.7666625976565	37.39050292968751	-94.15914154052736	813.7117309570315	19.60811424255371	-40.24994277954102	567.3798828125001	1463.579956054688	-199.4307098388672	478.8629455566407	1211.72802734375	-211.5417938232422	733.6030273437501	1160.083740234375	-198.4580230712891	685.1565551757814	1366.337524414063	-193.210433959961	488.8537902832032	1245.331787109375	-332.6201171875001	512.1999511718751	1397.860595703125	-295.5158386230469	575.5339965820314	1406.071533203125	-381.0635375976563	632.4794921875001	1399.770874023438	-402.6141052246095	657.4387207031251	1096.89208984375	-480.1541748046876	624.8874511718751	1068.694091796875	-402.891815185547	638.3231201171876	1048.353393554688	-473.0595703125001	861.6818847656252	927.780212402344	-444.4930114746095	817.7062988281252	900.1526489257815	-503.1259155273439	941.2915649414065	868.3435058593752	-453.3887939453126	861.1292724609377	826.4945068359377	-508.5796813964845	469.4002075195314	1228.176635742188	-94.17395019531251	504.7160034179689	1381.483764648438	-101.812858581543	549.9699096679689	1383.83837890625	-17.85539627075196	592.4566650390626	1379.416137695313	9.386002540588381	532.2267456054689	1072.941284179688	65.57894134521486	510.7922668457032	1062.061767578125	-22.77220916748047	487.0523071289064	1034.739013671875	35.83714675903321	616.7138061523439	819.7698364257815	39.16380691528321	564.3551025390626	824.8042602539065	96.6208419799805	633.6293334960939	717.7098999023439	60.46178817749025	546.1950683593751	747.9254760742189	107.0319747924805	
77	0.76	697.4130859375001	964.881530761719	-339.1668701171876	507.5198059082032	970.9331054687502	-252.2733001708985	511.7603759765626	972.6567993164065	-150.9084167480469	704.3659057617189	973.029479980469	-87.06584930419923	623.1357421875001	879.416931152344	-406.6634826660157	634.8338012695314	461.7958068847657	-419.9534606933595	655.9870605468751	445.736053466797	-285.4666748046876	579.7562255859376	424.5942382812501	-413.6291503906251	628.7253417968751	371.6355285644532	-368.5946350097657	294.3802490234376	229.3704223632813	-356.7100524902344	332.4118347167969	202.9766540527344	-274.1522827148438	234.8487701416016	244.4238433837891	-274.9666748046876	308.2769165039063	55.81219482421876	-301.5328674316407	322.7850036621094	73.82344055175783	-355.2929992675782	288.5144653320313	113.5853424072266	-400.3972473144532	653.8201904296876	876.6392822265627	-22.4697322845459	757.9217529296876	471.6741943359376	-54.492488861084	783.1763916015627	467.734100341797	-184.5446319580078	746.1740722656251	415.8226013183595	-56.43780899047853	821.4258422851565	406.5040283203126	-101.8212509155274	709.6267700195314	67.73922729492189	-102.5138549804688	756.3024291992189	84.40206146240236	-185.47998046875	671.1743164062501	20.7779541015625	-171.4044494628907	881.446472167969	15.00650119781494	-153.7259826660157	882.981628417969	37.49726867675782	-94.13436126708986	813.7913818359377	19.73310279846192	-40.31188201904298	579.2879638671876	1465.584350585938	-197.3734741210938	490.7770080566407	1213.591430664063	-208.6862335205079	745.5798339843751	1162.009643554688	-197.324935913086	697.0925292968751	1368.333251953125	-191.8007202148438	499.9029235839845	1247.031860351563	-329.6012878417969	523.5132446289064	1399.76123046875	-293.0740966796876	586.3391113281251	1407.818115234375	-379.0019836425782	643.0654296875001	1401.50244140625	-401.0530700683595	666.6840820312501	1097.938354492188	-476.8541564941407	634.3520507812501	1070.49951171875	-399.2977294921876	647.0550537109376	1049.807373046875	-469.4179992675782	868.9725341796877	926.230407714844	-442.6116027832032	824.0975341796877	899.077575683594	-500.8218078613282	947.2573242187502	865.1062622070315	-451.2427368164064	866.0905761718752	824.4009399414065	-505.8186950683595	482.420623779297	1230.255493164063	-90.68675231933595	517.3204956054689	1383.489501953125	-99.11724090576175	563.6265258789064	1385.80615234375	-15.28236484527588	606.1338500976564	1381.412719726563	11.39770030975342	550.1106567382814	1073.785400390625	67.82654571533205	527.2692260742189	1062.82861328125	-20.07165908813477	504.9723205566407	1035.003295898438	38.78914642333985	638.5206298828126	822.333679199219	38.69866561889649	586.5583496093751	825.7910156250002	96.61488342285159	658.5773315429689	720.8930053710939	59.34085083007814	570.2844238281251	748.1384277343751	106.3927536010742	
78	0.77	708.5662231445314	966.7043457031252	-337.7139282226563	519.0661010742189	972.5415039062502	-249.6766662597657	523.7296142578126	974.7222900390627	-148.3220825195313	716.6657104492189	974.617614746094	-85.49211883544923	634.7567749023439	880.6878051757815	-404.0542907714845	658.6940917968751	463.929168701172	-418.4153442382814	680.6145629882814	448.0432128906251	-283.6545715332032	604.1259765625001	427.0899353027345	-411.8635864257814	653.3658447265626	373.6985168457032	-366.8361206054688	316.9378051757813	235.5869445800782	-353.9326782226563	355.3640747070313	208.0986633300782	-271.7010803222657	257.9073181152344	250.2814483642579	-271.6214294433594	330.2084350585938	61.21155929565431	-301.1072082519532	344.5124511718751	79.46080780029298	-354.5798339843751	310.1499938964844	120.5975036621094	-398.8913879394532	666.1141357421876	878.507263183594	-20.71728134155274	762.6375122070314	471.3841247558595	-54.07935714721681	786.9946899414065	467.1407775878907	-184.3644714355469	749.8126220703126	415.5170898437501	-56.18541717529298	824.8804931640627	405.4791259765626	-101.766830444336	709.6747436523439	67.86544036865236	-102.664909362793	756.4309692382814	84.29228973388673	-185.6750640869141	671.1829223632814	20.73739051818848	-171.4981231689453	881.5118408203127	15.1669569015503	-153.9039611816407	883.070983886719	37.53087615966798	-94.15530395507814	813.805114746094	19.74713516235352	-40.42061233520509	591.1187133789064	1467.55908203125	-195.4098663330079	502.537567138672	1215.453247070313	-205.8545532226563	757.3850097656251	1163.848388671875	-196.3497619628907	708.9118041992189	1370.255004882813	-190.5413665771485	510.6802062988282	1248.670043945313	-326.4718017578126	534.6757812500001	1401.626586914063	-290.6723022460938	596.9298095703126	1409.4755859375	-377.0294189453126	653.4329833984376	1403.110961914063	-399.6123046875001	675.7415771484376	1098.910278320313	-473.6905517578126	643.5689697265626	1072.190551757813	-395.9107666015626	655.5717773437501	1051.216552734375	-465.9543762207032	875.809997558594	924.4364013671877	-440.764862060547	830.1109008789065	897.886169433594	-498.6400451660157	952.6734008789065	861.5611572265627	-449.0383300781251	870.5903930664065	822.178405761719	-503.1812133789064	495.2998352050782	1232.419921875	-87.18426513671876	529.8725585937501	1385.5498046875	-96.4340744018555	577.3762817382814	1387.798095703125	-12.72617149353028	619.8891601562501	1383.433715820313	13.30877017974854	568.3128051757814	1074.670043945313	70.01605224609376	543.9387817382814	1063.568725585938	-17.3735466003418	523.2080078125001	1035.28466796875	41.73454666137696	660.5846557617189	825.0222167968752	38.10699844360352	609.1010742187501	826.943542480469	96.55271911621097	683.7479248046876	724.2627563476564	58.04417800903322	594.7256469726564	748.5767822265626	105.7150039672852	
79	0.78	719.6549682617189	968.7019042968752	-336.3699645996094	530.5228271484376	974.2742919921877	-247.1494140625001	535.5305786132814	976.7292480468752	-145.8520050048828	728.7796630859376	976.1273193359377	-83.98542785644533	646.2133789062501	882.2377929687502	-401.5948791503907	682.3102416992189	466.5653381347657	-416.7235107421876	704.8123168945314	451.0083618164064	-281.6362915039063	628.3480224609376	429.9893798828126	-409.9454650878907	677.9750976562501	376.2649536132813	-364.8414916992188	340.2996520996094	240.6080322265626	-351.3472290039063	378.9327087402344	212.5795440673829	-269.2521972656251	281.2943725585938	254.5736083984376	-268.8263854980469	354.3224792480469	65.95669555664064	-300.0013427734376	368.4035034179688	84.43801879882814	-353.2993164062501	333.7568054199219	126.1650924682617	-397.0925292968751	678.2214355468751	880.281188964844	-19.11869239807129	767.0094604492189	471.1416015625001	-53.66070556640626	790.5001220703127	466.5718994140626	-184.201400756836	753.1586914062501	415.2561035156251	-55.91766357421876	827.9749755859377	404.5366210937501	-101.6808853149414	709.6646728515626	67.95968627929689	-102.7746887207032	756.5186157226564	84.17695617675783	-185.8257598876953	671.1000366210939	20.71384811401368	-171.5903930664063	881.523864746094	15.22475719451905	-154.0509033203125	883.064636230469	37.48867797851563	-94.19944000244142	813.765319824219	19.6669921875	-40.54138565063477	602.8706054687501	1469.487182617188	-193.5372619628907	514.1678466796876	1217.288696289063	-203.0662078857422	769.0447387695315	1165.624877929688	-195.5054626464844	720.6193847656251	1372.10205078125	-189.4131164550782	521.2447509765626	1250.25048828125	-323.2805175781251	545.7114257812501	1403.441284179688	-288.3184204101563	607.3447265625001	1411.051391601563	-375.1360473632813	663.6257934570314	1404.6083984375	-398.265838623047	684.5884399414064	1099.817749023438	-470.6668701171876	652.5155029296876	1073.785034179688	-392.7196655273439	663.8513183593751	1052.58251953125	-462.667449951172	882.1856689453127	922.4287719726565	-438.9583740234376	835.734069824219	896.5937500000002	-496.5757446289064	957.5458984375002	857.7576293945315	-446.8142395019532	874.6282348632815	819.8627929687502	-500.6867065429689	508.0377197265626	1234.638916015625	-83.7141571044922	542.3593139648439	1387.636108398438	-93.7826614379883	591.1704101562501	1389.798828125	-10.21296310424805	633.6857299804689	1385.467407226563	15.11272239685059	586.8171386718751	1075.599853515625	72.13972473144533	560.7876586914064	1064.291015625	-14.68989086151123	541.7513427734376	1035.581909179688	44.65556716918946	682.8715820312501	827.830017089844	37.37441635131837	631.9854736328126	828.2823486328127	96.44604492187503	709.0600585937501	727.7955932617189	56.54288864135744	619.5075073242189	749.2806396484376	105.0451431274414	
80	0.79	730.7326049804689	970.8604736328127	-335.0719299316407	541.9202880859376	976.1177368164065	-244.7080078125001	547.1868896484376	978.6699218750002	-143.5003204345703	740.7175292968751	977.5750122070315	-82.5049285888672	657.6082763671876	884.0439453125002	-399.2893676757814	705.6352539062501	469.6266479492189	-414.897918701172	728.6113891601564	454.5121459960939	-279.4657287597657	652.3773803710939	433.1987609863282	-407.899627685547	702.5139770507814	379.2698059082032	-362.6691589355469	364.4082946777344	244.3088989257813	-348.9526672363282	403.0787963867189	216.3105010986329	-266.8057556152344	304.9763488769532	257.2775268554688	-266.5594787597657	380.4130249023438	69.87691497802736	-298.1471252441407	394.2748107910157	88.5571975708008	-351.3704833984376	359.1738891601563	130.1125793457032	-394.9431152343751	690.1002197265626	881.9224853515627	-17.63767051696778	771.064392089844	470.9555969238282	-53.21245193481447	793.7601318359377	466.0449829101564	-184.0250854492188	756.2436523437501	415.0473937988282	-55.61412429809572	830.7491455078127	403.6783142089845	-101.5335006713867	709.6193237304689	68.0299530029297	-102.8425521850586	756.5723876953126	84.06517791748048	-185.9301910400391	670.9500122070314	20.71873664855957	-171.6718902587891	881.493591308594	15.18918991088868	-154.158935546875	882.992126464844	37.38357162475587	-94.24681091308595	813.6867675781252	19.51790428161621	-40.64731597900391	614.5416259765626	1471.350341796875	-191.7537994384766	525.6924438476564	1219.071899414063	-200.3375244140626	780.5879516601565	1167.363891601563	-194.7616882324219	732.2207031250001	1373.873901367188	-188.3970947265625	531.6568603515626	1251.7744140625	-320.0771789550782	556.6427612304689	1405.1875	-286.0191650390626	617.6199951171876	1412.548828125	-373.3119506835938	673.6815185546876	1406.00439453125	-396.9909057617189	693.2042236328126	1100.667236328125	-467.7843322753907	661.1729736328126	1075.29931640625	-389.7122192382814	671.8742065429689	1053.904418945313	-459.5533142089845	888.0964355468752	920.237487792969	-437.1962890625001	840.9582519531252	895.2131958007815	-494.6199951171876	961.885925292969	853.7412109375002	-444.607391357422	878.2058105468752	817.4854736328127	-498.3474121093751	520.6429443359376	1236.874145507813	-80.31984710693361	554.7693481445314	1389.715698242188	-91.18288421630861	604.9550170898439	1391.790161132813	-7.772974967956545	647.4861450195314	1387.498901367188	16.80340766906739	605.5988159179689	1076.579833984375	74.18995666503908	577.7995605468751	1065.005859375	-12.03357601165772	560.5867919921876	1035.89453125	47.53307723999024	705.3452758789064	830.7546997070315	36.48979187011719	655.2089843750001	829.8259887695315	96.30020904541018	734.4434814453126	731.4720458984376	54.81544494628908	644.6179199218751	750.2833862304689	104.4180374145508	
81	0.8	741.8439331054689	973.1489257812502	-333.7591857910157	553.2842407226564	978.041198730469	-242.3686981201172	558.7212524414064	980.5360107421877	-141.268051147461	752.4907226562501	978.9710083007815	-81.0120086669922	669.0387573242189	886.0646972656252	-397.1370849609376	728.6328735351564	473.0166931152345	-412.9568481445314	752.0465698242189	458.4244079589845	-277.1937866210938	676.1809692382814	436.6011352539064	-405.7480468750001	726.9488525390626	382.6338195800782	-360.3663330078126	389.2098388671876	246.6040344238282	-346.7225646972657	427.7750549316407	219.1933898925782	-264.3511962890626	328.9533996582032	258.3876037597657	-264.7513427734376	408.2703857421876	72.85308837890626	-295.5336608886719	421.9267578125001	91.68315887451173	-348.7638854980469	386.2239379882814	132.3579711914063	-392.4096984863282	701.7128906250001	883.3983154296877	-16.23695755004883	774.8209228515627	470.8313903808595	-52.72022628784181	796.8300781250002	465.5721130371095	-183.8137512207032	759.0844116210939	414.8943786621095	-55.26503372192384	833.2360839843752	402.9015502929689	-101.3050308227539	709.5578613281251	68.08416748046876	-102.8732986450196	756.5980224609376	83.96585083007814	-185.9900665283203	670.7579956054689	20.75965309143067	-171.7376098632813	881.4326171875002	15.08238315582276	-154.2247467041016	882.8800048828127	37.23748016357423	-94.28124237060548	813.5843505859377	19.32801818847657	-40.72016906738282	626.1307983398439	1473.12890625	-190.0581970214844	537.1357421875001	1220.7763671875	-197.6817169189454	792.0442504882815	1169.084350585938	-194.0860595703126	743.7228393554689	1375.568237304688	-187.4754333496094	541.9737548828126	1253.23779296875	-316.9085083007813	567.4910278320314	1406.845336914063	-283.7798156738282	627.7883911132814	1413.9658203125	-371.5479431152344	683.6311645507814	1407.304077148438	-395.7696228027345	701.5733642578126	1101.460205078125	-465.0429687500001	669.5295410156251	1076.745483398438	-386.8770446777345	679.6262817382814	1055.17822265625	-456.6071166992189	893.5461425781252	917.8891601562502	-435.480926513672	845.780700683594	893.753601074219	-492.7610168457032	965.7097167968752	849.5521240234377	-442.4503784179689	881.3292236328127	815.070983886719	-496.1680908203126	533.1308593750001	1239.083129882813	-77.03720092773439	567.0939941406251	1391.7529296875	-88.65357208251955	618.6760864257814	1393.750610351563	-5.437267780303956	661.2553710937501	1389.509399414063	18.37621498107911	624.6253051757814	1077.6142578125	76.1594696044922	594.9572143554689	1065.722045898438	-9.417440414428713	579.6914672851564	1036.22119140625	50.34777450561525	727.9667358398439	833.794860839844	35.44648361206055	678.7611083984376	831.5882568359377	96.11391448974612	759.8392944335939	735.2772216796876	52.84971237182619	670.0410156250001	751.6089477539064	103.8540802001953	
82	0.8100000000000001	753.0233764648439	975.5191650390627	-332.3788146972657	564.6355590820314	979.998229980469	-240.1483459472657	570.1543579101564	982.3170166015627	-139.1576232910157	764.1116333007814	980.3171997070315	-79.47287750244142	680.5888671875001	888.2432250976565	-395.1332397460939	751.2757568359376	476.6297302246095	-410.9167480468751	775.1442871093752	462.6168212890626	-274.8643493652344	699.7346191406251	440.0676574707032	-403.5081787109376	751.2482910156251	386.2705078125001	-357.9666137695313	414.6553955078126	247.4486236572266	-344.6088256835938	453.0050659179689	221.1438140869141	-261.8697509765626	353.2540588378907	257.9088745117188	-263.2939147949219	437.6969299316407	74.81905364990236	-292.2083740234376	451.1580200195314	93.74777221679689	-345.5049743652344	414.7276000976564	132.9117126464844	-389.4874267578126	713.0303955078126	884.6839599609377	-14.88160705566407	778.2933349609377	470.7708740234376	-52.17895126342775	799.7545166015627	465.1603393554689	-183.5542449951172	761.6890258789064	414.7971496582032	-54.87014389038087	835.4661254882815	402.2003479003907	-100.9864501953125	709.4945678710939	68.12960052490236	-102.8756332397461	756.6001586914064	83.88620758056642	-186.0100708007813	670.5471801757814	20.84050369262696	-171.7866973876953	881.351745605469	14.93278694152832	-154.2488708496094	882.7501220703127	37.07548904418946	-94.2909622192383	813.4707641601565	19.12397193908692	-40.74996185302735	637.6397705078126	1474.80224609375	-188.4493255615235	548.5208129882814	1222.376831054688	-195.1089782714844	803.4421997070315	1170.79541015625	-193.4458465576172	755.1343994140626	1377.179077148438	-186.6316833496094	552.2463989257814	1254.630615234375	-313.8148803710938	578.2760009765626	1408.392944335938	-281.6039733886719	637.8788452148439	1415.29345703125	-369.8361511230469	693.4987792968751	1408.505859375	-394.5897216796876	709.6873168945314	1102.1923828125	-462.442108154297	677.5817260742189	1078.127685546875	-384.204803466797	687.1004638671876	1056.396118164063	-453.8244628906251	898.5455322265627	915.4049072265627	-433.812469482422	850.205993652344	892.2191162109377	-490.9858703613282	969.0396728515627	845.2238769531252	-440.3695678710939	884.0108642578127	812.635437011719	-494.1461791992189	545.5210571289064	1241.22265625	-73.89239501953126	579.3283691406251	1393.71142578125	-86.21116638183595	632.2846069335939	1395.65625	-3.234340190887452	674.9633178710939	1391.4755859375	19.829008102417	643.8580932617189	1078.704711914063	78.04145812988283	612.2440795898439	1066.443725585938	-6.853497028350832	599.0362548828126	1036.5595703125	53.08130264282228	750.6940307617189	836.9494628906252	34.24310684204102	702.6212158203126	833.5762939453127	95.8797073364258	785.2003173828127	739.2008056640626	50.64404678344728	695.7555541992189	753.2694702148439	103.3578643798828	
83	0.8200000000000001	764.2938842773439	977.9088134765627	-330.8899230957032	575.9902343750001	981.9302368164065	-238.0645141601563	581.5052490234376	983.999206542969	-137.1743621826172	775.5933227539065	981.6070556640627	-77.86058044433595	692.3234863281251	890.511413574219	-393.2695617675782	773.5439453125002	480.3598632812501	-408.7924194335939	797.9148559570315	466.9725341796876	-272.5120849609376	723.0194091796876	443.4687500000001	-401.1927795410157	775.3809204101565	390.0927124023439	-355.4904785156251	440.7023010253907	246.8367004394532	-342.5482482910157	478.7622070312501	222.0932006835938	-259.3377075195313	377.9290161132813	255.8529357910157	-262.0531311035157	468.517547607422	75.75811004638673	-288.2706604003907	481.7771301269532	94.74639129638673	-341.6702880859376	444.514862060547	131.8663940429688	-386.2004699707032	724.0352172851564	885.763366699219	-13.54168128967286	781.4951782226565	470.7730712890626	-51.59167861938478	802.5689697265627	464.811737060547	-183.2415618896485	764.0631103515626	414.753631591797	-54.43687820434572	837.470153808594	401.5662841796876	-100.5790710449219	709.4391479492189	68.17260742187501	-102.8604278564453	756.5827636718751	83.8310012817383	-185.9971008300782	670.3366088867189	20.96170997619629	-171.821533203125	881.2600708007815	14.76967811584473	-154.2347106933594	882.6188964843752	36.9211654663086	-94.26879882812501	813.3557128906252	18.92783355712891	-40.73374557495118	649.0735473632814	1476.349609375	-186.9261474609375	559.8686523437501	1223.849365234375	-192.6270141601563	814.8077392578127	1172.493408203125	-192.8096313476563	766.4664306640626	1378.697021484375	-185.85107421875	562.5174560546876	1255.9365234375	-310.8284606933594	589.0165405273439	1409.807861328125	-279.4938659667969	647.9163208007814	1416.516723632813	-368.1706542968751	703.3029174804689	1409.600463867188	-393.444793701172	717.5451049804689	1102.852905273438	-459.9808654785157	685.3352661132814	1079.441772460938	-381.6888427734376	694.2978515625001	1057.546142578125	-451.2024230957032	903.1123657226565	912.799011230469	-432.1890258789064	854.2465820312502	890.6085205078127	-489.2815551757814	971.9034423828127	840.7832031250002	-438.3831787109376	886.2700195312502	810.1862792968752	-492.2725830078126	557.8348999023439	1243.251220703125	-70.90102386474611	591.4718017578126	1395.555908203125	-83.86894989013673	645.7414550781251	1397.480834960938	-1.187097311019898	688.5867309570314	1393.37109375	21.16267204284668	663.2544555664064	1079.849365234375	79.8296356201172	629.6462402343751	1067.16845703125	-4.352429389953614	618.5868530273439	1036.905883789063	55.71717071533205	773.4835205078127	840.2165527343752	32.88369369506837	726.7576293945314	835.7896728515627	95.58508300781251	810.4906005859377	743.2373046875001	48.20734024047853	721.7335815429689	755.2645263671876	102.9186706542969	
84	0.8300000000000001	775.6669921875002	980.2451171875002	-329.2661743164063	587.3593139648439	983.7717285156252	-236.1346740722657	592.7913208007814	985.564880371094	-135.3266296386719	786.9490356445315	982.8251953125002	-76.15638732910158	704.2845458984376	892.7954711914065	-391.5346984863282	795.4232177734377	484.1084899902345	-406.5972290039064	820.3491210937502	471.3923950195314	-270.1613159179688	746.0192871093751	446.6847229003907	-398.8103942871095	799.313903808594	394.017791748047	-352.9476318359376	467.3157348632814	244.7962493896485	-340.4707031250001	505.0485839843751	221.9899139404297	-256.7301635742188	403.0446166992189	252.2359771728516	-260.8844299316407	500.5851135253907	75.69583892822267	-283.8598632812501	513.6103515625001	94.7278518676758	-337.3778381347657	475.4332275390626	129.3791046142578	-382.5995178222657	734.7227783203126	886.6284790039065	-12.19419002532959	784.4433593750002	470.833953857422	-50.9678421020508	805.301452636719	464.5238037109376	-182.8778533935547	766.2155761718751	414.7600097656251	-53.97813034057619	839.2825927734377	400.9888610839845	-100.0935440063477	709.3966674804689	68.21850585937501	-102.8390350341797	756.5498046875001	83.80227661132814	-185.9595794677735	670.1406860351564	21.12044143676758	-171.8467712402344	881.1649169921877	14.61906433105469	-154.1875457763672	882.4969482421877	36.79322052001954	-94.21201324462892	813.2449951171877	18.75539016723633	-40.67388534545899	660.4408569335939	1477.75048828125	-185.4876708984375	571.1973876953126	1225.1728515625	-190.2412872314453	826.1624755859377	1174.160766601563	-192.1490936279297	777.732116699219	1380.108032226563	-185.1207733154297	572.8198242187501	1257.133178710938	-307.9721984863282	599.7306518554689	1411.067993164063	-277.4508972167969	657.9227294921876	1417.615234375	-366.5480346679688	713.0582885742189	1410.572143554688	-392.3335266113282	725.1536865234376	1103.426025390625	-457.6583557128907	692.8045654296876	1080.674560546875	-379.3249511718751	701.2277832031251	1058.61328125	-448.7396850585939	907.2705688476565	910.0786743164065	-430.606658935547	857.9224243164065	888.9155273437502	-487.6361694335939	974.3334960937502	836.249938964844	-436.5008239746095	888.1331787109377	807.722351074219	-490.532928466797	570.0933227539064	1245.132568359375	-68.06858062744142	603.5281982421876	1397.25439453125	-81.63668060302736	659.0203857421876	1399.197875976563	0.6894225478172303	702.1097412109376	1395.167602539063	22.38117218017578	682.7690429687501	1081.042846679688	81.51827239990236	647.1529541015626	1067.886474609375	-1.92344617843628	638.3052978515626	1037.254272460938	58.24134826660158	796.291442871094	843.5931396484377	31.37732887268067	751.1276855468751	838.2200927734377	95.21423339843751	835.6851196289065	747.3855590820314	45.5581169128418	747.9401855468751	757.5816040039064	102.5124893188477	
85	0.84	787.1439208984377	982.450134277344	-327.4969482421876	598.7495727539064	985.4564208984377	-234.3747558593751	604.0289306640626	986.9926757812502	-133.6247863769532	798.192565917969	983.9483032226565	-74.35043334960939	716.4904785156251	895.0215454101565	-389.9150695800782	816.9031982421877	487.7897033691407	-404.342987060547	842.4192504882815	475.7971496582032	-267.8263549804688	768.7186279296877	449.6137695312501	-396.3667602539064	823.0125732421877	397.9708251953126	-350.3409118652344	494.4699707031251	241.3826599121094	-338.3081359863282	531.8735351562501	220.799789428711	-254.0251007080079	428.6766357421876	247.0798950195313	-259.6484069824219	533.7809448242189	74.69061279296876	-279.1395568847657	546.5055541992189	93.78027343750001	-332.7732543945313	507.3518371582032	125.6494216918946	-378.7561035156251	745.1022338867189	887.2777099609377	-10.82417106628418	787.1604003906252	470.9465332031251	-50.32126998901369	807.975036621094	464.2898864746095	-182.47119140625	768.163269042969	414.8109130859376	-53.50998687744142	840.9431762695315	400.4559020996095	-99.54832458496097	709.3685913085939	68.27158355712892	-102.8219146728516	756.5057373046876	83.79941558837892	-185.9067993164063	669.9691162109376	21.31088829040528	-171.8681335449219	881.0715942382815	14.501051902771	-154.1136779785157	882.3901977539065	36.70362091064454	-94.12186431884767	813.1412353515627	18.61565589904786	-40.57626724243165	671.7543945312501	1478.985473632813	-184.1330718994141	582.5222778320314	1226.328857421875	-187.9554443359375	837.5227661132815	1175.766479492188	-191.4405364990235	788.946960449219	1381.394287109375	-184.4300994873047	583.1768798828126	1258.193603515625	-305.2594604492188	610.4355468750001	1412.152099609375	-275.4761962890626	667.9175415039064	1418.564697265625	-364.9674682617188	722.7781982421876	1411.399047851563	-391.258758544922	732.5272827148439	1103.891235351563	-455.4734802246095	700.0115356445314	1081.805786132813	-377.1107177734376	707.9071044921876	1059.57958984375	-446.4363403320314	911.0486450195315	907.2442626953127	-429.0598144531251	861.259704589844	887.1295166015627	-486.0395812988282	976.365417480469	831.6376953125002	-434.7231750488282	889.6329345703127	805.2348632812502	-488.9090881347657	582.3151855468751	1246.837280273438	-65.39192962646486	615.5057373046876	1398.779541015625	-79.5206985473633	672.1095581054689	1400.781494140625	2.389304637908936	715.5236816406251	1396.837036132813	23.49116897583008	702.3558349609376	1082.275756835938	83.10220336914064	664.7557373046876	1068.581298828125	0.4254974722862245	658.1514282226564	1037.597290039063	60.64250564575197	819.0769042968752	847.074890136719	29.73733711242676	775.6790161132815	840.8519287109377	94.75010681152345	860.7690429687502	751.6481933593751	42.72280502319337	774.3334960937502	760.1978149414064	102.1052551269532	
86	0.85	798.7176513671877	984.446716308594	-325.5866088867188	610.1638793945314	986.9236450195315	-232.7972869873047	615.2332153320314	988.258728027344	-132.0792236328125	809.338073730469	984.9467773437502	-72.4419631958008	728.9380493164064	897.1213989257815	-388.395477294922	837.975769042969	491.3328552246095	-402.0399169921876	864.0823364257815	480.1260681152345	-265.5128479003907	791.1008911132815	452.1770629882814	-393.8663330078126	846.440368652344	401.886199951172	-347.6703796386719	522.1494140625001	236.6715698242188	-336.0032043457032	559.2527465820314	218.5065002441407	-251.2071380615235	454.9051513671876	240.4149627685547	-258.2255859375001	568.0117797851564	72.82352447509767	-274.2805786132813	580.3337402343751	92.01534271240236	-328.0139465332032	540.1625366210939	120.896484375	-374.7554321289063	755.1952514648439	887.7141113281252	-9.424910545349123	789.676696777344	471.100311279297	-49.66818237304689	810.6094360351565	464.0997924804689	-182.0342102050782	769.9338989257815	414.8993530273439	-53.04962539672853	842.4971313476565	399.9535217285157	-98.96760559082034	709.3537597656251	68.33518218994142	-102.8177719116211	756.4560546875001	83.81954193115236	-185.8485717773438	669.8279418945314	21.52461051940918	-171.8914184570313	880.984069824219	14.4286060333252	-154.0198211669922	882.3006591796877	36.65698623657227	-94.00296783447267	813.044128417969	18.51132965087891	-40.44865036010743	683.0300292968751	1480.036865234375	-182.8618621826172	593.8552246093751	1227.302734375	-185.771469116211	848.899108886719	1177.2685546875	-190.6661682128907	800.1284790039065	1382.535034179688	-183.7706298828125	593.6028442382814	1259.088256835938	-302.6949768066407	621.1481323242189	1413.041259765625	-273.5712280273438	677.9185180664064	1419.3388671875	-363.4309082031251	732.4763793945314	1412.055053710938	-390.2262268066407	739.6860961914064	1104.2255859375	-453.4245605468751	706.9832763671876	1082.809692382813	-375.0445556640626	714.3588256835939	1060.426391601563	-444.2929077148439	914.4788818359377	904.2907714843752	-427.5415649414064	864.289001464844	885.2368774414065	-484.483612060547	978.0367431640627	826.954528808594	-433.0427856445314	890.806823730469	802.709167480469	-487.380828857422	594.5161132812501	1248.343994140625	-62.86170959472658	627.4162597656251	1400.109497070313	-77.52434539794923	685.0112304687501	1402.207763671875	3.91589903831482	728.8256835937501	1398.353637695313	24.50123405456544	721.9690551757814	1083.53515625	84.5769500732422	682.4476928710939	1069.2314453125	2.687188863754273	678.0843505859376	1037.926513671875	62.91194152832033	841.8044433593752	850.656433105469	27.98016738891602	800.351501464844	843.6639404296877	94.1765594482422	885.736022949219	756.0307617187501	39.73353576660157	800.8654785156252	763.0821533203126	101.6569747924805	
87	0.86	810.3748168945315	986.1644287109377	-323.5528259277344	621.6017456054689	988.1239013671877	-231.4095153808594	626.4183349609376	989.3385009765627	-130.6978912353516	820.4003906250002	985.7867431640627	-70.4390335083008	741.6056518554689	899.0367431640627	-386.9601440429689	858.6329345703127	494.6826171875001	-399.6960754394532	885.285583496094	484.3330688476564	-263.2195129394532	813.147155761719	454.3204650878907	-391.3139038085939	869.558776855469	405.7076416015626	-344.9365539550782	550.3493652343751	230.7522888183594	-333.5162048339844	587.2069091796876	215.1121215820313	-248.2706756591797	481.8106384277345	232.2841186523438	-256.5276184082032	603.2044067382814	70.18917846679689	-269.4453735351563	614.9876708984376	89.55379486083986	-323.2540283203126	573.7786254882814	115.3380966186524	-370.6884765625001	765.0345458984376	887.9429931640627	-7.997460365295412	792.0312500000002	471.2813110351564	-49.02534866333009	813.2229614257815	463.9407958984376	-181.5824127197266	771.5668945312502	415.0164794921876	-52.61356353759767	843.9937133789065	399.4663696289064	-98.37873077392581	709.3495483398439	68.41171264648439	-102.8331527709961	756.4082641601564	83.85801696777345	-185.7948150634766	669.7202758789064	21.75102424621582	-171.9217376708985	880.905456542969	14.40743350982666	-153.912582397461	882.2276000976565	36.65111541748048	-93.86244964599611	812.9516601562502	18.43988990783692	-40.29934310913087	694.2859497070314	1480.889282226563	-181.674072265625	605.2051391601564	1228.083740234375	-183.6899566650391	860.2959594726565	1178.617065429688	-189.8148803710938	811.2952880859377	1383.507690429688	-183.1363525390625	604.1041870117189	1259.786865234375	-300.2756652832032	631.8848266601564	1413.719482421875	-271.7384033203126	687.9425048828126	1419.911865234375	-361.9427490234376	742.1689453125001	1412.512451171875	-389.2430114746095	746.6550292968751	1104.405151367188	-451.5090332031251	713.7499389648439	1083.65869140625	-373.1245422363282	720.6104125976564	1061.134155273438	-442.3092651367189	917.5952148437502	901.2092285156252	-426.0443725585939	867.0437622070315	883.2224731445315	-482.9620361328126	979.3854980468752	822.2042236328127	-431.4456176757814	891.6951293945315	800.1269531250002	-485.9274902343751	606.7080078125001	1249.638916015625	-60.46509933471681	639.2744140625001	1401.228881835938	-75.6486053466797	697.7403564453126	1403.456298828125	5.280900478363038	742.0173339843751	1399.695922851563	25.42079544067384	741.5643310546876	1084.805419921875	85.93884277343751	700.2209472656251	1069.813232421875	4.854488849639893	698.0635986328126	1038.23193359375	65.04316711425783	864.4462890625002	854.331237792969	26.12414741516114	825.0796508789065	846.6306762695315	93.48032379150392	910.5864868164065	760.5407104492189	36.62573242187501	827.482849121094	766.1984252929689	101.1259536743164	
88	0.87	822.0987548828127	987.5445556640627	-321.4240417480469	633.0598754882814	989.0230102539065	-230.2118682861329	637.5964965820314	990.2089843750002	-129.4839477539063	831.3948364257815	986.4322509765627	-68.35787963867189	754.4583740234376	900.7230224609377	-385.5936584472657	878.8645019531252	497.7969970703126	-397.3168945312501	905.9721679687502	488.3809204101564	-260.9401550292969	834.835388183594	456.0130920410157	-388.7156372070314	892.327819824219	409.3869018554689	-342.1427307128907	579.0763549804689	223.7229003906251	-330.8297119140626	615.7610473632814	210.6383972167969	-245.2219696044922	509.4712829589845	222.7478790283204	-254.5045166015626	639.2997436523439	66.88869476318361	-264.7755126953126	650.3803100585939	86.51419830322267	-318.6316833496094	608.1325073242189	109.1745071411133	-366.6446228027344	774.6618652343752	887.9707641601565	-6.549643039703371	794.2711181640627	471.4720153808595	-48.4086265563965	815.8336181640627	463.7982788085939	-181.1327362060547	773.112487792969	415.1516418457032	-52.21633529663087	845.4840087890627	398.9776611328126	-97.80949401855472	709.3529663085939	68.50273895263673	-102.872543334961	756.3715820312501	83.9089813232422	-185.7552795410157	669.6477050781251	21.97816848754883	-171.9632568359375	880.8388671875002	14.43670654296875	-153.7982482910157	882.1690673828127	36.67828750610352	-93.7090301513672	812.861267089844	18.39504432678223	-40.13632965087891	705.5421142578126	1481.5302734375	-180.5703277587891	616.5779418945314	1228.664672851563	-181.7101745605469	871.7119140625002	1179.759155273438	-188.8825225830078	822.4669189453127	1384.289672851563	-182.5236968994141	614.6812133789064	1260.262084960938	-297.9925231933594	642.6614379882814	1414.174072265625	-269.9812011718751	698.0059814453126	1420.259521484375	-360.5094909667969	751.8751831054689	1412.74365234375	-388.3164978027345	753.4616699218751	1104.40673828125	-449.722625732422	720.3419189453126	1084.325927734375	-371.3472595214844	726.6920166015626	1061.684814453125	-440.4831848144532	920.432312011719	897.9890136718752	-424.5605773925782	869.5577392578127	881.0715332031252	-481.4701232910157	980.4486083984377	817.3872680664065	-429.9129028320314	892.3388671875002	797.4685058593752	-484.5292053222657	618.8991088867189	1250.71484375	-58.18861770629884	651.0969238281251	1402.128295898438	-73.89276123046876	710.3218994140626	1404.510864257813	6.502532958984377	755.1026611328126	1400.84814453125	26.25897026062012	761.0994873046876	1086.06884765625	87.18527984619142	718.0651855468751	1070.303344726563	6.919692993164064	718.0499877929689	1038.503662109375	67.03137207031251	886.9835205078127	858.092224121094	24.18827056884766	849.7955322265627	849.7246704101565	92.65243530273439	935.3244628906252	765.1859130859376	33.43574523925782	854.128356933594	769.5083007812502	100.4728546142578	
89	0.88	833.8713378906252	988.5444946289065	-319.2365417480469	644.5332641601564	989.603942871094	-229.1971740722657	648.7779541015626	990.851257324219	-128.4340209960938	842.337585449219	986.8479614257815	-66.22206115722658	767.4528198242189	902.150329589844	-384.2822570800782	898.6560668945315	500.6438598632814	-394.9046630859376	926.0852050781252	492.2350158691407	-258.6653137207032	856.1397705078127	457.2432250976564	-386.0795288085939	914.705749511719	412.8818664550782	-339.2958984375001	608.3475952148439	215.6873626708985	-327.9504089355469	644.9434204101564	205.1284332275391	-242.0800476074219	537.9616699218751	211.889144897461	-252.1469421386719	676.2475585937501	63.02563476562501	-260.3836669921876	686.4421386718751	83.00625610351564	-314.2601318359376	643.1724853515626	102.5785522460938	-362.7056884765626	784.125427246094	887.8035278320315	-5.094757080078126	796.4508056640627	471.6516418457032	-47.83185958862305	818.460144042969	463.656463623047	-180.7019348144532	774.6292724609377	415.2921447753907	-51.86960220336915	847.0174560546877	398.4698486328126	-97.28549957275393	709.3614501953126	68.60900115966798	-102.9388809204102	756.3573608398439	83.96590423583986	-185.7392578125	669.6110839843751	22.19377899169922	-172.0192108154297	880.7877197265627	14.5103120803833	-153.6825866699219	882.1226806640627	36.72708892822266	-93.55200195312501	812.7707519531252	18.36826896667481	-39.96682739257813	716.8184814453126	1481.95068359375	-179.5517883300782	627.9766845703126	1229.042358398438	-179.8303527832032	883.1409912109377	1180.642700195313	-187.871810913086	833.6626586914065	1384.859497070313	-181.9314727783203	625.3294067382814	1260.49072265625	-295.8320922851563	653.4931640625001	1414.396850585938	-268.3042907714844	708.1252441406251	1420.361938476563	-359.1387634277344	761.6176147460939	1412.723876953125	-387.4532165527345	760.1347656250001	1104.210083007813	-448.0591735839845	726.7883300781251	1084.788940429688	-369.7069091796876	732.6344604492189	1062.0625	-438.8092041015626	923.0240478515627	894.6199340820315	-423.0828857421876	871.863952636719	878.771423339844	-480.0041809082032	981.2609863281252	812.502380371094	-428.4233703613282	892.7777099609377	794.715759277344	-483.1679992675782	631.0945434570314	1251.570434570313	-56.02058792114259	662.9014282226564	1402.803955078125	-72.25509643554689	722.7882080078126	1405.359252929688	7.603103160858156	768.0869140625002	1401.801391601563	27.02347564697266	780.5347290039065	1087.305908203125	88.31499481201173	735.9660644531251	1070.681640625	8.874094009399416	738.0065917968751	1038.731201171875	68.87278747558595	909.4056396484377	861.9316406250002	22.19118690490723	874.4317016601565	852.9182739257815	91.68907928466798	959.9548339843752	769.9736328125002	30.19881629943848	880.741882324219	772.9736938476565	99.66402435302737	
90	0.89	845.6751708984377	989.1398925781252	-317.0315246582032	656.0166015625001	989.8674316406252	-228.3505859375001	659.9705810546876	991.2525634765627	-127.5373764038086	853.2451782226565	987.0019531250002	-64.06127929687501	780.5418090820315	903.3035888671877	-383.0148010253907	917.9866943359377	503.196746826172	-392.4581298828126	945.5709228515627	495.8579711914064	-256.3836364746094	877.0298461914065	458.0131225585939	-383.4149169921876	936.649108886719	416.1546630859376	-336.4061584472657	638.1906738281251	206.7552795410157	-324.9078369140626	674.7848510742189	198.6492614746094	-238.8762359619141	567.3519287109376	199.8177185058594	-249.4835662841797	714.0023193359376	58.70542144775392	-256.3501892089844	723.1190795898439	79.12937927246095	-310.2233581542969	678.8605346679689	95.69272613525392	-358.9416198730469	793.4783935546877	887.4470825195315	-3.650079965591432	798.630065917969	471.7974243164064	-47.30623245239259	821.122985839844	463.4991760253907	-180.3053894042969	776.1802368164065	415.4239196777345	-51.58171844482423	848.6390380859377	397.9250793457032	-96.82786560058597	709.3736572265626	68.73059844970705	-103.0341491699219	756.3783569335939	84.02217102050783	-185.7551574707032	669.6112670898439	22.38670539855957	-172.0923309326172	880.755798339844	14.61834335327149	-153.5706939697266	882.086364746094	36.78445053100587	-93.40023040771486	812.678894042969	18.35025405883789	-39.79722595214844	728.1346435546876	1482.144897460938	-178.6199951171875	639.4020385742189	1229.216918945313	-178.0480499267578	894.5735473632815	1181.221923828125	-186.7916259765625	844.9009399414065	1385.198364257813	-181.360824584961	636.0416259765626	1260.456909179688	-293.7787170410157	664.3945312500001	1414.3837890625	-266.7133483886719	718.3164062500001	1420.204345703125	-357.8388061523438	771.4214477539065	1412.43310546875	-386.6583251953126	766.7023315429689	1103.798950195313	-446.5098876953126	733.1150512695314	1085.031616210938	-368.1945495605469	738.4679565429689	1062.254516601563	-437.2775268554689	925.402526855469	891.094665527344	-421.6051635742189	873.9931640625002	876.3133544921877	-478.5610351562501	981.854675292969	807.5477294921877	-426.9555969238282	893.048034667969	791.8540649414065	-481.828338623047	643.2969360351564	1252.207397460938	-53.95299148559572	674.7058105468751	1403.256591796875	-70.73338317871095	735.1761474609376	1405.994262695313	8.606252670288088	780.9758911132815	1402.552856445313	27.71977424621583	799.8333740234377	1088.496337890625	89.32828521728517	753.9047241210939	1070.932739257813	10.70788478851319	757.8988647460939	1038.904663085938	70.56410980224611	931.7088012695315	865.8408813476565	20.15048027038575	898.923522949219	856.1848144531252	90.59171295166017	984.479919433594	774.9093017578127	26.94744873046876	907.262390136719	776.5590820312502	98.6737976074219	
91	0.9	857.494567871094	989.3260498046877	-314.8523864746094	667.5055541992189	989.8297119140627	-227.6506652832032	671.1800537109376	991.4075317382815	-126.7763595581055	864.1345214843752	986.8684082031252	-61.91002655029298	793.6778564453127	904.1800537109377	-381.7837829589844	936.827331542969	505.4310302734376	-389.9724731445314	964.3795166015627	499.205291748047	-254.0828704833985	897.4704589843752	458.3333435058595	-380.7318115234376	958.111755371094	419.1700439453126	-333.4856262207032	668.6416625976564	197.0438079833985	-321.7510070800782	705.3175048828126	191.2945861816407	-235.6524047851563	597.7078247070314	186.673828125	-246.5745544433594	752.5202636718751	54.03781890869142	-252.7239990234376	760.3696289062501	74.97583770751955	-306.5755615234376	715.1696166992189	88.63269805908205	-355.4084167480469	802.7761230468752	886.9069824218752	-2.235212564468384	800.8717041015627	471.8860168457032	-46.83999633789063	823.8443603515627	463.3102416992189	-179.9561004638672	777.829040527344	415.5319213867189	-51.35765838623048	850.386657714844	397.3262634277345	-96.45159149169925	709.3900756835939	68.86724090576173	-103.1600418090821	756.4477539062501	84.07160949707033	-185.8101806640625	669.6491088867189	22.54852676391602	-172.1854248046875	880.7473754882815	14.74863815307618	-153.4669189453125	882.0585937500002	36.83757400512696	-93.2612762451172	812.586120605469	18.33213806152344	-39.63325119018555	739.5088500976564	1482.110595703125	-177.7767333984375	650.8527221679689	1229.191772460938	-176.360595703125	905.9987792968752	1181.46044921875	-185.6561126708985	856.198913574219	1385.291870117188	-180.8149719238282	646.8092041015626	1260.153076171875	-291.8164062500001	675.3788452148439	1414.135375976563	-265.2144165039063	728.5949707031251	1419.7783203125	-356.6173095703126	781.3132934570315	1411.857421875	-385.9351501464845	773.1904907226565	1103.162719726563	-445.0632629394532	739.3446655273439	1085.046752929688	-366.7977905273438	744.2208251953126	1062.25244140625	-435.8733215332032	927.5979003906252	887.410339355469	-420.1228027343751	875.9735107421877	873.693786621094	-477.1378479003907	982.258239746094	802.5222778320315	-425.4898986816407	893.181823730469	788.8750610351565	-480.4976196289064	655.5078125000001	1252.630004882813	-51.98255157470705	686.5272827148439	1403.491088867188	-69.32535552978517	747.5238647460939	1406.412719726563	9.534240722656252	793.7756347656252	1403.105712890625	28.35063552856446	818.9617309570315	1089.61962890625	90.22718048095705	771.858581542969	1071.047485351563	12.41041564941407	777.6948242187502	1039.014892578125	72.10206604003908	953.893005371094	869.810729980469	18.08225440979004	923.2119750976565	859.5001220703127	89.36642456054689	1008.897277832031	779.9954223632815	23.71026039123536	933.629089355469	780.232604980469	97.48577880859378	
92	0.91	869.3167724609377	989.1162109375002	-312.7423400878907	678.9984130859376	989.5190429687502	-227.0710144042969	682.4107666015626	991.3187255859377	-126.1278686523438	875.0224609375002	986.4295654296877	-59.80597305297853	806.8159179687502	904.785827636719	-380.5860595703126	955.1397094726565	507.320526123047	-387.4398193359376	982.4644775390627	502.2231750488282	-251.7499389648438	917.4213867187502	458.2179260253907	-378.0397033691407	979.0449829101565	421.8945312500001	-330.5467529296876	699.7429199218751	186.6813049316407	-318.5427551269532	736.5732421875001	183.1874084472657	-232.4581909179688	629.0900878906251	172.6304779052735	-243.5020446777344	791.7574462890627	49.14185333251955	-249.526351928711	798.1626586914065	70.63758850097658	-303.3438415527344	752.0819091796876	81.49597167968751	-352.1474304199219	812.0737915039065	886.1890258789065	-0.8702824115753176	803.2385253906252	471.8953857421876	-46.43855667114259	826.6484375000002	463.0741271972657	-179.6639862060547	779.635681152344	415.6013183593751	-51.1992645263672	852.2900390625002	396.6582946777345	-96.1647872924805	709.4133300781251	69.01875305175783	-103.3184890747071	756.5783691406251	84.1091766357422	-185.909912109375	669.7257690429689	22.6751766204834	-172.3021087646485	880.7662353515627	14.8882122039795	-153.3746795654297	882.0384521484377	36.87550354003907	-93.14068603515626	812.4939575195315	18.30649375915528	-39.48032379150391	750.9571533203126	1481.849365234375	-177.0237121582032	662.3262939453126	1228.973266601563	-174.765869140625	917.4063720703127	1181.3349609375	-184.4835205078125	867.5715942382815	1385.130493164063	-180.2989807128907	657.6237792968751	1259.580688476563	-289.9306945800782	686.4583740234376	1413.65625	-263.8136291503907	738.9755249023439	1419.08203125	-355.4808654785157	791.3191528320315	1410.990478515625	-385.285369873047	779.6221313476565	1102.297485351563	-443.7048645019532	745.4968872070314	1084.836303710938	-365.5003967285157	749.9187011718751	1062.05322265625	-434.5764770507814	929.6382446289065	883.5703125000002	-418.6333312988282	877.8302001953127	870.915710449219	-475.7318420410157	982.4969482421877	797.4271240234377	-424.0100097656251	893.2056884765627	785.7775878906252	-479.1660461425782	667.7280883789064	1252.843017578125	-50.11101531982423	698.3818969726564	1403.514892578125	-68.02893066406251	759.8682861328126	1406.615234375	10.40556430816651	806.4937133789065	1403.46728515625	28.9161548614502	837.8892822265627	1090.655517578125	91.01539611816408	789.801940917969	1071.022216796875	13.97076797485352	797.364929199219	1039.053100585938	73.48323059082033	975.9583129882815	873.8309326171877	16.0009765625	947.2451171875002	862.8430175781252	88.02285003662111	1033.19775390625	785.230651855469	20.51133918762207	959.783142089844	783.966491699219	96.09296417236331	
93	0.92	881.1323852539065	988.539489746094	-310.7422790527344	690.4975585937501	988.971374511719	-226.5828094482422	693.6665649414064	990.9961547851565	-125.5656890869141	885.9257812500002	985.6780395507815	-57.78812789916994	819.914978027344	905.131530761719	-379.4231262207032	972.8758544921877	508.835662841797	-384.8498840332032	999.7811279296877	504.8485107421876	-249.3712005615235	936.837585449219	457.6809997558595	-375.3466186523438	999.3970947265627	424.2966308593751	-327.6007385253907	731.5395507812501	175.8118438720703	-315.3533630371094	768.5805664062502	174.4819488525391	-229.347396850586	661.5531005859376	157.8941497802735	-240.3592376708985	831.667907714844	44.15201568603516	-246.7561035156251	836.4735107421877	66.2151565551758	-300.5328674316407	789.5865478515627	74.37361145019533	-349.1858215332032	821.4238281250002	885.299987792969	0.4258823990821839	805.790222167969	471.8070373535157	-46.10474014282227	829.5615234375002	462.7767944335939	-179.4355926513672	781.652770996094	415.6186523437501	-51.10575103759767	854.3704833984377	395.9091186523439	-95.96858978271486	709.4483642578126	69.18574523925783	-103.5119171142578	756.7816162109376	84.13157653808595	-186.0580596923828	669.8427124023439	22.76828575134278	-172.4473266601563	880.8154296875002	15.02448844909668	-153.2962646484375	882.025573730469	36.8901710510254	-93.0416946411133	812.4048461914065	18.26804161071778	-39.34387969970704	762.4932861328126	1481.365966796875	-176.3623809814453	673.8198242187501	1228.569702148438	-173.2629547119141	928.7893676757815	1180.836791992188	-183.2951354980469	879.0315551757815	1384.71044921875	-179.8193664550782	668.4787597656251	1258.750366210938	-288.1102600097657	697.6437988281251	1412.954956054688	-262.5165100097657	749.4714965820314	1418.12060546875	-354.4344482421876	801.4627075195315	1409.833862304688	-384.709197998047	786.016052246094	1101.206420898438	-442.4175415039064	751.5903320312501	1084.411499023438	-364.2825317382813	755.5844116210939	1061.658813476563	-433.3616333007814	931.5498046875002	879.5850219726565	-417.1366271972657	879.5862426757815	867.989196777344	-474.3404235839845	982.5926513671877	792.266540527344	-422.5043029785157	893.1413574218752	782.5692138671877	-477.8267211914064	679.9591064453126	1252.851684570313	-48.34468460083009	710.2841796875001	1403.337158203125	-66.84241485595705	772.2421875000002	1406.606201171875	11.23317623138428	819.139831542969	1403.647094726563	29.41416931152344	856.589294433594	1091.58544921875	91.69807434082033	807.7073974609377	1070.858764648438	15.37848377227784	816.8818359375002	1039.011596679688	74.70403289794923	997.901062011719	877.8901977539065	13.91947364807129	970.9793090820315	866.1951293945315	86.57268524169923	1057.364624023438	790.609558105469	17.37001609802246	985.6689453125002	787.737243652344	94.49704742431642	
94	0.93	892.935974121094	987.636901855469	-308.8892517089844	702.0101318359376	988.2250976562502	-226.1575469970704	704.9517211914064	990.455749511719	-125.0635147094727	896.8608398437502	984.617614746094	-55.89473342895509	832.9388427734377	905.2272949218752	-378.3009338378907	989.9792480468752	509.943084716797	-382.1913452148438	1016.284790039063	507.0113830566407	-246.9322814941407	955.670593261719	456.7351074218751	-372.6582641601563	1019.114013671875	426.3479309082032	-324.6563110351563	764.0745239257814	164.599349975586	-312.2537841796876	801.3606567382815	165.363998413086	-226.3739166259766	695.1421508789064	142.7031555175782	-237.2396392822266	872.2010498046877	39.22428131103516	-244.3950805664063	875.2803344726565	61.82658004760744	-298.1300048828126	827.676208496094	67.36273193359376	-346.5375976562501	830.8732910156252	884.2488403320315	1.63742220401764	808.579528808594	471.6077880859376	-45.83918762207032	832.6115722656252	462.406463623047	-179.2739562988282	783.9229736328127	415.5730895996095	-51.07436752319337	856.6422119140627	395.0711669921876	-95.85793304443361	709.5020751953126	69.37050628662111	-103.7432708740235	757.0664062500001	84.13804626464845	-186.2564697265625	670.0014648437501	22.83601188659668	-172.6278686523438	880.8961181640627	15.14628410339356	-153.2327575683594	882.019470214844	36.87689590454102	-92.96510314941408	812.3210449218752	18.21416091918946	-39.22961425781251	774.1282348632815	1480.66796875	-175.7938232421875	685.3311157226564	1227.991088867188	-171.8528747558594	940.1462402343752	1179.972778320313	-182.114013671875	890.5888671875002	1384.033813476563	-179.3837127685547	679.3704223632814	1257.680786132813	-286.3481750488282	708.9443969726564	1412.043090820313	-261.3276977539063	760.0946044921876	1416.905883789063	-353.4811706542969	811.7639160156252	1408.3974609375	-384.2060852050782	792.386901855469	1099.899780273438	-441.181610107422	757.6448974609376	1083.79150390625	-363.1208801269532	761.2376098632814	1061.077026367188	-432.1986694335939	933.3582153320315	875.4721679687502	-415.6352844238282	881.262634277344	864.9316406250002	-472.961151123047	982.5646972656252	787.049011230469	-420.966278076172	893.006042480469	779.2659912109377	-476.4751892089845	692.2031250000001	1252.6611328125	-46.69340133666993	722.2469482421876	1402.96826171875	-65.76458740234376	784.6721191406252	1406.392822265625	12.02343463897705	831.7272949218752	1403.655883789063	29.84099197387696	875.0383300781252	1092.392822265625	92.2812957763672	825.5472412109377	1070.56298828125	16.62430763244629	836.2200927734377	1038.883544921875	75.76097106933595	1019.711364746094	881.9759521484377	11.84893131256104	994.3798828125002	869.5408325195315	85.02818298339845	1081.3740234375	796.1221923828127	14.30102825164795	1011.235168457031	791.5244750976565	92.7069778442383	
95	0.9400000000000001	904.7265625000002	986.4565429687502	-307.2147521972657	713.5484619140626	987.3162231445315	-225.7698822021485	716.2716064453126	989.7175903320315	-124.5979614257813	907.8435058593752	983.2634277343752	-54.16099929809572	845.857116699219	905.0791015625002	-377.2294311523438	1006.38720703125	510.6068420410157	-379.4534301757813	1031.930297851563	508.6393127441407	-244.4181671142579	973.8701782226565	455.3911132812501	-369.9775695800782	1038.141357421875	428.0252990722657	-321.7194213867188	797.3818359375002	153.2300262451172	-309.3095397949219	834.921569824219	156.0489196777344	-223.5875854492188	729.8883056640626	127.3233795166016	-234.2277221679688	913.2983398437502	34.54044723510743	-242.4125671386719	914.5579833984377	57.61458587646486	-296.1098632812501	866.3428344726565	60.5773162841797	-344.2045898437501	840.4614868164065	883.0469970703127	2.752734899520874	811.649353027344	471.291229248047	-45.64073181152344	835.8280029296877	461.954803466797	-179.1787719726563	786.4766235351565	415.4580383300782	-51.10115814208986	859.1142578125002	394.1420288085939	-95.82279205322267	709.5829467773439	69.57797241210939	-104.0157699584961	757.4390869140626	84.13098907470705	-186.5052795410157	670.2043457031251	22.89328002929688	-172.8523864746094	881.0070800781252	15.24451732635498	-153.1840362548828	882.0194091796877	36.83435058593751	-92.90965270996095	812.243591308594	18.14519309997559	-39.14358139038087	785.8701171875002	1479.765747070313	-175.3186798095703	696.8595581054689	1227.24853515625	-170.5392150878907	951.4824829101565	1178.763671875	-180.9639587402344	902.2509765625002	1383.1083984375	-179.0001678466797	690.2994384765626	1256.396240234375	-284.6426391601563	720.3677978515626	1410.93505859375	-260.2505493164063	770.8548583984377	1415.455200195313	-352.6224975585938	822.237243652344	1406.698608398438	-383.7752685546876	798.7451171875002	1098.395141601563	-439.9754943847657	763.6843261718751	1083.001708984375	-361.9892272949219	766.8953247070314	1060.32080078125	-431.0535888671876	935.0893554687502	871.2567138671877	-414.134735107422	882.8794555664065	861.7673950195315	-471.5918884277345	982.4305419921877	781.787536621094	-419.3948974609376	892.8137207031252	775.8923950195315	-475.1090698242189	704.4638671875001	1252.276611328125	-45.16916656494141	734.2807617187501	1402.4189453125	-64.79476928710939	797.176452636719	1405.984741210938	12.77585506439209	844.2733154296877	1403.5029296875	30.19220733642579	893.2174072265627	1093.063842773438	92.77147674560548	843.2944335937502	1070.143310546875	17.7008228302002	855.356140136719	1038.662719726563	76.6509475708008	1041.371459960938	886.0742187500002	9.798853874206545	1017.420104980469	872.8662109375002	83.40089416503908	1105.1953125	801.754089355469	11.31494903564453	1036.435424804688	795.3103027343752	90.73721313476564	
96	0.9500000000000001	916.5081176757815	985.0484619140627	-305.7434997558594	725.1288452148439	986.2747192382815	-225.4002075195313	727.6331787109376	988.8037719726565	-124.1513748168946	918.8892822265627	981.6414794921877	-52.61678695678712	858.645202636719	904.685241699219	-376.2211303710938	1022.03466796875	510.7908935546876	-376.6275024414063	1046.673583984375	509.6633300781251	-241.8135681152344	991.387390136719	453.6594543457032	-367.3044128417969	1056.426879882813	429.3133239746095	-318.7932434082032	831.4782714843752	141.9119567871094	-306.5752563476563	869.2503051757815	146.7765350341797	-221.0301666259766	765.8017578125001	112.0406494140625	-231.3917694091797	954.8881835937502	30.30901908874512	-240.7681732177735	954.271423339844	53.74995803833009	-294.4374694824219	905.5715332031252	54.15511703491212	-342.1769104003907	850.2186279296877	881.7092895507815	3.765207290649415	815.0299072265627	470.8587036132814	-45.50671386718751	839.2408447265627	461.417938232422	-179.1466979980469	789.330749511719	415.2721252441407	-51.18170166015626	861.7927856445315	393.125213623047	-95.84962463378908	709.7003784179689	69.81654357910158	-104.3325271606446	757.9028320312501	84.11659240722658	-186.8031768798828	670.4540405273439	22.96150207519532	-173.1311645507813	881.144226074219	15.31269454956055	-153.1489715576172	882.024108886719	36.76413345336915	-92.8724822998047	812.171569824219	18.06455802917481	-39.09202957153321	797.7244262695315	1478.671630859375	-174.937240600586	708.4072265625001	1226.353393554688	-169.328369140625	962.8120727539065	1177.2431640625	-179.8685760498047	914.0228271484377	1381.947387695313	-178.6770477294922	701.2716064453126	1254.92529296875	-282.9974060058594	731.9199218750001	1409.646728515625	-259.2875061035157	781.7606201171877	1413.791137695313	-351.8588256835938	832.8914184570315	1404.76123046875	-383.4164733886719	805.097839355469	1096.715698242188	-438.7766113281251	769.7388305664065	1082.070922851563	-360.8590087890626	772.5725708007815	1059.407592773438	-429.8898925781251	936.7703857421877	866.9696044921877	-412.6430969238282	884.456237792969	858.5267333984377	-470.2308044433595	982.2070312500002	776.5000000000002	-417.7942810058595	892.5764770507815	772.4800415039065	-473.7274475097657	716.7463378906251	1251.704223632813	-43.78472137451173	746.3940429687501	1401.699951171875	-63.93292617797853	809.7649536132815	1405.39404296875	13.48355865478516	856.799011230469	1403.196044921875	30.46339416503907	911.1116943359377	1093.588134765625	93.17459106445314	860.9233398437502	1069.609375	18.60290336608887	874.268005371094	1038.343139648438	77.37164306640626	1062.855712890625	890.1697387695315	7.776963233947756	1040.080200195313	876.1579589843752	81.70079040527345	1128.792724609375	807.4863891601565	8.418779373168947	1061.228881835938	799.0780029296877	88.60578918457033	
97	0.96	928.2894287109377	983.4598388671877	-304.4924316406251	736.7700805664064	985.1217041015627	-225.0365295410157	739.0447998046876	987.7359619140627	-123.7139587402344	930.012634277344	979.7866821289065	-51.2844924926758	871.2854614257815	904.035339355469	-375.2899169921876	1036.859619140625	510.4630126953126	-373.7087707519532	1060.475830078125	510.0252685546876	-239.103744506836	1008.178405761719	451.552459716797	-364.6358337402344	1073.924926757813	430.2074279785157	-315.8792114257813	866.353942871094	130.8706207275391	-304.0906677246094	904.304870605469	137.8023529052735	-218.7318572998047	802.8626708984377	97.14978790283206	-228.7796020507813	996.8786621093752	26.76131057739259	-239.4131927490235	994.3671875000002	50.42961502075197	-293.0700073242188	945.332214355469	48.25897598266603	-340.4332275390626	860.1651611328127	880.2539672851565	4.673292160034181	818.7370605468752	470.319549560547	-45.43317794799805	842.879821777344	460.7972106933595	-179.1719055175782	792.489196777344	415.0202941894532	-51.31166076660158	864.6826171875002	392.0298156738282	-95.9227752685547	709.8636474609376	70.09872436523439	-104.6960983276367	758.4579467773439	84.10521697998048	-187.1475372314453	670.7537841796876	23.06789779663086	-173.4752349853516	881.300964355469	15.34719944000244	-153.1256866455078	882.031677246094	36.67018508911134	-92.84970855712892	812.1014404296877	17.9786376953125	-39.0810890197754	809.6939697265627	1477.399169921875	-174.6496887207032	719.9797363281251	1225.31689453125	-168.2295074462891	974.156921386719	1175.454223632813	-178.8502349853516	925.9072875976565	1380.568603515625	-178.4225158691407	712.2986450195314	1253.297241210938	-281.4215393066407	743.6050415039064	1408.19482421875	-258.4400329589844	792.8188476562502	1411.939697265625	-351.1900024414063	843.729187011719	1402.615112304688	-383.1304321289063	811.4505004882815	1094.89013671875	-437.5624389648439	775.846130371094	1081.029663085938	-359.7005004882813	778.2830200195315	1058.359130859375	-428.6703186035157	938.4304809570315	862.646179199219	-411.1710815429689	886.0124511718752	855.2443847656252	-468.8761596679689	981.911560058594	771.208923339844	-416.1734619140626	892.3059082031252	769.0657348632815	-472.3301391601564	729.0567626953126	1250.951171875	-42.55222702026368	758.5929565429689	1400.821411132813	-63.17978286743165	822.4383544921877	1404.634521484375	14.13429355621338	869.3281250000002	1402.740844726563	30.65059089660645	928.7111816406252	1093.958740234375	93.49555969238283	878.4102172851565	1068.970947265625	19.32798957824707	892.935729980469	1037.919311523438	77.92190551757814	1084.131713867188	894.2461547851565	5.789098262786866	1062.34521484375	879.4018554687502	79.93592834472658	1152.127075195313	813.296325683594	5.616600036621095	1085.580200195313	802.8110351562502	86.33258056640626	
98	0.97	940.084167480469	981.730895996094	-303.4698486328126	748.4915161132814	983.8688964843752	-224.6756744384766	750.5162963867189	986.5339965820315	-123.284912109375	941.2276611328127	977.740661621094	-50.17737579345705	883.7673339843752	903.1107177734377	-374.4490051269532	1050.81005859375	509.5990600585939	-370.6976013183594	1073.310302734375	509.6852416992189	-236.2758941650391	1024.209106445313	449.0868225097657	-361.9664611816407	1090.601318359375	430.7162170410157	-312.9779968261719	901.9617309570315	120.3403091430664	-301.8778381347657	940.0046386718752	129.3849792480469	-216.7083892822266	841.0104980468752	82.9406204223633	-226.4168548583985	1039.149169921875	24.14149475097657	-238.2908630371094	1034.763549804688	47.8683204650879	-291.9570617675782	985.570007324219	43.07155990600587	-338.9405212402344	870.3115844726565	878.7026367187502	5.479947090148927	822.7717895507815	469.690887451172	-45.41503906250001	846.7730102539065	460.099578857422	-179.2464599609375	795.9433593750002	414.7142333984376	-51.48701477050783	867.7884521484377	390.8703613281251	-96.0256042480469	710.0809936523439	70.4413299560547	-105.1078338623047	759.1020507812501	84.11155700683595	-187.534423828125	671.1065673828126	23.24457550048828	-173.8950653076172	881.468444824219	15.3474702835083	-153.1119384765625	882.0396118164065	36.55815887451173	-92.83703613281251	812.0273437500002	17.89638710021973	-39.11618423461915	821.7793579101565	1475.963012695313	-174.4563598632813	731.5864868164064	1224.149047851563	-167.2541198730469	985.545593261719	1173.445556640625	-177.9293212890625	937.9052734375002	1378.993041992188	-178.2442932128907	723.3977661132814	1251.540283203125	-279.9288940429688	755.4258422851564	1406.595947265625	-257.7092590332032	804.0357055664065	1409.929443359375	-350.6160278320313	854.747985839844	1400.293212890625	-382.9193420410157	817.8081665039065	1092.950439453125	-436.3120117187501	782.0518798828127	1079.907104492188	-358.4841308593751	784.0401000976565	1057.199951171875	-427.3589477539064	940.101257324219	858.324157714844	-409.7312622070314	887.5679931640627	851.9580078125002	-467.5262145996095	981.5635986328127	765.9403076171876	-414.5456848144532	892.0144653320315	765.6896972656251	-470.9168701171876	741.4022827148439	1250.026123046875	-41.48228454589844	770.8809814453127	1399.793212890625	-62.53697967529298	835.189880371094	1403.720336914063	14.71184635162354	881.884948730469	1402.140747070313	30.75044059753419	946.010681152344	1094.171875	93.73784637451173	895.7336425781252	1068.236328125	19.87617874145508	911.3411254882815	1037.385986328125	78.30207824707033	1105.16259765625	898.2858886718752	3.839178562164308	1084.202880859375	882.5820922851565	78.11253356933595	1175.157348632813	819.1573486328127	2.91021203994751	1109.45947265625	806.4927368164065	83.93779754638673	
99	0.98	951.910339355469	979.8916015625002	-302.6751708984376	760.3107910156251	982.519226074219	-224.3234863281251	762.0585327148439	985.2147216796877	-122.8725662231446	952.5473632812502	975.549255371094	-49.29867553710939	896.0886230468752	901.8867187500002	-373.7095642089844	1063.851806640625	508.187713623047	-367.6007690429688	1085.17138671875	508.6289978027345	-233.3209991455079	1039.460815429688	446.2864379882814	-359.2891235351563	1106.439086914063	430.8630981445314	-310.0907897949219	938.2073974609377	110.551254272461	-299.9397277832032	976.222351074219	121.7703933715821	-214.9591369628907	880.1326904296877	69.6819534301758	-224.3075866699219	1081.541870117188	22.69034194946289	-237.3363189697266	1075.341186523438	46.28373718261719	-291.0402832031251	1026.194580078125	38.78337097167969	-337.6543273925782	880.6592407226565	877.079772949219	6.191545486450197	827.1215820312502	468.9966125488282	-45.44609832763673	850.9458618164065	459.3376464843751	-179.3608703613282	799.6750488281252	414.3723754882814	-51.70389938354494	871.1150512695315	389.6654663085939	-96.14125061035159	710.3588867187501	70.86519622802736	-105.5671844482422	759.8309326171876	84.15447998046876	-187.9580993652344	671.5139160156251	23.52741622924805	-174.3984985351563	881.636413574219	15.31609630584717	-153.1055145263672	882.045104980469	36.4349594116211	-92.83005523681642	811.9419555664065	17.82861709594727	-39.20134353637696	833.9790039062502	1474.3779296875	-174.358139038086	743.2407836914064	1222.859252929688	-166.4151000976563	997.0108642578127	1171.268188476563	-177.12353515625	950.0166015625002	1377.244506835938	-178.1495971679688	734.5914916992189	1249.678833007813	-278.5370788574219	767.3835449218751	1404.8662109375	-257.0964660644532	815.4168701171877	1407.789794921875	-350.1376647949219	865.9409790039065	1397.830810546875	-382.7870178222657	824.1781005859377	1090.930297851563	-435.0073547363282	788.4079589843752	1078.730224609375	-357.1822814941407	789.8579101562502	1055.956665039063	-425.9237365722657	941.8164672851565	854.0413818359377	-408.3376464843751	889.1428222656252	848.705993652344	-466.1788940429689	981.185729980469	760.7227783203126	-412.9277343750001	891.7166748046877	762.3931274414064	-469.4864807128907	753.7905883789064	1248.93896484375	-40.58336257934571	783.2593994140627	1398.62451171875	-62.00722503662111	848.006774902344	1402.666381835938	15.19766521453858	894.492370605469	1401.39794921875	30.76005744934083	963.009460449219	1094.226806640625	93.90331268310548	912.8746337890627	1067.412475585938	20.25018501281739	929.4683227539065	1036.737670898438	78.51435852050783	1125.909301757813	902.2705078125002	1.929284811019898	1105.6416015625	885.6802368164065	76.23552703857423	1197.842407226563	825.0400390625002	0.2996875941753388	1132.841674804688	810.1055297851565	81.44093322753908	
100	0.99	963.7890625000002	977.9605102539065	-302.0993347167969	772.2422485351565	981.069274902344	-223.9940948486329	773.6828613281252	983.791442871094	-122.4933319091797	963.9844360351565	973.2593383789065	-48.64157104492189	908.255554199219	900.3372192382815	-373.0791015625001	1075.977416992188	506.234832763672	-364.4317016601563	1096.084228515625	506.8737792968751	-230.2360076904297	1053.934936523438	443.1844177246095	-356.5959167480469	1121.44384765625	430.686248779297	-307.2202148437501	974.9407958984377	101.7138977050782	-298.2601928710938	1012.777526855469	115.1740264892578	-213.4663543701172	920.0534667968752	57.60504531860353	-222.4364471435547	1123.853271484375	22.62308502197266	-236.477035522461	1115.93408203125	45.87553405761719	-290.2531738281251	1067.068481445313	35.57486724853516	-336.5190429687501	891.201843261719	875.4119262695315	6.816475391387941	831.7628173828127	468.2661743164064	-45.51901245117188	855.420104980469	458.5287475585939	-179.5042114257813	803.659362792969	414.0190734863282	-51.95795059204103	874.666687011719	388.4367065429689	-96.25295257568362	710.7012329101564	71.39447021484376	-106.0707473754883	760.6392211914064	84.25660705566408	-188.4102478027344	671.9748535156251	23.95479393005371	-174.9884796142578	881.7946777343752	15.25881576538086	-153.1043853759766	882.0456542968752	36.30841445922852	-92.82442474365236	811.8379516601565	17.78693962097168	-39.33838272094727	846.289978027344	1472.658935546875	-174.3567199707032	754.9590454101564	1221.455322265625	-165.7255554199219	1008.58642578125	1168.971313476563	-176.4474639892578	962.2402343750002	1375.347534179688	-178.1451110839844	745.9054565429689	1247.73291015625	-277.2661437988282	779.4780883789065	1403.020629882813	-256.6034545898438	826.9678344726565	1405.550048828125	-349.7569580078126	877.2984008789065	1395.263427734375	-382.7387084960938	830.571716308594	1088.864013671875	-433.6350402832032	794.9700317382815	1077.522338867188	-355.7712707519532	795.752136230469	1054.656860351563	-424.338836669922	943.611755371094	849.833435058594	-407.0049133300782	890.7573852539065	845.5255126953127	-464.8316955566407	980.8045654296877	755.5863037109376	-411.3392028808595	891.4295043945315	759.2157592773439	-468.0361633300782	766.2295532226564	1247.70068359375	-39.86162567138673	795.7270507812502	1397.324096679688	-61.59444808959962	860.8730468750002	1401.486572265625	15.57251644134522	907.1691894531252	1400.514038085938	30.67668724060059	979.7106933593752	1094.124755859375	93.99246978759767	929.8166503906252	1066.504516601563	20.45516586303711	947.303649902344	1035.9697265625	78.56302642822267	1146.333374023438	906.1809692382815	0.05988178774714471	1126.64892578125	888.675231933594	74.30925750732423	1220.14208984375	830.9121704101565	-2.216181993484498	1155.706909179688	813.631042480469	78.86006927490236	
101	1	975.743347167969	975.9448852539065	-301.7256164550782	784.2959594726565	979.512145996094	-223.7082824707032	785.4011840820315	982.2744140625002	-122.1697082519532	975.550964355469	970.9163818359377	-48.19007873535158	920.2838134765627	898.4397583007815	-372.5607299804688	1087.213623046875	503.767059326172	-361.2110595703126	1106.11376953125	504.4724121093751	-227.0263671875001	1067.658569335938	439.8245544433595	-353.8793029785157	1135.648681640625	430.2369689941407	-304.3712158203126	1011.950073242188	94.00181579589845	-296.8051147460938	1049.433349609375	109.7623825073242	-212.1955108642579	960.5240478515627	46.88857650756837	-220.7719268798829	1165.829833984375	24.10310554504395	-235.6349029541016	1156.323486328125	46.80027770996094	-289.5223693847657	1107.998291015625	33.59443283081055	-335.4695739746094	901.9271240234377	873.726501464844	7.363674640655519	836.664978027344	467.5327453613282	-45.62507629394532	860.2131347656252	457.6936950683595	-179.6641998291016	807.868591308594	413.6832580566407	-52.24328613281251	878.446716308594	387.207000732422	-96.34413909912112	711.1089477539064	72.05542755126955	-106.6111679077149	761.5207519531251	84.44358062744142	-188.8789367675782	672.4845581054689	24.56607818603516	-175.6605377197266	881.934265136719	15.18432331085205	-153.1067047119141	882.039489746094	36.18708801269532	-92.81577301025392	811.7102050781252	17.78245925903321	-39.52603912353516	858.7080688476565	1470.820678710938	-174.4550018310547	766.7598266601564	1219.944091796875	-165.1973571777344	1020.303283691406	1166.599731445313	-175.9124145507813	974.5749511718752	1373.327270507813	-178.2372283935547	757.3666381835939	1245.717041015625	-276.1370239257813	791.7081298828127	1401.072998046875	-256.2329406738282	838.6936035156252	1403.237670898438	-349.4772644042969	888.809265136719	1392.624877929688	-382.7810363769532	837.006042480469	1086.7841796875	-432.1875915527345	801.7935180664065	1076.302612304688	-354.2335205078126	801.7409667968752	1053.328002929688	-422.5872192382814	945.5236816406252	845.7317504882815	-405.7478027343751	892.4326171875002	842.450622558594	-463.4816284179689	980.4512329101565	750.5603027343751	-409.8015441894532	891.1730957031252	756.1939086914064	-466.5611267089845	778.726989746094	1246.322998046875	-39.32107543945313	808.2810668945315	1395.900268554688	-61.30385208129884	873.772155761719	1400.193481445313	15.81804180145264	919.928649902344	1399.491333007813	30.49736213684083	996.1202392578127	1093.868896484375	94.00501251220705	946.5455322265627	1065.515625	20.49847602844239	964.8355712890627	1035.077514648438	78.45469665527345	1166.398559570313	909.9975585937502	-1.769821524620057	1147.211181640625	891.5438232421877	72.33827209472658	1242.018676757813	836.739440917969	-4.639552116394044	1178.038818359375	817.0506591796877	76.21163940429689	
102	1.01	987.7962646484377	973.842468261719	-301.5313415527344	796.4771118164065	977.8413085937502	-223.4910125732422	797.225769042969	980.671813964844	-121.9274826049805	987.2586669921877	968.561950683594	-47.92072677612305	932.1980590820315	896.1819458007815	-372.1530151367188	1097.628784179688	500.8340148925782	-357.9662780761719	1115.371704101563	501.5140686035157	-223.7083740234376	1080.687255859375	436.2615051269532	-351.1341857910157	1149.117553710938	429.5760192871095	-301.5514526367188	1048.959594726563	87.53563690185548	-295.5248107910157	1085.898559570313	105.6365280151367	-211.0971832275391	1001.217529296875	37.64702224731446	-219.2699279785157	1207.166259765625	27.21423530578614	-234.7299957275391	1196.235473632813	49.14485931396486	-288.7702331542969	1148.7265625	32.93476867675782	-334.4343261718751	912.8194580078127	872.0504150390627	7.841351032257082	841.7952270507815	466.8308715820314	-45.75398635864259	865.3377075195315	456.8548889160157	-179.8270111083985	812.2768554687502	413.3965454101564	-52.5513038635254	882.456970214844	385.9991760253907	-96.39827728271487	711.5803222656251	72.87503051757814	-107.1760177612305	762.4694824218751	84.74306488037111	-189.3476715087891	673.0335693359376	25.40000343322755	-176.4006042480469	882.0486450195315	15.10375785827637	-153.1106872558594	882.026550292969	36.08005905151368	-92.79953002929689	811.557067871094	17.82426261901856	-39.75929260253907	871.228698730469	1468.87744140625	-174.6571655273438	778.6625976562502	1218.332153320313	-164.8396911621094	1032.187377929688	1164.191162109375	-175.5267639160157	987.019714355469	1371.20751953125	-178.4322052001953	769.0003051757815	1243.641357421875	-275.1698608398438	804.0715332031252	1399.036254882813	-255.9886169433594	850.5981445312502	1400.877685546875	-349.3033447265626	900.4624633789065	1389.94580078125	-382.9215393066407	843.504821777344	1084.720336914063	-430.6645507812501	808.9292602539065	1075.086181640625	-352.5596008300782	807.8458251953127	1051.99609375	-420.6624145507814	947.5886230468752	841.7620239257815	-404.5805969238282	894.1900634765627	839.5106201171877	-462.1254882812501	980.161315917969	745.6728515625001	-408.3369750976564	890.970886230469	753.3585815429689	-465.0545043945314	791.2901611328127	1244.817138671875	-38.9638900756836	820.9171142578127	1394.361572265625	-61.14182281494142	886.6896972656252	1398.798217773438	15.91806697845459	932.7774047851565	1398.33349609375	30.2186393737793	1012.245544433594	1093.463134765625	93.94052124023439	963.049255371094	1064.447509765625	20.38937377929688	982.054626464844	1034.05810546875	78.19840240478517	1186.072265625	913.7003173828127	-3.561409950256349	1167.313232421875	894.261901855469	70.32799530029298	1263.437133789063	842.4858398437502	-6.973271846771242	1199.824951171875	820.345397949219	73.51051330566408	
103	1.02	999.968933105469	971.6450195312502	-301.4900512695313	808.7862548828127	976.0540771484377	-223.3683319091797	809.1692504882815	978.990905761719	-121.7923965454102	999.1192626953127	966.231628417969	-47.80490112304688	944.0312500000002	893.5673828125002	-371.8504638671876	1107.336181640625	497.5088500976564	-354.7315673828126	1124.018432617188	498.1221008300782	-220.3113708496094	1093.107666015625	432.5599975585939	-348.3600769042969	1161.9453125	428.768524169922	-298.7720336914063	1085.633178710938	82.37024688720705	-294.3578186035157	1121.833984375	102.8196105957032	-210.1101684570313	1041.728515625	29.92397499084473	-217.877426147461	1247.5107421875	31.935453414917	-233.6865234375001	1235.343994140625	52.90213775634767	-287.9200439453126	1188.929931640625	33.61093902587891	-333.3394775390626	923.8621826171877	870.4082031250002	8.256071090698244	847.1238403320315	466.1943359375001	-45.89353561401368	870.8023071289065	456.0340270996095	-179.9770050048828	816.8638916015627	413.1907043457032	-52.86951446533205	886.6981201171877	384.8345031738282	-96.39863586425784	712.1112670898439	73.87940979003908	-107.7467956542969	763.4794311523439	85.18353271484376	-189.794662475586	673.6077270507814	26.49300956726075	-177.1836090087891	882.1347656250002	15.02974605560303	-153.1142883300782	882.0088500976565	35.99655532836915	-92.7706756591797	811.3819580078127	17.91790962219239	-40.02888870239259	883.8471679687502	1466.84326171875	-174.96875	790.6865234375002	1216.6259765625	-164.6576538085938	1044.257080078125	1161.775512695313	-175.2964477539063	999.5742187500002	1369.011108398438	-178.7364807128907	780.8270263671877	1241.51220703125	-274.3822021484376	816.565124511719	1396.9228515625	-255.8749694824219	862.6831665039065	1398.491821289063	-349.2411193847657	912.247985839844	1387.252685546875	-383.1681213378907	850.0987548828127	1082.697509765625	-429.0728454589845	816.4201660156252	1073.884033203125	-350.7502441406251	814.0915527343752	1050.684814453125	-418.5700073242189	949.8422851562502	837.943298339844	-403.5167846679689	896.0525512695315	836.7287597656252	-460.760467529297	979.9746704101565	740.9489746093751	-406.9674682617189	890.850036621094	750.7343750000001	-463.5079040527345	803.926208496094	1243.194458007813	-38.79072189331055	833.6306152343752	1392.716918945313	-61.11569595336915	899.6158447265627	1397.310302734375	15.85959434509278	945.7161254882815	1397.046508789063	29.83653640747071	1028.09375	1092.911865234375	93.7992630004883	979.3176269531252	1063.300903320313	20.13872146606446	998.9530029296877	1032.909545898438	77.80551910400392	1205.32666015625	917.2691040039065	-5.31675148010254	1186.939575195313	896.8059082031252	68.28525543212892	1284.36572265625	848.114440917969	-9.220677375793459	1221.055786132813	823.4968872070315	70.77037811279298	
104	1.03	1012.278625488281	969.342712402344	-301.5740051269532	821.2196044921877	974.1543579101565	-223.3639831542969	821.2451782226565	977.2393798828127	-121.7867050170899	1011.144104003906	963.9539184570315	-47.81151580810548	955.8229980468752	890.620788574219	-371.6447448730469	1116.4951171875	493.8867492675782	-351.5473632812501	1132.260620117188	494.4479064941407	-216.8791809082032	1105.036010742188	428.7929687500001	-345.5639953613282	1174.257202148438	427.8779602050782	-296.0480041503907	1121.583374023438	78.48738098144533	-293.2356567382813	1156.865600585938	101.2507476806641	-209.1662292480469	1081.580810546875	23.69168853759766	-216.5364074707032	1286.4765625	38.12236022949219	-232.4400177001954	1273.280517578125	57.95275878906251	-286.9027099609376	1228.222900390625	35.54344177246094	-332.1147766113282	935.0405273437502	868.820739746094	8.612303733825685	852.629089355469	465.6536560058595	-46.02941894531251	876.6121826171877	455.2500000000001	-180.0965576171875	821.618835449219	413.0953369140626	-53.1808319091797	891.169860839844	383.7317810058594	-96.32804870605472	712.6965942382814	75.09249877929689	-108.2984619140625	764.5452270507814	85.79293823242189	-190.192611694336	674.1889038085939	27.87778472900391	-177.9731140136719	882.1939086914065	14.97496223449707	-153.1148986816407	881.9910278320315	35.94528579711915	-92.72368621826173	811.1934814453127	18.06405830383301	-40.32135772705079	896.559509277344	1464.73291015625	-175.3964080810547	802.8497314453127	1214.833129882813	-164.6512603759766	1056.523193359375	1159.37451171875	-175.2257690429688	1012.23876953125	1366.7587890625	-179.1568908691407	792.8604125976565	1239.334350585938	-273.7874755859376	829.184997558594	1394.745239257813	-255.8968505859376	874.946960449219	1396.097534179688	-349.2972412109376	924.1575317382815	1384.566650390625	-383.5286254882813	856.8247070312502	1080.7353515625	-427.4268188476564	824.298522949219	1072.703491210938	-348.8172912597657	820.506774902344	1049.414306640625	-416.3280334472657	952.3189086914065	834.287780761719	-402.5686340332032	898.0449218750002	834.1216430664065	-459.3850708007814	979.9345703125002	736.4102172851564	-405.7134399414064	890.8413085937502	748.3385009765626	-461.9124755859376	816.641784667969	1241.46533203125	-38.80086517333985	846.4175415039065	1390.9765625	-61.23325347900392	912.5469970703127	1395.737915039063	15.63343620300293	958.7407226562502	1395.63916015625	29.34661483764649	1043.670532226563	1092.219482421875	93.58289337158205	995.3417968750002	1062.076171875	19.75871849060059	1015.523986816406	1031.632202148438	77.28945159912111	1224.138549804688	920.6836547851565	-7.037490367889406	1206.075805664063	899.1544189453127	66.21855926513673	1304.77587890625	853.587829589844	-11.38536739349365	1241.723999023438	826.4875488281252	68.00426483154298	
105	1.04	1024.737548828125	966.9292602539065	-301.7569580078126	833.7700805664065	972.1546020507815	-223.4958038330079	833.4681396484377	975.4268188476565	-121.9258575439453	1023.344360351563	961.748962402344	-47.90986251831055	967.6170654296877	887.3914184570315	-371.5265502929688	1125.306762695313	490.0816650390626	-348.4599609375001	1140.3427734375	490.6615600585939	-213.4706420898438	1116.61474609375	425.0388793945314	-342.7636108398438	1186.202758789063	426.9602355957032	-293.3992614746094	1156.386352539063	75.79505920410158	-292.0891723632813	1190.602294921875	100.7869186401367	-208.1959991455079	1120.242919921875	18.85717201232911	-215.187973022461	1323.659057617188	45.49962234497071	-230.9450073242188	1309.649169921875	64.05720520019533	-285.6642761230469	1266.169067382813	38.54985809326173	-330.7003173828126	946.3442382812502	867.303405761719	8.912352561950685	858.3018798828127	465.2339172363282	-46.14519882202149	882.7703857421877	454.5168457031251	-180.1661071777344	826.5425415039065	413.1355895996095	-53.46345901489259	895.8725585937502	382.7067871093751	-96.16880798339847	713.3314208984376	76.53505706787111	-108.7995071411133	765.6626586914064	86.59725952148439	-190.5093231201172	674.7571411132814	29.58226203918458	-178.7223205566407	882.231140136719	14.95023536682129	-153.1091766357422	881.9802856445315	35.9334831237793	-92.65264892578126	811.0053710937502	18.25745010375977	-40.61954879760743	909.362487792969	1462.561889648438	-175.9475708007813	815.168640136719	1212.962890625	-164.8146667480469	1068.988891601563	1157.002685546875	-175.3181915283203	1025.014770507813	1364.4697265625	-179.7008056640625	805.1055908203127	1237.113037109375	-273.3934631347657	841.9265747070315	1392.516845703125	-256.0588073730469	887.3831176757815	1393.708862304688	-349.4785156250001	936.1842041015627	1381.903930664063	-384.0103454589845	863.7239990234377	1078.84716796875	-425.7473144531251	832.5848388671877	1071.548095703125	-346.7844238281251	827.1234130859377	1048.2001953125	-413.9663696289064	955.050964355469	830.8010253906252	-401.7468872070314	900.1950683593752	831.698669433594	-458.0001220703126	980.0867309570315	732.0739746093751	-404.5923767089845	890.9796142578127	746.1810302734376	-460.2604980468751	829.4434204101565	1239.640258789063	-38.99208450317384	859.275329589844	1389.152954101563	-61.5020217895508	925.4871215820315	1394.089477539063	15.23449134826661	971.8448486328127	1394.123779296875	28.74421691894532	1058.977783203125	1091.390625	93.2949905395508	1011.113647460938	1060.774047851563	19.26264953613282	1031.761596679688	1030.229125976563	76.66517639160158	1242.489135742188	923.9238891601565	-8.724592208862306	1224.709228515625	901.2896728515627	64.13813781738283	1324.642456054688	858.8687133789065	-13.47093105316162	1261.824096679688	829.300964355469	65.22521972656251	
106	1.05	1037.351440429688	964.4065551757815	-302.0165405273438	846.4284667968752	970.0767211914065	-223.7728118896485	845.8541259765627	973.5654296875002	-122.2158889770508	1035.730712890625	959.6289672851565	-48.07228851318361	979.4593505859377	883.954040527344	-371.4874267578126	1134.005004882813	486.2208557128907	-345.5210571289063	1148.532836914063	486.9398193359376	-210.1589660644532	1128.005859375	421.3788146972657	-339.9898986816407	1197.948852539063	426.059051513672	-290.8518066406251	1189.604248046875	74.13460540771486	-290.8552856445313	1222.6572265625	101.2135162353516	-207.1360168457032	1157.15185546875	15.27443218231202	-213.7771759033204	1358.658447265625	53.66770553588869	-229.1813659667969	1344.048950195313	70.86113739013673	-284.1730651855469	1302.30126953125	42.34778594970704	-329.0533142089844	957.7696533203127	865.8654785156252	9.156570434570314	864.1489257812502	464.9531860351564	-46.22258758544923	889.2797851562502	453.8426208496095	-180.1645812988282	831.6497802734377	413.330047607422	-53.69165802001955	900.8084106445315	381.7720642089844	-95.90267181396486	714.0128173828126	78.22427368164064	-109.2129211425782	766.8291625976564	87.61922454833986	-190.7088928222657	675.2929077148439	31.62935256958009	-179.3765258789063	882.2551269531252	14.96237087249756	-153.0932006835938	881.9860839843752	35.96562194824219	-92.55179595947267	810.8345336914065	18.48645401000977	-40.90378952026368	922.2540283203127	1460.347290039063	-176.6298980712891	827.6578369140627	1211.027587890625	-165.1360321044922	1081.65087890625	1154.668579101563	-175.5771484375	1037.904296875	1362.162109375	-180.376205444336	817.5586547851565	1234.855346679688	-273.2011108398438	854.784362792969	1390.253051757813	-256.3642883300782	899.9799804687502	1391.336303710938	-349.7914733886719	948.3223266601565	1379.275756835938	-384.6194152832032	870.8402099609377	1077.03955078125	-424.060516357422	841.2879638671877	1070.417846679688	-344.6861877441407	833.9763183593752	1047.052978515625	-411.5251770019532	958.069274902344	827.4829711914065	-401.0606079101564	902.5352172851565	829.4624633789065	-456.6102905273439	980.4785766601565	727.9536132812501	-403.6175842285157	891.3045654296877	744.2648925781251	-458.5475463867189	842.3377685546877	1237.73095703125	-39.36010360717774	872.2041015625002	1387.26123046875	-61.92834854125978	938.448181152344	1392.37451171875	14.66168594360352	985.0222778320315	1392.516235351563	28.0247917175293	1074.013549804688	1090.429931640625	92.94129180908205	1026.624633789063	1059.395874023438	18.6646900177002	1047.66015625	1028.7060546875	75.9485321044922	1260.363403320313	926.9700317382815	-10.37796115875244	1242.82958984375	903.198181152344	62.05585098266603	1343.94287109375	863.920837402344	-15.48057842254639	1281.351440429688	831.9221191406252	62.44692230224611	
107	1.06	1050.119750976563	961.7893676757815	-302.3362121582032	859.1850585937502	967.9512939453127	-224.1927795410157	858.420349121094	971.6707153320315	-122.651596069336	1048.313232421875	957.5986938476565	-48.27653121948244	991.3947753906252	880.407897949219	-371.5218811035157	1142.843383789063	482.4384765625001	-342.7871398925782	1157.104248046875	483.4529418945314	-207.0295104980469	1139.381591796875	417.8931579589845	-337.2893066406251	1209.668823242188	425.2030639648439	-288.4390258789063	1220.810546875	73.29501342773439	-289.4846191406251	1252.671508789063	102.2631378173828	-205.936019897461	1191.745483398438	12.76139259338379	-212.2586669921876	1391.105712890625	62.12543869018556	-227.1583251953126	1376.098999023438	77.91568756103517	-282.4248046875001	1336.148681640625	46.57085418701173	-327.1542053222657	969.321472167969	864.509460449219	9.343659400939943	870.1953125000002	464.8211669921876	-46.24198532104493	896.1453857421877	453.2283935546876	-180.0699920654297	836.9690551757815	413.6897888183595	-53.83728790283205	905.984069824219	380.9371337890626	-95.51112365722658	714.7422485351564	80.17403411865236	-109.4979629516602	768.0449218750002	88.87731170654298	-190.7537689208985	675.7811889648439	34.0376205444336	-179.8768463134766	882.2766113281252	15.01198863983155	-153.0628814697266	882.0187988281252	36.0420265197754	-92.41622161865236	810.6993408203127	18.73336982727051	-41.15364837646485	935.2333984375002	1458.10888671875	-177.45068359375	840.3296508789065	1209.042846679688	-165.5976257324219	1094.5009765625	1152.377563476563	-176.0065307617188	1050.909545898438	1359.853759765625	-181.1914520263672	830.2075805664065	1232.572387695313	-273.2039794921876	867.7517700195315	1387.971313476563	-256.8148193359376	912.7203369140627	1388.98779296875	-350.2416687011719	960.5662231445315	1376.689331054688	-385.3604736328126	878.2168579101565	1075.3134765625	-422.396209716797	850.4058837890627	1069.309814453125	-342.5661926269532	841.102233886719	1045.977905273438	-409.0524902343751	961.4031982421877	824.3294067382815	-400.5167236328126	905.1030273437502	827.409851074219	-455.2249755859376	981.1580200195315	724.0582885742189	-402.7969970703126	891.8609008789065	742.5873413085939	-456.7745361328126	855.3316040039065	1235.751831054688	-39.89779281616212	885.2071533203127	1385.320678710938	-62.51636505126955	951.4493408203127	1390.605346679688	13.91763687133789	998.269714355469	1390.83642578125	27.1842269897461	1088.770751953125	1089.343383789063	92.52955627441408	1041.865600585938	1057.94482421875	17.97969245910645	1063.213500976563	1027.072875976563	75.1554641723633	1277.749267578125	929.8027343750002	-11.99615097045899	1260.429077148438	904.8710937500002	59.98498916625978	1362.657470703125	868.7095336914065	-17.41667175292969	1300.301391601563	834.3371582031252	59.68423461914064	
108	1.07	1063.035766601563	959.1085205078127	-302.7065734863282	872.0317993164065	965.8164062500002	-224.7411651611329	871.185241699219	969.761413574219	-123.2159576416016	1061.101440429688	955.6567993164065	-48.50751113891603	1003.465576171875	876.872009277344	-371.6285400390626	1152.07763671875	478.8680114746095	-340.3181152343751	1166.31396484375	480.351531982422	-204.1761932373047	1150.912475585938	414.6588439941407	-334.7240295410157	1221.530639648438	424.4060363769532	-286.2024230957032	1249.619873046875	73.03342437744142	-287.9485778808594	1280.3369140625	103.6408233642578	-204.5658111572266	1223.498291015625	11.11918067932129	-210.6029357910157	1420.688232421875	70.30771636962892	-224.9147491455079	1405.466430664063	84.71227264404298	-280.4447326660157	1367.269775390625	50.79764556884767	-325.0110473632813	981.0134277343752	863.2313232421877	9.470921516418459	876.4846191406252	464.8386230468751	-46.18330383300782	903.3770141601565	452.6683654785157	-179.8602142333985	842.542663574219	414.2174682617189	-53.87199020385744	911.412780761719	380.2087097167969	-94.97570800781251	715.5279541015626	82.39585113525392	-109.6126785278321	769.3146972656252	90.38508605957033	-190.6072845458985	676.2154541015626	36.82292938232423	-180.1651000976563	882.3060302734377	15.09176921844483	-153.014877319336	882.0883789062502	36.15757751464844	-92.24295806884767	810.6164550781252	18.97569084167481	-41.35009002685548	948.300720214844	1455.869995117188	-178.4160614013672	853.1938476562502	1207.029418945313	-166.1765441894532	1107.528564453125	1150.13427734375	-176.610824584961	1064.032592773438	1357.56396484375	-182.155029296875	843.0335083007815	1230.279907226563	-273.3877258300782	880.821228027344	1385.691772460938	-257.4093017578126	925.5820922851565	1386.67041015625	-350.8331298828126	972.909118652344	1374.149780273438	-386.2362365722657	885.8951416015627	1073.664794921875	-420.7861328125001	859.9270629882815	1068.218627929688	-340.4741516113282	848.538757324219	1044.974975585938	-406.6011962890626	965.0818481445315	821.333679199219	-400.1199951171876	907.942565917969	825.5330810546877	-453.8594360351564	982.172790527344	720.3939208984376	-402.1322631835939	892.6992797851565	741.1408691406251	-454.9498291015626	868.4321289062502	1233.722045898438	-40.59416580200196	898.2915039062502	1383.354858398438	-63.26696395874025	964.5159912109377	1388.799438476563	13.00814151763916	1011.589111328125	1389.10888671875	26.21919059753419	1103.23779296875	1088.138549804688	92.06903076171876	1056.825317382813	1056.427001953125	17.22293472290039	1078.414672851563	1025.343627929688	74.30128479003908	1294.635986328125	932.4033203125002	-13.57616138458252	1277.501586914063	906.304138183594	57.93999481201173	1380.768798828125	873.2022705078127	-19.28016471862793	1318.66845703125	836.533142089844	56.95370101928712	
109	1.08	1076.088012695313	956.4123535156252	-303.1258239746094	884.9639892578127	963.715026855469	-225.3914947509766	884.1678466796877	967.8591918945315	-123.8808135986328	1074.103515625	953.7981567382815	-48.75850677490236	1015.709350585938	873.478942871094	-371.8111572265626	1161.945434570313	475.6349182128907	-338.1756591796876	1176.381103515625	477.7557067871095	-201.6961212158204	1162.75537109375	411.7466430664064	-332.3702392578126	1233.684936523438	423.6692810058595	-284.1916198730469	1275.7158203125	73.09945678710939	-286.2452087402344	1305.415893554688	105.0529174804688	-203.0205688476563	1251.960815429688	10.15113639831543	-208.8024139404297	1447.173217773438	77.63510894775392	-222.5157165527344	1431.891723632813	90.72885894775392	-278.2859191894532	1395.287963867188	54.59117507934572	-322.6617431640626	992.8684692382815	862.021911621094	9.534379959106447	883.0791625976565	464.9973144531251	-46.02700424194337	910.9923095703127	452.1501770019532	-179.5135040283203	848.4254150390627	414.9075622558595	-53.76958084106447	917.1170043945315	379.5909423828126	-94.27860260009767	716.3872070312501	84.90023040771486	-109.517074584961	770.6492919921877	92.15114593505861	-190.2364501953125	676.6026000976564	40.0009880065918	-180.1891784667969	882.3514404296877	15.18559646606446	-152.9478149414063	882.2019042968752	36.30086898803712	-92.03205871582033	810.5982666015627	19.18844223022461	-41.47784805297852	961.4564208984377	1453.657836914063	-179.5303039550782	866.257019042969	1205.012939453125	-166.8456573486328	1120.7216796875	1147.944946289063	-177.3948822021485	1077.274536132813	1355.31396484375	-183.274887084961	856.013366699219	1227.998413085938	-273.7303771972657	893.9833984375002	1383.438232421875	-258.1433410644532	938.539245605469	1384.3916015625	-351.5677185058594	985.3417968750002	1371.661865234375	-387.2471313476564	893.911560058594	1072.086303710938	-419.262176513672	869.8316650390627	1067.137573242188	-338.4622497558594	856.3228759765627	1044.03955078125	-404.2253417968751	969.1345825195315	818.488464355469	-399.8728332519532	911.1047973632815	823.8215332031252	-452.5349121093751	983.5698852539065	716.9638061523439	-401.618377685547	893.8764648437502	739.9151000976564	-453.0908813476564	881.6467895507815	1231.667724609375	-41.43337631225587	911.4675903320315	1381.393432617188	-64.17689514160158	977.6776123046877	1386.98046875	11.94160079956055	1024.988525390625	1387.363037109375	25.12744522094727	1117.399169921875	1086.826782226563	91.56963348388673	1071.490356445313	1054.851928710938	16.40974998474121	1093.255615234375	1023.537841796875	73.39993286132814	1311.013793945313	934.7540283203127	-15.11332035064698	1294.041748046875	907.4966430664065	55.93617248535158	1398.261474609375	877.369079589844	-21.06997299194336	1336.44482421875	838.4978027343752	54.27382659912111	
110	1.09	1089.261962890625	953.766296386719	-303.5991821289063	897.9819946289065	961.6926269531252	-226.1071166992188	897.3862304687502	965.9882812500002	-124.6089019775391	1087.326538085938	952.0161743164065	-49.03160858154298	1028.157592773438	870.3658447265627	-372.0784606933594	1172.646728515625	472.849334716797	-336.4202575683594	1187.467041015625	475.7473754882814	-199.683090209961	1175.040405273438	409.2188110351564	-330.3137207031251	1246.251953125	422.9861145019532	-282.4628601074219	1298.876098632813	73.26028442382814	-284.4022216796876	1327.756225585938	106.2360382080078	-201.3235778808594	1276.79638671875	9.678985595703127	-206.8760986328126	1470.424682617188	83.56980133056642	-220.0453643798829	1455.210083007813	95.48242950439455	-276.0240783691407	1419.924438476563	57.54433059692384	-320.1732482910157	1004.917358398438	860.8686523437502	9.528770446777346	890.0579223632815	465.2799682617189	-45.75514221191407	919.019958496094	451.6556091308595	-179.009017944336	854.6836547851565	415.7468261718751	-53.50830078125001	923.1314697265627	379.0852661132813	-93.40321350097658	717.3491210937501	87.69820404052736	-109.1766510009766	772.0684814453127	94.17954254150392	-189.6148834228516	676.9672851562501	43.5904655456543	-179.9084167480469	882.4158325195315	15.26903343200684	-152.8635864257813	882.3618164062502	36.45408248901368	-91.78773498535158	810.6506347656252	19.3476791381836	-41.52770614624024	974.7006835937502	1451.503540039063	-180.7951354980469	879.5224609375002	1203.024536132813	-167.5748748779297	1134.068237304688	1145.821044921875	-178.3632354736328	1090.634155273438	1353.128784179688	-184.5577239990235	869.1217041015627	1225.753784179688	-274.2031860351563	907.227478027344	1381.237182617188	-259.0088500976563	951.562927246094	1382.16064453125	-352.4445190429688	997.8518676757815	1369.231811523438	-388.3910217285157	902.2969970703127	1070.569458007813	-417.8546752929689	880.0936279296877	1066.060791015625	-336.5810546875001	864.4895019531252	1043.164428710938	-401.9768981933595	973.5924072265627	815.7879638671877	-399.7751464843751	914.6473388671877	822.2636718750002	-451.2783508300782	985.3948974609377	713.7693481445314	-401.2439880371095	895.4555664062502	738.8984985351564	-451.2251586914064	894.9832763671877	1229.622802734375	-42.39399719238282	924.7485351562502	1379.471069335938	-65.23812866210939	990.965270996094	1385.179809570313	10.72851943969727	1038.482421875	1385.633422851563	23.90815925598145	1131.237670898438	1085.424438476563	91.04087066650392	1085.844482421875	1053.234375	15.55500316619873	1107.726684570313	1021.681457519531	72.46347808837892	1326.872924804688	936.8381958007815	-16.60124206542969	1310.043334960938	908.450622558594	53.98936462402345	1415.121215820313	881.1829223632815	-22.782377243042	1353.619750976563	840.2191162109377	51.66516113281251	
111	1.1	1102.541259765625	951.2506103515627	-304.1377868652344	911.092224121094	959.794128417969	-226.8446044921876	910.8563232421877	964.1746215820315	-125.3570556640625	1100.776123046875	950.3057250976565	-49.33751678466798	1040.834716796875	867.6652832031252	-372.4434509277344	1184.324829101563	470.6002807617189	-335.1073913574219	1199.6591796875	474.3670349121095	-198.2198638916016	1187.861083984375	407.1272583007814	-328.6431579589844	1259.312744140625	422.3474121093751	-281.0758361816407	1318.990234375	73.32309722900392	-282.4766235351563	1347.299560546875	106.9824142456055	-199.5253448486329	1297.810668945313	9.554271697998049	-204.8712005615235	1490.412963867188	87.67073059082033	-217.5974884033204	1475.364868164063	98.58072662353518	-273.7494812011719	1441.025390625	59.32502746582033	-317.6376037597657	1017.197204589844	859.7576904296877	9.447484970092775	897.5142211914065	465.6609802246095	-45.35237121582032	927.502868652344	451.1613159179689	-178.3270568847657	861.3937988281252	416.714813232422	-53.07254028320314	929.5056152343752	378.6896362304688	-92.33496093750001	718.4569702148439	90.80287933349611	-108.5659408569336	773.603454589844	96.47087860107425	-188.7253112792969	677.3565063476564	47.61617660522462	-179.2985382080078	882.4949951171877	15.31148433685303	-152.7686614990235	882.5639648437502	36.59391784667969	-91.5190887451172	810.7713623046877	19.43511772155762	-41.49836730957032	988.032409667969	1449.443115234375	-182.2089233398438	892.9901123046877	1201.099609375	-168.3326263427735	1147.557739257813	1143.78076171875	-179.5189971923828	1104.108154296875	1351.0380859375	-186.0080261230469	882.3332519531252	1223.575439453125	-274.7720031738282	920.5406494140627	1379.117797851563	-259.9939880371094	964.622985839844	1379.990600585938	-353.4591064453126	1010.422790527344	1366.86962890625	-389.662811279297	911.0752563476565	1069.107177734375	-416.5910644531251	890.6824951171877	1064.984619140625	-334.8759765625001	873.0693359375002	1042.34033203125	-399.9024963378907	978.4885864257815	813.2293090820315	-399.8243713378907	918.633728027344	820.8487548828127	-450.1212463378907	987.6927490234377	710.8116455078126	-400.9923706054689	897.505798339844	738.0800170898439	-449.389862060547	908.448913574219	1227.630493164063	-43.44876098632813	938.1487426757815	1377.628540039063	-66.43762207031251	1004.408996582031	1383.437377929688	9.381125450134279	1052.09033203125	1383.959716796875	22.56221580505371	1144.735961914063	1083.954345703125	90.49079895019533	1099.869873046875	1051.595703125	14.6723747253418	1121.8173828125	1019.807312011719	71.50177001953126	1342.2021484375	938.6407470703127	-18.03189468383789	1325.497802734375	909.1699218750002	52.11561584472658	1431.335205078125	884.6193847656252	-24.41049194335938	1370.178344726563	841.684997558594	49.15018463134767	
112	1.11	1115.90966796875	948.9555664062502	-304.7566833496094	924.3067626953127	958.061950683594	-227.5581817626954	924.589538574219	962.4456787109377	-126.0802688598633	1114.455810546875	948.6657714843752	-49.69466781616212	1053.75634765625	865.4954833984377	-372.9219360351563	1197.053466796875	468.951141357422	-334.2825927734376	1212.963012695313	473.6150817871095	-197.3704376220704	1201.265258789063	405.5111083984376	-327.4413146972657	1272.901000976563	421.7466430664064	-280.0883483886719	1336.067260742188	73.15164184570314	-280.5494995117188	1364.081298828125	107.1580886840821	-197.6988067626954	1314.970703125	9.664005279541017	-202.8606262207032	1507.21533203125	89.6400833129883	-215.2647094726563	1492.4111328125	99.76553344726565	-271.5572204589844	1458.577880859375	59.71422958374025	-315.1647949218751	1029.748413085938	858.6763916015627	9.282608985900881	905.5527954101565	466.1070556640626	-44.8066635131836	936.500671386719	450.6397705078126	-177.4495239257813	868.6416625976565	417.7849426269532	-52.45368957519533	936.3054809570315	378.3975830078126	-91.06216430664064	719.7700195312501	94.2306594848633	-107.6717529296875	775.2994384765627	99.02384948730472	-187.5617370605469	677.8428344726564	52.11183929443361	-178.3552856445313	882.5764770507815	15.28016662597657	-152.6747436523438	882.7967529296877	36.69366073608399	-91.24047851562501	810.9505615234377	19.44364929199219	-41.39760971069337	1001.448364257813	1447.515258789063	-183.7662353515625	906.6570434570315	1199.27685546875	-169.0874938964844	1161.180419921875	1141.85107421875	-180.8625946044922	1117.689208984375	1349.075927734375	-187.627182006836	895.6245727539065	1221.495727539063	-275.3991394042969	933.9080200195315	1377.111450195313	-261.0831604003907	977.6895751953127	1377.89892578125	-354.6030578613282	1023.034362792969	1364.59130859375	-391.0543823242189	920.2626953125002	1067.696411132813	-415.4947204589845	901.565856933594	1063.9091796875	-333.3840026855469	882.0875244140627	1041.5595703125	-398.0409545898439	983.8594360351565	810.8142700195315	-400.0155029296876	923.131774902344	819.569030761719	-449.0978393554689	990.507751464844	708.0924072265626	-400.8431396484376	900.1014404296877	737.4501953125001	-447.6308898925782	922.050476074219	1225.7421875	-44.56499481201173	951.681823730469	1375.910888671875	-67.75747680664064	1018.034484863281	1381.800537109375	7.913086891174318	1065.834594726563	1382.386596679688	21.09249496459961	1157.878540039063	1082.447265625	89.92504119873048	1113.546997070313	1049.964965820313	13.77348136901856	1135.515625	1017.955688476563	70.52234649658205	1356.989013671875	940.1484375000002	-19.39575576782227	1340.392700195313	909.6589965820315	50.33081054687501	1446.89111328125	887.6566162109377	-25.94395065307618	1386.100341796875	842.8828735351565	46.75285339355469	
113	1.12	1129.35205078125	946.9752197265627	-305.4728088378907	937.642028808594	956.5336914062502	-228.2048034667969	938.5901489257815	960.829772949219	-126.7362747192383	1128.365844726563	947.1016845703127	-50.12780380249025	1066.9287109375	863.9511718750002	-373.5307617187501	1210.829223632813	467.9364318847657	-333.9760742187501	1227.300048828125	473.4568176269532	-197.1725616455079	1215.25146484375	404.3946533203126	-326.7751464843751	1287.000854492188	421.1833801269532	-279.5496826171876	1350.232543945313	72.67455291748048	-278.7166748046876	1378.22412109375	106.7116165161133	-195.9305419921876	1328.40869140625	9.930464744567873	-200.9355773925782	1521.00634765625	89.35423278808595	-213.1282958984376	1506.509155273438	98.94106292724612	-269.5368041992188	1472.711303710938	58.63072586059572	-312.8727722167969	1042.611938476563	857.6154785156252	9.025163650512697	914.285827636719	466.5780639648439	-44.10977935791016	946.0908203125002	450.0599670410157	-176.3604583740235	876.5216064453127	418.9249877929689	-51.65011978149415	943.6150512695315	378.1964111328126	-89.57702636718751	721.3647460937501	98.00215148925784	-106.495590209961	777.218688964844	101.8371734619141	-186.1307220458985	678.5261840820314	57.12171173095705	-177.0963439941407	882.639587402344	15.14579200744629	-152.5986022949219	883.0415039062502	36.72652435302735	-90.9712600708008	811.1726074218752	19.38336753845215	-41.24240493774415	1014.94189453125	1445.76123046875	-185.4573211669922	920.5176391601565	1197.595458984375	-169.8099975585938	1174.927734375	1140.0673828125	-182.3903198242188	1131.366088867188	1347.280883789063	-189.4125213623047	908.9754638671877	1219.548583984375	-276.0460205078126	947.312927246094	1375.250732421875	-262.2576599121094	990.7344360351565	1375.908325195313	-355.8636474609376	1035.662963867188	1362.418823242188	-392.5543212890626	929.8679809570315	1066.339477539063	-414.5838623046876	912.7117309570315	1062.840576171875	-332.1318664550782	891.5618896484377	1040.816650390625	-396.4216918945314	989.7444458007815	808.5501708984377	-400.3412475585939	928.2113037109377	818.4206542968752	-448.2427673339845	993.8850708007815	705.6148681640626	-400.7746582031251	903.3206176757815	737.0023803710939	-446.0005187988282	935.7930908203127	1224.015502929688	-45.70590591430665	965.358581542969	1374.365844726563	-69.17567443847658	1031.8603515625	1380.322998046875	6.339282035827638	1079.736083984375	1380.962158203125	19.50416374206543	1170.654296875	1080.942749023438	89.34619140625001	1126.85693359375	1048.380493164063	12.86695289611817	1148.808471679688	1016.174255371094	69.53059387207033	1371.21923828125	941.350280761719	-20.68212127685547	1354.711547851563	909.922546386719	48.65030670166017	1461.776489257813	890.2744140625002	-27.36888694763184	1401.3603515625	843.800231933594	44.49792098999024	
114	1.13	1142.854614257813	945.400085449219	-306.3025512695313	951.1160278320315	955.2413330078127	-228.749252319336	952.8532714843752	959.3560180664065	-127.290023803711	1142.502319335938	945.6264648437502	-50.66604614257814	1080.346923828125	863.0964355468752	-374.2857055664063	1225.571533203125	467.5604858398439	-334.1969909667969	1242.515380859375	473.8302612304689	-197.6318969726563	1229.7685546875	403.7849731445314	-326.6862792968751	1301.546752929688	420.6640930175782	-279.4927978515626	1361.712890625	71.88451385498048	-277.0756835937501	1389.923461914063	105.6719512939453	-194.3090362548829	1338.410400390625	10.30605220794678	-199.1941070556641	1532.042358398438	86.87423706054689	-211.2493286132813	1517.908569335938	96.18275451660159	-267.7625427246094	1483.685546875	56.13855743408205	-310.8753051757813	1055.825439453125	856.5703735351565	8.665605545043947	923.8291625976565	467.0283508300782	-43.25744628906251	956.3682861328127	449.3885498046876	-175.0471496582032	885.135437011719	420.0978393554689	-50.66625213623048	951.5357055664065	378.0657653808594	-87.87676239013673	723.3353271484376	102.142562866211	-105.0548324584961	779.4421386718752	104.9115600585938	-184.4520416259766	679.5337524414064	62.70063781738283	-175.5612335205078	882.657409667969	14.88949680328369	-152.5607452392578	883.2747192382815	36.67002487182618	-90.73469543457033	811.4205322265627	19.28744506835938	-41.05788040161134	1028.502807617188	1444.222290039063	-187.2679595947266	934.5630493164065	1196.093383789063	-170.4745483398438	1188.790771484375	1138.473022460938	-184.09326171875	1145.123779296875	1345.694458007813	-191.3564758300782	922.3691406250002	1217.767333984375	-276.6760864257813	960.7371826171877	1373.567626953125	-263.4961853027344	1003.732238769531	1374.046997070313	-357.2236328125001	1048.283325195313	1360.381713867188	-394.1480102539064	939.8923950195315	1065.046264648438	-413.8711242675782	924.0916748046877	1061.79150390625	-331.1348876953126	901.501647949219	1040.111206054688	-395.063934326172	996.1860961914065	806.4502563476565	-400.792449951172	933.9417114257815	817.4047851562502	-447.5885009765626	997.8721923828127	703.3847656250001	-400.7666320800782	907.2431640625002	736.7326049804689	-444.5542602539064	949.6796875000002	1222.510986328125	-46.83268737792969	979.184265136719	1373.041625976563	-70.6671600341797	1045.895385742188	1379.061645507813	4.675523757934571	1093.810913085938	1379.737060546875	17.80489730834961	1183.0576171875	1079.488647460938	88.75354003906251	1139.782836914063	1046.889526367188	11.95763492584229	1161.682983398438	1014.516662597656	68.53014373779298	1384.877319335938	942.2378540039065	-21.87952041625977	1368.432739257813	909.965270996094	47.08858489990235	1475.979614257813	892.453796386719	-28.66833305358887	1415.926879882813	844.4243164062502	42.41005325317384	
115	1.14	1156.405029296875	944.3086547851565	-307.2596435546876	964.744079589844	954.2102050781252	-229.1686096191407	967.3623046875002	958.0533447265627	-127.7176513671875	1156.855346679688	944.2612915039065	-51.34053039550783	1093.993286132813	862.9588623046877	-375.1992187500001	1241.130615234375	467.7969665527345	-334.9286193847657	1258.392333984375	474.6549682617189	-198.7182312011719	1244.71875	403.6694946289064	-327.1827392578126	1316.428466796875	420.2003784179689	-279.9264831542969	1370.813720703125	70.82905578613283	-275.7112426757813	1399.42919921875	104.1362991333008	-192.9114990234376	1345.387573242188	10.76490116119385	-197.7273254394532	1540.638671875	82.43422698974611	-209.6625976562501	1526.925415039063	91.7251663208008	-266.2857971191407	1491.864868164063	52.43589019775392	-309.2690124511719	1069.419921875	855.5422363281252	8.194558143615724	934.2974853515627	467.4082031250001	-42.24942779541016	967.4427490234377	448.590789794922	-173.5018768310547	894.5911865234377	421.2622680664064	-49.51100540161134	960.1838989257815	377.9763793945313	-85.96479797363283	725.7923583984376	106.6815719604492	-103.3825759887696	782.070007324219	108.2514724731446	-182.5581665039063	681.0165405273439	68.91208648681642	-173.8088836669922	882.6009521484377	14.51029205322266	-152.5828857421875	883.4725341796877	36.51123809814454	-90.55603790283205	811.6817626953127	19.21709251403809	-40.8750228881836	1042.116455078125	1442.9375	-189.1795043945313	948.780700683594	1194.804565429688	-171.0614624023438	1202.759887695313	1137.117065429688	-185.9563293457032	1158.94287109375	1344.359130859375	-193.4461212158204	935.7924804687502	1216.183837890625	-277.2576904296876	974.1617431640627	1372.093139648438	-264.7759399414063	1016.661804199219	1372.347290039063	-358.6617431640626	1060.8701171875	1358.515502929688	-395.8179931640626	950.3302001953127	1063.834228515625	-413.3630981445314	935.6829833984377	1060.781616210938	-330.3974914550782	911.9067382812502	1039.448852539063	-393.9770812988282	1003.228759765625	804.5337524414065	-401.3584899902345	940.388854980469	816.5278930664065	-447.1630859375001	1002.520202636719	701.4104614257814	-400.8030090332032	911.9483642578127	736.6391601562501	-443.3472290039064	963.7100830078127	1221.287353515625	-47.90743255615235	993.156677246094	1371.983764648438	-72.20545959472658	1060.135986328125	1378.072875976563	2.938183784484864	1108.065673828125	1378.761352539063	16.00503921508789	1195.08984375	1078.140014648438	88.14340209960939	1152.311889648438	1045.548217773438	11.04619312286377	1174.126708984375	1013.040710449219	67.52351379394533	1397.946533203125	942.8057250976565	-22.97627449035645	1381.531127929688	909.7918090820315	45.65890884399415	1489.48828125	894.1757812500002	-29.82309532165528	1429.763916015625	844.7431640625002	40.5128288269043	
116	1.15	1169.99267578125	943.760192871094	-308.3535156250001	978.5343017578127	953.459167480469	-229.4554138183594	982.087341308594	956.950378417969	-128.0094604492188	1171.406860351563	943.0339965820315	-52.1817092895508	1107.836791992188	863.527038574219	-376.2785949707032	1257.300537109375	468.5898742675782	-336.1252441406251	1274.67138671875	475.8399963378907	-200.3647766113282	1259.964477539063	404.0144653320314	-328.2339477539063	1331.498901367188	419.8050537109376	-280.8286132812501	1377.888549804688	69.59517669677736	-274.6821899414063	1407.02392578125	102.2500076293946	-191.7917938232422	1349.839599609375	11.29336357116699	-196.605941772461	1547.14599609375	76.40963745117189	-208.3738098144532	1533.915771484375	85.93093872070314	-265.1297607421876	1497.68359375	47.82722473144532	-308.1214904785157	1083.41650390625	854.5372314453127	7.603639125823976	945.799255371094	467.6658325195314	-41.0896110534668	979.433288574219	447.6322021484376	-171.7240905761719	905.000671386719	422.3739624023439	-48.19597625732423	969.6867675781252	377.8899536132813	-83.85192108154298	728.8604736328126	111.6524124145508	-101.5259094238282	785.2209472656252	111.8663558959961	-180.4930572509766	683.1445922851564	75.82398986816408	-171.9130096435547	882.4453125000002	14.03197860717774	-152.6844329833985	883.6171875000002	36.25230789184571	-90.45968627929689	811.9561767578127	19.26464080810547	-40.72724151611329	1055.764526367188	1441.940551757813	-191.169418334961	963.1525878906252	1193.757202148438	-171.5590209960938	1216.822875976563	1136.049560546875	-187.9581146240235	1172.800903320313	1343.315307617188	-195.662826538086	949.235290527344	1214.826904296875	-277.7670898437501	987.567321777344	1370.854614257813	-266.0739440917969	1029.507202148438	1370.844482421875	-360.1534729003907	1073.400146484375	1356.860717773438	-397.544403076172	961.169372558594	1062.727905273438	-413.0608215332032	947.4707031250002	1059.836791992188	-329.9143371582032	922.7681274414065	1038.841430664063	-393.1614685058595	1010.917785644531	802.824890136719	-402.0283203125001	947.6123046875002	815.800964355469	-446.9877319335939	1007.884948730469	699.7025756835939	-400.874237060547	917.5120239257815	736.7219238281251	-442.4299926757814	977.8792724609377	1220.396484375	-48.89657592773439	1007.264221191406	1371.23095703125	-73.7645721435547	1074.564819335938	1377.408081054688	1.143709063529968	1122.494262695313	1378.081909179688	14.11764240264893	1206.759399414063	1076.956665039063	87.50986480712892	1164.437255859375	1044.419067382813	10.12933349609375	1186.129028320313	1011.805236816406	66.51284790039064	1410.410278320313	943.0517578125002	-23.96109580993653	1393.97900390625	909.4072875976565	44.37305068969727	1502.290161132813	895.4209594726565	-30.81311988830567	1442.831420898438	844.746276855469	38.82773590087891	
117	1.16	1183.607055664063	943.788024902344	-309.5881958007813	992.4832153320315	953.0007934570315	-229.6192626953126	996.9851074218752	956.073425292969	-128.1716003417969	1186.12939453125	941.9774169921877	-53.21641159057619	1121.833374023438	864.7503051757815	-377.5242309570313	1273.835693359375	469.8558349609376	-337.7118225097657	1291.072265625	477.2905273437501	-202.4704742431641	1275.336791992188	404.7645874023439	-329.7693481445313	1346.583862304688	419.4871520996095	-282.1419067382813	1383.309204101563	68.29079437255861	-274.0119934082032	1413.002075195313	100.1821594238282	-190.9716949462891	1352.307495117188	11.88148498535156	-195.8696441650391	1551.92529296875	69.27037811279298	-207.3603210449219	1539.247680664063	79.24576568603517	-264.2877502441407	1501.607299804688	42.68344116210938	-307.4622497558594	1097.822875976563	853.5659179687502	6.886258125305178	958.4317016601565	467.7500305175782	-39.78627395629884	992.460632324219	446.4807739257814	-169.7229309082032	916.4756469726565	423.3869018554689	-46.7337989807129	980.1752929687502	377.7605590820313	-81.55746459960939	732.6738891601564	117.0902557373047	-99.54282379150393	789.028015136719	115.770980834961	-178.3098449707032	686.0983886718751	83.50246429443361	-169.9559478759766	882.178161621094	13.50835704803467	-152.8782348632813	883.705505371094	35.91571426391602	-90.46562957763673	812.2645263671877	19.5538387298584	-40.64612579345704	1069.425415039063	1441.258178710938	-193.2121734619141	977.6538696289065	1192.972290039063	-171.9653625488282	1230.963745117188	1135.318115234375	-190.0710754394532	1186.673095703125	1342.598266601563	-197.9824676513672	962.6894531250002	1213.72021484375	-278.1910400390626	1000.935913085938	1369.874877929688	-267.3685913085938	1042.258666992188	1369.574584960938	-361.6726074218751	1085.855346679688	1355.459594726563	-399.3059692382814	972.3926391601565	1061.757446289063	-412.9602050781251	959.4486083984377	1058.987670898438	-329.6726074218751	934.0681762695315	1038.306274414063	-392.6100463867189	1019.297546386719	801.3513183593752	-402.7913208007814	955.6624755859377	815.2383422851565	-447.0754394531251	1014.027709960938	698.2729492187501	-400.979217529297	924.0037841796877	736.9802856445314	-441.8449096679689	992.1765136718752	1219.87841796875	-49.77463531494142	1021.4853515625	1370.812744140625	-75.32106781005861	1089.14990234375	1377.109375	-0.6919401288032533	1137.074584960938	1377.738525390625	12.15839767456055	1218.081298828125	1075.998901367188	86.84603118896486	1176.1591796875	1043.567504882813	9.200764656066896	1197.682373046875	1010.866088867188	65.50078582763673	1422.253662109375	942.977233886719	-24.82373237609864	1405.748657226563	908.817810058594	43.24111557006837	1514.3740234375	896.1688232421877	-31.61927032470704	1455.087646484375	844.4255371093752	37.3733253479004	
118	1.17	1197.238403320313	944.395935058594	-310.9616088867188	1006.57177734375	952.8416137695315	-229.6864624023438	1011.9990234375	955.4448242187502	-128.2261047363282	1200.984619140625	941.1254882812502	-54.46472930908205	1135.927368164063	866.5425415039065	-378.9287414550782	1290.468505859375	471.4881591796876	-339.5871887207032	1307.314575195313	478.912322998047	-204.9058990478516	1290.644653320313	405.8446044921876	-331.6821594238282	1361.493041992188	419.2474365234376	-283.7738037109376	1387.4365234375	67.0263137817383	-273.6852722167969	1417.651733398438	98.10077667236331	-190.4373474121094	1353.329223632813	12.51701450347901	-195.5214080810547	1555.326904296875	61.52657318115236	-206.5756530761719	1543.277954101563	72.14649963378908	-263.7251586914063	1504.095581054688	37.39601516723634	-307.2783813476563	1112.63037109375	852.6413574218752	6.038269996643068	972.2750244140627	467.6132202148439	-38.35255813598634	1006.637573242188	445.1097412109376	-167.5195465087891	929.1231079101565	424.2557983398439	-45.13706970214844	991.776306152344	377.5377502441407	-79.11020660400392	737.3712158203126	123.0295791625977	-97.4982833862305	793.632995605469	119.9849014282227	-176.0679626464844	690.0592651367189	92.00379943847658	-168.0215148925782	881.809753417969	13.02549266815186	-153.1662139892578	883.758483886719	35.54832077026368	-90.58548736572267	812.656921386719	20.23649024963379	-40.65685653686524	1083.075439453125	1440.9072265625	-195.2806854248047	992.2515258789065	1192.463256835938	-172.2898712158203	1245.162353515625	1134.961669921875	-192.2625274658204	1200.533447265625	1342.23486328125	-200.3760070800782	976.147888183594	1212.882446289063	-278.5285644531251	1014.25146484375	1369.170776367188	-268.6414794921876	1054.913330078125	1368.5712890625	-363.1930541992188	1098.224609375	1354.353149414063	-401.0811462402345	983.9785766601565	1060.95556640625	-413.0533447265626	971.619323730469	1058.266845703125	-329.6547851562501	945.7824707031252	1037.864501953125	-392.310272216797	1028.409301757813	800.141784667969	-403.638397216797	964.5781250000002	814.8554687500002	-447.4300537109376	1021.014587402344	697.1330566406251	-401.1262817382814	931.4838867187502	737.4112548828126	-441.6227111816407	1006.5830078125	1219.757446289063	-50.52775192260744	1035.7880859375	1370.745971679688	-76.85616302490236	1103.84521484375	1377.204345703125	-2.553838729858399	1151.7685546875	1377.76025390625	10.14543914794922	1229.075927734375	1075.323364257813	86.14556121826173	1187.484619140625	1043.056396484375	8.252857208251955	1208.782958984375	1010.271850585938	64.49121856689455	1433.464965820313	942.586853027344	-25.55551719665528	1416.815551757813	908.031188964844	42.27148818969727	1525.729248046875	896.3975830078127	-32.22532653808594	1466.492065429688	843.776550292969	36.16451263427735	
119	1.18	1210.875854492188	945.5564575195315	-312.4654235839844	1020.763977050781	952.9824218750002	-229.697738647461	1027.061767578125	955.0808105468752	-128.2094116210938	1215.9228515625	940.5101318359377	-55.93696975708009	1150.055419921875	868.7884521484377	-380.4768676757813	1306.926147460938	473.3627319335939	-341.6311645507813	1323.134643554688	480.6143188476564	-207.5220947265626	1305.6845703125	407.1632080078126	-333.8378295898438	1376.031982421875	419.0758666992189	-285.6014099121094	1390.597412109375	65.89891052246095	-273.6507263183594	1421.239624023438	96.15154266357425	-190.1421051025391	1353.399536132813	13.1826286315918	-195.5275878906251	1557.673583984375	53.67489624023439	-205.9573059082032	1546.331176757813	65.09004974365236	-263.3854980468751	1505.5703125	32.33227539062501	-307.5163269042969	1127.813110351563	851.7774047851565	5.058465003967286	987.387390136719	467.2154846191407	-36.80702209472657	1022.05908203125	443.5012512207032	-165.1486511230469	943.0384521484377	424.9393005371095	-43.41814422607423	1004.603210449219	377.1716613769532	-76.54897308349611	743.0886230468751	129.500717163086	-95.45977020263673	799.178649902344	124.5308380126953	-173.8295440673828	695.1991577148439	101.3652648925782	-166.1879577636719	881.3836059570315	12.7000150680542	-153.5354614257813	883.831481933594	35.22340774536134	-90.81862640380861	813.2204589843752	21.48491287231446	-40.77389526367188	1096.690673828125	1440.893432617188	-197.3480224609376	1006.904418945313	1192.235717773438	-172.5538330078125	1259.3935546875	1135.006469726563	-194.4960174560547	1214.356201171875	1342.240478515625	-202.8105163574219	989.6038818359377	1212.325439453125	-278.7920837402344	1027.501586914063	1368.752075195313	-269.8791198730469	1067.4755859375	1367.863525390625	-364.6912231445313	1110.505981445313	1353.5771484375	-402.8496093750001	995.9031372070315	1060.3544921875	-413.3298950195314	983.9925537109377	1057.7060546875	-329.8414001464844	957.881286621094	1037.538696289063	-392.2464599609376	1038.289306640625	799.223571777344	-404.5630798339845	974.3841552734377	814.6663818359377	-448.0459289550782	1028.914916992188	696.2924194335939	-401.3335266113282	940.0007324218752	738.0076904296876	-441.7798767089845	1021.070617675781	1220.038940429688	-51.15657424926759	1050.131591796875	1371.033081054688	-78.35750579833986	1118.592041015625	1377.703979492188	-4.428542613983155	1166.522216796875	1378.16259765625	8.099026679992678	1239.767211914063	1074.97705078125	85.40423583984376	1198.427490234375	1042.9404296875	7.278765678405763	1219.432861328125	1010.059631347656	63.48989868164064	1444.037963867188	941.8887939453127	-26.14977645874024	1427.161254882813	907.057556152344	41.47091674804688	1536.34716796875	896.0848388671877	-32.61995315551759	1477.008178710938	842.7996215820315	35.21223449707032	
120	1.19	1224.507934570313	947.2128906250002	-314.0851440429688	1035.0078125	953.418640136719	-229.7041625976563	1042.098022460938	954.9890747070315	-128.1692962646485	1230.8837890625	940.1574707031252	-57.63083648681642	1164.151123046875	871.353942871094	-382.1460876464844	1322.944946289063	475.3465270996095	-343.7150573730469	1338.298583984375	482.3107910156251	-210.1618957519532	1320.251586914063	408.6195068359376	-336.0866394042969	1390.013671875	418.9513549804689	-287.4819946289063	1393.068969726563	64.98130798339845	-273.8300476074219	1424.002075195313	94.44277954101564	-190.0148620605469	1352.940795898438	13.85615539550782	-195.8236694335938	1559.248657226563	46.15297317504884	-205.4367218017579	1548.687377929688	58.47021865844728	-263.1990966796876	1506.392578125	27.79787635803223	-308.0896301269532	1143.325439453125	850.987487792969	3.948914527893067	1003.80078125	466.5289611816407	-35.17406082153321	1038.792114257813	441.6506652832032	-162.6585845947266	958.2985839843752	425.4041442871095	-41.58984375000001	1018.747131347656	376.6192321777344	-73.92254638671876	749.9534301757814	136.5255584716797	-93.49306488037111	805.8003540039065	129.43212890625	-171.6557312011719	701.6700439453126	111.5956115722657	-164.5220794677735	880.986755371094	12.67278480529786	-153.9555969238282	884.0232543945315	35.03973770141602	-91.14904785156251	814.0842285156252	23.48005867004395	-40.99759674072266	1110.248413085938	1441.211669921875	-199.3893585205079	1021.563842773438	1192.28857421875	-172.7898712158203	1273.627563476563	1135.462524414063	-196.7331237792969	1228.117309570313	1342.617553710938	-205.2505340576172	1003.050415039063	1212.0546875	-279.0073547363282	1040.678100585938	1368.621704101563	-271.0747985839844	1079.957641601563	1367.473022460938	-366.1484985351563	1122.708374023438	1353.158325195313	-404.5937500000001	1008.140808105469	1059.98193359375	-413.7786865234376	996.5826416015627	1057.333129882813	-330.2137756347657	970.3320922851565	1037.349731445313	-392.402069091797	1048.96630859375	798.619812011719	-405.5620422363282	985.090026855469	814.6812133789065	-448.908416748047	1037.798828125	695.7567749023439	-401.6277770996095	949.5883789062502	738.7557983398439	-442.3170776367189	1035.600463867188	1220.70947265625	-51.67790603637697	1064.467651367188	1371.66259765625	-79.82040405273439	1133.322143554688	1378.599731445313	-6.304354190826418	1181.268310546875	1378.944580078125	6.041107654571535	1250.180297851563	1074.9931640625	84.62131500244142	1209.006591796875	1043.259155273438	6.274650096893312	1229.639892578125	1010.251220703125	62.504695892334	1453.97265625	940.8945922851565	-26.60203552246094	1436.7763671875	905.9096679687502	40.84477996826173	1546.221435546875	895.208923339844	-32.79829788208009	1486.60693359375	841.500915527344	34.52337646484376	
121	1.2	1238.120849609375	949.2836914062502	-315.8003845214844	1049.239624023438	954.1400146484377	-229.7618865966797	1057.028564453125	955.1671142578127	-128.1605682373047	1245.799072265625	940.0852050781252	-59.52931594848634	1178.15087890625	874.0979003906252	-383.9082336425782	1338.283935546875	477.3074035644532	-345.7143249511719	1352.610717773438	483.9235839843751	-212.6729278564454	1334.148803710938	410.1107788085939	-338.2788085937501	1403.26953125	418.8442993164064	-289.2679748535157	1395.0703125	64.31565856933595	-274.1304931640626	1426.14013671875	93.03805541992189	-189.9723510742188	1352.2841796875	14.51289176940918	-196.3240509033204	1560.288940429688	39.3069076538086	-204.9497833251954	1550.572875976563	52.58731079101564	-263.0938415527344	1506.849487304688	24.01096343994141	-308.8911743164063	1159.103149414063	850.2832641601565	2.71520733833313	1021.517761230469	465.5425720214845	-33.48381805419923	1056.8681640625	439.5705871582032	-160.1096343994141	974.9538574218752	425.6300354003907	-39.66693115234376	1034.26904296875	375.8510131835938	-71.28868103027345	758.0776977539064	144.1128082275391	-91.65844726562501	813.618103027344	134.709228515625	-169.60302734375	709.5957031250001	122.6661911010742	-163.0752563476563	880.7583007812502	13.09788513183594	-154.3778991699219	884.4825439453127	35.11700439453126	-91.54364013671876	815.4210205078127	26.39581298828126	-41.31226348876954	1123.729370117188	1441.846069335938	-201.3838043212891	1036.17578125	1192.615112304688	-173.0400390625	1287.83056640625	1136.320678710938	-198.9355010986329	1241.79541015625	1343.354125976563	-207.6597442626954	1016.47998046875	1212.069213867188	-279.2125854492188	1053.777954101563	1368.77587890625	-272.2298278808594	1092.37841796875	1367.411865234375	-367.5532836914063	1134.851196289063	1353.11181640625	-406.2998657226564	1020.666870117188	1059.858276367188	-414.3894348144532	1009.404846191406	1057.1689453125	-330.7562561035157	983.1015625000002	1037.31494140625	-392.7619018554689	1060.459228515625	798.3464965820315	-406.6356811523439	996.689392089844	814.903747558594	-449.994842529297	1047.733642578125	695.5267333984376	-402.0431213378907	960.2652587890627	739.6343383789064	-443.2187805175782	1050.122314453125	1221.738037109375	-52.12466049194337	1078.743774414063	1372.610107421875	-81.24820709228517	1147.961791992188	1379.86474609375	-8.171379089355471	1195.930541992188	1380.08837890625	3.994699954986573	1260.338989257813	1075.386474609375	83.80039978027345	1219.244384765625	1044.031982421875	5.241560935974122	1239.418579101563	1010.851379394531	61.54554367065431	1463.277221679688	939.618591308594	-26.90997314453126	1445.662719726563	904.6031494140627	40.39743041992188	1555.348754882813	893.7506103515627	-32.76293563842774	1495.269897460938	839.8934326171877	34.10110473632813	
122	1.21	1251.699462890625	951.669372558594	-317.5852661132813	1063.389892578125	955.1309814453127	-229.9260253906251	1071.775268554688	955.6018066406252	-128.2398834228516	1260.595947265625	940.3011474609377	-61.59961700439455	1191.999145507813	876.8857421875002	-385.7312927246095	1352.734985351563	479.1247558593751	-347.5213012695313	1365.918090820313	485.3854370117189	-214.9208526611329	1347.19775390625	411.5413513183595	-340.2800292968751	1415.658569335938	418.7204895019532	-290.8245544433594	1396.760864257813	63.91262817382814	-274.4589233398438	1427.817504882813	91.9563674926758	-189.9327545166016	1351.663940429688	15.12886810302735	-196.9342651367188	1560.982788085938	33.37416076660157	-204.4460144042969	1552.159057617188	47.63305282592774	-263.0049743652344	1507.149536132813	21.09030532836914	-309.8078613281251	1175.064819335938	849.6750488281252	1.366533160209656	1040.51025390625	464.2664184570314	-31.77140617370606	1076.277954101563	437.2946166992189	-157.5702819824219	993.021667480469	425.6143798828126	-37.66796493530274	1051.194091796875	374.8572692871094	-68.71179962158205	767.5534667968751	152.2527923583985	-90.00775146484376	822.7305908203127	140.375244140625	-167.7200317382813	719.0654296875001	134.5037689208985	-161.8815612792969	880.893981933594	14.12756443023682	-154.7368469238282	885.4111938476565	35.58740234375001	-91.95248413085939	817.445251464844	30.38060951232911	-41.68610382080079	1137.118530273438	1442.772338867188	-203.3158569335938	1050.683837890625	1193.204223632813	-173.3525085449219	1301.966552734375	1137.553833007813	-201.0668182373047	1255.372924804688	1344.424926757813	-210.0027008056641	1029.884399414063	1212.3623046875	-279.4562683105469	1066.803466796875	1369.20556640625	-273.3540649414063	1104.76318359375	1367.682373046875	-368.9026184082032	1146.96484375	1353.438598632813	-407.9593505859376	1033.459106445313	1059.993530273438	-415.1541137695314	1022.471557617188	1057.226196289063	-331.4577026367188	996.158386230469	1037.445190429688	-393.3143310546876	1072.776000976563	798.4111328125002	-407.7877197265626	1009.16015625	815.3298950195315	-451.2762756347657	1058.779541015625	695.5973510742189	-402.6183471679689	972.0333251953127	740.6141357421876	-444.4541625976564	1064.575927734375	1223.078857421875	-52.54384231567384	1092.906005859375	1373.840576171875	-82.65173339843751	1162.436279296875	1381.455322265625	-10.02138328552246	1210.429321289063	1381.5595703125	1.983081936836243	1270.26416015625	1076.151611328125	82.94952392578126	1229.163818359375	1045.254150390625	4.186546802520753	1248.7890625	1011.847045898438	60.62392044067384	1471.967895507813	938.077819824219	-27.073148727417	1453.834716796875	903.1566162109377	40.13264465332032	1563.728759765625	891.695983886719	-32.5239372253418	1502.99169921875	837.9970703125002	33.94546127319337	
123	1.22	1265.226196289063	954.2614746093752	-319.4091186523438	1077.390869140625	956.370788574219	-230.2446746826172	1086.265502929688	956.2697753906252	-128.4603118896485	1275.200927734375	940.8032836914065	-63.79371643066408	1205.652709960938	879.6016845703127	-387.581512451172	1366.1328125	480.6992187500001	-349.0558166503907	1378.114013671875	486.6438598632814	-216.8015594482422	1359.24951171875	412.830291748047	-341.9850463867188	1427.07421875	418.5458068847657	-292.0469970703126	1398.244995117188	63.75466156005861	-274.7343750000001	1429.162231445313	91.17873382568361	-189.8280792236328	1351.22216796875	15.68399620056153	-197.5632934570313	1561.471435546875	28.48126602172852	-203.8944091796876	1553.564086914063	43.69028472900391	-262.8829650878907	1507.427978515625	19.05712509155274	-310.7349853515626	1191.114501953125	849.1719970703127	-0.084482379257679	1060.720581054688	462.7346801757814	-30.07532691955567	1096.970336914063	434.8791503906251	-155.1120147705078	1012.481018066406	425.3762512207032	-35.61713409423829	1069.509033203125	373.6523437500001	-66.25940704345705	778.448913574219	160.9125061035157	-88.58212280273439	833.2119140625002	146.4308166503907	-166.0447540283203	730.1312866210939	146.9860076904297	-160.9581298828125	881.6459960937502	15.89456653594971	-154.9542846679688	887.0612792968752	36.58367156982423	-92.3114700317383	820.4061279296877	35.53816604614259	-42.07321166992188	1150.405639648438	1443.95947265625	-205.1762847900391	1065.033325195313	1194.041625976563	-173.7769622802735	1315.998779296875	1139.117919921875	-203.0946350097657	1268.836547851563	1345.79296875	-212.2465820312501	1043.255249023438	1212.922973632813	-279.7939758300782	1079.761962890625	1369.897094726563	-274.4655456542969	1117.142211914063	1368.276245117188	-370.2026672363282	1159.087524414063	1354.125854492188	-409.5689086914064	1046.49951171875	1060.38623046875	-416.0679626464845	1035.788818359375	1057.50830078125	-332.3121643066407	1009.474975585938	1037.744140625	-394.0525512695314	1085.912475585938	798.8110351562502	-409.0246887207032	1022.466003417969	815.9468383789065	-452.7195739746095	1070.985473632813	695.9580078125001	-403.3938903808595	984.8781738281252	741.6586303710939	-445.9793701171876	1078.893310546875	1224.676879882813	-52.99260330200197	1106.903076171875	1375.3125	-84.04768371582033	1176.6748046875	1383.315673828125	-11.84751796722412	1224.687255859375	1383.310302734375	0.02877078950405122	1279.972534179688	1077.26318359375	82.0804901123047	1238.787109375	1046.8955078125	3.122640848159791	1257.776611328125	1013.208679199219	59.75201797485353	1480.068725585938	936.2913208007815	-27.09253692626954	1461.319091796875	901.5911865234377	40.05399703979493	1571.364135742188	889.0394287109377	-32.09790039062501	1509.781616210938	835.8392333984377	34.0542221069336	
124	1.23	1278.681884765625	956.9512329101565	-321.2377624511719	1091.183227539063	957.8343505859377	-230.7536926269532	1100.437744140625	957.1399536132815	-128.8661346435547	1289.545776367188	941.580749511719	-66.05069732666017	1219.0830078125	882.1586914062502	-389.4254760742189	1378.36181640625	481.9602661132814	-350.2722167968751	1389.140502929688	487.6647033691407	-218.2505187988282	1370.192749023438	413.9176635742189	-343.3271789550782	1437.449951171875	418.2906799316407	-292.8739013671876	1399.580444335938	63.80248260498048	-274.8977050781251	1430.269165039063	90.65895843505861	-189.6129760742188	1351.0205078125	16.1643352508545	-198.1340789794922	1561.8525390625	24.65376091003419	-203.2855072021485	1554.859252929688	40.74504470825196	-262.6977539062501	1507.755859375	17.84843063354493	-311.5872192382813	1207.146728515625	848.7833251953127	-1.622288823127747	1082.063232421875	461.0067138671876	-28.4352207183838	1118.854370117188	432.4031677246095	-152.8032684326172	1033.27001953125	424.9588317871095	-33.54553222656251	1089.162475585938	372.2765808105469	-63.99741363525392	790.8069458007815	170.0311889648438	-87.41042327880861	845.1108398437502	152.8587188720703	-164.6026611328125	742.8076171875001	159.9405517578125	-160.3069305419922	883.3159790039065	18.49399185180664	-154.9460754394532	889.7271118164065	38.22467041015626	-92.54735565185548	824.5764770507815	41.90962219238282	-42.41744232177735	1163.585815429688	1445.372314453125	-206.9621276855469	1079.174560546875	1195.110717773438	-174.3595581054688	1329.892333984375	1140.9560546875	-204.9917297363282	1282.177124023438	1347.412231445313	-214.3626556396485	1056.584228515625	1213.7373046875	-280.2843627929688	1092.66455078125	1370.834106445313	-275.5891113281251	1129.547973632813	1369.176147460938	-371.4681396484376	1171.263549804688	1355.147216796875	-411.1304321289064	1059.775634765625	1061.023071289063	-417.1301574707032	1049.354370117188	1058.010009765625	-333.3190307617188	1023.029663085938	1038.207641601563	-394.9754943847657	1099.852294921875	799.5338134765627	-410.3547363281251	1036.559204101563	816.733825683594	-454.2900695800782	1084.384887695313	696.5935668945314	-404.4081115722657	998.770446777344	742.7260131835939	-447.7409667968751	1093.003173828125	1226.471923828125	-53.532772064209	1120.68896484375	1376.981323242188	-85.45631408691408	1190.615966796875	1385.382202148438	-13.64397621154786	1238.6357421875	1385.282592773438	-1.847644448280335	1289.476196289063	1078.678344726563	81.20748138427736	1248.133178710938	1048.902954101563	2.067593812942505	1266.409545898438	1014.8935546875	58.94161987304689	1487.6103515625	934.2799072265627	-26.96996116638184	1468.153198242188	899.9302978515627	40.16513061523438	1578.2607421875	885.786315917969	-31.50609970092774	1515.663940429688	833.4538574218752	34.42385482788087	
125	1.24	1292.046264648438	959.6389770507815	-323.0350646972657	1104.721801757813	959.4932250976565	-231.472885131836	1114.245239257813	958.1765747070315	-129.4884796142578	1303.572021484375	942.6160888671877	-68.30110168457033	1232.275634765625	884.5047607421877	-391.2319946289064	1389.360595703125	482.8706054687501	-351.1614074707032	1398.989379882813	488.4344177246095	-219.2479705810547	1379.961303710938	414.7678527832032	-344.2825927734376	1446.760009765625	417.9337158203126	-293.2941284179688	1400.78955078125	64.00316619873048	-274.9166259765626	1431.204223632813	90.33616638183595	-189.2690582275391	1351.05810546875	16.56310272216797	-198.5909118652344	1562.186645507813	21.83452033996582	-202.6293334960938	1556.077514648438	38.70711517333985	-262.4391479492188	1508.154663085938	17.33819770812989	-312.3055725097657	1223.052490234375	848.5198364257815	-3.22929072380066	1104.43017578125	459.1652832031251	-26.88923645019532	1141.806274414063	429.965301513672	-150.7035827636719	1055.28662109375	424.4288635253907	-31.49145317077637	1110.068359375	370.7951354980469	-61.98481369018556	804.6451416015627	179.5171661376953	-86.5081024169922	858.4525146484377	159.6186676025391	-163.4055938720703	757.0740356445314	173.148422241211	-159.9172668457032	886.2415771484377	21.9673080444336	-154.6307373046875	893.7308349609377	40.60015106201173	-92.58477783203126	830.2376098632815	49.45961761474611	-42.65792465209962	1176.658203125	1446.973754882813	-208.6761627197266	1093.06640625	1196.393188476563	-175.1378631591797	1343.615844726563	1143.003051757813	-206.7370147705079	1295.389892578125	1349.23095703125	-216.3275604248047	1069.863159179688	1214.789794921875	-280.9844970703126	1105.524536132813	1371.998413085938	-276.7537841796876	1142.013916015625	1370.357299804688	-372.7205505371094	1183.5390625	1356.465698242188	-412.650115966797	1073.2822265625	1061.880615234375	-418.3435363769532	1063.1572265625	1058.7177734375	-334.4825134277344	1036.807373046875	1038.823852539063	-396.0878295898439	1114.567993164063	800.5578613281252	-411.786102294922	1051.38427734375	817.663269042969	-455.9541320800782	1098.99169921875	697.4857788085939	-405.693817138672	1013.668151855469	743.7721557617189	-449.6805419921876	1106.836059570313	1228.405151367188	-54.22449874877931	1134.226318359375	1378.803344726563	-86.89857482910158	1204.211303710938	1387.590087890625	-15.40567111968994	1252.219360351563	1387.413330078125	-3.628690242767335	1298.782836914063	1080.34130859375	80.34525299072267	1257.217163085938	1051.204345703125	1.04148530960083	1274.717529296875	1016.849670410156	58.20283889770509	1494.627563476563	932.0657348632815	-26.70752143859864	1474.383178710938	898.1987304687502	40.46981811523438	1584.427001953125	881.955749511719	-30.77184867858887	1520.677124023438	830.8806762695315	35.05039978027344	
126	1.25	1305.299072265625	962.2413330078127	-324.7653503417969	1117.97900390625	961.316833496094	-232.4042968750001	1127.659790039063	959.3435668945315	-130.3423614501953	1317.235961914063	943.8877563476565	-70.47288513183595	1245.228149414063	886.623229980469	-392.9736633300782	1399.123168945313	483.4266357421876	-351.7480163574219	1407.700317382813	488.9593505859376	-219.8187255859376	1388.538696289063	415.3702392578126	-344.8688659667969	1455.018188476563	417.4638061523439	-293.3457641601563	1401.871459960938	64.29857635498048	-274.7861022949219	1432.008911132813	90.14675140380861	-188.8042907714844	1351.291381835938	16.88040733337403	-198.9028625488282	1562.504516601563	19.90656280517578	-201.9506378173829	1557.223754882813	37.43479537963868	-262.1145935058594	1508.611572265625	17.36223602294922	-312.8597106933594	1238.72607421875	848.3948364257815	-4.886999130249024	1127.695434570313	457.3118591308595	-25.47141265869141	1165.677490234375	427.6780700683595	-148.8589324951172	1078.392700195313	423.8733520507814	-29.49947357177735	1132.112548828125	369.2941589355469	-60.268611907959	819.9570312500002	189.2464752197266	-85.87652587890626	873.240905761719	166.6434783935547	-162.4516906738282	772.8791503906252	186.3518218994141	-159.7682037353516	890.7768554687502	26.29110717773438	-153.939208984375	899.4033203125002	43.75679016113282	-92.35460662841798	837.6616210937502	58.06862258911134	-42.73549270629884	1189.624877929688	1448.726684570313	-210.3254699707032	1106.6796875	1197.86865234375	-176.1368103027344	1357.1435546875	1145.190551757813	-208.315658569336	1308.473388671875	1351.195922851563	-218.1240997314454	1083.08447265625	1216.064208984375	-281.9448242187501	1118.355712890625	1373.370849609375	-277.9898376464844	1154.570922851563	1371.789184570313	-373.9855346679688	1195.95849609375	1358.036987304688	-414.1370239257814	1087.020629882813	1062.9267578125	-419.7138671875001	1077.179565429688	1059.611328125	-335.8109130859376	1050.800903320313	1039.574951171875	-397.3992614746095	1130.023071289063	801.8542480468752	-413.3257751464845	1066.88232421875	818.7032470703127	-457.682098388672	1114.798217773438	698.6151733398439	-407.2745971679689	1029.519775390625	744.7543334960939	-451.7398681640626	1120.330322265625	1230.422607421875	-55.11994552612306	1147.488159179688	1380.738159179688	-88.39318847656251	1217.42822265625	1389.8779296875	-17.12800598144532	1265.400512695313	1389.639770507813	-5.301054477691651	1307.896118164063	1082.188720703125	79.50718688964845	1266.04931640625	1053.716552734375	0.06365140527486803	1282.729125976563	1019.020690917969	57.54289627075197	1501.157470703125	929.671569824219	-26.30710983276368	1480.059448242188	896.421813964844	40.97172546386719	1589.8740234375	877.5817871093752	-29.91748619079591	1524.871704101563	828.1636962890627	35.93016433715821	
127	1.26	1318.4208984375	964.696716308594	-326.3962402343751	1130.945190429688	963.2739868164065	-233.5324249267579	1140.673217773438	960.6087646484377	-131.4254150390625	1330.51220703125	945.3721313476565	-72.49851989746095	1257.94580078125	888.5290527343752	-394.6279907226564	1407.695434570313	483.6549377441407	-352.0834960937501	1415.356811523438	489.2624511718751	-220.0265502929688	1395.957885742188	415.7366333007814	-345.1383972167969	1462.273681640625	416.8807678222657	-293.1076660156251	1402.813354492188	64.63281250000001	-274.5248107910157	1432.705810546875	90.03391265869142	-188.2483367919922	1351.65234375	17.12198829650879	-199.0634918212891	1562.814331054688	18.71672058105469	-201.2825317382813	1558.28466796875	36.75998687744141	-261.7443847656251	1509.093505859375	17.74287605285645	-313.2459106445313	1254.072998046875	848.424499511719	-6.577248573303224	1151.722290039063	455.5591125488282	-24.20943260192872	1190.305786132813	425.6602783203126	-147.2988433837891	1102.421630859375	423.3930053710939	-27.61822509765626	1155.160522460938	367.8742675781251	-58.879695892334	836.714050292969	199.0638427734376	-85.50283813476564	889.4619140625002	173.8372497558594	-161.7262115478516	790.1466064453127	199.2662811279297	-159.8303985595703	897.2686157226565	31.372709274292	-152.824447631836	907.0617675781252	47.6875114440918	-91.80273437500001	847.0928344726565	67.53327941894533	-42.59944152832032	1202.489501953125	1450.59521484375	-211.919662475586	1119.997680664063	1199.514892578125	-177.3662414550782	1370.456298828125	1147.452270507813	-209.7188262939454	1321.428466796875	1353.255249023438	-219.741683959961	1096.2412109375	1217.544677734375	-283.2044372558594	1131.170532226563	1374.931640625	-279.3249816894532	1167.244995117188	1373.4384765625	-375.2895507812501	1208.560668945313	1359.8125	-415.6011352539064	1100.998901367188	1064.124145507813	-421.2486572265626	1091.3994140625	1060.6650390625	-337.3156127929688	1065.009643554688	1040.437744140625	-398.9232482910157	1146.17431640625	803.389099121094	-414.9777832031251	1082.996337890625	819.820007324219	-459.4504699707032	1131.77392578125	699.9628295898439	-409.1619873046876	1046.267822265625	745.6348266601564	-453.8660278320314	1133.437255859375	1232.479614257813	-56.25782394409181	1160.458984375	1382.750610351563	-89.95409393310548	1230.251708984375	1392.192016601563	-18.80677223205567	1278.16064453125	1391.903442382813	-6.85631847381592	1316.8173828125	1084.15576171875	78.70352172851564	1274.63623046875	1056.353149414063	-0.8504617810249331	1290.47021484375	1021.350524902344	56.96505355834962	1507.236083984375	927.1207275390627	-25.77006530761719	1485.234008789063	894.6245117187502	41.67388916015626	1594.615600585938	872.7141723632815	-28.96136856079102	1528.307861328125	825.3492431640627	37.0600814819336	
128	1.27	1331.393920898438	966.9682617187502	-327.9018554687501	1143.628173828125	965.3337402343752	-234.8267059326172	1153.297607421875	961.9473876953127	-132.7183990478516	1343.3955078125	947.0455322265627	-74.32234191894533	1270.437133789063	890.259948730469	-396.1784973144532	1415.167602539063	483.605682373047	-352.2366333007813	1422.076782226563	489.3777465820314	-219.9637908935547	1402.298583984375	415.8967895507814	-345.1682739257813	1468.604248046875	416.1947326660157	-292.6848144531251	1403.60009765625	64.95804595947267	-274.1687316894532	1433.303955078125	89.95366668701173	-187.6450805664063	1352.06640625	17.2973804473877	-199.0871582031251	1563.109985351563	18.09741973876953	-200.6599578857422	1559.238525390625	36.51055526733399	-261.3563842773438	1509.560424804688	18.31046295166016	-313.4819946289063	1269.017211914063	848.6277465820315	-8.283224105834963	1176.368286132813	454.0217285156251	-23.12302398681641	1215.526489257813	424.0281982421876	-146.03564453125	1127.188110351563	423.0933837890626	-25.89707565307618	1179.066650390625	366.6425476074219	-57.83053588867189	854.868835449219	208.7863311767579	-85.36052703857423	907.0859375000002	181.0763397216797	-161.2036743164063	808.7806396484377	211.5957641601563	-160.0672454833985	906.030700683594	37.05357742309571	-151.2696990966797	916.987243652344	52.32581710815431	-90.8982391357422	858.730407714844	77.57543182373048	-42.21374893188477	1215.255859375	1452.545776367188	-213.4689636230469	1133.016723632813	1201.306884765625	-178.8202209472657	1383.54150390625	1149.728515625	-210.9429626464844	1334.257934570313	1355.361206054688	-221.1761779785157	1109.327392578125	1219.21533203125	-284.7871704101563	1143.978271484375	1376.659912109375	-280.7811279296876	1180.054809570313	1375.270141601563	-376.6564331054688	1221.375610351563	1361.744018554688	-417.0514526367189	1115.230102539063	1065.4326171875	-422.9554138183595	1105.794311523438	1061.849243164063	-339.0096740722657	1079.440063476563	1041.385986328125	-400.6749572753907	1162.97509765625	805.1259765625002	-416.7420043945314	1099.6748046875	820.9810791015627	-461.243621826172	1149.8662109375	701.5114135742189	-411.3533630371095	1063.853271484375	746.3850708007814	-456.0164489746095	1146.125610351563	1234.541748046875	-57.65961074829103	1173.13525390625	1384.811157226563	-91.5885467529297	1242.683349609375	1394.489501953125	-20.43818855285645	1290.50048828125	1394.154174804688	-8.291234016418459	1325.545776367188	1086.182006835938	77.94013977050783	1282.981323242188	1059.032592773438	-1.691869378089905	1297.962646484375	1023.786987304688	56.46792221069337	1512.896362304688	924.4360961914065	-25.09704017639161	1489.9560546875	892.8298950195315	42.57800292968751	1598.669189453125	867.4168090820315	-27.91529655456544	1531.052001953125	822.4840087890627	38.43768692016602	
129	1.28	1344.202514648438	969.043395996094	-329.2656555175782	1156.048950195313	967.466491699219	-236.2455596923829	1165.563354492188	963.3446044921877	-134.1873931884766	1355.900756835938	948.884704589844	-75.90705871582033	1282.70849609375	891.8657226562502	-397.6150512695314	1421.66357421875	483.3435668945314	-352.2829895019532	1427.999633789063	489.3438720703126	-219.737533569336	1407.6787109375	415.8921508789064	-345.0480651855469	1474.107543945313	415.4239501953126	-292.1911926269532	1404.221557617188	65.23813629150392	-273.7628479003907	1433.804565429688	89.87730407714845	-187.0440368652344	1352.465087890625	17.41797637939453	-199.003158569336	1563.378051757813	17.88469123840332	-200.1139221191407	1560.063110351563	36.52793502807618	-260.9804687500001	1509.974487304688	18.91966819763184	-313.6004028320313	1283.507568359375	849.0249633789065	-9.990076065063478	1201.492065429688	452.8065795898439	-22.22314453125	1241.182006835938	422.8867797851564	-145.0656433105469	1152.499755859375	423.0740356445314	-24.38211631774903	1203.683227539063	365.7037048339844	-57.115047454834	874.358093261719	218.2097625732422	-85.4108352661133	926.0696411132815	188.2133331298828	-160.850814819336	828.6722412109377	223.0496063232422	-160.4356231689453	917.3201904296877	43.12031936645509	-149.2941284179688	929.403503417969	57.54610443115236	-89.63984680175783	872.7151489257815	87.85911560058595	-41.56211471557618	1227.9267578125	1454.547485351563	-214.9821929931641	1145.74560546875	1203.217163085938	-180.4782409667969	1396.393798828125	1151.968872070313	-211.9888916015626	1346.96484375	1357.472534179688	-222.4295196533204	1122.337890625	1221.06005859375	-286.6988220214844	1156.783447265625	1378.533813476563	-282.3714294433594	1193.01025390625	1377.249633789063	-378.1043090820313	1234.421508789063	1363.785766601563	-418.4939880371095	1129.731323242188	1066.8125	-424.8400878906251	1120.34423828125	1063.131225585938	-340.9064331054688	1094.103149414063	1042.390869140625	-402.669403076172	1180.378173828125	807.028259277344	-418.6133117675782	1116.876098632813	822.157165527344	-463.0547790527345	1169.002685546875	703.2463378906251	-413.8309326171876	1082.218505859375	746.9880371093751	-458.1623840332032	1158.38427734375	1236.586059570313	-59.32785797119142	1185.523803710938	1386.895629882813	-93.29609680175783	1254.740234375	1396.738891601563	-22.01906967163086	1302.438232421875	1396.352416992188	-9.607452392578127	1334.079833984375	1088.214599609375	77.21799468994142	1291.086059570313	1061.685302734375	-2.459549427032471	1305.2236328125	1026.284912109375	56.04519653320314	1518.166137695313	921.6397094726565	-24.28802299499512	1494.269653320313	891.058288574219	43.68350982666016	1602.055908203125	861.7656860351565	-26.78273963928223	1533.173461914063	819.6128540039065	40.06072998046876	
130	1.29	1356.833862304688	970.930847167969	-330.4830017089844	1168.2373046875	969.644226074219	-237.7414703369141	1177.515869140625	964.7955322265627	-135.7874450683594	1368.062133789063	950.8673095703127	-77.2385940551758	1294.761840820313	893.3962402343752	-398.9342346191407	1427.32763671875	482.9383239746095	-352.2948913574219	1433.271850585938	489.1983947753907	-219.4549255371094	1412.242919921875	415.7694396972657	-344.8672790527344	1478.893310546875	414.5920410156251	-291.7323608398438	1404.676879882813	65.45022583007814	-273.3531799316407	1434.2060546875	89.7905731201172	-186.4918670654297	1352.79541015625	17.49537467956543	-198.8489074707032	1563.603149414063	17.93137550354004	-199.6671600341797	1560.741577148438	36.67904281616212	-260.6437072753907	1510.306762695313	19.4597454071045	-313.6406860351563	1297.522827148438	849.6360473632815	-11.68500804901123	1226.957641601563	452.0032958984376	-21.51195144653321	1267.129272460938	422.3220520019532	-144.372055053711	1178.16943359375	423.4180603027345	-23.11204910278321	1228.86865234375	365.1517333984376	-56.7108497619629	895.1060180664065	227.1173400878907	-85.60525512695314	946.3572998046877	195.0838775634766	-160.6303100585938	849.7051391601565	233.3590393066407	-160.8867645263672	931.318542480469	49.32189941406251	-146.9548950195313	944.461120605469	63.17037200927736	-88.05971527099611	889.1210937500002	98.01369476318362	-40.6511573791504	1240.503295898438	1456.572021484375	-216.4652557373047	1158.20263671875	1205.215698242188	-182.3079528808594	1409.01318359375	1154.135009765625	-212.8612060546876	1359.552612304688	1359.5546875	-223.5088653564454	1135.268798828125	1223.060668945313	-288.9261474609376	1169.585571289063	1380.529174804688	-284.0984191894532	1206.11083984375	1379.343139648438	-379.6432800292969	1247.703369140625	1365.897216796875	-419.9304809570314	1144.520385742188	1068.226684570313	-426.9055175781251	1135.033447265625	1064.476806640625	-343.0177001953126	1109.013671875	1043.422973632813	-404.9190979003907	1198.338989257813	809.0613403320315	-420.5810852050782	1134.571044921875	823.3245849609377	-464.8861083984376	1189.094604492188	705.1553344726564	-416.5618896484376	1101.310913085938	747.4399414062501	-460.2913513183595	1170.222778320313	1238.598999023438	-61.24676895141603	1197.640869140625	1388.98388671875	-95.06863403320314	1266.451782226563	1398.919189453125	-23.54705238342286	1314.006225585938	1398.469604492188	-10.81071186065674	1342.41748046875	1090.211303710938	76.53333282470705	1298.952392578125	1064.2578125	-3.16063952445984	1312.265502929688	1028.807250976563	55.6858253479004	1523.066528320313	918.7517700195315	-23.34251213073731	1498.211059570313	889.3255004882815	44.98674774169923	1604.802490234375	855.8450317382815	-25.55809020996094	1534.741333007813	816.776550292969	41.92642211914063	
131	1.3	1369.277465820313	972.6555786132815	-331.5623474121094	1180.227294921875	971.840759277344	-239.2662353515626	1189.211059570313	966.303405761719	-137.4669036865235	1379.9287109375	952.9710083007815	-78.32827758789064	1306.592407226563	894.8917236328127	-400.1389465332032	1432.310546875	482.4558105468751	-352.3334045410157	1438.032348632813	488.9737854003907	-219.2095947265626	1416.149291992188	415.5747680664064	-344.7047729492188	1483.073974609375	413.7249755859376	-291.3917236328126	1404.975952148438	65.58445739746095	-272.9795532226563	1434.5078125	89.69077301025392	-186.0258178710938	1353.024658203125	17.54025840759278	-198.6629791259766	1563.772827148438	18.115385055542	-199.3317565917969	1561.266479492188	36.86256408691407	-260.3668212890626	1510.540161132813	19.85876846313477	-313.6423645019532	1311.073486328125	850.477966308594	-13.35690402984619	1252.638427734375	451.6773071289064	-20.98351478576661	1293.245239257813	422.3956604003907	-143.9289703369141	1204.026611328125	424.1826171875001	-22.11462593078614	1254.492919921875	365.0626220703126	-56.58352279663087	917.0281372070315	235.2899169921876	-85.88900756835939	967.8823242187502	201.5156555175782	-160.5048522949219	871.761657714844	242.2913970947266	-161.3678131103516	948.1201171875002	55.39072799682619	-144.3450317382813	962.2285156250002	68.98069763183595	-86.22351837158205	907.9534912109377	107.6602935791016	-39.51132965087891	1252.984741210938	1458.593994140625	-217.9200592041016	1170.414428710938	1207.269653320313	-184.2687225341797	1421.404663085938	1156.20068359375	-213.5677795410157	1372.024047851563	1361.580932617188	-224.4255676269532	1148.117309570313	1225.196533203125	-291.4374084472657	1182.378540039063	1382.619506835938	-285.9532470703126	1219.345825195313	1381.518432617188	-381.2738952636719	1261.211791992188	1368.043701171875	-421.3575134277345	1159.614990234375	1069.642578125	-429.1505432128907	1149.8505859375	1065.850708007813	-345.3518676757813	1124.187744140625	1044.452758789063	-407.4322814941407	1216.816772460938	811.1940917968752	-422.6294860839845	1152.743408203125	824.4661254882815	-466.7476196289064	1210.042358398438	707.2279052734376	-419.4997558593751	1121.084350585938	747.7507324218751	-462.4074707031251	1181.670043945313	1240.573852539063	-63.38476181030275	1209.509765625	1391.058471679688	-96.89131164550784	1277.85546875	1401.018310546875	-25.02081108093262	1325.246337890625	1400.487548828125	-11.90956401824951	1350.556762695313	1092.140747070313	75.87850189208986	1306.583984375	1066.715209960938	-3.809384346008302	1319.097045898438	1031.325439453125	55.37462234497072	1527.611694335938	915.7901611328127	-22.25975418090821	1501.80859375	887.642272949219	46.48026275634766	1606.941162109375	849.742858886719	-24.22705459594727	1535.82177734375	814.0098876953127	44.03044509887696	
132	1.31	1381.525756835938	974.2522583007815	-332.5252380371094	1192.052001953125	974.0311279296877	-240.7756500244141	1200.709594726563	967.8759765625002	-139.1722869873047	1391.560424804688	955.1729125976565	-79.21204376220705	1318.189331054688	896.3753662109377	-401.2379150390626	1436.757446289063	481.9512634277345	-352.4425048828126	1442.401733398438	488.6957397460939	-219.0714569091797	1419.554809570313	415.3488159179689	-344.6207580566407	1486.757690429688	412.8481445312501	-291.2214660644532	1405.138549804688	65.64234161376955	-272.6706237792969	1434.713745117188	89.58266448974611	-185.6692504882813	1353.1416015625	17.56184387207032	-198.4794464111329	1563.880004882813	18.34336090087891	-199.1085968017579	1561.640502929688	37.01016235351563	-260.1620788574219	1510.670654296875	20.08257484436036	-313.6395263671876	1324.200927734375	851.5623168945315	-14.99566173553467	1278.420654296875	451.8653564453126	-20.62511062622071	1319.427001953125	423.1417236328126	-143.7057495117188	1229.927490234375	425.3919372558595	-21.40426063537598	1280.442993164063	365.4889831542969	-56.69226455688478	940.0349731445315	242.5170288085938	-86.20547485351564	990.5686035156252	207.3385467529297	-160.440902709961	894.728210449219	249.6605377197266	-161.8243713378907	967.7301025390627	61.06497192382814	-141.5872497558594	982.690368652344	74.73617553710939	-84.22646331787111	929.1529541015627	116.4384841918946	-38.19529342651368	1265.369262695313	1460.590454101563	-219.3441619873047	1182.411987304688	1209.3447265625	-186.3157043457032	1433.576293945313	1158.1513671875	-214.1196899414063	1384.381469726563	1363.53076171875	-225.1941223144532	1160.881713867188	1227.442626953125	-294.1848144531251	1195.151489257813	1384.775390625	-287.9162292480469	1232.694091796875	1383.744262695313	-382.9872436523438	1274.923583984375	1370.197021484375	-422.7666931152345	1175.02978515625	1071.032592773438	-431.5697021484376	1164.78759765625	1067.218017578125	-347.9123840332032	1139.641845703125	1045.451538085938	-410.2113037109376	1235.776489257813	813.3999023437502	-424.7379150390626	1171.389404296875	825.5716552734377	-468.6557006835939	1231.739868164063	709.4543457031251	-422.5867919921876	1141.501098632813	747.9428100585939	-464.5301513671876	1192.770751953125	1242.507568359375	-65.69852447509767	1221.158447265625	1393.102661132813	-98.74421691894534	1288.993530273438	1403.029663085938	-26.4401969909668	1336.20556640625	1402.396606445313	-12.91385364532471	1358.496337890625	1093.9814453125	75.24332427978517	1313.988159179688	1069.03955078125	-4.425123214721681	1325.724731445313	1033.818359375	55.0931854248047	1531.809204101563	912.7696533203127	-21.03897857666016	1505.082397460938	886.0133056640627	48.15242385864259	1608.511474609375	843.546325683594	-22.7680950164795	1536.476684570313	811.3403320312502	46.36584854125977	
133	1.32	1393.573608398438	975.7578125000002	-333.4044494628907	1203.741455078125	976.190856933594	-242.2329254150391	1212.072509765625	969.5203247070315	-140.8525848388672	1403.022338867188	957.448181152344	-79.94658660888673	1329.5380859375	897.850524902344	-402.2444458007814	1440.7978515625	481.4652099609376	-352.6466979980469	1446.47509765625	488.3831176757814	-219.0810852050782	1422.60302734375	415.1242675781251	-344.6521301269532	1490.043334960938	411.9840087890626	-291.2398071289063	1405.192626953125	65.63425445556642	-272.4411315917969	1434.833740234375	89.47434234619142	-185.4301147460938	1353.154296875	17.56787109375	-198.3237609863282	1563.924194335938	18.55062675476075	-198.9884948730469	1561.877197265625	37.08387756347657	-260.0327453613282	1510.705322265625	20.12964820861817	-313.6570739746094	1336.9736328125	852.8927001953127	-16.59151268005371	1304.204711914063	452.5746459960939	-20.41896438598633	1345.590209960938	424.5664062500001	-143.6712951660157	1255.762084960938	427.0339965820314	-20.98117065429688	1306.623168945313	366.4568176269532	-56.99594879150392	964.0355224609377	248.6072387695313	-86.50112152099611	1014.333190917969	212.3944396972657	-160.4119720458985	918.5000610351565	255.3320770263672	-162.2041320800782	990.0716552734377	66.10924530029298	-138.8241729736328	1005.754577636719	80.19213104248048	-82.1854705810547	952.6054687500002	124.0301818847657	-36.77386474609376	1277.654418945313	1462.540649414063	-220.7308807373047	1194.228881835938	1211.405883789063	-188.4037322998047	1445.538452148438	1159.982666015625	-214.5314331054688	1396.626831054688	1365.389038085938	-225.8310089111329	1173.561279296875	1229.76904296875	-297.1080017089844	1207.8896484375	1386.964965820313	-289.9584350585938	1246.126586914063	1385.990234375	-384.7655029296876	1288.803100585938	1372.334594726563	-424.1452026367189	1190.775634765625	1072.37548828125	-434.1535034179689	1179.83935546875	1068.544677734375	-350.6966247558594	1155.390502929688	1046.39208984375	-413.2516174316407	1255.188354492188	815.6572265625002	-426.8821716308595	1190.515869140625	826.637878417969	-470.6307067871095	1254.080322265625	711.8244018554689	-425.7571411132814	1162.530639648438	748.0487060546876	-466.6907653808595	1203.581909179688	1244.397338867188	-68.13774871826173	1232.6171875	1395.099487304688	-100.6045074462891	1299.908569335938	1404.949340820313	-27.80621147155762	1346.931762695313	1404.192749023438	-13.8332052230835	1366.235229492188	1095.71923828125	74.61663055419923	1321.177124023438	1071.227661132813	-5.02975606918335	1332.153686523438	1036.270874023438	54.82104110717775	1535.661254882813	909.7014770507815	-19.67960357666016	1508.046264648438	884.4372558593752	49.98745727539064	1609.559692382813	837.3372192382815	-21.15472793579102	1536.761840820313	808.7867431640627	48.92200088500978	
134	1.33	1405.418334960938	977.2048339843752	-334.2411499023438	1215.320434570313	978.2950439453127	-243.6104888916016	1223.355712890625	971.237487792969	-142.462875366211	1414.378540039063	959.7695312500002	-80.60292053222658	1340.6240234375	899.3017578125002	-403.1752929687501	1444.539672851563	481.0222473144532	-352.9510498046876	1450.321655273438	488.0494689941407	-219.2490997314454	1425.413940429688	414.9244689941407	-344.8115844726563	1493.017456054688	411.1505432128907	-291.4339904785157	1405.170166015625	65.57655334472658	-272.2917175292969	1434.8837890625	89.37380981445314	-185.3018951416016	1353.086181640625	17.56494140625	-198.210678100586	1563.911010742188	18.69840812683106	-198.9545593261719	1561.997924804688	37.07089614868165	-259.9739379882813	1510.65966796875	20.02335357666016	-313.7092285156251	1349.479858398438	854.4629516601565	-18.13460350036621	1329.906372070313	453.785125732422	-20.34429168701172	1371.665283203125	426.6493530273439	-143.7975769042969	1281.456787109375	429.0614318847657	-20.83220291137696	1332.955444335938	367.9646301269532	-57.45858383178712	988.9414062500002	253.397201538086	-86.73048400878908	1039.089233398438	216.545883178711	-160.400619506836	942.9855957031252	259.2236938476563	-162.4610900878907	1015.000610351563	70.33139801025392	-136.2061614990235	1031.26513671875	85.11907958984376	-80.22853088378908	978.1562500000002	130.1785736083985	-35.32998657226563	1289.83837890625	1464.426147460938	-222.0701751708985	1205.898315429688	1213.41845703125	-190.4905853271485	1457.302612304688	1161.697265625	-214.8213500976563	1408.762573242188	1367.144775390625	-226.3537597656251	1186.156127929688	1232.140625	-300.1390075683594	1220.576171875	1389.154174804688	-292.0443115234376	1259.607543945313	1388.2265625	-386.5838928222657	1302.8046875	1374.4384765625	-425.4773864746095	1206.857666015625	1073.654907226563	-436.8893432617189	1195.002807617188	1069.797729492188	-353.6954650878907	1171.446166992188	1047.24951171875	-416.5416259765626	1275.027709960938	817.9495849609377	-429.0358886718751	1210.136840820313	827.6678466796877	-472.6943359375001	1276.960571289063	714.3265380859376	-428.9406738281251	1184.1494140625	748.1083374023439	-468.928436279297	1214.166625976563	1246.237548828125	-70.64994049072267	1243.916748046875	1397.030883789063	-102.4486083984375	1310.640991210938	1406.772827148438	-29.12079429626466	1357.469482421875	1405.875244140625	-14.67578029632569	1373.773193359375	1097.345336914063	73.98767852783205	1328.169555664063	1073.2861328125	-5.645179271697999	1338.390747070313	1038.671264648438	54.53684997558595	1539.166015625	906.5933837890627	-18.18140029907227	1510.708984375	882.9071044921877	51.96586227416994	1610.138671875	831.1879882812502	-19.35836982727051	1536.72705078125	806.359313964844	51.68373870849611	
135	1.34	1417.06005859375	978.6162109375002	-335.0805053710938	1226.808837890625	980.3179321289065	-244.8900451660157	1234.6064453125	973.018249511719	-143.9668426513672	1425.687622070313	962.1066894531252	-81.25816345214845	1351.43603515625	900.699157714844	-404.048797607422	1448.066162109375	480.6323852539064	-353.3438110351563	1453.98828125	487.7044982910157	-219.5598297119141	1428.0791015625	414.7638244628907	-345.0899963378907	1495.752075195313	410.3601989746095	-291.7673339843751	1405.104248046875	65.4887161254883	-272.2108764648438	1434.885620117188	89.28672790527345	-185.2665252685547	1352.97021484375	17.55903053283692	-198.1440887451172	1563.851928710938	18.76940536499024	-198.9853057861329	1562.029541015625	36.97703170776368	-259.9744567871094	1510.5546875	19.80303573608399	-313.7998352050782	1361.819213867188	856.2561035156252	-19.61500358581543	1355.456787109375	455.4542541503907	-20.37951469421387	1397.591918945313	429.3468017578126	-144.0619354248047	1306.973754882813	431.396209716797	-20.93313217163086	1359.37646484375	369.9850769042969	-58.0531692504883	1014.669738769531	256.7581176757813	-86.86054992675783	1064.750244140625	219.6821746826172	-160.3993835449219	968.110046386719	261.3007202148438	-162.5599060058594	1042.324951171875	73.59365081787111	-133.8782196044922	1059.019897460938	89.31900787353517	-78.48279571533205	1005.625793457031	134.7004699707032	-33.9514503479004	1301.9208984375	1466.230346679688	-223.3497924804688	1217.451538085938	1215.35009765625	-192.5396575927735	1468.88134765625	1163.302368164063	-215.0119018554688	1420.790893554688	1368.78955078125	-226.7801055908204	1198.666748046875	1234.517700195313	-303.2073059082032	1233.193359375	1391.307861328125	-294.1347656250001	1273.09716796875	1390.423706054688	-388.4129943847657	1316.875610351563	1376.493896484375	-426.7463989257814	1223.275634765625	1074.859741210938	-439.7625732421876	1210.27685546875	1070.946166992188	-356.8939819335938	1187.817138671875	1048.00146484375	-420.0628662109376	1295.273193359375	820.2652587890627	-431.1720275878907	1230.269165039063	828.669616699219	-474.8668518066407	1300.28564453125	716.9470214843751	-432.0671997070314	1206.338500976563	748.1649780273439	-471.2846984863282	1224.590087890625	1248.017333984375	-73.18448638916017	1255.086547851563	1398.877319335938	-104.2543106079102	1321.226928710938	1408.493774414063	-30.38639831542969	1367.857788085938	1407.443359375	-15.44751834869385	1381.111328125	1098.853393554688	73.34737396240236	1334.990478515625	1075.2265625	-6.291112422943117	1344.444458007813	1041.009887695313	54.21960449218751	1542.32080078125	903.4497070312502	-16.54465675354004	1513.077270507813	881.4109497070315	54.06522750854494	1610.30712890625	825.158874511719	-17.35139656066895	1536.415771484375	804.059753417969	54.63090896606447	
136	1.35	1428.50146484375	980.0010986328127	-335.9670104980469	1238.222778320313	982.232604980469	-246.0611877441407	1245.861083984375	974.8400878906252	-145.3379364013672	1436.997802734375	964.4263916015627	-81.98677062988283	1361.971069335938	902.0041503906252	-404.8833618164064	1451.437377929688	480.2937316894532	-353.8007202148438	1457.506469726563	487.3557434082032	-219.9781341552735	1430.660400390625	414.6492004394532	-345.4609069824219	1498.306030273438	409.6198730468751	-292.1891174316407	1405.025390625	65.3908157348633	-272.1784667968751	1434.864135742188	89.21533203125001	-185.298583984375	1352.842895507813	17.55590248107911	-198.118637084961	1563.761352539063	18.76261329650879	-199.0579376220704	1562.00146484375	36.81998443603516	-260.0191040039063	1510.412841796875	19.51519966125489	-313.9239807128907	1374.092529296875	858.244079589844	-21.02324104309082	1380.800903320313	457.5233459472657	-20.50452041625977	1423.31396484375	432.5957336425782	-144.4481811523438	1332.305419921875	433.9378662109376	-21.25201225280762	1385.83349609375	372.4682312011719	-58.76324844360353	1041.147094726563	258.5996093750001	-86.87385559082033	1091.233764648438	221.7228698730469	-160.4101257324219	993.8175048828127	261.5686645507813	-162.4794006347657	1071.82568359375	75.81733703613283	-131.9674682617188	1088.78955078125	92.63723754882814	-77.0629119873047	1034.826171875	137.491439819336	-32.72333145141602	1313.904174804688	1467.938232421875	-224.5567626953126	1228.916015625	1217.171264648438	-194.5215759277344	1480.2880859375	1164.805908203125	-215.1297302246094	1432.715698242188	1370.316284179688	-227.1272430419922	1211.093994140625	1236.857177734375	-306.2450866699219	1245.724487304688	1393.39111328125	-296.1903991699219	1286.5546875	1392.552612304688	-390.2213439941407	1330.959594726563	1378.488037109375	-427.9360961914064	1240.022827148438	1075.98291015625	-442.7576904296876	1225.6630859375	1071.960693359375	-360.2722778320313	1204.508178710938	1048.629516601563	-423.7910461425782	1315.9052734375	822.596862792969	-433.2647399902345	1250.928588867188	829.6555175781252	-477.1646423339845	1323.970703125	719.6704711914064	-435.0706176757814	1229.081909179688	748.2622070312501	-473.7981567382814	1234.91455078125	1249.72021484375	-75.69582366943361	1266.154052734375	1400.618286132813	-106.002311706543	1331.697021484375	1410.10205078125	-31.60542869567872	1378.129516601563	1408.894653320313	-16.15195655822754	1388.252075195313	1100.237670898438	72.68890380859376	1341.671264648438	1077.060668945313	-6.983617305755617	1350.327514648438	1043.277099609375	53.84972763061525	1545.124267578125	900.2720336914065	-14.77040100097657	1515.158325195313	879.933776855469	56.26131057739259	1610.12744140625	819.296325683594	-15.11006164550782	1535.866333007813	801.8824462890627	57.73833084106447	
137	1.36	1439.74853515625	981.3538208007815	-336.9397583007813	1249.575317382813	984.0114746093752	-247.1192016601563	1257.143920898438	976.6669921875002	-146.5594940185547	1448.344482421875	966.692810058594	-82.85227966308595	1372.235961914063	903.1762695312502	-405.6956787109376	1454.693725585938	479.9962158203126	-354.2901000976563	1460.899169921875	487.0092163085939	-220.4575805664063	1433.193481445313	414.5815429687501	-345.8865966796876	1500.726318359375	408.9309387207032	-292.6442871093751	1404.959228515625	65.30142211914064	-272.1700744628907	1434.845458984375	89.15860748291017	-185.3697967529297	1352.738525390625	17.56131935119629	-198.1223754882813	1563.655639648438	18.68812942504883	-199.1511993408204	1561.94189453125	36.6232032775879	-260.0912475585938	1510.255493164063	19.20585441589356	-314.0706787109376	1386.392333984375	860.388366699219	-22.35125923156739	1405.89599609375	459.9246520996095	-20.70291137695313	1448.77587890625	436.3183593750001	-144.946533203125	1357.464965820313	436.5742797851564	-21.75304794311524	1412.279663085938	375.3470153808594	-59.58199691772462	1068.311645507813	258.8703308105469	-86.77001953125001	1118.46630859375	222.6181182861329	-160.4424591064453	1020.073120117188	260.0640563964844	-162.2149505615235	1103.276123046875	76.98119354248048	-130.5728149414063	1120.336303710938	94.96883392333986	-76.06111145019533	1065.57470703125	138.5241394042969	-31.72097396850587	1325.793090820313	1469.535888671875	-225.6789550781251	1240.314453125	1218.857299804688	-196.4150390625001	1491.53759765625	1166.214233398438	-215.2052307128907	1444.542114257813	1371.718383789063	-227.4113159179688	1223.438354492188	1239.115356445313	-309.1917724609376	1258.155517578125	1395.370483398438	-298.1744079589844	1299.94091796875	1394.585083007813	-391.9780273437501	1345.001220703125	1380.409423828125	-429.0328369140626	1257.086303710938	1077.019775390625	-445.8590698242189	1241.165161132813	1072.815063476563	-363.8071899414063	1221.518676757813	1049.119750976563	-427.6974182128907	1336.904418945313	824.9407348632815	-435.2908020019532	1272.124755859375	830.640808105469	-479.5979614257814	1347.943603515625	722.4804687500001	-437.8930969238282	1252.363159179688	748.4405517578126	-476.4994201660157	1245.196166992188	1251.323364257813	-78.1453323364258	1277.1435546875	1402.232788085938	-107.6772079467774	1342.077270507813	1411.584594726563	-32.77959823608399	1388.310913085938	1410.223388671875	-16.79059028625489	1395.200805664063	1101.492065429688	72.00794219970705	1348.248046875	1078.796997070313	-7.734389781951906	1356.056518554688	1045.462036132813	53.41006088256837	1547.579711914063	897.0601806640627	-12.86072158813477	1516.961181640625	878.458923339844	58.52921676635744	1609.664184570313	813.6328125000002	-12.61699867248536	1535.111938476563	799.816101074219	60.97629547119142	
138	1.37	1450.809936523438	982.654479980469	-338.0281066894532	1260.878051757813	985.6274414062502	-248.0626220703126	1268.467163085938	978.4514160156252	-147.6239318847657	1459.749389648438	968.8682861328127	-83.90069580078126	1382.24951171875	904.1790161132815	-406.4993896484376	1457.860229492188	479.7253723144532	-354.7778015136719	1464.187133789063	486.6696777343751	-220.948715209961	1435.693603515625	414.557586669922	-346.3247680664063	1503.049926757813	408.2901611328126	-293.0820617675782	1404.924438476563	65.23609161376955	-272.1612243652344	1434.853881835938	89.11318969726564	-185.4532775878907	1352.68359375	17.58093070983887	-198.1399383544922	1563.550170898438	18.56248855590821	-199.2475738525391	1561.875610351563	36.41089248657227	-260.1749267578126	1510.100952148438	18.91464614868164	-314.2257995605469	1398.795166015625	862.642028808594	-23.59356307983399	1430.708862304688	462.5874023437501	-20.96409225463868	1473.919555664063	440.4266662597657	-145.5525970458985	1382.474975585938	439.1926574707032	-22.40037536621094	1438.669677734375	378.5427856445313	-60.50936889648439	1096.115234375	257.5564270019532	-86.56533050537111	1146.386108398438	222.3470306396485	-160.5113220214844	1046.863159179688	256.8453674316407	-161.7792358398438	1136.456909179688	77.11425018310548	-129.7576446533203	1153.428955078125	96.25983428955081	-75.54010009765626	1097.7041015625	137.8410339355469	-31.00424766540528	1337.595458984375	1471.009887695313	-226.7065887451172	1251.664306640625	1220.388793945313	-198.2068328857422	1502.64697265625	1167.52880859375	-215.2714843750001	1456.276977539063	1372.988525390625	-227.6468963623047	1235.699951171875	1241.249633789063	-311.9977416992188	1270.4765625	1397.2158203125	-300.0553283691407	1313.220703125	1396.494506835938	-393.6549682617189	1358.948486328125	1382.24609375	-430.0267639160157	1274.447875976563	1077.968505859375	-449.0514221191407	1256.788330078125	1073.48681640625	-367.4735412597657	1238.843383789063	1049.463500976563	-431.750457763672	1358.248901367188	827.296569824219	-437.231170654297	1293.858520507813	831.6423950195315	-482.1694641113282	1372.1455078125	725.3609619140626	-440.4884033203126	1276.164184570313	748.7351074218751	-479.4073486328126	1255.482299804688	1252.7998046875	-80.50225067138673	1288.077392578125	1403.699951171875	-109.2678527832032	1352.390014648438	1412.92529296875	-33.90935897827149	1398.423217773438	1411.419067382813	-17.36364936828614	1401.9658203125	1102.609130859375	71.3022918701172	1354.759643554688	1080.437866210938	-8.550717353820803	1361.652465820313	1047.552612304688	52.8866539001465	1549.697875976563	893.8128662109377	-10.81921768188477	1518.499389648438	876.9702758789065	60.84460830688478	1608.981079101563	808.1870727539065	-9.863048553466799	1534.182373046875	797.8460083007815	64.31147766113283	
139	1.38	1461.69775390625	983.871276855469	-339.2486572265626	1272.140869140625	987.0557861328127	-248.8911437988282	1279.83251953125	980.1389160156252	-148.5314178466797	1471.220703125	970.914978027344	-85.15630340576173	1392.042114257813	904.9839477539065	-407.3039550781251	1460.953125	479.465301513672	-355.2318115234376	1467.391723632813	486.340301513672	-221.4059448242188	1438.162963867188	414.5712890625001	-346.7343444824219	1505.30615234375	407.6905212402345	-293.4616394042969	1404.932250976563	65.20639801025392	-272.1311035156251	1434.909057617188	89.0746536254883	-185.5265350341797	1352.694213867188	17.61995315551758	-198.1557617187501	1563.458618164063	18.4047908782959	-199.3347473144532	1561.822265625	36.20438385009766	-260.2565612792969	1509.962646484375	18.67110443115235	-314.3748168945313	1411.35595703125	864.952087402344	-24.74829292297364	1455.212768554688	465.4425659179689	-21.28504753112793	1498.68359375	444.8265075683595	-146.2659606933594	1407.355590820313	441.6900024414064	-23.16133499145508	1464.955688476563	381.9715576171876	-61.54819488525392	1124.524658203125	254.6780090332032	-86.29058837890626	1174.946166992188	220.9141845703126	-160.6341857910157	1074.195068359375	251.9851989746094	-161.2012023925782	1171.166381835938	76.28474426269533	-129.5462341308594	1187.855712890625	96.50397491455081	-75.52919769287111	1131.068725585938	135.542724609375	-30.61356353759766	1349.321655273438	1472.346923828125	-227.633285522461	1262.977661132813	1221.752197265625	-199.8911285400391	1513.636596679688	1168.7451171875	-215.3625793457032	1467.92919921875	1374.119384765625	-227.8466186523438	1247.879028320313	1243.2216796875	-314.6265258789063	1282.682006835938	1398.901123046875	-301.8084716796876	1326.365356445313	1398.256713867188	-395.2286682128907	1372.757202148438	1383.986206054688	-430.9124450683595	1292.083740234375	1078.828125	-452.3196105957032	1272.538452148438	1073.959228515625	-371.2457580566407	1256.471069335938	1049.657470703125	-435.9175720214845	1379.914184570313	829.6665649414065	-439.0718994140626	1316.1181640625	832.6782836914065	-484.8734741210939	1396.529541015625	728.2981567382814	-442.8246154785157	1300.461791992188	749.1742553710939	-482.5263061523439	1265.810424804688	1254.119262695313	-82.7437210083008	1298.974975585938	1405.000610351563	-110.7670822143555	1362.65576171875	1414.1064453125	-34.99353790283204	1408.484741210938	1412.467529296875	-17.87108802795411	1408.559936523438	1103.581176757813	70.57125854492189	1361.2451171875	1081.979248046875	-9.435887336730959	1367.140502929688	1049.535034179688	52.269344329834	1551.500122070313	890.5292968750002	-8.651540756225588	1519.791259765625	875.4538574218752	63.18470764160158	1608.13916015625	802.9663085937502	-6.848312377929689	1533.104370117188	795.955993652344	67.70824432373048	
140	1.39	1472.427124023438	984.9649658203127	-340.6038208007813	1283.372314453125	988.276062011719	-249.604476928711	1291.233520507813	981.6735839843752	-149.288314819336	1482.755493164063	972.7957763671877	-86.62014770507814	1401.653686523438	905.5732421875002	-408.1139526367189	1463.984741210938	479.2010192871095	-355.6252746582032	1470.535522460938	486.0223999023439	-221.7925567626954	1440.598999023438	414.6149291992189	-347.0804138183594	1507.51904296875	407.1224365234376	-293.7550659179688	1404.986450195313	65.21949005126955	-272.0651855468751	1435.0234375	89.03885650634767	-185.5734100341797	1352.77294921875	17.68272018432618	-198.1566314697266	1563.391235351563	18.23380088806153	-199.405990600586	1561.794799804688	36.01992797851563	-260.3261718750001	1509.848999023438	18.49296951293946	-314.5052490234376	1424.106323242188	867.2622680664065	-25.81790733337403	1479.383422851563	468.4258728027345	-21.67153549194336	1523.004150390625	449.4210815429689	-147.0885772705078	1432.114013671875	443.980926513672	-24.00889015197755	1491.085327148438	385.5491943359376	-62.70048141479494	1153.522094726563	250.2846984863282	-85.98739624023439	1204.116088867188	218.3457031250001	-160.8286437988282	1102.096557617188	245.5649414062501	-160.523666381836	1207.225952148438	74.58723449707033	-129.9239196777344	1223.431274414063	95.73646545410158	-76.02374267578126	1165.546264648438	131.7743377685547	-30.56783676147462	1360.98388671875	1473.533447265625	-228.4567260742188	1274.26171875	1222.939697265625	-201.4683837890626	1524.530029296875	1169.851806640625	-215.5112609863282	1479.509033203125	1375.1025390625	-228.0209503173829	1259.976196289063	1244.999145507813	-317.0557556152344	1294.771484375	1400.4052734375	-303.4171142578126	1339.353759765625	1399.851196289063	-396.6813964843751	1386.392700195313	1385.6171875	-431.6890869140626	1309.96533203125	1079.598999023438	-455.6479492187501	1288.41943359375	1074.222045898438	-375.0987854003907	1274.384887695313	1049.70458984375	-440.1665344238282	1401.871215820313	832.0550537109377	-440.8048706054689	1338.878662109375	833.7664794921877	-487.696014404297	1421.060668945313	731.2822265625001	-444.8853759765626	1325.227172851563	749.7789306640626	-485.8452758789064	1276.20751953125	1255.251586914063	-84.85433197021486	1309.853881835938	1406.1171875	-112.1710891723633	1372.894775390625	1415.110473632813	-36.02928924560548	1418.512939453125	1413.350708007813	-18.31358146667481	1415.000732421875	1104.399780273438	69.81481933593751	1367.740966796875	1083.410400390625	-10.38979530334473	1372.548461914063	1051.394775390625	51.55210876464845	1553.019775390625	887.2100219726565	-6.365945816040041	1520.86083984375	873.8996582031252	65.52902221679689	1607.1943359375	797.9678955078127	-3.582398653030396	1531.90283203125	794.1309814453127	71.13014221191408	
141	1.4	1483.016845703125	985.8931884765627	-342.0815124511719	1294.579345703125	989.2739257812502	-250.2021636962891	1302.657958984375	983.0037841796877	-149.9055938720703	1494.342163085938	974.476257324219	-88.27127838134767	1411.131225585938	905.9401855468752	-408.928924560547	1466.967651367188	478.9200439453126	-355.9386901855469	1473.641723632813	485.7151489257814	-222.0833892822266	1442.999877929688	414.6799316406251	-347.3374328613282	1509.708984375	406.5747680664064	-293.9474182128907	1405.084594726563	65.27808380126955	-271.9562683105469	1435.201904296875	89.00289916992189	-185.5844268798828	1352.910278320313	17.77227973937989	-198.1334533691407	1563.354370117188	18.06595802307129	-199.4597930908204	1561.799926757813	35.86767959594727	-260.3777770996094	1509.763549804688	18.38632965087891	-314.6082458496094	1437.053833007813	869.5166015625002	-26.80929946899415	1503.1953125	471.4788208007814	-22.13837432861328	1546.816284179688	454.1140747070314	-148.0235748291016	1456.736572265625	446.0020141601564	-24.9231071472168	1517.000366210938	389.1960449218751	-63.96495056152345	1183.103881835938	244.4514312744141	-85.7034378051758	1233.882934570313	214.6857604980469	-161.1103210449219	1130.61376953125	237.6722564697266	-159.7996063232422	1244.480590820313	72.12991333007814	-130.8404998779297	1260.0009765625	94.02622222900392	-76.9874954223633	1201.037231445313	126.7114715576172	-30.86433410644532	1372.595581054688	1474.556030273438	-229.1786651611329	1285.520141601563	1223.948486328125	-202.9437866210938	1535.35400390625	1170.831176757813	-215.7461547851563	1491.02880859375	1375.929321289063	-228.1780090332032	1271.993286132813	1246.55810546875	-319.2763366699219	1306.750122070313	1401.712890625	-304.8722534179688	1352.173828125	1401.260986328125	-398.0015258789064	1399.83154296875	1387.12646484375	-432.3600158691407	1328.06005859375	1080.28271484375	-459.0195922851564	1304.432739257813	1074.272705078125	-379.0089721679688	1292.5615234375	1049.613037109375	-444.4667053222657	1424.086669921875	834.468200683594	-442.4278259277345	1362.100830078125	834.924499511719	-490.6154785156251	1445.712646484375	734.3088378906251	-446.6702880859376	1350.423583984375	750.5629272460939	-489.3385009765626	1286.691040039063	1256.169067382813	-86.8253860473633	1320.730590820313	1407.035400390625	-113.478515625	1383.128784179688	1415.920166015625	-37.01238250732423	1428.5263671875	1414.047729492188	-18.69331169128418	1421.311157226563	1105.057495117188	69.03289031982423	1374.279418945313	1084.716552734375	-11.40958690643311	1377.906616210938	1053.117919921875	50.73316955566408	1554.303344726563	883.8585205078127	-3.973759651184083	1521.737915039063	872.3026123046877	67.85968017578126	1606.1962890625	793.182312011719	-0.08394813537597658	1530.6015625	792.3586425781252	74.54143524169923	
142	1.41	1493.4892578125	986.6154785156252	-343.6567077636719	1305.766723632813	990.0422973632815	-250.6842346191407	1314.0908203125	984.087829589844	-150.3975372314453	1505.9638671875	975.9261474609377	-90.0701370239258	1420.524780273438	906.0880126953127	-409.7436828613282	1469.917236328125	478.6127929687501	-356.1603698730469	1476.732299804688	485.4160156250001	-222.2657165527344	1445.369262695313	414.7574462890626	-347.4907226562501	1511.893920898438	406.0359802246095	-294.0354309082032	1405.219116210938	65.38087463378908	-271.8042907714844	1435.4404296875	88.96549224853517	-185.5560302734375	1353.085815429688	17.89012145996094	-198.0817565917969	1563.3505859375	17.9141902923584	-199.4989624023438	1561.83837890625	35.75168609619141	-260.4093322753907	1509.705322265625	18.34717178344727	-314.6794128417969	1450.185180664063	871.6621093750002	-27.73322296142579	1526.618286132813	474.5480346679689	-22.70846557617188	1570.057006835938	458.8116760253907	-149.0741882324219	1481.18603515625	447.7125854492189	-25.89174461364747	1542.638671875	392.8399353027345	-65.33632659912111	1213.280639648438	237.2747802734376	-85.48731994628908	1264.250610351563	209.9940643310547	-161.491455078125	1159.809204101563	228.4011840820313	-159.0877990722657	1282.797729492188	69.02436828613283	-132.2162780761719	1297.440673828125	91.46812438964845	-78.35720825195314	1237.46142578125	120.5474319458008	-31.48026084899903	1384.170288085938	1475.401245117188	-229.8043060302735	1296.75341796875	1224.780029296875	-204.3255310058594	1546.137451171875	1171.660034179688	-216.089096069336	1502.50146484375	1376.590454101563	-228.3235473632813	1283.933959960938	1247.882934570313	-321.2909240722657	1318.627563476563	1402.81396484375	-306.1722412109376	1364.822631835938	1402.473754882813	-399.1835021972657	1413.062744140625	1388.501098632813	-432.9317932128907	1346.331420898438	1080.881958007813	-462.4160766601564	1320.57568359375	1074.116821289063	-382.9543457031251	1310.971435546875	1049.395629882813	-448.7896118164064	1446.52294921875	836.9134521484377	-443.9442443847657	1385.732421875	836.1684570312502	-493.603973388672	1470.466552734375	737.3801269531251	-448.1937561035157	1376.00634765625	751.5339965820314	-492.967498779297	1297.26953125	1256.848754882813	-88.65401458740236	1331.620361328125	1407.743896484375	-114.689567565918	1393.381469726563	1416.520751953125	-37.93781661987305	1438.5458984375	1414.537231445313	-19.01440620422364	1427.518676757813	1105.547485351563	68.22490692138673	1380.887084960938	1085.879638671875	-12.49021530151368	1383.246337890625	1054.691284179688	49.81483840942384	1555.410034179688	880.4820556640627	-1.489656805992127	1522.456909179688	870.6628417968752	70.16141510009767	1605.187133789063	788.5952148437502	3.620408058166505	1529.223876953125	790.630798339844	77.90840911865236	
143	1.42	1503.8701171875	987.097595214844	-345.2942199707032	1316.938110351563	990.5816040039065	-251.0525512695313	1325.51708984375	984.8972778320315	-150.7805633544922	1517.601684570313	977.1203613281252	-91.96350860595705	1429.88427734375	906.0281982421877	-410.549285888672	1472.852661132813	478.2727966308595	-356.2862854003907	1479.826782226563	485.1210327148439	-222.3383026123047	1447.717651367188	414.8386840820314	-347.5362548828126	1514.089965820313	405.4946594238282	-294.0249328613282	1405.379272460938	65.52324676513673	-271.6148071289063	1435.727905273438	88.92672729492189	-185.4889373779297	1353.272338867188	18.03609085083008	-198.0013275146485	1563.379028320313	17.78732490539551	-199.5291290283204	1561.90625	35.67057037353516	-260.4224243164063	1509.670776367188	18.3637924194336	-314.7189331054688	1463.468994140625	873.6514892578127	-28.60310173034669	1549.614135742188	477.5838928222657	-23.41033363342286	1592.666381835938	463.4241638183595	-150.2434234619141	1505.40185546875	449.0919189453126	-26.91012191772462	1567.935180664063	396.4182434082032	-66.80642700195314	1244.074829101563	228.8706054687501	-85.38354492187501	1295.239868164063	204.3449401855469	-161.9802856445313	1189.759155273438	217.8545837402344	-158.4482727050782	1322.064208984375	65.37912750244142	-133.9498596191407	1335.655151367188	88.17636108398439	-80.04895782470705	1274.754150390625	113.4832229614258	-32.37571716308594	1395.721435546875	1476.056518554688	-230.341293334961	1307.961059570313	1225.438842773438	-205.6229858398438	1556.910034179688	1172.3125	-216.5525970458985	1513.94091796875	1377.077026367188	-228.4610900878907	1295.804443359375	1248.967163085938	-323.1111755371094	1330.417358398438	1403.703125	-307.3214416503907	1377.306640625	1403.482177734375	-400.2272338867189	1426.087768554688	1389.72900390625	-433.4129333496095	1364.73974609375	1081.40087890625	-465.8171997070314	1336.841430664063	1073.767700195313	-386.9144897460939	1329.579956054688	1049.068725585938	-453.1091613769532	1469.139282226563	839.3991699218752	-445.3624877929689	1409.709350585938	837.5126953125002	-496.6290893554689	1495.307739257813	740.5046386718751	-449.4830017089845	1401.922607421875	752.6947631835939	-496.6840820312501	1307.944580078125	1257.274536132813	-90.34230041503908	1342.537353515625	1408.23486328125	-115.8051834106446	1403.677978515625	1416.899291992188	-38.80056762695313	1448.595336914063	1414.79833984375	-19.28289985656739	1433.654418945313	1105.864868164063	67.38964080810548	1387.584106445313	1086.882446289063	-13.62488746643067	1388.598876953125	1056.1044921875	48.80315017700197	1556.409057617188	877.0918579101565	1.068330645561218	1523.056640625	868.9855957031252	72.42111206054689	1604.201904296875	784.189880371094	7.497445583343508	1527.793579101563	788.9440917968752	81.2003860473633	
144	1.43	1514.1884765625	987.3142700195315	-346.9520874023438	1328.095825195313	990.8989257812502	-251.3120727539063	1336.923461914063	985.4185791015627	-151.0723571777344	1529.2373046875	978.0398559570315	-93.89034271240236	1439.255126953125	905.7773437500002	-411.3340759277345	1475.796875	477.8960876464845	-356.3187866210938	1482.942504882813	484.825408935547	-222.3095245361329	1450.062744140625	414.9154052734376	-347.4793090820313	1516.312255859375	404.9399719238282	-293.9283752441407	1405.552978515625	65.69828033447267	-271.3968811035157	1436.0478515625	88.8873748779297	-185.3861999511719	1353.441528320313	18.20855522155762	-197.8948822021485	1563.436279296875	17.6899642944336	-199.5571899414063	1561.996704101563	35.61863708496094	-260.4212646484376	1509.653930664063	18.41966629028321	-314.7308349609376	1476.860107421875	875.4444580078127	-29.4333724975586	1572.134521484375	480.5382690429689	-24.27429389953614	1614.59033203125	467.8665466308595	-151.5337066650391	1529.30419921875	450.134246826172	-27.98051452636719	1592.825073242188	399.8786926269532	-68.3662796020508	1275.519165039063	219.3730468750001	-85.42833709716798	1326.885375976563	197.8280181884766	-162.5808563232422	1220.550537109375	206.1481018066407	-157.9380340576172	1362.183227539063	61.29802322387697	-135.9269561767578	1374.572875976563	84.27967071533205	-81.96536254882814	1312.8623046875	105.7207717895508	-33.49771118164063	1407.26171875	1476.511352539063	-230.7982788085938	1319.142700195313	1225.930419921875	-206.8450012207032	1567.699462890625	1172.761962890625	-217.1382904052735	1525.360961914063	1377.380493164063	-228.5920715332032	1307.614624023438	1249.81201171875	-324.7546691894532	1342.13671875	1404.37939453125	-308.3288879394532	1389.64013671875	1404.282592773438	-401.1370849609376	1438.9189453125	1390.798583984375	-433.812713623047	1383.242797851563	1081.844970703125	-469.201629638672	1353.21875	1073.244873046875	-390.8701477050782	1348.347534179688	1048.64990234375	-457.4014587402345	1491.891967773438	841.934265136719	-446.6949157714845	1433.958984375	838.9688720703127	-499.6559143066407	1520.223754882813	743.6969604492189	-450.5750122070314	1428.112060546875	754.0444335937501	-500.434051513672	1318.71240234375	1257.4384765625	-91.89617919921876	1353.495483398438	1408.503784179688	-116.826530456543	1414.044189453125	1417.046142578125	-39.59626388549805	1458.700805664063	1414.813110351563	-19.50623321533203	1439.752685546875	1106.006591796875	66.52553558349611	1394.385009765625	1087.709350585938	-14.80539798736573	1393.994995117188	1057.349609375	47.7073097229004	1557.375732421875	873.703063964844	3.679086446762086	1523.5791015625	867.2803344726565	74.62719726562501	1603.268676757813	779.9492187500002	11.50888633728028	1526.335083007813	787.2995605468752	84.39027404785158	
145	1.44	1524.476440429688	987.251647949219	-348.5857849121094	1339.242919921875	991.0064697265627	-251.4718933105469	1348.30078125	985.6525878906252	-151.2910766601563	1540.855590820313	978.672546386719	-95.7876663208008	1448.675903320313	905.355163574219	-412.0855102539064	1478.774536132813	477.4808654785157	-356.2652893066407	1486.095092773438	484.5240173339845	-222.1947479248047	1452.4267578125	414.9800415039064	-347.3319396972657	1518.575073242188	404.3619995117189	-293.7621765136719	1405.728881835938	65.89790344238283	-271.1604003906251	1436.381469726563	88.84799957275392	-185.2514038085938	1353.568237304688	18.40476417541504	-197.7663879394532	1563.517333984375	17.62263107299805	-199.5897369384766	1562.100952148438	35.58721160888673	-260.4118957519532	1509.648071289063	18.49631690979004	-314.7218933105469	1490.303100585938	877.0085449218752	-30.23766326904298	1594.119995117188	483.3624572753907	-25.32774734497071	1635.781372070313	472.0587158203126	-152.9469909667969	1552.801025390625	450.8423767089845	-29.11124229431153	1617.2451171875	403.1793212890626	-70.0084686279297	1307.654663085938	208.9345092773438	-85.6466751098633	1359.233520507813	190.5501556396485	-163.2933959960938	1252.277954101563	193.4147033691407	-157.6075592041016	1403.072631835938	56.88328170776369	-138.0292358398438	1414.141235351563	79.91897583007814	-84.0033416748047	1351.740478515625	97.45965576171878	-34.78485870361329	1418.802734375	1476.757568359375	-231.1836853027344	1330.299072265625	1226.260498046875	-207.9982910156251	1578.530517578125	1172.984252929688	-217.8363647460938	1536.775512695313	1377.4931640625	-228.7160797119141	1319.376953125	1250.425170898438	-326.2418518066407	1353.804809570313	1404.844970703125	-309.2065124511719	1401.8447265625	1404.875732421875	-401.9207763671876	1451.578369140625	1391.699340820313	-434.1400146484376	1401.796630859375	1082.220581054688	-472.5477294921876	1369.69384765625	1072.571533203125	-394.8024291992189	1367.23095703125	1048.156860351563	-461.6441955566407	1514.736572265625	844.5277099609377	-447.9567260742189	1458.402465820313	840.5455322265627	-502.6490478515626	1545.202392578125	746.9758911132814	-451.5131225585939	1454.508178710938	755.5797119140626	-504.1611938476564	1329.5654296875	1257.341552734375	-93.32434844970705	1364.507446289063	1408.549560546875	-117.7546463012696	1424.5048828125	1416.954833984375	-40.3216781616211	1468.88916015625	1414.568237304688	-19.69240379333496	1445.8486328125	1105.972045898438	65.6312942504883	1401.299194335938	1088.349243164063	-16.02237892150879	1399.463745117188	1058.422607421875	46.53903579711915	1558.38623046875	870.3336181640627	6.318931579589846	1524.06884765625	865.5593261718752	76.76889038085939	1602.410522460938	775.8569335937502	15.61288356781006	1524.875732421875	785.7025146484377	87.4546356201172	
146	1.45	1534.767822265625	986.9073486328127	-350.1519775390626	1350.382934570313	990.9195556640627	-251.5455780029297	1359.644653320313	985.6123046875002	-151.4547576904297	1552.446411132813	979.0129394531252	-97.59606933593753	1458.176147460938	904.7817382812502	-412.7919006347657	1481.81103515625	477.0266418457032	-356.1367492675782	1489.30029296875	484.2114257812501	-222.0136260986329	1454.834716796875	415.025848388672	-347.1104125976563	1520.892700195313	403.7514648437501	-293.5448303222657	1405.897705078125	66.11409759521486	-270.9138793945313	1436.71142578125	88.80833435058595	-185.0873718261719	1353.636474609375	18.62151336669922	-197.6192169189454	1563.6162109375	17.58219146728516	-199.6318359375001	1562.210693359375	35.56601715087891	-260.4011230468751	1509.646728515625	18.57589721679688	-314.7001953125001	1503.737182617188	878.3181152343752	-31.0271339416504	1615.50244140625	486.0052185058595	-26.59061431884766	1656.198852539063	475.9254760742189	-154.4846801757813	1575.794677734375	451.2214965820314	-30.31567764282227	1641.134643554688	406.2874145507814	-71.7285614013672	1340.526733398438	197.7262573242188	-86.0509719848633	1392.336303710938	182.6378479003907	-164.114990234375	1285.038696289063	179.8088531494141	-157.4980773925782	1444.662353515625	52.2424659729004	-140.1429138183594	1454.320068359375	75.24719238281251	-86.06175231933595	1391.348876953125	88.8968963623047	-36.1723976135254	1430.355102539063	1476.79052734375	-231.5045471191407	1341.434204101563	1226.43310546875	-209.0860748291016	1589.422973632813	1172.9599609375	-218.6262969970704	1548.197875976563	1377.408325195313	-228.8311920166016	1331.107299804688	1250.818115234375	-327.5930786132813	1365.441772460938	1405.10400390625	-309.9676818847657	1413.947265625	1405.264770507813	-402.5882873535157	1464.095947265625	1392.422119140625	-434.4021911621095	1420.356201171875	1082.53466796875	-475.834442138672	1386.251586914063	1071.772338867188	-398.6919860839845	1386.185424804688	1047.605102539063	-465.8162536621095	1537.628784179688	847.1877441406252	-449.1644287109376	1482.958129882813	842.2473754882815	-505.5745239257814	1570.230346679688	750.3630371093751	-452.3434143066407	1481.039916992188	757.2955322265626	-507.8109741210939	1340.49462890625	1256.992553710938	-94.63698577880861	1375.585083007813	1408.373657226563	-118.5904083251953	1435.082275390625	1416.622192382813	-40.97492599487305	1479.186889648438	1414.05712890625	-19.84890365600586	1451.977905273438	1105.763305664063	64.70675659179689	1408.333251953125	1088.796752929688	-17.26548767089844	1405.033203125	1059.322265625	45.31187057495118	1559.512817382813	867.0025024414065	8.962319374084474	1524.572387695313	863.8363037109377	78.83554077148439	1601.647094726563	771.8989868164065	19.76530647277832	1523.446166992188	784.1611328125002	90.37345123291017	
147	1.46	1545.09765625	986.2900390625002	-351.6123046875001	1361.521118164063	990.6541137695315	-251.5505828857422	1370.95654296875	985.3189697265627	-151.58056640625	1564.006469726563	979.0625000000002	-99.26434326171878	1467.776245117188	904.076354980469	-413.4438476562501	1484.930419921875	476.5339660644532	-355.9461669921876	1492.575805664063	483.8820800781251	-221.7874145507813	1457.312133789063	415.0472412109376	-346.8326110839844	1523.279663085938	403.1002197265626	-293.2950439453126	1406.0537109375	66.34014892578126	-270.6627502441407	1437.025268554688	88.76742553710939	-184.8955841064453	1353.64208984375	18.85605049133301	-197.454574584961	1563.726928710938	17.56250953674317	-199.686019897461	1562.319213867188	35.54450607299805	-260.3955078125001	1509.644165039063	18.64326095581055	-314.6737365722657	1517.099487304688	879.3536376953127	-31.80929565429688	1636.20703125	488.4117431640626	-28.07209014892579	1675.808959960938	479.3963317871095	-156.14794921875	1598.189208984375	451.2744445800782	-31.61118125915528	1664.434204101563	409.178436279297	-73.5252151489258	1374.1826171875	185.9385528564453	-86.64139556884767	1426.24609375	174.2393646240235	-165.0403747558594	1318.927490234375	165.5096893310547	-157.6400299072266	1486.892211914063	47.49742126464844	-142.1663208007813	1495.075073242188	70.4307098388672	-88.04857635498048	1431.650268554688	80.22883605957033	-37.59723663330079	1441.928466796875	1476.60888671875	-231.7658843994141	1352.555053710938	1226.449951171875	-210.1072692871094	1600.391967773438	1172.676879882813	-219.4788208007813	1559.640747070313	1377.121337890625	-228.9342346191407	1342.823120117188	1251.00439453125	-328.8263549804688	1377.068115234375	1405.161987304688	-310.6256408691407	1425.9775390625	1405.455200195313	-403.1505737304689	1476.50634765625	1392.959106445313	-434.6046142578126	1438.877197265625	1082.7939453125	-479.0422363281251	1402.876831054688	1070.870483398438	-402.5184326171876	1405.165649414063	1047.007202148438	-469.8969726562501	1560.525634765625	849.9212036132815	-450.3347167968751	1507.544311523438	844.0749511718752	-508.4016113281251	1595.29150390625	753.8800659179689	-453.1112670898439	1507.634765625	759.1856689453126	-511.3336181640626	1351.49072265625	1256.407958984375	-95.84451293945314	1386.739379882813	1407.980590820313	-119.3346176147461	1445.795288085938	1416.048706054688	-41.5554313659668	1489.617431640625	1413.280517578125	-19.9817180633545	1458.174926757813	1105.385375976563	63.75387573242189	1415.49267578125	1089.051879882813	-18.52353858947754	1410.729125976563	1060.050659179688	44.04050827026368	1560.818969726563	863.7280883789065	11.58261489868164	1525.138061523438	862.124938964844	80.81619262695314	1600.997436523438	768.0642089843752	23.92072486877442	1522.08203125	782.684997558594	93.12963867187501	
148	1.47	1555.499633789063	985.4177246093752	-352.9359130859376	1372.66552734375	990.2248535156252	-251.5068969726563	1382.244506835938	984.7978515625002	-151.6841583251953	1575.539794921875	978.8287353515627	-100.7529525756836	1477.48779296875	903.2561645507815	-414.0355529785157	1488.15576171875	476.0041503906251	-355.7075805664063	1495.942504882813	483.5301513671876	-221.5367126464844	1459.883422851563	415.0398254394532	-346.5158996582032	1525.75146484375	402.4011535644532	-293.0304260253907	1406.19580078125	66.57176971435548	-270.4082946777344	1437.318237304688	88.72445678710939	-184.6761779785157	1353.59423828125	19.10726928710938	-197.2705841064454	1563.843994140625	17.55536842346192	-199.7520904541016	1562.421508789063	35.51300430297852	-260.4005737304688	1509.635864257813	18.68741035461426	-314.6491088867188	1530.330810546875	880.099792480469	-32.58746337890626	1656.157836914063	490.5235290527345	-29.76968574523926	1694.584716796875	482.4060974121095	-157.9378967285157	1619.896728515625	450.9987182617189	-33.0179672241211	1687.085083007813	411.834442138672	-75.39914703369142	1408.664794921875	173.779769897461	-87.40768432617189	1461.00634765625	165.5256652832032	-166.0626220703125	1354.029052734375	150.7222747802735	-158.05224609375	1529.707885742188	42.79299545288087	-144.0162811279297	1536.371459960938	65.65142059326173	-89.88721466064455	1472.606811523438	71.65403747558595	-39.00265884399415	1453.5322265625	1476.21484375	-231.9704284667969	1363.673217773438	1226.309692382813	-211.0559692382813	1611.4482421875	1172.130493164063	-220.3587188720704	1571.116088867188	1376.629638671875	-229.0211334228516	1354.543090820313	1250.9970703125	-329.9556884765626	1388.703735351563	1405.025024414063	-311.1923828125001	1437.967041015625	1405.453369140625	-403.6188049316407	1488.846923828125	1393.30419921875	-434.750213623047	1457.316162109375	1083.004028320313	-482.1535949707032	1419.556396484375	1069.885009765625	-406.2599182128907	1424.127807617188	1046.371337890625	-473.8658447265626	1583.386474609375	852.733093261719	-451.4830627441407	1532.082885742188	846.0240478515627	-511.1040039062501	1620.366088867188	757.5470581054689	-453.8579711914064	1534.220092773438	761.2424316406251	-514.6866455078126	1362.546142578125	1255.609130859375	-96.95631408691409	1397.980224609375	1407.376586914063	-119.9881286621094	1456.657958984375	1415.238159179688	-42.06369018554688	1500.2001953125	1412.24755859375	-20.09446334838868	1464.472534179688	1104.846069335938	62.7776565551758	1422.78369140625	1089.120849609375	-19.78460884094239	1416.576538085938	1060.6123046875	42.74024963378907	1562.357666015625	860.5264892578127	14.15288257598877	1525.816162109375	860.4379882812502	82.69944763183595	1600.48193359375	764.3447875976564	28.03309440612794	1520.8251953125	781.284118652344	95.70853424072267	
149	1.48	1566.004638671875	984.3150634765627	-354.1012268066407	1383.826538085938	989.6436157226565	-251.4350738525391	1393.5224609375	984.0742797851565	-151.7788238525391	1587.058471679688	978.3245849609377	-102.0361480712891	1487.3154296875	902.3359375000002	-414.5653686523439	1491.5078125	475.4393920898439	-355.4354248046876	1499.425048828125	483.1498107910157	-221.2799682617188	1462.571899414063	415.0007324218751	-346.1757507324219	1528.32568359375	401.649139404297	-292.7667236328126	1406.327392578125	66.80807495117189	-270.1477966308594	1437.59521484375	88.68032836914064	-184.4284973144532	1353.513916015625	19.37705993652344	-197.0620269775391	1563.963134765625	17.5516529083252	-199.8271484375001	1562.515869140625	35.46360778808594	-260.4201354980469	1509.619140625	18.70224952697754	-314.6307373046876	1543.379272460938	880.5438232421877	-33.36083984375001	1675.282470703125	492.2798461914064	-31.67083930969239	1712.505737304688	484.8959045410157	-159.8561706542969	1640.841186523438	450.3860168457032	-34.55785369873048	1709.02880859375	414.2427368164064	-77.35153198242189	1444.005493164063	161.4733428955078	-88.33214569091798	1496.641967773438	156.6888885498047	-167.1739196777344	1390.409423828125	135.6763763427735	-158.7420806884766	1573.05517578125	38.30286026000977	-145.6330261230469	1578.166870117188	61.10759735107423	-91.52151489257814	1514.177612304688	63.37547683715822	-40.34250259399415	1465.175170898438	1475.61328125	-232.1188507080079	1374.8037109375	1226.008666992188	-211.9218139648438	1622.59912109375	1171.324951171875	-221.2284240722657	1582.6357421875	1375.933471679688	-229.0871276855469	1366.285888671875	1250.807006835938	-330.9899902343751	1400.366943359375	1404.698852539063	-311.6776428222657	1449.94580078125	1405.265991210938	-404.0032348632814	1501.154663085938	1393.45263671875	-434.8397216796876	1475.63330078125	1083.1689453125	-485.1531982421876	1436.279541015625	1068.830200195313	-409.8931884765626	1443.031127929688	1045.701538085938	-477.7023010253907	1606.174194335938	855.6257324218752	-452.6227416992189	1556.501342773438	848.0863037109377	-513.6608886718751	1645.430786132813	761.3802490234376	-454.6184997558595	1560.726806640625	763.4564208984376	-517.8361816406251	1373.656372070313	1254.620727539063	-97.97968292236331	1409.31640625	1406.569946289063	-120.5519638061524	1467.680053710938	1414.198486328125	-42.50097274780274	1510.948852539063	1410.975219726563	-20.18783569335938	1470.901611328125	1104.156127929688	61.7867889404297	1430.214965820313	1089.0146484375	-21.03608894348145	1422.598876953125	1061.013671875	41.42656326293946	1564.1708984375	857.4107666015627	16.64664268493653	1526.659301757813	858.7857055664065	84.4735794067383	1600.125244140625	760.7361450195314	32.05615615844727	1519.724365234375	779.9671630859377	98.09747314453128	
150	1.49	1576.638793945313	983.0108032226565	-355.0967407226563	1395.017700195313	988.9187011718752	-251.3539276123047	1404.810668945313	983.1701660156252	-151.8746948242188	1598.581787109375	977.5668945312502	-103.102767944336	1497.259643554688	901.3281250000002	-415.0355834960939	1495.006713867188	474.8428344726564	-355.1438598632813	1503.05224609375	482.7357482910157	-221.0324249267579	1465.399291992188	414.9291381835939	-345.8251647949219	1531.021728515625	400.8414916992189	-292.5173339843751	1406.457275390625	67.05236053466798	-269.8752441406251	1437.870971679688	88.6392288208008	-184.1518096923828	1353.431762695313	19.67163467407227	-196.8207550048829	1564.081176757813	17.54269218444825	-199.9063262939454	1562.602783203125	35.39081573486329	-260.4558410644532	1509.592163085938	18.68671798706055	-314.6201171875001	1556.204711914063	880.6741943359377	-34.12514877319337	1693.517700195313	493.6202087402345	-33.75646591186524	1729.55810546875	486.8151855468751	-161.9053344726563	1660.96337890625	449.4238281250001	-36.25281524658204	1730.207763671875	416.3949584960939	-79.3826141357422	1480.2177734375	149.252685546875	-89.39328002929689	1533.14892578125	147.938217163086	-168.3662109375	1428.1044921875	120.6222915649414	-159.7062377929688	1616.871337890625	34.23041534423829	-146.9835052490235	1620.403442382813	57.01235961914064	-92.91928100585939	1556.312255859375	55.60087203979494	-41.58452224731446	1476.866577148438	1474.811645507813	-232.2100982666016	1385.965698242188	1225.540893554688	-212.6907806396485	1633.850463867188	1170.272216796875	-222.0515441894532	1594.2109375	1375.035766601563	-229.1269989013672	1378.068725585938	1250.442260742188	-331.9328002929688	1412.07421875	1404.189086914063	-312.0882263183594	1461.94189453125	1404.899169921875	-404.3126525878907	1513.46435546875	1393.401245117188	-434.8717651367189	1493.793212890625	1083.2900390625	-488.0278320312501	1453.038330078125	1067.714477539063	-413.3944091796876	1461.83935546875	1044.997314453125	-481.3858337402345	1628.85498046875	858.5985107421877	-453.7638549804689	1580.734497070313	850.248962402344	-516.0571289062501	1670.45751953125	765.3905639648439	-455.4194641113282	1587.09130859375	765.8163452148439	-520.7579345703126	1384.821166992188	1253.467651367188	-98.91892242431643	1420.755981445313	1405.570068359375	-121.027328491211	1478.867065429688	1412.940795898438	-42.86890411376954	1521.87158203125	1409.487548828125	-20.25941848754883	1477.491088867188	1103.329467773438	60.79398727416994	1437.799194335938	1088.747924804688	-22.26469421386719	1428.81884765625	1061.262451171875	40.11482238769532	1566.29150390625	854.3901977539065	19.03856277465821	1527.722412109375	857.1758422851565	86.12705230712892	1599.9580078125	757.2371215820314	35.94372940063477	1518.8359375	778.7406005859377	100.2855224609375	
151	1.5	1587.421997070313	981.5352172851565	-355.9207153320313	1406.25537109375	988.0546875000002	-251.2782440185547	1416.134643554688	982.1021118164065	-151.9778289794922	1610.135375976563	976.5752563476565	-103.9557495117188	1507.318969726563	900.2432250976565	-415.4517822265626	1498.671630859375	474.2192993164064	-354.8465881347657	1506.856689453125	482.2838439941407	-220.8060607910157	1468.386840820313	414.8264465332032	-345.4744567871094	1533.86181640625	399.9790344238282	-292.2936096191407	1406.59814453125	67.31257629394533	-269.5827636718751	1438.168579101563	88.60995483398439	-183.8461151123047	1353.383178710938	20.00256729125977	-196.5368652343751	1564.196411132813	17.52158355712891	-199.9837799072266	1562.685302734375	35.29184341430665	-260.5072021484376	1509.554809570313	18.64434432983399	-314.6159667968751	1568.783081054688	880.4797973632815	-34.87364959716798	1710.815063476563	494.4884033203126	-36.00526809692384	1745.736083984375	488.1242980957032	-164.0894622802735	1680.223022460938	448.098358154297	-38.1233253479004	1750.568725585938	418.2862243652345	-81.49112701416017	1517.286254882813	137.3536682128907	-90.56966400146486	1570.4833984375	139.4923553466797	-169.6318359375	1467.10888671875	105.8234024047852	-160.9320373535157	1661.0751953125	30.80317687988282	-148.0630645751953	1663.000122070313	53.58819580078126	-94.07415008544923	1598.945190429688	48.53973770141603	-42.71274948120118	1488.615844726563	1473.81884765625	-232.2418670654297	1397.1806640625	1224.900146484375	-213.3467407226563	1645.207275390625	1168.991088867188	-222.7962188720704	1605.852661132813	1373.943237304688	-229.1351776123047	1389.907592773438	1249.907104492188	-332.7825317382813	1423.839965820313	1403.500732421875	-312.4276428222657	1473.978759765625	1404.358642578125	-404.5536499023439	1525.806030273438	1393.149047851563	-434.8435058593751	1511.767333984375	1083.365844726563	-490.7659912109376	1469.8271484375	1066.541381835938	-416.739959716797	1480.52197265625	1044.25537109375	-484.8963317871095	1651.398559570313	861.6474609375002	-454.9127502441407	1604.726684570313	852.495788574219	-518.2834472656251	1695.414184570313	769.5823974609377	-456.2783508300782	1613.257080078125	768.3084106445315	-523.4370117187501	1396.045654296875	1252.172729492188	-99.7748718261719	1432.30615234375	1404.38720703125	-121.4154739379883	1490.221069335938	1411.480346679688	-43.16908264160157	1532.971435546875	1407.813110351563	-20.30388450622559	1484.267944335938	1102.382080078125	59.81575012207033	1445.553466796875	1088.337890625	-23.45644760131836	1435.258422851563	1061.366821289063	38.82017898559571	1568.745727539063	851.470397949219	21.30508995056153	1529.06298828125	855.6130371093752	87.6491165161133	1600.017822265625	753.8490600585939	39.6500473022461	1518.222290039063	777.607360839844	102.263412475586	
152	1.51	1598.366943359375	979.917907714844	-356.5802001953126	1417.558471679688	987.0530395507815	-251.2170104980469	1427.524047851563	980.8806152343752	-152.0895538330078	1621.749389648438	975.370056152344	-104.6105194091797	1517.49267578125	899.0903930664065	-415.8214416503907	1502.521850585938	473.5753479003907	-354.5566711425782	1510.873168945313	481.7920837402345	-220.6097106933594	1471.555541992188	414.6968383789064	-345.1317749023438	1536.86962890625	399.0665283203126	-292.1051025390626	1406.765380859375	67.60145568847658	-269.2622985839844	1438.5166015625	88.60639953613283	-183.5127716064453	1353.403564453125	20.38730621337891	-196.2003326416016	1564.30859375	17.4842700958252	-200.0537109375001	1562.767211914063	35.16667556762696	-260.5714416503907	1509.507446289063	18.58235168457032	-314.6142578125001	1581.10791015625	879.9497070312502	-35.59830856323243	1727.146118164063	494.8370361328126	-38.39761352539063	1761.04345703125	488.7976074218751	-166.4142608642578	1698.6015625	446.3988342285157	-40.18661499023438	1770.06787109375	419.914520263672	-83.67464447021486	1555.15625	126.0052871704102	-91.84344482421876	1608.552612304688	131.5693054199219	-170.96435546875	1507.362915039063	91.54582977294923	-162.3994293212891	1705.555419921875	28.26032447814942	-148.8952331542969	1705.844360351563	51.0568313598633	-95.00561523437501	1641.986694335938	42.39652252197266	-43.72880172729493	1500.433471679688	1472.644897460938	-232.2109832763672	1408.4716796875	1224.080932617188	-213.873275756836	1656.675415039063	1167.5048828125	-223.4377136230469	1617.57177734375	1372.665161132813	-229.1057434082032	1401.815551757813	1249.203125	-333.5329895019532	1435.67578125	1402.638916015625	-312.6960449218751	1486.075439453125	1403.649169921875	-404.7302246093751	1538.203857421875	1392.697021484375	-434.7512817382814	1529.534545898438	1083.392211914063	-493.3574523925782	1486.640991210938	1065.310546875	-419.9075927734376	1499.05517578125	1043.4697265625	-488.2145385742189	1673.77783203125	864.7651977539065	-456.071746826172	1628.431274414063	854.8076782226565	-520.3355712890626	1720.2646484375	773.953308105469	-457.203338623047	1639.17626953125	770.9167480468752	-525.8671264648439	1407.340209960938	1250.754028320313	-100.5447311401367	1443.973510742188	1403.032470703125	-121.7174911499024	1501.7412109375	1409.835571289063	-43.40267944335938	1544.247314453125	1405.983642578125	-20.31352043151856	1491.257690429688	1101.332153320313	58.87161254882814	1453.498901367188	1087.802124023438	-24.59665679931641	1441.939331054688	1061.33544921875	37.55753326416016	1571.555786132813	848.653991699219	23.42502593994141	1530.740356445313	854.098815917969	89.0305862426758	1600.349975585938	750.5755615234376	43.13026809692384	1517.95166015625	776.566589355469	104.0236968994141	
153	1.52	1609.480224609375	978.1861572265627	-357.0897521972657	1428.947143554688	985.9133300781252	-251.1721954345704	1439.010986328125	979.510681152344	-152.206039428711	1633.456298828125	973.970886230469	-105.0925369262696	1527.781860351563	897.8782958984377	-416.1527404785157	1506.576904296875	472.9198303222657	-354.2863769531251	1515.137084960938	481.2612304687501	-220.4498748779297	1474.925659179688	414.5476989746095	-344.8037719726563	1540.070556640625	398.1128845214845	-291.9602355957032	1406.9755859375	67.93621826171876	-268.9074707031251	1438.945190429688	88.64723205566408	-183.1550598144532	1353.523803710938	20.8490161895752	-195.8030242919922	1564.419067382813	17.43012428283692	-200.1114349365235	1562.853149414063	35.01787948608399	-260.6441955566407	1509.451049804688	18.51043319702149	-314.6091003417969	1593.192016601563	879.0736083984377	-36.29100799560548	1742.508544921875	494.6322326660157	-40.91810989379884	1775.495971679688	488.8270263671876	-168.8868255615235	1716.103881835938	444.3218383789064	-42.45492935180665	1788.676635742188	421.2804565429689	-85.9307098388672	1593.72314453125	115.4193344116211	-93.20326232910158	1647.207763671875	124.3735961914063	-172.3595886230469	1548.74169921875	78.04563903808595	-164.0833740234375	1750.16015625	26.83398628234864	-149.5298004150391	1748.78515625	49.62445068359376	-95.75728607177736	1685.313720703125	37.35970306396485	-44.6519889831543	1512.329833984375	1471.300659179688	-232.1136627197266	1419.861694335938	1223.079467773438	-214.2554779052735	1668.261840820313	1165.840087890625	-223.9599609375001	1629.378540039063	1371.213745117188	-229.0325317382813	1413.803955078125	1248.329711914063	-334.1745605468751	1447.59130859375	1401.608276367188	-312.8903503417969	1498.245361328125	1402.775146484375	-404.8435058593751	1550.674438476563	1392.049072265625	-434.5911254882814	1547.08251953125	1083.3623046875	-495.792938232422	1503.474365234375	1064.019287109375	-422.8776245117189	1517.421752929688	1042.634033203125	-491.3230590820314	1695.968505859375	867.9411621093752	-457.2390441894532	1651.811889648438	857.1639404296877	-522.2138671875001	1744.9697265625	778.4942016601565	-458.1938476562501	1664.8095703125	773.6231689453127	-528.0495605468751	1418.720581054688	1249.22412109375	-101.2223205566407	1455.76416015625	1401.516967773438	-121.9340133666992	1513.4248046875	1408.028198242188	-43.57016372680665	1555.6953125	1404.029907226563	-20.27900695800782	1498.484375	1100.198120117188	57.98286437988283	1461.66015625	1087.157836914063	-25.66992950439454	1448.882446289063	1061.176513671875	36.34156799316407	1574.742919921875	845.9411621093752	25.38006973266602	1532.814086914063	852.631530761719	90.26452636718751	1601.006225585938	747.4213867187501	46.34138107299805	1518.095092773438	775.6127929687502	105.5610122680664	
154	1.53	1620.762573242188	976.3645629882815	-357.4696350097657	1440.442749023438	984.6348876953127	-251.1383514404297	1450.628173828125	977.993347167969	-152.3182830810547	1645.288330078125	972.395446777344	-105.4342575073242	1538.190551757813	896.6158447265627	-416.4530639648439	1510.855102539063	472.2638244628907	-354.0470581054688	1519.682373046875	480.6950988769532	-220.3314361572266	1478.516479492188	414.3894042968751	-344.4962768554688	1543.48876953125	397.130828857422	-291.8666076660157	1407.244384765625	68.33782958984376	-268.5152587890626	1439.48193359375	88.7547073364258	-182.7785034179688	1353.765747070313	21.41568374633789	-195.3406829833985	1564.529418945313	17.36190605163575	-200.1540069580079	1562.946411132813	34.85021209716798	-260.7200317382813	1509.386352539063	18.43935775756836	-314.5934448242188	1605.067016601563	877.8436279296877	-36.94462585449219	1756.929565429688	493.8580627441407	-43.55654525756837	1789.125366210938	488.2250366210939	-171.5147094726563	1732.759887695313	441.8751220703126	-44.93406677246094	1806.387939453125	422.3867492675782	-88.25833892822267	1632.82373046875	105.7796020507813	-94.64611053466798	1686.24072265625	118.0825119018555	-173.81689453125	1591.045288085938	65.55467224121095	-165.9568786621094	1794.687744140625	26.72588539123536	-150.0389099121094	1791.627075195313	49.46302413940431	-96.39357757568362	1728.760620117188	33.58746719360352	-45.51833724975587	1524.315795898438	1469.797729492188	-231.9457244873047	1431.372924804688	1221.895263671875	-214.4817199707032	1679.974487304688	1164.024291992188	-224.3560028076172	1641.28271484375	1369.603149414063	-228.9089660644532	1425.880859375	1247.285522460938	-334.6954345703126	1459.593383789063	1400.414306640625	-313.0048522949219	1510.496215820313	1401.740600585938	-404.891815185547	1563.227294921875	1391.211303710938	-434.3592834472657	1564.4072265625	1083.267456054688	-498.0639648437501	1520.319702148438	1062.664184570313	-425.6336669921876	1535.610473632813	1041.74169921875	-494.207000732422	1717.948364257813	871.1619262695315	-458.4090576171876	1674.840576171875	859.5430908203127	-523.9219360351564	1769.487548828125	783.1895141601565	-459.2420349121095	1690.12548828125	776.4082641601565	-529.9918212890626	1430.206787109375	1247.588745117188	-101.798698425293	1467.682739257813	1399.8515625	-122.0649337768555	1525.267578125	1406.08154296875	-43.67105102539063	1567.310424804688	1401.980712890625	-20.19023895263672	1505.970458984375	1098.998046875	57.1709671020508	1470.063110351563	1086.420532226563	-26.66032600402833	1456.107543945313	1060.897705078125	35.18677520751954	1578.328369140625	843.330017089844	27.15533638000489	1535.342895507813	851.2066650390627	91.34692382812501	1602.04296875	744.3916625976564	49.24348449707033	1518.723876953125	774.7358398437502	106.8724365234375	
155	1.54	1632.211181640625	974.4746704101565	-357.7439270019532	1452.06591796875	983.2181396484377	-251.1031951904297	1462.405883789063	976.3281250000002	-152.4125518798828	1657.274780273438	970.6584472656252	-105.6717300415039	1548.725219726563	895.312683105469	-416.7280578613282	1515.373291015625	471.620574951172	-353.8488769531251	1524.539184570313	480.1004028320314	-220.2585144042969	1482.3447265625	414.2355041503907	-344.2150573730469	1547.146484375	396.1360778808595	-291.8312683105469	1407.584106445313	68.82978820800783	-268.0875549316407	1440.147216796875	88.95299530029298	-182.3912658691407	1354.139038085938	22.1185359954834	-194.8148803710938	1564.641967773438	17.28508949279786	-200.1805267333985	1563.048706054688	34.67011642456055	-260.7932128906251	1509.31396484375	18.37950325012207	-314.5603942871094	1616.780639648438	876.2562255859377	-37.55386352539063	1770.47021484375	492.5201721191407	-46.30717468261719	1801.982177734375	487.026824951172	-174.3044128417969	1748.624145507813	439.0809936523439	-47.62230300903321	1823.221069335938	423.2383728027345	-90.6592483520508	1672.230224609375	97.2315368652344	-96.1782150268555	1725.383911132813	112.8322830200196	-175.3406066894532	1633.992919921875	54.26651000976564	-167.9942626953125	1838.882080078125	28.08185386657716	-150.5116271972657	1834.127319335938	50.68960189819337	-96.99494171142581	1772.111328125	31.19137954711915	-46.37854003906251	1536.401611328125	1468.148315429688	-231.7026672363282	1443.025268554688	1220.531127929688	-214.5447845458985	1691.82177734375	1162.083740234375	-224.6273498535157	1653.292602539063	1367.848999023438	-228.7281036376954	1438.052124023438	1246.070068359375	-335.0828552246094	1471.686767578125	1399.062866210938	-313.0317993164063	1522.830810546875	1400.549560546875	-404.8708496093751	1575.864013671875	1390.193237304688	-434.0527648925782	1581.511352539063	1083.0986328125	-500.162811279297	1537.166381835938	1061.242553710938	-428.1632080078126	1553.615356445313	1040.787963867188	-496.854949951172	1739.696044921875	874.4114990234377	-459.5726623535157	1697.49755859375	861.9240722656252	-525.4656982421876	1793.775024414063	788.0185546875002	-460.3343811035157	1715.098999023438	779.2517700195315	-531.7058715820314	1441.821166992188	1245.847412109375	-102.2630691528321	1479.73291015625	1398.047119140625	-122.1092071533203	1537.264770507813	1404.020263671875	-43.70379257202149	1579.0869140625	1399.859741210938	-20.0371208190918	1513.736572265625	1097.748291015625	56.4558448791504	1478.733032226563	1085.603271484375	-27.55168724060059	1463.6328125	1060.505615234375	34.1074447631836	1582.334106445313	840.817321777344	28.73983383178712	1538.381103515625	849.8168945312502	92.27703857421876	1603.518676757813	741.4906005859376	51.80139541625978	1519.90625	773.9212036132815	107.9578018188477	
156	1.55	1643.82080078125	972.5354003906252	-357.9384765625001	1463.835205078125	981.6665649414065	-251.0488281250001	1474.369750976563	974.515075683594	-152.4714508056641	1669.439086914063	968.7713623046877	-105.8412094116211	1559.393432617188	893.9799804687502	-416.9810485839845	1520.144653320313	471.004852294922	-353.7008972167969	1529.7314453125	479.4861755371095	-220.2350463867188	1486.423095703125	414.1018676757814	-343.9663085937501	1551.060668945313	395.1461486816407	-291.8607482910157	1408.00146484375	69.43663024902345	-267.6322021484376	1440.951293945313	89.26624298095705	-182.0043640136719	1354.638305664063	22.98993873596192	-194.2346649169922	1564.757690429688	17.20676040649414	-200.1920623779297	1563.159545898438	34.48514556884766	-260.8587036132813	1509.233642578125	18.33945083618164	-314.5043334960938	1628.393676757813	874.315368652344	-38.11571121215821	1783.225219726563	490.647918701172	-49.16672134399415	1814.1396484375	485.2911071777345	-177.2590942382813	1763.775146484375	435.9779052734376	-50.5098342895508	1839.224731445313	423.842742919922	-93.13836669921876	1711.649658203125	89.87304687500001	-97.8149108886719	1764.316284179688	108.7061157226563	-176.9414367675782	1677.221557617188	44.32382583618165	-170.1745147705078	1882.432983398438	30.96730613708497	-151.0473327636719	1875.996826171875	53.34600067138673	-97.65209960937503	1815.0947265625	30.22002029418946	-47.29510498046876	1548.595458984375	1466.365234375	-231.379867553711	1454.834838867188	1218.993774414063	-214.4428253173829	1703.8115234375	1160.042846679688	-224.7822723388672	1665.414184570313	1365.96728515625	-228.482650756836	1450.32080078125	1244.6845703125	-335.3246459960938	1483.87353515625	1397.561401367188	-312.9622192382813	1535.2470703125	1399.207153320313	-404.774139404297	1588.579345703125	1389.006958007813	-433.6695861816407	1598.40185546875	1082.846557617188	-502.0829162597657	1553.999755859375	1059.753173828125	-430.4578247070314	1571.433227539063	1039.769775390625	-499.259490966797	1761.1904296875	877.6718750000002	-460.7180480957032	1719.768798828125	864.2869873046877	-526.8522338867189	1817.788330078125	792.9566040039065	-461.4537658691407	1739.70849609375	782.1336059570315	-533.2067871093751	1453.5859375	1243.9951171875	-102.6039657592774	1491.916015625	1396.114379882813	-122.064811706543	1549.410034179688	1401.8681640625	-43.66577148437501	1591.01904296875	1397.685546875	-19.81019973754883	1521.800170898438	1096.461547851563	55.8544273376465	1487.691772460938	1084.715942382813	-28.32822418212891	1471.473266601563	1060.006225585938	33.11754608154298	1586.7822265625	838.3984985351565	30.12690544128419	1541.976684570313	848.4522094726565	93.05769348144533	1605.489624023438	738.7203369140626	53.98643875122072	1521.703125	773.150085449219	108.8199768066407	
157	1.56	1655.585327148438	970.5634765625002	-358.0789489746094	1475.76611328125	979.987731933594	-250.953842163086	1486.537353515625	972.5573730468752	-152.4754943847657	1681.797119140625	966.743103027344	-105.9759826660157	1570.20263671875	892.6303710937502	-417.2126770019532	1525.177368164063	470.4323120117189	-353.6106567382813	1535.274780273438	478.8627929687501	-220.2650909423829	1490.7587890625	414.0058898925782	-343.7568359375001	1555.241577148438	394.1789855957032	-291.9607238769532	1408.49658203125	70.18225860595705	-267.1635131835938	1441.890991210938	89.71676635742189	-181.6319732666016	1355.2431640625	24.06100463867188	-193.6173858642579	1564.876342773438	17.13430976867676	-200.1913146972657	1563.275756835938	34.30336380004884	-260.9129943847657	1509.144409179688	18.32480049133301	-314.4220886230469	1639.97509765625	872.0355224609377	-38.62953186035157	1795.322631835938	488.2955322265626	-52.13152313232423	1825.695678710938	483.0994262695314	-180.3761138916016	1778.311767578125	432.621063232422	-53.57871246337892	1854.476928710938	424.2098388671876	-95.70327758789064	1750.727783203125	83.74752807617189	-99.57965850830081	1802.671997070313	105.7254104614258	-178.6376495361328	1720.290405273438	35.80896377563477	-172.4842071533203	1924.982421875	35.34712982177735	-151.7485046386719	1916.905395507813	57.38206100463869	-98.45979309082034	1857.383544921875	30.64495468139649	-48.3387908935547	1560.90283203125	1464.462280273438	-230.9727020263672	1466.813842773438	1217.293823242188	-214.1795654296876	1715.949096679688	1157.92333984375	-224.8336029052735	1677.650634765625	1363.974487304688	-228.1650543212891	1462.687133789063	1243.13330078125	-335.4102783203126	1496.1533203125	1395.918823242188	-312.7871093750001	1547.7392578125	1397.719848632813	-404.593963623047	1601.361938476563	1387.667114257813	-433.2089233398439	1615.087646484375	1082.503662109375	-503.819061279297	1570.800659179688	1058.1962890625	-432.5130615234376	1589.061767578125	1038.686279296875	-501.4172973632814	1782.409301757813	880.923522949219	-461.8312072753907	1741.6435546875	866.613708496094	-528.0889892578126	1841.483642578125	797.9761962890627	-462.581512451172	1763.934204101563	785.034606933594	-534.5111694335939	1465.5205078125	1242.02490234375	-102.8105621337891	1504.230590820313	1394.064086914063	-121.9289016723633	1561.696533203125	1399.64697265625	-43.55333709716798	1603.100708007813	1395.470458984375	-19.50116920471192	1530.175048828125	1095.146728515625	55.37953948974611	1496.954711914063	1083.76513671875	-28.97538948059083	1479.640014648438	1059.40380859375	32.23049926757813	1591.694091796875	836.0674438476565	31.31455039978028	1546.16748046875	847.1003417968752	93.69520568847658	1608.006469726563	736.0798339843751	55.77825164794923	1524.164794921875	772.4000244140627	109.4650497436524	
158	1.57	1667.498901367188	968.5738525390627	-358.1889953613282	1487.869506835938	978.194274902344	-250.7957916259766	1498.916748046875	970.4627075195315	-152.4053649902344	1694.355224609375	964.5816650390627	-106.1037063598633	1581.158325195313	891.277526855469	-417.4214782714845	1530.473266601563	469.9182434082032	-353.5841979980469	1541.1748046875	478.2408752441407	-220.3528900146485	1495.352661132813	413.9652404785157	-343.5941467285157	1559.6904296875	393.2518920898439	-292.1356811523438	1409.061889648438	71.08837127685548	-266.7024841308594	1442.949951171875	90.32354736328126	-181.2914123535157	1355.91845703125	25.3592700958252	-192.9890136718751	1564.995361328125	17.0742416381836	-200.1823272705079	1563.3916015625	34.13280105590821	-260.9548645019532	1509.044799804688	18.33728408813477	-314.3137817382813	1651.59765625	869.4447021484377	-39.09675598144532	1806.91796875	485.5408630371095	-55.19433593750001	1836.773559570313	480.5531311035157	-183.6443939208985	1792.349243164063	429.0807189941407	-56.80310440063478	1869.082397460938	424.3526916503907	-98.36256408691409	1789.060546875	78.84008789062501	-101.5021514892578	1840.055419921875	103.8453521728516	-180.4553833007813	1762.692016601563	28.73884582519532	-174.9192504882813	1966.136840820313	41.07329559326173	-152.7134094238282	1956.492553710938	62.64546585083009	-99.51029205322268	1898.601196289063	32.35160446166993	-49.58453369140626	1573.32470703125	1462.45458984375	-230.4767608642579	1478.968139648438	1215.445190429688	-213.7644195556641	1728.236328125	1155.7431640625	-224.7960968017579	1690.001098632813	1361.886474609375	-227.7677612304688	1475.148071289063	1241.423950195313	-335.3320312500001	1508.52294921875	1394.146240234375	-312.4981994628907	1560.298217773438	1396.096313476563	-404.3220825195314	1614.196044921875	1386.19091796875	-432.6710205078126	1631.575927734375	1082.064208984375	-505.367645263672	1587.545288085938	1056.574584960938	-434.3279418945314	1606.496704101563	1037.538330078125	-503.3292236328126	1803.328369140625	884.1460571289065	-462.8968811035157	1763.11279296875	868.888122558594	-529.1825561523439	1864.8173828125	803.0484008789065	-463.6990966796876	1787.754638671875	787.9371337890627	-535.6359863281251	1477.638549804688	1239.930053710938	-102.8740234375	1516.671752929688	1391.907470703125	-121.6982116699219	1574.114868164063	1397.37548828125	-43.36196517944337	1615.324584960938	1393.222290039063	-19.10319137573243	1538.870239257813	1093.807739257813	55.03933334350587	1506.5283203125	1082.754516601563	-29.4809684753418	1488.139526367188	1058.70166015625	31.45884513854981	1597.087646484375	833.8165283203127	32.30558395385743	1550.979248046875	845.7464599609377	94.19915771484376	1611.109619140625	733.5639648437501	57.16625976562501	1527.328125	771.6456298828127	109.9023056030274	
159	1.58	1679.556030273438	966.5800781250002	-358.2886352539063	1500.150756835938	976.3037109375002	-250.5539703369141	1511.504150390625	968.2446899414065	-152.2442932128907	1707.109741210938	962.2960205078127	-106.2445144653321	1592.262817382813	889.9356689453127	-417.6043395996095	1536.027709960938	469.4766235351564	-353.6258850097657	1547.425659179688	477.6303100585939	-220.5025939941407	1500.197998046875	413.9965209960939	-343.4863586425782	1564.399291992188	392.3800048828126	-292.3884582519532	1409.6826171875	72.17318725585939	-266.2762145996094	1444.0986328125	91.1013641357422	-181.0030364990235	1356.616577148438	26.90683937072755	-192.3833923339844	1565.10986328125	17.03124427795411	-200.1699371337891	1563.499633789063	33.98098754882813	-260.9857482910157	1508.93310546875	18.37439727783203	-314.1833190917969	1663.332397460938	866.5866699218752	-39.52024459838868	1818.187744140625	482.4825744628907	-58.34133529663087	1847.51953125	477.7688598632814	-187.0422058105469	1806.013427734375	425.4393920898439	-60.14978790283205	1883.1669921875	424.2873840332032	-101.1233139038086	1826.20947265625	75.0780715942383	-103.6153640747071	1876.057495117188	102.9558410644532	-182.4279022216797	1803.870239257813	23.06525230407715	-177.4850463867188	2005.485229492188	47.88300704956055	-154.0295715332032	1994.382080078125	68.88082885742189	-100.8873062133789	1938.332397460938	35.13729095458985	-51.10684967041017	1585.856567382813	1460.359130859375	-229.8882598876954	1491.297973632813	1213.465942382813	-213.2119598388672	1740.670532226563	1153.517822265625	-224.6838836669922	1702.460327148438	1359.7197265625	-227.2834625244141	1487.697265625	1239.568481445313	-335.0856018066407	1520.976928710938	1392.2578125	-312.0888977050782	1572.91259765625	1394.348510742188	-403.950653076172	1627.06298828125	1384.597290039063	-432.0572814941407	1647.869506835938	1081.52490234375	-506.7267456054689	1604.205322265625	1054.892456054688	-435.9042968750001	1623.7294921875	1036.328491210938	-504.9992065429689	1823.920166015625	887.3183593750002	-463.8992004394532	1784.165893554688	871.0962524414065	-530.1384887695314	1887.746337890625	808.1437988281252	-464.7897033691407	1811.145141601563	790.8250732421877	-536.5975341796876	1489.94580078125	1237.707641601563	-102.7888259887696	1529.230346679688	1389.657348632813	-121.3695678710938	1586.653076171875	1395.068603515625	-43.08640670776368	1627.680419921875	1390.944458007813	-18.61112594604493	1547.889038085938	1092.443725585938	54.83711624145509	1516.408569335938	1081.684814453125	-29.83628845214844	1496.97216796875	1057.901611328125	30.81380271911622	1602.976440429688	831.6362304687502	33.10752105712891	1556.423950195313	844.374206542969	94.58198547363283	1614.8271484375	731.1623535156251	58.15073013305665	1531.214111328125	770.859802246094	110.1441955566407	
160	1.59	1691.752075195313	964.5946044921877	-358.3933410644532	1512.608520507813	974.3379516601565	-250.2123107910157	1524.284057617188	965.9231567382815	-151.980697631836	1720.046997070313	959.8991699218752	-106.4098510742188	1603.51416015625	888.6184692382815	-417.7573242187501	1541.829711914063	469.1188354492189	-353.7384338378907	1554.01123046875	477.039520263672	-220.7177276611329	1505.28271484375	414.1138916015626	-343.4416198730469	1569.351440429688	391.575653076172	-292.7198791503907	1410.3388671875	73.45085906982423	-265.9169616699219	1445.297485351563	92.06056213378908	-180.7897338867188	1357.282836914063	28.71941184997559	-191.8406677246094	1565.212646484375	17.00767707824707	-200.1595153808594	1563.59130859375	33.85457229614259	-261.0100402832032	1508.807983398438	18.42959976196289	-314.0383300781251	1675.244262695313	863.5220947265627	-39.90341186523438	1829.318237304688	479.235321044922	-61.54979705810548	1858.096923828125	474.8722534179689	-190.5359802246094	1819.433959960938	421.787567138672	-63.57863616943361	1896.8701171875	424.0328063964845	-103.988151550293	1861.724487304688	72.33644866943361	-105.9514541625977	1910.276489257813	102.8880615234375	-184.5930480957032	1843.245239257813	18.68081283569336	-180.194076538086	2042.620849609375	55.4089813232422	-155.7680206298828	2030.202026367188	75.73967742919923	-102.6603469848633	1976.142944335938	38.71819686889649	-52.97465896606447	1598.4873046875	1458.19482421875	-229.2042999267579	1503.796264648438	1211.377319335938	-212.5413970947266	1753.243774414063	1151.260986328125	-224.5084533691407	1715.018310546875	1357.490844726563	-226.7055664062501	1500.325439453125	1237.583251953125	-334.6706848144532	1533.5068359375	1390.27099609375	-311.5552978515626	1585.569702148438	1392.491577148438	-403.4732360839845	1639.94287109375	1382.906616210938	-431.3698120117189	1663.96484375	1080.885620117188	-507.8960876464845	1620.747802734375	1053.156494140625	-437.2459716796876	1640.74560546875	1035.06005859375	-506.433319091797	1844.153198242188	890.4192504882815	-464.8225402832032	1804.7890625	873.2258911132815	-530.9608764648439	1910.227294921875	813.2334594726565	-465.8391418457032	1834.07568359375	793.6837158203127	-537.4104614257814	1502.438354492188	1235.36083984375	-102.5539855957032	1541.892578125	1387.328491210938	-120.940544128418	1599.295166015625	1392.738159179688	-42.72093963623048	1640.154541015625	1388.638793945313	-18.02165794372559	1557.228759765625	1091.049194335938	54.7715530395508	1526.579956054688	1080.554809570313	-30.03729248046876	1506.1328125	1057.0048828125	30.30477905273438	1609.367797851563	829.5152587890627	33.73215866088868	1562.499877929688	842.9659423828127	94.85829925537111	1619.172607421875	728.8595581054689	58.74316406250001	1535.828491210938	770.014831542969	110.2060165405274	
161	1.6	1704.083251953125	962.6291503906252	-358.5130920410157	1525.235717773438	972.322692871094	-249.7619018554688	1537.23046875	963.5244140625002	-151.6105041503907	1733.145263671875	957.4111328125002	-106.6023101806641	1614.907470703125	887.3378906250002	-417.8766479492189	1547.865112304688	468.8527221679689	-353.9232788085938	1560.906372070313	476.4749755859376	-221.0007934570313	1510.590942382813	414.3278198242189	-343.4681091308594	1574.524780273438	390.847381591797	-293.1288452148438	1411.008666992188	74.9315872192383	-265.6603088378907	1446.501831054688	93.20752716064455	-180.6761474609375	1357.861083984375	30.80659866333009	-191.4049682617188	1565.294799804688	17.00347328186036	-200.1564636230469	1563.658569335938	33.75903320312501	-261.0346679687501	1508.6689453125	18.49320983886719	-313.8896484375001	1687.388549804688	860.328308105469	-40.2492790222168	1840.494873046875	475.9232788085939	-64.7868118286133	1868.677978515625	471.9907226562501	-194.0801086425782	1832.738037109375	418.2188720703126	-67.04319000244142	1910.3349609375	423.6104431152345	-106.9524383544922	1895.168579101563	70.44819641113283	-108.5363464355469	1942.338500976563	103.4269256591797	-186.98876953125	1880.24365234375	15.43043804168702	-183.0612335205078	2077.166015625	63.20219802856447	-157.9786529541016	2063.605712890625	82.80171966552736	-104.8797836303711	2011.603881835938	42.74590682983399	-55.24548339843751	1611.199340820313	1455.983642578125	-228.4232788085938	1516.4501953125	1209.20458984375	-211.7755889892579	1765.942749023438	1148.985595703125	-224.2771301269532	1727.6611328125	1355.218505859375	-226.0286102294922	1513.019653320313	1235.489624023438	-334.0913391113282	1546.102416992188	1388.207885742188	-310.8963623046876	1598.256591796875	1390.5458984375	-402.8854980468751	1652.81689453125	1381.141235351563	-430.6114807128907	1679.85009765625	1080.149169921875	-508.8765869140626	1637.136352539063	1051.37548828125	-438.3577880859376	1657.523559570313	1033.737426757813	-507.6382751464845	1863.991821289063	893.4276123046877	-465.6520080566407	1824.963500976563	875.2664184570315	-531.6521606445314	1932.217041015625	818.2888793945315	-466.836395263672	1856.51025390625	796.4991455078127	-538.0870361328126	1515.102783203125	1232.900756835938	-102.1738433837891	1554.640747070313	1384.938598632813	-120.4100723266602	1612.021118164063	1390.39306640625	-42.25963211059571	1652.729125976563	1386.307250976563	-17.33333587646485	1566.881713867188	1089.615356445313	54.83708953857423	1537.017456054688	1079.361938476563	-30.08524703979493	1515.611450195313	1056.01171875	29.93883323669434	1616.263061523438	827.4407348632815	34.1947364807129	1569.192749023438	841.504089355469	95.04408264160158	1624.145874023438	726.6354370117189	58.96595764160158	1541.162475585938	769.0838012695315	110.1056442260742	
162	1.61	1716.546752929688	960.6950683593752	-358.6522827148438	1538.019653320313	970.2856445312502	-249.2028961181641	1550.309204101563	961.0808105468752	-151.1387023925782	1746.376953125	954.8613891601565	-106.8163299560547	1626.435424804688	886.1029052734377	-417.9592285156251	1554.120483398438	468.6819458007814	-354.1810607910157	1568.082275390625	475.9407653808595	-221.3531036376954	1516.107543945313	414.644256591797	-343.5735168457032	1579.896118164063	390.1996459960939	-293.6126708984376	1411.672729492188	76.62266540527345	-265.5432739257813	1447.668579101563	94.54579162597658	-180.6875457763672	1358.301513671875	33.17381286621094	-191.1213836669922	1565.346801757813	17.01641845703125	-200.1659545898438	1563.694702148438	33.69847106933594	-261.0686035156251	1508.517700195313	18.55397605895996	-313.7501525878907	1699.808471679688	857.0970458984377	-40.55958557128907	1851.888427734375	472.6727600097657	-68.00927734375001	1879.432006835938	469.2459106445314	-197.6184539794922	1846.043334960938	414.8253173828126	-70.49131774902345	1923.699462890625	423.0440063476564	-110.0021591186524	1926.146240234375	69.21900177001955	-111.3833465576172	1971.918579101563	104.3285675048828	-189.6466674804688	1914.3330078125	13.12713813781739	-186.0967102050782	2108.79638671875	70.76564788818361	-160.6865844726563	2094.295654296875	89.60605621337892	-107.5725631713867	2044.319458007813	46.83306503295899	-57.95898818969728	1623.969116210938	1453.750732421875	-227.5451812744141	1529.24169921875	1206.976928710938	-210.9399414062501	1778.750854492188	1146.706298828125	-223.9924926757813	1740.37158203125	1352.924560546875	-225.2488250732422	1525.765747070313	1233.314208984375	-333.3559570312501	1558.751708984375	1386.095458984375	-310.1146850585938	1610.961303710938	1388.536376953125	-402.1858215332032	1665.669067382813	1379.3251953125	-429.7854003906251	1695.505493164063	1079.32177734375	-509.6699218750001	1653.331909179688	1049.561279296875	-439.244598388672	1674.03515625	1032.366577148438	-508.6195373535157	1883.396484375	896.3230590820315	-466.3741455078126	1844.664428710938	877.2080078125002	-532.2128906250001	1953.672607421875	823.2822265625002	-467.773651123047	1878.406494140625	799.2573242187502	-538.6366577148439	1527.916625976563	1230.34765625	-101.6585693359375	1567.45361328125	1382.509521484375	-119.7789382934571	1624.806640625	1388.04150390625	-41.69673156738282	1665.3818359375	1383.953491210938	-16.54654121398926	1576.836791992188	1088.131103515625	55.02447891235353	1547.689331054688	1078.10302734375	-29.98688316345216	1525.394897460938	1054.92236328125	29.72014236450196	1623.658447265625	825.399353027344	34.51275253295899	1576.479614257813	839.9719848632815	95.15574645996095	1629.736206054688	724.4667358398439	58.8512420654297	1547.197265625	768.042663574219	109.8629760742188	
163	1.62	1729.14111328125	958.8035278320315	-358.8096923828126	1550.943969726563	968.2556762695315	-248.5456542968751	1563.482543945313	958.6301879882815	-150.5800170898438	1759.71240234375	952.2913818359377	-107.0395965576172	1638.09130859375	884.9189453125002	-418.0033569335939	1560.589477539063	468.6054687500001	-354.5127563476563	1575.512329101563	475.4383239746095	-221.7750701904297	1521.82470703125	415.064178466797	-343.7651062011719	1585.448608398438	389.632293701172	-294.1682128906251	1412.32080078125	78.5303421020508	-265.6018676757813	1448.7646484375	96.0776062011719	-180.8486022949219	1358.570556640625	35.82577896118165	-191.03271484375	1565.359985351563	17.04275131225586	-200.1923828125001	1563.6962890625	33.6754264831543	-261.1214904785157	1508.35888671875	18.60120391845703	-313.6333007812501	1712.533569335938	853.9307250976565	-40.83413314819337	1863.644775390625	469.604461669922	-71.16527557373048	1890.512329101563	466.7461242675782	-201.0871887207032	1859.451904296875	411.6928710937501	-73.86620330810548	1937.087280273438	422.3594360351564	-113.1129760742188	1954.330810546875	68.44507598876955	-114.4863891601563	1998.760131835938	105.3416366577149	-192.5842285156251	1945.056884765625	11.57055759429932	-189.2976379394532	2137.262451171875	77.59597778320314	-163.889389038086	2122.043701171875	95.68958282470705	-110.7386779785157	2073.95703125	50.5859718322754	-61.13019943237306	1636.769165039063	1451.525268554688	-226.5716247558594	1542.150146484375	1204.727294921875	-210.0610961914063	1791.649291992188	1144.441040039063	-223.6526031494141	1753.131591796875	1350.634765625	-224.364486694336	1538.548706054688	1231.089721679688	-332.4775695800782	1571.442993164063	1383.96630859375	-309.2161254882813	1623.67431640625	1386.494384765625	-401.3757934570314	1678.48828125	1377.485107421875	-428.8948059082032	1710.904052734375	1078.4140625	-510.2776489257814	1669.294677734375	1047.7294921875	-439.9100341796876	1690.247314453125	1030.955932617188	-509.3796386718751	1902.324829101563	899.086120605469	-466.9772949218751	1863.861450195313	879.0415649414065	-532.6422119140626	1974.551391601563	828.185485839844	-468.6457519531251	1899.716430664063	801.9431152343752	-539.0653686523439	1540.850952148438	1227.731079101563	-101.0240707397461	1580.308227539063	1380.067016601563	-119.0500564575196	1637.625	1385.6923828125	-41.02706146240235	1678.087890625	1381.585693359375	-15.66335201263428	1587.08251953125	1086.58544921875	55.32139587402345	1558.5625	1076.775756835938	-29.75402450561524	1535.470581054688	1053.737915039063	29.64952468872071	1631.548583984375	823.3781738281252	34.70446395874024	1584.334228515625	838.355895996094	95.2090530395508	1635.927856445313	722.3290405273439	58.43894577026369	1553.910034179688	766.8717041015626	109.4994125366211	
164	1.63	1741.8671875	956.966491699219	-358.9790039062501	1563.992065429688	966.2620849609377	-247.8105621337891	1576.713745117188	956.2151489257815	-149.958236694336	1773.124389648438	949.7551879882815	-107.2550659179688	1649.871826171875	883.7871704101565	-418.0085754394532	1567.280395507813	468.6173706054689	-354.9210815429688	1583.182495117188	474.9660949707032	-222.2672271728516	1527.748901367188	415.5834350585939	-344.0503234863282	1591.1806640625	389.1402587890626	-294.7935791015626	1412.9580078125	80.66236114501955	-265.8683471679688	1449.7763671875	97.80577087402347	-181.1819915771485	1358.659790039063	38.77151489257813	-191.1760864257813	1565.328247070313	17.07796859741211	-200.238998413086	1563.66455078125	33.69075393676759	-261.2024536132813	1508.201538085938	18.62731742858887	-313.5512084960938	1725.580688476563	850.937438964844	-41.0704689025879	1875.874633789063	466.826385498047	-74.19669342041017	1902.043823242188	464.580291748047	-204.4187011718751	1873.04541015625	408.8978271484376	-77.10786437988283	1950.59912109375	421.584930419922	-116.2505416870117	1979.488647460938	67.93204498291017	-117.8140182495117	2022.691040039063	106.2300415039063	-195.7970123291016	1972.068115234375	10.56597232818604	-192.6398925781251	2162.408447265625	83.22842407226564	-167.5551147460938	2146.708984375	100.6283950805664	-114.3486709594727	2100.2744140625	53.64081192016603	-64.7430877685547	1649.57080078125	1449.340698242188	-225.5060119628907	1555.154663085938	1202.493041992188	-209.1655883789063	1804.620483398438	1142.213134765625	-223.2520294189454	1765.9248046875	1348.380981445313	-223.3762512207032	1551.356323242188	1228.855224609375	-331.4736022949219	1584.166748046875	1381.859130859375	-308.2098999023438	1636.390991210938	1384.457275390625	-400.4601440429689	1691.27099609375	1375.651489257813	-427.9428100585939	1726.014282226563	1077.441040039063	-510.700408935547	1684.986572265625	1045.901000976563	-440.3554992675782	1706.124389648438	1029.51806640625	-509.9168395996095	1920.73388671875	901.6989746093752	-467.4520263671876	1882.519165039063	880.758239746094	-532.9376220703126	1994.81201171875	832.9697265625002	-469.4495849609376	1920.387817382813	804.539489746094	-539.3754272460939	1553.8740234375	1225.089111328125	-100.2914047241211	1593.183349609375	1377.642211914063	-118.2284927368164	1650.449462890625	1383.357543945313	-40.24654388427735	1690.822387695313	1379.217407226563	-14.68731498718262	1597.611206054688	1084.968872070313	55.7130584716797	1569.60888671875	1075.3798828125	-29.40287780761719	1545.830078125	1052.4609375	29.7240333557129	1639.93115234375	821.3666992187502	34.7871437072754	1592.734130859375	836.6466064453127	95.21793365478517	1642.7080078125	720.2000122070314	57.77421951293947	1561.280883789063	765.5574340820314	109.037109375	
165	1.64	1754.729736328125	955.1973876953127	-359.1492614746094	1577.150146484375	964.3338012695315	-247.0267181396485	1589.974243164063	953.8826293945315	-149.3042297363282	1786.592651367188	947.3192138671877	-107.4433212280274	1661.781372070313	882.7053222656252	-417.9757080078126	1574.225463867188	468.7068786621095	-355.4123535156251	1591.100830078125	474.5188293457032	-222.8320007324219	1533.910278320313	416.1930236816407	-344.4374389648438	1597.115234375	388.713348388672	-295.4906005859376	1413.612548828125	83.0308303833008	-266.3690490722657	1450.719360351563	99.73561096191409	-181.7073211669922	1358.595825195313	42.03013992309571	-191.5797424316407	1565.249633789063	17.11776924133301	-200.3072662353516	1563.606567382813	33.74351119995118	-261.3183898925782	1508.060424804688	18.63054847717286	-313.5129089355469	1738.9560546875	848.224792480469	-41.26400756835938	1888.6484375	464.4280395507814	-77.04290008544923	1914.111572265625	462.8130798339845	-207.5463867187501	1886.88134765625	406.5039367675782	-80.15513610839845	1964.307861328125	420.7509765625001	-119.3720626831055	2001.496459960938	67.51263427734376	-121.3055725097657	2043.635009765625	106.7944793701172	-199.2523956298829	1995.156982421875	9.941321372985842	-196.0722198486329	2184.182373046875	87.27969360351564	-171.621826171875	2168.2509765625	104.0771255493164	-118.3425979614258	2123.142333984375	55.69889068603517	-68.74559020996095	1662.348388671875	1447.234741210938	-224.3531494140626	1568.238037109375	1200.315185546875	-208.2783203125001	1817.651977539063	1140.053344726563	-222.7833404541016	1778.739990234375	1346.201293945313	-222.2871704101563	1564.182006835938	1226.656860351563	-330.3659362792969	1596.917724609375	1379.818481445313	-307.1079711914063	1649.112915039063	1382.469116210938	-399.4464111328126	1704.022705078125	1373.859985351563	-426.9320678710939	1740.80419921875	1076.42333984375	-510.9367980957032	1700.374389648438	1044.10302734375	-440.5792236328126	1721.63232421875	1028.071166992188	-510.2239685058595	1938.5830078125	904.1458740234377	-467.7912902832032	1900.599975585938	882.349548339844	-533.0950927734376	2014.416015625	837.6040649414065	-470.1831359863282	1940.366821289063	807.026794433594	-539.5653076171876	1566.9560546875	1222.467407226563	-99.48567962646487	1606.061767578125	1375.270263671875	-117.3212509155274	1663.256958007813	1381.052978515625	-39.3526954650879	1703.564575195313	1376.869140625	-13.62315177917481	1608.423828125	1083.276245117188	56.18286132812501	1580.811401367188	1073.918701171875	-28.95316123962403	1556.474731445313	1051.096435546875	29.93671226501466	1648.812377929688	819.3586425781252	34.77532577514649	1601.668701171875	834.8411865234377	95.1934051513672	1650.076293945313	718.0628051757814	56.90427780151369	1569.302490234375	764.0943603515626	108.4982604980469	
166	1.65	1767.7392578125	953.5120849609377	-359.3057861328126	1590.41162109375	962.5000000000002	-246.2295074462891	1603.2490234375	951.6829833984377	-148.6527862548828	1800.108642578125	945.0598144531252	-107.5849838256836	1673.835815429688	881.6685791015627	-417.9062805175782	1581.488891601563	468.8584594726564	-355.9984436035157	1599.308959960938	474.0867614746095	-223.476058959961	1540.370361328125	416.8796386718751	-344.9370422363282	1603.309204101563	388.3359985351564	-296.2676391601563	1414.341186523438	85.65499114990236	-267.1220703125001	1451.64599609375	101.876823425293	-182.4402008056641	1358.448120117188	45.63677597045899	-192.2605590820313	1565.127685546875	17.15904998779297	-200.3964080810547	1563.536254882813	33.83088302612305	-261.4724121093751	1507.956909179688	18.61744499206543	-313.5226135253907	1752.658447265625	845.8935546875002	-41.40849685668946	1901.995483398438	462.4764404296876	-79.64509582519533	1926.75439453125	461.4822387695314	-210.4093627929688	1900.9921875	404.5599975585939	-82.94824981689455	1978.25537109375	419.8899230957032	-122.4287567138672	2020.351440429688	67.0604705810547	-124.8711700439453	2061.616943359375	106.8899917602539	-202.8866424560547	2014.26904296875	9.559983253479006	-199.5145263671876	2202.64111328125	89.48310852050783	-175.9986724853516	2186.7314453125	105.8010177612305	-122.6311111450196	2142.556396484375	56.55601882934572	-73.04747772216798	1675.084106445313	1445.249145507813	-223.1189575195313	1581.389770507813	1198.238647460938	-207.4212799072266	1830.739501953125	1138.000244140625	-222.2390899658204	1791.57470703125	1344.14013671875	-221.1024780273438	1577.029174804688	1224.547119140625	-329.1806030273438	1609.698120117188	1377.893432617188	-305.9243774414063	1661.851196289063	1380.580322265625	-398.3444213867189	1716.760498046875	1372.151733398438	-425.8646545410157	1755.246459960938	1075.388427734375	-510.9826660156251	1715.4326171875	1042.370727539063	-440.5753479003907	1736.741943359375	1026.640258789063	-510.2881774902345	1955.838134765625	906.4141235351565	-467.990692138672	1918.066772460938	883.8074951171877	-533.1091918945314	2033.329711914063	842.0551757812502	-470.8444824218751	1959.601196289063	809.3828735351565	-539.6294555664064	1580.074829101563	1219.916870117188	-98.63444519042972	1618.9345703125	1372.990844726563	-116.3367538452149	1676.032348632813	1378.801147460938	-38.34514617919923	1716.301879882813	1374.568481445313	-12.47644329071045	1619.535400390625	1081.508544921875	56.71299743652345	1592.170776367188	1072.401123046875	-28.42722129821778	1567.420288085938	1049.652465820313	30.27656364440919	1658.213134765625	817.353698730469	34.67916107177735	1611.147094726563	832.9443359375002	95.14261627197267	1658.053344726563	715.9090576171876	55.8750686645508	1577.98779296875	762.4860229492189	107.9042434692383	
167	1.66	1780.913696289063	951.9298095703127	-359.4311828613282	1603.781005859375	960.7898559570315	-245.4571990966797	1616.542846679688	949.6690673828127	-148.038818359375	1813.6787109375	943.0595703125002	-107.6629257202149	1686.065185546875	880.6716308593752	-417.8017883300782	1589.173950195313	469.0520935058595	-356.6988220214844	1607.890991210938	473.6544799804689	-224.2130737304688	1547.22900390625	417.626190185547	-345.5635986328126	1609.860717773438	387.9871826171876	-297.1426086425782	1415.233764648438	88.56332397460939	-268.1358337402344	1452.65234375	104.2448501586914	-183.3917846679688	1358.333618164063	49.64734649658205	-193.2222442626954	1564.972534179688	17.20086288452149	-200.502914428711	1563.475463867188	33.94813537597657	-261.6625976562501	1507.920043945313	18.60481452941895	-313.5785217285157	1766.683349609375	844.0310668945315	-41.49667739868165	1915.907470703125	461.0139770507814	-81.95070648193361	1939.963500976563	460.5982055664064	-212.9567260742188	1915.3857421875	403.097625732422	-85.43181610107423	1992.452758789063	419.0349426269532	-125.368766784668	2036.169189453125	66.49805450439455	-128.3965606689453	2076.760009765625	106.43701171875	-206.6065826416016	2029.511352539063	9.327630043029787	-202.8616943359376	2217.943603515625	89.71128845214845	-180.5695037841797	2202.310546875	105.6963653564453	-127.0992965698242	2158.638427734375	56.12164306640626	-77.52230834960939	1687.77294921875	1443.428588867188	-221.8098754882813	1594.610473632813	1196.310424804688	-206.6123199462891	1843.891723632813	1136.1005859375	-221.6135253906251	1804.438354492188	1342.247192382813	-219.8291931152344	1589.914428710938	1222.584838867188	-327.9471740722657	1622.5205078125	1376.13720703125	-304.6743774414063	1674.6279296875	1378.847045898438	-397.1653747558595	1729.514404296875	1370.574462890625	-424.7418823242189	1769.323364257813	1074.370727539063	-510.8302307128907	1730.148193359375	1040.74755859375	-440.3334960937501	1751.433959960938	1025.259155273438	-510.0916748046876	1972.4755859375	908.4946899414065	-468.0484008789064	1934.887084960938	885.125183105469	-532.9731445312501	2051.5263671875	846.2869873046877	-471.4312133789064	1978.044189453125	811.5836181640627	-539.5590209960939	1593.221069335938	1217.491455078125	-97.76585388183597	1631.80517578125	1370.846069335938	-115.2842178344727	1688.773803710938	1376.630737304688	-37.22607040405274	1729.035522460938	1372.349731445313	-11.25338077545166	1630.979125976563	1079.674682617188	57.28506088256837	1603.710083007813	1070.842529296875	-27.84911155700684	1578.70166015625	1048.140869140625	30.72875595092774	1668.17529296875	815.3593750000002	34.50317001342774	1621.205322265625	830.9693603515627	95.06808471679689	1666.689697265625	713.7418823242189	54.72794723510744	1587.378051757813	760.7456665039064	107.2748184204102	
168	1.67	1794.2802734375	950.4736328125002	-359.5065612792969	1617.277099609375	959.2333984375002	-244.7471313476563	1629.8837890625	947.8945312500002	-147.493392944336	1827.327270507813	941.4016723632815	-107.6640167236328	1698.516479492188	879.7102050781252	-417.6631164550782	1597.425537109375	469.2635192871095	-357.5418090820313	1616.978515625	473.2000122070314	-225.0661621093751	1554.627563476563	418.412567138672	-346.3367919921876	1616.912475585938	387.6405334472657	-298.1453552246094	1416.414428710938	91.79455566406251	-269.4085998535157	1453.879150390625	106.8616180419922	-184.568603515625	1358.41796875	54.14110565185548	-194.4545898437501	1564.801391601563	17.24520683288575	-200.6201782226563	1563.453125	34.08866500854493	-261.8812255859376	1507.986206054688	18.62069320678711	-313.6723022460938	1781.027587890625	842.7060546875002	-41.52103805541993	1930.346313476563	460.0582885742189	-83.91756439208986	1953.6865234375	460.1456909179689	-215.1507720947266	1930.04931640625	402.1296386718751	-87.55804443359376	2006.884521484375	418.2175903320314	-128.1400756835938	2049.17236328125	65.7976531982422	-131.7529907226563	2089.2763671875	105.4243621826172	-210.2965087890626	2041.143798828125	9.192460060119631	-205.9932250976563	2230.339599609375	87.98324584960939	-185.199447631836	2215.234130859375	103.7961959838867	-131.6136627197266	2171.626708984375	54.42459106445314	-82.01434326171876	1700.4267578125	1441.819091796875	-220.4322052001954	1607.913696289063	1194.578002929688	-205.8642730712891	1857.131958007813	1134.407836914063	-220.9041900634766	1817.355102539063	1340.576049804688	-218.4754180908204	1602.870727539063	1220.832275390625	-326.6981201171876	1635.409912109375	1374.603515625	-303.3735351562501	1687.478149414063	1377.3291015625	-395.9207153320314	1742.328125	1369.181396484375	-423.5641174316407	1783.032958984375	1073.411499023438	-510.4681396484376	1744.522583007813	1039.284912109375	-439.8386535644532	1765.70263671875	1023.969482421875	-509.6130371093751	1988.487060546875	910.383239746094	-467.9652404785157	1951.03759765625	886.2974243164065	-532.6790161132814	2068.9892578125	850.260925292969	-471.9397277832032	1995.65966796875	813.6040039062502	-539.3421020507814	1606.403198242188	1215.2451171875	-96.90657043457034	1644.691528320313	1368.879150390625	-114.1729125976563	1701.496704101563	1374.577026367188	-36.00046539306641	1741.78369140625	1370.25341796875	-9.960608482360842	1642.809204101563	1077.791748046875	57.88067626953126	1615.477294921875	1069.26611328125	-27.24357795715333	1590.37548828125	1046.577392578125	31.27514648437501	1678.764282226563	813.3912353515627	34.24554824829102	1631.910278320313	828.9383544921877	94.96743774414064	1676.069702148438	711.5771484375001	53.49682235717775	1597.546264648438	758.8957519531251	106.6273345947266	
