walk_grf
inDegrees=no
nColumns=37
nRows=3370
DataType=double
version=3
OpenSimVersion=4.5-2023-11-26-efcdfd3eb
endheader
time	ground_force_1_vx	ground_force_1_vy	ground_force_1_vz	ground_force_1_px	ground_force_1_py	ground_force_1_pz	ground_force_1_mx	ground_force_1_my	ground_force_1_mz	ground_force_2_vx	ground_force_2_vy	ground_force_2_vz	ground_force_2_px	ground_force_2_py	ground_force_2_pz	ground_force_2_mx	ground_force_2_my	ground_force_2_mz	ground_force_3_vx	ground_force_3_vy	ground_force_3_vz	ground_force_3_px	ground_force_3_py	ground_force_3_pz	ground_force_3_mx	ground_force_3_my	ground_force_3_mz	ground_force_4_vx	ground_force_4_vy	ground_force_4_vz	ground_force_4_px	ground_force_4_py	ground_force_4_pz	ground_force_4_mx	ground_force_4_my	ground_force_4_mz
0.9419999999999999	77.35785608	665.44878503	-28.98301943	-0.2285716	0	-0.15786247	0	1.88595784	0	-3.18520516	34.922028	-3.19383375	0.18595547	0	-0.23997814	0	-0.82880474	0	0	0	0	0	0	0	0	0	0	0	0	0	0	0	0	0	0	0
0.9429999999999999	78.31773765	665.1466603600001	-29.05868265	-0.22842245	0	-0.1578944	0	1.88421433	-0	-3.34662402	48.94600613	-4.30463911	0.18400156	0	-0.24138225	0	-0.78387146	0	0	0	0	0	0	0	0	0	0	0	0	0	0	0	0	0	0	0
0.944	79.27104754	664.74933603	-29.13348721	-0.2282716	0	-0.15792695	0	1.88244653	-0	-3.54588813	62.96097062	-5.41871423	0.18207324	0	-0.24277657	0	-0.73838302	0	0	0	0	0	0	0	0	0	0	0	0	0	0	0	0	0	0	0
0.945	80.21669429000001	664.25271378	-29.20589973	-0.2281189	0	-0.15796031	0	1.88065835	-0	-3.78621577	76.89710151	-6.53083425	0.18018362	0	-0.2441516	0	-0.69254834	0	0	0	0	0	0	0	0	0	0	0	0	0	0	0	0	0	0	0
0.946	81.15356151	663.65270133	-29.27437264	-0.22796416	0	-0.15799471	0	1.87884887	-0	-4.07071083	90.68591378000001	-7.63568602	0.17834536	0	-0.24549821	0	-0.6465726899999999	0	0	0	0	0	0	0	0	0	0	0	0	0	0	0	0	0	0	0
0.947	82.08051254	662.94524596	-29.33736073	-0.22780721	0	-0.15803037	0	1.87701301	-0	-4.4023144	104.2610536	-8.72790606	0.17657039	0	-0.24680774	0	-0.60065494	0	0	0	0	0	0	0	0	0	0	0	0	0	0	0	0	0	0	0
0.948	82.9963959	662.1263692	-29.39333767	-0.22764787	0	-0.1580675	0	1.87514225	-0	-4.78375391	117.55906155	-9.8021189	0.17486985	0	-0.24807212	0	-0.55498539	0	0	0	0	0	0	0	0	0	0	0	0	0	0	0	0	0	0	0
0.949	83.90005141	661.19220222	-29.44081268	-0.22748597	0	-0.15810635	0	1.8732254	-0	-5.21749075	130.5200901	-10.85297583	0.17325384	0	-0.24928407	0	-0.50974388	0	0	0	0	0	0	0	0	0	0	0	0	0	0	0	0	0	0	0
0.95	84.79031695	660.13902134	-29.4783468	-0.22732132	0	-0.15814714	0	1.8712495	-0	-5.70566709	143.08856262	-11.87519377	0.17173138	0	-0.25043707	0	-0.46509847	-0	0	0	0	0	0	0	0	0	0	0	0	0	0	0	0	0	0	0
0.951	85.66603560999999	658.96328336	-29.50456876	-0.22715372	0	-0.15819011	0	1.86920061	-0	-6.25005279	155.21376203	-12.86359385	0.17031028	0	-0.25152557	0	-0.42120456	-0	0	0	0	0	0	0	0	0	0	0	0	0	0	0	0	0	0	0
0.952	86.52606324	657.6616600900001	-29.51818993	-0.22698299	0	-0.15823548	0	1.86706469	-0	-6.85199389	166.85033906	-13.81313959	0.16899707	0	-0.25254492	0	-0.37820449	-0	0	0	0	0	0	0	0	0	0	0	0	0	0	0	0	0	0	0
0.953	87.3692762	656.23107171	-29.51801841	-0.22680893	0	-0.15828349	0	1.86482845	-0	-7.51236377	177.95873217	-14.71897417	0.167797	0	-0.25349148	0	-0.33622766	-0	0	0	0	0	0	0	0	0	0	0	0	0	0	0	0	0	0	0
0.954	88.19457924	654.66871832	-29.50297174	-0.22663135	0	-0.15833436	0	1.86248004	-0	-8.231518660000001	188.50549393	-15.5764564	0.16671401	0	-0.25436264	0	-0.29539098	-0	0	0	0	0	0	0	0	0	0	0	0	0	0	0	0	0	0	0
0.955	89.00091349	652.97210921	-29.47208839	-0.22645006	0	-0.15838829	0	1.86000985	-0	-9.00925883	198.46352125	-16.38119473	0.16575071	0	-0.25515674	0	-0.25579984	-0	0	0	0	0	0	0	0	0	0	0	0	0	0	0	0	0	0	0
0.956	89.78726445	651.13908925	-29.42453757	-0.22626485	0	-0.15844551	0	1.85741103	-0	-9.844796929999999	207.81218942	-17.12907897	0.16490846	0	-0.25587314	0	-0.2175493	-0	0	0	0	0	0	0	0	0	0	0	0	0	0	0	0	0	0	0
0.957	90.55267008	649.16786171	-29.35962742	-0.22607553	0	-0.1585062	0	1.85468007	-0	-10.73673475	216.53739208	-17.81630887	0.16418742	0	-0.25651213	0	-0.18072564	-0	0	0	0	0	0	0	0	0	0	0	0	0	0	0	0	0	0	0
0.958	91.29622883	647.05700677	-29.27681152	-0.22588193	0	-0.15857054	0	1.85181704	0	-11.68304956	224.63149137	-18.43941923	0.16358658	0	-0.25707489	0	-0.14540805	-0	0	0	0	0	0	0	0	0	0	0	0	0	0	0	0	0	0	0
0.959	92.01710781	644.80549541	-29.17569338	-0.22568385	0	-0.15863871	0	1.84882585	0	-12.68109088	232.09318394	-18.99530091	0.1631039	0	-0.25756343	0	-0.11167052	-0	0	0	0	0	0	0	0	0	0	0	0	0	0	0	0	0	0	0
0.96	92.71455102	642.4126979	-29.05602905	-0.22548112	0	-0.15871084	0	1.84571412	0	-13.72758855	238.92728996	-19.48121738	0.16273638	0	-0.25798054	0	-0.07958372	-0	0	0	0	0	0	0	0	0	0	0	0	0	0	0	0	0	0	0
0.961	93.38788741	639.87838689	-28.91772778	-0.22527359	0	-0.15878707	0	1.84249302	0	-14.81867264	245.14447303	-19.89481647	0.16248013	0	-0.25832968	0	-0.04921697	-0	0	0	0	0	0	0	0	0	0	0	0	0	0	0	0	0	0	0
0.962	94.03653894	637.2027348399999	-28.76085052	-0.22506109	0	-0.15886751	0	1.8391768	0	-15.94990536	250.76089951	-20.23413736	0.16233057	0	-0.25861492	0	-0.02064012	-0	0	0	0	0	0	0	0	0	0	0	0	0	0	0	0	0	0	0
0.963	94.66002820999999	634.38630583	-28.58560652	-0.2248435	0	-0.15895224	0	1.83578223	0	-17.11632524	255.79784592	-20.49761244	0.16228246	0	-0.25884085	0	0.00607471	-0	0	0	0	0	0	0	0	0	0	0	0	0	0	0	0	0	0	0
0.964	95.25798566	631.43004203	-28.392348	-0.22462069	0	-0.15904131	0	1.8323279	0	-18.31250318	260.28126264	-20.6840646	0.16233007	0	-0.25901248	0	0.0308515	-0	0	0	0	0	0	0	0	0	0	0	0	0	0	0	0	0	0	0
0.965	95.83015602	628.33524522	-28.18156293	-0.22439255	0	-0.15913477	0	1.8288333	0	-19.5326099	264.2413022	-20.79269989	0.16246726	0	-0.25913516	0	0.05360899	-0	0	0	0	0	0	0	0	0	0	0	0	0	0	0	0	0	0	0
0.966	96.37640392	625.10355408	-27.95386627	-0.22415901	0	-0.1592326	0	1.82531793	0	-20.77049409	267.71181967	-20.82309617	0.16268762	0	-0.25921449	0	0.07425961	-0	0	0	0	0	0	0	0	0	0	0	0	0	0	0	0	0	0	0
0.967	96.89671831	621.73691789	-27.70998981	-0.22392001	0	-0.15933478	0	1.8218003	0	-22.01977014	270.72985247	-20.77518824	0.16298458	0	-0.25925623	0	0.09270867000000001	-0	0	0	0	0	0	0	0	0	0	0	0	0	0	0	0	0	0	0
0.968	97.39121548999999	618.23756758	-27.45077075	-0.2236755	0	-0.15944126	0	1.81829697	0	-23.27391405	273.33508631	-20.64925	0.16335148	0	-0.25926621	0	0.10885399	-0	0	0	0	0	0	0	0	0	0	0	0	0	0	0	0	0	0	0
0.969	97.86014029	614.60798446	-27.17713944	-0.22342547	0	-0.15955193	-0	1.81482157	0	-24.52636609	275.56931359	-20.44587442	0.16378168	0	-0.25925026	0	0.12258584	-0	0	0	0	0	0	0	0	0	0	0	0	0	0	0	0	0	0	0
0.97	98.30386531000001	610.85086743	-26.89010627	-0.22316994	0	-0.1596667	-0	1.81138392	0	-25.77063812	277.47589018	-20.16595194	0.16426868	0	-0.25921412	0	0.1337873	-0	0	0	0	0	0	0	0	0	0	0	0	0	0	0	0	0	0	0
0.971	98.72288777	606.9690987499999	-26.59074823	-0.22290896	0	-0.1597854	-0	1.80798918	0	-27.0004236	279.09919602	-19.81064801	0.16480612	0	-0.2591634	0	0.14233501	-0	0	0	0	0	0	0	0	0	0	0	0	0	0	0	0	0	0	0
0.972	99.11782387	602.96570876	-26.28019508	-0.2226426	0	-0.15990787	-0	1.80463709	0	-28.20970777	280.48410458	-19.38138066	0.16538791	0	-0.25910347	0	0.14810032	-0	0	0	0	0	0	0	0	0	0	0	0	0	0	0	0	0	0	0
0.973	99.48940036	598.84383956	-25.95961568	-0.22237096	0	-0.16003391	-0	1.80132129	0	-29.39287582	281.67546583	-18.87979872	0.16600828	0	-0.25903944	0	0.15095089	-0	0	0	0	0	0	0	0	0	0	0	0	0	0	0	0	0	0	0
0.974	99.83844333	594.60670783	-25.63020446	-0.22209419	0	-0.16016331	-0	1.79802873	0	-30.54481627	282.71760706	-18.30776148	0.16666179	0	-0.25897613	0	0.15075264	-0	0	0	0	0	0	0	0	0	0	0	0	0	0	0	0	0	0	0
0.975	100.16586393	590.2575669	-25.29316839	-0.22181245	0	-0.16029582	-0	1.79473909	0	-31.66101754	283.65385574	-17.66732033	0.16734338	0	-0.25891795	0	0.14737217	-0	0	0	0	0	0	0	0	0	0	0	0	0	0	0	0	0	0	0
0.976	100.47264111	585.79966828	-24.94971462	-0.22152594	0	-0.1604312	-0	1.79142442	0	-32.73765494	284.52608858	-16.96070299	0.16804842	0	-0.25886895	0	0.14067944	-0	0	0	0	0	0	0	0	0	0	0	0	0	0	0	0	0	0	0
0.977	100.75980135	581.23622329	-24.60103899	-0.22123491	0	-0.1605692	-0	1.78804883	0	-33.77166631	285.37431077	-16.19030071	0.16877269	0	-0.25883275	0	0.1305508	-0	0	0	0	0	0	0	0	0	0	0	0	0	0	0	0	0	0	0
0.978	101.0283956	576.57036525	-24.24831532	-0.22093962	0	-0.16070956	-0	1.78456834	0	-34.76081404	286.23626949	-15.35865865	0.1695124	0	-0.25881253	0	0.11687235	-0	0	0	0	0	0	0	0	0	0	0	0	0	0	0	0	0	0	0
0.979	101.27947354	571.8051130600001	-23.89268587	-0.22064038	0	-0.16085201	-0	1.78093092	0	-35.70373182	287.1471053	-14.46846956	0.17026422	0	-0.25881102	0	0.09954337000000001	-0	0	0	0	0	0	0	0	0	0	0	0	0	0	0	0	0	0	0
0.98	101.51405576	566.94333669	-23.53525261	-0.2203375	0	-0.1609963	-0	1.77707664	0	-36.59995474	288.13904514	-13.52257059	0.1710252	0	-0.25883048	0	0.07847999999999999	-0	0	0	0	0	0	0	0	0	0	0	0	0	0	0	0	0	0	0
0.981	101.73310399	561.9877248499999	-23.17706955	-0.22003135	0	-0.16114218	-0	1.77293812	0	-37.44993148	289.24114019	-12.52394319	0.17179281	0	-0.25887273	0	0.05361888	-0	0	0	0	0	0	0	0	0	0	0	0	0	0	0	0	0	0	0
0.982	101.93749005	556.94075508	-22.81913606	-0.2197223	0	-0.16128942	-0	1.76844106	0	-38.25501803	290.4790515	-11.47571546	0.17256491	0	-0.25893911	0	0.02492077	-0	0	0	0	0	0	0	0	0	0	0	0	0	0	0	0	0	0	0
0.983	102.12796398	551.80466626	-22.46239103	-0.21941077	0	-0.1614378	-0	1.76350506	0	-39.01745253	291.87488613	-10.38116663	0.17333971	0	-0.25903054	0	-0.00762594	-0	0	0	0	0	0	0	0	0	0	0	0	0	0	0	0	0	0	0
0.984	102.30512188	546.58143364	-22.10770787	-0.21909717	0	-0.16158715	-0	1.75804453	0	-39.74031141	293.44708559	-9.243732899999999	0.17411573	0	-0.25914749	0	-0.04400204	-0	0	0	0	0	0	0	0	0	0	0	0	0	0	0	0	0	0	0
0.985	102.46937399	541.27274645	-21.75589028	-0.21878194	0	-0.16173728	-0	1.75196995	0	-40.42744738	295.21036816	-8.0670138	0.17489179	0	-0.25929006	0	-0.08415461	-0	0	0	0	0	0	0	0	0	0	0	0	0	0	0	0	0	0	0
0.986	102.62091369	535.87998837	-21.40766864	-0.21846553	0	-0.16188808	-0	1.74518909	0	-41.08341031	297.17572567	-6.85477826	0.17566697	0	-0.25945792	0	-0.12799449	-0	0	0	0	0	0	0	0	0	0	0	0	0	0	0	0	0	0	0
0.987	102.75968801	530.40422088	-21.06369696	-0.21814838	0	-0.16203944	-0	1.73760846	0	-41.7133524	299.35047439	-5.61096933	0.17644055	0	-0.25965043	0	-0.17539437	-0	0	0	0	0	0	0	0	0	0	0	0	0	0	0	0	0	0	0
0.988	102.88537012	524.84616987	-20.72455031	-0.21783093	0	-0.1621913	-0	1.7291348	0	-42.32291958	301.73835898	-4.33970642	0.17721202	0	-0.25986658	0	-0.22618734	-0	0	0	0	0	0	0	0	0	0	0	0	0	0	0	0	0	0	0
0.989	102.99733443	519.20621566	-20.39072278	-0.21751362	0	-0.16234362	-0	1.71967657	0	-42.91813144	304.33970726	-3.04528426	0.17798099	0	-0.26010511	0	-0.28016619	-0	0	0	0	0	0	0	0	0	0	0	0	0	0	0	0	0	0	0
0.99	103.09463481	513.48438675	-20.06262582	-0.21719686	0	-0.1624964	-0	1.70914534	0	-43.50525235	307.15163268	-1.73216751	0.1787472	0	-0.26036445	0	-0.33708334	-0	0	0	0	0	0	0	0	0	0	0	0	0	0	0	0	0	0	0
0.991	103.17598642	507.68035762	-19.74058705	-0.21688103	0	-0.1626497	-0	1.69745717	0	-44.09065679	310.16828006	-0.40498037	0.17951048	0	-0.26064286	0	-0.39665155	-0	0	0	0	0	0	0	0	0	0	0	0	0	0	0	0	0	0	0
0.992	103.23975163	501.79345075	-19.42484959	-0.21656647	0	-0.16280357	-0	1.68453377	0	-44.68069202	313.38110968	0.93150954	0.18027071	0	-0.26093837	0	-0.45854545	-0	0	0	0	0	0	0	0	0	0	0	0	0	0	0	0	0	0	0
0.993	103.28393045	495.82264336	-19.11557188	-0.21625348	0	-0.16295813	-0	1.67030353	0	-45.28154136	316.7792137	2.27241323	0.1810278	0	-0.26124888	0	-0.5224038600000001	-0	0	0	0	0	0	0	0	0	0	0	0	0	0	0	0	0	0	0
0.994	103.30615587	489.76657907	-18.81282808	-0.21594228	0	-0.1631135	-0	1.65470239	0	-45.89909136	320.34965822	3.61274861	0.1817817	0	-0.26157218	0	-0.5878328900000001	-0	0	0	0	0	0	0	0	0	0	0	0	0	0	0	0	0	0	0
0.995	103.3036944	483.62358478	-18.51660907	-0.21563304	0	-0.16326984	-0	1.63767462	0	-46.53880572	324.07784403	4.9474746	0.18253233	0	-0.26190596	0	-0.65440981	-0	0	0	0	0	0	0	0	0	0	0	0	0	0	0	0	0	0	0
0.996	103.27345212	477.39169313	-18.22682406	-0.21532586	0	-0.16342734	-0	1.61917339	-0	-47.205609	327.94787846	6.27153077	0.1832796	0	-0.2622479	0	-0.72168766	-0	0	0	0	0	0	0	0	0	0	0	0	0	0	0	0	0	0	0
0.997	103.21198637	471.0686704	-17.94330291	-0.21502074	0	-0.16358617	-0	1.59916138	-0	-47.90378259	331.94295077	7.57988163	0.18402338	0	-0.26259565	0	-0.78920042	-0	0	0	0	0	0	0	0	0	0	0	0	0	0	0	0	0	0	0
0.998	103.11552318	464.65204995	-17.66579905	-0.21471758	0	-0.16374655	-0	1.57761124	-0	-48.63687528	336.04570373	8.86756447	0.18476353	0	-0.26294692	0	-0.85646875	-0	0	0	0	0	0	0	0	0	0	0	0	0	0	0	0	0	0	0
0.999	102.97998052	458.13917095	-17.39399319	-0.21441622	0	-0.16390869	-0	1.55450606	-0	-49.40763038	340.23859404	10.12973966	0.18549983	0	-0.26329944	0	-0.92300606	-0	0	0	0	0	0	0	0	0	0	0	0	0	0	0	0	0	0	0
1	102.80099731	451.52722247	-17.12749769	-0.21411635	0	-0.16407279	-0	1.52983978	-0	-50.2179309	344.50423536	11.36174205	0.18623202	0	-0.26365105	0	-0.9883249	-0	0	0	0	0	0	0	0	0	0	0	0	0	0	0	0	0	0	0
1.001	102.57396797	444.81329286	-16.86586162	-0.2138176	0	-0.16423906	-0	1.50361749	-0	-51.06876387	348.82571777	12.55913207	0.1869598	0	-0.26399968	0	-1.05194351	-0	0	0	0	0	0	0	0	0	0	0	0	0	0	0	0	0	0	0
1.002	102.29408246	437.99442441	-16.6085766	-0.21351945	0	-0.16440768	-0	1.47585577	-0	-51.96020449	353.18689853	13.7177454	0.1876828	0	-0.26434341	0	-1.11339234	-0	0	0	0	0	0	0	0	0	0	0	0	0	0	0	0	0	0	0
1.003	101.95637137	431.06767325	-16.35508327	-0.2132213	0	-0.1645788	-0	1.44658285	-0	-52.89142008	357.57265972	14.83374002	0.18840061	0	-0.26468045	0	-1.17222048	-0	0	0	0	0	0	0	0	0	0	0	0	0	0	0	0	0	0	0
1.004	101.55575604	424.03017459	-16.10477851	-0.21292245	0	-0.16475256	-0	1.4158388	-0	-53.86069356	361.96912934	15.90363965	0.18911277	0	-0.26500916	0	-1.22800186	-0	0	0	0	0	0	0	0	0	0	0	0	0	0	0	0	0	0	0
1.005	101.08710322	416.8792127	-15.85702325	-0.21262207	0	-0.16492904	-0	1.38367548	-0	-54.86546554	366.3638632	16.92437279	0.18981875	0	-0.26532811	0	-1.28034108	-0	0	0	0	0	0	0	0	0	0	0	0	0	0	0	0	0	0	0
1.006	100.54528419	409.61229557	-15.61115094	-0.21231925	0	-0.16510826	-0	1.35015639	-0	-55.9023937	370.74598627	17.89330658	0.19051802	0	-0.265636	0	-1.32887882	-0	0	0	0	0	0	0	0	0	0	0	0	0	0	0	0	0	0	0
1.007	99.92523797	402.22723333	-15.36647655	-0.212013	0	-0.16529021	-0	1.3153564	-0	-56.96742771	375.10629284	18.80827498	0.19120998	0	-0.26593175	0	-1.37329664	-0	0	0	0	0	0	0	0	0	0	0	0	0	0	0	0	0	0	0
1.008	99.22203811	394.72221987	-15.12230609	-0.21170223	0	-0.16547478	-0	1.27936119	-0	-58.0558976	379.43730612	19.66760085	0.19189404	0	-0.26621445	0	-1.41332115	-0	0	0	0	0	0	0	0	0	0	0	0	0	0	0	0	0	0	0
1.009	98.43096275000001	387.09591658	-14.87794649	-0.21138579	0	-0.16566179	-0	1.24226661	-0	-59.1626132	383.73329838	20.47011145	0.19256955	0	-0.26648337	0	-1.44872749	-0	0	0	0	0	0	0	0	0	0	0	0	0	0	0	0	0	0	0
1.01	97.54756718	379.34753712	-14.63271587	-0.21106247	0	-0.165851	-0	1.20417778	-0	-60.28197197	387.99027393	21.21514735	0.1932359	0	-0.26673796	0	-1.47934192	-0	0	0	0	0	0	0	0	0	0	0	0	0	0	0	0	0	0	0
1.011	96.56775833	371.47693213	-14.38595399	-0.21073101	0	-0.16604204	0	1.1652081	-0	-61.40807254	392.20591759	21.90256451	0.19389243	0	-0.26697784	0	-1.50504371	-0	0	0	0	0	0	0	0	0	0	0	0	0	0	0	0	0	0	0
1.012	95.48787027	363.48467265	-14.13703284	-0.21039014	0	-0.16623447	0	1.125478	-0	-62.53483105	396.37951206	22.53272947	0.19453851	0	-0.26720281	0	-1.52576608	-0	0	0	0	0	0	0	0	0	0	0	0	0	0	0	0	0	0	0
1.013	94.30473996000001	355.37213107	-13.88536705	-0.21003856	0	-0.16642774	0	1.08511375	-0	-63.65609744	400.51182821	23.10650793	0.19517354	0	-0.26741279	0	-1.54149632	-0	0	0	0	0	0	0	0	0	0	0	0	0	0	0	0	0	0	0
1.014	93.01578201	347.14155859	-13.63042408	-0.20967498	0	-0.1666212	0	1.04424599	-0	-64.76576898	404.60499254	23.62524664	0.19579691	0	-0.26760788	0	-1.55227499	-0	0	0	0	0	0	0	0	0	0	0	0	0	0	0	0	0	0	0
1.015	91.61906152	338.7961581	-13.37173392	-0.20929815	0	-0.16681407	0	1.00300838	-0	-65.85789853	408.66233679	24.09074898	0.19640808	0	-0.26778829	0	-1.55819439	-0	0	0	0	0	0	0	0	0	0	0	0	0	0	0	0	0	0	0
1.016	90.11336344	330.34015142	-13.10889814	-0.20890685	0	-0.16700551	0	0.9615362	-0	-66.92679508000001	412.68823423	24.50524455	0.19700653	0	-0.26795436	0	-1.55939604	-0	0	0	0	0	0	0	0	0	0	0	0	0	0	0	0	0	0	0
1.017	88.49825731999999	321.77883987	-12.84159822	-0.20849994	0	-0.16719454	0	0.91996492	-0	-67.96711453	416.6879276	24.87135306	0.19759179	0	-0.26810652	0	-1.55606759	-0	0	0	0	0	0	0	0	0	0	0	0	0	0	0	0	0	0	0
1.018	86.77415569999999	313.11865695	-12.56960292	-0.20807637	0	-0.1673801	0	0.87842891	-0	-68.97393907999999	420.66735296	25.19204318	0.19816345	0	-0.26824531	-0	-1.5484389	-0	0	0	0	0	0	0	0	0	0	0	0	0	0	0	0	0	0	0
1.019	84.94236476	304.36721207	-12.2927747	-0.20763521	0	-0.16756104	0	0.83706017	-0	-69.94284383999999	424.63296318	25.47058655	0.19872117	0	-0.26837134	-0	-1.5367775	-0	0	0	0	0	0	0	0	0	0	0	0	0	0	0	0	0	0	0
1.02	83.00512569999999	295.53332408	-12.01107497	-0.20717565	0	-0.16773614	0	0.7959870999999999	-0	-70.86994962	428.59155474	25.71050779	0.19926467	0	-0.26848531	-0	-1.52138357	-0	0	0	0	0	0	0	0	0	0	0	0	0	0	0	0	0	0	0
1.021	80.96564538	286.62704358	-11.72456801	-0.20669705	0	-0.1679041	0	0.75533348	-0	-71.75196164	432.55010059	25.91553108	0.19979374	0	-0.26858795	-0	-1.50258443	-0	0	0	0	0	0	0	0	0	0	0	0	0	0	0	0	0	0	0
1.022	78.82811483	277.65966295	-11.43342361	-0.20619897	0	-0.16806356	0	0.71521744	-0	-72.58619376999999	436.51559183	26.08952403	0.20030825	0	-0.26868003	-0	-1.48072874	-0	0	0	0	0	0	0	0	0	0	0	0	0	0	0	0	0	0	0
1.023	76.59771455000001	268.64371308	-11.13791811	-0.20568112	0	-0.16821314	0	0.6757505700000001	-0	-73.37057885	440.49489025	26.23643974	0.20080815	0	-0.26876239	-0	-1.45618053	-0	0	0	0	0	0	0	0	0	0	0	0	0	0	0	0	0	0	0
1.024	74.28060558	259.59294615	-10.83843387	-0.20514349	0	-0.16835144	0	0.63703727	-0	-74.10366551	444.49459348	26.36025802	0.20129345	0	-0.26883585	-0	-1.42931311	-0	0	0	0	0	0	0	0	0	0	0	0	0	0	0	0	0	0	0
1.025	71.88390556	250.52230362	-10.53545694	-0.20458624	0	-0.16847704	0	0.59917414	-0	-74.78460250000001	448.52091409	26.46492674	0.20176426	0	-0.26890125	-0	-1.40050313	-0	0	0	0	0	0	0	0	0	0	0	0	0	0	0	0	0	0	0
1.026	69.41564941	241.447869	-10.22957305	-0.20400983	0	-0.16858856	0	0.56224958	0	-75.41311179	452.5795735	26.55430447	0.20222074	0	-0.26895944	-0	-1.37012467	-0	0	0	0	0	0	0	0	0	0	0	0	0	0	0	0	0	0	0
1.027	66.88473448000001	232.38680496	-9.921461730000001	-0.20341492	0	-0.16868466	0	0.5263436	0	-75.9894518	456.67571117	26.63210549	0.20266314	0	-0.26901124	-0	-1.33854377	-0	0	0	0	0	0	0	0	0	0	0	0	0	0	0	0	0	0	0
1.028	64.30085022999999	223.35727451	-9.61188881	-0.20280247	0	-0.16876406	0	0.49152771	0	-76.51437244	460.81380936	26.70184812	0.20309175	0	-0.26905747	-0	-1.30611324	-0	0	0	0	0	0	0	0	0	0	0	0	0	0	0	0	0	0	0
1.029	61.67439316	214.3783459	-9.3016974	-0.20217368	0	-0.16882557	0	0.45786499	0	-76.98906365000001	464.99763316	26.76680776	0.20350694	0	-0.26909891	-0	-1.27316799	-0	0	0	0	0	0	0	0	0	0	0	0	0	0	0	0	0	0	0
1.03	59.01636775	205.46988135	-8.991797399999999	-0.20153	0	-0.16886813	0	0.42541026	0	-77.41509904999999	469.23018512	26.82997515	0.2039091	0	-0.2691363	-0	-1.24002094	-0	0	0	0	0	0	0	0	0	0	0	0	0	0	0	0	0	0	0
1.031	56.33827457	196.65240958	-8.683153969999999	-0.20087314	0	-0.16889081	0	0.3942104	0	-77.79437651000001	473.5136738	26.89402109	0.20429869	0	-0.26917035	-0	-1.20695958	0	0	0	0	0	0	0	0	0	0	0	0	0	0	0	0	0	0	0
1.032	53.65198731	187.94698274	-8.37677482	-0.20020506	0	-0.16889285	0	0.36430458	0	-78.12905708	477.84949505	26.96126797	0.20467619	0	-0.26920169	-0	-1.17424316	0	0	0	0	0	0	0	0	0	0	0	0	0	0	0	0	0	0	0
1.033	50.96962056	179.37501805	-8.07369688	-0.19952793	0	-0.16887368	0	0.33572474	0	-78.42150382	482.23822496	27.03366894	0.20504211	0	-0.26923093	-0	-1.14210072	0	0	0	0	0	0	0	0	0	0	0	0	0	0	0	0	0	0	0
1.034	48.30339049	170.95812521	-7.77497232	-0.19884416	0	-0.16883296	0	0.30849589	0	-78.67422200999999	486.67962321	27.11279479	0.20539698	0	-0.26925861	-0	-1.11072967	0	0	0	0	0	0	0	0	0	0	0	0	0	0	0	0	0	0	0
1.035	45.6654709	162.7179203	-7.48165426	-0.19815631	0	-0.16877057	0	0.28263652	0	-78.8898018	491.17264556	27.19982892	0.20574134	0	-0.2692852	-0	-1.08029521	0	0	0	0	0	0	0	0	0	0	0	0	0	0	0	0	0	0	0
1.036	43.06784711	154.67582758	-7.19478234	-0.19746714	0	-0.16868665	0	0.25815897	0	-79.07086459999999	495.71546435	27.29557034	0.20607575	0	-0.26931111	-0	-1.0509304	0	0	0	0	0	0	0	0	0	0	0	0	0	0	0	0	0	0	0
1.037	40.52217016	146.85287052	-6.91536843	-0.19677954	0	-0.1685816	0	0.23506972	0	-79.22001404	500.3054957	27.40044444	0.20640075	0	-0.2693367	-0	-1.02273693	0	0	0	0	0	0	0	0	0	0	0	0	0	0	0	0	0	0	0
1.038	38.03961408	139.26945403	-6.64438273	-0.1960965	0	-0.16845613	0	0.21336977	0	-79.33979226	504.93943234	27.51452126	0.20671688	0	-0.26936225	-0	-0.99578639	0	0	0	0	0	0	0	0	0	0	0	0	0	0	0	0	0	0	0
1.039	35.63073864	131.94513989	-6.38274043	-0.19542109	0	-0.16831121	-0	0.19305481	0	-79.43264222000001	509.61328107	27.63754064	0.20702469	0	-0.26938799	-0	-0.9701222	0	0	0	0	0	0	0	0	0	0	0	0	0	0	0	0	0	0	0
1.04	33.30536044	124.89841827	-6.13128928	-0.19475639	0	-0.16814811	-0	0.17411542	0	-79.5008763	514.3224038	27.76894364	0.2073247	0	-0.26941408	-0	-0.94576197	0	0	0	0	0	0	0	0	0	0	0	0	0	0	0	0	0	0	0
1.041	31.07243448	118.14647815	-5.89079825	-0.19410549	0	-0.1679684	-0	0.15653716	0	-79.54665151	519.06156133	27.90790929	0.20761742	0	-0.26944064	-0	-0.92270017	0	0	0	0	0	0	0	0	0	0	0	0	0	0	0	0	0	0	0
1.042	28.93994884	111.70498028	-5.66194738	-0.19347142	0	-0.16777389	-0	0.14030057	0	-79.57195139	523.82495907	28.05339573	0.20790336	0	-0.26946771	-0	-0.90091122	0	0	0	0	0	0	0	0	0	0	0	0	0	0	0	0	0	0	0
1.043	26.91483423	105.5878363	-5.44531904	-0.19285711	0	-0.16756666	-0	0.12538106	0	-79.57857435	528.60629391	28.20418474	0.20818299	0	-0.26949532	-0	-0.88035268	0	0	0	0	0	0	0	0	0	0	0	0	0	0	0	0	0	0	0
1.044	25.00289019	99.80699817	-5.24139064	-0.19226534	0	-0.16734902	-0	0.11174884	0	-79.56812823999999	533.3988017200001	28.35892829	0.20845678	0	-0.26952343	-0	-0.86096861	0	0	0	0	0	0	0	0	0	0	0	0	0	0	0	0	0	0	0
1.045	23.20872909	94.37226205	-5.05052884	-0.1916987	0	-0.16712344	-0	0.09936875000000001	0	-79.54203063999999	538.19530514	28.51619621	0.2087252	0	-0.26955197	-0	-0.84269285	-0	0	0	0	0	0	0	0	0	0	0	0	0	0	0	0	0	0	0
1.046	21.53573873	89.29109101	-4.87298534	-0.19115956	0	-0.16689256	-0	0.08820019	0	-79.50151425999999	542.98826136	28.67452345	0.20898867	0	-0.26958084	-0	-0.82545225	-0	0	0	0	0	0	0	0	0	0	0	0	0	0	0	0	0	0	0
1.047	19.98606402	84.56846104	-4.7088943	-0.19065001	0	-0.16665908	-0	0.07819711	0	-79.44763684	547.76980989	28.83245593	0.20924764	0	-0.26960992	-0	-0.80916972	-0	0	0	0	0	0	0	0	0	0	0	0	0	0	0	0	0	0	0
1.048	18.56060767	80.20673490999999	-4.55827133	-0.1901718	0	-0.16642578	-0	0.06930809	0	-79.38129477	552.53182051	28.98859387	0.2095025	0	-0.26963906	-0	-0.793767	-0	0	0	0	0	0	0	0	0	0	0	0	0	0	0	0	0	0	0
1.049	17.25904966	76.20556847	-4.42101422	-0.18972639	0	-0.16619537	-0	0.06147665	0	-79.30323962999999	557.26594125	29.14163136	0.20975366	0	-0.26966812	-0	-0.77916714	-0	0	0	0	0	0	0	0	0	0	0	0	0	0	0	0	0	0	0
1.05	16.07988482	72.56185404	-4.29690536	-0.18931481	0	-0.16597051	-0	0.05464148	0	-79.21409685	561.96364662	29.29039157	0.21000152	0	-0.26969692	-0	-0.76529668	-0	0	0	0	0	0	0	0	0	0	0	0	0	0	0	0	0	0	0
1.051	15.02047762	69.26970484	-4.18561597	-0.18893773	0	-0.1657537	-0	0.04873703	0	-79.11438570999999	566.6162861400001	29.43385646	0.21024645	0	-0.2697253	-0	-0.75208735	-0	0	0	0	0	0	0	0	0	0	0	0	0	0	0	0	0	0	0
1.052	14.077133	66.32048421	-4.08671197	-0.1885954	0	-0.16554722	-0	0.04369405	0	-79.00453985	571.2151331600001	29.57119078	0.21048883	0	-0.26975309	-0	-0.73947755	-0	0	0	0	0	0	0	0	0	0	0	0	0	0	0	0	0	0	0
1.053	13.24518203	63.70288238	-3.99966182	-0.18828768	0	-0.16535311	-0	0.03944034	0	-78.88492752000001	575.75143416	29.70175962	0.21072902	0	-0.26978014	-0	-0.72741331	-0	0	0	0	0	0	0	0	0	0	0	0	0	0	0	0	0	0	0
1.054	12.5190809	61.40304296	-3.92384584	-0.188014	0	-0.16517305	-0	0.03590157	0	-78.75587104	580.21645865	29.82513954	0.21096737	0	-0.26980629	-0	-0.71584892	-0	0	0	0	0	0	0	0	0	0	0	0	0	0	0	0	0	0	0
1.055	11.89252192	59.40474027	-3.85856727	-0.18777342	0	-0.16500841	-0	0.0330023	0	-78.61766459	584.60154966	29.94112316	0.21120423	0	-0.26983141	-0	-0.70474717	-0	0	0	0	0	0	0	0	0	0	0	0	0	0	0	0	0	0	0
1.056	11.35855484	57.68960749	-3.80306467	-0.18756462	0	-0.16486011	-0	0.03066702	0	-78.4705902	588.8981751	30.04971735	0.21143991	0	-0.26985539	-0	-0.6940792099999999	-0	0	0	0	0	0	0	0	0	0	0	0	0	0	0	0	0	0	0
1.057	10.90971691	56.23741454	-3.7565256	-0.18738593	0	-0.16472869	-0	0.02882139	0	-78.31493128	593.09797974	30.1511355	0.21167474	0	-0.26987812	-0	-0.6838240799999999	-0	0	0	0	0	0	0	0	0	0	0	0	0	0	0	0	0	0	0
1.058	10.53817007	55.02639311	-3.71810126	-0.18723539	0	-0.16461427	-0	0.02739342	0	-78.15098372	597.19283794	30.24578419	0.21190903	0	-0.26989951	-0	-0.67396796	-0	0	0	0	0	0	0	0	0	0	0	0	0	0	0	0	0	0	0
1.059	0	0	0	0	0	0	0	0	0	-77.97906433999999	601.17490671	30.33424493	0.21214306	0	-0.26991953	-0	-0.6645032	-0	0	0	0	0	0	0	0	0	0	0	0	0	0	0	0	0	0	0
1.06	0	0	0	0	0	0	0	0	0	-77.79951665	605.03667909	30.41725174	0.2123771	0	-0.26993812	-0	-0.6554270800000001	-0	0	0	0	0	0	0	0	0	0	0	0	0	0	0	0	0	0	0
1.061	0	0	0	0	0	0	0	0	0	-77.61271407	608.77103721	30.49566518	0.21261141	0	-0.26995528	-0	-0.64674058	-0	0	0	0	0	0	0	0	0	0	0	0	0	0	0	0	0	0	0
1.062	0	0	0	0	0	0	0	0	0	-77.41906061	612.3713048	30.57044385	0.21284622	0	-0.26997102	-0	-0.63844698	-0	0	0	0	0	0	0	0	0	0	0	0	0	0	0	0	0	0	0
1.063	0	0	0	0	0	0	0	0	0	-77.21898925000001	615.8312985	30.64261407	0.21308175	0	-0.26998538	-0	-0.6305505300000001	-0	0	0	0	0	0	0	0	0	0	0	0	0	0	0	0	0	0	0
1.064	0	0	0	0	0	0	0	0	0	-77.01295829	619.1453774	30.71323873	0.21331821	0	-0.2699984	-0	-0.62305513	-0	0	0	0	0	0	0	0	0	0	0	0	0	0	0	0	0	0	0
1.065	0	0	0	0	0	0	0	0	0	-76.80144591	622.30848996	30.78338606	0.21355575	0	-0.27001017	-0	-0.61596316	-0	0	0	0	0	0	0	0	0	0	0	0	0	0	0	0	0	0	0
1.066	0	0	0	0	0	0	0	0	0	-76.58494324999999	625.31621753	30.85409934	0.21379453	0	-0.27002077	-0	-0.6092743900000001	-0	0	0	0	0	0	0	0	0	0	0	0	0	0	0	0	0	0	0
1.067	0	0	0	0	0	0	0	0	0	-76.36394644000001	628.16481351	30.92636823	0.21403469	0	-0.27003032	-0	-0.6029851000000001	-0	0	0	0	0	0	0	0	0	0	0	0	0	0	0	0	0	0	0
1.068	0	0	0	0	0	0	0	0	0	-76.1389478	630.8512372599999	31.00110251	0.21427633	0	-0.27003893	-0	-0.5970873	-0	0	0	0	0	0	0	0	0	0	0	0	0	0	0	0	0	0	0
1.069	0	0	0	0	0	0	0	0	0	-75.91042662	633.37318192	31.07910868	0.21451954	0	-0.27004674	-0	-0.5915683	-0	0	0	0	0	0	0	0	0	0	0	0	0	0	0	0	0	0	0
1.07	0	0	0	0	0	0	0	0	0	-75.67883983	635.72909531	31.1610702	0.21476438	0	-0.27005388	-0	-0.58641032	-0	0	0	0	0	0	0	0	0	0	0	0	0	0	0	0	0	0	0
1.071	0	0	0	0	0	0	0	0	0	-75.44461287999999	637.9181932	31.24753135	0.21501091	0	-0.2700605	-0	-0.58159045	-0	0	0	0	0	0	0	0	0	0	0	0	0	0	0	0	0	0	0
1.072	0	0	0	0	0	0	0	0	0	-75.20813115	639.9404644	31.33888539	0.21525915	0	-0.27006674	-0	-0.57708074	-0	0	0	0	0	0	0	0	0	0	0	0	0	0	0	0	0	0	0
1.073	0	0	0	0	0	0	0	0	0	-74.96973208	641.79666721	31.43536681	0.2155091	0	-0.27007273	-0	-0.57284854	-0	0	0	0	0	0	0	0	0	0	0	0	0	0	0	0	0	0	0
1.074	0	0	0	0	0	0	0	0	0	-74.72969833000001	643.48831692	31.53704802	0.21576078	0	-0.27007862	0	-0.56885699	-0	0	0	0	0	0	0	0	0	0	0	0	0	0	0	0	0	0	0
1.075	0	0	0	0	0	0	0	0	0	-74.48825198999999	645.01766423	31.64384019	0.21601414	0	-0.27008454	0	-0.56506565	-0	0	0	0	0	0	0	0	0	0	0	0	0	0	0	0	0	0	0
1.076	0	0	0	0	0	0	0	0	0	-74.24554994	646.38766503	31.75549811	0.21626917	0	-0.2700906	0	-0.56143131	-0	0	0	0	0	0	0	0	0	0	0	0	0	0	0	0	0	0	0
1.077	0	0	0	0	0	0	0	0	0	-74.0016806	647.60194176	31.87162881	0.21652581	0	-0.27009692	0	-0.55790891	-0	0	0	0	0	0	0	0	0	0	0	0	0	0	0	0	0	0	0
1.078	0	0	0	0	0	0	0	0	0	-73.75666185	648.6647374	31.99170337	0.21678401	0	-0.2701036	0	-0.55445244	-0	0	0	0	0	0	0	0	0	0	0	0	0	0	0	0	0	0	0
1.079	0	0	0	0	0	0	0	0	0	-73.51044026	649.5808629000001	32.11507163	0.21704371	0	-0.27011073	0	-0.55101604	-0	0	0	0	0	0	0	0	0	0	0	0	0	0	0	0	0	0	0
1.08	0	0	0	0	0	0	0	0	0	-73.26289152	650.35563918	32.24097903	0.21730483	0	-0.27011839	0	-0.54755499	-0	0	0	0	0	0	0	0	0	0	0	0	0	0	0	0	0	0	0
1.081	0	0	0	0	0	0	0	0	0	-73.01382202000001	650.99483476	32.36858525	0.2175673	0	-0.27012666	0	-0.54402671	-0	0	0	0	0	0	0	0	0	0	0	0	0	0	0	0	0	0	0
1.082	0	0	0	0	0	0	0	0	0	-72.76297151	651.50460015	32.49698383	0.21783104	0	-0.27013558	0	-0.54039174	-0	0	0	0	0	0	0	0	0	0	0	0	0	0	0	0	0	0	0
1.083	0	0	0	0	0	0	0	0	0	-72.51001678999999	651.89140017	32.62522246	0.21809598	0	-0.2701452	0	-0.53661455	-0	0	0	0	0	0	0	0	0	0	0	0	0	0	0	0	0	0	0
1.084	0	0	0	0	0	0	0	0	0	-72.25457632	652.16194517	32.7523233	0.21836202	0	-0.27015557	0	-0.53266425	-0	0	0	0	0	0	0	0	0	0	0	0	0	0	0	0	0	0	0
1.085	0	0	0	0	0	0	0	0	0	-71.99621578999999	652.32312226	32.87730292	0.2186291	0	-0.27016671	0	-0.5285151300000001	-0	0	0	0	0	0	0	0	0	0	0	0	0	0	0	0	0	0	0
1.086	0	0	0	0	0	0	0	0	0	-71.73445436	652.38192741	32.9991915	0.21889713	0	-0.27017864	0	-0.52414699	-0	0	0	0	0	0	0	0	0	0	0	0	0	0	0	0	0	0	0
1.087	0	0	0	0	0	0	0	0	0	-71.46877175	652.34539923	33.11705084	0.21916604	0	-0.27019136	0	-0.51954526	-0	0	0	0	0	0	0	0	0	0	0	0	0	0	0	0	0	0	0
1.088	0	0	0	0	0	0	0	0	0	-71.19861584	652.22055518	33.22999091	0.21943575	0	-0.27020488	0	-0.51470085	-0	0	0	0	0	0	0	0	0	0	0	0	0	0	0	0	0	0	0
1.089	0	0	0	0	0	0	0	0	0	-70.92341084	652.01433085	33.33718465	0.2197062	0	-0.2702192	0	-0.50960978	-0	0	0	0	0	0	0	0	0	0	0	0	0	0	0	0	0	0	0
1.09	0	0	0	0	0	0	0	0	0	-70.64256584	651.73352286	33.43788091	0.21997732	0	-0.27023429	0	-0.50427261	-0	0	0	0	0	0	0	0	0	0	0	0	0	0	0	0	0	0	0
1.091	0	0	0	0	0	0	0	0	0	-70.35548355	651.38473609	33.53141515	0.22024906	0	-0.27025013	0	-0.49869358	-0	0	0	0	0	0	0	0	0	0	0	0	0	0	0	0	0	0	0
1.092	0	0	0	0	0	0	0	0	0	-70.06156915	650.97433534	33.61721813	0.22052138	0	-0.27026668	0	-0.49287966	-0	0	0	0	0	0	0	0	0	0	0	0	0	0	0	0	0	0	0
1.093	0	0	0	0	0	0	0	0	0	-69.76023904	650.5084020100001	33.69482228	0.22079423	0	-0.27028391	0	-0.48683942	-0	0	0	0	0	0	0	0	0	0	0	0	0	0	0	0	0	0	0
1.094	0	0	0	0	0	0	0	0	0	-69.45092923999999	649.99269581	33.76386602	0.22106757	0	-0.27030176	0	-0.48058191	-0	0	0	0	0	0	0	0	0	0	0	0	0	0	0	0	0	0	0
1.095	0	0	0	0	0	0	0	0	0	-69.13310328999999	649.43262179	33.82409605	0.22134139	0	-0.27032017	0	-0.47411543	-0	0	0	0	0	0	0	0	0	0	0	0	0	0	0	0	0	0	0
1.096	0	0	0	0	0	0	0	0	0	-68.80625963999999	648.83320259	33.87536766	0.22161566	0	-0.27033908	0	-0.46744645	-0	0	0	0	0	0	0	0	0	0	0	0	0	0	0	0	0	0	0
1.097	0	0	0	0	0	0	0	0	0	-68.46993813	648.19905615	33.91764327	0.22189038	0	-0.27035841	0	-0.46057857	-0	0	0	0	0	0	0	0	0	0	0	0	0	0	0	0	0	0	0
1.098	0	0	0	0	0	0	0	0	0	-68.12372571	647.53437863	33.9509894	0.22216554	0	-0.27037809	0	-0.45351162	-0	0	0	0	0	0	0	0	0	0	0	0	0	0	0	0	0	0	0
1.099	0	0	0	0	0	0	0	0	0	-67.76726118000001	646.84293259	33.97557213	0.22244115	0	-0.27039804	0	-0.44624099	-0	0	0	0	0	0	0	0	0	0	0	0	0	0	0	0	0	0	0
1.1	0	0	0	0	0	0	0	0	0	-67.40023881	646.12804011	33.99165126	0.22271721	0	-0.27041817	0	-0.43875713	-0	0	0	0	0	0	0	0	0	0	0	0	0	0	0	0	0	0	0
1.101	0	0	0	0	0	0	0	0	0	-67.02241092	645.39258073	33.99957341	0.22299374	0	-0.27043839	0	-0.43104526	-0	0	0	0	0	0	0	0	0	0	0	0	0	0	0	0	0	0	0
1.102	0	0	0	0	0	0	0	0	0	-66.63358925	644.63899396	33.99976415	0.22327076	0	-0.27045861	0	-0.42308538	-0	0	0	0	0	0	0	0	0	0	0	0	0	0	0	0	0	0	0
1.103	0	0	0	0	0	0	0	0	0	-66.23364531	643.8692861	33.99271941	0.22354829	0	-0.27047876	0	-0.4148525	-0	0	0	0	0	0	0	0	0	0	0	0	0	0	0	0	0	0	0
1.104	0	0	0	0	0	0	0	0	0	-65.82250989000001	643.08504127	33.97899623	0.22382636	0	-0.27049874	0	-0.40631711	-0	0	0	0	0	0	0	0	0	0	0	0	0	0	0	0	0	0	0
1.105	0	0	0	0	0	0	0	0	0	-65.40017182	642.28743631	33.95920321	0.22410498	0	-0.27051846	0	-0.39744588	-0	0	0	0	0	0	0	0	0	0	0	0	0	0	0	0	0	0	0
1.106	0	0	0	0	0	0	0	0	0	-64.96667614	641.47725933	33.93399053	0.22438418	0	-0.27053785	0	-0.38820247	-0	0	0	0	0	0	0	0	0	0	0	0	0	0	0	0	0	0	0
1.107	0	0	0	0	0	0	0	0	0	-64.52212192	640.65493153	33.90403996	0.22466399	0	-0.27055683	0	-0.37854857	-0	0	0	0	0	0	0	0	0	0	0	0	0	0	0	0	0	0	0
1.108	0	0	0	0	0	0	0	0	0	-64.06665975	639.82053195	33.87005479	0.22494443	0	-0.27057531	0	-0.3684449	-0	0	0	0	0	0	0	0	0	0	0	0	0	0	0	0	0	0	0
1.109	0	0	0	0	0	0	0	0	0	-63.60048896	638.97382468	33.83274985	0.22522551	0	-0.27059322	-0	-0.35785241	-0	0	0	0	0	0	0	0	0	0	0	0	0	0	0	0	0	0	0
1.11	0	0	0	0	0	0	0	0	0	-63.12385486	638.11428805	33.79284171	0.22550726	0	-0.27061049	-0	-0.34673342	-0	0	0	0	0	0	0	0	0	0	0	0	0	0	0	0	0	0	0
1.111	0	0	0	0	0	0	0	0	0	-62.63704593	637.2411451299999	33.75103917	0.22578966	0	-0.27062705	-0	-0.33505281	-0	0	0	0	0	0	0	0	0	0	0	0	0	0	0	0	0	0	0
1.112	0	0	0	0	0	0	0	0	0	-62.14039107	636.35339517	33.70803397	0.22607273	0	-0.27064284	-0	-0.32277922	-0	0	0	0	0	0	0	0	0	0	0	0	0	0	0	0	0	0	0
1.113	0	0	0	0	0	0	0	0	0	-61.63425717	635.44984508	33.66449204	0.22635646	0	-0.27065781	-0	-0.30988615	-0	0	0	0	0	0	0	0	0	0	0	0	0	0	0	0	0	0	0
1.114	0	0	0	0	0	0	0	0	0	-61.11904674	634.52914075	33.62104518	0.22664084	0	-0.27067189	-0	-0.29635301	-0	0	0	0	0	0	0	0	0	0	0	0	0	0	0	0	0	0	0
1.115	0	0	0	0	0	0	0	0	0	-60.59519583	633.5897976	33.57828332	0.22692585	0	-0.27068504	-0	-0.28216617	0	0	0	0	0	0	0	0	0	0	0	0	0	0	0	0	0	0	0
1.116	0	0	0	0	0	0	0	0	0	-60.06317218	632.6302302	33.53674751	0.22721145	0	-0.27069721	-0	-0.26731978	0	0	0	0	0	0	0	0	0	0	0	0	0	0	0	0	0	0	0
1.117	0	0	0	0	0	0	0	0	0	-59.52347344	631.64878087	33.4969235	0.22749761	0	-0.27070838	-0	-0.25181653	0	0	0	0	0	0	0	0	0	0	0	0	0	0	0	0	0	0	0
1.118	0	0	0	0	0	0	0	0	0	-58.97662556	630.64374701	33.45923624	0.22778429	0	-0.27071851	-0	-0.23566823	0	0	0	0	0	0	0	0	0	0	0	0	0	0	0	0	0	0	0
1.119	0	0	0	0	0	0	0	0	0	-58.42318123	629.6134074300001	33.42404504	0.22807146	0	-0.27072758	-0	-0.21889619	0	0	0	0	0	0	0	0	0	0	0	0	0	0	0	0	0	0	0
1.12	0	0	0	0	0	0	0	0	0	-57.86371834	628.5560474599999	33.3916397	0.22835905	0	-0.27073559	-0	-0.20153144	0	0	0	0	0	0	0	0	0	0	0	0	0	0	0	0	0	0	0
1.121	0	0	0	0	0	0	0	0	0	-57.29883833	627.46998305	33.36223739	0.22864702	0	-0.27074253	0	-0.18361465	0	0	0	0	0	0	0	0	0	0	0	0	0	0	0	0	0	0	0
1.122	0	0	0	0	0	0	0	0	0	-56.72916461	626.35358388	33.33598041	0.22893532	0	-0.27074841	0	-0.16519598	0	0	0	0	0	0	0	0	0	0	0	0	0	0	0	0	0	0	0
1.123	0	0	0	0	0	0	0	0	0	-56.15534076	625.20529565	33.31293472	0.2292239	0	-0.27075325	0	-0.14633457	0	0	0	0	0	0	0	0	0	0	0	0	0	0	0	0	0	0	0
1.124	0	0	0	0	0	0	0	0	0	-55.57802859	624.02366158	33.29308937	0.22951272	0	-0.27075708	0	-0.127098	0	0	0	0	0	0	0	0	0	0	0	0	0	0	0	0	0	0	0
1.125	0	0	0	0	0	0	0	0	0	-54.99790596	622.80734297	33.27635665	0.22980174	0	-0.27075994	0	-0.10756146	0	0	0	0	0	0	0	0	0	0	0	0	0	0	0	0	0	0	0
1.126	0	0	0	0	0	0	0	0	0	-54.41566433	621.55513887	33.26257301	0.23009092	0	-0.27076185	0	-0.08780683	0	0	0	0	0	0	0	0	0	0	0	0	0	0	0	0	0	0	0
1.127	0	0	0	0	0	0	0	0	0	-53.83200584	620.26600455	33.25150086	0.23038026	0	-0.27076289	0	-0.06792157	0	0	0	0	0	0	0	0	0	0	0	0	0	0	0	0	0	0	0
1.128	0	0	0	0	0	0	0	0	0	-53.24764008	618.93906875	33.24283101	0.23066972	0	-0.27076309	0	-0.04799761	0	0	0	0	0	0	0	0	0	0	0	0	0	0	0	0	0	0	0
1.129	0	0	0	0	0	0	0	0	0	-52.66328032	617.57364951	33.23618598	0.2309593	0	-0.27076253	0	-0.02813008	0	0	0	0	0	0	0	0	0	0	0	0	0	0	0	0	0	0	0
1.13	0	0	0	0	0	0	0	0	0	-52.0796393	616.1692683799999	33.23112385	0.23124901	0	-0.27076126	0	-0.00841606	0	0	0	0	0	0	0	0	0	0	0	0	0	0	0	0	0	0	0
1.131	0	0	0	0	0	0	0	0	0	-51.49742459	614.72566288	33.22714279	0.23153887	0	-0.27075934	0	0.01104666	0	0	0	0	0	0	0	0	0	0	0	0	0	0	0	0	0	0	0
1.132	0	0	0	0	0	0	0	0	0	-50.91733348	613.2427968	33.22368621	0.23182887	0	-0.27075685	0	0.03016085	0	0	0	0	0	0	0	0	0	0	0	0	0	0	0	0	0	0	0
1.133	0	0	0	0	0	0	0	0	0	-50.34004747	611.72086825	33.22014831	0.23211906	0	-0.27075384	0	0.04883106	0	0	0	0	0	0	0	0	0	0	0	0	0	0	0	0	0	0	0
1.134	0	0	0	0	0	0	0	0	0	-49.76622646	610.16031537	33.21588018	0.23240946	0	-0.27075037	0	0.0669648	0	0	0	0	0	0	0	0	0	0	0	0	0	0	0	0	0	0	0
1.135	0	0	0	0	0	0	0	0	0	-49.19650262	608.56181945	33.21019632	0.2327001	0	-0.27074651	0	0.08447364	0	0	0	0	0	0	0	0	0	0	0	0	0	0	0	0	0	0	0
1.136	0	0	0	0	0	0	0	0	0	-48.6314742	606.92630565	33.20238152	0.23299101	0	-0.27074231	0	0.10127427	0	0	0	0	0	0	0	0	0	0	0	0	0	0	0	0	0	0	0
1.137	0	0	0	0	0	0	0	0	0	-48.07169932	605.25494109	33.19169808	0.23328223	0	-0.27073782	0	0.11728946	0	0	0	0	0	0	0	0	0	0	0	0	0	0	0	0	0	0	0
1.138	0	0	0	0	0	0	0	0	0	-47.51768996	603.5491304	33.17739332	0.23357378	0	-0.27073311	0	0.13244896	0	0	0	0	0	0	0	0	0	0	0	0	0	0	0	0	0	0	0
1.139	0	0	0	0	0	0	0	0	0	-46.96990632	601.81050881	33.15870719	0.2338657	0	-0.27072823	0	0.14669027	0	0	0	0	0	0	0	0	0	0	0	0	0	0	0	0	0	0	0
1.14	0	0	0	0	0	0	0	0	0	-46.42875186	600.04093278	33.13488004	0.234158	0	-0.27072322	0	0.15995938	-0	0	0	0	0	0	0	0	0	0	0	0	0	0	0	0	0	0	0
1.141	0	0	0	0	0	0	0	0	0	-45.89456901	598.24246833	33.10516042	0.23445069	0	-0.27071813	0	0.17221135	-0	0	0	0	0	0	0	0	0	0	0	0	0	0	0	0	0	0	0
1.142	0	0	0	0	0	0	0	0	0	-45.36763594	596.41737739	33.06881285	0.23474379	0	-0.270713	0	0.18341085	-0	0	0	0	0	0	0	0	0	0	0	0	0	0	0	0	0	0	0
1.143	0	0	0	0	0	0	0	0	0	-44.84816431	594.56810223	33.02512564	0.23503729	0	-0.27070789	0	0.19353258	-0	0	0	0	0	0	0	0	0	0	0	0	0	0	0	0	0	0	0
1.144	0	0	0	0	0	0	0	0	0	-44.33629816	592.69724838	32.97341858	0.2353312	0	-0.27070282	0	0.20256163	-0	0	0	0	0	0	0	0	0	0	0	0	0	0	0	0	0	0	0
1.145	0	0	0	0	0	0	0	0	0	-43.83211394	590.80756633	32.9130506	0.23562549	0	-0.27069783	0	0.21049369	-0	0	0	0	0	0	0	0	0	0	0	0	0	0	0	0	0	0	0
1.146	0	0	0	0	0	0	0	0	0	-43.33562172	588.90193213	32.84342726	0.23592016	0	-0.27069295	0	0.2173352	-0	0	0	0	0	0	0	0	0	0	0	0	0	0	0	0	0	0	0
1.147	0	0	0	0	0	0	0	0	0	-42.84676754	586.98332719	32.76400795	0.23621517	0	-0.2706882	0	0.22310337	-0	0	0	0	0	0	0	0	0	0	0	0	0	0	0	0	0	0	0
1.148	0	0	0	0	0	0	0	0	0	-42.36543691	585.0548173	32.67431274	0.23651049	0	-0.27068361	0	0.22782611	-0	0	0	0	0	0	0	0	0	0	0	0	0	0	0	0	0	0	0
1.149	0	0	0	0	0	0	0	0	0	-41.89145934	583.11953073	32.57392858	0.2368061	0	-0.27067917	0	0.23154185	-0	0	0	0	0	0	0	0	0	0	0	0	0	0	0	0	0	0	0
1.15	0	0	0	0	0	0	0	0	0	-41.42461395	581.18063542	32.46251495	0.23710196	0	-0.27067488	0	0.23429925	-0	0	0	0	0	0	0	0	0	0	0	0	0	0	0	0	0	0	0
1.151	0	0	0	0	0	0	0	0	0	-40.96463577	579.24131519	32.33980866	0.23739804	0	-0.27067075	0	0.23615681	-0	0	0	0	0	0	0	0	0	0	0	0	0	0	0	0	0	0	0
1.152	0	0	0	0	0	0	0	0	0	-40.51122278	577.30474509	32.20562791	0.23769431	0	-0.27066674	0	0.23718242	-0	0	0	0	0	0	0	0	0	0	0	0	0	0	0	0	0	0	0
1.153	0	0	0	0	0	0	0	0	0	-40.06404337	575.37406591	32.05987536	0.23799073	0	-0.27066284	-0	0.23745276	-0	0	0	0	0	0	0	0	0	0	0	0	0	0	0	0	0	0	0
1.154	0	0	0	0	0	0	0	0	0	-39.62274399	573.45235827	31.90254044	0.2382873	0	-0.270659	-0	0.23705264	-0	0	0	0	0	0	0	0	0	0	0	0	0	0	0	0	0	0	0
1.155	0	0	0	0	0	0	0	0	0	-39.18695678	571.54261654	31.73370067	0.23858399	0	-0.27065518	-0	0.23607429	-0	0	0	0	0	0	0	0	0	0	0	0	0	0	0	0	0	0	0
1.156	0	0	0	0	0	0	0	0	0	-38.75630702	569.64772312	31.55352213	0.23888081	0	-0.27065134	-0	0.2346165	-0	0	0	0	0	0	0	0	0	0	0	0	0	0	0	0	0	0	0
1.157	0	0	0	0	0	0	0	0	0	-38.33042029	567.77042338	31.36225917	0.23917774	0	-0.27064743	-0	0.23278376	-0	0	0	0	0	0	0	0	0	0	0	0	0	0	0	0	0	0	0
1.158	0	0	0	0	0	0	0	0	0	-37.90892909	565.9133019	31.1602534	0.23947481	0	-0.2706434	-0	0.23068525	-0	0	0	0	0	0	0	0	0	0	0	0	0	0	0	0	0	0	0
1.159	0	0	0	0	0	0	0	0	0	-37.49147913	564.07876041	30.94793198	0.23977204	0	-0.2706392	-0	0.22843382	-0	0	0	0	0	0	0	0	0	0	0	0	0	0	0	0	0	0	0
1.16	0	0	0	0	0	0	0	0	0	-37.07773502	562.26899799	30.7258054	0.24006946	0	-0.27063478	-0	0.22614482	-0	0	0	0	0	0	0	0	0	0	0	0	0	0	0	0	0	0	0
1.161	0	0	0	0	0	0	0	0	0	-36.66738547	560.4859939200001	30.49446454	0.24036712	0	-0.2706301	-0	0.22393494	-0	0	0	0	0	0	0	0	0	0	0	0	0	0	0	0	0	0	0
1.162	0	0	0	0	0	0	0	0	0	-36.26014797	558.73149359	30.25457704	0.24066507	0	-0.27062513	-0	0.22192095	-0	0	0	0	0	0	0	0	0	0	0	0	0	0	0	0	0	0	0
1.163	0	0	0	0	0	0	0	0	0	-35.85577276	557.00699773	30.00688309	0.24096338	0	-0.27061985	-0	0.22021841	-0	0	0	0	0	0	0	0	0	0	0	0	0	0	0	0	0	0	0
1.164	0	0	0	0	0	0	0	0	0	-35.45404619	555.3137549099999	29.75219032	0.24126212	0	-0.27061424	-0	0.21894042	-0	0	0	0	0	0	0	0	0	0	0	0	0	0	0	0	0	0	0
1.165	0	0	0	0	0	0	0	0	0	-35.05479323	553.65275749	29.49136815	0.2415614	0	-0.27060831	-0	0.21819629	-0	0	0	0	0	0	0	0	0	0	0	0	0	0	0	0	0	0	0
1.166	0	0	0	0	0	0	0	0	0	-34.65787917	552.02474088	29.22534125	0.24186129	0	-0.27060205	-0	0.21809031	-0	0	0	0	0	0	0	0	0	0	0	0	0	0	0	0	0	0	0
1.167	0	0	0	0	0	0	0	0	0	-34.26321053	550.43018597	28.95508232	0.24216191	0	-0.2705955	-0	0.21872054	-0	0	0	0	0	0	0	0	0	0	0	0	0	0	0	0	0	0	0
1.168	0	0	0	0	0	0	0	0	0	-33.87073506	548.86932471	28.6816041	0.24246335	0	-0.27058867	-0	0.2201776	-0	0	0	0	0	0	0	0	0	0	0	0	0	0	0	0	0	0	0
1.169	0	0	0	0	0	0	0	0	0	-33.48044102	547.34214867	28.4059507	0.24276574	0	-0.27058163	-0	0.22254362	-0	0	0	0	0	0	0	0	0	0	0	0	0	0	0	0	0	0	0
1.17	0	0	0	0	0	0	0	0	0	-33.09235579	545.84842044	28.12918824	0.24306919	0	-0.27057441	-0	0.22589123	-0	0	0	0	0	0	0	0	0	0	0	0	0	0	0	0	0	0	0
1.171	0	0	0	0	0	0	0	0	0	-32.70654371	544.38768777	27.85239505	0.24337381	0	-0.27056708	-0	0.23028268	-0	0	0	0	0	0	0	0	0	0	0	0	0	0	0	0	0	0	0
1.172	0	0	0	0	0	0	0	0	0	-32.32310358	542.95930032	27.57665134	0.24367972	0	-0.27055972	-0	0.23576905	-0	0	0	0	0	0	0	0	0	0	0	0	0	0	0	0	0	0	0
1.173	0	0	0	0	0	0	0	0	0	-31.94216554	541.5624287099999	27.30302883	0.24398703	0	-0.2705524	-0	0.24238959	-0	0	0	0	0	0	0	0	0	0	0	0	0	0	0	0	0	0	0
1.174	0	0	0	0	0	0	0	0	0	-31.56388773	540.1960857399999	27.0325803	0.24429584	0	-0.27054521	-0	0.2501711	-0	0	0	0	0	0	0	0	0	0	0	0	0	0	0	0	0	0	0
1.175	0	0	0	0	0	0	0	0	0	-31.18845259	538.85914945	26.76632933	0.24460624	0	-0.27053824	-0	0.25912757	-0	0	0	0	0	0	0	0	0	0	0	0	0	0	0	0	0	0	0
1.176	0	0	0	0	0	0	0	0	0	-30.81606283	537.55038761	26.50526053	0.24491833	0	-0.27053159	-0	0.2692598	-0	0	0	0	0	0	0	0	0	0	0	0	0	0	0	0	0	0	0
1.177	0	0	0	0	0	0	0	0	0	-30.44693718	536.26848338	26.25031012	0.24523218	0	-0.27052536	-0	0.28055529	-0	0	0	0	0	0	0	0	0	0	0	0	0	0	0	0	0	0	0
1.178	0	0	0	0	0	0	0	0	0	-30.08130587	535.01206159	26.00235728	0.24554786	0	-0.27051964	-0	0.29298816	-0	0	0	0	0	0	0	0	0	0	0	0	0	0	0	0	0	0	0
1.179	0	0	0	0	0	0	0	0	0	-29.71940598	533.7797153	25.76221606	0.24586541	0	-0.27051454	-0	0.30651935	-0	0	0	0	0	0	0	0	0	0	0	0	0	0	0	0	0	0	0
1.18	0	0	0	0	0	0	0	0	0	-29.36147668	532.57003217	25.53062813	0.24618487	0	-0.27051016	-0	0.32109692	-0	0	0	0	0	0	0	0	0	0	0	0	0	0	0	0	0	0	0
1.181	0	0	0	0	0	0	0	0	0	-29.00775449	531.3816203	25.30825629	0.24650626	0	-0.27050661	-0	0.33665657	-0	0	0	0	0	0	0	0	0	0	0	0	0	0	0	0	0	0	0
1.182	0	0	0	0	0	0	0	0	0	-28.65846872	530.21313314	25.09567885	0.24682958	0	-0.27050398	0	0.35312236	-0	0	0	0	0	0	0	0	0	0	0	0	0	0	0	0	0	0	0
1.183	0	0	0	0	0	0	0	0	0	-28.31383693	529.06329311	24.89338478	0.24715483	0	-0.27050237	0	0.3704076	-0	0	0	0	0	0	0	0	0	0	0	0	0	0	0	0	0	0	0
1.184	0	0	0	0	0	0	0	0	0	-27.97406077	527.9309135	24.70176979	0.24748197	0	-0.27050185	0	0.38841595	-0	0	0	0	0	0	0	0	0	0	0	0	0	0	0	0	0	0	0
1.185	0	0	0	0	0	0	0	0	0	-27.639322	526.81491809	24.52113327	0.24781095	0	-0.27050252	0	0.40704265	-0	0	0	0	0	0	0	0	0	0	0	0	0	0	0	0	0	0	0
1.186	0	0	0	0	0	0	0	0	0	-27.30977882	525.71435807	24.35167607	0.24814173	0	-0.27050444	0	0.4261759	-0	0	0	0	0	0	0	0	0	0	0	0	0	0	0	0	0	0	0
1.187	0	0	0	0	0	0	0	0	0	-26.98556268	524.6284257999999	24.19349934	0.24847423	0	-0.27050767	0	0.44569837	0	0	0	0	0	0	0	0	0	0	0	0	0	0	0	0	0	0	0
1.188	0	0	0	0	0	0	0	0	0	-26.66677544	523.556465	24.04660418	0.24880835	0	-0.27051227	0	0.46548876	0	0	0	0	0	0	0	0	0	0	0	0	0	0	0	0	0	0	0
1.189	0	0	0	0	0	0	0	0	0	-26.35348717	522.49797699	23.91089244	0.249144	0	-0.27051827	0	0.48542346	0	0	0	0	0	0	0	0	0	0	0	0	0	0	0	0	0	0	0
1.19	0	0	0	0	0	0	0	0	0	-26.04573457	521.45262289	23.78616842	0.24948106	0	-0.2705257	0	0.5053781899999999	0	0	0	0	0	0	0	0	0	0	0	0	0	0	0	0	0	0	0
1.191	0	0	0	0	0	0	0	0	0	-25.74351997	520.42022165	23.67214183	0.24981942	0	-0.27053459	0	0.5252297	0	0	0	0	0	0	0	0	0	0	0	0	0	0	0	0	0	0	0
1.192	0	0	0	0	0	0	0	0	0	-25.44681116	519.40074435	23.56843171	0.25015893	0	-0.27054494	0	0.54485737	0	0	0	0	0	0	0	0	0	0	0	0	0	0	0	0	0	0	0
1.193	0	0	0	0	0	0	0	0	0	-25.15554179	518.3943050399999	23.4745716	0.25049948	0	-0.27055675	0	0.56414485	0	0	0	0	0	0	0	0	0	0	0	0	0	0	0	0	0	0	0
1.194	0	0	0	0	0	0	0	0	0	-24.86961245	517.40114884	23.39001556	0.2508409	0	-0.27057002	0	0.5829814800000001	0	0	0	0	0	0	0	0	0	0	0	0	0	0	0	0	0	0	0
1.195	0	0	0	0	0	0	0	0	0	-24.58889237	516.4216377400001	23.31414532	0.25118306	0	-0.27058472	0	0.60126376	0	0	0	0	0	0	0	0	0	0	0	0	0	0	0	0	0	0	0
1.196	0	0	0	0	0	0	0	0	0	-24.3132216	515.45623513	23.24627811	0.2515258	0	-0.27060083	0	0.61889648	0	0	0	0	0	0	0	0	0	0	0	0	0	0	0	0	0	0	0
1.197	0	0	0	0	0	0	0	0	0	-24.04241362	514.50548957	23.18567517	0.25186898	0	-0.27061832	0	0.6357938400000001	0	0	0	0	0	0	0	0	0	0	0	0	0	0	0	0	0	0	0
1.198	0	0	0	0	0	0	0	0	0	-23.77625827	513.57001858	23.13155085	0.25221244	0	-0.27063716	0	0.65188026	0	0	0	0	0	0	0	0	0	0	0	0	0	0	0	0	0	0	0
1.199	0	0	0	0	0	0	0	0	0	-23.51452483	512.65049291	23.08308207	0.25255605	0	-0.27065732	0	0.66709111	0	0	0	0	0	0	0	0	0	0	0	0	0	0	0	0	0	0	0
1.2	0	0	0	0	0	0	0	0	0	-23.25696516	511.74762167	23.03941804	0.25289965	0	-0.27067876	0	0.68137316	0	0	0	0	0	0	0	0	0	0	0	0	0	0	0	0	0	0	0
1.201	0	0	0	0	0	0	0	0	0	-23.00331669	510.86213867	22.99969005	0.25324311	0	-0.27070145	0	0.69468492	0	0	0	0	0	0	0	0	0	0	0	0	0	0	0	0	0	0	0
1.202	0	0	0	0	0	0	0	0	0	-22.75330536	509.99479005	22.96302137	0.25358631	0	-0.27072535	0	0.70699669	0	0	0	0	0	0	0	0	0	0	0	0	0	0	0	0	0	0	0
1.203	0	0	0	0	0	0	0	0	0	-22.50664818	509.14632345	22.92853697	0.25392914	0	-0.27075044	0	0.71829051	-0	0	0	0	0	0	0	0	0	0	0	0	0	0	0	0	0	0	0
1.204	0	0	0	0	0	0	0	0	0	-22.26305571	508.31747869	22.89537308	0.25427148	0	-0.27077668	0	0.72855985	-0	0	0	0	0	0	0	0	0	0	0	0	0	0	0	0	0	0	0
1.205	0	0	0	0	0	0	0	0	0	-22.0222342	507.50897999	22.86268645	0.25461324	0	-0.27080405	0	0.73780911	-0	0	0	0	0	0	0	0	0	0	0	0	0	0	0	0	0	0	0
1.206	0	0	0	0	0	0	0	0	0	-21.78388751	506.7215297	22.82966304	0.25495436	0	-0.27083253	0	0.74605306	-0	0	0	0	0	0	0	0	0	0	0	0	0	0	0	0	0	0	0
1.207	0	0	0	0	0	0	0	0	0	-21.54771887	505.95580344	22.79552637	0.25529476	0	-0.27086209	0	0.75331601	-0	0	0	0	0	0	0	0	0	0	0	0	0	0	0	0	0	0	0
1.208	0	0	0	0	0	0	0	0	0	-21.31343229	505.21244658	22.75954513	0.25563439	0	-0.27089272	0	0.75963101	-0	0	0	0	0	0	0	0	0	0	0	0	0	0	0	0	0	0	0
1.209	0	0	0	0	0	0	0	0	0	-21.08073395	504.49207206	22.72104008	0.25597322	0	-0.27092439	0	0.76503888	-0	0	0	0	0	0	0	0	0	0	0	0	0	0	0	0	0	0	0
1.21	0	0	0	0	0	0	0	0	0	-20.84933321	503.79525951	22.6793903	0.25631122	0	-0.27095709	0	0.7695872499999999	-0	0	0	0	0	0	0	0	0	0	0	0	0	0	0	0	0	0	0
1.211	0	0	0	0	0	0	0	0	0	-20.61894361	503.12255535	22.63403856	0.25664837	0	-0.27099078	0	0.77332949	-0	0	0	0	0	0	0	0	0	0	0	0	0	0	0	0	0	0	0
1.212	0	0	0	0	0	0	0	0	0	-20.38928362	502.47447385	22.58449603	0.25698468	0	-0.27102543	0	0.77632368	0	0	0	0	0	0	0	0	0	0	0	0	0	0	0	0	0	0	0
1.213	0	0	0	0	0	0	0	0	0	-20.16007729	501.85149872	22.53034618	0.25732014	0	-0.27106101	-0	0.77863145	0	0	0	0	0	0	0	0	0	0	0	0	0	0	0	0	0	0	0
1.214	0	0	0	0	0	0	0	0	0	-19.93105469	501.25408512	22.47124815	0.25765476	0	-0.27109748	-0	0.78031697	0	0	0	0	0	0	0	0	0	0	0	0	0	0	0	0	0	0	0
1.215	0	0	0	0	0	0	0	0	0	-19.70195234	500.68266167	22.40693946	0.25798854	0	-0.27113477	-0	0.78144588	0	0	0	0	0	0	0	0	0	0	0	0	0	0	0	0	0	0	0
1.216	0	0	0	0	0	0	0	0	0	-19.47251347	500.13763216	22.33723815	0.25832151	0	-0.27117282	-0	0.78208427	0	0	0	0	0	0	0	0	0	0	0	0	0	0	0	0	0	0	0
1.217	0	0	0	0	0	0	0	0	0	-19.24248819	499.61937672	22.26204443	0.25865366	0	-0.27121154	-0	0.7822977800000001	0	0	0	0	0	0	0	0	0	0	0	0	0	0	0	0	0	0	0
1.218	0	0	0	0	0	0	0	0	0	-19.01163369	499.12825211	22.18134156	0.25898501	0	-0.27125086	-0	0.78215075	0	0	0	0	0	0	0	0	0	0	0	0	0	0	0	0	0	0	0
1.219	0	0	0	0	0	0	0	0	0	-18.77971431	498.66459097	22.09519617	0.25931556	0	-0.27129067	-0	0.78170542	0	0	0	0	0	0	0	0	0	0	0	0	0	0	0	0	0	0	0
1.22	0	0	0	0	0	0	0	0	0	-18.54650166	498.22869968	22.00375773	0.25964531	0	-0.27133084	-0	0.7810213	0	0	0	0	0	0	0	0	0	0	0	0	0	0	0	0	0	0	0
1.221	0	0	0	0	0	0	0	0	0	-18.3117749	497.82085499	21.90725712	0.25997427	0	-0.27137127	-0	0.78015459	0	0	0	0	0	0	0	0	0	0	0	0	0	0	0	0	0	0	0
1.222	0	0	0	0	0	0	0	0	0	-18.075321	497.44129906	21.80600433	0.26030243	0	-0.27141182	-0	0.77915764	0	0	0	0	0	0	0	0	0	0	0	0	0	0	0	0	0	0	0
1.223	0	0	0	0	0	0	0	0	0	-17.83693537	497.09023342	21.70038511	0.26062977	0	-0.27145236	-0	0.77807855	0	0	0	0	0	0	0	0	0	0	0	0	0	0	0	0	0	0	0
1.224	0	0	0	0	0	0	0	0	0	-17.5964227	496.76781189	21.59085657	0.2609563	0	-0.27149274	-0	0.77696086	0	0	0	0	0	0	0	0	0	0	0	0	0	0	0	0	0	0	0
1.225	0	0	0	0	0	0	0	0	0	-17.35359809	496.47413285	21.47794176	0.26128198	0	-0.27153282	-0	0.77584324	0	0	0	0	0	0	0	0	0	0	0	0	0	0	0	0	0	0	0
1.226	0	0	0	0	0	0	0	0	0	-17.10828847	496.20923116	21.36222319	0.26160681	0	-0.27157247	-0	0.7747593699999999	0	0	0	0	0	0	0	0	0	0	0	0	0	0	0	0	0	0	0
1.227	0	0	0	0	0	0	0	0	0	-16.86033416	495.97307004	21.24433547	0.26193075	0	-0.27161154	-0	0.77373786	0	0	0	0	0	0	0	0	0	0	0	0	0	0	0	0	0	0	0
1.228	0	0	0	0	0	0	0	0	0	-16.60959047	495.7655332	21.12495702	0.26225379	0	-0.27164992	-0	0.7728023000000001	0	0	0	0	0	0	0	0	0	0	0	0	0	0	0	0	0	0	0
1.229	0	0	0	0	0	0	0	0	0	-16.35592931	495.58641757	21.00480119	0.2625759	0	-0.27168748	-0	0.77197147	0	0	0	0	0	0	0	0	0	0	0	0	0	0	0	0	0	0	0
1.23	0	0	0	0	0	0	0	0	0	-16.09924074	495.43542678	20.88460678	0.26289704	0	-0.27172412	-0	0.7712595799999999	0	0	0	0	0	0	0	0	0	0	0	0	0	0	0	0	0	0	0
1.231	0	0	0	0	0	0	0	0	0	-15.83943441	495.31216586	20.76512833	0.26321719	0	-0.27175975	-0	0.77067665	0	0	0	0	0	0	0	0	0	0	0	0	0	0	0	0	0	0	0
1.232	0	0	0	0	0	0	0	0	0	-15.57644076	495.21613718	20.64712623	0.26353631	0	-0.27179429	-0	0.77022897	0	0	0	0	0	0	0	0	0	0	0	0	0	0	0	0	0	0	0
1.233	0	0	0	0	0	0	0	0	0	-15.31021216	495.14673794	20.5313569	0.26385436	0	-0.27182768	-0	0.76991959	0	0	0	0	0	0	0	0	0	0	0	0	0	0	0	0	0	0	0
1.234	0	0	0	0	0	0	0	0	0	-15.04072363	495.10325942	20.41856322	0.2641713	0	-0.27185989	-0	0.76974887	0	0	0	0	0	0	0	0	0	0	0	0	0	0	0	0	0	0	0
1.235	0	0	0	0	0	0	0	0	0	-14.7679733	495.08488819	20.30946527	0.26448709	0	-0.2718909	-0	0.76971502	0	0	0	0	0	0	0	0	0	0	0	0	0	0	0	0	0	0	0
1.236	0	0	0	0	0	0	0	0	0	-14.49198243	495.09070931	20.20475159	0.26480169	0	-0.27192071	-0	0.76981465	0	0	0	0	0	0	0	0	0	0	0	0	0	0	0	0	0	0	0
1.237	0	0	0	0	0	0	0	0	0	-14.21279493	495.11971163	20.10507108	0.26511505	0	-0.27194934	-0	0.77004329	0	0	0	0	0	0	0	0	0	0	0	0	0	0	0	0	0	0	0
1.238	0	0	0	0	0	0	0	0	0	-13.93047638	495.17079474	20.01102553	0.26542714	0	-0.27197683	-0	0.77039597	0	0	0	0	0	0	0	0	0	0	0	0	0	0	0	0	0	0	0
1.239	0	0	0	0	0	0	0	0	0	-13.64511247	495.24277764	19.923163	0.26573789	0	-0.27200323	0	0.77086769	0	0	0	0	0	0	0	0	0	0	0	0	0	0	0	0	0	0	0
1.24	0	0	0	0	0	0	0	0	0	-13.3568071	495.33440841	19.84197202	0.26604726	0	-0.2720286	0	0.77145393	0	0	0	0	0	0	0	0	0	0	0	0	0	0	0	0	0	0	0
1.241	0	0	0	0	0	0	0	0	0	-13.06568004	495.44437482	19.76787671	0.26635521	0	-0.27205303	0	0.7721510700000001	0	0	0	0	0	0	0	0	0	0	0	0	0	0	0	0	0	0	0
1.242	0	0	0	0	0	0	0	0	0	-12.77186446	495.57131548	19.70123271	0.2666617	0	-0.27207662	0	0.77295675	0	0	0	0	0	0	0	0	0	0	0	0	0	0	0	0	0	0	0
1.243	0	0	0	0	0	0	0	0	0	-12.47550422	495.71383132	19.64232417	0.26696668	0	-0.27209946	0	0.77387014	0	0	0	0	0	0	0	0	0	0	0	0	0	0	0	0	0	0	0
1.244	0	0	0	0	0	0	0	0	0	-12.17675118	495.87049714	19.59136154	0.26727011	0	-0.27212167	0	0.77489214	0	0	0	0	0	0	0	0	0	0	0	0	0	0	0	0	0	0	0
1.245	0	0	0	0	0	0	0	0	0	-11.87576252	496.03987328	19.54848035	0.26757198	0	-0.27214337	0	0.77602548	0	0	0	0	0	0	0	0	0	0	0	0	0	0	0	0	0	0	0
1.246	0	0	0	0	0	0	0	0	0	-11.57269814	496.22051718	19.51374084	0.26787226	0	-0.27216469	0	0.77727473	0	0	0	0	0	0	0	0	0	0	0	0	0	0	0	0	0	0	0
1.247	0	0	0	0	0	0	0	0	0	-11.26771823	496.41099504	19.48712848	0.26817092	0	-0.27218577	0	0.77864619	0	0	0	0	0	0	0	0	0	0	0	0	0	0	0	0	0	0	0
1.248	0	0	0	0	0	0	0	0	0	-10.96098105	496.60989337	19.4685553	0.26846798	0	-0.27220674	0	0.78014775	0	0	0	0	0	0	0	0	0	0	0	0	0	0	0	0	0	0	0
1.249	0	0	0	0	0	0	0	0	0	-10.65264094	496.81583062	19.45786211	0.26876344	0	-0.27222775	0	0.78178855	0	0	0	0	0	0	0	0	0	0	0	0	0	0	0	0	0	0	0
1.25	0	0	0	0	0	0	0	0	0	-10.34284654	497.02746876	19.45482145	0.26905731	0	-0.27224895	0	0.78357857	0	0	0	0	0	0	0	0	0	0	0	0	0	0	0	0	0	0	0
1.251	0	0	0	0	0	0	0	0	0	-10.03173917	497.24352471	19.45914134	0.26934962	0	-0.27227048	0	0.78552819	0	0	0	0	0	0	0	0	0	0	0	0	0	0	0	0	0	0	0
1.252	0	0	0	0	0	0	0	0	0	-9.719451299999999	497.46278143	19.47046978	0.26964043	0	-0.27229251	0	0.78764756	0	0	0	0	0	0	0	0	0	0	0	0	0	0	0	0	0	0	0
1.253	0	0	0	0	0	0	0	0	0	-9.406105	497.68409834	19.48839984	0.26992979	0	-0.27231517	0	0.78994601	0	0	0	0	0	0	0	0	0	0	0	0	0	0	0	0	0	0	0
1.254	0	0	0	0	0	0	0	0	0	-9.09181025	497.90642061	19.51247542	0.27021777	0	-0.27233862	0	0.79243142	0	0	0	0	0	0	0	0	0	0	0	0	0	0	0	0	0	0	0
1.255	0	0	0	0	0	0	0	0	0	-8.77666322	498.12878713	19.54219746	0.27050447	0	-0.27236302	0	0.79510959	0	0	0	0	0	0	0	0	0	0	0	0	0	0	0	0	0	0	0
1.256	0	0	0	0	0	0	0	0	0	-8.460744350000001	498.35033692	19.57703061	0.27078999	0	-0.27238849	0	0.79798367	0	0	0	0	0	0	0	0	0	0	0	0	0	0	0	0	0	0	0
1.257	0	0	0	0	0	0	0	0	0	-8.14411647	498.57031391	19.61641023	0.27107444	0	-0.27241519	0	0.80105357	0	0	0	0	0	0	0	0	0	0	0	0	0	0	0	0	0	0	0
1.258	0	0	0	0	0	0	0	0	0	-7.82682293	498.78807023	19.65974962	0.27135796	0	-0.27244325	0	0.80431555	0	0	0	0	0	0	0	0	0	0	0	0	0	0	0	0	0	0	0
1.259	0	0	0	0	0	0	0	0	0	-7.50888587	499.0030681	19.70644734	0.27164069	0	-0.27247279	0	0.8077618600000001	0	0	0	0	0	0	0	0	0	0	0	0	0	0	0	0	0	0	0
1.26	0	0	0	0	0	0	0	0	0	-7.19030474	499.21488052	19.75589463	0.27192279	0	-0.27250393	0	0.81138043	0	0	0	0	0	0	0	0	0	0	0	0	0	0	0	0	0	0	0
1.261	0	0	0	0	0	0	0	0	0	-6.87105518	499.42319081	19.80748275	0.27220444	0	-0.27253679	0	0.81515484	0	0	0	0	0	0	0	0	0	0	0	0	0	0	0	0	0	0	0
1.262	0	0	0	0	0	0	0	0	0	-6.55108819	499.62779109	19.86061026	0.2724858	0	-0.27257148	-0	0.81906427	0	0	0	0	0	0	0	0	0	0	0	0	0	0	0	0	0	0	0
1.263	0	0	0	0	0	0	0	0	0	-6.23032988	499.8285798	19.91469004	0.27276706	0	-0.27260807	-0	0.82308374	0	0	0	0	0	0	0	0	0	0	0	0	0	0	0	0	0	0	0
1.264	0	0	0	0	0	0	0	0	0	-5.90868169	500.02555849	19.96915623	0.2730484	0	-0.27264667	-0	0.82718431	0	0	0	0	0	0	0	0	0	0	0	0	0	0	0	0	0	0	0
1.265	0	0	0	0	0	0	0	0	0	-5.58602123	500.21882802	20.0234707	0.27332999	0	-0.27268733	-0	0.83133354	0	0	0	0	0	0	0	0	0	0	0	0	0	0	0	0	0	0	0
1.266	0	0	0	0	0	0	0	0	0	-5.26220359	500.40858434	20.07712922	0.27361203	0	-0.27273014	-0	0.83549597	0	0	0	0	0	0	0	0	0	0	0	0	0	0	0	0	0	0	0
1.267	0	0	0	0	0	0	0	0	0	-4.93706332	500.59511417	20.12966702	0.27389468	0	-0.27277513	-0	0.83963364	0	0	0	0	0	0	0	0	0	0	0	0	0	0	0	0	0	0	0
1.268	0	0	0	0	0	0	0	0	0	-4.61041666	500.77879049	20.18066386	0.27417809	0	-0.27282234	-0	0.84370673	0	0	0	0	0	0	0	0	0	0	0	0	0	0	0	0	0	0	0
1.269	0	0	0	0	0	0	0	0	0	-4.28206428	500.96006821	20.22974827	0.27446241	0	-0.27287182	-0	0.84767416	0	0	0	0	0	0	0	0	0	0	0	0	0	0	0	0	0	0	0
1.27	0	0	0	0	0	0	0	0	0	-3.95179414	501.13947981	20.27660112	0.27474777	0	-0.27292358	-0	0.85149428	0	0	0	0	0	0	0	0	0	0	0	0	0	0	0	0	0	0	0
1.271	0	0	0	0	0	0	0	0	0	-3.61938453	501.31763106	20.32095826	0.27503428	0	-0.27297762	-0	0.85512555	0	0	0	0	0	0	0	0	0	0	0	0	0	0	0	0	0	0	0
1.272	0	0	0	0	0	0	0	0	0	-3.28460703	501.49519671	20.36261247	0.27532203	0	-0.27303396	-0	0.85852714	0	0	0	0	0	0	0	0	0	0	0	0	0	0	0	0	0	0	0
1.273	0	0	0	0	0	0	0	0	0	-2.94722937	501.67291598	20.40141446	0.27561109	0	-0.27309258	-0	0.86165969	0	0	0	0	0	0	0	0	0	0	0	0	0	0	0	0	0	0	0
1.274	0	0	0	0	0	0	0	0	0	-2.60701803	501.85158764	20.43727317	0.2759015	0	-0.27315346	-0	0.86448585	-0	0	0	0	0	0	0	0	0	0	0	0	0	0	0	0	0	0	0
1.275	0	0	0	0	0	0	0	0	0	-2.26374057	502.03206466	20.47015528	0.2761933	0	-0.27321658	-0	0.8669709	-0	0	0	0	0	0	0	0	0	0	0	0	0	0	0	0	0	0	0
1.276	0	0	0	0	0	0	0	0	0	-1.91716765	502.215248	20.50008391	0.27648648	0	-0.27328191	-0	0.86908334	-0	0	0	0	0	0	0	0	0	0	0	0	0	0	0	0	0	0	0
1.277	0	0	0	0	0	0	0	0	0	-1.56707476	502.40207944	20.5271367	0.27678102	0	-0.27334941	-0	0.87079532	-0	0	0	0	0	0	0	0	0	0	0	0	0	0	0	0	0	0	0
1.278	0	0	0	0	0	0	0	0	0	-1.21324365	502.59353339	20.55144314	0.27707688	0	-0.27341902	-0	0.87208313	-0	0	0	0	0	0	0	0	0	0	0	0	0	0	0	0	0	0	0
1.279	0	0	0	0	0	0	0	0	0	-0.85546346	502.79060764	20.57318133	0.27737399	0	-0.2734907	-0	0.87292753	-0	0	0	0	0	0	0	0	0	0	0	0	0	0	0	0	0	0	0
1.28	0	0	0	0	0	0	0	0	0	-0.49353172	502.99431331	20.59257411	0.27767226	0	-0.27356437	-0	0.8733140700000001	-0	0	0	0	0	0	0	0	0	0	0	0	0	0	0	0	0	0	0
1.281	0	0	0	0	0	0	0	0	0	-0.12725516	503.20566437	20.60988467	0.27797157	0	-0.27363998	-0	0.87323331	-0	0	0	0	0	0	0	0	0	0	0	0	0	0	0	0	0	0	0
1.282	0	0	0	0	0	0	0	0	0	0.24354951	503.42566703	20.62541173	0.2782718	0	-0.27371744	-0	0.87268092	-0	0	0	0	0	0	0	0	0	0	0	0	0	0	0	0	0	0	0
1.283	0	0	0	0	0	0	0	0	0	0.61905473	503.65530939	20.6394843	0.27857278	0	-0.2737967	-0	0.87165777	-0	0	0	0	0	0	0	0	0	0	0	0	0	0	0	0	0	0	0
1.284	0	0	0	0	0	0	0	0	0	0.9994211200000001	503.89555177	20.65245624	0.27887435	0	-0.27387766	-0	0.87016987	-0	0	0	0	0	0	0	0	0	0	0	0	0	0	0	0	0	0	0
1.285	0	0	0	0	0	0	0	0	0	1.38479637	504.14731786	20.66470061	0.27917631	0	-0.27396026	-0	0.86822823	-0	0	0	0	0	0	0	0	0	0	0	0	0	0	0	0	0	0	0
1.286	0	0	0	0	0	0	0	0	0	1.77531392	504.41148718	20.67660406	0.27947848	0	-0.27404442	-0	0.86584871	-0	0	0	0	0	0	0	0	0	0	0	0	0	0	0	0	0	0	0
1.287	0	0	0	0	0	0	0	0	0	2.17109138	504.68888884	20.68856114	0.27978063	0	-0.27413006	-0	0.86305168	-0	0	0	0	0	0	0	0	0	0	0	0	0	0	0	0	0	0	0
1.288	0	0	0	0	0	0	0	0	0	2.57222885	504.98029686	20.70096876	0.28008255	0	-0.2742171	0	0.85986176	-0	0	0	0	0	0	0	0	0	0	0	0	0	0	0	0	0	0	0
1.289	0	0	0	0	0	0	0	0	0	2.97880707	505.28642697	20.71422079	0.28038402	0	-0.27430545	0	0.85630731	-0	0	0	0	0	0	0	0	0	0	0	0	0	0	0	0	0	0	0
1.29	0	0	0	0	0	0	0	0	0	3.39088544	505.60793499	20.72870284	0.28068483	0	-0.27439503	0	0.85242006	-0	0	0	0	0	0	0	0	0	0	0	0	0	0	0	0	0	0	0
1.291	0	0	0	0	0	0	0	0	0	3.80850009	505.94541662	20.74478739	0.28098476	0	-0.27448575	0	0.8482345100000001	-0	0	0	0	0	0	0	0	0	0	0	0	0	0	0	0	0	0	0
1.292	0	0	0	0	0	0	0	0	0	4.23166213	506.29940866	20.76282937	0.28128362	0	-0.27457751	0	0.8437874400000001	-0	0	0	0	0	0	0	0	0	0	0	0	0	0	0	0	0	0	0
1.293	0	0	0	0	0	0	0	0	0	4.66035606	506.67039145	20.78316226	0.28158121	0	-0.27467019	0	0.83911726	-0	0	0	0	0	0	0	0	0	0	0	0	0	0	0	0	0	0	0
1.294	0	0	0	0	0	0	0	0	0	5.09453861	507.05879242	20.80609483	0.28187736	0	-0.27476368	0	0.83426339	-0	0	0	0	0	0	0	0	0	0	0	0	0	0	0	0	0	0	0
1.295	0	0	0	0	0	0	0	0	0	5.53413796	507.46499036	20.83190864	0.28217194	0	-0.27485784	0	0.82926561	-0	0	0	0	0	0	0	0	0	0	0	0	0	0	0	0	0	0	0
1.296	0	0	0	0	0	0	0	0	0	5.97905349	507.88932031	20.8608561	0.28246481	0	-0.27495253	0	0.82416338	-0	0	0	0	0	0	0	0	0	0	0	0	0	0	0	0	0	0	0
1.297	0	0	0	0	0	0	0	0	0	6.42915589	508.33207852	20.89315929	0.28275588	0	-0.27504758	0	0.81899524	-0	0	0	0	0	0	0	0	0	0	0	0	0	0	0	0	0	0	0
1.298	0	0	0	0	0	0	0	0	0	6.88428773	508.79352724	20.92900924	0.28304507	0	-0.27514282	0	0.8137981	-0	0	0	0	0	0	0	0	0	0	0	0	0	0	0	0	0	0	0
1.299	0	0	0	0	0	0	0	0	0	7.34426431	509.27389889	20.96856581	0.28333235	0	-0.27523808	0	0.80860666	-0	0	0	0	0	0	0	0	0	0	0	0	0	0	0	0	0	0	0
1.3	0	0	0	0	0	0	0	0	0	7.80887477	509.77339932	21.01195798	0.2836177	0	-0.27533315	0	0.80345287	-0	0	0	0	0	0	0	0	0	0	0	0	0	0	0	0	0	0	0
1.301	0	0	0	0	0	0	0	0	0	8.27788333	510.29220985	21.0592847	0.28390115	0	-0.27542783	0	0.79836536	-0	0	0	0	0	0	0	0	0	0	0	0	0	0	0	0	0	0	0
1.302	0	0	0	0	0	0	0	0	0	8.751030589999999	510.83048789	21.11061594	0.28418275	0	-0.27552193	0	0.7933690799999999	-0	0	0	0	0	0	0	0	0	0	0	0	0	0	0	0	0	0	0
1.303	0	0	0	0	0	0	0	0	0	9.22803493	511.38836601	21.16599424	0.28446258	0	-0.27561523	0	0.78848498	-0	0	0	0	0	0	0	0	0	0	0	0	0	0	0	0	0	0	0
1.304	0	0	0	0	0	0	0	0	0	9.70859385	511.96594969	21.22543631	0.28474074	0	-0.27570753	0	0.7837298	-0	0	0	0	0	0	0	0	0	0	0	0	0	0	0	0	0	0	0
1.305	0	0	0	0	0	0	0	0	0	10.19238544	512.56331405	21.28893485	0.28501737	0	-0.27579863	0	0.7791161	-0	0	0	0	0	0	0	0	0	0	0	0	0	0	0	0	0	0	0
1.306	0	0	0	0	0	0	0	0	0	10.67906982	513.18050018	21.35646033	0.28529263	0	-0.27588834	0	0.7746523199999999	-0	0	0	0	0	0	0	0	0	0	0	0	0	0	0	0	0	0	0
1.307	0	0	0	0	0	0	0	0	0	11.16829062	513.81751161	21.42796274	0.28556669	0	-0.27597648	0	0.770343	-0	0	0	0	0	0	0	0	0	0	0	0	0	0	0	0	0	0	0
1.308	0	0	0	0	0	0	0	0	0	11.65967655	514.47431132	21.50337324	0.28583975	0	-0.27606289	0	0.76618914	-0	0	0	0	0	0	0	0	0	0	0	0	0	0	0	0	0	0	0
1.309	0	0	0	0	0	0	0	0	0	12.15284289	515.15081951	21.58260563	0.28611201	0	-0.27614742	0	0.76218847	-0	0	0	0	0	0	0	0	0	0	0	0	0	0	0	0	0	0	0
1.31	0	0	0	0	0	0	0	0	0	12.64739316	515.84691221	21.66555752	0.28638368	0	-0.27622996	0	0.75833594	-0	0	0	0	0	0	0	0	0	0	0	0	0	0	0	0	0	0	0
1.311	0	0	0	0	0	0	0	0	0	13.1429207	516.56242081	21.75211137	0.28665499	0	-0.27631038	0	0.75462403	-0	0	0	0	0	0	0	0	0	0	0	0	0	0	0	0	0	0	0
1.312	0	0	0	0	0	0	0	0	0	13.63901057	517.29713245	21.84213518	0.28692615	0	-0.27638863	0	0.75104311	-0	0	0	0	0	0	0	0	0	0	0	0	0	0	0	0	0	0	0
1.313	0	0	0	0	0	0	0	0	0	14.13524153	518.0507913599999	21.93548292	0.28719737	0	-0.27646462	0	0.74758178	-0	0	0	0	0	0	0	0	0	0	0	0	0	0	0	0	0	0	0
1.314	0	0	0	0	0	0	0	0	0	14.63118824	518.823101	22.03199478	0.28746887	0	-0.27653834	0	0.74422716	-0	0	0	0	0	0	0	0	0	0	0	0	0	0	0	0	0	0	0
1.315	0	0	0	0	0	0	0	0	0	15.12642372	519.61372691	22.13149708	0.28774082	0	-0.27660976	-0	0.74096512	-0	0	0	0	0	0	0	0	0	0	0	0	0	0	0	0	0	0	0
1.316	0	0	0	0	0	0	0	0	0	15.62052202	520.42230026	22.23380213	0.28801342	0	-0.2766789	-0	0.7377805	-0	0	0	0	0	0	0	0	0	0	0	0	0	0	0	0	0	0	0
1.317	0	0	0	0	0	0	0	0	0	16.1130611	521.24842177	22.33870782	0.28828681	0	-0.27674578	-0	0.7346573199999999	-0	0	0	0	0	0	0	0	0	0	0	0	0	0	0	0	0	0	0
1.318	0	0	0	0	0	0	0	0	0	16.60362591	522.09166613	22.4459974	0.28856114	0	-0.27681046	-0	0.73157899	-0	0	0	0	0	0	0	0	0	0	0	0	0	0	0	0	0	0	0
1.319	0	0	0	0	0	0	0	0	0	17.09181153	522.95158641	22.5554392	0.28883651	0	-0.27687299	-0	0.72852846	-0	0	0	0	0	0	0	0	0	0	0	0	0	0	0	0	0	0	0
1.32	0	0	0	0	0	0	0	0	0	17.57722638	523.82771863	22.66678675	0.28911302	0	-0.27693345	-0	0.7254884700000001	-0	0	0	0	0	0	0	0	0	0	0	0	0	0	0	0	0	0	0
1.321	0	0	0	0	0	0	0	0	0	18.0594955	524.71958626	22.77977913	0.28939074	0	-0.27699194	-0	0.72244171	-0	0	0	0	0	0	0	0	0	0	0	0	0	0	0	0	0	0	0
1.322	0	0	0	0	0	0	0	0	0	18.53826361	525.6267047	22.89414187	0.28966972	0	-0.27704855	-0	0.71937107	-0	0	0	0	0	0	0	0	0	0	0	0	0	0	0	0	0	0	0
1.323	0	0	0	0	0	0	0	0	0	19.01319806	526.54858574	23.00958815	0.28994997	0	-0.2771034	-0	0.71625983	-0	0	0	0	0	0	0	0	0	0	0	0	0	0	0	0	0	0	0
1.324	0	0	0	0	0	0	0	0	0	19.48399155	527.48474207	23.12582054	0.2902315	0	-0.2771566	-0	0.71309184	-0	0	0	0	0	0	0	0	0	0	0	0	0	0	0	0	0	0	0
1.325	0	0	0	0	0	0	0	0	0	19.95036445	528.43469192	23.24253299	0.2905143	0	-0.27720825	-0	0.70985173	-0	0	0	0	0	0	0	0	0	0	0	0	0	0	0	0	0	0	0
1.326	0	0	0	0	0	0	0	0	0	20.41206688	529.39796382	23.35941305	0.29079833	0	-0.27725849	-0	0.70652497	-0	0	0	0	0	0	0	0	0	0	0	0	0	0	0	0	0	0	0
1.327	0	0	0	0	0	0	0	0	0	20.86888036	530.3741017	23.47614427	0.29108355	0	-0.27730742	-0	0.70309806	-0	0	0	0	0	0	0	0	0	0	0	0	0	0	0	0	0	0	0
1.328	0	0	0	0	0	0	0	0	0	21.32061906	531.36267015	23.59240863	0.29136989	0	-0.27735516	-0	0.69955848	-0	0	0	0	0	0	0	0	0	0	0	0	0	0	0	0	0	0	0
1.329	0	0	0	0	0	0	0	0	0	21.76713083	532.36325999	23.70788884	0.29165729	0	-0.27740181	-0	0.69589471	-0	0	0	0	0	0	0	0	0	0	0	0	0	0	0	0	0	0	0
1.33	0	0	0	0	0	0	0	0	0	22.20829781	533.37549388	23.82227052	0.29194566	0	-0.27744746	-0	0.69209617	-0	0	0	0	0	0	0	0	0	0	0	0	0	0	0	0	0	0	0
1.331	0	0	0	0	0	0	0	0	0	22.64403688	534.39903187	23.93524407	0.29223491	0	-0.27749221	-0	0.6881531	-0	0	0	0	0	0	0	0	0	0	0	0	0	0	0	0	0	0	0
1.332	0	0	0	0	0	0	0	0	0	23.07429986	535.4335766	24.04650626	0.29252494	0	-0.27753613	-0	0.68405634	-0	0	0	0	0	0	0	0	0	0	0	0	0	0	0	0	0	0	0
1.333	0	0	0	0	0	0	0	0	0	23.49907345	536.4788779100001	24.1557615	0.29281567	0	-0.27757927	-0	0.67979716	-0	0	0	0	0	0	0	0	0	0	0	0	0	0	0	0	0	0	0
1.334	0	0	0	0	0	0	0	0	0	23.91837906	537.5347367000001	24.26272276	0.29310697	0	-0.27762169	-0	0.67536695	-0	0	0	0	0	0	0	0	0	0	0	0	0	0	0	0	0	0	0
1.335	0	0	0	0	0	0	0	0	0	24.3322725	538.60100769	24.36711226	0.29339874	0	-0.27766341	-0	0.67075699	-0	0	0	0	0	0	0	0	0	0	0	0	0	0	0	0	0	0	0
1.336	0	0	0	0	0	0	0	0	0	24.74084348	539.67760098	24.46866179	0.29369087	0	-0.27770445	-0	0.66595813	-0	0	0	0	0	0	0	0	0	0	0	0	0	0	0	0	0	0	0
1.337	0	0	0	0	0	0	0	0	0	25.14421507	540.76448218	24.56711303	0.29398324	0	-0.27774479	-0	0.66096054	-0	0	0	0	0	0	0	0	0	0	0	0	0	0	0	0	0	0	0
1.338	0	0	0	0	0	0	0	0	0	25.54254297	541.86167094	24.66221754	0.29427573	0	-0.27778442	-0	0.65575351	-0	0	0	0	0	0	0	0	0	0	0	0	0	0	0	0	0	0	0
1.339	0	0	0	0	0	0	0	0	0	25.93601479	542.96923794	24.753737	0.29456821	0	-0.2778233	-0	0.65032527	-0	0	0	0	0	0	0	0	0	0	0	0	0	0	0	0	0	0	0
1.34	0	0	0	0	0	0	0	0	0	26.32484919	544.08730012	24.84144341	0.29486056	0	-0.27786138	-0	0.64466296	-0	0	0	0	0	0	0	0	0	0	0	0	0	0	0	0	0	0	0
1.341	0	0	0	0	0	0	0	0	0	26.70929486	545.21601433	24.92511955	0.29515266	0	-0.27789859	-0	0.63875262	-0	0	0	0	0	0	0	0	0	0	0	0	0	0	0	0	0	0	0
1.342	0	0	0	0	0	0	0	0	0	27.08962947	546.35556956	25.00455974	0.29544438	0	-0.27793484	-0	0.6325793199999999	-0	0	0	0	0	0	0	0	0	0	0	0	0	0	0	0	0	0	0
1.343	0	0	0	0	0	0	0	0	0	27.46615827	547.5061778100001	25.07957074	0.29573558	0	-0.27797005	0	0.62612739	-0	0	0	0	0	0	0	0	0	0	0	0	0	0	0	0	0	0	0
1.344	0	0	0	0	0	0	0	0	0	27.8392126	548.66806395	25.14997294	0.29602615	0	-0.27800411	0	0.61938075	-0	0	0	0	0	0	0	0	0	0	0	0	0	0	0	0	0	0	0
1.345	0	0	0	0	0	0	0	0	0	28.20914807	549.8414547899999	25.21560155	0.29631595	0	-0.27803691	0	0.6123232199999999	-0	0	0	0	0	0	0	0	0	0	0	0	0	0	0	0	0	0	0
1.346	0	0	0	0	0	0	0	0	0	28.57634257	551.02656773	25.27630803	0.29660487	0	-0.27806834	0	0.6049390100000001	-0	0	0	0	0	0	0	0	0	0	0	0	0	0	0	0	0	0	0
1.347	0	0	0	0	0	0	0	0	0	28.941194	552.22359944	25.33196136	0.29689279	0	-0.27809828	0	0.59721317	-0	0	0	0	0	0	0	0	0	0	0	0	0	0	0	0	0	0	0
1.348	0	0	0	0	0	0	0	0	0	29.30411779	553.4327147499999	25.38244945	0.2971796	0	-0.27812662	0	0.58913202	-0	0	0	0	0	0	0	0	0	0	0	0	0	0	0	0	0	0	0
1.349	0	0	0	0	0	0	0	0	0	29.6655442	554.6540362	25.42768049	0.29746517	0	-0.27815324	0	0.58068371	-0	0	0	0	0	0	0	0	0	0	0	0	0	0	0	0	0	0	0
1.35	0	0	0	0	0	0	0	0	0	30.02591547	555.88763447	25.46758422	0.29774943	0	-0.27817804	0	0.57185862	-0	0	0	0	0	0	0	0	0	0	0	0	0	0	0	0	0	0	0
1.351	0	0	0	0	0	0	0	0	0	30.3856828	557.13351969	25.50211322	0.29803226	0	-0.27820091	0	0.56264988	-0	0	0	0	0	0	0	0	0	0	0	0	0	0	0	0	0	0	0
1.352	0	0	0	0	0	0	0	0	0	30.74530324	558.3916338	25.53124411	0.29831358	0	-0.27822176	0	0.55305373	-0	0	0	0	0	0	0	0	0	0	0	0	0	0	0	0	0	0	0
1.353	0	0	0	0	0	0	0	0	0	31.10523649	559.66184395	25.55497861	0.29859331	0	-0.27824052	0	0.54306994	-0	0	0	0	0	0	0	0	0	0	0	0	0	0	0	0	0	0	0
1.354	0	0	0	0	0	0	0	0	0	31.4659417	560.94393683	25.5733445	0.29887139	0	-0.27825711	0	0.5327021	-0	0	0	0	0	0	0	0	0	0	0	0	0	0	0	0	0	0	0
1.355	0	0	0	0	0	0	0	0	0	31.82787418	562.23761401	25.58639626	0.29914774	0	-0.27827148	0	0.5219578	-0	0	0	0	0	0	0	0	0	0	0	0	0	0	0	0	0	0	0
1.356	0	0	0	0	0	0	0	0	0	32.19148208	563.54248827	25.59421564	0.29942233	0	-0.27828361	0	0.51084882	-0	0	0	0	0	0	0	0	0	0	0	0	0	0	0	0	0	0	0
1.357	0	0	0	0	0	0	0	0	0	32.55720306	564.85808104	25.5969119	0.29969512	0	-0.27829346	0	0.49939112	0	0	0	0	0	0	0	0	0	0	0	0	0	0	0	0	0	0	0
1.358	0	0	0	0	0	0	0	0	0	32.92546105	566.18382106	25.59462186	0.29996608	0	-0.27830105	0	0.48760477	0	0	0	0	0	0	0	0	0	0	0	0	0	0	0	0	0	0	0
1.359	0	0	0	0	0	0	0	0	0	33.29666311	567.51904425	25.58750977	0.30023521	0	-0.27830638	0	0.47551375	0	0	0	0	0	0	0	0	0	0	0	0	0	0	0	0	0	0	0
1.36	0	0	0	0	0	0	0	0	0	33.67119643	568.86299488	25.5757669	0.30050252	0	-0.27830949	0	0.46314578	0	0	0	0	0	0	0	0	0	0	0	0	0	0	0	0	0	0	0
1.361	0	0	0	0	0	0	0	0	0	34.0494257	570.214828	25.559611	0.30076804	0	-0.27831044	0	0.45053188	0	0	0	0	0	0	0	0	0	0	0	0	0	0	0	0	0	0	0
1.362	0	0	0	0	0	0	0	0	0	34.4316906	571.57361317	25.5392854	0.30103181	0	-0.2783093	0	0.43770608	0	0	0	0	0	0	0	0	0	0	0	0	0	0	0	0	0	0	0
1.363	0	0	0	0	0	0	0	0	0	34.81830361	572.93833941	25.5150579	0.30129391	0	-0.27830615	0	0.4247049	0	0	0	0	0	0	0	0	0	0	0	0	0	0	0	0	0	0	0
1.364	0	0	0	0	0	0	0	0	0	35.20954802	574.30792159	25.48721924	0.30155441	0	-0.2783011	0	0.4115669	0	0	0	0	0	0	0	0	0	0	0	0	0	0	0	0	0	0	0
1.365	0	0	0	0	0	0	0	0	0	35.60567611	575.68120793	25.45608116	0.30181343	0	-0.27829425	0	0.3983322	0	0	0	0	0	0	0	0	0	0	0	0	0	0	0	0	0	0	0
1.366	0	0	0	0	0	0	0	0	0	36.0069075	577.0569888799999	25.42197397	0.30207108	0	-0.27828573	0	0.38504195	0	0	0	0	0	0	0	0	0	0	0	0	0	0	0	0	0	0	0
1.367	0	0	0	0	0	0	0	0	0	36.41342778	578.43400697	25.38524353	0.30232753	0	-0.27827567	0	0.37173794	0	0	0	0	0	0	0	0	0	0	0	0	0	0	0	0	0	0	0
1.368	0	0	0	0	0	0	0	0	0	36.8253871	579.81096772	25.34624774	0.30258292	0	-0.27826421	0	0.35846211	0	0	0	0	0	0	0	0	0	0	0	0	0	0	0	0	0	0	0
1.369	0	0	0	0	0	0	0	0	0	37.2428991	581.18655139	25.30535243	0.30283745	0	-0.27825147	0	0.34525621	0	0	0	0	0	0	0	0	0	0	0	0	0	0	0	0	0	0	0
1.37	0	0	0	0	0	0	0	0	0	37.66603992	582.55942571	25.26292678	0.3030913	0	-0.27823759	0	0.33216148	0	0	0	0	0	0	0	0	0	0	0	0	0	0	0	0	0	0	0
1.371	0	0	0	0	0	0	0	0	0	38.09484745	583.92825922	25.2193384	0.3033447	0	-0.27822272	0	0.31921842	0	0	0	0	0	0	0	0	0	0	0	0	0	0	0	0	0	0	0
1.372	0	0	0	0	0	0	0	0	0	38.52932095	585.2917353399999	25.17494805	0.30359785	0	-0.27820697	0	0.30646652	0	0	0	0	0	0	0	0	0	0	0	0	0	0	0	0	0	0	0
1.373	0	0	0	0	0	0	0	0	0	38.96942102	586.64856691	25.13010422	0.30385099	0	-0.27819047	0	0.29394412	0	0	0	0	0	0	0	0	0	0	0	0	0	0	0	0	0	0	0
1.374	0	0	0	0	0	0	0	0	0	39.41507002	587.9975108	25.08513769	0.30410435	0	-0.27817333	0	0.28168822	0	0	0	0	0	0	0	0	0	0	0	0	0	0	0	0	0	0	0
1.375	0	0	0	0	0	0	0	0	0	39.86615301	589.33738254	25.04035614	0.30435816	0	-0.27815564	0	0.26973437	0	0	0	0	0	0	0	0	0	0	0	0	0	0	0	0	0	0	0
1.376	0	0	0	0	0	0	0	0	0	40.32251914	590.66707037	24.99603909	0.30461266	0	-0.27813751	0	0.25811653	0	0	0	0	0	0	0	0	0	0	0	0	0	0	0	0	0	0	0
1.377	0	0	0	0	0	0	0	0	0	40.78398358	591.9855486	24.95243311	0.30486808	0	-0.27811898	0	0.24686699	0	0	0	0	0	0	0	0	0	0	0	0	0	0	0	0	0	0	0
1.378	0	0	0	0	0	0	0	0	0	41.25032977	593.29188976	24.90974758	0.30512463	0	-0.27810014	0	0.23601621	0	0	0	0	0	0	0	0	0	0	0	0	0	0	0	0	0	0	0
1.379	0	0	0	0	0	0	0	0	0	41.72131206	594.58527537	24.86815118	0.30538251	0	-0.27808103	0	0.2255928	0	0	0	0	0	0	0	0	0	0	0	0	0	0	0	0	0	0	0
1.38	0	0	0	0	0	0	0	0	0	42.19665871	595.8650047	24.82776911	0.30564192	0	-0.27806167	0	0.21562333	0	0	0	0	0	0	0	0	0	0	0	0	0	0	0	0	0	0	0
1.381	0	0	0	0	0	0	0	0	0	42.67607493	597.1305014	24.7886813	0.30590303	0	-0.27804208	0	0.20613225	0	0	0	0	0	0	0	0	0	0	0	0	0	0	0	0	0	0	0
1.382	0	0	0	0	0	0	0	0	0	43.15924609	598.38131745	24.75092153	0.30616598	0	-0.27802228	0	0.1971418	0	0	0	0	0	0	0	0	0	0	0	0	0	0	0	0	0	0	0
1.383	0	0	0	0	0	0	0	0	0	43.64584095	599.61713416	24.71447747	0.30643091	0	-0.27800225	-0	0.18867189	0	0	0	0	0	0	0	0	0	0	0	0	0	0	0	0	0	0	0
1.384	0	0	0	0	0	0	0	0	0	44.13551468	600.83776016	24.67929159	0.30669791	0	-0.27798199	-0	0.18074003	0	0	0	0	0	0	0	0	0	0	0	0	0	0	0	0	0	0	0
1.385	0	0	0	0	0	0	0	0	0	44.62791162	602.04312635	24.64526284	0.30696706	0	-0.27796146	-0	0.17336126	0	0	0	0	0	0	0	0	0	0	0	0	0	0	0	0	0	0	0
1.386	0	0	0	0	0	0	0	0	0	45.12266775	603.23327793	24.6122491	0.3072384	0	-0.27794063	-0	0.16654816	0	0	0	0	0	0	0	0	0	0	0	0	0	0	0	0	0	0	0
1.387	0	0	0	0	0	0	0	0	0	45.61941265	604.40836369	24.58007034	0.30751197	0	-0.27791946	-0	0.16031084	0	0	0	0	0	0	0	0	0	0	0	0	0	0	0	0	0	0	0
1.388	0	0	0	0	0	0	0	0	0	46.11777093	605.56862265	24.54851231	0.30778775	0	-0.27789791	-0	0.15465702	0	0	0	0	0	0	0	0	0	0	0	0	0	0	0	0	0	0	0
1.389	0	0	0	0	0	0	0	0	0	46.61736325	606.71436828	24.5173309	0.30806572	0	-0.27787593	-0	0.14959215	0	0	0	0	0	0	0	0	0	0	0	0	0	0	0	0	0	0	0
1.39	0	0	0	0	0	0	0	0	0	47.11780681	607.84597048	24.48625685	0.30834584	0	-0.27785346	-0	0.14511955	0	0	0	0	0	0	0	0	0	0	0	0	0	0	0	0	0	0	0
1.391	0	0	0	0	0	0	0	0	0	47.61871562	608.963836	24.45500094	0.30862803	0	-0.27783044	-0	0.14124065	0	0	0	0	0	0	0	0	0	0	0	0	0	0	0	0	0	0	0
1.392	0	0	0	0	0	0	0	0	0	48.11970065	610.06838758	24.42325967	0.30891222	0	-0.27780682	-0	0.13795524	0	0	0	0	0	0	0	0	0	0	0	0	0	0	0	0	0	0	0
1.393	0	0	0	0	0	0	0	0	0	48.62037011	611.16004288	24.39072115	0.30919829	0	-0.27778255	-0	0.13526175	0	0	0	0	0	0	0	0	0	0	0	0	0	0	0	0	0	0	0
1.394	0	0	0	0	0	0	0	0	0	49.12032997	612.23919356	24.35707136	0.30948616	0	-0.27775756	-0	0.13315764	0	0	0	0	0	0	0	0	0	0	0	0	0	0	0	0	0	0	0
1.395	0	0	0	0	0	0	0	0	0	49.61918499	613.30618551	24.32200067	0.3097757	0	-0.2777318	-0	0.13163973	0	0	0	0	0	0	0	0	0	0	0	0	0	0	0	0	0	0	0
1.396	0	0	0	0	0	0	0	0	0	50.11654034	614.36130071	24.28521026	0.3100668	0	-0.27770523	-0	0.13070464	0	0	0	0	0	0	0	0	0	0	0	0	0	0	0	0	0	0	0
1.397	0	0	0	0	0	0	0	0	0	50.61200365	615.40474147	24.24641852	0.31035936	0	-0.27767779	-0	0.13034921	0	0	0	0	0	0	0	0	0	0	0	0	0	0	0	0	0	0	0
1.398	0	0	0	0	0	0	0	0	0	51.10518763	616.43661747	24.20536711	0.31065326	0	-0.27764944	-0	0.13057089	0	0	0	0	0	0	0	0	0	0	0	0	0	0	0	0	0	0	0
1.399	0	0	0	0	0	0	0	0	0	51.59571304	617.45693569	24.16182659	0.31094841	0	-0.27762014	-0	0.13136821	0	0	0	0	0	0	0	0	0	0	0	0	0	0	0	0	0	0	0
1.4	0	0	0	0	0	0	0	0	0	52.08321188	618.46559369	24.11560141	0.31124472	0	-0.27758988	-0	0.13274106	0	0	0	0	0	0	0	0	0	0	0	0	0	0	0	0	0	0	0
1.401	0	0	0	0	0	0	0	0	0	52.56733075	619.46237607	24.06653438	0.31154215	0	-0.27755862	-0	0.13469103	0	0	0	0	0	0	0	0	0	0	0	0	0	0	0	0	0	0	0
1.402	0	0	0	0	0	0	0	0	0	53.04773427	620.44695427	24.0145104	0.31184063	0	-0.27752637	-0	0.13722164	0	0	0	0	0	0	0	0	0	0	0	0	0	0	0	0	0	0	0
1.403	0	0	0	0	0	0	0	0	0	53.52410838	621.41888979	23.95945968	0.31214014	0	-0.2774931	-0	0.14033841	0	0	0	0	0	0	0	0	0	0	0	0	0	0	0	0	0	0	0
1.404	0	0	0	0	0	0	0	0	0	53.99616352	622.37764061	23.90136042	0.31244068	0	-0.27745885	-0	0.14404897	0	0	0	0	0	0	0	0	0	0	0	0	0	0	0	0	0	0	0
1.405	0	0	0	0	0	0	0	0	0	54.46363759	623.32257091	23.84024092	0.31274226	0	-0.27742363	-0	0.14836293	0	0	0	0	0	0	0	0	0	0	0	0	0	0	0	0	0	0	0
1.406	0	0	0	0	0	0	0	0	0	54.92629872	624.2529637599999	23.77618128	0.31304491	0	-0.27738747	-0	0.15329177	0	0	0	0	0	0	0	0	0	0	0	0	0	0	0	0	0	0	0
1.407	0	0	0	0	0	0	0	0	0	55.38394773	625.16803657	23.70931459	0.31334869	0	-0.27735043	-0	0.15884856	0	0	0	0	0	0	0	0	0	0	0	0	0	0	0	0	0	0	0
1.408	0	0	0	0	0	0	0	0	0	55.83642046	626.0669589	23.63982764	0.31365368	0	-0.27731256	0	0.16504772	0	0	0	0	0	0	0	0	0	0	0	0	0	0	0	0	0	0	0
1.409	0	0	0	0	0	0	0	0	0	56.28358975	626.94887226	23.56796125	0.31395994	0	-0.27727393	0	0.17190458	0	0	0	0	0	0	0	0	0	0	0	0	0	0	0	0	0	0	0
1.41	0	0	0	0	0	0	0	0	0	56.72536733	627.81291154	23.4940101	0.31426758	0	-0.27723463	0	0.17943508	0	0	0	0	0	0	0	0	0	0	0	0	0	0	0	0	0	0	0
1.411	0	0	0	0	0	0	0	0	0	57.16170556	628.65822765	23.41832218	0.31457668	0	-0.27719475	0	0.18765534	0	0	0	0	0	0	0	0	0	0	0	0	0	0	0	0	0	0	0
1.412	0	0	0	0	0	0	0	0	0	57.59259907	629.4840111	23.34129774	0.31488733	0	-0.27715439	0	0.19658142	0	0	0	0	0	0	0	0	0	0	0	0	0	0	0	0	0	0	0
1.413	0	0	0	0	0	0	0	0	0	58.01808644	630.2895158699999	23.2633879	0.31519961	0	-0.27711365	0	0.20622902	0	0	0	0	0	0	0	0	0	0	0	0	0	0	0	0	0	0	0
1.414	0	0	0	0	0	0	0	0	0	58.43825193	631.07408319	23.18509259	0.3155136	0	-0.27707266	0	0.21661343	0	0	0	0	0	0	0	0	0	0	0	0	0	0	0	0	0	0	0
1.415	0	0	0	0	0	0	0	0	0	58.85322716	631.8371645	23.10695802	0.31582934	0	-0.27703152	0	0.22774953	0	0	0	0	0	0	0	0	0	0	0	0	0	0	0	0	0	0	0
1.416	0	0	0	0	0	0	0	0	0	59.2631929	632.57834288	23.02957358	0.31614684	0	-0.27699036	0	0.23965203	0	0	0	0	0	0	0	0	0	0	0	0	0	0	0	0	0	0	0
1.417	0	0	0	0	0	0	0	0	0	59.66838067	633.29735233	22.95356801	0.31646612	0	-0.2769493	0	0.25233577	0	0	0	0	0	0	0	0	0	0	0	0	0	0	0	0	0	0	0
1.418	0	0	0	0	0	0	0	0	0	60.06907423	633.99409386	22.87960491	0.31678712	0	-0.27690845	0	0.26581627	0	0	0	0	0	0	0	0	0	0	0	0	0	0	0	0	0	0	0
1.419	0	0	0	0	0	0	0	0	0	60.46561066	634.66864757	22.80837765	0.31710979	0	-0.27686792	0	0.28011024	0	0	0	0	0	0	0	0	0	0	0	0	0	0	0	0	0	0	0
1.42	0	0	0	0	0	0	0	0	0	60.85838101	635.3212802	22.74060353	0.317434	0	-0.27682784	0	0.29523621	0	0	0	0	0	0	0	0	0	0	0	0	0	0	0	0	0	0	0
1.421	0	0	0	0	0	0	0	0	0	61.2478305	635.9524474999999	22.67701741	0.3177596	0	-0.2767883	0	0.31121506	0	0	0	0	0	0	0	0	0	0	0	0	0	0	0	0	0	0	0
1.422	0	0	0	0	0	0	0	0	0	61.63445801	636.56279168	22.6183648	0.31808642	0	-0.27674941	0	0.32807041	0	0	0	0	0	0	0	0	0	0	0	0	0	0	0	0	0	0	0
1.423	0	0	0	0	0	0	0	0	0	62.01881488	637.15313401	22.56539451	0.31841423	0	-0.27671125	0	0.34582887	0	0	0	0	0	0	0	0	0	0	0	0	0	0	0	0	0	0	0
1.424	0	0	0	0	0	0	0	0	0	62.40150306	637.72446309	22.5188509	0.31874277	0	-0.27667391	0	0.36452005	-0	0	0	0	0	0	0	0	0	0	0	0	0	0	0	0	0	0	0
1.425	0	0	0	0	0	0	0	0	0	62.7831724	638.27791931	22.47946589	0.31907176	0	-0.27663746	0	0.38417626	-0	0	0	0	0	0	0	0	0	0	0	0	0	0	0	0	0	0	0
1.426	0	0	0	0	0	0	0	0	0	63.16451713	638.81477597	22.44795075	0.31940088	0	-0.27660198	0	0.404832	-0	0	0	0	0	0	0	0	0	0	0	0	0	0	0	0	0	0	0
1.427	0	0	0	0	0	0	0	0	0	63.54627156	639.3364174	22.42498776	0.31972979	0	-0.27656753	0	0.42652314	-0	0	0	0	0	0	0	0	0	0	0	0	0	0	0	0	0	0	0
1.428	0	0	0	0	0	0	0	0	0	63.92920499	639.84431452	22.41122191	0.32005815	0	-0.27653414	0	0.44928593	-0	0	0	0	0	0	0	0	0	0	0	0	0	0	0	0	0	0	0
1.429	0	0	0	0	0	0	0	0	0	64.31411589	640.33999812	22.40725268	0.32038557	0	-0.27650188	0	0.4731557	-0	0	0	0	0	0	0	0	0	0	0	0	0	0	0	0	0	0	0
1.43	0	0	0	0	0	0	0	0	0	64.70182543	640.82503019	22.41362591	0.32071168	0	-0.27647076	0	0.49816551	-0	0	0	0	0	0	0	0	0	0	0	0	0	0	0	0	0	0	0
1.431	0	0	0	0	0	0	0	0	0	65.09317034999999	641.3009737	22.43082612	0.32103611	0	-0.27644082	0	0.52434455	-0	0	0	0	0	0	0	0	0	0	0	0	0	0	0	0	0	0	0
1.432	0	0	0	0	0	0	0	0	0	65.48899557999999	641.76936144	22.45926901	0.32135847	0	-0.27641206	0	0.55171659	-0	0	0	0	0	0	0	0	0	0	0	0	0	0	0	0	0	0	0
1.433	0	0	0	0	0	0	0	0	0	65.89014644	642.23166421	22.49929464	0.32167841	0	-0.27638449	0	0.58029838	-0	0	0	0	0	0	0	0	0	0	0	0	0	0	0	0	0	0	0
1.434	0	0	0	0	0	0	0	0	0	66.29746083000001	642.68925913	22.55116118	0.32199555	0	-0.27635809	0	0.61009811	-0	0	0	0	0	0	0	0	0	0	0	0	0	0	0	0	0	0	0
1.435	0	0	0	0	0	0	0	0	0	66.71176148000001	643.14339839	22.61503947	0.32230956	0	-0.27633284	0	0.64111403	-0	0	0	0	0	0	0	0	0	0	0	0	0	0	0	0	0	0	0
1.436	0	0	0	0	0	0	0	0	0	67.13384843999999	643.59517913	22.69100854	0.32262013	0	-0.27630871	0	0.67333319	-0	0	0	0	0	0	0	0	0	0	0	0	0	0	0	0	0	0	0
1.437	0	0	0	0	0	0	0	0	0	67.56449186	644.04551497	22.77905217	0.32292696	0	-0.27628566	0	0.70673047	-0	0	0	0	0	0	0	0	0	0	0	0	0	0	0	0	0	0	0
1.438	0	0	0	0	0	0	0	0	0	68.00442524	644.49510978	22.87905652	0.32322978	0	-0.27626361	0	0.7412678	-0	0	0	0	0	0	0	0	0	0	0	0	0	0	0	0	0	0	0
1.439	0	0	0	0	0	0	0	0	0	68.45433916	644.94443426	22.99080914	0.32352838	0	-0.27624252	0	0.7768936400000001	-0	0	0	0	0	0	0	0	0	0	0	0	0	0	0	0	0	0	0
1.44	0	0	0	0	0	0	0	0	0	68.91487556	645.39370591	23.1139992	0.32382254	0	-0.27622229	0	0.8135428300000001	-0	0	0	0	0	0	0	0	0	0	0	0	0	0	0	0	0	0	0
1.441	0	0	0	0	0	0	0	0	0	69.38662256000001	645.84287279	23.24821904	0.32411212	0	-0.27620283	0	0.85113675	-0	0	0	0	0	0	0	0	0	0	0	0	0	0	0	0	0	0	0
1.442	0	0	0	0	0	0	0	0	0	69.87010984	646.29160161	23.39296706	0.32439699	0	-0.27618405	-0	0.88958375	-0	0	0	0	0	0	0	0	0	0	0	0	0	0	0	0	0	0	0
1.443	0	0	0	0	0	0	0	0	0	70.36580456	646.73927021	23.54765181	0.32467706	0	-0.27616583	-0	0.92877996	-0	0	0	0	0	0	0	0	0	0	0	0	0	0	0	0	0	0	0
1.444	0	0	0	0	0	0	0	0	0	70.87410786	647.18496465	23.71159701	0.32495229	0	-0.27614807	-0	0.96861033	-0	0	0	0	0	0	0	0	0	0	0	0	0	0	0	0	0	0	0
1.445	0	0	0	0	0	0	0	0	0	71.39535201	647.62748075	23.88404755	0.32522267	0	-0.27613064	-0	1.00894988	-0	0	0	0	0	0	0	0	0	0	0	0	0	0	0	0	0	0	0
1.446	0	0	0	0	0	0	0	0	0	71.92979821	648.0653299000001	24.06417608	0.32548823	0	-0.27611341	-0	1.04966513	-0	0	0	0	0	0	0	0	0	0	0	0	0	0	0	0	0	0	0
1.447	0	0	0	0	0	0	0	0	0	72.47763509000001	648.4967490400001	24.25109039	0.32574904	0	-0.27609627	-0	1.09061566	-0	0	0	0	0	0	0	0	0	0	0	0	0	0	0	0	0	0	0
1.448	0	0	0	0	0	0	0	0	0	73.038978	648.91971459	24.44384109	0.3260052	0	-0.27607908	-0	1.13165565	-0	0	0	0	0	0	0	0	0	0	0	0	0	0	0	0	0	0	0
1.449	0	0	0	0	0	0	0	0	0	73.61386894	649.33196003	24.6414299	0.32625683	0	-0.27606172	-0	1.17263545	-0	0	0	0	0	0	0	0	0	0	0	0	0	0	0	0	0	0	0
1.45	0	0	0	0	0	0	0	0	0	74.20227715	649.73099696	24.84281818	0.3265041	0	-0.27604407	-0	1.2134031	-0	0	0	0	0	0	0	0	0	0	0	0	0	0	0	0	0	0	0
1.451	0	0	0	0	0	0	0	0	0	74.80410037999999	650.1141391800001	25.04693565	0.32674719	0	-0.27602602	-0	1.25380573	-0	0	0	0	0	0	0	0	0	0	0	0	0	0	0	0	0	0	0
1.452	0	0	0	0	0	0	0	0	0	75.41916664	650.4785295299999	25.25268942	0.32698633	0	-0.27600745	-0	1.29369074	-0	0	0	0	0	0	0	0	0	0	0	0	0	0	0	0	0	0	0
1.453	0	0	0	0	0	0	0	0	0	76.04723644000001	650.82116893	25.45897298	0.32722174	0	-0.27598827	-0	1.33290692	-0	0	0	0	0	0	0	0	0	0	0	0	0	0	0	0	0	0	0
1.454	0	0	0	0	0	0	0	0	0	76.68800554000001	651.13894736	25.66467523	0.32745367	0	-0.27596838	-0	1.37130533	0	0	0	0	0	0	0	0	0	0	0	0	0	0	0	0	0	0	0
1.455	0	0	0	0	0	0	0	0	0	77.34110803	651.42867616	25.86868945	0.3276824	0	-0.2759477	-0	1.40874001	0	0	0	0	0	0	0	0	0	0	0	0	0	0	0	0	0	0	0
1.456	0	0	0	0	0	0	0	0	0	78.00611972999999	651.68712114	26.06992195	0.3279082	0	-0.27592617	-0	1.44506862	0	0	0	0	0	0	0	0	0	0	0	0	0	0	0	0	0	0	0
1.457	0	0	0	0	0	0	0	0	0	78.68256184000001	651.91103564	26.26730054	0.32813136	0	-0.27590371	-0	1.4801529	0	0	0	0	0	0	0	0	0	0	0	0	0	0	0	0	0	0	0
1.458	0	0	0	0	0	0	0	0	0	79.36990467	652.0971931	26.45978243	0.32835218	0	-0.27588029	-0	1.51385912	0	0	0	0	0	0	0	0	0	0	0	0	0	0	0	0	0	0	0
1.459	0	0	0	0	0	0	0	0	0	80.06757157	652.24241819	26.64636171	0.32857096	0	-0.27585585	-0	1.54605845	0	0	0	0	0	0	0	0	0	0	0	0	0	0	0	0	0	0	0
1.46	0	0	0	0	0	0	0	0	0	80.77494277	652.34361611	26.8260761	0.328788	0	-0.27583037	-0	1.57662735	0	0	0	0	0	0	0	0	0	0	0	0	0	0	0	0	0	0	0
1.461	0	0	0	0	0	0	0	0	0	81.49135929000001	652.39779948	26.99801303	0.32900358	0	-0.27580382	-0	1.60544792	0	0	0	0	0	0	0	0	0	0	0	0	0	0	0	0	0	0	0
1.462	0	0	0	0	0	0	0	0	0	82.21612664	652.40211241	27.16131485	0.32921801	0	-0.27577618	-0	1.63240836	0	0	0	0	0	0	0	0	0	0	0	0	0	0	0	0	0	0	0
1.463	0	0	0	0	0	0	0	0	0	82.94851853999999	652.35385128	27.31518313	0.32943158	0	-0.27574745	-0	1.65740329	0	0	0	0	0	0	0	0	0	0	0	0	0	0	0	0	0	0	0
1.464	0	0	0	0	0	0	0	0	0	83.68778037	652.25048197	27.45888192	0.32964455	0	-0.27571763	-0	1.68033429	0	0	0	0	0	0	0	0	0	0	0	0	0	0	0	0	0	0	0
1.465	0	0	0	0	0	0	0	0	0	84.43313250999999	652.08965332	27.59173999	0.3298572	0	-0.27568669	-0	1.70111025	0	0	0	0	0	0	0	0	0	0	0	0	0	0	0	0	0	0	0
1.466	0	0	0	0	0	0	0	0	0	85.18377353	651.86920678	27.71315198	0.33006978	0	-0.27565466	0	1.71964794	0	0	0	0	0	0	0	0	0	0	0	0	0	0	0	0	0	0	0
1.467	0	0	0	0	0	0	0	0	0	85.93888324	651.5871820999999	27.82257864	0.33028254	0	-0.27562152	0	1.73587236	0	0	0	0	0	0	0	0	0	0	0	0	0	0	0	0	0	0	0
1.468	0	0	0	0	0	0	0	0	0	86.69762561	651.24181937	27.9195461	0.33049571	0	-0.27558727	0	1.74971729	0	0	0	0	0	0	0	0	0	0	0	0	0	0	0	0	0	0	0
1.469	0	0	0	0	0	0	0	0	0	87.45915162999999	650.83155729	28.00364441	0.3307095	0	-0.27555192	0	1.76112569	0	0	0	0	0	0	0	0	0	0	0	0	0	0	0	0	0	0	0
1.47	0	0	0	0	0	0	0	0	0	88.22260224999999	650.35502819	28.07452528	0.33092413	0	-0.27551547	0	1.77005021	0	0	0	0	0	0	0	0	0	0	0	0	0	0	0	0	0	0	0
1.471	0	0	0	0	0	0	0	0	0	88.98711124	649.81104981	28.13189929	0.33113979	0	-0.2754779	0	1.77645363	0	0	0	0	0	0	0	0	0	0	0	0	0	0	0	0	0	0	0
1.472	0	0	0	0	0	0	0	0	0	89.75180822	649.19861426	28.17553242	0.33135665	0	-0.27543919	0	1.78030927	0	0	0	0	0	0	0	0	0	0	0	0	0	0	0	0	0	0	0
1.473	0	0	0	0	0	0	0	0	0	90.51582181000001	648.51687448	28.20524216	0.33157488	0	-0.27539935	0	1.78160148	0	0	0	0	0	0	0	0	0	0	0	0	0	0	0	0	0	0	0
1.474	0	0	0	0	0	0	0	0	0	91.27828280999999	647.76512845	28.22089323	0.33179465	0	-0.27535833	0	1.78032594	0	0	0	0	0	0	0	0	0	0	0	0	0	0	0	0	0	0	0
1.475	0	0	0	0	0	0	0	0	0	92.03832763	646.94280155	28.22239288	0.33201609	0	-0.27531612	0	1.77648997	0	0	0	0	0	0	0	0	0	0	0	0	0	0	0	0	0	0	0
1.476	0	0	0	0	0	0	0	0	0	92.79510163	646.0494274599999	28.20968604	0.33223935	0	-0.27527267	0	1.77011271	0	0	0	0	0	0	0	0	0	0	0	0	0	0	0	0	0	0	0
1.477	0	0	0	0	0	0	0	0	0	93.54776262999999	645.08462802	28.18275024	0.33246454	0	-0.27522794	0	1.76122513	0	0	0	0	0	0	0	0	0	0	0	0	0	0	0	0	0	0	0
1.478	0	0	0	0	0	0	0	0	0	94.29548423999999	644.04809258	28.14159042	0.3326918	0	-0.27518188	0	1.74986989	0	0	0	0	0	0	0	0	0	0	0	0	0	0	0	0	0	0	0
1.479	0	0	0	0	0	0	0	0	0	95.03745923	642.93955743	28.0862337	0.33292123	0	-0.27513443	0	1.73610095	0	0	0	0	0	0	0	0	0	0	0	0	0	0	0	0	0	0	0
1.48	0	0	0	0	0	0	0	0	0	95.77290268	641.75878544	28.01672416	0.33315293	0	-0.27508553	0	1.71998308	0	0	0	0	0	0	0	0	0	0	0	0	0	0	0	0	0	0	0
1.481	0	0	0	0	0	0	0	0	0	96.50105507000001	640.5055466699999	27.93311776	0.33338701	0	-0.2750351	0	1.70159108	0	0	0	0	0	0	0	0	0	0	0	0	0	0	0	0	0	0	0
1.482	0	0	0	0	0	0	0	0	0	97.22118510999999	639.17959981	27.83547748	0.33362355	0	-0.27498307	0	1.68100888	0	0	0	0	0	0	0	0	0	0	0	0	0	0	0	0	0	0	0
1.483	0	0	0	0	0	0	0	0	0	97.93259236999999	637.78067518	27.72386897	0.33386264	0	-0.27492936	0	1.65832854	0	0	0	0	0	0	0	0	0	0	0	0	0	0	0	0	0	0	0
1.484	0	0	0	0	0	0	0	0	0	98.63460954999999	636.30845918	27.5983567	0.33410435	0	-0.27487387	0	1.63364912	0	0	0	0	0	0	0	0	0	0	0	0	0	0	0	0	0	0	0
1.485	0	0	0	0	0	0	0	0	0	99.32660439	634.76258043	27.45900082	0.33434874	0	-0.27481652	0	1.60707553	0	0	0	0	0	0	0	0	0	0	0	0	0	0	0	0	0	0	0
1.486	0	0	0	0	0	0	0	0	0	100.0079812	633.14259766	27.3058548	0.33459588	0	-0.27475721	0	1.57871726	0	0	0	0	0	0	0	0	0	0	0	0	0	0	0	0	0	0	0
1.487	0	0	0	0	0	0	0	0	0	100.67818188	631.44798927	27.13896395	0.3348458	0	-0.27469585	0	1.54868725	0	0	0	0	0	0	0	0	0	0	0	0	0	0	0	0	0	0	0
1.488	0	0	0	0	0	0	0	0	0	101.33668661	629.67814456	26.95836488	0.33509854	0	-0.27463235	0	1.51710065	0	0	0	0	0	0	0	0	0	0	0	0	0	0	0	0	0	0	0
1.489	0	0	0	0	0	0	0	0	0	101.98301424	627.83235647	26.76408585	0.33535412	0	-0.27456661	0	1.4840737	0	0	0	0	0	0	0	0	0	0	0	0	0	0	0	0	0	0	0
1.49	0	0	0	0	0	0	0	0	0	102.61672226	625.90981586	26.55614803	0.33561253	0	-0.27449854	0	1.44972267	0	0	0	0	0	0	0	0	0	0	0	0	0	0	0	0	0	0	0
1.491	0	0	0	0	0	0	0	0	0	103.23740672	623.90960735	26.33456756	0.33587377	0	-0.27442806	0	1.41416282	0	0	0	0	0	0	0	0	0	0	0	0	0	0	0	0	0	0	0
1.492	0	0	0	0	0	0	0	0	0	103.84470185	621.83070677	26.09935829	0.33613781	0	-0.27435509	0	1.37750753	0	0	0	0	0	0	0	0	0	0	0	0	0	0	0	0	0	0	0
1.493	0	0	0	0	0	0	0	0	0	104.43827965	619.6719802699999	25.85053526	0.33640462	0	-0.27427955	0	1.33986748	0	0	0	0	0	0	0	0	0	0	0	0	0	0	0	0	0	0	0
1.494	0	0	0	0	0	0	0	0	0	105.01784939	617.43218541	25.58811857	0.33667413	0	-0.27420138	0	1.30134994	0	0	0	0	0	0	0	0	0	0	0	0	0	0	0	0	0	0	0
1.495	0	0	0	0	0	0	0	0	0	105.58315717	615.10997429	25.31213785	0.33694627	0	-0.27412053	0	1.26205824	0	0	0	0	0	0	0	0	0	0	0	0	0	0	0	0	0	0	0
1.496	0	0	0	0	0	0	0	0	0	106.13398543	612.7038988100001	25.022637	0.33722096	0	-0.27403696	0	1.22209134	0	0	0	0	0	0	0	0	0	0	1.20180307	26.97239992	8.88679073	0.8728974	0	-0.21659979	0	1.95248517	-0
1.497	0	0	0	0	0	0	0	0	0	106.6701523	610.2124184100001	24.71967926	0.33749809	0	-0.27395064	0	1.18154354	0	0	0	0	0	0	0	0	0	0	0.29931452	46.14078826	10.2868301	0.86596943	0	-0.21433269	0	1.92863226	-0
1.498	0	0	0	0	0	0	0	0	0	107.19151086	607.63391001	24.40335234	0.33777755	0	-0.27386156	0	1.14050424	0	0	0	0	0	0	0	0	0	0	-0.71437915	65.34732465	11.66735834	0.8590898300000001	0	-0.21207696	0	1.90389052	-0
1.499	0	0	0	0	0	0	0	0	0	107.69794794	604.96668009	24.07377362	0.33805922	0	-0.27376973	0	1.09905784	0	0	0	0	0	0	0	0	0	0	-1.84581043	84.48441016	13.02105017	0.85230387	0	-0.20984684	0	1.87837265	-0
1.5	0	0	0	0	0	0	0	0	0	108.18938242	602.20897867	23.73109516	0.33834296	0	-0.27367517	0	1.0572837	0	0	0	0	0	0	0	0	0	0	-3.10044204	103.44655532	14.34054252	0.84565546	0	-0.20765611	0	1.85218365	0
1.501	0	0	0	0	0	0	0	0	0	108.66576283	599.35901457	23.37550847	0.33862862	0	-0.27357791	0	1.01525615	0	0	0	0	0	0	0	0	0	0	-4.4824859	122.13180492	15.61848515	0.83918649	0	-0.20551792	0	1.82541831	0
1.502	0	0	0	0	0	0	0	0	0	109.12706401	596.41497169	23.00724888	0.33891607	0	-0.27347803	0	0.97304453	0	0	0	0	0	0	0	0	0	0	-5.99473664	140.44306664	16.84759912	0.83293628	0	-0.20344463	0	1.79815935	0
1.503	0	0	0	0	0	0	0	0	0	109.57328265	593.37502577	22.62659932	0.33920514	0	-0.27337561	0	0.93071332	0	0	0	0	0	0	0	0	0	0	-7.63842458	158.28931486	18.02074353	0.82694098	0	-0.20144759	0	1.77047605	0
1.504	0	0	0	0	0	0	0	0	0	110.00443155	590.23736133	22.23389343	0.33949569	0	-0.27327074	0	0.88832219	0	0	0	0	0	0	0	0	0	0	-9.41309248	175.58664554	19.13099021	0.82123318	0	-0.19953705	0	1.74242364	0
1.505	0	0	0	0	0	0	0	0	0	110.4205325	587.0001885299999	21.82951791	0.33978758	0	-0.27316355	0	0.8459262	0	0	0	0	0	0	0	0	0	0	-11.31650046	192.25916375	20.17170557	0.81584154	0	-0.19772203	0	1.71404346	0
1.506	0	0	0	0	0	0	0	0	0	110.82160772	583.66175964	21.41391379	0.34008067	0	-0.27305417	0	0.8035758	0	0	0	0	0	0	0	0	0	0	-13.34456253	208.23969224	21.1366379	0.81079048	0	-0.19601022	0	1.68536373	0
1.507	0	0	0	0	0	0	0	0	0	111.20766989	580.2203851100001	20.98757682	0.34037484	0	-0.27294277	0	0.76131709	0	0	0	0	0	0	0	0	0	0	-15.49131793	223.47029623	22.02000791	0.80610001	0	-0.19440797	0	1.65640106	0
1.508	0	0	0	0	0	0	0	0	0	111.57871082	576.6744489599999	20.55105658	0.34066999	0	-0.27282951	0	0.7191918	0	0	0	0	0	0	0	0	0	0	-17.748939	237.90262618	22.8165996	0.80178564	0	-0.19292021	0	1.62716258	0
1.509	0	0	0	0	0	0	0	0	0	111.93468882	573.02242367	20.1049545	0.34096602	0	-0.27271458	0	0.67723747	0	0	0	0	0	0	0	0	0	0	-20.10777681	251.49808605	23.5218486	0.79785832	0	-0.19155046	-0	1.59764851	0
1.51	0	0	0	0	0	0	0	0	0	112.27551489	569.26288447	19.64992067	0.3412629	0	-0.27259817	0	0.6354875	0	0	0	0	0	0	0	0	0	0	-22.55644449	264.227839	24.13192486	0.7943245	0	-0.19030086	-0	1.56785513	0
1.511	0	0	0	0	0	0	0	0	0	112.60103787	565.3945232900001	19.18664957	0.34156059	0	-0.27248051	0	0.59397114	0	0	0	0	0	0	0	0	0	0	-25.08193731	276.07266568	24.64380677	0.7911863	0	-0.18917221	-0	1.53777796	0
1.512	0	0	0	0	0	0	0	0	0	112.91102863	561.41616253	18.71587463	0.3418591	0	-0.27236179	0	0.55271361	0	0	0	0	0	0	0	0	0	0	-27.66978779	287.02269205	25.05534411	0.78844163	0	-0.18816402	-0	1.50741502	0
1.513	0	0	0	0	0	0	0	0	0	113.20516369	557.32676868	18.23836201	0.34215849	0	-0.27224224	0	0.51173602	0	0	0	0	0	0	0	0	0	0	-30.30425333	297.07700464	25.36530744	0.78608449	0	-0.18727456	-0	1.47676996	0
1.514	0	0	0	0	0	0	0	0	0	113.48300828	553.1254661	17.75490343	0.34245886	0	-0.27212207	0	0.4710554	0	0	0	0	0	0	0	0	0	0	-32.96853311	306.24317076	25.57342181	0.78410524	0	-0.18650102	-0	1.44585498	0
1.515	0	0	0	0	0	0	0	0	0	113.74399945	548.81155082	17.26630851	0.34276033	0	-0.27200151	0	0.43068478	0	0	0	0	0	0	0	0	0	0	-35.6450106	314.53668063	25.68038336	0.78249093	0	-0.18583952	-0	1.41469339	0
1.516	0	0	0	0	0	0	0	0	0	113.9874293	544.38450456	16.77339652	0.34306311	0	-0.27188077	0	0.39063314	0	0	0	0	0	0	0	0	0	0	-38.31551739	321.98032675	25.68785746	0.78122565	0	-0.18528532	-0	1.38332167	0
1.517	0	0	0	0	0	0	0	0	0	114.21242885	539.84400882	16.27698796	0.34336744	0	-0.27176004	0	0.35090561	0	0	0	0	0	0	0	0	0	0	-40.96161339	328.60353471	25.59845806	0.78029095	0	-0.18483284	-0	1.351791	0
1.518	0	0	0	0	0	0	0	0	0	114.41795276	535.18995891	15.77789604	0.3436736	0	-0.27163952	0	0.31150354	0	0	0	0	0	0	0	0	0	0	-43.56487846	334.44165774	25.41570832	0.77966617	0	-0.18447585	-0	1.32016817	0
1.519	0	0	0	0	0	0	0	0	0	114.60276539	530.42247803	15.27691828	0.34398194	0	-0.27151937	0	0.27242476	0	0	0	0	0	0	0	0	0	0	-46.10720987	339.53524621	25.14398328	0.77932892	0	-0.18420754	-0	1.28853589	0
1.52	0	0	0	0	0	0	0	0	0	114.76542837	525.54193092	14.77482847	0.34429286	0	-0.27139975	0	0.23366379	0	0	0	0	0	0	0	0	0	0	-48.57111992	343.92930166	24.78843595	0.77925542	0	-0.18402071	-0	1.25699253	0
1.521	0	0	0	0	0	0	0	0	0	114.90429028	520.548937	14.272369	0.34460682	0	-0.27128079	0	0.19521215	0	0	0	0	0	0	0	0	0	0	-50.94002805	347.67252427	24.35490848	0.77942093	0	-0.18390779	-0	1.22565119	0
1.522	0	0	0	0	0	0	0	0	0	115.01747862	515.44438249	13.77024392	0.34492431	0	-0.27116258	0	0.1570587	0	0	0	0	0	0	0	0	0	0	-53.1985415	350.81656157	23.84983068	0.77980011	0	-0.18386105	-0	1.19463836	0
1.523	0	0	0	0	0	0	0	0	0	115.10289456	510.22943135	13.26911269	0.3452459	0	-0.27104521	0	0.11919	0	0	0	0	0	0	0	0	0	0	-55.33271891	353.41526566	23.2801082	0.78036741	0	-0.18387267	-0	1.16409206	0
1.524	0	0	0	0	0	0	0	0	0	115.15821084	504.90553431	12.76958469	0.34557217	0	-0.27092871	0	0.0815907	0	0	0	0	0	0	0	0	0	0	-57.33031131	355.52396597	22.65300305	0.78109738	0	-0.18393481	-0	1.13415952	0
1.525	0	0	0	0	0	0	0	0	0	115.18087317	499.47443572	12.27221479	0.34590378	0	-0.2708131	0	0.04424402	0	0	0	0	0	0	0	0	0	0	-59.18097528	357.19876417	21.97600951	0.78196501	0	-0.18403978	-0	1.10499463	0
1.526	0	0	0	0	0	0	0	0	0	115.16810553	493.93817765	11.77749972	0.34624141	0	-0.27069837	0	0.00713223	0	0	0	0	0	0	0	0	0	0	-60.87645342	358.49585776	21.25672822	0.78294602	0	-0.18418004	-0	1.0767551	0
1.527	0	0	0	0	0	0	0	0	0	115.11691984	488.2991008	11.28587571	0.34658576	0	-0.27058445	0	-0.02976284	0	0	0	0	0	0	0	0	0	0	-62.41071823	359.47089868	20.50274159	0.78401711	0	-0.18434836	-0	1.04959939	0
1.528	0	0	0	0	0	0	0	0	0	115.02413014	482.55984209	10.79771702	0.34693758	0	-0.27047128	0	-0.06645922	0	0	0	0	0	0	0	0	0	0	-63.7800757	360.17839323	19.72149339	0.78515616	0	-0.18453782	-0	1.02368361	0
1.529	0	0	0	0	0	0	0	0	0	114.88637181	476.72332867	10.31333583	0.34729763	0	-0.27035874	-0	-0.10297416	0	0	0	0	0	0	0	0	0	0	-64.98322631000001	360.67114907	18.92017525	0.78634246	0	-0.18474192	-0	0.99915847	0
1.53	0	0	0	0	0	0	0	0	0	114.70012585	470.79276832	9.832983110000001	0.34766667	0	-0.27024672	-0	-0.13932348	0	0	0	0	0	0	0	0	0	0	-66.02128148	360.99977473	18.10562232	0.78755685	0	-0.18495457	-0	0.97616626	0
1.531	0	0	0	0	0	0	0	0	0	114.46174855	464.77163617	9.356850830000001	0.34804548	0	-0.27013505	-0	-0.17552088	0	0	0	0	0	0	0	0	0	0	-66.89773502	361.2122367	17.28422037	0.78878184	0	-0.18517018	-0	0.95483811	0
1.532	0	0	0	0	0	0	0	0	0	114.16750643	458.66365773	8.88507523	0.34843481	0	-0.27002359	-0	-0.21157716	0	0	0	0	0	0	0	0	0	0	-67.61838945	361.35347799	16.46182595	0.79000169	0	-0.18538368	-0	0.93529152	0
1.533	0	0	0	0	0	0	0	0	0	113.81361661	452.47278797	8.417741380000001	0.34883541	0	-0.26991214	-0	-0.24749942	0	0	0	0	0	0	0	0	0	0	-68.19123875	361.46510172	15.64370103	0.79120247	0	-0.18559051	-0	0.91762833	0
1.534	0	0	0	0	0	0	0	0	0	113.39629213	446.20318635	7.95488872	0.34924797	0	-0.26980054	-0	-0.28329024	0	0	0	0	0	0	0	0	0	0	-68.6263094	361.58512184	14.83446313	0.79237212	0	-0.18578665	-0	0.90193311	0
1.535	0	0	0	0	0	0	0	0	0	112.91179222	439.85918765	7.49651782	0.34967318	0	-0.26968859	-0	-0.31894683	0	0	0	0	0	0	0	0	0	0	-68.93546326000001	361.74778209	14.03805156	0.7935003900000001	0	-0.18596863	-0	0.8882720200000001	0
1.536	0	0	0	0	0	0	0	0	0	112.3564767	433.44526858	7.04259801	0.35011162	0	-0.26957612	-0	-0.35446018	0	0	0	0	0	0	0	0	0	0	-69.13216614	361.98344315	13.25770977	0.7945788499999999	0	-0.18613349	-0	0.87669219	0
1.537	0	0	0	0	0	0	0	0	0	111.72686412	426.96601045	6.59307609	0.35056384	0	-0.26946296	-0	-0.3898142	0	0	0	0	0	0	0	0	0	0	-69.23122744	362.31853663	12.49598355	0.79560083	0	-0.18627882	-0	0.8672215599999999	0
1.538	0	0	0	0	0	0	0	0	0	111.01969274	420.42605811	6.14788588	0.3510303	0	-0.26934896	-0	-0.42498492	0	0	0	0	0	0	0	0	0	0	-69.24851644	362.77558321	11.7547342	0.79656133	0	-0.1864027	-0	0.85986916	0
1.539	0	0	0	0	0	0	0	0	0	110.23198349	413.83007601	5.70695851	0.35151136	0	-0.26923398	-0	-0.4599397	-0	0	0	0	0	0	0	0	0	0	-69.2006616	363.37327121	11.03516541	0.7974569500000001	0	-0.1865037	-0	0.85462578	0
1.54	0	0	0	0	0	0	0	0	0	109.36110387	407.1827019	5.2702335	0.35200729	0	-0.26911793	-0	-0.49463653	-0	0	0	0	0	0	0	0	0	0	-69.10473974	364.12659067	10.33786269	0.79828576	0	-0.18658082	-0	0.85146509	0
1.541	0	0	0	0	0	0	0	0	0	108.40483152	400.48849927	4.83767018	0.35251824	0	-0.26900072	-0	-0.52902343	-0	0	0	0	0	0	0	0	0	0	-68.97796169	365.04701709	9.66284349	0.79904718	0	-0.1866335	-0	0.85034504	0
1.542	0	0	0	0	0	0	0	0	0	107.36141643	393.75190946	4.40925944	0.35304424	0	-0.26888233	-0	-0.56303793	-0	0	0	0	0	0	0	0	0	0	-68.83736154	366.14273801	9.009616299999999	0.79974188	0	-0.18666156	-0	0.85120957	0
1.543	0	0	0	0	0	0	0	0	0	106.22964026	386.97720464	3.98503547	0.3535852	0	-0.26876275	-0	-0.59660683	-0	0	0	0	0	0	0	0	0	0	-68.69949594000001	367.41891546	8.377247049999999	0.80037159	0	-0.18666518	-0	0.85399055	0
1.544	0	0	0	0	0	0	0	0	0	105.00887161	380.16844273	3.56508708	0.35414088	0	-0.26864202	-0	-0.62964611	-0	0	0	0	0	0	0	0	0	0	-68.58015983999999	368.87797614	7.76443067	0.8009390199999999	0	-0.18664484	-0	0.85860998	0
1.545	0	0	0	0	0	0	0	0	0	103.69911594	373.32942536	3.14956856	0.35471092	0	-0.26852023	-0	-0.66206111	-0	0	0	0	0	0	0	0	0	0	-68.49412433000001	370.5199219	7.16956602	0.80144765	0	-0.18660128	-0	0.86498213	0
1.546	0	0	0	0	0	0	0	0	0	102.30105873	366.46366013	2.73870959	0.3552948	0	-0.2683975	-0	-0.6937470999999999	-0	0	0	0	0	0	0	0	0	0	-68.45490155	372.34265228	6.59083221	0.80190163	0	-0.18653551	-0	0.87301587	0
1.547	0	0	0	0	0	0	0	0	0	100.81610078	359.57432791	2.33282397	0.35589187	0	-0.26827398	-0	-0.72458996	-0	0	0	0	0	0	0	0	0	0	-68.47454103	374.34229157	6.02626462	0.80230566	0	-0.18644871	-0	0.88261684	0
1.548	0	0	0	0	0	0	0	0	0	99.24638415	352.66425667	1.93231696	0.3565013	0	-0.2681499	-0	-0.75446734	-0	0	0	0	0	0	0	0	0	0	-68.56346064	376.51351308	5.4738289	0.80266479	0	-0.18634223	-0	0.89368942	0
1.549	0	0	0	0	0	0	0	0	0	97.59480788	345.73590241	1.53769093	0.35712216	0	-0.26802547	-0	-0.78325003	-0	0	0	0	0	0	0	0	0	0	-68.73031465	378.84985393	4.9314918	0.80298436	0	-0.18621755	-0	0.9061385199999999	0
1.55	0	0	0	0	0	0	0	0	0	95.86503226000001	338.79133839	1.1495491	0.35775335	0	-0.26790098	-0	-0.81080359	-0	0	0	0	0	0	0	0	0	0	-68.98190062	381.34401422	4.39728743	0.80326983	0	-0.18607622	0	0.91987102	0
1.551	0	0	0	0	0	0	0	0	0	94.06147081	331.83225342	0.76859736	0.35839365	0	-0.26777672	-0	-0.83699026	-0	0	0	0	0	0	0	0	0	0	-69.32310547	383.98813534	3.86937821	0.8035267	0	-0.1859199	0	0.93479689	0
1.552	0	0	0	0	0	0	0	0	0	92.18926949999999	324.85995972	0.39564383	0.35904169	0	-0.267653	-0	-0.86167108	-0	0	0	0	0	0	0	0	0	0	-69.75689068	386.77405337	3.34610943	0.80376039	0	-0.18575023	0	0.95082995	0
1.553	0	0	0	0	0	0	0	0	0	90.25427264	317.87541084	0.03159643	0.35969599	0	-0.26753016	-0	-0.88470814	-0	0	0	0	0	0	0	0	0	0	-70.2843154	389.69352382	2.82605678	0.80397619	0	-0.1855689	0	0.9678883	0
1.554	0	0	0	0	0	0	0	0	0	88.26297526	310.87922996	-0.32254186	0.36035498	0	-0.26740854	0	-0.90596694	-0	0	0	0	0	0	0	0	0	0	-70.90459542000001	392.73841576	2.30806619	0.80417912	0	-0.18537759	0	0.98589441	0
1.555	0	0	0	0	0	0	0	0	0	86.22246228	303.87174853	-0.66567988	0.36101696	0	-0.26728849	0	-0.92531882	-0	0	0	0	0	0	0	0	0	0	-71.61519534999999	395.90087359	1.79128551	0.80437393	0	-0.18517793	0	1.00477498	0
1.556	0	0	0	0	0	0	0	0	0	84.14033473000001	296.85305508	-0.99664717	0.36168018	0	-0.26717038	0	-0.94264327	-0	0	0	0	0	0	0	0	0	0	-72.41195064	399.1734461	1.27518771	0.80456497	0	-0.18497151	0	1.02446054	0
1.557	0	0	0	0	0	0	0	0	0	82.02462385	289.82305408	-1.31420501	0.3623428	0	-0.26705455	0	-0.95783029	-0	0	0	0	0	0	0	0	0	0	-73.28921559	402.54918304	0.7595854399999999	0.80475623	0	-0.18475989	0	1.04488489	0
1.558	0	0	0	0	0	0	0	0	0	79.88369397	282.78153419	-1.61705925	0.36300295	0	-0.26694137	0	-0.97078245	-0	0	0	0	0	0	0	0	0	0	-74.24003315	406.02170043	0.24463707	0.80495125	0	-0.18454452	0	1.06598443	0
1.559	0	0	0	0	0	0	0	0	0	77.72613583	275.72824531	-1.90387499	0.36365873	0	-0.26683118	0	-0.98141687	-0	0	0	0	0	0	0	0	0	0	-75.25632206	409.58521642	-0.26915583	0.8051531	0	-0.18432681	0	1.08769751	0
1.56	0	0	0	0	0	0	0	0	0	75.56065175000001	268.6629835	-2.17329278	0.36430824	0	-0.26672433	0	-0.98966702	-0	0	0	0	0	0	0	0	0	0	-76.32907666	413.23456015	-0.7809591299999999	0.80536439	0	-0.18410808	0	1.10996371	0
1.561	0	0	0	0	0	0	0	0	0	73.39593488	261.58568261	-2.4239464	0.36494958	0	-0.26662117	0	-0.99548422	-0	0	0	0	0	0	0	0	0	0	-77.44857462	416.96515679	-1.28962477	0.80558726	0	-0.18388955	0	1.13272315	0
1.562	0	0	0	0	0	0	0	0	0	71.24054470999999	254.49651116	-2.65448175	0.36558093	0	-0.26652205	0	-0.9988389600000001	-0	0	0	0	0	0	0	0	0	0	-78.60458800000001	420.77299176	-1.79371663	0.80582337	0	-0.18367236	0	1.15591586	0
1.563	0	0	0	0	0	0	0	0	0	69.10278164	247.39597278	-2.86357685	0.36620048	0	-0.2664273	0	-0.99972197	-0	0	0	0	0	0	0	0	0	0	-79.7865929	424.654558	-2.29154318	0.80607393	0	-0.18345759	0	1.17948113	-0
1.564	0	0	0	0	0	0	0	0	0	66.99056347	240.28500822	-3.04996255	0.36680656	0	-0.26633727	0	-0.99814504	-0	0	0	0	0	0	0	0	0	0	-80.98397348	428.60678965	-2.78119582	0.8063396900000001	0	-0.1832462	0	1.20335687	-0
1.565	0	0	0	0	0	0	0	0	0	64.91130719	233.16509649	-3.21244382	0.36739756	0	-0.2662523	0	-0.99414155	-0	0	0	0	0	0	0	0	0	0	-82.18621627	432.62698588	-3.26059202	0.80662099	0	-0.18303908	0	1.22747894	-0
1.566	0	0	0	0	0	0	0	0	0	62.87181945	226.03835263	-3.34992116	0.36797204	0	-0.26617274	0	-0.98776678	-0	0	0	0	0	0	0	0	0	0	-83.38309135999999	436.71272822	-3.72752207	0.80691777	0	-0.18283704	0	1.25178047	-0
1.567	0	0	0	0	0	0	0	0	0	60.87819939	218.90761893	-3.46141204	0.36852868	0	-0.26609895	0	-0.97909791	-0	0	0	0	0	0	0	0	0	0	-84.56481725	440.86179459	-4.17969827	0.80722963	0	-0.18264083	0	1.27619109	-0
1.568	0	0	0	0	0	0	0	0	0	58.93575712	211.77654679	-3.54607203	0.36906633	0	-0.26603126	0	-0.96823379	-0	0	0	0	0	0	0	0	0	0	-85.72220708	445.07207284	-4.61480538	0.8075558	0	-0.18245109	0	1.30063618	-0
1.569	0	0	0	0	0	0	0	0	0	57.04895075	204.64966612	-3.60321529	0.36958402	0	-0.26597005	0	-0.9552944799999999	-0	0	0	0	0	0	0	0	0	0	-86.84679427	449.34147619	-5.03055133	0.80789526	0	-0.18226844	0	1.32503603	-0
1.57	0	0	0	0	0	0	0	0	0	55.22134417	197.5324396	-3.63233404	0.37008097	0	-0.26591565	0	-0.94042042	-0	0	0	0	0	0	0	0	0	0	-87.93093617	453.66786229	-5.42471684	0.80824669	0	-0.18209341	0	1.34930506	-0
1.571	0	0	0	0	0	0	0	0	0	53.45558697	190.43129968	-3.6331167	0.37055662	0	-0.26586844	0	-0.92377145	-0	0	0	0	0	0	0	0	0	0	-88.96789516	458.04895753	-5.79520313	0.80860859	0	-0.1819265	0	1.37335106	-0
1.572	0	0	0	0	0	0	0	0	0	51.75341693	183.35366648	-3.6054642	0.37101059	0	-0.26582876	0	-0.90552548	-0	0	0	0	0	0	0	0	0	0	-89.95189687	462.48228763	-6.14007663	0.80897926	0	-0.18176813	0	1.39707459	-0
1.573	0	0	0	0	0	0	0	0	0	50.11568514	176.30794558	-3.5495039	0.37144271	0	-0.26579696	0	-0.88587678	-0	0	0	0	0	0	0	0	0	0	-90.87816591000001	466.9651153	-6.45760977	0.80935685	0	-0.1816187	0	1.42036838	-0
1.574	0	0	0	0	0	0	0	0	0	48.54240257	169.30350505	-3.46560072	0.37185303	0	-0.26577339	0	-0.86503405	0	0	0	0	0	0	0	0	0	0	-91.74293999	471.49438574	-6.74631716	0.80973941	0	-0.1814786	0	1.44311704	-0
1.575	0	0	0	0	0	0	0	0	0	47.0328065	162.35063158	-3.35436505	0.37224179	0	-0.26575837	0	-0.84321809	0	0	0	0	0	0	0	0	0	0	-92.54346374000001	476.06668024	-7.00498644	0.81012493	0	-0.18134814	-0	1.46519691	-0
1.576	0	0	0	0	0	0	0	0	0	45.58544447	155.46046604	-3.21665697	0.37260941	0	-0.26575221	0	-0.82065918	0	0	0	0	0	0	0	0	0	0	-93.27796379	480.67817825	-7.23270342	0.81051133	0	-0.18122765	-0	1.48647617	-0
1.577	0	0	0	0	0	0	0	0	0	44.19827267	148.64491922	-3.05358653	0.3729565	0	-0.2657552	0	-0.7975942499999999	0	0	0	0	0	0	0	0	0	0	-93.9456071	485.32462784	-7.42887115	0.81089654	0	-0.18111741	-0	1.50681519	-0
1.578	0	0	0	0	0	0	0	0	0	42.86876537	141.91656875	-2.86650989	0.37328382	0	-0.2657676	0	-0.77426375	0	0	0	0	0	0	0	0	0	0	-94.54644475000001	490.00132464	-7.59322262	0.8112785	0	-0.18101773	-0	1.52606712	-0
1.579	0	0	0	0	0	0	0	0	0	41.59403182	135.28853877	-2.65702096	0.37359225	0	-0.26578962	0	-0.75090854	0	0	0	0	0	0	0	0	0	0	-95.08134343	494.7030992	-7.72582726	0.81165518	0	-0.18092886	-0	1.54407875	-0
1.58	0	0	0	0	0	0	0	0	0	40.37093647	128.77436408	-2.42693866	0.37388281	0	-0.26582144	0	-0.7277665	0	0	0	0	0	0	0	0	0	0	-95.55190722	499.42431278	-7.8270909	0.81202462	0	-0.18085108	-0	1.56069154	-0
1.581	0	0	0	0	0	0	0	0	0	39.19621899	122.38784111	-2.17828964	0.37415658	0	-0.26586319	0	-0.7050693099999999	0	0	0	0	0	0	0	0	0	0	-95.96039206	504.15886151	-7.8977497	0.81238497	0	-0.18078465	-0	1.57574291	-0
1.582	0	0	0	0	0	0	0	0	0	38.06661019	116.14286825	-1.91328664	0.37441475	0	-0.26591495	0	-0.68303912	0	0	0	0	0	0	0	0	0	0	-96.30961545	508.90018908	-7.93885823	0.81273443	0	-0.18072983	-0	1.58906771	-0
1.583	0	0	0	0	0	0	0	0	0	36.97894051	110.0532783	-1.63430269	0.37465851	0	-0.26597671	0	-0.66188548	0	0	0	0	0	0	0	0	0	0	-96.60286366	513.64130799	-7.95177218	0.81307136	0	-0.18068688	-0	1.60049984	-0
1.584	0	0	0	0	0	0	0	0	0	35.93023804	104.1326662	-1.34384145	0.3748891	0	-0.2660484	0	-0.64180238	0	0	0	0	0	0	0	0	0	0	-96.84379853	518.3748292499999	-7.93812635	0.81339423	0	-0.18065606	-0	1.60987408	-0
1.585	0	0	0	0	0	0	0	0	0	34.91781353	98.39421498999999	-1.04450428	0.37510773	0	-0.26612988	0	-0.62296554	0	0	0	0	0	0	0	0	0	0	-97.03636581000001	523.09300073	-7.89980857	0.81370164	0	-0.1806376	-0	1.617028	-0
1.586	0	0	0	0	0	0	0	0	0	33.93933033	92.85052339000001	-0.7389544	0.37531559	0	-0.26622089	0	-0.60553006	0	0	0	0	0	0	0	0	0	0	-97.18470666	527.78775365	-7.83893025	0.81399236	0	-0.18063175	-0	1.62180406	-0
1.587	0	0	0	0	0	0	0	0	0	32.99285779	87.51343771000001	-0.42987906	0.37551383	0	-0.26632108	0	-0.58962833	0	0	0	0	0	0	0	0	0	0	-97.29307369999999	532.4507571	-7.75779437	0.81426529	0	-0.18063873	-0	1.62405177	-0
1.588	0	0	0	0	0	0	0	0	0	32.07690725	82.39389101	-0.11995032	0.37570353	0	-0.26643	0	-0.57536832	0	0	0	0	0	0	0	0	0	0	-97.36575268999999	537.07347999	-7.65886135	0.81451951	0	-0.18065875	-0	1.62362996	-0
1.589	0	0	0	0	0	0	0	0	0	31.19045024	77.50175212000001	0.18821464	0.37588567	0	-0.26654707	0	-0.56283225	0	0	0	0	0	0	0	0	0	0	-97.40699092	541.64725989	-7.54471362	0.81475423	0	-0.18069201	-0	1.62040917	-0
1.59	0	0	0	0	0	0	0	0	0	30.33291919	72.8456867	0.4920927	0.37606113	0	-0.26667158	0	-0.5520755899999999	0	0	0	0	0	0	0	0	0	0	-97.4209328	546.1633779	-7.4180195	0.81496885	0	-0.18073865	-0	1.61427395	-0
1.591	0	0	0	0	0	0	0	0	0	29.50419137	68.43303253000001	0.78929267	0.37623068	0	-0.26680272	0	-0.54312651	0	0	0	0	0	0	0	0	0	0	-97.41156319	550.61313879	-7.28149684	0.81516293	0	-0.18079881	-0	1.60512527	-0
1.592	0	0	0	0	0	0	0	0	0	28.70455728	64.26969087000001	1.0775908	0.37639496	0	-0.26693953	-0	-0.53598568	0	0	0	0	0	0	0	0	0	0	-97.38265865	554.98795507	-7.13787711	0.81533619	0	-0.18087257	-0	1.59288276	-0
1.593	0	0	0	0	0	0	0	0	0	27.93467518	60.3600355	1.35496312	0.37655448	0	-0.26708098	-0	-0.53062649	0	0	0	0	0	0	0	0	0	0	-97.33774677	559.27943371	-6.98987032	0.81548849	0	-0.18095997	-0	1.57748683	-0
1.594	0	0	0	0	0	0	0	0	0	27.19551363	56.70684092	1.61961374	0.37670958	0	-0.26722589	-0	-0.52699568	0	0	0	0	0	0	0	0	0	0	-97.28007336	563.47946393	-6.84013119	0.81561989	0	-0.18106098	-0	1.55890067	-0
1.595	0	0	0	0	0	0	0	0	0	26.48828431	53.31123088	1.86999844	0.3768605	0	-0.26737302	-0	-0.5250145000000001	0	0	0	0	0	0	0	0	0	0	-97.21257749999999	567.58030423	-6.69122707	0.81573057	0	-0.18117554	-0	1.53711184	-0
1.596	0	0	0	0	0	0	0	0	0	25.81436744	50.17264829	2.10484292	0.37700731	0	-0.26752108	-0	-0.5245802000000001	0	0	0	0	0	0	0	0	0	0	-97.13787392	571.5746669	-6.54560779	0.81582087	0	-0.1813035	-0	1.51213369	-0
1.597	0	0	0	0	0	0	0	0	0	25.17523236	47.28884708	2.3231553	0.37714993	0	-0.26766871	-0	-0.52556804	-0	0	0	0	0	0	0	0	0	0	-97.05824247	575.45579779	-6.40557804	0.81589128	0	-0.18144464	-0	1.48400625	-0
1.598	0	0	0	0	0	0	0	0	0	24.57235561	44.65590663	2.52423268	0.37728817	0	-0.26781454	-0	-0.52783384	-0	0	0	0	0	0	0	0	0	0	-96.97562392	579.2175495499999	-6.27327253	0.81594241	0	-0.18159867	-0	1.45279677	-0
1.599	0	0	0	0	0	0	0	0	0	24.0071391	42.26826891	2.70766154	0.3774217	0	-0.26795722	-0	-0.5312168900000001	-0	0	0	0	0	0	0	0	0	0	-96.89162158000001	582.85444636	-6.15063422	0.8159750099999999	0	-0.18176522	-0	1.41859968	-0
1.6	0	0	0	0	0	0	0	0	0	23.48083067	40.1187984	2.87331216	0.3775501	0	-0.26809542	-0	-0.53554334	-0	0	0	0	0	0	0	0	0	0	-96.80750788	586.36173861	-6.03939608	0.81598995	0	-0.18194385	-0	1.38153615	-0
1.601	0	0	0	0	0	0	0	0	0	22.99444938	38.19886456	3.02132722	0.37767285	0	-0.2682279	-0	-0.54062997	-0	0	0	0	0	0	0	0	0	0	-96.72423519	589.73544622	-5.94106631	0.81598821	0	-0.18213402	0	1.34175297	-0
1.602	0	0	0	0	0	0	0	0	0	22.54871764	36.49844649	3.15210482	0.37778939	0	-0.2683535	-0	-0.54628832	-0	0	0	0	0	0	0	0	0	0	-96.64245006	592.97238956	-5.85691723	0.81597086	0	-0.18233512	0	1.29942105	-0
1.603	0	0	0	0	0	0	0	0	0	22.14400253	35.006259	3.26627644	0.37789912	0	-0.26847121	-0	-0.55232905	-0	0	0	0	0	0	0	0	0	0	-96.56251021999999	596.07020763	-5.78797772	0.81593905	0	-0.18254648	0	1.2547334	-0
1.604	0	0	0	0	0	0	0	0	0	21.78026795	33.70989909	3.36468015	0.37800145	0	-0.26858017	-0	-0.55856661	-0	0	0	0	0	0	0	0	0	0	-96.48450367	599.02736327	-5.73502924	0.81589402	0	-0.18276732	0	1.20790268	-0
1.605	0	0	0	0	0	0	0	0	0	21.45703965	32.59601133	3.44832991	0.37809584	0	-0.26867969	-0	-0.56482392	-0	0	0	0	0	0	0	0	0	0	-96.40826939	601.84313549	-5.69860521	0.81583706	0	-0.18299684	0	1.15915851	-0
1.606	0	0	0	0	0	0	0	0	0	21.17338448	31.65047054	3.51838145	0.37818183	0	-0.26876931	-0	-0.57093719	-0	0	0	0	0	0	0	0	0	0	-96.33341913	604.51759974	-5.67899375	0.8157695	0	-0.18323414	0	1.1087444	-0
1.607	0	0	0	0	0	0	0	0	0	20.92790507	30.85857924	3.57609584	0.37825906	0	-0.26884876	-0	-0.57676045	-0	0	0	0	0	0	0	0	0	0	-96.25936005	607.05159659	-5.67624341	0.81569273	0	-0.18347829	0	1.05691469	-0
1.608	0	0	0	0	0	0	0	0	0	20.71875093	30.20527751	3.62280177	0.37832731	0	-0.268918	-0	-0.58216987	-0	0	0	0	0	0	0	0	0	0	-96.18531781999999	609.44669002	-5.69017186	0.81560813	0	-0.18372831	0	1.0039312	-0
1.609	0	0	0	0	0	0	0	0	0	0	0	0	0	0	0	0	0	0	0	0	0	0	0	0	0	0	0	-96.11036002	611.70511658	-5.72037716	0.8155171	0	-0.1839832	0	0.9500600300000001	-0
1.61	0	0	0	0	0	0	0	0	0	0	0	0	0	0	0	0	0	0	0	0	0	0	0	0	0	0	0	-96.03341976	613.82972677	-5.76625136	0.81542103	0	-0.18424192	0	0.89556833	-0
1.611	0	0	0	0	0	0	0	0	0	0	0	0	0	0	0	0	0	0	0	0	0	0	0	0	0	0	0	-95.95331925000001	615.82392027	-5.82699624	0.81532129	0	-0.18450341	0	0.84072125	-0
1.612	0	0	0	0	0	0	0	0	0	0	0	0	0	0	0	0	0	0	0	0	0	0	0	0	0	0	0	-95.86879353	617.6915764	-5.90164101	0.81521923	0	-0.18476663	0	0.78577903	-0
1.613	0	0	0	0	0	0	0	0	0	0	0	0	0	0	0	0	0	0	0	0	0	0	0	0	0	0	0	-95.77851398	619.43698152	-5.98906185	0.81511613	0	-0.18503053	0	0.73099437	0
1.614	0	0	0	0	0	0	0	0	0	0	0	0	0	0	0	0	0	0	0	0	0	0	0	0	0	0	0	-95.68111175999999	621.06475476	-6.08800326	0.81501326	0	-0.18529408	0	0.67661001	0
1.615	0	0	0	0	0	0	0	0	0	0	0	0	0	0	0	0	0	0	0	0	0	0	0	0	0	0	0	-95.57520085	622.57977342	-6.19710109	0.8149118	0	-0.18555625	0	0.62285664	0
1.616	0	0	0	0	0	0	0	0	0	0	0	0	0	0	0	0	0	0	0	0	0	0	0	0	0	0	0	-95.45940057999999	623.9870994299999	-6.31490699	0.81481287	0	-0.18581608	0	0.569951	0
1.617	0	0	0	0	0	0	0	0	0	0	0	0	0	0	0	0	0	0	0	0	0	0	0	0	0	0	0	-95.33235736	625.29190786	-6.4399142	0.81471754	0	-0.18607262	0	0.51809448	0
1.618	0	0	0	0	0	0	0	0	0	0	0	0	0	0	0	0	0	0	0	0	0	0	0	0	0	0	0	-95.19276545	626.49941862	-6.57058413	0.81462678	0	-0.18632497	0	0.46747189	0
1.619	0	0	0	0	0	0	0	0	0	0	0	0	0	0	0	0	0	0	0	0	0	0	0	0	0	0	0	-95.03938664	627.61483201	-6.70537338	0.81454147	0	-0.18657228	0	0.41825072	0
1.62	0	0	0	0	0	0	0	0	0	0	0	0	0	0	0	0	0	0	0	0	0	0	0	0	0	0	0	-94.87106842999999	628.64326902	-6.84276072	0.81446243	0	-0.18681377	0	0.37058067	0
1.621	0	0	0	0	0	0	0	0	0	0	0	0	0	0	0	0	0	0	0	0	0	0	0	0	0	0	0	-94.68676078	629.5897167000001	-6.98127352	0.81439039	0	-0.18704868	0	0.32459368	0
1.622	0	0	0	0	0	0	0	0	0	0	0	0	0	0	0	0	0	0	0	0	0	0	0	0	0	0	0	-94.48553118	630.4589791	-7.11951322	0.81432598	0	-0.18727636	0	0.28040421	0
1.623	0	0	0	0	0	0	0	0	0	0	0	0	0	0	0	0	0	0	0	0	0	0	0	0	0	0	0	-94.26657776	631.25563401	-7.2561792	0.81426977	0	-0.18749618	0	0.23810997	0
1.624	0	0	0	0	0	0	0	0	0	0	0	0	0	0	0	0	0	0	0	0	0	0	0	0	0	0	0	-94.02924040000001	631.9839957200001	-7.39009067	0.81422222	0	-0.18770759	0	0.197793	0
1.625	0	0	0	0	0	0	0	0	0	0	0	0	0	0	0	0	0	0	0	0	0	0	0	0	0	0	0	-93.77300968999999	632.6480838	-7.52020607	0.81418374	0	-0.18791011	0	0.15952096	0
1.626	0	0	0	0	0	0	0	0	0	0	0	0	0	0	0	0	0	0	0	0	0	0	0	0	0	0	0	-93.49753349	633.25159797	-7.64563966	0.81415463	0	-0.18810332	0	0.12334874	0
1.627	0	0	0	0	0	0	0	0	0	0	0	0	0	0	0	0	0	0	0	0	0	0	0	0	0	0	0	-93.20262112	633.79789905	-7.76567475	0.81413515	0	-0.18828684	0	0.08932016	0
1.628	0	0	0	0	0	0	0	0	0	0	0	0	0	0	0	0	0	0	0	0	0	0	0	0	0	0	0	-92.88824499	634.2899957	-7.87977371	0.81412548	0	-0.18846038	0	0.05746972	0
1.629	0	0	0	0	0	0	0	0	0	0	0	0	0	0	0	0	0	0	0	0	0	0	0	0	0	0	0	-92.55453967	634.730537	-7.98758428	0.81412575	0	-0.18862368	0	0.02782442	0
1.63	0	0	0	0	0	0	0	0	0	0	0	0	0	0	0	0	0	0	0	0	0	0	0	0	0	0	0	-92.20179831999999	635.12181037	-8.08894241	0.81413602	0	-0.18877655	0	0.00040535	0
1.631	0	0	0	0	0	0	0	0	0	0	0	0	0	0	0	0	0	0	0	0	0	0	0	0	0	0	0	-91.83046653	635.46574473	-8.1838715	0.81415631	0	-0.18891884	0	-0.0247707	0
1.632	0	0	0	0	0	0	0	0	0	0	0	0	0	0	0	0	0	0	0	0	0	0	0	0	0	0	0	-91.44113356	635.76391842	-8.27257811	0.81418662	0	-0.18905045	0	-0.04768994	0
1.633	0	0	0	0	0	0	0	0	0	0	0	0	0	0	0	0	0	0	0	0	0	0	0	0	0	0	0	-91.0345212	636.0175715300001	-8.35544449	0.8142269	0	-0.18917133	0	-0.06834046000000001	0
1.634	0	0	0	0	0	0	0	0	0	0	0	0	0	0	0	0	0	0	0	0	0	0	0	0	0	0	0	-90.61147042	636.22762221	-8.433017749999999	0.81427706	0	-0.18928144	0	-0.08671131	0
1.635	0	0	0	0	0	0	0	0	0	0	0	0	0	0	0	0	0	0	0	0	0	0	0	0	0	0	0	-90.17292616	636.3946866	-8.505996319999999	0.81433702	0	-0.18938081	-0	-0.10279181	0
1.636	0	0	0	0	0	0	0	0	0	0	0	0	0	0	0	0	0	0	0	0	0	0	0	0	0	0	0	-89.71992053	636.51910176	-8.575213720000001	0.8144066599999999	0	-0.18946949	-0	-0.11657106	0
1.637	0	0	0	0	0	0	0	0	0	0	0	0	0	0	0	0	0	0	0	0	0	0	0	0	0	0	0	-89.25355494	636.60095125	-8.641620209999999	0.81448588	0	-0.18954756	-0	-0.12803769	0
1.638	0	0	0	0	0	0	0	0	0	0	0	0	0	0	0	0	0	0	0	0	0	0	0	0	0	0	0	-88.77498142	636.64009283	-8.70626249	0.8145745599999999	0	-0.1896151	-0	-0.13717976	0
1.639	0	0	0	0	0	0	0	0	0	0	0	0	0	0	0	0	0	0	0	0	0	0	0	0	0	0	0	-88.2853836	636.63618782	-8.77026204	0.81467258	0	-0.18967225	-0	-0.14398493	-0
1.64	0	0	0	0	0	0	0	0	0	0	0	0	0	0	0	0	0	0	0	0	0	0	0	0	0	0	0	-87.78595772	636.58873177	-8.83479228	0.81477986	0	-0.18971916	-0	-0.14844082	-0
1.641	0	0	0	0	0	0	0	0	0	0	0	0	0	0	0	0	0	0	0	0	0	0	0	0	0	0	0	-87.27789404000001	636.4970859	-8.901055039999999	0.81489628	0	-0.18975597	-0	-0.15053555	-0
1.642	0	0	0	0	0	0	0	0	0	0	0	0	0	0	0	0	0	0	0	0	0	0	0	0	0	0	0	-86.76235907	636.3605089599999	-8.970256770000001	0.81502179	0	-0.18978286	-0	-0.15025854	-0
1.643	0	0	0	0	0	0	0	0	0	0	0	0	0	0	0	0	0	0	0	0	0	0	0	0	0	0	0	-86.24047883999999	636.17818921	-9.04358482	0.8151562999999999	0	-0.18980003	-0	-0.1476014	-0
1.644	0	0	0	0	0	0	0	0	0	0	0	0	0	0	0	0	0	0	0	0	0	0	0	0	0	0	0	-85.71332359	635.94927599	-9.122184369999999	0.81529978	0	-0.18980766	-0	-0.14255906	-0
1.645	0	0	0	0	0	0	0	0	0	0	0	0	0	0	0	0	0	0	0	0	0	0	0	0	0	0	0	-85.18189409999999	635.6729107899999	-9.2071363	0.81545221	0	-0.18980598	-0	-0.13513097	-0
1.646	0	0	0	0	0	0	0	0	0	0	0	0	0	0	0	0	0	0	0	0	0	0	0	0	0	0	0	-84.64710991	635.34825733	-9.299436610000001	0.81561356	0	-0.18979519	-0	-0.12532239	-0
1.647	0	0	0	0	0	0	0	0	0	0	0	0	0	0	0	0	0	0	0	0	0	0	0	0	0	0	0	-84.10979957000001	634.97453045	-9.39997756	0.81578384	0	-0.18977554	-0	-0.1131458	-0
1.648	0	0	0	0	0	0	0	0	0	0	0	0	0	0	0	0	0	0	0	0	0	0	0	0	0	0	0	-83.57069306	634.55102357	-9.509531089999999	0.81596306	0	-0.18974725	-0	-0.09862226	-0
1.649	0	0	0	0	0	0	0	0	0	0	0	0	0	0	0	0	0	0	0	0	0	0	0	0	0	0	0	-83.03041652	634.07713432	-9.628734469999999	0.81615127	0	-0.18971058	-0	-0.08178282000000001	-0
1.65	0	0	0	0	0	0	0	0	0	0	0	0	0	0	0	0	0	0	0	0	0	0	0	0	0	0	0	-82.48948925000001	633.5523881399999	-9.75807878	0.81634847	0	-0.18966577	-0	-0.06266982	-0
1.651	0	0	0	0	0	0	0	0	0	0	0	0	0	0	0	0	0	0	0	0	0	0	0	0	0	0	0	-81.94832301	632.97645942	-9.89790006	0.81655472	0	-0.1896131	-0	-0.04133815	-0
1.652	0	0	0	0	0	0	0	0	0	0	0	0	0	0	0	0	0	0	0	0	0	0	0	0	0	0	0	-81.40722357999999	632.34918982	-10.04837351	0.81677004	0	-0.18955283	-0	-0.01785628	-0
1.653	0	0	0	0	0	0	0	0	0	0	0	0	0	0	0	0	0	0	0	0	0	0	0	0	0	0	0	-80.86639431	631.67060356	-10.20951069	0.81699446	0	-0.18948526	-0	0.0076928	-0
1.654	0	0	0	0	0	0	0	0	0	0	0	0	0	0	0	0	0	0	0	0	0	0	0	0	0	0	0	-80.32594165	630.94091943	-10.38115975	0.81722801	0	-0.18941066	-0	0.03521097	-0
1.655	0	0	0	0	0	0	0	0	0	0	0	0	0	0	0	0	0	0	0	0	0	0	0	0	0	0	0	-79.78588222	630.16055936	-10.56300848	0.81747068	0	-0.18932935	-0	0.06458453	-0
1.656	0	0	0	0	0	0	0	0	0	0	0	0	0	0	0	0	0	0	0	0	0	0	0	0	0	0	0	-79.24615136	629.33015347	-10.75459018	0.81772246	0	-0.18924162	-0	0.09568414	-0
1.657	0	0	0	0	0	0	0	0	0	0	0	0	0	0	0	0	0	0	0	0	0	0	0	0	0	0	0	-78.7066126	628.4505417399999	-10.95529199	0.81798333	0	-0.1891478	-0	0.12836497	-0
1.658	0	0	0	0	0	0	0	0	0	0	0	0	0	0	0	0	0	0	0	0	0	0	0	0	0	0	0	-78.16706796	627.52277238	-11.16436549	0.81825322	0	-0.18904821	-0	0.16246731	-0
1.659	0	0	0	0	0	0	0	0	0	0	0	0	0	0	0	0	0	0	0	0	0	0	0	0	0	0	0	-77.62726858000001	626.54809703	-11.38093942	0.81853205	0	-0.18894318	-0	0.19781735	-0
1.66	0	0	0	0	0	0	0	0	0	0	0	0	0	0	0	0	0	0	0	0	0	0	0	0	0	0	0	-77.08692554	625.52796298	-11.60403402	0.81881972	0	-0.18883303	-0	0.2342285	-0
1.661	0	0	0	0	0	0	0	0	0	0	0	0	0	0	0	0	0	0	0	0	0	0	0	0	0	0	0	-76.54572045	624.46400261	-11.8325769	0.81911609	0	-0.1887181	-0	0.27150284	-0
1.662	0	0	0	0	0	0	0	0	0	0	0	0	0	0	0	0	0	0	0	0	0	0	0	0	0	0	0	-76.00331575	623.35802012	-12.06542002	0.81942099	0	-0.18859873	-0	0.30943302	-0
1.663	0	0	0	0	0	0	0	0	0	0	0	0	0	0	0	0	0	0	0	0	0	0	0	0	0	0	0	-75.45936459000001	622.21197591	-12.30135749	0.81973423	0	-0.18847525	-0	0.34780445	-0
1.664	0	0	0	0	0	0	0	0	0	0	0	0	0	0	0	0	0	0	0	0	0	0	0	0	0	0	0	-74.91352012	621.02796854	-12.53914376	0.8200555899999999	0	-0.18834799	-0	0.38639767	-0
1.665	0	0	0	0	0	0	0	0	0	0	0	0	0	0	0	0	0	0	0	0	0	0	0	0	0	0	0	-74.36544422	619.80821458	-12.77751195	0.82038483	0	-0.18821727	-0	0.42499106	-0
1.666	0	0	0	0	0	0	0	0	0	0	0	0	0	0	0	0	0	0	0	0	0	0	0	0	0	0	0	-73.81481563	618.55502643	-13.01519194	0.82072168	0	-0.18808341	-0	0.46336366	-0
1.667	0	0	0	0	0	0	0	0	0	0	0	0	0	0	0	0	0	0	0	0	0	0	0	0	0	0	0	-73.26133728000001	617.27078844	-13.25092778	0.82106586	0	-0.18794673	-0	0.50129821	-0
1.668	0	0	0	0	0	0	0	0	0	0	0	0	0	0	0	0	0	0	0	0	0	0	0	0	0	0	0	-72.70474298000001	615.95793171	-13.48349426	0.82141707	0	-0.18780752	-0	0.53858415	-0
1.669	0	0	0	0	0	0	0	0	0	0	0	0	0	0	0	0	0	0	0	0	0	0	0	0	0	0	0	-72.14480316	614.6189081700001	-13.71171219	0.82177499	0	-0.18766606	-0	0.57502069	-0
1.67	0	0	0	0	0	0	0	0	0	0	0	0	0	0	0	0	0	0	0	0	0	0	0	0	0	0	0	-71.58132977	613.25616427	-13.93446235	0.82213932	0	-0.18752264	-0	0.61041974	-0
1.671	0	0	0	0	0	0	0	0	0	0	0	0	0	0	0	0	0	0	0	0	0	0	0	0	0	0	0	-71.01418021000001	611.87211497	-14.15069771	0.82250973	0	-0.18737751	-0	0.64460869	0
1.672	0	0	0	0	0	0	0	0	0	0	0	0	0	0	0	0	0	0	0	0	0	0	0	0	0	0	0	-70.44326035	610.4691185200001	-14.35945401	0.82288591	0	-0.18723091	-0	0.67743284	0
1.673	0	0	0	0	0	0	0	0	0	0	0	0	0	0	0	0	0	0	0	0	0	0	0	0	0	0	0	-69.86852648	609.04945234	-14.55985855	0.82326755	0	-0.18708306	0	0.70875755	0
1.674	0	0	0	0	0	0	0	0	0	0	0	0	0	0	0	0	0	0	0	0	0	0	0	0	0	0	0	-69.28998634	607.61529065	-14.75113725	0.82365437	0	-0.18693417	0	0.73846997	0
1.675	0	0	0	0	0	0	0	0	0	0	0	0	0	0	0	0	0	0	0	0	0	0	0	0	0	0	0	-68.70769909000001	606.16868407	-14.93261992	0.82404608	0	-0.1867844	0	0.76648026	0
1.676	0	0	0	0	0	0	0	0	0	0	0	0	0	0	0	0	0	0	0	0	0	0	0	0	0	0	0	-68.12177439	604.7115417	-15.10374388	0.82444242	0	-0.18663392	0	0.79272242	0
1.677	0	0	0	0	0	0	0	0	0	0	0	0	0	0	0	0	0	0	0	0	0	0	0	0	0	0	0	-67.53237043999999	603.24561568	-15.26405582	0.82484316	0	-0.18648286	0	0.81715458	0
1.678	0	0	0	0	0	0	0	0	0	0	0	0	0	0	0	0	0	0	0	0	0	0	0	0	0	0	0	-66.93969128000001	601.77248882	-15.41321202	0.82524809	0	-0.18633131	0	0.8397588499999999	0
1.679	0	0	0	0	0	0	0	0	0	0	0	0	0	0	0	0	0	0	0	0	0	0	0	0	0	0	0	-66.34398333999999	600.29356501	-15.55097698	0.82565702	0	-0.18617937	0	0.86054063	0
1.68	0	0	0	0	0	0	0	0	0	0	0	0	0	0	0	0	0	0	0	0	0	0	0	0	0	0	0	-65.74553131	598.81006288	-15.67722039	0.8260698	0	-0.18602709	0	0.87952751	0
1.681	0	0	0	0	0	0	0	0	0	0	0	0	0	0	0	0	0	0	0	0	0	0	0	0	0	0	0	-65.14465366	597.32301245	-15.79191274	0.82648632	0	-0.1858745	0	0.89676776	0
1.682	0	0	0	0	0	0	0	0	0	0	0	0	0	0	0	0	0	0	0	0	0	0	0	0	0	0	0	-64.54169776000001	595.833255	-15.89511946	0.8269064699999999	0	-0.1857216	0	0.91232843	0
1.683	0	0	0	0	0	0	0	0	0	0	0	0	0	0	0	0	0	0	0	0	0	0	0	0	0	0	0	-63.93703497	594.34144592	-15.986994	0.82733019	0	-0.18556839	0	0.92629313	0
1.684	0	0	0	0	0	0	0	0	0	0	0	0	0	0	0	0	0	0	0	0	0	0	0	0	0	0	0	-63.3310556	592.84806054	-16.06776992	0.82775747	0	-0.18541482	0	0.93875956	0
1.685	0	0	0	0	0	0	0	0	0	0	0	0	0	0	0	0	0	0	0	0	0	0	0	0	0	0	0	-62.72416424	591.35340266	-16.1377522	0.82818829	0	-0.18526084	0	0.94983691	0
1.686	0	0	0	0	0	0	0	0	0	0	0	0	0	0	0	0	0	0	0	0	0	0	0	0	0	0	0	-62.11677524	589.85761552	-16.19730811	0.8286226799999999	0	-0.18510636	0	0.95964308	0
1.687	0	0	0	0	0	0	0	0	0	0	0	0	0	0	0	0	0	0	0	0	0	0	0	0	0	0	0	-61.50930872	588.36069501	-16.24685778	0.8290607	0	-0.18495129	0	0.96830198	0
1.688	0	0	0	0	0	0	0	0	0	0	0	0	0	0	0	0	0	0	0	0	0	0	0	0	0	0	0	-60.9021869	586.8625046	-16.28686471	0.82950242	0	-0.18479553	0	0.97594093	0
1.689	0	0	0	0	0	0	0	0	0	0	0	0	0	0	0	0	0	0	0	0	0	0	0	0	0	0	0	-60.29583102	585.36279174	-16.31782654	0.8299479400000001	0	-0.18463894	0	0.98268815	0
1.69	0	0	0	0	0	0	0	0	0	0	0	0	0	0	0	0	0	0	0	0	0	0	0	0	0	0	0	-59.69065863	583.86120549	-16.34026619	0.83039737	0	-0.1844814	0	0.98867052	0
1.691	0	0	0	0	0	0	0	0	0	0	0	0	0	0	0	0	0	0	0	0	0	0	0	0	0	0	0	-59.08708127	582.35731489	-16.35472359	0.83085082	0	-0.18432276	0	0.99401164	0
1.692	0	0	0	0	0	0	0	0	0	0	0	0	0	0	0	0	0	0	0	0	0	0	0	0	0	0	0	-58.48550248	580.85062793	-16.36174815	0.83130845	0	-0.18416287	0	0.99883011	0
1.693	0	0	0	0	0	0	0	0	0	0	0	0	0	0	0	0	0	0	0	0	0	0	0	0	0	0	0	-57.88631599	579.34061077	-16.36189209	0.83177039	0	-0.1840016	0	1.00323825	0
1.694	0	0	0	0	0	0	0	0	0	0	0	0	0	0	0	0	0	0	0	0	0	0	0	0	0	0	0	-57.28990406	577.82670687	-16.35570454	0.83223677	0	-0.18383877	0	1.00734109	0
1.695	0	0	0	0	0	0	0	0	0	0	0	0	0	0	0	0	0	0	0	0	0	0	0	0	0	0	0	-56.69663596	576.30835581	-16.34372669	0.83270773	0	-0.18367424	0	1.01123582	0
1.696	0	0	0	0	0	0	0	0	0	0	0	0	0	0	0	0	0	0	0	0	0	0	0	0	0	0	0	-56.10686643	574.78501142	-16.32648761	0.83318341	0	-0.18350787	0	1.01501157	0
1.697	0	0	0	0	0	0	0	0	0	0	0	0	0	0	0	0	0	0	0	0	0	0	0	0	0	0	0	-55.52093421	573.25615891	-16.30450104	0.83366392	0	-0.18333951	0	1.01874968	0
1.698	0	0	0	0	0	0	0	0	0	0	0	0	0	0	0	0	0	0	0	0	0	0	0	0	0	0	0	-54.93916069	571.72133079	-16.27826288	0.83414936	0	-0.18316903	0	1.02252422	0
1.699	0	0	0	0	0	0	0	0	0	0	0	0	0	0	0	0	0	0	0	0	0	0	0	0	0	0	0	-54.36184852	570.18012118	-16.2482495	0.83463981	0	-0.1829963	0	1.02640294	0
1.7	0	0	0	0	0	0	0	0	0	0	0	0	0	0	0	0	0	0	0	0	0	0	0	0	0	0	0	-53.78928039	568.63219846	-16.21491673	0.83513534	0	-0.1828212	0	1.03044839	0
1.701	0	0	0	0	0	0	0	0	0	0	0	0	0	0	0	0	0	0	0	0	0	0	0	0	0	0	0	-53.22171789	567.07731591	-16.17869942	0.8356359799999999	0	-0.18264364	0	1.03471932	0
1.702	0	0	0	0	0	0	0	0	0	0	0	0	0	0	0	0	0	0	0	0	0	0	0	0	0	0	0	-52.65940042	565.51532042	-16.14001171	0.83614174	0	-0.18246352	0	1.039272	0
1.703	0	0	0	0	0	0	0	0	0	0	0	0	0	0	0	0	0	0	0	0	0	0	0	0	0	0	0	-52.10254418	563.9461591	-16.09924763	0.8366526	0	-0.18228077	0	1.04416158	0
1.704	0	0	0	0	0	0	0	0	0	0	0	0	0	0	0	0	0	0	0	0	0	0	0	0	0	0	0	-51.55134124	562.36988377	-16.05678213	0.83716851	0	-0.18209534	0	1.04944324	0
1.705	0	0	0	0	0	0	0	0	0	0	0	0	0	0	0	0	0	0	0	0	0	0	0	0	0	0	0	-51.00595866	560.78665349	-16.01297247	0.8376894	0	-0.18190718	0	1.05517303	0
1.706	0	0	0	0	0	0	0	0	0	0	0	0	0	0	0	0	0	0	0	0	0	0	0	0	0	0	0	-50.46653761	559.19673511	-15.9681597	0.83821517	0	-0.18171629	0	1.06140832	0
1.707	0	0	0	0	0	0	0	0	0	0	0	0	0	0	0	0	0	0	0	0	0	0	0	0	0	0	0	-49.93319259	557.60050188	-15.92267031	0.83874568	0	-0.18152267	0	1.06820779	0
1.708	0	0	0	0	0	0	0	0	0	0	0	0	0	0	0	0	0	0	0	0	0	0	0	0	0	0	0	-49.40601063	555.99843059	-15.87681782	0.8392807799999999	0	-0.18132635	0	1.07563094	0
1.709	0	0	0	0	0	0	0	0	0	0	0	0	0	0	0	0	0	0	0	0	0	0	0	0	0	0	0	-48.88505063	554.39109712	-15.83090428	0.8398203	0	-0.18112738	0	1.0837371	0
1.71	0	0	0	0	0	0	0	0	0	0	0	0	0	0	0	0	0	0	0	0	0	0	0	0	0	0	0	-48.37034268	552.77917098	-15.78522168	0.84036403	0	-0.18092584	0	1.09258396	0
1.711	0	0	0	0	0	0	0	0	0	0	0	0	0	0	0	0	0	0	0	0	0	0	0	0	0	0	0	-47.86188748	551.16340884	-15.74005306	0.84091175	0	-0.18072182	0	1.10222571	0
1.712	0	0	0	0	0	0	0	0	0	0	0	0	0	0	0	0	0	0	0	0	0	0	0	0	0	0	0	-47.35965588	549.54464759	-15.69567348	0.84146323	0	-0.18051544	0	1.11271081	0
1.713	0	0	0	0	0	0	0	0	0	0	0	0	0	0	0	0	0	0	0	0	0	0	0	0	0	0	0	-46.86358857	547.92379693	-15.65235073	0.84201822	0	-0.18030685	0	1.1240796	0
1.714	0	0	0	0	0	0	0	0	0	0	0	0	0	0	0	0	0	0	0	0	0	0	0	0	0	0	0	-46.37359599	546.30183193	-15.61034578	0.84257644	0	-0.18009622	0	1.13636172	0
1.715	0	0	0	0	0	0	0	0	0	0	0	0	0	0	0	0	0	0	0	0	0	0	0	0	0	0	0	-45.88955857	544.67978543	-15.56991286	0.84313761	0	-0.17988373	0	1.14957359	0
1.716	0	0	0	0	0	0	0	0	0	0	0	0	0	0	0	0	0	0	0	0	0	0	0	0	0	0	0	-45.41132737	543.05874036	-15.5312993	0.84370144	0	-0.17966959	0	1.16371607	0
1.717	0	0	0	0	0	0	0	0	0	0	0	0	0	0	0	0	0	0	0	0	0	0	0	0	0	0	0	-44.93872524	541.4398219	-15.4947449	0.84426764	0	-0.17945403	0	1.17877239	0
1.718	0	0	0	0	0	0	0	0	0	0	0	0	0	0	0	0	0	0	0	0	0	0	0	0	0	0	0	-44.47154854	539.82418932	-15.46048087	0.84483588	0	-0.17923728	0	1.19470648	0
1.719	0	0	0	0	0	0	0	0	0	0	0	0	0	0	0	0	0	0	0	0	0	0	0	0	0	0	0	-44.00956956	538.21302755	-15.42872825	0.84540584	0	-0.17901961	0	1.21146183	0
1.72	0	0	0	0	0	0	0	0	0	0	0	0	0	0	0	0	0	0	0	0	0	0	0	0	0	0	0	-43.55253958	536.60753848	-15.39969581	0.84597721	0	-0.17880126	0	1.22896097	0
1.721	0	0	0	0	0	0	0	0	0	0	0	0	0	0	0	0	0	0	0	0	0	0	0	0	0	0	0	-43.1001926	535.00893209	-15.3735773	0.84654964	0	-0.17858253	0	1.24710563	0
1.722	0	0	0	0	0	0	0	0	0	0	0	0	0	0	0	0	0	0	0	0	0	0	0	0	0	0	0	-42.6522497	533.41841761	-15.35054829	0.8471228	0	-0.1783637	0	1.26577759	0
1.723	0	0	0	0	0	0	0	0	0	0	0	0	0	0	0	0	0	0	0	0	0	0	0	0	0	0	0	-42.20842395	531.83719469	-15.33076248	0.84769636	0	-0.17814505	0	1.28484029	0
1.724	0	0	0	0	0	0	0	0	0	0	0	0	0	0	0	0	0	0	0	0	0	0	0	0	0	0	0	-41.76842575	530.26644488	-15.31434775	0.84826997	0	-0.17792688	0	1.30414113	0
1.725	0	0	0	0	0	0	0	0	0	0	0	0	0	0	0	0	0	0	0	0	0	0	0	0	0	0	0	-41.33196869	528.7073234	-15.3014021	0.84884329	0	-0.17770948	0	1.32351449	0
1.726	0	0	0	0	0	0	0	0	0	0	0	0	0	0	0	0	0	0	0	0	0	0	0	0	0	0	0	-40.89877554	527.1609512	-15.29198961	0.84941601	0	-0.17749313	-0	1.34278523	0
1.727	0	0	0	0	0	0	0	0	0	0	0	0	0	0	0	0	0	0	0	0	0	0	0	0	0	0	0	-40.46858447	525.6284075900001	-15.28613671	0.84998778	0	-0.17727812	-0	1.36177279	0
1.728	0	0	0	0	0	0	0	0	0	0	0	0	0	0	0	0	0	0	0	0	0	0	0	0	0	0	0	-40.04115522	524.1107233	-15.28382882	0.8505582900000001	0	-0.17706473	-0	1.38029538	0
1.729	0	0	0	0	0	0	0	0	0	0	0	0	0	0	0	0	0	0	0	0	0	0	0	0	0	0	0	-39.61627503	522.60887421	-15.28500748	0.85112721	0	-0.1768532	-0	1.39817453	0
1.73	0	0	0	0	0	0	0	0	0	0	0	0	0	0	0	0	0	0	0	0	0	0	0	0	0	0	0	-39.19376407	521.12377573	-15.28956824	0.85169426	0	-0.1766438	-0	1.41523953	0
1.731	0	0	0	0	0	0	0	0	0	0	0	0	0	0	0	0	0	0	0	0	0	0	0	0	0	0	0	-38.7734803	519.6562778799999	-15.29735915	0.85225912	0	-0.17643675	-0	1.43133175	0
1.732	0	0	0	0	0	0	0	0	0	0	0	0	0	0	0	0	0	0	0	0	0	0	0	0	0	0	0	-38.35532349	518.20716097	-15.30818006	0.85282153	0	-0.17623227	-0	1.44630869	0
1.733	0	0	0	0	0	0	0	0	0	0	0	0	0	0	0	0	0	0	0	0	0	0	0	0	0	0	0	-37.93923828	516.77713189	-15.32178274	0.8533812200000001	0	-0.17603054	-0	1.46004761	0
1.734	0	0	0	0	0	0	0	0	0	0	0	0	0	0	0	0	0	0	0	0	0	0	0	0	0	0	0	-37.52521627	515.36682104	-15.3378718	0.85393793	0	-0.17583174	-0	1.47244863	0
1.735	0	0	0	0	0	0	0	0	0	0	0	0	0	0	0	0	0	0	0	0	0	0	0	0	0	0	0	-37.11329697	513.97677966	-15.35610646	0.85449144	0	-0.17563601	-0	1.48343726	0
1.736	0	0	0	0	0	0	0	0	0	0	0	0	0	0	0	0	0	0	0	0	0	0	0	0	0	0	0	-36.7035677	512.60747772	-15.37610322	0.85504153	0	-0.17544347	-0	1.49296629	0
1.737	0	0	0	0	0	0	0	0	0	0	0	0	0	0	0	0	0	0	0	0	0	0	0	0	0	0	0	-36.29616243	511.25930216	-15.39743942	0.85558802	0	-0.17525422	-0	1.50101694	0
1.738	0	0	0	0	0	0	0	0	0	0	0	0	0	0	0	0	0	0	0	0	0	0	0	0	0	0	0	-35.8912596	509.9325557	-15.41965766	0.85613072	0	-0.17506832	-0	1.50759947	0
1.739	0	0	0	0	0	0	0	0	0	0	0	0	0	0	0	0	0	0	0	0	0	0	0	0	0	0	0	-35.489079	508.62745603	-15.44227112	0.8566695	0	-0.17488581	-0	1.51275301	0
1.74	0	0	0	0	0	0	0	0	0	0	0	0	0	0	0	0	0	0	0	0	0	0	0	0	0	0	0	-35.08987777	507.3441356	-15.46476959	0.85720423	0	-0.17470672	-0	1.51654491	0
1.741	0	0	0	0	0	0	0	0	0	0	0	0	0	0	0	0	0	0	0	0	0	0	0	0	0	0	0	-34.69394559	506.082642	-15.48662623	0.85773482	0	-0.17453102	-0	1.51906943	0
1.742	0	0	0	0	0	0	0	0	0	0	0	0	0	0	0	0	0	0	0	0	0	0	0	0	0	0	0	-34.30159915	504.84293885	-15.50730476	0.85826121	0	-0.17435868	-0	1.52044604	0
1.743	0	0	0	0	0	0	0	0	0	0	0	0	0	0	0	0	0	0	0	0	0	0	0	0	0	0	0	-33.913176	503.62490742	-15.52626716	0.8587833499999999	0	-0.17418965	-0	1.52081722	0
1.744	0	0	0	0	0	0	0	0	0	0	0	0	0	0	0	0	0	0	0	0	0	0	0	0	0	0	0	-33.52902783	502.42834889	-15.54298145	0.85930123	0	-0.17402385	-0	1.52034599	0
1.745	0	0	0	0	0	0	0	0	0	0	0	0	0	0	0	0	0	0	0	0	0	0	0	0	0	0	0	-33.14951329	501.25298735	-15.55692959	0.85981486	0	-0.17386116	-0	1.51921306	0
1.746	0	0	0	0	0	0	0	0	0	0	0	0	0	0	0	0	0	0	0	0	0	0	0	0	0	0	0	-32.77499051	500.09847356	-15.56761515	0.86032429	0	-0.17370149	0	1.51761381	0
1.747	0	0	0	0	0	0	0	0	0	0	0	0	0	0	0	0	0	0	0	0	0	0	0	0	0	0	0	-32.40580928	498.9643894	-15.57457068	0.8608296	0	-0.1735447	0	1.51575498	0
1.748	0	0	0	0	0	0	0	0	0	0	0	0	0	0	0	0	0	0	0	0	0	0	0	0	0	0	0	-32.04230322	497.850253	-15.57736456	0.86133087	0	-0.17339065	0	1.51385117	0
1.749	0	0	0	0	0	0	0	0	0	0	0	0	0	0	0	0	0	0	0	0	0	0	0	0	0	0	0	-31.68478191	496.75552457	-15.57560716	0.86182822	0	-0.17323921	0	1.51212117	0
1.75	0	0	0	0	0	0	0	0	0	0	0	0	0	0	0	0	0	0	0	0	0	0	0	0	0	0	0	-31.33352329	495.67961301	-15.56895623	0.8623218	0	-0.17309021	0	1.51078411	0
1.751	0	0	0	0	0	0	0	0	0	0	0	0	0	0	0	0	0	0	0	0	0	0	0	0	0	0	0	-30.98876626	494.62188322	-15.55712139	0.86281178	0	-0.17294352	0	1.51005552	-0
1.752	0	0	0	0	0	0	0	0	0	0	0	0	0	0	0	0	0	0	0	0	0	0	0	0	0	0	0	-30.65070392	493.58166427	-15.53986763	0.86329833	0	-0.172799	0	1.51014331	-0
1.753	0	0	0	0	0	0	0	0	0	0	0	0	0	0	0	0	0	0	0	0	0	0	0	0	0	0	0	-30.31947728	492.55825839	-15.51701779	0.86378166	0	-0.17265651	0	1.51124378	-0
1.754	0	0	0	0	0	0	0	0	0	0	0	0	0	0	0	0	0	0	0	0	0	0	0	0	0	0	0	-29.99516987	491.55095077	-15.48845398	0.86426198	0	-0.17251594	0	1.5135378	-0
1.755	0	0	0	0	0	0	0	0	0	0	0	0	0	0	0	0	0	0	0	0	0	0	0	0	0	0	0	-29.67780323	490.55901998	-15.45411793	0.86473951	0	-0.17237717	0	1.51718708	-0
1.756	0	0	0	0	0	0	0	0	0	0	0	0	0	0	0	0	0	0	0	0	0	0	0	0	0	0	0	-29.36733362	489.58174896	-15.41401037	0.86521448	0	-0.17224011	0	1.52233098	-0
1.757	0	0	0	0	0	0	0	0	0	0	0	0	0	0	0	0	0	0	0	0	0	0	0	0	0	0	0	-29.06364994	488.61843627	-15.36818942	0.86568712	0	-0.1721047	0	1.52908356	-0
1.758	0	0	0	0	0	0	0	0	0	0	0	0	0	0	0	0	0	0	0	0	0	0	0	0	0	0	0	-28.7665732	487.66840738	-15.31676822	0.86615765	0	-0.17197088	0	1.53753128	-0
1.759	0	0	0	0	0	0	0	0	0	0	0	0	0	0	0	0	0	0	0	0	0	0	0	0	0	0	0	-28.4758575	486.73102562	-15.25991181	0.8666263	0	-0.17183861	0	1.5477312	-0
1.76	0	0	0	0	0	0	0	0	0	0	0	0	0	0	0	0	0	0	0	0	0	0	0	0	0	0	0	-28.19119264	485.80570257	-15.1978335	0.86709326	0	-0.17170788	0	1.55970986	-0
1.761	0	0	0	0	0	0	0	0	0	0	0	0	0	0	0	0	0	0	0	0	0	0	0	0	0	0	0	-27.9122083	484.89190752	-15.13079069	0.86755874	0	-0.17157872	0	1.57346286	-0
1.762	0	0	0	0	0	0	0	0	0	0	0	0	0	0	0	0	0	0	0	0	0	0	0	0	0	0	0	-27.63847963	483.98917586	-15.05908042	0.86802289	0	-0.17145115	0	1.58895501	-0
1.763	0	0	0	0	0	0	0	0	0	0	0	0	0	0	0	0	0	0	0	0	0	0	0	0	0	0	0	-27.36953412	483.09711599	-14.9830346	0.86848587	0	-0.17132522	0	1.60612118	-0
1.764	0	0	0	0	0	0	0	0	0	0	0	0	0	0	0	0	0	0	0	0	0	0	0	0	0	0	0	-27.10485941	482.21541475	-14.903015	0.86894781	0	-0.17120102	0	1.62486779	-0
1.765	0	0	0	0	0	0	0	0	0	0	0	0	0	0	0	0	0	0	0	0	0	0	0	0	0	0	0	-26.84391187	481.34384118	-14.8194081	0.86940879	0	-0.17107864	0	1.64507482	-0
1.766	0	0	0	0	0	0	0	0	0	0	0	0	0	0	0	0	0	0	0	0	0	0	0	0	0	0	0	-26.5861253	480.48224849	-14.73261983	0.86986888	0	-0.17095818	0	1.6665983	0
1.767	0	0	0	0	0	0	0	0	0	0	0	0	0	0	0	0	0	0	0	0	0	0	0	0	0	0	0	-26.33091993	479.63057443	-14.64307018	0.87032812	0	-0.17083978	0	1.68927315	0
1.768	0	0	0	0	0	0	0	0	0	0	0	0	0	0	0	0	0	0	0	0	0	0	0	0	0	0	0	-26.07771094	478.78884002	-14.55118781	0.87078651	0	-0.17072358	0	1.71291643	0
1.769	0	0	0	0	0	0	0	0	0	0	0	0	0	0	0	0	0	0	0	0	0	0	0	0	0	0	0	-25.82591681	477.95714678	-14.4574047	0.8712440299999999	0	-0.17060971	0	1.73733071	0
1.77	0	0	0	0	0	0	0	0	0	0	0	0	0	0	0	0	0	0	0	0	0	0	0	0	0	0	0	-25.57496703	477.13567267	-14.36215089	0.87170063	0	-0.17049836	0	1.76230767	0
1.771	0	0	0	0	0	0	0	0	0	0	0	0	0	0	0	0	0	0	0	0	0	0	0	0	0	0	0	-25.32430929	476.3246668	-14.26584947	0.87215622	0	-0.17038966	0	1.78763174	0
1.772	0	0	0	0	0	0	0	0	0	0	0	0	0	0	0	0	0	0	0	0	0	0	0	0	0	0	0	-25.07341622	475.52444314	-14.16891195	0.87261069	0	-0.17028379	0	1.81308371	0
1.773	0	0	0	0	0	0	0	0	0	0	0	0	0	0	0	0	0	0	0	0	0	0	0	0	0	0	0	-24.82179153	474.73537352	-14.0717341	0.8730639100000001	0	-0.17018091	-0	1.83844438	0
1.774	0	0	0	0	0	0	0	0	0	0	0	0	0	0	0	0	0	0	0	0	0	0	0	0	0	0	0	-24.56897567	473.95788	-13.97469242	0.8735157099999999	0	-0.17008117	-0	1.863498	0
1.775	0	0	0	0	0	0	0	0	0	0	0	0	0	0	0	0	0	0	0	0	0	0	0	0	0	0	0	-24.31455082	473.19242685	-13.87814131	0.87396592	0	-0.16998474	-0	1.88803559	0
1.776	0	0	0	0	0	0	0	0	0	0	0	0	0	0	0	0	0	0	0	0	0	0	0	0	0	0	0	-24.0581452	472.43951238	-13.78241091	0.87441433	0	-0.16989176	-0	1.91185812	0
1.777	0	0	0	0	0	0	0	0	0	0	0	0	0	0	0	0	0	0	0	0	0	0	0	0	0	0	0	-23.79943657	471.69966063	-13.68780567	0.87486072	0	-0.16980238	-0	1.9347794	0
1.778	0	0	0	0	0	0	0	0	0	0	0	0	0	0	0	0	0	0	0	0	0	0	0	0	0	0	0	-23.53815482	470.97341309	-13.59460357	0.87530488	0	-0.16971671	-0	1.95662877	0
1.779	0	0	0	0	0	0	0	0	0	0	0	0	0	0	0	0	0	0	0	0	0	0	0	0	0	0	0	-23.27408371	470.26132048	-13.50305595	0.87574654	0	-0.16963489	-0	1.97725351	0
1.78	0	0	0	0	0	0	0	0	0	0	0	0	0	0	0	0	0	0	0	0	0	0	0	0	0	0	0	-23.00706159	469.56393468	-13.41338781	0.87618548	0	-0.16955702	-0	1.99652092	0
1.781	0	0	0	0	0	0	0	0	0	0	0	0	0	0	0	0	0	0	0	0	0	0	0	0	0	0	0	-22.73698134	468.88180084	-13.32579872	0.87662142	0	-0.1694832	-0	2.01432009	0
1.782	0	0	0	0	0	0	0	0	0	0	0	0	0	0	0	0	0	0	0	0	0	0	0	0	0	0	0	-22.46378932	468.2154497	-13.24046411	0.87705412	0	-0.16941352	-0	2.03056327	0
1.783	0	0	0	0	0	0	0	0	0	0	0	0	0	0	0	0	0	0	0	0	0	0	0	0	0	0	0	-22.18748364	467.56539033	-13.15753713	0.87748333	0	-0.16934806	-0	2.04518688	0
1.784	0	0	0	0	0	0	0	0	0	0	0	0	0	0	0	0	0	0	0	0	0	0	0	0	0	0	0	-21.90811163	466.93210314	-13.07715098	0.8779087800000001	0	-0.16928689	-0	2.05815205	0
1.785	0	0	0	0	0	0	0	0	0	0	0	0	0	0	0	0	0	0	0	0	0	0	0	0	0	0	0	-21.62576675	466.31603337	-12.99942167	0.87833023	0	-0.16923007	-0	2.06944478	0
1.786	0	0	0	0	0	0	0	0	0	0	0	0	0	0	0	0	0	0	0	0	0	0	0	0	0	0	0	-21.34058487	465.71758511	-12.92445118	0.87874746	0	-0.16917763	-0	2.07907569	0
1.787	0	0	0	0	0	0	0	0	0	0	0	0	0	0	0	0	0	0	0	0	0	0	0	0	0	0	0	-21.05274028	465.13711586	-12.85233078	0.87916024	0	-0.16912963	-0	2.08707943	-0
1.788	0	0	0	0	0	0	0	0	0	0	0	0	0	0	0	0	0	0	0	0	0	0	0	0	0	0	0	-20.76244117	464.57493174	-12.78314443	0.87956836	0	-0.16908609	-0	2.09351366	-0
1.789	0	0	0	0	0	0	0	0	0	0	0	0	0	0	0	0	0	0	0	0	0	0	0	0	0	0	0	-20.46992506	464.0312834	-12.71697204	0.8799716400000001	0	-0.16904703	-0	2.09845779	-0
1.79	0	0	0	0	0	0	0	0	0	0	0	0	0	0	0	0	0	0	0	0	0	0	0	0	0	0	0	-20.17545401	463.50636264	-12.65389247	0.88036989	0	-0.16901247	-0	2.10201136	-0
1.791	0	0	0	0	0	0	0	0	0	0	0	0	0	0	0	0	0	0	0	0	0	0	0	0	0	0	0	-19.87930983	463.00029978	-12.59398606	0.88076298	0	-0.16898242	-0	2.10429207	-0
1.792	0	0	0	0	0	0	0	0	0	0	0	0	0	0	0	0	0	0	0	0	0	0	0	0	0	0	0	-19.58178949	462.51316176	-12.53733678	0.88115077	0	-0.16895686	-0	2.10543352	-0
1.793	0	0	0	0	0	0	0	0	0	0	0	0	0	0	0	0	0	0	0	0	0	0	0	0	0	0	0	-19.28320069	462.04495098	-12.48403373	0.88153315	0	-0.16893581	-0	2.1055826	-0
1.794	0	0	0	0	0	0	0	0	0	0	0	0	0	0	0	0	0	0	0	0	0	0	0	0	0	0	0	-18.98385782	461.59560481	-12.43417217	0.8819100600000001	0	-0.16891924	-0	2.10489666	-0
1.795	0	0	0	0	0	0	0	0	0	0	0	0	0	0	0	0	0	0	0	0	0	0	0	0	0	0	0	-18.68407813	461.16499577	-12.38785387	0.88228143	0	-0.16890713	-0	2.1035404	-0
1.796	0	0	0	0	0	0	0	0	0	0	0	0	0	0	0	0	0	0	0	0	0	0	0	0	0	0	0	-18.38417842	460.75293228	-12.34518691	0.8826472400000001	0	-0.16889946	-0	2.1016826	-0
1.797	0	0	0	0	0	0	0	0	0	0	0	0	0	0	0	0	0	0	0	0	0	0	0	0	0	0	0	-18.08447178	460.35915998	-12.30628494	0.88300749	0	-0.1688962	-0	2.09949285	-0
1.798	0	0	0	0	0	0	0	0	0	0	0	0	0	0	0	0	0	0	0	0	0	0	0	0	0	0	0	-17.78526458	459.98336354	-12.27126582	0.88336221	0	-0.16889731	-0	2.09713823	-0
1.799	0	0	0	0	0	0	0	0	0	0	0	0	0	0	0	0	0	0	0	0	0	0	0	0	0	0	0	-17.48685345	459.62516901	-12.24024987	0.88371145	0	-0.16890274	-0	2.09478017	-0
1.8	0	0	0	0	0	0	0	0	0	0	0	0	0	0	0	0	0	0	0	0	0	0	0	0	0	0	0	-17.18952225	459.28414675	-12.21335776	0.88405531	0	-0.16891245	0	2.09257153	-0
1.801	0	0	0	0	0	0	0	0	0	0	0	0	0	0	0	0	0	0	0	0	0	0	0	0	0	0	0	-16.89353895	458.95981473	-12.19070809	0.88439389	0	-0.16892638	0	2.09065394	-0
1.802	0	0	0	0	0	0	0	0	0	0	0	0	0	0	0	0	0	0	0	0	0	0	0	0	0	0	0	-16.59915252	458.65164252	-12.17241472	0.88472734	0	-0.16894446	0	2.0891555	-0
1.803	0	0	0	0	0	0	0	0	0	0	0	0	0	0	0	0	0	0	0	0	0	0	0	0	0	0	0	-16.30658984	458.35905555	-12.15858404	0.88505581	0	-0.16896662	0	2.08818889	-0
1.804	0	0	0	0	0	0	0	0	0	0	0	0	0	0	0	0	0	0	0	0	0	0	0	0	0	0	0	-16.01605281	458.08143995	-12.14931207	0.88537951	0	-0.16899278	0	2.0878499	-0
1.805	0	0	0	0	0	0	0	0	0	0	0	0	0	0	0	0	0	0	0	0	0	0	0	0	0	0	0	-15.72771565	457.81814775	-12.14468159	0.88569863	0	-0.16902285	0	2.08821643	-0
1.806	0	0	0	0	0	0	0	0	0	0	0	0	0	0	0	0	0	0	0	0	0	0	0	0	0	0	0	-15.44172271	457.56850251	-12.1447593	0.8860134200000001	0	-0.16905674	0	2.08934797	-0
1.807	0	0	0	0	0	0	0	0	0	0	0	0	0	0	0	0	0	0	0	0	0	0	0	0	0	0	0	-15.15818666	457.3318052	-12.14959318	0.88632412	0	-0.16909433	0	2.09128548	-0
1.808	0	0	0	0	0	0	0	0	0	0	0	0	0	0	0	0	0	0	0	0	0	0	0	0	0	0	0	-14.87718731	457.10734042	-12.15921003	0.88663099	0	-0.16913551	0	2.09405186	-0
1.809	0	0	0	0	0	0	0	0	0	0	0	0	0	0	0	0	0	0	0	0	0	0	0	0	0	0	0	-14.59877112	456.89438263	-12.17361345	0.88693431	0	-0.16918016	0	2.09765269	-0
1.81	0	0	0	0	0	0	0	0	0	0	0	0	0	0	0	0	0	0	0	0	0	0	0	0	0	0	0	-14.32295122	456.69220246	-12.19278219	0.88723437	0	-0.16922814	0	2.10207752	-0
1.811	0	0	0	0	0	0	0	0	0	0	0	0	0	0	0	0	0	0	0	0	0	0	0	0	0	0	0	-14.04970808	456.50007286	-12.21666901	0.88753146	0	-0.16927932	0	2.10730131	-0
1.812	0	0	0	0	0	0	0	0	0	0	0	0	0	0	0	0	0	0	0	0	0	0	0	0	0	0	0	-13.77899065	456.31727504	-12.24520006	0.88782587	0	-0.16933356	0	2.11328622	-0
1.813	0	0	0	0	0	0	0	0	0	0	0	0	0	0	0	0	0	0	0	0	0	0	0	0	0	0	0	-13.51071782	456.14310416	-12.27827476	0.8881179	0	-0.16939068	0	2.1199836	-0
1.814	0	0	0	0	0	0	0	0	0	0	0	0	0	0	0	0	0	0	0	0	0	0	0	0	0	0	0	-13.24478019	455.97687465	-12.31576611	0.88840783	0	-0.16945056	0	2.12733605	-0
1.815	0	0	0	0	0	0	0	0	0	0	0	0	0	0	0	0	0	0	0	0	0	0	0	0	0	0	0	-12.98104196	455.81792519	-12.35752158	0.88869597	0	-0.16951301	0	2.1352796	-0
1.816	0	0	0	0	0	0	0	0	0	0	0	0	0	0	0	0	0	0	0	0	0	0	0	0	0	0	0	-12.71934303	455.6656234	-12.40336444	0.88898258	0	-0.16957788	0	2.14374586	-0
1.817	0	0	0	0	0	0	0	0	0	0	0	0	0	0	0	0	0	0	0	0	0	0	0	0	0	0	0	-12.45950113	455.51936996	-12.45309555	0.88926795	0	-0.16964502	0	2.15266418	-0
1.818	0	0	0	0	0	0	0	0	0	0	0	0	0	0	0	0	0	0	0	0	0	0	0	0	0	0	0	-12.20131411	455.37860249	-12.50649582	0.88955232	0	-0.16971426	0	2.16196372	-0
1.819	0	0	0	0	0	0	0	0	0	0	0	0	0	0	0	0	0	0	0	0	0	0	0	0	0	0	0	-11.94456231	455.24279893	-12.56332906	0.88983596	0	-0.16978544	0	2.17157535	-0
1.82	0	0	0	0	0	0	0	0	0	0	0	0	0	0	0	0	0	0	0	0	0	0	0	0	0	0	0	-11.68901112	455.11148044	-12.62334546	0.89011909	0	-0.16985843	0	2.18143346	-0
1.821	0	0	0	0	0	0	0	0	0	0	0	0	0	0	0	0	0	0	0	0	0	0	0	0	0	0	0	-11.43441354	454.98421392	-12.68628541	0.89040193	0	-0.16993307	0	2.19147758	-0
1.822	0	0	0	0	0	0	0	0	0	0	0	0	0	0	0	0	0	0	0	0	0	0	0	0	0	0	0	-11.18051279	454.8606141	-12.75188362	0.8906846899999999	0	-0.17000925	0	2.20165376	-0
1.823	0	0	0	0	0	0	0	0	0	0	0	0	0	0	0	0	0	0	0	0	0	0	0	0	0	0	0	-10.92704483	454.74034521	-12.81987338	0.89096754	0	-0.17008684	0	2.21191584	-0
1.824	0	0	0	0	0	0	0	0	0	0	0	0	0	0	0	0	0	0	0	0	0	0	0	0	0	0	0	-10.67374065	454.6231222	-12.88999066	0.89125066	0	-0.17016574	0	2.22222635	-0
1.825	0	0	0	0	0	0	0	0	0	0	0	0	0	0	0	0	0	0	0	0	0	0	0	0	0	0	0	-10.42032837	454.50871152	-12.96197812	0.8915342000000001	0	-0.17024586	0	2.23255738	0
1.826	0	0	0	0	0	0	0	0	0	0	0	0	0	0	0	0	0	0	0	0	0	0	0	0	0	0	0	-10.16653494	454.39693143	-13.0355886	0.89181827	0	-0.17032713	0	2.24289102	0
1.827	0	0	0	0	0	0	0	0	0	0	0	0	0	0	0	0	0	0	0	0	0	0	0	0	0	0	0	-9.91208774	454.28765168	-13.11058843	0.89210298	0	-0.17040951	0	2.25321973	0
1.828	0	0	0	0	0	0	0	0	0	0	0	0	0	0	0	0	0	0	0	0	0	0	0	0	0	0	0	-9.656715889999999	454.18079266	-13.18676029	0.89238842	0	-0.17049294	-0	2.2635464	0
1.829	0	0	0	0	0	0	0	0	0	0	0	0	0	0	0	0	0	0	0	0	0	0	0	0	0	0	0	-9.400151620000001	454.07632375	-13.26390571	0.89267464	0	-0.17057741	-0	2.27388417	0
1.83	0	0	0	0	0	0	0	0	0	0	0	0	0	0	0	0	0	0	0	0	0	0	0	0	0	0	0	-9.142131579999999	453.974261	-13.34184734	0.89296169	0	-0.17066292	-0	2.28425608	0
1.831	0	0	0	0	0	0	0	0	0	0	0	0	0	0	0	0	0	0	0	0	0	0	0	0	0	0	0	-8.88239853	453.87466398	-13.42043078	0.89324959	0	-0.17074947	-0	2.29469445	0
1.832	0	0	0	0	0	0	0	0	0	0	0	0	0	0	0	0	0	0	0	0	0	0	0	0	0	0	0	-8.62070312	453.77763184	-13.49952613	0.89353834	0	-0.17083711	-0	2.30524011	0
1.833	0	0	0	0	0	0	0	0	0	0	0	0	0	0	0	0	0	0	0	0	0	0	0	0	0	0	0	-8.356806199999999	453.68329862	-13.57902926	0.89382792	0	-0.17092585	-0	2.31594146	0
1.834	0	0	0	0	0	0	0	0	0	0	0	0	0	0	0	0	0	0	0	0	0	0	0	0	0	0	0	-8.090481390000001	453.59182779	-13.65886277	0.89411829	0	-0.17101577	-0	2.32685335	0
1.835	0	0	0	0	0	0	0	0	0	0	0	0	0	0	0	0	0	0	0	0	0	0	0	0	0	0	0	-7.82151823	453.50340627	-13.73897665	0.89440942	0	-0.17110693	-0	2.3380358	0
1.836	0	0	0	0	0	0	0	0	0	0	0	0	0	0	0	0	0	0	0	0	0	0	0	0	0	0	0	-7.54972546	453.41823789	-13.81934878	0.89470125	0	-0.17119939	-0	2.34955274	0
1.837	0	0	0	0	0	0	0	0	0	0	0	0	0	0	0	0	0	0	0	0	0	0	0	0	0	0	0	-7.27493472	453.33653653	-13.89998501	0.8949937100000001	0	-0.17129324	-0	2.36147046	0
1.838	0	0	0	0	0	0	0	0	0	0	0	0	0	0	0	0	0	0	0	0	0	0	0	0	0	0	0	-6.99700425	453.2585192	-13.98091905	0.89528673	0	-0.17138856	-0	2.37385625	0
1.839	0	0	0	0	0	0	0	0	0	0	0	0	0	0	0	0	0	0	0	0	0	0	0	0	0	0	0	-6.71582253	453.18439922	-14.06221193	0.89558024	0	-0.17148543	-0	2.38677688	0
1.84	0	0	0	0	0	0	0	0	0	0	0	0	0	0	0	0	0	0	0	0	0	0	0	0	0	0	0	-6.43131161	453.11437981	-14.14395096	0.89587418	0	-0.17158393	-0	2.40029729	-0
1.841	0	0	0	0	0	0	0	0	0	0	0	0	0	0	0	0	0	0	0	0	0	0	0	0	0	0	0	-6.14343002	453.04864814	-14.22624828	0.89616847	0	-0.17168415	-0	2.41447925	-0
1.842	0	0	0	0	0	0	0	0	0	0	0	0	0	0	0	0	0	0	0	0	0	0	0	0	0	0	0	-5.85217491	452.98737017	-14.30923865	0.89646306	0	-0.17178617	-0	2.42938034	-0
1.843	0	0	0	0	0	0	0	0	0	0	0	0	0	0	0	0	0	0	0	0	0	0	0	0	0	0	0	-5.55758333	452.93068622	-14.39307688	0.8967579	0	-0.17189005	-0	2.44505287	-0
1.844	0	0	0	0	0	0	0	0	0	0	0	0	0	0	0	0	0	0	0	0	0	0	0	0	0	0	0	-5.25973242	452.87870743	-14.47793445	0.89705296	0	-0.17199585	-0	2.4615431	-0
1.845	0	0	0	0	0	0	0	0	0	0	0	0	0	0	0	0	0	0	0	0	0	0	0	0	0	0	0	-4.95873847	452.83151303	-14.5639958	0.8973482	0	-0.17210365	-0	2.47889047	-0
1.846	0	0	0	0	0	0	0	0	0	0	0	0	0	0	0	0	0	0	0	0	0	0	0	0	0	0	0	-4.65475462	452.78914858	-14.65145405	0.89764361	0	-0.17221348	-0	2.49712696	-0
1.847	0	0	0	0	0	0	0	0	0	0	0	0	0	0	0	0	0	0	0	0	0	0	0	0	0	0	0	-4.3479675	452.7516249	-14.74050636	0.8979392	0	-0.17232538	-0	2.51627659	-0
1.848	0	0	0	0	0	0	0	0	0	0	0	0	0	0	0	0	0	0	0	0	0	0	0	0	0	0	0	-4.03859263	452.71891794	-14.83134901	0.89823497	0	-0.17243939	-0	2.53635499	-0
1.849	0	0	0	0	0	0	0	0	0	0	0	0	0	0	0	0	0	0	0	0	0	0	0	0	0	0	0	-3.72686895	452.69096926	-14.92417239	0.8985309500000001	0	-0.17255552	-0	2.55736902	-0
1.85	0	0	0	0	0	0	0	0	0	0	0	0	0	0	0	0	0	0	0	0	0	0	0	0	0	0	0	-3.41305259	452.66768727	-15.01915591	0.89882719	0	-0.17267378	-0	2.57931656	-0
1.851	0	0	0	0	0	0	0	0	0	0	0	0	0	0	0	0	0	0	0	0	0	0	0	0	0	0	0	-3.09741021	452.64894897	-15.11646328	0.89912372	0	-0.17279418	-0	2.6021863	-0
1.852	0	0	0	0	0	0	0	0	0	0	0	0	0	0	0	0	0	0	0	0	0	0	0	0	0	0	0	-2.78021223	452.63460212	-15.21623801	0.8994206	0	-0.17291672	-0	2.6259577	-0
1.853	0	0	0	0	0	0	0	0	0	0	0	0	0	0	0	0	0	0	0	0	0	0	0	0	0	0	0	-2.46172618	452.62446792	-15.31859955	0.8997179	0	-0.17304137	-0	2.65060096	-0
1.854	0	0	0	0	0	0	0	0	0	0	0	0	0	0	0	0	0	0	0	0	0	0	0	0	0	0	0	-2.1422105	452.61834378	-15.42364002	0.9000157	0	-0.17316811	-0	2.67607713	-0
1.855	0	0	0	0	0	0	0	0	0	0	0	0	0	0	0	0	0	0	0	0	0	0	0	0	0	0	0	-1.82190903	452.61600653	-15.53142174	0.90031407	0	-0.17329692	-0	2.70233824	-0
1.856	0	0	0	0	0	0	0	0	0	0	0	0	0	0	0	0	0	0	0	0	0	0	0	0	0	0	0	-1.5010464	452.6172156	-15.64197548	0.90061308	0	-0.17342775	-0	2.72932754	-0
1.857	0	0	0	0	0	0	0	0	0	0	0	0	0	0	0	0	0	0	0	0	0	0	0	0	0	0	0	-1.17982444	452.62171643	-15.75529969	0.9009128199999999	0	-0.17356057	-0	2.75697977	-0
1.858	0	0	0	0	0	0	0	0	0	0	0	0	0	0	0	0	0	0	0	0	0	0	0	0	0	0	0	-0.85841969	452.62924385	-15.87136048	0.90121337	0	-0.17369533	-0	2.78522158	-0
1.859	0	0	0	0	0	0	0	0	0	0	0	0	0	0	0	0	0	0	0	0	0	0	0	0	0	0	0	-0.53698216	452.63952544	-15.99009241	0.90151481	0	-0.17383198	0	2.8139719	-0
1.86	0	0	0	0	0	0	0	0	0	0	0	0	0	0	0	0	0	0	0	0	0	0	0	0	0	0	0	-0.21563504	452.65228489	-16.11140016	0.90181722	0	-0.17397047	0	2.84314247	-0
1.861	0	0	0	0	0	0	0	0	0	0	0	0	0	0	0	0	0	0	0	0	0	0	0	0	0	0	0	0.10552439	452.66724526	-16.23516079	0.90212067	0	-0.17411073	0	2.87263849	-0
1.862	0	0	0	0	0	0	0	0	0	0	0	0	0	0	0	0	0	0	0	0	0	0	0	0	0	0	0	0.42642307	452.68413219	-16.36122671	0.90242524	0	-0.17425272	0	2.9023593	-0
1.863	0	0	0	0	0	0	0	0	0	0	0	0	0	0	0	0	0	0	0	0	0	0	0	0	0	0	0	0.7470096899999999	452.70267693	-16.48942909	0.902731	0	-0.17439638	0	2.93219921	-0
1.864	0	0	0	0	0	0	0	0	0	0	0	0	0	0	0	0	0	0	0	0	0	0	0	0	0	0	0	1.06725157	452.72261923	-16.61958167	0.9030380099999999	0	-0.17454165	0	2.96204836	-0
1.865	0	0	0	0	0	0	0	0	0	0	0	0	0	0	0	0	0	0	0	0	0	0	0	0	0	0	0	1.38713124	452.74371009	-16.75148462	0.90334633	0	-0.17468847	0	2.99179383	-0
1.866	0	0	0	0	0	0	0	0	0	0	0	0	0	0	0	0	0	0	0	0	0	0	0	0	0	0	0	1.7066428	452.76571422	-16.88492852	0.90365602	0	-0.1748368	0	3.02132074	-0
1.867	0	0	0	0	0	0	0	0	0	0	0	0	0	0	0	0	0	0	0	0	0	0	0	0	0	0	0	2.02578813	452.78841248	-17.01969803	0.9039671500000001	0	-0.17498659	0	3.05051352	-0
1.868	0	0	0	0	0	0	0	0	0	0	0	0	0	0	0	0	0	0	0	0	0	0	0	0	0	0	0	2.34457332	452.81160396	-17.15557535	0.90427976	0	-0.17513779	0	3.0792573	-0
1.869	0	0	0	0	0	0	0	0	0	0	0	0	0	0	0	0	0	0	0	0	0	0	0	0	0	0	0	2.66300522	452.83510803	-17.29234325	0.9045939200000001	0	-0.17529036	0	3.10743932	-0
1.87	0	0	0	0	0	0	0	0	0	0	0	0	0	0	0	0	0	0	0	0	0	0	0	0	0	0	0	2.98108837	452.85876601	-17.42978762	0.90490968	0	-0.17544428	0	3.13495044	-0
1.871	0	0	0	0	0	0	0	0	0	0	0	0	0	0	0	0	0	0	0	0	0	0	0	0	0	0	0	3.29882228	452.88244277	-17.56769961	0.90522709	0	-0.1755995	0	3.16168658	-0
1.872	0	0	0	0	0	0	0	0	0	0	0	0	0	0	0	0	0	0	0	0	0	0	0	0	0	0	0	3.61619932	452.90602797	-17.70587717	0.90554622	0	-0.17575603	0	3.18755021	-0
1.873	0	0	0	0	0	0	0	0	0	0	0	0	0	0	0	0	0	0	0	0	0	0	0	0	0	0	0	3.93320306	452.92943716	-17.84412619	0.90586714	0	-0.17591383	0	3.21245177	-0
1.874	0	0	0	0	0	0	0	0	0	0	0	0	0	0	0	0	0	0	0	0	0	0	0	0	0	0	0	4.24980739	452.95261257	-17.9822612	0.9061899	0	-0.17607293	0	3.23631093	-0
1.875	0	0	0	0	0	0	0	0	0	0	0	0	0	0	0	0	0	0	0	0	0	0	0	0	0	0	0	4.56597622	452.97552371	-18.12010569	0.9065145999999999	0	-0.17623331	0	3.2590579	-0
1.876	0	0	0	0	0	0	0	0	0	0	0	0	0	0	0	0	0	0	0	0	0	0	0	0	0	0	0	4.88166396	452.99816781	-18.2574923	0.90684129	0	-0.17639502	0	3.28063446	-0
1.877	0	0	0	0	0	0	0	0	0	0	0	0	0	0	0	0	0	0	0	0	0	0	0	0	0	0	0	5.19681671	453.02057003	-18.39426282	0.90717008	0	-0.17655807	0	3.30099496	-0
1.878	0	0	0	0	0	0	0	0	0	0	0	0	0	0	0	0	0	0	0	0	0	0	0	0	0	0	0	5.51137401	453.04278346	-18.53026822	0.90750104	0	-0.1767225	0	3.32010709	-0
1.879	0	0	0	0	0	0	0	0	0	0	0	0	0	0	0	0	0	0	0	0	0	0	0	0	0	0	0	5.82527122	453.06488903	-18.6653687	0.9078342700000001	0	-0.17688838	0	3.33795258	-0
1.88	0	0	0	0	0	0	0	0	0	0	0	0	0	0	0	0	0	0	0	0	0	0	0	0	0	0	0	6.13844222	453.0869952	-18.79943382	0.90816987	0	-0.17705576	0	3.35452772	-0
1.881	0	0	0	0	0	0	0	0	0	0	0	0	0	0	0	0	0	0	0	0	0	0	0	0	0	0	0	6.4508225	453.10923755	-18.93234278	0.90850793	0	-0.17722471	0	3.36984379	-0
1.882	0	0	0	0	0	0	0	0	0	0	0	0	0	0	0	0	0	0	0	0	0	0	0	0	0	0	0	6.76235228	453.13177821	-19.06398477	0.90884856	0	-0.17739533	0	3.3839273	0
1.883	0	0	0	0	0	0	0	0	0	0	0	0	0	0	0	0	0	0	0	0	0	0	0	0	0	0	0	7.07297972	453.15480518	-19.19425949	0.90919186	0	-0.1775677	0	3.39682015	0
1.884	0	0	0	0	0	0	0	0	0	0	0	0	0	0	0	0	0	0	0	0	0	0	0	0	0	0	0	7.382664	453.17853162	-19.32307786	0.90953792	0	-0.17774192	0	3.40857952	0
1.885	0	0	0	0	0	0	0	0	0	0	0	0	0	0	0	0	0	0	0	0	0	0	0	0	0	0	0	7.69137817	453.20319506	-19.45036289	0.90988683	0	-0.17791811	0	3.41927772	0
1.886	0	0	0	0	0	0	0	0	0	0	0	0	0	0	0	0	0	0	0	0	0	0	0	0	0	0	0	7.99911176	453.22905666	-19.5760509	0.91023867	0	-0.17809638	0	3.42900159	0
1.887	0	0	0	0	0	0	0	0	0	0	0	0	0	0	0	0	0	0	0	0	0	0	0	0	0	0	0	8.305872969999999	453.25640038	-19.70009296	0.91059352	0	-0.17827684	0	3.43785184	0
1.888	0	0	0	0	0	0	0	0	0	0	0	0	0	0	0	0	0	0	0	0	0	0	0	0	0	0	0	8.61169054	453.28553227	-19.82245684	0.9109514399999999	0	-0.17845963	-0	3.44594198	0
1.889	0	0	0	0	0	0	0	0	0	0	0	0	0	0	0	0	0	0	0	0	0	0	0	0	0	0	0	8.916615090000001	453.31677962	-19.94312927	0.91131246	0	-0.17864488	-0	3.45339694	0
1.89	0	0	0	0	0	0	0	0	0	0	0	0	0	0	0	0	0	0	0	0	0	0	0	0	0	0	0	9.220719989999999	453.35049017	-20.06211872	0.91167661	0	-0.17883272	-0	3.46035138	0
1.891	0	0	0	0	0	0	0	0	0	0	0	0	0	0	0	0	0	0	0	0	0	0	0	0	0	0	0	9.524101610000001	453.38703115	-20.17945846	0.91204389	0	-0.17902328	-0	3.4669477	0
1.892	0	0	0	0	0	0	0	0	0	0	0	0	0	0	0	0	0	0	0	0	0	0	0	0	0	0	0	9.826878949999999	453.42678826	-20.29521001	0.91241427	0	-0.17921671	-0	3.47333369	0
1.893	0	0	0	0	0	0	0	0	0	0	0	0	0	0	0	0	0	0	0	0	0	0	0	0	0	0	0	10.12919262	453.47016439	-20.40946668	0.91278771	0	-0.17941313	-0	3.47966005	0
1.894	0	0	0	0	0	0	0	0	0	0	0	0	0	0	0	0	0	0	0	0	0	0	0	0	0	0	0	10.43120318	453.5175782	-20.52235698	0.91316411	0	-0.17961268	-0	3.48607756	0
1.895	0	0	0	0	0	0	0	0	0	0	0	0	0	0	0	0	0	0	0	0	0	0	0	0	0	0	0	10.73308895	453.56946233	-20.63404796	0.91354338	0	-0.17981549	-0	3.49273421	0
1.896	0	0	0	0	0	0	0	0	0	0	0	0	0	0	0	0	0	0	0	0	0	0	0	0	0	0	0	11.03504321	453.62626131	-20.74474787	0.91392535	0	-0.18002169	-0	3.4997722	0
1.897	0	0	0	0	0	0	0	0	0	0	0	0	0	0	0	0	0	0	0	0	0	0	0	0	0	0	0	11.33727112	453.68842916	-20.85470838	0.91430986	0	-0.1802314	-0	3.50732493	0
1.898	0	0	0	0	0	0	0	0	0	0	0	0	0	0	0	0	0	0	0	0	0	0	0	0	0	0	0	11.63998632	453.75642661	-20.96422584	0.91469668	0	-0.18044474	-0	3.51551402	0
1.899	0	0	0	0	0	0	0	0	0	0	0	0	0	0	0	0	0	0	0	0	0	0	0	0	0	0	0	11.94340741	453.83071801	-21.07364166	0.91508558	0	-0.18066182	-0	3.52444649	0
1.9	0	0	0	0	0	0	0	0	0	0	0	0	0	0	0	0	0	0	0	0	0	0	0	0	0	0	0	12.24775451	453.91176793	-21.18334161	0.91547626	0	-0.18088272	-0	3.53421213	0
1.901	0	0	0	0	0	0	0	0	0	0	0	0	0	0	0	0	0	0	0	0	0	0	0	0	0	0	0	12.55324602	454.00003757	-21.29375388	0.91586842	0	-0.18110754	-0	3.54488115	0
1.902	0	0	0	0	0	0	0	0	0	0	0	0	0	0	0	0	0	0	0	0	0	0	0	0	0	0	0	12.86009571	454.09598098	-21.40534608	0.9162617199999999	0	-0.18133636	-0	3.55650226	0
1.903	0	0	0	0	0	0	0	0	0	0	0	0	0	0	0	0	0	0	0	0	0	0	0	0	0	0	0	13.16851024	454.20004137	-21.51862089	0.9166558	0	-0.18156923	-0	3.56910111	0
1.904	0	0	0	0	0	0	0	0	0	0	0	0	0	0	0	0	0	0	0	0	0	0	0	0	0	0	0	13.47868723	454.31264733	-21.63411051	0.91705026	0	-0.1818062	-0	3.58267922	0
1.905	0	0	0	0	0	0	0	0	0	0	0	0	0	0	0	0	0	0	0	0	0	0	0	0	0	0	0	13.79081376	454.43420929	-21.75236993	0.9174447	0	-0.18204732	-0	3.59721339	0
1.906	0	0	0	0	0	0	0	0	0	0	0	0	0	0	0	0	0	0	0	0	0	0	0	0	0	0	0	14.10506555	454.56511602	-21.87396887	0.91783869	0	-0.18229261	-0	3.61265562	0
1.907	0	0	0	0	0	0	0	0	0	0	0	0	0	0	0	0	0	0	0	0	0	0	0	0	0	0	0	14.42160653	454.70573126	-21.99948258	0.91823182	0	-0.18254206	-0	3.62893357	-0
1.908	0	0	0	0	0	0	0	0	0	0	0	0	0	0	0	0	0	0	0	0	0	0	0	0	0	0	0	14.74058901	454.85639051	-22.12948142	0.91862364	0	-0.18279569	-0	3.64595148	-0
1.909	0	0	0	0	0	0	0	0	0	0	0	0	0	0	0	0	0	0	0	0	0	0	0	0	0	0	0	15.06215434	455.01739786	-22.26451931	0.91901373	0	-0.18305347	-0	3.66359167	-0
1.91	0	0	0	0	0	0	0	0	0	0	0	0	0	0	0	0	0	0	0	0	0	0	0	0	0	0	0	15.38643382	455.18902298	-22.40512113	0.91940165	0	-0.18331537	-0	3.68171643	-0
1.911	0	0	0	0	0	0	0	0	0	0	0	0	0	0	0	0	0	0	0	0	0	0	0	0	0	0	0	15.71354999	455.37149813	-22.55176925	0.91978699	0	-0.18358136	-0	3.70017045	-0
1.912	0	0	0	0	0	0	0	0	0	0	0	0	0	0	0	0	0	0	0	0	0	0	0	0	0	0	0	16.04361801	455.56501538	-22.70488945	0.92016937	0	-0.18385137	-0	3.71878355	-0
1.913	0	0	0	0	0	0	0	0	0	0	0	0	0	0	0	0	0	0	0	0	0	0	0	0	0	0	0	16.37674706	455.76972392	-22.86483643	0.92054842	0	-0.18412536	-0	3.73737385	-0
1.914	0	0	0	0	0	0	0	0	0	0	0	0	0	0	0	0	0	0	0	0	0	0	0	0	0	0	0	16.71304169	455.98572757	-23.03187937	0.92092379	0	-0.18440324	-0	3.75575117	-0
1.915	0	0	0	0	0	0	0	0	0	0	0	0	0	0	0	0	0	0	0	0	0	0	0	0	0	0	0	17.05260298	456.21308242	-23.20618763	0.92129519	0	-0.18468494	0	3.77372066	-0
1.916	0	0	0	0	0	0	0	0	0	0	0	0	0	0	0	0	0	0	0	0	0	0	0	0	0	0	0	17.39552952	456.45179484	-23.38781725	0.92166236	0	-0.18497038	0	3.79108665	-0
1.917	0	0	0	0	0	0	0	0	0	0	0	0	0	0	0	0	0	0	0	0	0	0	0	0	0	0	0	17.74191815	456.70181961	-23.57669813	0.9220250800000001	0	-0.18525945	0	3.8076566	-0
1.918	0	0	0	0	0	0	0	0	0	0	0	0	0	0	0	0	0	0	0	0	0	0	0	0	0	0	0	18.09186447	456.96305872	-23.7726226	0.92238319	0	-0.18555205	0	3.82324507	-0
1.919	0	0	0	0	0	0	0	0	0	0	0	0	0	0	0	0	0	0	0	0	0	0	0	0	0	0	0	18.44546315	457.23536066	-23.97523526	0.92273657	0	-0.18584808	0	3.83767785	-0
1.92	0	0	0	0	0	0	0	0	0	0	0	0	0	0	0	0	0	0	0	0	0	0	0	0	0	0	0	18.80280816	457.51852052	-24.1840246	0.92308516	0	-0.18614741	0	3.85079586	-0
1.921	0	0	0	0	0	0	0	0	0	0	0	0	0	0	0	0	0	0	0	0	0	0	0	0	0	0	0	19.16399277	457.81228104	-24.39831662	0.92342896	0	-0.18644994	0	3.86245912	-0
1.922	0	0	0	0	0	0	0	0	0	0	0	0	0	0	0	0	0	0	0	0	0	0	0	0	0	0	0	19.52910952	458.11633451	-24.61727073	0.92376801	0	-0.18675551	0	3.87255049	-0
1.923	0	0	0	0	0	0	0	0	0	0	0	0	0	0	0	0	0	0	0	0	0	0	0	0	0	0	0	19.8982501	458.43032563	-24.83987827	0.9241024	0	-0.18706401	0	3.8809791	-0
1.924	0	0	0	0	0	0	0	0	0	0	0	0	0	0	0	0	0	0	0	0	0	0	0	0	0	0	0	20.27150517	458.75385505	-25.06496405	0.92443229	0	-0.18737527	0	3.88768359	-0
1.925	0	0	0	0	0	0	0	0	0	0	0	0	0	0	0	0	0	0	0	0	0	0	0	0	0	0	0	20.64896431	459.08648357	-25.29119105	0.92475787	0	-0.18768916	0	3.89263475	-0
1.926	0	0	0	0	0	0	0	0	0	0	0	0	0	0	0	0	0	0	0	0	0	0	0	0	0	0	0	21.03071595	459.42773672	-25.51706877	0.92507936	0	-0.18800552	0	3.89583769	-0
1.927	0	0	0	0	0	0	0	0	0	0	0	0	0	0	0	0	0	0	0	0	0	0	0	0	0	0	0	21.41684753	459.7771096	-25.74096522	0.9253970500000001	0	-0.18832418	0	3.8973334	-0
1.928	0	0	0	0	0	0	0	0	0	0	0	0	0	0	0	0	0	0	0	0	0	0	0	0	0	0	0	21.80744591	460.13407177	-25.96112278	0.9257112199999999	0	-0.18864498	0	3.89719955	-0
1.929	0	0	0	0	0	0	0	0	0	0	0	0	0	0	0	0	0	0	0	0	0	0	0	0	0	0	0	22.202598	460.49807211	-26.17567776	0.92602221	0	-0.18896774	0	3.89555059	-0
1.93	0	0	0	0	0	0	0	0	0	0	0	0	0	0	0	0	0	0	0	0	0	0	0	0	0	0	0	22.60239172	460.86854355	-26.38268353	0.92633035	0	-0.18929228	0	3.89253698	-0
1.931	0	0	0	0	0	0	0	0	0	0	0	0	0	0	0	0	0	0	0	0	0	0	0	0	0	0	0	23.0069174	461.2449075	-26.58013675	0.92663602	0	-0.18961841	0	3.88834378	-0
1.932	0	0	0	0	0	0	0	0	0	0	0	0	0	0	0	0	0	0	0	0	0	0	0	0	0	0	0	23.41626932	461.62657802	-26.76600629	0.92693956	0	-0.18994596	0	3.88318834	-0
1.933	0	0	0	0	0	0	0	0	0	0	0	0	0	0	0	0	0	0	0	0	0	0	0	0	0	0	0	23.83054767	462.01296572	-26.93826404	0.92724136	0	-0.19027473	0	3.87731741	-0
1.934	0	0	0	0	0	0	0	0	0	0	0	0	0	0	0	0	0	0	0	0	0	0	0	0	0	0	0	24.24986061	462.40348124	-27.09491701	0.92754177	0	-0.19060452	0	3.87100361	0
1.935	0	0	0	0	0	0	0	0	0	0	0	0	0	0	0	0	0	0	0	0	0	0	0	0	0	0	0	24.67432649	462.79753857	-27.23403968	0.92784115	0	-0.19093514	0	3.86454134	0
1.936	0	0	0	0	0	0	0	0	0	0	0	0	0	0	0	0	0	0	0	0	0	0	0	0	0	0	0	25.10407599	463.19455803	-27.35380586	0.92813984	0	-0.19126639	0	3.85824242	0
1.937	0	0	0	0	0	0	0	0	0	0	0	0	0	0	0	0	0	0	0	0	0	0	0	0	0	0	0	25.53925411	463.59396903	-27.45251923	0.92843817	0	-0.19159807	0	3.8524315	0
1.938	0	0	0	0	0	0	0	0	0	0	0	0	0	0	0	0	0	0	0	0	0	0	0	0	0	0	0	25.98002189	463.99521267	-27.5286417	0.92873644	0	-0.19192998	0	3.84744127	0
1.939	0	0	0	0	0	0	0	0	0	0	0	0	0	0	0	0	0	0	0	0	0	0	0	0	0	0	0	26.42655766	464.39774397	-27.58081908	0.9290349	0	-0.19226193	0	3.84360791	0
1.94	0	0	0	0	0	0	0	0	0	0	0	0	0	0	0	0	0	0	0	0	0	0	0	0	0	0	0	26.87905774	464.80103383	-27.60790369	0.92933381	0	-0.19259371	0	3.84126637	0
1.941	0	0	0	0	0	0	0	0	0	0	0	0	0	0	0	0	0	0	0	0	0	0	0	0	0	0	0	27.33773659	465.20457061	-27.60897342	0.92963337	0	-0.19292514	0	3.84074597	0
1.942	0	0	0	0	0	0	0	0	0	0	0	0	0	0	0	0	0	0	0	0	0	0	0	0	0	0	0	27.80282618	465.60786123	-27.58334734	0.92993375	0	-0.19325603	0	3.84236597	0
1.943	0	0	0	0	0	0	0	0	0	0	0	0	0	0	0	0	0	0	0	0	0	0	0	0	0	0	0	28.27457481	466.01043186	-27.53059754	0.93023508	0	-0.19358617	0	3.84643123	0
1.944	0	0	0	0	0	0	0	0	0	0	0	0	0	0	0	0	0	0	0	0	0	0	0	0	0	0	0	28.75324522	466.41182822	-27.45055743	0.93053745	0	-0.19391539	0	3.85322803	0
1.945	0	0	0	0	0	0	0	0	0	0	0	0	0	0	0	0	0	0	0	0	0	0	0	0	0	0	0	29.23911225	466.81161552	-27.34332618	0.93084092	0	-0.19424351	-0	3.86301983	0
1.946	0	0	0	0	0	0	0	0	0	0	0	0	0	0	0	0	0	0	0	0	0	0	0	0	0	0	0	29.73246019	467.20937817	-27.20926976	0.9311455	0	-0.19457035	-0	3.87604335	0
1.947	0	0	0	0	0	0	0	0	0	0	0	0	0	0	0	0	0	0	0	0	0	0	0	0	0	0	0	30.23357999	467.6047193	-27.0490183	0.93145117	0	-0.19489573	-0	3.89250468	0
1.948	0	0	0	0	0	0	0	0	0	0	0	0	0	0	0	0	0	0	0	0	0	0	0	0	0	0	0	30.74276648	467.99726025	-26.86346026	0.93175788	0	-0.19521948	-0	3.91257579	0
1.949	0	0	0	0	0	0	0	0	0	0	0	0	0	0	0	0	0	0	0	0	0	0	0	0	0	0	0	31.26031592	468.38664007	-26.65373327	0.93206554	0	-0.19554143	-0	3.9363914	0
1.95	0	0	0	0	0	0	0	0	0	0	0	0	0	0	0	0	0	0	0	0	0	0	0	0	0	0	0	31.78652392	468.77251498	-26.4212121	0.93237402	0	-0.19586141	-0	3.96404628	0
1.951	0	0	0	0	0	0	0	0	0	0	0	0	0	0	0	0	0	0	0	0	0	0	0	0	0	0	0	32.32168378	469.15455792	-26.16749359	0.9326831799999999	0	-0.19617926	-0	3.9955932	0
1.952	0	0	0	0	0	0	0	0	0	0	0	0	0	0	0	0	0	0	0	0	0	0	0	0	0	0	0	32.86608539	469.53245813	-25.89437893	0.93299285	0	-0.19649481	-0	4.03104148	0
1.953	0	0	0	0	0	0	0	0	0	0	0	0	0	0	0	0	0	0	0	0	0	0	0	0	0	0	0	33.42001456	469.90592061	-25.60385324	0.93330282	0	-0.1968079	-0	4.07035637	0
1.954	0	0	0	0	0	0	0	0	0	0	0	0	0	0	0	0	0	0	0	0	0	0	0	0	0	0	0	33.98375285	470.27466551	-25.29806282	0.93361289	0	-0.19711837	-0	4.11345905	0
1.955	0	0	0	0	0	0	0	0	0	0	0	0	0	0	0	0	0	0	0	0	0	0	0	0	0	0	0	34.55757766	470.63842728	-24.9792902	0.93392282	0	-0.19742607	-0	4.16022758	0
1.956	0	0	0	0	0	0	0	0	0	0	0	0	0	0	0	0	0	0	0	0	0	0	0	0	0	0	0	35.14176277	470.99695365	-24.64992756	0.93423238	0	-0.19773082	-0	4.21049838	0
1.957	0	0	0	0	0	0	0	0	0	0	0	0	0	0	0	0	0	0	0	0	0	0	0	0	0	0	0	35.73657915	471.35000441	-24.31244873	0.93454132	0	-0.19803248	-0	4.26406866	0
1.958	0	0	0	0	0	0	0	0	0	0	0	0	0	0	0	0	0	0	0	0	0	0	0	0	0	0	0	36.34229599	471.69735009	-23.96938029	0.93484938	0	-0.19833087	-0	4.32069926	0
1.959	0	0	0	0	0	0	0	0	0	0	0	0	0	0	0	0	0	0	0	0	0	0	0	0	0	0	0	36.9591821	472.03877052	-23.62327228	0.93515634	0	-0.19862586	-0	4.38011834	0
1.96	0	0	0	0	0	0	0	0	0	0	0	0	0	0	0	0	0	0	0	0	0	0	0	0	0	0	0	37.58750741	472.37405336	-23.27666867	0.93546193	0	-0.19891727	-0	4.44202546	-0
1.961	0	0	0	0	0	0	0	0	0	0	0	0	0	0	0	0	0	0	0	0	0	0	0	0	0	0	0	38.2275448	472.70299254	-22.93207827	0.93576594	0	-0.19920495	-0	4.50609625	-0
1.962	0	0	0	0	0	0	0	0	0	0	0	0	0	0	0	0	0	0	0	0	0	0	0	0	0	0	0	38.87957194	473.02538674	-22.59194649	0.93606814	0	-0.19948874	-0	4.57198739	-0
1.963	0	0	0	0	0	0	0	0	0	0	0	0	0	0	0	0	0	0	0	0	0	0	0	0	0	0	0	39.54387312	473.34103786	-22.25862837	0.93636834	0	-0.19976846	-0	4.63934192	-0
1.964	0	0	0	0	0	0	0	0	0	0	0	0	0	0	0	0	0	0	0	0	0	0	0	0	0	0	0	40.22074084	473.64974969	-21.93436357	0.93666636	0	-0.20004397	-0	4.70779476	-0
1.965	0	0	0	0	0	0	0	0	0	0	0	0	0	0	0	0	0	0	0	0	0	0	0	0	0	0	0	40.91047693	473.95132673	-21.62125364	0.93696203	0	-0.20031508	-0	4.77697823	-0
1.966	0	0	0	0	0	0	0	0	0	0	0	0	0	0	0	0	0	0	0	0	0	0	0	0	0	0	0	41.61339294	474.24557328	-21.32124198	0.9372552199999999	0	-0.20058164	-0	4.8465276	-0
1.967	0	0	0	0	0	0	0	0	0	0	0	0	0	0	0	0	0	0	0	0	0	0	0	0	0	0	0	42.32980969	474.53229271	-21.03609692	0.93754581	0	-0.20084348	-0	4.91608637	-0
1.968	0	0	0	0	0	0	0	0	0	0	0	0	0	0	0	0	0	0	0	0	0	0	0	0	0	0	0	43.06005568	474.81128697	-20.76739781	0.93783371	0	-0.20110043	-0	4.98531148	-0
1.969	0	0	0	0	0	0	0	0	0	0	0	0	0	0	0	0	0	0	0	0	0	0	0	0	0	0	0	43.80446445	475.08235627	-20.5165245	0.93811886	0	-0.20135232	-0	5.05387802	-0
1.97	0	0	0	0	0	0	0	0	0	0	0	0	0	0	0	0	0	0	0	0	0	0	0	0	0	0	0	44.56337071	475.34529884	-20.28465011	0.93840121	0	-0.20159899	-0	5.12148359	-0
1.971	0	0	0	0	0	0	0	0	0	0	0	0	0	0	0	0	0	0	0	0	0	0	0	0	0	0	0	45.33710542	475.59991086	-20.07273704	0.93868073	0	-0.20184026	0	5.18785222	-0
1.972	0	0	0	0	0	0	0	0	0	0	0	0	0	0	0	0	0	0	0	0	0	0	0	0	0	0	0	46.12598977	475.84598641	-19.88153613	0.93895743	0	-0.20207599	0	5.25273763	-0
1.973	0	0	0	0	0	0	0	0	0	0	0	0	0	0	0	0	0	0	0	0	0	0	0	0	0	0	0	46.93032851	476.08331725	-19.71158862	0.93923133	0	-0.202306	0	5.3159261	-0
1.974	0	0	0	0	0	0	0	0	0	0	0	0	0	0	0	0	0	0	0	0	0	0	0	0	0	0	0	47.7504026	476.31169259	-19.56323072	0.93950244	0	-0.20253016	0	5.37723861	-0
1.975	0	0	0	0	0	0	0	0	0	0	0	0	0	0	0	0	0	0	0	0	0	0	0	0	0	0	0	48.58646172	476.53089848	-19.43660036	0.93977081	0	-0.2027483	0	5.43653251	-0
1.976	0	0	0	0	0	0	0	0	0	0	0	0	0	0	0	0	0	0	0	0	0	0	0	0	0	0	0	49.43871661	476.74071678	-19.33164584	0.9400365000000001	0	-0.20296031	0	5.49370255	-0
1.977	0	0	0	0	0	0	0	0	0	0	0	0	0	0	0	0	0	0	0	0	0	0	0	0	0	0	0	50.30733169	476.94092376	-19.24813617	0.94029956	0	-0.20316603	0	5.54868132	-0
1.978	0	0	0	0	0	0	0	0	0	0	0	0	0	0	0	0	0	0	0	0	0	0	0	0	0	0	0	51.19241796	477.131288	-19.18567274	0.94056006	0	-0.20336536	0	5.60143915	0
1.979	0	0	0	0	0	0	0	0	0	0	0	0	0	0	0	0	0	0	0	0	0	0	0	0	0	0	0	52.0940264	477.31156768	-19.14370225	0.94081806	0	-0.20355819	0	5.65198343	0
1.98	0	0	0	0	0	0	0	0	0	0	0	0	0	0	0	0	0	0	0	0	0	0	0	0	0	0	0	53.01214199	477.48150724	-19.12153069	0.94107363	0	-0.20374441	0	5.70035735	0
1.981	0	0	0	0	0	0	0	0	0	0	0	0	0	0	0	0	0	0	0	0	0	0	0	0	0	0	0	53.94667847	477.6408333	-19.11833798	0.9413268299999999	0	-0.20392393	0	5.74663815	0
1.982	0	0	0	0	0	0	0	0	0	0	0	0	0	0	0	0	0	0	0	0	0	0	0	0	0	0	0	54.89747391	477.78925001	-19.13319317	0.94157771	0	-0.20409669	0	5.79093497	0
1.983	0	0	0	0	0	0	0	0	0	0	0	0	0	0	0	0	0	0	0	0	0	0	0	0	0	0	0	55.86428726	477.92643392	-19.16506978	0.94182632	0	-0.20426262	0	5.83338618	0
1.984	0	0	0	0	0	0	0	0	0	0	0	0	0	0	0	0	0	0	0	0	0	0	0	0	0	0	0	56.84679584	478.05202841	-19.21286113	0.94207272	0	-0.20442168	0	5.87415648	0
1.985	0	0	0	0	0	0	0	0	0	0	0	0	0	0	0	0	0	0	0	0	0	0	0	0	0	0	0	57.84459401	478.16563784	-19.27539527	0.94231694	0	-0.20457382	0	5.91343361	0
1.986	0	0	0	0	0	0	0	0	0	0	0	0	0	0	0	0	0	0	0	0	0	0	0	0	0	0	0	58.85719275	478.26682163	-19.35144956	0.94255901	0	-0.20471903	0	5.95142488	0
1.987	0	0	0	0	0	0	0	0	0	0	0	0	0	0	0	0	0	0	0	0	0	0	0	0	0	0	0	59.88402042	478.35508844	-19.43976457	0.94279895	0	-0.2048573	0	5.9883534	0
1.988	0	0	0	0	0	0	0	0	0	0	0	0	0	0	0	0	0	0	0	0	0	0	0	0	0	0	0	60.92442449	478.42989054	-19.53905725	0.9430368	0	-0.20498863	0	6.02445415	0
1.989	0	0	0	0	0	0	0	0	0	0	0	0	0	0	0	0	0	0	0	0	0	0	0	0	0	0	0	61.97767416	478.49061867	-19.64803316	0.94327256	0	-0.20511304	0	6.05996992	0
1.99	0	0	0	0	0	0	0	0	0	0	0	0	0	0	0	0	0	0	0	0	0	0	0	0	0	0	0	63.04296392	478.53659755	-19.76539779	0.94350626	0	-0.20523056	0	6.09514713	0
1.991	0	0	0	0	0	0	0	0	0	0	0	0	0	0	0	0	0	0	0	0	0	0	0	0	0	0	0	64.11941777	478.56708214	-19.8898667	0.9437379	0	-0.20534122	0	6.13023166	0
1.992	0	0	0	0	0	0	0	0	0	0	0	0	0	0	0	0	0	0	0	0	0	0	0	0	0	0	0	65.20609403	478.58125481	-20.02017457	0.94396753	0	-0.20544509	0	6.16546473	0
1.993	0	0	0	0	0	0	0	0	0	0	0	0	0	0	0	0	0	0	0	0	0	0	0	0	0	0	0	66.30199064999999	478.57822348	-20.15508293	0.94419516	0	-0.20554221	0	6.20107891	0
1.994	0	0	0	0	0	0	0	0	0	0	0	0	0	0	0	0	0	0	0	0	0	0	0	0	0	0	0	67.40605074	478.55702094	-20.29338667	0.94442084	0	-0.20563265	0	6.23729435	0
1.995	0	0	0	0	0	0	0	0	0	0	0	0	0	0	0	0	0	0	0	0	0	0	0	0	0	0	0	68.51716819000001	478.51660517	-20.43391926	0.94464462	0	-0.20571651	0	6.2743153	0
1.996	0	0	0	0	0	0	0	0	0	0	0	0	0	0	0	0	0	0	0	0	0	0	0	0	0	0	0	69.63419334	478.45586092	-20.57555662	0.9448666	0	-0.20579385	-0	6.31232705	0
1.997	0	0	0	0	0	0	0	0	0	0	0	0	0	0	0	0	0	0	0	0	0	0	0	0	0	0	0	70.75593836	478.37360248	-20.71721973	0.94508686	0	-0.20586478	-0	6.35149317	-0
1.998	0	0	0	0	0	0	0	0	0	0	0	0	0	0	0	0	0	0	0	0	0	0	0	0	0	0	0	71.88118252	478.26857765	-20.85787592	0.94530555	0	-0.20592939	-0	6.39195336	-0
1.999	0	0	0	0	0	0	0	0	0	0	0	0	0	0	0	0	0	0	0	0	0	0	0	0	0	0	0	73.00867713	478.13947303	-20.99653897	0.94552283	0	-0.20598777	-0	6.43382168	-0
2	0	0	0	0	0	0	0	0	0	0	0	0	0	0	0	0	0	0	0	0	0	0	0	0	0	0	0	74.13715028	477.98492063	-21.13226802	0.9457389	0	-0.20604001	-0	6.47718528	-0
