[2025-05-29 11:03:11.084] [info] Loaded model 2014014_2d from file 2014014_model_2d_optim.osim
[2025-05-29 11:07:15.989] [info] Loaded model 2014014_2d from file 2014014_model_2d_optim.osim
[2025-05-29 11:20:42.852] [info] Loaded model 2014014_2d from file 2014014_C4_04_initial-model_2d.osim
[2025-05-29 12:24:51.595] [info] Loaded model 2014014_2d from file 2014014_C4_04_initial-model_2d.osim
[2025-05-29 12:29:14.449] [info] ========================================================================
[2025-05-29 12:29:14.449] [info] MocoCasADiSolver starting.
[2025-05-29 12:29:14.449] [info] Thu May 29 12:29:14 2025
[2025-05-29 12:29:14.449] [info] ------------------------------------------------------------------------
[2025-05-29 12:29:14.449] [cout] [info] Costs: (total: 3)
[2025-05-29 12:29:14.450] [cout] [info]   state_tracking. MocoStateTrackingGoal, enabled: true, mode: cost, weight: 1.0
[2025-05-29 12:29:14.450] [cout] [info]         state: /jointset/ground_pelvis/pelvis_tilt/value, weight: 12.1664
[2025-05-29 12:29:14.450] [cout] [info]         state: /jointset/ground_pelvis/pelvis_tx/value, weight: 0.0
[2025-05-29 12:29:14.450] [cout] [info]         state: /jointset/ground_pelvis/pelvis_ty/value, weight: 36.2107
[2025-05-29 12:29:14.450] [cout] [info]         state: /jointset/hip_r/hip_flexion_r/value, weight: 2.75586
[2025-05-29 12:29:14.450] [cout] [info]         state: /jointset/hip_l/hip_flexion_l/value, weight: 2.34071
[2025-05-29 12:29:14.450] [cout] [info]         state: /jointset/back/lumbar_ext/value, weight: 29.4037
[2025-05-29 12:29:14.450] [cout] [info]         state: /jointset/knee_r/knee_angle_r/value, weight: 0.925501
[2025-05-29 12:29:14.450] [cout] [info]         state: /jointset/knee_l/knee_angle_l/value, weight: 1.61229
[2025-05-29 12:29:14.450] [cout] [info]         state: /jointset/acromial_r/shoulder_flexion_r/value, weight: 6.17021
[2025-05-29 12:29:14.450] [cout] [info]         state: /jointset/acromial_l/shoulder_flexion_l/value, weight: 3.42741
[2025-05-29 12:29:14.450] [cout] [info]         state: /jointset/ankle_r/ankle_angle_r/value, weight: 6.2823
[2025-05-29 12:29:14.450] [cout] [info]         state: /jointset/ankle_l/ankle_angle_l/value, weight: 4.50354
[2025-05-29 12:29:14.450] [cout] [info]         state: /jointset/elbow_r/elbow_flexion_r/value, weight: 7.65053
[2025-05-29 12:29:14.450] [cout] [info]         state: /jointset/elbow_l/elbow_flexion_l/value, weight: 2.53764
[2025-05-29 12:29:14.450] [cout] [info]         state: /jointset/ground_pelvis/pelvis_tilt/speed, weight: 0.930004
[2025-05-29 12:29:14.450] [cout] [info]         state: /jointset/ground_pelvis/pelvis_tx/speed, weight: 0.0
[2025-05-29 12:29:14.450] [cout] [info]         state: /jointset/ground_pelvis/pelvis_ty/speed, weight: 2.72873
[2025-05-29 12:29:14.450] [cout] [info]         state: /jointset/hip_r/hip_flexion_r/speed, weight: 0.25556
[2025-05-29 12:29:14.450] [cout] [info]         state: /jointset/hip_l/hip_flexion_l/speed, weight: 0.339587
[2025-05-29 12:29:14.450] [cout] [info]         state: /jointset/back/lumbar_ext/speed, weight: 1.50353
[2025-05-29 12:29:14.450] [cout] [info]         state: /jointset/knee_r/knee_angle_r/speed, weight: 0.122041
[2025-05-29 12:29:14.450] [cout] [info]         state: /jointset/knee_l/knee_angle_l/speed, weight: 0.221248
[2025-05-29 12:29:14.450] [cout] [info]         state: /jointset/acromial_r/shoulder_flexion_r/speed, weight: 0.771884
[2025-05-29 12:29:14.450] [cout] [info]         state: /jointset/acromial_l/shoulder_flexion_l/speed, weight: 0.32994
[2025-05-29 12:29:14.450] [cout] [info]         state: /jointset/ankle_r/ankle_angle_r/speed, weight: 0.619564
[2025-05-29 12:29:14.450] [cout] [info]         state: /jointset/ankle_l/ankle_angle_l/speed, weight: 0.480794
[2025-05-29 12:29:14.450] [cout] [info]         state: /jointset/elbow_r/elbow_flexion_r/speed, weight: 1.70026
[2025-05-29 12:29:14.450] [cout] [info]         state: /jointset/elbow_l/elbow_flexion_l/speed, weight: 0.474488
[2025-05-29 12:29:14.450] [cout] [info]         state: /jointset/mtp_r/mtp_angle_r/value, weight: 0.0
[2025-05-29 12:29:14.450] [cout] [info]         state: /jointset/mtp_r/mtp_angle_r/speed, weight: 0.0
[2025-05-29 12:29:14.450] [cout] [info]         state: /jointset/mtp_l/mtp_angle_l/value, weight: 0.0
[2025-05-29 12:29:14.450] [cout] [info]         state: /jointset/mtp_l/mtp_angle_l/speed, weight: 0.0
[2025-05-29 12:29:14.450] [cout] [info]   control_effort. MocoControlGoal, enabled: true, mode: cost, weight: 10.0
[2025-05-29 12:29:14.450] [cout] [info]         control: /forceset/hamstrings_r, weight: 1.0
[2025-05-29 12:29:14.450] [cout] [info]         control: /forceset/bifemsh_r, weight: 1.0
[2025-05-29 12:29:14.450] [cout] [info]         control: /forceset/glut_max_r, weight: 1.0
[2025-05-29 12:29:14.450] [cout] [info]         control: /forceset/iliopsoas_r, weight: 1.0
[2025-05-29 12:29:14.450] [cout] [info]         control: /forceset/rect_fem_r, weight: 1.0
[2025-05-29 12:29:14.450] [cout] [info]         control: /forceset/vasti_r, weight: 1.0
[2025-05-29 12:29:14.450] [cout] [info]         control: /forceset/gastroc_r, weight: 1.0
[2025-05-29 12:29:14.450] [cout] [info]         control: /forceset/soleus_r, weight: 1.0
[2025-05-29 12:29:14.450] [cout] [info]         control: /forceset/dorsiflexors_r, weight: 1.0
[2025-05-29 12:29:14.450] [cout] [info]         control: /forceset/hamstrings_l, weight: 1.0
[2025-05-29 12:29:14.451] [cout] [info]         control: /forceset/bifemsh_l, weight: 1.0
[2025-05-29 12:29:14.451] [cout] [info]         control: /forceset/glut_max_l, weight: 1.0
[2025-05-29 12:29:14.451] [cout] [info]         control: /forceset/iliopsoas_l, weight: 1.0
[2025-05-29 12:29:14.451] [cout] [info]         control: /forceset/rect_fem_l, weight: 1.0
[2025-05-29 12:29:14.451] [cout] [info]         control: /forceset/vasti_l, weight: 1.0
[2025-05-29 12:29:14.451] [cout] [info]         control: /forceset/gastroc_l, weight: 1.0
[2025-05-29 12:29:14.451] [cout] [info]         control: /forceset/soleus_l, weight: 1.0
[2025-05-29 12:29:14.451] [cout] [info]         control: /forceset/dorsiflexors_l, weight: 1.0
[2025-05-29 12:29:14.451] [cout] [info]         control: /forceset/lumbar_ext_torque, weight: 1.0
[2025-05-29 12:29:14.451] [cout] [info]         control: /forceset/shoulder_flexion_r_torque, weight: 1.0
[2025-05-29 12:29:14.451] [cout] [info]         control: /forceset/elbow_flexion_r_torque, weight: 1.0
[2025-05-29 12:29:14.451] [cout] [info]         control: /forceset/shoulder_flexion_l_torque, weight: 1.0
[2025-05-29 12:29:14.451] [cout] [info]         control: /forceset/elbow_flexion_l_torque, weight: 1.0
[2025-05-29 12:29:14.451] [cout] [info]   contact. MocoContactTrackingGoal, enabled: true, mode: cost, weight: 0.5
[2025-05-29 12:29:14.451] [cout] [info]         projection type: plane
[2025-05-29 12:29:14.451] [cout] [info]         projection vector: ~[0,0,1]
[2025-05-29 12:29:14.451] [cout] [info]         group 0: ExternalForce: grf1
[2025-05-29 12:29:14.451] [cout] [info]             forces:
[2025-05-29 12:29:14.451] [cout] [info]                 /forceset/Contact_Foot_Ground_L1
[2025-05-29 12:29:14.451] [cout] [info]                 /forceset/Contact_Foot_Ground_L2
[2025-05-29 12:29:14.451] [cout] [info]                 /forceset/Contact_Foot_Ground_L3
[2025-05-29 12:29:14.451] [cout] [info]                 /forceset/Contact_Foot_Ground_L4
[2025-05-29 12:29:14.452] [cout] [info]                 /forceset/Contact_Foot_Ground_L5
[2025-05-29 12:29:14.452] [cout] [info]                 /forceset/Contact_Foot_Ground_L6
[2025-05-29 12:29:14.452] [cout] [info]                 /forceset/Contact_Foot_Ground_L7
[2025-05-29 12:29:14.452] [cout] [info]                 /forceset/Contact_Foot_Ground_L8
[2025-05-29 12:29:14.452] [cout] [info]         group 1: ExternalForce: grf2
[2025-05-29 12:29:14.452] [cout] [info]             forces:
[2025-05-29 12:29:14.452] [cout] [info]                 /forceset/Contact_Foot_Ground_R1
[2025-05-29 12:29:14.452] [cout] [info]                 /forceset/Contact_Foot_Ground_R2
[2025-05-29 12:29:14.452] [cout] [info]                 /forceset/Contact_Foot_Ground_R3
[2025-05-29 12:29:14.452] [cout] [info]                 /forceset/Contact_Foot_Ground_R4
[2025-05-29 12:29:14.452] [cout] [info]                 /forceset/Contact_Foot_Ground_R5
[2025-05-29 12:29:14.452] [cout] [info]                 /forceset/Contact_Foot_Ground_R6
[2025-05-29 12:29:14.452] [cout] [info]                 /forceset/Contact_Foot_Ground_R7
[2025-05-29 12:29:14.452] [cout] [info]                 /forceset/Contact_Foot_Ground_R8
[2025-05-29 12:29:14.452] [cout] [info] Endpoint constraints: (total: 1)
[2025-05-29 12:29:14.452] [cout] [info]   speed. MocoAverageSpeedGoal, enabled: true, mode: endpoint_constraint
[2025-05-29 12:29:14.452] [cout] [info] Kinematic constraints: none
[2025-05-29 12:29:14.452] [cout] [info] Path constraints: none
[2025-05-29 12:29:14.452] [cout] [info] States: (total: 54)
[2025-05-29 12:29:14.452] [cout] [info]   /forceset/rect_fem_r/activation. bounds: [0.01, 2]
[2025-05-29 12:29:14.452] [cout] [info]   /forceset/gastroc_r/normalized_tendon_force. bounds: [0, 1.5]
[2025-05-29 12:29:14.452] [cout] [info]   /forceset/soleus_r/normalized_tendon_force. bounds: [0, 1.5]
[2025-05-29 12:29:14.452] [cout] [info]   /forceset/rect_fem_l/activation. bounds: [0.01, 2]
[2025-05-29 12:29:14.452] [cout] [info]   /forceset/gastroc_l/normalized_tendon_force. bounds: [0, 1.5]
[2025-05-29 12:29:14.452] [cout] [info]   /forceset/soleus_l/normalized_tendon_force. bounds: [0, 1.5]
[2025-05-29 12:29:14.452] [cout] [info]   /forceset/hamstrings_r/activation. bounds: [0.01, 2]
[2025-05-29 12:29:14.452] [cout] [info]   /jointset/knee_l/knee_angle_l/value. bounds: [-0.744281, 0.124047] initial: [-0.179552, 0.0685416] final: [-0.744281, -0.496187]
[2025-05-29 12:29:14.452] [cout] [info]   /forceset/bifemsh_r/activation. bounds: [0.01, 2]
[2025-05-29 12:29:14.452] [cout] [info]   /forceset/glut_max_r/activation. bounds: [0.01, 2]
[2025-05-29 12:29:14.452] [cout] [info]   /forceset/iliopsoas_r/activation. bounds: [0.01, 2]
[2025-05-29 12:29:14.452] [cout] [info]   /forceset/gastroc_r/activation. bounds: [0.01, 2]
[2025-05-29 12:29:14.452] [cout] [info]   /forceset/vasti_r/activation. bounds: [0.01, 2]
[2025-05-29 12:29:14.452] [cout] [info]   /forceset/soleus_r/activation. bounds: [0.01, 2]
[2025-05-29 12:29:14.452] [cout] [info]   /jointset/mtp_r/mtp_angle_r/speed. bounds: [-50, 50]
[2025-05-29 12:29:14.452] [cout] [info]   /jointset/ground_pelvis/pelvis_tilt/speed. bounds: [-50, 50]
[2025-05-29 12:29:14.452] [cout] [info]   /forceset/dorsiflexors_r/activation. bounds: [0.01, 2]
[2025-05-29 12:29:14.452] [cout] [info]   /jointset/mtp_r/mtp_angle_r/value. bounds: [-0.436332, 1.309]
[2025-05-29 12:29:14.452] [cout] [info]   /jointset/ground_pelvis/pelvis_tilt/value. bounds: [0.197792, 0.312863] initial: [0.208948, 0.241825] final: [0.279986, 0.312863]
[2025-05-29 12:29:14.452] [cout] [info]   /forceset/hamstrings_l/activation. bounds: [0.01, 2]
[2025-05-29 12:29:14.452] [cout] [info]   /forceset/bifemsh_l/activation. bounds: [0.01, 2]
[2025-05-29 12:29:14.452] [cout] [info]   /jointset/ground_pelvis/pelvis_tx/speed. bounds: [-50, 50]
[2025-05-29 12:29:14.452] [cout] [info]   /forceset/glut_max_l/activation. bounds: [0.01, 2]
[2025-05-29 12:29:14.452] [cout] [info]   /forceset/iliopsoas_l/activation. bounds: [0.01, 2]
[2025-05-29 12:29:14.452] [cout] [info]   /forceset/gastroc_l/activation. bounds: [0.01, 2]
[2025-05-29 12:29:14.452] [cout] [info]   /forceset/vasti_l/activation. bounds: [0.01, 2]
[2025-05-29 12:29:14.452] [cout] [info]   /forceset/soleus_l/activation. bounds: [0.01, 2]
[2025-05-29 12:29:14.452] [cout] [info]   /jointset/back/lumbar_ext/value. bounds: [-0.407582, -0.359969] initial: [-0.380067, -0.366463] final: [-0.394557, -0.380953]
[2025-05-29 12:29:14.452] [cout] [info]   /jointset/mtp_l/mtp_angle_l/value. bounds: [-0.436332, 1.309]
[2025-05-29 12:29:14.452] [cout] [info]   /forceset/dorsiflexors_l/activation. bounds: [0.01, 2]
[2025-05-29 12:29:14.452] [cout] [info]   /jointset/ground_pelvis/pelvis_tx/value. bounds: [0.0519195, 0.916899] initial: [0.0519195, 0.299056] final: [0.669762, 0.916899]
[2025-05-29 12:29:14.452] [cout] [info]   /jointset/knee_r/knee_angle_r/speed. bounds: [-50, 50]
[2025-05-29 12:29:14.452] [cout] [info]   /jointset/elbow_l/elbow_flexion_l/value. bounds: [0.272883, 0.824577] initial: [0.272883, 0.43051] final: [0.606855, 0.764482]
[2025-05-29 12:29:14.452] [cout] [info]   /jointset/ankle_l/ankle_angle_l/value. bounds: [-0.193578, 0.117288] initial: [-0.101604, -0.0127849] final: [-0.193578, -0.104759]
[2025-05-29 12:29:14.452] [cout] [info]   /jointset/ground_pelvis/pelvis_ty/value. bounds: [1.01463, 1.14777] initial: [1.0265, 1.12926] final: [1.03209, 1.13762]
[2025-05-29 12:29:14.452] [cout] [info]   /jointset/ankle_r/ankle_angle_r/value. bounds: [-0.226351, -0.00350295] initial: [-0.226351, -0.16268] final: [-0.105004, -0.0413325]
[2025-05-29 12:29:14.452] [cout] [info]   /jointset/hip_r/hip_flexion_r/value. bounds: [-0.279284, 0.228724] initial: [-0.279284, -0.134139] final: [-0.23082, -0.0856748]
[2025-05-29 12:29:14.452] [cout] [info]   /jointset/back/lumbar_ext/speed. bounds: [-50, 50]
[2025-05-29 12:29:14.452] [cout] [info]   /jointset/mtp_l/mtp_angle_l/speed. bounds: [-50, 50]
[2025-05-29 12:29:14.452] [cout] [info]   /jointset/knee_r/knee_angle_r/value. bounds: [-1.32143, 0.191267] initial: [-1.1847, -0.752503] final: [-0.352156, 0.0800418]
[2025-05-29 12:29:14.452] [cout] [info]   /jointset/knee_l/knee_angle_l/speed. bounds: [-50, 50]
[2025-05-29 12:29:14.453] [cout] [info]   /jointset/hip_l/hip_flexion_l/value. bounds: [-0.594953, 0.00315562] initial: [-0.167733, 0.00315562] final: [-0.542119, -0.37123]
[2025-05-29 12:29:14.453] [cout] [info]   /jointset/acromial_r/shoulder_flexion_r/value. bounds: [-0.0875714, 0.139325] initial: [0.0744976, 0.139325] final: [-0.0758496, -0.011022]
[2025-05-29 12:29:14.453] [cout] [info]   /jointset/elbow_r/elbow_flexion_r/value. bounds: [0.244744, 0.427738] initial: [0.375454, 0.427738] final: [0.246804, 0.299088]
[2025-05-29 12:29:14.453] [cout] [info]   /jointset/acromial_l/shoulder_flexion_l/value. bounds: [-0.141572, 0.266899] initial: [-0.141572, -0.0248661] final: [-0.0846317, 0.0320744]
[2025-05-29 12:29:14.453] [cout] [info]   /jointset/elbow_l/elbow_flexion_l/speed. bounds: [-50, 50]
[2025-05-29 12:29:14.453] [cout] [info]   /jointset/ankle_l/ankle_angle_l/speed. bounds: [-50, 50]
[2025-05-29 12:29:14.453] [cout] [info]   /jointset/ground_pelvis/pelvis_ty/speed. bounds: [-50, 50]
[2025-05-29 12:29:14.453] [cout] [info]   /jointset/ankle_r/ankle_angle_r/speed. bounds: [-50, 50]
[2025-05-29 12:29:14.453] [cout] [info]   /jointset/hip_r/hip_flexion_r/speed. bounds: [-50, 50]
[2025-05-29 12:29:14.453] [cout] [info]   /jointset/hip_l/hip_flexion_l/speed. bounds: [-50, 50]
[2025-05-29 12:29:14.453] [cout] [info]   /jointset/acromial_r/shoulder_flexion_r/speed. bounds: [-50, 50]
[2025-05-29 12:29:14.453] [cout] [info]   /jointset/elbow_r/elbow_flexion_r/speed. bounds: [-50, 50]
[2025-05-29 12:29:14.453] [cout] [info]   /jointset/acromial_l/shoulder_flexion_l/speed. bounds: [-50, 50]
[2025-05-29 12:29:14.453] [cout] [info] Controls: (total: 23)
[2025-05-29 12:29:14.453] [cout] [info]   /forceset/hamstrings_r. bounds: [0.01, 1]
[2025-05-29 12:29:14.453] [cout] [info]   /forceset/bifemsh_r. bounds: [0.01, 1]
[2025-05-29 12:29:14.453] [cout] [info]   /forceset/glut_max_r. bounds: [0.01, 1]
[2025-05-29 12:29:14.453] [cout] [info]   /forceset/iliopsoas_r. bounds: [0.01, 1]
[2025-05-29 12:29:14.453] [cout] [info]   /forceset/rect_fem_r. bounds: [0.01, 1]
[2025-05-29 12:29:14.453] [cout] [info]   /forceset/gastroc_r. bounds: [0.01, 1]
[2025-05-29 12:29:14.453] [cout] [info]   /forceset/vasti_r. bounds: [0.01, 1]
[2025-05-29 12:29:14.453] [cout] [info]   /forceset/soleus_r. bounds: [0.01, 1]
[2025-05-29 12:29:14.453] [cout] [info]   /forceset/dorsiflexors_r. bounds: [0.01, 1]
[2025-05-29 12:29:14.453] [cout] [info]   /forceset/hamstrings_l. bounds: [0.01, 1]
[2025-05-29 12:29:14.453] [cout] [info]   /forceset/elbow_flexion_l_torque. bounds: [-inf, inf]
[2025-05-29 12:29:14.453] [cout] [info]   /forceset/bifemsh_l. bounds: [0.01, 1]
[2025-05-29 12:29:14.453] [cout] [info]   /forceset/glut_max_l. bounds: [0.01, 1]
[2025-05-29 12:29:14.453] [cout] [info]   /forceset/lumbar_ext_torque. bounds: [-inf, inf]
[2025-05-29 12:29:14.453] [cout] [info]   /forceset/iliopsoas_l. bounds: [0.01, 1]
[2025-05-29 12:29:14.453] [cout] [info]   /forceset/rect_fem_l. bounds: [0.01, 1]
[2025-05-29 12:29:14.453] [cout] [info]   /forceset/gastroc_l. bounds: [0.01, 1]
[2025-05-29 12:29:14.453] [cout] [info]   /forceset/vasti_l. bounds: [0.01, 1]
[2025-05-29 12:29:14.453] [cout] [info]   /forceset/soleus_l. bounds: [0.01, 1]
[2025-05-29 12:29:14.453] [cout] [info]   /forceset/dorsiflexors_l. bounds: [0.01, 1]
[2025-05-29 12:29:14.453] [cout] [info]   /forceset/shoulder_flexion_r_torque. bounds: [-inf, inf]
[2025-05-29 12:29:14.453] [cout] [info]   /forceset/elbow_flexion_r_torque. bounds: [-inf, inf]
[2025-05-29 12:29:14.453] [cout] [info]   /forceset/shoulder_flexion_l_torque. bounds: [-inf, inf]
[2025-05-29 12:29:14.453] [cout] [info] Parameters: none
[2025-05-29 12:29:15.314] [info] Number of threads: 8
[2025-05-29 12:38:33.709] [info] Set log level to Info.
[2025-05-29 12:38:33.711] [info] ------------------------------------------------------------------------
[2025-05-29 12:38:33.712] [info] Elapsed real time: 559 second(s) (9 minute(s), 19 second(s)).
[2025-05-29 12:38:33.712] [info] Thu May 29 12:38:33 2025
[2025-05-29 12:38:33.712] [info] MocoCasADiSolver succeeded!
[2025-05-29 12:38:33.712] [info] ========================================================================
[2025-05-29 12:40:37.741] [cout] [info] Exiting visualization.
[2025-05-29 12:40:47.444] [info] Loaded model 2014014_2d from file 2014014_C4_04_initial-model_2d.osim
[2025-05-29 12:44:16.360] [info] Loaded model 2014014_2d from file 2014014_C4_04_initial-model_2d.osim
[2025-05-29 12:44:35.270] [info] ========================================================================
[2025-05-29 12:44:35.270] [info] MocoCasADiSolver starting.
[2025-05-29 12:44:35.270] [info] Thu May 29 12:44:35 2025
[2025-05-29 12:44:35.270] [info] ------------------------------------------------------------------------
[2025-05-29 12:44:35.270] [cout] [info] Costs: (total: 3)
[2025-05-29 12:44:35.270] [cout] [info]   state_tracking. MocoStateTrackingGoal, enabled: true, mode: cost, weight: 1.0
[2025-05-29 12:44:35.271] [cout] [info]         state: /jointset/ground_pelvis/pelvis_tilt/value, weight: 12.1664
[2025-05-29 12:44:35.271] [cout] [info]         state: /jointset/ground_pelvis/pelvis_tx/value, weight: 0.0
[2025-05-29 12:44:35.271] [cout] [info]         state: /jointset/ground_pelvis/pelvis_ty/value, weight: 36.2107
[2025-05-29 12:44:35.271] [cout] [info]         state: /jointset/hip_r/hip_flexion_r/value, weight: 2.75586
[2025-05-29 12:44:35.271] [cout] [info]         state: /jointset/hip_l/hip_flexion_l/value, weight: 2.34071
[2025-05-29 12:44:35.271] [cout] [info]         state: /jointset/back/lumbar_ext/value, weight: 29.4037
[2025-05-29 12:44:35.271] [cout] [info]         state: /jointset/knee_r/knee_angle_r/value, weight: 0.925501
[2025-05-29 12:44:35.271] [cout] [info]         state: /jointset/knee_l/knee_angle_l/value, weight: 1.61229
[2025-05-29 12:44:35.271] [cout] [info]         state: /jointset/acromial_r/shoulder_flexion_r/value, weight: 6.17021
[2025-05-29 12:44:35.271] [cout] [info]         state: /jointset/acromial_l/shoulder_flexion_l/value, weight: 3.42741
[2025-05-29 12:44:35.271] [cout] [info]         state: /jointset/ankle_r/ankle_angle_r/value, weight: 6.2823
[2025-05-29 12:44:35.271] [cout] [info]         state: /jointset/ankle_l/ankle_angle_l/value, weight: 4.50354
[2025-05-29 12:44:35.271] [cout] [info]         state: /jointset/elbow_r/elbow_flexion_r/value, weight: 7.65053
[2025-05-29 12:44:35.271] [cout] [info]         state: /jointset/elbow_l/elbow_flexion_l/value, weight: 2.53764
[2025-05-29 12:44:35.271] [cout] [info]         state: /jointset/ground_pelvis/pelvis_tilt/speed, weight: 0.930004
[2025-05-29 12:44:35.271] [cout] [info]         state: /jointset/ground_pelvis/pelvis_tx/speed, weight: 0.0
[2025-05-29 12:44:35.271] [cout] [info]         state: /jointset/ground_pelvis/pelvis_ty/speed, weight: 2.72873
[2025-05-29 12:44:35.271] [cout] [info]         state: /jointset/hip_r/hip_flexion_r/speed, weight: 0.25556
[2025-05-29 12:44:35.271] [cout] [info]         state: /jointset/hip_l/hip_flexion_l/speed, weight: 0.339587
[2025-05-29 12:44:35.271] [cout] [info]         state: /jointset/back/lumbar_ext/speed, weight: 1.50353
[2025-05-29 12:44:35.271] [cout] [info]         state: /jointset/knee_r/knee_angle_r/speed, weight: 0.122041
[2025-05-29 12:44:35.271] [cout] [info]         state: /jointset/knee_l/knee_angle_l/speed, weight: 0.221248
[2025-05-29 12:44:35.271] [cout] [info]         state: /jointset/acromial_r/shoulder_flexion_r/speed, weight: 0.771884
[2025-05-29 12:44:35.271] [cout] [info]         state: /jointset/acromial_l/shoulder_flexion_l/speed, weight: 0.32994
[2025-05-29 12:44:35.271] [cout] [info]         state: /jointset/ankle_r/ankle_angle_r/speed, weight: 0.619564
[2025-05-29 12:44:35.271] [cout] [info]         state: /jointset/ankle_l/ankle_angle_l/speed, weight: 0.480794
[2025-05-29 12:44:35.271] [cout] [info]         state: /jointset/elbow_r/elbow_flexion_r/speed, weight: 1.70026
[2025-05-29 12:44:35.271] [cout] [info]         state: /jointset/elbow_l/elbow_flexion_l/speed, weight: 0.474488
[2025-05-29 12:44:35.271] [cout] [info]         state: /jointset/mtp_r/mtp_angle_r/value, weight: 0.0
[2025-05-29 12:44:35.271] [cout] [info]         state: /jointset/mtp_r/mtp_angle_r/speed, weight: 0.0
[2025-05-29 12:44:35.271] [cout] [info]         state: /jointset/mtp_l/mtp_angle_l/value, weight: 0.0
[2025-05-29 12:44:35.271] [cout] [info]         state: /jointset/mtp_l/mtp_angle_l/speed, weight: 0.0
[2025-05-29 12:44:35.271] [cout] [info]   control_effort. MocoControlGoal, enabled: true, mode: cost, weight: 10.0
[2025-05-29 12:44:35.271] [cout] [info]         control: /forceset/hamstrings_r, weight: 1.0
[2025-05-29 12:44:35.271] [cout] [info]         control: /forceset/bifemsh_r, weight: 1.0
[2025-05-29 12:44:35.271] [cout] [info]         control: /forceset/glut_max_r, weight: 1.0
[2025-05-29 12:44:35.271] [cout] [info]         control: /forceset/iliopsoas_r, weight: 1.0
[2025-05-29 12:44:35.271] [cout] [info]         control: /forceset/rect_fem_r, weight: 1.0
[2025-05-29 12:44:35.271] [cout] [info]         control: /forceset/vasti_r, weight: 1.0
[2025-05-29 12:44:35.271] [cout] [info]         control: /forceset/gastroc_r, weight: 1.0
[2025-05-29 12:44:35.271] [cout] [info]         control: /forceset/soleus_r, weight: 1.0
[2025-05-29 12:44:35.271] [cout] [info]         control: /forceset/dorsiflexors_r, weight: 1.0
[2025-05-29 12:44:35.271] [cout] [info]         control: /forceset/hamstrings_l, weight: 1.0
[2025-05-29 12:44:35.271] [cout] [info]         control: /forceset/bifemsh_l, weight: 1.0
[2025-05-29 12:44:35.271] [cout] [info]         control: /forceset/glut_max_l, weight: 1.0
[2025-05-29 12:44:35.271] [cout] [info]         control: /forceset/iliopsoas_l, weight: 1.0
[2025-05-29 12:44:35.271] [cout] [info]         control: /forceset/rect_fem_l, weight: 1.0
[2025-05-29 12:44:35.271] [cout] [info]         control: /forceset/vasti_l, weight: 1.0
[2025-05-29 12:44:35.271] [cout] [info]         control: /forceset/gastroc_l, weight: 1.0
[2025-05-29 12:44:35.271] [cout] [info]         control: /forceset/soleus_l, weight: 1.0
[2025-05-29 12:44:35.271] [cout] [info]         control: /forceset/dorsiflexors_l, weight: 1.0
[2025-05-29 12:44:35.271] [cout] [info]         control: /forceset/lumbar_ext_torque, weight: 1.0
[2025-05-29 12:44:35.271] [cout] [info]         control: /forceset/shoulder_flexion_r_torque, weight: 1.0
[2025-05-29 12:44:35.271] [cout] [info]         control: /forceset/elbow_flexion_r_torque, weight: 1.0
[2025-05-29 12:44:35.271] [cout] [info]         control: /forceset/shoulder_flexion_l_torque, weight: 1.0
[2025-05-29 12:44:35.271] [cout] [info]         control: /forceset/elbow_flexion_l_torque, weight: 1.0
[2025-05-29 12:44:35.271] [cout] [info]   contact. MocoContactTrackingGoal, enabled: true, mode: cost, weight: 0.5
[2025-05-29 12:44:35.271] [cout] [info]         projection type: plane
[2025-05-29 12:44:35.271] [cout] [info]         projection vector: ~[0,0,1]
[2025-05-29 12:44:35.271] [cout] [info]         group 0: ExternalForce: grf1
[2025-05-29 12:44:35.271] [cout] [info]             forces:
[2025-05-29 12:44:35.271] [cout] [info]                 /forceset/Contact_Foot_Ground_L1
[2025-05-29 12:44:35.271] [cout] [info]                 /forceset/Contact_Foot_Ground_L2
[2025-05-29 12:44:35.271] [cout] [info]                 /forceset/Contact_Foot_Ground_L3
[2025-05-29 12:44:35.271] [cout] [info]                 /forceset/Contact_Foot_Ground_L4
[2025-05-29 12:44:35.271] [cout] [info]                 /forceset/Contact_Foot_Ground_L5
[2025-05-29 12:44:35.271] [cout] [info]                 /forceset/Contact_Foot_Ground_L6
[2025-05-29 12:44:35.271] [cout] [info]                 /forceset/Contact_Foot_Ground_L7
[2025-05-29 12:44:35.271] [cout] [info]                 /forceset/Contact_Foot_Ground_L8
[2025-05-29 12:44:35.271] [cout] [info]         group 1: ExternalForce: grf2
[2025-05-29 12:44:35.271] [cout] [info]             forces:
[2025-05-29 12:44:35.271] [cout] [info]                 /forceset/Contact_Foot_Ground_R1
[2025-05-29 12:44:35.271] [cout] [info]                 /forceset/Contact_Foot_Ground_R2
[2025-05-29 12:44:35.271] [cout] [info]                 /forceset/Contact_Foot_Ground_R3
[2025-05-29 12:44:35.271] [cout] [info]                 /forceset/Contact_Foot_Ground_R4
[2025-05-29 12:44:35.271] [cout] [info]                 /forceset/Contact_Foot_Ground_R5
[2025-05-29 12:44:35.271] [cout] [info]                 /forceset/Contact_Foot_Ground_R6
[2025-05-29 12:44:35.271] [cout] [info]                 /forceset/Contact_Foot_Ground_R7
[2025-05-29 12:44:35.271] [cout] [info]                 /forceset/Contact_Foot_Ground_R8
[2025-05-29 12:44:35.271] [cout] [info] Endpoint constraints: (total: 2)
[2025-05-29 12:44:35.271] [cout] [info]   initial_activation. MocoInitialActivationGoal, enabled: true, mode: endpoint_constraint
[2025-05-29 12:44:35.271] [cout] [info]   speed. MocoAverageSpeedGoal, enabled: true, mode: endpoint_constraint
[2025-05-29 12:44:35.271] [cout] [info] Kinematic constraints: none
[2025-05-29 12:44:35.271] [cout] [info] Path constraints: none
[2025-05-29 12:44:35.271] [cout] [info] States: (total: 54)
[2025-05-29 12:44:35.271] [cout] [info]   /forceset/rect_fem_r/activation. bounds: [0.01, 2]
[2025-05-29 12:44:35.271] [cout] [info]   /forceset/gastroc_r/normalized_tendon_force. bounds: [0, 1.5]
[2025-05-29 12:44:35.271] [cout] [info]   /forceset/soleus_r/normalized_tendon_force. bounds: [0, 1.5]
[2025-05-29 12:44:35.271] [cout] [info]   /forceset/rect_fem_l/activation. bounds: [0.01, 2]
[2025-05-29 12:44:35.271] [cout] [info]   /forceset/gastroc_l/normalized_tendon_force. bounds: [0, 1.5]
[2025-05-29 12:44:35.271] [cout] [info]   /forceset/soleus_l/normalized_tendon_force. bounds: [0, 1.5]
[2025-05-29 12:44:35.271] [cout] [info]   /forceset/hamstrings_r/activation. bounds: [0.01, 2]
[2025-05-29 12:44:35.271] [cout] [info]   /jointset/knee_l/knee_angle_l/value. bounds: [-0.744281, 0.124047] initial: [-0.179552, 0.0685416] final: [-0.744281, -0.496187]
[2025-05-29 12:44:35.271] [cout] [info]   /forceset/bifemsh_r/activation. bounds: [0.01, 2]
[2025-05-29 12:44:35.272] [cout] [info]   /forceset/glut_max_r/activation. bounds: [0.01, 2]
[2025-05-29 12:44:35.272] [cout] [info]   /forceset/iliopsoas_r/activation. bounds: [0.01, 2]
[2025-05-29 12:44:35.272] [cout] [info]   /forceset/gastroc_r/activation. bounds: [0.01, 2]
[2025-05-29 12:44:35.272] [cout] [info]   /forceset/vasti_r/activation. bounds: [0.01, 2]
[2025-05-29 12:44:35.272] [cout] [info]   /forceset/soleus_r/activation. bounds: [0.01, 2]
[2025-05-29 12:44:35.272] [cout] [info]   /jointset/mtp_r/mtp_angle_r/speed. bounds: [-50, 50]
[2025-05-29 12:44:35.272] [cout] [info]   /jointset/ground_pelvis/pelvis_tilt/speed. bounds: [-50, 50]
[2025-05-29 12:44:35.272] [cout] [info]   /forceset/dorsiflexors_r/activation. bounds: [0.01, 2]
[2025-05-29 12:44:35.272] [cout] [info]   /jointset/mtp_r/mtp_angle_r/value. bounds: [-0.436332, 1.309]
[2025-05-29 12:44:35.272] [cout] [info]   /jointset/ground_pelvis/pelvis_tilt/value. bounds: [0.197792, 0.312863] initial: [0.208948, 0.241825] final: [0.279986, 0.312863]
[2025-05-29 12:44:35.272] [cout] [info]   /forceset/hamstrings_l/activation. bounds: [0.01, 2]
[2025-05-29 12:44:35.272] [cout] [info]   /forceset/bifemsh_l/activation. bounds: [0.01, 2]
[2025-05-29 12:44:35.272] [cout] [info]   /jointset/ground_pelvis/pelvis_tx/speed. bounds: [-50, 50]
[2025-05-29 12:44:35.272] [cout] [info]   /forceset/glut_max_l/activation. bounds: [0.01, 2]
[2025-05-29 12:44:35.272] [cout] [info]   /forceset/iliopsoas_l/activation. bounds: [0.01, 2]
[2025-05-29 12:44:35.272] [cout] [info]   /forceset/gastroc_l/activation. bounds: [0.01, 2]
[2025-05-29 12:44:35.272] [cout] [info]   /forceset/vasti_l/activation. bounds: [0.01, 2]
[2025-05-29 12:44:35.272] [cout] [info]   /forceset/soleus_l/activation. bounds: [0.01, 2]
[2025-05-29 12:44:35.272] [cout] [info]   /jointset/back/lumbar_ext/value. bounds: [-0.407582, -0.359969] initial: [-0.380067, -0.366463] final: [-0.394557, -0.380953]
[2025-05-29 12:44:35.272] [cout] [info]   /jointset/mtp_l/mtp_angle_l/value. bounds: [-0.436332, 1.309]
[2025-05-29 12:44:35.272] [cout] [info]   /forceset/dorsiflexors_l/activation. bounds: [0.01, 2]
[2025-05-29 12:44:35.272] [cout] [info]   /jointset/ground_pelvis/pelvis_tx/value. bounds: [0.0519195, 0.916899] initial: [0.0519195, 0.299056] final: [0.669762, 0.916899]
[2025-05-29 12:44:35.272] [cout] [info]   /jointset/knee_r/knee_angle_r/speed. bounds: [-50, 50]
[2025-05-29 12:44:35.272] [cout] [info]   /jointset/elbow_l/elbow_flexion_l/value. bounds: [0.272883, 0.824577] initial: [0.272883, 0.43051] final: [0.606855, 0.764482]
[2025-05-29 12:44:35.272] [cout] [info]   /jointset/ankle_l/ankle_angle_l/value. bounds: [-0.193578, 0.117288] initial: [-0.101604, -0.0127849] final: [-0.193578, -0.104759]
[2025-05-29 12:44:35.272] [cout] [info]   /jointset/ground_pelvis/pelvis_ty/value. bounds: [1.01463, 1.14777] initial: [1.0265, 1.12926] final: [1.03209, 1.13762]
[2025-05-29 12:44:35.272] [cout] [info]   /jointset/ankle_r/ankle_angle_r/value. bounds: [-0.226351, -0.00350295] initial: [-0.226351, -0.16268] final: [-0.105004, -0.0413325]
[2025-05-29 12:44:35.272] [cout] [info]   /jointset/hip_r/hip_flexion_r/value. bounds: [-0.279284, 0.228724] initial: [-0.279284, -0.134139] final: [-0.23082, -0.0856748]
[2025-05-29 12:44:35.272] [cout] [info]   /jointset/back/lumbar_ext/speed. bounds: [-50, 50]
[2025-05-29 12:44:35.272] [cout] [info]   /jointset/mtp_l/mtp_angle_l/speed. bounds: [-50, 50]
[2025-05-29 12:44:35.272] [cout] [info]   /jointset/knee_r/knee_angle_r/value. bounds: [-1.32143, 0.191267] initial: [-1.1847, -0.752503] final: [-0.352156, 0.0800418]
[2025-05-29 12:44:35.272] [cout] [info]   /jointset/knee_l/knee_angle_l/speed. bounds: [-50, 50]
[2025-05-29 12:44:35.272] [cout] [info]   /jointset/hip_l/hip_flexion_l/value. bounds: [-0.594953, 0.00315562] initial: [-0.167733, 0.00315562] final: [-0.542119, -0.37123]
[2025-05-29 12:44:35.272] [cout] [info]   /jointset/acromial_r/shoulder_flexion_r/value. bounds: [-0.0875714, 0.139325] initial: [0.0744976, 0.139325] final: [-0.0758496, -0.011022]
[2025-05-29 12:44:35.272] [cout] [info]   /jointset/elbow_r/elbow_flexion_r/value. bounds: [0.244744, 0.427738] initial: [0.375454, 0.427738] final: [0.246804, 0.299088]
[2025-05-29 12:44:35.272] [cout] [info]   /jointset/acromial_l/shoulder_flexion_l/value. bounds: [-0.141572, 0.266899] initial: [-0.141572, -0.0248661] final: [-0.0846317, 0.0320744]
[2025-05-29 12:44:35.272] [cout] [info]   /jointset/elbow_l/elbow_flexion_l/speed. bounds: [-50, 50]
[2025-05-29 12:44:35.272] [cout] [info]   /jointset/ankle_l/ankle_angle_l/speed. bounds: [-50, 50]
[2025-05-29 12:44:35.272] [cout] [info]   /jointset/ground_pelvis/pelvis_ty/speed. bounds: [-50, 50]
[2025-05-29 12:44:35.272] [cout] [info]   /jointset/ankle_r/ankle_angle_r/speed. bounds: [-50, 50]
[2025-05-29 12:44:35.272] [cout] [info]   /jointset/hip_r/hip_flexion_r/speed. bounds: [-50, 50]
[2025-05-29 12:44:35.272] [cout] [info]   /jointset/hip_l/hip_flexion_l/speed. bounds: [-50, 50]
[2025-05-29 12:44:35.272] [cout] [info]   /jointset/acromial_r/shoulder_flexion_r/speed. bounds: [-50, 50]
[2025-05-29 12:44:35.272] [cout] [info]   /jointset/elbow_r/elbow_flexion_r/speed. bounds: [-50, 50]
[2025-05-29 12:44:35.272] [cout] [info]   /jointset/acromial_l/shoulder_flexion_l/speed. bounds: [-50, 50]
[2025-05-29 12:44:35.272] [cout] [info] Controls: (total: 23)
[2025-05-29 12:44:35.272] [cout] [info]   /forceset/hamstrings_r. bounds: [0.01, 1]
[2025-05-29 12:44:35.272] [cout] [info]   /forceset/bifemsh_r. bounds: [0.01, 1]
[2025-05-29 12:44:35.272] [cout] [info]   /forceset/glut_max_r. bounds: [0.01, 1]
[2025-05-29 12:44:35.272] [cout] [info]   /forceset/iliopsoas_r. bounds: [0.01, 1]
[2025-05-29 12:44:35.272] [cout] [info]   /forceset/rect_fem_r. bounds: [0.01, 1]
[2025-05-29 12:44:35.272] [cout] [info]   /forceset/gastroc_r. bounds: [0.01, 1]
[2025-05-29 12:44:35.272] [cout] [info]   /forceset/vasti_r. bounds: [0.01, 1]
[2025-05-29 12:44:35.272] [cout] [info]   /forceset/soleus_r. bounds: [0.01, 1]
[2025-05-29 12:44:35.272] [cout] [info]   /forceset/dorsiflexors_r. bounds: [0.01, 1]
[2025-05-29 12:44:35.272] [cout] [info]   /forceset/hamstrings_l. bounds: [0.01, 1]
[2025-05-29 12:44:35.272] [cout] [info]   /forceset/elbow_flexion_l_torque. bounds: [-inf, inf]
[2025-05-29 12:44:35.272] [cout] [info]   /forceset/bifemsh_l. bounds: [0.01, 1]
[2025-05-29 12:44:35.272] [cout] [info]   /forceset/glut_max_l. bounds: [0.01, 1]
[2025-05-29 12:44:35.272] [cout] [info]   /forceset/lumbar_ext_torque. bounds: [-inf, inf]
[2025-05-29 12:44:35.272] [cout] [info]   /forceset/iliopsoas_l. bounds: [0.01, 1]
[2025-05-29 12:44:35.272] [cout] [info]   /forceset/rect_fem_l. bounds: [0.01, 1]
[2025-05-29 12:44:35.272] [cout] [info]   /forceset/gastroc_l. bounds: [0.01, 1]
[2025-05-29 12:44:35.272] [cout] [info]   /forceset/vasti_l. bounds: [0.01, 1]
[2025-05-29 12:44:35.272] [cout] [info]   /forceset/soleus_l. bounds: [0.01, 1]
[2025-05-29 12:44:35.272] [cout] [info]   /forceset/dorsiflexors_l. bounds: [0.01, 1]
[2025-05-29 12:44:35.272] [cout] [info]   /forceset/shoulder_flexion_r_torque. bounds: [-inf, inf]
[2025-05-29 12:44:35.272] [cout] [info]   /forceset/elbow_flexion_r_torque. bounds: [-inf, inf]
[2025-05-29 12:44:35.272] [cout] [info]   /forceset/shoulder_flexion_l_torque. bounds: [-inf, inf]
[2025-05-29 12:44:35.272] [cout] [info] Parameters: none
[2025-05-29 12:44:36.227] [info] Number of threads: 8
[2025-05-29 12:48:11.881] [info] Set log level to Info.
[2025-05-29 12:48:11.888] [info] ------------------------------------------------------------------------
[2025-05-29 12:48:11.888] [info] Elapsed real time: 217 second(s) (3 minute(s), 37 second(s)).
[2025-05-29 12:48:11.888] [info] Thu May 29 12:48:11 2025
[2025-05-29 12:48:11.888] [warning] MocoCasADiSolver did NOT succeed:
[2025-05-29 12:48:11.888] [warning]   User_Requested_Stop
[2025-05-29 12:48:11.888] [info] ========================================================================
[2025-05-29 12:48:41.877] [cout] [info] Exiting visualization.
[2025-05-29 12:49:06.016] [info] ========================================================================
[2025-05-29 12:49:06.016] [info] MocoCasADiSolver starting.
[2025-05-29 12:49:06.016] [info] Thu May 29 12:49:06 2025
[2025-05-29 12:49:06.016] [info] ------------------------------------------------------------------------
[2025-05-29 12:49:06.016] [cout] [info] Costs: (total: 3)
[2025-05-29 12:49:06.016] [cout] [info]   state_tracking. MocoStateTrackingGoal, enabled: true, mode: cost, weight: 1.0
[2025-05-29 12:49:06.016] [cout] [info]         state: /jointset/ground_pelvis/pelvis_tilt/value, weight: 12.1664
[2025-05-29 12:49:06.016] [cout] [info]         state: /jointset/ground_pelvis/pelvis_tx/value, weight: 0.0
[2025-05-29 12:49:06.016] [cout] [info]         state: /jointset/ground_pelvis/pelvis_ty/value, weight: 36.2107
[2025-05-29 12:49:06.016] [cout] [info]         state: /jointset/hip_r/hip_flexion_r/value, weight: 2.75586
[2025-05-29 12:49:06.016] [cout] [info]         state: /jointset/hip_l/hip_flexion_l/value, weight: 2.34071
[2025-05-29 12:49:06.016] [cout] [info]         state: /jointset/back/lumbar_ext/value, weight: 29.4037
[2025-05-29 12:49:06.016] [cout] [info]         state: /jointset/knee_r/knee_angle_r/value, weight: 0.925501
[2025-05-29 12:49:06.016] [cout] [info]         state: /jointset/knee_l/knee_angle_l/value, weight: 1.61229
[2025-05-29 12:49:06.016] [cout] [info]         state: /jointset/acromial_r/shoulder_flexion_r/value, weight: 6.17021
[2025-05-29 12:49:06.016] [cout] [info]         state: /jointset/acromial_l/shoulder_flexion_l/value, weight: 3.42741
[2025-05-29 12:49:06.016] [cout] [info]         state: /jointset/ankle_r/ankle_angle_r/value, weight: 6.2823
[2025-05-29 12:49:06.016] [cout] [info]         state: /jointset/ankle_l/ankle_angle_l/value, weight: 4.50354
[2025-05-29 12:49:06.016] [cout] [info]         state: /jointset/elbow_r/elbow_flexion_r/value, weight: 7.65053
[2025-05-29 12:49:06.016] [cout] [info]         state: /jointset/elbow_l/elbow_flexion_l/value, weight: 2.53764
[2025-05-29 12:49:06.016] [cout] [info]         state: /jointset/ground_pelvis/pelvis_tilt/speed, weight: 0.930004
[2025-05-29 12:49:06.016] [cout] [info]         state: /jointset/ground_pelvis/pelvis_tx/speed, weight: 0.0
[2025-05-29 12:49:06.016] [cout] [info]         state: /jointset/ground_pelvis/pelvis_ty/speed, weight: 2.72873
[2025-05-29 12:49:06.016] [cout] [info]         state: /jointset/hip_r/hip_flexion_r/speed, weight: 0.25556
[2025-05-29 12:49:06.016] [cout] [info]         state: /jointset/hip_l/hip_flexion_l/speed, weight: 0.339587
[2025-05-29 12:49:06.016] [cout] [info]         state: /jointset/back/lumbar_ext/speed, weight: 1.50353
[2025-05-29 12:49:06.016] [cout] [info]         state: /jointset/knee_r/knee_angle_r/speed, weight: 0.122041
[2025-05-29 12:49:06.016] [cout] [info]         state: /jointset/knee_l/knee_angle_l/speed, weight: 0.221248
[2025-05-29 12:49:06.016] [cout] [info]         state: /jointset/acromial_r/shoulder_flexion_r/speed, weight: 0.771884
[2025-05-29 12:49:06.016] [cout] [info]         state: /jointset/acromial_l/shoulder_flexion_l/speed, weight: 0.32994
[2025-05-29 12:49:06.016] [cout] [info]         state: /jointset/ankle_r/ankle_angle_r/speed, weight: 0.619564
[2025-05-29 12:49:06.016] [cout] [info]         state: /jointset/ankle_l/ankle_angle_l/speed, weight: 0.480794
[2025-05-29 12:49:06.016] [cout] [info]         state: /jointset/elbow_r/elbow_flexion_r/speed, weight: 1.70026
[2025-05-29 12:49:06.016] [cout] [info]         state: /jointset/elbow_l/elbow_flexion_l/speed, weight: 0.474488
[2025-05-29 12:49:06.016] [cout] [info]         state: /jointset/mtp_r/mtp_angle_r/value, weight: 0.0
[2025-05-29 12:49:06.016] [cout] [info]         state: /jointset/mtp_r/mtp_angle_r/speed, weight: 0.0
[2025-05-29 12:49:06.016] [cout] [info]         state: /jointset/mtp_l/mtp_angle_l/value, weight: 0.0
[2025-05-29 12:49:06.016] [cout] [info]         state: /jointset/mtp_l/mtp_angle_l/speed, weight: 0.0
[2025-05-29 12:49:06.016] [cout] [info]   control_effort. MocoControlGoal, enabled: true, mode: cost, weight: 10.0
[2025-05-29 12:49:06.016] [cout] [info]         control: /forceset/hamstrings_r, weight: 1.0
[2025-05-29 12:49:06.016] [cout] [info]         control: /forceset/bifemsh_r, weight: 1.0
[2025-05-29 12:49:06.016] [cout] [info]         control: /forceset/glut_max_r, weight: 1.0
[2025-05-29 12:49:06.016] [cout] [info]         control: /forceset/iliopsoas_r, weight: 1.0
[2025-05-29 12:49:06.016] [cout] [info]         control: /forceset/rect_fem_r, weight: 1.0
[2025-05-29 12:49:06.016] [cout] [info]         control: /forceset/vasti_r, weight: 1.0
[2025-05-29 12:49:06.017] [cout] [info]         control: /forceset/gastroc_r, weight: 1.0
[2025-05-29 12:49:06.017] [cout] [info]         control: /forceset/soleus_r, weight: 1.0
[2025-05-29 12:49:06.017] [cout] [info]         control: /forceset/dorsiflexors_r, weight: 1.0
[2025-05-29 12:49:06.017] [cout] [info]         control: /forceset/hamstrings_l, weight: 1.0
[2025-05-29 12:49:06.017] [cout] [info]         control: /forceset/bifemsh_l, weight: 1.0
[2025-05-29 12:49:06.017] [cout] [info]         control: /forceset/glut_max_l, weight: 1.0
[2025-05-29 12:49:06.017] [cout] [info]         control: /forceset/iliopsoas_l, weight: 1.0
[2025-05-29 12:49:06.017] [cout] [info]         control: /forceset/rect_fem_l, weight: 1.0
[2025-05-29 12:49:06.017] [cout] [info]         control: /forceset/vasti_l, weight: 1.0
[2025-05-29 12:49:06.017] [cout] [info]         control: /forceset/gastroc_l, weight: 1.0
[2025-05-29 12:49:06.017] [cout] [info]         control: /forceset/soleus_l, weight: 1.0
[2025-05-29 12:49:06.017] [cout] [info]         control: /forceset/dorsiflexors_l, weight: 1.0
[2025-05-29 12:49:06.017] [cout] [info]         control: /forceset/lumbar_ext_torque, weight: 1.0
[2025-05-29 12:49:06.017] [cout] [info]         control: /forceset/shoulder_flexion_r_torque, weight: 1.0
[2025-05-29 12:49:06.017] [cout] [info]         control: /forceset/elbow_flexion_r_torque, weight: 1.0
[2025-05-29 12:49:06.017] [cout] [info]         control: /forceset/shoulder_flexion_l_torque, weight: 1.0
[2025-05-29 12:49:06.017] [cout] [info]         control: /forceset/elbow_flexion_l_torque, weight: 1.0
[2025-05-29 12:49:06.017] [cout] [info]   contact. MocoContactTrackingGoal, enabled: true, mode: cost, weight: 0.5
[2025-05-29 12:49:06.017] [cout] [info]         projection type: plane
[2025-05-29 12:49:06.017] [cout] [info]         projection vector: ~[0,0,1]
[2025-05-29 12:49:06.017] [cout] [info]         group 0: ExternalForce: grf1
[2025-05-29 12:49:06.017] [cout] [info]             forces:
[2025-05-29 12:49:06.017] [cout] [info]                 /forceset/Contact_Foot_Ground_L1
[2025-05-29 12:49:06.017] [cout] [info]                 /forceset/Contact_Foot_Ground_L2
[2025-05-29 12:49:06.017] [cout] [info]                 /forceset/Contact_Foot_Ground_L3
[2025-05-29 12:49:06.017] [cout] [info]                 /forceset/Contact_Foot_Ground_L4
[2025-05-29 12:49:06.017] [cout] [info]                 /forceset/Contact_Foot_Ground_L5
[2025-05-29 12:49:06.017] [cout] [info]                 /forceset/Contact_Foot_Ground_L6
[2025-05-29 12:49:06.017] [cout] [info]                 /forceset/Contact_Foot_Ground_L7
[2025-05-29 12:49:06.017] [cout] [info]                 /forceset/Contact_Foot_Ground_L8
[2025-05-29 12:49:06.017] [cout] [info]         group 1: ExternalForce: grf2
[2025-05-29 12:49:06.017] [cout] [info]             forces:
[2025-05-29 12:49:06.017] [cout] [info]                 /forceset/Contact_Foot_Ground_R1
[2025-05-29 12:49:06.017] [cout] [info]                 /forceset/Contact_Foot_Ground_R2
[2025-05-29 12:49:06.017] [cout] [info]                 /forceset/Contact_Foot_Ground_R3
[2025-05-29 12:49:06.017] [cout] [info]                 /forceset/Contact_Foot_Ground_R4
[2025-05-29 12:49:06.017] [cout] [info]                 /forceset/Contact_Foot_Ground_R5
[2025-05-29 12:49:06.017] [cout] [info]                 /forceset/Contact_Foot_Ground_R6
[2025-05-29 12:49:06.017] [cout] [info]                 /forceset/Contact_Foot_Ground_R7
[2025-05-29 12:49:06.017] [cout] [info]                 /forceset/Contact_Foot_Ground_R8
[2025-05-29 12:49:06.017] [cout] [info] Endpoint constraints: (total: 2)
[2025-05-29 12:49:06.017] [cout] [info]   initial_activation. MocoInitialActivationGoal, enabled: true, mode: endpoint_constraint
[2025-05-29 12:49:06.017] [cout] [info]   speed. MocoAverageSpeedGoal, enabled: true, mode: endpoint_constraint
[2025-05-29 12:49:06.017] [cout] [info] Kinematic constraints: none
[2025-05-29 12:49:06.017] [cout] [info] Path constraints: none
[2025-05-29 12:49:06.017] [cout] [info] States: (total: 54)
[2025-05-29 12:49:06.017] [cout] [info]   /forceset/rect_fem_r/activation. bounds: [0.01, 2]
[2025-05-29 12:49:06.017] [cout] [info]   /forceset/gastroc_r/normalized_tendon_force. bounds: [0, 1.5]
[2025-05-29 12:49:06.017] [cout] [info]   /forceset/soleus_r/normalized_tendon_force. bounds: [0, 1.5]
[2025-05-29 12:49:06.017] [cout] [info]   /forceset/rect_fem_l/activation. bounds: [0.01, 2]
[2025-05-29 12:49:06.017] [cout] [info]   /forceset/gastroc_l/normalized_tendon_force. bounds: [0, 1.5]
[2025-05-29 12:49:06.017] [cout] [info]   /forceset/soleus_l/normalized_tendon_force. bounds: [0, 1.5]
[2025-05-29 12:49:06.017] [cout] [info]   /forceset/hamstrings_r/activation. bounds: [0.01, 2]
[2025-05-29 12:49:06.017] [cout] [info]   /jointset/knee_l/knee_angle_l/value. bounds: [-0.744281, 0.124047] initial: [-0.179552, 0.0685416] final: [-0.744281, -0.496187]
[2025-05-29 12:49:06.017] [cout] [info]   /forceset/bifemsh_r/activation. bounds: [0.01, 2]
[2025-05-29 12:49:06.017] [cout] [info]   /forceset/glut_max_r/activation. bounds: [0.01, 2]
[2025-05-29 12:49:06.017] [cout] [info]   /forceset/iliopsoas_r/activation. bounds: [0.01, 2]
[2025-05-29 12:49:06.017] [cout] [info]   /forceset/gastroc_r/activation. bounds: [0.01, 2]
[2025-05-29 12:49:06.017] [cout] [info]   /forceset/vasti_r/activation. bounds: [0.01, 2]
[2025-05-29 12:49:06.017] [cout] [info]   /forceset/soleus_r/activation. bounds: [0.01, 2]
[2025-05-29 12:49:06.017] [cout] [info]   /jointset/mtp_r/mtp_angle_r/speed. bounds: [-50, 50]
[2025-05-29 12:49:06.017] [cout] [info]   /jointset/ground_pelvis/pelvis_tilt/speed. bounds: [-50, 50]
[2025-05-29 12:49:06.017] [cout] [info]   /forceset/dorsiflexors_r/activation. bounds: [0.01, 2]
[2025-05-29 12:49:06.017] [cout] [info]   /jointset/mtp_r/mtp_angle_r/value. bounds: [-0.436332, 1.309]
[2025-05-29 12:49:06.017] [cout] [info]   /jointset/ground_pelvis/pelvis_tilt/value. bounds: [0.197792, 0.312863] initial: [0.208948, 0.241825] final: [0.279986, 0.312863]
[2025-05-29 12:49:06.017] [cout] [info]   /forceset/hamstrings_l/activation. bounds: [0.01, 2]
[2025-05-29 12:49:06.017] [cout] [info]   /forceset/bifemsh_l/activation. bounds: [0.01, 2]
[2025-05-29 12:49:06.017] [cout] [info]   /jointset/ground_pelvis/pelvis_tx/speed. bounds: [-50, 50]
[2025-05-29 12:49:06.017] [cout] [info]   /forceset/glut_max_l/activation. bounds: [0.01, 2]
[2025-05-29 12:49:06.017] [cout] [info]   /forceset/iliopsoas_l/activation. bounds: [0.01, 2]
[2025-05-29 12:49:06.017] [cout] [info]   /forceset/gastroc_l/activation. bounds: [0.01, 2]
[2025-05-29 12:49:06.017] [cout] [info]   /forceset/vasti_l/activation. bounds: [0.01, 2]
[2025-05-29 12:49:06.017] [cout] [info]   /forceset/soleus_l/activation. bounds: [0.01, 2]
[2025-05-29 12:49:06.017] [cout] [info]   /jointset/back/lumbar_ext/value. bounds: [-0.407582, -0.359969] initial: [-0.380067, -0.366463] final: [-0.394557, -0.380953]
[2025-05-29 12:49:06.017] [cout] [info]   /jointset/mtp_l/mtp_angle_l/value. bounds: [-0.436332, 1.309]
[2025-05-29 12:49:06.017] [cout] [info]   /forceset/dorsiflexors_l/activation. bounds: [0.01, 2]
[2025-05-29 12:49:06.017] [cout] [info]   /jointset/ground_pelvis/pelvis_tx/value. bounds: [0.0519195, 0.916899] initial: [0.0519195, 0.299056] final: [0.669762, 0.916899]
[2025-05-29 12:49:06.017] [cout] [info]   /jointset/knee_r/knee_angle_r/speed. bounds: [-50, 50]
[2025-05-29 12:49:06.017] [cout] [info]   /jointset/elbow_l/elbow_flexion_l/value. bounds: [0.272883, 0.824577] initial: [0.272883, 0.43051] final: [0.606855, 0.764482]
[2025-05-29 12:49:06.017] [cout] [info]   /jointset/ankle_l/ankle_angle_l/value. bounds: [-0.193578, 0.117288] initial: [-0.101604, -0.0127849] final: [-0.193578, -0.104759]
[2025-05-29 12:49:06.017] [cout] [info]   /jointset/ground_pelvis/pelvis_ty/value. bounds: [1.01463, 1.14777] initial: [1.0265, 1.12926] final: [1.03209, 1.13762]
[2025-05-29 12:49:06.017] [cout] [info]   /jointset/ankle_r/ankle_angle_r/value. bounds: [-0.226351, -0.00350295] initial: [-0.226351, -0.16268] final: [-0.105004, -0.0413325]
[2025-05-29 12:49:06.017] [cout] [info]   /jointset/hip_r/hip_flexion_r/value. bounds: [-0.279284, 0.228724] initial: [-0.279284, -0.134139] final: [-0.23082, -0.0856748]
[2025-05-29 12:49:06.017] [cout] [info]   /jointset/back/lumbar_ext/speed. bounds: [-50, 50]
[2025-05-29 12:49:06.017] [cout] [info]   /jointset/mtp_l/mtp_angle_l/speed. bounds: [-50, 50]
[2025-05-29 12:49:06.017] [cout] [info]   /jointset/knee_r/knee_angle_r/value. bounds: [-1.32143, 0.191267] initial: [-1.1847, -0.752503] final: [-0.352156, 0.0800418]
[2025-05-29 12:49:06.017] [cout] [info]   /jointset/knee_l/knee_angle_l/speed. bounds: [-50, 50]
[2025-05-29 12:49:06.017] [cout] [info]   /jointset/hip_l/hip_flexion_l/value. bounds: [-0.594953, 0.00315562] initial: [-0.167733, 0.00315562] final: [-0.542119, -0.37123]
[2025-05-29 12:49:06.017] [cout] [info]   /jointset/acromial_r/shoulder_flexion_r/value. bounds: [-0.0875714, 0.139325] initial: [0.0744976, 0.139325] final: [-0.0758496, -0.011022]
[2025-05-29 12:49:06.017] [cout] [info]   /jointset/elbow_r/elbow_flexion_r/value. bounds: [0.244744, 0.427738] initial: [0.375454, 0.427738] final: [0.246804, 0.299088]
[2025-05-29 12:49:06.017] [cout] [info]   /jointset/acromial_l/shoulder_flexion_l/value. bounds: [-0.141572, 0.266899] initial: [-0.141572, -0.0248661] final: [-0.0846317, 0.0320744]
[2025-05-29 12:49:06.017] [cout] [info]   /jointset/elbow_l/elbow_flexion_l/speed. bounds: [-50, 50]
[2025-05-29 12:49:06.017] [cout] [info]   /jointset/ankle_l/ankle_angle_l/speed. bounds: [-50, 50]
[2025-05-29 12:49:06.017] [cout] [info]   /jointset/ground_pelvis/pelvis_ty/speed. bounds: [-50, 50]
[2025-05-29 12:49:06.017] [cout] [info]   /jointset/ankle_r/ankle_angle_r/speed. bounds: [-50, 50]
[2025-05-29 12:49:06.017] [cout] [info]   /jointset/hip_r/hip_flexion_r/speed. bounds: [-50, 50]
[2025-05-29 12:49:06.017] [cout] [info]   /jointset/hip_l/hip_flexion_l/speed. bounds: [-50, 50]
[2025-05-29 12:49:06.017] [cout] [info]   /jointset/acromial_r/shoulder_flexion_r/speed. bounds: [-50, 50]
[2025-05-29 12:49:06.017] [cout] [info]   /jointset/elbow_r/elbow_flexion_r/speed. bounds: [-50, 50]
[2025-05-29 12:49:06.017] [cout] [info]   /jointset/acromial_l/shoulder_flexion_l/speed. bounds: [-50, 50]
[2025-05-29 12:49:06.017] [cout] [info] Controls: (total: 23)
[2025-05-29 12:49:06.017] [cout] [info]   /forceset/hamstrings_r. bounds: [0.01, 1]
[2025-05-29 12:49:06.017] [cout] [info]   /forceset/bifemsh_r. bounds: [0.01, 1]
[2025-05-29 12:49:06.017] [cout] [info]   /forceset/glut_max_r. bounds: [0.01, 1]
[2025-05-29 12:49:06.017] [cout] [info]   /forceset/iliopsoas_r. bounds: [0.01, 1]
[2025-05-29 12:49:06.017] [cout] [info]   /forceset/rect_fem_r. bounds: [0.01, 1]
[2025-05-29 12:49:06.018] [cout] [info]   /forceset/gastroc_r. bounds: [0.01, 1]
[2025-05-29 12:49:06.018] [cout] [info]   /forceset/vasti_r. bounds: [0.01, 1]
[2025-05-29 12:49:06.018] [cout] [info]   /forceset/soleus_r. bounds: [0.01, 1]
[2025-05-29 12:49:06.018] [cout] [info]   /forceset/dorsiflexors_r. bounds: [0.01, 1]
[2025-05-29 12:49:06.018] [cout] [info]   /forceset/hamstrings_l. bounds: [0.01, 1]
[2025-05-29 12:49:06.018] [cout] [info]   /forceset/elbow_flexion_l_torque. bounds: [-inf, inf]
[2025-05-29 12:49:06.018] [cout] [info]   /forceset/bifemsh_l. bounds: [0.01, 1]
[2025-05-29 12:49:06.018] [cout] [info]   /forceset/glut_max_l. bounds: [0.01, 1]
[2025-05-29 12:49:06.018] [cout] [info]   /forceset/lumbar_ext_torque. bounds: [-inf, inf]
[2025-05-29 12:49:06.018] [cout] [info]   /forceset/iliopsoas_l. bounds: [0.01, 1]
[2025-05-29 12:49:06.018] [cout] [info]   /forceset/rect_fem_l. bounds: [0.01, 1]
[2025-05-29 12:49:06.018] [cout] [info]   /forceset/gastroc_l. bounds: [0.01, 1]
[2025-05-29 12:49:06.018] [cout] [info]   /forceset/vasti_l. bounds: [0.01, 1]
[2025-05-29 12:49:06.018] [cout] [info]   /forceset/soleus_l. bounds: [0.01, 1]
[2025-05-29 12:49:06.018] [cout] [info]   /forceset/dorsiflexors_l. bounds: [0.01, 1]
[2025-05-29 12:49:06.018] [cout] [info]   /forceset/shoulder_flexion_r_torque. bounds: [-inf, inf]
[2025-05-29 12:49:06.018] [cout] [info]   /forceset/elbow_flexion_r_torque. bounds: [-inf, inf]
[2025-05-29 12:49:06.018] [cout] [info]   /forceset/shoulder_flexion_l_torque. bounds: [-inf, inf]
[2025-05-29 12:49:06.018] [cout] [info] Parameters: none
[2025-05-29 12:49:06.926] [info] Number of threads: 8
[2025-05-29 13:02:50.262] [info] Set log level to Info.
[2025-05-29 13:02:50.264] [info] ------------------------------------------------------------------------
[2025-05-29 13:02:50.264] [info] Elapsed real time: 824 second(s) (13 minute(s), 44 second(s)).
[2025-05-29 13:02:50.264] [info] Thu May 29 13:02:50 2025
[2025-05-29 13:02:50.264] [warning] MocoCasADiSolver did NOT succeed:
[2025-05-29 13:02:50.264] [warning]   Maximum_Iterations_Exceeded
[2025-05-29 13:02:50.264] [info] ========================================================================
[2025-05-29 13:03:53.312] [cout] [info] Exiting visualization.
[2025-05-29 13:04:05.405] [info] Loaded model 2014014_2d from file 2014014_C4_04_initial-model_2d.osim
[2025-05-29 13:05:22.312] [info] ========================================================================
[2025-05-29 13:05:22.312] [info] MocoCasADiSolver starting.
[2025-05-29 13:05:22.312] [info] Thu May 29 13:05:22 2025
[2025-05-29 13:05:22.312] [info] ------------------------------------------------------------------------
[2025-05-29 13:05:22.312] [cout] [info] Costs: (total: 3)
[2025-05-29 13:05:22.312] [cout] [info]   state_tracking. MocoStateTrackingGoal, enabled: true, mode: cost, weight: 1.0
[2025-05-29 13:05:22.312] [cout] [info]         state: /jointset/ground_pelvis/pelvis_tilt/value, weight: 1.0
[2025-05-29 13:05:22.312] [cout] [info]         state: /jointset/ground_pelvis/pelvis_tx/value, weight: 0.0
[2025-05-29 13:05:22.312] [cout] [info]         state: /jointset/ground_pelvis/pelvis_ty/value, weight: 1.0
[2025-05-29 13:05:22.312] [cout] [info]         state: /jointset/hip_r/hip_flexion_r/value, weight: 1.0
[2025-05-29 13:05:22.312] [cout] [info]         state: /jointset/hip_l/hip_flexion_l/value, weight: 1.0
[2025-05-29 13:05:22.312] [cout] [info]         state: /jointset/back/lumbar_ext/value, weight: 1.0
[2025-05-29 13:05:22.312] [cout] [info]         state: /jointset/knee_r/knee_angle_r/value, weight: 1.0
[2025-05-29 13:05:22.312] [cout] [info]         state: /jointset/knee_l/knee_angle_l/value, weight: 1.0
[2025-05-29 13:05:22.312] [cout] [info]         state: /jointset/acromial_r/shoulder_flexion_r/value, weight: 1.0
[2025-05-29 13:05:22.312] [cout] [info]         state: /jointset/acromial_l/shoulder_flexion_l/value, weight: 1.0
[2025-05-29 13:05:22.312] [cout] [info]         state: /jointset/ankle_r/ankle_angle_r/value, weight: 1.0
[2025-05-29 13:05:22.312] [cout] [info]         state: /jointset/ankle_l/ankle_angle_l/value, weight: 1.0
[2025-05-29 13:05:22.312] [cout] [info]         state: /jointset/elbow_r/elbow_flexion_r/value, weight: 1.0
[2025-05-29 13:05:22.312] [cout] [info]         state: /jointset/elbow_l/elbow_flexion_l/value, weight: 1.0
[2025-05-29 13:05:22.312] [cout] [info]         state: /jointset/ground_pelvis/pelvis_tilt/speed, weight: 1.0
[2025-05-29 13:05:22.312] [cout] [info]         state: /jointset/ground_pelvis/pelvis_tx/speed, weight: 0.0
[2025-05-29 13:05:22.312] [cout] [info]         state: /jointset/ground_pelvis/pelvis_ty/speed, weight: 1.0
[2025-05-29 13:05:22.312] [cout] [info]         state: /jointset/hip_r/hip_flexion_r/speed, weight: 1.0
[2025-05-29 13:05:22.312] [cout] [info]         state: /jointset/hip_l/hip_flexion_l/speed, weight: 1.0
[2025-05-29 13:05:22.313] [cout] [info]         state: /jointset/back/lumbar_ext/speed, weight: 1.0
[2025-05-29 13:05:22.313] [cout] [info]         state: /jointset/knee_r/knee_angle_r/speed, weight: 1.0
[2025-05-29 13:05:22.313] [cout] [info]         state: /jointset/knee_l/knee_angle_l/speed, weight: 1.0
[2025-05-29 13:05:22.313] [cout] [info]         state: /jointset/acromial_r/shoulder_flexion_r/speed, weight: 1.0
[2025-05-29 13:05:22.313] [cout] [info]         state: /jointset/acromial_l/shoulder_flexion_l/speed, weight: 1.0
[2025-05-29 13:05:22.313] [cout] [info]         state: /jointset/ankle_r/ankle_angle_r/speed, weight: 1.0
[2025-05-29 13:05:22.313] [cout] [info]         state: /jointset/ankle_l/ankle_angle_l/speed, weight: 1.0
[2025-05-29 13:05:22.313] [cout] [info]         state: /jointset/elbow_r/elbow_flexion_r/speed, weight: 1.0
[2025-05-29 13:05:22.313] [cout] [info]         state: /jointset/elbow_l/elbow_flexion_l/speed, weight: 1.0
[2025-05-29 13:05:22.313] [cout] [info]         state: /jointset/mtp_r/mtp_angle_r/value, weight: 0.0
[2025-05-29 13:05:22.313] [cout] [info]         state: /jointset/mtp_r/mtp_angle_r/speed, weight: 0.0
[2025-05-29 13:05:22.313] [cout] [info]         state: /jointset/mtp_l/mtp_angle_l/value, weight: 0.0
[2025-05-29 13:05:22.313] [cout] [info]         state: /jointset/mtp_l/mtp_angle_l/speed, weight: 0.0
[2025-05-29 13:05:22.313] [cout] [info]   control_effort. MocoControlGoal, enabled: true, mode: cost, weight: 10.0
[2025-05-29 13:05:22.313] [cout] [info]         control: /forceset/hamstrings_r, weight: 1.0
[2025-05-29 13:05:22.313] [cout] [info]         control: /forceset/bifemsh_r, weight: 1.0
[2025-05-29 13:05:22.313] [cout] [info]         control: /forceset/glut_max_r, weight: 1.0
[2025-05-29 13:05:22.313] [cout] [info]         control: /forceset/iliopsoas_r, weight: 1.0
[2025-05-29 13:05:22.313] [cout] [info]         control: /forceset/rect_fem_r, weight: 1.0
[2025-05-29 13:05:22.313] [cout] [info]         control: /forceset/vasti_r, weight: 1.0
[2025-05-29 13:05:22.313] [cout] [info]         control: /forceset/gastroc_r, weight: 1.0
[2025-05-29 13:05:22.313] [cout] [info]         control: /forceset/soleus_r, weight: 1.0
[2025-05-29 13:05:22.313] [cout] [info]         control: /forceset/dorsiflexors_r, weight: 1.0
[2025-05-29 13:05:22.313] [cout] [info]         control: /forceset/hamstrings_l, weight: 1.0
[2025-05-29 13:05:22.313] [cout] [info]         control: /forceset/bifemsh_l, weight: 1.0
[2025-05-29 13:05:22.313] [cout] [info]         control: /forceset/glut_max_l, weight: 1.0
[2025-05-29 13:05:22.313] [cout] [info]         control: /forceset/iliopsoas_l, weight: 1.0
[2025-05-29 13:05:22.313] [cout] [info]         control: /forceset/rect_fem_l, weight: 1.0
[2025-05-29 13:05:22.313] [cout] [info]         control: /forceset/vasti_l, weight: 1.0
[2025-05-29 13:05:22.313] [cout] [info]         control: /forceset/gastroc_l, weight: 1.0
[2025-05-29 13:05:22.313] [cout] [info]         control: /forceset/soleus_l, weight: 1.0
[2025-05-29 13:05:22.313] [cout] [info]         control: /forceset/dorsiflexors_l, weight: 1.0
[2025-05-29 13:05:22.313] [cout] [info]         control: /forceset/lumbar_ext_torque, weight: 1.0
[2025-05-29 13:05:22.313] [cout] [info]         control: /forceset/shoulder_flexion_r_torque, weight: 1.0
[2025-05-29 13:05:22.313] [cout] [info]         control: /forceset/elbow_flexion_r_torque, weight: 1.0
[2025-05-29 13:05:22.313] [cout] [info]         control: /forceset/shoulder_flexion_l_torque, weight: 1.0
[2025-05-29 13:05:22.313] [cout] [info]         control: /forceset/elbow_flexion_l_torque, weight: 1.0
[2025-05-29 13:05:22.313] [cout] [info]   contact. MocoContactTrackingGoal, enabled: true, mode: cost, weight: 0.5
[2025-05-29 13:05:22.313] [cout] [info]         projection type: plane
[2025-05-29 13:05:22.313] [cout] [info]         projection vector: ~[0,0,1]
[2025-05-29 13:05:22.313] [cout] [info]         group 0: ExternalForce: grf1
[2025-05-29 13:05:22.313] [cout] [info]             forces:
[2025-05-29 13:05:22.313] [cout] [info]                 /forceset/Contact_Foot_Ground_L1
[2025-05-29 13:05:22.313] [cout] [info]                 /forceset/Contact_Foot_Ground_L2
[2025-05-29 13:05:22.313] [cout] [info]                 /forceset/Contact_Foot_Ground_L3
[2025-05-29 13:05:22.313] [cout] [info]                 /forceset/Contact_Foot_Ground_L4
[2025-05-29 13:05:22.313] [cout] [info]                 /forceset/Contact_Foot_Ground_L5
[2025-05-29 13:05:22.313] [cout] [info]                 /forceset/Contact_Foot_Ground_L6
[2025-05-29 13:05:22.313] [cout] [info]                 /forceset/Contact_Foot_Ground_L7
[2025-05-29 13:05:22.313] [cout] [info]                 /forceset/Contact_Foot_Ground_L8
[2025-05-29 13:05:22.313] [cout] [info]         group 1: ExternalForce: grf2
[2025-05-29 13:05:22.313] [cout] [info]             forces:
[2025-05-29 13:05:22.313] [cout] [info]                 /forceset/Contact_Foot_Ground_R1
[2025-05-29 13:05:22.313] [cout] [info]                 /forceset/Contact_Foot_Ground_R2
[2025-05-29 13:05:22.313] [cout] [info]                 /forceset/Contact_Foot_Ground_R3
[2025-05-29 13:05:22.313] [cout] [info]                 /forceset/Contact_Foot_Ground_R4
[2025-05-29 13:05:22.313] [cout] [info]                 /forceset/Contact_Foot_Ground_R5
[2025-05-29 13:05:22.313] [cout] [info]                 /forceset/Contact_Foot_Ground_R6
[2025-05-29 13:05:22.313] [cout] [info]                 /forceset/Contact_Foot_Ground_R7
[2025-05-29 13:05:22.313] [cout] [info]                 /forceset/Contact_Foot_Ground_R8
[2025-05-29 13:05:22.313] [cout] [info] Endpoint constraints: (total: 2)
[2025-05-29 13:05:22.313] [cout] [info]   initial_activation. MocoInitialActivationGoal, enabled: true, mode: endpoint_constraint
[2025-05-29 13:05:22.313] [cout] [info]   speed. MocoAverageSpeedGoal, enabled: true, mode: endpoint_constraint
[2025-05-29 13:05:22.313] [cout] [info] Kinematic constraints: none
[2025-05-29 13:05:22.313] [cout] [info] Path constraints: none
[2025-05-29 13:05:22.313] [cout] [info] States: (total: 54)
[2025-05-29 13:05:22.313] [cout] [info]   /forceset/rect_fem_r/activation. bounds: [0.01, 2]
[2025-05-29 13:05:22.313] [cout] [info]   /forceset/gastroc_r/normalized_tendon_force. bounds: [0, 1.5]
[2025-05-29 13:05:22.313] [cout] [info]   /forceset/soleus_r/normalized_tendon_force. bounds: [0, 1.5]
[2025-05-29 13:05:22.313] [cout] [info]   /forceset/rect_fem_l/activation. bounds: [0.01, 2]
[2025-05-29 13:05:22.313] [cout] [info]   /forceset/gastroc_l/normalized_tendon_force. bounds: [0, 1.5]
[2025-05-29 13:05:22.313] [cout] [info]   /forceset/soleus_l/normalized_tendon_force. bounds: [0, 1.5]
[2025-05-29 13:05:22.313] [cout] [info]   /forceset/hamstrings_r/activation. bounds: [0.01, 2]
[2025-05-29 13:05:22.313] [cout] [info]   /jointset/knee_l/knee_angle_l/value. bounds: [-0.744281, 0.124047] initial: [-0.179552, 0.0685416] final: [-0.744281, -0.496187]
[2025-05-29 13:05:22.313] [cout] [info]   /forceset/bifemsh_r/activation. bounds: [0.01, 2]
[2025-05-29 13:05:22.313] [cout] [info]   /forceset/glut_max_r/activation. bounds: [0.01, 2]
[2025-05-29 13:05:22.313] [cout] [info]   /forceset/iliopsoas_r/activation. bounds: [0.01, 2]
[2025-05-29 13:05:22.313] [cout] [info]   /forceset/gastroc_r/activation. bounds: [0.01, 2]
[2025-05-29 13:05:22.313] [cout] [info]   /forceset/vasti_r/activation. bounds: [0.01, 2]
[2025-05-29 13:05:22.313] [cout] [info]   /forceset/soleus_r/activation. bounds: [0.01, 2]
[2025-05-29 13:05:22.313] [cout] [info]   /jointset/mtp_r/mtp_angle_r/speed. bounds: [-50, 50]
[2025-05-29 13:05:22.313] [cout] [info]   /jointset/ground_pelvis/pelvis_tilt/speed. bounds: [-50, 50]
[2025-05-29 13:05:22.313] [cout] [info]   /forceset/dorsiflexors_r/activation. bounds: [0.01, 2]
[2025-05-29 13:05:22.313] [cout] [info]   /jointset/mtp_r/mtp_angle_r/value. bounds: [-0.436332, 1.309]
[2025-05-29 13:05:22.313] [cout] [info]   /jointset/ground_pelvis/pelvis_tilt/value. bounds: [0.197792, 0.312863] initial: [0.208948, 0.241825] final: [0.279986, 0.312863]
[2025-05-29 13:05:22.313] [cout] [info]   /forceset/hamstrings_l/activation. bounds: [0.01, 2]
[2025-05-29 13:05:22.313] [cout] [info]   /forceset/bifemsh_l/activation. bounds: [0.01, 2]
[2025-05-29 13:05:22.313] [cout] [info]   /jointset/ground_pelvis/pelvis_tx/speed. bounds: [-50, 50]
[2025-05-29 13:05:22.313] [cout] [info]   /forceset/glut_max_l/activation. bounds: [0.01, 2]
[2025-05-29 13:05:22.313] [cout] [info]   /forceset/iliopsoas_l/activation. bounds: [0.01, 2]
[2025-05-29 13:05:22.313] [cout] [info]   /forceset/gastroc_l/activation. bounds: [0.01, 2]
[2025-05-29 13:05:22.313] [cout] [info]   /forceset/vasti_l/activation. bounds: [0.01, 2]
[2025-05-29 13:05:22.313] [cout] [info]   /forceset/soleus_l/activation. bounds: [0.01, 2]
[2025-05-29 13:05:22.313] [cout] [info]   /jointset/back/lumbar_ext/value. bounds: [-0.407582, -0.359969] initial: [-0.380067, -0.366463] final: [-0.394557, -0.380953]
[2025-05-29 13:05:22.313] [cout] [info]   /jointset/mtp_l/mtp_angle_l/value. bounds: [-0.436332, 1.309]
[2025-05-29 13:05:22.313] [cout] [info]   /forceset/dorsiflexors_l/activation. bounds: [0.01, 2]
[2025-05-29 13:05:22.313] [cout] [info]   /jointset/ground_pelvis/pelvis_tx/value. bounds: [0.0519195, 0.916899] initial: [0.0519195, 0.299056] final: [0.669762, 0.916899]
[2025-05-29 13:05:22.313] [cout] [info]   /jointset/knee_r/knee_angle_r/speed. bounds: [-50, 50]
[2025-05-29 13:05:22.313] [cout] [info]   /jointset/elbow_l/elbow_flexion_l/value. bounds: [0.272883, 0.824577] initial: [0.272883, 0.43051] final: [0.606855, 0.764482]
[2025-05-29 13:05:22.313] [cout] [info]   /jointset/ankle_l/ankle_angle_l/value. bounds: [-0.193578, 0.117288] initial: [-0.101604, -0.0127849] final: [-0.193578, -0.104759]
[2025-05-29 13:05:22.313] [cout] [info]   /jointset/ground_pelvis/pelvis_ty/value. bounds: [1.01463, 1.14777] initial: [1.0265, 1.12926] final: [1.03209, 1.13762]
[2025-05-29 13:05:22.313] [cout] [info]   /jointset/ankle_r/ankle_angle_r/value. bounds: [-0.226351, -0.00350295] initial: [-0.226351, -0.16268] final: [-0.105004, -0.0413325]
[2025-05-29 13:05:22.313] [cout] [info]   /jointset/hip_r/hip_flexion_r/value. bounds: [-0.279284, 0.228724] initial: [-0.279284, -0.134139] final: [-0.23082, -0.0856748]
[2025-05-29 13:05:22.314] [cout] [info]   /jointset/back/lumbar_ext/speed. bounds: [-50, 50]
[2025-05-29 13:05:22.314] [cout] [info]   /jointset/mtp_l/mtp_angle_l/speed. bounds: [-50, 50]
[2025-05-29 13:05:22.314] [cout] [info]   /jointset/knee_r/knee_angle_r/value. bounds: [-1.32143, 0.191267] initial: [-1.1847, -0.752503] final: [-0.352156, 0.0800418]
[2025-05-29 13:05:22.314] [cout] [info]   /jointset/knee_l/knee_angle_l/speed. bounds: [-50, 50]
[2025-05-29 13:05:22.314] [cout] [info]   /jointset/hip_l/hip_flexion_l/value. bounds: [-0.594953, 0.00315562] initial: [-0.167733, 0.00315562] final: [-0.542119, -0.37123]
[2025-05-29 13:05:22.314] [cout] [info]   /jointset/acromial_r/shoulder_flexion_r/value. bounds: [-0.0875714, 0.139325] initial: [0.0744976, 0.139325] final: [-0.0758496, -0.011022]
[2025-05-29 13:05:22.314] [cout] [info]   /jointset/elbow_r/elbow_flexion_r/value. bounds: [0.244744, 0.427738] initial: [0.375454, 0.427738] final: [0.246804, 0.299088]
[2025-05-29 13:05:22.314] [cout] [info]   /jointset/acromial_l/shoulder_flexion_l/value. bounds: [-0.141572, 0.266899] initial: [-0.141572, -0.0248661] final: [-0.0846317, 0.0320744]
[2025-05-29 13:05:22.314] [cout] [info]   /jointset/elbow_l/elbow_flexion_l/speed. bounds: [-50, 50]
[2025-05-29 13:05:22.314] [cout] [info]   /jointset/ankle_l/ankle_angle_l/speed. bounds: [-50, 50]
[2025-05-29 13:05:22.314] [cout] [info]   /jointset/ground_pelvis/pelvis_ty/speed. bounds: [-50, 50]
[2025-05-29 13:05:22.314] [cout] [info]   /jointset/ankle_r/ankle_angle_r/speed. bounds: [-50, 50]
[2025-05-29 13:05:22.314] [cout] [info]   /jointset/hip_r/hip_flexion_r/speed. bounds: [-50, 50]
[2025-05-29 13:05:22.314] [cout] [info]   /jointset/hip_l/hip_flexion_l/speed. bounds: [-50, 50]
[2025-05-29 13:05:22.314] [cout] [info]   /jointset/acromial_r/shoulder_flexion_r/speed. bounds: [-50, 50]
[2025-05-29 13:05:22.314] [cout] [info]   /jointset/elbow_r/elbow_flexion_r/speed. bounds: [-50, 50]
[2025-05-29 13:05:22.314] [cout] [info]   /jointset/acromial_l/shoulder_flexion_l/speed. bounds: [-50, 50]
[2025-05-29 13:05:22.314] [cout] [info] Controls: (total: 23)
[2025-05-29 13:05:22.314] [cout] [info]   /forceset/hamstrings_r. bounds: [0.01, 1]
[2025-05-29 13:05:22.314] [cout] [info]   /forceset/bifemsh_r. bounds: [0.01, 1]
[2025-05-29 13:05:22.314] [cout] [info]   /forceset/glut_max_r. bounds: [0.01, 1]
[2025-05-29 13:05:22.314] [cout] [info]   /forceset/iliopsoas_r. bounds: [0.01, 1]
[2025-05-29 13:05:22.314] [cout] [info]   /forceset/rect_fem_r. bounds: [0.01, 1]
[2025-05-29 13:05:22.314] [cout] [info]   /forceset/gastroc_r. bounds: [0.01, 1]
[2025-05-29 13:05:22.314] [cout] [info]   /forceset/vasti_r. bounds: [0.01, 1]
[2025-05-29 13:05:22.314] [cout] [info]   /forceset/soleus_r. bounds: [0.01, 1]
[2025-05-29 13:05:22.314] [cout] [info]   /forceset/dorsiflexors_r. bounds: [0.01, 1]
[2025-05-29 13:05:22.314] [cout] [info]   /forceset/hamstrings_l. bounds: [0.01, 1]
[2025-05-29 13:05:22.314] [cout] [info]   /forceset/elbow_flexion_l_torque. bounds: [-inf, inf]
[2025-05-29 13:05:22.314] [cout] [info]   /forceset/bifemsh_l. bounds: [0.01, 1]
[2025-05-29 13:05:22.314] [cout] [info]   /forceset/glut_max_l. bounds: [0.01, 1]
[2025-05-29 13:05:22.314] [cout] [info]   /forceset/lumbar_ext_torque. bounds: [-inf, inf]
[2025-05-29 13:05:22.314] [cout] [info]   /forceset/iliopsoas_l. bounds: [0.01, 1]
[2025-05-29 13:05:22.314] [cout] [info]   /forceset/rect_fem_l. bounds: [0.01, 1]
[2025-05-29 13:05:22.314] [cout] [info]   /forceset/gastroc_l. bounds: [0.01, 1]
[2025-05-29 13:05:22.314] [cout] [info]   /forceset/vasti_l. bounds: [0.01, 1]
[2025-05-29 13:05:22.314] [cout] [info]   /forceset/soleus_l. bounds: [0.01, 1]
[2025-05-29 13:05:22.314] [cout] [info]   /forceset/dorsiflexors_l. bounds: [0.01, 1]
[2025-05-29 13:05:22.314] [cout] [info]   /forceset/shoulder_flexion_r_torque. bounds: [-inf, inf]
[2025-05-29 13:05:22.314] [cout] [info]   /forceset/elbow_flexion_r_torque. bounds: [-inf, inf]
[2025-05-29 13:05:22.314] [cout] [info]   /forceset/shoulder_flexion_l_torque. bounds: [-inf, inf]
[2025-05-29 13:05:22.314] [cout] [info] Parameters: none
[2025-05-29 13:05:23.109] [info] Number of threads: 8
[2025-05-29 13:10:30.333] [info] Set log level to Info.
[2025-05-29 13:10:30.334] [info] ------------------------------------------------------------------------
[2025-05-29 13:10:30.334] [info] Elapsed real time: 308 second(s) (5 minute(s), 8 second(s)).
[2025-05-29 13:10:30.334] [info] Thu May 29 13:10:30 2025
[2025-05-29 13:10:30.334] [warning] MocoCasADiSolver did NOT succeed:
[2025-05-29 13:10:30.334] [warning]   Maximum_Iterations_Exceeded
[2025-05-29 13:10:30.334] [info] ========================================================================
[2025-05-29 13:11:00.327] [cout] [info] Exiting visualization.
[2025-05-29 13:11:11.998] [info] Loaded model 2014014_2d from file 2014014_C4_04_initial-model_2d.osim
[2025-05-29 13:11:49.147] [info] ========================================================================
[2025-05-29 13:11:49.147] [info] MocoCasADiSolver starting.
[2025-05-29 13:11:49.147] [info] Thu May 29 13:11:49 2025
[2025-05-29 13:11:49.147] [info] ------------------------------------------------------------------------
[2025-05-29 13:11:49.147] [cout] [info] Costs: (total: 3)
[2025-05-29 13:11:49.147] [cout] [info]   state_tracking. MocoStateTrackingGoal, enabled: true, mode: cost, weight: 1.0
[2025-05-29 13:11:49.147] [cout] [info]         state: /jointset/ground_pelvis/pelvis_tilt/value, weight: 12.1664
[2025-05-29 13:11:49.147] [cout] [info]         state: /jointset/ground_pelvis/pelvis_tx/value, weight: 0.0
[2025-05-29 13:11:49.147] [cout] [info]         state: /jointset/ground_pelvis/pelvis_ty/value, weight: 0.0
[2025-05-29 13:11:49.147] [cout] [info]         state: /jointset/hip_r/hip_flexion_r/value, weight: 2.75586
[2025-05-29 13:11:49.147] [cout] [info]         state: /jointset/hip_l/hip_flexion_l/value, weight: 2.34071
[2025-05-29 13:11:49.147] [cout] [info]         state: /jointset/back/lumbar_ext/value, weight: 29.4037
[2025-05-29 13:11:49.147] [cout] [info]         state: /jointset/knee_r/knee_angle_r/value, weight: 0.925501
[2025-05-29 13:11:49.147] [cout] [info]         state: /jointset/knee_l/knee_angle_l/value, weight: 1.61229
[2025-05-29 13:11:49.147] [cout] [info]         state: /jointset/acromial_r/shoulder_flexion_r/value, weight: 6.17021
[2025-05-29 13:11:49.147] [cout] [info]         state: /jointset/acromial_l/shoulder_flexion_l/value, weight: 3.42741
[2025-05-29 13:11:49.147] [cout] [info]         state: /jointset/ankle_r/ankle_angle_r/value, weight: 6.2823
[2025-05-29 13:11:49.147] [cout] [info]         state: /jointset/ankle_l/ankle_angle_l/value, weight: 4.50354
[2025-05-29 13:11:49.147] [cout] [info]         state: /jointset/elbow_r/elbow_flexion_r/value, weight: 7.65053
[2025-05-29 13:11:49.147] [cout] [info]         state: /jointset/elbow_l/elbow_flexion_l/value, weight: 2.53764
[2025-05-29 13:11:49.147] [cout] [info]         state: /jointset/ground_pelvis/pelvis_tilt/speed, weight: 0.930004
[2025-05-29 13:11:49.147] [cout] [info]         state: /jointset/ground_pelvis/pelvis_tx/speed, weight: 0.0
[2025-05-29 13:11:49.147] [cout] [info]         state: /jointset/ground_pelvis/pelvis_ty/speed, weight: 0.0
[2025-05-29 13:11:49.147] [cout] [info]         state: /jointset/hip_r/hip_flexion_r/speed, weight: 0.25556
[2025-05-29 13:11:49.147] [cout] [info]         state: /jointset/hip_l/hip_flexion_l/speed, weight: 0.339587
[2025-05-29 13:11:49.147] [cout] [info]         state: /jointset/back/lumbar_ext/speed, weight: 1.50353
[2025-05-29 13:11:49.147] [cout] [info]         state: /jointset/knee_r/knee_angle_r/speed, weight: 0.122041
[2025-05-29 13:11:49.147] [cout] [info]         state: /jointset/knee_l/knee_angle_l/speed, weight: 0.221248
[2025-05-29 13:11:49.147] [cout] [info]         state: /jointset/acromial_r/shoulder_flexion_r/speed, weight: 0.771884
[2025-05-29 13:11:49.147] [cout] [info]         state: /jointset/acromial_l/shoulder_flexion_l/speed, weight: 0.32994
[2025-05-29 13:11:49.147] [cout] [info]         state: /jointset/ankle_r/ankle_angle_r/speed, weight: 0.619564
[2025-05-29 13:11:49.147] [cout] [info]         state: /jointset/ankle_l/ankle_angle_l/speed, weight: 0.480794
[2025-05-29 13:11:49.147] [cout] [info]         state: /jointset/elbow_r/elbow_flexion_r/speed, weight: 1.70026
[2025-05-29 13:11:49.147] [cout] [info]         state: /jointset/elbow_l/elbow_flexion_l/speed, weight: 0.474488
[2025-05-29 13:11:49.147] [cout] [info]         state: /jointset/mtp_r/mtp_angle_r/value, weight: 0.0
[2025-05-29 13:11:49.147] [cout] [info]         state: /jointset/mtp_r/mtp_angle_r/speed, weight: 0.0
[2025-05-29 13:11:49.147] [cout] [info]         state: /jointset/mtp_l/mtp_angle_l/value, weight: 0.0
[2025-05-29 13:11:49.147] [cout] [info]         state: /jointset/mtp_l/mtp_angle_l/speed, weight: 0.0
[2025-05-29 13:11:49.147] [cout] [info]   control_effort. MocoControlGoal, enabled: true, mode: cost, weight: 10.0
[2025-05-29 13:11:49.147] [cout] [info]         control: /forceset/hamstrings_r, weight: 1.0
[2025-05-29 13:11:49.147] [cout] [info]         control: /forceset/bifemsh_r, weight: 1.0
[2025-05-29 13:11:49.147] [cout] [info]         control: /forceset/glut_max_r, weight: 1.0
[2025-05-29 13:11:49.147] [cout] [info]         control: /forceset/iliopsoas_r, weight: 1.0
[2025-05-29 13:11:49.147] [cout] [info]         control: /forceset/rect_fem_r, weight: 1.0
[2025-05-29 13:11:49.147] [cout] [info]         control: /forceset/vasti_r, weight: 1.0
[2025-05-29 13:11:49.147] [cout] [info]         control: /forceset/gastroc_r, weight: 1.0
[2025-05-29 13:11:49.147] [cout] [info]         control: /forceset/soleus_r, weight: 1.0
[2025-05-29 13:11:49.147] [cout] [info]         control: /forceset/dorsiflexors_r, weight: 1.0
[2025-05-29 13:11:49.147] [cout] [info]         control: /forceset/hamstrings_l, weight: 1.0
[2025-05-29 13:11:49.147] [cout] [info]         control: /forceset/bifemsh_l, weight: 1.0
[2025-05-29 13:11:49.147] [cout] [info]         control: /forceset/glut_max_l, weight: 1.0
[2025-05-29 13:11:49.147] [cout] [info]         control: /forceset/iliopsoas_l, weight: 1.0
[2025-05-29 13:11:49.147] [cout] [info]         control: /forceset/rect_fem_l, weight: 1.0
[2025-05-29 13:11:49.147] [cout] [info]         control: /forceset/vasti_l, weight: 1.0
[2025-05-29 13:11:49.147] [cout] [info]         control: /forceset/gastroc_l, weight: 1.0
[2025-05-29 13:11:49.147] [cout] [info]         control: /forceset/soleus_l, weight: 1.0
[2025-05-29 13:11:49.147] [cout] [info]         control: /forceset/dorsiflexors_l, weight: 1.0
[2025-05-29 13:11:49.147] [cout] [info]         control: /forceset/lumbar_ext_torque, weight: 1.0
[2025-05-29 13:11:49.147] [cout] [info]         control: /forceset/shoulder_flexion_r_torque, weight: 1.0
[2025-05-29 13:11:49.147] [cout] [info]         control: /forceset/elbow_flexion_r_torque, weight: 1.0
[2025-05-29 13:11:49.147] [cout] [info]         control: /forceset/shoulder_flexion_l_torque, weight: 1.0
[2025-05-29 13:11:49.147] [cout] [info]         control: /forceset/elbow_flexion_l_torque, weight: 1.0
[2025-05-29 13:11:49.147] [cout] [info]   contact. MocoContactTrackingGoal, enabled: true, mode: cost, weight: 0.5
[2025-05-29 13:11:49.147] [cout] [info]         projection type: plane
[2025-05-29 13:11:49.148] [cout] [info]         projection vector: ~[0,0,1]
[2025-05-29 13:11:49.148] [cout] [info]         group 0: ExternalForce: grf1
[2025-05-29 13:11:49.148] [cout] [info]             forces:
[2025-05-29 13:11:49.148] [cout] [info]                 /forceset/Contact_Foot_Ground_L1
[2025-05-29 13:11:49.148] [cout] [info]                 /forceset/Contact_Foot_Ground_L2
[2025-05-29 13:11:49.148] [cout] [info]                 /forceset/Contact_Foot_Ground_L3
[2025-05-29 13:11:49.148] [cout] [info]                 /forceset/Contact_Foot_Ground_L4
[2025-05-29 13:11:49.148] [cout] [info]                 /forceset/Contact_Foot_Ground_L5
[2025-05-29 13:11:49.148] [cout] [info]                 /forceset/Contact_Foot_Ground_L6
[2025-05-29 13:11:49.148] [cout] [info]                 /forceset/Contact_Foot_Ground_L7
[2025-05-29 13:11:49.148] [cout] [info]                 /forceset/Contact_Foot_Ground_L8
[2025-05-29 13:11:49.148] [cout] [info]         group 1: ExternalForce: grf2
[2025-05-29 13:11:49.148] [cout] [info]             forces:
[2025-05-29 13:11:49.148] [cout] [info]                 /forceset/Contact_Foot_Ground_R1
[2025-05-29 13:11:49.148] [cout] [info]                 /forceset/Contact_Foot_Ground_R2
[2025-05-29 13:11:49.148] [cout] [info]                 /forceset/Contact_Foot_Ground_R3
[2025-05-29 13:11:49.148] [cout] [info]                 /forceset/Contact_Foot_Ground_R4
[2025-05-29 13:11:49.148] [cout] [info]                 /forceset/Contact_Foot_Ground_R5
[2025-05-29 13:11:49.148] [cout] [info]                 /forceset/Contact_Foot_Ground_R6
[2025-05-29 13:11:49.148] [cout] [info]                 /forceset/Contact_Foot_Ground_R7
[2025-05-29 13:11:49.148] [cout] [info]                 /forceset/Contact_Foot_Ground_R8
[2025-05-29 13:11:49.148] [cout] [info] Endpoint constraints: (total: 2)
[2025-05-29 13:11:49.148] [cout] [info]   initial_activation. MocoInitialActivationGoal, enabled: true, mode: endpoint_constraint
[2025-05-29 13:11:49.148] [cout] [info]   speed. MocoAverageSpeedGoal, enabled: true, mode: endpoint_constraint
[2025-05-29 13:11:49.148] [cout] [info] Kinematic constraints: none
[2025-05-29 13:11:49.148] [cout] [info] Path constraints: none
[2025-05-29 13:11:49.148] [cout] [info] States: (total: 54)
[2025-05-29 13:11:49.148] [cout] [info]   /forceset/rect_fem_r/activation. bounds: [0.01, 2]
[2025-05-29 13:11:49.148] [cout] [info]   /forceset/gastroc_r/normalized_tendon_force. bounds: [0, 1.5]
[2025-05-29 13:11:49.148] [cout] [info]   /forceset/soleus_r/normalized_tendon_force. bounds: [0, 1.5]
[2025-05-29 13:11:49.148] [cout] [info]   /forceset/rect_fem_l/activation. bounds: [0.01, 2]
[2025-05-29 13:11:49.148] [cout] [info]   /forceset/gastroc_l/normalized_tendon_force. bounds: [0, 1.5]
[2025-05-29 13:11:49.148] [cout] [info]   /forceset/soleus_l/normalized_tendon_force. bounds: [0, 1.5]
[2025-05-29 13:11:49.148] [cout] [info]   /forceset/hamstrings_r/activation. bounds: [0.01, 2]
[2025-05-29 13:11:49.148] [cout] [info]   /jointset/knee_l/knee_angle_l/value. bounds: [-0.744281, 0.124047] initial: [-0.179552, 0.0685416] final: [-0.744281, -0.496187]
[2025-05-29 13:11:49.148] [cout] [info]   /forceset/bifemsh_r/activation. bounds: [0.01, 2]
[2025-05-29 13:11:49.148] [cout] [info]   /forceset/glut_max_r/activation. bounds: [0.01, 2]
[2025-05-29 13:11:49.148] [cout] [info]   /forceset/iliopsoas_r/activation. bounds: [0.01, 2]
[2025-05-29 13:11:49.148] [cout] [info]   /forceset/gastroc_r/activation. bounds: [0.01, 2]
[2025-05-29 13:11:49.148] [cout] [info]   /forceset/vasti_r/activation. bounds: [0.01, 2]
[2025-05-29 13:11:49.148] [cout] [info]   /forceset/soleus_r/activation. bounds: [0.01, 2]
[2025-05-29 13:11:49.148] [cout] [info]   /jointset/mtp_r/mtp_angle_r/speed. bounds: [-50, 50]
[2025-05-29 13:11:49.148] [cout] [info]   /jointset/ground_pelvis/pelvis_tilt/speed. bounds: [-50, 50]
[2025-05-29 13:11:49.148] [cout] [info]   /forceset/dorsiflexors_r/activation. bounds: [0.01, 2]
[2025-05-29 13:11:49.148] [cout] [info]   /jointset/mtp_r/mtp_angle_r/value. bounds: [-0.436332, 1.309]
[2025-05-29 13:11:49.148] [cout] [info]   /jointset/ground_pelvis/pelvis_tilt/value. bounds: [0.197792, 0.312863] initial: [0.208948, 0.241825] final: [0.279986, 0.312863]
[2025-05-29 13:11:49.148] [cout] [info]   /forceset/hamstrings_l/activation. bounds: [0.01, 2]
[2025-05-29 13:11:49.148] [cout] [info]   /forceset/bifemsh_l/activation. bounds: [0.01, 2]
[2025-05-29 13:11:49.148] [cout] [info]   /jointset/ground_pelvis/pelvis_tx/speed. bounds: [-50, 50]
[2025-05-29 13:11:49.148] [cout] [info]   /forceset/glut_max_l/activation. bounds: [0.01, 2]
[2025-05-29 13:11:49.148] [cout] [info]   /forceset/iliopsoas_l/activation. bounds: [0.01, 2]
[2025-05-29 13:11:49.148] [cout] [info]   /forceset/gastroc_l/activation. bounds: [0.01, 2]
[2025-05-29 13:11:49.148] [cout] [info]   /forceset/vasti_l/activation. bounds: [0.01, 2]
[2025-05-29 13:11:49.148] [cout] [info]   /forceset/soleus_l/activation. bounds: [0.01, 2]
[2025-05-29 13:11:49.148] [cout] [info]   /jointset/back/lumbar_ext/value. bounds: [-0.407582, -0.359969] initial: [-0.380067, -0.366463] final: [-0.394557, -0.380953]
[2025-05-29 13:11:49.148] [cout] [info]   /jointset/mtp_l/mtp_angle_l/value. bounds: [-0.436332, 1.309]
[2025-05-29 13:11:49.148] [cout] [info]   /forceset/dorsiflexors_l/activation. bounds: [0.01, 2]
[2025-05-29 13:11:49.148] [cout] [info]   /jointset/ground_pelvis/pelvis_tx/value. bounds: [0.0519195, 0.916899] initial: [0.0519195, 0.299056] final: [0.669762, 0.916899]
[2025-05-29 13:11:49.148] [cout] [info]   /jointset/knee_r/knee_angle_r/speed. bounds: [-50, 50]
[2025-05-29 13:11:49.148] [cout] [info]   /jointset/elbow_l/elbow_flexion_l/value. bounds: [0.272883, 0.824577] initial: [0.272883, 0.43051] final: [0.606855, 0.764482]
[2025-05-29 13:11:49.148] [cout] [info]   /jointset/ankle_l/ankle_angle_l/value. bounds: [-0.193578, 0.117288] initial: [-0.101604, -0.0127849] final: [-0.193578, -0.104759]
[2025-05-29 13:11:49.148] [cout] [info]   /jointset/ground_pelvis/pelvis_ty/value. bounds: [1.01463, 1.14777] initial: [1.0265, 1.12926] final: [1.03209, 1.13762]
[2025-05-29 13:11:49.148] [cout] [info]   /jointset/ankle_r/ankle_angle_r/value. bounds: [-0.226351, -0.00350295] initial: [-0.226351, -0.16268] final: [-0.105004, -0.0413325]
[2025-05-29 13:11:49.148] [cout] [info]   /jointset/hip_r/hip_flexion_r/value. bounds: [-0.279284, 0.228724] initial: [-0.279284, -0.134139] final: [-0.23082, -0.0856748]
[2025-05-29 13:11:49.148] [cout] [info]   /jointset/back/lumbar_ext/speed. bounds: [-50, 50]
[2025-05-29 13:11:49.148] [cout] [info]   /jointset/mtp_l/mtp_angle_l/speed. bounds: [-50, 50]
[2025-05-29 13:11:49.148] [cout] [info]   /jointset/knee_r/knee_angle_r/value. bounds: [-1.32143, 0.191267] initial: [-1.1847, -0.752503] final: [-0.352156, 0.0800418]
[2025-05-29 13:11:49.148] [cout] [info]   /jointset/knee_l/knee_angle_l/speed. bounds: [-50, 50]
[2025-05-29 13:11:49.148] [cout] [info]   /jointset/hip_l/hip_flexion_l/value. bounds: [-0.594953, 0.00315562] initial: [-0.167733, 0.00315562] final: [-0.542119, -0.37123]
[2025-05-29 13:11:49.148] [cout] [info]   /jointset/acromial_r/shoulder_flexion_r/value. bounds: [-0.0875714, 0.139325] initial: [0.0744976, 0.139325] final: [-0.0758496, -0.011022]
[2025-05-29 13:11:49.148] [cout] [info]   /jointset/elbow_r/elbow_flexion_r/value. bounds: [0.244744, 0.427738] initial: [0.375454, 0.427738] final: [0.246804, 0.299088]
[2025-05-29 13:11:49.148] [cout] [info]   /jointset/acromial_l/shoulder_flexion_l/value. bounds: [-0.141572, 0.266899] initial: [-0.141572, -0.0248661] final: [-0.0846317, 0.0320744]
[2025-05-29 13:11:49.148] [cout] [info]   /jointset/elbow_l/elbow_flexion_l/speed. bounds: [-50, 50]
[2025-05-29 13:11:49.148] [cout] [info]   /jointset/ankle_l/ankle_angle_l/speed. bounds: [-50, 50]
[2025-05-29 13:11:49.148] [cout] [info]   /jointset/ground_pelvis/pelvis_ty/speed. bounds: [-50, 50]
[2025-05-29 13:11:49.148] [cout] [info]   /jointset/ankle_r/ankle_angle_r/speed. bounds: [-50, 50]
[2025-05-29 13:11:49.148] [cout] [info]   /jointset/hip_r/hip_flexion_r/speed. bounds: [-50, 50]
[2025-05-29 13:11:49.148] [cout] [info]   /jointset/hip_l/hip_flexion_l/speed. bounds: [-50, 50]
[2025-05-29 13:11:49.148] [cout] [info]   /jointset/acromial_r/shoulder_flexion_r/speed. bounds: [-50, 50]
[2025-05-29 13:11:49.148] [cout] [info]   /jointset/elbow_r/elbow_flexion_r/speed. bounds: [-50, 50]
[2025-05-29 13:11:49.148] [cout] [info]   /jointset/acromial_l/shoulder_flexion_l/speed. bounds: [-50, 50]
[2025-05-29 13:11:49.148] [cout] [info] Controls: (total: 23)
[2025-05-29 13:11:49.148] [cout] [info]   /forceset/hamstrings_r. bounds: [0.01, 1]
[2025-05-29 13:11:49.148] [cout] [info]   /forceset/bifemsh_r. bounds: [0.01, 1]
[2025-05-29 13:11:49.148] [cout] [info]   /forceset/glut_max_r. bounds: [0.01, 1]
[2025-05-29 13:11:49.148] [cout] [info]   /forceset/iliopsoas_r. bounds: [0.01, 1]
[2025-05-29 13:11:49.148] [cout] [info]   /forceset/rect_fem_r. bounds: [0.01, 1]
[2025-05-29 13:11:49.148] [cout] [info]   /forceset/gastroc_r. bounds: [0.01, 1]
[2025-05-29 13:11:49.148] [cout] [info]   /forceset/vasti_r. bounds: [0.01, 1]
[2025-05-29 13:11:49.148] [cout] [info]   /forceset/soleus_r. bounds: [0.01, 1]
[2025-05-29 13:11:49.148] [cout] [info]   /forceset/dorsiflexors_r. bounds: [0.01, 1]
[2025-05-29 13:11:49.148] [cout] [info]   /forceset/hamstrings_l. bounds: [0.01, 1]
[2025-05-29 13:11:49.148] [cout] [info]   /forceset/elbow_flexion_l_torque. bounds: [-inf, inf]
[2025-05-29 13:11:49.148] [cout] [info]   /forceset/bifemsh_l. bounds: [0.01, 1]
[2025-05-29 13:11:49.148] [cout] [info]   /forceset/glut_max_l. bounds: [0.01, 1]
[2025-05-29 13:11:49.148] [cout] [info]   /forceset/lumbar_ext_torque. bounds: [-inf, inf]
[2025-05-29 13:11:49.148] [cout] [info]   /forceset/iliopsoas_l. bounds: [0.01, 1]
[2025-05-29 13:11:49.148] [cout] [info]   /forceset/rect_fem_l. bounds: [0.01, 1]
[2025-05-29 13:11:49.148] [cout] [info]   /forceset/gastroc_l. bounds: [0.01, 1]
[2025-05-29 13:11:49.148] [cout] [info]   /forceset/vasti_l. bounds: [0.01, 1]
[2025-05-29 13:11:49.148] [cout] [info]   /forceset/soleus_l. bounds: [0.01, 1]
[2025-05-29 13:11:49.148] [cout] [info]   /forceset/dorsiflexors_l. bounds: [0.01, 1]
[2025-05-29 13:11:49.148] [cout] [info]   /forceset/shoulder_flexion_r_torque. bounds: [-inf, inf]
[2025-05-29 13:11:49.148] [cout] [info]   /forceset/elbow_flexion_r_torque. bounds: [-inf, inf]
[2025-05-29 13:11:49.149] [cout] [info]   /forceset/shoulder_flexion_l_torque. bounds: [-inf, inf]
[2025-05-29 13:11:49.149] [cout] [info] Parameters: none
[2025-05-29 13:11:49.946] [info] Number of threads: 8
[2025-05-29 13:23:41.025] [info] Set log level to Info.
[2025-05-29 13:23:41.027] [info] ------------------------------------------------------------------------
[2025-05-29 13:23:41.027] [info] Elapsed real time: 712 second(s) (11 minute(s), 52 second(s)).
[2025-05-29 13:23:41.027] [info] Thu May 29 13:23:41 2025
[2025-05-29 13:23:41.027] [warning] MocoCasADiSolver did NOT succeed:
[2025-05-29 13:23:41.027] [warning]   Maximum_Iterations_Exceeded
[2025-05-29 13:23:41.027] [info] ========================================================================
[2025-05-29 13:34:05.503] [cout] [info] Exiting visualization.
[2025-05-29 13:36:02.289] [info] ========================================================================
[2025-05-29 13:36:02.289] [info] MocoCasADiSolver starting.
[2025-05-29 13:36:02.289] [info] Thu May 29 13:36:02 2025
[2025-05-29 13:36:02.289] [info] ------------------------------------------------------------------------
[2025-05-29 13:36:02.289] [cout] [info] Costs: (total: 3)
[2025-05-29 13:36:02.289] [cout] [info]   state_tracking. MocoStateTrackingGoal, enabled: true, mode: cost, weight: 1.0
[2025-05-29 13:36:02.290] [cout] [info]         state: /jointset/ground_pelvis/pelvis_tilt/value, weight: 12.1664
[2025-05-29 13:36:02.290] [cout] [info]         state: /jointset/ground_pelvis/pelvis_tx/value, weight: 0.0
[2025-05-29 13:36:02.290] [cout] [info]         state: /jointset/ground_pelvis/pelvis_ty/value, weight: 0.0
[2025-05-29 13:36:02.290] [cout] [info]         state: /jointset/hip_r/hip_flexion_r/value, weight: 2.75586
[2025-05-29 13:36:02.290] [cout] [info]         state: /jointset/hip_l/hip_flexion_l/value, weight: 2.34071
[2025-05-29 13:36:02.290] [cout] [info]         state: /jointset/back/lumbar_ext/value, weight: 29.4037
[2025-05-29 13:36:02.290] [cout] [info]         state: /jointset/knee_r/knee_angle_r/value, weight: 0.925501
[2025-05-29 13:36:02.290] [cout] [info]         state: /jointset/knee_l/knee_angle_l/value, weight: 1.61229
[2025-05-29 13:36:02.290] [cout] [info]         state: /jointset/acromial_r/shoulder_flexion_r/value, weight: 6.17021
[2025-05-29 13:36:02.290] [cout] [info]         state: /jointset/acromial_l/shoulder_flexion_l/value, weight: 3.42741
[2025-05-29 13:36:02.290] [cout] [info]         state: /jointset/ankle_r/ankle_angle_r/value, weight: 6.2823
[2025-05-29 13:36:02.290] [cout] [info]         state: /jointset/ankle_l/ankle_angle_l/value, weight: 4.50354
[2025-05-29 13:36:02.290] [cout] [info]         state: /jointset/elbow_r/elbow_flexion_r/value, weight: 7.65053
[2025-05-29 13:36:02.290] [cout] [info]         state: /jointset/elbow_l/elbow_flexion_l/value, weight: 2.53764
[2025-05-29 13:36:02.290] [cout] [info]         state: /jointset/ground_pelvis/pelvis_tilt/speed, weight: 0.930004
[2025-05-29 13:36:02.290] [cout] [info]         state: /jointset/ground_pelvis/pelvis_tx/speed, weight: 0.0
[2025-05-29 13:36:02.290] [cout] [info]         state: /jointset/ground_pelvis/pelvis_ty/speed, weight: 0.0
[2025-05-29 13:36:02.290] [cout] [info]         state: /jointset/hip_r/hip_flexion_r/speed, weight: 0.25556
[2025-05-29 13:36:02.290] [cout] [info]         state: /jointset/hip_l/hip_flexion_l/speed, weight: 0.339587
[2025-05-29 13:36:02.290] [cout] [info]         state: /jointset/back/lumbar_ext/speed, weight: 1.50353
[2025-05-29 13:36:02.290] [cout] [info]         state: /jointset/knee_r/knee_angle_r/speed, weight: 0.122041
[2025-05-29 13:36:02.290] [cout] [info]         state: /jointset/knee_l/knee_angle_l/speed, weight: 0.221248
[2025-05-29 13:36:02.290] [cout] [info]         state: /jointset/acromial_r/shoulder_flexion_r/speed, weight: 0.771884
[2025-05-29 13:36:02.290] [cout] [info]         state: /jointset/acromial_l/shoulder_flexion_l/speed, weight: 0.32994
[2025-05-29 13:36:02.290] [cout] [info]         state: /jointset/ankle_r/ankle_angle_r/speed, weight: 0.619564
[2025-05-29 13:36:02.290] [cout] [info]         state: /jointset/ankle_l/ankle_angle_l/speed, weight: 0.480794
[2025-05-29 13:36:02.290] [cout] [info]         state: /jointset/elbow_r/elbow_flexion_r/speed, weight: 1.70026
[2025-05-29 13:36:02.290] [cout] [info]         state: /jointset/elbow_l/elbow_flexion_l/speed, weight: 0.474488
[2025-05-29 13:36:02.290] [cout] [info]         state: /jointset/mtp_r/mtp_angle_r/value, weight: 0.0
[2025-05-29 13:36:02.290] [cout] [info]         state: /jointset/mtp_r/mtp_angle_r/speed, weight: 0.0
[2025-05-29 13:36:02.290] [cout] [info]         state: /jointset/mtp_l/mtp_angle_l/value, weight: 0.0
[2025-05-29 13:36:02.290] [cout] [info]         state: /jointset/mtp_l/mtp_angle_l/speed, weight: 0.0
[2025-05-29 13:36:02.290] [cout] [info]   control_effort. MocoControlGoal, enabled: true, mode: cost, weight: 10.0
[2025-05-29 13:36:02.290] [cout] [info]         control: /forceset/hamstrings_r, weight: 1.0
[2025-05-29 13:36:02.290] [cout] [info]         control: /forceset/bifemsh_r, weight: 1.0
[2025-05-29 13:36:02.290] [cout] [info]         control: /forceset/glut_max_r, weight: 1.0
[2025-05-29 13:36:02.290] [cout] [info]         control: /forceset/iliopsoas_r, weight: 1.0
[2025-05-29 13:36:02.290] [cout] [info]         control: /forceset/rect_fem_r, weight: 1.0
[2025-05-29 13:36:02.290] [cout] [info]         control: /forceset/vasti_r, weight: 1.0
[2025-05-29 13:36:02.290] [cout] [info]         control: /forceset/gastroc_r, weight: 1.0
[2025-05-29 13:36:02.290] [cout] [info]         control: /forceset/soleus_r, weight: 1.0
[2025-05-29 13:36:02.290] [cout] [info]         control: /forceset/dorsiflexors_r, weight: 1.0
[2025-05-29 13:36:02.290] [cout] [info]         control: /forceset/hamstrings_l, weight: 1.0
[2025-05-29 13:36:02.290] [cout] [info]         control: /forceset/bifemsh_l, weight: 1.0
[2025-05-29 13:36:02.290] [cout] [info]         control: /forceset/glut_max_l, weight: 1.0
[2025-05-29 13:36:02.290] [cout] [info]         control: /forceset/iliopsoas_l, weight: 1.0
[2025-05-29 13:36:02.290] [cout] [info]         control: /forceset/rect_fem_l, weight: 1.0
[2025-05-29 13:36:02.290] [cout] [info]         control: /forceset/vasti_l, weight: 1.0
[2025-05-29 13:36:02.290] [cout] [info]         control: /forceset/gastroc_l, weight: 1.0
[2025-05-29 13:36:02.290] [cout] [info]         control: /forceset/soleus_l, weight: 1.0
[2025-05-29 13:36:02.290] [cout] [info]         control: /forceset/dorsiflexors_l, weight: 1.0
[2025-05-29 13:36:02.290] [cout] [info]         control: /forceset/lumbar_ext_torque, weight: 1.0
[2025-05-29 13:36:02.290] [cout] [info]         control: /forceset/shoulder_flexion_r_torque, weight: 1.0
[2025-05-29 13:36:02.290] [cout] [info]         control: /forceset/elbow_flexion_r_torque, weight: 1.0
[2025-05-29 13:36:02.290] [cout] [info]         control: /forceset/shoulder_flexion_l_torque, weight: 1.0
[2025-05-29 13:36:02.290] [cout] [info]         control: /forceset/elbow_flexion_l_torque, weight: 1.0
[2025-05-29 13:36:02.290] [cout] [info]   contact. MocoContactTrackingGoal, enabled: true, mode: cost, weight: 0.5
[2025-05-29 13:36:02.290] [cout] [info]         projection type: plane
[2025-05-29 13:36:02.290] [cout] [info]         projection vector: ~[0,0,1]
[2025-05-29 13:36:02.290] [cout] [info]         group 0: ExternalForce: grf1
[2025-05-29 13:36:02.290] [cout] [info]             forces:
[2025-05-29 13:36:02.290] [cout] [info]                 /forceset/Contact_Foot_Ground_L1
[2025-05-29 13:36:02.290] [cout] [info]                 /forceset/Contact_Foot_Ground_L2
[2025-05-29 13:36:02.290] [cout] [info]                 /forceset/Contact_Foot_Ground_L3
[2025-05-29 13:36:02.290] [cout] [info]                 /forceset/Contact_Foot_Ground_L4
[2025-05-29 13:36:02.290] [cout] [info]                 /forceset/Contact_Foot_Ground_L5
[2025-05-29 13:36:02.290] [cout] [info]                 /forceset/Contact_Foot_Ground_L6
[2025-05-29 13:36:02.290] [cout] [info]                 /forceset/Contact_Foot_Ground_L7
[2025-05-29 13:36:02.290] [cout] [info]                 /forceset/Contact_Foot_Ground_L8
[2025-05-29 13:36:02.290] [cout] [info]         group 1: ExternalForce: grf2
[2025-05-29 13:36:02.290] [cout] [info]             forces:
[2025-05-29 13:36:02.290] [cout] [info]                 /forceset/Contact_Foot_Ground_R1
[2025-05-29 13:36:02.290] [cout] [info]                 /forceset/Contact_Foot_Ground_R2
[2025-05-29 13:36:02.290] [cout] [info]                 /forceset/Contact_Foot_Ground_R3
[2025-05-29 13:36:02.290] [cout] [info]                 /forceset/Contact_Foot_Ground_R4
[2025-05-29 13:36:02.290] [cout] [info]                 /forceset/Contact_Foot_Ground_R5
[2025-05-29 13:36:02.290] [cout] [info]                 /forceset/Contact_Foot_Ground_R6
[2025-05-29 13:36:02.290] [cout] [info]                 /forceset/Contact_Foot_Ground_R7
[2025-05-29 13:36:02.290] [cout] [info]                 /forceset/Contact_Foot_Ground_R8
[2025-05-29 13:36:02.290] [cout] [info] Endpoint constraints: (total: 2)
[2025-05-29 13:36:02.290] [cout] [info]   initial_activation. MocoInitialActivationGoal, enabled: true, mode: endpoint_constraint
[2025-05-29 13:36:02.290] [cout] [info]   speed. MocoAverageSpeedGoal, enabled: true, mode: endpoint_constraint
[2025-05-29 13:36:02.290] [cout] [info] Kinematic constraints: none
[2025-05-29 13:36:02.290] [cout] [info] Path constraints: none
[2025-05-29 13:36:02.290] [cout] [info] States: (total: 54)
[2025-05-29 13:36:02.290] [cout] [info]   /forceset/rect_fem_r/activation. bounds: [0.01, 2]
[2025-05-29 13:36:02.290] [cout] [info]   /forceset/gastroc_r/normalized_tendon_force. bounds: [0, 1.5]
[2025-05-29 13:36:02.290] [cout] [info]   /forceset/soleus_r/normalized_tendon_force. bounds: [0, 1.5]
[2025-05-29 13:36:02.290] [cout] [info]   /forceset/rect_fem_l/activation. bounds: [0.01, 2]
[2025-05-29 13:36:02.290] [cout] [info]   /forceset/gastroc_l/normalized_tendon_force. bounds: [0, 1.5]
[2025-05-29 13:36:02.290] [cout] [info]   /forceset/soleus_l/normalized_tendon_force. bounds: [0, 1.5]
[2025-05-29 13:36:02.290] [cout] [info]   /forceset/hamstrings_r/activation. bounds: [0.01, 2]
[2025-05-29 13:36:02.290] [cout] [info]   /jointset/knee_l/knee_angle_l/value. bounds: [-0.744281, 0.124047] initial: [-0.179552, 0.0685416] final: [-0.744281, -0.496187]
[2025-05-29 13:36:02.290] [cout] [info]   /forceset/bifemsh_r/activation. bounds: [0.01, 2]
[2025-05-29 13:36:02.290] [cout] [info]   /forceset/glut_max_r/activation. bounds: [0.01, 2]
[2025-05-29 13:36:02.290] [cout] [info]   /forceset/iliopsoas_r/activation. bounds: [0.01, 2]
[2025-05-29 13:36:02.290] [cout] [info]   /forceset/gastroc_r/activation. bounds: [0.01, 2]
[2025-05-29 13:36:02.290] [cout] [info]   /forceset/vasti_r/activation. bounds: [0.01, 2]
[2025-05-29 13:36:02.290] [cout] [info]   /forceset/soleus_r/activation. bounds: [0.01, 2]
[2025-05-29 13:36:02.290] [cout] [info]   /jointset/mtp_r/mtp_angle_r/speed. bounds: [-50, 50]
[2025-05-29 13:36:02.290] [cout] [info]   /jointset/ground_pelvis/pelvis_tilt/speed. bounds: [-50, 50]
[2025-05-29 13:36:02.290] [cout] [info]   /forceset/dorsiflexors_r/activation. bounds: [0.01, 2]
[2025-05-29 13:36:02.290] [cout] [info]   /jointset/mtp_r/mtp_angle_r/value. bounds: [-0.436332, 1.309]
[2025-05-29 13:36:02.290] [cout] [info]   /jointset/ground_pelvis/pelvis_tilt/value. bounds: [0.197792, 0.312863] initial: [0.208948, 0.241825] final: [0.279986, 0.312863]
[2025-05-29 13:36:02.290] [cout] [info]   /forceset/hamstrings_l/activation. bounds: [0.01, 2]
[2025-05-29 13:36:02.290] [cout] [info]   /forceset/bifemsh_l/activation. bounds: [0.01, 2]
[2025-05-29 13:36:02.290] [cout] [info]   /jointset/ground_pelvis/pelvis_tx/speed. bounds: [-50, 50]
[2025-05-29 13:36:02.290] [cout] [info]   /forceset/glut_max_l/activation. bounds: [0.01, 2]
[2025-05-29 13:36:02.290] [cout] [info]   /forceset/iliopsoas_l/activation. bounds: [0.01, 2]
[2025-05-29 13:36:02.291] [cout] [info]   /forceset/gastroc_l/activation. bounds: [0.01, 2]
[2025-05-29 13:36:02.291] [cout] [info]   /forceset/vasti_l/activation. bounds: [0.01, 2]
[2025-05-29 13:36:02.291] [cout] [info]   /forceset/soleus_l/activation. bounds: [0.01, 2]
[2025-05-29 13:36:02.291] [cout] [info]   /jointset/back/lumbar_ext/value. bounds: [-0.407582, -0.359969] initial: [-0.380067, -0.366463] final: [-0.394557, -0.380953]
[2025-05-29 13:36:02.291] [cout] [info]   /jointset/mtp_l/mtp_angle_l/value. bounds: [-0.436332, 1.309]
[2025-05-29 13:36:02.291] [cout] [info]   /forceset/dorsiflexors_l/activation. bounds: [0.01, 2]
[2025-05-29 13:36:02.291] [cout] [info]   /jointset/ground_pelvis/pelvis_tx/value. bounds: [0.0519195, 0.916899] initial: [0.0519195, 0.299056] final: [0.669762, 0.916899]
[2025-05-29 13:36:02.291] [cout] [info]   /jointset/knee_r/knee_angle_r/speed. bounds: [-50, 50]
[2025-05-29 13:36:02.291] [cout] [info]   /jointset/elbow_l/elbow_flexion_l/value. bounds: [0.272883, 0.824577] initial: [0.272883, 0.43051] final: [0.606855, 0.764482]
[2025-05-29 13:36:02.291] [cout] [info]   /jointset/ankle_l/ankle_angle_l/value. bounds: [-0.193578, 0.117288] initial: [-0.101604, -0.0127849] final: [-0.193578, -0.104759]
[2025-05-29 13:36:02.291] [cout] [info]   /jointset/ground_pelvis/pelvis_ty/value. bounds: [1.01463, 1.14777] initial: [1.0265, 1.12926] final: [1.03209, 1.13762]
[2025-05-29 13:36:02.291] [cout] [info]   /jointset/ankle_r/ankle_angle_r/value. bounds: [-0.226351, -0.00350295] initial: [-0.226351, -0.16268] final: [-0.105004, -0.0413325]
[2025-05-29 13:36:02.291] [cout] [info]   /jointset/hip_r/hip_flexion_r/value. bounds: [-0.279284, 0.228724] initial: [-0.279284, -0.134139] final: [-0.23082, -0.0856748]
[2025-05-29 13:36:02.291] [cout] [info]   /jointset/back/lumbar_ext/speed. bounds: [-50, 50]
[2025-05-29 13:36:02.291] [cout] [info]   /jointset/mtp_l/mtp_angle_l/speed. bounds: [-50, 50]
[2025-05-29 13:36:02.291] [cout] [info]   /jointset/knee_r/knee_angle_r/value. bounds: [-1.32143, 0.191267] initial: [-1.1847, -0.752503] final: [-0.352156, 0.0800418]
[2025-05-29 13:36:02.291] [cout] [info]   /jointset/knee_l/knee_angle_l/speed. bounds: [-50, 50]
[2025-05-29 13:36:02.291] [cout] [info]   /jointset/hip_l/hip_flexion_l/value. bounds: [-0.594953, 0.00315562] initial: [-0.167733, 0.00315562] final: [-0.542119, -0.37123]
[2025-05-29 13:36:02.291] [cout] [info]   /jointset/acromial_r/shoulder_flexion_r/value. bounds: [-0.0875714, 0.139325] initial: [0.0744976, 0.139325] final: [-0.0758496, -0.011022]
[2025-05-29 13:36:02.291] [cout] [info]   /jointset/elbow_r/elbow_flexion_r/value. bounds: [0.244744, 0.427738] initial: [0.375454, 0.427738] final: [0.246804, 0.299088]
[2025-05-29 13:36:02.291] [cout] [info]   /jointset/acromial_l/shoulder_flexion_l/value. bounds: [-0.141572, 0.266899] initial: [-0.141572, -0.0248661] final: [-0.0846317, 0.0320744]
[2025-05-29 13:36:02.291] [cout] [info]   /jointset/elbow_l/elbow_flexion_l/speed. bounds: [-50, 50]
[2025-05-29 13:36:02.291] [cout] [info]   /jointset/ankle_l/ankle_angle_l/speed. bounds: [-50, 50]
[2025-05-29 13:36:02.291] [cout] [info]   /jointset/ground_pelvis/pelvis_ty/speed. bounds: [-50, 50]
[2025-05-29 13:36:02.291] [cout] [info]   /jointset/ankle_r/ankle_angle_r/speed. bounds: [-50, 50]
[2025-05-29 13:36:02.291] [cout] [info]   /jointset/hip_r/hip_flexion_r/speed. bounds: [-50, 50]
[2025-05-29 13:36:02.291] [cout] [info]   /jointset/hip_l/hip_flexion_l/speed. bounds: [-50, 50]
[2025-05-29 13:36:02.291] [cout] [info]   /jointset/acromial_r/shoulder_flexion_r/speed. bounds: [-50, 50]
[2025-05-29 13:36:02.291] [cout] [info]   /jointset/elbow_r/elbow_flexion_r/speed. bounds: [-50, 50]
[2025-05-29 13:36:02.291] [cout] [info]   /jointset/acromial_l/shoulder_flexion_l/speed. bounds: [-50, 50]
[2025-05-29 13:36:02.291] [cout] [info] Controls: (total: 23)
[2025-05-29 13:36:02.291] [cout] [info]   /forceset/hamstrings_r. bounds: [0.01, 1]
[2025-05-29 13:36:02.291] [cout] [info]   /forceset/bifemsh_r. bounds: [0.01, 1]
[2025-05-29 13:36:02.291] [cout] [info]   /forceset/glut_max_r. bounds: [0.01, 1]
[2025-05-29 13:36:02.291] [cout] [info]   /forceset/iliopsoas_r. bounds: [0.01, 1]
[2025-05-29 13:36:02.291] [cout] [info]   /forceset/rect_fem_r. bounds: [0.01, 1]
[2025-05-29 13:36:02.291] [cout] [info]   /forceset/gastroc_r. bounds: [0.01, 1]
[2025-05-29 13:36:02.291] [cout] [info]   /forceset/vasti_r. bounds: [0.01, 1]
[2025-05-29 13:36:02.291] [cout] [info]   /forceset/soleus_r. bounds: [0.01, 1]
[2025-05-29 13:36:02.291] [cout] [info]   /forceset/dorsiflexors_r. bounds: [0.01, 1]
[2025-05-29 13:36:02.291] [cout] [info]   /forceset/hamstrings_l. bounds: [0.01, 1]
[2025-05-29 13:36:02.291] [cout] [info]   /forceset/elbow_flexion_l_torque. bounds: [-inf, inf]
[2025-05-29 13:36:02.291] [cout] [info]   /forceset/bifemsh_l. bounds: [0.01, 1]
[2025-05-29 13:36:02.291] [cout] [info]   /forceset/glut_max_l. bounds: [0.01, 1]
[2025-05-29 13:36:02.291] [cout] [info]   /forceset/lumbar_ext_torque. bounds: [-inf, inf]
[2025-05-29 13:36:02.291] [cout] [info]   /forceset/iliopsoas_l. bounds: [0.01, 1]
[2025-05-29 13:36:02.291] [cout] [info]   /forceset/rect_fem_l. bounds: [0.01, 1]
[2025-05-29 13:36:02.291] [cout] [info]   /forceset/gastroc_l. bounds: [0.01, 1]
[2025-05-29 13:36:02.291] [cout] [info]   /forceset/vasti_l. bounds: [0.01, 1]
[2025-05-29 13:36:02.291] [cout] [info]   /forceset/soleus_l. bounds: [0.01, 1]
[2025-05-29 13:36:02.291] [cout] [info]   /forceset/dorsiflexors_l. bounds: [0.01, 1]
[2025-05-29 13:36:02.291] [cout] [info]   /forceset/shoulder_flexion_r_torque. bounds: [-inf, inf]
[2025-05-29 13:36:02.291] [cout] [info]   /forceset/elbow_flexion_r_torque. bounds: [-inf, inf]
[2025-05-29 13:36:02.291] [cout] [info]   /forceset/shoulder_flexion_l_torque. bounds: [-inf, inf]
[2025-05-29 13:36:02.291] [cout] [info] Parameters: none
[2025-05-29 13:36:03.086] [info] Number of threads: 8
[2025-05-29 13:44:28.351] [info] Set log level to Info.
[2025-05-29 13:44:28.352] [info] ------------------------------------------------------------------------
[2025-05-29 13:44:28.352] [info] Elapsed real time: 506 second(s) (8 minute(s), 26 second(s)).
[2025-05-29 13:44:28.352] [info] Thu May 29 13:44:28 2025
[2025-05-29 13:44:28.352] [warning] MocoCasADiSolver did NOT succeed:
[2025-05-29 13:44:28.352] [warning]   Maximum_Iterations_Exceeded
[2025-05-29 13:44:28.352] [info] ========================================================================
[2025-05-29 13:48:53.082] [cout] [info] Exiting visualization.
[2025-05-29 13:49:45.251] [info] Loaded model 2014014_2d from file 2014014_C4_04_initial-model_2d.osim
[2025-05-29 13:56:12.981] [info] Loaded model 2014014_2d from file 2014014_C4_04_initial-model_2d.osim
[2025-05-29 13:56:24.613] [info] ========================================================================
[2025-05-29 13:56:24.613] [info] MocoCasADiSolver starting.
[2025-05-29 13:56:24.613] [info] Thu May 29 13:56:24 2025
[2025-05-29 13:56:24.613] [info] ------------------------------------------------------------------------
[2025-05-29 13:56:24.613] [cout] [info] Costs: (total: 3)
[2025-05-29 13:56:24.613] [cout] [info]   state_tracking. MocoStateTrackingGoal, enabled: true, mode: cost, weight: 1.0
[2025-05-29 13:56:24.613] [cout] [info]         state: /jointset/ground_pelvis/pelvis_tilt/value, weight: 12.1664
[2025-05-29 13:56:24.613] [cout] [info]         state: /jointset/ground_pelvis/pelvis_tx/value, weight: 0.0
[2025-05-29 13:56:24.613] [cout] [info]         state: /jointset/ground_pelvis/pelvis_ty/value, weight: 0.0
[2025-05-29 13:56:24.613] [cout] [info]         state: /jointset/hip_r/hip_flexion_r/value, weight: 2.75586
[2025-05-29 13:56:24.613] [cout] [info]         state: /jointset/hip_l/hip_flexion_l/value, weight: 2.34071
[2025-05-29 13:56:24.613] [cout] [info]         state: /jointset/back/lumbar_ext/value, weight: 29.4037
[2025-05-29 13:56:24.613] [cout] [info]         state: /jointset/knee_r/knee_angle_r/value, weight: 0.925501
[2025-05-29 13:56:24.613] [cout] [info]         state: /jointset/knee_l/knee_angle_l/value, weight: 1.61229
[2025-05-29 13:56:24.613] [cout] [info]         state: /jointset/acromial_r/shoulder_flexion_r/value, weight: 6.17021
[2025-05-29 13:56:24.613] [cout] [info]         state: /jointset/acromial_l/shoulder_flexion_l/value, weight: 3.42741
[2025-05-29 13:56:24.613] [cout] [info]         state: /jointset/ankle_r/ankle_angle_r/value, weight: 6.2823
[2025-05-29 13:56:24.613] [cout] [info]         state: /jointset/ankle_l/ankle_angle_l/value, weight: 4.50354
[2025-05-29 13:56:24.613] [cout] [info]         state: /jointset/elbow_r/elbow_flexion_r/value, weight: 7.65053
[2025-05-29 13:56:24.613] [cout] [info]         state: /jointset/elbow_l/elbow_flexion_l/value, weight: 2.53764
[2025-05-29 13:56:24.613] [cout] [info]         state: /jointset/ground_pelvis/pelvis_tilt/speed, weight: 0.930004
[2025-05-29 13:56:24.613] [cout] [info]         state: /jointset/ground_pelvis/pelvis_tx/speed, weight: 0.0
[2025-05-29 13:56:24.613] [cout] [info]         state: /jointset/ground_pelvis/pelvis_ty/speed, weight: 0.0
[2025-05-29 13:56:24.613] [cout] [info]         state: /jointset/hip_r/hip_flexion_r/speed, weight: 0.25556
[2025-05-29 13:56:24.613] [cout] [info]         state: /jointset/hip_l/hip_flexion_l/speed, weight: 0.339587
[2025-05-29 13:56:24.613] [cout] [info]         state: /jointset/back/lumbar_ext/speed, weight: 1.50353
[2025-05-29 13:56:24.613] [cout] [info]         state: /jointset/knee_r/knee_angle_r/speed, weight: 0.122041
[2025-05-29 13:56:24.613] [cout] [info]         state: /jointset/knee_l/knee_angle_l/speed, weight: 0.221248
[2025-05-29 13:56:24.613] [cout] [info]         state: /jointset/acromial_r/shoulder_flexion_r/speed, weight: 0.771884
[2025-05-29 13:56:24.613] [cout] [info]         state: /jointset/acromial_l/shoulder_flexion_l/speed, weight: 0.32994
[2025-05-29 13:56:24.613] [cout] [info]         state: /jointset/ankle_r/ankle_angle_r/speed, weight: 0.619564
[2025-05-29 13:56:24.613] [cout] [info]         state: /jointset/ankle_l/ankle_angle_l/speed, weight: 0.480794
[2025-05-29 13:56:24.613] [cout] [info]         state: /jointset/elbow_r/elbow_flexion_r/speed, weight: 1.70026
[2025-05-29 13:56:24.613] [cout] [info]         state: /jointset/elbow_l/elbow_flexion_l/speed, weight: 0.474488
[2025-05-29 13:56:24.613] [cout] [info]         state: /jointset/mtp_r/mtp_angle_r/value, weight: 0.0
[2025-05-29 13:56:24.613] [cout] [info]         state: /jointset/mtp_r/mtp_angle_r/speed, weight: 0.0
[2025-05-29 13:56:24.613] [cout] [info]         state: /jointset/mtp_l/mtp_angle_l/value, weight: 0.0
[2025-05-29 13:56:24.613] [cout] [info]         state: /jointset/mtp_l/mtp_angle_l/speed, weight: 0.0
[2025-05-29 13:56:24.613] [cout] [info]   control_effort. MocoControlGoal, enabled: true, mode: cost, weight: 10.0
[2025-05-29 13:56:24.613] [cout] [info]         control: /forceset/hamstrings_r, weight: 1.0
[2025-05-29 13:56:24.613] [cout] [info]         control: /forceset/bifemsh_r, weight: 1.0
[2025-05-29 13:56:24.613] [cout] [info]         control: /forceset/glut_max_r, weight: 1.0
[2025-05-29 13:56:24.613] [cout] [info]         control: /forceset/iliopsoas_r, weight: 1.0
[2025-05-29 13:56:24.613] [cout] [info]         control: /forceset/rect_fem_r, weight: 1.0
[2025-05-29 13:56:24.613] [cout] [info]         control: /forceset/vasti_r, weight: 1.0
[2025-05-29 13:56:24.613] [cout] [info]         control: /forceset/gastroc_r, weight: 1.0
[2025-05-29 13:56:24.613] [cout] [info]         control: /forceset/soleus_r, weight: 1.0
[2025-05-29 13:56:24.613] [cout] [info]         control: /forceset/dorsiflexors_r, weight: 1.0
[2025-05-29 13:56:24.613] [cout] [info]         control: /forceset/hamstrings_l, weight: 1.0
[2025-05-29 13:56:24.613] [cout] [info]         control: /forceset/bifemsh_l, weight: 1.0
[2025-05-29 13:56:24.613] [cout] [info]         control: /forceset/glut_max_l, weight: 1.0
[2025-05-29 13:56:24.613] [cout] [info]         control: /forceset/iliopsoas_l, weight: 1.0
[2025-05-29 13:56:24.613] [cout] [info]         control: /forceset/rect_fem_l, weight: 1.0
[2025-05-29 13:56:24.613] [cout] [info]         control: /forceset/vasti_l, weight: 1.0
[2025-05-29 13:56:24.613] [cout] [info]         control: /forceset/gastroc_l, weight: 1.0
[2025-05-29 13:56:24.613] [cout] [info]         control: /forceset/soleus_l, weight: 1.0
[2025-05-29 13:56:24.613] [cout] [info]         control: /forceset/dorsiflexors_l, weight: 1.0
[2025-05-29 13:56:24.613] [cout] [info]         control: /forceset/lumbar_ext_torque, weight: 1.0
[2025-05-29 13:56:24.613] [cout] [info]         control: /forceset/shoulder_flexion_r_torque, weight: 1.0
[2025-05-29 13:56:24.613] [cout] [info]         control: /forceset/elbow_flexion_r_torque, weight: 1.0
[2025-05-29 13:56:24.613] [cout] [info]         control: /forceset/shoulder_flexion_l_torque, weight: 1.0
[2025-05-29 13:56:24.613] [cout] [info]         control: /forceset/elbow_flexion_l_torque, weight: 1.0
[2025-05-29 13:56:24.613] [cout] [info]   contact. MocoContactTrackingGoal, enabled: true, mode: cost, weight: 0.5
[2025-05-29 13:56:24.613] [cout] [info]         projection type: plane
[2025-05-29 13:56:24.613] [cout] [info]         projection vector: ~[0,0,1]
[2025-05-29 13:56:24.613] [cout] [info]         group 0: ExternalForce: grf1
[2025-05-29 13:56:24.613] [cout] [info]             forces:
[2025-05-29 13:56:24.613] [cout] [info]                 /forceset/Contact_Foot_Ground_L1
[2025-05-29 13:56:24.613] [cout] [info]                 /forceset/Contact_Foot_Ground_L2
[2025-05-29 13:56:24.613] [cout] [info]                 /forceset/Contact_Foot_Ground_L3
[2025-05-29 13:56:24.613] [cout] [info]                 /forceset/Contact_Foot_Ground_L4
[2025-05-29 13:56:24.613] [cout] [info]                 /forceset/Contact_Foot_Ground_L5
[2025-05-29 13:56:24.613] [cout] [info]                 /forceset/Contact_Foot_Ground_L6
[2025-05-29 13:56:24.613] [cout] [info]                 /forceset/Contact_Foot_Ground_L7
[2025-05-29 13:56:24.613] [cout] [info]                 /forceset/Contact_Foot_Ground_L8
[2025-05-29 13:56:24.613] [cout] [info]         group 1: ExternalForce: grf2
[2025-05-29 13:56:24.613] [cout] [info]             forces:
[2025-05-29 13:56:24.613] [cout] [info]                 /forceset/Contact_Foot_Ground_R1
[2025-05-29 13:56:24.613] [cout] [info]                 /forceset/Contact_Foot_Ground_R2
[2025-05-29 13:56:24.613] [cout] [info]                 /forceset/Contact_Foot_Ground_R3
[2025-05-29 13:56:24.613] [cout] [info]                 /forceset/Contact_Foot_Ground_R4
[2025-05-29 13:56:24.613] [cout] [info]                 /forceset/Contact_Foot_Ground_R5
[2025-05-29 13:56:24.613] [cout] [info]                 /forceset/Contact_Foot_Ground_R6
[2025-05-29 13:56:24.613] [cout] [info]                 /forceset/Contact_Foot_Ground_R7
[2025-05-29 13:56:24.613] [cout] [info]                 /forceset/Contact_Foot_Ground_R8
[2025-05-29 13:56:24.613] [cout] [info] Endpoint constraints: (total: 3)
[2025-05-29 13:56:24.613] [cout] [info]   initial_activation. MocoInitialActivationGoal, enabled: true, mode: endpoint_constraint
[2025-05-29 13:56:24.613] [cout] [info]   speed. MocoAverageSpeedGoal, enabled: true, mode: endpoint_constraint
[2025-05-29 13:56:24.613] [cout] [info]   symmetry. MocoPeriodicityGoal, enabled: true, mode: endpoint_constraint
[2025-05-29 13:56:24.613] [cout] [info]         state periodicity pairs:
[2025-05-29 13:56:24.613] [cout] [info]                 initial: /jointset/ground_pelvis/pelvis_tilt/value, final: /jointset/ground_pelvis/pelvis_tilt/value
[2025-05-29 13:56:24.613] [cout] [info]                 initial: /jointset/ground_pelvis/pelvis_tilt/speed, final: /jointset/ground_pelvis/pelvis_tilt/speed
[2025-05-29 13:56:24.613] [cout] [info]                 initial: /jointset/ground_pelvis/pelvis_tx/speed, final: /jointset/ground_pelvis/pelvis_tx/speed
[2025-05-29 13:56:24.613] [cout] [info]                 initial: /jointset/ground_pelvis/pelvis_ty/value, final: /jointset/ground_pelvis/pelvis_ty/value
[2025-05-29 13:56:24.613] [cout] [info]                 initial: /jointset/ground_pelvis/pelvis_ty/speed, final: /jointset/ground_pelvis/pelvis_ty/speed
[2025-05-29 13:56:24.613] [cout] [info]                 initial: /jointset/hip_r/hip_flexion_r/value, final: /jointset/hip_l/hip_flexion_l/value
[2025-05-29 13:56:24.613] [cout] [info]                 initial: /jointset/hip_r/hip_flexion_r/speed, final: /jointset/hip_l/hip_flexion_l/speed
[2025-05-29 13:56:24.613] [cout] [info]                 initial: /jointset/knee_r/knee_angle_r/value, final: /jointset/knee_l/knee_angle_l/value
[2025-05-29 13:56:24.613] [cout] [info]                 initial: /jointset/knee_r/knee_angle_r/speed, final: /jointset/knee_l/knee_angle_l/speed
[2025-05-29 13:56:24.613] [cout] [info]                 initial: /jointset/ankle_r/ankle_angle_r/value, final: /jointset/ankle_l/ankle_angle_l/value
[2025-05-29 13:56:24.613] [cout] [info]                 initial: /jointset/ankle_r/ankle_angle_r/speed, final: /jointset/ankle_l/ankle_angle_l/speed
[2025-05-29 13:56:24.613] [cout] [info]                 initial: /jointset/mtp_r/mtp_angle_r/value, final: /jointset/mtp_l/mtp_angle_l/value
[2025-05-29 13:56:24.613] [cout] [info]                 initial: /jointset/mtp_r/mtp_angle_r/speed, final: /jointset/mtp_l/mtp_angle_l/speed
[2025-05-29 13:56:24.613] [cout] [info]                 initial: /jointset/hip_l/hip_flexion_l/value, final: /jointset/hip_r/hip_flexion_r/value
[2025-05-29 13:56:24.613] [cout] [info]                 initial: /jointset/hip_l/hip_flexion_l/speed, final: /jointset/hip_r/hip_flexion_r/speed
[2025-05-29 13:56:24.613] [cout] [info]                 initial: /jointset/knee_l/knee_angle_l/value, final: /jointset/knee_r/knee_angle_r/value
[2025-05-29 13:56:24.613] [cout] [info]                 initial: /jointset/knee_l/knee_angle_l/speed, final: /jointset/knee_r/knee_angle_r/speed
[2025-05-29 13:56:24.613] [cout] [info]                 initial: /jointset/ankle_l/ankle_angle_l/value, final: /jointset/ankle_r/ankle_angle_r/value
[2025-05-29 13:56:24.613] [cout] [info]                 initial: /jointset/ankle_l/ankle_angle_l/speed, final: /jointset/ankle_r/ankle_angle_r/speed
[2025-05-29 13:56:24.613] [cout] [info]                 initial: /jointset/mtp_l/mtp_angle_l/value, final: /jointset/mtp_r/mtp_angle_r/value
[2025-05-29 13:56:24.613] [cout] [info]                 initial: /jointset/mtp_l/mtp_angle_l/speed, final: /jointset/mtp_r/mtp_angle_r/speed
[2025-05-29 13:56:24.613] [cout] [info]                 initial: /jointset/back/lumbar_ext/value, final: /jointset/back/lumbar_ext/value
[2025-05-29 13:56:24.613] [cout] [info]                 initial: /jointset/back/lumbar_ext/speed, final: /jointset/back/lumbar_ext/speed
[2025-05-29 13:56:24.613] [cout] [info]                 initial: /jointset/acromial_r/shoulder_flexion_r/value, final: /jointset/acromial_l/shoulder_flexion_l/value
[2025-05-29 13:56:24.613] [cout] [info]                 initial: /jointset/acromial_r/shoulder_flexion_r/speed, final: /jointset/acromial_l/shoulder_flexion_l/speed
[2025-05-29 13:56:24.613] [cout] [info]                 initial: /jointset/elbow_r/elbow_flexion_r/value, final: /jointset/elbow_l/elbow_flexion_l/value
[2025-05-29 13:56:24.613] [cout] [info]                 initial: /jointset/elbow_r/elbow_flexion_r/speed, final: /jointset/elbow_l/elbow_flexion_l/speed
[2025-05-29 13:56:24.613] [cout] [info]                 initial: /jointset/acromial_l/shoulder_flexion_l/value, final: /jointset/acromial_r/shoulder_flexion_r/value
[2025-05-29 13:56:24.613] [cout] [info]                 initial: /jointset/acromial_l/shoulder_flexion_l/speed, final: /jointset/acromial_r/shoulder_flexion_r/speed
[2025-05-29 13:56:24.613] [cout] [info]                 initial: /jointset/elbow_l/elbow_flexion_l/value, final: /jointset/elbow_r/elbow_flexion_r/value
[2025-05-29 13:56:24.613] [cout] [info]                 initial: /jointset/elbow_l/elbow_flexion_l/speed, final: /jointset/elbow_r/elbow_flexion_r/speed
[2025-05-29 13:56:24.613] [cout] [info]                 initial: /forceset/hamstrings_r/activation, final: /forceset/hamstrings_l/activation
[2025-05-29 13:56:24.613] [cout] [info]                 initial: /forceset/bifemsh_r/activation, final: /forceset/bifemsh_l/activation
[2025-05-29 13:56:24.613] [cout] [info]                 initial: /forceset/glut_max_r/activation, final: /forceset/glut_max_l/activation
[2025-05-29 13:56:24.613] [cout] [info]                 initial: /forceset/iliopsoas_r/activation, final: /forceset/iliopsoas_l/activation
[2025-05-29 13:56:24.613] [cout] [info]                 initial: /forceset/rect_fem_r/activation, final: /forceset/rect_fem_l/activation
[2025-05-29 13:56:24.614] [cout] [info]                 initial: /forceset/vasti_r/activation, final: /forceset/vasti_l/activation
[2025-05-29 13:56:24.614] [cout] [info]                 initial: /forceset/gastroc_r/activation, final: /forceset/gastroc_l/activation
[2025-05-29 13:56:24.614] [cout] [info]                 initial: /forceset/gastroc_r/normalized_tendon_force, final: /forceset/gastroc_l/normalized_tendon_force
[2025-05-29 13:56:24.614] [cout] [info]                 initial: /forceset/soleus_r/activation, final: /forceset/soleus_l/activation
[2025-05-29 13:56:24.614] [cout] [info]                 initial: /forceset/soleus_r/normalized_tendon_force, final: /forceset/soleus_l/normalized_tendon_force
[2025-05-29 13:56:24.614] [cout] [info]                 initial: /forceset/dorsiflexors_r/activation, final: /forceset/dorsiflexors_l/activation
[2025-05-29 13:56:24.614] [cout] [info]                 initial: /forceset/hamstrings_l/activation, final: /forceset/hamstrings_r/activation
[2025-05-29 13:56:24.614] [cout] [info]                 initial: /forceset/bifemsh_l/activation, final: /forceset/bifemsh_r/activation
[2025-05-29 13:56:24.614] [cout] [info]                 initial: /forceset/glut_max_l/activation, final: /forceset/glut_max_r/activation
[2025-05-29 13:56:24.614] [cout] [info]                 initial: /forceset/iliopsoas_l/activation, final: /forceset/iliopsoas_r/activation
[2025-05-29 13:56:24.614] [cout] [info]                 initial: /forceset/rect_fem_l/activation, final: /forceset/rect_fem_r/activation
[2025-05-29 13:56:24.614] [cout] [info]                 initial: /forceset/vasti_l/activation, final: /forceset/vasti_r/activation
[2025-05-29 13:56:24.614] [cout] [info]                 initial: /forceset/gastroc_l/activation, final: /forceset/gastroc_r/activation
[2025-05-29 13:56:24.614] [cout] [info]                 initial: /forceset/gastroc_l/normalized_tendon_force, final: /forceset/gastroc_r/normalized_tendon_force
[2025-05-29 13:56:24.614] [cout] [info]                 initial: /forceset/soleus_l/activation, final: /forceset/soleus_r/activation
[2025-05-29 13:56:24.614] [cout] [info]                 initial: /forceset/soleus_l/normalized_tendon_force, final: /forceset/soleus_r/normalized_tendon_force
[2025-05-29 13:56:24.614] [cout] [info]                 initial: /forceset/dorsiflexors_l/activation, final: /forceset/dorsiflexors_r/activation
[2025-05-29 13:56:24.614] [cout] [info]         control periodicity pairs:
[2025-05-29 13:56:24.614] [cout] [info]                 initial: /forceset/bifemsh_r, final: /forceset/bifemsh_l
[2025-05-29 13:56:24.614] [cout] [info]                 initial: /forceset/bifemsh_r, final: /forceset/bifemsh_r
[2025-05-29 13:56:24.614] [cout] [info]                 initial: /forceset/hamstrings_r, final: /forceset/hamstrings_l
[2025-05-29 13:56:24.614] [cout] [info]                 initial: /forceset/hamstrings_r, final: /forceset/hamstrings_r
[2025-05-29 13:56:24.614] [cout] [info]                 initial: /forceset/glut_max_r, final: /forceset/glut_max_l
[2025-05-29 13:56:24.614] [cout] [info]                 initial: /forceset/glut_max_r, final: /forceset/glut_max_r
[2025-05-29 13:56:24.614] [cout] [info]                 initial: /forceset/vasti_r, final: /forceset/vasti_l
[2025-05-29 13:56:24.614] [cout] [info]                 initial: /forceset/vasti_r, final: /forceset/vasti_r
[2025-05-29 13:56:24.614] [cout] [info]                 initial: /forceset/gastroc_r, final: /forceset/gastroc_l
[2025-05-29 13:56:24.614] [cout] [info]                 initial: /forceset/gastroc_r, final: /forceset/gastroc_r
[2025-05-29 13:56:24.614] [cout] [info]                 initial: /forceset/iliopsoas_r, final: /forceset/iliopsoas_l
[2025-05-29 13:56:24.614] [cout] [info]                 initial: /forceset/iliopsoas_r, final: /forceset/iliopsoas_r
[2025-05-29 13:56:24.614] [cout] [info]                 initial: /forceset/soleus_r, final: /forceset/soleus_l
[2025-05-29 13:56:24.614] [cout] [info]                 initial: /forceset/soleus_r, final: /forceset/soleus_r
[2025-05-29 13:56:24.614] [cout] [info]                 initial: /forceset/rect_fem_r, final: /forceset/rect_fem_l
[2025-05-29 13:56:24.614] [cout] [info]                 initial: /forceset/rect_fem_r, final: /forceset/rect_fem_r
[2025-05-29 13:56:24.614] [cout] [info]                 initial: /forceset/dorsiflexors_r, final: /forceset/dorsiflexors_l
[2025-05-29 13:56:24.614] [cout] [info]                 initial: /forceset/dorsiflexors_r, final: /forceset/dorsiflexors_r
[2025-05-29 13:56:24.614] [cout] [info]                 initial: /forceset/hamstrings_l, final: /forceset/hamstrings_r
[2025-05-29 13:56:24.614] [cout] [info]                 initial: /forceset/hamstrings_l, final: /forceset/hamstrings_l
[2025-05-29 13:56:24.614] [cout] [info]                 initial: /forceset/elbow_flexion_l_torque, final: /forceset/elbow_flexion_r_torque
[2025-05-29 13:56:24.614] [cout] [info]                 initial: /forceset/bifemsh_l, final: /forceset/bifemsh_r
[2025-05-29 13:56:24.614] [cout] [info]                 initial: /forceset/bifemsh_l, final: /forceset/bifemsh_l
[2025-05-29 13:56:24.614] [cout] [info]                 initial: /forceset/glut_max_l, final: /forceset/glut_max_r
[2025-05-29 13:56:24.614] [cout] [info]                 initial: /forceset/glut_max_l, final: /forceset/glut_max_l
[2025-05-29 13:56:24.614] [cout] [info]                 initial: /forceset/lumbar_ext_torque, final: /forceset/lumbar_ext_torque
[2025-05-29 13:56:24.614] [cout] [info]                 initial: /forceset/iliopsoas_l, final: /forceset/iliopsoas_r
[2025-05-29 13:56:24.614] [cout] [info]                 initial: /forceset/iliopsoas_l, final: /forceset/iliopsoas_l
[2025-05-29 13:56:24.614] [cout] [info]                 initial: /forceset/rect_fem_l, final: /forceset/rect_fem_r
[2025-05-29 13:56:24.614] [cout] [info]                 initial: /forceset/rect_fem_l, final: /forceset/rect_fem_l
[2025-05-29 13:56:24.614] [cout] [info]                 initial: /forceset/gastroc_l, final: /forceset/gastroc_r
[2025-05-29 13:56:24.614] [cout] [info]                 initial: /forceset/gastroc_l, final: /forceset/gastroc_l
[2025-05-29 13:56:24.614] [cout] [info]                 initial: /forceset/vasti_l, final: /forceset/vasti_r
[2025-05-29 13:56:24.614] [cout] [info]                 initial: /forceset/vasti_l, final: /forceset/vasti_l
[2025-05-29 13:56:24.614] [cout] [info]                 initial: /forceset/soleus_l, final: /forceset/soleus_r
[2025-05-29 13:56:24.614] [cout] [info]                 initial: /forceset/soleus_l, final: /forceset/soleus_l
[2025-05-29 13:56:24.614] [cout] [info]                 initial: /forceset/dorsiflexors_l, final: /forceset/dorsiflexors_r
[2025-05-29 13:56:24.614] [cout] [info]                 initial: /forceset/dorsiflexors_l, final: /forceset/dorsiflexors_l
[2025-05-29 13:56:24.614] [cout] [info]                 initial: /forceset/shoulder_flexion_r_torque, final: /forceset/shoulder_flexion_l_torque
[2025-05-29 13:56:24.614] [cout] [info]                 initial: /forceset/shoulder_flexion_r_torque, final: /forceset/shoulder_flexion_r_torque
[2025-05-29 13:56:24.614] [cout] [info]                 initial: /forceset/elbow_flexion_r_torque, final: /forceset/elbow_flexion_l_torque
[2025-05-29 13:56:24.614] [cout] [info]                 initial: /forceset/elbow_flexion_r_torque, final: /forceset/elbow_flexion_r_torque
[2025-05-29 13:56:24.614] [cout] [info]                 initial: /forceset/shoulder_flexion_l_torque, final: /forceset/shoulder_flexion_r_torque
[2025-05-29 13:56:24.614] [cout] [info] Kinematic constraints: none
[2025-05-29 13:56:24.614] [cout] [info] Path constraints: none
[2025-05-29 13:56:24.614] [cout] [info] States: (total: 54)
[2025-05-29 13:56:24.614] [cout] [info]   /forceset/rect_fem_r/activation. bounds: [0.01, 2]
[2025-05-29 13:56:24.614] [cout] [info]   /forceset/gastroc_r/normalized_tendon_force. bounds: [0, 1.5]
[2025-05-29 13:56:24.614] [cout] [info]   /forceset/soleus_r/normalized_tendon_force. bounds: [0, 1.5]
[2025-05-29 13:56:24.614] [cout] [info]   /forceset/rect_fem_l/activation. bounds: [0.01, 2]
[2025-05-29 13:56:24.614] [cout] [info]   /forceset/gastroc_l/normalized_tendon_force. bounds: [0, 1.5]
[2025-05-29 13:56:24.614] [cout] [info]   /forceset/soleus_l/normalized_tendon_force. bounds: [0, 1.5]
[2025-05-29 13:56:24.614] [cout] [info]   /forceset/hamstrings_r/activation. bounds: [0.01, 2]
[2025-05-29 13:56:24.614] [cout] [info]   /jointset/knee_l/knee_angle_l/value. bounds: [-0.744281, 0.124047] initial: [-0.179552, 0.0685416]
[2025-05-29 13:56:24.614] [cout] [info]   /forceset/bifemsh_r/activation. bounds: [0.01, 2]
[2025-05-29 13:56:24.614] [cout] [info]   /forceset/glut_max_r/activation. bounds: [0.01, 2]
[2025-05-29 13:56:24.614] [cout] [info]   /forceset/iliopsoas_r/activation. bounds: [0.01, 2]
[2025-05-29 13:56:24.614] [cout] [info]   /forceset/gastroc_r/activation. bounds: [0.01, 2]
[2025-05-29 13:56:24.614] [cout] [info]   /forceset/vasti_r/activation. bounds: [0.01, 2]
[2025-05-29 13:56:24.614] [cout] [info]   /forceset/soleus_r/activation. bounds: [0.01, 2]
[2025-05-29 13:56:24.614] [cout] [info]   /jointset/mtp_r/mtp_angle_r/speed. bounds: [-50, 50]
[2025-05-29 13:56:24.614] [cout] [info]   /jointset/ground_pelvis/pelvis_tilt/speed. bounds: [-50, 50]
[2025-05-29 13:56:24.614] [cout] [info]   /forceset/dorsiflexors_r/activation. bounds: [0.01, 2]
[2025-05-29 13:56:24.614] [cout] [info]   /jointset/mtp_r/mtp_angle_r/value. bounds: [-0.436332, 1.309]
[2025-05-29 13:56:24.614] [cout] [info]   /jointset/ground_pelvis/pelvis_tilt/value. bounds: [0.197792, 0.312863] initial: [0.208948, 0.241825]
[2025-05-29 13:56:24.614] [cout] [info]   /forceset/hamstrings_l/activation. bounds: [0.01, 2]
[2025-05-29 13:56:24.614] [cout] [info]   /forceset/bifemsh_l/activation. bounds: [0.01, 2]
[2025-05-29 13:56:24.614] [cout] [info]   /jointset/ground_pelvis/pelvis_tx/speed. bounds: [-50, 50]
[2025-05-29 13:56:24.614] [cout] [info]   /forceset/glut_max_l/activation. bounds: [0.01, 2]
[2025-05-29 13:56:24.614] [cout] [info]   /forceset/iliopsoas_l/activation. bounds: [0.01, 2]
[2025-05-29 13:56:24.614] [cout] [info]   /forceset/gastroc_l/activation. bounds: [0.01, 2]
[2025-05-29 13:56:24.614] [cout] [info]   /forceset/vasti_l/activation. bounds: [0.01, 2]
[2025-05-29 13:56:24.614] [cout] [info]   /forceset/soleus_l/activation. bounds: [0.01, 2]
[2025-05-29 13:56:24.614] [cout] [info]   /jointset/back/lumbar_ext/value. bounds: [-0.407582, -0.359969] initial: [-0.380067, -0.366463]
[2025-05-29 13:56:24.614] [cout] [info]   /jointset/mtp_l/mtp_angle_l/value. bounds: [-0.436332, 1.309]
[2025-05-29 13:56:24.614] [cout] [info]   /forceset/dorsiflexors_l/activation. bounds: [0.01, 2]
[2025-05-29 13:56:24.615] [cout] [info]   /jointset/ground_pelvis/pelvis_tx/value. bounds: [0.0519195, 0.916899] initial: [0.0519195, 0.299056]
[2025-05-29 13:56:24.615] [cout] [info]   /jointset/knee_r/knee_angle_r/speed. bounds: [-50, 50]
[2025-05-29 13:56:24.615] [cout] [info]   /jointset/elbow_l/elbow_flexion_l/value. bounds: [0.272883, 0.824577] initial: [0.272883, 0.43051]
[2025-05-29 13:56:24.615] [cout] [info]   /jointset/ankle_l/ankle_angle_l/value. bounds: [-0.193578, 0.117288] initial: [-0.101604, -0.0127849]
[2025-05-29 13:56:24.615] [cout] [info]   /jointset/ground_pelvis/pelvis_ty/value. bounds: [1.01463, 1.14777] initial: [1.0265, 1.12926]
[2025-05-29 13:56:24.615] [cout] [info]   /jointset/ankle_r/ankle_angle_r/value. bounds: [-0.226351, -0.00350295] initial: [-0.226351, -0.16268]
[2025-05-29 13:56:24.615] [cout] [info]   /jointset/hip_r/hip_flexion_r/value. bounds: [-0.279284, 0.228724] initial: [-0.279284, -0.134139]
[2025-05-29 13:56:24.615] [cout] [info]   /jointset/back/lumbar_ext/speed. bounds: [-50, 50]
[2025-05-29 13:56:24.615] [cout] [info]   /jointset/mtp_l/mtp_angle_l/speed. bounds: [-50, 50]
[2025-05-29 13:56:24.615] [cout] [info]   /jointset/knee_r/knee_angle_r/value. bounds: [-1.32143, 0.191267] initial: [-1.1847, -0.752503]
[2025-05-29 13:56:24.615] [cout] [info]   /jointset/knee_l/knee_angle_l/speed. bounds: [-50, 50]
[2025-05-29 13:56:24.615] [cout] [info]   /jointset/hip_l/hip_flexion_l/value. bounds: [-0.594953, 0.00315562] initial: [-0.167733, 0.00315562]
[2025-05-29 13:56:24.615] [cout] [info]   /jointset/acromial_r/shoulder_flexion_r/value. bounds: [-0.0875714, 0.139325] initial: [0.0744976, 0.139325]
[2025-05-29 13:56:24.615] [cout] [info]   /jointset/elbow_r/elbow_flexion_r/value. bounds: [0.244744, 0.427738] initial: [0.375454, 0.427738]
[2025-05-29 13:56:24.615] [cout] [info]   /jointset/acromial_l/shoulder_flexion_l/value. bounds: [-0.141572, 0.266899] initial: [-0.141572, -0.0248661]
[2025-05-29 13:56:24.615] [cout] [info]   /jointset/elbow_l/elbow_flexion_l/speed. bounds: [-50, 50]
[2025-05-29 13:56:24.615] [cout] [info]   /jointset/ankle_l/ankle_angle_l/speed. bounds: [-50, 50]
[2025-05-29 13:56:24.615] [cout] [info]   /jointset/ground_pelvis/pelvis_ty/speed. bounds: [-50, 50]
[2025-05-29 13:56:24.615] [cout] [info]   /jointset/ankle_r/ankle_angle_r/speed. bounds: [-50, 50]
[2025-05-29 13:56:24.615] [cout] [info]   /jointset/hip_r/hip_flexion_r/speed. bounds: [-50, 50]
[2025-05-29 13:56:24.615] [cout] [info]   /jointset/hip_l/hip_flexion_l/speed. bounds: [-50, 50]
[2025-05-29 13:56:24.615] [cout] [info]   /jointset/acromial_r/shoulder_flexion_r/speed. bounds: [-50, 50]
[2025-05-29 13:56:24.615] [cout] [info]   /jointset/elbow_r/elbow_flexion_r/speed. bounds: [-50, 50]
[2025-05-29 13:56:24.615] [cout] [info]   /jointset/acromial_l/shoulder_flexion_l/speed. bounds: [-50, 50]
[2025-05-29 13:56:24.615] [cout] [info] Controls: (total: 23)
[2025-05-29 13:56:24.615] [cout] [info]   /forceset/hamstrings_r. bounds: [0.01, 1]
[2025-05-29 13:56:24.615] [cout] [info]   /forceset/bifemsh_r. bounds: [0.01, 1]
[2025-05-29 13:56:24.615] [cout] [info]   /forceset/glut_max_r. bounds: [0.01, 1]
[2025-05-29 13:56:24.615] [cout] [info]   /forceset/iliopsoas_r. bounds: [0.01, 1]
[2025-05-29 13:56:24.615] [cout] [info]   /forceset/rect_fem_r. bounds: [0.01, 1]
[2025-05-29 13:56:24.615] [cout] [info]   /forceset/gastroc_r. bounds: [0.01, 1]
[2025-05-29 13:56:24.615] [cout] [info]   /forceset/vasti_r. bounds: [0.01, 1]
[2025-05-29 13:56:24.615] [cout] [info]   /forceset/soleus_r. bounds: [0.01, 1]
[2025-05-29 13:56:24.615] [cout] [info]   /forceset/dorsiflexors_r. bounds: [0.01, 1]
[2025-05-29 13:56:24.615] [cout] [info]   /forceset/hamstrings_l. bounds: [0.01, 1]
[2025-05-29 13:56:24.615] [cout] [info]   /forceset/elbow_flexion_l_torque. bounds: [-inf, inf]
[2025-05-29 13:56:24.615] [cout] [info]   /forceset/bifemsh_l. bounds: [0.01, 1]
[2025-05-29 13:56:24.615] [cout] [info]   /forceset/glut_max_l. bounds: [0.01, 1]
[2025-05-29 13:56:24.615] [cout] [info]   /forceset/lumbar_ext_torque. bounds: [-inf, inf]
[2025-05-29 13:56:24.615] [cout] [info]   /forceset/iliopsoas_l. bounds: [0.01, 1]
[2025-05-29 13:56:24.615] [cout] [info]   /forceset/rect_fem_l. bounds: [0.01, 1]
[2025-05-29 13:56:24.615] [cout] [info]   /forceset/gastroc_l. bounds: [0.01, 1]
[2025-05-29 13:56:24.615] [cout] [info]   /forceset/vasti_l. bounds: [0.01, 1]
[2025-05-29 13:56:24.615] [cout] [info]   /forceset/soleus_l. bounds: [0.01, 1]
[2025-05-29 13:56:24.615] [cout] [info]   /forceset/dorsiflexors_l. bounds: [0.01, 1]
[2025-05-29 13:56:24.615] [cout] [info]   /forceset/shoulder_flexion_r_torque. bounds: [-inf, inf]
[2025-05-29 13:56:24.615] [cout] [info]   /forceset/elbow_flexion_r_torque. bounds: [-inf, inf]
[2025-05-29 13:56:24.615] [cout] [info]   /forceset/shoulder_flexion_l_torque. bounds: [-inf, inf]
[2025-05-29 13:56:24.615] [cout] [info] Parameters: none
[2025-05-29 13:56:25.644] [info] Number of threads: 8
[2025-05-29 13:57:10.032] [info] Set log level to Info.
[2025-05-29 13:57:10.033] [info] ------------------------------------------------------------------------
[2025-05-29 13:57:10.033] [info] Elapsed real time: 45 second(s).
[2025-05-29 13:57:10.033] [info] Thu May 29 13:57:10 2025
[2025-05-29 13:57:10.033] [warning] MocoCasADiSolver did NOT succeed:
[2025-05-29 13:57:10.033] [warning]   Infeasible_Problem_Detected
[2025-05-29 13:57:10.033] [info] ========================================================================
[2025-05-29 13:57:38.589] [cout] [info] Exiting visualization.
[2025-05-29 13:58:33.338] [info] Loaded model 2014014_2d from file 2014014_C4_04_initial-model_2d.osim
[2025-05-29 13:59:43.907] [info] ========================================================================
[2025-05-29 13:59:43.907] [info] MocoCasADiSolver starting.
[2025-05-29 13:59:43.907] [info] Thu May 29 13:59:43 2025
[2025-05-29 13:59:43.907] [info] ------------------------------------------------------------------------
[2025-05-29 13:59:43.907] [cout] [info] Costs: (total: 3)
[2025-05-29 13:59:43.907] [cout] [info]   state_tracking. MocoStateTrackingGoal, enabled: true, mode: cost, weight: 1.0
[2025-05-29 13:59:43.907] [cout] [info]         state: /jointset/ground_pelvis/pelvis_tilt/value, weight: 12.1664
[2025-05-29 13:59:43.907] [cout] [info]         state: /jointset/ground_pelvis/pelvis_tx/value, weight: 0.0
[2025-05-29 13:59:43.907] [cout] [info]         state: /jointset/ground_pelvis/pelvis_ty/value, weight: 0.0
[2025-05-29 13:59:43.907] [cout] [info]         state: /jointset/hip_r/hip_flexion_r/value, weight: 2.75586
[2025-05-29 13:59:43.907] [cout] [info]         state: /jointset/hip_l/hip_flexion_l/value, weight: 2.34071
[2025-05-29 13:59:43.907] [cout] [info]         state: /jointset/back/lumbar_ext/value, weight: 29.4037
[2025-05-29 13:59:43.907] [cout] [info]         state: /jointset/knee_r/knee_angle_r/value, weight: 0.925501
[2025-05-29 13:59:43.907] [cout] [info]         state: /jointset/knee_l/knee_angle_l/value, weight: 1.61229
[2025-05-29 13:59:43.907] [cout] [info]         state: /jointset/acromial_r/shoulder_flexion_r/value, weight: 6.17021
[2025-05-29 13:59:43.907] [cout] [info]         state: /jointset/acromial_l/shoulder_flexion_l/value, weight: 3.42741
[2025-05-29 13:59:43.907] [cout] [info]         state: /jointset/ankle_r/ankle_angle_r/value, weight: 6.2823
[2025-05-29 13:59:43.907] [cout] [info]         state: /jointset/ankle_l/ankle_angle_l/value, weight: 4.50354
[2025-05-29 13:59:43.907] [cout] [info]         state: /jointset/elbow_r/elbow_flexion_r/value, weight: 7.65053
[2025-05-29 13:59:43.907] [cout] [info]         state: /jointset/elbow_l/elbow_flexion_l/value, weight: 2.53764
[2025-05-29 13:59:43.907] [cout] [info]         state: /jointset/ground_pelvis/pelvis_tilt/speed, weight: 0.930004
[2025-05-29 13:59:43.907] [cout] [info]         state: /jointset/ground_pelvis/pelvis_tx/speed, weight: 0.0
[2025-05-29 13:59:43.907] [cout] [info]         state: /jointset/ground_pelvis/pelvis_ty/speed, weight: 0.0
[2025-05-29 13:59:43.907] [cout] [info]         state: /jointset/hip_r/hip_flexion_r/speed, weight: 0.25556
[2025-05-29 13:59:43.907] [cout] [info]         state: /jointset/hip_l/hip_flexion_l/speed, weight: 0.339587
[2025-05-29 13:59:43.907] [cout] [info]         state: /jointset/back/lumbar_ext/speed, weight: 1.50353
[2025-05-29 13:59:43.907] [cout] [info]         state: /jointset/knee_r/knee_angle_r/speed, weight: 0.122041
[2025-05-29 13:59:43.907] [cout] [info]         state: /jointset/knee_l/knee_angle_l/speed, weight: 0.221248
[2025-05-29 13:59:43.907] [cout] [info]         state: /jointset/acromial_r/shoulder_flexion_r/speed, weight: 0.771884
[2025-05-29 13:59:43.907] [cout] [info]         state: /jointset/acromial_l/shoulder_flexion_l/speed, weight: 0.32994
[2025-05-29 13:59:43.907] [cout] [info]         state: /jointset/ankle_r/ankle_angle_r/speed, weight: 0.619564
[2025-05-29 13:59:43.907] [cout] [info]         state: /jointset/ankle_l/ankle_angle_l/speed, weight: 0.480794
[2025-05-29 13:59:43.907] [cout] [info]         state: /jointset/elbow_r/elbow_flexion_r/speed, weight: 1.70026
[2025-05-29 13:59:43.907] [cout] [info]         state: /jointset/elbow_l/elbow_flexion_l/speed, weight: 0.474488
[2025-05-29 13:59:43.907] [cout] [info]         state: /jointset/mtp_r/mtp_angle_r/value, weight: 0.0
[2025-05-29 13:59:43.907] [cout] [info]         state: /jointset/mtp_r/mtp_angle_r/speed, weight: 0.0
[2025-05-29 13:59:43.907] [cout] [info]         state: /jointset/mtp_l/mtp_angle_l/value, weight: 0.0
[2025-05-29 13:59:43.907] [cout] [info]         state: /jointset/mtp_l/mtp_angle_l/speed, weight: 0.0
[2025-05-29 13:59:43.907] [cout] [info]   control_effort. MocoControlGoal, enabled: true, mode: cost, weight: 10.0
[2025-05-29 13:59:43.907] [cout] [info]         control: /forceset/hamstrings_r, weight: 1.0
[2025-05-29 13:59:43.907] [cout] [info]         control: /forceset/bifemsh_r, weight: 1.0
[2025-05-29 13:59:43.907] [cout] [info]         control: /forceset/glut_max_r, weight: 1.0
[2025-05-29 13:59:43.907] [cout] [info]         control: /forceset/iliopsoas_r, weight: 1.0
[2025-05-29 13:59:43.907] [cout] [info]         control: /forceset/rect_fem_r, weight: 1.0
[2025-05-29 13:59:43.907] [cout] [info]         control: /forceset/vasti_r, weight: 1.0
[2025-05-29 13:59:43.907] [cout] [info]         control: /forceset/gastroc_r, weight: 1.0
[2025-05-29 13:59:43.907] [cout] [info]         control: /forceset/soleus_r, weight: 1.0
[2025-05-29 13:59:43.907] [cout] [info]         control: /forceset/dorsiflexors_r, weight: 1.0
[2025-05-29 13:59:43.907] [cout] [info]         control: /forceset/hamstrings_l, weight: 1.0
[2025-05-29 13:59:43.907] [cout] [info]         control: /forceset/bifemsh_l, weight: 1.0
[2025-05-29 13:59:43.907] [cout] [info]         control: /forceset/glut_max_l, weight: 1.0
[2025-05-29 13:59:43.907] [cout] [info]         control: /forceset/iliopsoas_l, weight: 1.0
[2025-05-29 13:59:43.907] [cout] [info]         control: /forceset/rect_fem_l, weight: 1.0
[2025-05-29 13:59:43.907] [cout] [info]         control: /forceset/vasti_l, weight: 1.0
[2025-05-29 13:59:43.907] [cout] [info]         control: /forceset/gastroc_l, weight: 1.0
[2025-05-29 13:59:43.907] [cout] [info]         control: /forceset/soleus_l, weight: 1.0
[2025-05-29 13:59:43.907] [cout] [info]         control: /forceset/dorsiflexors_l, weight: 1.0
[2025-05-29 13:59:43.907] [cout] [info]         control: /forceset/lumbar_ext_torque, weight: 1.0
[2025-05-29 13:59:43.907] [cout] [info]         control: /forceset/shoulder_flexion_r_torque, weight: 1.0
[2025-05-29 13:59:43.907] [cout] [info]         control: /forceset/elbow_flexion_r_torque, weight: 1.0
[2025-05-29 13:59:43.907] [cout] [info]         control: /forceset/shoulder_flexion_l_torque, weight: 1.0
[2025-05-29 13:59:43.907] [cout] [info]         control: /forceset/elbow_flexion_l_torque, weight: 1.0
[2025-05-29 13:59:43.907] [cout] [info]   contact. MocoContactTrackingGoal, enabled: true, mode: cost, weight: 0.5
[2025-05-29 13:59:43.907] [cout] [info]         projection type: plane
[2025-05-29 13:59:43.907] [cout] [info]         projection vector: ~[0,0,1]
[2025-05-29 13:59:43.907] [cout] [info]         group 0: ExternalForce: grf1
[2025-05-29 13:59:43.907] [cout] [info]             forces:
[2025-05-29 13:59:43.907] [cout] [info]                 /forceset/Contact_Foot_Ground_L1
[2025-05-29 13:59:43.907] [cout] [info]                 /forceset/Contact_Foot_Ground_L2
[2025-05-29 13:59:43.907] [cout] [info]                 /forceset/Contact_Foot_Ground_L3
[2025-05-29 13:59:43.907] [cout] [info]                 /forceset/Contact_Foot_Ground_L4
[2025-05-29 13:59:43.907] [cout] [info]                 /forceset/Contact_Foot_Ground_L5
[2025-05-29 13:59:43.907] [cout] [info]                 /forceset/Contact_Foot_Ground_L6
[2025-05-29 13:59:43.907] [cout] [info]                 /forceset/Contact_Foot_Ground_L7
[2025-05-29 13:59:43.907] [cout] [info]                 /forceset/Contact_Foot_Ground_L8
[2025-05-29 13:59:43.907] [cout] [info]         group 1: ExternalForce: grf2
[2025-05-29 13:59:43.907] [cout] [info]             forces:
[2025-05-29 13:59:43.907] [cout] [info]                 /forceset/Contact_Foot_Ground_R1
[2025-05-29 13:59:43.907] [cout] [info]                 /forceset/Contact_Foot_Ground_R2
[2025-05-29 13:59:43.907] [cout] [info]                 /forceset/Contact_Foot_Ground_R3
[2025-05-29 13:59:43.907] [cout] [info]                 /forceset/Contact_Foot_Ground_R4
[2025-05-29 13:59:43.907] [cout] [info]                 /forceset/Contact_Foot_Ground_R5
[2025-05-29 13:59:43.907] [cout] [info]                 /forceset/Contact_Foot_Ground_R6
[2025-05-29 13:59:43.907] [cout] [info]                 /forceset/Contact_Foot_Ground_R7
[2025-05-29 13:59:43.908] [cout] [info]                 /forceset/Contact_Foot_Ground_R8
[2025-05-29 13:59:43.908] [cout] [info] Endpoint constraints: (total: 3)
[2025-05-29 13:59:43.908] [cout] [info]   initial_activation. MocoInitialActivationGoal, enabled: true, mode: endpoint_constraint
[2025-05-29 13:59:43.908] [cout] [info]   speed. MocoAverageSpeedGoal, enabled: true, mode: endpoint_constraint
[2025-05-29 13:59:43.908] [cout] [info]   symmetry. MocoPeriodicityGoal, enabled: true, mode: endpoint_constraint
[2025-05-29 13:59:43.908] [cout] [info]         state periodicity pairs:
[2025-05-29 13:59:43.908] [cout] [info]                 initial: /jointset/ground_pelvis/pelvis_tilt/value, final: /jointset/ground_pelvis/pelvis_tilt/value
[2025-05-29 13:59:43.908] [cout] [info]                 initial: /jointset/ground_pelvis/pelvis_tilt/speed, final: /jointset/ground_pelvis/pelvis_tilt/speed
[2025-05-29 13:59:43.908] [cout] [info]                 initial: /jointset/ground_pelvis/pelvis_tx/speed, final: /jointset/ground_pelvis/pelvis_tx/speed
[2025-05-29 13:59:43.908] [cout] [info]                 initial: /jointset/ground_pelvis/pelvis_ty/value, final: /jointset/ground_pelvis/pelvis_ty/value
[2025-05-29 13:59:43.908] [cout] [info]                 initial: /jointset/ground_pelvis/pelvis_ty/speed, final: /jointset/ground_pelvis/pelvis_ty/speed
[2025-05-29 13:59:43.908] [cout] [info]                 initial: /jointset/hip_r/hip_flexion_r/value, final: /jointset/hip_l/hip_flexion_l/value
[2025-05-29 13:59:43.908] [cout] [info]                 initial: /jointset/hip_r/hip_flexion_r/speed, final: /jointset/hip_l/hip_flexion_l/speed
[2025-05-29 13:59:43.908] [cout] [info]                 initial: /jointset/knee_r/knee_angle_r/value, final: /jointset/knee_l/knee_angle_l/value
[2025-05-29 13:59:43.908] [cout] [info]                 initial: /jointset/knee_r/knee_angle_r/speed, final: /jointset/knee_l/knee_angle_l/speed
[2025-05-29 13:59:43.908] [cout] [info]                 initial: /jointset/ankle_r/ankle_angle_r/value, final: /jointset/ankle_l/ankle_angle_l/value
[2025-05-29 13:59:43.908] [cout] [info]                 initial: /jointset/ankle_r/ankle_angle_r/speed, final: /jointset/ankle_l/ankle_angle_l/speed
[2025-05-29 13:59:43.908] [cout] [info]                 initial: /jointset/mtp_r/mtp_angle_r/value, final: /jointset/mtp_l/mtp_angle_l/value
[2025-05-29 13:59:43.908] [cout] [info]                 initial: /jointset/mtp_r/mtp_angle_r/speed, final: /jointset/mtp_l/mtp_angle_l/speed
[2025-05-29 13:59:43.908] [cout] [info]                 initial: /jointset/hip_l/hip_flexion_l/value, final: /jointset/hip_r/hip_flexion_r/value
[2025-05-29 13:59:43.908] [cout] [info]                 initial: /jointset/hip_l/hip_flexion_l/speed, final: /jointset/hip_r/hip_flexion_r/speed
[2025-05-29 13:59:43.908] [cout] [info]                 initial: /jointset/knee_l/knee_angle_l/value, final: /jointset/knee_r/knee_angle_r/value
[2025-05-29 13:59:43.908] [cout] [info]                 initial: /jointset/knee_l/knee_angle_l/speed, final: /jointset/knee_r/knee_angle_r/speed
[2025-05-29 13:59:43.908] [cout] [info]                 initial: /jointset/ankle_l/ankle_angle_l/value, final: /jointset/ankle_r/ankle_angle_r/value
[2025-05-29 13:59:43.908] [cout] [info]                 initial: /jointset/ankle_l/ankle_angle_l/speed, final: /jointset/ankle_r/ankle_angle_r/speed
[2025-05-29 13:59:43.908] [cout] [info]                 initial: /jointset/mtp_l/mtp_angle_l/value, final: /jointset/mtp_r/mtp_angle_r/value
[2025-05-29 13:59:43.908] [cout] [info]                 initial: /jointset/mtp_l/mtp_angle_l/speed, final: /jointset/mtp_r/mtp_angle_r/speed
[2025-05-29 13:59:43.908] [cout] [info]                 initial: /jointset/back/lumbar_ext/value, final: /jointset/back/lumbar_ext/value
[2025-05-29 13:59:43.908] [cout] [info]                 initial: /jointset/back/lumbar_ext/speed, final: /jointset/back/lumbar_ext/speed
[2025-05-29 13:59:43.908] [cout] [info]                 initial: /jointset/acromial_r/shoulder_flexion_r/value, final: /jointset/acromial_l/shoulder_flexion_l/value
[2025-05-29 13:59:43.908] [cout] [info]                 initial: /jointset/acromial_r/shoulder_flexion_r/speed, final: /jointset/acromial_l/shoulder_flexion_l/speed
[2025-05-29 13:59:43.908] [cout] [info]                 initial: /jointset/elbow_r/elbow_flexion_r/value, final: /jointset/elbow_l/elbow_flexion_l/value
[2025-05-29 13:59:43.908] [cout] [info]                 initial: /jointset/elbow_r/elbow_flexion_r/speed, final: /jointset/elbow_l/elbow_flexion_l/speed
[2025-05-29 13:59:43.908] [cout] [info]                 initial: /jointset/acromial_l/shoulder_flexion_l/value, final: /jointset/acromial_r/shoulder_flexion_r/value
[2025-05-29 13:59:43.908] [cout] [info]                 initial: /jointset/acromial_l/shoulder_flexion_l/speed, final: /jointset/acromial_r/shoulder_flexion_r/speed
[2025-05-29 13:59:43.908] [cout] [info]                 initial: /jointset/elbow_l/elbow_flexion_l/value, final: /jointset/elbow_r/elbow_flexion_r/value
[2025-05-29 13:59:43.908] [cout] [info]                 initial: /jointset/elbow_l/elbow_flexion_l/speed, final: /jointset/elbow_r/elbow_flexion_r/speed
[2025-05-29 13:59:43.908] [cout] [info]         control periodicity pairs:
[2025-05-29 13:59:43.908] [cout] [info]                 initial: /forceset/bifemsh_r, final: /forceset/bifemsh_l
[2025-05-29 13:59:43.908] [cout] [info]                 initial: /forceset/bifemsh_r, final: /forceset/bifemsh_r
[2025-05-29 13:59:43.908] [cout] [info]                 initial: /forceset/hamstrings_r, final: /forceset/hamstrings_l
[2025-05-29 13:59:43.908] [cout] [info]                 initial: /forceset/hamstrings_r, final: /forceset/hamstrings_r
[2025-05-29 13:59:43.908] [cout] [info]                 initial: /forceset/glut_max_r, final: /forceset/glut_max_l
[2025-05-29 13:59:43.908] [cout] [info]                 initial: /forceset/glut_max_r, final: /forceset/glut_max_r
[2025-05-29 13:59:43.908] [cout] [info]                 initial: /forceset/vasti_r, final: /forceset/vasti_l
[2025-05-29 13:59:43.908] [cout] [info]                 initial: /forceset/vasti_r, final: /forceset/vasti_r
[2025-05-29 13:59:43.908] [cout] [info]                 initial: /forceset/gastroc_r, final: /forceset/gastroc_l
[2025-05-29 13:59:43.908] [cout] [info]                 initial: /forceset/gastroc_r, final: /forceset/gastroc_r
[2025-05-29 13:59:43.908] [cout] [info]                 initial: /forceset/iliopsoas_r, final: /forceset/iliopsoas_l
[2025-05-29 13:59:43.908] [cout] [info]                 initial: /forceset/iliopsoas_r, final: /forceset/iliopsoas_r
[2025-05-29 13:59:43.908] [cout] [info]                 initial: /forceset/soleus_r, final: /forceset/soleus_l
[2025-05-29 13:59:43.908] [cout] [info]                 initial: /forceset/soleus_r, final: /forceset/soleus_r
[2025-05-29 13:59:43.908] [cout] [info]                 initial: /forceset/rect_fem_r, final: /forceset/rect_fem_l
[2025-05-29 13:59:43.908] [cout] [info]                 initial: /forceset/rect_fem_r, final: /forceset/rect_fem_r
[2025-05-29 13:59:43.908] [cout] [info]                 initial: /forceset/dorsiflexors_r, final: /forceset/dorsiflexors_l
[2025-05-29 13:59:43.908] [cout] [info]                 initial: /forceset/dorsiflexors_r, final: /forceset/dorsiflexors_r
[2025-05-29 13:59:43.908] [cout] [info]                 initial: /forceset/hamstrings_l, final: /forceset/hamstrings_r
[2025-05-29 13:59:43.908] [cout] [info]                 initial: /forceset/hamstrings_l, final: /forceset/hamstrings_l
[2025-05-29 13:59:43.908] [cout] [info]                 initial: /forceset/elbow_flexion_l_torque, final: /forceset/elbow_flexion_r_torque
[2025-05-29 13:59:43.908] [cout] [info]                 initial: /forceset/bifemsh_l, final: /forceset/bifemsh_r
[2025-05-29 13:59:43.908] [cout] [info]                 initial: /forceset/bifemsh_l, final: /forceset/bifemsh_l
[2025-05-29 13:59:43.908] [cout] [info]                 initial: /forceset/glut_max_l, final: /forceset/glut_max_r
[2025-05-29 13:59:43.908] [cout] [info]                 initial: /forceset/glut_max_l, final: /forceset/glut_max_l
[2025-05-29 13:59:43.908] [cout] [info]                 initial: /forceset/lumbar_ext_torque, final: /forceset/lumbar_ext_torque
[2025-05-29 13:59:43.908] [cout] [info]                 initial: /forceset/iliopsoas_l, final: /forceset/iliopsoas_r
[2025-05-29 13:59:43.908] [cout] [info]                 initial: /forceset/iliopsoas_l, final: /forceset/iliopsoas_l
[2025-05-29 13:59:43.908] [cout] [info]                 initial: /forceset/rect_fem_l, final: /forceset/rect_fem_r
[2025-05-29 13:59:43.908] [cout] [info]                 initial: /forceset/rect_fem_l, final: /forceset/rect_fem_l
[2025-05-29 13:59:43.908] [cout] [info]                 initial: /forceset/gastroc_l, final: /forceset/gastroc_r
[2025-05-29 13:59:43.908] [cout] [info]                 initial: /forceset/gastroc_l, final: /forceset/gastroc_l
[2025-05-29 13:59:43.908] [cout] [info]                 initial: /forceset/vasti_l, final: /forceset/vasti_r
[2025-05-29 13:59:43.908] [cout] [info]                 initial: /forceset/vasti_l, final: /forceset/vasti_l
[2025-05-29 13:59:43.908] [cout] [info]                 initial: /forceset/soleus_l, final: /forceset/soleus_r
[2025-05-29 13:59:43.908] [cout] [info]                 initial: /forceset/soleus_l, final: /forceset/soleus_l
[2025-05-29 13:59:43.908] [cout] [info]                 initial: /forceset/dorsiflexors_l, final: /forceset/dorsiflexors_r
[2025-05-29 13:59:43.908] [cout] [info]                 initial: /forceset/dorsiflexors_l, final: /forceset/dorsiflexors_l
[2025-05-29 13:59:43.908] [cout] [info]                 initial: /forceset/shoulder_flexion_r_torque, final: /forceset/shoulder_flexion_l_torque
[2025-05-29 13:59:43.908] [cout] [info]                 initial: /forceset/shoulder_flexion_r_torque, final: /forceset/shoulder_flexion_r_torque
[2025-05-29 13:59:43.908] [cout] [info]                 initial: /forceset/elbow_flexion_r_torque, final: /forceset/elbow_flexion_l_torque
[2025-05-29 13:59:43.908] [cout] [info]                 initial: /forceset/elbow_flexion_r_torque, final: /forceset/elbow_flexion_r_torque
[2025-05-29 13:59:43.908] [cout] [info]                 initial: /forceset/shoulder_flexion_l_torque, final: /forceset/shoulder_flexion_r_torque
[2025-05-29 13:59:43.908] [cout] [info] Kinematic constraints: none
[2025-05-29 13:59:43.908] [cout] [info] Path constraints: none
[2025-05-29 13:59:43.908] [cout] [info] States: (total: 54)
[2025-05-29 13:59:43.908] [cout] [info]   /forceset/rect_fem_r/activation. bounds: [0.01, 2]
[2025-05-29 13:59:43.908] [cout] [info]   /forceset/gastroc_r/normalized_tendon_force. bounds: [0, 1.5]
[2025-05-29 13:59:43.908] [cout] [info]   /forceset/soleus_r/normalized_tendon_force. bounds: [0, 1.5]
[2025-05-29 13:59:43.908] [cout] [info]   /forceset/rect_fem_l/activation. bounds: [0.01, 2]
[2025-05-29 13:59:43.908] [cout] [info]   /forceset/gastroc_l/normalized_tendon_force. bounds: [0, 1.5]
[2025-05-29 13:59:43.908] [cout] [info]   /forceset/soleus_l/normalized_tendon_force. bounds: [0, 1.5]
[2025-05-29 13:59:43.908] [cout] [info]   /forceset/hamstrings_r/activation. bounds: [0.01, 2]
[2025-05-29 13:59:43.908] [cout] [info]   /jointset/knee_l/knee_angle_l/value. bounds: [-0.744281, 0.124047] initial: [-0.179552, 0.0685416]
[2025-05-29 13:59:43.908] [cout] [info]   /forceset/bifemsh_r/activation. bounds: [0.01, 2]
[2025-05-29 13:59:43.908] [cout] [info]   /forceset/glut_max_r/activation. bounds: [0.01, 2]
[2025-05-29 13:59:43.908] [cout] [info]   /forceset/iliopsoas_r/activation. bounds: [0.01, 2]
[2025-05-29 13:59:43.908] [cout] [info]   /forceset/gastroc_r/activation. bounds: [0.01, 2]
[2025-05-29 13:59:43.908] [cout] [info]   /forceset/vasti_r/activation. bounds: [0.01, 2]
[2025-05-29 13:59:43.908] [cout] [info]   /forceset/soleus_r/activation. bounds: [0.01, 2]
[2025-05-29 13:59:43.908] [cout] [info]   /jointset/mtp_r/mtp_angle_r/speed. bounds: [-50, 50]
[2025-05-29 13:59:43.908] [cout] [info]   /jointset/ground_pelvis/pelvis_tilt/speed. bounds: [-50, 50]
[2025-05-29 13:59:43.908] [cout] [info]   /forceset/dorsiflexors_r/activation. bounds: [0.01, 2]
[2025-05-29 13:59:43.908] [cout] [info]   /jointset/mtp_r/mtp_angle_r/value. bounds: [-0.436332, 1.309]
[2025-05-29 13:59:43.908] [cout] [info]   /jointset/ground_pelvis/pelvis_tilt/value. bounds: [0.197792, 0.312863] initial: [0.208948, 0.241825]
[2025-05-29 13:59:43.908] [cout] [info]   /forceset/hamstrings_l/activation. bounds: [0.01, 2]
[2025-05-29 13:59:43.908] [cout] [info]   /forceset/bifemsh_l/activation. bounds: [0.01, 2]
[2025-05-29 13:59:43.908] [cout] [info]   /jointset/ground_pelvis/pelvis_tx/speed. bounds: [-50, 50]
[2025-05-29 13:59:43.908] [cout] [info]   /forceset/glut_max_l/activation. bounds: [0.01, 2]
[2025-05-29 13:59:43.908] [cout] [info]   /forceset/iliopsoas_l/activation. bounds: [0.01, 2]
[2025-05-29 13:59:43.908] [cout] [info]   /forceset/gastroc_l/activation. bounds: [0.01, 2]
[2025-05-29 13:59:43.908] [cout] [info]   /forceset/vasti_l/activation. bounds: [0.01, 2]
[2025-05-29 13:59:43.908] [cout] [info]   /forceset/soleus_l/activation. bounds: [0.01, 2]
[2025-05-29 13:59:43.908] [cout] [info]   /jointset/back/lumbar_ext/value. bounds: [-0.407582, -0.359969] initial: [-0.380067, -0.366463]
[2025-05-29 13:59:43.908] [cout] [info]   /jointset/mtp_l/mtp_angle_l/value. bounds: [-0.436332, 1.309]
[2025-05-29 13:59:43.908] [cout] [info]   /forceset/dorsiflexors_l/activation. bounds: [0.01, 2]
[2025-05-29 13:59:43.909] [cout] [info]   /jointset/ground_pelvis/pelvis_tx/value. bounds: [0.0519195, 0.916899] initial: [0.0519195, 0.299056]
[2025-05-29 13:59:43.909] [cout] [info]   /jointset/knee_r/knee_angle_r/speed. bounds: [-50, 50]
[2025-05-29 13:59:43.909] [cout] [info]   /jointset/elbow_l/elbow_flexion_l/value. bounds: [0.272883, 0.824577] initial: [0.272883, 0.43051]
[2025-05-29 13:59:43.909] [cout] [info]   /jointset/ankle_l/ankle_angle_l/value. bounds: [-0.193578, 0.117288] initial: [-0.101604, -0.0127849]
[2025-05-29 13:59:43.909] [cout] [info]   /jointset/ground_pelvis/pelvis_ty/value. bounds: [1.01463, 1.14777] initial: [1.0265, 1.12926]
[2025-05-29 13:59:43.909] [cout] [info]   /jointset/ankle_r/ankle_angle_r/value. bounds: [-0.226351, -0.00350295] initial: [-0.226351, -0.16268]
[2025-05-29 13:59:43.909] [cout] [info]   /jointset/hip_r/hip_flexion_r/value. bounds: [-0.279284, 0.228724] initial: [-0.279284, -0.134139]
[2025-05-29 13:59:43.909] [cout] [info]   /jointset/back/lumbar_ext/speed. bounds: [-50, 50]
[2025-05-29 13:59:43.909] [cout] [info]   /jointset/mtp_l/mtp_angle_l/speed. bounds: [-50, 50]
[2025-05-29 13:59:43.909] [cout] [info]   /jointset/knee_r/knee_angle_r/value. bounds: [-1.32143, 0.191267] initial: [-1.1847, -0.752503]
[2025-05-29 13:59:43.909] [cout] [info]   /jointset/knee_l/knee_angle_l/speed. bounds: [-50, 50]
[2025-05-29 13:59:43.909] [cout] [info]   /jointset/hip_l/hip_flexion_l/value. bounds: [-0.594953, 0.00315562] initial: [-0.167733, 0.00315562]
[2025-05-29 13:59:43.909] [cout] [info]   /jointset/acromial_r/shoulder_flexion_r/value. bounds: [-0.0875714, 0.139325] initial: [0.0744976, 0.139325]
[2025-05-29 13:59:43.909] [cout] [info]   /jointset/elbow_r/elbow_flexion_r/value. bounds: [0.244744, 0.427738] initial: [0.375454, 0.427738]
[2025-05-29 13:59:43.909] [cout] [info]   /jointset/acromial_l/shoulder_flexion_l/value. bounds: [-0.141572, 0.266899] initial: [-0.141572, -0.0248661]
[2025-05-29 13:59:43.909] [cout] [info]   /jointset/elbow_l/elbow_flexion_l/speed. bounds: [-50, 50]
[2025-05-29 13:59:43.909] [cout] [info]   /jointset/ankle_l/ankle_angle_l/speed. bounds: [-50, 50]
[2025-05-29 13:59:43.909] [cout] [info]   /jointset/ground_pelvis/pelvis_ty/speed. bounds: [-50, 50]
[2025-05-29 13:59:43.909] [cout] [info]   /jointset/ankle_r/ankle_angle_r/speed. bounds: [-50, 50]
[2025-05-29 13:59:43.909] [cout] [info]   /jointset/hip_r/hip_flexion_r/speed. bounds: [-50, 50]
[2025-05-29 13:59:43.909] [cout] [info]   /jointset/hip_l/hip_flexion_l/speed. bounds: [-50, 50]
[2025-05-29 13:59:43.909] [cout] [info]   /jointset/acromial_r/shoulder_flexion_r/speed. bounds: [-50, 50]
[2025-05-29 13:59:43.909] [cout] [info]   /jointset/elbow_r/elbow_flexion_r/speed. bounds: [-50, 50]
[2025-05-29 13:59:43.909] [cout] [info]   /jointset/acromial_l/shoulder_flexion_l/speed. bounds: [-50, 50]
[2025-05-29 13:59:43.909] [cout] [info] Controls: (total: 23)
[2025-05-29 13:59:43.909] [cout] [info]   /forceset/hamstrings_r. bounds: [0.01, 1]
[2025-05-29 13:59:43.909] [cout] [info]   /forceset/bifemsh_r. bounds: [0.01, 1]
[2025-05-29 13:59:43.909] [cout] [info]   /forceset/glut_max_r. bounds: [0.01, 1]
[2025-05-29 13:59:43.909] [cout] [info]   /forceset/iliopsoas_r. bounds: [0.01, 1]
[2025-05-29 13:59:43.909] [cout] [info]   /forceset/rect_fem_r. bounds: [0.01, 1]
[2025-05-29 13:59:43.909] [cout] [info]   /forceset/gastroc_r. bounds: [0.01, 1]
[2025-05-29 13:59:43.909] [cout] [info]   /forceset/vasti_r. bounds: [0.01, 1]
[2025-05-29 13:59:43.909] [cout] [info]   /forceset/soleus_r. bounds: [0.01, 1]
[2025-05-29 13:59:43.909] [cout] [info]   /forceset/dorsiflexors_r. bounds: [0.01, 1]
[2025-05-29 13:59:43.909] [cout] [info]   /forceset/hamstrings_l. bounds: [0.01, 1]
[2025-05-29 13:59:43.909] [cout] [info]   /forceset/elbow_flexion_l_torque. bounds: [-inf, inf]
[2025-05-29 13:59:43.909] [cout] [info]   /forceset/bifemsh_l. bounds: [0.01, 1]
[2025-05-29 13:59:43.909] [cout] [info]   /forceset/glut_max_l. bounds: [0.01, 1]
[2025-05-29 13:59:43.909] [cout] [info]   /forceset/lumbar_ext_torque. bounds: [-inf, inf]
[2025-05-29 13:59:43.909] [cout] [info]   /forceset/iliopsoas_l. bounds: [0.01, 1]
[2025-05-29 13:59:43.909] [cout] [info]   /forceset/rect_fem_l. bounds: [0.01, 1]
[2025-05-29 13:59:43.909] [cout] [info]   /forceset/gastroc_l. bounds: [0.01, 1]
[2025-05-29 13:59:43.909] [cout] [info]   /forceset/vasti_l. bounds: [0.01, 1]
[2025-05-29 13:59:43.909] [cout] [info]   /forceset/soleus_l. bounds: [0.01, 1]
[2025-05-29 13:59:43.909] [cout] [info]   /forceset/dorsiflexors_l. bounds: [0.01, 1]
[2025-05-29 13:59:43.909] [cout] [info]   /forceset/shoulder_flexion_r_torque. bounds: [-inf, inf]
[2025-05-29 13:59:43.909] [cout] [info]   /forceset/elbow_flexion_r_torque. bounds: [-inf, inf]
[2025-05-29 13:59:43.909] [cout] [info]   /forceset/shoulder_flexion_l_torque. bounds: [-inf, inf]
[2025-05-29 13:59:43.909] [cout] [info] Parameters: none
[2025-05-29 13:59:44.728] [info] Number of threads: 8
[2025-05-29 14:02:08.327] [info] Set log level to Info.
[2025-05-29 14:02:08.329] [info] ------------------------------------------------------------------------
[2025-05-29 14:02:08.329] [info] Elapsed real time: 144 second(s) (2 minute(s), 24 second(s)).
[2025-05-29 14:02:08.329] [info] Thu May 29 14:02:08 2025
[2025-05-29 14:02:08.329] [warning] MocoCasADiSolver did NOT succeed:
[2025-05-29 14:02:08.329] [warning]   Infeasible_Problem_Detected
[2025-05-29 14:02:08.329] [info] ========================================================================
[2025-05-29 14:02:34.224] [cout] [info] Exiting visualization.
[2025-05-29 14:03:00.023] [info] Loaded model 2014014_2d from file 2014014_C4_04_initial-model_2d.osim
[2025-05-29 14:03:24.802] [info] ========================================================================
[2025-05-29 14:03:24.803] [info] MocoCasADiSolver starting.
[2025-05-29 14:03:24.803] [info] Thu May 29 14:03:24 2025
[2025-05-29 14:03:24.803] [info] ------------------------------------------------------------------------
[2025-05-29 14:03:24.803] [cout] [info] Costs: (total: 3)
[2025-05-29 14:03:24.803] [cout] [info]   state_tracking. MocoStateTrackingGoal, enabled: true, mode: cost, weight: 1.0
[2025-05-29 14:03:24.803] [cout] [info]         state: /jointset/ground_pelvis/pelvis_tilt/value, weight: 12.1664
[2025-05-29 14:03:24.803] [cout] [info]         state: /jointset/ground_pelvis/pelvis_tx/value, weight: 0.0
[2025-05-29 14:03:24.803] [cout] [info]         state: /jointset/ground_pelvis/pelvis_ty/value, weight: 0.0
[2025-05-29 14:03:24.803] [cout] [info]         state: /jointset/hip_r/hip_flexion_r/value, weight: 2.75586
[2025-05-29 14:03:24.803] [cout] [info]         state: /jointset/hip_l/hip_flexion_l/value, weight: 2.34071
[2025-05-29 14:03:24.803] [cout] [info]         state: /jointset/back/lumbar_ext/value, weight: 29.4037
[2025-05-29 14:03:24.803] [cout] [info]         state: /jointset/knee_r/knee_angle_r/value, weight: 0.925501
[2025-05-29 14:03:24.803] [cout] [info]         state: /jointset/knee_l/knee_angle_l/value, weight: 1.61229
[2025-05-29 14:03:24.803] [cout] [info]         state: /jointset/acromial_r/shoulder_flexion_r/value, weight: 6.17021
[2025-05-29 14:03:24.803] [cout] [info]         state: /jointset/acromial_l/shoulder_flexion_l/value, weight: 3.42741
[2025-05-29 14:03:24.803] [cout] [info]         state: /jointset/ankle_r/ankle_angle_r/value, weight: 6.2823
[2025-05-29 14:03:24.803] [cout] [info]         state: /jointset/ankle_l/ankle_angle_l/value, weight: 4.50354
[2025-05-29 14:03:24.803] [cout] [info]         state: /jointset/elbow_r/elbow_flexion_r/value, weight: 7.65053
[2025-05-29 14:03:24.803] [cout] [info]         state: /jointset/elbow_l/elbow_flexion_l/value, weight: 2.53764
[2025-05-29 14:03:24.803] [cout] [info]         state: /jointset/ground_pelvis/pelvis_tilt/speed, weight: 0.930004
[2025-05-29 14:03:24.803] [cout] [info]         state: /jointset/ground_pelvis/pelvis_tx/speed, weight: 0.0
[2025-05-29 14:03:24.803] [cout] [info]         state: /jointset/ground_pelvis/pelvis_ty/speed, weight: 0.0
[2025-05-29 14:03:24.803] [cout] [info]         state: /jointset/hip_r/hip_flexion_r/speed, weight: 0.25556
[2025-05-29 14:03:24.803] [cout] [info]         state: /jointset/hip_l/hip_flexion_l/speed, weight: 0.339587
[2025-05-29 14:03:24.803] [cout] [info]         state: /jointset/back/lumbar_ext/speed, weight: 1.50353
[2025-05-29 14:03:24.803] [cout] [info]         state: /jointset/knee_r/knee_angle_r/speed, weight: 0.122041
[2025-05-29 14:03:24.803] [cout] [info]         state: /jointset/knee_l/knee_angle_l/speed, weight: 0.221248
[2025-05-29 14:03:24.803] [cout] [info]         state: /jointset/acromial_r/shoulder_flexion_r/speed, weight: 0.771884
[2025-05-29 14:03:24.803] [cout] [info]         state: /jointset/acromial_l/shoulder_flexion_l/speed, weight: 0.32994
[2025-05-29 14:03:24.803] [cout] [info]         state: /jointset/ankle_r/ankle_angle_r/speed, weight: 0.619564
[2025-05-29 14:03:24.803] [cout] [info]         state: /jointset/ankle_l/ankle_angle_l/speed, weight: 0.480794
[2025-05-29 14:03:24.803] [cout] [info]         state: /jointset/elbow_r/elbow_flexion_r/speed, weight: 1.70026
[2025-05-29 14:03:24.803] [cout] [info]         state: /jointset/elbow_l/elbow_flexion_l/speed, weight: 0.474488
[2025-05-29 14:03:24.803] [cout] [info]         state: /jointset/mtp_r/mtp_angle_r/value, weight: 0.0
[2025-05-29 14:03:24.803] [cout] [info]         state: /jointset/mtp_r/mtp_angle_r/speed, weight: 0.0
[2025-05-29 14:03:24.803] [cout] [info]         state: /jointset/mtp_l/mtp_angle_l/value, weight: 0.0
[2025-05-29 14:03:24.803] [cout] [info]         state: /jointset/mtp_l/mtp_angle_l/speed, weight: 0.0
[2025-05-29 14:03:24.803] [cout] [info]   control_effort. MocoControlGoal, enabled: true, mode: cost, weight: 10.0
[2025-05-29 14:03:24.803] [cout] [info]         control: /forceset/hamstrings_r, weight: 1.0
[2025-05-29 14:03:24.803] [cout] [info]         control: /forceset/bifemsh_r, weight: 1.0
[2025-05-29 14:03:24.803] [cout] [info]         control: /forceset/glut_max_r, weight: 1.0
[2025-05-29 14:03:24.803] [cout] [info]         control: /forceset/iliopsoas_r, weight: 1.0
[2025-05-29 14:03:24.803] [cout] [info]         control: /forceset/rect_fem_r, weight: 1.0
[2025-05-29 14:03:24.803] [cout] [info]         control: /forceset/vasti_r, weight: 1.0
[2025-05-29 14:03:24.803] [cout] [info]         control: /forceset/gastroc_r, weight: 1.0
[2025-05-29 14:03:24.803] [cout] [info]         control: /forceset/soleus_r, weight: 1.0
[2025-05-29 14:03:24.803] [cout] [info]         control: /forceset/dorsiflexors_r, weight: 1.0
[2025-05-29 14:03:24.803] [cout] [info]         control: /forceset/hamstrings_l, weight: 1.0
[2025-05-29 14:03:24.803] [cout] [info]         control: /forceset/bifemsh_l, weight: 1.0
[2025-05-29 14:03:24.803] [cout] [info]         control: /forceset/glut_max_l, weight: 1.0
[2025-05-29 14:03:24.803] [cout] [info]         control: /forceset/iliopsoas_l, weight: 1.0
[2025-05-29 14:03:24.803] [cout] [info]         control: /forceset/rect_fem_l, weight: 1.0
[2025-05-29 14:03:24.803] [cout] [info]         control: /forceset/vasti_l, weight: 1.0
[2025-05-29 14:03:24.803] [cout] [info]         control: /forceset/gastroc_l, weight: 1.0
[2025-05-29 14:03:24.803] [cout] [info]         control: /forceset/soleus_l, weight: 1.0
[2025-05-29 14:03:24.803] [cout] [info]         control: /forceset/dorsiflexors_l, weight: 1.0
[2025-05-29 14:03:24.803] [cout] [info]         control: /forceset/lumbar_ext_torque, weight: 1.0
[2025-05-29 14:03:24.803] [cout] [info]         control: /forceset/shoulder_flexion_r_torque, weight: 1.0
[2025-05-29 14:03:24.803] [cout] [info]         control: /forceset/elbow_flexion_r_torque, weight: 1.0
[2025-05-29 14:03:24.803] [cout] [info]         control: /forceset/shoulder_flexion_l_torque, weight: 1.0
[2025-05-29 14:03:24.803] [cout] [info]         control: /forceset/elbow_flexion_l_torque, weight: 1.0
[2025-05-29 14:03:24.803] [cout] [info]   contact. MocoContactTrackingGoal, enabled: true, mode: cost, weight: 0.5
[2025-05-29 14:03:24.803] [cout] [info]         projection type: plane
[2025-05-29 14:03:24.803] [cout] [info]         projection vector: ~[0,0,1]
[2025-05-29 14:03:24.803] [cout] [info]         group 0: ExternalForce: grf1
[2025-05-29 14:03:24.803] [cout] [info]             forces:
[2025-05-29 14:03:24.803] [cout] [info]                 /forceset/Contact_Foot_Ground_L1
[2025-05-29 14:03:24.803] [cout] [info]                 /forceset/Contact_Foot_Ground_L2
[2025-05-29 14:03:24.803] [cout] [info]                 /forceset/Contact_Foot_Ground_L3
[2025-05-29 14:03:24.803] [cout] [info]                 /forceset/Contact_Foot_Ground_L4
[2025-05-29 14:03:24.803] [cout] [info]                 /forceset/Contact_Foot_Ground_L5
[2025-05-29 14:03:24.803] [cout] [info]                 /forceset/Contact_Foot_Ground_L6
[2025-05-29 14:03:24.803] [cout] [info]                 /forceset/Contact_Foot_Ground_L7
[2025-05-29 14:03:24.803] [cout] [info]                 /forceset/Contact_Foot_Ground_L8
[2025-05-29 14:03:24.803] [cout] [info]         group 1: ExternalForce: grf2
[2025-05-29 14:03:24.803] [cout] [info]             forces:
[2025-05-29 14:03:24.803] [cout] [info]                 /forceset/Contact_Foot_Ground_R1
[2025-05-29 14:03:24.803] [cout] [info]                 /forceset/Contact_Foot_Ground_R2
[2025-05-29 14:03:24.803] [cout] [info]                 /forceset/Contact_Foot_Ground_R3
[2025-05-29 14:03:24.803] [cout] [info]                 /forceset/Contact_Foot_Ground_R4
[2025-05-29 14:03:24.803] [cout] [info]                 /forceset/Contact_Foot_Ground_R5
[2025-05-29 14:03:24.803] [cout] [info]                 /forceset/Contact_Foot_Ground_R6
[2025-05-29 14:03:24.803] [cout] [info]                 /forceset/Contact_Foot_Ground_R7
[2025-05-29 14:03:24.803] [cout] [info]                 /forceset/Contact_Foot_Ground_R8
[2025-05-29 14:03:24.803] [cout] [info] Endpoint constraints: (total: 3)
[2025-05-29 14:03:24.803] [cout] [info]   initial_activation. MocoInitialActivationGoal, enabled: true, mode: endpoint_constraint
[2025-05-29 14:03:24.803] [cout] [info]   speed. MocoAverageSpeedGoal, enabled: true, mode: endpoint_constraint
[2025-05-29 14:03:24.803] [cout] [info]   symmetry. MocoPeriodicityGoal, enabled: true, mode: endpoint_constraint
[2025-05-29 14:03:24.803] [cout] [info]         state periodicity pairs:
[2025-05-29 14:03:24.803] [cout] [info]                 initial: /jointset/ground_pelvis/pelvis_tilt/value, final: /jointset/ground_pelvis/pelvis_tilt/value
[2025-05-29 14:03:24.803] [cout] [info]                 initial: /jointset/ground_pelvis/pelvis_tilt/speed, final: /jointset/ground_pelvis/pelvis_tilt/speed
[2025-05-29 14:03:24.803] [cout] [info]                 initial: /jointset/ground_pelvis/pelvis_tx/speed, final: /jointset/ground_pelvis/pelvis_tx/speed
[2025-05-29 14:03:24.803] [cout] [info]                 initial: /jointset/ground_pelvis/pelvis_ty/value, final: /jointset/ground_pelvis/pelvis_ty/value
[2025-05-29 14:03:24.803] [cout] [info]                 initial: /jointset/ground_pelvis/pelvis_ty/speed, final: /jointset/ground_pelvis/pelvis_ty/speed
[2025-05-29 14:03:24.803] [cout] [info]                 initial: /jointset/hip_r/hip_flexion_r/value, final: /jointset/hip_l/hip_flexion_l/value
[2025-05-29 14:03:24.803] [cout] [info]                 initial: /jointset/hip_r/hip_flexion_r/speed, final: /jointset/hip_l/hip_flexion_l/speed
[2025-05-29 14:03:24.803] [cout] [info]                 initial: /jointset/knee_r/knee_angle_r/value, final: /jointset/knee_l/knee_angle_l/value
[2025-05-29 14:03:24.803] [cout] [info]                 initial: /jointset/knee_r/knee_angle_r/speed, final: /jointset/knee_l/knee_angle_l/speed
[2025-05-29 14:03:24.803] [cout] [info]                 initial: /jointset/ankle_r/ankle_angle_r/value, final: /jointset/ankle_l/ankle_angle_l/value
[2025-05-29 14:03:24.803] [cout] [info]                 initial: /jointset/ankle_r/ankle_angle_r/speed, final: /jointset/ankle_l/ankle_angle_l/speed
[2025-05-29 14:03:24.803] [cout] [info]                 initial: /jointset/mtp_r/mtp_angle_r/value, final: /jointset/mtp_l/mtp_angle_l/value
[2025-05-29 14:03:24.803] [cout] [info]                 initial: /jointset/mtp_r/mtp_angle_r/speed, final: /jointset/mtp_l/mtp_angle_l/speed
[2025-05-29 14:03:24.803] [cout] [info]                 initial: /jointset/hip_l/hip_flexion_l/value, final: /jointset/hip_r/hip_flexion_r/value
[2025-05-29 14:03:24.803] [cout] [info]                 initial: /jointset/hip_l/hip_flexion_l/speed, final: /jointset/hip_r/hip_flexion_r/speed
[2025-05-29 14:03:24.803] [cout] [info]                 initial: /jointset/knee_l/knee_angle_l/value, final: /jointset/knee_r/knee_angle_r/value
[2025-05-29 14:03:24.803] [cout] [info]                 initial: /jointset/knee_l/knee_angle_l/speed, final: /jointset/knee_r/knee_angle_r/speed
[2025-05-29 14:03:24.803] [cout] [info]                 initial: /jointset/ankle_l/ankle_angle_l/value, final: /jointset/ankle_r/ankle_angle_r/value
[2025-05-29 14:03:24.803] [cout] [info]                 initial: /jointset/ankle_l/ankle_angle_l/speed, final: /jointset/ankle_r/ankle_angle_r/speed
[2025-05-29 14:03:24.803] [cout] [info]                 initial: /jointset/mtp_l/mtp_angle_l/value, final: /jointset/mtp_r/mtp_angle_r/value
[2025-05-29 14:03:24.803] [cout] [info]                 initial: /jointset/mtp_l/mtp_angle_l/speed, final: /jointset/mtp_r/mtp_angle_r/speed
[2025-05-29 14:03:24.803] [cout] [info]                 initial: /jointset/back/lumbar_ext/value, final: /jointset/back/lumbar_ext/value
[2025-05-29 14:03:24.803] [cout] [info]                 initial: /jointset/back/lumbar_ext/speed, final: /jointset/back/lumbar_ext/speed
[2025-05-29 14:03:24.803] [cout] [info]                 initial: /jointset/acromial_r/shoulder_flexion_r/value, final: /jointset/acromial_l/shoulder_flexion_l/value
[2025-05-29 14:03:24.803] [cout] [info]                 initial: /jointset/acromial_r/shoulder_flexion_r/speed, final: /jointset/acromial_l/shoulder_flexion_l/speed
[2025-05-29 14:03:24.803] [cout] [info]                 initial: /jointset/elbow_r/elbow_flexion_r/value, final: /jointset/elbow_l/elbow_flexion_l/value
[2025-05-29 14:03:24.803] [cout] [info]                 initial: /jointset/elbow_r/elbow_flexion_r/speed, final: /jointset/elbow_l/elbow_flexion_l/speed
[2025-05-29 14:03:24.803] [cout] [info]                 initial: /jointset/acromial_l/shoulder_flexion_l/value, final: /jointset/acromial_r/shoulder_flexion_r/value
[2025-05-29 14:03:24.803] [cout] [info]                 initial: /jointset/acromial_l/shoulder_flexion_l/speed, final: /jointset/acromial_r/shoulder_flexion_r/speed
[2025-05-29 14:03:24.803] [cout] [info]                 initial: /jointset/elbow_l/elbow_flexion_l/value, final: /jointset/elbow_r/elbow_flexion_r/value
[2025-05-29 14:03:24.803] [cout] [info]                 initial: /jointset/elbow_l/elbow_flexion_l/speed, final: /jointset/elbow_r/elbow_flexion_r/speed
[2025-05-29 14:03:24.803] [cout] [info]         control periodicity pairs:
[2025-05-29 14:03:24.803] [cout] [info]                 initial: /forceset/bifemsh_r, final: /forceset/bifemsh_l
[2025-05-29 14:03:24.803] [cout] [info]                 initial: /forceset/bifemsh_r, final: /forceset/bifemsh_r
[2025-05-29 14:03:24.803] [cout] [info]                 initial: /forceset/hamstrings_r, final: /forceset/hamstrings_l
[2025-05-29 14:03:24.804] [cout] [info]                 initial: /forceset/hamstrings_r, final: /forceset/hamstrings_r
[2025-05-29 14:03:24.804] [cout] [info]                 initial: /forceset/glut_max_r, final: /forceset/glut_max_l
[2025-05-29 14:03:24.804] [cout] [info]                 initial: /forceset/glut_max_r, final: /forceset/glut_max_r
[2025-05-29 14:03:24.804] [cout] [info]                 initial: /forceset/vasti_r, final: /forceset/vasti_l
[2025-05-29 14:03:24.804] [cout] [info]                 initial: /forceset/vasti_r, final: /forceset/vasti_r
[2025-05-29 14:03:24.804] [cout] [info]                 initial: /forceset/gastroc_r, final: /forceset/gastroc_l
[2025-05-29 14:03:24.804] [cout] [info]                 initial: /forceset/gastroc_r, final: /forceset/gastroc_r
[2025-05-29 14:03:24.804] [cout] [info]                 initial: /forceset/iliopsoas_r, final: /forceset/iliopsoas_l
[2025-05-29 14:03:24.804] [cout] [info]                 initial: /forceset/iliopsoas_r, final: /forceset/iliopsoas_r
[2025-05-29 14:03:24.804] [cout] [info]                 initial: /forceset/soleus_r, final: /forceset/soleus_l
[2025-05-29 14:03:24.804] [cout] [info]                 initial: /forceset/soleus_r, final: /forceset/soleus_r
[2025-05-29 14:03:24.804] [cout] [info]                 initial: /forceset/rect_fem_r, final: /forceset/rect_fem_l
[2025-05-29 14:03:24.804] [cout] [info]                 initial: /forceset/rect_fem_r, final: /forceset/rect_fem_r
[2025-05-29 14:03:24.804] [cout] [info]                 initial: /forceset/dorsiflexors_r, final: /forceset/dorsiflexors_l
[2025-05-29 14:03:24.804] [cout] [info]                 initial: /forceset/dorsiflexors_r, final: /forceset/dorsiflexors_r
[2025-05-29 14:03:24.804] [cout] [info]                 initial: /forceset/hamstrings_l, final: /forceset/hamstrings_r
[2025-05-29 14:03:24.804] [cout] [info]                 initial: /forceset/hamstrings_l, final: /forceset/hamstrings_l
[2025-05-29 14:03:24.804] [cout] [info]                 initial: /forceset/elbow_flexion_l_torque, final: /forceset/elbow_flexion_r_torque
[2025-05-29 14:03:24.804] [cout] [info]                 initial: /forceset/bifemsh_l, final: /forceset/bifemsh_r
[2025-05-29 14:03:24.804] [cout] [info]                 initial: /forceset/bifemsh_l, final: /forceset/bifemsh_l
[2025-05-29 14:03:24.804] [cout] [info]                 initial: /forceset/glut_max_l, final: /forceset/glut_max_r
[2025-05-29 14:03:24.804] [cout] [info]                 initial: /forceset/glut_max_l, final: /forceset/glut_max_l
[2025-05-29 14:03:24.804] [cout] [info]                 initial: /forceset/lumbar_ext_torque, final: /forceset/lumbar_ext_torque
[2025-05-29 14:03:24.804] [cout] [info]                 initial: /forceset/iliopsoas_l, final: /forceset/iliopsoas_r
[2025-05-29 14:03:24.804] [cout] [info]                 initial: /forceset/iliopsoas_l, final: /forceset/iliopsoas_l
[2025-05-29 14:03:24.804] [cout] [info]                 initial: /forceset/rect_fem_l, final: /forceset/rect_fem_r
[2025-05-29 14:03:24.804] [cout] [info]                 initial: /forceset/rect_fem_l, final: /forceset/rect_fem_l
[2025-05-29 14:03:24.804] [cout] [info]                 initial: /forceset/gastroc_l, final: /forceset/gastroc_r
[2025-05-29 14:03:24.804] [cout] [info]                 initial: /forceset/gastroc_l, final: /forceset/gastroc_l
[2025-05-29 14:03:24.804] [cout] [info]                 initial: /forceset/vasti_l, final: /forceset/vasti_r
[2025-05-29 14:03:24.804] [cout] [info]                 initial: /forceset/vasti_l, final: /forceset/vasti_l
[2025-05-29 14:03:24.804] [cout] [info]                 initial: /forceset/soleus_l, final: /forceset/soleus_r
[2025-05-29 14:03:24.804] [cout] [info]                 initial: /forceset/soleus_l, final: /forceset/soleus_l
[2025-05-29 14:03:24.804] [cout] [info]                 initial: /forceset/dorsiflexors_l, final: /forceset/dorsiflexors_r
[2025-05-29 14:03:24.804] [cout] [info]                 initial: /forceset/dorsiflexors_l, final: /forceset/dorsiflexors_l
[2025-05-29 14:03:24.804] [cout] [info]                 initial: /forceset/shoulder_flexion_r_torque, final: /forceset/shoulder_flexion_l_torque
[2025-05-29 14:03:24.804] [cout] [info]                 initial: /forceset/shoulder_flexion_r_torque, final: /forceset/shoulder_flexion_r_torque
[2025-05-29 14:03:24.804] [cout] [info]                 initial: /forceset/elbow_flexion_r_torque, final: /forceset/elbow_flexion_l_torque
[2025-05-29 14:03:24.804] [cout] [info]                 initial: /forceset/elbow_flexion_r_torque, final: /forceset/elbow_flexion_r_torque
[2025-05-29 14:03:24.804] [cout] [info]                 initial: /forceset/shoulder_flexion_l_torque, final: /forceset/shoulder_flexion_r_torque
[2025-05-29 14:03:24.804] [cout] [info] Kinematic constraints: none
[2025-05-29 14:03:24.804] [cout] [info] Path constraints: none
[2025-05-29 14:03:24.804] [cout] [info] States: (total: 54)
[2025-05-29 14:03:24.804] [cout] [info]   /forceset/rect_fem_r/activation. bounds: [0.01, 2]
[2025-05-29 14:03:24.804] [cout] [info]   /forceset/gastroc_r/normalized_tendon_force. bounds: [0, 1.5]
[2025-05-29 14:03:24.804] [cout] [info]   /forceset/soleus_r/normalized_tendon_force. bounds: [0, 1.5]
[2025-05-29 14:03:24.804] [cout] [info]   /forceset/rect_fem_l/activation. bounds: [0.01, 2]
[2025-05-29 14:03:24.804] [cout] [info]   /forceset/gastroc_l/normalized_tendon_force. bounds: [0, 1.5]
[2025-05-29 14:03:24.804] [cout] [info]   /forceset/soleus_l/normalized_tendon_force. bounds: [0, 1.5]
[2025-05-29 14:03:24.804] [cout] [info]   /forceset/hamstrings_r/activation. bounds: [0.01, 2]
[2025-05-29 14:03:24.804] [cout] [info]   /jointset/knee_l/knee_angle_l/value. bounds: [-2.0944, 0]
[2025-05-29 14:03:24.804] [cout] [info]   /forceset/bifemsh_r/activation. bounds: [0.01, 2]
[2025-05-29 14:03:24.804] [cout] [info]   /forceset/glut_max_r/activation. bounds: [0.01, 2]
[2025-05-29 14:03:24.804] [cout] [info]   /forceset/iliopsoas_r/activation. bounds: [0.01, 2]
[2025-05-29 14:03:24.804] [cout] [info]   /forceset/gastroc_r/activation. bounds: [0.01, 2]
[2025-05-29 14:03:24.804] [cout] [info]   /forceset/vasti_r/activation. bounds: [0.01, 2]
[2025-05-29 14:03:24.804] [cout] [info]   /forceset/soleus_r/activation. bounds: [0.01, 2]
[2025-05-29 14:03:24.804] [cout] [info]   /jointset/mtp_r/mtp_angle_r/speed. bounds: [-50, 50]
[2025-05-29 14:03:24.804] [cout] [info]   /jointset/ground_pelvis/pelvis_tilt/speed. bounds: [-50, 50]
[2025-05-29 14:03:24.804] [cout] [info]   /forceset/dorsiflexors_r/activation. bounds: [0.01, 2]
[2025-05-29 14:03:24.804] [cout] [info]   /jointset/mtp_r/mtp_angle_r/value. bounds: [-1.5708, 1.5708]
[2025-05-29 14:03:24.804] [cout] [info]   /jointset/ground_pelvis/pelvis_tilt/value. bounds: [-1.5708, 1.5708]
[2025-05-29 14:03:24.804] [cout] [info]   /forceset/hamstrings_l/activation. bounds: [0.01, 2]
[2025-05-29 14:03:24.804] [cout] [info]   /forceset/bifemsh_l/activation. bounds: [0.01, 2]
[2025-05-29 14:03:24.804] [cout] [info]   /jointset/ground_pelvis/pelvis_tx/speed. bounds: [-50, 50]
[2025-05-29 14:03:24.804] [cout] [info]   /forceset/glut_max_l/activation. bounds: [0.01, 2]
[2025-05-29 14:03:24.804] [cout] [info]   /forceset/iliopsoas_l/activation. bounds: [0.01, 2]
[2025-05-29 14:03:24.804] [cout] [info]   /forceset/gastroc_l/activation. bounds: [0.01, 2]
[2025-05-29 14:03:24.804] [cout] [info]   /forceset/vasti_l/activation. bounds: [0.01, 2]
[2025-05-29 14:03:24.804] [cout] [info]   /forceset/soleus_l/activation. bounds: [0.01, 2]
[2025-05-29 14:03:24.804] [cout] [info]   /jointset/back/lumbar_ext/value. bounds: [-1.5708, 1.5708]
[2025-05-29 14:03:24.804] [cout] [info]   /jointset/mtp_l/mtp_angle_l/value. bounds: [-1.5708, 1.5708]
[2025-05-29 14:03:24.804] [cout] [info]   /forceset/dorsiflexors_l/activation. bounds: [0.01, 2]
[2025-05-29 14:03:24.804] [cout] [info]   /jointset/ground_pelvis/pelvis_tx/value. bounds: [-5, 5]
[2025-05-29 14:03:24.804] [cout] [info]   /jointset/elbow_l/elbow_flexion_l/value. bounds: [0, 2.618]
[2025-05-29 14:03:24.804] [cout] [info]   /jointset/ankle_l/ankle_angle_l/value. bounds: [-1.0472, 1.0472]
[2025-05-29 14:03:24.804] [cout] [info]   /jointset/knee_r/knee_angle_r/speed. bounds: [-50, 50]
[2025-05-29 14:03:24.804] [cout] [info]   /jointset/ground_pelvis/pelvis_ty/value. bounds: [-1, 2]
[2025-05-29 14:03:24.804] [cout] [info]   /jointset/elbow_l/elbow_flexion_l/speed. bounds: [-50, 50]
[2025-05-29 14:03:24.804] [cout] [info]   /jointset/ankle_l/ankle_angle_l/speed. bounds: [-50, 50]
[2025-05-29 14:03:24.804] [cout] [info]   /jointset/ground_pelvis/pelvis_ty/speed. bounds: [-50, 50]
[2025-05-29 14:03:24.804] [cout] [info]   /jointset/ankle_r/ankle_angle_r/value. bounds: [-1.5708, 1.5708]
[2025-05-29 14:03:24.804] [cout] [info]   /jointset/hip_r/hip_flexion_r/value. bounds: [-2.0944, 2.0944]
[2025-05-29 14:03:24.804] [cout] [info]   /jointset/ankle_r/ankle_angle_r/speed. bounds: [-50, 50]
[2025-05-29 14:03:24.804] [cout] [info]   /jointset/hip_r/hip_flexion_r/speed. bounds: [-50, 50]
[2025-05-29 14:03:24.804] [cout] [info]   /jointset/back/lumbar_ext/speed. bounds: [-50, 50]
[2025-05-29 14:03:24.804] [cout] [info]   /jointset/mtp_l/mtp_angle_l/speed. bounds: [-50, 50]
[2025-05-29 14:03:24.804] [cout] [info]   /jointset/knee_r/knee_angle_r/value. bounds: [-2.0944, 0]
[2025-05-29 14:03:24.804] [cout] [info]   /jointset/knee_l/knee_angle_l/speed. bounds: [-50, 50]
[2025-05-29 14:03:24.804] [cout] [info]   /jointset/hip_l/hip_flexion_l/value. bounds: [-2.0944, 2.0944]
[2025-05-29 14:03:24.804] [cout] [info]   /jointset/hip_l/hip_flexion_l/speed. bounds: [-50, 50]
[2025-05-29 14:03:24.804] [cout] [info]   /jointset/acromial_r/shoulder_flexion_r/value. bounds: [-1.5708, 1.5708]
[2025-05-29 14:03:24.804] [cout] [info]   /jointset/acromial_r/shoulder_flexion_r/speed. bounds: [-50, 50]
[2025-05-29 14:03:24.804] [cout] [info]   /jointset/elbow_r/elbow_flexion_r/value. bounds: [0, 2.618]
[2025-05-29 14:03:24.804] [cout] [info]   /jointset/elbow_r/elbow_flexion_r/speed. bounds: [-50, 50]
[2025-05-29 14:03:24.804] [cout] [info]   /jointset/acromial_l/shoulder_flexion_l/value. bounds: [-1.5708, 1.5708]
[2025-05-29 14:03:24.804] [cout] [info]   /jointset/acromial_l/shoulder_flexion_l/speed. bounds: [-50, 50]
[2025-05-29 14:03:24.804] [cout] [info] Controls: (total: 23)
[2025-05-29 14:03:24.804] [cout] [info]   /forceset/hamstrings_r. bounds: [0.01, 1]
[2025-05-29 14:03:24.804] [cout] [info]   /forceset/bifemsh_r. bounds: [0.01, 1]
[2025-05-29 14:03:24.804] [cout] [info]   /forceset/glut_max_r. bounds: [0.01, 1]
[2025-05-29 14:03:24.804] [cout] [info]   /forceset/iliopsoas_r. bounds: [0.01, 1]
[2025-05-29 14:03:24.804] [cout] [info]   /forceset/rect_fem_r. bounds: [0.01, 1]
[2025-05-29 14:03:24.804] [cout] [info]   /forceset/gastroc_r. bounds: [0.01, 1]
[2025-05-29 14:03:24.805] [cout] [info]   /forceset/vasti_r. bounds: [0.01, 1]
[2025-05-29 14:03:24.805] [cout] [info]   /forceset/soleus_r. bounds: [0.01, 1]
[2025-05-29 14:03:24.805] [cout] [info]   /forceset/dorsiflexors_r. bounds: [0.01, 1]
[2025-05-29 14:03:24.805] [cout] [info]   /forceset/hamstrings_l. bounds: [0.01, 1]
[2025-05-29 14:03:24.805] [cout] [info]   /forceset/elbow_flexion_l_torque. bounds: [-inf, inf]
[2025-05-29 14:03:24.805] [cout] [info]   /forceset/bifemsh_l. bounds: [0.01, 1]
[2025-05-29 14:03:24.805] [cout] [info]   /forceset/glut_max_l. bounds: [0.01, 1]
[2025-05-29 14:03:24.805] [cout] [info]   /forceset/lumbar_ext_torque. bounds: [-inf, inf]
[2025-05-29 14:03:24.805] [cout] [info]   /forceset/iliopsoas_l. bounds: [0.01, 1]
[2025-05-29 14:03:24.805] [cout] [info]   /forceset/rect_fem_l. bounds: [0.01, 1]
[2025-05-29 14:03:24.805] [cout] [info]   /forceset/gastroc_l. bounds: [0.01, 1]
[2025-05-29 14:03:24.805] [cout] [info]   /forceset/vasti_l. bounds: [0.01, 1]
[2025-05-29 14:03:24.805] [cout] [info]   /forceset/soleus_l. bounds: [0.01, 1]
[2025-05-29 14:03:24.805] [cout] [info]   /forceset/dorsiflexors_l. bounds: [0.01, 1]
[2025-05-29 14:03:24.805] [cout] [info]   /forceset/shoulder_flexion_r_torque. bounds: [-inf, inf]
[2025-05-29 14:03:24.805] [cout] [info]   /forceset/elbow_flexion_r_torque. bounds: [-inf, inf]
[2025-05-29 14:03:24.805] [cout] [info]   /forceset/shoulder_flexion_l_torque. bounds: [-inf, inf]
[2025-05-29 14:03:24.805] [cout] [info] Parameters: none
[2025-05-29 14:03:25.590] [info] Number of threads: 8
[2025-05-29 14:13:28.282] [info] Set log level to Info.
[2025-05-29 14:13:28.284] [info] ------------------------------------------------------------------------
[2025-05-29 14:13:28.284] [info] Elapsed real time: 603 second(s) (10 minute(s), 3 second(s)).
[2025-05-29 14:13:28.284] [info] Thu May 29 14:13:28 2025
[2025-05-29 14:13:28.284] [warning] MocoCasADiSolver did NOT succeed:
[2025-05-29 14:13:28.284] [warning]   User_Requested_Stop
[2025-05-29 14:13:28.284] [info] ========================================================================
[2025-05-29 14:14:09.325] [cout] [info] Exiting visualization.
[2025-05-29 14:15:21.641] [info] Loaded model 2014014_2d from file 2014014_C4_04_initial-model_2d.osim
[2025-05-29 14:20:34.499] [info] Loaded model 2014014_2d from file 2014014_C4_04_initial-model_2d.osim
[2025-05-29 14:23:03.683] [info] ========================================================================
[2025-05-29 14:23:03.683] [info] MocoCasADiSolver starting.
[2025-05-29 14:23:03.683] [info] Thu May 29 14:23:03 2025
[2025-05-29 14:23:03.683] [info] ------------------------------------------------------------------------
[2025-05-29 14:23:03.683] [cout] [info] Costs: (total: 3)
[2025-05-29 14:23:03.683] [cout] [info]   state_tracking. MocoStateTrackingGoal, enabled: true, mode: cost, weight: 1.0
[2025-05-29 14:23:03.683] [cout] [info]         state: /jointset/ground_pelvis/pelvis_tilt/value, weight: 12.1664
[2025-05-29 14:23:03.683] [cout] [info]         state: /jointset/ground_pelvis/pelvis_tx/value, weight: 0.0
[2025-05-29 14:23:03.683] [cout] [info]         state: /jointset/ground_pelvis/pelvis_ty/value, weight: 0.0
[2025-05-29 14:23:03.683] [cout] [info]         state: /jointset/hip_r/hip_flexion_r/value, weight: 2.75586
[2025-05-29 14:23:03.683] [cout] [info]         state: /jointset/hip_l/hip_flexion_l/value, weight: 2.34071
[2025-05-29 14:23:03.683] [cout] [info]         state: /jointset/back/lumbar_ext/value, weight: 29.4037
[2025-05-29 14:23:03.683] [cout] [info]         state: /jointset/knee_r/knee_angle_r/value, weight: 0.925501
[2025-05-29 14:23:03.683] [cout] [info]         state: /jointset/knee_l/knee_angle_l/value, weight: 1.61229
[2025-05-29 14:23:03.683] [cout] [info]         state: /jointset/acromial_r/shoulder_flexion_r/value, weight: 6.17021
[2025-05-29 14:23:03.683] [cout] [info]         state: /jointset/acromial_l/shoulder_flexion_l/value, weight: 3.42741
[2025-05-29 14:23:03.683] [cout] [info]         state: /jointset/ankle_r/ankle_angle_r/value, weight: 6.2823
[2025-05-29 14:23:03.683] [cout] [info]         state: /jointset/ankle_l/ankle_angle_l/value, weight: 4.50354
[2025-05-29 14:23:03.683] [cout] [info]         state: /jointset/elbow_r/elbow_flexion_r/value, weight: 7.65053
[2025-05-29 14:23:03.683] [cout] [info]         state: /jointset/elbow_l/elbow_flexion_l/value, weight: 2.53764
[2025-05-29 14:23:03.683] [cout] [info]         state: /jointset/ground_pelvis/pelvis_tilt/speed, weight: 0.930004
[2025-05-29 14:23:03.683] [cout] [info]         state: /jointset/ground_pelvis/pelvis_tx/speed, weight: 0.0
[2025-05-29 14:23:03.683] [cout] [info]         state: /jointset/ground_pelvis/pelvis_ty/speed, weight: 0.0
[2025-05-29 14:23:03.683] [cout] [info]         state: /jointset/hip_r/hip_flexion_r/speed, weight: 0.25556
[2025-05-29 14:23:03.683] [cout] [info]         state: /jointset/hip_l/hip_flexion_l/speed, weight: 0.339587
[2025-05-29 14:23:03.683] [cout] [info]         state: /jointset/back/lumbar_ext/speed, weight: 1.50353
[2025-05-29 14:23:03.683] [cout] [info]         state: /jointset/knee_r/knee_angle_r/speed, weight: 0.122041
[2025-05-29 14:23:03.683] [cout] [info]         state: /jointset/knee_l/knee_angle_l/speed, weight: 0.221248
[2025-05-29 14:23:03.683] [cout] [info]         state: /jointset/acromial_r/shoulder_flexion_r/speed, weight: 0.771884
[2025-05-29 14:23:03.683] [cout] [info]         state: /jointset/acromial_l/shoulder_flexion_l/speed, weight: 0.32994
[2025-05-29 14:23:03.683] [cout] [info]         state: /jointset/ankle_r/ankle_angle_r/speed, weight: 0.619564
[2025-05-29 14:23:03.683] [cout] [info]         state: /jointset/ankle_l/ankle_angle_l/speed, weight: 0.480794
[2025-05-29 14:23:03.683] [cout] [info]         state: /jointset/elbow_r/elbow_flexion_r/speed, weight: 1.70026
[2025-05-29 14:23:03.683] [cout] [info]         state: /jointset/elbow_l/elbow_flexion_l/speed, weight: 0.474488
[2025-05-29 14:23:03.683] [cout] [info]         state: /jointset/mtp_r/mtp_angle_r/value, weight: 0.0
[2025-05-29 14:23:03.683] [cout] [info]         state: /jointset/mtp_r/mtp_angle_r/speed, weight: 0.0
[2025-05-29 14:23:03.683] [cout] [info]         state: /jointset/mtp_l/mtp_angle_l/value, weight: 0.0
[2025-05-29 14:23:03.683] [cout] [info]         state: /jointset/mtp_l/mtp_angle_l/speed, weight: 0.0
[2025-05-29 14:23:03.683] [cout] [info]   control_effort. MocoControlGoal, enabled: true, mode: cost, weight: 10.0
[2025-05-29 14:23:03.683] [cout] [info]         control: /forceset/hamstrings_r, weight: 1.0
[2025-05-29 14:23:03.683] [cout] [info]         control: /forceset/bifemsh_r, weight: 1.0
[2025-05-29 14:23:03.683] [cout] [info]         control: /forceset/glut_max_r, weight: 1.0
[2025-05-29 14:23:03.683] [cout] [info]         control: /forceset/iliopsoas_r, weight: 1.0
[2025-05-29 14:23:03.683] [cout] [info]         control: /forceset/rect_fem_r, weight: 1.0
[2025-05-29 14:23:03.683] [cout] [info]         control: /forceset/vasti_r, weight: 1.0
[2025-05-29 14:23:03.683] [cout] [info]         control: /forceset/gastroc_r, weight: 1.0
[2025-05-29 14:23:03.684] [cout] [info]         control: /forceset/soleus_r, weight: 1.0
[2025-05-29 14:23:03.684] [cout] [info]         control: /forceset/dorsiflexors_r, weight: 1.0
[2025-05-29 14:23:03.684] [cout] [info]         control: /forceset/hamstrings_l, weight: 1.0
[2025-05-29 14:23:03.684] [cout] [info]         control: /forceset/bifemsh_l, weight: 1.0
[2025-05-29 14:23:03.684] [cout] [info]         control: /forceset/glut_max_l, weight: 1.0
[2025-05-29 14:23:03.684] [cout] [info]         control: /forceset/iliopsoas_l, weight: 1.0
[2025-05-29 14:23:03.684] [cout] [info]         control: /forceset/rect_fem_l, weight: 1.0
[2025-05-29 14:23:03.684] [cout] [info]         control: /forceset/vasti_l, weight: 1.0
[2025-05-29 14:23:03.684] [cout] [info]         control: /forceset/gastroc_l, weight: 1.0
[2025-05-29 14:23:03.684] [cout] [info]         control: /forceset/soleus_l, weight: 1.0
[2025-05-29 14:23:03.684] [cout] [info]         control: /forceset/dorsiflexors_l, weight: 1.0
[2025-05-29 14:23:03.684] [cout] [info]         control: /forceset/lumbar_ext_torque, weight: 1.0
[2025-05-29 14:23:03.684] [cout] [info]         control: /forceset/shoulder_flexion_r_torque, weight: 1.0
[2025-05-29 14:23:03.684] [cout] [info]         control: /forceset/elbow_flexion_r_torque, weight: 1.0
[2025-05-29 14:23:03.684] [cout] [info]         control: /forceset/shoulder_flexion_l_torque, weight: 1.0
[2025-05-29 14:23:03.684] [cout] [info]         control: /forceset/elbow_flexion_l_torque, weight: 1.0
[2025-05-29 14:23:03.684] [cout] [info]   contact. MocoContactTrackingGoal, enabled: true, mode: cost, weight: 0.5
[2025-05-29 14:23:03.684] [cout] [info]         projection type: plane
[2025-05-29 14:23:03.684] [cout] [info]         projection vector: ~[0,0,1]
[2025-05-29 14:23:03.684] [cout] [info]         group 0: ExternalForce: grf1
[2025-05-29 14:23:03.684] [cout] [info]             forces:
[2025-05-29 14:23:03.684] [cout] [info]                 /forceset/Contact_Foot_Ground_L1
[2025-05-29 14:23:03.684] [cout] [info]                 /forceset/Contact_Foot_Ground_L2
[2025-05-29 14:23:03.684] [cout] [info]                 /forceset/Contact_Foot_Ground_L3
[2025-05-29 14:23:03.684] [cout] [info]                 /forceset/Contact_Foot_Ground_L4
[2025-05-29 14:23:03.684] [cout] [info]                 /forceset/Contact_Foot_Ground_L5
[2025-05-29 14:23:03.684] [cout] [info]                 /forceset/Contact_Foot_Ground_L6
[2025-05-29 14:23:03.684] [cout] [info]                 /forceset/Contact_Foot_Ground_L7
[2025-05-29 14:23:03.684] [cout] [info]                 /forceset/Contact_Foot_Ground_L8
[2025-05-29 14:23:03.684] [cout] [info]         group 1: ExternalForce: grf2
[2025-05-29 14:23:03.684] [cout] [info]             forces:
[2025-05-29 14:23:03.684] [cout] [info]                 /forceset/Contact_Foot_Ground_R1
[2025-05-29 14:23:03.684] [cout] [info]                 /forceset/Contact_Foot_Ground_R2
[2025-05-29 14:23:03.684] [cout] [info]                 /forceset/Contact_Foot_Ground_R3
[2025-05-29 14:23:03.684] [cout] [info]                 /forceset/Contact_Foot_Ground_R4
[2025-05-29 14:23:03.684] [cout] [info]                 /forceset/Contact_Foot_Ground_R5
[2025-05-29 14:23:03.684] [cout] [info]                 /forceset/Contact_Foot_Ground_R6
[2025-05-29 14:23:03.684] [cout] [info]                 /forceset/Contact_Foot_Ground_R7
[2025-05-29 14:23:03.684] [cout] [info]                 /forceset/Contact_Foot_Ground_R8
[2025-05-29 14:23:03.684] [cout] [info] Endpoint constraints: (total: 3)
[2025-05-29 14:23:03.684] [cout] [info]   initial_activation. MocoInitialActivationGoal, enabled: true, mode: endpoint_constraint
[2025-05-29 14:23:03.684] [cout] [info]   speed. MocoAverageSpeedGoal, enabled: true, mode: endpoint_constraint
[2025-05-29 14:23:03.684] [cout] [info]   symmetry. MocoPeriodicityGoal, enabled: true, mode: endpoint_constraint
[2025-05-29 14:23:03.684] [cout] [info]         state periodicity pairs:
[2025-05-29 14:23:03.684] [cout] [info]                 initial: /jointset/ground_pelvis/pelvis_tilt/value, final: /jointset/ground_pelvis/pelvis_tilt/value
[2025-05-29 14:23:03.684] [cout] [info]                 initial: /jointset/ground_pelvis/pelvis_tilt/speed, final: /jointset/ground_pelvis/pelvis_tilt/speed
[2025-05-29 14:23:03.684] [cout] [info]                 initial: /jointset/hip_r/hip_flexion_r/value, final: /jointset/hip_l/hip_flexion_l/value
[2025-05-29 14:23:03.685] [cout] [info]                 initial: /jointset/hip_r/hip_flexion_r/speed, final: /jointset/hip_l/hip_flexion_l/speed
[2025-05-29 14:23:03.685] [cout] [info]                 initial: /jointset/knee_r/knee_angle_r/value, final: /jointset/knee_l/knee_angle_l/value
[2025-05-29 14:23:03.685] [cout] [info]                 initial: /jointset/knee_r/knee_angle_r/speed, final: /jointset/knee_l/knee_angle_l/speed
[2025-05-29 14:23:03.685] [cout] [info]                 initial: /jointset/ankle_r/ankle_angle_r/value, final: /jointset/ankle_l/ankle_angle_l/value
[2025-05-29 14:23:03.685] [cout] [info]                 initial: /jointset/ankle_r/ankle_angle_r/speed, final: /jointset/ankle_l/ankle_angle_l/speed
[2025-05-29 14:23:03.685] [cout] [info]                 initial: /jointset/mtp_r/mtp_angle_r/value, final: /jointset/mtp_l/mtp_angle_l/value
[2025-05-29 14:23:03.685] [cout] [info]                 initial: /jointset/mtp_r/mtp_angle_r/speed, final: /jointset/mtp_l/mtp_angle_l/speed
[2025-05-29 14:23:03.685] [cout] [info]                 initial: /jointset/hip_l/hip_flexion_l/value, final: /jointset/hip_r/hip_flexion_r/value
[2025-05-29 14:23:03.685] [cout] [info]                 initial: /jointset/hip_l/hip_flexion_l/speed, final: /jointset/hip_r/hip_flexion_r/speed
[2025-05-29 14:23:03.685] [cout] [info]                 initial: /jointset/knee_l/knee_angle_l/value, final: /jointset/knee_r/knee_angle_r/value
[2025-05-29 14:23:03.685] [cout] [info]                 initial: /jointset/knee_l/knee_angle_l/speed, final: /jointset/knee_r/knee_angle_r/speed
[2025-05-29 14:23:03.685] [cout] [info]                 initial: /jointset/ankle_l/ankle_angle_l/value, final: /jointset/ankle_r/ankle_angle_r/value
[2025-05-29 14:23:03.685] [cout] [info]                 initial: /jointset/ankle_l/ankle_angle_l/speed, final: /jointset/ankle_r/ankle_angle_r/speed
[2025-05-29 14:23:03.685] [cout] [info]                 initial: /jointset/mtp_l/mtp_angle_l/value, final: /jointset/mtp_r/mtp_angle_r/value
[2025-05-29 14:23:03.685] [cout] [info]                 initial: /jointset/mtp_l/mtp_angle_l/speed, final: /jointset/mtp_r/mtp_angle_r/speed
[2025-05-29 14:23:03.685] [cout] [info]                 initial: /jointset/back/lumbar_ext/value, final: /jointset/back/lumbar_ext/value
[2025-05-29 14:23:03.685] [cout] [info]                 initial: /jointset/back/lumbar_ext/speed, final: /jointset/back/lumbar_ext/speed
[2025-05-29 14:23:03.685] [cout] [info]                 initial: /jointset/acromial_r/shoulder_flexion_r/value, final: /jointset/acromial_l/shoulder_flexion_l/value
[2025-05-29 14:23:03.685] [cout] [info]                 initial: /jointset/acromial_r/shoulder_flexion_r/speed, final: /jointset/acromial_l/shoulder_flexion_l/speed
[2025-05-29 14:23:03.685] [cout] [info]                 initial: /jointset/elbow_r/elbow_flexion_r/value, final: /jointset/elbow_l/elbow_flexion_l/value
[2025-05-29 14:23:03.685] [cout] [info]                 initial: /jointset/elbow_r/elbow_flexion_r/speed, final: /jointset/elbow_l/elbow_flexion_l/speed
[2025-05-29 14:23:03.685] [cout] [info]                 initial: /jointset/acromial_l/shoulder_flexion_l/value, final: /jointset/acromial_r/shoulder_flexion_r/value
[2025-05-29 14:23:03.685] [cout] [info]                 initial: /jointset/acromial_l/shoulder_flexion_l/speed, final: /jointset/acromial_r/shoulder_flexion_r/speed
[2025-05-29 14:23:03.685] [cout] [info]                 initial: /jointset/elbow_l/elbow_flexion_l/value, final: /jointset/elbow_r/elbow_flexion_r/value
[2025-05-29 14:23:03.685] [cout] [info]                 initial: /jointset/elbow_l/elbow_flexion_l/speed, final: /jointset/elbow_r/elbow_flexion_r/speed
[2025-05-29 14:23:03.685] [cout] [info]                 initial: /jointset/ground_pelvis/pelvis_ty/value, final: /jointset/ground_pelvis/pelvis_ty/value
[2025-05-29 14:23:03.685] [cout] [info]                 initial: /jointset/ground_pelvis/pelvis_ty/speed, final: /jointset/ground_pelvis/pelvis_ty/speed
[2025-05-29 14:23:03.685] [cout] [info]         control periodicity pairs:
[2025-05-29 14:23:03.685] [cout] [info] Kinematic constraints: none
[2025-05-29 14:23:03.685] [cout] [info] Path constraints: none
[2025-05-29 14:23:03.685] [cout] [info] States: (total: 54)
[2025-05-29 14:23:03.685] [cout] [info]   /forceset/rect_fem_r/activation. bounds: [0.01, 2]
[2025-05-29 14:23:03.685] [cout] [info]   /forceset/gastroc_r/normalized_tendon_force. bounds: [0, 1.5]
[2025-05-29 14:23:03.685] [cout] [info]   /forceset/soleus_r/normalized_tendon_force. bounds: [0, 1.5]
[2025-05-29 14:23:03.685] [cout] [info]   /forceset/rect_fem_l/activation. bounds: [0.01, 2]
[2025-05-29 14:23:03.685] [cout] [info]   /forceset/gastroc_l/normalized_tendon_force. bounds: [0, 1.5]
[2025-05-29 14:23:03.685] [cout] [info]   /forceset/soleus_l/normalized_tendon_force. bounds: [0, 1.5]
[2025-05-29 14:23:03.685] [cout] [info]   /forceset/hamstrings_r/activation. bounds: [0.01, 2]
[2025-05-29 14:23:03.685] [cout] [info]   /jointset/knee_l/knee_angle_l/value. bounds: [-2.0944, 0]
[2025-05-29 14:23:03.685] [cout] [info]   /forceset/bifemsh_r/activation. bounds: [0.01, 2]
[2025-05-29 14:23:03.685] [cout] [info]   /forceset/glut_max_r/activation. bounds: [0.01, 2]
[2025-05-29 14:23:03.685] [cout] [info]   /forceset/iliopsoas_r/activation. bounds: [0.01, 2]
[2025-05-29 14:23:03.685] [cout] [info]   /forceset/gastroc_r/activation. bounds: [0.01, 2]
[2025-05-29 14:23:03.685] [cout] [info]   /forceset/vasti_r/activation. bounds: [0.01, 2]
[2025-05-29 14:23:03.685] [cout] [info]   /forceset/soleus_r/activation. bounds: [0.01, 2]
[2025-05-29 14:23:03.685] [cout] [info]   /jointset/mtp_r/mtp_angle_r/speed. bounds: [-50, 50]
[2025-05-29 14:23:03.685] [cout] [info]   /jointset/ground_pelvis/pelvis_tilt/speed. bounds: [-50, 50]
[2025-05-29 14:23:03.685] [cout] [info]   /forceset/dorsiflexors_r/activation. bounds: [0.01, 2]
[2025-05-29 14:23:03.685] [cout] [info]   /jointset/mtp_r/mtp_angle_r/value. bounds: [-1.5708, 1.5708]
[2025-05-29 14:23:03.685] [cout] [info]   /jointset/ground_pelvis/pelvis_tilt/value. bounds: [-1.5708, 1.5708]
[2025-05-29 14:23:03.685] [cout] [info]   /forceset/hamstrings_l/activation. bounds: [0.01, 2]
[2025-05-29 14:23:03.685] [cout] [info]   /forceset/bifemsh_l/activation. bounds: [0.01, 2]
[2025-05-29 14:23:03.685] [cout] [info]   /jointset/ground_pelvis/pelvis_tx/speed. bounds: [-50, 50]
[2025-05-29 14:23:03.685] [cout] [info]   /forceset/glut_max_l/activation. bounds: [0.01, 2]
[2025-05-29 14:23:03.685] [cout] [info]   /forceset/iliopsoas_l/activation. bounds: [0.01, 2]
[2025-05-29 14:23:03.685] [cout] [info]   /forceset/gastroc_l/activation. bounds: [0.01, 2]
[2025-05-29 14:23:03.685] [cout] [info]   /forceset/vasti_l/activation. bounds: [0.01, 2]
[2025-05-29 14:23:03.685] [cout] [info]   /forceset/soleus_l/activation. bounds: [0.01, 2]
[2025-05-29 14:23:03.685] [cout] [info]   /jointset/back/lumbar_ext/value. bounds: [-1.5708, 1.5708]
[2025-05-29 14:23:03.685] [cout] [info]   /jointset/mtp_l/mtp_angle_l/value. bounds: [-1.5708, 1.5708]
[2025-05-29 14:23:03.685] [cout] [info]   /forceset/dorsiflexors_l/activation. bounds: [0.01, 2]
[2025-05-29 14:23:03.685] [cout] [info]   /jointset/ground_pelvis/pelvis_tx/value. bounds: [-5, 5]
[2025-05-29 14:23:03.685] [cout] [info]   /jointset/elbow_l/elbow_flexion_l/value. bounds: [0, 2.618]
[2025-05-29 14:23:03.685] [cout] [info]   /jointset/ankle_l/ankle_angle_l/value. bounds: [-1.0472, 1.0472]
[2025-05-29 14:23:03.685] [cout] [info]   /jointset/knee_r/knee_angle_r/speed. bounds: [-50, 50]
[2025-05-29 14:23:03.685] [cout] [info]   /jointset/ground_pelvis/pelvis_ty/value. bounds: [-1, 2]
[2025-05-29 14:23:03.685] [cout] [info]   /jointset/elbow_l/elbow_flexion_l/speed. bounds: [-50, 50]
[2025-05-29 14:23:03.685] [cout] [info]   /jointset/ankle_l/ankle_angle_l/speed. bounds: [-50, 50]
[2025-05-29 14:23:03.685] [cout] [info]   /jointset/ground_pelvis/pelvis_ty/speed. bounds: [-50, 50]
[2025-05-29 14:23:03.685] [cout] [info]   /jointset/ankle_r/ankle_angle_r/value. bounds: [-1.5708, 1.5708]
[2025-05-29 14:23:03.685] [cout] [info]   /jointset/hip_r/hip_flexion_r/value. bounds: [-2.0944, 2.0944]
[2025-05-29 14:23:03.685] [cout] [info]   /jointset/ankle_r/ankle_angle_r/speed. bounds: [-50, 50]
[2025-05-29 14:23:03.685] [cout] [info]   /jointset/hip_r/hip_flexion_r/speed. bounds: [-50, 50]
[2025-05-29 14:23:03.685] [cout] [info]   /jointset/back/lumbar_ext/speed. bounds: [-50, 50]
[2025-05-29 14:23:03.685] [cout] [info]   /jointset/mtp_l/mtp_angle_l/speed. bounds: [-50, 50]
[2025-05-29 14:23:03.685] [cout] [info]   /jointset/knee_r/knee_angle_r/value. bounds: [-2.0944, 0]
[2025-05-29 14:23:03.685] [cout] [info]   /jointset/knee_l/knee_angle_l/speed. bounds: [-50, 50]
[2025-05-29 14:23:03.685] [cout] [info]   /jointset/hip_l/hip_flexion_l/value. bounds: [-2.0944, 2.0944]
[2025-05-29 14:23:03.685] [cout] [info]   /jointset/hip_l/hip_flexion_l/speed. bounds: [-50, 50]
[2025-05-29 14:23:03.685] [cout] [info]   /jointset/acromial_r/shoulder_flexion_r/value. bounds: [-1.5708, 1.5708]
[2025-05-29 14:23:03.685] [cout] [info]   /jointset/acromial_r/shoulder_flexion_r/speed. bounds: [-50, 50]
[2025-05-29 14:23:03.685] [cout] [info]   /jointset/elbow_r/elbow_flexion_r/value. bounds: [0, 2.618]
[2025-05-29 14:23:03.685] [cout] [info]   /jointset/elbow_r/elbow_flexion_r/speed. bounds: [-50, 50]
[2025-05-29 14:23:03.685] [cout] [info]   /jointset/acromial_l/shoulder_flexion_l/value. bounds: [-1.5708, 1.5708]
[2025-05-29 14:23:03.686] [cout] [info]   /jointset/acromial_l/shoulder_flexion_l/speed. bounds: [-50, 50]
[2025-05-29 14:23:03.686] [cout] [info] Controls: (total: 23)
[2025-05-29 14:23:03.686] [cout] [info]   /forceset/hamstrings_r. bounds: [0.01, 1]
[2025-05-29 14:23:03.686] [cout] [info]   /forceset/bifemsh_r. bounds: [0.01, 1]
[2025-05-29 14:23:03.686] [cout] [info]   /forceset/glut_max_r. bounds: [0.01, 1]
[2025-05-29 14:23:03.686] [cout] [info]   /forceset/iliopsoas_r. bounds: [0.01, 1]
[2025-05-29 14:23:03.686] [cout] [info]   /forceset/rect_fem_r. bounds: [0.01, 1]
[2025-05-29 14:23:03.686] [cout] [info]   /forceset/gastroc_r. bounds: [0.01, 1]
[2025-05-29 14:23:03.686] [cout] [info]   /forceset/vasti_r. bounds: [0.01, 1]
[2025-05-29 14:23:03.686] [cout] [info]   /forceset/soleus_r. bounds: [0.01, 1]
[2025-05-29 14:23:03.686] [cout] [info]   /forceset/dorsiflexors_r. bounds: [0.01, 1]
[2025-05-29 14:23:03.686] [cout] [info]   /forceset/hamstrings_l. bounds: [0.01, 1]
[2025-05-29 14:23:03.686] [cout] [info]   /forceset/elbow_flexion_l_torque. bounds: [-inf, inf]
[2025-05-29 14:23:03.686] [cout] [info]   /forceset/bifemsh_l. bounds: [0.01, 1]
[2025-05-29 14:23:03.686] [cout] [info]   /forceset/glut_max_l. bounds: [0.01, 1]
[2025-05-29 14:23:03.686] [cout] [info]   /forceset/lumbar_ext_torque. bounds: [-inf, inf]
[2025-05-29 14:23:03.686] [cout] [info]   /forceset/iliopsoas_l. bounds: [0.01, 1]
[2025-05-29 14:23:03.686] [cout] [info]   /forceset/rect_fem_l. bounds: [0.01, 1]
[2025-05-29 14:23:03.686] [cout] [info]   /forceset/gastroc_l. bounds: [0.01, 1]
[2025-05-29 14:23:03.686] [cout] [info]   /forceset/vasti_l. bounds: [0.01, 1]
[2025-05-29 14:23:03.686] [cout] [info]   /forceset/soleus_l. bounds: [0.01, 1]
[2025-05-29 14:23:03.686] [cout] [info]   /forceset/dorsiflexors_l. bounds: [0.01, 1]
[2025-05-29 14:23:03.686] [cout] [info]   /forceset/shoulder_flexion_r_torque. bounds: [-inf, inf]
[2025-05-29 14:23:03.686] [cout] [info]   /forceset/elbow_flexion_r_torque. bounds: [-inf, inf]
[2025-05-29 14:23:03.686] [cout] [info]   /forceset/shoulder_flexion_l_torque. bounds: [-inf, inf]
[2025-05-29 14:23:03.686] [cout] [info] Parameters: none
[2025-05-29 14:23:04.509] [info] Number of threads: 8
[2025-05-29 14:25:00.218] [info] Set log level to Info.
[2025-05-29 14:25:00.219] [info] ------------------------------------------------------------------------
[2025-05-29 14:25:00.219] [info] Elapsed real time: 117 second(s) (1 minute(s), 57 second(s)).
[2025-05-29 14:25:00.219] [info] Thu May 29 14:25:00 2025
[2025-05-29 14:25:00.219] [warning] MocoCasADiSolver did NOT succeed:
[2025-05-29 14:25:00.219] [warning]   User_Requested_Stop
[2025-05-29 14:25:00.219] [info] ========================================================================
[2025-05-29 14:25:25.187] [cout] [info] Exiting visualization.
[2025-05-29 14:27:16.268] [info] Loaded model 2014014_2d from file 2014014_C4_04_initial-model_2d.osim
[2025-05-29 14:27:32.572] [info] ========================================================================
[2025-05-29 14:27:32.572] [info] MocoCasADiSolver starting.
[2025-05-29 14:27:32.572] [info] Thu May 29 14:27:32 2025
[2025-05-29 14:27:32.572] [info] ------------------------------------------------------------------------
[2025-05-29 14:27:32.572] [cout] [info] Costs: (total: 3)
[2025-05-29 14:27:32.572] [cout] [info]   state_tracking. MocoStateTrackingGoal, enabled: true, mode: cost, weight: 1.0
[2025-05-29 14:27:32.572] [cout] [info]         state: /jointset/ground_pelvis/pelvis_tilt/value, weight: 12.1664
[2025-05-29 14:27:32.572] [cout] [info]         state: /jointset/ground_pelvis/pelvis_tx/value, weight: 0.0
[2025-05-29 14:27:32.573] [cout] [info]         state: /jointset/ground_pelvis/pelvis_ty/value, weight: 0.0
[2025-05-29 14:27:32.573] [cout] [info]         state: /jointset/hip_r/hip_flexion_r/value, weight: 2.75586
[2025-05-29 14:27:32.573] [cout] [info]         state: /jointset/hip_l/hip_flexion_l/value, weight: 2.34071
[2025-05-29 14:27:32.573] [cout] [info]         state: /jointset/back/lumbar_ext/value, weight: 29.4037
[2025-05-29 14:27:32.573] [cout] [info]         state: /jointset/knee_r/knee_angle_r/value, weight: 0.925501
[2025-05-29 14:27:32.573] [cout] [info]         state: /jointset/knee_l/knee_angle_l/value, weight: 1.61229
[2025-05-29 14:27:32.573] [cout] [info]         state: /jointset/acromial_r/shoulder_flexion_r/value, weight: 6.17021
[2025-05-29 14:27:32.573] [cout] [info]         state: /jointset/acromial_l/shoulder_flexion_l/value, weight: 3.42741
[2025-05-29 14:27:32.573] [cout] [info]         state: /jointset/ankle_r/ankle_angle_r/value, weight: 6.2823
[2025-05-29 14:27:32.573] [cout] [info]         state: /jointset/ankle_l/ankle_angle_l/value, weight: 4.50354
[2025-05-29 14:27:32.573] [cout] [info]         state: /jointset/elbow_r/elbow_flexion_r/value, weight: 7.65053
[2025-05-29 14:27:32.573] [cout] [info]         state: /jointset/elbow_l/elbow_flexion_l/value, weight: 2.53764
[2025-05-29 14:27:32.573] [cout] [info]         state: /jointset/ground_pelvis/pelvis_tilt/speed, weight: 0.930004
[2025-05-29 14:27:32.573] [cout] [info]         state: /jointset/ground_pelvis/pelvis_tx/speed, weight: 0.0
[2025-05-29 14:27:32.573] [cout] [info]         state: /jointset/ground_pelvis/pelvis_ty/speed, weight: 0.0
[2025-05-29 14:27:32.573] [cout] [info]         state: /jointset/hip_r/hip_flexion_r/speed, weight: 0.25556
[2025-05-29 14:27:32.573] [cout] [info]         state: /jointset/hip_l/hip_flexion_l/speed, weight: 0.339587
[2025-05-29 14:27:32.573] [cout] [info]         state: /jointset/back/lumbar_ext/speed, weight: 1.50353
[2025-05-29 14:27:32.573] [cout] [info]         state: /jointset/knee_r/knee_angle_r/speed, weight: 0.122041
[2025-05-29 14:27:32.573] [cout] [info]         state: /jointset/knee_l/knee_angle_l/speed, weight: 0.221248
[2025-05-29 14:27:32.573] [cout] [info]         state: /jointset/acromial_r/shoulder_flexion_r/speed, weight: 0.771884
[2025-05-29 14:27:32.573] [cout] [info]         state: /jointset/acromial_l/shoulder_flexion_l/speed, weight: 0.32994
[2025-05-29 14:27:32.573] [cout] [info]         state: /jointset/ankle_r/ankle_angle_r/speed, weight: 0.619564
[2025-05-29 14:27:32.573] [cout] [info]         state: /jointset/ankle_l/ankle_angle_l/speed, weight: 0.480794
[2025-05-29 14:27:32.573] [cout] [info]         state: /jointset/elbow_r/elbow_flexion_r/speed, weight: 1.70026
[2025-05-29 14:27:32.573] [cout] [info]         state: /jointset/elbow_l/elbow_flexion_l/speed, weight: 0.474488
[2025-05-29 14:27:32.573] [cout] [info]         state: /jointset/mtp_r/mtp_angle_r/value, weight: 0.0
[2025-05-29 14:27:32.573] [cout] [info]         state: /jointset/mtp_r/mtp_angle_r/speed, weight: 0.0
[2025-05-29 14:27:32.573] [cout] [info]         state: /jointset/mtp_l/mtp_angle_l/value, weight: 0.0
[2025-05-29 14:27:32.573] [cout] [info]         state: /jointset/mtp_l/mtp_angle_l/speed, weight: 0.0
[2025-05-29 14:27:32.573] [cout] [info]   control_effort. MocoControlGoal, enabled: true, mode: cost, weight: 10.0
[2025-05-29 14:27:32.573] [cout] [info]         control: /forceset/hamstrings_r, weight: 1.0
[2025-05-29 14:27:32.573] [cout] [info]         control: /forceset/bifemsh_r, weight: 1.0
[2025-05-29 14:27:32.573] [cout] [info]         control: /forceset/glut_max_r, weight: 1.0
[2025-05-29 14:27:32.573] [cout] [info]         control: /forceset/iliopsoas_r, weight: 1.0
[2025-05-29 14:27:32.573] [cout] [info]         control: /forceset/rect_fem_r, weight: 1.0
[2025-05-29 14:27:32.573] [cout] [info]         control: /forceset/vasti_r, weight: 1.0
[2025-05-29 14:27:32.573] [cout] [info]         control: /forceset/gastroc_r, weight: 1.0
[2025-05-29 14:27:32.573] [cout] [info]         control: /forceset/soleus_r, weight: 1.0
[2025-05-29 14:27:32.573] [cout] [info]         control: /forceset/dorsiflexors_r, weight: 1.0
[2025-05-29 14:27:32.573] [cout] [info]         control: /forceset/hamstrings_l, weight: 1.0
[2025-05-29 14:27:32.573] [cout] [info]         control: /forceset/bifemsh_l, weight: 1.0
[2025-05-29 14:27:32.573] [cout] [info]         control: /forceset/glut_max_l, weight: 1.0
[2025-05-29 14:27:32.573] [cout] [info]         control: /forceset/iliopsoas_l, weight: 1.0
[2025-05-29 14:27:32.573] [cout] [info]         control: /forceset/rect_fem_l, weight: 1.0
[2025-05-29 14:27:32.573] [cout] [info]         control: /forceset/vasti_l, weight: 1.0
[2025-05-29 14:27:32.573] [cout] [info]         control: /forceset/gastroc_l, weight: 1.0
[2025-05-29 14:27:32.573] [cout] [info]         control: /forceset/soleus_l, weight: 1.0
[2025-05-29 14:27:32.573] [cout] [info]         control: /forceset/dorsiflexors_l, weight: 1.0
[2025-05-29 14:27:32.573] [cout] [info]         control: /forceset/lumbar_ext_torque, weight: 1.0
[2025-05-29 14:27:32.573] [cout] [info]         control: /forceset/shoulder_flexion_r_torque, weight: 1.0
[2025-05-29 14:27:32.573] [cout] [info]         control: /forceset/elbow_flexion_r_torque, weight: 1.0
[2025-05-29 14:27:32.573] [cout] [info]         control: /forceset/shoulder_flexion_l_torque, weight: 1.0
[2025-05-29 14:27:32.573] [cout] [info]         control: /forceset/elbow_flexion_l_torque, weight: 1.0
[2025-05-29 14:27:32.573] [cout] [info]   contact. MocoContactTrackingGoal, enabled: true, mode: cost, weight: 0.5
[2025-05-29 14:27:32.573] [cout] [info]         projection type: plane
[2025-05-29 14:27:32.573] [cout] [info]         projection vector: ~[0,0,1]
[2025-05-29 14:27:32.573] [cout] [info]         group 0: ExternalForce: grf1
[2025-05-29 14:27:32.573] [cout] [info]             forces:
[2025-05-29 14:27:32.573] [cout] [info]                 /forceset/Contact_Foot_Ground_L1
[2025-05-29 14:27:32.573] [cout] [info]                 /forceset/Contact_Foot_Ground_L2
[2025-05-29 14:27:32.573] [cout] [info]                 /forceset/Contact_Foot_Ground_L3
[2025-05-29 14:27:32.573] [cout] [info]                 /forceset/Contact_Foot_Ground_L4
[2025-05-29 14:27:32.573] [cout] [info]                 /forceset/Contact_Foot_Ground_L5
[2025-05-29 14:27:32.573] [cout] [info]                 /forceset/Contact_Foot_Ground_L6
[2025-05-29 14:27:32.573] [cout] [info]                 /forceset/Contact_Foot_Ground_L7
[2025-05-29 14:27:32.573] [cout] [info]                 /forceset/Contact_Foot_Ground_L8
[2025-05-29 14:27:32.573] [cout] [info]         group 1: ExternalForce: grf2
[2025-05-29 14:27:32.573] [cout] [info]             forces:
[2025-05-29 14:27:32.573] [cout] [info]                 /forceset/Contact_Foot_Ground_R1
[2025-05-29 14:27:32.573] [cout] [info]                 /forceset/Contact_Foot_Ground_R2
[2025-05-29 14:27:32.573] [cout] [info]                 /forceset/Contact_Foot_Ground_R3
[2025-05-29 14:27:32.573] [cout] [info]                 /forceset/Contact_Foot_Ground_R4
[2025-05-29 14:27:32.573] [cout] [info]                 /forceset/Contact_Foot_Ground_R5
[2025-05-29 14:27:32.573] [cout] [info]                 /forceset/Contact_Foot_Ground_R6
[2025-05-29 14:27:32.573] [cout] [info]                 /forceset/Contact_Foot_Ground_R7
[2025-05-29 14:27:32.573] [cout] [info]                 /forceset/Contact_Foot_Ground_R8
[2025-05-29 14:27:32.573] [cout] [info] Endpoint constraints: (total: 3)
[2025-05-29 14:27:32.573] [cout] [info]   initial_activation. MocoInitialActivationGoal, enabled: true, mode: endpoint_constraint
[2025-05-29 14:27:32.573] [cout] [info]   speed. MocoAverageSpeedGoal, enabled: true, mode: endpoint_constraint
[2025-05-29 14:27:32.573] [cout] [info]   symmetry. MocoPeriodicityGoal, enabled: true, mode: endpoint_constraint
[2025-05-29 14:27:32.573] [cout] [info]         state periodicity pairs:
[2025-05-29 14:27:32.573] [cout] [info]                 initial: /jointset/ground_pelvis/pelvis_tilt/value, final: /jointset/ground_pelvis/pelvis_tilt/value
[2025-05-29 14:27:32.573] [cout] [info]                 initial: /jointset/ground_pelvis/pelvis_tilt/speed, final: /jointset/ground_pelvis/pelvis_tilt/speed
[2025-05-29 14:27:32.573] [cout] [info]                 initial: /jointset/hip_r/hip_flexion_r/value, final: /jointset/hip_l/hip_flexion_l/value
[2025-05-29 14:27:32.573] [cout] [info]                 initial: /jointset/hip_r/hip_flexion_r/speed, final: /jointset/hip_l/hip_flexion_l/speed
[2025-05-29 14:27:32.573] [cout] [info]                 initial: /jointset/knee_r/knee_angle_r/value, final: /jointset/knee_l/knee_angle_l/value
[2025-05-29 14:27:32.573] [cout] [info]                 initial: /jointset/knee_r/knee_angle_r/speed, final: /jointset/knee_l/knee_angle_l/speed
[2025-05-29 14:27:32.573] [cout] [info]                 initial: /jointset/ankle_r/ankle_angle_r/value, final: /jointset/ankle_l/ankle_angle_l/value
[2025-05-29 14:27:32.573] [cout] [info]                 initial: /jointset/ankle_r/ankle_angle_r/speed, final: /jointset/ankle_l/ankle_angle_l/speed
[2025-05-29 14:27:32.573] [cout] [info]                 initial: /jointset/mtp_r/mtp_angle_r/value, final: /jointset/mtp_l/mtp_angle_l/value
[2025-05-29 14:27:32.573] [cout] [info]                 initial: /jointset/mtp_r/mtp_angle_r/speed, final: /jointset/mtp_l/mtp_angle_l/speed
[2025-05-29 14:27:32.573] [cout] [info]                 initial: /jointset/hip_l/hip_flexion_l/value, final: /jointset/hip_r/hip_flexion_r/value
[2025-05-29 14:27:32.573] [cout] [info]                 initial: /jointset/hip_l/hip_flexion_l/speed, final: /jointset/hip_r/hip_flexion_r/speed
[2025-05-29 14:27:32.573] [cout] [info]                 initial: /jointset/knee_l/knee_angle_l/value, final: /jointset/knee_r/knee_angle_r/value
[2025-05-29 14:27:32.573] [cout] [info]                 initial: /jointset/knee_l/knee_angle_l/speed, final: /jointset/knee_r/knee_angle_r/speed
[2025-05-29 14:27:32.573] [cout] [info]                 initial: /jointset/ankle_l/ankle_angle_l/value, final: /jointset/ankle_r/ankle_angle_r/value
[2025-05-29 14:27:32.573] [cout] [info]                 initial: /jointset/ankle_l/ankle_angle_l/speed, final: /jointset/ankle_r/ankle_angle_r/speed
[2025-05-29 14:27:32.573] [cout] [info]                 initial: /jointset/mtp_l/mtp_angle_l/value, final: /jointset/mtp_r/mtp_angle_r/value
[2025-05-29 14:27:32.573] [cout] [info]                 initial: /jointset/mtp_l/mtp_angle_l/speed, final: /jointset/mtp_r/mtp_angle_r/speed
[2025-05-29 14:27:32.573] [cout] [info]                 initial: /jointset/back/lumbar_ext/value, final: /jointset/back/lumbar_ext/value
[2025-05-29 14:27:32.573] [cout] [info]                 initial: /jointset/back/lumbar_ext/speed, final: /jointset/back/lumbar_ext/speed
[2025-05-29 14:27:32.573] [cout] [info]                 initial: /jointset/acromial_r/shoulder_flexion_r/value, final: /jointset/acromial_l/shoulder_flexion_l/value
[2025-05-29 14:27:32.573] [cout] [info]                 initial: /jointset/acromial_r/shoulder_flexion_r/speed, final: /jointset/acromial_l/shoulder_flexion_l/speed
[2025-05-29 14:27:32.573] [cout] [info]                 initial: /jointset/elbow_r/elbow_flexion_r/value, final: /jointset/elbow_l/elbow_flexion_l/value
[2025-05-29 14:27:32.573] [cout] [info]                 initial: /jointset/elbow_r/elbow_flexion_r/speed, final: /jointset/elbow_l/elbow_flexion_l/speed
[2025-05-29 14:27:32.573] [cout] [info]                 initial: /jointset/acromial_l/shoulder_flexion_l/value, final: /jointset/acromial_r/shoulder_flexion_r/value
[2025-05-29 14:27:32.573] [cout] [info]                 initial: /jointset/acromial_l/shoulder_flexion_l/speed, final: /jointset/acromial_r/shoulder_flexion_r/speed
[2025-05-29 14:27:32.573] [cout] [info]                 initial: /jointset/elbow_l/elbow_flexion_l/value, final: /jointset/elbow_r/elbow_flexion_r/value
[2025-05-29 14:27:32.573] [cout] [info]                 initial: /jointset/elbow_l/elbow_flexion_l/speed, final: /jointset/elbow_r/elbow_flexion_r/speed
[2025-05-29 14:27:32.573] [cout] [info]                 initial: /jointset/ground_pelvis/pelvis_ty/value, final: /jointset/ground_pelvis/pelvis_ty/value
[2025-05-29 14:27:32.573] [cout] [info]                 initial: /jointset/ground_pelvis/pelvis_ty/speed, final: /jointset/ground_pelvis/pelvis_ty/speed
[2025-05-29 14:27:32.573] [cout] [info]         control periodicity pairs:
[2025-05-29 14:27:32.573] [cout] [info] Kinematic constraints: none
[2025-05-29 14:27:32.573] [cout] [info] Path constraints: none
[2025-05-29 14:27:32.573] [cout] [info] States: (total: 54)
[2025-05-29 14:27:32.573] [cout] [info]   /forceset/rect_fem_r/activation. bounds: [0.01, 2]
[2025-05-29 14:27:32.574] [cout] [info]   /forceset/gastroc_r/normalized_tendon_force. bounds: [0, 1.5]
[2025-05-29 14:27:32.574] [cout] [info]   /forceset/soleus_r/normalized_tendon_force. bounds: [0, 1.5]
[2025-05-29 14:27:32.574] [cout] [info]   /forceset/rect_fem_l/activation. bounds: [0.01, 2]
[2025-05-29 14:27:32.574] [cout] [info]   /forceset/gastroc_l/normalized_tendon_force. bounds: [0, 1.5]
[2025-05-29 14:27:32.574] [cout] [info]   /forceset/soleus_l/normalized_tendon_force. bounds: [0, 1.5]
[2025-05-29 14:27:32.574] [cout] [info]   /forceset/hamstrings_r/activation. bounds: [0.01, 2]
[2025-05-29 14:27:32.574] [cout] [info]   /jointset/knee_l/knee_angle_l/value. bounds: [-2.0944, 0] initial: [-0.179552, 0.0685416]
[2025-05-29 14:27:32.574] [cout] [info]   /forceset/bifemsh_r/activation. bounds: [0.01, 2]
[2025-05-29 14:27:32.574] [cout] [info]   /forceset/glut_max_r/activation. bounds: [0.01, 2]
[2025-05-29 14:27:32.574] [cout] [info]   /forceset/iliopsoas_r/activation. bounds: [0.01, 2]
[2025-05-29 14:27:32.574] [cout] [info]   /forceset/gastroc_r/activation. bounds: [0.01, 2]
[2025-05-29 14:27:32.574] [cout] [info]   /forceset/vasti_r/activation. bounds: [0.01, 2]
[2025-05-29 14:27:32.574] [cout] [info]   /forceset/soleus_r/activation. bounds: [0.01, 2]
[2025-05-29 14:27:32.574] [cout] [info]   /jointset/mtp_r/mtp_angle_r/speed. bounds: [-50, 50]
[2025-05-29 14:27:32.574] [cout] [info]   /jointset/ground_pelvis/pelvis_tilt/speed. bounds: [-50, 50]
[2025-05-29 14:27:32.574] [cout] [info]   /forceset/dorsiflexors_r/activation. bounds: [0.01, 2]
[2025-05-29 14:27:32.574] [cout] [info]   /jointset/mtp_r/mtp_angle_r/value. bounds: [-0.436332, 1.309]
[2025-05-29 14:27:32.574] [cout] [info]   /jointset/ground_pelvis/pelvis_tilt/value. bounds: [-1.5708, 1.5708] initial: [0.208948, 0.241825]
[2025-05-29 14:27:32.574] [cout] [info]   /forceset/hamstrings_l/activation. bounds: [0.01, 2]
[2025-05-29 14:27:32.574] [cout] [info]   /forceset/bifemsh_l/activation. bounds: [0.01, 2]
[2025-05-29 14:27:32.574] [cout] [info]   /jointset/ground_pelvis/pelvis_tx/speed. bounds: [-50, 50]
[2025-05-29 14:27:32.574] [cout] [info]   /forceset/glut_max_l/activation. bounds: [0.01, 2]
[2025-05-29 14:27:32.574] [cout] [info]   /forceset/iliopsoas_l/activation. bounds: [0.01, 2]
[2025-05-29 14:27:32.574] [cout] [info]   /forceset/gastroc_l/activation. bounds: [0.01, 2]
[2025-05-29 14:27:32.574] [cout] [info]   /forceset/vasti_l/activation. bounds: [0.01, 2]
[2025-05-29 14:27:32.574] [cout] [info]   /forceset/soleus_l/activation. bounds: [0.01, 2]
[2025-05-29 14:27:32.574] [cout] [info]   /jointset/back/lumbar_ext/value. bounds: [-1.5708, 1.5708] initial: [-0.380067, -0.366463]
[2025-05-29 14:27:32.574] [cout] [info]   /jointset/mtp_l/mtp_angle_l/value. bounds: [-0.436332, 1.309]
[2025-05-29 14:27:32.574] [cout] [info]   /forceset/dorsiflexors_l/activation. bounds: [0.01, 2]
[2025-05-29 14:27:32.574] [cout] [info]   /jointset/ground_pelvis/pelvis_tx/value. bounds: [-5, 5] initial: [0.0519195, 0.299056]
[2025-05-29 14:27:32.574] [cout] [info]   /jointset/knee_r/knee_angle_r/speed. bounds: [-50, 50]
[2025-05-29 14:27:32.574] [cout] [info]   /jointset/elbow_l/elbow_flexion_l/value. bounds: [0, 2.618] initial: [0.272883, 0.43051]
[2025-05-29 14:27:32.574] [cout] [info]   /jointset/ankle_l/ankle_angle_l/value. bounds: [-1.0472, 1.0472] initial: [-0.101604, -0.0127849]
[2025-05-29 14:27:32.574] [cout] [info]   /jointset/ground_pelvis/pelvis_ty/value. bounds: [-1, 2] initial: [1.0265, 1.12926]
[2025-05-29 14:27:32.574] [cout] [info]   /jointset/ankle_r/ankle_angle_r/value. bounds: [-1.5708, 1.5708] initial: [-0.226351, -0.16268]
[2025-05-29 14:27:32.574] [cout] [info]   /jointset/hip_r/hip_flexion_r/value. bounds: [-2.0944, 2.0944] initial: [-0.279284, -0.134139]
[2025-05-29 14:27:32.574] [cout] [info]   /jointset/back/lumbar_ext/speed. bounds: [-50, 50]
[2025-05-29 14:27:32.574] [cout] [info]   /jointset/mtp_l/mtp_angle_l/speed. bounds: [-50, 50]
[2025-05-29 14:27:32.574] [cout] [info]   /jointset/knee_r/knee_angle_r/value. bounds: [-2.0944, 0] initial: [-1.1847, -0.752503]
[2025-05-29 14:27:32.574] [cout] [info]   /jointset/knee_l/knee_angle_l/speed. bounds: [-50, 50]
[2025-05-29 14:27:32.574] [cout] [info]   /jointset/hip_l/hip_flexion_l/value. bounds: [-2.0944, 2.0944] initial: [-0.167733, 0.00315562]
[2025-05-29 14:27:32.574] [cout] [info]   /jointset/acromial_r/shoulder_flexion_r/value. bounds: [-1.5708, 1.5708] initial: [0.0744976, 0.139325]
[2025-05-29 14:27:32.574] [cout] [info]   /jointset/elbow_r/elbow_flexion_r/value. bounds: [0, 2.618] initial: [0.375454, 0.427738]
[2025-05-29 14:27:32.574] [cout] [info]   /jointset/acromial_l/shoulder_flexion_l/value. bounds: [-1.5708, 1.5708] initial: [-0.141572, -0.0248661]
[2025-05-29 14:27:32.574] [cout] [info]   /jointset/elbow_l/elbow_flexion_l/speed. bounds: [-50, 50]
[2025-05-29 14:27:32.574] [cout] [info]   /jointset/ankle_l/ankle_angle_l/speed. bounds: [-50, 50]
[2025-05-29 14:27:32.574] [cout] [info]   /jointset/ground_pelvis/pelvis_ty/speed. bounds: [-50, 50]
[2025-05-29 14:27:32.574] [cout] [info]   /jointset/ankle_r/ankle_angle_r/speed. bounds: [-50, 50]
[2025-05-29 14:27:32.574] [cout] [info]   /jointset/hip_r/hip_flexion_r/speed. bounds: [-50, 50]
[2025-05-29 14:27:32.574] [cout] [info]   /jointset/hip_l/hip_flexion_l/speed. bounds: [-50, 50]
[2025-05-29 14:27:32.574] [cout] [info]   /jointset/acromial_r/shoulder_flexion_r/speed. bounds: [-50, 50]
[2025-05-29 14:27:32.574] [cout] [info]   /jointset/elbow_r/elbow_flexion_r/speed. bounds: [-50, 50]
[2025-05-29 14:27:32.574] [cout] [info]   /jointset/acromial_l/shoulder_flexion_l/speed. bounds: [-50, 50]
[2025-05-29 14:27:32.574] [cout] [info] Controls: (total: 23)
[2025-05-29 14:27:32.574] [cout] [info]   /forceset/hamstrings_r. bounds: [0.01, 1]
[2025-05-29 14:27:32.574] [cout] [info]   /forceset/bifemsh_r. bounds: [0.01, 1]
[2025-05-29 14:27:32.574] [cout] [info]   /forceset/glut_max_r. bounds: [0.01, 1]
[2025-05-29 14:27:32.574] [cout] [info]   /forceset/iliopsoas_r. bounds: [0.01, 1]
[2025-05-29 14:27:32.574] [cout] [info]   /forceset/rect_fem_r. bounds: [0.01, 1]
[2025-05-29 14:27:32.574] [cout] [info]   /forceset/gastroc_r. bounds: [0.01, 1]
[2025-05-29 14:27:32.574] [cout] [info]   /forceset/vasti_r. bounds: [0.01, 1]
[2025-05-29 14:27:32.574] [cout] [info]   /forceset/soleus_r. bounds: [0.01, 1]
[2025-05-29 14:27:32.574] [cout] [info]   /forceset/dorsiflexors_r. bounds: [0.01, 1]
[2025-05-29 14:27:32.574] [cout] [info]   /forceset/hamstrings_l. bounds: [0.01, 1]
[2025-05-29 14:27:32.574] [cout] [info]   /forceset/elbow_flexion_l_torque. bounds: [-inf, inf]
[2025-05-29 14:27:32.574] [cout] [info]   /forceset/bifemsh_l. bounds: [0.01, 1]
[2025-05-29 14:27:32.574] [cout] [info]   /forceset/glut_max_l. bounds: [0.01, 1]
[2025-05-29 14:27:32.574] [cout] [info]   /forceset/lumbar_ext_torque. bounds: [-inf, inf]
[2025-05-29 14:27:32.574] [cout] [info]   /forceset/iliopsoas_l. bounds: [0.01, 1]
[2025-05-29 14:27:32.575] [cout] [info]   /forceset/rect_fem_l. bounds: [0.01, 1]
[2025-05-29 14:27:32.575] [cout] [info]   /forceset/gastroc_l. bounds: [0.01, 1]
[2025-05-29 14:27:32.575] [cout] [info]   /forceset/vasti_l. bounds: [0.01, 1]
[2025-05-29 14:27:32.575] [cout] [info]   /forceset/soleus_l. bounds: [0.01, 1]
[2025-05-29 14:27:32.575] [cout] [info]   /forceset/dorsiflexors_l. bounds: [0.01, 1]
[2025-05-29 14:27:32.575] [cout] [info]   /forceset/shoulder_flexion_r_torque. bounds: [-inf, inf]
[2025-05-29 14:27:32.575] [cout] [info]   /forceset/elbow_flexion_r_torque. bounds: [-inf, inf]
[2025-05-29 14:27:32.575] [cout] [info]   /forceset/shoulder_flexion_l_torque. bounds: [-inf, inf]
[2025-05-29 14:27:32.575] [cout] [info] Parameters: none
[2025-05-29 14:27:33.338] [info] Number of threads: 8
[2025-05-29 14:31:35.371] [info] Set log level to Info.
[2025-05-29 14:31:35.372] [info] ------------------------------------------------------------------------
[2025-05-29 14:31:35.372] [info] Elapsed real time: 243 second(s) (4 minute(s), 3 second(s)).
[2025-05-29 14:31:35.372] [info] Thu May 29 14:31:35 2025
[2025-05-29 14:31:35.372] [warning] MocoCasADiSolver did NOT succeed:
[2025-05-29 14:31:35.372] [warning]   User_Requested_Stop
[2025-05-29 14:31:35.372] [info] ========================================================================
[2025-05-29 14:32:20.899] [cout] [info] Exiting visualization.
[2025-05-29 14:32:41.018] [info] Loaded model 2014014_2d from file 2014014_C4_04_initial-model_2d.osim
[2025-05-29 14:33:40.473] [info] ========================================================================
[2025-05-29 14:33:40.473] [info] MocoCasADiSolver starting.
[2025-05-29 14:33:40.474] [info] Thu May 29 14:33:40 2025
[2025-05-29 14:33:40.474] [info] ------------------------------------------------------------------------
[2025-05-29 14:33:40.474] [cout] [info] Costs: (total: 3)
[2025-05-29 14:33:40.474] [cout] [info]   state_tracking. MocoStateTrackingGoal, enabled: true, mode: cost, weight: 1.0
[2025-05-29 14:33:40.474] [cout] [info]         state: /jointset/ground_pelvis/pelvis_tilt/value, weight: 12.1664
[2025-05-29 14:33:40.474] [cout] [info]         state: /jointset/ground_pelvis/pelvis_tx/value, weight: 0.0
[2025-05-29 14:33:40.474] [cout] [info]         state: /jointset/ground_pelvis/pelvis_ty/value, weight: 36.2107
[2025-05-29 14:33:40.474] [cout] [info]         state: /jointset/hip_r/hip_flexion_r/value, weight: 2.75586
[2025-05-29 14:33:40.474] [cout] [info]         state: /jointset/hip_l/hip_flexion_l/value, weight: 2.34071
[2025-05-29 14:33:40.474] [cout] [info]         state: /jointset/back/lumbar_ext/value, weight: 29.4037
[2025-05-29 14:33:40.474] [cout] [info]         state: /jointset/knee_r/knee_angle_r/value, weight: 0.925501
[2025-05-29 14:33:40.474] [cout] [info]         state: /jointset/knee_l/knee_angle_l/value, weight: 1.61229
[2025-05-29 14:33:40.474] [cout] [info]         state: /jointset/acromial_r/shoulder_flexion_r/value, weight: 6.17021
[2025-05-29 14:33:40.474] [cout] [info]         state: /jointset/acromial_l/shoulder_flexion_l/value, weight: 3.42741
[2025-05-29 14:33:40.474] [cout] [info]         state: /jointset/ankle_r/ankle_angle_r/value, weight: 6.2823
[2025-05-29 14:33:40.474] [cout] [info]         state: /jointset/ankle_l/ankle_angle_l/value, weight: 4.50354
[2025-05-29 14:33:40.474] [cout] [info]         state: /jointset/elbow_r/elbow_flexion_r/value, weight: 7.65053
[2025-05-29 14:33:40.474] [cout] [info]         state: /jointset/elbow_l/elbow_flexion_l/value, weight: 2.53764
[2025-05-29 14:33:40.474] [cout] [info]         state: /jointset/ground_pelvis/pelvis_tilt/speed, weight: 0.930004
[2025-05-29 14:33:40.474] [cout] [info]         state: /jointset/ground_pelvis/pelvis_tx/speed, weight: 0.0
[2025-05-29 14:33:40.474] [cout] [info]         state: /jointset/ground_pelvis/pelvis_ty/speed, weight: 2.72873
[2025-05-29 14:33:40.474] [cout] [info]         state: /jointset/hip_r/hip_flexion_r/speed, weight: 0.25556
[2025-05-29 14:33:40.474] [cout] [info]         state: /jointset/hip_l/hip_flexion_l/speed, weight: 0.339587
[2025-05-29 14:33:40.474] [cout] [info]         state: /jointset/back/lumbar_ext/speed, weight: 1.50353
[2025-05-29 14:33:40.474] [cout] [info]         state: /jointset/knee_r/knee_angle_r/speed, weight: 0.122041
[2025-05-29 14:33:40.474] [cout] [info]         state: /jointset/knee_l/knee_angle_l/speed, weight: 0.221248
[2025-05-29 14:33:40.474] [cout] [info]         state: /jointset/acromial_r/shoulder_flexion_r/speed, weight: 0.771884
[2025-05-29 14:33:40.474] [cout] [info]         state: /jointset/acromial_l/shoulder_flexion_l/speed, weight: 0.32994
[2025-05-29 14:33:40.474] [cout] [info]         state: /jointset/ankle_r/ankle_angle_r/speed, weight: 0.619564
[2025-05-29 14:33:40.474] [cout] [info]         state: /jointset/ankle_l/ankle_angle_l/speed, weight: 0.480794
[2025-05-29 14:33:40.474] [cout] [info]         state: /jointset/elbow_r/elbow_flexion_r/speed, weight: 1.70026
[2025-05-29 14:33:40.474] [cout] [info]         state: /jointset/elbow_l/elbow_flexion_l/speed, weight: 0.474488
[2025-05-29 14:33:40.474] [cout] [info]         state: /jointset/mtp_r/mtp_angle_r/value, weight: 0.0
[2025-05-29 14:33:40.474] [cout] [info]         state: /jointset/mtp_r/mtp_angle_r/speed, weight: 0.0
[2025-05-29 14:33:40.474] [cout] [info]         state: /jointset/mtp_l/mtp_angle_l/value, weight: 0.0
[2025-05-29 14:33:40.474] [cout] [info]         state: /jointset/mtp_l/mtp_angle_l/speed, weight: 0.0
[2025-05-29 14:33:40.474] [cout] [info]   control_effort. MocoControlGoal, enabled: true, mode: cost, weight: 10.0
[2025-05-29 14:33:40.474] [cout] [info]         control: /forceset/hamstrings_r, weight: 1.0
[2025-05-29 14:33:40.474] [cout] [info]         control: /forceset/bifemsh_r, weight: 1.0
[2025-05-29 14:33:40.474] [cout] [info]         control: /forceset/glut_max_r, weight: 1.0
[2025-05-29 14:33:40.474] [cout] [info]         control: /forceset/iliopsoas_r, weight: 1.0
[2025-05-29 14:33:40.474] [cout] [info]         control: /forceset/rect_fem_r, weight: 1.0
[2025-05-29 14:33:40.474] [cout] [info]         control: /forceset/vasti_r, weight: 1.0
[2025-05-29 14:33:40.474] [cout] [info]         control: /forceset/gastroc_r, weight: 1.0
[2025-05-29 14:33:40.474] [cout] [info]         control: /forceset/soleus_r, weight: 1.0
[2025-05-29 14:33:40.474] [cout] [info]         control: /forceset/dorsiflexors_r, weight: 1.0
[2025-05-29 14:33:40.474] [cout] [info]         control: /forceset/hamstrings_l, weight: 1.0
[2025-05-29 14:33:40.474] [cout] [info]         control: /forceset/bifemsh_l, weight: 1.0
[2025-05-29 14:33:40.474] [cout] [info]         control: /forceset/glut_max_l, weight: 1.0
[2025-05-29 14:33:40.474] [cout] [info]         control: /forceset/iliopsoas_l, weight: 1.0
[2025-05-29 14:33:40.474] [cout] [info]         control: /forceset/rect_fem_l, weight: 1.0
[2025-05-29 14:33:40.474] [cout] [info]         control: /forceset/vasti_l, weight: 1.0
[2025-05-29 14:33:40.474] [cout] [info]         control: /forceset/gastroc_l, weight: 1.0
[2025-05-29 14:33:40.474] [cout] [info]         control: /forceset/soleus_l, weight: 1.0
[2025-05-29 14:33:40.474] [cout] [info]         control: /forceset/dorsiflexors_l, weight: 1.0
[2025-05-29 14:33:40.474] [cout] [info]         control: /forceset/lumbar_ext_torque, weight: 1.0
[2025-05-29 14:33:40.474] [cout] [info]         control: /forceset/shoulder_flexion_r_torque, weight: 1.0
[2025-05-29 14:33:40.474] [cout] [info]         control: /forceset/elbow_flexion_r_torque, weight: 1.0
[2025-05-29 14:33:40.474] [cout] [info]         control: /forceset/shoulder_flexion_l_torque, weight: 1.0
[2025-05-29 14:33:40.474] [cout] [info]         control: /forceset/elbow_flexion_l_torque, weight: 1.0
[2025-05-29 14:33:40.474] [cout] [info]   contact. MocoContactTrackingGoal, enabled: true, mode: cost, weight: 0.5
[2025-05-29 14:33:40.474] [cout] [info]         projection type: plane
[2025-05-29 14:33:40.474] [cout] [info]         projection vector: ~[0,0,1]
[2025-05-29 14:33:40.474] [cout] [info]         group 0: ExternalForce: grf1
[2025-05-29 14:33:40.474] [cout] [info]             forces:
[2025-05-29 14:33:40.474] [cout] [info]                 /forceset/Contact_Foot_Ground_L1
[2025-05-29 14:33:40.474] [cout] [info]                 /forceset/Contact_Foot_Ground_L2
[2025-05-29 14:33:40.474] [cout] [info]                 /forceset/Contact_Foot_Ground_L3
[2025-05-29 14:33:40.474] [cout] [info]                 /forceset/Contact_Foot_Ground_L4
[2025-05-29 14:33:40.474] [cout] [info]                 /forceset/Contact_Foot_Ground_L5
[2025-05-29 14:33:40.474] [cout] [info]                 /forceset/Contact_Foot_Ground_L6
[2025-05-29 14:33:40.474] [cout] [info]                 /forceset/Contact_Foot_Ground_L7
[2025-05-29 14:33:40.474] [cout] [info]                 /forceset/Contact_Foot_Ground_L8
[2025-05-29 14:33:40.474] [cout] [info]         group 1: ExternalForce: grf2
[2025-05-29 14:33:40.474] [cout] [info]             forces:
[2025-05-29 14:33:40.474] [cout] [info]                 /forceset/Contact_Foot_Ground_R1
[2025-05-29 14:33:40.474] [cout] [info]                 /forceset/Contact_Foot_Ground_R2
[2025-05-29 14:33:40.474] [cout] [info]                 /forceset/Contact_Foot_Ground_R3
[2025-05-29 14:33:40.474] [cout] [info]                 /forceset/Contact_Foot_Ground_R4
[2025-05-29 14:33:40.474] [cout] [info]                 /forceset/Contact_Foot_Ground_R5
[2025-05-29 14:33:40.474] [cout] [info]                 /forceset/Contact_Foot_Ground_R6
[2025-05-29 14:33:40.474] [cout] [info]                 /forceset/Contact_Foot_Ground_R7
[2025-05-29 14:33:40.474] [cout] [info]                 /forceset/Contact_Foot_Ground_R8
[2025-05-29 14:33:40.474] [cout] [info] Endpoint constraints: (total: 3)
[2025-05-29 14:33:40.474] [cout] [info]   initial_activation. MocoInitialActivationGoal, enabled: true, mode: endpoint_constraint
[2025-05-29 14:33:40.474] [cout] [info]   speed. MocoAverageSpeedGoal, enabled: true, mode: endpoint_constraint
[2025-05-29 14:33:40.474] [cout] [info]   symmetry. MocoPeriodicityGoal, enabled: true, mode: endpoint_constraint
[2025-05-29 14:33:40.474] [cout] [info]         state periodicity pairs:
[2025-05-29 14:33:40.474] [cout] [info]                 initial: /jointset/ground_pelvis/pelvis_tilt/value, final: /jointset/ground_pelvis/pelvis_tilt/value
[2025-05-29 14:33:40.474] [cout] [info]                 initial: /jointset/ground_pelvis/pelvis_tilt/speed, final: /jointset/ground_pelvis/pelvis_tilt/speed
[2025-05-29 14:33:40.474] [cout] [info]                 initial: /jointset/hip_r/hip_flexion_r/value, final: /jointset/hip_l/hip_flexion_l/value
[2025-05-29 14:33:40.474] [cout] [info]                 initial: /jointset/hip_r/hip_flexion_r/speed, final: /jointset/hip_l/hip_flexion_l/speed
[2025-05-29 14:33:40.474] [cout] [info]                 initial: /jointset/knee_r/knee_angle_r/value, final: /jointset/knee_l/knee_angle_l/value
[2025-05-29 14:33:40.474] [cout] [info]                 initial: /jointset/knee_r/knee_angle_r/speed, final: /jointset/knee_l/knee_angle_l/speed
[2025-05-29 14:33:40.474] [cout] [info]                 initial: /jointset/ankle_r/ankle_angle_r/value, final: /jointset/ankle_l/ankle_angle_l/value
[2025-05-29 14:33:40.474] [cout] [info]                 initial: /jointset/ankle_r/ankle_angle_r/speed, final: /jointset/ankle_l/ankle_angle_l/speed
[2025-05-29 14:33:40.474] [cout] [info]                 initial: /jointset/mtp_r/mtp_angle_r/value, final: /jointset/mtp_l/mtp_angle_l/value
[2025-05-29 14:33:40.474] [cout] [info]                 initial: /jointset/mtp_r/mtp_angle_r/speed, final: /jointset/mtp_l/mtp_angle_l/speed
[2025-05-29 14:33:40.474] [cout] [info]                 initial: /jointset/hip_l/hip_flexion_l/value, final: /jointset/hip_r/hip_flexion_r/value
[2025-05-29 14:33:40.474] [cout] [info]                 initial: /jointset/hip_l/hip_flexion_l/speed, final: /jointset/hip_r/hip_flexion_r/speed
[2025-05-29 14:33:40.474] [cout] [info]                 initial: /jointset/knee_l/knee_angle_l/value, final: /jointset/knee_r/knee_angle_r/value
[2025-05-29 14:33:40.474] [cout] [info]                 initial: /jointset/knee_l/knee_angle_l/speed, final: /jointset/knee_r/knee_angle_r/speed
[2025-05-29 14:33:40.474] [cout] [info]                 initial: /jointset/ankle_l/ankle_angle_l/value, final: /jointset/ankle_r/ankle_angle_r/value
[2025-05-29 14:33:40.474] [cout] [info]                 initial: /jointset/ankle_l/ankle_angle_l/speed, final: /jointset/ankle_r/ankle_angle_r/speed
[2025-05-29 14:33:40.474] [cout] [info]                 initial: /jointset/mtp_l/mtp_angle_l/value, final: /jointset/mtp_r/mtp_angle_r/value
[2025-05-29 14:33:40.474] [cout] [info]                 initial: /jointset/mtp_l/mtp_angle_l/speed, final: /jointset/mtp_r/mtp_angle_r/speed
[2025-05-29 14:33:40.474] [cout] [info]                 initial: /jointset/back/lumbar_ext/value, final: /jointset/back/lumbar_ext/value
[2025-05-29 14:33:40.474] [cout] [info]                 initial: /jointset/back/lumbar_ext/speed, final: /jointset/back/lumbar_ext/speed
[2025-05-29 14:33:40.474] [cout] [info]                 initial: /jointset/acromial_r/shoulder_flexion_r/value, final: /jointset/acromial_l/shoulder_flexion_l/value
[2025-05-29 14:33:40.474] [cout] [info]                 initial: /jointset/acromial_r/shoulder_flexion_r/speed, final: /jointset/acromial_l/shoulder_flexion_l/speed
[2025-05-29 14:33:40.474] [cout] [info]                 initial: /jointset/elbow_r/elbow_flexion_r/value, final: /jointset/elbow_l/elbow_flexion_l/value
[2025-05-29 14:33:40.474] [cout] [info]                 initial: /jointset/elbow_r/elbow_flexion_r/speed, final: /jointset/elbow_l/elbow_flexion_l/speed
[2025-05-29 14:33:40.474] [cout] [info]                 initial: /jointset/acromial_l/shoulder_flexion_l/value, final: /jointset/acromial_r/shoulder_flexion_r/value
[2025-05-29 14:33:40.474] [cout] [info]                 initial: /jointset/acromial_l/shoulder_flexion_l/speed, final: /jointset/acromial_r/shoulder_flexion_r/speed
[2025-05-29 14:33:40.474] [cout] [info]                 initial: /jointset/elbow_l/elbow_flexion_l/value, final: /jointset/elbow_r/elbow_flexion_r/value
[2025-05-29 14:33:40.474] [cout] [info]                 initial: /jointset/elbow_l/elbow_flexion_l/speed, final: /jointset/elbow_r/elbow_flexion_r/speed
[2025-05-29 14:33:40.474] [cout] [info]                 initial: /jointset/ground_pelvis/pelvis_ty/value, final: /jointset/ground_pelvis/pelvis_ty/value
[2025-05-29 14:33:40.474] [cout] [info]                 initial: /jointset/ground_pelvis/pelvis_ty/speed, final: /jointset/ground_pelvis/pelvis_ty/speed
[2025-05-29 14:33:40.474] [cout] [info]         control periodicity pairs:
[2025-05-29 14:33:40.474] [cout] [info] Kinematic constraints: none
[2025-05-29 14:33:40.474] [cout] [info] Path constraints: none
[2025-05-29 14:33:40.474] [cout] [info] States: (total: 54)
[2025-05-29 14:33:40.474] [cout] [info]   /forceset/rect_fem_r/activation. bounds: [0.01, 2]
[2025-05-29 14:33:40.474] [cout] [info]   /forceset/gastroc_r/normalized_tendon_force. bounds: [0, 1.5]
[2025-05-29 14:33:40.474] [cout] [info]   /forceset/soleus_r/normalized_tendon_force. bounds: [0, 1.5]
[2025-05-29 14:33:40.474] [cout] [info]   /forceset/rect_fem_l/activation. bounds: [0.01, 2]
[2025-05-29 14:33:40.474] [cout] [info]   /forceset/gastroc_l/normalized_tendon_force. bounds: [0, 1.5]
[2025-05-29 14:33:40.474] [cout] [info]   /forceset/soleus_l/normalized_tendon_force. bounds: [0, 1.5]
[2025-05-29 14:33:40.475] [cout] [info]   /forceset/hamstrings_r/activation. bounds: [0.01, 2]
[2025-05-29 14:33:40.475] [cout] [info]   /jointset/knee_l/knee_angle_l/value. bounds: [-2.0944, 0] initial: [-0.179552, 0.0685416]
[2025-05-29 14:33:40.475] [cout] [info]   /forceset/bifemsh_r/activation. bounds: [0.01, 2]
[2025-05-29 14:33:40.475] [cout] [info]   /forceset/glut_max_r/activation. bounds: [0.01, 2]
[2025-05-29 14:33:40.475] [cout] [info]   /forceset/iliopsoas_r/activation. bounds: [0.01, 2]
[2025-05-29 14:33:40.475] [cout] [info]   /forceset/gastroc_r/activation. bounds: [0.01, 2]
[2025-05-29 14:33:40.475] [cout] [info]   /forceset/vasti_r/activation. bounds: [0.01, 2]
[2025-05-29 14:33:40.475] [cout] [info]   /forceset/soleus_r/activation. bounds: [0.01, 2]
[2025-05-29 14:33:40.475] [cout] [info]   /jointset/mtp_r/mtp_angle_r/speed. bounds: [-50, 50]
[2025-05-29 14:33:40.475] [cout] [info]   /jointset/ground_pelvis/pelvis_tilt/speed. bounds: [-50, 50]
[2025-05-29 14:33:40.475] [cout] [info]   /forceset/dorsiflexors_r/activation. bounds: [0.01, 2]
[2025-05-29 14:33:40.475] [cout] [info]   /jointset/mtp_r/mtp_angle_r/value. bounds: [-0.436332, 1.309]
[2025-05-29 14:33:40.475] [cout] [info]   /jointset/ground_pelvis/pelvis_tilt/value. bounds: [-1.5708, 1.5708] initial: [0.208948, 0.241825]
[2025-05-29 14:33:40.475] [cout] [info]   /forceset/hamstrings_l/activation. bounds: [0.01, 2]
[2025-05-29 14:33:40.475] [cout] [info]   /forceset/bifemsh_l/activation. bounds: [0.01, 2]
[2025-05-29 14:33:40.475] [cout] [info]   /jointset/ground_pelvis/pelvis_tx/speed. bounds: [-50, 50]
[2025-05-29 14:33:40.475] [cout] [info]   /forceset/glut_max_l/activation. bounds: [0.01, 2]
[2025-05-29 14:33:40.475] [cout] [info]   /forceset/iliopsoas_l/activation. bounds: [0.01, 2]
[2025-05-29 14:33:40.475] [cout] [info]   /forceset/gastroc_l/activation. bounds: [0.01, 2]
[2025-05-29 14:33:40.475] [cout] [info]   /forceset/vasti_l/activation. bounds: [0.01, 2]
[2025-05-29 14:33:40.475] [cout] [info]   /forceset/soleus_l/activation. bounds: [0.01, 2]
[2025-05-29 14:33:40.475] [cout] [info]   /jointset/back/lumbar_ext/value. bounds: [-1.5708, 1.5708] initial: [-0.380067, -0.366463]
[2025-05-29 14:33:40.475] [cout] [info]   /jointset/mtp_l/mtp_angle_l/value. bounds: [-0.436332, 1.309]
[2025-05-29 14:33:40.475] [cout] [info]   /forceset/dorsiflexors_l/activation. bounds: [0.01, 2]
[2025-05-29 14:33:40.475] [cout] [info]   /jointset/ground_pelvis/pelvis_tx/value. bounds: [-5, 5] initial: [0.0519195, 0.299056]
[2025-05-29 14:33:40.475] [cout] [info]   /jointset/knee_r/knee_angle_r/speed. bounds: [-50, 50]
[2025-05-29 14:33:40.475] [cout] [info]   /jointset/elbow_l/elbow_flexion_l/value. bounds: [0, 2.618] initial: [0.272883, 0.43051]
[2025-05-29 14:33:40.475] [cout] [info]   /jointset/ankle_l/ankle_angle_l/value. bounds: [-1.0472, 1.0472] initial: [-0.101604, -0.0127849]
[2025-05-29 14:33:40.475] [cout] [info]   /jointset/ground_pelvis/pelvis_ty/value. bounds: [-1, 2] initial: [1.0265, 1.12926]
[2025-05-29 14:33:40.475] [cout] [info]   /jointset/ankle_r/ankle_angle_r/value. bounds: [-1.5708, 1.5708] initial: [-0.226351, -0.16268]
[2025-05-29 14:33:40.475] [cout] [info]   /jointset/hip_r/hip_flexion_r/value. bounds: [-2.0944, 2.0944] initial: [-0.279284, -0.134139]
[2025-05-29 14:33:40.475] [cout] [info]   /jointset/back/lumbar_ext/speed. bounds: [-50, 50]
[2025-05-29 14:33:40.475] [cout] [info]   /jointset/mtp_l/mtp_angle_l/speed. bounds: [-50, 50]
[2025-05-29 14:33:40.475] [cout] [info]   /jointset/knee_r/knee_angle_r/value. bounds: [-2.0944, 0] initial: [-1.1847, -0.752503]
[2025-05-29 14:33:40.475] [cout] [info]   /jointset/knee_l/knee_angle_l/speed. bounds: [-50, 50]
[2025-05-29 14:33:40.475] [cout] [info]   /jointset/hip_l/hip_flexion_l/value. bounds: [-2.0944, 2.0944] initial: [-0.167733, 0.00315562]
[2025-05-29 14:33:40.475] [cout] [info]   /jointset/acromial_r/shoulder_flexion_r/value. bounds: [-1.5708, 1.5708] initial: [0.0744976, 0.139325]
[2025-05-29 14:33:40.475] [cout] [info]   /jointset/elbow_r/elbow_flexion_r/value. bounds: [0, 2.618] initial: [0.375454, 0.427738]
[2025-05-29 14:33:40.475] [cout] [info]   /jointset/acromial_l/shoulder_flexion_l/value. bounds: [-1.5708, 1.5708] initial: [-0.141572, -0.0248661]
[2025-05-29 14:33:40.475] [cout] [info]   /jointset/elbow_l/elbow_flexion_l/speed. bounds: [-50, 50]
[2025-05-29 14:33:40.475] [cout] [info]   /jointset/ankle_l/ankle_angle_l/speed. bounds: [-50, 50]
[2025-05-29 14:33:40.475] [cout] [info]   /jointset/ground_pelvis/pelvis_ty/speed. bounds: [-50, 50]
[2025-05-29 14:33:40.475] [cout] [info]   /jointset/ankle_r/ankle_angle_r/speed. bounds: [-50, 50]
[2025-05-29 14:33:40.475] [cout] [info]   /jointset/hip_r/hip_flexion_r/speed. bounds: [-50, 50]
[2025-05-29 14:33:40.475] [cout] [info]   /jointset/hip_l/hip_flexion_l/speed. bounds: [-50, 50]
[2025-05-29 14:33:40.475] [cout] [info]   /jointset/acromial_r/shoulder_flexion_r/speed. bounds: [-50, 50]
[2025-05-29 14:33:40.475] [cout] [info]   /jointset/elbow_r/elbow_flexion_r/speed. bounds: [-50, 50]
[2025-05-29 14:33:40.475] [cout] [info]   /jointset/acromial_l/shoulder_flexion_l/speed. bounds: [-50, 50]
[2025-05-29 14:33:40.475] [cout] [info] Controls: (total: 23)
[2025-05-29 14:33:40.475] [cout] [info]   /forceset/hamstrings_r. bounds: [0.01, 1]
[2025-05-29 14:33:40.475] [cout] [info]   /forceset/bifemsh_r. bounds: [0.01, 1]
[2025-05-29 14:33:40.475] [cout] [info]   /forceset/glut_max_r. bounds: [0.01, 1]
[2025-05-29 14:33:40.475] [cout] [info]   /forceset/iliopsoas_r. bounds: [0.01, 1]
[2025-05-29 14:33:40.475] [cout] [info]   /forceset/rect_fem_r. bounds: [0.01, 1]
[2025-05-29 14:33:40.475] [cout] [info]   /forceset/gastroc_r. bounds: [0.01, 1]
[2025-05-29 14:33:40.475] [cout] [info]   /forceset/vasti_r. bounds: [0.01, 1]
[2025-05-29 14:33:40.475] [cout] [info]   /forceset/soleus_r. bounds: [0.01, 1]
[2025-05-29 14:33:40.475] [cout] [info]   /forceset/dorsiflexors_r. bounds: [0.01, 1]
[2025-05-29 14:33:40.475] [cout] [info]   /forceset/hamstrings_l. bounds: [0.01, 1]
[2025-05-29 14:33:40.475] [cout] [info]   /forceset/elbow_flexion_l_torque. bounds: [-inf, inf]
[2025-05-29 14:33:40.475] [cout] [info]   /forceset/bifemsh_l. bounds: [0.01, 1]
[2025-05-29 14:33:40.475] [cout] [info]   /forceset/glut_max_l. bounds: [0.01, 1]
[2025-05-29 14:33:40.475] [cout] [info]   /forceset/lumbar_ext_torque. bounds: [-inf, inf]
[2025-05-29 14:33:40.475] [cout] [info]   /forceset/iliopsoas_l. bounds: [0.01, 1]
[2025-05-29 14:33:40.475] [cout] [info]   /forceset/rect_fem_l. bounds: [0.01, 1]
[2025-05-29 14:33:40.475] [cout] [info]   /forceset/gastroc_l. bounds: [0.01, 1]
[2025-05-29 14:33:40.475] [cout] [info]   /forceset/vasti_l. bounds: [0.01, 1]
[2025-05-29 14:33:40.475] [cout] [info]   /forceset/soleus_l. bounds: [0.01, 1]
[2025-05-29 14:33:40.475] [cout] [info]   /forceset/dorsiflexors_l. bounds: [0.01, 1]
[2025-05-29 14:33:40.475] [cout] [info]   /forceset/shoulder_flexion_r_torque. bounds: [-inf, inf]
[2025-05-29 14:33:40.475] [cout] [info]   /forceset/elbow_flexion_r_torque. bounds: [-inf, inf]
[2025-05-29 14:33:40.475] [cout] [info]   /forceset/shoulder_flexion_l_torque. bounds: [-inf, inf]
[2025-05-29 14:33:40.475] [cout] [info] Parameters: none
[2025-05-29 14:33:41.280] [info] Number of threads: 8
[2025-05-29 14:36:31.119] [info] Set log level to Info.
[2025-05-29 14:36:31.120] [info] ------------------------------------------------------------------------
[2025-05-29 14:36:31.120] [info] Elapsed real time: 171 second(s) (2 minute(s), 51 second(s)).
[2025-05-29 14:36:31.120] [info] Thu May 29 14:36:31 2025
[2025-05-29 14:36:31.121] [warning] MocoCasADiSolver did NOT succeed:
[2025-05-29 14:36:31.121] [warning]   User_Requested_Stop
[2025-05-29 14:36:31.121] [info] ========================================================================
[2025-05-29 14:36:47.777] [cout] [info] Exiting visualization.
[2025-05-29 14:37:02.487] [info] Loaded model 2014014_2d from file 2014014_C4_04_initial-model_2d.osim
[2025-05-29 14:37:59.612] [info] ========================================================================
[2025-05-29 14:37:59.612] [info] MocoCasADiSolver starting.
[2025-05-29 14:37:59.612] [info] Thu May 29 14:37:59 2025
[2025-05-29 14:37:59.612] [info] ------------------------------------------------------------------------
[2025-05-29 14:37:59.612] [cout] [info] Costs: (total: 3)
[2025-05-29 14:37:59.612] [cout] [info]   state_tracking. MocoStateTrackingGoal, enabled: true, mode: cost, weight: 1.0
[2025-05-29 14:37:59.612] [cout] [info]         state: /jointset/ground_pelvis/pelvis_tilt/value, weight: 12.1664
[2025-05-29 14:37:59.612] [cout] [info]         state: /jointset/ground_pelvis/pelvis_tx/value, weight: 0.0
[2025-05-29 14:37:59.612] [cout] [info]         state: /jointset/ground_pelvis/pelvis_ty/value, weight: 36.2107
[2025-05-29 14:37:59.612] [cout] [info]         state: /jointset/hip_r/hip_flexion_r/value, weight: 2.75586
[2025-05-29 14:37:59.612] [cout] [info]         state: /jointset/hip_l/hip_flexion_l/value, weight: 2.34071
[2025-05-29 14:37:59.612] [cout] [info]         state: /jointset/back/lumbar_ext/value, weight: 29.4037
[2025-05-29 14:37:59.612] [cout] [info]         state: /jointset/knee_r/knee_angle_r/value, weight: 0.925501
[2025-05-29 14:37:59.612] [cout] [info]         state: /jointset/knee_l/knee_angle_l/value, weight: 1.61229
[2025-05-29 14:37:59.612] [cout] [info]         state: /jointset/acromial_r/shoulder_flexion_r/value, weight: 6.17021
[2025-05-29 14:37:59.612] [cout] [info]         state: /jointset/acromial_l/shoulder_flexion_l/value, weight: 3.42741
[2025-05-29 14:37:59.612] [cout] [info]         state: /jointset/ankle_r/ankle_angle_r/value, weight: 6.2823
[2025-05-29 14:37:59.612] [cout] [info]         state: /jointset/ankle_l/ankle_angle_l/value, weight: 4.50354
[2025-05-29 14:37:59.612] [cout] [info]         state: /jointset/elbow_r/elbow_flexion_r/value, weight: 7.65053
[2025-05-29 14:37:59.612] [cout] [info]         state: /jointset/elbow_l/elbow_flexion_l/value, weight: 2.53764
[2025-05-29 14:37:59.612] [cout] [info]         state: /jointset/ground_pelvis/pelvis_tilt/speed, weight: 0.930004
[2025-05-29 14:37:59.612] [cout] [info]         state: /jointset/ground_pelvis/pelvis_tx/speed, weight: 0.0
[2025-05-29 14:37:59.612] [cout] [info]         state: /jointset/ground_pelvis/pelvis_ty/speed, weight: 2.72873
[2025-05-29 14:37:59.612] [cout] [info]         state: /jointset/hip_r/hip_flexion_r/speed, weight: 0.25556
[2025-05-29 14:37:59.612] [cout] [info]         state: /jointset/hip_l/hip_flexion_l/speed, weight: 0.339587
[2025-05-29 14:37:59.612] [cout] [info]         state: /jointset/back/lumbar_ext/speed, weight: 1.50353
[2025-05-29 14:37:59.612] [cout] [info]         state: /jointset/knee_r/knee_angle_r/speed, weight: 0.122041
[2025-05-29 14:37:59.612] [cout] [info]         state: /jointset/knee_l/knee_angle_l/speed, weight: 0.221248
[2025-05-29 14:37:59.612] [cout] [info]         state: /jointset/acromial_r/shoulder_flexion_r/speed, weight: 0.771884
[2025-05-29 14:37:59.612] [cout] [info]         state: /jointset/acromial_l/shoulder_flexion_l/speed, weight: 0.32994
[2025-05-29 14:37:59.612] [cout] [info]         state: /jointset/ankle_r/ankle_angle_r/speed, weight: 0.619564
[2025-05-29 14:37:59.612] [cout] [info]         state: /jointset/ankle_l/ankle_angle_l/speed, weight: 0.480794
[2025-05-29 14:37:59.612] [cout] [info]         state: /jointset/elbow_r/elbow_flexion_r/speed, weight: 1.70026
[2025-05-29 14:37:59.612] [cout] [info]         state: /jointset/elbow_l/elbow_flexion_l/speed, weight: 0.474488
[2025-05-29 14:37:59.612] [cout] [info]         state: /jointset/mtp_r/mtp_angle_r/value, weight: 0.0
[2025-05-29 14:37:59.612] [cout] [info]         state: /jointset/mtp_r/mtp_angle_r/speed, weight: 0.0
[2025-05-29 14:37:59.612] [cout] [info]         state: /jointset/mtp_l/mtp_angle_l/value, weight: 0.0
[2025-05-29 14:37:59.612] [cout] [info]         state: /jointset/mtp_l/mtp_angle_l/speed, weight: 0.0
[2025-05-29 14:37:59.612] [cout] [info]   control_effort. MocoControlGoal, enabled: true, mode: cost, weight: 10.0
[2025-05-29 14:37:59.612] [cout] [info]         control: /forceset/hamstrings_r, weight: 1.0
[2025-05-29 14:37:59.612] [cout] [info]         control: /forceset/bifemsh_r, weight: 1.0
[2025-05-29 14:37:59.612] [cout] [info]         control: /forceset/glut_max_r, weight: 1.0
[2025-05-29 14:37:59.612] [cout] [info]         control: /forceset/iliopsoas_r, weight: 1.0
[2025-05-29 14:37:59.612] [cout] [info]         control: /forceset/rect_fem_r, weight: 1.0
[2025-05-29 14:37:59.612] [cout] [info]         control: /forceset/vasti_r, weight: 1.0
[2025-05-29 14:37:59.612] [cout] [info]         control: /forceset/gastroc_r, weight: 1.0
[2025-05-29 14:37:59.612] [cout] [info]         control: /forceset/soleus_r, weight: 1.0
[2025-05-29 14:37:59.612] [cout] [info]         control: /forceset/dorsiflexors_r, weight: 1.0
[2025-05-29 14:37:59.612] [cout] [info]         control: /forceset/hamstrings_l, weight: 1.0
[2025-05-29 14:37:59.612] [cout] [info]         control: /forceset/bifemsh_l, weight: 1.0
[2025-05-29 14:37:59.612] [cout] [info]         control: /forceset/glut_max_l, weight: 1.0
[2025-05-29 14:37:59.612] [cout] [info]         control: /forceset/iliopsoas_l, weight: 1.0
[2025-05-29 14:37:59.612] [cout] [info]         control: /forceset/rect_fem_l, weight: 1.0
[2025-05-29 14:37:59.612] [cout] [info]         control: /forceset/vasti_l, weight: 1.0
[2025-05-29 14:37:59.612] [cout] [info]         control: /forceset/gastroc_l, weight: 1.0
[2025-05-29 14:37:59.612] [cout] [info]         control: /forceset/soleus_l, weight: 1.0
[2025-05-29 14:37:59.612] [cout] [info]         control: /forceset/dorsiflexors_l, weight: 1.0
[2025-05-29 14:37:59.612] [cout] [info]         control: /forceset/lumbar_ext_torque, weight: 1.0
[2025-05-29 14:37:59.612] [cout] [info]         control: /forceset/shoulder_flexion_r_torque, weight: 1.0
[2025-05-29 14:37:59.612] [cout] [info]         control: /forceset/elbow_flexion_r_torque, weight: 1.0
[2025-05-29 14:37:59.612] [cout] [info]         control: /forceset/shoulder_flexion_l_torque, weight: 1.0
[2025-05-29 14:37:59.612] [cout] [info]         control: /forceset/elbow_flexion_l_torque, weight: 1.0
[2025-05-29 14:37:59.612] [cout] [info]   contact. MocoContactTrackingGoal, enabled: true, mode: cost, weight: 0.5
[2025-05-29 14:37:59.612] [cout] [info]         projection type: plane
[2025-05-29 14:37:59.612] [cout] [info]         projection vector: ~[0,0,1]
[2025-05-29 14:37:59.612] [cout] [info]         group 0: ExternalForce: grf1
[2025-05-29 14:37:59.612] [cout] [info]             forces:
[2025-05-29 14:37:59.612] [cout] [info]                 /forceset/Contact_Foot_Ground_L1
[2025-05-29 14:37:59.612] [cout] [info]                 /forceset/Contact_Foot_Ground_L2
[2025-05-29 14:37:59.612] [cout] [info]                 /forceset/Contact_Foot_Ground_L3
[2025-05-29 14:37:59.612] [cout] [info]                 /forceset/Contact_Foot_Ground_L4
[2025-05-29 14:37:59.612] [cout] [info]                 /forceset/Contact_Foot_Ground_L5
[2025-05-29 14:37:59.612] [cout] [info]                 /forceset/Contact_Foot_Ground_L6
[2025-05-29 14:37:59.612] [cout] [info]                 /forceset/Contact_Foot_Ground_L7
[2025-05-29 14:37:59.612] [cout] [info]                 /forceset/Contact_Foot_Ground_L8
[2025-05-29 14:37:59.612] [cout] [info]         group 1: ExternalForce: grf2
[2025-05-29 14:37:59.612] [cout] [info]             forces:
[2025-05-29 14:37:59.612] [cout] [info]                 /forceset/Contact_Foot_Ground_R1
[2025-05-29 14:37:59.612] [cout] [info]                 /forceset/Contact_Foot_Ground_R2
[2025-05-29 14:37:59.612] [cout] [info]                 /forceset/Contact_Foot_Ground_R3
[2025-05-29 14:37:59.612] [cout] [info]                 /forceset/Contact_Foot_Ground_R4
[2025-05-29 14:37:59.612] [cout] [info]                 /forceset/Contact_Foot_Ground_R5
[2025-05-29 14:37:59.612] [cout] [info]                 /forceset/Contact_Foot_Ground_R6
[2025-05-29 14:37:59.612] [cout] [info]                 /forceset/Contact_Foot_Ground_R7
[2025-05-29 14:37:59.612] [cout] [info]                 /forceset/Contact_Foot_Ground_R8
[2025-05-29 14:37:59.612] [cout] [info] Endpoint constraints: (total: 2)
[2025-05-29 14:37:59.612] [cout] [info]   initial_activation. MocoInitialActivationGoal, enabled: true, mode: endpoint_constraint
[2025-05-29 14:37:59.612] [cout] [info]   speed. MocoAverageSpeedGoal, enabled: true, mode: endpoint_constraint
[2025-05-29 14:37:59.612] [cout] [info] Kinematic constraints: none
[2025-05-29 14:37:59.612] [cout] [info] Path constraints: none
[2025-05-29 14:37:59.612] [cout] [info] States: (total: 54)
[2025-05-29 14:37:59.612] [cout] [info]   /forceset/rect_fem_r/activation. bounds: [0.01, 2]
[2025-05-29 14:37:59.612] [cout] [info]   /forceset/gastroc_r/normalized_tendon_force. bounds: [0, 1.5]
[2025-05-29 14:37:59.612] [cout] [info]   /forceset/soleus_r/normalized_tendon_force. bounds: [0, 1.5]
[2025-05-29 14:37:59.612] [cout] [info]   /forceset/rect_fem_l/activation. bounds: [0.01, 2]
[2025-05-29 14:37:59.613] [cout] [info]   /forceset/gastroc_l/normalized_tendon_force. bounds: [0, 1.5]
[2025-05-29 14:37:59.613] [cout] [info]   /forceset/soleus_l/normalized_tendon_force. bounds: [0, 1.5]
[2025-05-29 14:37:59.613] [cout] [info]   /forceset/hamstrings_r/activation. bounds: [0.01, 2]
[2025-05-29 14:37:59.613] [cout] [info]   /jointset/knee_l/knee_angle_l/value. bounds: [-0.744281, 0.124047] initial: [-0.179552, 0.0685416]
[2025-05-29 14:37:59.613] [cout] [info]   /forceset/bifemsh_r/activation. bounds: [0.01, 2]
[2025-05-29 14:37:59.613] [cout] [info]   /forceset/glut_max_r/activation. bounds: [0.01, 2]
[2025-05-29 14:37:59.613] [cout] [info]   /forceset/iliopsoas_r/activation. bounds: [0.01, 2]
[2025-05-29 14:37:59.613] [cout] [info]   /forceset/gastroc_r/activation. bounds: [0.01, 2]
[2025-05-29 14:37:59.613] [cout] [info]   /forceset/vasti_r/activation. bounds: [0.01, 2]
[2025-05-29 14:37:59.613] [cout] [info]   /forceset/soleus_r/activation. bounds: [0.01, 2]
[2025-05-29 14:37:59.613] [cout] [info]   /jointset/mtp_r/mtp_angle_r/speed. bounds: [-50, 50]
[2025-05-29 14:37:59.613] [cout] [info]   /jointset/ground_pelvis/pelvis_tilt/speed. bounds: [-50, 50]
[2025-05-29 14:37:59.613] [cout] [info]   /forceset/dorsiflexors_r/activation. bounds: [0.01, 2]
[2025-05-29 14:37:59.613] [cout] [info]   /jointset/mtp_r/mtp_angle_r/value. bounds: [-0.436332, 1.309]
[2025-05-29 14:37:59.613] [cout] [info]   /jointset/ground_pelvis/pelvis_tilt/value. bounds: [0.197792, 0.312863] initial: [0.208948, 0.241825]
[2025-05-29 14:37:59.613] [cout] [info]   /forceset/hamstrings_l/activation. bounds: [0.01, 2]
[2025-05-29 14:37:59.613] [cout] [info]   /forceset/bifemsh_l/activation. bounds: [0.01, 2]
[2025-05-29 14:37:59.613] [cout] [info]   /jointset/ground_pelvis/pelvis_tx/speed. bounds: [-50, 50]
[2025-05-29 14:37:59.613] [cout] [info]   /forceset/glut_max_l/activation. bounds: [0.01, 2]
[2025-05-29 14:37:59.613] [cout] [info]   /forceset/iliopsoas_l/activation. bounds: [0.01, 2]
[2025-05-29 14:37:59.613] [cout] [info]   /forceset/gastroc_l/activation. bounds: [0.01, 2]
[2025-05-29 14:37:59.613] [cout] [info]   /forceset/vasti_l/activation. bounds: [0.01, 2]
[2025-05-29 14:37:59.613] [cout] [info]   /forceset/soleus_l/activation. bounds: [0.01, 2]
[2025-05-29 14:37:59.613] [cout] [info]   /jointset/back/lumbar_ext/value. bounds: [-0.407582, -0.359969] initial: [-0.380067, -0.366463]
[2025-05-29 14:37:59.613] [cout] [info]   /jointset/mtp_l/mtp_angle_l/value. bounds: [-0.436332, 1.309]
[2025-05-29 14:37:59.613] [cout] [info]   /forceset/dorsiflexors_l/activation. bounds: [0.01, 2]
[2025-05-29 14:37:59.613] [cout] [info]   /jointset/ground_pelvis/pelvis_tx/value. bounds: [0.0519195, 0.916899] initial: [0.0519195, 0.299056]
[2025-05-29 14:37:59.613] [cout] [info]   /jointset/knee_r/knee_angle_r/speed. bounds: [-50, 50]
[2025-05-29 14:37:59.613] [cout] [info]   /jointset/elbow_l/elbow_flexion_l/value. bounds: [0.272883, 0.824577] initial: [0.272883, 0.43051]
[2025-05-29 14:37:59.613] [cout] [info]   /jointset/ankle_l/ankle_angle_l/value. bounds: [-0.193578, 0.117288] initial: [-0.101604, -0.0127849]
[2025-05-29 14:37:59.613] [cout] [info]   /jointset/ground_pelvis/pelvis_ty/value. bounds: [1.01463, 1.14777] initial: [1.0265, 1.12926]
[2025-05-29 14:37:59.613] [cout] [info]   /jointset/ankle_r/ankle_angle_r/value. bounds: [-0.226351, -0.00350295] initial: [-0.226351, -0.16268]
[2025-05-29 14:37:59.613] [cout] [info]   /jointset/hip_r/hip_flexion_r/value. bounds: [-0.279284, 0.228724] initial: [-0.279284, -0.134139]
[2025-05-29 14:37:59.613] [cout] [info]   /jointset/back/lumbar_ext/speed. bounds: [-50, 50]
[2025-05-29 14:37:59.613] [cout] [info]   /jointset/mtp_l/mtp_angle_l/speed. bounds: [-50, 50]
[2025-05-29 14:37:59.613] [cout] [info]   /jointset/knee_r/knee_angle_r/value. bounds: [-1.32143, 0.191267] initial: [-1.1847, -0.752503]
[2025-05-29 14:37:59.613] [cout] [info]   /jointset/knee_l/knee_angle_l/speed. bounds: [-50, 50]
[2025-05-29 14:37:59.613] [cout] [info]   /jointset/hip_l/hip_flexion_l/value. bounds: [-0.594953, 0.00315562] initial: [-0.167733, 0.00315562]
[2025-05-29 14:37:59.613] [cout] [info]   /jointset/acromial_r/shoulder_flexion_r/value. bounds: [-0.0875714, 0.139325] initial: [0.0744976, 0.139325]
[2025-05-29 14:37:59.613] [cout] [info]   /jointset/elbow_r/elbow_flexion_r/value. bounds: [0.244744, 0.427738] initial: [0.375454, 0.427738]
[2025-05-29 14:37:59.613] [cout] [info]   /jointset/acromial_l/shoulder_flexion_l/value. bounds: [-0.141572, 0.266899] initial: [-0.141572, -0.0248661]
[2025-05-29 14:37:59.613] [cout] [info]   /jointset/elbow_l/elbow_flexion_l/speed. bounds: [-50, 50]
[2025-05-29 14:37:59.613] [cout] [info]   /jointset/ankle_l/ankle_angle_l/speed. bounds: [-50, 50]
[2025-05-29 14:37:59.613] [cout] [info]   /jointset/ground_pelvis/pelvis_ty/speed. bounds: [-50, 50]
[2025-05-29 14:37:59.613] [cout] [info]   /jointset/ankle_r/ankle_angle_r/speed. bounds: [-50, 50]
[2025-05-29 14:37:59.613] [cout] [info]   /jointset/hip_r/hip_flexion_r/speed. bounds: [-50, 50]
[2025-05-29 14:37:59.613] [cout] [info]   /jointset/hip_l/hip_flexion_l/speed. bounds: [-50, 50]
[2025-05-29 14:37:59.613] [cout] [info]   /jointset/acromial_r/shoulder_flexion_r/speed. bounds: [-50, 50]
[2025-05-29 14:37:59.613] [cout] [info]   /jointset/elbow_r/elbow_flexion_r/speed. bounds: [-50, 50]
[2025-05-29 14:37:59.613] [cout] [info]   /jointset/acromial_l/shoulder_flexion_l/speed. bounds: [-50, 50]
[2025-05-29 14:37:59.613] [cout] [info] Controls: (total: 23)
[2025-05-29 14:37:59.613] [cout] [info]   /forceset/hamstrings_r. bounds: [0.01, 1]
[2025-05-29 14:37:59.613] [cout] [info]   /forceset/bifemsh_r. bounds: [0.01, 1]
[2025-05-29 14:37:59.613] [cout] [info]   /forceset/glut_max_r. bounds: [0.01, 1]
[2025-05-29 14:37:59.613] [cout] [info]   /forceset/iliopsoas_r. bounds: [0.01, 1]
[2025-05-29 14:37:59.613] [cout] [info]   /forceset/rect_fem_r. bounds: [0.01, 1]
[2025-05-29 14:37:59.613] [cout] [info]   /forceset/gastroc_r. bounds: [0.01, 1]
[2025-05-29 14:37:59.613] [cout] [info]   /forceset/vasti_r. bounds: [0.01, 1]
[2025-05-29 14:37:59.613] [cout] [info]   /forceset/soleus_r. bounds: [0.01, 1]
[2025-05-29 14:37:59.613] [cout] [info]   /forceset/dorsiflexors_r. bounds: [0.01, 1]
[2025-05-29 14:37:59.613] [cout] [info]   /forceset/hamstrings_l. bounds: [0.01, 1]
[2025-05-29 14:37:59.613] [cout] [info]   /forceset/elbow_flexion_l_torque. bounds: [-inf, inf]
[2025-05-29 14:37:59.613] [cout] [info]   /forceset/bifemsh_l. bounds: [0.01, 1]
[2025-05-29 14:37:59.613] [cout] [info]   /forceset/glut_max_l. bounds: [0.01, 1]
[2025-05-29 14:37:59.613] [cout] [info]   /forceset/lumbar_ext_torque. bounds: [-inf, inf]
[2025-05-29 14:37:59.613] [cout] [info]   /forceset/iliopsoas_l. bounds: [0.01, 1]
[2025-05-29 14:37:59.613] [cout] [info]   /forceset/rect_fem_l. bounds: [0.01, 1]
[2025-05-29 14:37:59.613] [cout] [info]   /forceset/gastroc_l. bounds: [0.01, 1]
[2025-05-29 14:37:59.613] [cout] [info]   /forceset/vasti_l. bounds: [0.01, 1]
[2025-05-29 14:37:59.613] [cout] [info]   /forceset/soleus_l. bounds: [0.01, 1]
[2025-05-29 14:37:59.613] [cout] [info]   /forceset/dorsiflexors_l. bounds: [0.01, 1]
[2025-05-29 14:37:59.613] [cout] [info]   /forceset/shoulder_flexion_r_torque. bounds: [-inf, inf]
[2025-05-29 14:37:59.613] [cout] [info]   /forceset/elbow_flexion_r_torque. bounds: [-inf, inf]
[2025-05-29 14:37:59.613] [cout] [info]   /forceset/shoulder_flexion_l_torque. bounds: [-inf, inf]
[2025-05-29 14:37:59.613] [cout] [info] Parameters: none
[2025-05-29 14:38:00.414] [info] Number of threads: 8
[2025-05-29 14:39:33.474] [info] Set log level to Info.
[2025-05-29 14:39:33.476] [info] ------------------------------------------------------------------------
[2025-05-29 14:39:33.476] [info] Elapsed real time: 94 second(s) (1 minute(s), 34 second(s)).
[2025-05-29 14:39:33.476] [info] Thu May 29 14:39:33 2025
[2025-05-29 14:39:33.476] [warning] MocoCasADiSolver did NOT succeed:
[2025-05-29 14:39:33.476] [warning]   Restoration_Failed
[2025-05-29 14:39:33.476] [info] ========================================================================
[2025-05-29 14:40:17.310] [cout] [info] Exiting visualization.
[2025-05-29 14:41:28.521] [info] Loaded model 2014014_2d from file 2014014_C4_04_initial-model_2d.osim
[2025-05-29 14:43:40.504] [info] ========================================================================
[2025-05-29 14:43:40.505] [info] MocoCasADiSolver starting.
[2025-05-29 14:43:40.505] [info] Thu May 29 14:43:40 2025
[2025-05-29 14:43:40.505] [info] ------------------------------------------------------------------------
[2025-05-29 14:43:40.505] [cout] [info] Costs: (total: 4)
[2025-05-29 14:43:40.505] [cout] [info]   state_tracking. MocoStateTrackingGoal, enabled: true, mode: cost, weight: 1.0
[2025-05-29 14:43:40.505] [cout] [info]         state: /jointset/ground_pelvis/pelvis_tilt/value, weight: 12.1664
[2025-05-29 14:43:40.505] [cout] [info]         state: /jointset/ground_pelvis/pelvis_tx/value, weight: 0.0
[2025-05-29 14:43:40.505] [cout] [info]         state: /jointset/ground_pelvis/pelvis_ty/value, weight: 36.2107
[2025-05-29 14:43:40.505] [cout] [info]         state: /jointset/hip_r/hip_flexion_r/value, weight: 2.75586
[2025-05-29 14:43:40.505] [cout] [info]         state: /jointset/hip_l/hip_flexion_l/value, weight: 2.34071
[2025-05-29 14:43:40.505] [cout] [info]         state: /jointset/back/lumbar_ext/value, weight: 29.4037
[2025-05-29 14:43:40.505] [cout] [info]         state: /jointset/knee_r/knee_angle_r/value, weight: 0.925501
[2025-05-29 14:43:40.505] [cout] [info]         state: /jointset/knee_l/knee_angle_l/value, weight: 1.61229
[2025-05-29 14:43:40.505] [cout] [info]         state: /jointset/acromial_r/shoulder_flexion_r/value, weight: 6.17021
[2025-05-29 14:43:40.505] [cout] [info]         state: /jointset/acromial_l/shoulder_flexion_l/value, weight: 3.42741
[2025-05-29 14:43:40.505] [cout] [info]         state: /jointset/ankle_r/ankle_angle_r/value, weight: 6.2823
[2025-05-29 14:43:40.505] [cout] [info]         state: /jointset/ankle_l/ankle_angle_l/value, weight: 4.50354
[2025-05-29 14:43:40.505] [cout] [info]         state: /jointset/elbow_r/elbow_flexion_r/value, weight: 7.65053
[2025-05-29 14:43:40.505] [cout] [info]         state: /jointset/elbow_l/elbow_flexion_l/value, weight: 2.53764
[2025-05-29 14:43:40.505] [cout] [info]         state: /jointset/ground_pelvis/pelvis_tilt/speed, weight: 0.930004
[2025-05-29 14:43:40.505] [cout] [info]         state: /jointset/ground_pelvis/pelvis_tx/speed, weight: 0.0
[2025-05-29 14:43:40.505] [cout] [info]         state: /jointset/ground_pelvis/pelvis_ty/speed, weight: 2.72873
[2025-05-29 14:43:40.505] [cout] [info]         state: /jointset/hip_r/hip_flexion_r/speed, weight: 0.25556
[2025-05-29 14:43:40.505] [cout] [info]         state: /jointset/hip_l/hip_flexion_l/speed, weight: 0.339587
[2025-05-29 14:43:40.505] [cout] [info]         state: /jointset/back/lumbar_ext/speed, weight: 1.50353
[2025-05-29 14:43:40.505] [cout] [info]         state: /jointset/knee_r/knee_angle_r/speed, weight: 0.122041
[2025-05-29 14:43:40.505] [cout] [info]         state: /jointset/knee_l/knee_angle_l/speed, weight: 0.221248
[2025-05-29 14:43:40.505] [cout] [info]         state: /jointset/acromial_r/shoulder_flexion_r/speed, weight: 0.771884
[2025-05-29 14:43:40.505] [cout] [info]         state: /jointset/acromial_l/shoulder_flexion_l/speed, weight: 0.32994
[2025-05-29 14:43:40.505] [cout] [info]         state: /jointset/ankle_r/ankle_angle_r/speed, weight: 0.619564
[2025-05-29 14:43:40.505] [cout] [info]         state: /jointset/ankle_l/ankle_angle_l/speed, weight: 0.480794
[2025-05-29 14:43:40.505] [cout] [info]         state: /jointset/elbow_r/elbow_flexion_r/speed, weight: 1.70026
[2025-05-29 14:43:40.505] [cout] [info]         state: /jointset/elbow_l/elbow_flexion_l/speed, weight: 0.474488
[2025-05-29 14:43:40.505] [cout] [info]         state: /jointset/mtp_r/mtp_angle_r/value, weight: 0.0
[2025-05-29 14:43:40.505] [cout] [info]         state: /jointset/mtp_r/mtp_angle_r/speed, weight: 0.0
[2025-05-29 14:43:40.505] [cout] [info]         state: /jointset/mtp_l/mtp_angle_l/value, weight: 0.0
[2025-05-29 14:43:40.505] [cout] [info]         state: /jointset/mtp_l/mtp_angle_l/speed, weight: 0.0
[2025-05-29 14:43:40.505] [cout] [info]   control_effort. MocoControlGoal, enabled: true, mode: cost, weight: 10.0
[2025-05-29 14:43:40.505] [cout] [info]         control: /forceset/hamstrings_r, weight: 1.0
[2025-05-29 14:43:40.505] [cout] [info]         control: /forceset/bifemsh_r, weight: 1.0
[2025-05-29 14:43:40.505] [cout] [info]         control: /forceset/glut_max_r, weight: 1.0
[2025-05-29 14:43:40.505] [cout] [info]         control: /forceset/iliopsoas_r, weight: 1.0
[2025-05-29 14:43:40.505] [cout] [info]         control: /forceset/rect_fem_r, weight: 1.0
[2025-05-29 14:43:40.505] [cout] [info]         control: /forceset/vasti_r, weight: 1.0
[2025-05-29 14:43:40.505] [cout] [info]         control: /forceset/gastroc_r, weight: 1.0
[2025-05-29 14:43:40.505] [cout] [info]         control: /forceset/soleus_r, weight: 1.0
[2025-05-29 14:43:40.505] [cout] [info]         control: /forceset/dorsiflexors_r, weight: 1.0
[2025-05-29 14:43:40.505] [cout] [info]         control: /forceset/hamstrings_l, weight: 1.0
[2025-05-29 14:43:40.505] [cout] [info]         control: /forceset/bifemsh_l, weight: 1.0
[2025-05-29 14:43:40.505] [cout] [info]         control: /forceset/glut_max_l, weight: 1.0
[2025-05-29 14:43:40.505] [cout] [info]         control: /forceset/iliopsoas_l, weight: 1.0
[2025-05-29 14:43:40.505] [cout] [info]         control: /forceset/rect_fem_l, weight: 1.0
[2025-05-29 14:43:40.505] [cout] [info]         control: /forceset/vasti_l, weight: 1.0
[2025-05-29 14:43:40.505] [cout] [info]         control: /forceset/gastroc_l, weight: 1.0
[2025-05-29 14:43:40.505] [cout] [info]         control: /forceset/soleus_l, weight: 1.0
[2025-05-29 14:43:40.505] [cout] [info]         control: /forceset/dorsiflexors_l, weight: 1.0
[2025-05-29 14:43:40.505] [cout] [info]         control: /forceset/lumbar_ext_torque, weight: 1.0
[2025-05-29 14:43:40.505] [cout] [info]         control: /forceset/shoulder_flexion_r_torque, weight: 1.0
[2025-05-29 14:43:40.505] [cout] [info]         control: /forceset/elbow_flexion_r_torque, weight: 1.0
[2025-05-29 14:43:40.505] [cout] [info]         control: /forceset/shoulder_flexion_l_torque, weight: 1.0
[2025-05-29 14:43:40.505] [cout] [info]         control: /forceset/elbow_flexion_l_torque, weight: 1.0
[2025-05-29 14:43:40.505] [cout] [info]   contact. MocoContactTrackingGoal, enabled: true, mode: cost, weight: 0.5
[2025-05-29 14:43:40.505] [cout] [info]         projection type: plane
[2025-05-29 14:43:40.505] [cout] [info]         projection vector: ~[0,0,1]
[2025-05-29 14:43:40.505] [cout] [info]         group 0: ExternalForce: grf1
[2025-05-29 14:43:40.505] [cout] [info]             forces:
[2025-05-29 14:43:40.505] [cout] [info]                 /forceset/Contact_Foot_Ground_L1
[2025-05-29 14:43:40.505] [cout] [info]                 /forceset/Contact_Foot_Ground_L2
[2025-05-29 14:43:40.505] [cout] [info]                 /forceset/Contact_Foot_Ground_L3
[2025-05-29 14:43:40.505] [cout] [info]                 /forceset/Contact_Foot_Ground_L4
[2025-05-29 14:43:40.505] [cout] [info]                 /forceset/Contact_Foot_Ground_L5
[2025-05-29 14:43:40.505] [cout] [info]                 /forceset/Contact_Foot_Ground_L6
[2025-05-29 14:43:40.505] [cout] [info]                 /forceset/Contact_Foot_Ground_L7
[2025-05-29 14:43:40.505] [cout] [info]                 /forceset/Contact_Foot_Ground_L8
[2025-05-29 14:43:40.505] [cout] [info]         group 1: ExternalForce: grf2
[2025-05-29 14:43:40.505] [cout] [info]             forces:
[2025-05-29 14:43:40.505] [cout] [info]                 /forceset/Contact_Foot_Ground_R1
[2025-05-29 14:43:40.505] [cout] [info]                 /forceset/Contact_Foot_Ground_R2
[2025-05-29 14:43:40.505] [cout] [info]                 /forceset/Contact_Foot_Ground_R3
[2025-05-29 14:43:40.505] [cout] [info]                 /forceset/Contact_Foot_Ground_R4
[2025-05-29 14:43:40.505] [cout] [info]                 /forceset/Contact_Foot_Ground_R5
[2025-05-29 14:43:40.505] [cout] [info]                 /forceset/Contact_Foot_Ground_R6
[2025-05-29 14:43:40.505] [cout] [info]                 /forceset/Contact_Foot_Ground_R7
[2025-05-29 14:43:40.505] [cout] [info]                 /forceset/Contact_Foot_Ground_R8
[2025-05-29 14:43:40.505] [cout] [info]   symmetry. MocoPeriodicityGoal, enabled: true, mode: cost, weight: 1.0
[2025-05-29 14:43:40.505] [cout] [info]         state periodicity pairs:
[2025-05-29 14:43:40.505] [cout] [info]                 initial: /jointset/ground_pelvis/pelvis_tilt/value, final: /jointset/ground_pelvis/pelvis_tilt/value
[2025-05-29 14:43:40.505] [cout] [info]                 initial: /jointset/ground_pelvis/pelvis_tilt/speed, final: /jointset/ground_pelvis/pelvis_tilt/speed
[2025-05-29 14:43:40.505] [cout] [info]                 initial: /jointset/hip_r/hip_flexion_r/value, final: /jointset/hip_l/hip_flexion_l/value
[2025-05-29 14:43:40.505] [cout] [info]                 initial: /jointset/hip_r/hip_flexion_r/speed, final: /jointset/hip_l/hip_flexion_l/speed
[2025-05-29 14:43:40.505] [cout] [info]                 initial: /jointset/knee_r/knee_angle_r/value, final: /jointset/knee_l/knee_angle_l/value
[2025-05-29 14:43:40.505] [cout] [info]                 initial: /jointset/knee_r/knee_angle_r/speed, final: /jointset/knee_l/knee_angle_l/speed
[2025-05-29 14:43:40.505] [cout] [info]                 initial: /jointset/ankle_r/ankle_angle_r/value, final: /jointset/ankle_l/ankle_angle_l/value
[2025-05-29 14:43:40.505] [cout] [info]                 initial: /jointset/ankle_r/ankle_angle_r/speed, final: /jointset/ankle_l/ankle_angle_l/speed
[2025-05-29 14:43:40.505] [cout] [info]                 initial: /jointset/mtp_r/mtp_angle_r/value, final: /jointset/mtp_l/mtp_angle_l/value
[2025-05-29 14:43:40.505] [cout] [info]                 initial: /jointset/mtp_r/mtp_angle_r/speed, final: /jointset/mtp_l/mtp_angle_l/speed
[2025-05-29 14:43:40.505] [cout] [info]                 initial: /jointset/hip_l/hip_flexion_l/value, final: /jointset/hip_r/hip_flexion_r/value
[2025-05-29 14:43:40.505] [cout] [info]                 initial: /jointset/hip_l/hip_flexion_l/speed, final: /jointset/hip_r/hip_flexion_r/speed
[2025-05-29 14:43:40.505] [cout] [info]                 initial: /jointset/knee_l/knee_angle_l/value, final: /jointset/knee_r/knee_angle_r/value
[2025-05-29 14:43:40.505] [cout] [info]                 initial: /jointset/knee_l/knee_angle_l/speed, final: /jointset/knee_r/knee_angle_r/speed
[2025-05-29 14:43:40.505] [cout] [info]                 initial: /jointset/ankle_l/ankle_angle_l/value, final: /jointset/ankle_r/ankle_angle_r/value
[2025-05-29 14:43:40.505] [cout] [info]                 initial: /jointset/ankle_l/ankle_angle_l/speed, final: /jointset/ankle_r/ankle_angle_r/speed
[2025-05-29 14:43:40.505] [cout] [info]                 initial: /jointset/mtp_l/mtp_angle_l/value, final: /jointset/mtp_r/mtp_angle_r/value
[2025-05-29 14:43:40.505] [cout] [info]                 initial: /jointset/mtp_l/mtp_angle_l/speed, final: /jointset/mtp_r/mtp_angle_r/speed
[2025-05-29 14:43:40.505] [cout] [info]                 initial: /jointset/back/lumbar_ext/value, final: /jointset/back/lumbar_ext/value
[2025-05-29 14:43:40.505] [cout] [info]                 initial: /jointset/back/lumbar_ext/speed, final: /jointset/back/lumbar_ext/speed
[2025-05-29 14:43:40.505] [cout] [info]                 initial: /jointset/acromial_r/shoulder_flexion_r/value, final: /jointset/acromial_l/shoulder_flexion_l/value
[2025-05-29 14:43:40.505] [cout] [info]                 initial: /jointset/acromial_r/shoulder_flexion_r/speed, final: /jointset/acromial_l/shoulder_flexion_l/speed
[2025-05-29 14:43:40.506] [cout] [info]                 initial: /jointset/elbow_r/elbow_flexion_r/value, final: /jointset/elbow_l/elbow_flexion_l/value
[2025-05-29 14:43:40.506] [cout] [info]                 initial: /jointset/elbow_r/elbow_flexion_r/speed, final: /jointset/elbow_l/elbow_flexion_l/speed
[2025-05-29 14:43:40.506] [cout] [info]                 initial: /jointset/acromial_l/shoulder_flexion_l/value, final: /jointset/acromial_r/shoulder_flexion_r/value
[2025-05-29 14:43:40.506] [cout] [info]                 initial: /jointset/acromial_l/shoulder_flexion_l/speed, final: /jointset/acromial_r/shoulder_flexion_r/speed
[2025-05-29 14:43:40.506] [cout] [info]                 initial: /jointset/elbow_l/elbow_flexion_l/value, final: /jointset/elbow_r/elbow_flexion_r/value
[2025-05-29 14:43:40.506] [cout] [info]                 initial: /jointset/elbow_l/elbow_flexion_l/speed, final: /jointset/elbow_r/elbow_flexion_r/speed
[2025-05-29 14:43:40.506] [cout] [info]                 initial: /jointset/ground_pelvis/pelvis_ty/value, final: /jointset/ground_pelvis/pelvis_ty/value
[2025-05-29 14:43:40.506] [cout] [info]                 initial: /jointset/ground_pelvis/pelvis_ty/speed, final: /jointset/ground_pelvis/pelvis_ty/speed
[2025-05-29 14:43:40.506] [cout] [info]         control periodicity pairs:
[2025-05-29 14:43:40.506] [cout] [info] Endpoint constraints: (total: 2)
[2025-05-29 14:43:40.506] [cout] [info]   initial_activation. MocoInitialActivationGoal, enabled: true, mode: endpoint_constraint
[2025-05-29 14:43:40.506] [cout] [info]   speed. MocoAverageSpeedGoal, enabled: true, mode: endpoint_constraint
[2025-05-29 14:43:40.506] [cout] [info] Kinematic constraints: none
[2025-05-29 14:43:40.506] [cout] [info] Path constraints: none
[2025-05-29 14:43:40.506] [cout] [info] States: (total: 54)
[2025-05-29 14:43:40.506] [cout] [info]   /forceset/rect_fem_r/activation. bounds: [0.01, 2]
[2025-05-29 14:43:40.506] [cout] [info]   /forceset/gastroc_r/normalized_tendon_force. bounds: [0, 1.5]
[2025-05-29 14:43:40.506] [cout] [info]   /forceset/soleus_r/normalized_tendon_force. bounds: [0, 1.5]
[2025-05-29 14:43:40.506] [cout] [info]   /forceset/rect_fem_l/activation. bounds: [0.01, 2]
[2025-05-29 14:43:40.506] [cout] [info]   /forceset/gastroc_l/normalized_tendon_force. bounds: [0, 1.5]
[2025-05-29 14:43:40.506] [cout] [info]   /forceset/soleus_l/normalized_tendon_force. bounds: [0, 1.5]
[2025-05-29 14:43:40.506] [cout] [info]   /forceset/hamstrings_r/activation. bounds: [0.01, 2]
[2025-05-29 14:43:40.506] [cout] [info]   /jointset/knee_l/knee_angle_l/value. bounds: [-2.0944, 0]
[2025-05-29 14:43:40.506] [cout] [info]   /forceset/bifemsh_r/activation. bounds: [0.01, 2]
[2025-05-29 14:43:40.506] [cout] [info]   /forceset/glut_max_r/activation. bounds: [0.01, 2]
[2025-05-29 14:43:40.506] [cout] [info]   /forceset/iliopsoas_r/activation. bounds: [0.01, 2]
[2025-05-29 14:43:40.506] [cout] [info]   /forceset/gastroc_r/activation. bounds: [0.01, 2]
[2025-05-29 14:43:40.506] [cout] [info]   /forceset/vasti_r/activation. bounds: [0.01, 2]
[2025-05-29 14:43:40.506] [cout] [info]   /forceset/soleus_r/activation. bounds: [0.01, 2]
[2025-05-29 14:43:40.506] [cout] [info]   /jointset/mtp_r/mtp_angle_r/speed. bounds: [-50, 50]
[2025-05-29 14:43:40.506] [cout] [info]   /jointset/ground_pelvis/pelvis_tilt/speed. bounds: [-50, 50]
[2025-05-29 14:43:40.506] [cout] [info]   /forceset/dorsiflexors_r/activation. bounds: [0.01, 2]
[2025-05-29 14:43:40.506] [cout] [info]   /jointset/mtp_r/mtp_angle_r/value. bounds: [-1.5708, 1.5708]
[2025-05-29 14:43:40.506] [cout] [info]   /jointset/ground_pelvis/pelvis_tilt/value. bounds: [-1.5708, 1.5708]
[2025-05-29 14:43:40.506] [cout] [info]   /forceset/hamstrings_l/activation. bounds: [0.01, 2]
[2025-05-29 14:43:40.506] [cout] [info]   /forceset/bifemsh_l/activation. bounds: [0.01, 2]
[2025-05-29 14:43:40.506] [cout] [info]   /jointset/ground_pelvis/pelvis_tx/speed. bounds: [-50, 50]
[2025-05-29 14:43:40.506] [cout] [info]   /forceset/glut_max_l/activation. bounds: [0.01, 2]
[2025-05-29 14:43:40.506] [cout] [info]   /forceset/iliopsoas_l/activation. bounds: [0.01, 2]
[2025-05-29 14:43:40.506] [cout] [info]   /forceset/gastroc_l/activation. bounds: [0.01, 2]
[2025-05-29 14:43:40.506] [cout] [info]   /forceset/vasti_l/activation. bounds: [0.01, 2]
[2025-05-29 14:43:40.506] [cout] [info]   /forceset/soleus_l/activation. bounds: [0.01, 2]
[2025-05-29 14:43:40.506] [cout] [info]   /jointset/back/lumbar_ext/value. bounds: [-1.5708, 1.5708]
[2025-05-29 14:43:40.506] [cout] [info]   /jointset/mtp_l/mtp_angle_l/value. bounds: [-1.5708, 1.5708]
[2025-05-29 14:43:40.506] [cout] [info]   /forceset/dorsiflexors_l/activation. bounds: [0.01, 2]
[2025-05-29 14:43:40.506] [cout] [info]   /jointset/ground_pelvis/pelvis_tx/value. bounds: [-5, 5]
[2025-05-29 14:43:40.506] [cout] [info]   /jointset/elbow_l/elbow_flexion_l/value. bounds: [0, 2.618]
[2025-05-29 14:43:40.506] [cout] [info]   /jointset/ankle_l/ankle_angle_l/value. bounds: [-1.0472, 1.0472]
[2025-05-29 14:43:40.506] [cout] [info]   /jointset/knee_r/knee_angle_r/speed. bounds: [-50, 50]
[2025-05-29 14:43:40.506] [cout] [info]   /jointset/ground_pelvis/pelvis_ty/value. bounds: [-1, 2]
[2025-05-29 14:43:40.506] [cout] [info]   /jointset/elbow_l/elbow_flexion_l/speed. bounds: [-50, 50]
[2025-05-29 14:43:40.506] [cout] [info]   /jointset/ankle_l/ankle_angle_l/speed. bounds: [-50, 50]
[2025-05-29 14:43:40.506] [cout] [info]   /jointset/ground_pelvis/pelvis_ty/speed. bounds: [-50, 50]
[2025-05-29 14:43:40.506] [cout] [info]   /jointset/ankle_r/ankle_angle_r/value. bounds: [-1.5708, 1.5708]
[2025-05-29 14:43:40.506] [cout] [info]   /jointset/hip_r/hip_flexion_r/value. bounds: [-2.0944, 2.0944]
[2025-05-29 14:43:40.506] [cout] [info]   /jointset/ankle_r/ankle_angle_r/speed. bounds: [-50, 50]
[2025-05-29 14:43:40.506] [cout] [info]   /jointset/hip_r/hip_flexion_r/speed. bounds: [-50, 50]
[2025-05-29 14:43:40.506] [cout] [info]   /jointset/back/lumbar_ext/speed. bounds: [-50, 50]
[2025-05-29 14:43:40.506] [cout] [info]   /jointset/mtp_l/mtp_angle_l/speed. bounds: [-50, 50]
[2025-05-29 14:43:40.506] [cout] [info]   /jointset/knee_r/knee_angle_r/value. bounds: [-2.0944, 0]
[2025-05-29 14:43:40.506] [cout] [info]   /jointset/knee_l/knee_angle_l/speed. bounds: [-50, 50]
[2025-05-29 14:43:40.506] [cout] [info]   /jointset/hip_l/hip_flexion_l/value. bounds: [-2.0944, 2.0944]
[2025-05-29 14:43:40.506] [cout] [info]   /jointset/hip_l/hip_flexion_l/speed. bounds: [-50, 50]
[2025-05-29 14:43:40.506] [cout] [info]   /jointset/acromial_r/shoulder_flexion_r/value. bounds: [-1.5708, 1.5708]
[2025-05-29 14:43:40.506] [cout] [info]   /jointset/acromial_r/shoulder_flexion_r/speed. bounds: [-50, 50]
[2025-05-29 14:43:40.506] [cout] [info]   /jointset/elbow_r/elbow_flexion_r/value. bounds: [0, 2.618]
[2025-05-29 14:43:40.506] [cout] [info]   /jointset/elbow_r/elbow_flexion_r/speed. bounds: [-50, 50]
[2025-05-29 14:43:40.506] [cout] [info]   /jointset/acromial_l/shoulder_flexion_l/value. bounds: [-1.5708, 1.5708]
[2025-05-29 14:43:40.506] [cout] [info]   /jointset/acromial_l/shoulder_flexion_l/speed. bounds: [-50, 50]
[2025-05-29 14:43:40.506] [cout] [info] Controls: (total: 23)
[2025-05-29 14:43:40.506] [cout] [info]   /forceset/hamstrings_r. bounds: [0.01, 1]
[2025-05-29 14:43:40.506] [cout] [info]   /forceset/bifemsh_r. bounds: [0.01, 1]
[2025-05-29 14:43:40.506] [cout] [info]   /forceset/glut_max_r. bounds: [0.01, 1]
[2025-05-29 14:43:40.506] [cout] [info]   /forceset/iliopsoas_r. bounds: [0.01, 1]
[2025-05-29 14:43:40.506] [cout] [info]   /forceset/rect_fem_r. bounds: [0.01, 1]
[2025-05-29 14:43:40.506] [cout] [info]   /forceset/gastroc_r. bounds: [0.01, 1]
[2025-05-29 14:43:40.506] [cout] [info]   /forceset/vasti_r. bounds: [0.01, 1]
[2025-05-29 14:43:40.506] [cout] [info]   /forceset/soleus_r. bounds: [0.01, 1]
[2025-05-29 14:43:40.506] [cout] [info]   /forceset/dorsiflexors_r. bounds: [0.01, 1]
[2025-05-29 14:43:40.506] [cout] [info]   /forceset/hamstrings_l. bounds: [0.01, 1]
[2025-05-29 14:43:40.506] [cout] [info]   /forceset/elbow_flexion_l_torque. bounds: [-inf, inf]
[2025-05-29 14:43:40.506] [cout] [info]   /forceset/bifemsh_l. bounds: [0.01, 1]
[2025-05-29 14:43:40.506] [cout] [info]   /forceset/glut_max_l. bounds: [0.01, 1]
[2025-05-29 14:43:40.506] [cout] [info]   /forceset/lumbar_ext_torque. bounds: [-inf, inf]
[2025-05-29 14:43:40.506] [cout] [info]   /forceset/iliopsoas_l. bounds: [0.01, 1]
[2025-05-29 14:43:40.506] [cout] [info]   /forceset/rect_fem_l. bounds: [0.01, 1]
[2025-05-29 14:43:40.506] [cout] [info]   /forceset/gastroc_l. bounds: [0.01, 1]
[2025-05-29 14:43:40.506] [cout] [info]   /forceset/vasti_l. bounds: [0.01, 1]
[2025-05-29 14:43:40.506] [cout] [info]   /forceset/soleus_l. bounds: [0.01, 1]
[2025-05-29 14:43:40.506] [cout] [info]   /forceset/dorsiflexors_l. bounds: [0.01, 1]
[2025-05-29 14:43:40.506] [cout] [info]   /forceset/shoulder_flexion_r_torque. bounds: [-inf, inf]
[2025-05-29 14:43:40.506] [cout] [info]   /forceset/elbow_flexion_r_torque. bounds: [-inf, inf]
[2025-05-29 14:43:40.506] [cout] [info]   /forceset/shoulder_flexion_l_torque. bounds: [-inf, inf]
[2025-05-29 14:43:40.506] [cout] [info] Parameters: none
[2025-05-29 14:43:41.319] [info] Number of threads: 8
[2025-05-29 14:44:42.129] [info] Set log level to Info.
[2025-05-29 14:44:42.130] [info] ------------------------------------------------------------------------
[2025-05-29 14:44:42.130] [info] Elapsed real time: 62 second(s) (1 minute(s), 2 second(s)).
[2025-05-29 14:44:42.130] [info] Thu May 29 14:44:42 2025
[2025-05-29 14:44:42.130] [warning] MocoCasADiSolver did NOT succeed:
[2025-05-29 14:44:42.130] [warning]   User_Requested_Stop
[2025-05-29 14:44:42.130] [info] ========================================================================
[2025-05-29 14:45:24.365] [info] Loaded model 2014014_2d from file 2014014_C4_04_initial-model_2d.osim
[2025-05-29 14:45:58.608] [info] ========================================================================
[2025-05-29 14:45:58.608] [info] MocoCasADiSolver starting.
[2025-05-29 14:45:58.608] [info] Thu May 29 14:45:58 2025
[2025-05-29 14:45:58.608] [info] ------------------------------------------------------------------------
[2025-05-29 14:45:58.608] [cout] [info] Costs: (total: 4)
[2025-05-29 14:45:58.608] [cout] [info]   state_tracking. MocoStateTrackingGoal, enabled: true, mode: cost, weight: 1.0
[2025-05-29 14:45:58.608] [cout] [info]         state: /jointset/ground_pelvis/pelvis_tilt/value, weight: 12.1664
[2025-05-29 14:45:58.608] [cout] [info]         state: /jointset/ground_pelvis/pelvis_tx/value, weight: 0.0
[2025-05-29 14:45:58.608] [cout] [info]         state: /jointset/ground_pelvis/pelvis_ty/value, weight: 36.2107
[2025-05-29 14:45:58.608] [cout] [info]         state: /jointset/hip_r/hip_flexion_r/value, weight: 2.75586
[2025-05-29 14:45:58.608] [cout] [info]         state: /jointset/hip_l/hip_flexion_l/value, weight: 2.34071
[2025-05-29 14:45:58.608] [cout] [info]         state: /jointset/back/lumbar_ext/value, weight: 29.4037
[2025-05-29 14:45:58.608] [cout] [info]         state: /jointset/knee_r/knee_angle_r/value, weight: 0.925501
[2025-05-29 14:45:58.608] [cout] [info]         state: /jointset/knee_l/knee_angle_l/value, weight: 1.61229
[2025-05-29 14:45:58.608] [cout] [info]         state: /jointset/acromial_r/shoulder_flexion_r/value, weight: 6.17021
[2025-05-29 14:45:58.608] [cout] [info]         state: /jointset/acromial_l/shoulder_flexion_l/value, weight: 3.42741
[2025-05-29 14:45:58.608] [cout] [info]         state: /jointset/ankle_r/ankle_angle_r/value, weight: 6.2823
[2025-05-29 14:45:58.608] [cout] [info]         state: /jointset/ankle_l/ankle_angle_l/value, weight: 4.50354
[2025-05-29 14:45:58.608] [cout] [info]         state: /jointset/elbow_r/elbow_flexion_r/value, weight: 7.65053
[2025-05-29 14:45:58.608] [cout] [info]         state: /jointset/elbow_l/elbow_flexion_l/value, weight: 2.53764
[2025-05-29 14:45:58.608] [cout] [info]         state: /jointset/ground_pelvis/pelvis_tilt/speed, weight: 0.930004
[2025-05-29 14:45:58.608] [cout] [info]         state: /jointset/ground_pelvis/pelvis_tx/speed, weight: 0.0
[2025-05-29 14:45:58.608] [cout] [info]         state: /jointset/ground_pelvis/pelvis_ty/speed, weight: 2.72873
[2025-05-29 14:45:58.608] [cout] [info]         state: /jointset/hip_r/hip_flexion_r/speed, weight: 0.25556
[2025-05-29 14:45:58.608] [cout] [info]         state: /jointset/hip_l/hip_flexion_l/speed, weight: 0.339587
[2025-05-29 14:45:58.608] [cout] [info]         state: /jointset/back/lumbar_ext/speed, weight: 1.50353
[2025-05-29 14:45:58.608] [cout] [info]         state: /jointset/knee_r/knee_angle_r/speed, weight: 0.122041
[2025-05-29 14:45:58.608] [cout] [info]         state: /jointset/knee_l/knee_angle_l/speed, weight: 0.221248
[2025-05-29 14:45:58.608] [cout] [info]         state: /jointset/acromial_r/shoulder_flexion_r/speed, weight: 0.771884
[2025-05-29 14:45:58.608] [cout] [info]         state: /jointset/acromial_l/shoulder_flexion_l/speed, weight: 0.32994
[2025-05-29 14:45:58.608] [cout] [info]         state: /jointset/ankle_r/ankle_angle_r/speed, weight: 0.619564
[2025-05-29 14:45:58.608] [cout] [info]         state: /jointset/ankle_l/ankle_angle_l/speed, weight: 0.480794
[2025-05-29 14:45:58.608] [cout] [info]         state: /jointset/elbow_r/elbow_flexion_r/speed, weight: 1.70026
[2025-05-29 14:45:58.608] [cout] [info]         state: /jointset/elbow_l/elbow_flexion_l/speed, weight: 0.474488
[2025-05-29 14:45:58.608] [cout] [info]         state: /jointset/mtp_r/mtp_angle_r/value, weight: 0.0
[2025-05-29 14:45:58.608] [cout] [info]         state: /jointset/mtp_r/mtp_angle_r/speed, weight: 0.0
[2025-05-29 14:45:58.608] [cout] [info]         state: /jointset/mtp_l/mtp_angle_l/value, weight: 0.0
[2025-05-29 14:45:58.608] [cout] [info]         state: /jointset/mtp_l/mtp_angle_l/speed, weight: 0.0
[2025-05-29 14:45:58.608] [cout] [info]   control_effort. MocoControlGoal, enabled: true, mode: cost, weight: 10.0
[2025-05-29 14:45:58.608] [cout] [info]         control: /forceset/hamstrings_r, weight: 1.0
[2025-05-29 14:45:58.608] [cout] [info]         control: /forceset/bifemsh_r, weight: 1.0
[2025-05-29 14:45:58.608] [cout] [info]         control: /forceset/glut_max_r, weight: 1.0
[2025-05-29 14:45:58.608] [cout] [info]         control: /forceset/iliopsoas_r, weight: 1.0
[2025-05-29 14:45:58.608] [cout] [info]         control: /forceset/rect_fem_r, weight: 1.0
[2025-05-29 14:45:58.608] [cout] [info]         control: /forceset/vasti_r, weight: 1.0
[2025-05-29 14:45:58.608] [cout] [info]         control: /forceset/gastroc_r, weight: 1.0
[2025-05-29 14:45:58.608] [cout] [info]         control: /forceset/soleus_r, weight: 1.0
[2025-05-29 14:45:58.608] [cout] [info]         control: /forceset/dorsiflexors_r, weight: 1.0
[2025-05-29 14:45:58.608] [cout] [info]         control: /forceset/hamstrings_l, weight: 1.0
[2025-05-29 14:45:58.608] [cout] [info]         control: /forceset/bifemsh_l, weight: 1.0
[2025-05-29 14:45:58.608] [cout] [info]         control: /forceset/glut_max_l, weight: 1.0
[2025-05-29 14:45:58.608] [cout] [info]         control: /forceset/iliopsoas_l, weight: 1.0
[2025-05-29 14:45:58.608] [cout] [info]         control: /forceset/rect_fem_l, weight: 1.0
[2025-05-29 14:45:58.608] [cout] [info]         control: /forceset/vasti_l, weight: 1.0
[2025-05-29 14:45:58.608] [cout] [info]         control: /forceset/gastroc_l, weight: 1.0
[2025-05-29 14:45:58.608] [cout] [info]         control: /forceset/soleus_l, weight: 1.0
[2025-05-29 14:45:58.608] [cout] [info]         control: /forceset/dorsiflexors_l, weight: 1.0
[2025-05-29 14:45:58.608] [cout] [info]         control: /forceset/lumbar_ext_torque, weight: 1.0
[2025-05-29 14:45:58.608] [cout] [info]         control: /forceset/shoulder_flexion_r_torque, weight: 1.0
[2025-05-29 14:45:58.608] [cout] [info]         control: /forceset/elbow_flexion_r_torque, weight: 1.0
[2025-05-29 14:45:58.608] [cout] [info]         control: /forceset/shoulder_flexion_l_torque, weight: 1.0
[2025-05-29 14:45:58.608] [cout] [info]         control: /forceset/elbow_flexion_l_torque, weight: 1.0
[2025-05-29 14:45:58.608] [cout] [info]   contact. MocoContactTrackingGoal, enabled: true, mode: cost, weight: 0.5
[2025-05-29 14:45:58.608] [cout] [info]         projection type: plane
[2025-05-29 14:45:58.608] [cout] [info]         projection vector: ~[0,0,1]
[2025-05-29 14:45:58.608] [cout] [info]         group 0: ExternalForce: grf1
[2025-05-29 14:45:58.608] [cout] [info]             forces:
[2025-05-29 14:45:58.608] [cout] [info]                 /forceset/Contact_Foot_Ground_L1
[2025-05-29 14:45:58.608] [cout] [info]                 /forceset/Contact_Foot_Ground_L2
[2025-05-29 14:45:58.608] [cout] [info]                 /forceset/Contact_Foot_Ground_L3
[2025-05-29 14:45:58.608] [cout] [info]                 /forceset/Contact_Foot_Ground_L4
[2025-05-29 14:45:58.608] [cout] [info]                 /forceset/Contact_Foot_Ground_L5
[2025-05-29 14:45:58.608] [cout] [info]                 /forceset/Contact_Foot_Ground_L6
[2025-05-29 14:45:58.608] [cout] [info]                 /forceset/Contact_Foot_Ground_L7
[2025-05-29 14:45:58.608] [cout] [info]                 /forceset/Contact_Foot_Ground_L8
[2025-05-29 14:45:58.608] [cout] [info]         group 1: ExternalForce: grf2
[2025-05-29 14:45:58.608] [cout] [info]             forces:
[2025-05-29 14:45:58.608] [cout] [info]                 /forceset/Contact_Foot_Ground_R1
[2025-05-29 14:45:58.608] [cout] [info]                 /forceset/Contact_Foot_Ground_R2
[2025-05-29 14:45:58.608] [cout] [info]                 /forceset/Contact_Foot_Ground_R3
[2025-05-29 14:45:58.608] [cout] [info]                 /forceset/Contact_Foot_Ground_R4
[2025-05-29 14:45:58.608] [cout] [info]                 /forceset/Contact_Foot_Ground_R5
[2025-05-29 14:45:58.608] [cout] [info]                 /forceset/Contact_Foot_Ground_R6
[2025-05-29 14:45:58.608] [cout] [info]                 /forceset/Contact_Foot_Ground_R7
[2025-05-29 14:45:58.608] [cout] [info]                 /forceset/Contact_Foot_Ground_R8
[2025-05-29 14:45:58.608] [cout] [info]   symmetry. MocoPeriodicityGoal, enabled: true, mode: cost, weight: 0.00100000
[2025-05-29 14:45:58.608] [cout] [info]         state periodicity pairs:
[2025-05-29 14:45:58.608] [cout] [info]                 initial: /jointset/ground_pelvis/pelvis_tilt/value, final: /jointset/ground_pelvis/pelvis_tilt/value
[2025-05-29 14:45:58.608] [cout] [info]                 initial: /jointset/ground_pelvis/pelvis_tilt/speed, final: /jointset/ground_pelvis/pelvis_tilt/speed
[2025-05-29 14:45:58.608] [cout] [info]                 initial: /jointset/hip_r/hip_flexion_r/value, final: /jointset/hip_l/hip_flexion_l/value
[2025-05-29 14:45:58.608] [cout] [info]                 initial: /jointset/hip_r/hip_flexion_r/speed, final: /jointset/hip_l/hip_flexion_l/speed
[2025-05-29 14:45:58.608] [cout] [info]                 initial: /jointset/knee_r/knee_angle_r/value, final: /jointset/knee_l/knee_angle_l/value
[2025-05-29 14:45:58.608] [cout] [info]                 initial: /jointset/knee_r/knee_angle_r/speed, final: /jointset/knee_l/knee_angle_l/speed
[2025-05-29 14:45:58.608] [cout] [info]                 initial: /jointset/ankle_r/ankle_angle_r/value, final: /jointset/ankle_l/ankle_angle_l/value
[2025-05-29 14:45:58.608] [cout] [info]                 initial: /jointset/ankle_r/ankle_angle_r/speed, final: /jointset/ankle_l/ankle_angle_l/speed
[2025-05-29 14:45:58.608] [cout] [info]                 initial: /jointset/mtp_r/mtp_angle_r/value, final: /jointset/mtp_l/mtp_angle_l/value
[2025-05-29 14:45:58.608] [cout] [info]                 initial: /jointset/mtp_r/mtp_angle_r/speed, final: /jointset/mtp_l/mtp_angle_l/speed
[2025-05-29 14:45:58.608] [cout] [info]                 initial: /jointset/hip_l/hip_flexion_l/value, final: /jointset/hip_r/hip_flexion_r/value
[2025-05-29 14:45:58.608] [cout] [info]                 initial: /jointset/hip_l/hip_flexion_l/speed, final: /jointset/hip_r/hip_flexion_r/speed
[2025-05-29 14:45:58.608] [cout] [info]                 initial: /jointset/knee_l/knee_angle_l/value, final: /jointset/knee_r/knee_angle_r/value
[2025-05-29 14:45:58.608] [cout] [info]                 initial: /jointset/knee_l/knee_angle_l/speed, final: /jointset/knee_r/knee_angle_r/speed
[2025-05-29 14:45:58.608] [cout] [info]                 initial: /jointset/ankle_l/ankle_angle_l/value, final: /jointset/ankle_r/ankle_angle_r/value
[2025-05-29 14:45:58.608] [cout] [info]                 initial: /jointset/ankle_l/ankle_angle_l/speed, final: /jointset/ankle_r/ankle_angle_r/speed
[2025-05-29 14:45:58.608] [cout] [info]                 initial: /jointset/mtp_l/mtp_angle_l/value, final: /jointset/mtp_r/mtp_angle_r/value
[2025-05-29 14:45:58.608] [cout] [info]                 initial: /jointset/mtp_l/mtp_angle_l/speed, final: /jointset/mtp_r/mtp_angle_r/speed
[2025-05-29 14:45:58.608] [cout] [info]                 initial: /jointset/back/lumbar_ext/value, final: /jointset/back/lumbar_ext/value
[2025-05-29 14:45:58.608] [cout] [info]                 initial: /jointset/back/lumbar_ext/speed, final: /jointset/back/lumbar_ext/speed
[2025-05-29 14:45:58.608] [cout] [info]                 initial: /jointset/acromial_r/shoulder_flexion_r/value, final: /jointset/acromial_l/shoulder_flexion_l/value
[2025-05-29 14:45:58.609] [cout] [info]                 initial: /jointset/acromial_r/shoulder_flexion_r/speed, final: /jointset/acromial_l/shoulder_flexion_l/speed
[2025-05-29 14:45:58.609] [cout] [info]                 initial: /jointset/elbow_r/elbow_flexion_r/value, final: /jointset/elbow_l/elbow_flexion_l/value
[2025-05-29 14:45:58.609] [cout] [info]                 initial: /jointset/elbow_r/elbow_flexion_r/speed, final: /jointset/elbow_l/elbow_flexion_l/speed
[2025-05-29 14:45:58.609] [cout] [info]                 initial: /jointset/acromial_l/shoulder_flexion_l/value, final: /jointset/acromial_r/shoulder_flexion_r/value
[2025-05-29 14:45:58.609] [cout] [info]                 initial: /jointset/acromial_l/shoulder_flexion_l/speed, final: /jointset/acromial_r/shoulder_flexion_r/speed
[2025-05-29 14:45:58.609] [cout] [info]                 initial: /jointset/elbow_l/elbow_flexion_l/value, final: /jointset/elbow_r/elbow_flexion_r/value
[2025-05-29 14:45:58.609] [cout] [info]                 initial: /jointset/elbow_l/elbow_flexion_l/speed, final: /jointset/elbow_r/elbow_flexion_r/speed
[2025-05-29 14:45:58.609] [cout] [info]                 initial: /jointset/ground_pelvis/pelvis_ty/value, final: /jointset/ground_pelvis/pelvis_ty/value
[2025-05-29 14:45:58.609] [cout] [info]                 initial: /jointset/ground_pelvis/pelvis_ty/speed, final: /jointset/ground_pelvis/pelvis_ty/speed
[2025-05-29 14:45:58.609] [cout] [info]         control periodicity pairs:
[2025-05-29 14:45:58.609] [cout] [info] Endpoint constraints: (total: 2)
[2025-05-29 14:45:58.609] [cout] [info]   initial_activation. MocoInitialActivationGoal, enabled: true, mode: endpoint_constraint
[2025-05-29 14:45:58.609] [cout] [info]   speed. MocoAverageSpeedGoal, enabled: true, mode: endpoint_constraint
[2025-05-29 14:45:58.609] [cout] [info] Kinematic constraints: none
[2025-05-29 14:45:58.609] [cout] [info] Path constraints: none
[2025-05-29 14:45:58.609] [cout] [info] States: (total: 54)
[2025-05-29 14:45:58.609] [cout] [info]   /forceset/rect_fem_r/activation. bounds: [0.01, 2]
[2025-05-29 14:45:58.609] [cout] [info]   /forceset/gastroc_r/normalized_tendon_force. bounds: [0, 1.5]
[2025-05-29 14:45:58.609] [cout] [info]   /forceset/soleus_r/normalized_tendon_force. bounds: [0, 1.5]
[2025-05-29 14:45:58.609] [cout] [info]   /forceset/rect_fem_l/activation. bounds: [0.01, 2]
[2025-05-29 14:45:58.609] [cout] [info]   /forceset/gastroc_l/normalized_tendon_force. bounds: [0, 1.5]
[2025-05-29 14:45:58.609] [cout] [info]   /forceset/soleus_l/normalized_tendon_force. bounds: [0, 1.5]
[2025-05-29 14:45:58.609] [cout] [info]   /forceset/hamstrings_r/activation. bounds: [0.01, 2]
[2025-05-29 14:45:58.609] [cout] [info]   /jointset/knee_l/knee_angle_l/value. bounds: [-2.0944, 0] initial: [-0.179552, 0.0685416]
[2025-05-29 14:45:58.609] [cout] [info]   /forceset/bifemsh_r/activation. bounds: [0.01, 2]
[2025-05-29 14:45:58.609] [cout] [info]   /forceset/glut_max_r/activation. bounds: [0.01, 2]
[2025-05-29 14:45:58.609] [cout] [info]   /forceset/iliopsoas_r/activation. bounds: [0.01, 2]
[2025-05-29 14:45:58.609] [cout] [info]   /forceset/gastroc_r/activation. bounds: [0.01, 2]
[2025-05-29 14:45:58.609] [cout] [info]   /forceset/vasti_r/activation. bounds: [0.01, 2]
[2025-05-29 14:45:58.609] [cout] [info]   /forceset/soleus_r/activation. bounds: [0.01, 2]
[2025-05-29 14:45:58.609] [cout] [info]   /jointset/mtp_r/mtp_angle_r/speed. bounds: [-50, 50]
[2025-05-29 14:45:58.609] [cout] [info]   /jointset/ground_pelvis/pelvis_tilt/speed. bounds: [-50, 50]
[2025-05-29 14:45:58.609] [cout] [info]   /forceset/dorsiflexors_r/activation. bounds: [0.01, 2]
[2025-05-29 14:45:58.609] [cout] [info]   /jointset/mtp_r/mtp_angle_r/value. bounds: [-0.436332, 1.309]
[2025-05-29 14:45:58.609] [cout] [info]   /jointset/ground_pelvis/pelvis_tilt/value. bounds: [-1.5708, 1.5708] initial: [0.208948, 0.241825]
[2025-05-29 14:45:58.609] [cout] [info]   /forceset/hamstrings_l/activation. bounds: [0.01, 2]
[2025-05-29 14:45:58.609] [cout] [info]   /forceset/bifemsh_l/activation. bounds: [0.01, 2]
[2025-05-29 14:45:58.609] [cout] [info]   /jointset/ground_pelvis/pelvis_tx/speed. bounds: [-50, 50]
[2025-05-29 14:45:58.609] [cout] [info]   /forceset/glut_max_l/activation. bounds: [0.01, 2]
[2025-05-29 14:45:58.609] [cout] [info]   /forceset/iliopsoas_l/activation. bounds: [0.01, 2]
[2025-05-29 14:45:58.609] [cout] [info]   /forceset/gastroc_l/activation. bounds: [0.01, 2]
[2025-05-29 14:45:58.609] [cout] [info]   /forceset/vasti_l/activation. bounds: [0.01, 2]
[2025-05-29 14:45:58.609] [cout] [info]   /forceset/soleus_l/activation. bounds: [0.01, 2]
[2025-05-29 14:45:58.609] [cout] [info]   /jointset/back/lumbar_ext/value. bounds: [-1.5708, 1.5708] initial: [-0.380067, -0.366463]
[2025-05-29 14:45:58.609] [cout] [info]   /jointset/mtp_l/mtp_angle_l/value. bounds: [-0.436332, 1.309]
[2025-05-29 14:45:58.609] [cout] [info]   /forceset/dorsiflexors_l/activation. bounds: [0.01, 2]
[2025-05-29 14:45:58.609] [cout] [info]   /jointset/ground_pelvis/pelvis_tx/value. bounds: [-5, 5] initial: [0.0519195, 0.299056]
[2025-05-29 14:45:58.609] [cout] [info]   /jointset/knee_r/knee_angle_r/speed. bounds: [-50, 50]
[2025-05-29 14:45:58.609] [cout] [info]   /jointset/elbow_l/elbow_flexion_l/value. bounds: [0, 2.618] initial: [0.272883, 0.43051]
[2025-05-29 14:45:58.609] [cout] [info]   /jointset/ankle_l/ankle_angle_l/value. bounds: [-1.0472, 1.0472] initial: [-0.101604, -0.0127849]
[2025-05-29 14:45:58.609] [cout] [info]   /jointset/ground_pelvis/pelvis_ty/value. bounds: [-1, 2] initial: [1.0265, 1.12926]
[2025-05-29 14:45:58.609] [cout] [info]   /jointset/ankle_r/ankle_angle_r/value. bounds: [-1.5708, 1.5708] initial: [-0.226351, -0.16268]
[2025-05-29 14:45:58.609] [cout] [info]   /jointset/hip_r/hip_flexion_r/value. bounds: [-2.0944, 2.0944] initial: [-0.279284, -0.134139]
[2025-05-29 14:45:58.609] [cout] [info]   /jointset/back/lumbar_ext/speed. bounds: [-50, 50]
[2025-05-29 14:45:58.609] [cout] [info]   /jointset/mtp_l/mtp_angle_l/speed. bounds: [-50, 50]
[2025-05-29 14:45:58.609] [cout] [info]   /jointset/knee_r/knee_angle_r/value. bounds: [-2.0944, 0] initial: [-1.1847, -0.752503]
[2025-05-29 14:45:58.609] [cout] [info]   /jointset/knee_l/knee_angle_l/speed. bounds: [-50, 50]
[2025-05-29 14:45:58.609] [cout] [info]   /jointset/hip_l/hip_flexion_l/value. bounds: [-2.0944, 2.0944] initial: [-0.167733, 0.00315562]
[2025-05-29 14:45:58.609] [cout] [info]   /jointset/acromial_r/shoulder_flexion_r/value. bounds: [-1.5708, 1.5708] initial: [0.0744976, 0.139325]
[2025-05-29 14:45:58.609] [cout] [info]   /jointset/elbow_r/elbow_flexion_r/value. bounds: [0, 2.618] initial: [0.375454, 0.427738]
[2025-05-29 14:45:58.609] [cout] [info]   /jointset/acromial_l/shoulder_flexion_l/value. bounds: [-1.5708, 1.5708] initial: [-0.141572, -0.0248661]
[2025-05-29 14:45:58.609] [cout] [info]   /jointset/elbow_l/elbow_flexion_l/speed. bounds: [-50, 50]
[2025-05-29 14:45:58.609] [cout] [info]   /jointset/ankle_l/ankle_angle_l/speed. bounds: [-50, 50]
[2025-05-29 14:45:58.609] [cout] [info]   /jointset/ground_pelvis/pelvis_ty/speed. bounds: [-50, 50]
[2025-05-29 14:45:58.609] [cout] [info]   /jointset/ankle_r/ankle_angle_r/speed. bounds: [-50, 50]
[2025-05-29 14:45:58.609] [cout] [info]   /jointset/hip_r/hip_flexion_r/speed. bounds: [-50, 50]
[2025-05-29 14:45:58.609] [cout] [info]   /jointset/hip_l/hip_flexion_l/speed. bounds: [-50, 50]
[2025-05-29 14:45:58.609] [cout] [info]   /jointset/acromial_r/shoulder_flexion_r/speed. bounds: [-50, 50]
[2025-05-29 14:45:58.609] [cout] [info]   /jointset/elbow_r/elbow_flexion_r/speed. bounds: [-50, 50]
[2025-05-29 14:45:58.609] [cout] [info]   /jointset/acromial_l/shoulder_flexion_l/speed. bounds: [-50, 50]
[2025-05-29 14:45:58.609] [cout] [info] Controls: (total: 23)
[2025-05-29 14:45:58.609] [cout] [info]   /forceset/hamstrings_r. bounds: [0.01, 1]
[2025-05-29 14:45:58.609] [cout] [info]   /forceset/bifemsh_r. bounds: [0.01, 1]
[2025-05-29 14:45:58.609] [cout] [info]   /forceset/glut_max_r. bounds: [0.01, 1]
[2025-05-29 14:45:58.609] [cout] [info]   /forceset/iliopsoas_r. bounds: [0.01, 1]
[2025-05-29 14:45:58.609] [cout] [info]   /forceset/rect_fem_r. bounds: [0.01, 1]
[2025-05-29 14:45:58.609] [cout] [info]   /forceset/gastroc_r. bounds: [0.01, 1]
[2025-05-29 14:45:58.609] [cout] [info]   /forceset/vasti_r. bounds: [0.01, 1]
[2025-05-29 14:45:58.609] [cout] [info]   /forceset/soleus_r. bounds: [0.01, 1]
[2025-05-29 14:45:58.609] [cout] [info]   /forceset/dorsiflexors_r. bounds: [0.01, 1]
[2025-05-29 14:45:58.609] [cout] [info]   /forceset/hamstrings_l. bounds: [0.01, 1]
[2025-05-29 14:45:58.609] [cout] [info]   /forceset/elbow_flexion_l_torque. bounds: [-inf, inf]
[2025-05-29 14:45:58.609] [cout] [info]   /forceset/bifemsh_l. bounds: [0.01, 1]
[2025-05-29 14:45:58.609] [cout] [info]   /forceset/glut_max_l. bounds: [0.01, 1]
[2025-05-29 14:45:58.609] [cout] [info]   /forceset/lumbar_ext_torque. bounds: [-inf, inf]
[2025-05-29 14:45:58.609] [cout] [info]   /forceset/iliopsoas_l. bounds: [0.01, 1]
[2025-05-29 14:45:58.609] [cout] [info]   /forceset/rect_fem_l. bounds: [0.01, 1]
[2025-05-29 14:45:58.610] [cout] [info]   /forceset/gastroc_l. bounds: [0.01, 1]
[2025-05-29 14:45:58.610] [cout] [info]   /forceset/vasti_l. bounds: [0.01, 1]
[2025-05-29 14:45:58.610] [cout] [info]   /forceset/soleus_l. bounds: [0.01, 1]
[2025-05-29 14:45:58.610] [cout] [info]   /forceset/dorsiflexors_l. bounds: [0.01, 1]
[2025-05-29 14:45:58.610] [cout] [info]   /forceset/shoulder_flexion_r_torque. bounds: [-inf, inf]
[2025-05-29 14:45:58.610] [cout] [info]   /forceset/elbow_flexion_r_torque. bounds: [-inf, inf]
[2025-05-29 14:45:58.610] [cout] [info]   /forceset/shoulder_flexion_l_torque. bounds: [-inf, inf]
[2025-05-29 14:45:58.610] [cout] [info] Parameters: none
[2025-05-29 14:45:59.418] [info] Number of threads: 8
[2025-05-29 14:47:13.220] [info] Set log level to Info.
[2025-05-29 14:47:13.221] [info] ------------------------------------------------------------------------
[2025-05-29 14:47:13.221] [info] Elapsed real time: 75 second(s) (1 minute(s), 15 second(s)).
[2025-05-29 14:47:13.221] [info] Thu May 29 14:47:13 2025
[2025-05-29 14:47:13.221] [warning] MocoCasADiSolver did NOT succeed:
[2025-05-29 14:47:13.221] [warning]   User_Requested_Stop
[2025-05-29 14:47:13.221] [info] ========================================================================
[2025-05-29 14:47:45.700] [cout] [info] Exiting visualization.
[2025-05-29 14:47:56.172] [info] Loaded model 2014014_2d from file 2014014_C4_04_initial-model_2d.osim
[2025-05-29 14:48:52.886] [info] ========================================================================
[2025-05-29 14:48:52.886] [info] MocoCasADiSolver starting.
[2025-05-29 14:48:52.886] [info] Thu May 29 14:48:52 2025
[2025-05-29 14:48:52.886] [info] ------------------------------------------------------------------------
[2025-05-29 14:48:52.886] [cout] [info] Costs: (total: 3)
[2025-05-29 14:48:52.886] [cout] [info]   state_tracking. MocoStateTrackingGoal, enabled: true, mode: cost, weight: 1.0
[2025-05-29 14:48:52.886] [cout] [info]         state: /jointset/ground_pelvis/pelvis_tilt/value, weight: 12.1664
[2025-05-29 14:48:52.886] [cout] [info]         state: /jointset/ground_pelvis/pelvis_tx/value, weight: 0.0
[2025-05-29 14:48:52.886] [cout] [info]         state: /jointset/ground_pelvis/pelvis_ty/value, weight: 36.2107
[2025-05-29 14:48:52.886] [cout] [info]         state: /jointset/hip_r/hip_flexion_r/value, weight: 2.75586
[2025-05-29 14:48:52.886] [cout] [info]         state: /jointset/hip_l/hip_flexion_l/value, weight: 2.34071
[2025-05-29 14:48:52.886] [cout] [info]         state: /jointset/back/lumbar_ext/value, weight: 29.4037
[2025-05-29 14:48:52.886] [cout] [info]         state: /jointset/knee_r/knee_angle_r/value, weight: 0.925501
[2025-05-29 14:48:52.886] [cout] [info]         state: /jointset/knee_l/knee_angle_l/value, weight: 1.61229
[2025-05-29 14:48:52.886] [cout] [info]         state: /jointset/acromial_r/shoulder_flexion_r/value, weight: 6.17021
[2025-05-29 14:48:52.886] [cout] [info]         state: /jointset/acromial_l/shoulder_flexion_l/value, weight: 3.42741
[2025-05-29 14:48:52.886] [cout] [info]         state: /jointset/ankle_r/ankle_angle_r/value, weight: 6.2823
[2025-05-29 14:48:52.886] [cout] [info]         state: /jointset/ankle_l/ankle_angle_l/value, weight: 4.50354
[2025-05-29 14:48:52.886] [cout] [info]         state: /jointset/elbow_r/elbow_flexion_r/value, weight: 7.65053
[2025-05-29 14:48:52.886] [cout] [info]         state: /jointset/elbow_l/elbow_flexion_l/value, weight: 2.53764
[2025-05-29 14:48:52.886] [cout] [info]         state: /jointset/ground_pelvis/pelvis_tilt/speed, weight: 0.930004
[2025-05-29 14:48:52.886] [cout] [info]         state: /jointset/ground_pelvis/pelvis_tx/speed, weight: 0.0
[2025-05-29 14:48:52.886] [cout] [info]         state: /jointset/ground_pelvis/pelvis_ty/speed, weight: 2.72873
[2025-05-29 14:48:52.886] [cout] [info]         state: /jointset/hip_r/hip_flexion_r/speed, weight: 0.25556
[2025-05-29 14:48:52.886] [cout] [info]         state: /jointset/hip_l/hip_flexion_l/speed, weight: 0.339587
[2025-05-29 14:48:52.886] [cout] [info]         state: /jointset/back/lumbar_ext/speed, weight: 1.50353
[2025-05-29 14:48:52.886] [cout] [info]         state: /jointset/knee_r/knee_angle_r/speed, weight: 0.122041
[2025-05-29 14:48:52.886] [cout] [info]         state: /jointset/knee_l/knee_angle_l/speed, weight: 0.221248
[2025-05-29 14:48:52.886] [cout] [info]         state: /jointset/acromial_r/shoulder_flexion_r/speed, weight: 0.771884
[2025-05-29 14:48:52.886] [cout] [info]         state: /jointset/acromial_l/shoulder_flexion_l/speed, weight: 0.32994
[2025-05-29 14:48:52.886] [cout] [info]         state: /jointset/ankle_r/ankle_angle_r/speed, weight: 0.619564
[2025-05-29 14:48:52.886] [cout] [info]         state: /jointset/ankle_l/ankle_angle_l/speed, weight: 0.480794
[2025-05-29 14:48:52.886] [cout] [info]         state: /jointset/elbow_r/elbow_flexion_r/speed, weight: 1.70026
[2025-05-29 14:48:52.886] [cout] [info]         state: /jointset/elbow_l/elbow_flexion_l/speed, weight: 0.474488
[2025-05-29 14:48:52.886] [cout] [info]         state: /jointset/mtp_r/mtp_angle_r/value, weight: 0.0
[2025-05-29 14:48:52.886] [cout] [info]         state: /jointset/mtp_r/mtp_angle_r/speed, weight: 0.0
[2025-05-29 14:48:52.886] [cout] [info]         state: /jointset/mtp_l/mtp_angle_l/value, weight: 0.0
[2025-05-29 14:48:52.886] [cout] [info]         state: /jointset/mtp_l/mtp_angle_l/speed, weight: 0.0
[2025-05-29 14:48:52.886] [cout] [info]   control_effort. MocoControlGoal, enabled: true, mode: cost, weight: 10.0
[2025-05-29 14:48:52.886] [cout] [info]         control: /forceset/hamstrings_r, weight: 1.0
[2025-05-29 14:48:52.886] [cout] [info]         control: /forceset/bifemsh_r, weight: 1.0
[2025-05-29 14:48:52.886] [cout] [info]         control: /forceset/glut_max_r, weight: 1.0
[2025-05-29 14:48:52.886] [cout] [info]         control: /forceset/iliopsoas_r, weight: 1.0
[2025-05-29 14:48:52.886] [cout] [info]         control: /forceset/rect_fem_r, weight: 1.0
[2025-05-29 14:48:52.886] [cout] [info]         control: /forceset/vasti_r, weight: 1.0
[2025-05-29 14:48:52.886] [cout] [info]         control: /forceset/gastroc_r, weight: 1.0
[2025-05-29 14:48:52.886] [cout] [info]         control: /forceset/soleus_r, weight: 1.0
[2025-05-29 14:48:52.886] [cout] [info]         control: /forceset/dorsiflexors_r, weight: 1.0
[2025-05-29 14:48:52.886] [cout] [info]         control: /forceset/hamstrings_l, weight: 1.0
[2025-05-29 14:48:52.886] [cout] [info]         control: /forceset/bifemsh_l, weight: 1.0
[2025-05-29 14:48:52.886] [cout] [info]         control: /forceset/glut_max_l, weight: 1.0
[2025-05-29 14:48:52.887] [cout] [info]         control: /forceset/iliopsoas_l, weight: 1.0
[2025-05-29 14:48:52.887] [cout] [info]         control: /forceset/rect_fem_l, weight: 1.0
[2025-05-29 14:48:52.887] [cout] [info]         control: /forceset/vasti_l, weight: 1.0
[2025-05-29 14:48:52.887] [cout] [info]         control: /forceset/gastroc_l, weight: 1.0
[2025-05-29 14:48:52.887] [cout] [info]         control: /forceset/soleus_l, weight: 1.0
[2025-05-29 14:48:52.887] [cout] [info]         control: /forceset/dorsiflexors_l, weight: 1.0
[2025-05-29 14:48:52.887] [cout] [info]         control: /forceset/lumbar_ext_torque, weight: 1.0
[2025-05-29 14:48:52.887] [cout] [info]         control: /forceset/shoulder_flexion_r_torque, weight: 1.0
[2025-05-29 14:48:52.887] [cout] [info]         control: /forceset/elbow_flexion_r_torque, weight: 1.0
[2025-05-29 14:48:52.887] [cout] [info]         control: /forceset/shoulder_flexion_l_torque, weight: 1.0
[2025-05-29 14:48:52.887] [cout] [info]         control: /forceset/elbow_flexion_l_torque, weight: 1.0
[2025-05-29 14:48:52.887] [cout] [info]   contact. MocoContactTrackingGoal, enabled: true, mode: cost, weight: 0.5
[2025-05-29 14:48:52.887] [cout] [info]         projection type: plane
[2025-05-29 14:48:52.887] [cout] [info]         projection vector: ~[0,0,1]
[2025-05-29 14:48:52.887] [cout] [info]         group 0: ExternalForce: grf1
[2025-05-29 14:48:52.887] [cout] [info]             forces:
[2025-05-29 14:48:52.887] [cout] [info]                 /forceset/Contact_Foot_Ground_L1
[2025-05-29 14:48:52.887] [cout] [info]                 /forceset/Contact_Foot_Ground_L2
[2025-05-29 14:48:52.887] [cout] [info]                 /forceset/Contact_Foot_Ground_L3
[2025-05-29 14:48:52.887] [cout] [info]                 /forceset/Contact_Foot_Ground_L4
[2025-05-29 14:48:52.887] [cout] [info]                 /forceset/Contact_Foot_Ground_L5
[2025-05-29 14:48:52.887] [cout] [info]                 /forceset/Contact_Foot_Ground_L6
[2025-05-29 14:48:52.887] [cout] [info]                 /forceset/Contact_Foot_Ground_L7
[2025-05-29 14:48:52.887] [cout] [info]                 /forceset/Contact_Foot_Ground_L8
[2025-05-29 14:48:52.887] [cout] [info]         group 1: ExternalForce: grf2
[2025-05-29 14:48:52.887] [cout] [info]             forces:
[2025-05-29 14:48:52.887] [cout] [info]                 /forceset/Contact_Foot_Ground_R1
[2025-05-29 14:48:52.887] [cout] [info]                 /forceset/Contact_Foot_Ground_R2
[2025-05-29 14:48:52.887] [cout] [info]                 /forceset/Contact_Foot_Ground_R3
[2025-05-29 14:48:52.887] [cout] [info]                 /forceset/Contact_Foot_Ground_R4
[2025-05-29 14:48:52.887] [cout] [info]                 /forceset/Contact_Foot_Ground_R5
[2025-05-29 14:48:52.887] [cout] [info]                 /forceset/Contact_Foot_Ground_R6
[2025-05-29 14:48:52.887] [cout] [info]                 /forceset/Contact_Foot_Ground_R7
[2025-05-29 14:48:52.887] [cout] [info]                 /forceset/Contact_Foot_Ground_R8
[2025-05-29 14:48:52.887] [cout] [info] Endpoint constraints: (total: 2)
[2025-05-29 14:48:52.887] [cout] [info]   initial_activation. MocoInitialActivationGoal, enabled: true, mode: endpoint_constraint
[2025-05-29 14:48:52.887] [cout] [info]   speed. MocoAverageSpeedGoal, enabled: true, mode: endpoint_constraint
[2025-05-29 14:48:52.887] [cout] [info] Kinematic constraints: none
[2025-05-29 14:48:52.887] [cout] [info] Path constraints: none
[2025-05-29 14:48:52.887] [cout] [info] States: (total: 54)
[2025-05-29 14:48:52.887] [cout] [info]   /forceset/rect_fem_r/activation. bounds: [0.01, 2]
[2025-05-29 14:48:52.887] [cout] [info]   /forceset/gastroc_r/normalized_tendon_force. bounds: [0, 1.5]
[2025-05-29 14:48:52.887] [cout] [info]   /forceset/soleus_r/normalized_tendon_force. bounds: [0, 1.5]
[2025-05-29 14:48:52.887] [cout] [info]   /forceset/rect_fem_l/activation. bounds: [0.01, 2]
[2025-05-29 14:48:52.887] [cout] [info]   /forceset/gastroc_l/normalized_tendon_force. bounds: [0, 1.5]
[2025-05-29 14:48:52.887] [cout] [info]   /forceset/soleus_l/normalized_tendon_force. bounds: [0, 1.5]
[2025-05-29 14:48:52.887] [cout] [info]   /forceset/hamstrings_r/activation. bounds: [0.01, 2]
[2025-05-29 14:48:52.887] [cout] [info]   /jointset/knee_l/knee_angle_l/value. bounds: [-0.744281, 0.124047] initial: [-0.179552, 0.0685416]
[2025-05-29 14:48:52.887] [cout] [info]   /forceset/bifemsh_r/activation. bounds: [0.01, 2]
[2025-05-29 14:48:52.887] [cout] [info]   /forceset/glut_max_r/activation. bounds: [0.01, 2]
[2025-05-29 14:48:52.887] [cout] [info]   /forceset/iliopsoas_r/activation. bounds: [0.01, 2]
[2025-05-29 14:48:52.887] [cout] [info]   /forceset/gastroc_r/activation. bounds: [0.01, 2]
[2025-05-29 14:48:52.887] [cout] [info]   /forceset/vasti_r/activation. bounds: [0.01, 2]
[2025-05-29 14:48:52.887] [cout] [info]   /forceset/soleus_r/activation. bounds: [0.01, 2]
[2025-05-29 14:48:52.887] [cout] [info]   /jointset/mtp_r/mtp_angle_r/speed. bounds: [-50, 50]
[2025-05-29 14:48:52.887] [cout] [info]   /jointset/ground_pelvis/pelvis_tilt/speed. bounds: [-50, 50]
[2025-05-29 14:48:52.887] [cout] [info]   /forceset/dorsiflexors_r/activation. bounds: [0.01, 2]
[2025-05-29 14:48:52.887] [cout] [info]   /jointset/mtp_r/mtp_angle_r/value. bounds: [-0.436332, 1.309]
[2025-05-29 14:48:52.887] [cout] [info]   /jointset/ground_pelvis/pelvis_tilt/value. bounds: [0.197792, 0.312863] initial: [0.208948, 0.241825]
[2025-05-29 14:48:52.887] [cout] [info]   /forceset/hamstrings_l/activation. bounds: [0.01, 2]
[2025-05-29 14:48:52.887] [cout] [info]   /forceset/bifemsh_l/activation. bounds: [0.01, 2]
[2025-05-29 14:48:52.887] [cout] [info]   /jointset/ground_pelvis/pelvis_tx/speed. bounds: [-50, 50]
[2025-05-29 14:48:52.887] [cout] [info]   /forceset/glut_max_l/activation. bounds: [0.01, 2]
[2025-05-29 14:48:52.887] [cout] [info]   /forceset/iliopsoas_l/activation. bounds: [0.01, 2]
[2025-05-29 14:48:52.887] [cout] [info]   /forceset/gastroc_l/activation. bounds: [0.01, 2]
[2025-05-29 14:48:52.887] [cout] [info]   /forceset/vasti_l/activation. bounds: [0.01, 2]
[2025-05-29 14:48:52.887] [cout] [info]   /forceset/soleus_l/activation. bounds: [0.01, 2]
[2025-05-29 14:48:52.887] [cout] [info]   /jointset/back/lumbar_ext/value. bounds: [-0.407582, -0.359969] initial: [-0.380067, -0.366463]
[2025-05-29 14:48:52.887] [cout] [info]   /jointset/mtp_l/mtp_angle_l/value. bounds: [-0.436332, 1.309]
[2025-05-29 14:48:52.887] [cout] [info]   /forceset/dorsiflexors_l/activation. bounds: [0.01, 2]
[2025-05-29 14:48:52.887] [cout] [info]   /jointset/ground_pelvis/pelvis_tx/value. bounds: [0.0519195, 0.916899] initial: [0.0519195, 0.299056]
[2025-05-29 14:48:52.887] [cout] [info]   /jointset/knee_r/knee_angle_r/speed. bounds: [-50, 50]
[2025-05-29 14:48:52.887] [cout] [info]   /jointset/elbow_l/elbow_flexion_l/value. bounds: [0.272883, 0.824577] initial: [0.272883, 0.43051]
[2025-05-29 14:48:52.887] [cout] [info]   /jointset/ankle_l/ankle_angle_l/value. bounds: [-0.193578, 0.117288] initial: [-0.101604, -0.0127849]
[2025-05-29 14:48:52.887] [cout] [info]   /jointset/ground_pelvis/pelvis_ty/value. bounds: [1.01463, 1.14777] initial: [1.0265, 1.12926]
[2025-05-29 14:48:52.887] [cout] [info]   /jointset/ankle_r/ankle_angle_r/value. bounds: [-0.226351, -0.00350295] initial: [-0.226351, -0.16268]
[2025-05-29 14:48:52.887] [cout] [info]   /jointset/hip_r/hip_flexion_r/value. bounds: [-0.279284, 0.228724] initial: [-0.279284, -0.134139]
[2025-05-29 14:48:52.887] [cout] [info]   /jointset/back/lumbar_ext/speed. bounds: [-50, 50]
[2025-05-29 14:48:52.887] [cout] [info]   /jointset/mtp_l/mtp_angle_l/speed. bounds: [-50, 50]
[2025-05-29 14:48:52.887] [cout] [info]   /jointset/knee_r/knee_angle_r/value. bounds: [-1.32143, 0.191267] initial: [-1.1847, -0.752503]
[2025-05-29 14:48:52.887] [cout] [info]   /jointset/knee_l/knee_angle_l/speed. bounds: [-50, 50]
[2025-05-29 14:48:52.887] [cout] [info]   /jointset/hip_l/hip_flexion_l/value. bounds: [-0.594953, 0.00315562] initial: [-0.167733, 0.00315562]
[2025-05-29 14:48:52.887] [cout] [info]   /jointset/acromial_r/shoulder_flexion_r/value. bounds: [-0.0875714, 0.139325] initial: [0.0744976, 0.139325]
[2025-05-29 14:48:52.887] [cout] [info]   /jointset/elbow_r/elbow_flexion_r/value. bounds: [0.244744, 0.427738] initial: [0.375454, 0.427738]
[2025-05-29 14:48:52.887] [cout] [info]   /jointset/acromial_l/shoulder_flexion_l/value. bounds: [-0.141572, 0.266899] initial: [-0.141572, -0.0248661]
[2025-05-29 14:48:52.887] [cout] [info]   /jointset/elbow_l/elbow_flexion_l/speed. bounds: [-50, 50]
[2025-05-29 14:48:52.887] [cout] [info]   /jointset/ankle_l/ankle_angle_l/speed. bounds: [-50, 50]
[2025-05-29 14:48:52.887] [cout] [info]   /jointset/ground_pelvis/pelvis_ty/speed. bounds: [-50, 50]
[2025-05-29 14:48:52.887] [cout] [info]   /jointset/ankle_r/ankle_angle_r/speed. bounds: [-50, 50]
[2025-05-29 14:48:52.887] [cout] [info]   /jointset/hip_r/hip_flexion_r/speed. bounds: [-50, 50]
[2025-05-29 14:48:52.887] [cout] [info]   /jointset/hip_l/hip_flexion_l/speed. bounds: [-50, 50]
[2025-05-29 14:48:52.887] [cout] [info]   /jointset/acromial_r/shoulder_flexion_r/speed. bounds: [-50, 50]
[2025-05-29 14:48:52.887] [cout] [info]   /jointset/elbow_r/elbow_flexion_r/speed. bounds: [-50, 50]
[2025-05-29 14:48:52.887] [cout] [info]   /jointset/acromial_l/shoulder_flexion_l/speed. bounds: [-50, 50]
[2025-05-29 14:48:52.887] [cout] [info] Controls: (total: 23)
[2025-05-29 14:48:52.887] [cout] [info]   /forceset/hamstrings_r. bounds: [0.01, 1]
[2025-05-29 14:48:52.887] [cout] [info]   /forceset/bifemsh_r. bounds: [0.01, 1]
[2025-05-29 14:48:52.887] [cout] [info]   /forceset/glut_max_r. bounds: [0.01, 1]
[2025-05-29 14:48:52.887] [cout] [info]   /forceset/iliopsoas_r. bounds: [0.01, 1]
[2025-05-29 14:48:52.888] [cout] [info]   /forceset/rect_fem_r. bounds: [0.01, 1]
[2025-05-29 14:48:52.888] [cout] [info]   /forceset/gastroc_r. bounds: [0.01, 1]
[2025-05-29 14:48:52.888] [cout] [info]   /forceset/vasti_r. bounds: [0.01, 1]
[2025-05-29 14:48:52.888] [cout] [info]   /forceset/soleus_r. bounds: [0.01, 1]
[2025-05-29 14:48:52.888] [cout] [info]   /forceset/dorsiflexors_r. bounds: [0.01, 1]
[2025-05-29 14:48:52.888] [cout] [info]   /forceset/hamstrings_l. bounds: [0.01, 1]
[2025-05-29 14:48:52.888] [cout] [info]   /forceset/elbow_flexion_l_torque. bounds: [-inf, inf]
[2025-05-29 14:48:52.888] [cout] [info]   /forceset/bifemsh_l. bounds: [0.01, 1]
[2025-05-29 14:48:52.888] [cout] [info]   /forceset/glut_max_l. bounds: [0.01, 1]
[2025-05-29 14:48:52.888] [cout] [info]   /forceset/lumbar_ext_torque. bounds: [-inf, inf]
[2025-05-29 14:48:52.888] [cout] [info]   /forceset/iliopsoas_l. bounds: [0.01, 1]
[2025-05-29 14:48:52.888] [cout] [info]   /forceset/rect_fem_l. bounds: [0.01, 1]
[2025-05-29 14:48:52.888] [cout] [info]   /forceset/gastroc_l. bounds: [0.01, 1]
[2025-05-29 14:48:52.888] [cout] [info]   /forceset/vasti_l. bounds: [0.01, 1]
[2025-05-29 14:48:52.888] [cout] [info]   /forceset/soleus_l. bounds: [0.01, 1]
[2025-05-29 14:48:52.888] [cout] [info]   /forceset/dorsiflexors_l. bounds: [0.01, 1]
[2025-05-29 14:48:52.888] [cout] [info]   /forceset/shoulder_flexion_r_torque. bounds: [-inf, inf]
[2025-05-29 14:48:52.888] [cout] [info]   /forceset/elbow_flexion_r_torque. bounds: [-inf, inf]
[2025-05-29 14:48:52.888] [cout] [info]   /forceset/shoulder_flexion_l_torque. bounds: [-inf, inf]
[2025-05-29 14:48:52.888] [cout] [info] Parameters: none
[2025-05-29 14:48:53.744] [info] Number of threads: 8
[2025-05-29 15:01:04.524] [info] Set log level to Info.
[2025-05-29 15:01:04.527] [info] ------------------------------------------------------------------------
[2025-05-29 15:01:04.527] [info] Elapsed real time: 732 second(s) (12 minute(s), 12 second(s)).
[2025-05-29 15:01:04.527] [info] Thu May 29 15:01:04 2025
[2025-05-29 15:01:04.527] [warning] MocoCasADiSolver did NOT succeed:
[2025-05-29 15:01:04.527] [warning]   User_Requested_Stop
[2025-05-29 15:01:04.527] [info] ========================================================================
[2025-05-29 15:01:31.441] [cout] [info] Exiting visualization.
[2025-05-29 15:03:40.146] [info] ========================================================================
[2025-05-29 15:03:40.146] [info] MocoCasADiSolver starting.
[2025-05-29 15:03:40.146] [info] Thu May 29 15:03:40 2025
[2025-05-29 15:03:40.146] [info] ------------------------------------------------------------------------
[2025-05-29 15:03:40.146] [cout] [info] Costs: (total: 3)
[2025-05-29 15:03:40.146] [cout] [info]   state_tracking. MocoStateTrackingGoal, enabled: true, mode: cost, weight: 1.0
[2025-05-29 15:03:40.146] [cout] [info]         state: /jointset/ground_pelvis/pelvis_tilt/value, weight: 12.1664
[2025-05-29 15:03:40.146] [cout] [info]         state: /jointset/ground_pelvis/pelvis_tx/value, weight: 0.0
[2025-05-29 15:03:40.146] [cout] [info]         state: /jointset/ground_pelvis/pelvis_ty/value, weight: 36.2107
[2025-05-29 15:03:40.146] [cout] [info]         state: /jointset/hip_r/hip_flexion_r/value, weight: 2.75586
[2025-05-29 15:03:40.146] [cout] [info]         state: /jointset/hip_l/hip_flexion_l/value, weight: 2.34071
[2025-05-29 15:03:40.146] [cout] [info]         state: /jointset/back/lumbar_ext/value, weight: 29.4037
[2025-05-29 15:03:40.146] [cout] [info]         state: /jointset/knee_r/knee_angle_r/value, weight: 0.925501
[2025-05-29 15:03:40.146] [cout] [info]         state: /jointset/knee_l/knee_angle_l/value, weight: 1.61229
[2025-05-29 15:03:40.146] [cout] [info]         state: /jointset/acromial_r/shoulder_flexion_r/value, weight: 6.17021
[2025-05-29 15:03:40.146] [cout] [info]         state: /jointset/acromial_l/shoulder_flexion_l/value, weight: 3.42741
[2025-05-29 15:03:40.146] [cout] [info]         state: /jointset/ankle_r/ankle_angle_r/value, weight: 6.2823
[2025-05-29 15:03:40.146] [cout] [info]         state: /jointset/ankle_l/ankle_angle_l/value, weight: 4.50354
[2025-05-29 15:03:40.146] [cout] [info]         state: /jointset/elbow_r/elbow_flexion_r/value, weight: 7.65053
[2025-05-29 15:03:40.146] [cout] [info]         state: /jointset/elbow_l/elbow_flexion_l/value, weight: 2.53764
[2025-05-29 15:03:40.146] [cout] [info]         state: /jointset/ground_pelvis/pelvis_tilt/speed, weight: 0.930004
[2025-05-29 15:03:40.146] [cout] [info]         state: /jointset/ground_pelvis/pelvis_tx/speed, weight: 0.0
[2025-05-29 15:03:40.146] [cout] [info]         state: /jointset/ground_pelvis/pelvis_ty/speed, weight: 2.72873
[2025-05-29 15:03:40.146] [cout] [info]         state: /jointset/hip_r/hip_flexion_r/speed, weight: 0.25556
[2025-05-29 15:03:40.146] [cout] [info]         state: /jointset/hip_l/hip_flexion_l/speed, weight: 0.339587
[2025-05-29 15:03:40.146] [cout] [info]         state: /jointset/back/lumbar_ext/speed, weight: 1.50353
[2025-05-29 15:03:40.146] [cout] [info]         state: /jointset/knee_r/knee_angle_r/speed, weight: 0.122041
[2025-05-29 15:03:40.146] [cout] [info]         state: /jointset/knee_l/knee_angle_l/speed, weight: 0.221248
[2025-05-29 15:03:40.146] [cout] [info]         state: /jointset/acromial_r/shoulder_flexion_r/speed, weight: 0.771884
[2025-05-29 15:03:40.146] [cout] [info]         state: /jointset/acromial_l/shoulder_flexion_l/speed, weight: 0.32994
[2025-05-29 15:03:40.146] [cout] [info]         state: /jointset/ankle_r/ankle_angle_r/speed, weight: 0.619564
[2025-05-29 15:03:40.146] [cout] [info]         state: /jointset/ankle_l/ankle_angle_l/speed, weight: 0.480794
[2025-05-29 15:03:40.146] [cout] [info]         state: /jointset/elbow_r/elbow_flexion_r/speed, weight: 1.70026
[2025-05-29 15:03:40.146] [cout] [info]         state: /jointset/elbow_l/elbow_flexion_l/speed, weight: 0.474488
[2025-05-29 15:03:40.146] [cout] [info]         state: /jointset/mtp_r/mtp_angle_r/value, weight: 0.0
[2025-05-29 15:03:40.146] [cout] [info]         state: /jointset/mtp_r/mtp_angle_r/speed, weight: 0.0
[2025-05-29 15:03:40.146] [cout] [info]         state: /jointset/mtp_l/mtp_angle_l/value, weight: 0.0
[2025-05-29 15:03:40.146] [cout] [info]         state: /jointset/mtp_l/mtp_angle_l/speed, weight: 0.0
[2025-05-29 15:03:40.146] [cout] [info]   control_effort. MocoControlGoal, enabled: true, mode: cost, weight: 10.0
[2025-05-29 15:03:40.146] [cout] [info]         control: /forceset/hamstrings_r, weight: 1.0
[2025-05-29 15:03:40.146] [cout] [info]         control: /forceset/bifemsh_r, weight: 1.0
[2025-05-29 15:03:40.146] [cout] [info]         control: /forceset/glut_max_r, weight: 1.0
[2025-05-29 15:03:40.146] [cout] [info]         control: /forceset/iliopsoas_r, weight: 1.0
[2025-05-29 15:03:40.146] [cout] [info]         control: /forceset/rect_fem_r, weight: 1.0
[2025-05-29 15:03:40.146] [cout] [info]         control: /forceset/vasti_r, weight: 1.0
[2025-05-29 15:03:40.146] [cout] [info]         control: /forceset/gastroc_r, weight: 1.0
[2025-05-29 15:03:40.146] [cout] [info]         control: /forceset/soleus_r, weight: 1.0
[2025-05-29 15:03:40.146] [cout] [info]         control: /forceset/dorsiflexors_r, weight: 1.0
[2025-05-29 15:03:40.146] [cout] [info]         control: /forceset/hamstrings_l, weight: 1.0
[2025-05-29 15:03:40.146] [cout] [info]         control: /forceset/bifemsh_l, weight: 1.0
[2025-05-29 15:03:40.146] [cout] [info]         control: /forceset/glut_max_l, weight: 1.0
[2025-05-29 15:03:40.146] [cout] [info]         control: /forceset/iliopsoas_l, weight: 1.0
[2025-05-29 15:03:40.146] [cout] [info]         control: /forceset/rect_fem_l, weight: 1.0
[2025-05-29 15:03:40.146] [cout] [info]         control: /forceset/vasti_l, weight: 1.0
[2025-05-29 15:03:40.146] [cout] [info]         control: /forceset/gastroc_l, weight: 1.0
[2025-05-29 15:03:40.146] [cout] [info]         control: /forceset/soleus_l, weight: 1.0
[2025-05-29 15:03:40.146] [cout] [info]         control: /forceset/dorsiflexors_l, weight: 1.0
[2025-05-29 15:03:40.146] [cout] [info]         control: /forceset/lumbar_ext_torque, weight: 1.0
[2025-05-29 15:03:40.146] [cout] [info]         control: /forceset/shoulder_flexion_r_torque, weight: 1.0
[2025-05-29 15:03:40.146] [cout] [info]         control: /forceset/elbow_flexion_r_torque, weight: 1.0
[2025-05-29 15:03:40.146] [cout] [info]         control: /forceset/shoulder_flexion_l_torque, weight: 1.0
[2025-05-29 15:03:40.146] [cout] [info]         control: /forceset/elbow_flexion_l_torque, weight: 1.0
[2025-05-29 15:03:40.146] [cout] [info]   contact. MocoContactTrackingGoal, enabled: true, mode: cost, weight: 0.5
[2025-05-29 15:03:40.146] [cout] [info]         projection type: plane
[2025-05-29 15:03:40.146] [cout] [info]         projection vector: ~[0,0,1]
[2025-05-29 15:03:40.146] [cout] [info]         group 0: ExternalForce: grf1
[2025-05-29 15:03:40.146] [cout] [info]             forces:
[2025-05-29 15:03:40.146] [cout] [info]                 /forceset/Contact_Foot_Ground_L1
[2025-05-29 15:03:40.146] [cout] [info]                 /forceset/Contact_Foot_Ground_L2
[2025-05-29 15:03:40.146] [cout] [info]                 /forceset/Contact_Foot_Ground_L3
[2025-05-29 15:03:40.146] [cout] [info]                 /forceset/Contact_Foot_Ground_L4
[2025-05-29 15:03:40.146] [cout] [info]                 /forceset/Contact_Foot_Ground_L5
[2025-05-29 15:03:40.146] [cout] [info]                 /forceset/Contact_Foot_Ground_L6
[2025-05-29 15:03:40.146] [cout] [info]                 /forceset/Contact_Foot_Ground_L7
[2025-05-29 15:03:40.146] [cout] [info]                 /forceset/Contact_Foot_Ground_L8
[2025-05-29 15:03:40.146] [cout] [info]         group 1: ExternalForce: grf2
[2025-05-29 15:03:40.147] [cout] [info]             forces:
[2025-05-29 15:03:40.147] [cout] [info]                 /forceset/Contact_Foot_Ground_R1
[2025-05-29 15:03:40.147] [cout] [info]                 /forceset/Contact_Foot_Ground_R2
[2025-05-29 15:03:40.147] [cout] [info]                 /forceset/Contact_Foot_Ground_R3
[2025-05-29 15:03:40.147] [cout] [info]                 /forceset/Contact_Foot_Ground_R4
[2025-05-29 15:03:40.147] [cout] [info]                 /forceset/Contact_Foot_Ground_R5
[2025-05-29 15:03:40.147] [cout] [info]                 /forceset/Contact_Foot_Ground_R6
[2025-05-29 15:03:40.147] [cout] [info]                 /forceset/Contact_Foot_Ground_R7
[2025-05-29 15:03:40.147] [cout] [info]                 /forceset/Contact_Foot_Ground_R8
[2025-05-29 15:03:40.147] [cout] [info] Endpoint constraints: (total: 2)
[2025-05-29 15:03:40.147] [cout] [info]   initial_activation. MocoInitialActivationGoal, enabled: true, mode: endpoint_constraint
[2025-05-29 15:03:40.147] [cout] [info]   speed. MocoAverageSpeedGoal, enabled: true, mode: endpoint_constraint
[2025-05-29 15:03:40.147] [cout] [info] Kinematic constraints: none
[2025-05-29 15:03:40.147] [cout] [info] Path constraints: none
[2025-05-29 15:03:40.147] [cout] [info] States: (total: 54)
[2025-05-29 15:03:40.147] [cout] [info]   /forceset/rect_fem_r/activation. bounds: [0.01, 2]
[2025-05-29 15:03:40.147] [cout] [info]   /forceset/gastroc_r/normalized_tendon_force. bounds: [0, 1.5]
[2025-05-29 15:03:40.147] [cout] [info]   /forceset/soleus_r/normalized_tendon_force. bounds: [0, 1.5]
[2025-05-29 15:03:40.147] [cout] [info]   /forceset/rect_fem_l/activation. bounds: [0.01, 2]
[2025-05-29 15:03:40.147] [cout] [info]   /forceset/gastroc_l/normalized_tendon_force. bounds: [0, 1.5]
[2025-05-29 15:03:40.147] [cout] [info]   /forceset/soleus_l/normalized_tendon_force. bounds: [0, 1.5]
[2025-05-29 15:03:40.147] [cout] [info]   /forceset/hamstrings_r/activation. bounds: [0.01, 2]
[2025-05-29 15:03:40.147] [cout] [info]   /jointset/knee_l/knee_angle_l/value. bounds: [-0.744281, 0.124047] initial: [-0.179552, 0.0685416]
[2025-05-29 15:03:40.147] [cout] [info]   /forceset/bifemsh_r/activation. bounds: [0.01, 2]
[2025-05-29 15:03:40.147] [cout] [info]   /forceset/glut_max_r/activation. bounds: [0.01, 2]
[2025-05-29 15:03:40.147] [cout] [info]   /forceset/iliopsoas_r/activation. bounds: [0.01, 2]
[2025-05-29 15:03:40.147] [cout] [info]   /forceset/gastroc_r/activation. bounds: [0.01, 2]
[2025-05-29 15:03:40.147] [cout] [info]   /forceset/vasti_r/activation. bounds: [0.01, 2]
[2025-05-29 15:03:40.147] [cout] [info]   /forceset/soleus_r/activation. bounds: [0.01, 2]
[2025-05-29 15:03:40.147] [cout] [info]   /jointset/mtp_r/mtp_angle_r/speed. bounds: [-50, 50]
[2025-05-29 15:03:40.147] [cout] [info]   /jointset/ground_pelvis/pelvis_tilt/speed. bounds: [-50, 50]
[2025-05-29 15:03:40.147] [cout] [info]   /forceset/dorsiflexors_r/activation. bounds: [0.01, 2]
[2025-05-29 15:03:40.147] [cout] [info]   /jointset/mtp_r/mtp_angle_r/value. bounds: [-0.436332, 1.309]
[2025-05-29 15:03:40.147] [cout] [info]   /jointset/ground_pelvis/pelvis_tilt/value. bounds: [0.197792, 0.312863] initial: [0.208948, 0.241825]
[2025-05-29 15:03:40.147] [cout] [info]   /forceset/hamstrings_l/activation. bounds: [0.01, 2]
[2025-05-29 15:03:40.147] [cout] [info]   /forceset/bifemsh_l/activation. bounds: [0.01, 2]
[2025-05-29 15:03:40.147] [cout] [info]   /jointset/ground_pelvis/pelvis_tx/speed. bounds: [-50, 50]
[2025-05-29 15:03:40.147] [cout] [info]   /forceset/glut_max_l/activation. bounds: [0.01, 2]
[2025-05-29 15:03:40.147] [cout] [info]   /forceset/iliopsoas_l/activation. bounds: [0.01, 2]
[2025-05-29 15:03:40.147] [cout] [info]   /forceset/gastroc_l/activation. bounds: [0.01, 2]
[2025-05-29 15:03:40.147] [cout] [info]   /forceset/vasti_l/activation. bounds: [0.01, 2]
[2025-05-29 15:03:40.147] [cout] [info]   /forceset/soleus_l/activation. bounds: [0.01, 2]
[2025-05-29 15:03:40.147] [cout] [info]   /jointset/back/lumbar_ext/value. bounds: [-0.407582, -0.359969] initial: [-0.380067, -0.366463]
[2025-05-29 15:03:40.147] [cout] [info]   /jointset/mtp_l/mtp_angle_l/value. bounds: [-0.436332, 1.309]
[2025-05-29 15:03:40.147] [cout] [info]   /forceset/dorsiflexors_l/activation. bounds: [0.01, 2]
[2025-05-29 15:03:40.147] [cout] [info]   /jointset/ground_pelvis/pelvis_tx/value. bounds: [0.0519195, 0.916899] initial: [0.0519195, 0.299056]
[2025-05-29 15:03:40.147] [cout] [info]   /jointset/knee_r/knee_angle_r/speed. bounds: [-50, 50]
[2025-05-29 15:03:40.147] [cout] [info]   /jointset/elbow_l/elbow_flexion_l/value. bounds: [0.272883, 0.824577] initial: [0.272883, 0.43051]
[2025-05-29 15:03:40.147] [cout] [info]   /jointset/ankle_l/ankle_angle_l/value. bounds: [-0.193578, 0.117288] initial: [-0.101604, -0.0127849]
[2025-05-29 15:03:40.147] [cout] [info]   /jointset/ground_pelvis/pelvis_ty/value. bounds: [1.01463, 1.14777] initial: [1.0265, 1.12926]
[2025-05-29 15:03:40.147] [cout] [info]   /jointset/ankle_r/ankle_angle_r/value. bounds: [-0.226351, -0.00350295] initial: [-0.226351, -0.16268]
[2025-05-29 15:03:40.147] [cout] [info]   /jointset/hip_r/hip_flexion_r/value. bounds: [-0.279284, 0.228724] initial: [-0.279284, -0.134139]
[2025-05-29 15:03:40.147] [cout] [info]   /jointset/back/lumbar_ext/speed. bounds: [-50, 50]
[2025-05-29 15:03:40.147] [cout] [info]   /jointset/mtp_l/mtp_angle_l/speed. bounds: [-50, 50]
[2025-05-29 15:03:40.147] [cout] [info]   /jointset/knee_r/knee_angle_r/value. bounds: [-1.32143, 0.191267] initial: [-1.1847, -0.752503]
[2025-05-29 15:03:40.147] [cout] [info]   /jointset/knee_l/knee_angle_l/speed. bounds: [-50, 50]
[2025-05-29 15:03:40.147] [cout] [info]   /jointset/hip_l/hip_flexion_l/value. bounds: [-0.594953, 0.00315562] initial: [-0.167733, 0.00315562]
[2025-05-29 15:03:40.147] [cout] [info]   /jointset/acromial_r/shoulder_flexion_r/value. bounds: [-0.0875714, 0.139325] initial: [0.0744976, 0.139325]
[2025-05-29 15:03:40.147] [cout] [info]   /jointset/elbow_r/elbow_flexion_r/value. bounds: [0.244744, 0.427738] initial: [0.375454, 0.427738]
[2025-05-29 15:03:40.147] [cout] [info]   /jointset/acromial_l/shoulder_flexion_l/value. bounds: [-0.141572, 0.266899] initial: [-0.141572, -0.0248661]
[2025-05-29 15:03:40.147] [cout] [info]   /jointset/elbow_l/elbow_flexion_l/speed. bounds: [-50, 50]
[2025-05-29 15:03:40.147] [cout] [info]   /jointset/ankle_l/ankle_angle_l/speed. bounds: [-50, 50]
[2025-05-29 15:03:40.147] [cout] [info]   /jointset/ground_pelvis/pelvis_ty/speed. bounds: [-50, 50]
[2025-05-29 15:03:40.147] [cout] [info]   /jointset/ankle_r/ankle_angle_r/speed. bounds: [-50, 50]
[2025-05-29 15:03:40.147] [cout] [info]   /jointset/hip_r/hip_flexion_r/speed. bounds: [-50, 50]
[2025-05-29 15:03:40.147] [cout] [info]   /jointset/hip_l/hip_flexion_l/speed. bounds: [-50, 50]
[2025-05-29 15:03:40.147] [cout] [info]   /jointset/acromial_r/shoulder_flexion_r/speed. bounds: [-50, 50]
[2025-05-29 15:03:40.147] [cout] [info]   /jointset/elbow_r/elbow_flexion_r/speed. bounds: [-50, 50]
[2025-05-29 15:03:40.147] [cout] [info]   /jointset/acromial_l/shoulder_flexion_l/speed. bounds: [-50, 50]
[2025-05-29 15:03:40.147] [cout] [info] Controls: (total: 23)
[2025-05-29 15:03:40.147] [cout] [info]   /forceset/hamstrings_r. bounds: [0.01, 1]
[2025-05-29 15:03:40.147] [cout] [info]   /forceset/bifemsh_r. bounds: [0.01, 1]
[2025-05-29 15:03:40.147] [cout] [info]   /forceset/glut_max_r. bounds: [0.01, 1]
[2025-05-29 15:03:40.147] [cout] [info]   /forceset/iliopsoas_r. bounds: [0.01, 1]
[2025-05-29 15:03:40.147] [cout] [info]   /forceset/rect_fem_r. bounds: [0.01, 1]
[2025-05-29 15:03:40.147] [cout] [info]   /forceset/gastroc_r. bounds: [0.01, 1]
[2025-05-29 15:03:40.147] [cout] [info]   /forceset/vasti_r. bounds: [0.01, 1]
[2025-05-29 15:03:40.147] [cout] [info]   /forceset/soleus_r. bounds: [0.01, 1]
[2025-05-29 15:03:40.147] [cout] [info]   /forceset/dorsiflexors_r. bounds: [0.01, 1]
[2025-05-29 15:03:40.147] [cout] [info]   /forceset/hamstrings_l. bounds: [0.01, 1]
[2025-05-29 15:03:40.147] [cout] [info]   /forceset/elbow_flexion_l_torque. bounds: [-inf, inf]
[2025-05-29 15:03:40.147] [cout] [info]   /forceset/bifemsh_l. bounds: [0.01, 1]
[2025-05-29 15:03:40.147] [cout] [info]   /forceset/glut_max_l. bounds: [0.01, 1]
[2025-05-29 15:03:40.147] [cout] [info]   /forceset/lumbar_ext_torque. bounds: [-inf, inf]
[2025-05-29 15:03:40.147] [cout] [info]   /forceset/iliopsoas_l. bounds: [0.01, 1]
[2025-05-29 15:03:40.147] [cout] [info]   /forceset/rect_fem_l. bounds: [0.01, 1]
[2025-05-29 15:03:40.147] [cout] [info]   /forceset/gastroc_l. bounds: [0.01, 1]
[2025-05-29 15:03:40.148] [cout] [info]   /forceset/vasti_l. bounds: [0.01, 1]
[2025-05-29 15:03:40.148] [cout] [info]   /forceset/soleus_l. bounds: [0.01, 1]
[2025-05-29 15:03:40.148] [cout] [info]   /forceset/dorsiflexors_l. bounds: [0.01, 1]
[2025-05-29 15:03:40.148] [cout] [info]   /forceset/shoulder_flexion_r_torque. bounds: [-inf, inf]
[2025-05-29 15:03:40.148] [cout] [info]   /forceset/elbow_flexion_r_torque. bounds: [-inf, inf]
[2025-05-29 15:03:40.148] [cout] [info]   /forceset/shoulder_flexion_l_torque. bounds: [-inf, inf]
[2025-05-29 15:03:40.148] [cout] [info] Parameters: none
[2025-05-29 15:03:40.916] [info] Number of threads: 8
[2025-05-29 15:04:57.564] [info] Set log level to Info.
[2025-05-29 15:04:57.564] [info] ------------------------------------------------------------------------
[2025-05-29 15:04:57.564] [info] Elapsed real time: 77 second(s) (1 minute(s), 17 second(s)).
[2025-05-29 15:04:57.565] [info] Thu May 29 15:04:57 2025
[2025-05-29 15:04:57.565] [warning] MocoCasADiSolver did NOT succeed:
[2025-05-29 15:04:57.565] [warning]   Restoration_Failed
[2025-05-29 15:04:57.565] [info] ========================================================================
[2025-05-29 15:09:15.715] [info] Loaded model 2014014_2d from file 2014014_C4_04_initial-model_2d.osim
[2025-05-29 15:19:06.247] [info] Loaded model 2014014_2d from file 2014014_C4_04_initial-model_2d.osim
[2025-05-29 15:41:22.919] [info] Loaded model 2014014_2d from file 2014014_C4_04_initial-model_2d.osim
[2025-05-29 15:43:59.459] [info] Loaded model 2014014_2d from file 2014014_C4_04_initial-model_2d.osim
[2025-05-29 15:44:20.152] [info] ========================================================================
[2025-05-29 15:44:20.152] [info] MocoCasADiSolver starting.
[2025-05-29 15:44:20.152] [info] Thu May 29 15:44:20 2025
[2025-05-29 15:44:20.152] [info] ------------------------------------------------------------------------
[2025-05-29 15:44:20.152] [cout] [info] Costs: (total: 3)
[2025-05-29 15:44:20.152] [cout] [info]   state_tracking. MocoStateTrackingGoal, enabled: true, mode: cost, weight: 1.0
[2025-05-29 15:44:20.152] [cout] [info]         state: /jointset/ground_pelvis/pelvis_tilt/value, weight: 12.1664
[2025-05-29 15:44:20.152] [cout] [info]         state: /jointset/ground_pelvis/pelvis_tx/value, weight: 0.0
[2025-05-29 15:44:20.152] [cout] [info]         state: /jointset/ground_pelvis/pelvis_ty/value, weight: 36.2107
[2025-05-29 15:44:20.152] [cout] [info]         state: /jointset/hip_r/hip_flexion_r/value, weight: 2.75586
[2025-05-29 15:44:20.152] [cout] [info]         state: /jointset/hip_l/hip_flexion_l/value, weight: 2.34071
[2025-05-29 15:44:20.152] [cout] [info]         state: /jointset/back/lumbar_ext/value, weight: 29.4037
[2025-05-29 15:44:20.152] [cout] [info]         state: /jointset/knee_r/knee_angle_r/value, weight: 0.925501
[2025-05-29 15:44:20.153] [cout] [info]         state: /jointset/knee_l/knee_angle_l/value, weight: 1.61229
[2025-05-29 15:44:20.153] [cout] [info]         state: /jointset/acromial_r/shoulder_flexion_r/value, weight: 6.17021
[2025-05-29 15:44:20.153] [cout] [info]         state: /jointset/acromial_l/shoulder_flexion_l/value, weight: 3.42741
[2025-05-29 15:44:20.153] [cout] [info]         state: /jointset/ankle_r/ankle_angle_r/value, weight: 6.2823
[2025-05-29 15:44:20.153] [cout] [info]         state: /jointset/ankle_l/ankle_angle_l/value, weight: 4.50354
[2025-05-29 15:44:20.153] [cout] [info]         state: /jointset/elbow_r/elbow_flexion_r/value, weight: 7.65053
[2025-05-29 15:44:20.153] [cout] [info]         state: /jointset/elbow_l/elbow_flexion_l/value, weight: 2.53764
[2025-05-29 15:44:20.153] [cout] [info]         state: /jointset/ground_pelvis/pelvis_tilt/speed, weight: 0.930004
[2025-05-29 15:44:20.153] [cout] [info]         state: /jointset/ground_pelvis/pelvis_tx/speed, weight: 0.0
[2025-05-29 15:44:20.153] [cout] [info]         state: /jointset/ground_pelvis/pelvis_ty/speed, weight: 2.72873
[2025-05-29 15:44:20.153] [cout] [info]         state: /jointset/hip_r/hip_flexion_r/speed, weight: 0.25556
[2025-05-29 15:44:20.153] [cout] [info]         state: /jointset/hip_l/hip_flexion_l/speed, weight: 0.339587
[2025-05-29 15:44:20.153] [cout] [info]         state: /jointset/back/lumbar_ext/speed, weight: 1.50353
[2025-05-29 15:44:20.153] [cout] [info]         state: /jointset/knee_r/knee_angle_r/speed, weight: 0.122041
[2025-05-29 15:44:20.153] [cout] [info]         state: /jointset/knee_l/knee_angle_l/speed, weight: 0.221248
[2025-05-29 15:44:20.153] [cout] [info]         state: /jointset/acromial_r/shoulder_flexion_r/speed, weight: 0.771884
[2025-05-29 15:44:20.153] [cout] [info]         state: /jointset/acromial_l/shoulder_flexion_l/speed, weight: 0.32994
[2025-05-29 15:44:20.153] [cout] [info]         state: /jointset/ankle_r/ankle_angle_r/speed, weight: 0.619564
[2025-05-29 15:44:20.153] [cout] [info]         state: /jointset/ankle_l/ankle_angle_l/speed, weight: 0.480794
[2025-05-29 15:44:20.153] [cout] [info]         state: /jointset/elbow_r/elbow_flexion_r/speed, weight: 1.70026
[2025-05-29 15:44:20.153] [cout] [info]         state: /jointset/elbow_l/elbow_flexion_l/speed, weight: 0.474488
[2025-05-29 15:44:20.153] [cout] [info]         state: /jointset/mtp_r/mtp_angle_r/value, weight: 0.0
[2025-05-29 15:44:20.153] [cout] [info]         state: /jointset/mtp_r/mtp_angle_r/speed, weight: 0.0
[2025-05-29 15:44:20.153] [cout] [info]         state: /jointset/mtp_l/mtp_angle_l/value, weight: 0.0
[2025-05-29 15:44:20.153] [cout] [info]         state: /jointset/mtp_l/mtp_angle_l/speed, weight: 0.0
[2025-05-29 15:44:20.153] [cout] [info]   control_effort. MocoControlGoal, enabled: true, mode: cost, weight: 10.0
[2025-05-29 15:44:20.153] [cout] [info]         control: /forceset/hamstrings_r, weight: 1.0
[2025-05-29 15:44:20.153] [cout] [info]         control: /forceset/bifemsh_r, weight: 1.0
[2025-05-29 15:44:20.153] [cout] [info]         control: /forceset/glut_max_r, weight: 1.0
[2025-05-29 15:44:20.153] [cout] [info]         control: /forceset/iliopsoas_r, weight: 1.0
[2025-05-29 15:44:20.153] [cout] [info]         control: /forceset/rect_fem_r, weight: 1.0
[2025-05-29 15:44:20.153] [cout] [info]         control: /forceset/vasti_r, weight: 1.0
[2025-05-29 15:44:20.153] [cout] [info]         control: /forceset/gastroc_r, weight: 1.0
[2025-05-29 15:44:20.153] [cout] [info]         control: /forceset/soleus_r, weight: 1.0
[2025-05-29 15:44:20.153] [cout] [info]         control: /forceset/dorsiflexors_r, weight: 1.0
[2025-05-29 15:44:20.153] [cout] [info]         control: /forceset/hamstrings_l, weight: 1.0
[2025-05-29 15:44:20.153] [cout] [info]         control: /forceset/bifemsh_l, weight: 1.0
[2025-05-29 15:44:20.153] [cout] [info]         control: /forceset/glut_max_l, weight: 1.0
[2025-05-29 15:44:20.153] [cout] [info]         control: /forceset/iliopsoas_l, weight: 1.0
[2025-05-29 15:44:20.153] [cout] [info]         control: /forceset/rect_fem_l, weight: 1.0
[2025-05-29 15:44:20.153] [cout] [info]         control: /forceset/vasti_l, weight: 1.0
[2025-05-29 15:44:20.153] [cout] [info]         control: /forceset/gastroc_l, weight: 1.0
[2025-05-29 15:44:20.153] [cout] [info]         control: /forceset/soleus_l, weight: 1.0
[2025-05-29 15:44:20.153] [cout] [info]         control: /forceset/dorsiflexors_l, weight: 1.0
[2025-05-29 15:44:20.153] [cout] [info]         control: /forceset/lumbar_ext_torque, weight: 1.0
[2025-05-29 15:44:20.153] [cout] [info]         control: /forceset/shoulder_flexion_r_torque, weight: 1.0
[2025-05-29 15:44:20.153] [cout] [info]         control: /forceset/elbow_flexion_r_torque, weight: 1.0
[2025-05-29 15:44:20.153] [cout] [info]         control: /forceset/shoulder_flexion_l_torque, weight: 1.0
[2025-05-29 15:44:20.153] [cout] [info]         control: /forceset/elbow_flexion_l_torque, weight: 1.0
[2025-05-29 15:44:20.153] [cout] [info]   contact. MocoContactTrackingGoal, enabled: true, mode: cost, weight: 0.5
[2025-05-29 15:44:20.153] [cout] [info]         projection type: plane
[2025-05-29 15:44:20.153] [cout] [info]         projection vector: ~[0,0,1]
[2025-05-29 15:44:20.153] [cout] [info]         group 0: ExternalForce: grf1
[2025-05-29 15:44:20.153] [cout] [info]             forces:
[2025-05-29 15:44:20.153] [cout] [info]                 /forceset/Contact_Foot_Ground_L1
[2025-05-29 15:44:20.153] [cout] [info]                 /forceset/Contact_Foot_Ground_L2
[2025-05-29 15:44:20.153] [cout] [info]                 /forceset/Contact_Foot_Ground_L3
[2025-05-29 15:44:20.153] [cout] [info]                 /forceset/Contact_Foot_Ground_L4
[2025-05-29 15:44:20.153] [cout] [info]                 /forceset/Contact_Foot_Ground_L5
[2025-05-29 15:44:20.153] [cout] [info]                 /forceset/Contact_Foot_Ground_L6
[2025-05-29 15:44:20.153] [cout] [info]                 /forceset/Contact_Foot_Ground_L7
[2025-05-29 15:44:20.153] [cout] [info]                 /forceset/Contact_Foot_Ground_L8
[2025-05-29 15:44:20.153] [cout] [info]         group 1: ExternalForce: grf2
[2025-05-29 15:44:20.153] [cout] [info]             forces:
[2025-05-29 15:44:20.153] [cout] [info]                 /forceset/Contact_Foot_Ground_R1
[2025-05-29 15:44:20.153] [cout] [info]                 /forceset/Contact_Foot_Ground_R2
[2025-05-29 15:44:20.153] [cout] [info]                 /forceset/Contact_Foot_Ground_R3
[2025-05-29 15:44:20.153] [cout] [info]                 /forceset/Contact_Foot_Ground_R4
[2025-05-29 15:44:20.153] [cout] [info]                 /forceset/Contact_Foot_Ground_R5
[2025-05-29 15:44:20.153] [cout] [info]                 /forceset/Contact_Foot_Ground_R6
[2025-05-29 15:44:20.153] [cout] [info]                 /forceset/Contact_Foot_Ground_R7
[2025-05-29 15:44:20.153] [cout] [info]                 /forceset/Contact_Foot_Ground_R8
[2025-05-29 15:44:20.153] [cout] [info] Endpoint constraints: (total: 2)
[2025-05-29 15:44:20.153] [cout] [info]   initial_activation. MocoInitialActivationGoal, enabled: true, mode: endpoint_constraint
[2025-05-29 15:44:20.153] [cout] [info]   speed. MocoAverageSpeedGoal, enabled: true, mode: endpoint_constraint
[2025-05-29 15:44:20.153] [cout] [info] Kinematic constraints: none
[2025-05-29 15:44:20.153] [cout] [info] Path constraints: none
[2025-05-29 15:44:20.153] [cout] [info] States: (total: 54)
[2025-05-29 15:44:20.153] [cout] [info]   /forceset/rect_fem_r/activation. bounds: [0.01, 2]
[2025-05-29 15:44:20.153] [cout] [info]   /forceset/gastroc_r/normalized_tendon_force. bounds: [0, 1.5]
[2025-05-29 15:44:20.153] [cout] [info]   /forceset/soleus_r/normalized_tendon_force. bounds: [0, 1.5]
[2025-05-29 15:44:20.153] [cout] [info]   /forceset/rect_fem_l/activation. bounds: [0.01, 2]
[2025-05-29 15:44:20.153] [cout] [info]   /forceset/gastroc_l/normalized_tendon_force. bounds: [0, 1.5]
[2025-05-29 15:44:20.153] [cout] [info]   /forceset/soleus_l/normalized_tendon_force. bounds: [0, 1.5]
[2025-05-29 15:44:20.153] [cout] [info]   /forceset/hamstrings_r/activation. bounds: [0.01, 2]
[2025-05-29 15:44:20.153] [cout] [info]   /jointset/knee_l/knee_angle_l/value. bounds: [-1.5708, 0] initial: [-0.179552, 0]
[2025-05-29 15:44:20.153] [cout] [info]   /forceset/bifemsh_r/activation. bounds: [0.01, 2]
[2025-05-29 15:44:20.153] [cout] [info]   /forceset/glut_max_r/activation. bounds: [0.01, 2]
[2025-05-29 15:44:20.153] [cout] [info]   /forceset/iliopsoas_r/activation. bounds: [0.01, 2]
[2025-05-29 15:44:20.153] [cout] [info]   /forceset/gastroc_r/activation. bounds: [0.01, 2]
[2025-05-29 15:44:20.153] [cout] [info]   /forceset/vasti_r/activation. bounds: [0.01, 2]
[2025-05-29 15:44:20.153] [cout] [info]   /forceset/soleus_r/activation. bounds: [0.01, 2]
[2025-05-29 15:44:20.153] [cout] [info]   /jointset/mtp_r/mtp_angle_r/speed. bounds: [-50, 50]
[2025-05-29 15:44:20.153] [cout] [info]   /jointset/ground_pelvis/pelvis_tilt/speed. bounds: [-50, 50]
[2025-05-29 15:44:20.153] [cout] [info]   /forceset/dorsiflexors_r/activation. bounds: [0.01, 2]
[2025-05-29 15:44:20.153] [cout] [info]   /jointset/mtp_r/mtp_angle_r/value. bounds: [-0.436332, 1.309]
[2025-05-29 15:44:20.153] [cout] [info]   /jointset/ground_pelvis/pelvis_tilt/value. bounds: [-0.436332, 0.436332] initial: [0.208948, 0.241825]
[2025-05-29 15:44:20.153] [cout] [info]   /forceset/hamstrings_l/activation. bounds: [0.01, 2]
[2025-05-29 15:44:20.153] [cout] [info]   /forceset/bifemsh_l/activation. bounds: [0.01, 2]
[2025-05-29 15:44:20.154] [cout] [info]   /jointset/ground_pelvis/pelvis_tx/speed. bounds: [-50, 50]
[2025-05-29 15:44:20.154] [cout] [info]   /forceset/glut_max_l/activation. bounds: [0.01, 2]
[2025-05-29 15:44:20.154] [cout] [info]   /forceset/iliopsoas_l/activation. bounds: [0.01, 2]
[2025-05-29 15:44:20.154] [cout] [info]   /forceset/gastroc_l/activation. bounds: [0.01, 2]
[2025-05-29 15:44:20.154] [cout] [info]   /forceset/vasti_l/activation. bounds: [0.01, 2]
[2025-05-29 15:44:20.154] [cout] [info]   /forceset/soleus_l/activation. bounds: [0.01, 2]
[2025-05-29 15:44:20.154] [cout] [info]   /jointset/back/lumbar_ext/value. bounds: [-0.698132, 0.0872665] initial: [-0.380067, -0.366463]
[2025-05-29 15:44:20.154] [cout] [info]   /jointset/mtp_l/mtp_angle_l/value. bounds: [-0.436332, 1.309]
[2025-05-29 15:44:20.154] [cout] [info]   /forceset/dorsiflexors_l/activation. bounds: [0.01, 2]
[2025-05-29 15:44:20.154] [cout] [info]   /jointset/ground_pelvis/pelvis_tx/value. bounds: [-5, 5] initial: 0.175488
[2025-05-29 15:44:20.154] [cout] [info]   /jointset/knee_r/knee_angle_r/speed. bounds: [-50, 50]
[2025-05-29 15:44:20.154] [cout] [info]   /jointset/elbow_l/elbow_flexion_l/value. bounds: [0, 1.5708] initial: [0.272883, 0.43051]
[2025-05-29 15:44:20.154] [cout] [info]   /jointset/ankle_l/ankle_angle_l/value. bounds: [-0.610865, 0.349066] initial: [-0.101604, -0.0127849]
[2025-05-29 15:44:20.154] [cout] [info]   /jointset/ground_pelvis/pelvis_ty/value. bounds: [0.995153, 1.07277] initial: [1.00426, 1.05426]
[2025-05-29 15:44:20.154] [cout] [info]   /jointset/ankle_r/ankle_angle_r/value. bounds: [-0.610865, 0.349066] initial: [-0.226351, -0.16268]
[2025-05-29 15:44:20.154] [cout] [info]   /jointset/hip_r/hip_flexion_r/value. bounds: [-0.349066, 1.0472] initial: [-0.279284, -0.134139]
[2025-05-29 15:44:20.154] [cout] [info]   /jointset/back/lumbar_ext/speed. bounds: [-50, 50]
[2025-05-29 15:44:20.154] [cout] [info]   /jointset/mtp_l/mtp_angle_l/speed. bounds: [-50, 50]
[2025-05-29 15:44:20.154] [cout] [info]   /jointset/knee_r/knee_angle_r/value. bounds: [-1.5708, 0] initial: [-1.1847, -0.752503]
[2025-05-29 15:44:20.154] [cout] [info]   /jointset/knee_l/knee_angle_l/speed. bounds: [-50, 50]
[2025-05-29 15:44:20.154] [cout] [info]   /jointset/hip_l/hip_flexion_l/value. bounds: [-0.349066, 1.0472] initial: [-0.167733, 0.00315562]
[2025-05-29 15:44:20.154] [cout] [info]   /jointset/acromial_r/shoulder_flexion_r/value. bounds: [-0.523599, 0.523599] initial: [0.0744976, 0.139325]
[2025-05-29 15:44:20.154] [cout] [info]   /jointset/elbow_r/elbow_flexion_r/value. bounds: [0, 1.5708] initial: [0.375454, 0.427738]
[2025-05-29 15:44:20.154] [cout] [info]   /jointset/acromial_l/shoulder_flexion_l/value. bounds: [-0.523599, 0.523599] initial: [-0.141572, -0.0248661]
[2025-05-29 15:44:20.154] [cout] [info]   /jointset/elbow_l/elbow_flexion_l/speed. bounds: [-50, 50]
[2025-05-29 15:44:20.154] [cout] [info]   /jointset/ankle_l/ankle_angle_l/speed. bounds: [-50, 50]
[2025-05-29 15:44:20.154] [cout] [info]   /jointset/ground_pelvis/pelvis_ty/speed. bounds: [-50, 50]
[2025-05-29 15:44:20.154] [cout] [info]   /jointset/ankle_r/ankle_angle_r/speed. bounds: [-50, 50]
[2025-05-29 15:44:20.154] [cout] [info]   /jointset/hip_r/hip_flexion_r/speed. bounds: [-50, 50]
[2025-05-29 15:44:20.154] [cout] [info]   /jointset/hip_l/hip_flexion_l/speed. bounds: [-50, 50]
[2025-05-29 15:44:20.154] [cout] [info]   /jointset/acromial_r/shoulder_flexion_r/speed. bounds: [-50, 50]
[2025-05-29 15:44:20.154] [cout] [info]   /jointset/elbow_r/elbow_flexion_r/speed. bounds: [-50, 50]
[2025-05-29 15:44:20.154] [cout] [info]   /jointset/acromial_l/shoulder_flexion_l/speed. bounds: [-50, 50]
[2025-05-29 15:44:20.154] [cout] [info] Controls: (total: 23)
[2025-05-29 15:44:20.154] [cout] [info]   /forceset/hamstrings_r. bounds: [0.01, 1]
[2025-05-29 15:44:20.154] [cout] [info]   /forceset/bifemsh_r. bounds: [0.01, 1]
[2025-05-29 15:44:20.154] [cout] [info]   /forceset/glut_max_r. bounds: [0.01, 1]
[2025-05-29 15:44:20.154] [cout] [info]   /forceset/iliopsoas_r. bounds: [0.01, 1]
[2025-05-29 15:44:20.154] [cout] [info]   /forceset/rect_fem_r. bounds: [0.01, 1]
[2025-05-29 15:44:20.154] [cout] [info]   /forceset/gastroc_r. bounds: [0.01, 1]
[2025-05-29 15:44:20.154] [cout] [info]   /forceset/vasti_r. bounds: [0.01, 1]
[2025-05-29 15:44:20.154] [cout] [info]   /forceset/soleus_r. bounds: [0.01, 1]
[2025-05-29 15:44:20.154] [cout] [info]   /forceset/dorsiflexors_r. bounds: [0.01, 1]
[2025-05-29 15:44:20.154] [cout] [info]   /forceset/hamstrings_l. bounds: [0.01, 1]
[2025-05-29 15:44:20.154] [cout] [info]   /forceset/elbow_flexion_l_torque. bounds: [-inf, inf]
[2025-05-29 15:44:20.154] [cout] [info]   /forceset/bifemsh_l. bounds: [0.01, 1]
[2025-05-29 15:44:20.154] [cout] [info]   /forceset/glut_max_l. bounds: [0.01, 1]
[2025-05-29 15:44:20.154] [cout] [info]   /forceset/lumbar_ext_torque. bounds: [-inf, inf]
[2025-05-29 15:44:20.154] [cout] [info]   /forceset/iliopsoas_l. bounds: [0.01, 1]
[2025-05-29 15:44:20.154] [cout] [info]   /forceset/rect_fem_l. bounds: [0.01, 1]
[2025-05-29 15:44:20.154] [cout] [info]   /forceset/gastroc_l. bounds: [0.01, 1]
[2025-05-29 15:44:20.154] [cout] [info]   /forceset/vasti_l. bounds: [0.01, 1]
[2025-05-29 15:44:20.154] [cout] [info]   /forceset/soleus_l. bounds: [0.01, 1]
[2025-05-29 15:44:20.154] [cout] [info]   /forceset/dorsiflexors_l. bounds: [0.01, 1]
[2025-05-29 15:44:20.154] [cout] [info]   /forceset/shoulder_flexion_r_torque. bounds: [-inf, inf]
[2025-05-29 15:44:20.154] [cout] [info]   /forceset/elbow_flexion_r_torque. bounds: [-inf, inf]
[2025-05-29 15:44:20.154] [cout] [info]   /forceset/shoulder_flexion_l_torque. bounds: [-inf, inf]
[2025-05-29 15:44:20.154] [cout] [info] Parameters: none
[2025-05-29 15:44:20.973] [info] Number of threads: 8
[2025-05-29 15:52:52.491] [info] Set log level to Info.
[2025-05-29 15:52:52.492] [info] ------------------------------------------------------------------------
[2025-05-29 15:52:52.492] [info] Elapsed real time: 512 second(s) (8 minute(s), 32 second(s)).
[2025-05-29 15:52:52.492] [info] Thu May 29 15:52:52 2025
[2025-05-29 15:52:52.492] [warning] MocoCasADiSolver did NOT succeed:
[2025-05-29 15:52:52.492] [warning]   Restoration_Failed
[2025-05-29 15:52:52.492] [info] ========================================================================
[2025-05-29 15:58:23.782] [cout] [info] Exiting visualization.
[2025-05-29 15:59:42.153] [info] Loaded model 2014014_2d from file 2014014_C4_04_initial-model_2d.osim
[2025-05-29 16:00:21.289] [info] Loaded model 2014014_2d from file 2014014_C4_04_initial-model_2d.osim
[2025-05-29 16:01:58.629] [info] Loaded model 2014014_2d from file 2014014_C4_04_initial-model_2d.osim
[2025-05-29 16:05:48.923] [info] Loaded model 2014014_2d from file 2014014_C4_04_initial-model_2d.osim
[2025-05-29 16:06:36.036] [info] ========================================================================
[2025-05-29 16:06:36.036] [info] MocoCasADiSolver starting.
[2025-05-29 16:06:36.036] [info] Thu May 29 16:06:36 2025
[2025-05-29 16:06:36.036] [info] ------------------------------------------------------------------------
[2025-05-29 16:06:36.036] [cout] [info] Costs: (total: 3)
[2025-05-29 16:06:36.036] [cout] [info]   state_tracking. MocoStateTrackingGoal, enabled: true, mode: cost, weight: 1.0
[2025-05-29 16:06:36.036] [cout] [info]         state: /jointset/ground_pelvis/pelvis_tilt/value, weight: 12.1664
[2025-05-29 16:06:36.036] [cout] [info]         state: /jointset/ground_pelvis/pelvis_tx/value, weight: 0.0
[2025-05-29 16:06:36.036] [cout] [info]         state: /jointset/ground_pelvis/pelvis_ty/value, weight: 36.2107
[2025-05-29 16:06:36.036] [cout] [info]         state: /jointset/hip_r/hip_flexion_r/value, weight: 2.75586
[2025-05-29 16:06:36.036] [cout] [info]         state: /jointset/hip_l/hip_flexion_l/value, weight: 2.34071
[2025-05-29 16:06:36.036] [cout] [info]         state: /jointset/back/lumbar_ext/value, weight: 29.4037
[2025-05-29 16:06:36.036] [cout] [info]         state: /jointset/knee_r/knee_angle_r/value, weight: 0.925501
[2025-05-29 16:06:36.036] [cout] [info]         state: /jointset/knee_l/knee_angle_l/value, weight: 1.61229
[2025-05-29 16:06:36.036] [cout] [info]         state: /jointset/acromial_r/shoulder_flexion_r/value, weight: 6.17021
[2025-05-29 16:06:36.036] [cout] [info]         state: /jointset/acromial_l/shoulder_flexion_l/value, weight: 3.42741
[2025-05-29 16:06:36.036] [cout] [info]         state: /jointset/ankle_r/ankle_angle_r/value, weight: 6.2823
[2025-05-29 16:06:36.036] [cout] [info]         state: /jointset/ankle_l/ankle_angle_l/value, weight: 4.50354
[2025-05-29 16:06:36.036] [cout] [info]         state: /jointset/elbow_r/elbow_flexion_r/value, weight: 7.65053
[2025-05-29 16:06:36.036] [cout] [info]         state: /jointset/elbow_l/elbow_flexion_l/value, weight: 2.53764
[2025-05-29 16:06:36.036] [cout] [info]         state: /jointset/ground_pelvis/pelvis_tilt/speed, weight: 0.930004
[2025-05-29 16:06:36.036] [cout] [info]         state: /jointset/ground_pelvis/pelvis_tx/speed, weight: 0.0
[2025-05-29 16:06:36.036] [cout] [info]         state: /jointset/ground_pelvis/pelvis_ty/speed, weight: 2.72873
[2025-05-29 16:06:36.036] [cout] [info]         state: /jointset/hip_r/hip_flexion_r/speed, weight: 0.25556
[2025-05-29 16:06:36.036] [cout] [info]         state: /jointset/hip_l/hip_flexion_l/speed, weight: 0.339587
[2025-05-29 16:06:36.036] [cout] [info]         state: /jointset/back/lumbar_ext/speed, weight: 1.50353
[2025-05-29 16:06:36.036] [cout] [info]         state: /jointset/knee_r/knee_angle_r/speed, weight: 0.122041
[2025-05-29 16:06:36.036] [cout] [info]         state: /jointset/knee_l/knee_angle_l/speed, weight: 0.221248
[2025-05-29 16:06:36.036] [cout] [info]         state: /jointset/acromial_r/shoulder_flexion_r/speed, weight: 0.771884
[2025-05-29 16:06:36.036] [cout] [info]         state: /jointset/acromial_l/shoulder_flexion_l/speed, weight: 0.32994
[2025-05-29 16:06:36.036] [cout] [info]         state: /jointset/ankle_r/ankle_angle_r/speed, weight: 0.619564
[2025-05-29 16:06:36.036] [cout] [info]         state: /jointset/ankle_l/ankle_angle_l/speed, weight: 0.480794
[2025-05-29 16:06:36.036] [cout] [info]         state: /jointset/elbow_r/elbow_flexion_r/speed, weight: 1.70026
[2025-05-29 16:06:36.036] [cout] [info]         state: /jointset/elbow_l/elbow_flexion_l/speed, weight: 0.474488
[2025-05-29 16:06:36.036] [cout] [info]         state: /jointset/mtp_r/mtp_angle_r/value, weight: 0.0
[2025-05-29 16:06:36.036] [cout] [info]         state: /jointset/mtp_r/mtp_angle_r/speed, weight: 0.0
[2025-05-29 16:06:36.036] [cout] [info]         state: /jointset/mtp_l/mtp_angle_l/value, weight: 0.0
[2025-05-29 16:06:36.036] [cout] [info]         state: /jointset/mtp_l/mtp_angle_l/speed, weight: 0.0
[2025-05-29 16:06:36.036] [cout] [info]   control_effort. MocoControlGoal, enabled: true, mode: cost, weight: 10.0
[2025-05-29 16:06:36.036] [cout] [info]         control: /forceset/hamstrings_r, weight: 1.0
[2025-05-29 16:06:36.036] [cout] [info]         control: /forceset/bifemsh_r, weight: 1.0
[2025-05-29 16:06:36.036] [cout] [info]         control: /forceset/glut_max_r, weight: 1.0
[2025-05-29 16:06:36.036] [cout] [info]         control: /forceset/iliopsoas_r, weight: 1.0
[2025-05-29 16:06:36.036] [cout] [info]         control: /forceset/rect_fem_r, weight: 1.0
[2025-05-29 16:06:36.036] [cout] [info]         control: /forceset/vasti_r, weight: 1.0
[2025-05-29 16:06:36.036] [cout] [info]         control: /forceset/gastroc_r, weight: 1.0
[2025-05-29 16:06:36.036] [cout] [info]         control: /forceset/soleus_r, weight: 1.0
[2025-05-29 16:06:36.036] [cout] [info]         control: /forceset/dorsiflexors_r, weight: 1.0
[2025-05-29 16:06:36.036] [cout] [info]         control: /forceset/hamstrings_l, weight: 1.0
[2025-05-29 16:06:36.036] [cout] [info]         control: /forceset/bifemsh_l, weight: 1.0
[2025-05-29 16:06:36.036] [cout] [info]         control: /forceset/glut_max_l, weight: 1.0
[2025-05-29 16:06:36.036] [cout] [info]         control: /forceset/iliopsoas_l, weight: 1.0
[2025-05-29 16:06:36.036] [cout] [info]         control: /forceset/rect_fem_l, weight: 1.0
[2025-05-29 16:06:36.036] [cout] [info]         control: /forceset/vasti_l, weight: 1.0
[2025-05-29 16:06:36.036] [cout] [info]         control: /forceset/gastroc_l, weight: 1.0
[2025-05-29 16:06:36.036] [cout] [info]         control: /forceset/soleus_l, weight: 1.0
[2025-05-29 16:06:36.036] [cout] [info]         control: /forceset/dorsiflexors_l, weight: 1.0
[2025-05-29 16:06:36.036] [cout] [info]         control: /forceset/lumbar_ext_torque, weight: 1.0
[2025-05-29 16:06:36.036] [cout] [info]         control: /forceset/shoulder_flexion_r_torque, weight: 1.0
[2025-05-29 16:06:36.036] [cout] [info]         control: /forceset/elbow_flexion_r_torque, weight: 1.0
[2025-05-29 16:06:36.036] [cout] [info]         control: /forceset/shoulder_flexion_l_torque, weight: 1.0
[2025-05-29 16:06:36.036] [cout] [info]         control: /forceset/elbow_flexion_l_torque, weight: 1.0
[2025-05-29 16:06:36.036] [cout] [info]   contact. MocoContactTrackingGoal, enabled: true, mode: cost, weight: 0.1
[2025-05-29 16:06:36.036] [cout] [info]         projection type: plane
[2025-05-29 16:06:36.036] [cout] [info]         projection vector: ~[0,0,1]
[2025-05-29 16:06:36.036] [cout] [info]         group 0: ExternalForce: grf1
[2025-05-29 16:06:36.036] [cout] [info]             forces:
[2025-05-29 16:06:36.036] [cout] [info]                 /forceset/Contact_Foot_Ground_L1
[2025-05-29 16:06:36.036] [cout] [info]                 /forceset/Contact_Foot_Ground_L2
[2025-05-29 16:06:36.036] [cout] [info]                 /forceset/Contact_Foot_Ground_L3
[2025-05-29 16:06:36.036] [cout] [info]                 /forceset/Contact_Foot_Ground_L4
[2025-05-29 16:06:36.036] [cout] [info]                 /forceset/Contact_Foot_Ground_L5
[2025-05-29 16:06:36.036] [cout] [info]                 /forceset/Contact_Foot_Ground_L6
[2025-05-29 16:06:36.036] [cout] [info]                 /forceset/Contact_Foot_Ground_L7
[2025-05-29 16:06:36.036] [cout] [info]                 /forceset/Contact_Foot_Ground_L8
[2025-05-29 16:06:36.036] [cout] [info]         group 1: ExternalForce: grf2
[2025-05-29 16:06:36.036] [cout] [info]             forces:
[2025-05-29 16:06:36.036] [cout] [info]                 /forceset/Contact_Foot_Ground_R1
[2025-05-29 16:06:36.036] [cout] [info]                 /forceset/Contact_Foot_Ground_R2
[2025-05-29 16:06:36.036] [cout] [info]                 /forceset/Contact_Foot_Ground_R3
[2025-05-29 16:06:36.036] [cout] [info]                 /forceset/Contact_Foot_Ground_R4
[2025-05-29 16:06:36.036] [cout] [info]                 /forceset/Contact_Foot_Ground_R5
[2025-05-29 16:06:36.036] [cout] [info]                 /forceset/Contact_Foot_Ground_R6
[2025-05-29 16:06:36.036] [cout] [info]                 /forceset/Contact_Foot_Ground_R7
[2025-05-29 16:06:36.036] [cout] [info]                 /forceset/Contact_Foot_Ground_R8
[2025-05-29 16:06:36.036] [cout] [info] Endpoint constraints: (total: 2)
[2025-05-29 16:06:36.036] [cout] [info]   initial_activation. MocoInitialActivationGoal, enabled: true, mode: endpoint_constraint
[2025-05-29 16:06:36.037] [cout] [info]   speed. MocoAverageSpeedGoal, enabled: true, mode: endpoint_constraint
[2025-05-29 16:06:36.037] [cout] [info] Kinematic constraints: none
[2025-05-29 16:06:36.037] [cout] [info] Path constraints: none
[2025-05-29 16:06:36.037] [cout] [info] States: (total: 54)
[2025-05-29 16:06:36.037] [cout] [info]   /forceset/rect_fem_r/activation. bounds: [0.01, 2]
[2025-05-29 16:06:36.037] [cout] [info]   /forceset/gastroc_r/normalized_tendon_force. bounds: [0, 1.5]
[2025-05-29 16:06:36.037] [cout] [info]   /forceset/soleus_r/normalized_tendon_force. bounds: [0, 1.5]
[2025-05-29 16:06:36.037] [cout] [info]   /forceset/rect_fem_l/activation. bounds: [0.01, 2]
[2025-05-29 16:06:36.037] [cout] [info]   /forceset/gastroc_l/normalized_tendon_force. bounds: [0, 1.5]
[2025-05-29 16:06:36.037] [cout] [info]   /forceset/soleus_l/normalized_tendon_force. bounds: [0, 1.5]
[2025-05-29 16:06:36.037] [cout] [info]   /forceset/hamstrings_r/activation. bounds: [0.01, 2]
[2025-05-29 16:06:36.037] [cout] [info]   /jointset/knee_l/knee_angle_l/value. bounds: [-1.5708, 0] initial: [-0.179552, 0]
[2025-05-29 16:06:36.037] [cout] [info]   /forceset/bifemsh_r/activation. bounds: [0.01, 2]
[2025-05-29 16:06:36.037] [cout] [info]   /forceset/glut_max_r/activation. bounds: [0.01, 2]
[2025-05-29 16:06:36.037] [cout] [info]   /forceset/iliopsoas_r/activation. bounds: [0.01, 2]
[2025-05-29 16:06:36.037] [cout] [info]   /forceset/gastroc_r/activation. bounds: [0.01, 2]
[2025-05-29 16:06:36.037] [cout] [info]   /forceset/vasti_r/activation. bounds: [0.01, 2]
[2025-05-29 16:06:36.037] [cout] [info]   /forceset/soleus_r/activation. bounds: [0.01, 2]
[2025-05-29 16:06:36.037] [cout] [info]   /jointset/mtp_r/mtp_angle_r/speed. bounds: [-50, 50]
[2025-05-29 16:06:36.037] [cout] [info]   /jointset/ground_pelvis/pelvis_tilt/speed. bounds: [-50, 50]
[2025-05-29 16:06:36.037] [cout] [info]   /forceset/dorsiflexors_r/activation. bounds: [0.01, 2]
[2025-05-29 16:06:36.037] [cout] [info]   /jointset/mtp_r/mtp_angle_r/value. bounds: [-0.436332, 1.309]
[2025-05-29 16:06:36.037] [cout] [info]   /jointset/ground_pelvis/pelvis_tilt/value. bounds: [-0.436332, 0.436332] initial: [0.208948, 0.241825]
[2025-05-29 16:06:36.037] [cout] [info]   /forceset/hamstrings_l/activation. bounds: [0.01, 2]
[2025-05-29 16:06:36.037] [cout] [info]   /forceset/bifemsh_l/activation. bounds: [0.01, 2]
[2025-05-29 16:06:36.037] [cout] [info]   /jointset/ground_pelvis/pelvis_tx/speed. bounds: [-50, 50]
[2025-05-29 16:06:36.037] [cout] [info]   /forceset/glut_max_l/activation. bounds: [0.01, 2]
[2025-05-29 16:06:36.037] [cout] [info]   /forceset/iliopsoas_l/activation. bounds: [0.01, 2]
[2025-05-29 16:06:36.037] [cout] [info]   /forceset/gastroc_l/activation. bounds: [0.01, 2]
[2025-05-29 16:06:36.037] [cout] [info]   /forceset/vasti_l/activation. bounds: [0.01, 2]
[2025-05-29 16:06:36.037] [cout] [info]   /forceset/soleus_l/activation. bounds: [0.01, 2]
[2025-05-29 16:06:36.037] [cout] [info]   /jointset/back/lumbar_ext/value. bounds: [-0.698132, 0.0872665] initial: [-0.380067, -0.366463]
[2025-05-29 16:06:36.037] [cout] [info]   /jointset/mtp_l/mtp_angle_l/value. bounds: [-0.436332, 1.309]
[2025-05-29 16:06:36.037] [cout] [info]   /forceset/dorsiflexors_l/activation. bounds: [0.01, 2]
[2025-05-29 16:06:36.037] [cout] [info]   /jointset/ground_pelvis/pelvis_tx/value. bounds: [-5, 5] initial: 0.175488
[2025-05-29 16:06:36.037] [cout] [info]   /jointset/knee_r/knee_angle_r/speed. bounds: [-50, 50]
[2025-05-29 16:06:36.037] [cout] [info]   /jointset/elbow_l/elbow_flexion_l/value. bounds: [0, 1.5708] initial: [0.272883, 0.43051]
[2025-05-29 16:06:36.037] [cout] [info]   /jointset/ankle_l/ankle_angle_l/value. bounds: [-0.610865, 0.349066] initial: [-0.101604, -0.0127849]
[2025-05-29 16:06:36.037] [cout] [info]   /jointset/ground_pelvis/pelvis_ty/value. bounds: [1.01015, 1.07277] initial: [1.01926, 1.05426]
[2025-05-29 16:06:36.037] [cout] [info]   /jointset/ankle_r/ankle_angle_r/value. bounds: [-0.610865, 0.349066] initial: [-0.226351, -0.16268]
[2025-05-29 16:06:36.037] [cout] [info]   /jointset/hip_r/hip_flexion_r/value. bounds: [-0.349066, 1.0472] initial: [-0.279284, -0.134139]
[2025-05-29 16:06:36.037] [cout] [info]   /jointset/back/lumbar_ext/speed. bounds: [-50, 50]
[2025-05-29 16:06:36.037] [cout] [info]   /jointset/mtp_l/mtp_angle_l/speed. bounds: [-50, 50]
[2025-05-29 16:06:36.037] [cout] [info]   /jointset/knee_r/knee_angle_r/value. bounds: [-1.5708, 0] initial: [-1.1847, -0.752503]
[2025-05-29 16:06:36.037] [cout] [info]   /jointset/knee_l/knee_angle_l/speed. bounds: [-50, 50]
[2025-05-29 16:06:36.037] [cout] [info]   /jointset/hip_l/hip_flexion_l/value. bounds: [-0.349066, 1.0472] initial: [-0.167733, 0.00315562]
[2025-05-29 16:06:36.037] [cout] [info]   /jointset/acromial_r/shoulder_flexion_r/value. bounds: [-0.523599, 0.523599] initial: [0.0744976, 0.139325]
[2025-05-29 16:06:36.037] [cout] [info]   /jointset/elbow_r/elbow_flexion_r/value. bounds: [0, 1.5708] initial: [0.375454, 0.427738]
[2025-05-29 16:06:36.037] [cout] [info]   /jointset/acromial_l/shoulder_flexion_l/value. bounds: [-0.523599, 0.523599] initial: [-0.141572, -0.0248661]
[2025-05-29 16:06:36.037] [cout] [info]   /jointset/elbow_l/elbow_flexion_l/speed. bounds: [-50, 50]
[2025-05-29 16:06:36.037] [cout] [info]   /jointset/ankle_l/ankle_angle_l/speed. bounds: [-50, 50]
[2025-05-29 16:06:36.037] [cout] [info]   /jointset/ground_pelvis/pelvis_ty/speed. bounds: [-50, 50]
[2025-05-29 16:06:36.037] [cout] [info]   /jointset/ankle_r/ankle_angle_r/speed. bounds: [-50, 50]
[2025-05-29 16:06:36.038] [cout] [info]   /jointset/hip_r/hip_flexion_r/speed. bounds: [-50, 50]
[2025-05-29 16:06:36.038] [cout] [info]   /jointset/hip_l/hip_flexion_l/speed. bounds: [-50, 50]
[2025-05-29 16:06:36.038] [cout] [info]   /jointset/acromial_r/shoulder_flexion_r/speed. bounds: [-50, 50]
[2025-05-29 16:06:36.038] [cout] [info]   /jointset/elbow_r/elbow_flexion_r/speed. bounds: [-50, 50]
[2025-05-29 16:06:36.038] [cout] [info]   /jointset/acromial_l/shoulder_flexion_l/speed. bounds: [-50, 50]
[2025-05-29 16:06:36.038] [cout] [info] Controls: (total: 23)
[2025-05-29 16:06:36.038] [cout] [info]   /forceset/hamstrings_r. bounds: [0.01, 1]
[2025-05-29 16:06:36.038] [cout] [info]   /forceset/bifemsh_r. bounds: [0.01, 1]
[2025-05-29 16:06:36.038] [cout] [info]   /forceset/glut_max_r. bounds: [0.01, 1]
[2025-05-29 16:06:36.038] [cout] [info]   /forceset/iliopsoas_r. bounds: [0.01, 1]
[2025-05-29 16:06:36.038] [cout] [info]   /forceset/rect_fem_r. bounds: [0.01, 1]
[2025-05-29 16:06:36.038] [cout] [info]   /forceset/gastroc_r. bounds: [0.01, 1]
[2025-05-29 16:06:36.038] [cout] [info]   /forceset/vasti_r. bounds: [0.01, 1]
[2025-05-29 16:06:36.038] [cout] [info]   /forceset/soleus_r. bounds: [0.01, 1]
[2025-05-29 16:06:36.038] [cout] [info]   /forceset/dorsiflexors_r. bounds: [0.01, 1]
[2025-05-29 16:06:36.038] [cout] [info]   /forceset/hamstrings_l. bounds: [0.01, 1]
[2025-05-29 16:06:36.038] [cout] [info]   /forceset/elbow_flexion_l_torque. bounds: [-inf, inf]
[2025-05-29 16:06:36.038] [cout] [info]   /forceset/bifemsh_l. bounds: [0.01, 1]
[2025-05-29 16:06:36.038] [cout] [info]   /forceset/glut_max_l. bounds: [0.01, 1]
[2025-05-29 16:06:36.038] [cout] [info]   /forceset/lumbar_ext_torque. bounds: [-inf, inf]
[2025-05-29 16:06:36.038] [cout] [info]   /forceset/iliopsoas_l. bounds: [0.01, 1]
[2025-05-29 16:06:36.038] [cout] [info]   /forceset/rect_fem_l. bounds: [0.01, 1]
[2025-05-29 16:06:36.038] [cout] [info]   /forceset/gastroc_l. bounds: [0.01, 1]
[2025-05-29 16:06:36.038] [cout] [info]   /forceset/vasti_l. bounds: [0.01, 1]
[2025-05-29 16:06:36.038] [cout] [info]   /forceset/soleus_l. bounds: [0.01, 1]
[2025-05-29 16:06:36.038] [cout] [info]   /forceset/dorsiflexors_l. bounds: [0.01, 1]
[2025-05-29 16:06:36.038] [cout] [info]   /forceset/shoulder_flexion_r_torque. bounds: [-inf, inf]
[2025-05-29 16:06:36.038] [cout] [info]   /forceset/elbow_flexion_r_torque. bounds: [-inf, inf]
[2025-05-29 16:06:36.038] [cout] [info]   /forceset/shoulder_flexion_l_torque. bounds: [-inf, inf]
[2025-05-29 16:06:36.038] [cout] [info] Parameters: none
[2025-05-29 16:06:36.821] [info] Number of threads: 8
[2025-05-29 16:10:17.922] [info] Set log level to Info.
[2025-05-29 16:10:17.925] [info] ------------------------------------------------------------------------
[2025-05-29 16:10:17.925] [info] Elapsed real time: 222 second(s) (3 minute(s), 42 second(s)).
[2025-05-29 16:10:17.925] [info] Thu May 29 16:10:17 2025
[2025-05-29 16:10:17.925] [warning] MocoCasADiSolver did NOT succeed:
[2025-05-29 16:10:17.925] [warning]   User_Requested_Stop
[2025-05-29 16:10:17.925] [info] ========================================================================
[2025-05-29 16:10:43.716] [cout] [info] Exiting visualization.
[2025-05-29 16:11:07.079] [info] Loaded model 2014014_2d from file 2014014_C4_04_initial-model_2d.osim
[2025-05-29 16:11:37.466] [info] ========================================================================
[2025-05-29 16:11:37.466] [info] MocoCasADiSolver starting.
[2025-05-29 16:11:37.466] [info] Thu May 29 16:11:37 2025
[2025-05-29 16:11:37.466] [info] ------------------------------------------------------------------------
[2025-05-29 16:11:37.466] [cout] [info] Costs: (total: 3)
[2025-05-29 16:11:37.466] [cout] [info]   state_tracking. MocoStateTrackingGoal, enabled: true, mode: cost, weight: 1.0
[2025-05-29 16:11:37.466] [cout] [info]         state: /jointset/ground_pelvis/pelvis_tilt/value, weight: 12.1664
[2025-05-29 16:11:37.466] [cout] [info]         state: /jointset/ground_pelvis/pelvis_tx/value, weight: 0.0
[2025-05-29 16:11:37.466] [cout] [info]         state: /jointset/ground_pelvis/pelvis_ty/value, weight: 36.2107
[2025-05-29 16:11:37.466] [cout] [info]         state: /jointset/hip_r/hip_flexion_r/value, weight: 2.75586
[2025-05-29 16:11:37.466] [cout] [info]         state: /jointset/hip_l/hip_flexion_l/value, weight: 2.34071
[2025-05-29 16:11:37.466] [cout] [info]         state: /jointset/back/lumbar_ext/value, weight: 29.4037
[2025-05-29 16:11:37.466] [cout] [info]         state: /jointset/knee_r/knee_angle_r/value, weight: 0.925501
[2025-05-29 16:11:37.466] [cout] [info]         state: /jointset/knee_l/knee_angle_l/value, weight: 1.61229
[2025-05-29 16:11:37.466] [cout] [info]         state: /jointset/acromial_r/shoulder_flexion_r/value, weight: 6.17021
[2025-05-29 16:11:37.466] [cout] [info]         state: /jointset/acromial_l/shoulder_flexion_l/value, weight: 3.42741
[2025-05-29 16:11:37.466] [cout] [info]         state: /jointset/ankle_r/ankle_angle_r/value, weight: 6.2823
[2025-05-29 16:11:37.466] [cout] [info]         state: /jointset/ankle_l/ankle_angle_l/value, weight: 4.50354
[2025-05-29 16:11:37.466] [cout] [info]         state: /jointset/elbow_r/elbow_flexion_r/value, weight: 7.65053
[2025-05-29 16:11:37.466] [cout] [info]         state: /jointset/elbow_l/elbow_flexion_l/value, weight: 2.53764
[2025-05-29 16:11:37.466] [cout] [info]         state: /jointset/ground_pelvis/pelvis_tilt/speed, weight: 0.930004
[2025-05-29 16:11:37.466] [cout] [info]         state: /jointset/ground_pelvis/pelvis_tx/speed, weight: 0.0
[2025-05-29 16:11:37.466] [cout] [info]         state: /jointset/ground_pelvis/pelvis_ty/speed, weight: 2.72873
[2025-05-29 16:11:37.466] [cout] [info]         state: /jointset/hip_r/hip_flexion_r/speed, weight: 0.25556
[2025-05-29 16:11:37.466] [cout] [info]         state: /jointset/hip_l/hip_flexion_l/speed, weight: 0.339587
[2025-05-29 16:11:37.466] [cout] [info]         state: /jointset/back/lumbar_ext/speed, weight: 1.50353
[2025-05-29 16:11:37.466] [cout] [info]         state: /jointset/knee_r/knee_angle_r/speed, weight: 0.122041
[2025-05-29 16:11:37.466] [cout] [info]         state: /jointset/knee_l/knee_angle_l/speed, weight: 0.221248
[2025-05-29 16:11:37.466] [cout] [info]         state: /jointset/acromial_r/shoulder_flexion_r/speed, weight: 0.771884
[2025-05-29 16:11:37.466] [cout] [info]         state: /jointset/acromial_l/shoulder_flexion_l/speed, weight: 0.32994
[2025-05-29 16:11:37.466] [cout] [info]         state: /jointset/ankle_r/ankle_angle_r/speed, weight: 0.619564
[2025-05-29 16:11:37.466] [cout] [info]         state: /jointset/ankle_l/ankle_angle_l/speed, weight: 0.480794
[2025-05-29 16:11:37.466] [cout] [info]         state: /jointset/elbow_r/elbow_flexion_r/speed, weight: 1.70026
[2025-05-29 16:11:37.466] [cout] [info]         state: /jointset/elbow_l/elbow_flexion_l/speed, weight: 0.474488
[2025-05-29 16:11:37.466] [cout] [info]         state: /jointset/mtp_r/mtp_angle_r/value, weight: 0.0
[2025-05-29 16:11:37.466] [cout] [info]         state: /jointset/mtp_r/mtp_angle_r/speed, weight: 0.0
[2025-05-29 16:11:37.466] [cout] [info]         state: /jointset/mtp_l/mtp_angle_l/value, weight: 0.0
[2025-05-29 16:11:37.466] [cout] [info]         state: /jointset/mtp_l/mtp_angle_l/speed, weight: 0.0
[2025-05-29 16:11:37.466] [cout] [info]   control_effort. MocoControlGoal, enabled: true, mode: cost, weight: 10.0
[2025-05-29 16:11:37.466] [cout] [info]         control: /forceset/hamstrings_r, weight: 1.0
[2025-05-29 16:11:37.466] [cout] [info]         control: /forceset/bifemsh_r, weight: 1.0
[2025-05-29 16:11:37.466] [cout] [info]         control: /forceset/glut_max_r, weight: 1.0
[2025-05-29 16:11:37.466] [cout] [info]         control: /forceset/iliopsoas_r, weight: 1.0
[2025-05-29 16:11:37.466] [cout] [info]         control: /forceset/rect_fem_r, weight: 1.0
[2025-05-29 16:11:37.466] [cout] [info]         control: /forceset/vasti_r, weight: 1.0
[2025-05-29 16:11:37.466] [cout] [info]         control: /forceset/gastroc_r, weight: 1.0
[2025-05-29 16:11:37.466] [cout] [info]         control: /forceset/soleus_r, weight: 1.0
[2025-05-29 16:11:37.466] [cout] [info]         control: /forceset/dorsiflexors_r, weight: 1.0
[2025-05-29 16:11:37.466] [cout] [info]         control: /forceset/hamstrings_l, weight: 1.0
[2025-05-29 16:11:37.466] [cout] [info]         control: /forceset/bifemsh_l, weight: 1.0
[2025-05-29 16:11:37.466] [cout] [info]         control: /forceset/glut_max_l, weight: 1.0
[2025-05-29 16:11:37.466] [cout] [info]         control: /forceset/iliopsoas_l, weight: 1.0
[2025-05-29 16:11:37.466] [cout] [info]         control: /forceset/rect_fem_l, weight: 1.0
[2025-05-29 16:11:37.466] [cout] [info]         control: /forceset/vasti_l, weight: 1.0
[2025-05-29 16:11:37.466] [cout] [info]         control: /forceset/gastroc_l, weight: 1.0
[2025-05-29 16:11:37.466] [cout] [info]         control: /forceset/soleus_l, weight: 1.0
[2025-05-29 16:11:37.466] [cout] [info]         control: /forceset/dorsiflexors_l, weight: 1.0
[2025-05-29 16:11:37.466] [cout] [info]         control: /forceset/lumbar_ext_torque, weight: 1.0
[2025-05-29 16:11:37.466] [cout] [info]         control: /forceset/shoulder_flexion_r_torque, weight: 1.0
[2025-05-29 16:11:37.467] [cout] [info]         control: /forceset/elbow_flexion_r_torque, weight: 1.0
[2025-05-29 16:11:37.467] [cout] [info]         control: /forceset/shoulder_flexion_l_torque, weight: 1.0
[2025-05-29 16:11:37.467] [cout] [info]         control: /forceset/elbow_flexion_l_torque, weight: 1.0
[2025-05-29 16:11:37.467] [cout] [info]   contact. MocoContactTrackingGoal, enabled: true, mode: cost, weight: 0.5
[2025-05-29 16:11:37.467] [cout] [info]         projection type: plane
[2025-05-29 16:11:37.467] [cout] [info]         projection vector: ~[0,0,1]
[2025-05-29 16:11:37.467] [cout] [info]         group 0: ExternalForce: grf1
[2025-05-29 16:11:37.467] [cout] [info]             forces:
[2025-05-29 16:11:37.467] [cout] [info]                 /forceset/Contact_Foot_Ground_L1
[2025-05-29 16:11:37.467] [cout] [info]                 /forceset/Contact_Foot_Ground_L2
[2025-05-29 16:11:37.467] [cout] [info]                 /forceset/Contact_Foot_Ground_L3
[2025-05-29 16:11:37.467] [cout] [info]                 /forceset/Contact_Foot_Ground_L4
[2025-05-29 16:11:37.467] [cout] [info]                 /forceset/Contact_Foot_Ground_L5
[2025-05-29 16:11:37.467] [cout] [info]                 /forceset/Contact_Foot_Ground_L6
[2025-05-29 16:11:37.467] [cout] [info]                 /forceset/Contact_Foot_Ground_L7
[2025-05-29 16:11:37.467] [cout] [info]                 /forceset/Contact_Foot_Ground_L8
[2025-05-29 16:11:37.467] [cout] [info]         group 1: ExternalForce: grf2
[2025-05-29 16:11:37.467] [cout] [info]             forces:
[2025-05-29 16:11:37.467] [cout] [info]                 /forceset/Contact_Foot_Ground_R1
[2025-05-29 16:11:37.467] [cout] [info]                 /forceset/Contact_Foot_Ground_R2
[2025-05-29 16:11:37.467] [cout] [info]                 /forceset/Contact_Foot_Ground_R3
[2025-05-29 16:11:37.467] [cout] [info]                 /forceset/Contact_Foot_Ground_R4
[2025-05-29 16:11:37.467] [cout] [info]                 /forceset/Contact_Foot_Ground_R5
[2025-05-29 16:11:37.467] [cout] [info]                 /forceset/Contact_Foot_Ground_R6
[2025-05-29 16:11:37.467] [cout] [info]                 /forceset/Contact_Foot_Ground_R7
[2025-05-29 16:11:37.467] [cout] [info]                 /forceset/Contact_Foot_Ground_R8
[2025-05-29 16:11:37.467] [cout] [info] Endpoint constraints: (total: 2)
[2025-05-29 16:11:37.467] [cout] [info]   initial_activation. MocoInitialActivationGoal, enabled: true, mode: endpoint_constraint
[2025-05-29 16:11:37.467] [cout] [info]   speed. MocoAverageSpeedGoal, enabled: true, mode: endpoint_constraint
[2025-05-29 16:11:37.467] [cout] [info] Kinematic constraints: none
[2025-05-29 16:11:37.467] [cout] [info] Path constraints: none
[2025-05-29 16:11:37.467] [cout] [info] States: (total: 54)
[2025-05-29 16:11:37.467] [cout] [info]   /forceset/rect_fem_r/activation. bounds: [0.01, 2]
[2025-05-29 16:11:37.467] [cout] [info]   /forceset/gastroc_r/normalized_tendon_force. bounds: [0, 1.5]
[2025-05-29 16:11:37.467] [cout] [info]   /forceset/soleus_r/normalized_tendon_force. bounds: [0, 1.5]
[2025-05-29 16:11:37.467] [cout] [info]   /forceset/rect_fem_l/activation. bounds: [0.01, 2]
[2025-05-29 16:11:37.467] [cout] [info]   /forceset/gastroc_l/normalized_tendon_force. bounds: [0, 1.5]
[2025-05-29 16:11:37.467] [cout] [info]   /forceset/soleus_l/normalized_tendon_force. bounds: [0, 1.5]
[2025-05-29 16:11:37.467] [cout] [info]   /forceset/hamstrings_r/activation. bounds: [0.01, 2]
[2025-05-29 16:11:37.467] [cout] [info]   /jointset/knee_l/knee_angle_l/value. bounds: [-2.0944, 0]
[2025-05-29 16:11:37.467] [cout] [info]   /forceset/bifemsh_r/activation. bounds: [0.01, 2]
[2025-05-29 16:11:37.467] [cout] [info]   /forceset/glut_max_r/activation. bounds: [0.01, 2]
[2025-05-29 16:11:37.467] [cout] [info]   /forceset/iliopsoas_r/activation. bounds: [0.01, 2]
[2025-05-29 16:11:37.467] [cout] [info]   /forceset/gastroc_r/activation. bounds: [0.01, 2]
[2025-05-29 16:11:37.467] [cout] [info]   /forceset/vasti_r/activation. bounds: [0.01, 2]
[2025-05-29 16:11:37.467] [cout] [info]   /forceset/soleus_r/activation. bounds: [0.01, 2]
[2025-05-29 16:11:37.467] [cout] [info]   /jointset/mtp_r/mtp_angle_r/speed. bounds: [-50, 50]
[2025-05-29 16:11:37.467] [cout] [info]   /jointset/ground_pelvis/pelvis_tilt/speed. bounds: [-50, 50]
[2025-05-29 16:11:37.467] [cout] [info]   /forceset/dorsiflexors_r/activation. bounds: [0.01, 2]
[2025-05-29 16:11:37.467] [cout] [info]   /jointset/mtp_r/mtp_angle_r/value. bounds: [-1.5708, 1.5708]
[2025-05-29 16:11:37.467] [cout] [info]   /jointset/ground_pelvis/pelvis_tilt/value. bounds: [-1.5708, 1.5708]
[2025-05-29 16:11:37.467] [cout] [info]   /forceset/hamstrings_l/activation. bounds: [0.01, 2]
[2025-05-29 16:11:37.467] [cout] [info]   /forceset/bifemsh_l/activation. bounds: [0.01, 2]
[2025-05-29 16:11:37.467] [cout] [info]   /jointset/ground_pelvis/pelvis_tx/speed. bounds: [-50, 50]
[2025-05-29 16:11:37.467] [cout] [info]   /forceset/glut_max_l/activation. bounds: [0.01, 2]
[2025-05-29 16:11:37.467] [cout] [info]   /forceset/iliopsoas_l/activation. bounds: [0.01, 2]
[2025-05-29 16:11:37.467] [cout] [info]   /forceset/gastroc_l/activation. bounds: [0.01, 2]
[2025-05-29 16:11:37.467] [cout] [info]   /forceset/vasti_l/activation. bounds: [0.01, 2]
[2025-05-29 16:11:37.467] [cout] [info]   /forceset/soleus_l/activation. bounds: [0.01, 2]
[2025-05-29 16:11:37.467] [cout] [info]   /jointset/back/lumbar_ext/value. bounds: [-1.5708, 1.5708]
[2025-05-29 16:11:37.467] [cout] [info]   /jointset/mtp_l/mtp_angle_l/value. bounds: [-1.5708, 1.5708]
[2025-05-29 16:11:37.467] [cout] [info]   /forceset/dorsiflexors_l/activation. bounds: [0.01, 2]
[2025-05-29 16:11:37.467] [cout] [info]   /jointset/ground_pelvis/pelvis_tx/value. bounds: [-5, 5]
[2025-05-29 16:11:37.467] [cout] [info]   /jointset/elbow_l/elbow_flexion_l/value. bounds: [0, 2.618]
[2025-05-29 16:11:37.467] [cout] [info]   /jointset/ankle_l/ankle_angle_l/value. bounds: [-1.0472, 1.0472]
[2025-05-29 16:11:37.467] [cout] [info]   /jointset/knee_r/knee_angle_r/speed. bounds: [-50, 50]
[2025-05-29 16:11:37.467] [cout] [info]   /jointset/ground_pelvis/pelvis_ty/value. bounds: [-1, 2]
[2025-05-29 16:11:37.467] [cout] [info]   /jointset/elbow_l/elbow_flexion_l/speed. bounds: [-50, 50]
[2025-05-29 16:11:37.467] [cout] [info]   /jointset/ankle_l/ankle_angle_l/speed. bounds: [-50, 50]
[2025-05-29 16:11:37.467] [cout] [info]   /jointset/ground_pelvis/pelvis_ty/speed. bounds: [-50, 50]
[2025-05-29 16:11:37.467] [cout] [info]   /jointset/ankle_r/ankle_angle_r/value. bounds: [-1.5708, 1.5708]
[2025-05-29 16:11:37.467] [cout] [info]   /jointset/hip_r/hip_flexion_r/value. bounds: [-2.0944, 2.0944]
[2025-05-29 16:11:37.467] [cout] [info]   /jointset/ankle_r/ankle_angle_r/speed. bounds: [-50, 50]
[2025-05-29 16:11:37.467] [cout] [info]   /jointset/hip_r/hip_flexion_r/speed. bounds: [-50, 50]
[2025-05-29 16:11:37.467] [cout] [info]   /jointset/back/lumbar_ext/speed. bounds: [-50, 50]
[2025-05-29 16:11:37.467] [cout] [info]   /jointset/mtp_l/mtp_angle_l/speed. bounds: [-50, 50]
[2025-05-29 16:11:37.467] [cout] [info]   /jointset/knee_r/knee_angle_r/value. bounds: [-2.0944, 0]
[2025-05-29 16:11:37.467] [cout] [info]   /jointset/knee_l/knee_angle_l/speed. bounds: [-50, 50]
[2025-05-29 16:11:37.467] [cout] [info]   /jointset/hip_l/hip_flexion_l/value. bounds: [-2.0944, 2.0944]
[2025-05-29 16:11:37.467] [cout] [info]   /jointset/hip_l/hip_flexion_l/speed. bounds: [-50, 50]
[2025-05-29 16:11:37.467] [cout] [info]   /jointset/acromial_r/shoulder_flexion_r/value. bounds: [-1.5708, 1.5708]
[2025-05-29 16:11:37.467] [cout] [info]   /jointset/acromial_r/shoulder_flexion_r/speed. bounds: [-50, 50]
[2025-05-29 16:11:37.467] [cout] [info]   /jointset/elbow_r/elbow_flexion_r/value. bounds: [0, 2.618]
[2025-05-29 16:11:37.467] [cout] [info]   /jointset/elbow_r/elbow_flexion_r/speed. bounds: [-50, 50]
[2025-05-29 16:11:37.467] [cout] [info]   /jointset/acromial_l/shoulder_flexion_l/value. bounds: [-1.5708, 1.5708]
[2025-05-29 16:11:37.467] [cout] [info]   /jointset/acromial_l/shoulder_flexion_l/speed. bounds: [-50, 50]
[2025-05-29 16:11:37.467] [cout] [info] Controls: (total: 23)
[2025-05-29 16:11:37.467] [cout] [info]   /forceset/hamstrings_r. bounds: [0.01, 1]
[2025-05-29 16:11:37.467] [cout] [info]   /forceset/bifemsh_r. bounds: [0.01, 1]
[2025-05-29 16:11:37.468] [cout] [info]   /forceset/glut_max_r. bounds: [0.01, 1]
[2025-05-29 16:11:37.468] [cout] [info]   /forceset/iliopsoas_r. bounds: [0.01, 1]
[2025-05-29 16:11:37.468] [cout] [info]   /forceset/rect_fem_r. bounds: [0.01, 1]
[2025-05-29 16:11:37.468] [cout] [info]   /forceset/gastroc_r. bounds: [0.01, 1]
[2025-05-29 16:11:37.468] [cout] [info]   /forceset/vasti_r. bounds: [0.01, 1]
[2025-05-29 16:11:37.468] [cout] [info]   /forceset/soleus_r. bounds: [0.01, 1]
[2025-05-29 16:11:37.468] [cout] [info]   /forceset/dorsiflexors_r. bounds: [0.01, 1]
[2025-05-29 16:11:37.468] [cout] [info]   /forceset/hamstrings_l. bounds: [0.01, 1]
[2025-05-29 16:11:37.468] [cout] [info]   /forceset/elbow_flexion_l_torque. bounds: [-inf, inf]
[2025-05-29 16:11:37.468] [cout] [info]   /forceset/bifemsh_l. bounds: [0.01, 1]
[2025-05-29 16:11:37.468] [cout] [info]   /forceset/glut_max_l. bounds: [0.01, 1]
[2025-05-29 16:11:37.468] [cout] [info]   /forceset/lumbar_ext_torque. bounds: [-inf, inf]
[2025-05-29 16:11:37.468] [cout] [info]   /forceset/iliopsoas_l. bounds: [0.01, 1]
[2025-05-29 16:11:37.468] [cout] [info]   /forceset/rect_fem_l. bounds: [0.01, 1]
[2025-05-29 16:11:37.468] [cout] [info]   /forceset/gastroc_l. bounds: [0.01, 1]
[2025-05-29 16:11:37.468] [cout] [info]   /forceset/vasti_l. bounds: [0.01, 1]
[2025-05-29 16:11:37.468] [cout] [info]   /forceset/soleus_l. bounds: [0.01, 1]
[2025-05-29 16:11:37.468] [cout] [info]   /forceset/dorsiflexors_l. bounds: [0.01, 1]
[2025-05-29 16:11:37.468] [cout] [info]   /forceset/shoulder_flexion_r_torque. bounds: [-inf, inf]
[2025-05-29 16:11:37.468] [cout] [info]   /forceset/elbow_flexion_r_torque. bounds: [-inf, inf]
[2025-05-29 16:11:37.468] [cout] [info]   /forceset/shoulder_flexion_l_torque. bounds: [-inf, inf]
[2025-05-29 16:11:37.468] [cout] [info] Parameters: none
[2025-05-29 16:11:38.271] [info] Number of threads: 8
[2025-05-29 16:33:41.414] [info] Set log level to Info.
[2025-05-29 16:33:41.418] [info] ------------------------------------------------------------------------
[2025-05-29 16:33:41.418] [info] Elapsed real time: 1324 second(s) (22 minute(s), 4 second(s)).
[2025-05-29 16:33:41.418] [info] Thu May 29 16:33:41 2025
[2025-05-29 16:33:41.418] [warning] MocoCasADiSolver did NOT succeed:
[2025-05-29 16:33:41.418] [warning]   User_Requested_Stop
[2025-05-29 16:33:41.418] [info] ========================================================================
[2025-05-29 16:34:04.626] [cout] [info] Exiting visualization.
[2025-05-29 16:34:50.088] [info] Loaded model 2014014_2d from file 2014014_C4_04_initial-model_2d.osim
[2025-05-29 16:41:11.556] [info] ========================================================================
[2025-05-29 16:41:11.556] [info] MocoCasADiSolver starting.
[2025-05-29 16:41:11.556] [info] Thu May 29 16:41:11 2025
[2025-05-29 16:41:11.556] [info] ------------------------------------------------------------------------
[2025-05-29 16:41:11.556] [cout] [info] Costs: (total: 3)
[2025-05-29 16:41:11.556] [cout] [info]   state_tracking. MocoStateTrackingGoal, enabled: true, mode: cost, weight: 1.0
[2025-05-29 16:41:11.556] [cout] [info]         state: /jointset/ground_pelvis/pelvis_tilt/value, weight: 12.1664
[2025-05-29 16:41:11.556] [cout] [info]         state: /jointset/ground_pelvis/pelvis_tx/value, weight: 0.0
[2025-05-29 16:41:11.556] [cout] [info]         state: /jointset/ground_pelvis/pelvis_ty/value, weight: 0.0
[2025-05-29 16:41:11.556] [cout] [info]         state: /jointset/hip_r/hip_flexion_r/value, weight: 2.75586
[2025-05-29 16:41:11.556] [cout] [info]         state: /jointset/hip_l/hip_flexion_l/value, weight: 2.34071
[2025-05-29 16:41:11.556] [cout] [info]         state: /jointset/back/lumbar_ext/value, weight: 29.4037
[2025-05-29 16:41:11.556] [cout] [info]         state: /jointset/knee_r/knee_angle_r/value, weight: 0.925501
[2025-05-29 16:41:11.556] [cout] [info]         state: /jointset/knee_l/knee_angle_l/value, weight: 1.61229
[2025-05-29 16:41:11.556] [cout] [info]         state: /jointset/acromial_r/shoulder_flexion_r/value, weight: 6.17021
[2025-05-29 16:41:11.556] [cout] [info]         state: /jointset/acromial_l/shoulder_flexion_l/value, weight: 3.42741
[2025-05-29 16:41:11.556] [cout] [info]         state: /jointset/ankle_r/ankle_angle_r/value, weight: 6.2823
[2025-05-29 16:41:11.556] [cout] [info]         state: /jointset/ankle_l/ankle_angle_l/value, weight: 4.50354
[2025-05-29 16:41:11.557] [cout] [info]         state: /jointset/elbow_r/elbow_flexion_r/value, weight: 7.65053
[2025-05-29 16:41:11.557] [cout] [info]         state: /jointset/elbow_l/elbow_flexion_l/value, weight: 2.53764
[2025-05-29 16:41:11.557] [cout] [info]         state: /jointset/ground_pelvis/pelvis_tilt/speed, weight: 0.930004
[2025-05-29 16:41:11.557] [cout] [info]         state: /jointset/ground_pelvis/pelvis_tx/speed, weight: 0.0
[2025-05-29 16:41:11.557] [cout] [info]         state: /jointset/ground_pelvis/pelvis_ty/speed, weight: 0.0
[2025-05-29 16:41:11.557] [cout] [info]         state: /jointset/hip_r/hip_flexion_r/speed, weight: 0.25556
[2025-05-29 16:41:11.557] [cout] [info]         state: /jointset/hip_l/hip_flexion_l/speed, weight: 0.339587
[2025-05-29 16:41:11.557] [cout] [info]         state: /jointset/back/lumbar_ext/speed, weight: 1.50353
[2025-05-29 16:41:11.557] [cout] [info]         state: /jointset/knee_r/knee_angle_r/speed, weight: 0.122041
[2025-05-29 16:41:11.557] [cout] [info]         state: /jointset/knee_l/knee_angle_l/speed, weight: 0.221248
[2025-05-29 16:41:11.557] [cout] [info]         state: /jointset/acromial_r/shoulder_flexion_r/speed, weight: 0.771884
[2025-05-29 16:41:11.557] [cout] [info]         state: /jointset/acromial_l/shoulder_flexion_l/speed, weight: 0.32994
[2025-05-29 16:41:11.557] [cout] [info]         state: /jointset/ankle_r/ankle_angle_r/speed, weight: 0.619564
[2025-05-29 16:41:11.557] [cout] [info]         state: /jointset/ankle_l/ankle_angle_l/speed, weight: 0.480794
[2025-05-29 16:41:11.557] [cout] [info]         state: /jointset/elbow_r/elbow_flexion_r/speed, weight: 1.70026
[2025-05-29 16:41:11.557] [cout] [info]         state: /jointset/elbow_l/elbow_flexion_l/speed, weight: 0.474488
[2025-05-29 16:41:11.557] [cout] [info]         state: /jointset/mtp_r/mtp_angle_r/value, weight: 0.0
[2025-05-29 16:41:11.557] [cout] [info]         state: /jointset/mtp_r/mtp_angle_r/speed, weight: 0.0
[2025-05-29 16:41:11.557] [cout] [info]         state: /jointset/mtp_l/mtp_angle_l/value, weight: 0.0
[2025-05-29 16:41:11.557] [cout] [info]         state: /jointset/mtp_l/mtp_angle_l/speed, weight: 0.0
[2025-05-29 16:41:11.557] [cout] [info]   control_effort. MocoControlGoal, enabled: true, mode: cost, weight: 10.0
[2025-05-29 16:41:11.557] [cout] [info]         control: /forceset/hamstrings_r, weight: 1.0
[2025-05-29 16:41:11.557] [cout] [info]         control: /forceset/bifemsh_r, weight: 1.0
[2025-05-29 16:41:11.557] [cout] [info]         control: /forceset/glut_max_r, weight: 1.0
[2025-05-29 16:41:11.557] [cout] [info]         control: /forceset/iliopsoas_r, weight: 1.0
[2025-05-29 16:41:11.557] [cout] [info]         control: /forceset/rect_fem_r, weight: 1.0
[2025-05-29 16:41:11.557] [cout] [info]         control: /forceset/vasti_r, weight: 1.0
[2025-05-29 16:41:11.557] [cout] [info]         control: /forceset/gastroc_r, weight: 1.0
[2025-05-29 16:41:11.557] [cout] [info]         control: /forceset/soleus_r, weight: 1.0
[2025-05-29 16:41:11.557] [cout] [info]         control: /forceset/dorsiflexors_r, weight: 1.0
[2025-05-29 16:41:11.557] [cout] [info]         control: /forceset/hamstrings_l, weight: 1.0
[2025-05-29 16:41:11.557] [cout] [info]         control: /forceset/bifemsh_l, weight: 1.0
[2025-05-29 16:41:11.557] [cout] [info]         control: /forceset/glut_max_l, weight: 1.0
[2025-05-29 16:41:11.557] [cout] [info]         control: /forceset/iliopsoas_l, weight: 1.0
[2025-05-29 16:41:11.557] [cout] [info]         control: /forceset/rect_fem_l, weight: 1.0
[2025-05-29 16:41:11.557] [cout] [info]         control: /forceset/vasti_l, weight: 1.0
[2025-05-29 16:41:11.557] [cout] [info]         control: /forceset/gastroc_l, weight: 1.0
[2025-05-29 16:41:11.557] [cout] [info]         control: /forceset/soleus_l, weight: 1.0
[2025-05-29 16:41:11.557] [cout] [info]         control: /forceset/dorsiflexors_l, weight: 1.0
[2025-05-29 16:41:11.557] [cout] [info]         control: /forceset/lumbar_ext_torque, weight: 1.0
[2025-05-29 16:41:11.557] [cout] [info]         control: /forceset/shoulder_flexion_r_torque, weight: 1.0
[2025-05-29 16:41:11.557] [cout] [info]         control: /forceset/elbow_flexion_r_torque, weight: 1.0
[2025-05-29 16:41:11.557] [cout] [info]         control: /forceset/shoulder_flexion_l_torque, weight: 1.0
[2025-05-29 16:41:11.557] [cout] [info]         control: /forceset/elbow_flexion_l_torque, weight: 1.0
[2025-05-29 16:41:11.557] [cout] [info]   contact. MocoContactTrackingGoal, enabled: true, mode: cost, weight: 0.5
[2025-05-29 16:41:11.557] [cout] [info]         projection type: plane
[2025-05-29 16:41:11.557] [cout] [info]         projection vector: ~[0,0,1]
[2025-05-29 16:41:11.557] [cout] [info]         group 0: ExternalForce: grf1
[2025-05-29 16:41:11.557] [cout] [info]             forces:
[2025-05-29 16:41:11.557] [cout] [info]                 /forceset/Contact_Foot_Ground_L1
[2025-05-29 16:41:11.557] [cout] [info]                 /forceset/Contact_Foot_Ground_L2
[2025-05-29 16:41:11.557] [cout] [info]                 /forceset/Contact_Foot_Ground_L3
[2025-05-29 16:41:11.557] [cout] [info]                 /forceset/Contact_Foot_Ground_L4
[2025-05-29 16:41:11.557] [cout] [info]                 /forceset/Contact_Foot_Ground_L5
[2025-05-29 16:41:11.557] [cout] [info]                 /forceset/Contact_Foot_Ground_L6
[2025-05-29 16:41:11.557] [cout] [info]                 /forceset/Contact_Foot_Ground_L7
[2025-05-29 16:41:11.557] [cout] [info]                 /forceset/Contact_Foot_Ground_L8
[2025-05-29 16:41:11.557] [cout] [info]         group 1: ExternalForce: grf2
[2025-05-29 16:41:11.557] [cout] [info]             forces:
[2025-05-29 16:41:11.557] [cout] [info]                 /forceset/Contact_Foot_Ground_R1
[2025-05-29 16:41:11.557] [cout] [info]                 /forceset/Contact_Foot_Ground_R2
[2025-05-29 16:41:11.557] [cout] [info]                 /forceset/Contact_Foot_Ground_R3
[2025-05-29 16:41:11.557] [cout] [info]                 /forceset/Contact_Foot_Ground_R4
[2025-05-29 16:41:11.557] [cout] [info]                 /forceset/Contact_Foot_Ground_R5
[2025-05-29 16:41:11.557] [cout] [info]                 /forceset/Contact_Foot_Ground_R6
[2025-05-29 16:41:11.557] [cout] [info]                 /forceset/Contact_Foot_Ground_R7
[2025-05-29 16:41:11.557] [cout] [info]                 /forceset/Contact_Foot_Ground_R8
[2025-05-29 16:41:11.557] [cout] [info] Endpoint constraints: (total: 2)
[2025-05-29 16:41:11.557] [cout] [info]   initial_activation. MocoInitialActivationGoal, enabled: true, mode: endpoint_constraint
[2025-05-29 16:41:11.557] [cout] [info]   speed. MocoAverageSpeedGoal, enabled: true, mode: endpoint_constraint
[2025-05-29 16:41:11.557] [cout] [info] Kinematic constraints: none
[2025-05-29 16:41:11.557] [cout] [info] Path constraints: none
[2025-05-29 16:41:11.557] [cout] [info] States: (total: 54)
[2025-05-29 16:41:11.557] [cout] [info]   /forceset/rect_fem_r/activation. bounds: [0.01, 2]
[2025-05-29 16:41:11.557] [cout] [info]   /forceset/gastroc_r/normalized_tendon_force. bounds: [0, 1.5]
[2025-05-29 16:41:11.557] [cout] [info]   /forceset/soleus_r/normalized_tendon_force. bounds: [0, 1.5]
[2025-05-29 16:41:11.557] [cout] [info]   /forceset/rect_fem_l/activation. bounds: [0.01, 2]
[2025-05-29 16:41:11.557] [cout] [info]   /forceset/gastroc_l/normalized_tendon_force. bounds: [0, 1.5]
[2025-05-29 16:41:11.557] [cout] [info]   /forceset/soleus_l/normalized_tendon_force. bounds: [0, 1.5]
[2025-05-29 16:41:11.557] [cout] [info]   /forceset/hamstrings_r/activation. bounds: [0.01, 2]
[2025-05-29 16:41:11.557] [cout] [info]   /jointset/knee_l/knee_angle_l/value. bounds: [-1.5708, 0] initial: [-0.179552, 0]
[2025-05-29 16:41:11.557] [cout] [info]   /forceset/bifemsh_r/activation. bounds: [0.01, 2]
[2025-05-29 16:41:11.557] [cout] [info]   /forceset/glut_max_r/activation. bounds: [0.01, 2]
[2025-05-29 16:41:11.557] [cout] [info]   /forceset/iliopsoas_r/activation. bounds: [0.01, 2]
[2025-05-29 16:41:11.557] [cout] [info]   /forceset/gastroc_r/activation. bounds: [0.01, 2]
[2025-05-29 16:41:11.557] [cout] [info]   /forceset/vasti_r/activation. bounds: [0.01, 2]
[2025-05-29 16:41:11.557] [cout] [info]   /forceset/soleus_r/activation. bounds: [0.01, 2]
[2025-05-29 16:41:11.557] [cout] [info]   /jointset/mtp_r/mtp_angle_r/speed. bounds: [-50, 50]
[2025-05-29 16:41:11.557] [cout] [info]   /jointset/ground_pelvis/pelvis_tilt/speed. bounds: [-50, 50]
[2025-05-29 16:41:11.557] [cout] [info]   /forceset/dorsiflexors_r/activation. bounds: [0.01, 2]
[2025-05-29 16:41:11.557] [cout] [info]   /jointset/mtp_r/mtp_angle_r/value. bounds: [-0.436332, 1.309]
[2025-05-29 16:41:11.557] [cout] [info]   /jointset/ground_pelvis/pelvis_tilt/value. bounds: [-0.436332, 0.436332] initial: [0.208948, 0.241825]
[2025-05-29 16:41:11.557] [cout] [info]   /forceset/hamstrings_l/activation. bounds: [0.01, 2]
[2025-05-29 16:41:11.557] [cout] [info]   /forceset/bifemsh_l/activation. bounds: [0.01, 2]
[2025-05-29 16:41:11.557] [cout] [info]   /jointset/ground_pelvis/pelvis_tx/speed. bounds: [-50, 50]
[2025-05-29 16:41:11.557] [cout] [info]   /forceset/glut_max_l/activation. bounds: [0.01, 2]
[2025-05-29 16:41:11.557] [cout] [info]   /forceset/iliopsoas_l/activation. bounds: [0.01, 2]
[2025-05-29 16:41:11.557] [cout] [info]   /forceset/gastroc_l/activation. bounds: [0.01, 2]
[2025-05-29 16:41:11.557] [cout] [info]   /forceset/vasti_l/activation. bounds: [0.01, 2]
[2025-05-29 16:41:11.557] [cout] [info]   /forceset/soleus_l/activation. bounds: [0.01, 2]
[2025-05-29 16:41:11.557] [cout] [info]   /jointset/back/lumbar_ext/value. bounds: [-0.698132, 0.0872665] initial: [-0.380067, -0.366463]
[2025-05-29 16:41:11.557] [cout] [info]   /jointset/mtp_l/mtp_angle_l/value. bounds: [-0.436332, 1.309]
[2025-05-29 16:41:11.557] [cout] [info]   /forceset/dorsiflexors_l/activation. bounds: [0.01, 2]
[2025-05-29 16:41:11.557] [cout] [info]   /jointset/ground_pelvis/pelvis_tx/value. bounds: [-5, 5] initial: 0.175488
[2025-05-29 16:41:11.557] [cout] [info]   /jointset/knee_r/knee_angle_r/speed. bounds: [-50, 50]
[2025-05-29 16:41:11.557] [cout] [info]   /jointset/elbow_l/elbow_flexion_l/value. bounds: [0, 1.5708] initial: [0.272883, 0.43051]
[2025-05-29 16:41:11.557] [cout] [info]   /jointset/ankle_l/ankle_angle_l/value. bounds: [-0.610865, 0.349066] initial: [-0.101604, -0.0127849]
[2025-05-29 16:41:11.557] [cout] [info]   /jointset/ground_pelvis/pelvis_ty/value. bounds: [1.01463, 1.12015] initial: [1.0265, 1.12015]
[2025-05-29 16:41:11.557] [cout] [info]   /jointset/ankle_r/ankle_angle_r/value. bounds: [-0.610865, 0.349066] initial: [-0.226351, -0.16268]
[2025-05-29 16:41:11.557] [cout] [info]   /jointset/hip_r/hip_flexion_r/value. bounds: [-0.349066, 1.0472] initial: [-0.279284, -0.134139]
[2025-05-29 16:41:11.557] [cout] [info]   /jointset/back/lumbar_ext/speed. bounds: [-50, 50]
[2025-05-29 16:41:11.557] [cout] [info]   /jointset/mtp_l/mtp_angle_l/speed. bounds: [-50, 50]
[2025-05-29 16:41:11.558] [cout] [info]   /jointset/knee_r/knee_angle_r/value. bounds: [-1.5708, 0] initial: [-1.1847, -0.752503]
[2025-05-29 16:41:11.558] [cout] [info]   /jointset/knee_l/knee_angle_l/speed. bounds: [-50, 50]
[2025-05-29 16:41:11.558] [cout] [info]   /jointset/hip_l/hip_flexion_l/value. bounds: [-0.349066, 1.0472] initial: [-0.167733, 0.00315562]
[2025-05-29 16:41:11.558] [cout] [info]   /jointset/acromial_r/shoulder_flexion_r/value. bounds: [-0.523599, 0.523599] initial: [0.0744976, 0.139325]
[2025-05-29 16:41:11.558] [cout] [info]   /jointset/elbow_r/elbow_flexion_r/value. bounds: [0, 1.5708] initial: [0.375454, 0.427738]
[2025-05-29 16:41:11.558] [cout] [info]   /jointset/acromial_l/shoulder_flexion_l/value. bounds: [-0.523599, 0.523599] initial: [-0.141572, -0.0248661]
[2025-05-29 16:41:11.558] [cout] [info]   /jointset/elbow_l/elbow_flexion_l/speed. bounds: [-50, 50]
[2025-05-29 16:41:11.558] [cout] [info]   /jointset/ankle_l/ankle_angle_l/speed. bounds: [-50, 50]
[2025-05-29 16:41:11.558] [cout] [info]   /jointset/ground_pelvis/pelvis_ty/speed. bounds: [-50, 50]
[2025-05-29 16:41:11.558] [cout] [info]   /jointset/ankle_r/ankle_angle_r/speed. bounds: [-50, 50]
[2025-05-29 16:41:11.558] [cout] [info]   /jointset/hip_r/hip_flexion_r/speed. bounds: [-50, 50]
[2025-05-29 16:41:11.558] [cout] [info]   /jointset/hip_l/hip_flexion_l/speed. bounds: [-50, 50]
[2025-05-29 16:41:11.558] [cout] [info]   /jointset/acromial_r/shoulder_flexion_r/speed. bounds: [-50, 50]
[2025-05-29 16:41:11.558] [cout] [info]   /jointset/elbow_r/elbow_flexion_r/speed. bounds: [-50, 50]
[2025-05-29 16:41:11.558] [cout] [info]   /jointset/acromial_l/shoulder_flexion_l/speed. bounds: [-50, 50]
[2025-05-29 16:41:11.558] [cout] [info] Controls: (total: 23)
[2025-05-29 16:41:11.558] [cout] [info]   /forceset/hamstrings_r. bounds: [0.01, 1]
[2025-05-29 16:41:11.558] [cout] [info]   /forceset/bifemsh_r. bounds: [0.01, 1]
[2025-05-29 16:41:11.558] [cout] [info]   /forceset/glut_max_r. bounds: [0.01, 1]
[2025-05-29 16:41:11.558] [cout] [info]   /forceset/iliopsoas_r. bounds: [0.01, 1]
[2025-05-29 16:41:11.558] [cout] [info]   /forceset/rect_fem_r. bounds: [0.01, 1]
[2025-05-29 16:41:11.558] [cout] [info]   /forceset/gastroc_r. bounds: [0.01, 1]
[2025-05-29 16:41:11.558] [cout] [info]   /forceset/vasti_r. bounds: [0.01, 1]
[2025-05-29 16:41:11.558] [cout] [info]   /forceset/soleus_r. bounds: [0.01, 1]
[2025-05-29 16:41:11.558] [cout] [info]   /forceset/dorsiflexors_r. bounds: [0.01, 1]
[2025-05-29 16:41:11.558] [cout] [info]   /forceset/hamstrings_l. bounds: [0.01, 1]
[2025-05-29 16:41:11.558] [cout] [info]   /forceset/elbow_flexion_l_torque. bounds: [-inf, inf]
[2025-05-29 16:41:11.558] [cout] [info]   /forceset/bifemsh_l. bounds: [0.01, 1]
[2025-05-29 16:41:11.558] [cout] [info]   /forceset/glut_max_l. bounds: [0.01, 1]
[2025-05-29 16:41:11.558] [cout] [info]   /forceset/lumbar_ext_torque. bounds: [-inf, inf]
[2025-05-29 16:41:11.558] [cout] [info]   /forceset/iliopsoas_l. bounds: [0.01, 1]
[2025-05-29 16:41:11.558] [cout] [info]   /forceset/rect_fem_l. bounds: [0.01, 1]
[2025-05-29 16:41:11.558] [cout] [info]   /forceset/gastroc_l. bounds: [0.01, 1]
[2025-05-29 16:41:11.558] [cout] [info]   /forceset/vasti_l. bounds: [0.01, 1]
[2025-05-29 16:41:11.558] [cout] [info]   /forceset/soleus_l. bounds: [0.01, 1]
[2025-05-29 16:41:11.558] [cout] [info]   /forceset/dorsiflexors_l. bounds: [0.01, 1]
[2025-05-29 16:41:11.558] [cout] [info]   /forceset/shoulder_flexion_r_torque. bounds: [-inf, inf]
[2025-05-29 16:41:11.558] [cout] [info]   /forceset/elbow_flexion_r_torque. bounds: [-inf, inf]
[2025-05-29 16:41:11.558] [cout] [info]   /forceset/shoulder_flexion_l_torque. bounds: [-inf, inf]
[2025-05-29 16:41:11.558] [cout] [info] Parameters: none
[2025-05-29 16:41:12.357] [info] Number of threads: 8
[2025-05-29 17:15:44.233] [info] Set log level to Info.
[2025-05-29 17:15:44.239] [info] ------------------------------------------------------------------------
[2025-05-29 17:15:44.239] [info] Elapsed real time: 2073 second(s) (34 minute(s), 33 second(s)).
[2025-05-29 17:15:44.239] [info] Thu May 29 17:15:44 2025
[2025-05-29 17:15:44.239] [warning] MocoCasADiSolver did NOT succeed:
[2025-05-29 17:15:44.239] [warning]   Maximum_Iterations_Exceeded
[2025-05-29 17:15:44.239] [info] ========================================================================
[2025-05-29 18:32:59.265] [cout] [info] Exiting visualization.
[2025-05-29 18:33:12.330] [info] Loaded model 2014014_2d from file 2014014_C4_04_initial-model_2d.osim
[2025-05-29 18:33:48.454] [info] ========================================================================
[2025-05-29 18:33:48.454] [info] MocoCasADiSolver starting.
[2025-05-29 18:33:48.454] [info] Thu May 29 18:33:48 2025
[2025-05-29 18:33:48.454] [info] ------------------------------------------------------------------------
[2025-05-29 18:33:48.454] [cout] [info] Costs: (total: 3)
[2025-05-29 18:33:48.454] [cout] [info]   state_tracking. MocoStateTrackingGoal, enabled: true, mode: cost, weight: 1.0
[2025-05-29 18:33:48.454] [cout] [info]         state: /jointset/ground_pelvis/pelvis_tilt/value, weight: 12.1664
[2025-05-29 18:33:48.454] [cout] [info]         state: /jointset/ground_pelvis/pelvis_tx/value, weight: 0.0
[2025-05-29 18:33:48.454] [cout] [info]         state: /jointset/ground_pelvis/pelvis_ty/value, weight: 0.0
[2025-05-29 18:33:48.454] [cout] [info]         state: /jointset/hip_r/hip_flexion_r/value, weight: 2.75586
[2025-05-29 18:33:48.454] [cout] [info]         state: /jointset/hip_l/hip_flexion_l/value, weight: 2.34071
[2025-05-29 18:33:48.454] [cout] [info]         state: /jointset/back/lumbar_ext/value, weight: 29.4037
[2025-05-29 18:33:48.454] [cout] [info]         state: /jointset/knee_r/knee_angle_r/value, weight: 0.925501
[2025-05-29 18:33:48.454] [cout] [info]         state: /jointset/knee_l/knee_angle_l/value, weight: 1.61229
[2025-05-29 18:33:48.454] [cout] [info]         state: /jointset/acromial_r/shoulder_flexion_r/value, weight: 6.17021
[2025-05-29 18:33:48.454] [cout] [info]         state: /jointset/acromial_l/shoulder_flexion_l/value, weight: 3.42741
[2025-05-29 18:33:48.454] [cout] [info]         state: /jointset/ankle_r/ankle_angle_r/value, weight: 6.2823
[2025-05-29 18:33:48.454] [cout] [info]         state: /jointset/ankle_l/ankle_angle_l/value, weight: 4.50354
[2025-05-29 18:33:48.454] [cout] [info]         state: /jointset/elbow_r/elbow_flexion_r/value, weight: 7.65053
[2025-05-29 18:33:48.454] [cout] [info]         state: /jointset/elbow_l/elbow_flexion_l/value, weight: 2.53764
[2025-05-29 18:33:48.454] [cout] [info]         state: /jointset/ground_pelvis/pelvis_tilt/speed, weight: 0.930004
[2025-05-29 18:33:48.454] [cout] [info]         state: /jointset/ground_pelvis/pelvis_tx/speed, weight: 0.0
[2025-05-29 18:33:48.454] [cout] [info]         state: /jointset/ground_pelvis/pelvis_ty/speed, weight: 0.0
[2025-05-29 18:33:48.454] [cout] [info]         state: /jointset/hip_r/hip_flexion_r/speed, weight: 0.25556
[2025-05-29 18:33:48.454] [cout] [info]         state: /jointset/hip_l/hip_flexion_l/speed, weight: 0.339587
[2025-05-29 18:33:48.454] [cout] [info]         state: /jointset/back/lumbar_ext/speed, weight: 1.50353
[2025-05-29 18:33:48.454] [cout] [info]         state: /jointset/knee_r/knee_angle_r/speed, weight: 0.122041
[2025-05-29 18:33:48.454] [cout] [info]         state: /jointset/knee_l/knee_angle_l/speed, weight: 0.221248
[2025-05-29 18:33:48.454] [cout] [info]         state: /jointset/acromial_r/shoulder_flexion_r/speed, weight: 0.771884
[2025-05-29 18:33:48.454] [cout] [info]         state: /jointset/acromial_l/shoulder_flexion_l/speed, weight: 0.32994
[2025-05-29 18:33:48.454] [cout] [info]         state: /jointset/ankle_r/ankle_angle_r/speed, weight: 0.619564
[2025-05-29 18:33:48.454] [cout] [info]         state: /jointset/ankle_l/ankle_angle_l/speed, weight: 0.480794
[2025-05-29 18:33:48.454] [cout] [info]         state: /jointset/elbow_r/elbow_flexion_r/speed, weight: 1.70026
[2025-05-29 18:33:48.454] [cout] [info]         state: /jointset/elbow_l/elbow_flexion_l/speed, weight: 0.474488
[2025-05-29 18:33:48.454] [cout] [info]         state: /jointset/mtp_r/mtp_angle_r/value, weight: 0.0
[2025-05-29 18:33:48.454] [cout] [info]         state: /jointset/mtp_r/mtp_angle_r/speed, weight: 0.0
[2025-05-29 18:33:48.454] [cout] [info]         state: /jointset/mtp_l/mtp_angle_l/value, weight: 0.0
[2025-05-29 18:33:48.454] [cout] [info]         state: /jointset/mtp_l/mtp_angle_l/speed, weight: 0.0
[2025-05-29 18:33:48.454] [cout] [info]   control_effort. MocoControlGoal, enabled: true, mode: cost, weight: 10.0
[2025-05-29 18:33:48.454] [cout] [info]         control: /forceset/hamstrings_r, weight: 1.0
[2025-05-29 18:33:48.454] [cout] [info]         control: /forceset/bifemsh_r, weight: 1.0
[2025-05-29 18:33:48.454] [cout] [info]         control: /forceset/glut_max_r, weight: 1.0
[2025-05-29 18:33:48.454] [cout] [info]         control: /forceset/iliopsoas_r, weight: 1.0
[2025-05-29 18:33:48.454] [cout] [info]         control: /forceset/rect_fem_r, weight: 1.0
[2025-05-29 18:33:48.454] [cout] [info]         control: /forceset/vasti_r, weight: 1.0
[2025-05-29 18:33:48.454] [cout] [info]         control: /forceset/gastroc_r, weight: 1.0
[2025-05-29 18:33:48.454] [cout] [info]         control: /forceset/soleus_r, weight: 1.0
[2025-05-29 18:33:48.454] [cout] [info]         control: /forceset/dorsiflexors_r, weight: 1.0
[2025-05-29 18:33:48.454] [cout] [info]         control: /forceset/hamstrings_l, weight: 1.0
[2025-05-29 18:33:48.454] [cout] [info]         control: /forceset/bifemsh_l, weight: 1.0
[2025-05-29 18:33:48.454] [cout] [info]         control: /forceset/glut_max_l, weight: 1.0
[2025-05-29 18:33:48.454] [cout] [info]         control: /forceset/iliopsoas_l, weight: 1.0
[2025-05-29 18:33:48.454] [cout] [info]         control: /forceset/rect_fem_l, weight: 1.0
[2025-05-29 18:33:48.454] [cout] [info]         control: /forceset/vasti_l, weight: 1.0
[2025-05-29 18:33:48.454] [cout] [info]         control: /forceset/gastroc_l, weight: 1.0
[2025-05-29 18:33:48.454] [cout] [info]         control: /forceset/soleus_l, weight: 1.0
[2025-05-29 18:33:48.454] [cout] [info]         control: /forceset/dorsiflexors_l, weight: 1.0
[2025-05-29 18:33:48.454] [cout] [info]         control: /forceset/lumbar_ext_torque, weight: 1.0
[2025-05-29 18:33:48.454] [cout] [info]         control: /forceset/shoulder_flexion_r_torque, weight: 1.0
[2025-05-29 18:33:48.454] [cout] [info]         control: /forceset/elbow_flexion_r_torque, weight: 1.0
[2025-05-29 18:33:48.454] [cout] [info]         control: /forceset/shoulder_flexion_l_torque, weight: 1.0
[2025-05-29 18:33:48.455] [cout] [info]         control: /forceset/elbow_flexion_l_torque, weight: 1.0
[2025-05-29 18:33:48.455] [cout] [info]   contact. MocoContactTrackingGoal, enabled: true, mode: cost, weight: 0.5
[2025-05-29 18:33:48.455] [cout] [info]         projection type: plane
[2025-05-29 18:33:48.455] [cout] [info]         projection vector: ~[0,0,1]
[2025-05-29 18:33:48.455] [cout] [info]         group 0: ExternalForce: grf1
[2025-05-29 18:33:48.455] [cout] [info]             forces:
[2025-05-29 18:33:48.455] [cout] [info]                 /forceset/Contact_Foot_Ground_L1
[2025-05-29 18:33:48.455] [cout] [info]                 /forceset/Contact_Foot_Ground_L2
[2025-05-29 18:33:48.455] [cout] [info]                 /forceset/Contact_Foot_Ground_L3
[2025-05-29 18:33:48.455] [cout] [info]                 /forceset/Contact_Foot_Ground_L4
[2025-05-29 18:33:48.455] [cout] [info]                 /forceset/Contact_Foot_Ground_L5
[2025-05-29 18:33:48.455] [cout] [info]                 /forceset/Contact_Foot_Ground_L6
[2025-05-29 18:33:48.455] [cout] [info]                 /forceset/Contact_Foot_Ground_L7
[2025-05-29 18:33:48.455] [cout] [info]                 /forceset/Contact_Foot_Ground_L8
[2025-05-29 18:33:48.455] [cout] [info]         group 1: ExternalForce: grf2
[2025-05-29 18:33:48.455] [cout] [info]             forces:
[2025-05-29 18:33:48.455] [cout] [info]                 /forceset/Contact_Foot_Ground_R1
[2025-05-29 18:33:48.455] [cout] [info]                 /forceset/Contact_Foot_Ground_R2
[2025-05-29 18:33:48.455] [cout] [info]                 /forceset/Contact_Foot_Ground_R3
[2025-05-29 18:33:48.455] [cout] [info]                 /forceset/Contact_Foot_Ground_R4
[2025-05-29 18:33:48.455] [cout] [info]                 /forceset/Contact_Foot_Ground_R5
[2025-05-29 18:33:48.455] [cout] [info]                 /forceset/Contact_Foot_Ground_R6
[2025-05-29 18:33:48.455] [cout] [info]                 /forceset/Contact_Foot_Ground_R7
[2025-05-29 18:33:48.455] [cout] [info]                 /forceset/Contact_Foot_Ground_R8
[2025-05-29 18:33:48.455] [cout] [info] Endpoint constraints: (total: 1)
[2025-05-29 18:33:48.455] [cout] [info]   speed. MocoAverageSpeedGoal, enabled: true, mode: endpoint_constraint
[2025-05-29 18:33:48.455] [cout] [info] Kinematic constraints: none
[2025-05-29 18:33:48.455] [cout] [info] Path constraints: none
[2025-05-29 18:33:48.455] [cout] [info] States: (total: 54)
[2025-05-29 18:33:48.455] [cout] [info]   /forceset/rect_fem_r/activation. bounds: [0.01, 2]
[2025-05-29 18:33:48.455] [cout] [info]   /forceset/gastroc_r/normalized_tendon_force. bounds: [0, 1.5]
[2025-05-29 18:33:48.455] [cout] [info]   /forceset/soleus_r/normalized_tendon_force. bounds: [0, 1.5]
[2025-05-29 18:33:48.455] [cout] [info]   /forceset/rect_fem_l/activation. bounds: [0.01, 2]
[2025-05-29 18:33:48.455] [cout] [info]   /forceset/gastroc_l/normalized_tendon_force. bounds: [0, 1.5]
[2025-05-29 18:33:48.455] [cout] [info]   /forceset/soleus_l/normalized_tendon_force. bounds: [0, 1.5]
[2025-05-29 18:33:48.455] [cout] [info]   /forceset/hamstrings_r/activation. bounds: [0.01, 2]
[2025-05-29 18:33:48.455] [cout] [info]   /jointset/knee_l/knee_angle_l/value. bounds: [-1.5708, 0] initial: [-0.179552, 0]
[2025-05-29 18:33:48.455] [cout] [info]   /forceset/bifemsh_r/activation. bounds: [0.01, 2]
[2025-05-29 18:33:48.455] [cout] [info]   /forceset/glut_max_r/activation. bounds: [0.01, 2]
[2025-05-29 18:33:48.455] [cout] [info]   /forceset/iliopsoas_r/activation. bounds: [0.01, 2]
[2025-05-29 18:33:48.455] [cout] [info]   /forceset/gastroc_r/activation. bounds: [0.01, 2]
[2025-05-29 18:33:48.455] [cout] [info]   /forceset/vasti_r/activation. bounds: [0.01, 2]
[2025-05-29 18:33:48.455] [cout] [info]   /forceset/soleus_r/activation. bounds: [0.01, 2]
[2025-05-29 18:33:48.455] [cout] [info]   /jointset/mtp_r/mtp_angle_r/speed. bounds: [-50, 50]
[2025-05-29 18:33:48.455] [cout] [info]   /jointset/ground_pelvis/pelvis_tilt/speed. bounds: [-50, 50]
[2025-05-29 18:33:48.455] [cout] [info]   /forceset/dorsiflexors_r/activation. bounds: [0.01, 2]
[2025-05-29 18:33:48.455] [cout] [info]   /jointset/mtp_r/mtp_angle_r/value. bounds: [-0.436332, 1.309]
[2025-05-29 18:33:48.455] [cout] [info]   /jointset/ground_pelvis/pelvis_tilt/value. bounds: [-0.436332, 0.436332] initial: [0.208948, 0.241825]
[2025-05-29 18:33:48.455] [cout] [info]   /forceset/hamstrings_l/activation. bounds: [0.01, 2]
[2025-05-29 18:33:48.455] [cout] [info]   /forceset/bifemsh_l/activation. bounds: [0.01, 2]
[2025-05-29 18:33:48.455] [cout] [info]   /jointset/ground_pelvis/pelvis_tx/speed. bounds: [-50, 50]
[2025-05-29 18:33:48.455] [cout] [info]   /forceset/glut_max_l/activation. bounds: [0.01, 2]
[2025-05-29 18:33:48.455] [cout] [info]   /forceset/iliopsoas_l/activation. bounds: [0.01, 2]
[2025-05-29 18:33:48.455] [cout] [info]   /forceset/gastroc_l/activation. bounds: [0.01, 2]
[2025-05-29 18:33:48.455] [cout] [info]   /forceset/vasti_l/activation. bounds: [0.01, 2]
[2025-05-29 18:33:48.455] [cout] [info]   /forceset/soleus_l/activation. bounds: [0.01, 2]
[2025-05-29 18:33:48.455] [cout] [info]   /jointset/back/lumbar_ext/value. bounds: [-0.698132, 0.0872665] initial: [-0.380067, -0.366463]
[2025-05-29 18:33:48.455] [cout] [info]   /jointset/mtp_l/mtp_angle_l/value. bounds: [-0.436332, 1.309]
[2025-05-29 18:33:48.455] [cout] [info]   /forceset/dorsiflexors_l/activation. bounds: [0.01, 2]
[2025-05-29 18:33:48.455] [cout] [info]   /jointset/ground_pelvis/pelvis_tx/value. bounds: [-5, 5] initial: 0.175488
[2025-05-29 18:33:48.455] [cout] [info]   /jointset/knee_r/knee_angle_r/speed. bounds: [-50, 50]
[2025-05-29 18:33:48.455] [cout] [info]   /jointset/elbow_l/elbow_flexion_l/value. bounds: [0, 1.5708] initial: [0.272883, 0.43051]
[2025-05-29 18:33:48.455] [cout] [info]   /jointset/ankle_l/ankle_angle_l/value. bounds: [-0.610865, 0.349066] initial: [-0.101604, -0.0127849]
[2025-05-29 18:33:48.455] [cout] [info]   /jointset/ground_pelvis/pelvis_ty/value. bounds: [1.01463, 1.12015] initial: [1.0265, 1.12015]
[2025-05-29 18:33:48.455] [cout] [info]   /jointset/ankle_r/ankle_angle_r/value. bounds: [-0.610865, 0.349066] initial: [-0.226351, -0.16268]
[2025-05-29 18:33:48.455] [cout] [info]   /jointset/hip_r/hip_flexion_r/value. bounds: [-0.349066, 1.0472] initial: [-0.279284, -0.134139]
[2025-05-29 18:33:48.455] [cout] [info]   /jointset/back/lumbar_ext/speed. bounds: [-50, 50]
[2025-05-29 18:33:48.455] [cout] [info]   /jointset/mtp_l/mtp_angle_l/speed. bounds: [-50, 50]
[2025-05-29 18:33:48.455] [cout] [info]   /jointset/knee_r/knee_angle_r/value. bounds: [-1.5708, 0] initial: [-1.1847, -0.752503]
[2025-05-29 18:33:48.455] [cout] [info]   /jointset/knee_l/knee_angle_l/speed. bounds: [-50, 50]
[2025-05-29 18:33:48.455] [cout] [info]   /jointset/hip_l/hip_flexion_l/value. bounds: [-0.349066, 1.0472] initial: [-0.167733, 0.00315562]
[2025-05-29 18:33:48.455] [cout] [info]   /jointset/acromial_r/shoulder_flexion_r/value. bounds: [-0.523599, 0.523599] initial: [0.0744976, 0.139325]
[2025-05-29 18:33:48.455] [cout] [info]   /jointset/elbow_r/elbow_flexion_r/value. bounds: [0, 1.5708] initial: [0.375454, 0.427738]
[2025-05-29 18:33:48.455] [cout] [info]   /jointset/acromial_l/shoulder_flexion_l/value. bounds: [-0.523599, 0.523599] initial: [-0.141572, -0.0248661]
[2025-05-29 18:33:48.455] [cout] [info]   /jointset/elbow_l/elbow_flexion_l/speed. bounds: [-50, 50]
[2025-05-29 18:33:48.455] [cout] [info]   /jointset/ankle_l/ankle_angle_l/speed. bounds: [-50, 50]
[2025-05-29 18:33:48.455] [cout] [info]   /jointset/ground_pelvis/pelvis_ty/speed. bounds: [-50, 50]
[2025-05-29 18:33:48.455] [cout] [info]   /jointset/ankle_r/ankle_angle_r/speed. bounds: [-50, 50]
[2025-05-29 18:33:48.455] [cout] [info]   /jointset/hip_r/hip_flexion_r/speed. bounds: [-50, 50]
[2025-05-29 18:33:48.455] [cout] [info]   /jointset/hip_l/hip_flexion_l/speed. bounds: [-50, 50]
[2025-05-29 18:33:48.455] [cout] [info]   /jointset/acromial_r/shoulder_flexion_r/speed. bounds: [-50, 50]
[2025-05-29 18:33:48.455] [cout] [info]   /jointset/elbow_r/elbow_flexion_r/speed. bounds: [-50, 50]
[2025-05-29 18:33:48.455] [cout] [info]   /jointset/acromial_l/shoulder_flexion_l/speed. bounds: [-50, 50]
[2025-05-29 18:33:48.455] [cout] [info] Controls: (total: 23)
[2025-05-29 18:33:48.455] [cout] [info]   /forceset/hamstrings_r. bounds: [0.01, 1]
[2025-05-29 18:33:48.455] [cout] [info]   /forceset/bifemsh_r. bounds: [0.01, 1]
[2025-05-29 18:33:48.455] [cout] [info]   /forceset/glut_max_r. bounds: [0.01, 1]
[2025-05-29 18:33:48.455] [cout] [info]   /forceset/iliopsoas_r. bounds: [0.01, 1]
[2025-05-29 18:33:48.455] [cout] [info]   /forceset/rect_fem_r. bounds: [0.01, 1]
[2025-05-29 18:33:48.455] [cout] [info]   /forceset/gastroc_r. bounds: [0.01, 1]
[2025-05-29 18:33:48.455] [cout] [info]   /forceset/vasti_r. bounds: [0.01, 1]
[2025-05-29 18:33:48.455] [cout] [info]   /forceset/soleus_r. bounds: [0.01, 1]
[2025-05-29 18:33:48.455] [cout] [info]   /forceset/dorsiflexors_r. bounds: [0.01, 1]
[2025-05-29 18:33:48.456] [cout] [info]   /forceset/hamstrings_l. bounds: [0.01, 1]
[2025-05-29 18:33:48.456] [cout] [info]   /forceset/elbow_flexion_l_torque. bounds: [-inf, inf]
[2025-05-29 18:33:48.456] [cout] [info]   /forceset/bifemsh_l. bounds: [0.01, 1]
[2025-05-29 18:33:48.456] [cout] [info]   /forceset/glut_max_l. bounds: [0.01, 1]
[2025-05-29 18:33:48.456] [cout] [info]   /forceset/lumbar_ext_torque. bounds: [-inf, inf]
[2025-05-29 18:33:48.456] [cout] [info]   /forceset/iliopsoas_l. bounds: [0.01, 1]
[2025-05-29 18:33:48.456] [cout] [info]   /forceset/rect_fem_l. bounds: [0.01, 1]
[2025-05-29 18:33:48.456] [cout] [info]   /forceset/gastroc_l. bounds: [0.01, 1]
[2025-05-29 18:33:48.456] [cout] [info]   /forceset/vasti_l. bounds: [0.01, 1]
[2025-05-29 18:33:48.456] [cout] [info]   /forceset/soleus_l. bounds: [0.01, 1]
[2025-05-29 18:33:48.456] [cout] [info]   /forceset/dorsiflexors_l. bounds: [0.01, 1]
[2025-05-29 18:33:48.456] [cout] [info]   /forceset/shoulder_flexion_r_torque. bounds: [-inf, inf]
[2025-05-29 18:33:48.456] [cout] [info]   /forceset/elbow_flexion_r_torque. bounds: [-inf, inf]
[2025-05-29 18:33:48.456] [cout] [info]   /forceset/shoulder_flexion_l_torque. bounds: [-inf, inf]
[2025-05-29 18:33:48.456] [cout] [info] Parameters: none
[2025-05-29 18:33:49.213] [info] Number of threads: 8
[2025-05-29 18:48:26.172] [info] Set log level to Info.
[2025-05-29 18:48:26.175] [info] ------------------------------------------------------------------------
[2025-05-29 18:48:26.175] [info] Elapsed real time: 878 second(s) (14 minute(s), 38 second(s)).
[2025-05-29 18:48:26.175] [info] Thu May 29 18:48:26 2025
[2025-05-29 18:48:26.175] [info] MocoCasADiSolver succeeded!
[2025-05-29 18:48:26.175] [info] ========================================================================
[2025-05-29 19:00:03.632] [cout] [info] Exiting visualization.
[2025-05-30 11:36:23.412] [info] Loaded model 2014014_2d from file 2014014_model_2d_optim.osim
[2025-05-30 11:36:52.669] [info] Loaded model 2014014_2d from file 2014014_C4_04_initial-model_2d.osim
[2025-05-30 11:39:58.511] [info] ========================================================================
[2025-05-30 11:39:58.512] [info] MocoCasADiSolver starting.
[2025-05-30 11:39:58.512] [info] Fri May 30 11:39:58 2025
[2025-05-30 11:39:58.512] [info] ------------------------------------------------------------------------
[2025-05-30 11:39:58.512] [cout] [info] Costs: (total: 4)
[2025-05-30 11:39:58.512] [cout] [info]   state_tracking. MocoStateTrackingGoal, enabled: true, mode: cost, weight: 1.0
[2025-05-30 11:39:58.512] [cout] [info]         state: /jointset/ground_pelvis/pelvis_tilt/value, weight: 12.1664
[2025-05-30 11:39:58.512] [cout] [info]         state: /jointset/ground_pelvis/pelvis_tx/value, weight: 0.0
[2025-05-30 11:39:58.512] [cout] [info]         state: /jointset/ground_pelvis/pelvis_ty/value, weight: 36.2107
[2025-05-30 11:39:58.512] [cout] [info]         state: /jointset/hip_r/hip_flexion_r/value, weight: 2.75586
[2025-05-30 11:39:58.512] [cout] [info]         state: /jointset/hip_l/hip_flexion_l/value, weight: 2.34071
[2025-05-30 11:39:58.512] [cout] [info]         state: /jointset/back/lumbar_ext/value, weight: 29.4037
[2025-05-30 11:39:58.512] [cout] [info]         state: /jointset/knee_r/knee_angle_r/value, weight: 0.925501
[2025-05-30 11:39:58.512] [cout] [info]         state: /jointset/knee_l/knee_angle_l/value, weight: 1.61229
[2025-05-30 11:39:58.512] [cout] [info]         state: /jointset/acromial_r/shoulder_flexion_r/value, weight: 6.17021
[2025-05-30 11:39:58.512] [cout] [info]         state: /jointset/acromial_l/shoulder_flexion_l/value, weight: 3.42741
[2025-05-30 11:39:58.512] [cout] [info]         state: /jointset/ankle_r/ankle_angle_r/value, weight: 6.2823
[2025-05-30 11:39:58.512] [cout] [info]         state: /jointset/ankle_l/ankle_angle_l/value, weight: 4.50354
[2025-05-30 11:39:58.512] [cout] [info]         state: /jointset/elbow_r/elbow_flexion_r/value, weight: 7.65053
[2025-05-30 11:39:58.512] [cout] [info]         state: /jointset/elbow_l/elbow_flexion_l/value, weight: 2.53764
[2025-05-30 11:39:58.512] [cout] [info]         state: /jointset/ground_pelvis/pelvis_tilt/speed, weight: 0.930004
[2025-05-30 11:39:58.512] [cout] [info]         state: /jointset/ground_pelvis/pelvis_tx/speed, weight: 0.0
[2025-05-30 11:39:58.512] [cout] [info]         state: /jointset/ground_pelvis/pelvis_ty/speed, weight: 2.72873
[2025-05-30 11:39:58.512] [cout] [info]         state: /jointset/hip_r/hip_flexion_r/speed, weight: 0.25556
[2025-05-30 11:39:58.512] [cout] [info]         state: /jointset/hip_l/hip_flexion_l/speed, weight: 0.339587
[2025-05-30 11:39:58.512] [cout] [info]         state: /jointset/back/lumbar_ext/speed, weight: 1.50353
[2025-05-30 11:39:58.512] [cout] [info]         state: /jointset/knee_r/knee_angle_r/speed, weight: 0.122041
[2025-05-30 11:39:58.512] [cout] [info]         state: /jointset/knee_l/knee_angle_l/speed, weight: 0.221248
[2025-05-30 11:39:58.512] [cout] [info]         state: /jointset/acromial_r/shoulder_flexion_r/speed, weight: 0.771884
[2025-05-30 11:39:58.512] [cout] [info]         state: /jointset/acromial_l/shoulder_flexion_l/speed, weight: 0.32994
[2025-05-30 11:39:58.512] [cout] [info]         state: /jointset/ankle_r/ankle_angle_r/speed, weight: 0.619564
[2025-05-30 11:39:58.512] [cout] [info]         state: /jointset/ankle_l/ankle_angle_l/speed, weight: 0.480794
[2025-05-30 11:39:58.512] [cout] [info]         state: /jointset/elbow_r/elbow_flexion_r/speed, weight: 1.70026
[2025-05-30 11:39:58.512] [cout] [info]         state: /jointset/elbow_l/elbow_flexion_l/speed, weight: 0.474488
[2025-05-30 11:39:58.512] [cout] [info]         state: /jointset/mtp_r/mtp_angle_r/value, weight: 0.0
[2025-05-30 11:39:58.512] [cout] [info]         state: /jointset/mtp_r/mtp_angle_r/speed, weight: 0.0
[2025-05-30 11:39:58.512] [cout] [info]         state: /jointset/mtp_l/mtp_angle_l/value, weight: 0.0
[2025-05-30 11:39:58.512] [cout] [info]         state: /jointset/mtp_l/mtp_angle_l/speed, weight: 0.0
[2025-05-30 11:39:58.512] [cout] [info]   control_effort. MocoControlGoal, enabled: true, mode: cost, weight: 10.0
[2025-05-30 11:39:58.512] [cout] [info]         control: /forceset/hamstrings_r, weight: 1.0
[2025-05-30 11:39:58.512] [cout] [info]         control: /forceset/bifemsh_r, weight: 1.0
[2025-05-30 11:39:58.512] [cout] [info]         control: /forceset/glut_max_r, weight: 1.0
[2025-05-30 11:39:58.512] [cout] [info]         control: /forceset/iliopsoas_r, weight: 1.0
[2025-05-30 11:39:58.512] [cout] [info]         control: /forceset/rect_fem_r, weight: 1.0
[2025-05-30 11:39:58.512] [cout] [info]         control: /forceset/vasti_r, weight: 1.0
[2025-05-30 11:39:58.512] [cout] [info]         control: /forceset/gastroc_r, weight: 1.0
[2025-05-30 11:39:58.512] [cout] [info]         control: /forceset/soleus_r, weight: 1.0
[2025-05-30 11:39:58.512] [cout] [info]         control: /forceset/dorsiflexors_r, weight: 1.0
[2025-05-30 11:39:58.512] [cout] [info]         control: /forceset/hamstrings_l, weight: 1.0
[2025-05-30 11:39:58.512] [cout] [info]         control: /forceset/bifemsh_l, weight: 1.0
[2025-05-30 11:39:58.512] [cout] [info]         control: /forceset/glut_max_l, weight: 1.0
[2025-05-30 11:39:58.512] [cout] [info]         control: /forceset/iliopsoas_l, weight: 1.0
[2025-05-30 11:39:58.512] [cout] [info]         control: /forceset/rect_fem_l, weight: 1.0
[2025-05-30 11:39:58.512] [cout] [info]         control: /forceset/vasti_l, weight: 1.0
[2025-05-30 11:39:58.512] [cout] [info]         control: /forceset/gastroc_l, weight: 1.0
[2025-05-30 11:39:58.512] [cout] [info]         control: /forceset/soleus_l, weight: 1.0
[2025-05-30 11:39:58.512] [cout] [info]         control: /forceset/dorsiflexors_l, weight: 1.0
[2025-05-30 11:39:58.512] [cout] [info]         control: /forceset/lumbar_ext_torque, weight: 1.0
[2025-05-30 11:39:58.512] [cout] [info]         control: /forceset/shoulder_flexion_r_torque, weight: 1.0
[2025-05-30 11:39:58.512] [cout] [info]         control: /forceset/elbow_flexion_r_torque, weight: 1.0
[2025-05-30 11:39:58.512] [cout] [info]         control: /forceset/shoulder_flexion_l_torque, weight: 1.0
[2025-05-30 11:39:58.512] [cout] [info]         control: /forceset/elbow_flexion_l_torque, weight: 1.0
[2025-05-30 11:39:58.512] [cout] [info]   contact. MocoContactTrackingGoal, enabled: true, mode: cost, weight: 0.5
[2025-05-30 11:39:58.512] [cout] [info]         projection type: plane
[2025-05-30 11:39:58.512] [cout] [info]         projection vector: ~[0,0,1]
[2025-05-30 11:39:58.512] [cout] [info]         group 0: ExternalForce: grf1
[2025-05-30 11:39:58.512] [cout] [info]             forces:
[2025-05-30 11:39:58.512] [cout] [info]                 /forceset/Contact_Foot_Ground_L1
[2025-05-30 11:39:58.512] [cout] [info]                 /forceset/Contact_Foot_Ground_L2
[2025-05-30 11:39:58.512] [cout] [info]                 /forceset/Contact_Foot_Ground_L3
[2025-05-30 11:39:58.512] [cout] [info]                 /forceset/Contact_Foot_Ground_L4
[2025-05-30 11:39:58.512] [cout] [info]                 /forceset/Contact_Foot_Ground_L5
[2025-05-30 11:39:58.513] [cout] [info]                 /forceset/Contact_Foot_Ground_L6
[2025-05-30 11:39:58.513] [cout] [info]                 /forceset/Contact_Foot_Ground_L7
[2025-05-30 11:39:58.513] [cout] [info]                 /forceset/Contact_Foot_Ground_L8
[2025-05-30 11:39:58.513] [cout] [info]         group 1: ExternalForce: grf2
[2025-05-30 11:39:58.513] [cout] [info]             forces:
[2025-05-30 11:39:58.513] [cout] [info]                 /forceset/Contact_Foot_Ground_R1
[2025-05-30 11:39:58.513] [cout] [info]                 /forceset/Contact_Foot_Ground_R2
[2025-05-30 11:39:58.513] [cout] [info]                 /forceset/Contact_Foot_Ground_R3
[2025-05-30 11:39:58.513] [cout] [info]                 /forceset/Contact_Foot_Ground_R4
[2025-05-30 11:39:58.513] [cout] [info]                 /forceset/Contact_Foot_Ground_R5
[2025-05-30 11:39:58.513] [cout] [info]                 /forceset/Contact_Foot_Ground_R6
[2025-05-30 11:39:58.513] [cout] [info]                 /forceset/Contact_Foot_Ground_R7
[2025-05-30 11:39:58.513] [cout] [info]                 /forceset/Contact_Foot_Ground_R8
[2025-05-30 11:39:58.513] [cout] [info]   symmetry. MocoPeriodicityGoal, enabled: true, mode: cost, weight: 0.00100000
[2025-05-30 11:39:58.513] [cout] [info]         state periodicity pairs:
[2025-05-30 11:39:58.513] [cout] [info]                 initial: /forceset/hamstrings_r/activation, final: /forceset/hamstrings_l/activation
[2025-05-30 11:39:58.513] [cout] [info]                 initial: /forceset/bifemsh_r/activation, final: /forceset/bifemsh_l/activation
[2025-05-30 11:39:58.513] [cout] [info]                 initial: /forceset/glut_max_r/activation, final: /forceset/glut_max_l/activation
[2025-05-30 11:39:58.513] [cout] [info]                 initial: /forceset/iliopsoas_r/activation, final: /forceset/iliopsoas_l/activation
[2025-05-30 11:39:58.513] [cout] [info]                 initial: /forceset/rect_fem_r/activation, final: /forceset/rect_fem_l/activation
[2025-05-30 11:39:58.513] [cout] [info]                 initial: /forceset/vasti_r/activation, final: /forceset/vasti_l/activation
[2025-05-30 11:39:58.513] [cout] [info]                 initial: /forceset/gastroc_r/activation, final: /forceset/gastroc_l/activation
[2025-05-30 11:39:58.513] [cout] [info]                 initial: /forceset/gastroc_r/normalized_tendon_force, final: /forceset/gastroc_l/normalized_tendon_force
[2025-05-30 11:39:58.513] [cout] [info]                 initial: /forceset/soleus_r/activation, final: /forceset/soleus_l/activation
[2025-05-30 11:39:58.513] [cout] [info]                 initial: /forceset/soleus_r/normalized_tendon_force, final: /forceset/soleus_l/normalized_tendon_force
[2025-05-30 11:39:58.513] [cout] [info]                 initial: /forceset/dorsiflexors_r/activation, final: /forceset/dorsiflexors_l/activation
[2025-05-30 11:39:58.513] [cout] [info]                 initial: /forceset/hamstrings_l/activation, final: /forceset/hamstrings_r/activation
[2025-05-30 11:39:58.513] [cout] [info]                 initial: /forceset/bifemsh_l/activation, final: /forceset/bifemsh_r/activation
[2025-05-30 11:39:58.513] [cout] [info]                 initial: /forceset/glut_max_l/activation, final: /forceset/glut_max_r/activation
[2025-05-30 11:39:58.513] [cout] [info]                 initial: /forceset/iliopsoas_l/activation, final: /forceset/iliopsoas_r/activation
[2025-05-30 11:39:58.513] [cout] [info]                 initial: /forceset/rect_fem_l/activation, final: /forceset/rect_fem_r/activation
[2025-05-30 11:39:58.513] [cout] [info]                 initial: /forceset/vasti_l/activation, final: /forceset/vasti_r/activation
[2025-05-30 11:39:58.513] [cout] [info]                 initial: /forceset/gastroc_l/activation, final: /forceset/gastroc_r/activation
[2025-05-30 11:39:58.513] [cout] [info]                 initial: /forceset/gastroc_l/normalized_tendon_force, final: /forceset/gastroc_r/normalized_tendon_force
[2025-05-30 11:39:58.513] [cout] [info]                 initial: /forceset/soleus_l/activation, final: /forceset/soleus_r/activation
[2025-05-30 11:39:58.513] [cout] [info]                 initial: /forceset/soleus_l/normalized_tendon_force, final: /forceset/soleus_r/normalized_tendon_force
[2025-05-30 11:39:58.513] [cout] [info]                 initial: /forceset/dorsiflexors_l/activation, final: /forceset/dorsiflexors_r/activation
[2025-05-30 11:39:58.513] [cout] [info]         control periodicity pairs:
[2025-05-30 11:39:58.513] [cout] [info] Endpoint constraints: (total: 1)
[2025-05-30 11:39:58.513] [cout] [info]   speed. MocoAverageSpeedGoal, enabled: true, mode: endpoint_constraint
[2025-05-30 11:39:58.513] [cout] [info] Kinematic constraints: none
[2025-05-30 11:39:58.513] [cout] [info] Path constraints: none
[2025-05-30 11:39:58.513] [cout] [info] States: (total: 54)
[2025-05-30 11:39:58.513] [cout] [info]   /forceset/rect_fem_r/activation. bounds: [0.01, 2]
[2025-05-30 11:39:58.513] [cout] [info]   /forceset/gastroc_r/normalized_tendon_force. bounds: [0, 1.5]
[2025-05-30 11:39:58.513] [cout] [info]   /forceset/soleus_r/normalized_tendon_force. bounds: [0, 1.5]
[2025-05-30 11:39:58.513] [cout] [info]   /forceset/rect_fem_l/activation. bounds: [0.01, 2]
[2025-05-30 11:39:58.513] [cout] [info]   /forceset/gastroc_l/normalized_tendon_force. bounds: [0, 1.5]
[2025-05-30 11:39:58.513] [cout] [info]   /forceset/soleus_l/normalized_tendon_force. bounds: [0, 1.5]
[2025-05-30 11:39:58.513] [cout] [info]   /forceset/hamstrings_r/activation. bounds: [0.01, 2]
[2025-05-30 11:39:58.513] [cout] [info]   /jointset/knee_l/knee_angle_l/value. bounds: [-1.5708, 0] initial: [-0.179552, 0]
[2025-05-30 11:39:58.513] [cout] [info]   /forceset/bifemsh_r/activation. bounds: [0.01, 2]
[2025-05-30 11:39:58.513] [cout] [info]   /forceset/glut_max_r/activation. bounds: [0.01, 2]
[2025-05-30 11:39:58.513] [cout] [info]   /forceset/iliopsoas_r/activation. bounds: [0.01, 2]
[2025-05-30 11:39:58.513] [cout] [info]   /forceset/gastroc_r/activation. bounds: [0.01, 2]
[2025-05-30 11:39:58.513] [cout] [info]   /forceset/vasti_r/activation. bounds: [0.01, 2]
[2025-05-30 11:39:58.513] [cout] [info]   /forceset/soleus_r/activation. bounds: [0.01, 2]
[2025-05-30 11:39:58.513] [cout] [info]   /jointset/mtp_r/mtp_angle_r/speed. bounds: [-50, 50]
[2025-05-30 11:39:58.513] [cout] [info]   /jointset/ground_pelvis/pelvis_tilt/speed. bounds: [-50, 50]
[2025-05-30 11:39:58.513] [cout] [info]   /forceset/dorsiflexors_r/activation. bounds: [0.01, 2]
[2025-05-30 11:39:58.513] [cout] [info]   /jointset/mtp_r/mtp_angle_r/value. bounds: [-0.436332, 1.309]
[2025-05-30 11:39:58.513] [cout] [info]   /jointset/ground_pelvis/pelvis_tilt/value. bounds: [-0.436332, 0.436332] initial: [0.208948, 0.241825]
[2025-05-30 11:39:58.513] [cout] [info]   /forceset/hamstrings_l/activation. bounds: [0.01, 2]
[2025-05-30 11:39:58.513] [cout] [info]   /forceset/bifemsh_l/activation. bounds: [0.01, 2]
[2025-05-30 11:39:58.513] [cout] [info]   /jointset/ground_pelvis/pelvis_tx/speed. bounds: [-50, 50]
[2025-05-30 11:39:58.513] [cout] [info]   /forceset/glut_max_l/activation. bounds: [0.01, 2]
[2025-05-30 11:39:58.513] [cout] [info]   /forceset/iliopsoas_l/activation. bounds: [0.01, 2]
[2025-05-30 11:39:58.513] [cout] [info]   /forceset/gastroc_l/activation. bounds: [0.01, 2]
[2025-05-30 11:39:58.513] [cout] [info]   /forceset/vasti_l/activation. bounds: [0.01, 2]
[2025-05-30 11:39:58.513] [cout] [info]   /forceset/soleus_l/activation. bounds: [0.01, 2]
[2025-05-30 11:39:58.513] [cout] [info]   /jointset/back/lumbar_ext/value. bounds: [-0.698132, 0.0872665] initial: [-0.380067, -0.366463]
[2025-05-30 11:39:58.513] [cout] [info]   /jointset/mtp_l/mtp_angle_l/value. bounds: [-0.436332, 1.309]
[2025-05-30 11:39:58.513] [cout] [info]   /forceset/dorsiflexors_l/activation. bounds: [0.01, 2]
[2025-05-30 11:39:58.513] [cout] [info]   /jointset/ground_pelvis/pelvis_tx/value. bounds: [-5, 5] initial: 0.175488
[2025-05-30 11:39:58.513] [cout] [info]   /jointset/knee_r/knee_angle_r/speed. bounds: [-50, 50]
[2025-05-30 11:39:58.513] [cout] [info]   /jointset/elbow_l/elbow_flexion_l/value. bounds: [0, 1.5708] initial: [0.272883, 0.43051]
[2025-05-30 11:39:58.513] [cout] [info]   /jointset/ankle_l/ankle_angle_l/value. bounds: [-0.610865, 0.349066] initial: [-0.101604, -0.0127849]
[2025-05-30 11:39:58.513] [cout] [info]   /jointset/ground_pelvis/pelvis_ty/value. bounds: [1.01463, 1.12015] initial: [1.0265, 1.12015]
[2025-05-30 11:39:58.514] [cout] [info]   /jointset/ankle_r/ankle_angle_r/value. bounds: [-0.610865, 0.349066] initial: [-0.226351, -0.16268]
[2025-05-30 11:39:58.514] [cout] [info]   /jointset/hip_r/hip_flexion_r/value. bounds: [-0.349066, 1.0472] initial: [-0.279284, -0.134139]
[2025-05-30 11:39:58.514] [cout] [info]   /jointset/back/lumbar_ext/speed. bounds: [-50, 50]
[2025-05-30 11:39:58.514] [cout] [info]   /jointset/mtp_l/mtp_angle_l/speed. bounds: [-50, 50]
[2025-05-30 11:39:58.514] [cout] [info]   /jointset/knee_r/knee_angle_r/value. bounds: [-1.5708, 0] initial: [-1.1847, -0.752503]
[2025-05-30 11:39:58.514] [cout] [info]   /jointset/knee_l/knee_angle_l/speed. bounds: [-50, 50]
[2025-05-30 11:39:58.514] [cout] [info]   /jointset/hip_l/hip_flexion_l/value. bounds: [-0.349066, 1.0472] initial: [-0.167733, 0.00315562]
[2025-05-30 11:39:58.514] [cout] [info]   /jointset/acromial_r/shoulder_flexion_r/value. bounds: [-0.523599, 0.523599] initial: [0.0744976, 0.139325]
[2025-05-30 11:39:58.514] [cout] [info]   /jointset/elbow_r/elbow_flexion_r/value. bounds: [0, 1.5708] initial: [0.375454, 0.427738]
[2025-05-30 11:39:58.514] [cout] [info]   /jointset/acromial_l/shoulder_flexion_l/value. bounds: [-0.523599, 0.523599] initial: [-0.141572, -0.0248661]
[2025-05-30 11:39:58.514] [cout] [info]   /jointset/elbow_l/elbow_flexion_l/speed. bounds: [-50, 50]
[2025-05-30 11:39:58.514] [cout] [info]   /jointset/ankle_l/ankle_angle_l/speed. bounds: [-50, 50]
[2025-05-30 11:39:58.514] [cout] [info]   /jointset/ground_pelvis/pelvis_ty/speed. bounds: [-50, 50]
[2025-05-30 11:39:58.514] [cout] [info]   /jointset/ankle_r/ankle_angle_r/speed. bounds: [-50, 50]
[2025-05-30 11:39:58.514] [cout] [info]   /jointset/hip_r/hip_flexion_r/speed. bounds: [-50, 50]
[2025-05-30 11:39:58.514] [cout] [info]   /jointset/hip_l/hip_flexion_l/speed. bounds: [-50, 50]
[2025-05-30 11:39:58.514] [cout] [info]   /jointset/acromial_r/shoulder_flexion_r/speed. bounds: [-50, 50]
[2025-05-30 11:39:58.514] [cout] [info]   /jointset/elbow_r/elbow_flexion_r/speed. bounds: [-50, 50]
[2025-05-30 11:39:58.514] [cout] [info]   /jointset/acromial_l/shoulder_flexion_l/speed. bounds: [-50, 50]
[2025-05-30 11:39:58.514] [cout] [info] Controls: (total: 23)
[2025-05-30 11:39:58.514] [cout] [info]   /forceset/hamstrings_r. bounds: [0.01, 1]
[2025-05-30 11:39:58.514] [cout] [info]   /forceset/bifemsh_r. bounds: [0.01, 1]
[2025-05-30 11:39:58.514] [cout] [info]   /forceset/glut_max_r. bounds: [0.01, 1]
[2025-05-30 11:39:58.514] [cout] [info]   /forceset/iliopsoas_r. bounds: [0.01, 1]
[2025-05-30 11:39:58.514] [cout] [info]   /forceset/rect_fem_r. bounds: [0.01, 1]
[2025-05-30 11:39:58.514] [cout] [info]   /forceset/gastroc_r. bounds: [0.01, 1]
[2025-05-30 11:39:58.514] [cout] [info]   /forceset/vasti_r. bounds: [0.01, 1]
[2025-05-30 11:39:58.514] [cout] [info]   /forceset/soleus_r. bounds: [0.01, 1]
[2025-05-30 11:39:58.514] [cout] [info]   /forceset/dorsiflexors_r. bounds: [0.01, 1]
[2025-05-30 11:39:58.514] [cout] [info]   /forceset/hamstrings_l. bounds: [0.01, 1]
[2025-05-30 11:39:58.514] [cout] [info]   /forceset/elbow_flexion_l_torque. bounds: [-inf, inf]
[2025-05-30 11:39:58.514] [cout] [info]   /forceset/bifemsh_l. bounds: [0.01, 1]
[2025-05-30 11:39:58.514] [cout] [info]   /forceset/glut_max_l. bounds: [0.01, 1]
[2025-05-30 11:39:58.514] [cout] [info]   /forceset/lumbar_ext_torque. bounds: [-inf, inf]
[2025-05-30 11:39:58.514] [cout] [info]   /forceset/iliopsoas_l. bounds: [0.01, 1]
[2025-05-30 11:39:58.514] [cout] [info]   /forceset/rect_fem_l. bounds: [0.01, 1]
[2025-05-30 11:39:58.514] [cout] [info]   /forceset/gastroc_l. bounds: [0.01, 1]
[2025-05-30 11:39:58.514] [cout] [info]   /forceset/vasti_l. bounds: [0.01, 1]
[2025-05-30 11:39:58.514] [cout] [info]   /forceset/soleus_l. bounds: [0.01, 1]
[2025-05-30 11:39:58.514] [cout] [info]   /forceset/dorsiflexors_l. bounds: [0.01, 1]
[2025-05-30 11:39:58.514] [cout] [info]   /forceset/shoulder_flexion_r_torque. bounds: [-inf, inf]
[2025-05-30 11:39:58.514] [cout] [info]   /forceset/elbow_flexion_r_torque. bounds: [-inf, inf]
[2025-05-30 11:39:58.514] [cout] [info]   /forceset/shoulder_flexion_l_torque. bounds: [-inf, inf]
[2025-05-30 11:39:58.514] [cout] [info] Parameters: none
[2025-05-30 11:39:59.370] [info] Number of threads: 8
[2025-05-30 11:45:07.414] [info] Set log level to Info.
[2025-05-30 11:45:07.417] [info] ------------------------------------------------------------------------
[2025-05-30 11:45:07.417] [info] Elapsed real time: 309 second(s) (5 minute(s), 9 second(s)).
[2025-05-30 11:45:07.417] [info] Fri May 30 11:45:07 2025
[2025-05-30 11:45:07.417] [warning] MocoCasADiSolver did NOT succeed:
[2025-05-30 11:45:07.417] [warning]   User_Requested_Stop
[2025-05-30 11:45:07.417] [info] ========================================================================
[2025-05-30 11:45:35.306] [cout] [info] Exiting visualization.
[2025-05-30 11:46:50.936] [info] Loaded model 2014014_2d from file 2014014_C4_04_initial-model_2d.osim
[2025-05-30 11:48:16.405] [info] ========================================================================
[2025-05-30 11:48:16.405] [info] MocoCasADiSolver starting.
[2025-05-30 11:48:16.405] [info] Fri May 30 11:48:16 2025
[2025-05-30 11:48:16.405] [info] ------------------------------------------------------------------------
[2025-05-30 11:48:16.405] [cout] [info] Costs: (total: 4)
[2025-05-30 11:48:16.405] [cout] [info]   state_tracking. MocoStateTrackingGoal, enabled: true, mode: cost, weight: 1.0
[2025-05-30 11:48:16.405] [cout] [info]         state: /jointset/ground_pelvis/pelvis_tilt/value, weight: 12.1664
[2025-05-30 11:48:16.405] [cout] [info]         state: /jointset/ground_pelvis/pelvis_tx/value, weight: 0.0
[2025-05-30 11:48:16.405] [cout] [info]         state: /jointset/ground_pelvis/pelvis_ty/value, weight: 36.2107
[2025-05-30 11:48:16.405] [cout] [info]         state: /jointset/hip_r/hip_flexion_r/value, weight: 2.75586
[2025-05-30 11:48:16.405] [cout] [info]         state: /jointset/hip_l/hip_flexion_l/value, weight: 2.34071
[2025-05-30 11:48:16.405] [cout] [info]         state: /jointset/back/lumbar_ext/value, weight: 29.4037
[2025-05-30 11:48:16.405] [cout] [info]         state: /jointset/knee_r/knee_angle_r/value, weight: 0.925501
[2025-05-30 11:48:16.405] [cout] [info]         state: /jointset/knee_l/knee_angle_l/value, weight: 1.61229
[2025-05-30 11:48:16.405] [cout] [info]         state: /jointset/acromial_r/shoulder_flexion_r/value, weight: 6.17021
[2025-05-30 11:48:16.405] [cout] [info]         state: /jointset/acromial_l/shoulder_flexion_l/value, weight: 3.42741
[2025-05-30 11:48:16.405] [cout] [info]         state: /jointset/ankle_r/ankle_angle_r/value, weight: 6.2823
[2025-05-30 11:48:16.405] [cout] [info]         state: /jointset/ankle_l/ankle_angle_l/value, weight: 4.50354
[2025-05-30 11:48:16.405] [cout] [info]         state: /jointset/elbow_r/elbow_flexion_r/value, weight: 7.65053
[2025-05-30 11:48:16.405] [cout] [info]         state: /jointset/elbow_l/elbow_flexion_l/value, weight: 2.53764
[2025-05-30 11:48:16.405] [cout] [info]         state: /jointset/ground_pelvis/pelvis_tilt/speed, weight: 0.930004
[2025-05-30 11:48:16.405] [cout] [info]         state: /jointset/ground_pelvis/pelvis_tx/speed, weight: 0.0
[2025-05-30 11:48:16.405] [cout] [info]         state: /jointset/ground_pelvis/pelvis_ty/speed, weight: 2.72873
[2025-05-30 11:48:16.405] [cout] [info]         state: /jointset/hip_r/hip_flexion_r/speed, weight: 0.25556
[2025-05-30 11:48:16.405] [cout] [info]         state: /jointset/hip_l/hip_flexion_l/speed, weight: 0.339587
[2025-05-30 11:48:16.405] [cout] [info]         state: /jointset/back/lumbar_ext/speed, weight: 1.50353
[2025-05-30 11:48:16.405] [cout] [info]         state: /jointset/knee_r/knee_angle_r/speed, weight: 0.122041
[2025-05-30 11:48:16.405] [cout] [info]         state: /jointset/knee_l/knee_angle_l/speed, weight: 0.221248
[2025-05-30 11:48:16.405] [cout] [info]         state: /jointset/acromial_r/shoulder_flexion_r/speed, weight: 0.771884
[2025-05-30 11:48:16.405] [cout] [info]         state: /jointset/acromial_l/shoulder_flexion_l/speed, weight: 0.32994
[2025-05-30 11:48:16.405] [cout] [info]         state: /jointset/ankle_r/ankle_angle_r/speed, weight: 0.619564
[2025-05-30 11:48:16.405] [cout] [info]         state: /jointset/ankle_l/ankle_angle_l/speed, weight: 0.480794
[2025-05-30 11:48:16.405] [cout] [info]         state: /jointset/elbow_r/elbow_flexion_r/speed, weight: 1.70026
[2025-05-30 11:48:16.405] [cout] [info]         state: /jointset/elbow_l/elbow_flexion_l/speed, weight: 0.474488
[2025-05-30 11:48:16.405] [cout] [info]         state: /jointset/mtp_r/mtp_angle_r/value, weight: 0.0
[2025-05-30 11:48:16.405] [cout] [info]         state: /jointset/mtp_r/mtp_angle_r/speed, weight: 0.0
[2025-05-30 11:48:16.406] [cout] [info]         state: /jointset/mtp_l/mtp_angle_l/value, weight: 0.0
[2025-05-30 11:48:16.406] [cout] [info]         state: /jointset/mtp_l/mtp_angle_l/speed, weight: 0.0
[2025-05-30 11:48:16.406] [cout] [info]   control_effort. MocoControlGoal, enabled: true, mode: cost, weight: 10.0
[2025-05-30 11:48:16.406] [cout] [info]         control: /forceset/hamstrings_r, weight: 1.0
[2025-05-30 11:48:16.406] [cout] [info]         control: /forceset/bifemsh_r, weight: 1.0
[2025-05-30 11:48:16.406] [cout] [info]         control: /forceset/glut_max_r, weight: 1.0
[2025-05-30 11:48:16.406] [cout] [info]         control: /forceset/iliopsoas_r, weight: 1.0
[2025-05-30 11:48:16.406] [cout] [info]         control: /forceset/rect_fem_r, weight: 1.0
[2025-05-30 11:48:16.406] [cout] [info]         control: /forceset/vasti_r, weight: 1.0
[2025-05-30 11:48:16.406] [cout] [info]         control: /forceset/gastroc_r, weight: 1.0
[2025-05-30 11:48:16.406] [cout] [info]         control: /forceset/soleus_r, weight: 1.0
[2025-05-30 11:48:16.406] [cout] [info]         control: /forceset/dorsiflexors_r, weight: 1.0
[2025-05-30 11:48:16.406] [cout] [info]         control: /forceset/hamstrings_l, weight: 1.0
[2025-05-30 11:48:16.406] [cout] [info]         control: /forceset/bifemsh_l, weight: 1.0
[2025-05-30 11:48:16.406] [cout] [info]         control: /forceset/glut_max_l, weight: 1.0
[2025-05-30 11:48:16.406] [cout] [info]         control: /forceset/iliopsoas_l, weight: 1.0
[2025-05-30 11:48:16.406] [cout] [info]         control: /forceset/rect_fem_l, weight: 1.0
[2025-05-30 11:48:16.406] [cout] [info]         control: /forceset/vasti_l, weight: 1.0
[2025-05-30 11:48:16.406] [cout] [info]         control: /forceset/gastroc_l, weight: 1.0
[2025-05-30 11:48:16.406] [cout] [info]         control: /forceset/soleus_l, weight: 1.0
[2025-05-30 11:48:16.406] [cout] [info]         control: /forceset/dorsiflexors_l, weight: 1.0
[2025-05-30 11:48:16.406] [cout] [info]         control: /forceset/lumbar_ext_torque, weight: 1.0
[2025-05-30 11:48:16.406] [cout] [info]         control: /forceset/shoulder_flexion_r_torque, weight: 1.0
[2025-05-30 11:48:16.406] [cout] [info]         control: /forceset/elbow_flexion_r_torque, weight: 1.0
[2025-05-30 11:48:16.406] [cout] [info]         control: /forceset/shoulder_flexion_l_torque, weight: 1.0
[2025-05-30 11:48:16.406] [cout] [info]         control: /forceset/elbow_flexion_l_torque, weight: 1.0
[2025-05-30 11:48:16.406] [cout] [info]   contact. MocoContactTrackingGoal, enabled: true, mode: cost, weight: 0.5
[2025-05-30 11:48:16.406] [cout] [info]         projection type: plane
[2025-05-30 11:48:16.406] [cout] [info]         projection vector: ~[0,0,1]
[2025-05-30 11:48:16.406] [cout] [info]         group 0: ExternalForce: grf1
[2025-05-30 11:48:16.406] [cout] [info]             forces:
[2025-05-30 11:48:16.406] [cout] [info]                 /forceset/Contact_Foot_Ground_L1
[2025-05-30 11:48:16.406] [cout] [info]                 /forceset/Contact_Foot_Ground_L2
[2025-05-30 11:48:16.406] [cout] [info]                 /forceset/Contact_Foot_Ground_L3
[2025-05-30 11:48:16.406] [cout] [info]                 /forceset/Contact_Foot_Ground_L4
[2025-05-30 11:48:16.406] [cout] [info]                 /forceset/Contact_Foot_Ground_L5
[2025-05-30 11:48:16.406] [cout] [info]                 /forceset/Contact_Foot_Ground_L6
[2025-05-30 11:48:16.406] [cout] [info]                 /forceset/Contact_Foot_Ground_L7
[2025-05-30 11:48:16.406] [cout] [info]                 /forceset/Contact_Foot_Ground_L8
[2025-05-30 11:48:16.406] [cout] [info]         group 1: ExternalForce: grf2
[2025-05-30 11:48:16.406] [cout] [info]             forces:
[2025-05-30 11:48:16.406] [cout] [info]                 /forceset/Contact_Foot_Ground_R1
[2025-05-30 11:48:16.406] [cout] [info]                 /forceset/Contact_Foot_Ground_R2
[2025-05-30 11:48:16.406] [cout] [info]                 /forceset/Contact_Foot_Ground_R3
[2025-05-30 11:48:16.406] [cout] [info]                 /forceset/Contact_Foot_Ground_R4
[2025-05-30 11:48:16.406] [cout] [info]                 /forceset/Contact_Foot_Ground_R5
[2025-05-30 11:48:16.406] [cout] [info]                 /forceset/Contact_Foot_Ground_R6
[2025-05-30 11:48:16.406] [cout] [info]                 /forceset/Contact_Foot_Ground_R7
[2025-05-30 11:48:16.406] [cout] [info]                 /forceset/Contact_Foot_Ground_R8
[2025-05-30 11:48:16.406] [cout] [info]   symmetry. MocoPeriodicityGoal, enabled: true, mode: cost, weight: 0.00100000
[2025-05-30 11:48:16.406] [cout] [info]         state periodicity pairs:
[2025-05-30 11:48:16.406] [cout] [info]                 initial: /jointset/knee_r/knee_angle_r/value, final: /jointset/knee_l/knee_angle_l/value
[2025-05-30 11:48:16.406] [cout] [info]         control periodicity pairs:
[2025-05-30 11:48:16.406] [cout] [info] Endpoint constraints: (total: 1)
[2025-05-30 11:48:16.406] [cout] [info]   speed. MocoAverageSpeedGoal, enabled: true, mode: endpoint_constraint
[2025-05-30 11:48:16.406] [cout] [info] Kinematic constraints: none
[2025-05-30 11:48:16.406] [cout] [info] Path constraints: none
[2025-05-30 11:48:16.406] [cout] [info] States: (total: 54)
[2025-05-30 11:48:16.406] [cout] [info]   /forceset/rect_fem_r/activation. bounds: [0.01, 2]
[2025-05-30 11:48:16.406] [cout] [info]   /forceset/gastroc_r/normalized_tendon_force. bounds: [0, 1.5]
[2025-05-30 11:48:16.406] [cout] [info]   /forceset/soleus_r/normalized_tendon_force. bounds: [0, 1.5]
[2025-05-30 11:48:16.406] [cout] [info]   /forceset/rect_fem_l/activation. bounds: [0.01, 2]
[2025-05-30 11:48:16.406] [cout] [info]   /forceset/gastroc_l/normalized_tendon_force. bounds: [0, 1.5]
[2025-05-30 11:48:16.406] [cout] [info]   /forceset/soleus_l/normalized_tendon_force. bounds: [0, 1.5]
[2025-05-30 11:48:16.406] [cout] [info]   /forceset/hamstrings_r/activation. bounds: [0.01, 2]
[2025-05-30 11:48:16.406] [cout] [info]   /jointset/knee_l/knee_angle_l/value. bounds: [-1.5708, 0] initial: [-0.179552, 0]
[2025-05-30 11:48:16.406] [cout] [info]   /forceset/bifemsh_r/activation. bounds: [0.01, 2]
[2025-05-30 11:48:16.406] [cout] [info]   /forceset/glut_max_r/activation. bounds: [0.01, 2]
[2025-05-30 11:48:16.406] [cout] [info]   /forceset/iliopsoas_r/activation. bounds: [0.01, 2]
[2025-05-30 11:48:16.406] [cout] [info]   /forceset/gastroc_r/activation. bounds: [0.01, 2]
[2025-05-30 11:48:16.406] [cout] [info]   /forceset/vasti_r/activation. bounds: [0.01, 2]
[2025-05-30 11:48:16.406] [cout] [info]   /forceset/soleus_r/activation. bounds: [0.01, 2]
[2025-05-30 11:48:16.406] [cout] [info]   /jointset/mtp_r/mtp_angle_r/speed. bounds: [-50, 50]
[2025-05-30 11:48:16.406] [cout] [info]   /jointset/ground_pelvis/pelvis_tilt/speed. bounds: [-50, 50]
[2025-05-30 11:48:16.406] [cout] [info]   /forceset/dorsiflexors_r/activation. bounds: [0.01, 2]
[2025-05-30 11:48:16.406] [cout] [info]   /jointset/mtp_r/mtp_angle_r/value. bounds: [-0.436332, 1.309]
[2025-05-30 11:48:16.406] [cout] [info]   /jointset/ground_pelvis/pelvis_tilt/value. bounds: [-0.436332, 0.436332] initial: [0.208948, 0.241825]
[2025-05-30 11:48:16.406] [cout] [info]   /forceset/hamstrings_l/activation. bounds: [0.01, 2]
[2025-05-30 11:48:16.406] [cout] [info]   /forceset/bifemsh_l/activation. bounds: [0.01, 2]
[2025-05-30 11:48:16.406] [cout] [info]   /jointset/ground_pelvis/pelvis_tx/speed. bounds: [-50, 50]
[2025-05-30 11:48:16.406] [cout] [info]   /forceset/glut_max_l/activation. bounds: [0.01, 2]
[2025-05-30 11:48:16.406] [cout] [info]   /forceset/iliopsoas_l/activation. bounds: [0.01, 2]
[2025-05-30 11:48:16.406] [cout] [info]   /forceset/gastroc_l/activation. bounds: [0.01, 2]
[2025-05-30 11:48:16.407] [cout] [info]   /forceset/vasti_l/activation. bounds: [0.01, 2]
[2025-05-30 11:48:16.407] [cout] [info]   /forceset/soleus_l/activation. bounds: [0.01, 2]
[2025-05-30 11:48:16.407] [cout] [info]   /jointset/back/lumbar_ext/value. bounds: [-0.698132, 0.0872665] initial: [-0.380067, -0.366463]
[2025-05-30 11:48:16.407] [cout] [info]   /jointset/mtp_l/mtp_angle_l/value. bounds: [-0.436332, 1.309]
[2025-05-30 11:48:16.407] [cout] [info]   /forceset/dorsiflexors_l/activation. bounds: [0.01, 2]
[2025-05-30 11:48:16.407] [cout] [info]   /jointset/ground_pelvis/pelvis_tx/value. bounds: [-5, 5] initial: 0.175488
[2025-05-30 11:48:16.407] [cout] [info]   /jointset/knee_r/knee_angle_r/speed. bounds: [-50, 50]
[2025-05-30 11:48:16.407] [cout] [info]   /jointset/elbow_l/elbow_flexion_l/value. bounds: [0, 1.5708] initial: [0.272883, 0.43051]
[2025-05-30 11:48:16.407] [cout] [info]   /jointset/ankle_l/ankle_angle_l/value. bounds: [-0.610865, 0.349066] initial: [-0.101604, -0.0127849]
[2025-05-30 11:48:16.407] [cout] [info]   /jointset/ground_pelvis/pelvis_ty/value. bounds: [1.01463, 1.12015] initial: [1.0265, 1.12015]
[2025-05-30 11:48:16.407] [cout] [info]   /jointset/ankle_r/ankle_angle_r/value. bounds: [-0.610865, 0.349066] initial: [-0.226351, -0.16268]
[2025-05-30 11:48:16.407] [cout] [info]   /jointset/hip_r/hip_flexion_r/value. bounds: [-0.349066, 1.0472] initial: [-0.279284, -0.134139]
[2025-05-30 11:48:16.407] [cout] [info]   /jointset/back/lumbar_ext/speed. bounds: [-50, 50]
[2025-05-30 11:48:16.407] [cout] [info]   /jointset/mtp_l/mtp_angle_l/speed. bounds: [-50, 50]
[2025-05-30 11:48:16.407] [cout] [info]   /jointset/knee_r/knee_angle_r/value. bounds: [-1.5708, 0] initial: [-1.1847, -0.752503]
[2025-05-30 11:48:16.407] [cout] [info]   /jointset/knee_l/knee_angle_l/speed. bounds: [-50, 50]
[2025-05-30 11:48:16.407] [cout] [info]   /jointset/hip_l/hip_flexion_l/value. bounds: [-0.349066, 1.0472] initial: [-0.167733, 0.00315562]
[2025-05-30 11:48:16.407] [cout] [info]   /jointset/acromial_r/shoulder_flexion_r/value. bounds: [-0.523599, 0.523599] initial: [0.0744976, 0.139325]
[2025-05-30 11:48:16.407] [cout] [info]   /jointset/elbow_r/elbow_flexion_r/value. bounds: [0, 1.5708] initial: [0.375454, 0.427738]
[2025-05-30 11:48:16.407] [cout] [info]   /jointset/acromial_l/shoulder_flexion_l/value. bounds: [-0.523599, 0.523599] initial: [-0.141572, -0.0248661]
[2025-05-30 11:48:16.407] [cout] [info]   /jointset/elbow_l/elbow_flexion_l/speed. bounds: [-50, 50]
[2025-05-30 11:48:16.407] [cout] [info]   /jointset/ankle_l/ankle_angle_l/speed. bounds: [-50, 50]
[2025-05-30 11:48:16.407] [cout] [info]   /jointset/ground_pelvis/pelvis_ty/speed. bounds: [-50, 50]
[2025-05-30 11:48:16.407] [cout] [info]   /jointset/ankle_r/ankle_angle_r/speed. bounds: [-50, 50]
[2025-05-30 11:48:16.407] [cout] [info]   /jointset/hip_r/hip_flexion_r/speed. bounds: [-50, 50]
[2025-05-30 11:48:16.407] [cout] [info]   /jointset/hip_l/hip_flexion_l/speed. bounds: [-50, 50]
[2025-05-30 11:48:16.407] [cout] [info]   /jointset/acromial_r/shoulder_flexion_r/speed. bounds: [-50, 50]
[2025-05-30 11:48:16.407] [cout] [info]   /jointset/elbow_r/elbow_flexion_r/speed. bounds: [-50, 50]
[2025-05-30 11:48:16.407] [cout] [info]   /jointset/acromial_l/shoulder_flexion_l/speed. bounds: [-50, 50]
[2025-05-30 11:48:16.407] [cout] [info] Controls: (total: 23)
[2025-05-30 11:48:16.407] [cout] [info]   /forceset/hamstrings_r. bounds: [0.01, 1]
[2025-05-30 11:48:16.407] [cout] [info]   /forceset/bifemsh_r. bounds: [0.01, 1]
[2025-05-30 11:48:16.407] [cout] [info]   /forceset/glut_max_r. bounds: [0.01, 1]
[2025-05-30 11:48:16.407] [cout] [info]   /forceset/iliopsoas_r. bounds: [0.01, 1]
[2025-05-30 11:48:16.407] [cout] [info]   /forceset/rect_fem_r. bounds: [0.01, 1]
[2025-05-30 11:48:16.407] [cout] [info]   /forceset/gastroc_r. bounds: [0.01, 1]
[2025-05-30 11:48:16.407] [cout] [info]   /forceset/vasti_r. bounds: [0.01, 1]
[2025-05-30 11:48:16.407] [cout] [info]   /forceset/soleus_r. bounds: [0.01, 1]
[2025-05-30 11:48:16.407] [cout] [info]   /forceset/dorsiflexors_r. bounds: [0.01, 1]
[2025-05-30 11:48:16.407] [cout] [info]   /forceset/hamstrings_l. bounds: [0.01, 1]
[2025-05-30 11:48:16.407] [cout] [info]   /forceset/elbow_flexion_l_torque. bounds: [-inf, inf]
[2025-05-30 11:48:16.407] [cout] [info]   /forceset/bifemsh_l. bounds: [0.01, 1]
[2025-05-30 11:48:16.407] [cout] [info]   /forceset/glut_max_l. bounds: [0.01, 1]
[2025-05-30 11:48:16.407] [cout] [info]   /forceset/lumbar_ext_torque. bounds: [-inf, inf]
[2025-05-30 11:48:16.407] [cout] [info]   /forceset/iliopsoas_l. bounds: [0.01, 1]
[2025-05-30 11:48:16.407] [cout] [info]   /forceset/rect_fem_l. bounds: [0.01, 1]
[2025-05-30 11:48:16.407] [cout] [info]   /forceset/gastroc_l. bounds: [0.01, 1]
[2025-05-30 11:48:16.407] [cout] [info]   /forceset/vasti_l. bounds: [0.01, 1]
[2025-05-30 11:48:16.407] [cout] [info]   /forceset/soleus_l. bounds: [0.01, 1]
[2025-05-30 11:48:16.407] [cout] [info]   /forceset/dorsiflexors_l. bounds: [0.01, 1]
[2025-05-30 11:48:16.407] [cout] [info]   /forceset/shoulder_flexion_r_torque. bounds: [-inf, inf]
[2025-05-30 11:48:16.407] [cout] [info]   /forceset/elbow_flexion_r_torque. bounds: [-inf, inf]
[2025-05-30 11:48:16.407] [cout] [info]   /forceset/shoulder_flexion_l_torque. bounds: [-inf, inf]
[2025-05-30 11:48:16.407] [cout] [info] Parameters: none
[2025-05-30 11:48:17.147] [info] Number of threads: 8
[2025-05-30 12:00:05.476] [info] Set log level to Info.
[2025-05-30 12:00:05.478] [info] ------------------------------------------------------------------------
[2025-05-30 12:00:05.478] [info] Elapsed real time: 709 second(s) (11 minute(s), 49 second(s)).
[2025-05-30 12:00:05.478] [info] Fri May 30 12:00:05 2025
[2025-05-30 12:00:05.478] [warning] MocoCasADiSolver did NOT succeed:
[2025-05-30 12:00:05.478] [warning]   Maximum_Iterations_Exceeded
[2025-05-30 12:00:05.478] [info] ========================================================================
[2025-05-30 12:17:22.451] [cout] [info] Exiting visualization.
[2025-05-30 12:17:35.572] [info] Loaded model 2014014_2d from file 2014014_C4_04_initial-model_2d.osim
[2025-05-30 12:20:19.255] [info] Loaded model 2014014_2d from file 2014014_C4_04_initial-model_2d.osim
[2025-05-30 12:21:19.281] [info] ========================================================================
[2025-05-30 12:21:19.281] [info] MocoCasADiSolver starting.
[2025-05-30 12:21:19.281] [info] Fri May 30 12:21:19 2025
[2025-05-30 12:21:19.282] [info] ------------------------------------------------------------------------
[2025-05-30 12:21:19.282] [cout] [info] Costs: (total: 3)
[2025-05-30 12:21:19.282] [cout] [info]   state_tracking. MocoStateTrackingGoal, enabled: true, mode: cost, weight: 1.0
[2025-05-30 12:21:19.282] [cout] [info]         state: /jointset/ground_pelvis/pelvis_tilt/value, weight: 12.1664
[2025-05-30 12:21:19.282] [cout] [info]         state: /jointset/ground_pelvis/pelvis_tx/value, weight: 0.0
[2025-05-30 12:21:19.282] [cout] [info]         state: /jointset/ground_pelvis/pelvis_ty/value, weight: 1.0
[2025-05-30 12:21:19.282] [cout] [info]         state: /jointset/hip_r/hip_flexion_r/value, weight: 2.75586
[2025-05-30 12:21:19.282] [cout] [info]         state: /jointset/hip_l/hip_flexion_l/value, weight: 2.34071
[2025-05-30 12:21:19.282] [cout] [info]         state: /jointset/back/lumbar_ext/value, weight: 29.4037
[2025-05-30 12:21:19.282] [cout] [info]         state: /jointset/knee_r/knee_angle_r/value, weight: 0.925501
[2025-05-30 12:21:19.282] [cout] [info]         state: /jointset/knee_l/knee_angle_l/value, weight: 1.61229
[2025-05-30 12:21:19.282] [cout] [info]         state: /jointset/acromial_r/shoulder_flexion_r/value, weight: 6.17021
[2025-05-30 12:21:19.282] [cout] [info]         state: /jointset/acromial_l/shoulder_flexion_l/value, weight: 3.42741
[2025-05-30 12:21:19.282] [cout] [info]         state: /jointset/ankle_r/ankle_angle_r/value, weight: 6.2823
[2025-05-30 12:21:19.282] [cout] [info]         state: /jointset/ankle_l/ankle_angle_l/value, weight: 4.50354
[2025-05-30 12:21:19.282] [cout] [info]         state: /jointset/elbow_r/elbow_flexion_r/value, weight: 7.65053
[2025-05-30 12:21:19.282] [cout] [info]         state: /jointset/elbow_l/elbow_flexion_l/value, weight: 2.53764
[2025-05-30 12:21:19.282] [cout] [info]         state: /jointset/ground_pelvis/pelvis_tilt/speed, weight: 0.930004
[2025-05-30 12:21:19.282] [cout] [info]         state: /jointset/ground_pelvis/pelvis_tx/speed, weight: 0.0
[2025-05-30 12:21:19.282] [cout] [info]         state: /jointset/ground_pelvis/pelvis_ty/speed, weight: 0.01
[2025-05-30 12:21:19.282] [cout] [info]         state: /jointset/hip_r/hip_flexion_r/speed, weight: 0.25556
[2025-05-30 12:21:19.282] [cout] [info]         state: /jointset/hip_l/hip_flexion_l/speed, weight: 0.339587
[2025-05-30 12:21:19.282] [cout] [info]         state: /jointset/back/lumbar_ext/speed, weight: 1.50353
[2025-05-30 12:21:19.282] [cout] [info]         state: /jointset/knee_r/knee_angle_r/speed, weight: 0.122041
[2025-05-30 12:21:19.282] [cout] [info]         state: /jointset/knee_l/knee_angle_l/speed, weight: 0.221248
[2025-05-30 12:21:19.282] [cout] [info]         state: /jointset/acromial_r/shoulder_flexion_r/speed, weight: 0.771884
[2025-05-30 12:21:19.282] [cout] [info]         state: /jointset/acromial_l/shoulder_flexion_l/speed, weight: 0.32994
[2025-05-30 12:21:19.282] [cout] [info]         state: /jointset/ankle_r/ankle_angle_r/speed, weight: 0.619564
[2025-05-30 12:21:19.282] [cout] [info]         state: /jointset/ankle_l/ankle_angle_l/speed, weight: 0.480794
[2025-05-30 12:21:19.282] [cout] [info]         state: /jointset/elbow_r/elbow_flexion_r/speed, weight: 1.70026
[2025-05-30 12:21:19.282] [cout] [info]         state: /jointset/elbow_l/elbow_flexion_l/speed, weight: 0.474488
[2025-05-30 12:21:19.282] [cout] [info]         state: /jointset/mtp_r/mtp_angle_r/value, weight: 0.0
[2025-05-30 12:21:19.282] [cout] [info]         state: /jointset/mtp_r/mtp_angle_r/speed, weight: 0.0
[2025-05-30 12:21:19.282] [cout] [info]         state: /jointset/mtp_l/mtp_angle_l/value, weight: 0.0
[2025-05-30 12:21:19.282] [cout] [info]         state: /jointset/mtp_l/mtp_angle_l/speed, weight: 0.0
[2025-05-30 12:21:19.282] [cout] [info]   control_effort. MocoControlGoal, enabled: true, mode: cost, weight: 10.0
[2025-05-30 12:21:19.282] [cout] [info]         control: /forceset/hamstrings_r, weight: 1.0
[2025-05-30 12:21:19.282] [cout] [info]         control: /forceset/bifemsh_r, weight: 1.0
[2025-05-30 12:21:19.282] [cout] [info]         control: /forceset/glut_max_r, weight: 1.0
[2025-05-30 12:21:19.282] [cout] [info]         control: /forceset/iliopsoas_r, weight: 1.0
[2025-05-30 12:21:19.282] [cout] [info]         control: /forceset/rect_fem_r, weight: 1.0
[2025-05-30 12:21:19.282] [cout] [info]         control: /forceset/vasti_r, weight: 1.0
[2025-05-30 12:21:19.282] [cout] [info]         control: /forceset/gastroc_r, weight: 1.0
[2025-05-30 12:21:19.282] [cout] [info]         control: /forceset/soleus_r, weight: 1.0
[2025-05-30 12:21:19.282] [cout] [info]         control: /forceset/dorsiflexors_r, weight: 1.0
[2025-05-30 12:21:19.282] [cout] [info]         control: /forceset/hamstrings_l, weight: 1.0
[2025-05-30 12:21:19.282] [cout] [info]         control: /forceset/bifemsh_l, weight: 1.0
[2025-05-30 12:21:19.282] [cout] [info]         control: /forceset/glut_max_l, weight: 1.0
[2025-05-30 12:21:19.282] [cout] [info]         control: /forceset/iliopsoas_l, weight: 1.0
[2025-05-30 12:21:19.282] [cout] [info]         control: /forceset/rect_fem_l, weight: 1.0
[2025-05-30 12:21:19.282] [cout] [info]         control: /forceset/vasti_l, weight: 1.0
[2025-05-30 12:21:19.282] [cout] [info]         control: /forceset/gastroc_l, weight: 1.0
[2025-05-30 12:21:19.282] [cout] [info]         control: /forceset/soleus_l, weight: 1.0
[2025-05-30 12:21:19.282] [cout] [info]         control: /forceset/dorsiflexors_l, weight: 1.0
[2025-05-30 12:21:19.282] [cout] [info]         control: /forceset/lumbar_ext_torque, weight: 1.0
[2025-05-30 12:21:19.282] [cout] [info]         control: /forceset/shoulder_flexion_r_torque, weight: 1.0
[2025-05-30 12:21:19.282] [cout] [info]         control: /forceset/elbow_flexion_r_torque, weight: 1.0
[2025-05-30 12:21:19.282] [cout] [info]         control: /forceset/shoulder_flexion_l_torque, weight: 1.0
[2025-05-30 12:21:19.282] [cout] [info]         control: /forceset/elbow_flexion_l_torque, weight: 1.0
[2025-05-30 12:21:19.282] [cout] [info]   contact. MocoContactTrackingGoal, enabled: true, mode: cost, weight: 0.5
[2025-05-30 12:21:19.282] [cout] [info]         projection type: plane
[2025-05-30 12:21:19.282] [cout] [info]         projection vector: ~[0,0,1]
[2025-05-30 12:21:19.282] [cout] [info]         group 0: ExternalForce: grf1
[2025-05-30 12:21:19.282] [cout] [info]             forces:
[2025-05-30 12:21:19.282] [cout] [info]                 /forceset/Contact_Foot_Ground_L1
[2025-05-30 12:21:19.282] [cout] [info]                 /forceset/Contact_Foot_Ground_L2
[2025-05-30 12:21:19.282] [cout] [info]                 /forceset/Contact_Foot_Ground_L3
[2025-05-30 12:21:19.282] [cout] [info]                 /forceset/Contact_Foot_Ground_L4
[2025-05-30 12:21:19.282] [cout] [info]                 /forceset/Contact_Foot_Ground_L5
[2025-05-30 12:21:19.282] [cout] [info]                 /forceset/Contact_Foot_Ground_L6
[2025-05-30 12:21:19.282] [cout] [info]                 /forceset/Contact_Foot_Ground_L7
[2025-05-30 12:21:19.282] [cout] [info]                 /forceset/Contact_Foot_Ground_L8
[2025-05-30 12:21:19.282] [cout] [info]         group 1: ExternalForce: grf2
[2025-05-30 12:21:19.282] [cout] [info]             forces:
[2025-05-30 12:21:19.283] [cout] [info]                 /forceset/Contact_Foot_Ground_R1
[2025-05-30 12:21:19.283] [cout] [info]                 /forceset/Contact_Foot_Ground_R2
[2025-05-30 12:21:19.283] [cout] [info]                 /forceset/Contact_Foot_Ground_R3
[2025-05-30 12:21:19.283] [cout] [info]                 /forceset/Contact_Foot_Ground_R4
[2025-05-30 12:21:19.283] [cout] [info]                 /forceset/Contact_Foot_Ground_R5
[2025-05-30 12:21:19.283] [cout] [info]                 /forceset/Contact_Foot_Ground_R6
[2025-05-30 12:21:19.283] [cout] [info]                 /forceset/Contact_Foot_Ground_R7
[2025-05-30 12:21:19.283] [cout] [info]                 /forceset/Contact_Foot_Ground_R8
[2025-05-30 12:21:19.283] [cout] [info] Endpoint constraints: (total: 1)
[2025-05-30 12:21:19.283] [cout] [info]   speed. MocoAverageSpeedGoal, enabled: true, mode: endpoint_constraint
[2025-05-30 12:21:19.283] [cout] [info] Kinematic constraints: none
[2025-05-30 12:21:19.283] [cout] [info] Path constraints: none
[2025-05-30 12:21:19.283] [cout] [info] States: (total: 54)
[2025-05-30 12:21:19.283] [cout] [info]   /forceset/rect_fem_r/activation. bounds: [0.01, 2]
[2025-05-30 12:21:19.283] [cout] [info]   /forceset/gastroc_r/normalized_tendon_force. bounds: [0, 1.5]
[2025-05-30 12:21:19.283] [cout] [info]   /forceset/soleus_r/normalized_tendon_force. bounds: [0, 1.5]
[2025-05-30 12:21:19.283] [cout] [info]   /forceset/rect_fem_l/activation. bounds: [0.01, 2]
[2025-05-30 12:21:19.283] [cout] [info]   /forceset/gastroc_l/normalized_tendon_force. bounds: [0, 1.5]
[2025-05-30 12:21:19.283] [cout] [info]   /forceset/soleus_l/normalized_tendon_force. bounds: [0, 1.5]
[2025-05-30 12:21:19.283] [cout] [info]   /forceset/hamstrings_r/activation. bounds: [0.01, 2]
[2025-05-30 12:21:19.283] [cout] [info]   /jointset/knee_l/knee_angle_l/value. bounds: [-1.5708, 0] initial: [-0.179552, 0]
[2025-05-30 12:21:19.283] [cout] [info]   /forceset/bifemsh_r/activation. bounds: [0.01, 2]
[2025-05-30 12:21:19.283] [cout] [info]   /forceset/glut_max_r/activation. bounds: [0.01, 2]
[2025-05-30 12:21:19.283] [cout] [info]   /forceset/iliopsoas_r/activation. bounds: [0.01, 2]
[2025-05-30 12:21:19.283] [cout] [info]   /forceset/gastroc_r/activation. bounds: [0.01, 2]
[2025-05-30 12:21:19.283] [cout] [info]   /forceset/vasti_r/activation. bounds: [0.01, 2]
[2025-05-30 12:21:19.283] [cout] [info]   /forceset/soleus_r/activation. bounds: [0.01, 2]
[2025-05-30 12:21:19.283] [cout] [info]   /jointset/mtp_r/mtp_angle_r/speed. bounds: [-50, 50]
[2025-05-30 12:21:19.283] [cout] [info]   /jointset/ground_pelvis/pelvis_tilt/speed. bounds: [-50, 50]
[2025-05-30 12:21:19.283] [cout] [info]   /forceset/dorsiflexors_r/activation. bounds: [0.01, 2]
[2025-05-30 12:21:19.283] [cout] [info]   /jointset/mtp_r/mtp_angle_r/value. bounds: [-0.436332, 1.309]
[2025-05-30 12:21:19.283] [cout] [info]   /jointset/ground_pelvis/pelvis_tilt/value. bounds: [-0.436332, 0.436332] initial: [0.208948, 0.241825]
[2025-05-30 12:21:19.283] [cout] [info]   /forceset/hamstrings_l/activation. bounds: [0.01, 2]
[2025-05-30 12:21:19.283] [cout] [info]   /forceset/bifemsh_l/activation. bounds: [0.01, 2]
[2025-05-30 12:21:19.283] [cout] [info]   /jointset/ground_pelvis/pelvis_tx/speed. bounds: [-50, 50]
[2025-05-30 12:21:19.283] [cout] [info]   /forceset/glut_max_l/activation. bounds: [0.01, 2]
[2025-05-30 12:21:19.283] [cout] [info]   /forceset/iliopsoas_l/activation. bounds: [0.01, 2]
[2025-05-30 12:21:19.283] [cout] [info]   /forceset/gastroc_l/activation. bounds: [0.01, 2]
[2025-05-30 12:21:19.283] [cout] [info]   /forceset/vasti_l/activation. bounds: [0.01, 2]
[2025-05-30 12:21:19.283] [cout] [info]   /forceset/soleus_l/activation. bounds: [0.01, 2]
[2025-05-30 12:21:19.283] [cout] [info]   /jointset/back/lumbar_ext/value. bounds: [-0.698132, 0.0872665] initial: [-0.380067, -0.366463]
[2025-05-30 12:21:19.283] [cout] [info]   /jointset/mtp_l/mtp_angle_l/value. bounds: [-0.436332, 1.309]
[2025-05-30 12:21:19.283] [cout] [info]   /forceset/dorsiflexors_l/activation. bounds: [0.01, 2]
[2025-05-30 12:21:19.283] [cout] [info]   /jointset/ground_pelvis/pelvis_tx/value. bounds: [-5, 5] initial: 0.175488
[2025-05-30 12:21:19.283] [cout] [info]   /jointset/knee_r/knee_angle_r/speed. bounds: [-50, 50]
[2025-05-30 12:21:19.283] [cout] [info]   /jointset/elbow_l/elbow_flexion_l/value. bounds: [0, 1.5708] initial: [0.272883, 0.43051]
[2025-05-30 12:21:19.284] [cout] [info]   /jointset/ankle_l/ankle_angle_l/value. bounds: [-0.610865, 0.349066] initial: [-0.101604, -0.0127849]
[2025-05-30 12:21:19.284] [cout] [info]   /jointset/ground_pelvis/pelvis_ty/value. bounds: [1.01463, 1.12015] initial: [1.0265, 1.12015]
[2025-05-30 12:21:19.284] [cout] [info]   /jointset/ankle_r/ankle_angle_r/value. bounds: [-0.610865, 0.349066] initial: [-0.226351, -0.16268]
[2025-05-30 12:21:19.284] [cout] [info]   /jointset/hip_r/hip_flexion_r/value. bounds: [-0.349066, 1.0472] initial: [-0.279284, -0.134139]
[2025-05-30 12:21:19.284] [cout] [info]   /jointset/back/lumbar_ext/speed. bounds: [-50, 50]
[2025-05-30 12:21:19.284] [cout] [info]   /jointset/mtp_l/mtp_angle_l/speed. bounds: [-50, 50]
[2025-05-30 12:21:19.284] [cout] [info]   /jointset/knee_r/knee_angle_r/value. bounds: [-1.5708, 0] initial: [-1.1847, -0.752503]
[2025-05-30 12:21:19.284] [cout] [info]   /jointset/knee_l/knee_angle_l/speed. bounds: [-50, 50]
[2025-05-30 12:21:19.284] [cout] [info]   /jointset/hip_l/hip_flexion_l/value. bounds: [-0.349066, 1.0472] initial: [-0.167733, 0.00315562]
[2025-05-30 12:21:19.284] [cout] [info]   /jointset/acromial_r/shoulder_flexion_r/value. bounds: [-0.523599, 0.523599] initial: [0.0744976, 0.139325]
[2025-05-30 12:21:19.284] [cout] [info]   /jointset/elbow_r/elbow_flexion_r/value. bounds: [0, 1.5708] initial: [0.375454, 0.427738]
[2025-05-30 12:21:19.284] [cout] [info]   /jointset/acromial_l/shoulder_flexion_l/value. bounds: [-0.523599, 0.523599] initial: [-0.141572, -0.0248661]
[2025-05-30 12:21:19.284] [cout] [info]   /jointset/elbow_l/elbow_flexion_l/speed. bounds: [-50, 50]
[2025-05-30 12:21:19.284] [cout] [info]   /jointset/ankle_l/ankle_angle_l/speed. bounds: [-50, 50]
[2025-05-30 12:21:19.284] [cout] [info]   /jointset/ground_pelvis/pelvis_ty/speed. bounds: [-50, 50]
[2025-05-30 12:21:19.284] [cout] [info]   /jointset/ankle_r/ankle_angle_r/speed. bounds: [-50, 50]
[2025-05-30 12:21:19.284] [cout] [info]   /jointset/hip_r/hip_flexion_r/speed. bounds: [-50, 50]
[2025-05-30 12:21:19.284] [cout] [info]   /jointset/hip_l/hip_flexion_l/speed. bounds: [-50, 50]
[2025-05-30 12:21:19.284] [cout] [info]   /jointset/acromial_r/shoulder_flexion_r/speed. bounds: [-50, 50]
[2025-05-30 12:21:19.284] [cout] [info]   /jointset/elbow_r/elbow_flexion_r/speed. bounds: [-50, 50]
[2025-05-30 12:21:19.284] [cout] [info]   /jointset/acromial_l/shoulder_flexion_l/speed. bounds: [-50, 50]
[2025-05-30 12:21:19.284] [cout] [info] Controls: (total: 23)
[2025-05-30 12:21:19.284] [cout] [info]   /forceset/hamstrings_r. bounds: [0.01, 1]
[2025-05-30 12:21:19.284] [cout] [info]   /forceset/bifemsh_r. bounds: [0.01, 1]
[2025-05-30 12:21:19.284] [cout] [info]   /forceset/glut_max_r. bounds: [0.01, 1]
[2025-05-30 12:21:19.284] [cout] [info]   /forceset/iliopsoas_r. bounds: [0.01, 1]
[2025-05-30 12:21:19.284] [cout] [info]   /forceset/rect_fem_r. bounds: [0.01, 1]
[2025-05-30 12:21:19.284] [cout] [info]   /forceset/gastroc_r. bounds: [0.01, 1]
[2025-05-30 12:21:19.284] [cout] [info]   /forceset/vasti_r. bounds: [0.01, 1]
[2025-05-30 12:21:19.284] [cout] [info]   /forceset/soleus_r. bounds: [0.01, 1]
[2025-05-30 12:21:19.284] [cout] [info]   /forceset/dorsiflexors_r. bounds: [0.01, 1]
[2025-05-30 12:21:19.284] [cout] [info]   /forceset/hamstrings_l. bounds: [0.01, 1]
[2025-05-30 12:21:19.284] [cout] [info]   /forceset/elbow_flexion_l_torque. bounds: [-inf, inf]
[2025-05-30 12:21:19.284] [cout] [info]   /forceset/bifemsh_l. bounds: [0.01, 1]
[2025-05-30 12:21:19.284] [cout] [info]   /forceset/glut_max_l. bounds: [0.01, 1]
[2025-05-30 12:21:19.284] [cout] [info]   /forceset/lumbar_ext_torque. bounds: [-inf, inf]
[2025-05-30 12:21:19.284] [cout] [info]   /forceset/iliopsoas_l. bounds: [0.01, 1]
[2025-05-30 12:21:19.284] [cout] [info]   /forceset/rect_fem_l. bounds: [0.01, 1]
[2025-05-30 12:21:19.284] [cout] [info]   /forceset/gastroc_l. bounds: [0.01, 1]
[2025-05-30 12:21:19.284] [cout] [info]   /forceset/vasti_l. bounds: [0.01, 1]
[2025-05-30 12:21:19.284] [cout] [info]   /forceset/soleus_l. bounds: [0.01, 1]
[2025-05-30 12:21:19.284] [cout] [info]   /forceset/dorsiflexors_l. bounds: [0.01, 1]
[2025-05-30 12:21:19.284] [cout] [info]   /forceset/shoulder_flexion_r_torque. bounds: [-inf, inf]
[2025-05-30 12:21:19.284] [cout] [info]   /forceset/elbow_flexion_r_torque. bounds: [-inf, inf]
[2025-05-30 12:21:19.284] [cout] [info]   /forceset/shoulder_flexion_l_torque. bounds: [-inf, inf]
[2025-05-30 12:21:19.284] [cout] [info] Parameters: none
[2025-05-30 12:21:20.488] [info] Number of threads: 8
[2025-05-30 12:25:21.339] [info] Set log level to Info.
[2025-05-30 12:25:21.341] [info] ------------------------------------------------------------------------
[2025-05-30 12:25:21.341] [info] Elapsed real time: 242 second(s) (4 minute(s), 2 second(s)).
[2025-05-30 12:25:21.341] [info] Fri May 30 12:25:21 2025
[2025-05-30 12:25:21.341] [warning] MocoCasADiSolver did NOT succeed:
[2025-05-30 12:25:21.341] [warning]   User_Requested_Stop
[2025-05-30 12:25:21.341] [info] ========================================================================
[2025-05-30 12:25:30.578] [info] DeGrooteFregly2016Muscle 'gastroc_r' is buckling (length < tendon_slack_length) at time 0.32 s.
[2025-05-30 12:25:30.578] [info] DeGrooteFregly2016Muscle 'gastroc_r' is buckling (length < tendon_slack_length) at time 0.323333 s.
[2025-05-30 12:25:30.588] [info] DeGrooteFregly2016Muscle 'gastroc_l' is buckling (length < tendon_slack_length) at time 0.436667 s.
[2025-05-30 12:25:30.608] [info] DeGrooteFregly2016Muscle 'gastroc_r' is buckling (length < tendon_slack_length) at time 0.663333 s.
[2025-05-30 12:25:30.608] [info] DeGrooteFregly2016Muscle 'soleus_r' is buckling (length < tendon_slack_length) at time 0.663333 s.
[2025-05-30 12:25:30.608] [info] DeGrooteFregly2016Muscle 'soleus_l' is buckling (length < tendon_slack_length) at time 0.663333 s.
[2025-05-30 12:25:30.609] [info] DeGrooteFregly2016Muscle 'gastroc_r' is buckling (length < tendon_slack_length) at time 0.666667 s.
[2025-05-30 12:25:30.609] [info] DeGrooteFregly2016Muscle 'soleus_r' is buckling (length < tendon_slack_length) at time 0.666667 s.
[2025-05-30 12:25:30.609] [info] DeGrooteFregly2016Muscle 'soleus_l' is buckling (length < tendon_slack_length) at time 0.666667 s.
[2025-05-30 12:25:30.609] [info] DeGrooteFregly2016Muscle 'gastroc_r' is buckling (length < tendon_slack_length) at time 0.67 s.
[2025-05-30 12:25:30.609] [info] DeGrooteFregly2016Muscle 'soleus_r' is buckling (length < tendon_slack_length) at time 0.67 s.
[2025-05-30 12:25:30.609] [info] DeGrooteFregly2016Muscle 'soleus_l' is buckling (length < tendon_slack_length) at time 0.67 s.
[2025-05-30 12:25:30.609] [info] DeGrooteFregly2016Muscle 'gastroc_r' is buckling (length < tendon_slack_length) at time 0.673333 s.
[2025-05-30 12:25:30.609] [info] DeGrooteFregly2016Muscle 'soleus_r' is buckling (length < tendon_slack_length) at time 0.673333 s.
[2025-05-30 12:25:30.609] [info] DeGrooteFregly2016Muscle 'soleus_l' is buckling (length < tendon_slack_length) at time 0.673333 s.
[2025-05-30 12:25:30.610] [info] DeGrooteFregly2016Muscle 'gastroc_r' is buckling (length < tendon_slack_length) at time 0.676667 s.
[2025-05-30 12:25:30.610] [info] DeGrooteFregly2016Muscle 'soleus_l' is buckling (length < tendon_slack_length) at time 0.676667 s.
[2025-05-30 12:25:30.610] [info] DeGrooteFregly2016Muscle 'gastroc_r' is buckling (length < tendon_slack_length) at time 0.68 s.
[2025-05-30 12:26:14.388] [cout] [info] Exiting visualization.
[2025-05-30 12:28:32.443] [info] Loaded model 2014014_2d from file 2014014_model_2d_optim.osim
[2025-05-30 12:29:43.085] [info] Loaded model 2014014_2d from file 2014014_C4_04_initial-model_2d.osim
[2025-05-30 12:33:02.405] [info] ========================================================================
[2025-05-30 12:33:02.406] [info] MocoCasADiSolver starting.
[2025-05-30 12:33:02.406] [info] Fri May 30 12:33:02 2025
[2025-05-30 12:33:02.406] [info] ------------------------------------------------------------------------
[2025-05-30 12:33:02.406] [cout] [info] Costs: (total: 3)
[2025-05-30 12:33:02.406] [cout] [info]   state_tracking. MocoStateTrackingGoal, enabled: true, mode: cost, weight: 1.0
[2025-05-30 12:33:02.406] [cout] [info]         state: /jointset/ground_pelvis/pelvis_tilt/value, weight: 1.0
[2025-05-30 12:33:02.406] [cout] [info]         state: /jointset/ground_pelvis/pelvis_tx/value, weight: 1.0
[2025-05-30 12:33:02.406] [cout] [info]         state: /jointset/ground_pelvis/pelvis_ty/value, weight: 1.0
[2025-05-30 12:33:02.406] [cout] [info]         state: /jointset/hip_r/hip_flexion_r/value, weight: 1.0
[2025-05-30 12:33:02.406] [cout] [info]         state: /jointset/hip_l/hip_flexion_l/value, weight: 1.0
[2025-05-30 12:33:02.406] [cout] [info]         state: /jointset/back/lumbar_ext/value, weight: 1.0
[2025-05-30 12:33:02.406] [cout] [info]         state: /jointset/knee_r/knee_angle_r/value, weight: 1.0
[2025-05-30 12:33:02.406] [cout] [info]         state: /jointset/knee_l/knee_angle_l/value, weight: 1.0
[2025-05-30 12:33:02.406] [cout] [info]         state: /jointset/acromial_r/shoulder_flexion_r/value, weight: 1.0
[2025-05-30 12:33:02.406] [cout] [info]         state: /jointset/acromial_l/shoulder_flexion_l/value, weight: 1.0
[2025-05-30 12:33:02.406] [cout] [info]         state: /jointset/ankle_r/ankle_angle_r/value, weight: 1.0
[2025-05-30 12:33:02.406] [cout] [info]         state: /jointset/ankle_l/ankle_angle_l/value, weight: 1.0
[2025-05-30 12:33:02.406] [cout] [info]         state: /jointset/elbow_r/elbow_flexion_r/value, weight: 1.0
[2025-05-30 12:33:02.406] [cout] [info]         state: /jointset/elbow_l/elbow_flexion_l/value, weight: 1.0
[2025-05-30 12:33:02.406] [cout] [info]         state: /jointset/ground_pelvis/pelvis_tilt/speed, weight: 1.0
[2025-05-30 12:33:02.406] [cout] [info]         state: /jointset/ground_pelvis/pelvis_tx/speed, weight: 1.0
[2025-05-30 12:33:02.406] [cout] [info]         state: /jointset/ground_pelvis/pelvis_ty/speed, weight: 1.0
[2025-05-30 12:33:02.406] [cout] [info]         state: /jointset/hip_r/hip_flexion_r/speed, weight: 1.0
[2025-05-30 12:33:02.406] [cout] [info]         state: /jointset/hip_l/hip_flexion_l/speed, weight: 1.0
[2025-05-30 12:33:02.406] [cout] [info]         state: /jointset/back/lumbar_ext/speed, weight: 1.0
[2025-05-30 12:33:02.406] [cout] [info]         state: /jointset/knee_r/knee_angle_r/speed, weight: 1.0
[2025-05-30 12:33:02.406] [cout] [info]         state: /jointset/knee_l/knee_angle_l/speed, weight: 1.0
[2025-05-30 12:33:02.406] [cout] [info]         state: /jointset/acromial_r/shoulder_flexion_r/speed, weight: 1.0
[2025-05-30 12:33:02.406] [cout] [info]         state: /jointset/acromial_l/shoulder_flexion_l/speed, weight: 1.0
[2025-05-30 12:33:02.406] [cout] [info]         state: /jointset/ankle_r/ankle_angle_r/speed, weight: 1.0
[2025-05-30 12:33:02.406] [cout] [info]         state: /jointset/ankle_l/ankle_angle_l/speed, weight: 1.0
[2025-05-30 12:33:02.406] [cout] [info]         state: /jointset/elbow_r/elbow_flexion_r/speed, weight: 1.0
[2025-05-30 12:33:02.406] [cout] [info]         state: /jointset/elbow_l/elbow_flexion_l/speed, weight: 1.0
[2025-05-30 12:33:02.406] [cout] [info]         state: /jointset/mtp_r/mtp_angle_r/value, weight: 1.0
[2025-05-30 12:33:02.406] [cout] [info]         state: /jointset/mtp_r/mtp_angle_r/speed, weight: 1.0
[2025-05-30 12:33:02.406] [cout] [info]         state: /jointset/mtp_l/mtp_angle_l/value, weight: 1.0
[2025-05-30 12:33:02.406] [cout] [info]         state: /jointset/mtp_l/mtp_angle_l/speed, weight: 1.0
[2025-05-30 12:33:02.406] [cout] [info]   control_effort. MocoControlGoal, enabled: true, mode: cost, weight: 10.0
[2025-05-30 12:33:02.406] [cout] [info]         control: /forceset/hamstrings_r, weight: 1.0
[2025-05-30 12:33:02.406] [cout] [info]         control: /forceset/bifemsh_r, weight: 1.0
[2025-05-30 12:33:02.406] [cout] [info]         control: /forceset/glut_max_r, weight: 1.0
[2025-05-30 12:33:02.406] [cout] [info]         control: /forceset/iliopsoas_r, weight: 1.0
[2025-05-30 12:33:02.406] [cout] [info]         control: /forceset/rect_fem_r, weight: 1.0
[2025-05-30 12:33:02.406] [cout] [info]         control: /forceset/vasti_r, weight: 1.0
[2025-05-30 12:33:02.406] [cout] [info]         control: /forceset/gastroc_r, weight: 1.0
[2025-05-30 12:33:02.406] [cout] [info]         control: /forceset/soleus_r, weight: 1.0
[2025-05-30 12:33:02.406] [cout] [info]         control: /forceset/dorsiflexors_r, weight: 1.0
[2025-05-30 12:33:02.406] [cout] [info]         control: /forceset/hamstrings_l, weight: 1.0
[2025-05-30 12:33:02.406] [cout] [info]         control: /forceset/bifemsh_l, weight: 1.0
[2025-05-30 12:33:02.406] [cout] [info]         control: /forceset/glut_max_l, weight: 1.0
[2025-05-30 12:33:02.406] [cout] [info]         control: /forceset/iliopsoas_l, weight: 1.0
[2025-05-30 12:33:02.406] [cout] [info]         control: /forceset/rect_fem_l, weight: 1.0
[2025-05-30 12:33:02.406] [cout] [info]         control: /forceset/vasti_l, weight: 1.0
[2025-05-30 12:33:02.406] [cout] [info]         control: /forceset/gastroc_l, weight: 1.0
[2025-05-30 12:33:02.406] [cout] [info]         control: /forceset/soleus_l, weight: 1.0
[2025-05-30 12:33:02.406] [cout] [info]         control: /forceset/dorsiflexors_l, weight: 1.0
[2025-05-30 12:33:02.407] [cout] [info]         control: /forceset/lumbar_ext_torque, weight: 1.0
[2025-05-30 12:33:02.407] [cout] [info]         control: /forceset/shoulder_flexion_r_torque, weight: 1.0
[2025-05-30 12:33:02.407] [cout] [info]         control: /forceset/elbow_flexion_r_torque, weight: 1.0
[2025-05-30 12:33:02.407] [cout] [info]         control: /forceset/shoulder_flexion_l_torque, weight: 1.0
[2025-05-30 12:33:02.407] [cout] [info]         control: /forceset/elbow_flexion_l_torque, weight: 1.0
[2025-05-30 12:33:02.407] [cout] [info]   contact. MocoContactTrackingGoal, enabled: true, mode: cost, weight: 0.5
[2025-05-30 12:33:02.407] [cout] [info]         projection type: plane
[2025-05-30 12:33:02.407] [cout] [info]         projection vector: ~[0,0,1]
[2025-05-30 12:33:02.407] [cout] [info]         group 0: ExternalForce: grf1
[2025-05-30 12:33:02.407] [cout] [info]             forces:
[2025-05-30 12:33:02.407] [cout] [info]                 /forceset/Contact_Foot_Ground_L1
[2025-05-30 12:33:02.407] [cout] [info]                 /forceset/Contact_Foot_Ground_L2
[2025-05-30 12:33:02.407] [cout] [info]                 /forceset/Contact_Foot_Ground_L3
[2025-05-30 12:33:02.407] [cout] [info]                 /forceset/Contact_Foot_Ground_L4
[2025-05-30 12:33:02.407] [cout] [info]                 /forceset/Contact_Foot_Ground_L5
[2025-05-30 12:33:02.407] [cout] [info]                 /forceset/Contact_Foot_Ground_L6
[2025-05-30 12:33:02.407] [cout] [info]                 /forceset/Contact_Foot_Ground_L7
[2025-05-30 12:33:02.407] [cout] [info]                 /forceset/Contact_Foot_Ground_L8
[2025-05-30 12:33:02.407] [cout] [info]         group 1: ExternalForce: grf2
[2025-05-30 12:33:02.407] [cout] [info]             forces:
[2025-05-30 12:33:02.407] [cout] [info]                 /forceset/Contact_Foot_Ground_R1
[2025-05-30 12:33:02.407] [cout] [info]                 /forceset/Contact_Foot_Ground_R2
[2025-05-30 12:33:02.407] [cout] [info]                 /forceset/Contact_Foot_Ground_R3
[2025-05-30 12:33:02.407] [cout] [info]                 /forceset/Contact_Foot_Ground_R4
[2025-05-30 12:33:02.407] [cout] [info]                 /forceset/Contact_Foot_Ground_R5
[2025-05-30 12:33:02.407] [cout] [info]                 /forceset/Contact_Foot_Ground_R6
[2025-05-30 12:33:02.407] [cout] [info]                 /forceset/Contact_Foot_Ground_R7
[2025-05-30 12:33:02.407] [cout] [info]                 /forceset/Contact_Foot_Ground_R8
[2025-05-30 12:33:02.407] [cout] [info] Endpoint constraints: (total: 1)
[2025-05-30 12:33:02.407] [cout] [info]   speed. MocoAverageSpeedGoal, enabled: true, mode: endpoint_constraint
[2025-05-30 12:33:02.407] [cout] [info] Kinematic constraints: none
[2025-05-30 12:33:02.407] [cout] [info] Path constraints: none
[2025-05-30 12:33:02.407] [cout] [info] States: (total: 50)
[2025-05-30 12:33:02.407] [cout] [info]   /forceset/hamstrings_r/activation. bounds: [0.01, 2]
[2025-05-30 12:33:02.407] [cout] [info]   /jointset/knee_l/knee_angle_l/value. bounds: [-1.5708, 0] initial: [-0.179552, 0]
[2025-05-30 12:33:02.407] [cout] [info]   /forceset/bifemsh_r/activation. bounds: [0.01, 2]
[2025-05-30 12:33:02.407] [cout] [info]   /forceset/glut_max_r/activation. bounds: [0.01, 2]
[2025-05-30 12:33:02.407] [cout] [info]   /forceset/iliopsoas_r/activation. bounds: [0.01, 2]
[2025-05-30 12:33:02.407] [cout] [info]   /forceset/rect_fem_r/activation. bounds: [0.01, 2]
[2025-05-30 12:33:02.407] [cout] [info]   /forceset/gastroc_r/activation. bounds: [0.01, 2]
[2025-05-30 12:33:02.407] [cout] [info]   /forceset/vasti_r/activation. bounds: [0.01, 2]
[2025-05-30 12:33:02.407] [cout] [info]   /forceset/soleus_r/activation. bounds: [0.01, 2]
[2025-05-30 12:33:02.407] [cout] [info]   /jointset/mtp_r/mtp_angle_r/speed. bounds: [-50, 50]
[2025-05-30 12:33:02.407] [cout] [info]   /jointset/ground_pelvis/pelvis_tilt/speed. bounds: [-50, 50]
[2025-05-30 12:33:02.407] [cout] [info]   /forceset/dorsiflexors_r/activation. bounds: [0.01, 2]
[2025-05-30 12:33:02.407] [cout] [info]   /jointset/mtp_r/mtp_angle_r/value. bounds: [-0.436332, 1.309]
[2025-05-30 12:33:02.407] [cout] [info]   /jointset/ground_pelvis/pelvis_tilt/value. bounds: [-0.436332, 0.436332] initial: [0.208948, 0.241825]
[2025-05-30 12:33:02.407] [cout] [info]   /forceset/hamstrings_l/activation. bounds: [0.01, 2]
[2025-05-30 12:33:02.407] [cout] [info]   /forceset/bifemsh_l/activation. bounds: [0.01, 2]
[2025-05-30 12:33:02.407] [cout] [info]   /jointset/ground_pelvis/pelvis_tx/speed. bounds: [-50, 50]
[2025-05-30 12:33:02.407] [cout] [info]   /forceset/glut_max_l/activation. bounds: [0.01, 2]
[2025-05-30 12:33:02.407] [cout] [info]   /forceset/iliopsoas_l/activation. bounds: [0.01, 2]
[2025-05-30 12:33:02.407] [cout] [info]   /forceset/rect_fem_l/activation. bounds: [0.01, 2]
[2025-05-30 12:33:02.407] [cout] [info]   /forceset/gastroc_l/activation. bounds: [0.01, 2]
[2025-05-30 12:33:02.407] [cout] [info]   /forceset/vasti_l/activation. bounds: [0.01, 2]
[2025-05-30 12:33:02.407] [cout] [info]   /forceset/soleus_l/activation. bounds: [0.01, 2]
[2025-05-30 12:33:02.407] [cout] [info]   /jointset/back/lumbar_ext/value. bounds: [-0.698132, 0.0872665] initial: [-0.380067, -0.366463]
[2025-05-30 12:33:02.407] [cout] [info]   /jointset/mtp_l/mtp_angle_l/value. bounds: [-0.436332, 1.309]
[2025-05-30 12:33:02.407] [cout] [info]   /forceset/dorsiflexors_l/activation. bounds: [0.01, 2]
[2025-05-30 12:33:02.407] [cout] [info]   /jointset/ground_pelvis/pelvis_tx/value. bounds: [-5, 5] initial: 0.175488
[2025-05-30 12:33:02.407] [cout] [info]   /jointset/knee_r/knee_angle_r/speed. bounds: [-50, 50]
[2025-05-30 12:33:02.407] [cout] [info]   /jointset/elbow_l/elbow_flexion_l/value. bounds: [0, 1.5708] initial: [0.272883, 0.43051]
[2025-05-30 12:33:02.407] [cout] [info]   /jointset/ankle_l/ankle_angle_l/value. bounds: [-0.610865, 0.349066] initial: [-0.101604, -0.0127849]
[2025-05-30 12:33:02.407] [cout] [info]   /jointset/ground_pelvis/pelvis_ty/value. bounds: [1.01463, 1.12015] initial: [1.0265, 1.12015]
[2025-05-30 12:33:02.407] [cout] [info]   /jointset/ankle_r/ankle_angle_r/value. bounds: [-0.610865, 0.349066] initial: [-0.226351, -0.16268]
[2025-05-30 12:33:02.407] [cout] [info]   /jointset/hip_r/hip_flexion_r/value. bounds: [-0.349066, 1.0472] initial: [-0.279284, -0.134139]
[2025-05-30 12:33:02.407] [cout] [info]   /jointset/back/lumbar_ext/speed. bounds: [-50, 50]
[2025-05-30 12:33:02.407] [cout] [info]   /jointset/mtp_l/mtp_angle_l/speed. bounds: [-50, 50]
[2025-05-30 12:33:02.407] [cout] [info]   /jointset/knee_r/knee_angle_r/value. bounds: [-1.5708, 0] initial: [-1.1847, -0.752503]
[2025-05-30 12:33:02.407] [cout] [info]   /jointset/knee_l/knee_angle_l/speed. bounds: [-50, 50]
[2025-05-30 12:33:02.407] [cout] [info]   /jointset/hip_l/hip_flexion_l/value. bounds: [-0.349066, 1.0472] initial: [-0.167733, 0.00315562]
[2025-05-30 12:33:02.407] [cout] [info]   /jointset/acromial_r/shoulder_flexion_r/value. bounds: [-0.523599, 0.523599] initial: [0.0744976, 0.139325]
[2025-05-30 12:33:02.407] [cout] [info]   /jointset/elbow_r/elbow_flexion_r/value. bounds: [0, 1.5708] initial: [0.375454, 0.427738]
[2025-05-30 12:33:02.407] [cout] [info]   /jointset/acromial_l/shoulder_flexion_l/value. bounds: [-0.523599, 0.523599] initial: [-0.141572, -0.0248661]
[2025-05-30 12:33:02.407] [cout] [info]   /jointset/elbow_l/elbow_flexion_l/speed. bounds: [-50, 50]
[2025-05-30 12:33:02.407] [cout] [info]   /jointset/ankle_l/ankle_angle_l/speed. bounds: [-50, 50]
[2025-05-30 12:33:02.407] [cout] [info]   /jointset/ground_pelvis/pelvis_ty/speed. bounds: [-50, 50]
[2025-05-30 12:33:02.407] [cout] [info]   /jointset/ankle_r/ankle_angle_r/speed. bounds: [-50, 50]
[2025-05-30 12:33:02.407] [cout] [info]   /jointset/hip_r/hip_flexion_r/speed. bounds: [-50, 50]
[2025-05-30 12:33:02.407] [cout] [info]   /jointset/hip_l/hip_flexion_l/speed. bounds: [-50, 50]
[2025-05-30 12:33:02.407] [cout] [info]   /jointset/acromial_r/shoulder_flexion_r/speed. bounds: [-50, 50]
[2025-05-30 12:33:02.407] [cout] [info]   /jointset/elbow_r/elbow_flexion_r/speed. bounds: [-50, 50]
[2025-05-30 12:33:02.407] [cout] [info]   /jointset/acromial_l/shoulder_flexion_l/speed. bounds: [-50, 50]
[2025-05-30 12:33:02.407] [cout] [info] Controls: (total: 23)
[2025-05-30 12:33:02.407] [cout] [info]   /forceset/hamstrings_r. bounds: [0.01, 1]
[2025-05-30 12:33:02.407] [cout] [info]   /forceset/bifemsh_r. bounds: [0.01, 1]
[2025-05-30 12:33:02.407] [cout] [info]   /forceset/glut_max_r. bounds: [0.01, 1]
[2025-05-30 12:33:02.408] [cout] [info]   /forceset/iliopsoas_r. bounds: [0.01, 1]
[2025-05-30 12:33:02.408] [cout] [info]   /forceset/rect_fem_r. bounds: [0.01, 1]
[2025-05-30 12:33:02.408] [cout] [info]   /forceset/gastroc_r. bounds: [0.01, 1]
[2025-05-30 12:33:02.408] [cout] [info]   /forceset/vasti_r. bounds: [0.01, 1]
[2025-05-30 12:33:02.408] [cout] [info]   /forceset/soleus_r. bounds: [0.01, 1]
[2025-05-30 12:33:02.408] [cout] [info]   /forceset/dorsiflexors_r. bounds: [0.01, 1]
[2025-05-30 12:33:02.408] [cout] [info]   /forceset/hamstrings_l. bounds: [0.01, 1]
[2025-05-30 12:33:02.408] [cout] [info]   /forceset/elbow_flexion_l_torque. bounds: [-inf, inf]
[2025-05-30 12:33:02.408] [cout] [info]   /forceset/bifemsh_l. bounds: [0.01, 1]
[2025-05-30 12:33:02.408] [cout] [info]   /forceset/glut_max_l. bounds: [0.01, 1]
[2025-05-30 12:33:02.408] [cout] [info]   /forceset/lumbar_ext_torque. bounds: [-inf, inf]
[2025-05-30 12:33:02.408] [cout] [info]   /forceset/iliopsoas_l. bounds: [0.01, 1]
[2025-05-30 12:33:02.408] [cout] [info]   /forceset/rect_fem_l. bounds: [0.01, 1]
[2025-05-30 12:33:02.408] [cout] [info]   /forceset/gastroc_l. bounds: [0.01, 1]
[2025-05-30 12:33:02.408] [cout] [info]   /forceset/vasti_l. bounds: [0.01, 1]
[2025-05-30 12:33:02.408] [cout] [info]   /forceset/soleus_l. bounds: [0.01, 1]
[2025-05-30 12:33:02.408] [cout] [info]   /forceset/dorsiflexors_l. bounds: [0.01, 1]
[2025-05-30 12:33:02.408] [cout] [info]   /forceset/shoulder_flexion_r_torque. bounds: [-inf, inf]
[2025-05-30 12:33:02.408] [cout] [info]   /forceset/elbow_flexion_r_torque. bounds: [-inf, inf]
[2025-05-30 12:33:02.408] [cout] [info]   /forceset/shoulder_flexion_l_torque. bounds: [-inf, inf]
[2025-05-30 12:33:02.408] [cout] [info] Parameters: none
[2025-05-30 12:33:03.206] [info] Number of threads: 8
[2025-05-30 12:34:22.214] [info] Set log level to Info.
[2025-05-30 12:34:22.214] [info] ------------------------------------------------------------------------
[2025-05-30 12:34:22.214] [info] Elapsed real time: 80 second(s) (1 minute(s), 20 second(s)).
[2025-05-30 12:34:22.214] [info] Fri May 30 12:34:22 2025
[2025-05-30 12:34:22.214] [info] MocoCasADiSolver succeeded!
[2025-05-30 12:34:22.214] [info] ========================================================================
[2025-05-30 12:35:18.109] [cout] [info] Exiting visualization.
[2025-05-30 12:35:31.860] [info] Loaded model 2014014_2d from file 2014014_C4_04_initial-model_2d.osim
[2025-05-30 12:36:29.062] [info] ========================================================================
[2025-05-30 12:36:29.062] [info] MocoCasADiSolver starting.
[2025-05-30 12:36:29.062] [info] Fri May 30 12:36:29 2025
[2025-05-30 12:36:29.062] [info] ------------------------------------------------------------------------
[2025-05-30 12:36:29.063] [cout] [info] Costs: (total: 3)
[2025-05-30 12:36:29.063] [cout] [info]   state_tracking. MocoStateTrackingGoal, enabled: true, mode: cost, weight: 1.0
[2025-05-30 12:36:29.063] [cout] [info]         state: /jointset/ground_pelvis/pelvis_tilt/value, weight: 12.1664
[2025-05-30 12:36:29.063] [cout] [info]         state: /jointset/ground_pelvis/pelvis_tx/value, weight: 0.0
[2025-05-30 12:36:29.063] [cout] [info]         state: /jointset/ground_pelvis/pelvis_ty/value, weight: 36.2107
[2025-05-30 12:36:29.063] [cout] [info]         state: /jointset/hip_r/hip_flexion_r/value, weight: 2.75586
[2025-05-30 12:36:29.063] [cout] [info]         state: /jointset/hip_l/hip_flexion_l/value, weight: 2.34071
[2025-05-30 12:36:29.063] [cout] [info]         state: /jointset/back/lumbar_ext/value, weight: 29.4037
[2025-05-30 12:36:29.063] [cout] [info]         state: /jointset/knee_r/knee_angle_r/value, weight: 0.925501
[2025-05-30 12:36:29.063] [cout] [info]         state: /jointset/knee_l/knee_angle_l/value, weight: 1.61229
[2025-05-30 12:36:29.063] [cout] [info]         state: /jointset/acromial_r/shoulder_flexion_r/value, weight: 6.17021
[2025-05-30 12:36:29.063] [cout] [info]         state: /jointset/acromial_l/shoulder_flexion_l/value, weight: 3.42741
[2025-05-30 12:36:29.063] [cout] [info]         state: /jointset/ankle_r/ankle_angle_r/value, weight: 6.2823
[2025-05-30 12:36:29.063] [cout] [info]         state: /jointset/ankle_l/ankle_angle_l/value, weight: 4.50354
[2025-05-30 12:36:29.063] [cout] [info]         state: /jointset/elbow_r/elbow_flexion_r/value, weight: 7.65053
[2025-05-30 12:36:29.063] [cout] [info]         state: /jointset/elbow_l/elbow_flexion_l/value, weight: 2.53764
[2025-05-30 12:36:29.063] [cout] [info]         state: /jointset/ground_pelvis/pelvis_tilt/speed, weight: 0.930004
[2025-05-30 12:36:29.063] [cout] [info]         state: /jointset/ground_pelvis/pelvis_tx/speed, weight: 0.0
[2025-05-30 12:36:29.063] [cout] [info]         state: /jointset/ground_pelvis/pelvis_ty/speed, weight: 2.72873
[2025-05-30 12:36:29.063] [cout] [info]         state: /jointset/hip_r/hip_flexion_r/speed, weight: 0.25556
[2025-05-30 12:36:29.063] [cout] [info]         state: /jointset/hip_l/hip_flexion_l/speed, weight: 0.339587
[2025-05-30 12:36:29.063] [cout] [info]         state: /jointset/back/lumbar_ext/speed, weight: 1.50353
[2025-05-30 12:36:29.063] [cout] [info]         state: /jointset/knee_r/knee_angle_r/speed, weight: 0.122041
[2025-05-30 12:36:29.063] [cout] [info]         state: /jointset/knee_l/knee_angle_l/speed, weight: 0.221248
[2025-05-30 12:36:29.063] [cout] [info]         state: /jointset/acromial_r/shoulder_flexion_r/speed, weight: 0.771884
[2025-05-30 12:36:29.063] [cout] [info]         state: /jointset/acromial_l/shoulder_flexion_l/speed, weight: 0.32994
[2025-05-30 12:36:29.063] [cout] [info]         state: /jointset/ankle_r/ankle_angle_r/speed, weight: 0.619564
[2025-05-30 12:36:29.063] [cout] [info]         state: /jointset/ankle_l/ankle_angle_l/speed, weight: 0.480794
[2025-05-30 12:36:29.063] [cout] [info]         state: /jointset/elbow_r/elbow_flexion_r/speed, weight: 1.70026
[2025-05-30 12:36:29.063] [cout] [info]         state: /jointset/elbow_l/elbow_flexion_l/speed, weight: 0.474488
[2025-05-30 12:36:29.063] [cout] [info]         state: /jointset/mtp_r/mtp_angle_r/value, weight: 0.0
[2025-05-30 12:36:29.063] [cout] [info]         state: /jointset/mtp_r/mtp_angle_r/speed, weight: 0.0
[2025-05-30 12:36:29.063] [cout] [info]         state: /jointset/mtp_l/mtp_angle_l/value, weight: 0.0
[2025-05-30 12:36:29.063] [cout] [info]         state: /jointset/mtp_l/mtp_angle_l/speed, weight: 0.0
[2025-05-30 12:36:29.063] [cout] [info]   control_effort. MocoControlGoal, enabled: true, mode: cost, weight: 10.0
[2025-05-30 12:36:29.063] [cout] [info]         control: /forceset/hamstrings_r, weight: 1.0
[2025-05-30 12:36:29.063] [cout] [info]         control: /forceset/bifemsh_r, weight: 1.0
[2025-05-30 12:36:29.063] [cout] [info]         control: /forceset/glut_max_r, weight: 1.0
[2025-05-30 12:36:29.063] [cout] [info]         control: /forceset/iliopsoas_r, weight: 1.0
[2025-05-30 12:36:29.063] [cout] [info]         control: /forceset/rect_fem_r, weight: 1.0
[2025-05-30 12:36:29.063] [cout] [info]         control: /forceset/vasti_r, weight: 1.0
[2025-05-30 12:36:29.063] [cout] [info]         control: /forceset/gastroc_r, weight: 1.0
[2025-05-30 12:36:29.063] [cout] [info]         control: /forceset/soleus_r, weight: 1.0
[2025-05-30 12:36:29.063] [cout] [info]         control: /forceset/dorsiflexors_r, weight: 1.0
[2025-05-30 12:36:29.063] [cout] [info]         control: /forceset/hamstrings_l, weight: 1.0
[2025-05-30 12:36:29.063] [cout] [info]         control: /forceset/bifemsh_l, weight: 1.0
[2025-05-30 12:36:29.063] [cout] [info]         control: /forceset/glut_max_l, weight: 1.0
[2025-05-30 12:36:29.063] [cout] [info]         control: /forceset/iliopsoas_l, weight: 1.0
[2025-05-30 12:36:29.063] [cout] [info]         control: /forceset/rect_fem_l, weight: 1.0
[2025-05-30 12:36:29.063] [cout] [info]         control: /forceset/vasti_l, weight: 1.0
[2025-05-30 12:36:29.063] [cout] [info]         control: /forceset/gastroc_l, weight: 1.0
[2025-05-30 12:36:29.063] [cout] [info]         control: /forceset/soleus_l, weight: 1.0
[2025-05-30 12:36:29.063] [cout] [info]         control: /forceset/dorsiflexors_l, weight: 1.0
[2025-05-30 12:36:29.063] [cout] [info]         control: /forceset/lumbar_ext_torque, weight: 1.0
[2025-05-30 12:36:29.063] [cout] [info]         control: /forceset/shoulder_flexion_r_torque, weight: 1.0
[2025-05-30 12:36:29.063] [cout] [info]         control: /forceset/elbow_flexion_r_torque, weight: 1.0
[2025-05-30 12:36:29.063] [cout] [info]         control: /forceset/shoulder_flexion_l_torque, weight: 1.0
[2025-05-30 12:36:29.063] [cout] [info]         control: /forceset/elbow_flexion_l_torque, weight: 1.0
[2025-05-30 12:36:29.063] [cout] [info]   contact. MocoContactTrackingGoal, enabled: true, mode: cost, weight: 0.5
[2025-05-30 12:36:29.063] [cout] [info]         projection type: plane
[2025-05-30 12:36:29.063] [cout] [info]         projection vector: ~[0,0,1]
[2025-05-30 12:36:29.063] [cout] [info]         group 0: ExternalForce: grf1
[2025-05-30 12:36:29.063] [cout] [info]             forces:
[2025-05-30 12:36:29.063] [cout] [info]                 /forceset/Contact_Foot_Ground_L1
[2025-05-30 12:36:29.063] [cout] [info]                 /forceset/Contact_Foot_Ground_L2
[2025-05-30 12:36:29.063] [cout] [info]                 /forceset/Contact_Foot_Ground_L3
[2025-05-30 12:36:29.063] [cout] [info]                 /forceset/Contact_Foot_Ground_L4
[2025-05-30 12:36:29.063] [cout] [info]                 /forceset/Contact_Foot_Ground_L5
[2025-05-30 12:36:29.063] [cout] [info]                 /forceset/Contact_Foot_Ground_L6
[2025-05-30 12:36:29.063] [cout] [info]                 /forceset/Contact_Foot_Ground_L7
[2025-05-30 12:36:29.063] [cout] [info]                 /forceset/Contact_Foot_Ground_L8
[2025-05-30 12:36:29.063] [cout] [info]         group 1: ExternalForce: grf2
[2025-05-30 12:36:29.063] [cout] [info]             forces:
[2025-05-30 12:36:29.063] [cout] [info]                 /forceset/Contact_Foot_Ground_R1
[2025-05-30 12:36:29.063] [cout] [info]                 /forceset/Contact_Foot_Ground_R2
[2025-05-30 12:36:29.063] [cout] [info]                 /forceset/Contact_Foot_Ground_R3
[2025-05-30 12:36:29.063] [cout] [info]                 /forceset/Contact_Foot_Ground_R4
[2025-05-30 12:36:29.063] [cout] [info]                 /forceset/Contact_Foot_Ground_R5
[2025-05-30 12:36:29.063] [cout] [info]                 /forceset/Contact_Foot_Ground_R6
[2025-05-30 12:36:29.063] [cout] [info]                 /forceset/Contact_Foot_Ground_R7
[2025-05-30 12:36:29.063] [cout] [info]                 /forceset/Contact_Foot_Ground_R8
[2025-05-30 12:36:29.063] [cout] [info] Endpoint constraints: (total: 3)
[2025-05-30 12:36:29.063] [cout] [info]   speed. MocoAverageSpeedGoal, enabled: true, mode: endpoint_constraint
[2025-05-30 12:36:29.063] [cout] [info]   initial_activation. MocoInitialActivationGoal, enabled: true, mode: endpoint_constraint
[2025-05-30 12:36:29.064] [cout] [info]   symmetry. MocoPeriodicityGoal, enabled: true, mode: endpoint_constraint
[2025-05-30 12:36:29.064] [cout] [info]         state periodicity pairs:
[2025-05-30 12:36:29.064] [cout] [info]                 initial: /jointset/knee_r/knee_angle_r/value, final: /jointset/knee_l/knee_angle_l/value
[2025-05-30 12:36:29.064] [cout] [info]                 initial: /jointset/ground_pelvis/pelvis_tx/speed, final: /jointset/ground_pelvis/pelvis_tx/speed
[2025-05-30 12:36:29.064] [cout] [info]         control periodicity pairs:
[2025-05-30 12:36:29.064] [cout] [info] Kinematic constraints: none
[2025-05-30 12:36:29.064] [cout] [info] Path constraints: none
[2025-05-30 12:36:29.064] [cout] [info] States: (total: 50)
[2025-05-30 12:36:29.064] [cout] [info]   /forceset/hamstrings_r/activation. bounds: [0.01, 2]
[2025-05-30 12:36:29.064] [cout] [info]   /jointset/knee_l/knee_angle_l/value. bounds: [-1.5708, 0] initial: [-0.179552, 0]
[2025-05-30 12:36:29.064] [cout] [info]   /forceset/bifemsh_r/activation. bounds: [0.01, 2]
[2025-05-30 12:36:29.064] [cout] [info]   /forceset/glut_max_r/activation. bounds: [0.01, 2]
[2025-05-30 12:36:29.064] [cout] [info]   /forceset/iliopsoas_r/activation. bounds: [0.01, 2]
[2025-05-30 12:36:29.064] [cout] [info]   /forceset/rect_fem_r/activation. bounds: [0.01, 2]
[2025-05-30 12:36:29.064] [cout] [info]   /forceset/gastroc_r/activation. bounds: [0.01, 2]
[2025-05-30 12:36:29.064] [cout] [info]   /forceset/vasti_r/activation. bounds: [0.01, 2]
[2025-05-30 12:36:29.064] [cout] [info]   /forceset/soleus_r/activation. bounds: [0.01, 2]
[2025-05-30 12:36:29.064] [cout] [info]   /jointset/mtp_r/mtp_angle_r/speed. bounds: [-50, 50]
[2025-05-30 12:36:29.064] [cout] [info]   /jointset/ground_pelvis/pelvis_tilt/speed. bounds: [-50, 50]
[2025-05-30 12:36:29.064] [cout] [info]   /forceset/dorsiflexors_r/activation. bounds: [0.01, 2]
[2025-05-30 12:36:29.064] [cout] [info]   /jointset/mtp_r/mtp_angle_r/value. bounds: [-0.436332, 1.309]
[2025-05-30 12:36:29.064] [cout] [info]   /jointset/ground_pelvis/pelvis_tilt/value. bounds: [-0.436332, 0.436332] initial: [0.208948, 0.241825]
[2025-05-30 12:36:29.064] [cout] [info]   /forceset/hamstrings_l/activation. bounds: [0.01, 2]
[2025-05-30 12:36:29.064] [cout] [info]   /forceset/bifemsh_l/activation. bounds: [0.01, 2]
[2025-05-30 12:36:29.064] [cout] [info]   /jointset/ground_pelvis/pelvis_tx/speed. bounds: [-50, 50]
[2025-05-30 12:36:29.064] [cout] [info]   /forceset/glut_max_l/activation. bounds: [0.01, 2]
[2025-05-30 12:36:29.064] [cout] [info]   /forceset/iliopsoas_l/activation. bounds: [0.01, 2]
[2025-05-30 12:36:29.064] [cout] [info]   /forceset/rect_fem_l/activation. bounds: [0.01, 2]
[2025-05-30 12:36:29.064] [cout] [info]   /forceset/gastroc_l/activation. bounds: [0.01, 2]
[2025-05-30 12:36:29.064] [cout] [info]   /forceset/vasti_l/activation. bounds: [0.01, 2]
[2025-05-30 12:36:29.064] [cout] [info]   /forceset/soleus_l/activation. bounds: [0.01, 2]
[2025-05-30 12:36:29.064] [cout] [info]   /jointset/back/lumbar_ext/value. bounds: [-0.698132, 0.0872665] initial: [-0.380067, -0.366463]
[2025-05-30 12:36:29.064] [cout] [info]   /jointset/mtp_l/mtp_angle_l/value. bounds: [-0.436332, 1.309]
[2025-05-30 12:36:29.064] [cout] [info]   /forceset/dorsiflexors_l/activation. bounds: [0.01, 2]
[2025-05-30 12:36:29.064] [cout] [info]   /jointset/ground_pelvis/pelvis_tx/value. bounds: [-5, 5] initial: 0.175488
[2025-05-30 12:36:29.064] [cout] [info]   /jointset/knee_r/knee_angle_r/speed. bounds: [-50, 50]
[2025-05-30 12:36:29.065] [cout] [info]   /jointset/elbow_l/elbow_flexion_l/value. bounds: [0, 1.5708] initial: [0.272883, 0.43051]
[2025-05-30 12:36:29.065] [cout] [info]   /jointset/ankle_l/ankle_angle_l/value. bounds: [-0.610865, 0.349066] initial: [-0.101604, -0.0127849]
[2025-05-30 12:36:29.065] [cout] [info]   /jointset/ground_pelvis/pelvis_ty/value. bounds: [1.01463, 1.12015] initial: [1.0265, 1.12015]
[2025-05-30 12:36:29.065] [cout] [info]   /jointset/ankle_r/ankle_angle_r/value. bounds: [-0.610865, 0.349066] initial: [-0.226351, -0.16268]
[2025-05-30 12:36:29.065] [cout] [info]   /jointset/hip_r/hip_flexion_r/value. bounds: [-0.349066, 1.0472] initial: [-0.279284, -0.134139]
[2025-05-30 12:36:29.065] [cout] [info]   /jointset/back/lumbar_ext/speed. bounds: [-50, 50]
[2025-05-30 12:36:29.065] [cout] [info]   /jointset/mtp_l/mtp_angle_l/speed. bounds: [-50, 50]
[2025-05-30 12:36:29.065] [cout] [info]   /jointset/knee_r/knee_angle_r/value. bounds: [-1.5708, 0] initial: [-1.1847, -0.752503]
[2025-05-30 12:36:29.065] [cout] [info]   /jointset/knee_l/knee_angle_l/speed. bounds: [-50, 50]
[2025-05-30 12:36:29.065] [cout] [info]   /jointset/hip_l/hip_flexion_l/value. bounds: [-0.349066, 1.0472] initial: [-0.167733, 0.00315562]
[2025-05-30 12:36:29.065] [cout] [info]   /jointset/acromial_r/shoulder_flexion_r/value. bounds: [-0.523599, 0.523599] initial: [0.0744976, 0.139325]
[2025-05-30 12:36:29.065] [cout] [info]   /jointset/elbow_r/elbow_flexion_r/value. bounds: [0, 1.5708] initial: [0.375454, 0.427738]
[2025-05-30 12:36:29.065] [cout] [info]   /jointset/acromial_l/shoulder_flexion_l/value. bounds: [-0.523599, 0.523599] initial: [-0.141572, -0.0248661]
[2025-05-30 12:36:29.065] [cout] [info]   /jointset/elbow_l/elbow_flexion_l/speed. bounds: [-50, 50]
[2025-05-30 12:36:29.065] [cout] [info]   /jointset/ankle_l/ankle_angle_l/speed. bounds: [-50, 50]
[2025-05-30 12:36:29.065] [cout] [info]   /jointset/ground_pelvis/pelvis_ty/speed. bounds: [-50, 50]
[2025-05-30 12:36:29.065] [cout] [info]   /jointset/ankle_r/ankle_angle_r/speed. bounds: [-50, 50]
[2025-05-30 12:36:29.065] [cout] [info]   /jointset/hip_r/hip_flexion_r/speed. bounds: [-50, 50]
[2025-05-30 12:36:29.065] [cout] [info]   /jointset/hip_l/hip_flexion_l/speed. bounds: [-50, 50]
[2025-05-30 12:36:29.065] [cout] [info]   /jointset/acromial_r/shoulder_flexion_r/speed. bounds: [-50, 50]
[2025-05-30 12:36:29.065] [cout] [info]   /jointset/elbow_r/elbow_flexion_r/speed. bounds: [-50, 50]
[2025-05-30 12:36:29.065] [cout] [info]   /jointset/acromial_l/shoulder_flexion_l/speed. bounds: [-50, 50]
[2025-05-30 12:36:29.065] [cout] [info] Controls: (total: 23)
[2025-05-30 12:36:29.065] [cout] [info]   /forceset/hamstrings_r. bounds: [0.01, 1]
[2025-05-30 12:36:29.065] [cout] [info]   /forceset/bifemsh_r. bounds: [0.01, 1]
[2025-05-30 12:36:29.065] [cout] [info]   /forceset/glut_max_r. bounds: [0.01, 1]
[2025-05-30 12:36:29.065] [cout] [info]   /forceset/iliopsoas_r. bounds: [0.01, 1]
[2025-05-30 12:36:29.065] [cout] [info]   /forceset/rect_fem_r. bounds: [0.01, 1]
[2025-05-30 12:36:29.065] [cout] [info]   /forceset/gastroc_r. bounds: [0.01, 1]
[2025-05-30 12:36:29.065] [cout] [info]   /forceset/vasti_r. bounds: [0.01, 1]
[2025-05-30 12:36:29.065] [cout] [info]   /forceset/soleus_r. bounds: [0.01, 1]
[2025-05-30 12:36:29.065] [cout] [info]   /forceset/dorsiflexors_r. bounds: [0.01, 1]
[2025-05-30 12:36:29.065] [cout] [info]   /forceset/hamstrings_l. bounds: [0.01, 1]
[2025-05-30 12:36:29.065] [cout] [info]   /forceset/elbow_flexion_l_torque. bounds: [-inf, inf]
[2025-05-30 12:36:29.065] [cout] [info]   /forceset/bifemsh_l. bounds: [0.01, 1]
[2025-05-30 12:36:29.065] [cout] [info]   /forceset/glut_max_l. bounds: [0.01, 1]
[2025-05-30 12:36:29.065] [cout] [info]   /forceset/lumbar_ext_torque. bounds: [-inf, inf]
[2025-05-30 12:36:29.065] [cout] [info]   /forceset/iliopsoas_l. bounds: [0.01, 1]
[2025-05-30 12:36:29.065] [cout] [info]   /forceset/rect_fem_l. bounds: [0.01, 1]
[2025-05-30 12:36:29.065] [cout] [info]   /forceset/gastroc_l. bounds: [0.01, 1]
[2025-05-30 12:36:29.065] [cout] [info]   /forceset/vasti_l. bounds: [0.01, 1]
[2025-05-30 12:36:29.065] [cout] [info]   /forceset/soleus_l. bounds: [0.01, 1]
[2025-05-30 12:36:29.065] [cout] [info]   /forceset/dorsiflexors_l. bounds: [0.01, 1]
[2025-05-30 12:36:29.065] [cout] [info]   /forceset/shoulder_flexion_r_torque. bounds: [-inf, inf]
[2025-05-30 12:36:29.065] [cout] [info]   /forceset/elbow_flexion_r_torque. bounds: [-inf, inf]
[2025-05-30 12:36:29.065] [cout] [info]   /forceset/shoulder_flexion_l_torque. bounds: [-inf, inf]
[2025-05-30 12:36:29.065] [cout] [info] Parameters: none
[2025-05-30 12:36:29.913] [info] Number of threads: 8
[2025-05-30 12:43:17.734] [info] Set log level to Info.
[2025-05-30 12:43:17.737] [info] ------------------------------------------------------------------------
[2025-05-30 12:43:17.737] [info] Elapsed real time: 409 second(s) (6 minute(s), 49 second(s)).
[2025-05-30 12:43:17.737] [info] Fri May 30 12:43:17 2025
[2025-05-30 12:43:17.737] [warning] MocoCasADiSolver did NOT succeed:
[2025-05-30 12:43:17.737] [warning]   User_Requested_Stop
[2025-05-30 12:43:17.737] [info] ========================================================================
[2025-05-30 12:43:36.430] [info] DeGrooteFregly2016Muscle 'iliopsoas_r' is exceeding maximum contraction velocity at time 0.22 s.
[2025-05-30 12:43:36.430] [info] DeGrooteFregly2016Muscle 'iliopsoas_l' is exceeding maximum contraction velocity at time 0.22 s.
[2025-05-30 12:43:48.656] [cout] [info] Exiting visualization.
[2025-05-30 12:44:01.707] [info] Loaded model 2014014_2d from file 2014014_C4_04_initial-model_2d.osim
[2025-05-30 12:44:31.667] [info] ========================================================================
[2025-05-30 12:44:31.667] [info] MocoCasADiSolver starting.
[2025-05-30 12:44:31.667] [info] Fri May 30 12:44:31 2025
[2025-05-30 12:44:31.667] [info] ------------------------------------------------------------------------
[2025-05-30 12:44:31.667] [cout] [info] Costs: (total: 3)
[2025-05-30 12:44:31.667] [cout] [info]   state_tracking. MocoStateTrackingGoal, enabled: true, mode: cost, weight: 1.0
[2025-05-30 12:44:31.667] [cout] [info]         state: /jointset/ground_pelvis/pelvis_tilt/value, weight: 12.1664
[2025-05-30 12:44:31.667] [cout] [info]         state: /jointset/ground_pelvis/pelvis_tx/value, weight: 0.0
[2025-05-30 12:44:31.667] [cout] [info]         state: /jointset/ground_pelvis/pelvis_ty/value, weight: 36.2107
[2025-05-30 12:44:31.667] [cout] [info]         state: /jointset/hip_r/hip_flexion_r/value, weight: 2.75586
[2025-05-30 12:44:31.667] [cout] [info]         state: /jointset/hip_l/hip_flexion_l/value, weight: 2.34071
[2025-05-30 12:44:31.667] [cout] [info]         state: /jointset/back/lumbar_ext/value, weight: 29.4037
[2025-05-30 12:44:31.667] [cout] [info]         state: /jointset/knee_r/knee_angle_r/value, weight: 0.925501
[2025-05-30 12:44:31.667] [cout] [info]         state: /jointset/knee_l/knee_angle_l/value, weight: 1.61229
[2025-05-30 12:44:31.668] [cout] [info]         state: /jointset/acromial_r/shoulder_flexion_r/value, weight: 6.17021
[2025-05-30 12:44:31.668] [cout] [info]         state: /jointset/acromial_l/shoulder_flexion_l/value, weight: 3.42741
[2025-05-30 12:44:31.668] [cout] [info]         state: /jointset/ankle_r/ankle_angle_r/value, weight: 6.2823
[2025-05-30 12:44:31.668] [cout] [info]         state: /jointset/ankle_l/ankle_angle_l/value, weight: 4.50354
[2025-05-30 12:44:31.668] [cout] [info]         state: /jointset/elbow_r/elbow_flexion_r/value, weight: 7.65053
[2025-05-30 12:44:31.668] [cout] [info]         state: /jointset/elbow_l/elbow_flexion_l/value, weight: 2.53764
[2025-05-30 12:44:31.668] [cout] [info]         state: /jointset/ground_pelvis/pelvis_tilt/speed, weight: 0.930004
[2025-05-30 12:44:31.668] [cout] [info]         state: /jointset/ground_pelvis/pelvis_tx/speed, weight: 0.0
[2025-05-30 12:44:31.668] [cout] [info]         state: /jointset/ground_pelvis/pelvis_ty/speed, weight: 2.72873
[2025-05-30 12:44:31.668] [cout] [info]         state: /jointset/hip_r/hip_flexion_r/speed, weight: 0.25556
[2025-05-30 12:44:31.668] [cout] [info]         state: /jointset/hip_l/hip_flexion_l/speed, weight: 0.339587
[2025-05-30 12:44:31.668] [cout] [info]         state: /jointset/back/lumbar_ext/speed, weight: 1.50353
[2025-05-30 12:44:31.668] [cout] [info]         state: /jointset/knee_r/knee_angle_r/speed, weight: 0.122041
[2025-05-30 12:44:31.668] [cout] [info]         state: /jointset/knee_l/knee_angle_l/speed, weight: 0.221248
[2025-05-30 12:44:31.668] [cout] [info]         state: /jointset/acromial_r/shoulder_flexion_r/speed, weight: 0.771884
[2025-05-30 12:44:31.668] [cout] [info]         state: /jointset/acromial_l/shoulder_flexion_l/speed, weight: 0.32994
[2025-05-30 12:44:31.668] [cout] [info]         state: /jointset/ankle_r/ankle_angle_r/speed, weight: 0.619564
[2025-05-30 12:44:31.668] [cout] [info]         state: /jointset/ankle_l/ankle_angle_l/speed, weight: 0.480794
[2025-05-30 12:44:31.668] [cout] [info]         state: /jointset/elbow_r/elbow_flexion_r/speed, weight: 1.70026
[2025-05-30 12:44:31.668] [cout] [info]         state: /jointset/elbow_l/elbow_flexion_l/speed, weight: 0.474488
[2025-05-30 12:44:31.668] [cout] [info]         state: /jointset/mtp_r/mtp_angle_r/value, weight: 0.0
[2025-05-30 12:44:31.668] [cout] [info]         state: /jointset/mtp_r/mtp_angle_r/speed, weight: 0.0
[2025-05-30 12:44:31.668] [cout] [info]         state: /jointset/mtp_l/mtp_angle_l/value, weight: 0.0
[2025-05-30 12:44:31.668] [cout] [info]         state: /jointset/mtp_l/mtp_angle_l/speed, weight: 0.0
[2025-05-30 12:44:31.668] [cout] [info]   control_effort. MocoControlGoal, enabled: true, mode: cost, weight: 10.0
[2025-05-30 12:44:31.668] [cout] [info]         control: /forceset/hamstrings_r, weight: 1.0
[2025-05-30 12:44:31.668] [cout] [info]         control: /forceset/bifemsh_r, weight: 1.0
[2025-05-30 12:44:31.668] [cout] [info]         control: /forceset/glut_max_r, weight: 1.0
[2025-05-30 12:44:31.668] [cout] [info]         control: /forceset/iliopsoas_r, weight: 1.0
[2025-05-30 12:44:31.668] [cout] [info]         control: /forceset/rect_fem_r, weight: 1.0
[2025-05-30 12:44:31.668] [cout] [info]         control: /forceset/vasti_r, weight: 1.0
[2025-05-30 12:44:31.668] [cout] [info]         control: /forceset/gastroc_r, weight: 1.0
[2025-05-30 12:44:31.668] [cout] [info]         control: /forceset/soleus_r, weight: 1.0
[2025-05-30 12:44:31.668] [cout] [info]         control: /forceset/dorsiflexors_r, weight: 1.0
[2025-05-30 12:44:31.668] [cout] [info]         control: /forceset/hamstrings_l, weight: 1.0
[2025-05-30 12:44:31.668] [cout] [info]         control: /forceset/bifemsh_l, weight: 1.0
[2025-05-30 12:44:31.668] [cout] [info]         control: /forceset/glut_max_l, weight: 1.0
[2025-05-30 12:44:31.668] [cout] [info]         control: /forceset/iliopsoas_l, weight: 1.0
[2025-05-30 12:44:31.668] [cout] [info]         control: /forceset/rect_fem_l, weight: 1.0
[2025-05-30 12:44:31.668] [cout] [info]         control: /forceset/vasti_l, weight: 1.0
[2025-05-30 12:44:31.668] [cout] [info]         control: /forceset/gastroc_l, weight: 1.0
[2025-05-30 12:44:31.668] [cout] [info]         control: /forceset/soleus_l, weight: 1.0
[2025-05-30 12:44:31.668] [cout] [info]         control: /forceset/dorsiflexors_l, weight: 1.0
[2025-05-30 12:44:31.668] [cout] [info]         control: /forceset/lumbar_ext_torque, weight: 1.0
[2025-05-30 12:44:31.668] [cout] [info]         control: /forceset/shoulder_flexion_r_torque, weight: 1.0
[2025-05-30 12:44:31.668] [cout] [info]         control: /forceset/elbow_flexion_r_torque, weight: 1.0
[2025-05-30 12:44:31.668] [cout] [info]         control: /forceset/shoulder_flexion_l_torque, weight: 1.0
[2025-05-30 12:44:31.668] [cout] [info]         control: /forceset/elbow_flexion_l_torque, weight: 1.0
[2025-05-30 12:44:31.668] [cout] [info]   contact. MocoContactTrackingGoal, enabled: true, mode: cost, weight: 0.5
[2025-05-30 12:44:31.668] [cout] [info]         projection type: plane
[2025-05-30 12:44:31.668] [cout] [info]         projection vector: ~[0,0,1]
[2025-05-30 12:44:31.668] [cout] [info]         group 0: ExternalForce: grf1
[2025-05-30 12:44:31.668] [cout] [info]             forces:
[2025-05-30 12:44:31.668] [cout] [info]                 /forceset/Contact_Foot_Ground_L1
[2025-05-30 12:44:31.668] [cout] [info]                 /forceset/Contact_Foot_Ground_L2
[2025-05-30 12:44:31.668] [cout] [info]                 /forceset/Contact_Foot_Ground_L3
[2025-05-30 12:44:31.668] [cout] [info]                 /forceset/Contact_Foot_Ground_L4
[2025-05-30 12:44:31.668] [cout] [info]                 /forceset/Contact_Foot_Ground_L5
[2025-05-30 12:44:31.668] [cout] [info]                 /forceset/Contact_Foot_Ground_L6
[2025-05-30 12:44:31.668] [cout] [info]                 /forceset/Contact_Foot_Ground_L7
[2025-05-30 12:44:31.668] [cout] [info]                 /forceset/Contact_Foot_Ground_L8
[2025-05-30 12:44:31.668] [cout] [info]         group 1: ExternalForce: grf2
[2025-05-30 12:44:31.668] [cout] [info]             forces:
[2025-05-30 12:44:31.668] [cout] [info]                 /forceset/Contact_Foot_Ground_R1
[2025-05-30 12:44:31.668] [cout] [info]                 /forceset/Contact_Foot_Ground_R2
[2025-05-30 12:44:31.668] [cout] [info]                 /forceset/Contact_Foot_Ground_R3
[2025-05-30 12:44:31.668] [cout] [info]                 /forceset/Contact_Foot_Ground_R4
[2025-05-30 12:44:31.668] [cout] [info]                 /forceset/Contact_Foot_Ground_R5
[2025-05-30 12:44:31.668] [cout] [info]                 /forceset/Contact_Foot_Ground_R6
[2025-05-30 12:44:31.668] [cout] [info]                 /forceset/Contact_Foot_Ground_R7
[2025-05-30 12:44:31.668] [cout] [info]                 /forceset/Contact_Foot_Ground_R8
[2025-05-30 12:44:31.668] [cout] [info] Endpoint constraints: (total: 2)
[2025-05-30 12:44:31.668] [cout] [info]   initial_activation. MocoInitialActivationGoal, enabled: true, mode: endpoint_constraint
[2025-05-30 12:44:31.668] [cout] [info]   speed. MocoAverageSpeedGoal, enabled: true, mode: endpoint_constraint
[2025-05-30 12:44:31.668] [cout] [info] Kinematic constraints: none
[2025-05-30 12:44:31.668] [cout] [info] Path constraints: none
[2025-05-30 12:44:31.668] [cout] [info] States: (total: 50)
[2025-05-30 12:44:31.668] [cout] [info]   /forceset/hamstrings_r/activation. bounds: [0.01, 2]
[2025-05-30 12:44:31.668] [cout] [info]   /jointset/knee_l/knee_angle_l/value. bounds: [-1.5708, 0] initial: [-0.179552, 0]
[2025-05-30 12:44:31.668] [cout] [info]   /forceset/bifemsh_r/activation. bounds: [0.01, 2]
[2025-05-30 12:44:31.668] [cout] [info]   /forceset/glut_max_r/activation. bounds: [0.01, 2]
[2025-05-30 12:44:31.668] [cout] [info]   /forceset/iliopsoas_r/activation. bounds: [0.01, 2]
[2025-05-30 12:44:31.668] [cout] [info]   /forceset/rect_fem_r/activation. bounds: [0.01, 2]
[2025-05-30 12:44:31.668] [cout] [info]   /forceset/gastroc_r/activation. bounds: [0.01, 2]
[2025-05-30 12:44:31.668] [cout] [info]   /forceset/vasti_r/activation. bounds: [0.01, 2]
[2025-05-30 12:44:31.668] [cout] [info]   /forceset/soleus_r/activation. bounds: [0.01, 2]
[2025-05-30 12:44:31.668] [cout] [info]   /jointset/mtp_r/mtp_angle_r/speed. bounds: [-50, 50]
[2025-05-30 12:44:31.668] [cout] [info]   /jointset/ground_pelvis/pelvis_tilt/speed. bounds: [-50, 50]
[2025-05-30 12:44:31.668] [cout] [info]   /forceset/dorsiflexors_r/activation. bounds: [0.01, 2]
[2025-05-30 12:44:31.668] [cout] [info]   /jointset/mtp_r/mtp_angle_r/value. bounds: [-0.436332, 1.309]
[2025-05-30 12:44:31.668] [cout] [info]   /jointset/ground_pelvis/pelvis_tilt/value. bounds: [-0.436332, 0.436332] initial: [0.208948, 0.241825]
[2025-05-30 12:44:31.668] [cout] [info]   /forceset/hamstrings_l/activation. bounds: [0.01, 2]
[2025-05-30 12:44:31.668] [cout] [info]   /forceset/bifemsh_l/activation. bounds: [0.01, 2]
[2025-05-30 12:44:31.668] [cout] [info]   /jointset/ground_pelvis/pelvis_tx/speed. bounds: [-50, 50]
[2025-05-30 12:44:31.668] [cout] [info]   /forceset/glut_max_l/activation. bounds: [0.01, 2]
[2025-05-30 12:44:31.668] [cout] [info]   /forceset/iliopsoas_l/activation. bounds: [0.01, 2]
[2025-05-30 12:44:31.668] [cout] [info]   /forceset/rect_fem_l/activation. bounds: [0.01, 2]
[2025-05-30 12:44:31.668] [cout] [info]   /forceset/gastroc_l/activation. bounds: [0.01, 2]
[2025-05-30 12:44:31.668] [cout] [info]   /forceset/vasti_l/activation. bounds: [0.01, 2]
[2025-05-30 12:44:31.668] [cout] [info]   /forceset/soleus_l/activation. bounds: [0.01, 2]
[2025-05-30 12:44:31.668] [cout] [info]   /jointset/back/lumbar_ext/value. bounds: [-0.698132, 0.0872665] initial: [-0.380067, -0.366463]
[2025-05-30 12:44:31.668] [cout] [info]   /jointset/mtp_l/mtp_angle_l/value. bounds: [-0.436332, 1.309]
[2025-05-30 12:44:31.668] [cout] [info]   /forceset/dorsiflexors_l/activation. bounds: [0.01, 2]
[2025-05-30 12:44:31.668] [cout] [info]   /jointset/ground_pelvis/pelvis_tx/value. bounds: [-5, 5] initial: 0.175488
[2025-05-30 12:44:31.668] [cout] [info]   /jointset/knee_r/knee_angle_r/speed. bounds: [-50, 50]
[2025-05-30 12:44:31.668] [cout] [info]   /jointset/elbow_l/elbow_flexion_l/value. bounds: [0, 1.5708] initial: [0.272883, 0.43051]
[2025-05-30 12:44:31.668] [cout] [info]   /jointset/ankle_l/ankle_angle_l/value. bounds: [-0.610865, 0.349066] initial: [-0.101604, -0.0127849]
[2025-05-30 12:44:31.668] [cout] [info]   /jointset/ground_pelvis/pelvis_ty/value. bounds: [1.01463, 1.12015] initial: [1.0265, 1.12015]
[2025-05-30 12:44:31.668] [cout] [info]   /jointset/ankle_r/ankle_angle_r/value. bounds: [-0.610865, 0.349066] initial: [-0.226351, -0.16268]
[2025-05-30 12:44:31.668] [cout] [info]   /jointset/hip_r/hip_flexion_r/value. bounds: [-0.349066, 1.0472] initial: [-0.279284, -0.134139]
[2025-05-30 12:44:31.668] [cout] [info]   /jointset/back/lumbar_ext/speed. bounds: [-50, 50]
[2025-05-30 12:44:31.668] [cout] [info]   /jointset/mtp_l/mtp_angle_l/speed. bounds: [-50, 50]
[2025-05-30 12:44:31.669] [cout] [info]   /jointset/knee_r/knee_angle_r/value. bounds: [-1.5708, 0] initial: [-1.1847, -0.752503]
[2025-05-30 12:44:31.669] [cout] [info]   /jointset/knee_l/knee_angle_l/speed. bounds: [-50, 50]
[2025-05-30 12:44:31.669] [cout] [info]   /jointset/hip_l/hip_flexion_l/value. bounds: [-0.349066, 1.0472] initial: [-0.167733, 0.00315562]
[2025-05-30 12:44:31.669] [cout] [info]   /jointset/acromial_r/shoulder_flexion_r/value. bounds: [-0.523599, 0.523599] initial: [0.0744976, 0.139325]
[2025-05-30 12:44:31.669] [cout] [info]   /jointset/elbow_r/elbow_flexion_r/value. bounds: [0, 1.5708] initial: [0.375454, 0.427738]
[2025-05-30 12:44:31.669] [cout] [info]   /jointset/acromial_l/shoulder_flexion_l/value. bounds: [-0.523599, 0.523599] initial: [-0.141572, -0.0248661]
[2025-05-30 12:44:31.669] [cout] [info]   /jointset/elbow_l/elbow_flexion_l/speed. bounds: [-50, 50]
[2025-05-30 12:44:31.669] [cout] [info]   /jointset/ankle_l/ankle_angle_l/speed. bounds: [-50, 50]
[2025-05-30 12:44:31.669] [cout] [info]   /jointset/ground_pelvis/pelvis_ty/speed. bounds: [-50, 50]
[2025-05-30 12:44:31.669] [cout] [info]   /jointset/ankle_r/ankle_angle_r/speed. bounds: [-50, 50]
[2025-05-30 12:44:31.669] [cout] [info]   /jointset/hip_r/hip_flexion_r/speed. bounds: [-50, 50]
[2025-05-30 12:44:31.669] [cout] [info]   /jointset/hip_l/hip_flexion_l/speed. bounds: [-50, 50]
[2025-05-30 12:44:31.669] [cout] [info]   /jointset/acromial_r/shoulder_flexion_r/speed. bounds: [-50, 50]
[2025-05-30 12:44:31.669] [cout] [info]   /jointset/elbow_r/elbow_flexion_r/speed. bounds: [-50, 50]
[2025-05-30 12:44:31.669] [cout] [info]   /jointset/acromial_l/shoulder_flexion_l/speed. bounds: [-50, 50]
[2025-05-30 12:44:31.669] [cout] [info] Controls: (total: 23)
[2025-05-30 12:44:31.669] [cout] [info]   /forceset/hamstrings_r. bounds: [0.01, 1]
[2025-05-30 12:44:31.669] [cout] [info]   /forceset/bifemsh_r. bounds: [0.01, 1]
[2025-05-30 12:44:31.669] [cout] [info]   /forceset/glut_max_r. bounds: [0.01, 1]
[2025-05-30 12:44:31.669] [cout] [info]   /forceset/iliopsoas_r. bounds: [0.01, 1]
[2025-05-30 12:44:31.669] [cout] [info]   /forceset/rect_fem_r. bounds: [0.01, 1]
[2025-05-30 12:44:31.669] [cout] [info]   /forceset/gastroc_r. bounds: [0.01, 1]
[2025-05-30 12:44:31.669] [cout] [info]   /forceset/vasti_r. bounds: [0.01, 1]
[2025-05-30 12:44:31.669] [cout] [info]   /forceset/soleus_r. bounds: [0.01, 1]
[2025-05-30 12:44:31.669] [cout] [info]   /forceset/dorsiflexors_r. bounds: [0.01, 1]
[2025-05-30 12:44:31.669] [cout] [info]   /forceset/hamstrings_l. bounds: [0.01, 1]
[2025-05-30 12:44:31.669] [cout] [info]   /forceset/elbow_flexion_l_torque. bounds: [-inf, inf]
[2025-05-30 12:44:31.669] [cout] [info]   /forceset/bifemsh_l. bounds: [0.01, 1]
[2025-05-30 12:44:31.669] [cout] [info]   /forceset/glut_max_l. bounds: [0.01, 1]
[2025-05-30 12:44:31.669] [cout] [info]   /forceset/lumbar_ext_torque. bounds: [-inf, inf]
[2025-05-30 12:44:31.669] [cout] [info]   /forceset/iliopsoas_l. bounds: [0.01, 1]
[2025-05-30 12:44:31.669] [cout] [info]   /forceset/rect_fem_l. bounds: [0.01, 1]
[2025-05-30 12:44:31.669] [cout] [info]   /forceset/gastroc_l. bounds: [0.01, 1]
[2025-05-30 12:44:31.669] [cout] [info]   /forceset/vasti_l. bounds: [0.01, 1]
[2025-05-30 12:44:31.669] [cout] [info]   /forceset/soleus_l. bounds: [0.01, 1]
[2025-05-30 12:44:31.669] [cout] [info]   /forceset/dorsiflexors_l. bounds: [0.01, 1]
[2025-05-30 12:44:31.669] [cout] [info]   /forceset/shoulder_flexion_r_torque. bounds: [-inf, inf]
[2025-05-30 12:44:31.669] [cout] [info]   /forceset/elbow_flexion_r_torque. bounds: [-inf, inf]
[2025-05-30 12:44:31.669] [cout] [info]   /forceset/shoulder_flexion_l_torque. bounds: [-inf, inf]
[2025-05-30 12:44:31.669] [cout] [info] Parameters: none
[2025-05-30 12:44:32.423] [info] Number of threads: 8
[2025-05-30 12:46:21.862] [info] Set log level to Info.
[2025-05-30 12:46:21.863] [info] ------------------------------------------------------------------------
[2025-05-30 12:46:21.863] [info] Elapsed real time: 110 second(s) (1 minute(s), 50 second(s)).
[2025-05-30 12:46:21.863] [info] Fri May 30 12:46:21 2025
[2025-05-30 12:46:21.863] [warning] MocoCasADiSolver did NOT succeed:
[2025-05-30 12:46:21.863] [warning]   User_Requested_Stop
[2025-05-30 12:46:21.863] [info] ========================================================================
[2025-05-30 12:46:30.581] [info] DeGrooteFregly2016Muscle 'iliopsoas_r' is exceeding maximum contraction velocity at time 0.22 s.
[2025-05-30 12:46:43.699] [cout] [info] Exiting visualization.
[2025-05-30 12:46:55.529] [info] Loaded model 2014014_2d from file 2014014_C4_04_initial-model_2d.osim
[2025-05-30 12:47:46.221] [info] ========================================================================
[2025-05-30 12:47:46.221] [info] MocoCasADiSolver starting.
[2025-05-30 12:47:46.221] [info] Fri May 30 12:47:46 2025
[2025-05-30 12:47:46.221] [info] ------------------------------------------------------------------------
[2025-05-30 12:47:46.221] [cout] [info] Costs: (total: 3)
[2025-05-30 12:47:46.221] [cout] [info]   state_tracking. MocoStateTrackingGoal, enabled: true, mode: cost, weight: 1.0
[2025-05-30 12:47:46.221] [cout] [info]         state: /jointset/ground_pelvis/pelvis_tilt/value, weight: 12.1664
[2025-05-30 12:47:46.221] [cout] [info]         state: /jointset/ground_pelvis/pelvis_tx/value, weight: 0.0
[2025-05-30 12:47:46.221] [cout] [info]         state: /jointset/ground_pelvis/pelvis_ty/value, weight: 36.2107
[2025-05-30 12:47:46.221] [cout] [info]         state: /jointset/hip_r/hip_flexion_r/value, weight: 2.75586
[2025-05-30 12:47:46.222] [cout] [info]         state: /jointset/hip_l/hip_flexion_l/value, weight: 2.34071
[2025-05-30 12:47:46.222] [cout] [info]         state: /jointset/back/lumbar_ext/value, weight: 29.4037
[2025-05-30 12:47:46.222] [cout] [info]         state: /jointset/knee_r/knee_angle_r/value, weight: 0.925501
[2025-05-30 12:47:46.222] [cout] [info]         state: /jointset/knee_l/knee_angle_l/value, weight: 1.61229
[2025-05-30 12:47:46.222] [cout] [info]         state: /jointset/acromial_r/shoulder_flexion_r/value, weight: 6.17021
[2025-05-30 12:47:46.222] [cout] [info]         state: /jointset/acromial_l/shoulder_flexion_l/value, weight: 3.42741
[2025-05-30 12:47:46.222] [cout] [info]         state: /jointset/ankle_r/ankle_angle_r/value, weight: 6.2823
[2025-05-30 12:47:46.222] [cout] [info]         state: /jointset/ankle_l/ankle_angle_l/value, weight: 4.50354
[2025-05-30 12:47:46.222] [cout] [info]         state: /jointset/elbow_r/elbow_flexion_r/value, weight: 7.65053
[2025-05-30 12:47:46.222] [cout] [info]         state: /jointset/elbow_l/elbow_flexion_l/value, weight: 2.53764
[2025-05-30 12:47:46.222] [cout] [info]         state: /jointset/ground_pelvis/pelvis_tilt/speed, weight: 0.930004
[2025-05-30 12:47:46.222] [cout] [info]         state: /jointset/ground_pelvis/pelvis_tx/speed, weight: 0.0
[2025-05-30 12:47:46.222] [cout] [info]         state: /jointset/ground_pelvis/pelvis_ty/speed, weight: 2.72873
[2025-05-30 12:47:46.222] [cout] [info]         state: /jointset/hip_r/hip_flexion_r/speed, weight: 0.25556
[2025-05-30 12:47:46.222] [cout] [info]         state: /jointset/hip_l/hip_flexion_l/speed, weight: 0.339587
[2025-05-30 12:47:46.222] [cout] [info]         state: /jointset/back/lumbar_ext/speed, weight: 1.50353
[2025-05-30 12:47:46.222] [cout] [info]         state: /jointset/knee_r/knee_angle_r/speed, weight: 0.122041
[2025-05-30 12:47:46.222] [cout] [info]         state: /jointset/knee_l/knee_angle_l/speed, weight: 0.221248
[2025-05-30 12:47:46.222] [cout] [info]         state: /jointset/acromial_r/shoulder_flexion_r/speed, weight: 0.771884
[2025-05-30 12:47:46.222] [cout] [info]         state: /jointset/acromial_l/shoulder_flexion_l/speed, weight: 0.32994
[2025-05-30 12:47:46.222] [cout] [info]         state: /jointset/ankle_r/ankle_angle_r/speed, weight: 0.619564
[2025-05-30 12:47:46.222] [cout] [info]         state: /jointset/ankle_l/ankle_angle_l/speed, weight: 0.480794
[2025-05-30 12:47:46.222] [cout] [info]         state: /jointset/elbow_r/elbow_flexion_r/speed, weight: 1.70026
[2025-05-30 12:47:46.222] [cout] [info]         state: /jointset/elbow_l/elbow_flexion_l/speed, weight: 0.474488
[2025-05-30 12:47:46.222] [cout] [info]         state: /jointset/mtp_r/mtp_angle_r/value, weight: 0.0
[2025-05-30 12:47:46.222] [cout] [info]         state: /jointset/mtp_r/mtp_angle_r/speed, weight: 0.0
[2025-05-30 12:47:46.222] [cout] [info]         state: /jointset/mtp_l/mtp_angle_l/value, weight: 0.0
[2025-05-30 12:47:46.222] [cout] [info]         state: /jointset/mtp_l/mtp_angle_l/speed, weight: 0.0
[2025-05-30 12:47:46.222] [cout] [info]   control_effort. MocoControlGoal, enabled: true, mode: cost, weight: 10.0
[2025-05-30 12:47:46.222] [cout] [info]         control: /forceset/hamstrings_r, weight: 1.0
[2025-05-30 12:47:46.222] [cout] [info]         control: /forceset/bifemsh_r, weight: 1.0
[2025-05-30 12:47:46.222] [cout] [info]         control: /forceset/glut_max_r, weight: 1.0
[2025-05-30 12:47:46.222] [cout] [info]         control: /forceset/iliopsoas_r, weight: 1.0
[2025-05-30 12:47:46.222] [cout] [info]         control: /forceset/rect_fem_r, weight: 1.0
[2025-05-30 12:47:46.222] [cout] [info]         control: /forceset/vasti_r, weight: 1.0
[2025-05-30 12:47:46.222] [cout] [info]         control: /forceset/gastroc_r, weight: 1.0
[2025-05-30 12:47:46.222] [cout] [info]         control: /forceset/soleus_r, weight: 1.0
[2025-05-30 12:47:46.222] [cout] [info]         control: /forceset/dorsiflexors_r, weight: 1.0
[2025-05-30 12:47:46.222] [cout] [info]         control: /forceset/hamstrings_l, weight: 1.0
[2025-05-30 12:47:46.222] [cout] [info]         control: /forceset/bifemsh_l, weight: 1.0
[2025-05-30 12:47:46.222] [cout] [info]         control: /forceset/glut_max_l, weight: 1.0
[2025-05-30 12:47:46.222] [cout] [info]         control: /forceset/iliopsoas_l, weight: 1.0
[2025-05-30 12:47:46.222] [cout] [info]         control: /forceset/rect_fem_l, weight: 1.0
[2025-05-30 12:47:46.222] [cout] [info]         control: /forceset/vasti_l, weight: 1.0
[2025-05-30 12:47:46.222] [cout] [info]         control: /forceset/gastroc_l, weight: 1.0
[2025-05-30 12:47:46.222] [cout] [info]         control: /forceset/soleus_l, weight: 1.0
[2025-05-30 12:47:46.222] [cout] [info]         control: /forceset/dorsiflexors_l, weight: 1.0
[2025-05-30 12:47:46.222] [cout] [info]         control: /forceset/lumbar_ext_torque, weight: 1.0
[2025-05-30 12:47:46.222] [cout] [info]         control: /forceset/shoulder_flexion_r_torque, weight: 1.0
[2025-05-30 12:47:46.222] [cout] [info]         control: /forceset/elbow_flexion_r_torque, weight: 1.0
[2025-05-30 12:47:46.222] [cout] [info]         control: /forceset/shoulder_flexion_l_torque, weight: 1.0
[2025-05-30 12:47:46.222] [cout] [info]         control: /forceset/elbow_flexion_l_torque, weight: 1.0
[2025-05-30 12:47:46.222] [cout] [info]   contact. MocoContactTrackingGoal, enabled: true, mode: cost, weight: 0.5
[2025-05-30 12:47:46.222] [cout] [info]         projection type: plane
[2025-05-30 12:47:46.222] [cout] [info]         projection vector: ~[0,0,1]
[2025-05-30 12:47:46.222] [cout] [info]         group 0: ExternalForce: grf1
[2025-05-30 12:47:46.222] [cout] [info]             forces:
[2025-05-30 12:47:46.222] [cout] [info]                 /forceset/Contact_Foot_Ground_L1
[2025-05-30 12:47:46.222] [cout] [info]                 /forceset/Contact_Foot_Ground_L2
[2025-05-30 12:47:46.222] [cout] [info]                 /forceset/Contact_Foot_Ground_L3
[2025-05-30 12:47:46.222] [cout] [info]                 /forceset/Contact_Foot_Ground_L4
[2025-05-30 12:47:46.222] [cout] [info]                 /forceset/Contact_Foot_Ground_L5
[2025-05-30 12:47:46.222] [cout] [info]                 /forceset/Contact_Foot_Ground_L6
[2025-05-30 12:47:46.222] [cout] [info]                 /forceset/Contact_Foot_Ground_L7
[2025-05-30 12:47:46.222] [cout] [info]                 /forceset/Contact_Foot_Ground_L8
[2025-05-30 12:47:46.222] [cout] [info]         group 1: ExternalForce: grf2
[2025-05-30 12:47:46.222] [cout] [info]             forces:
[2025-05-30 12:47:46.222] [cout] [info]                 /forceset/Contact_Foot_Ground_R1
[2025-05-30 12:47:46.222] [cout] [info]                 /forceset/Contact_Foot_Ground_R2
[2025-05-30 12:47:46.222] [cout] [info]                 /forceset/Contact_Foot_Ground_R3
[2025-05-30 12:47:46.222] [cout] [info]                 /forceset/Contact_Foot_Ground_R4
[2025-05-30 12:47:46.222] [cout] [info]                 /forceset/Contact_Foot_Ground_R5
[2025-05-30 12:47:46.222] [cout] [info]                 /forceset/Contact_Foot_Ground_R6
[2025-05-30 12:47:46.223] [cout] [info]                 /forceset/Contact_Foot_Ground_R7
[2025-05-30 12:47:46.223] [cout] [info]                 /forceset/Contact_Foot_Ground_R8
[2025-05-30 12:47:46.223] [cout] [info] Endpoint constraints: (total: 2)
[2025-05-30 12:47:46.223] [cout] [info]   speed. MocoAverageSpeedGoal, enabled: true, mode: endpoint_constraint
[2025-05-30 12:47:46.223] [cout] [info]   symmetry. MocoPeriodicityGoal, enabled: true, mode: endpoint_constraint
[2025-05-30 12:47:46.223] [cout] [info]         state periodicity pairs:
[2025-05-30 12:47:46.223] [cout] [info]                 initial: /jointset/knee_r/knee_angle_r/value, final: /jointset/knee_l/knee_angle_l/value
[2025-05-30 12:47:46.223] [cout] [info]                 initial: /jointset/ground_pelvis/pelvis_tx/speed, final: /jointset/ground_pelvis/pelvis_tx/speed
[2025-05-30 12:47:46.223] [cout] [info]         control periodicity pairs:
[2025-05-30 12:47:46.223] [cout] [info] Kinematic constraints: none
[2025-05-30 12:47:46.223] [cout] [info] Path constraints: none
[2025-05-30 12:47:46.223] [cout] [info] States: (total: 50)
[2025-05-30 12:47:46.223] [cout] [info]   /forceset/hamstrings_r/activation. bounds: [0.01, 2]
[2025-05-30 12:47:46.223] [cout] [info]   /jointset/knee_l/knee_angle_l/value. bounds: [-1.5708, 0] initial: [-0.179552, 0]
[2025-05-30 12:47:46.223] [cout] [info]   /forceset/bifemsh_r/activation. bounds: [0.01, 2]
[2025-05-30 12:47:46.223] [cout] [info]   /forceset/glut_max_r/activation. bounds: [0.01, 2]
[2025-05-30 12:47:46.223] [cout] [info]   /forceset/iliopsoas_r/activation. bounds: [0.01, 2]
[2025-05-30 12:47:46.223] [cout] [info]   /forceset/rect_fem_r/activation. bounds: [0.01, 2]
[2025-05-30 12:47:46.223] [cout] [info]   /forceset/gastroc_r/activation. bounds: [0.01, 2]
[2025-05-30 12:47:46.223] [cout] [info]   /forceset/vasti_r/activation. bounds: [0.01, 2]
[2025-05-30 12:47:46.223] [cout] [info]   /forceset/soleus_r/activation. bounds: [0.01, 2]
[2025-05-30 12:47:46.223] [cout] [info]   /jointset/mtp_r/mtp_angle_r/speed. bounds: [-50, 50]
[2025-05-30 12:47:46.223] [cout] [info]   /jointset/ground_pelvis/pelvis_tilt/speed. bounds: [-50, 50]
[2025-05-30 12:47:46.223] [cout] [info]   /forceset/dorsiflexors_r/activation. bounds: [0.01, 2]
[2025-05-30 12:47:46.223] [cout] [info]   /jointset/mtp_r/mtp_angle_r/value. bounds: [-0.436332, 1.309]
[2025-05-30 12:47:46.223] [cout] [info]   /jointset/ground_pelvis/pelvis_tilt/value. bounds: [-0.436332, 0.436332] initial: [0.208948, 0.241825]
[2025-05-30 12:47:46.223] [cout] [info]   /forceset/hamstrings_l/activation. bounds: [0.01, 2]
[2025-05-30 12:47:46.223] [cout] [info]   /forceset/bifemsh_l/activation. bounds: [0.01, 2]
[2025-05-30 12:47:46.223] [cout] [info]   /jointset/ground_pelvis/pelvis_tx/speed. bounds: [-50, 50]
[2025-05-30 12:47:46.223] [cout] [info]   /forceset/glut_max_l/activation. bounds: [0.01, 2]
[2025-05-30 12:47:46.223] [cout] [info]   /forceset/iliopsoas_l/activation. bounds: [0.01, 2]
[2025-05-30 12:47:46.223] [cout] [info]   /forceset/rect_fem_l/activation. bounds: [0.01, 2]
[2025-05-30 12:47:46.223] [cout] [info]   /forceset/gastroc_l/activation. bounds: [0.01, 2]
[2025-05-30 12:47:46.223] [cout] [info]   /forceset/vasti_l/activation. bounds: [0.01, 2]
[2025-05-30 12:47:46.223] [cout] [info]   /forceset/soleus_l/activation. bounds: [0.01, 2]
[2025-05-30 12:47:46.223] [cout] [info]   /jointset/back/lumbar_ext/value. bounds: [-0.698132, 0.0872665] initial: [-0.380067, -0.366463]
[2025-05-30 12:47:46.223] [cout] [info]   /jointset/mtp_l/mtp_angle_l/value. bounds: [-0.436332, 1.309]
[2025-05-30 12:47:46.223] [cout] [info]   /forceset/dorsiflexors_l/activation. bounds: [0.01, 2]
[2025-05-30 12:47:46.223] [cout] [info]   /jointset/ground_pelvis/pelvis_tx/value. bounds: [-5, 5] initial: 0.175488
[2025-05-30 12:47:46.223] [cout] [info]   /jointset/knee_r/knee_angle_r/speed. bounds: [-50, 50]
[2025-05-30 12:47:46.223] [cout] [info]   /jointset/elbow_l/elbow_flexion_l/value. bounds: [0, 1.5708] initial: [0.272883, 0.43051]
[2025-05-30 12:47:46.223] [cout] [info]   /jointset/ankle_l/ankle_angle_l/value. bounds: [-0.610865, 0.349066] initial: [-0.101604, -0.0127849]
[2025-05-30 12:47:46.223] [cout] [info]   /jointset/ground_pelvis/pelvis_ty/value. bounds: [1.01463, 1.12015] initial: [1.0265, 1.12015]
[2025-05-30 12:47:46.223] [cout] [info]   /jointset/ankle_r/ankle_angle_r/value. bounds: [-0.610865, 0.349066] initial: [-0.226351, -0.16268]
[2025-05-30 12:47:46.223] [cout] [info]   /jointset/hip_r/hip_flexion_r/value. bounds: [-0.349066, 1.0472] initial: [-0.279284, -0.134139]
[2025-05-30 12:47:46.223] [cout] [info]   /jointset/back/lumbar_ext/speed. bounds: [-50, 50]
[2025-05-30 12:47:46.223] [cout] [info]   /jointset/mtp_l/mtp_angle_l/speed. bounds: [-50, 50]
[2025-05-30 12:47:46.223] [cout] [info]   /jointset/knee_r/knee_angle_r/value. bounds: [-1.5708, 0] initial: [-1.1847, -0.752503]
[2025-05-30 12:47:46.223] [cout] [info]   /jointset/knee_l/knee_angle_l/speed. bounds: [-50, 50]
[2025-05-30 12:47:46.223] [cout] [info]   /jointset/hip_l/hip_flexion_l/value. bounds: [-0.349066, 1.0472] initial: [-0.167733, 0.00315562]
[2025-05-30 12:47:46.223] [cout] [info]   /jointset/acromial_r/shoulder_flexion_r/value. bounds: [-0.523599, 0.523599] initial: [0.0744976, 0.139325]
[2025-05-30 12:47:46.223] [cout] [info]   /jointset/elbow_r/elbow_flexion_r/value. bounds: [0, 1.5708] initial: [0.375454, 0.427738]
[2025-05-30 12:47:46.223] [cout] [info]   /jointset/acromial_l/shoulder_flexion_l/value. bounds: [-0.523599, 0.523599] initial: [-0.141572, -0.0248661]
[2025-05-30 12:47:46.223] [cout] [info]   /jointset/elbow_l/elbow_flexion_l/speed. bounds: [-50, 50]
[2025-05-30 12:47:46.223] [cout] [info]   /jointset/ankle_l/ankle_angle_l/speed. bounds: [-50, 50]
[2025-05-30 12:47:46.223] [cout] [info]   /jointset/ground_pelvis/pelvis_ty/speed. bounds: [-50, 50]
[2025-05-30 12:47:46.223] [cout] [info]   /jointset/ankle_r/ankle_angle_r/speed. bounds: [-50, 50]
[2025-05-30 12:47:46.223] [cout] [info]   /jointset/hip_r/hip_flexion_r/speed. bounds: [-50, 50]
[2025-05-30 12:47:46.223] [cout] [info]   /jointset/hip_l/hip_flexion_l/speed. bounds: [-50, 50]
[2025-05-30 12:47:46.223] [cout] [info]   /jointset/acromial_r/shoulder_flexion_r/speed. bounds: [-50, 50]
[2025-05-30 12:47:46.223] [cout] [info]   /jointset/elbow_r/elbow_flexion_r/speed. bounds: [-50, 50]
[2025-05-30 12:47:46.224] [cout] [info]   /jointset/acromial_l/shoulder_flexion_l/speed. bounds: [-50, 50]
[2025-05-30 12:47:46.224] [cout] [info] Controls: (total: 23)
[2025-05-30 12:47:46.224] [cout] [info]   /forceset/hamstrings_r. bounds: [0.01, 1]
[2025-05-30 12:47:46.224] [cout] [info]   /forceset/bifemsh_r. bounds: [0.01, 1]
[2025-05-30 12:47:46.224] [cout] [info]   /forceset/glut_max_r. bounds: [0.01, 1]
[2025-05-30 12:47:46.224] [cout] [info]   /forceset/iliopsoas_r. bounds: [0.01, 1]
[2025-05-30 12:47:46.224] [cout] [info]   /forceset/rect_fem_r. bounds: [0.01, 1]
[2025-05-30 12:47:46.224] [cout] [info]   /forceset/gastroc_r. bounds: [0.01, 1]
[2025-05-30 12:47:46.224] [cout] [info]   /forceset/vasti_r. bounds: [0.01, 1]
[2025-05-30 12:47:46.224] [cout] [info]   /forceset/soleus_r. bounds: [0.01, 1]
[2025-05-30 12:47:46.224] [cout] [info]   /forceset/dorsiflexors_r. bounds: [0.01, 1]
[2025-05-30 12:47:46.224] [cout] [info]   /forceset/hamstrings_l. bounds: [0.01, 1]
[2025-05-30 12:47:46.224] [cout] [info]   /forceset/elbow_flexion_l_torque. bounds: [-inf, inf]
[2025-05-30 12:47:46.224] [cout] [info]   /forceset/bifemsh_l. bounds: [0.01, 1]
[2025-05-30 12:47:46.224] [cout] [info]   /forceset/glut_max_l. bounds: [0.01, 1]
[2025-05-30 12:47:46.224] [cout] [info]   /forceset/lumbar_ext_torque. bounds: [-inf, inf]
[2025-05-30 12:47:46.224] [cout] [info]   /forceset/iliopsoas_l. bounds: [0.01, 1]
[2025-05-30 12:47:46.224] [cout] [info]   /forceset/rect_fem_l. bounds: [0.01, 1]
[2025-05-30 12:47:46.224] [cout] [info]   /forceset/gastroc_l. bounds: [0.01, 1]
[2025-05-30 12:47:46.224] [cout] [info]   /forceset/vasti_l. bounds: [0.01, 1]
[2025-05-30 12:47:46.224] [cout] [info]   /forceset/soleus_l. bounds: [0.01, 1]
[2025-05-30 12:47:46.224] [cout] [info]   /forceset/dorsiflexors_l. bounds: [0.01, 1]
[2025-05-30 12:47:46.224] [cout] [info]   /forceset/shoulder_flexion_r_torque. bounds: [-inf, inf]
[2025-05-30 12:47:46.224] [cout] [info]   /forceset/elbow_flexion_r_torque. bounds: [-inf, inf]
[2025-05-30 12:47:46.224] [cout] [info]   /forceset/shoulder_flexion_l_torque. bounds: [-inf, inf]
[2025-05-30 12:47:46.224] [cout] [info] Parameters: none
[2025-05-30 12:47:47.001] [info] Number of threads: 8
[2025-05-30 12:50:57.284] [info] Set log level to Info.
[2025-05-30 12:50:57.285] [info] ------------------------------------------------------------------------
[2025-05-30 12:50:57.285] [info] Elapsed real time: 191 second(s) (3 minute(s), 11 second(s)).
[2025-05-30 12:50:57.285] [info] Fri May 30 12:50:57 2025
[2025-05-30 12:50:57.285] [info] MocoCasADiSolver succeeded!
[2025-05-30 12:50:57.285] [info] ========================================================================
[2025-05-30 13:12:14.980] [cout] [info] Exiting visualization.
[2025-05-30 13:14:15.773] [info] Loaded model 2014014_2d from file 2014014_C4_04_initial-model_2d.osim
[2025-05-30 13:17:01.354] [info] ========================================================================
[2025-05-30 13:17:01.354] [info] MocoCasADiSolver starting.
[2025-05-30 13:17:01.354] [info] Fri May 30 13:17:01 2025
[2025-05-30 13:17:01.354] [info] ------------------------------------------------------------------------
[2025-05-30 13:17:01.354] [cout] [info] Costs: (total: 3)
[2025-05-30 13:17:01.354] [cout] [info]   state_tracking. MocoStateTrackingGoal, enabled: true, mode: cost, weight: 1.0
[2025-05-30 13:17:01.354] [cout] [info]         state: /jointset/ground_pelvis/pelvis_tilt/value, weight: 12.1664
[2025-05-30 13:17:01.354] [cout] [info]         state: /jointset/ground_pelvis/pelvis_tx/value, weight: 1.61854
[2025-05-30 13:17:01.354] [cout] [info]         state: /jointset/ground_pelvis/pelvis_ty/value, weight: 36.2107
[2025-05-30 13:17:01.354] [cout] [info]         state: /jointset/hip_r/hip_flexion_r/value, weight: 2.75586
[2025-05-30 13:17:01.354] [cout] [info]         state: /jointset/hip_l/hip_flexion_l/value, weight: 2.34071
[2025-05-30 13:17:01.354] [cout] [info]         state: /jointset/back/lumbar_ext/value, weight: 29.4037
[2025-05-30 13:17:01.354] [cout] [info]         state: /jointset/knee_r/knee_angle_r/value, weight: 0.925501
[2025-05-30 13:17:01.354] [cout] [info]         state: /jointset/knee_l/knee_angle_l/value, weight: 1.61229
[2025-05-30 13:17:01.354] [cout] [info]         state: /jointset/acromial_r/shoulder_flexion_r/value, weight: 6.17021
[2025-05-30 13:17:01.354] [cout] [info]         state: /jointset/acromial_l/shoulder_flexion_l/value, weight: 3.42741
[2025-05-30 13:17:01.354] [cout] [info]         state: /jointset/ankle_r/ankle_angle_r/value, weight: 6.2823
[2025-05-30 13:17:01.354] [cout] [info]         state: /jointset/ankle_l/ankle_angle_l/value, weight: 4.50354
[2025-05-30 13:17:01.354] [cout] [info]         state: /jointset/elbow_r/elbow_flexion_r/value, weight: 7.65053
[2025-05-30 13:17:01.354] [cout] [info]         state: /jointset/elbow_l/elbow_flexion_l/value, weight: 2.53764
[2025-05-30 13:17:01.354] [cout] [info]         state: /jointset/ground_pelvis/pelvis_tilt/speed, weight: 0.930004
[2025-05-30 13:17:01.354] [cout] [info]         state: /jointset/ground_pelvis/pelvis_tx/speed, weight: 2.11304
[2025-05-30 13:17:01.354] [cout] [info]         state: /jointset/ground_pelvis/pelvis_ty/speed, weight: 2.72873
[2025-05-30 13:17:01.354] [cout] [info]         state: /jointset/hip_r/hip_flexion_r/speed, weight: 0.25556
[2025-05-30 13:17:01.354] [cout] [info]         state: /jointset/hip_l/hip_flexion_l/speed, weight: 0.339587
[2025-05-30 13:17:01.354] [cout] [info]         state: /jointset/back/lumbar_ext/speed, weight: 1.50353
[2025-05-30 13:17:01.354] [cout] [info]         state: /jointset/knee_r/knee_angle_r/speed, weight: 0.122041
[2025-05-30 13:17:01.354] [cout] [info]         state: /jointset/knee_l/knee_angle_l/speed, weight: 0.221248
[2025-05-30 13:17:01.354] [cout] [info]         state: /jointset/acromial_r/shoulder_flexion_r/speed, weight: 0.771884
[2025-05-30 13:17:01.354] [cout] [info]         state: /jointset/acromial_l/shoulder_flexion_l/speed, weight: 0.32994
[2025-05-30 13:17:01.354] [cout] [info]         state: /jointset/ankle_r/ankle_angle_r/speed, weight: 0.619564
[2025-05-30 13:17:01.354] [cout] [info]         state: /jointset/ankle_l/ankle_angle_l/speed, weight: 0.480794
[2025-05-30 13:17:01.354] [cout] [info]         state: /jointset/elbow_r/elbow_flexion_r/speed, weight: 1.70026
[2025-05-30 13:17:01.354] [cout] [info]         state: /jointset/elbow_l/elbow_flexion_l/speed, weight: 0.474488
[2025-05-30 13:17:01.354] [cout] [info]         state: /jointset/mtp_r/mtp_angle_r/value, weight: 0.0
[2025-05-30 13:17:01.354] [cout] [info]         state: /jointset/mtp_r/mtp_angle_r/speed, weight: 0.0
[2025-05-30 13:17:01.354] [cout] [info]         state: /jointset/mtp_l/mtp_angle_l/value, weight: 0.0
[2025-05-30 13:17:01.354] [cout] [info]         state: /jointset/mtp_l/mtp_angle_l/speed, weight: 0.0
[2025-05-30 13:17:01.354] [cout] [info]   control_effort. MocoControlGoal, enabled: true, mode: cost, weight: 10.0
[2025-05-30 13:17:01.354] [cout] [info]         control: /forceset/hamstrings_r, weight: 1.0
[2025-05-30 13:17:01.354] [cout] [info]         control: /forceset/bifemsh_r, weight: 1.0
[2025-05-30 13:17:01.354] [cout] [info]         control: /forceset/glut_max_r, weight: 1.0
[2025-05-30 13:17:01.354] [cout] [info]         control: /forceset/iliopsoas_r, weight: 1.0
[2025-05-30 13:17:01.354] [cout] [info]         control: /forceset/rect_fem_r, weight: 1.0
[2025-05-30 13:17:01.354] [cout] [info]         control: /forceset/vasti_r, weight: 1.0
[2025-05-30 13:17:01.354] [cout] [info]         control: /forceset/gastroc_r, weight: 1.0
[2025-05-30 13:17:01.354] [cout] [info]         control: /forceset/soleus_r, weight: 1.0
[2025-05-30 13:17:01.354] [cout] [info]         control: /forceset/dorsiflexors_r, weight: 1.0
[2025-05-30 13:17:01.354] [cout] [info]         control: /forceset/hamstrings_l, weight: 1.0
[2025-05-30 13:17:01.354] [cout] [info]         control: /forceset/bifemsh_l, weight: 1.0
[2025-05-30 13:17:01.354] [cout] [info]         control: /forceset/glut_max_l, weight: 1.0
[2025-05-30 13:17:01.354] [cout] [info]         control: /forceset/iliopsoas_l, weight: 1.0
[2025-05-30 13:17:01.354] [cout] [info]         control: /forceset/rect_fem_l, weight: 1.0
[2025-05-30 13:17:01.354] [cout] [info]         control: /forceset/vasti_l, weight: 1.0
[2025-05-30 13:17:01.354] [cout] [info]         control: /forceset/gastroc_l, weight: 1.0
[2025-05-30 13:17:01.354] [cout] [info]         control: /forceset/soleus_l, weight: 1.0
[2025-05-30 13:17:01.354] [cout] [info]         control: /forceset/dorsiflexors_l, weight: 1.0
[2025-05-30 13:17:01.354] [cout] [info]         control: /forceset/lumbar_ext_torque, weight: 1.0
[2025-05-30 13:17:01.354] [cout] [info]         control: /forceset/shoulder_flexion_r_torque, weight: 1.0
[2025-05-30 13:17:01.354] [cout] [info]         control: /forceset/elbow_flexion_r_torque, weight: 1.0
[2025-05-30 13:17:01.354] [cout] [info]         control: /forceset/shoulder_flexion_l_torque, weight: 1.0
[2025-05-30 13:17:01.354] [cout] [info]         control: /forceset/elbow_flexion_l_torque, weight: 1.0
[2025-05-30 13:17:01.354] [cout] [info]   contact. MocoContactTrackingGoal, enabled: true, mode: cost, weight: 0.5
[2025-05-30 13:17:01.354] [cout] [info]         projection type: plane
[2025-05-30 13:17:01.354] [cout] [info]         projection vector: ~[0,0,1]
[2025-05-30 13:17:01.354] [cout] [info]         group 0: ExternalForce: grf1
[2025-05-30 13:17:01.354] [cout] [info]             forces:
[2025-05-30 13:17:01.354] [cout] [info]                 /forceset/Contact_Foot_Ground_L1
[2025-05-30 13:17:01.354] [cout] [info]                 /forceset/Contact_Foot_Ground_L2
[2025-05-30 13:17:01.354] [cout] [info]                 /forceset/Contact_Foot_Ground_L3
[2025-05-30 13:17:01.354] [cout] [info]                 /forceset/Contact_Foot_Ground_L4
[2025-05-30 13:17:01.354] [cout] [info]                 /forceset/Contact_Foot_Ground_L5
[2025-05-30 13:17:01.354] [cout] [info]                 /forceset/Contact_Foot_Ground_L6
[2025-05-30 13:17:01.354] [cout] [info]                 /forceset/Contact_Foot_Ground_L7
[2025-05-30 13:17:01.354] [cout] [info]                 /forceset/Contact_Foot_Ground_L8
[2025-05-30 13:17:01.354] [cout] [info]         group 1: ExternalForce: grf2
[2025-05-30 13:17:01.354] [cout] [info]             forces:
[2025-05-30 13:17:01.354] [cout] [info]                 /forceset/Contact_Foot_Ground_R1
[2025-05-30 13:17:01.354] [cout] [info]                 /forceset/Contact_Foot_Ground_R2
[2025-05-30 13:17:01.354] [cout] [info]                 /forceset/Contact_Foot_Ground_R3
[2025-05-30 13:17:01.354] [cout] [info]                 /forceset/Contact_Foot_Ground_R4
[2025-05-30 13:17:01.354] [cout] [info]                 /forceset/Contact_Foot_Ground_R5
[2025-05-30 13:17:01.354] [cout] [info]                 /forceset/Contact_Foot_Ground_R6
[2025-05-30 13:17:01.354] [cout] [info]                 /forceset/Contact_Foot_Ground_R7
[2025-05-30 13:17:01.354] [cout] [info]                 /forceset/Contact_Foot_Ground_R8
[2025-05-30 13:17:01.354] [cout] [info] Endpoint constraints: (total: 1)
[2025-05-30 13:17:01.354] [cout] [info]   symmetry. MocoPeriodicityGoal, enabled: true, mode: endpoint_constraint
[2025-05-30 13:17:01.354] [cout] [info]         state periodicity pairs:
[2025-05-30 13:17:01.354] [cout] [info]                 initial: /jointset/knee_r/knee_angle_r/value, final: /jointset/knee_l/knee_angle_l/value
[2025-05-30 13:17:01.354] [cout] [info]                 initial: /jointset/ankle_r/ankle_angle_r/value, final: /jointset/ankle_l/ankle_angle_l/value
[2025-05-30 13:17:01.354] [cout] [info]                 initial: /jointset/ground_pelvis/pelvis_tx/speed, final: /jointset/ground_pelvis/pelvis_tx/speed
[2025-05-30 13:17:01.354] [cout] [info]         control periodicity pairs:
[2025-05-30 13:17:01.354] [cout] [info] Kinematic constraints: none
[2025-05-30 13:17:01.354] [cout] [info] Path constraints: none
[2025-05-30 13:17:01.354] [cout] [info] States: (total: 50)
[2025-05-30 13:17:01.354] [cout] [info]   /forceset/hamstrings_r/activation. bounds: [0.01, 2]
[2025-05-30 13:17:01.354] [cout] [info]   /jointset/knee_l/knee_angle_l/value. bounds: [-1.5708, 0] initial: [-0.179552, 0]
[2025-05-30 13:17:01.354] [cout] [info]   /forceset/bifemsh_r/activation. bounds: [0.01, 2]
[2025-05-30 13:17:01.355] [cout] [info]   /forceset/glut_max_r/activation. bounds: [0.01, 2]
[2025-05-30 13:17:01.355] [cout] [info]   /forceset/iliopsoas_r/activation. bounds: [0.01, 2]
[2025-05-30 13:17:01.355] [cout] [info]   /forceset/rect_fem_r/activation. bounds: [0.01, 2]
[2025-05-30 13:17:01.355] [cout] [info]   /forceset/gastroc_r/activation. bounds: [0.01, 2]
[2025-05-30 13:17:01.355] [cout] [info]   /forceset/vasti_r/activation. bounds: [0.01, 2]
[2025-05-30 13:17:01.355] [cout] [info]   /forceset/soleus_r/activation. bounds: [0.01, 2]
[2025-05-30 13:17:01.355] [cout] [info]   /jointset/mtp_r/mtp_angle_r/speed. bounds: [-50, 50]
[2025-05-30 13:17:01.355] [cout] [info]   /jointset/ground_pelvis/pelvis_tilt/speed. bounds: [-50, 50]
[2025-05-30 13:17:01.355] [cout] [info]   /forceset/dorsiflexors_r/activation. bounds: [0.01, 2]
[2025-05-30 13:17:01.355] [cout] [info]   /jointset/mtp_r/mtp_angle_r/value. bounds: [-0.436332, 1.309]
[2025-05-30 13:17:01.355] [cout] [info]   /jointset/ground_pelvis/pelvis_tilt/value. bounds: [-0.436332, 0.436332] initial: [0.208948, 0.241825]
[2025-05-30 13:17:01.355] [cout] [info]   /forceset/hamstrings_l/activation. bounds: [0.01, 2]
[2025-05-30 13:17:01.355] [cout] [info]   /forceset/bifemsh_l/activation. bounds: [0.01, 2]
[2025-05-30 13:17:01.355] [cout] [info]   /jointset/ground_pelvis/pelvis_tx/speed. bounds: [-50, 50]
[2025-05-30 13:17:01.355] [cout] [info]   /forceset/glut_max_l/activation. bounds: [0.01, 2]
[2025-05-30 13:17:01.355] [cout] [info]   /forceset/iliopsoas_l/activation. bounds: [0.01, 2]
[2025-05-30 13:17:01.355] [cout] [info]   /forceset/rect_fem_l/activation. bounds: [0.01, 2]
[2025-05-30 13:17:01.355] [cout] [info]   /forceset/gastroc_l/activation. bounds: [0.01, 2]
[2025-05-30 13:17:01.355] [cout] [info]   /forceset/vasti_l/activation. bounds: [0.01, 2]
[2025-05-30 13:17:01.355] [cout] [info]   /forceset/soleus_l/activation. bounds: [0.01, 2]
[2025-05-30 13:17:01.355] [cout] [info]   /jointset/back/lumbar_ext/value. bounds: [-0.698132, 0.0872665] initial: [-0.380067, -0.366463]
[2025-05-30 13:17:01.355] [cout] [info]   /jointset/mtp_l/mtp_angle_l/value. bounds: [-0.436332, 1.309]
[2025-05-30 13:17:01.355] [cout] [info]   /forceset/dorsiflexors_l/activation. bounds: [0.01, 2]
[2025-05-30 13:17:01.355] [cout] [info]   /jointset/ground_pelvis/pelvis_tx/value. bounds: [-5, 5] initial: 0.175488
[2025-05-30 13:17:01.355] [cout] [info]   /jointset/knee_r/knee_angle_r/speed. bounds: [-50, 50]
[2025-05-30 13:17:01.355] [cout] [info]   /jointset/elbow_l/elbow_flexion_l/value. bounds: [0, 1.5708] initial: [0.272883, 0.43051]
[2025-05-30 13:17:01.355] [cout] [info]   /jointset/ankle_l/ankle_angle_l/value. bounds: [-0.610865, 0.349066] initial: [-0.101604, -0.0127849]
[2025-05-30 13:17:01.355] [cout] [info]   /jointset/ground_pelvis/pelvis_ty/value. bounds: [1.01463, 1.12015] initial: [1.0265, 1.12015]
[2025-05-30 13:17:01.355] [cout] [info]   /jointset/ankle_r/ankle_angle_r/value. bounds: [-0.610865, 0.349066] initial: [-0.226351, -0.16268]
[2025-05-30 13:17:01.355] [cout] [info]   /jointset/hip_r/hip_flexion_r/value. bounds: [-0.349066, 1.0472] initial: [-0.279284, -0.134139]
[2025-05-30 13:17:01.355] [cout] [info]   /jointset/back/lumbar_ext/speed. bounds: [-50, 50]
[2025-05-30 13:17:01.355] [cout] [info]   /jointset/mtp_l/mtp_angle_l/speed. bounds: [-50, 50]
[2025-05-30 13:17:01.355] [cout] [info]   /jointset/knee_r/knee_angle_r/value. bounds: [-1.5708, 0] initial: [-1.1847, -0.752503]
[2025-05-30 13:17:01.355] [cout] [info]   /jointset/knee_l/knee_angle_l/speed. bounds: [-50, 50]
[2025-05-30 13:17:01.355] [cout] [info]   /jointset/hip_l/hip_flexion_l/value. bounds: [-0.349066, 1.0472] initial: [-0.167733, 0.00315562]
[2025-05-30 13:17:01.355] [cout] [info]   /jointset/acromial_r/shoulder_flexion_r/value. bounds: [-0.523599, 0.523599] initial: [0.0744976, 0.139325]
[2025-05-30 13:17:01.355] [cout] [info]   /jointset/elbow_r/elbow_flexion_r/value. bounds: [0, 1.5708] initial: [0.375454, 0.427738]
[2025-05-30 13:17:01.355] [cout] [info]   /jointset/acromial_l/shoulder_flexion_l/value. bounds: [-0.523599, 0.523599] initial: [-0.141572, -0.0248661]
[2025-05-30 13:17:01.355] [cout] [info]   /jointset/elbow_l/elbow_flexion_l/speed. bounds: [-50, 50]
[2025-05-30 13:17:01.355] [cout] [info]   /jointset/ankle_l/ankle_angle_l/speed. bounds: [-50, 50]
[2025-05-30 13:17:01.355] [cout] [info]   /jointset/ground_pelvis/pelvis_ty/speed. bounds: [-50, 50]
[2025-05-30 13:17:01.355] [cout] [info]   /jointset/ankle_r/ankle_angle_r/speed. bounds: [-50, 50]
[2025-05-30 13:17:01.355] [cout] [info]   /jointset/hip_r/hip_flexion_r/speed. bounds: [-50, 50]
[2025-05-30 13:17:01.355] [cout] [info]   /jointset/hip_l/hip_flexion_l/speed. bounds: [-50, 50]
[2025-05-30 13:17:01.355] [cout] [info]   /jointset/acromial_r/shoulder_flexion_r/speed. bounds: [-50, 50]
[2025-05-30 13:17:01.355] [cout] [info]   /jointset/elbow_r/elbow_flexion_r/speed. bounds: [-50, 50]
[2025-05-30 13:17:01.355] [cout] [info]   /jointset/acromial_l/shoulder_flexion_l/speed. bounds: [-50, 50]
[2025-05-30 13:17:01.355] [cout] [info] Controls: (total: 23)
[2025-05-30 13:17:01.355] [cout] [info]   /forceset/hamstrings_r. bounds: [0.01, 1]
[2025-05-30 13:17:01.355] [cout] [info]   /forceset/bifemsh_r. bounds: [0.01, 1]
[2025-05-30 13:17:01.355] [cout] [info]   /forceset/glut_max_r. bounds: [0.01, 1]
[2025-05-30 13:17:01.355] [cout] [info]   /forceset/iliopsoas_r. bounds: [0.01, 1]
[2025-05-30 13:17:01.355] [cout] [info]   /forceset/rect_fem_r. bounds: [0.01, 1]
[2025-05-30 13:17:01.355] [cout] [info]   /forceset/gastroc_r. bounds: [0.01, 1]
[2025-05-30 13:17:01.355] [cout] [info]   /forceset/vasti_r. bounds: [0.01, 1]
[2025-05-30 13:17:01.355] [cout] [info]   /forceset/soleus_r. bounds: [0.01, 1]
[2025-05-30 13:17:01.355] [cout] [info]   /forceset/dorsiflexors_r. bounds: [0.01, 1]
[2025-05-30 13:17:01.355] [cout] [info]   /forceset/hamstrings_l. bounds: [0.01, 1]
[2025-05-30 13:17:01.355] [cout] [info]   /forceset/elbow_flexion_l_torque. bounds: [-inf, inf]
[2025-05-30 13:17:01.355] [cout] [info]   /forceset/bifemsh_l. bounds: [0.01, 1]
[2025-05-30 13:17:01.355] [cout] [info]   /forceset/glut_max_l. bounds: [0.01, 1]
[2025-05-30 13:17:01.355] [cout] [info]   /forceset/lumbar_ext_torque. bounds: [-inf, inf]
[2025-05-30 13:17:01.355] [cout] [info]   /forceset/iliopsoas_l. bounds: [0.01, 1]
[2025-05-30 13:17:01.355] [cout] [info]   /forceset/rect_fem_l. bounds: [0.01, 1]
[2025-05-30 13:17:01.355] [cout] [info]   /forceset/gastroc_l. bounds: [0.01, 1]
[2025-05-30 13:17:01.355] [cout] [info]   /forceset/vasti_l. bounds: [0.01, 1]
[2025-05-30 13:17:01.355] [cout] [info]   /forceset/soleus_l. bounds: [0.01, 1]
[2025-05-30 13:17:01.355] [cout] [info]   /forceset/dorsiflexors_l. bounds: [0.01, 1]
[2025-05-30 13:17:01.355] [cout] [info]   /forceset/shoulder_flexion_r_torque. bounds: [-inf, inf]
[2025-05-30 13:17:01.355] [cout] [info]   /forceset/elbow_flexion_r_torque. bounds: [-inf, inf]
[2025-05-30 13:17:01.355] [cout] [info]   /forceset/shoulder_flexion_l_torque. bounds: [-inf, inf]
[2025-05-30 13:17:01.355] [cout] [info] Parameters: none
[2025-05-30 13:17:02.153] [info] Number of threads: 8
[2025-05-30 13:21:14.053] [info] Set log level to Info.
[2025-05-30 13:21:14.053] [info] ------------------------------------------------------------------------
[2025-05-30 13:21:14.053] [info] Elapsed real time: 253 second(s) (4 minute(s), 13 second(s)).
[2025-05-30 13:21:14.054] [info] Fri May 30 13:21:14 2025
[2025-05-30 13:21:14.054] [info] MocoCasADiSolver succeeded!
[2025-05-30 13:21:14.054] [info] ========================================================================
[2025-05-30 13:26:25.366] [cout] [info] Exiting visualization.
[2025-05-30 13:26:38.881] [info] Loaded model 2014014_2d from file 2014014_C4_04_initial-model_2d.osim
[2025-05-30 13:27:14.398] [info] ========================================================================
[2025-05-30 13:27:14.398] [info] MocoCasADiSolver starting.
[2025-05-30 13:27:14.398] [info] Fri May 30 13:27:14 2025
[2025-05-30 13:27:14.398] [info] ------------------------------------------------------------------------
[2025-05-30 13:27:14.398] [cout] [info] Costs: (total: 3)
[2025-05-30 13:27:14.398] [cout] [info]   state_tracking. MocoStateTrackingGoal, enabled: true, mode: cost, weight: 1.0
[2025-05-30 13:27:14.398] [cout] [info]         state: /jointset/ground_pelvis/pelvis_tilt/value, weight: 12.1664
[2025-05-30 13:27:14.398] [cout] [info]         state: /jointset/ground_pelvis/pelvis_tx/value, weight: 1.61854
[2025-05-30 13:27:14.398] [cout] [info]         state: /jointset/ground_pelvis/pelvis_ty/value, weight: 36.2107
[2025-05-30 13:27:14.398] [cout] [info]         state: /jointset/hip_r/hip_flexion_r/value, weight: 2.75586
[2025-05-30 13:27:14.398] [cout] [info]         state: /jointset/hip_l/hip_flexion_l/value, weight: 2.34071
[2025-05-30 13:27:14.398] [cout] [info]         state: /jointset/back/lumbar_ext/value, weight: 29.4037
[2025-05-30 13:27:14.398] [cout] [info]         state: /jointset/knee_r/knee_angle_r/value, weight: 0.925501
[2025-05-30 13:27:14.398] [cout] [info]         state: /jointset/knee_l/knee_angle_l/value, weight: 1.61229
[2025-05-30 13:27:14.398] [cout] [info]         state: /jointset/acromial_r/shoulder_flexion_r/value, weight: 6.17021
[2025-05-30 13:27:14.398] [cout] [info]         state: /jointset/acromial_l/shoulder_flexion_l/value, weight: 3.42741
[2025-05-30 13:27:14.398] [cout] [info]         state: /jointset/ankle_r/ankle_angle_r/value, weight: 6.2823
[2025-05-30 13:27:14.398] [cout] [info]         state: /jointset/ankle_l/ankle_angle_l/value, weight: 4.50354
[2025-05-30 13:27:14.398] [cout] [info]         state: /jointset/elbow_r/elbow_flexion_r/value, weight: 7.65053
[2025-05-30 13:27:14.398] [cout] [info]         state: /jointset/elbow_l/elbow_flexion_l/value, weight: 2.53764
[2025-05-30 13:27:14.398] [cout] [info]         state: /jointset/ground_pelvis/pelvis_tilt/speed, weight: 0.930004
[2025-05-30 13:27:14.398] [cout] [info]         state: /jointset/ground_pelvis/pelvis_tx/speed, weight: 2.11304
[2025-05-30 13:27:14.398] [cout] [info]         state: /jointset/ground_pelvis/pelvis_ty/speed, weight: 2.72873
[2025-05-30 13:27:14.398] [cout] [info]         state: /jointset/hip_r/hip_flexion_r/speed, weight: 0.25556
[2025-05-30 13:27:14.398] [cout] [info]         state: /jointset/hip_l/hip_flexion_l/speed, weight: 0.339587
[2025-05-30 13:27:14.398] [cout] [info]         state: /jointset/back/lumbar_ext/speed, weight: 1.50353
[2025-05-30 13:27:14.398] [cout] [info]         state: /jointset/knee_r/knee_angle_r/speed, weight: 0.122041
[2025-05-30 13:27:14.398] [cout] [info]         state: /jointset/knee_l/knee_angle_l/speed, weight: 0.221248
[2025-05-30 13:27:14.398] [cout] [info]         state: /jointset/acromial_r/shoulder_flexion_r/speed, weight: 0.771884
[2025-05-30 13:27:14.398] [cout] [info]         state: /jointset/acromial_l/shoulder_flexion_l/speed, weight: 0.32994
[2025-05-30 13:27:14.398] [cout] [info]         state: /jointset/ankle_r/ankle_angle_r/speed, weight: 0.619564
[2025-05-30 13:27:14.398] [cout] [info]         state: /jointset/ankle_l/ankle_angle_l/speed, weight: 0.480794
[2025-05-30 13:27:14.398] [cout] [info]         state: /jointset/elbow_r/elbow_flexion_r/speed, weight: 1.70026
[2025-05-30 13:27:14.398] [cout] [info]         state: /jointset/elbow_l/elbow_flexion_l/speed, weight: 0.474488
[2025-05-30 13:27:14.398] [cout] [info]         state: /jointset/mtp_r/mtp_angle_r/value, weight: 0.0
[2025-05-30 13:27:14.398] [cout] [info]         state: /jointset/mtp_r/mtp_angle_r/speed, weight: 0.0
[2025-05-30 13:27:14.398] [cout] [info]         state: /jointset/mtp_l/mtp_angle_l/value, weight: 0.0
[2025-05-30 13:27:14.398] [cout] [info]         state: /jointset/mtp_l/mtp_angle_l/speed, weight: 0.0
[2025-05-30 13:27:14.398] [cout] [info]   control_effort. MocoControlGoal, enabled: true, mode: cost, weight: 10.0
[2025-05-30 13:27:14.398] [cout] [info]         control: /forceset/hamstrings_r, weight: 1.0
[2025-05-30 13:27:14.398] [cout] [info]         control: /forceset/bifemsh_r, weight: 1.0
[2025-05-30 13:27:14.398] [cout] [info]         control: /forceset/glut_max_r, weight: 1.0
[2025-05-30 13:27:14.398] [cout] [info]         control: /forceset/iliopsoas_r, weight: 1.0
[2025-05-30 13:27:14.398] [cout] [info]         control: /forceset/rect_fem_r, weight: 1.0
[2025-05-30 13:27:14.398] [cout] [info]         control: /forceset/vasti_r, weight: 1.0
[2025-05-30 13:27:14.398] [cout] [info]         control: /forceset/gastroc_r, weight: 1.0
[2025-05-30 13:27:14.398] [cout] [info]         control: /forceset/soleus_r, weight: 1.0
[2025-05-30 13:27:14.398] [cout] [info]         control: /forceset/dorsiflexors_r, weight: 1.0
[2025-05-30 13:27:14.398] [cout] [info]         control: /forceset/hamstrings_l, weight: 1.0
[2025-05-30 13:27:14.398] [cout] [info]         control: /forceset/bifemsh_l, weight: 1.0
[2025-05-30 13:27:14.398] [cout] [info]         control: /forceset/glut_max_l, weight: 1.0
[2025-05-30 13:27:14.398] [cout] [info]         control: /forceset/iliopsoas_l, weight: 1.0
[2025-05-30 13:27:14.398] [cout] [info]         control: /forceset/rect_fem_l, weight: 1.0
[2025-05-30 13:27:14.398] [cout] [info]         control: /forceset/vasti_l, weight: 1.0
[2025-05-30 13:27:14.398] [cout] [info]         control: /forceset/gastroc_l, weight: 1.0
[2025-05-30 13:27:14.398] [cout] [info]         control: /forceset/soleus_l, weight: 1.0
[2025-05-30 13:27:14.399] [cout] [info]         control: /forceset/dorsiflexors_l, weight: 1.0
[2025-05-30 13:27:14.399] [cout] [info]         control: /forceset/lumbar_ext_torque, weight: 1.0
[2025-05-30 13:27:14.399] [cout] [info]         control: /forceset/shoulder_flexion_r_torque, weight: 1.0
[2025-05-30 13:27:14.399] [cout] [info]         control: /forceset/elbow_flexion_r_torque, weight: 1.0
[2025-05-30 13:27:14.399] [cout] [info]         control: /forceset/shoulder_flexion_l_torque, weight: 1.0
[2025-05-30 13:27:14.399] [cout] [info]         control: /forceset/elbow_flexion_l_torque, weight: 1.0
[2025-05-30 13:27:14.399] [cout] [info]   contact. MocoContactTrackingGoal, enabled: true, mode: cost, weight: 0.5
[2025-05-30 13:27:14.399] [cout] [info]         projection type: plane
[2025-05-30 13:27:14.399] [cout] [info]         projection vector: ~[0,0,1]
[2025-05-30 13:27:14.399] [cout] [info]         group 0: ExternalForce: grf1
[2025-05-30 13:27:14.399] [cout] [info]             forces:
[2025-05-30 13:27:14.399] [cout] [info]                 /forceset/Contact_Foot_Ground_L1
[2025-05-30 13:27:14.399] [cout] [info]                 /forceset/Contact_Foot_Ground_L2
[2025-05-30 13:27:14.399] [cout] [info]                 /forceset/Contact_Foot_Ground_L3
[2025-05-30 13:27:14.399] [cout] [info]                 /forceset/Contact_Foot_Ground_L4
[2025-05-30 13:27:14.399] [cout] [info]                 /forceset/Contact_Foot_Ground_L5
[2025-05-30 13:27:14.399] [cout] [info]                 /forceset/Contact_Foot_Ground_L6
[2025-05-30 13:27:14.399] [cout] [info]                 /forceset/Contact_Foot_Ground_L7
[2025-05-30 13:27:14.399] [cout] [info]                 /forceset/Contact_Foot_Ground_L8
[2025-05-30 13:27:14.399] [cout] [info]         group 1: ExternalForce: grf2
[2025-05-30 13:27:14.399] [cout] [info]             forces:
[2025-05-30 13:27:14.399] [cout] [info]                 /forceset/Contact_Foot_Ground_R1
[2025-05-30 13:27:14.399] [cout] [info]                 /forceset/Contact_Foot_Ground_R2
[2025-05-30 13:27:14.399] [cout] [info]                 /forceset/Contact_Foot_Ground_R3
[2025-05-30 13:27:14.399] [cout] [info]                 /forceset/Contact_Foot_Ground_R4
[2025-05-30 13:27:14.399] [cout] [info]                 /forceset/Contact_Foot_Ground_R5
[2025-05-30 13:27:14.399] [cout] [info]                 /forceset/Contact_Foot_Ground_R6
[2025-05-30 13:27:14.399] [cout] [info]                 /forceset/Contact_Foot_Ground_R7
[2025-05-30 13:27:14.399] [cout] [info]                 /forceset/Contact_Foot_Ground_R8
[2025-05-30 13:27:14.399] [cout] [info] Endpoint constraints: (total: 2)
[2025-05-30 13:27:14.399] [cout] [info]   speed. MocoAverageSpeedGoal, enabled: true, mode: endpoint_constraint
[2025-05-30 13:27:14.399] [cout] [info]   symmetry. MocoPeriodicityGoal, enabled: true, mode: endpoint_constraint
[2025-05-30 13:27:14.399] [cout] [info]         state periodicity pairs:
[2025-05-30 13:27:14.399] [cout] [info]                 initial: /jointset/knee_r/knee_angle_r/value, final: /jointset/knee_l/knee_angle_l/value
[2025-05-30 13:27:14.399] [cout] [info]                 initial: /jointset/ankle_r/ankle_angle_r/value, final: /jointset/ankle_l/ankle_angle_l/value
[2025-05-30 13:27:14.399] [cout] [info]                 initial: /jointset/ground_pelvis/pelvis_tx/speed, final: /jointset/ground_pelvis/pelvis_tx/speed
[2025-05-30 13:27:14.399] [cout] [info]         control periodicity pairs:
[2025-05-30 13:27:14.399] [cout] [info] Kinematic constraints: none
[2025-05-30 13:27:14.399] [cout] [info] Path constraints: none
[2025-05-30 13:27:14.399] [cout] [info] States: (total: 50)
[2025-05-30 13:27:14.399] [cout] [info]   /forceset/hamstrings_r/activation. bounds: [0.01, 2]
[2025-05-30 13:27:14.399] [cout] [info]   /jointset/knee_l/knee_angle_l/value. bounds: [-1.5708, 0] initial: [-0.179552, 0]
[2025-05-30 13:27:14.399] [cout] [info]   /forceset/bifemsh_r/activation. bounds: [0.01, 2]
[2025-05-30 13:27:14.399] [cout] [info]   /forceset/glut_max_r/activation. bounds: [0.01, 2]
[2025-05-30 13:27:14.399] [cout] [info]   /forceset/iliopsoas_r/activation. bounds: [0.01, 2]
[2025-05-30 13:27:14.399] [cout] [info]   /forceset/rect_fem_r/activation. bounds: [0.01, 2]
[2025-05-30 13:27:14.399] [cout] [info]   /forceset/gastroc_r/activation. bounds: [0.01, 2]
[2025-05-30 13:27:14.399] [cout] [info]   /forceset/vasti_r/activation. bounds: [0.01, 2]
[2025-05-30 13:27:14.399] [cout] [info]   /forceset/soleus_r/activation. bounds: [0.01, 2]
[2025-05-30 13:27:14.399] [cout] [info]   /jointset/mtp_r/mtp_angle_r/speed. bounds: [-50, 50]
[2025-05-30 13:27:14.399] [cout] [info]   /jointset/ground_pelvis/pelvis_tilt/speed. bounds: [-50, 50]
[2025-05-30 13:27:14.399] [cout] [info]   /forceset/dorsiflexors_r/activation. bounds: [0.01, 2]
[2025-05-30 13:27:14.399] [cout] [info]   /jointset/mtp_r/mtp_angle_r/value. bounds: [-0.436332, 1.309]
[2025-05-30 13:27:14.399] [cout] [info]   /jointset/ground_pelvis/pelvis_tilt/value. bounds: [-0.436332, 0.436332] initial: [0.208948, 0.241825]
[2025-05-30 13:27:14.399] [cout] [info]   /forceset/hamstrings_l/activation. bounds: [0.01, 2]
[2025-05-30 13:27:14.399] [cout] [info]   /forceset/bifemsh_l/activation. bounds: [0.01, 2]
[2025-05-30 13:27:14.399] [cout] [info]   /jointset/ground_pelvis/pelvis_tx/speed. bounds: [-50, 50]
[2025-05-30 13:27:14.399] [cout] [info]   /forceset/glut_max_l/activation. bounds: [0.01, 2]
[2025-05-30 13:27:14.399] [cout] [info]   /forceset/iliopsoas_l/activation. bounds: [0.01, 2]
[2025-05-30 13:27:14.399] [cout] [info]   /forceset/rect_fem_l/activation. bounds: [0.01, 2]
[2025-05-30 13:27:14.399] [cout] [info]   /forceset/gastroc_l/activation. bounds: [0.01, 2]
[2025-05-30 13:27:14.399] [cout] [info]   /forceset/vasti_l/activation. bounds: [0.01, 2]
[2025-05-30 13:27:14.399] [cout] [info]   /forceset/soleus_l/activation. bounds: [0.01, 2]
[2025-05-30 13:27:14.399] [cout] [info]   /jointset/back/lumbar_ext/value. bounds: [-0.698132, 0.0872665] initial: [-0.380067, -0.366463]
[2025-05-30 13:27:14.399] [cout] [info]   /jointset/mtp_l/mtp_angle_l/value. bounds: [-0.436332, 1.309]
[2025-05-30 13:27:14.399] [cout] [info]   /forceset/dorsiflexors_l/activation. bounds: [0.01, 2]
[2025-05-30 13:27:14.399] [cout] [info]   /jointset/ground_pelvis/pelvis_tx/value. bounds: [-5, 5] initial: 0.175488
[2025-05-30 13:27:14.399] [cout] [info]   /jointset/knee_r/knee_angle_r/speed. bounds: [-50, 50]
[2025-05-30 13:27:14.399] [cout] [info]   /jointset/elbow_l/elbow_flexion_l/value. bounds: [0, 1.5708] initial: [0.272883, 0.43051]
[2025-05-30 13:27:14.399] [cout] [info]   /jointset/ankle_l/ankle_angle_l/value. bounds: [-0.610865, 0.349066] initial: [-0.101604, -0.0127849]
[2025-05-30 13:27:14.399] [cout] [info]   /jointset/ground_pelvis/pelvis_ty/value. bounds: [1.01463, 1.12015] initial: [1.0265, 1.12015]
[2025-05-30 13:27:14.399] [cout] [info]   /jointset/ankle_r/ankle_angle_r/value. bounds: [-0.610865, 0.349066] initial: [-0.226351, -0.16268]
[2025-05-30 13:27:14.399] [cout] [info]   /jointset/hip_r/hip_flexion_r/value. bounds: [-0.349066, 1.0472] initial: [-0.279284, -0.134139]
[2025-05-30 13:27:14.399] [cout] [info]   /jointset/back/lumbar_ext/speed. bounds: [-50, 50]
[2025-05-30 13:27:14.399] [cout] [info]   /jointset/mtp_l/mtp_angle_l/speed. bounds: [-50, 50]
[2025-05-30 13:27:14.399] [cout] [info]   /jointset/knee_r/knee_angle_r/value. bounds: [-1.5708, 0] initial: [-1.1847, -0.752503]
[2025-05-30 13:27:14.399] [cout] [info]   /jointset/knee_l/knee_angle_l/speed. bounds: [-50, 50]
[2025-05-30 13:27:14.399] [cout] [info]   /jointset/hip_l/hip_flexion_l/value. bounds: [-0.349066, 1.0472] initial: [-0.167733, 0.00315562]
[2025-05-30 13:27:14.399] [cout] [info]   /jointset/acromial_r/shoulder_flexion_r/value. bounds: [-0.523599, 0.523599] initial: [0.0744976, 0.139325]
[2025-05-30 13:27:14.399] [cout] [info]   /jointset/elbow_r/elbow_flexion_r/value. bounds: [0, 1.5708] initial: [0.375454, 0.427738]
[2025-05-30 13:27:14.399] [cout] [info]   /jointset/acromial_l/shoulder_flexion_l/value. bounds: [-0.523599, 0.523599] initial: [-0.141572, -0.0248661]
[2025-05-30 13:27:14.399] [cout] [info]   /jointset/elbow_l/elbow_flexion_l/speed. bounds: [-50, 50]
[2025-05-30 13:27:14.399] [cout] [info]   /jointset/ankle_l/ankle_angle_l/speed. bounds: [-50, 50]
[2025-05-30 13:27:14.399] [cout] [info]   /jointset/ground_pelvis/pelvis_ty/speed. bounds: [-50, 50]
[2025-05-30 13:27:14.399] [cout] [info]   /jointset/ankle_r/ankle_angle_r/speed. bounds: [-50, 50]
[2025-05-30 13:27:14.400] [cout] [info]   /jointset/hip_r/hip_flexion_r/speed. bounds: [-50, 50]
[2025-05-30 13:27:14.400] [cout] [info]   /jointset/hip_l/hip_flexion_l/speed. bounds: [-50, 50]
[2025-05-30 13:27:14.400] [cout] [info]   /jointset/acromial_r/shoulder_flexion_r/speed. bounds: [-50, 50]
[2025-05-30 13:27:14.400] [cout] [info]   /jointset/elbow_r/elbow_flexion_r/speed. bounds: [-50, 50]
[2025-05-30 13:27:14.400] [cout] [info]   /jointset/acromial_l/shoulder_flexion_l/speed. bounds: [-50, 50]
[2025-05-30 13:27:14.400] [cout] [info] Controls: (total: 23)
[2025-05-30 13:27:14.400] [cout] [info]   /forceset/hamstrings_r. bounds: [0.01, 1]
[2025-05-30 13:27:14.400] [cout] [info]   /forceset/bifemsh_r. bounds: [0.01, 1]
[2025-05-30 13:27:14.400] [cout] [info]   /forceset/glut_max_r. bounds: [0.01, 1]
[2025-05-30 13:27:14.400] [cout] [info]   /forceset/iliopsoas_r. bounds: [0.01, 1]
[2025-05-30 13:27:14.400] [cout] [info]   /forceset/rect_fem_r. bounds: [0.01, 1]
[2025-05-30 13:27:14.400] [cout] [info]   /forceset/gastroc_r. bounds: [0.01, 1]
[2025-05-30 13:27:14.400] [cout] [info]   /forceset/vasti_r. bounds: [0.01, 1]
[2025-05-30 13:27:14.400] [cout] [info]   /forceset/soleus_r. bounds: [0.01, 1]
[2025-05-30 13:27:14.400] [cout] [info]   /forceset/dorsiflexors_r. bounds: [0.01, 1]
[2025-05-30 13:27:14.400] [cout] [info]   /forceset/hamstrings_l. bounds: [0.01, 1]
[2025-05-30 13:27:14.400] [cout] [info]   /forceset/elbow_flexion_l_torque. bounds: [-inf, inf]
[2025-05-30 13:27:14.400] [cout] [info]   /forceset/bifemsh_l. bounds: [0.01, 1]
[2025-05-30 13:27:14.400] [cout] [info]   /forceset/glut_max_l. bounds: [0.01, 1]
[2025-05-30 13:27:14.400] [cout] [info]   /forceset/lumbar_ext_torque. bounds: [-inf, inf]
[2025-05-30 13:27:14.400] [cout] [info]   /forceset/iliopsoas_l. bounds: [0.01, 1]
[2025-05-30 13:27:14.400] [cout] [info]   /forceset/rect_fem_l. bounds: [0.01, 1]
[2025-05-30 13:27:14.400] [cout] [info]   /forceset/gastroc_l. bounds: [0.01, 1]
[2025-05-30 13:27:14.400] [cout] [info]   /forceset/vasti_l. bounds: [0.01, 1]
[2025-05-30 13:27:14.400] [cout] [info]   /forceset/soleus_l. bounds: [0.01, 1]
[2025-05-30 13:27:14.400] [cout] [info]   /forceset/dorsiflexors_l. bounds: [0.01, 1]
[2025-05-30 13:27:14.400] [cout] [info]   /forceset/shoulder_flexion_r_torque. bounds: [-inf, inf]
[2025-05-30 13:27:14.400] [cout] [info]   /forceset/elbow_flexion_r_torque. bounds: [-inf, inf]
[2025-05-30 13:27:14.400] [cout] [info]   /forceset/shoulder_flexion_l_torque. bounds: [-inf, inf]
[2025-05-30 13:27:14.400] [cout] [info] Parameters: none
[2025-05-30 13:27:15.178] [info] Number of threads: 8
[2025-05-30 13:35:25.028] [info] Set log level to Info.
[2025-05-30 13:35:25.030] [info] ------------------------------------------------------------------------
[2025-05-30 13:35:25.030] [info] Elapsed real time: 491 second(s) (8 minute(s), 11 second(s)).
[2025-05-30 13:35:25.030] [info] Fri May 30 13:35:25 2025
[2025-05-30 13:35:25.030] [warning] MocoCasADiSolver did NOT succeed:
[2025-05-30 13:35:25.030] [warning]   Maximum_Iterations_Exceeded
[2025-05-30 13:35:25.030] [info] ========================================================================
[2025-05-30 13:38:51.184] [info] Loaded model 2014014_2d from file 2014014_C4_04_initial-model_2d.osim
[2025-05-30 13:40:12.186] [info] ========================================================================
[2025-05-30 13:40:12.186] [info] MocoCasADiSolver starting.
[2025-05-30 13:40:12.186] [info] Fri May 30 13:40:12 2025
[2025-05-30 13:40:12.186] [info] ------------------------------------------------------------------------
[2025-05-30 13:40:12.186] [cout] [info] Costs: (total: 3)
[2025-05-30 13:40:12.186] [cout] [info]   state_tracking. MocoStateTrackingGoal, enabled: true, mode: cost, weight: 1.0
[2025-05-30 13:40:12.186] [cout] [info]         state: /jointset/ground_pelvis/pelvis_tilt/value, weight: 12.1664
[2025-05-30 13:40:12.186] [cout] [info]         state: /jointset/ground_pelvis/pelvis_tx/value, weight: 0.0
[2025-05-30 13:40:12.186] [cout] [info]         state: /jointset/ground_pelvis/pelvis_ty/value, weight: 36.2107
[2025-05-30 13:40:12.186] [cout] [info]         state: /jointset/hip_r/hip_flexion_r/value, weight: 2.75586
[2025-05-30 13:40:12.186] [cout] [info]         state: /jointset/hip_l/hip_flexion_l/value, weight: 2.34071
[2025-05-30 13:40:12.186] [cout] [info]         state: /jointset/back/lumbar_ext/value, weight: 29.4037
[2025-05-30 13:40:12.186] [cout] [info]         state: /jointset/knee_r/knee_angle_r/value, weight: 0.925501
[2025-05-30 13:40:12.186] [cout] [info]         state: /jointset/knee_l/knee_angle_l/value, weight: 1.61229
[2025-05-30 13:40:12.186] [cout] [info]         state: /jointset/acromial_r/shoulder_flexion_r/value, weight: 6.17021
[2025-05-30 13:40:12.186] [cout] [info]         state: /jointset/acromial_l/shoulder_flexion_l/value, weight: 3.42741
[2025-05-30 13:40:12.186] [cout] [info]         state: /jointset/ankle_r/ankle_angle_r/value, weight: 6.2823
[2025-05-30 13:40:12.186] [cout] [info]         state: /jointset/ankle_l/ankle_angle_l/value, weight: 4.50354
[2025-05-30 13:40:12.186] [cout] [info]         state: /jointset/elbow_r/elbow_flexion_r/value, weight: 7.65053
[2025-05-30 13:40:12.186] [cout] [info]         state: /jointset/elbow_l/elbow_flexion_l/value, weight: 2.53764
[2025-05-30 13:40:12.186] [cout] [info]         state: /jointset/ground_pelvis/pelvis_tilt/speed, weight: 0.930004
[2025-05-30 13:40:12.186] [cout] [info]         state: /jointset/ground_pelvis/pelvis_tx/speed, weight: 0.0
[2025-05-30 13:40:12.186] [cout] [info]         state: /jointset/ground_pelvis/pelvis_ty/speed, weight: 2.72873
[2025-05-30 13:40:12.186] [cout] [info]         state: /jointset/hip_r/hip_flexion_r/speed, weight: 0.25556
[2025-05-30 13:40:12.186] [cout] [info]         state: /jointset/hip_l/hip_flexion_l/speed, weight: 0.339587
[2025-05-30 13:40:12.186] [cout] [info]         state: /jointset/back/lumbar_ext/speed, weight: 1.50353
[2025-05-30 13:40:12.186] [cout] [info]         state: /jointset/knee_r/knee_angle_r/speed, weight: 0.122041
[2025-05-30 13:40:12.186] [cout] [info]         state: /jointset/knee_l/knee_angle_l/speed, weight: 0.221248
[2025-05-30 13:40:12.186] [cout] [info]         state: /jointset/acromial_r/shoulder_flexion_r/speed, weight: 0.771884
[2025-05-30 13:40:12.186] [cout] [info]         state: /jointset/acromial_l/shoulder_flexion_l/speed, weight: 0.32994
[2025-05-30 13:40:12.186] [cout] [info]         state: /jointset/ankle_r/ankle_angle_r/speed, weight: 0.619564
[2025-05-30 13:40:12.186] [cout] [info]         state: /jointset/ankle_l/ankle_angle_l/speed, weight: 0.480794
[2025-05-30 13:40:12.186] [cout] [info]         state: /jointset/elbow_r/elbow_flexion_r/speed, weight: 1.70026
[2025-05-30 13:40:12.186] [cout] [info]         state: /jointset/elbow_l/elbow_flexion_l/speed, weight: 0.474488
[2025-05-30 13:40:12.186] [cout] [info]         state: /jointset/mtp_r/mtp_angle_r/value, weight: 0.0
[2025-05-30 13:40:12.186] [cout] [info]         state: /jointset/mtp_r/mtp_angle_r/speed, weight: 0.0
[2025-05-30 13:40:12.186] [cout] [info]         state: /jointset/mtp_l/mtp_angle_l/value, weight: 0.0
[2025-05-30 13:40:12.186] [cout] [info]         state: /jointset/mtp_l/mtp_angle_l/speed, weight: 0.0
[2025-05-30 13:40:12.186] [cout] [info]   control_effort. MocoControlGoal, enabled: true, mode: cost, weight: 10.0
[2025-05-30 13:40:12.186] [cout] [info]         control: /forceset/hamstrings_r, weight: 1.0
[2025-05-30 13:40:12.186] [cout] [info]         control: /forceset/bifemsh_r, weight: 1.0
[2025-05-30 13:40:12.186] [cout] [info]         control: /forceset/glut_max_r, weight: 1.0
[2025-05-30 13:40:12.186] [cout] [info]         control: /forceset/iliopsoas_r, weight: 1.0
[2025-05-30 13:40:12.186] [cout] [info]         control: /forceset/rect_fem_r, weight: 1.0
[2025-05-30 13:40:12.186] [cout] [info]         control: /forceset/vasti_r, weight: 1.0
[2025-05-30 13:40:12.186] [cout] [info]         control: /forceset/gastroc_r, weight: 1.0
[2025-05-30 13:40:12.186] [cout] [info]         control: /forceset/soleus_r, weight: 1.0
[2025-05-30 13:40:12.186] [cout] [info]         control: /forceset/dorsiflexors_r, weight: 1.0
[2025-05-30 13:40:12.186] [cout] [info]         control: /forceset/hamstrings_l, weight: 1.0
[2025-05-30 13:40:12.186] [cout] [info]         control: /forceset/bifemsh_l, weight: 1.0
[2025-05-30 13:40:12.186] [cout] [info]         control: /forceset/glut_max_l, weight: 1.0
[2025-05-30 13:40:12.186] [cout] [info]         control: /forceset/iliopsoas_l, weight: 1.0
[2025-05-30 13:40:12.186] [cout] [info]         control: /forceset/rect_fem_l, weight: 1.0
[2025-05-30 13:40:12.186] [cout] [info]         control: /forceset/vasti_l, weight: 1.0
[2025-05-30 13:40:12.186] [cout] [info]         control: /forceset/gastroc_l, weight: 1.0
[2025-05-30 13:40:12.186] [cout] [info]         control: /forceset/soleus_l, weight: 1.0
[2025-05-30 13:40:12.186] [cout] [info]         control: /forceset/dorsiflexors_l, weight: 1.0
[2025-05-30 13:40:12.186] [cout] [info]         control: /forceset/lumbar_ext_torque, weight: 1.0
[2025-05-30 13:40:12.186] [cout] [info]         control: /forceset/shoulder_flexion_r_torque, weight: 1.0
[2025-05-30 13:40:12.186] [cout] [info]         control: /forceset/elbow_flexion_r_torque, weight: 1.0
[2025-05-30 13:40:12.186] [cout] [info]         control: /forceset/shoulder_flexion_l_torque, weight: 1.0
[2025-05-30 13:40:12.186] [cout] [info]         control: /forceset/elbow_flexion_l_torque, weight: 1.0
[2025-05-30 13:40:12.186] [cout] [info]   contact. MocoContactTrackingGoal, enabled: true, mode: cost, weight: 0.5
[2025-05-30 13:40:12.186] [cout] [info]         projection type: plane
[2025-05-30 13:40:12.186] [cout] [info]         projection vector: ~[0,0,1]
[2025-05-30 13:40:12.186] [cout] [info]         group 0: ExternalForce: grf1
[2025-05-30 13:40:12.186] [cout] [info]             forces:
[2025-05-30 13:40:12.186] [cout] [info]                 /forceset/Contact_Foot_Ground_L1
[2025-05-30 13:40:12.186] [cout] [info]                 /forceset/Contact_Foot_Ground_L2
[2025-05-30 13:40:12.186] [cout] [info]                 /forceset/Contact_Foot_Ground_L3
[2025-05-30 13:40:12.186] [cout] [info]                 /forceset/Contact_Foot_Ground_L4
[2025-05-30 13:40:12.186] [cout] [info]                 /forceset/Contact_Foot_Ground_L5
[2025-05-30 13:40:12.186] [cout] [info]                 /forceset/Contact_Foot_Ground_L6
[2025-05-30 13:40:12.186] [cout] [info]                 /forceset/Contact_Foot_Ground_L7
[2025-05-30 13:40:12.186] [cout] [info]                 /forceset/Contact_Foot_Ground_L8
[2025-05-30 13:40:12.186] [cout] [info]         group 1: ExternalForce: grf2
[2025-05-30 13:40:12.186] [cout] [info]             forces:
[2025-05-30 13:40:12.187] [cout] [info]                 /forceset/Contact_Foot_Ground_R1
[2025-05-30 13:40:12.187] [cout] [info]                 /forceset/Contact_Foot_Ground_R2
[2025-05-30 13:40:12.187] [cout] [info]                 /forceset/Contact_Foot_Ground_R3
[2025-05-30 13:40:12.187] [cout] [info]                 /forceset/Contact_Foot_Ground_R4
[2025-05-30 13:40:12.187] [cout] [info]                 /forceset/Contact_Foot_Ground_R5
[2025-05-30 13:40:12.187] [cout] [info]                 /forceset/Contact_Foot_Ground_R6
[2025-05-30 13:40:12.187] [cout] [info]                 /forceset/Contact_Foot_Ground_R7
[2025-05-30 13:40:12.187] [cout] [info]                 /forceset/Contact_Foot_Ground_R8
[2025-05-30 13:40:12.187] [cout] [info] Endpoint constraints: (total: 2)
[2025-05-30 13:40:12.187] [cout] [info]   speed. MocoAverageSpeedGoal, enabled: true, mode: endpoint_constraint
[2025-05-30 13:40:12.187] [cout] [info]   symmetry. MocoPeriodicityGoal, enabled: true, mode: endpoint_constraint
[2025-05-30 13:40:12.187] [cout] [info]         state periodicity pairs:
[2025-05-30 13:40:12.187] [cout] [info]                 initial: /jointset/knee_r/knee_angle_r/value, final: /jointset/knee_l/knee_angle_l/value
[2025-05-30 13:40:12.187] [cout] [info]                 initial: /jointset/ankle_r/ankle_angle_r/value, final: /jointset/ankle_l/ankle_angle_l/value
[2025-05-30 13:40:12.187] [cout] [info]                 initial: /jointset/knee_l/knee_angle_l/value, final: /jointset/knee_l/knee_angle_l/value
[2025-05-30 13:40:12.187] [cout] [info]                 initial: /jointset/ankle_l/ankle_angle_l/value, final: /jointset/ankle_l/ankle_angle_l/value
[2025-05-30 13:40:12.187] [cout] [info]                 initial: /jointset/ground_pelvis/pelvis_tx/speed, final: /jointset/ground_pelvis/pelvis_tx/speed
[2025-05-30 13:40:12.187] [cout] [info]         control periodicity pairs:
[2025-05-30 13:40:12.187] [cout] [info] Kinematic constraints: none
[2025-05-30 13:40:12.187] [cout] [info] Path constraints: none
[2025-05-30 13:40:12.187] [cout] [info] States: (total: 50)
[2025-05-30 13:40:12.187] [cout] [info]   /forceset/hamstrings_r/activation. bounds: [0.01, 2]
[2025-05-30 13:40:12.187] [cout] [info]   /jointset/knee_l/knee_angle_l/value. bounds: [-1.5708, 0] initial: [-0.179552, 0]
[2025-05-30 13:40:12.187] [cout] [info]   /forceset/bifemsh_r/activation. bounds: [0.01, 2]
[2025-05-30 13:40:12.187] [cout] [info]   /forceset/glut_max_r/activation. bounds: [0.01, 2]
[2025-05-30 13:40:12.187] [cout] [info]   /forceset/iliopsoas_r/activation. bounds: [0.01, 2]
[2025-05-30 13:40:12.187] [cout] [info]   /forceset/rect_fem_r/activation. bounds: [0.01, 2]
[2025-05-30 13:40:12.187] [cout] [info]   /forceset/gastroc_r/activation. bounds: [0.01, 2]
[2025-05-30 13:40:12.187] [cout] [info]   /forceset/vasti_r/activation. bounds: [0.01, 2]
[2025-05-30 13:40:12.187] [cout] [info]   /forceset/soleus_r/activation. bounds: [0.01, 2]
[2025-05-30 13:40:12.187] [cout] [info]   /jointset/mtp_r/mtp_angle_r/speed. bounds: [-50, 50]
[2025-05-30 13:40:12.187] [cout] [info]   /jointset/ground_pelvis/pelvis_tilt/speed. bounds: [-50, 50]
[2025-05-30 13:40:12.187] [cout] [info]   /forceset/dorsiflexors_r/activation. bounds: [0.01, 2]
[2025-05-30 13:40:12.187] [cout] [info]   /jointset/mtp_r/mtp_angle_r/value. bounds: [-0.436332, 1.309]
[2025-05-30 13:40:12.187] [cout] [info]   /jointset/ground_pelvis/pelvis_tilt/value. bounds: [-0.436332, 0.436332] initial: [0.208948, 0.241825]
[2025-05-30 13:40:12.187] [cout] [info]   /forceset/hamstrings_l/activation. bounds: [0.01, 2]
[2025-05-30 13:40:12.187] [cout] [info]   /forceset/bifemsh_l/activation. bounds: [0.01, 2]
[2025-05-30 13:40:12.187] [cout] [info]   /jointset/ground_pelvis/pelvis_tx/speed. bounds: [-50, 50]
[2025-05-30 13:40:12.187] [cout] [info]   /forceset/glut_max_l/activation. bounds: [0.01, 2]
[2025-05-30 13:40:12.187] [cout] [info]   /forceset/iliopsoas_l/activation. bounds: [0.01, 2]
[2025-05-30 13:40:12.187] [cout] [info]   /forceset/rect_fem_l/activation. bounds: [0.01, 2]
[2025-05-30 13:40:12.187] [cout] [info]   /forceset/gastroc_l/activation. bounds: [0.01, 2]
[2025-05-30 13:40:12.187] [cout] [info]   /forceset/vasti_l/activation. bounds: [0.01, 2]
[2025-05-30 13:40:12.187] [cout] [info]   /forceset/soleus_l/activation. bounds: [0.01, 2]
[2025-05-30 13:40:12.187] [cout] [info]   /jointset/back/lumbar_ext/value. bounds: [-0.698132, 0.0872665] initial: [-0.380067, -0.366463]
[2025-05-30 13:40:12.187] [cout] [info]   /jointset/mtp_l/mtp_angle_l/value. bounds: [-0.436332, 1.309]
[2025-05-30 13:40:12.187] [cout] [info]   /forceset/dorsiflexors_l/activation. bounds: [0.01, 2]
[2025-05-30 13:40:12.187] [cout] [info]   /jointset/ground_pelvis/pelvis_tx/value. bounds: [-5, 5] initial: 0.175488
[2025-05-30 13:40:12.187] [cout] [info]   /jointset/knee_r/knee_angle_r/speed. bounds: [-50, 50]
[2025-05-30 13:40:12.187] [cout] [info]   /jointset/elbow_l/elbow_flexion_l/value. bounds: [0, 1.5708] initial: [0.272883, 0.43051]
[2025-05-30 13:40:12.187] [cout] [info]   /jointset/ankle_l/ankle_angle_l/value. bounds: [-0.610865, 0.349066] initial: [-0.101604, -0.0127849]
[2025-05-30 13:40:12.187] [cout] [info]   /jointset/ground_pelvis/pelvis_ty/value. bounds: [1.01463, 1.12015] initial: [1.0265, 1.12015]
[2025-05-30 13:40:12.187] [cout] [info]   /jointset/ankle_r/ankle_angle_r/value. bounds: [-0.610865, 0.349066] initial: [-0.226351, -0.16268]
[2025-05-30 13:40:12.187] [cout] [info]   /jointset/hip_r/hip_flexion_r/value. bounds: [-0.349066, 1.0472] initial: [-0.279284, -0.134139]
[2025-05-30 13:40:12.187] [cout] [info]   /jointset/back/lumbar_ext/speed. bounds: [-50, 50]
[2025-05-30 13:40:12.187] [cout] [info]   /jointset/mtp_l/mtp_angle_l/speed. bounds: [-50, 50]
[2025-05-30 13:40:12.187] [cout] [info]   /jointset/knee_r/knee_angle_r/value. bounds: [-1.5708, 0] initial: [-1.1847, -0.752503]
[2025-05-30 13:40:12.187] [cout] [info]   /jointset/knee_l/knee_angle_l/speed. bounds: [-50, 50]
[2025-05-30 13:40:12.187] [cout] [info]   /jointset/hip_l/hip_flexion_l/value. bounds: [-0.349066, 1.0472] initial: [-0.167733, 0.00315562]
[2025-05-30 13:40:12.187] [cout] [info]   /jointset/acromial_r/shoulder_flexion_r/value. bounds: [-0.523599, 0.523599] initial: [0.0744976, 0.139325]
[2025-05-30 13:40:12.187] [cout] [info]   /jointset/elbow_r/elbow_flexion_r/value. bounds: [0, 1.5708] initial: [0.375454, 0.427738]
[2025-05-30 13:40:12.187] [cout] [info]   /jointset/acromial_l/shoulder_flexion_l/value. bounds: [-0.523599, 0.523599] initial: [-0.141572, -0.0248661]
[2025-05-30 13:40:12.187] [cout] [info]   /jointset/elbow_l/elbow_flexion_l/speed. bounds: [-50, 50]
[2025-05-30 13:40:12.187] [cout] [info]   /jointset/ankle_l/ankle_angle_l/speed. bounds: [-50, 50]
[2025-05-30 13:40:12.187] [cout] [info]   /jointset/ground_pelvis/pelvis_ty/speed. bounds: [-50, 50]
[2025-05-30 13:40:12.187] [cout] [info]   /jointset/ankle_r/ankle_angle_r/speed. bounds: [-50, 50]
[2025-05-30 13:40:12.187] [cout] [info]   /jointset/hip_r/hip_flexion_r/speed. bounds: [-50, 50]
[2025-05-30 13:40:12.187] [cout] [info]   /jointset/hip_l/hip_flexion_l/speed. bounds: [-50, 50]
[2025-05-30 13:40:12.187] [cout] [info]   /jointset/acromial_r/shoulder_flexion_r/speed. bounds: [-50, 50]
[2025-05-30 13:40:12.187] [cout] [info]   /jointset/elbow_r/elbow_flexion_r/speed. bounds: [-50, 50]
[2025-05-30 13:40:12.187] [cout] [info]   /jointset/acromial_l/shoulder_flexion_l/speed. bounds: [-50, 50]
[2025-05-30 13:40:12.187] [cout] [info] Controls: (total: 23)
[2025-05-30 13:40:12.187] [cout] [info]   /forceset/hamstrings_r. bounds: [0.01, 1]
[2025-05-30 13:40:12.187] [cout] [info]   /forceset/bifemsh_r. bounds: [0.01, 1]
[2025-05-30 13:40:12.187] [cout] [info]   /forceset/glut_max_r. bounds: [0.01, 1]
[2025-05-30 13:40:12.187] [cout] [info]   /forceset/iliopsoas_r. bounds: [0.01, 1]
[2025-05-30 13:40:12.187] [cout] [info]   /forceset/rect_fem_r. bounds: [0.01, 1]
[2025-05-30 13:40:12.187] [cout] [info]   /forceset/gastroc_r. bounds: [0.01, 1]
[2025-05-30 13:40:12.187] [cout] [info]   /forceset/vasti_r. bounds: [0.01, 1]
[2025-05-30 13:40:12.187] [cout] [info]   /forceset/soleus_r. bounds: [0.01, 1]
[2025-05-30 13:40:12.187] [cout] [info]   /forceset/dorsiflexors_r. bounds: [0.01, 1]
[2025-05-30 13:40:12.187] [cout] [info]   /forceset/hamstrings_l. bounds: [0.01, 1]
[2025-05-30 13:40:12.187] [cout] [info]   /forceset/elbow_flexion_l_torque. bounds: [-inf, inf]
[2025-05-30 13:40:12.187] [cout] [info]   /forceset/bifemsh_l. bounds: [0.01, 1]
[2025-05-30 13:40:12.187] [cout] [info]   /forceset/glut_max_l. bounds: [0.01, 1]
[2025-05-30 13:40:12.187] [cout] [info]   /forceset/lumbar_ext_torque. bounds: [-inf, inf]
[2025-05-30 13:40:12.187] [cout] [info]   /forceset/iliopsoas_l. bounds: [0.01, 1]
[2025-05-30 13:40:12.187] [cout] [info]   /forceset/rect_fem_l. bounds: [0.01, 1]
[2025-05-30 13:40:12.187] [cout] [info]   /forceset/gastroc_l. bounds: [0.01, 1]
[2025-05-30 13:40:12.187] [cout] [info]   /forceset/vasti_l. bounds: [0.01, 1]
[2025-05-30 13:40:12.187] [cout] [info]   /forceset/soleus_l. bounds: [0.01, 1]
[2025-05-30 13:40:12.187] [cout] [info]   /forceset/dorsiflexors_l. bounds: [0.01, 1]
[2025-05-30 13:40:12.187] [cout] [info]   /forceset/shoulder_flexion_r_torque. bounds: [-inf, inf]
[2025-05-30 13:40:12.188] [cout] [info]   /forceset/elbow_flexion_r_torque. bounds: [-inf, inf]
[2025-05-30 13:40:12.188] [cout] [info]   /forceset/shoulder_flexion_l_torque. bounds: [-inf, inf]
[2025-05-30 13:40:12.188] [cout] [info] Parameters: none
[2025-05-30 13:40:12.956] [info] Number of threads: 8
[2025-05-30 13:40:30.665] [info] Set log level to Info.
[2025-05-30 13:40:30.666] [info] ------------------------------------------------------------------------
[2025-05-30 13:40:30.666] [info] Elapsed real time: 18 second(s).
[2025-05-30 13:40:30.666] [info] Fri May 30 13:40:30 2025
[2025-05-30 13:40:30.666] [warning] MocoCasADiSolver did NOT succeed:
[2025-05-30 13:40:30.666] [warning]   Infeasible_Problem_Detected
[2025-05-30 13:40:30.666] [info] ========================================================================
[2025-05-30 13:41:01.017] [cout] [info] Exiting visualization.
[2025-05-30 13:41:09.025] [info] Loaded model 2014014_2d from file 2014014_C4_04_initial-model_2d.osim
[2025-05-30 13:42:06.575] [info] ========================================================================
[2025-05-30 13:42:06.575] [info] MocoCasADiSolver starting.
[2025-05-30 13:42:06.575] [info] Fri May 30 13:42:06 2025
[2025-05-30 13:42:06.575] [info] ------------------------------------------------------------------------
[2025-05-30 13:42:06.575] [cout] [info] Costs: (total: 3)
[2025-05-30 13:42:06.575] [cout] [info]   state_tracking. MocoStateTrackingGoal, enabled: true, mode: cost, weight: 1.0
[2025-05-30 13:42:06.575] [cout] [info]         state: /jointset/ground_pelvis/pelvis_tilt/value, weight: 12.1664
[2025-05-30 13:42:06.575] [cout] [info]         state: /jointset/ground_pelvis/pelvis_tx/value, weight: 0.0
[2025-05-30 13:42:06.575] [cout] [info]         state: /jointset/ground_pelvis/pelvis_ty/value, weight: 36.2107
[2025-05-30 13:42:06.575] [cout] [info]         state: /jointset/hip_r/hip_flexion_r/value, weight: 2.75586
[2025-05-30 13:42:06.575] [cout] [info]         state: /jointset/hip_l/hip_flexion_l/value, weight: 2.34071
[2025-05-30 13:42:06.575] [cout] [info]         state: /jointset/back/lumbar_ext/value, weight: 29.4037
[2025-05-30 13:42:06.575] [cout] [info]         state: /jointset/knee_r/knee_angle_r/value, weight: 0.925501
[2025-05-30 13:42:06.575] [cout] [info]         state: /jointset/knee_l/knee_angle_l/value, weight: 1.61229
[2025-05-30 13:42:06.575] [cout] [info]         state: /jointset/acromial_r/shoulder_flexion_r/value, weight: 6.17021
[2025-05-30 13:42:06.575] [cout] [info]         state: /jointset/acromial_l/shoulder_flexion_l/value, weight: 3.42741
[2025-05-30 13:42:06.575] [cout] [info]         state: /jointset/ankle_r/ankle_angle_r/value, weight: 6.2823
[2025-05-30 13:42:06.575] [cout] [info]         state: /jointset/ankle_l/ankle_angle_l/value, weight: 4.50354
[2025-05-30 13:42:06.575] [cout] [info]         state: /jointset/elbow_r/elbow_flexion_r/value, weight: 7.65053
[2025-05-30 13:42:06.575] [cout] [info]         state: /jointset/elbow_l/elbow_flexion_l/value, weight: 2.53764
[2025-05-30 13:42:06.575] [cout] [info]         state: /jointset/ground_pelvis/pelvis_tilt/speed, weight: 0.930004
[2025-05-30 13:42:06.575] [cout] [info]         state: /jointset/ground_pelvis/pelvis_tx/speed, weight: 0.0
[2025-05-30 13:42:06.575] [cout] [info]         state: /jointset/ground_pelvis/pelvis_ty/speed, weight: 2.72873
[2025-05-30 13:42:06.575] [cout] [info]         state: /jointset/hip_r/hip_flexion_r/speed, weight: 0.25556
[2025-05-30 13:42:06.575] [cout] [info]         state: /jointset/hip_l/hip_flexion_l/speed, weight: 0.339587
[2025-05-30 13:42:06.575] [cout] [info]         state: /jointset/back/lumbar_ext/speed, weight: 1.50353
[2025-05-30 13:42:06.575] [cout] [info]         state: /jointset/knee_r/knee_angle_r/speed, weight: 0.122041
[2025-05-30 13:42:06.575] [cout] [info]         state: /jointset/knee_l/knee_angle_l/speed, weight: 0.221248
[2025-05-30 13:42:06.575] [cout] [info]         state: /jointset/acromial_r/shoulder_flexion_r/speed, weight: 0.771884
[2025-05-30 13:42:06.575] [cout] [info]         state: /jointset/acromial_l/shoulder_flexion_l/speed, weight: 0.32994
[2025-05-30 13:42:06.575] [cout] [info]         state: /jointset/ankle_r/ankle_angle_r/speed, weight: 0.619564
[2025-05-30 13:42:06.575] [cout] [info]         state: /jointset/ankle_l/ankle_angle_l/speed, weight: 0.480794
[2025-05-30 13:42:06.575] [cout] [info]         state: /jointset/elbow_r/elbow_flexion_r/speed, weight: 1.70026
[2025-05-30 13:42:06.575] [cout] [info]         state: /jointset/elbow_l/elbow_flexion_l/speed, weight: 0.474488
[2025-05-30 13:42:06.575] [cout] [info]         state: /jointset/mtp_r/mtp_angle_r/value, weight: 0.0
[2025-05-30 13:42:06.575] [cout] [info]         state: /jointset/mtp_r/mtp_angle_r/speed, weight: 0.0
[2025-05-30 13:42:06.575] [cout] [info]         state: /jointset/mtp_l/mtp_angle_l/value, weight: 0.0
[2025-05-30 13:42:06.575] [cout] [info]         state: /jointset/mtp_l/mtp_angle_l/speed, weight: 0.0
[2025-05-30 13:42:06.575] [cout] [info]   control_effort. MocoControlGoal, enabled: true, mode: cost, weight: 10.0
[2025-05-30 13:42:06.575] [cout] [info]         control: /forceset/hamstrings_r, weight: 1.0
[2025-05-30 13:42:06.575] [cout] [info]         control: /forceset/bifemsh_r, weight: 1.0
[2025-05-30 13:42:06.575] [cout] [info]         control: /forceset/glut_max_r, weight: 1.0
[2025-05-30 13:42:06.575] [cout] [info]         control: /forceset/iliopsoas_r, weight: 1.0
[2025-05-30 13:42:06.575] [cout] [info]         control: /forceset/rect_fem_r, weight: 1.0
[2025-05-30 13:42:06.575] [cout] [info]         control: /forceset/vasti_r, weight: 1.0
[2025-05-30 13:42:06.575] [cout] [info]         control: /forceset/gastroc_r, weight: 1.0
[2025-05-30 13:42:06.575] [cout] [info]         control: /forceset/soleus_r, weight: 1.0
[2025-05-30 13:42:06.575] [cout] [info]         control: /forceset/dorsiflexors_r, weight: 1.0
[2025-05-30 13:42:06.575] [cout] [info]         control: /forceset/hamstrings_l, weight: 1.0
[2025-05-30 13:42:06.575] [cout] [info]         control: /forceset/bifemsh_l, weight: 1.0
[2025-05-30 13:42:06.575] [cout] [info]         control: /forceset/glut_max_l, weight: 1.0
[2025-05-30 13:42:06.575] [cout] [info]         control: /forceset/iliopsoas_l, weight: 1.0
[2025-05-30 13:42:06.575] [cout] [info]         control: /forceset/rect_fem_l, weight: 1.0
[2025-05-30 13:42:06.575] [cout] [info]         control: /forceset/vasti_l, weight: 1.0
[2025-05-30 13:42:06.575] [cout] [info]         control: /forceset/gastroc_l, weight: 1.0
[2025-05-30 13:42:06.575] [cout] [info]         control: /forceset/soleus_l, weight: 1.0
[2025-05-30 13:42:06.575] [cout] [info]         control: /forceset/dorsiflexors_l, weight: 1.0
[2025-05-30 13:42:06.575] [cout] [info]         control: /forceset/lumbar_ext_torque, weight: 1.0
[2025-05-30 13:42:06.575] [cout] [info]         control: /forceset/shoulder_flexion_r_torque, weight: 1.0
[2025-05-30 13:42:06.575] [cout] [info]         control: /forceset/elbow_flexion_r_torque, weight: 1.0
[2025-05-30 13:42:06.575] [cout] [info]         control: /forceset/shoulder_flexion_l_torque, weight: 1.0
[2025-05-30 13:42:06.575] [cout] [info]         control: /forceset/elbow_flexion_l_torque, weight: 1.0
[2025-05-30 13:42:06.575] [cout] [info]   contact. MocoContactTrackingGoal, enabled: true, mode: cost, weight: 0.5
[2025-05-30 13:42:06.575] [cout] [info]         projection type: plane
[2025-05-30 13:42:06.575] [cout] [info]         projection vector: ~[0,0,1]
[2025-05-30 13:42:06.575] [cout] [info]         group 0: ExternalForce: grf1
[2025-05-30 13:42:06.575] [cout] [info]             forces:
[2025-05-30 13:42:06.575] [cout] [info]                 /forceset/Contact_Foot_Ground_L1
[2025-05-30 13:42:06.575] [cout] [info]                 /forceset/Contact_Foot_Ground_L2
[2025-05-30 13:42:06.575] [cout] [info]                 /forceset/Contact_Foot_Ground_L3
[2025-05-30 13:42:06.575] [cout] [info]                 /forceset/Contact_Foot_Ground_L4
[2025-05-30 13:42:06.575] [cout] [info]                 /forceset/Contact_Foot_Ground_L5
[2025-05-30 13:42:06.575] [cout] [info]                 /forceset/Contact_Foot_Ground_L6
[2025-05-30 13:42:06.575] [cout] [info]                 /forceset/Contact_Foot_Ground_L7
[2025-05-30 13:42:06.575] [cout] [info]                 /forceset/Contact_Foot_Ground_L8
[2025-05-30 13:42:06.575] [cout] [info]         group 1: ExternalForce: grf2
[2025-05-30 13:42:06.575] [cout] [info]             forces:
[2025-05-30 13:42:06.575] [cout] [info]                 /forceset/Contact_Foot_Ground_R1
[2025-05-30 13:42:06.575] [cout] [info]                 /forceset/Contact_Foot_Ground_R2
[2025-05-30 13:42:06.575] [cout] [info]                 /forceset/Contact_Foot_Ground_R3
[2025-05-30 13:42:06.575] [cout] [info]                 /forceset/Contact_Foot_Ground_R4
[2025-05-30 13:42:06.575] [cout] [info]                 /forceset/Contact_Foot_Ground_R5
[2025-05-30 13:42:06.575] [cout] [info]                 /forceset/Contact_Foot_Ground_R6
[2025-05-30 13:42:06.575] [cout] [info]                 /forceset/Contact_Foot_Ground_R7
[2025-05-30 13:42:06.575] [cout] [info]                 /forceset/Contact_Foot_Ground_R8
[2025-05-30 13:42:06.575] [cout] [info] Endpoint constraints: (total: 2)
[2025-05-30 13:42:06.575] [cout] [info]   speed. MocoAverageSpeedGoal, enabled: true, mode: endpoint_constraint
[2025-05-30 13:42:06.575] [cout] [info]   symmetry. MocoPeriodicityGoal, enabled: true, mode: endpoint_constraint
[2025-05-30 13:42:06.575] [cout] [info]         state periodicity pairs:
[2025-05-30 13:42:06.575] [cout] [info]                 initial: /jointset/knee_r/knee_angle_r/value, final: /jointset/knee_l/knee_angle_l/value
[2025-05-30 13:42:06.575] [cout] [info]                 initial: /jointset/ankle_l/ankle_angle_l/value, final: /jointset/ankle_l/ankle_angle_l/value
[2025-05-30 13:42:06.575] [cout] [info]                 initial: /jointset/ground_pelvis/pelvis_tx/speed, final: /jointset/ground_pelvis/pelvis_tx/speed
[2025-05-30 13:42:06.575] [cout] [info]         control periodicity pairs:
[2025-05-30 13:42:06.575] [cout] [info] Kinematic constraints: none
[2025-05-30 13:42:06.575] [cout] [info] Path constraints: none
[2025-05-30 13:42:06.575] [cout] [info] States: (total: 50)
[2025-05-30 13:42:06.575] [cout] [info]   /forceset/hamstrings_r/activation. bounds: [0.01, 2]
[2025-05-30 13:42:06.575] [cout] [info]   /jointset/knee_l/knee_angle_l/value. bounds: [-1.5708, 0] initial: [-0.179552, 0]
[2025-05-30 13:42:06.575] [cout] [info]   /forceset/bifemsh_r/activation. bounds: [0.01, 2]
[2025-05-30 13:42:06.575] [cout] [info]   /forceset/glut_max_r/activation. bounds: [0.01, 2]
[2025-05-30 13:42:06.575] [cout] [info]   /forceset/iliopsoas_r/activation. bounds: [0.01, 2]
[2025-05-30 13:42:06.575] [cout] [info]   /forceset/rect_fem_r/activation. bounds: [0.01, 2]
[2025-05-30 13:42:06.575] [cout] [info]   /forceset/gastroc_r/activation. bounds: [0.01, 2]
[2025-05-30 13:42:06.575] [cout] [info]   /forceset/vasti_r/activation. bounds: [0.01, 2]
[2025-05-30 13:42:06.575] [cout] [info]   /forceset/soleus_r/activation. bounds: [0.01, 2]
[2025-05-30 13:42:06.576] [cout] [info]   /jointset/mtp_r/mtp_angle_r/speed. bounds: [-50, 50]
[2025-05-30 13:42:06.576] [cout] [info]   /jointset/ground_pelvis/pelvis_tilt/speed. bounds: [-50, 50]
[2025-05-30 13:42:06.576] [cout] [info]   /forceset/dorsiflexors_r/activation. bounds: [0.01, 2]
[2025-05-30 13:42:06.576] [cout] [info]   /jointset/mtp_r/mtp_angle_r/value. bounds: [-0.436332, 1.309]
[2025-05-30 13:42:06.576] [cout] [info]   /jointset/ground_pelvis/pelvis_tilt/value. bounds: [-0.436332, 0.436332] initial: [0.208948, 0.241825]
[2025-05-30 13:42:06.576] [cout] [info]   /forceset/hamstrings_l/activation. bounds: [0.01, 2]
[2025-05-30 13:42:06.576] [cout] [info]   /forceset/bifemsh_l/activation. bounds: [0.01, 2]
[2025-05-30 13:42:06.576] [cout] [info]   /jointset/ground_pelvis/pelvis_tx/speed. bounds: [-50, 50]
[2025-05-30 13:42:06.576] [cout] [info]   /forceset/glut_max_l/activation. bounds: [0.01, 2]
[2025-05-30 13:42:06.576] [cout] [info]   /forceset/iliopsoas_l/activation. bounds: [0.01, 2]
[2025-05-30 13:42:06.576] [cout] [info]   /forceset/rect_fem_l/activation. bounds: [0.01, 2]
[2025-05-30 13:42:06.576] [cout] [info]   /forceset/gastroc_l/activation. bounds: [0.01, 2]
[2025-05-30 13:42:06.576] [cout] [info]   /forceset/vasti_l/activation. bounds: [0.01, 2]
[2025-05-30 13:42:06.576] [cout] [info]   /forceset/soleus_l/activation. bounds: [0.01, 2]
[2025-05-30 13:42:06.576] [cout] [info]   /jointset/back/lumbar_ext/value. bounds: [-0.698132, 0.0872665] initial: [-0.380067, -0.366463]
[2025-05-30 13:42:06.576] [cout] [info]   /jointset/mtp_l/mtp_angle_l/value. bounds: [-0.436332, 1.309]
[2025-05-30 13:42:06.576] [cout] [info]   /forceset/dorsiflexors_l/activation. bounds: [0.01, 2]
[2025-05-30 13:42:06.576] [cout] [info]   /jointset/ground_pelvis/pelvis_tx/value. bounds: [-5, 5] initial: 0.175488
[2025-05-30 13:42:06.576] [cout] [info]   /jointset/knee_r/knee_angle_r/speed. bounds: [-50, 50]
[2025-05-30 13:42:06.576] [cout] [info]   /jointset/elbow_l/elbow_flexion_l/value. bounds: [0, 1.5708] initial: [0.272883, 0.43051]
[2025-05-30 13:42:06.576] [cout] [info]   /jointset/ankle_l/ankle_angle_l/value. bounds: [-0.610865, 0.349066] initial: [-0.101604, -0.0127849]
[2025-05-30 13:42:06.576] [cout] [info]   /jointset/ground_pelvis/pelvis_ty/value. bounds: [1.01463, 1.12015] initial: [1.0265, 1.12015]
[2025-05-30 13:42:06.576] [cout] [info]   /jointset/ankle_r/ankle_angle_r/value. bounds: [-0.610865, 0.349066] initial: [-0.226351, -0.16268]
[2025-05-30 13:42:06.576] [cout] [info]   /jointset/hip_r/hip_flexion_r/value. bounds: [-0.349066, 1.0472] initial: [-0.279284, -0.134139]
[2025-05-30 13:42:06.576] [cout] [info]   /jointset/back/lumbar_ext/speed. bounds: [-50, 50]
[2025-05-30 13:42:06.576] [cout] [info]   /jointset/mtp_l/mtp_angle_l/speed. bounds: [-50, 50]
[2025-05-30 13:42:06.576] [cout] [info]   /jointset/knee_r/knee_angle_r/value. bounds: [-1.5708, 0] initial: [-1.1847, -0.752503]
[2025-05-30 13:42:06.576] [cout] [info]   /jointset/knee_l/knee_angle_l/speed. bounds: [-50, 50]
[2025-05-30 13:42:06.576] [cout] [info]   /jointset/hip_l/hip_flexion_l/value. bounds: [-0.349066, 1.0472] initial: [-0.167733, 0.00315562]
[2025-05-30 13:42:06.576] [cout] [info]   /jointset/acromial_r/shoulder_flexion_r/value. bounds: [-0.523599, 0.523599] initial: [0.0744976, 0.139325]
[2025-05-30 13:42:06.576] [cout] [info]   /jointset/elbow_r/elbow_flexion_r/value. bounds: [0, 1.5708] initial: [0.375454, 0.427738]
[2025-05-30 13:42:06.576] [cout] [info]   /jointset/acromial_l/shoulder_flexion_l/value. bounds: [-0.523599, 0.523599] initial: [-0.141572, -0.0248661]
[2025-05-30 13:42:06.576] [cout] [info]   /jointset/elbow_l/elbow_flexion_l/speed. bounds: [-50, 50]
[2025-05-30 13:42:06.576] [cout] [info]   /jointset/ankle_l/ankle_angle_l/speed. bounds: [-50, 50]
[2025-05-30 13:42:06.576] [cout] [info]   /jointset/ground_pelvis/pelvis_ty/speed. bounds: [-50, 50]
[2025-05-30 13:42:06.576] [cout] [info]   /jointset/ankle_r/ankle_angle_r/speed. bounds: [-50, 50]
[2025-05-30 13:42:06.576] [cout] [info]   /jointset/hip_r/hip_flexion_r/speed. bounds: [-50, 50]
[2025-05-30 13:42:06.576] [cout] [info]   /jointset/hip_l/hip_flexion_l/speed. bounds: [-50, 50]
[2025-05-30 13:42:06.576] [cout] [info]   /jointset/acromial_r/shoulder_flexion_r/speed. bounds: [-50, 50]
[2025-05-30 13:42:06.576] [cout] [info]   /jointset/elbow_r/elbow_flexion_r/speed. bounds: [-50, 50]
[2025-05-30 13:42:06.576] [cout] [info]   /jointset/acromial_l/shoulder_flexion_l/speed. bounds: [-50, 50]
[2025-05-30 13:42:06.576] [cout] [info] Controls: (total: 23)
[2025-05-30 13:42:06.576] [cout] [info]   /forceset/hamstrings_r. bounds: [0.01, 1]
[2025-05-30 13:42:06.576] [cout] [info]   /forceset/bifemsh_r. bounds: [0.01, 1]
[2025-05-30 13:42:06.576] [cout] [info]   /forceset/glut_max_r. bounds: [0.01, 1]
[2025-05-30 13:42:06.576] [cout] [info]   /forceset/iliopsoas_r. bounds: [0.01, 1]
[2025-05-30 13:42:06.576] [cout] [info]   /forceset/rect_fem_r. bounds: [0.01, 1]
[2025-05-30 13:42:06.576] [cout] [info]   /forceset/gastroc_r. bounds: [0.01, 1]
[2025-05-30 13:42:06.576] [cout] [info]   /forceset/vasti_r. bounds: [0.01, 1]
[2025-05-30 13:42:06.576] [cout] [info]   /forceset/soleus_r. bounds: [0.01, 1]
[2025-05-30 13:42:06.576] [cout] [info]   /forceset/dorsiflexors_r. bounds: [0.01, 1]
[2025-05-30 13:42:06.576] [cout] [info]   /forceset/hamstrings_l. bounds: [0.01, 1]
[2025-05-30 13:42:06.576] [cout] [info]   /forceset/elbow_flexion_l_torque. bounds: [-inf, inf]
[2025-05-30 13:42:06.576] [cout] [info]   /forceset/bifemsh_l. bounds: [0.01, 1]
[2025-05-30 13:42:06.576] [cout] [info]   /forceset/glut_max_l. bounds: [0.01, 1]
[2025-05-30 13:42:06.576] [cout] [info]   /forceset/lumbar_ext_torque. bounds: [-inf, inf]
[2025-05-30 13:42:06.576] [cout] [info]   /forceset/iliopsoas_l. bounds: [0.01, 1]
[2025-05-30 13:42:06.576] [cout] [info]   /forceset/rect_fem_l. bounds: [0.01, 1]
[2025-05-30 13:42:06.576] [cout] [info]   /forceset/gastroc_l. bounds: [0.01, 1]
[2025-05-30 13:42:06.576] [cout] [info]   /forceset/vasti_l. bounds: [0.01, 1]
[2025-05-30 13:42:06.576] [cout] [info]   /forceset/soleus_l. bounds: [0.01, 1]
[2025-05-30 13:42:06.576] [cout] [info]   /forceset/dorsiflexors_l. bounds: [0.01, 1]
[2025-05-30 13:42:06.576] [cout] [info]   /forceset/shoulder_flexion_r_torque. bounds: [-inf, inf]
[2025-05-30 13:42:06.576] [cout] [info]   /forceset/elbow_flexion_r_torque. bounds: [-inf, inf]
[2025-05-30 13:42:06.576] [cout] [info]   /forceset/shoulder_flexion_l_torque. bounds: [-inf, inf]
[2025-05-30 13:42:06.576] [cout] [info] Parameters: none
[2025-05-30 13:42:07.337] [info] Number of threads: 8
[2025-05-30 13:47:25.769] [info] Set log level to Info.
[2025-05-30 13:47:25.770] [info] ------------------------------------------------------------------------
[2025-05-30 13:47:25.770] [info] Elapsed real time: 319 second(s) (5 minute(s), 19 second(s)).
[2025-05-30 13:47:25.770] [info] Fri May 30 13:47:25 2025
[2025-05-30 13:47:25.771] [warning] MocoCasADiSolver did NOT succeed:
[2025-05-30 13:47:25.771] [warning]   User_Requested_Stop
[2025-05-30 13:47:25.771] [info] ========================================================================
[2025-05-30 13:47:55.283] [cout] [info] Exiting visualization.
[2025-05-30 13:49:21.498] [info] Loaded model 2014014_2d from file 2014014_C4_04_initial-model_2d.osim
[2025-05-30 13:50:09.792] [info] ========================================================================
[2025-05-30 13:50:09.792] [info] MocoCasADiSolver starting.
[2025-05-30 13:50:09.792] [info] Fri May 30 13:50:09 2025
[2025-05-30 13:50:09.792] [info] ------------------------------------------------------------------------
[2025-05-30 13:50:09.792] [cout] [info] Costs: (total: 3)
[2025-05-30 13:50:09.792] [cout] [info]   state_tracking. MocoStateTrackingGoal, enabled: true, mode: cost, weight: 1.0
[2025-05-30 13:50:09.792] [cout] [info]         state: /jointset/ground_pelvis/pelvis_tilt/value, weight: 12.1664
[2025-05-30 13:50:09.792] [cout] [info]         state: /jointset/ground_pelvis/pelvis_tx/value, weight: 0.0
[2025-05-30 13:50:09.792] [cout] [info]         state: /jointset/ground_pelvis/pelvis_ty/value, weight: 36.2107
[2025-05-30 13:50:09.792] [cout] [info]         state: /jointset/hip_r/hip_flexion_r/value, weight: 2.75586
[2025-05-30 13:50:09.792] [cout] [info]         state: /jointset/hip_l/hip_flexion_l/value, weight: 2.34071
[2025-05-30 13:50:09.792] [cout] [info]         state: /jointset/back/lumbar_ext/value, weight: 29.4037
[2025-05-30 13:50:09.792] [cout] [info]         state: /jointset/knee_r/knee_angle_r/value, weight: 0.925501
[2025-05-30 13:50:09.792] [cout] [info]         state: /jointset/knee_l/knee_angle_l/value, weight: 1.61229
[2025-05-30 13:50:09.792] [cout] [info]         state: /jointset/acromial_r/shoulder_flexion_r/value, weight: 6.17021
[2025-05-30 13:50:09.792] [cout] [info]         state: /jointset/acromial_l/shoulder_flexion_l/value, weight: 3.42741
[2025-05-30 13:50:09.792] [cout] [info]         state: /jointset/ankle_r/ankle_angle_r/value, weight: 6.2823
[2025-05-30 13:50:09.792] [cout] [info]         state: /jointset/ankle_l/ankle_angle_l/value, weight: 4.50354
[2025-05-30 13:50:09.792] [cout] [info]         state: /jointset/elbow_r/elbow_flexion_r/value, weight: 7.65053
[2025-05-30 13:50:09.792] [cout] [info]         state: /jointset/elbow_l/elbow_flexion_l/value, weight: 2.53764
[2025-05-30 13:50:09.792] [cout] [info]         state: /jointset/ground_pelvis/pelvis_tilt/speed, weight: 0.930004
[2025-05-30 13:50:09.792] [cout] [info]         state: /jointset/ground_pelvis/pelvis_tx/speed, weight: 0.0
[2025-05-30 13:50:09.792] [cout] [info]         state: /jointset/ground_pelvis/pelvis_ty/speed, weight: 2.72873
[2025-05-30 13:50:09.792] [cout] [info]         state: /jointset/hip_r/hip_flexion_r/speed, weight: 0.25556
[2025-05-30 13:50:09.792] [cout] [info]         state: /jointset/hip_l/hip_flexion_l/speed, weight: 0.339587
[2025-05-30 13:50:09.792] [cout] [info]         state: /jointset/back/lumbar_ext/speed, weight: 1.50353
[2025-05-30 13:50:09.792] [cout] [info]         state: /jointset/knee_r/knee_angle_r/speed, weight: 0.122041
[2025-05-30 13:50:09.792] [cout] [info]         state: /jointset/knee_l/knee_angle_l/speed, weight: 0.221248
[2025-05-30 13:50:09.792] [cout] [info]         state: /jointset/acromial_r/shoulder_flexion_r/speed, weight: 0.771884
[2025-05-30 13:50:09.792] [cout] [info]         state: /jointset/acromial_l/shoulder_flexion_l/speed, weight: 0.32994
[2025-05-30 13:50:09.792] [cout] [info]         state: /jointset/ankle_r/ankle_angle_r/speed, weight: 0.619564
[2025-05-30 13:50:09.792] [cout] [info]         state: /jointset/ankle_l/ankle_angle_l/speed, weight: 0.480794
[2025-05-30 13:50:09.792] [cout] [info]         state: /jointset/elbow_r/elbow_flexion_r/speed, weight: 1.70026
[2025-05-30 13:50:09.792] [cout] [info]         state: /jointset/elbow_l/elbow_flexion_l/speed, weight: 0.474488
[2025-05-30 13:50:09.792] [cout] [info]         state: /jointset/mtp_r/mtp_angle_r/value, weight: 0.0
[2025-05-30 13:50:09.792] [cout] [info]         state: /jointset/mtp_r/mtp_angle_r/speed, weight: 0.0
[2025-05-30 13:50:09.792] [cout] [info]         state: /jointset/mtp_l/mtp_angle_l/value, weight: 0.0
[2025-05-30 13:50:09.792] [cout] [info]         state: /jointset/mtp_l/mtp_angle_l/speed, weight: 0.0
[2025-05-30 13:50:09.792] [cout] [info]   control_effort. MocoControlGoal, enabled: true, mode: cost, weight: 10.0
[2025-05-30 13:50:09.792] [cout] [info]         control: /forceset/hamstrings_r, weight: 1.0
[2025-05-30 13:50:09.792] [cout] [info]         control: /forceset/bifemsh_r, weight: 1.0
[2025-05-30 13:50:09.792] [cout] [info]         control: /forceset/glut_max_r, weight: 1.0
[2025-05-30 13:50:09.792] [cout] [info]         control: /forceset/iliopsoas_r, weight: 1.0
[2025-05-30 13:50:09.792] [cout] [info]         control: /forceset/rect_fem_r, weight: 1.0
[2025-05-30 13:50:09.792] [cout] [info]         control: /forceset/vasti_r, weight: 1.0
[2025-05-30 13:50:09.792] [cout] [info]         control: /forceset/gastroc_r, weight: 1.0
[2025-05-30 13:50:09.792] [cout] [info]         control: /forceset/soleus_r, weight: 1.0
[2025-05-30 13:50:09.792] [cout] [info]         control: /forceset/dorsiflexors_r, weight: 1.0
[2025-05-30 13:50:09.792] [cout] [info]         control: /forceset/hamstrings_l, weight: 1.0
[2025-05-30 13:50:09.792] [cout] [info]         control: /forceset/bifemsh_l, weight: 1.0
[2025-05-30 13:50:09.792] [cout] [info]         control: /forceset/glut_max_l, weight: 1.0
[2025-05-30 13:50:09.792] [cout] [info]         control: /forceset/iliopsoas_l, weight: 1.0
[2025-05-30 13:50:09.792] [cout] [info]         control: /forceset/rect_fem_l, weight: 1.0
[2025-05-30 13:50:09.792] [cout] [info]         control: /forceset/vasti_l, weight: 1.0
[2025-05-30 13:50:09.792] [cout] [info]         control: /forceset/gastroc_l, weight: 1.0
[2025-05-30 13:50:09.792] [cout] [info]         control: /forceset/soleus_l, weight: 1.0
[2025-05-30 13:50:09.792] [cout] [info]         control: /forceset/dorsiflexors_l, weight: 1.0
[2025-05-30 13:50:09.793] [cout] [info]         control: /forceset/lumbar_ext_torque, weight: 1.0
[2025-05-30 13:50:09.793] [cout] [info]         control: /forceset/shoulder_flexion_r_torque, weight: 1.0
[2025-05-30 13:50:09.793] [cout] [info]         control: /forceset/elbow_flexion_r_torque, weight: 1.0
[2025-05-30 13:50:09.793] [cout] [info]         control: /forceset/shoulder_flexion_l_torque, weight: 1.0
[2025-05-30 13:50:09.793] [cout] [info]         control: /forceset/elbow_flexion_l_torque, weight: 1.0
[2025-05-30 13:50:09.793] [cout] [info]   contact. MocoContactTrackingGoal, enabled: true, mode: cost, weight: 0.5
[2025-05-30 13:50:09.793] [cout] [info]         projection type: plane
[2025-05-30 13:50:09.793] [cout] [info]         projection vector: ~[0,0,1]
[2025-05-30 13:50:09.793] [cout] [info]         group 0: ExternalForce: grf1
[2025-05-30 13:50:09.793] [cout] [info]             forces:
[2025-05-30 13:50:09.793] [cout] [info]                 /forceset/Contact_Foot_Ground_L1
[2025-05-30 13:50:09.793] [cout] [info]                 /forceset/Contact_Foot_Ground_L2
[2025-05-30 13:50:09.793] [cout] [info]                 /forceset/Contact_Foot_Ground_L3
[2025-05-30 13:50:09.793] [cout] [info]                 /forceset/Contact_Foot_Ground_L4
[2025-05-30 13:50:09.793] [cout] [info]                 /forceset/Contact_Foot_Ground_L5
[2025-05-30 13:50:09.793] [cout] [info]                 /forceset/Contact_Foot_Ground_L6
[2025-05-30 13:50:09.793] [cout] [info]                 /forceset/Contact_Foot_Ground_L7
[2025-05-30 13:50:09.793] [cout] [info]                 /forceset/Contact_Foot_Ground_L8
[2025-05-30 13:50:09.793] [cout] [info]         group 1: ExternalForce: grf2
[2025-05-30 13:50:09.793] [cout] [info]             forces:
[2025-05-30 13:50:09.793] [cout] [info]                 /forceset/Contact_Foot_Ground_R1
[2025-05-30 13:50:09.793] [cout] [info]                 /forceset/Contact_Foot_Ground_R2
[2025-05-30 13:50:09.793] [cout] [info]                 /forceset/Contact_Foot_Ground_R3
[2025-05-30 13:50:09.793] [cout] [info]                 /forceset/Contact_Foot_Ground_R4
[2025-05-30 13:50:09.793] [cout] [info]                 /forceset/Contact_Foot_Ground_R5
[2025-05-30 13:50:09.793] [cout] [info]                 /forceset/Contact_Foot_Ground_R6
[2025-05-30 13:50:09.793] [cout] [info]                 /forceset/Contact_Foot_Ground_R7
[2025-05-30 13:50:09.793] [cout] [info]                 /forceset/Contact_Foot_Ground_R8
[2025-05-30 13:50:09.793] [cout] [info] Endpoint constraints: (total: 2)
[2025-05-30 13:50:09.793] [cout] [info]   speed. MocoAverageSpeedGoal, enabled: true, mode: endpoint_constraint
[2025-05-30 13:50:09.793] [cout] [info]   symmetry. MocoPeriodicityGoal, enabled: true, mode: endpoint_constraint
[2025-05-30 13:50:09.793] [cout] [info]         state periodicity pairs:
[2025-05-30 13:50:09.793] [cout] [info]                 initial: /jointset/knee_r/knee_angle_r/value, final: /jointset/knee_l/knee_angle_l/value
[2025-05-30 13:50:09.793] [cout] [info]                 initial: /jointset/ankle_r/ankle_angle_r/value, final: /jointset/ankle_l/ankle_angle_l/value
[2025-05-30 13:50:09.793] [cout] [info]                 initial: /jointset/ground_pelvis/pelvis_tx/speed, final: /jointset/ground_pelvis/pelvis_tx/speed
[2025-05-30 13:50:09.793] [cout] [info]         control periodicity pairs:
[2025-05-30 13:50:09.793] [cout] [info] Kinematic constraints: none
[2025-05-30 13:50:09.793] [cout] [info] Path constraints: none
[2025-05-30 13:50:09.793] [cout] [info] States: (total: 50)
[2025-05-30 13:50:09.793] [cout] [info]   /forceset/hamstrings_r/activation. bounds: [0.01, 2]
[2025-05-30 13:50:09.793] [cout] [info]   /jointset/knee_l/knee_angle_l/value. bounds: [-1.5708, 0]
[2025-05-30 13:50:09.793] [cout] [info]   /forceset/bifemsh_r/activation. bounds: [0.01, 2]
[2025-05-30 13:50:09.793] [cout] [info]   /forceset/glut_max_r/activation. bounds: [0.01, 2]
[2025-05-30 13:50:09.793] [cout] [info]   /forceset/iliopsoas_r/activation. bounds: [0.01, 2]
[2025-05-30 13:50:09.793] [cout] [info]   /forceset/rect_fem_r/activation. bounds: [0.01, 2]
[2025-05-30 13:50:09.793] [cout] [info]   /forceset/gastroc_r/activation. bounds: [0.01, 2]
[2025-05-30 13:50:09.793] [cout] [info]   /forceset/vasti_r/activation. bounds: [0.01, 2]
[2025-05-30 13:50:09.793] [cout] [info]   /forceset/soleus_r/activation. bounds: [0.01, 2]
[2025-05-30 13:50:09.793] [cout] [info]   /jointset/mtp_r/mtp_angle_r/speed. bounds: [-50, 50]
[2025-05-30 13:50:09.793] [cout] [info]   /jointset/ground_pelvis/pelvis_tilt/speed. bounds: [-50, 50]
[2025-05-30 13:50:09.793] [cout] [info]   /forceset/dorsiflexors_r/activation. bounds: [0.01, 2]
[2025-05-30 13:50:09.793] [cout] [info]   /jointset/mtp_r/mtp_angle_r/value. bounds: [-0.436332, 1.309]
[2025-05-30 13:50:09.793] [cout] [info]   /jointset/ground_pelvis/pelvis_tilt/value. bounds: [-0.436332, 0.436332]
[2025-05-30 13:50:09.793] [cout] [info]   /forceset/hamstrings_l/activation. bounds: [0.01, 2]
[2025-05-30 13:50:09.793] [cout] [info]   /forceset/bifemsh_l/activation. bounds: [0.01, 2]
[2025-05-30 13:50:09.793] [cout] [info]   /jointset/ground_pelvis/pelvis_tx/speed. bounds: [-50, 50]
[2025-05-30 13:50:09.793] [cout] [info]   /forceset/glut_max_l/activation. bounds: [0.01, 2]
[2025-05-30 13:50:09.793] [cout] [info]   /forceset/iliopsoas_l/activation. bounds: [0.01, 2]
[2025-05-30 13:50:09.793] [cout] [info]   /forceset/rect_fem_l/activation. bounds: [0.01, 2]
[2025-05-30 13:50:09.793] [cout] [info]   /forceset/gastroc_l/activation. bounds: [0.01, 2]
[2025-05-30 13:50:09.793] [cout] [info]   /forceset/vasti_l/activation. bounds: [0.01, 2]
[2025-05-30 13:50:09.793] [cout] [info]   /forceset/soleus_l/activation. bounds: [0.01, 2]
[2025-05-30 13:50:09.793] [cout] [info]   /jointset/back/lumbar_ext/value. bounds: [-0.698132, 0.0872665]
[2025-05-30 13:50:09.793] [cout] [info]   /jointset/mtp_l/mtp_angle_l/value. bounds: [-0.436332, 1.309]
[2025-05-30 13:50:09.793] [cout] [info]   /forceset/dorsiflexors_l/activation. bounds: [0.01, 2]
[2025-05-30 13:50:09.793] [cout] [info]   /jointset/ground_pelvis/pelvis_tx/value. bounds: [-5, 5]
[2025-05-30 13:50:09.793] [cout] [info]   /jointset/knee_r/knee_angle_r/speed. bounds: [-50, 50]
[2025-05-30 13:50:09.793] [cout] [info]   /jointset/elbow_l/elbow_flexion_l/value. bounds: [0, 1.5708]
[2025-05-30 13:50:09.793] [cout] [info]   /jointset/ankle_l/ankle_angle_l/value. bounds: [-0.610865, 0.349066]
[2025-05-30 13:50:09.793] [cout] [info]   /jointset/ground_pelvis/pelvis_ty/value. bounds: [1.01463, 1.12015]
[2025-05-30 13:50:09.793] [cout] [info]   /jointset/ankle_r/ankle_angle_r/value. bounds: [-0.610865, 0.349066]
[2025-05-30 13:50:09.793] [cout] [info]   /jointset/hip_r/hip_flexion_r/value. bounds: [-0.349066, 1.0472]
[2025-05-30 13:50:09.793] [cout] [info]   /jointset/back/lumbar_ext/speed. bounds: [-50, 50]
[2025-05-30 13:50:09.793] [cout] [info]   /jointset/mtp_l/mtp_angle_l/speed. bounds: [-50, 50]
[2025-05-30 13:50:09.793] [cout] [info]   /jointset/knee_r/knee_angle_r/value. bounds: [-1.5708, 0]
[2025-05-30 13:50:09.793] [cout] [info]   /jointset/knee_l/knee_angle_l/speed. bounds: [-50, 50]
[2025-05-30 13:50:09.793] [cout] [info]   /jointset/hip_l/hip_flexion_l/value. bounds: [-0.349066, 1.0472]
[2025-05-30 13:50:09.793] [cout] [info]   /jointset/acromial_r/shoulder_flexion_r/value. bounds: [-0.523599, 0.523599]
[2025-05-30 13:50:09.793] [cout] [info]   /jointset/elbow_r/elbow_flexion_r/value. bounds: [0, 1.5708]
[2025-05-30 13:50:09.793] [cout] [info]   /jointset/acromial_l/shoulder_flexion_l/value. bounds: [-0.523599, 0.523599]
[2025-05-30 13:50:09.793] [cout] [info]   /jointset/elbow_l/elbow_flexion_l/speed. bounds: [-50, 50]
[2025-05-30 13:50:09.793] [cout] [info]   /jointset/ankle_l/ankle_angle_l/speed. bounds: [-50, 50]
[2025-05-30 13:50:09.793] [cout] [info]   /jointset/ground_pelvis/pelvis_ty/speed. bounds: [-50, 50]
[2025-05-30 13:50:09.793] [cout] [info]   /jointset/ankle_r/ankle_angle_r/speed. bounds: [-50, 50]
[2025-05-30 13:50:09.793] [cout] [info]   /jointset/hip_r/hip_flexion_r/speed. bounds: [-50, 50]
[2025-05-30 13:50:09.793] [cout] [info]   /jointset/hip_l/hip_flexion_l/speed. bounds: [-50, 50]
[2025-05-30 13:50:09.793] [cout] [info]   /jointset/acromial_r/shoulder_flexion_r/speed. bounds: [-50, 50]
[2025-05-30 13:50:09.793] [cout] [info]   /jointset/elbow_r/elbow_flexion_r/speed. bounds: [-50, 50]
[2025-05-30 13:50:09.793] [cout] [info]   /jointset/acromial_l/shoulder_flexion_l/speed. bounds: [-50, 50]
[2025-05-30 13:50:09.793] [cout] [info] Controls: (total: 23)
[2025-05-30 13:50:09.793] [cout] [info]   /forceset/hamstrings_r. bounds: [0.01, 1]
[2025-05-30 13:50:09.793] [cout] [info]   /forceset/bifemsh_r. bounds: [0.01, 1]
[2025-05-30 13:50:09.793] [cout] [info]   /forceset/glut_max_r. bounds: [0.01, 1]
[2025-05-30 13:50:09.793] [cout] [info]   /forceset/iliopsoas_r. bounds: [0.01, 1]
[2025-05-30 13:50:09.793] [cout] [info]   /forceset/rect_fem_r. bounds: [0.01, 1]
[2025-05-30 13:50:09.793] [cout] [info]   /forceset/gastroc_r. bounds: [0.01, 1]
[2025-05-30 13:50:09.793] [cout] [info]   /forceset/vasti_r. bounds: [0.01, 1]
[2025-05-30 13:50:09.794] [cout] [info]   /forceset/soleus_r. bounds: [0.01, 1]
[2025-05-30 13:50:09.794] [cout] [info]   /forceset/dorsiflexors_r. bounds: [0.01, 1]
[2025-05-30 13:50:09.794] [cout] [info]   /forceset/hamstrings_l. bounds: [0.01, 1]
[2025-05-30 13:50:09.794] [cout] [info]   /forceset/elbow_flexion_l_torque. bounds: [-inf, inf]
[2025-05-30 13:50:09.794] [cout] [info]   /forceset/bifemsh_l. bounds: [0.01, 1]
[2025-05-30 13:50:09.794] [cout] [info]   /forceset/glut_max_l. bounds: [0.01, 1]
[2025-05-30 13:50:09.794] [cout] [info]   /forceset/lumbar_ext_torque. bounds: [-inf, inf]
[2025-05-30 13:50:09.794] [cout] [info]   /forceset/iliopsoas_l. bounds: [0.01, 1]
[2025-05-30 13:50:09.794] [cout] [info]   /forceset/rect_fem_l. bounds: [0.01, 1]
[2025-05-30 13:50:09.794] [cout] [info]   /forceset/gastroc_l. bounds: [0.01, 1]
[2025-05-30 13:50:09.794] [cout] [info]   /forceset/vasti_l. bounds: [0.01, 1]
[2025-05-30 13:50:09.794] [cout] [info]   /forceset/soleus_l. bounds: [0.01, 1]
[2025-05-30 13:50:09.794] [cout] [info]   /forceset/dorsiflexors_l. bounds: [0.01, 1]
[2025-05-30 13:50:09.794] [cout] [info]   /forceset/shoulder_flexion_r_torque. bounds: [-inf, inf]
[2025-05-30 13:50:09.794] [cout] [info]   /forceset/elbow_flexion_r_torque. bounds: [-inf, inf]
[2025-05-30 13:50:09.794] [cout] [info]   /forceset/shoulder_flexion_l_torque. bounds: [-inf, inf]
[2025-05-30 13:50:09.794] [cout] [info] Parameters: none
[2025-05-30 13:50:10.633] [info] Number of threads: 8
[2025-05-30 13:52:18.494] [info] Set log level to Info.
[2025-05-30 13:52:18.495] [info] ------------------------------------------------------------------------
[2025-05-30 13:52:18.495] [info] Elapsed real time: 129 second(s) (2 minute(s), 9 second(s)).
[2025-05-30 13:52:18.495] [info] Fri May 30 13:52:18 2025
[2025-05-30 13:52:18.495] [warning] MocoCasADiSolver did NOT succeed:
[2025-05-30 13:52:18.495] [warning]   User_Requested_Stop
[2025-05-30 13:52:18.495] [info] ========================================================================
[2025-05-30 13:52:40.965] [cout] [info] Exiting visualization.
[2025-05-30 13:53:49.765] [info] Loaded model 2014014_2d from file 2014014_C4_04_initial-model_2d.osim
[2025-05-30 13:54:10.236] [info] ========================================================================
[2025-05-30 13:54:10.236] [info] MocoCasADiSolver starting.
[2025-05-30 13:54:10.236] [info] Fri May 30 13:54:10 2025
[2025-05-30 13:54:10.236] [info] ------------------------------------------------------------------------
[2025-05-30 13:54:10.236] [cout] [info] Costs: (total: 3)
[2025-05-30 13:54:10.236] [cout] [info]   state_tracking. MocoStateTrackingGoal, enabled: true, mode: cost, weight: 1.0
[2025-05-30 13:54:10.236] [cout] [info]         state: /jointset/ground_pelvis/pelvis_tilt/value, weight: 12.1664
[2025-05-30 13:54:10.236] [cout] [info]         state: /jointset/ground_pelvis/pelvis_tx/value, weight: 0.0
[2025-05-30 13:54:10.236] [cout] [info]         state: /jointset/ground_pelvis/pelvis_ty/value, weight: 36.2107
[2025-05-30 13:54:10.236] [cout] [info]         state: /jointset/hip_r/hip_flexion_r/value, weight: 2.75586
[2025-05-30 13:54:10.236] [cout] [info]         state: /jointset/hip_l/hip_flexion_l/value, weight: 2.34071
[2025-05-30 13:54:10.236] [cout] [info]         state: /jointset/back/lumbar_ext/value, weight: 29.4037
[2025-05-30 13:54:10.236] [cout] [info]         state: /jointset/knee_r/knee_angle_r/value, weight: 0.925501
[2025-05-30 13:54:10.236] [cout] [info]         state: /jointset/knee_l/knee_angle_l/value, weight: 1.61229
[2025-05-30 13:54:10.236] [cout] [info]         state: /jointset/acromial_r/shoulder_flexion_r/value, weight: 6.17021
[2025-05-30 13:54:10.236] [cout] [info]         state: /jointset/acromial_l/shoulder_flexion_l/value, weight: 3.42741
[2025-05-30 13:54:10.236] [cout] [info]         state: /jointset/ankle_r/ankle_angle_r/value, weight: 6.2823
[2025-05-30 13:54:10.236] [cout] [info]         state: /jointset/ankle_l/ankle_angle_l/value, weight: 4.50354
[2025-05-30 13:54:10.236] [cout] [info]         state: /jointset/elbow_r/elbow_flexion_r/value, weight: 7.65053
[2025-05-30 13:54:10.236] [cout] [info]         state: /jointset/elbow_l/elbow_flexion_l/value, weight: 2.53764
[2025-05-30 13:54:10.236] [cout] [info]         state: /jointset/ground_pelvis/pelvis_tilt/speed, weight: 0.930004
[2025-05-30 13:54:10.236] [cout] [info]         state: /jointset/ground_pelvis/pelvis_tx/speed, weight: 0.0
[2025-05-30 13:54:10.236] [cout] [info]         state: /jointset/ground_pelvis/pelvis_ty/speed, weight: 2.72873
[2025-05-30 13:54:10.236] [cout] [info]         state: /jointset/hip_r/hip_flexion_r/speed, weight: 0.25556
[2025-05-30 13:54:10.236] [cout] [info]         state: /jointset/hip_l/hip_flexion_l/speed, weight: 0.339587
[2025-05-30 13:54:10.236] [cout] [info]         state: /jointset/back/lumbar_ext/speed, weight: 1.50353
[2025-05-30 13:54:10.236] [cout] [info]         state: /jointset/knee_r/knee_angle_r/speed, weight: 0.122041
[2025-05-30 13:54:10.236] [cout] [info]         state: /jointset/knee_l/knee_angle_l/speed, weight: 0.221248
[2025-05-30 13:54:10.236] [cout] [info]         state: /jointset/acromial_r/shoulder_flexion_r/speed, weight: 0.771884
[2025-05-30 13:54:10.236] [cout] [info]         state: /jointset/acromial_l/shoulder_flexion_l/speed, weight: 0.32994
[2025-05-30 13:54:10.236] [cout] [info]         state: /jointset/ankle_r/ankle_angle_r/speed, weight: 0.619564
[2025-05-30 13:54:10.236] [cout] [info]         state: /jointset/ankle_l/ankle_angle_l/speed, weight: 0.480794
[2025-05-30 13:54:10.236] [cout] [info]         state: /jointset/elbow_r/elbow_flexion_r/speed, weight: 1.70026
[2025-05-30 13:54:10.236] [cout] [info]         state: /jointset/elbow_l/elbow_flexion_l/speed, weight: 0.474488
[2025-05-30 13:54:10.236] [cout] [info]         state: /jointset/mtp_r/mtp_angle_r/value, weight: 0.0
[2025-05-30 13:54:10.236] [cout] [info]         state: /jointset/mtp_r/mtp_angle_r/speed, weight: 0.0
[2025-05-30 13:54:10.236] [cout] [info]         state: /jointset/mtp_l/mtp_angle_l/value, weight: 0.0
[2025-05-30 13:54:10.236] [cout] [info]         state: /jointset/mtp_l/mtp_angle_l/speed, weight: 0.0
[2025-05-30 13:54:10.236] [cout] [info]   control_effort. MocoControlGoal, enabled: true, mode: cost, weight: 10.0
[2025-05-30 13:54:10.236] [cout] [info]         control: /forceset/hamstrings_r, weight: 1.0
[2025-05-30 13:54:10.236] [cout] [info]         control: /forceset/bifemsh_r, weight: 1.0
[2025-05-30 13:54:10.236] [cout] [info]         control: /forceset/glut_max_r, weight: 1.0
[2025-05-30 13:54:10.236] [cout] [info]         control: /forceset/iliopsoas_r, weight: 1.0
[2025-05-30 13:54:10.236] [cout] [info]         control: /forceset/rect_fem_r, weight: 1.0
[2025-05-30 13:54:10.236] [cout] [info]         control: /forceset/vasti_r, weight: 1.0
[2025-05-30 13:54:10.236] [cout] [info]         control: /forceset/gastroc_r, weight: 1.0
[2025-05-30 13:54:10.236] [cout] [info]         control: /forceset/soleus_r, weight: 1.0
[2025-05-30 13:54:10.236] [cout] [info]         control: /forceset/dorsiflexors_r, weight: 1.0
[2025-05-30 13:54:10.236] [cout] [info]         control: /forceset/hamstrings_l, weight: 1.0
[2025-05-30 13:54:10.236] [cout] [info]         control: /forceset/bifemsh_l, weight: 1.0
[2025-05-30 13:54:10.236] [cout] [info]         control: /forceset/glut_max_l, weight: 1.0
[2025-05-30 13:54:10.236] [cout] [info]         control: /forceset/iliopsoas_l, weight: 1.0
[2025-05-30 13:54:10.236] [cout] [info]         control: /forceset/rect_fem_l, weight: 1.0
[2025-05-30 13:54:10.236] [cout] [info]         control: /forceset/vasti_l, weight: 1.0
[2025-05-30 13:54:10.236] [cout] [info]         control: /forceset/gastroc_l, weight: 1.0
[2025-05-30 13:54:10.236] [cout] [info]         control: /forceset/soleus_l, weight: 1.0
[2025-05-30 13:54:10.236] [cout] [info]         control: /forceset/dorsiflexors_l, weight: 1.0
[2025-05-30 13:54:10.236] [cout] [info]         control: /forceset/lumbar_ext_torque, weight: 1.0
[2025-05-30 13:54:10.236] [cout] [info]         control: /forceset/shoulder_flexion_r_torque, weight: 1.0
[2025-05-30 13:54:10.236] [cout] [info]         control: /forceset/elbow_flexion_r_torque, weight: 1.0
[2025-05-30 13:54:10.236] [cout] [info]         control: /forceset/shoulder_flexion_l_torque, weight: 1.0
[2025-05-30 13:54:10.236] [cout] [info]         control: /forceset/elbow_flexion_l_torque, weight: 1.0
[2025-05-30 13:54:10.236] [cout] [info]   contact. MocoContactTrackingGoal, enabled: true, mode: cost, weight: 0.5
[2025-05-30 13:54:10.236] [cout] [info]         projection type: plane
[2025-05-30 13:54:10.236] [cout] [info]         projection vector: ~[0,0,1]
[2025-05-30 13:54:10.236] [cout] [info]         group 0: ExternalForce: grf1
[2025-05-30 13:54:10.236] [cout] [info]             forces:
[2025-05-30 13:54:10.236] [cout] [info]                 /forceset/Contact_Foot_Ground_L1
[2025-05-30 13:54:10.236] [cout] [info]                 /forceset/Contact_Foot_Ground_L2
[2025-05-30 13:54:10.236] [cout] [info]                 /forceset/Contact_Foot_Ground_L3
[2025-05-30 13:54:10.237] [cout] [info]                 /forceset/Contact_Foot_Ground_L4
[2025-05-30 13:54:10.237] [cout] [info]                 /forceset/Contact_Foot_Ground_L5
[2025-05-30 13:54:10.237] [cout] [info]                 /forceset/Contact_Foot_Ground_L6
[2025-05-30 13:54:10.237] [cout] [info]                 /forceset/Contact_Foot_Ground_L7
[2025-05-30 13:54:10.237] [cout] [info]                 /forceset/Contact_Foot_Ground_L8
[2025-05-30 13:54:10.237] [cout] [info]         group 1: ExternalForce: grf2
[2025-05-30 13:54:10.237] [cout] [info]             forces:
[2025-05-30 13:54:10.237] [cout] [info]                 /forceset/Contact_Foot_Ground_R1
[2025-05-30 13:54:10.237] [cout] [info]                 /forceset/Contact_Foot_Ground_R2
[2025-05-30 13:54:10.237] [cout] [info]                 /forceset/Contact_Foot_Ground_R3
[2025-05-30 13:54:10.237] [cout] [info]                 /forceset/Contact_Foot_Ground_R4
[2025-05-30 13:54:10.237] [cout] [info]                 /forceset/Contact_Foot_Ground_R5
[2025-05-30 13:54:10.237] [cout] [info]                 /forceset/Contact_Foot_Ground_R6
[2025-05-30 13:54:10.237] [cout] [info]                 /forceset/Contact_Foot_Ground_R7
[2025-05-30 13:54:10.237] [cout] [info]                 /forceset/Contact_Foot_Ground_R8
[2025-05-30 13:54:10.237] [cout] [info] Endpoint constraints: (total: 2)
[2025-05-30 13:54:10.237] [cout] [info]   speed. MocoAverageSpeedGoal, enabled: true, mode: endpoint_constraint
[2025-05-30 13:54:10.237] [cout] [info]   symmetry. MocoPeriodicityGoal, enabled: true, mode: endpoint_constraint
[2025-05-30 13:54:10.237] [cout] [info]         state periodicity pairs:
[2025-05-30 13:54:10.237] [cout] [info]                 initial: /jointset/knee_r/knee_angle_r/value, final: /jointset/knee_l/knee_angle_l/value
[2025-05-30 13:54:10.237] [cout] [info]                 initial: /jointset/ankle_r/ankle_angle_r/value, final: /jointset/ankle_l/ankle_angle_l/value
[2025-05-30 13:54:10.237] [cout] [info]                 initial: /jointset/ground_pelvis/pelvis_tx/speed, final: /jointset/ground_pelvis/pelvis_tx/speed
[2025-05-30 13:54:10.237] [cout] [info]         control periodicity pairs:
[2025-05-30 13:54:10.237] [cout] [info] Kinematic constraints: none
[2025-05-30 13:54:10.237] [cout] [info] Path constraints: none
[2025-05-30 13:54:10.237] [cout] [info] States: (total: 50)
[2025-05-30 13:54:10.237] [cout] [info]   /forceset/hamstrings_r/activation. bounds: [0.01, 2]
[2025-05-30 13:54:10.237] [cout] [info]   /jointset/knee_l/knee_angle_l/value. bounds: [-1.5708, 0] initial: [-0.179552, 0]
[2025-05-30 13:54:10.237] [cout] [info]   /forceset/bifemsh_r/activation. bounds: [0.01, 2]
[2025-05-30 13:54:10.237] [cout] [info]   /forceset/glut_max_r/activation. bounds: [0.01, 2]
[2025-05-30 13:54:10.237] [cout] [info]   /forceset/iliopsoas_r/activation. bounds: [0.01, 2]
[2025-05-30 13:54:10.237] [cout] [info]   /forceset/rect_fem_r/activation. bounds: [0.01, 2]
[2025-05-30 13:54:10.237] [cout] [info]   /forceset/gastroc_r/activation. bounds: [0.01, 2]
[2025-05-30 13:54:10.237] [cout] [info]   /forceset/vasti_r/activation. bounds: [0.01, 2]
[2025-05-30 13:54:10.237] [cout] [info]   /forceset/soleus_r/activation. bounds: [0.01, 2]
[2025-05-30 13:54:10.237] [cout] [info]   /jointset/mtp_r/mtp_angle_r/speed. bounds: [-50, 50]
[2025-05-30 13:54:10.237] [cout] [info]   /jointset/ground_pelvis/pelvis_tilt/speed. bounds: [-50, 50]
[2025-05-30 13:54:10.237] [cout] [info]   /forceset/dorsiflexors_r/activation. bounds: [0.01, 2]
[2025-05-30 13:54:10.237] [cout] [info]   /jointset/mtp_r/mtp_angle_r/value. bounds: [-0.436332, 1.309]
[2025-05-30 13:54:10.237] [cout] [info]   /jointset/ground_pelvis/pelvis_tilt/value. bounds: [-0.436332, 0.436332] initial: [0.208948, 0.241825]
[2025-05-30 13:54:10.237] [cout] [info]   /forceset/hamstrings_l/activation. bounds: [0.01, 2]
[2025-05-30 13:54:10.237] [cout] [info]   /forceset/bifemsh_l/activation. bounds: [0.01, 2]
[2025-05-30 13:54:10.237] [cout] [info]   /jointset/ground_pelvis/pelvis_tx/speed. bounds: [-50, 50]
[2025-05-30 13:54:10.237] [cout] [info]   /forceset/glut_max_l/activation. bounds: [0.01, 2]
[2025-05-30 13:54:10.237] [cout] [info]   /forceset/iliopsoas_l/activation. bounds: [0.01, 2]
[2025-05-30 13:54:10.237] [cout] [info]   /forceset/rect_fem_l/activation. bounds: [0.01, 2]
[2025-05-30 13:54:10.237] [cout] [info]   /forceset/gastroc_l/activation. bounds: [0.01, 2]
[2025-05-30 13:54:10.237] [cout] [info]   /forceset/vasti_l/activation. bounds: [0.01, 2]
[2025-05-30 13:54:10.237] [cout] [info]   /forceset/soleus_l/activation. bounds: [0.01, 2]
[2025-05-30 13:54:10.237] [cout] [info]   /jointset/back/lumbar_ext/value. bounds: [-0.698132, 0.0872665] initial: [-0.380067, -0.366463]
[2025-05-30 13:54:10.237] [cout] [info]   /jointset/mtp_l/mtp_angle_l/value. bounds: [-0.436332, 1.309]
[2025-05-30 13:54:10.237] [cout] [info]   /forceset/dorsiflexors_l/activation. bounds: [0.01, 2]
[2025-05-30 13:54:10.237] [cout] [info]   /jointset/ground_pelvis/pelvis_tx/value. bounds: [-5, 5] initial: 0.175488
[2025-05-30 13:54:10.237] [cout] [info]   /jointset/knee_r/knee_angle_r/speed. bounds: [-50, 50]
[2025-05-30 13:54:10.237] [cout] [info]   /jointset/elbow_l/elbow_flexion_l/value. bounds: [0, 1.5708] initial: [0.272883, 0.43051]
[2025-05-30 13:54:10.237] [cout] [info]   /jointset/ankle_l/ankle_angle_l/value. bounds: [-0.610865, 0.349066] initial: [-0.101604, -0.0127849]
[2025-05-30 13:54:10.237] [cout] [info]   /jointset/ground_pelvis/pelvis_ty/value. bounds: [1.01463, 1.12015] initial: [1.0265, 1.12015]
[2025-05-30 13:54:10.237] [cout] [info]   /jointset/ankle_r/ankle_angle_r/value. bounds: [-0.610865, 0.349066] initial: [-0.226351, -0.16268]
[2025-05-30 13:54:10.237] [cout] [info]   /jointset/hip_r/hip_flexion_r/value. bounds: [-0.349066, 1.0472] initial: [-0.279284, -0.134139]
[2025-05-30 13:54:10.237] [cout] [info]   /jointset/back/lumbar_ext/speed. bounds: [-50, 50]
[2025-05-30 13:54:10.237] [cout] [info]   /jointset/mtp_l/mtp_angle_l/speed. bounds: [-50, 50]
[2025-05-30 13:54:10.237] [cout] [info]   /jointset/knee_r/knee_angle_r/value. bounds: [-1.5708, 0] initial: [-1.1847, -0.752503]
[2025-05-30 13:54:10.237] [cout] [info]   /jointset/knee_l/knee_angle_l/speed. bounds: [-50, 50]
[2025-05-30 13:54:10.237] [cout] [info]   /jointset/hip_l/hip_flexion_l/value. bounds: [-0.349066, 1.0472] initial: [-0.167733, 0.00315562]
[2025-05-30 13:54:10.237] [cout] [info]   /jointset/acromial_r/shoulder_flexion_r/value. bounds: [-0.523599, 0.523599] initial: [0.0744976, 0.139325]
[2025-05-30 13:54:10.237] [cout] [info]   /jointset/elbow_r/elbow_flexion_r/value. bounds: [0, 1.5708] initial: [0.375454, 0.427738]
[2025-05-30 13:54:10.237] [cout] [info]   /jointset/acromial_l/shoulder_flexion_l/value. bounds: [-0.523599, 0.523599] initial: [-0.141572, -0.0248661]
[2025-05-30 13:54:10.237] [cout] [info]   /jointset/elbow_l/elbow_flexion_l/speed. bounds: [-50, 50]
[2025-05-30 13:54:10.237] [cout] [info]   /jointset/ankle_l/ankle_angle_l/speed. bounds: [-50, 50]
[2025-05-30 13:54:10.237] [cout] [info]   /jointset/ground_pelvis/pelvis_ty/speed. bounds: [-50, 50]
[2025-05-30 13:54:10.237] [cout] [info]   /jointset/ankle_r/ankle_angle_r/speed. bounds: [-50, 50]
[2025-05-30 13:54:10.237] [cout] [info]   /jointset/hip_r/hip_flexion_r/speed. bounds: [-50, 50]
[2025-05-30 13:54:10.237] [cout] [info]   /jointset/hip_l/hip_flexion_l/speed. bounds: [-50, 50]
[2025-05-30 13:54:10.237] [cout] [info]   /jointset/acromial_r/shoulder_flexion_r/speed. bounds: [-50, 50]
[2025-05-30 13:54:10.237] [cout] [info]   /jointset/elbow_r/elbow_flexion_r/speed. bounds: [-50, 50]
[2025-05-30 13:54:10.237] [cout] [info]   /jointset/acromial_l/shoulder_flexion_l/speed. bounds: [-50, 50]
[2025-05-30 13:54:10.237] [cout] [info] Controls: (total: 23)
[2025-05-30 13:54:10.237] [cout] [info]   /forceset/hamstrings_r. bounds: [0.01, 1]
[2025-05-30 13:54:10.237] [cout] [info]   /forceset/bifemsh_r. bounds: [0.01, 1]
[2025-05-30 13:54:10.237] [cout] [info]   /forceset/glut_max_r. bounds: [0.01, 1]
[2025-05-30 13:54:10.237] [cout] [info]   /forceset/iliopsoas_r. bounds: [0.01, 1]
[2025-05-30 13:54:10.237] [cout] [info]   /forceset/rect_fem_r. bounds: [0.01, 1]
[2025-05-30 13:54:10.237] [cout] [info]   /forceset/gastroc_r. bounds: [0.01, 1]
[2025-05-30 13:54:10.237] [cout] [info]   /forceset/vasti_r. bounds: [0.01, 1]
[2025-05-30 13:54:10.237] [cout] [info]   /forceset/soleus_r. bounds: [0.01, 1]
[2025-05-30 13:54:10.237] [cout] [info]   /forceset/dorsiflexors_r. bounds: [0.01, 1]
[2025-05-30 13:54:10.237] [cout] [info]   /forceset/hamstrings_l. bounds: [0.01, 1]
[2025-05-30 13:54:10.237] [cout] [info]   /forceset/elbow_flexion_l_torque. bounds: [-inf, inf]
[2025-05-30 13:54:10.237] [cout] [info]   /forceset/bifemsh_l. bounds: [0.01, 1]
[2025-05-30 13:54:10.237] [cout] [info]   /forceset/glut_max_l. bounds: [0.01, 1]
[2025-05-30 13:54:10.237] [cout] [info]   /forceset/lumbar_ext_torque. bounds: [-inf, inf]
[2025-05-30 13:54:10.237] [cout] [info]   /forceset/iliopsoas_l. bounds: [0.01, 1]
[2025-05-30 13:54:10.237] [cout] [info]   /forceset/rect_fem_l. bounds: [0.01, 1]
[2025-05-30 13:54:10.237] [cout] [info]   /forceset/gastroc_l. bounds: [0.01, 1]
[2025-05-30 13:54:10.238] [cout] [info]   /forceset/vasti_l. bounds: [0.01, 1]
[2025-05-30 13:54:10.238] [cout] [info]   /forceset/soleus_l. bounds: [0.01, 1]
[2025-05-30 13:54:10.238] [cout] [info]   /forceset/dorsiflexors_l. bounds: [0.01, 1]
[2025-05-30 13:54:10.238] [cout] [info]   /forceset/shoulder_flexion_r_torque. bounds: [-inf, inf]
[2025-05-30 13:54:10.238] [cout] [info]   /forceset/elbow_flexion_r_torque. bounds: [-inf, inf]
[2025-05-30 13:54:10.238] [cout] [info]   /forceset/shoulder_flexion_l_torque. bounds: [-inf, inf]
[2025-05-30 13:54:10.238] [cout] [info] Parameters: none
[2025-05-30 13:54:10.999] [info] Number of threads: 8
[2025-05-30 14:03:04.419] [info] Set log level to Info.
[2025-05-30 14:03:04.421] [info] ------------------------------------------------------------------------
[2025-05-30 14:03:04.421] [info] Elapsed real time: 534 second(s) (8 minute(s), 54 second(s)).
[2025-05-30 14:03:04.421] [info] Fri May 30 14:03:04 2025
[2025-05-30 14:03:04.421] [warning] MocoCasADiSolver did NOT succeed:
[2025-05-30 14:03:04.421] [warning]   User_Requested_Stop
[2025-05-30 14:03:04.421] [info] ========================================================================
[2025-05-30 14:03:25.211] [cout] [info] Exiting visualization.
